# https://github.com/mikedh/trimesh
mtllib material0.mtl
usemtl material0
v -0.00334975 -0.00381758 0.01335313
v -0.00334975 -0.00381758 0.01335313
v -0.00926351 -0.06129902 0.00575028
v -0.00926351 -0.06129902 0.00575028
v 0.00516937 -0.07850009 0.00446375
v -0.00541750 -0.03059297 0.01764306
v -0.00033084 -0.02416874 0.00325283
v 0.00306027 -0.08716460 0.00586206
v 0.00223317 0.09000000 0.01138295
v 0.00223317 0.09000000 0.01138295
v 0.00392872 -0.00436941 0.01150637
v 0.00392872 -0.00436941 0.01150637
v -0.00198504 -0.05578395 0.00067783
v 0.00818828 -0.03055937 0.01457956
v 0.00818828 -0.03055937 0.01457956
v 0.00864318 -0.07003008 0.01410656
v 0.00314298 -0.00567791 0.00227452
v 0.00314298 -0.00567791 0.00227452
v 0.00359788 -0.06129902 0.02016571
v 0.00318433 -0.08928340 0.01012162
v 0.00872589 -0.03374952 0.01037428
v 0.00661679 -0.07003008 0.01801848
v 0.00661679 -0.07003008 0.01801848
v -0.00397008 0.00133757 0.01186887
v -0.00223317 -0.00382986 0.01457503
v -0.00306027 -0.00381758 0.00809329
v -0.00306027 -0.00381758 0.00809329
v 0.00417685 -0.00382986 0.00987931
v -0.00471446 -0.07850009 0.00387444
v -0.00343246 -0.08854482 0.00799572
v -0.00584591 -0.08719949 0.01117230
v 0.00391386 0.00146745 0.00994328
v -0.00154500 -0.07003008 0.00181057
v -0.00534965 -0.05186686 0.00223834
v -0.00448120 -0.08854482 0.01127310
v 0.00697412 -0.06129902 0.01885398
v 0.00697412 -0.06129902 0.01885398
v 0.00403792 0.00133757 0.01152317
v 0.00403792 0.00133757 0.01152317
v -0.00228938 0.06733813 0.00950905
v -0.00228938 0.06733813 0.00950905
v 0.00283863 -0.07003008 0.00159540
v 0.00283863 -0.07003008 0.00159540
v -0.00770688 -0.03052512 0.00621875
v -0.00679707 -0.01999576 0.00842219
v -0.00171041 -0.04728680 0.00138410
v 0.00296269 -0.08157393 0.01853089
v 0.00296269 -0.08157393 0.01853089
v 0.00212073 0.00133757 0.00740706
v 0.00679384 -0.03374952 0.00539747
v -0.00329676 0.00133757 0.01331436
v -0.00371031 -0.05578395 0.00134791
v -0.00201476 -0.02752883 0.00265189
v 0.00265835 0.02246478 0.01025021
v 0.00017705 -0.00382921 0.01501249
v 0.00017705 -0.00382921 0.01501249
v -0.01040982 -0.05578395 0.01116519
v 0.00187260 -0.06129902 0.02083514
v -0.00065005 0.02246478 0.00824127
v 0.00575997 -0.01500991 0.01618271
v 0.00745552 -0.08323459 0.01361741
v 0.00745552 -0.08323459 0.01361741
v -0.00863155 -0.02991126 0.00956721
v -0.00267644 -0.01500991 0.01824335
v 0.00538777 -0.00899276 0.01825563
v 0.00836533 -0.02990609 0.01395536
v 0.00836533 -0.02990609 0.01395536
v 0.00245157 -0.08719949 0.01621308
v -0.00854884 -0.03059297 0.00958013
v 0.00290648 -0.02752883 0.00292328
v -0.00259373 -0.08951731 0.01049899
v 0.00207938 0.06621703 0.01122076
v 0.00207938 0.06621703 0.01122076
v -0.00594348 -0.04728680 0.01829698
v -0.00798474 -0.03769116 0.00604945
v -0.00798474 -0.03769116 0.00604945
v 0.00897079 -0.03374952 0.00870845
v 0.00897079 -0.03374952 0.00870845
v 0.00007948 -0.03769116 0.00159346
v 0.00007948 -0.03769116 0.00159346
v 0.00181639 0.08378448 0.00956850
v 0.00181639 0.08378448 0.00956850
v 0.00181639 0.06538864 0.00956850
v 0.00016219 -0.04728680 0.02101607
v 0.00016219 -0.04728680 0.02101607
v -0.00786067 -0.05578395 0.01772900
v 0.00909486 -0.04728680 0.01417635
v 0.00533156 -0.01999576 0.01578919
v 0.00702711 -0.01999576 0.00918338
v -0.00269130 -0.00436941 0.01383323
v -0.00140930 -0.03374952 0.02002613
v 0.00706847 -0.04230417 0.01738265
v -0.00351840 -0.00382921 0.00876208
v -0.00351840 -0.00382921 0.00876208
v -0.00182285 -0.00419107 0.00698769
v -0.00182285 -0.00419107 0.00698769
v 0.00541427 -0.03769116 0.00415940
v -0.00769525 -0.02752883 0.01448392
v 0.00756472 -0.02416874 0.01206724
v 0.00756472 -0.02416874 0.01206724
v -0.00343569 -0.04728680 0.00205418
v 0.00293297 -0.00436941 0.01359027
v -0.00169878 0.06621703 0.01214349
v -0.00374004 -0.00436941 0.00953619
v 0.00349708 -0.08025509 0.00319725
v 0.00349708 -0.08025509 0.00319725
v -0.00154823 -0.04728680 0.02092237
v 0.00862509 -0.00567791 0.01404324
v 0.00862509 -0.00567791 0.01404324
v 0.00440689 -0.02752883 0.00364376
v -0.00109332 0.06621703 0.01269855
v 0.00238049 0.00146745 0.01415050
v 0.00705360 -0.04230417 0.00507374
v -0.00733792 -0.07851043 0.01559340
v -0.00733792 -0.07851043 0.01559340
v -0.00771011 -0.08323459 0.01278256
v -0.00771011 -0.08323459 0.01278256
v 0.00039546 -0.00567791 0.02007137
v 0.00039546 -0.00567791 0.02007137
v -0.00549181 -0.08719949 0.00887645
v -0.00631891 -0.03769116 0.00407799
v -0.00631891 -0.03769116 0.00407799
v -0.00292780 -0.07850009 0.01913636
v -0.00292780 -0.07850009 0.01913636
v -0.00545045 -0.03055937 0.00373228
v -0.00545045 -0.03055937 0.00373228
v -0.00499555 -0.07003008 0.00315008
v -0.00875885 -0.03052512 0.01303844
v 0.00989223 -0.05186686 0.01242716
v -0.00789040 -0.05186686 0.00366314
v -0.00023973 -0.05578395 0.00000000
v -0.00023973 -0.05578395 0.00000000
v -0.00565723 -0.07003008 0.01794094
v 0.00832074 -0.00567791 0.00702388
v 0.00832074 -0.00567791 0.00702388
v 0.00410254 -0.00381758 0.01153286
v 0.00410254 -0.00381758 0.01153286
v 0.00410254 -0.00381758 0.01153286
v -0.00181122 0.08539862 0.00952392
v -0.00181122 0.08539862 0.00952392
v 0.00162124 -0.06129902 0.00039352
v -0.00214206 0.08539862 0.01166533
v -0.00214206 0.08539862 0.01166533
v -0.00805581 -0.05578395 0.00351065
v 0.00892621 -0.07003008 0.01227790
v -0.00926997 -0.05578395 0.01659626
v -0.00926997 -0.05578395 0.01659626
v 0.00388090 -0.08130448 0.01816322
v 0.00388090 -0.08130448 0.01816322
v 0.00305380 -0.01999576 0.01745696
v -0.00625106 -0.03374952 0.00416134
v -0.00625106 -0.03374952 0.00416134
v -0.00496906 -0.04230417 0.00321729
v -0.00323215 -0.02416874 0.00396167
v 0.00065522 -0.00382986 0.00664975
v 0.00404632 -0.00629694 0.01152446
v 0.00404632 -0.00629694 0.01152446
v 0.00280567 -0.00381758 0.00783999
v 0.00280567 -0.00381758 0.00783999
v 0.00789233 -0.03374952 0.01569420
v 0.00789233 -0.03374952 0.01569420
v 0.00330193 -0.00629694 0.00848035
v -0.00050272 0.06621703 0.00884350
v 0.00036573 -0.02752883 0.01938126
v -0.00426602 -0.00419107 0.01024117
v -0.00426602 -0.00419107 0.01024117
v 0.00171558 -0.01999576 0.01792737
v 0.00088849 -0.08721371 0.00514094
v -0.00163417 -0.05186686 0.02148067
v 0.00134339 0.06733813 0.01273474
v 0.00134339 0.06733813 0.01273474
v 0.00771205 -0.05186686 0.00425439
v 0.00390740 -0.03374952 0.00307965
v 0.00179829 0.06621703 0.01199229
v 0.00858051 -0.07852077 0.00941730
v 0.00858051 -0.07852077 0.00941730
v -0.00241991 -0.00629694 0.00759703
v -0.00155146 -0.08951731 0.00878211
v 0.00312165 -0.00899276 0.00233332
v -0.00320565 -0.04728680 0.02049590
v -0.00320565 -0.04728680 0.02049590
v 0.00018545 -0.00419107 0.01521087
v 0.00018545 -0.00419107 0.01521087
v -0.00018674 -0.00419107 0.00658836
v -0.00018674 -0.00419107 0.00658836
v -0.00312294 -0.00899276 0.01946590
v 0.00155016 -0.08951731 0.01301712
v 0.00833238 -0.08088511 0.01053970
v 0.00833238 -0.08088511 0.01053970
v 0.00241862 -0.00629694 0.01420219
v -0.00390869 -0.03374952 0.01871958
v -0.00134468 0.06733813 0.00906449
v -0.00134468 0.06733813 0.00906449
v 0.00163287 -0.05186686 0.00031856
v -0.00088978 -0.08721371 0.01665829
v -0.00171688 -0.01999576 0.00387186
v -0.00254398 -0.08823531 0.01508680
v -0.00036703 -0.02752883 0.00241797
v -0.00330323 -0.00629694 0.01331888
v 0.00856564 -0.00899276 0.01402191
v -0.00065651 -0.00382986 0.01514948
v -0.00826582 -0.00899276 0.01474885
v 0.00496776 -0.04230417 0.01858194
v -0.00644620 -0.07852077 0.00498779
v -0.00305510 -0.01999576 0.00434227
v 0.00372711 -0.07850009 0.00330452
v -0.00429575 -0.00382986 0.01108506
v 0.00214076 0.08539862 0.01013390
v 0.00214076 0.08539862 0.01013390
v 0.00640032 -0.02962501 0.00482754
v 0.00640032 -0.02962501 0.00482754
v -0.00460009 -0.02962824 0.01847080
v -0.00460009 -0.02962824 0.01847080
v -0.00290454 -0.08854482 0.01433143
v -0.00162254 -0.06129902 0.02140571
v 0.00515968 -0.04728680 0.01907497
v 0.00180993 0.08539862 0.01227531
v 0.00180993 0.08539862 0.01227531
v -0.00410383 -0.00381758 0.01026637
v -0.00410383 -0.00381758 0.01026637
v 0.00565594 -0.07003008 0.00385829
v -0.00956269 -0.05578395 0.00568114
v -0.00956269 -0.05578395 0.00568114
v -0.00869423 -0.04230417 0.01494917
v 0.00023844 -0.05578395 0.02179923
v 0.00023844 -0.05578395 0.02179923
v 0.00917111 -0.00567791 0.01050351
v 0.00917111 -0.00567791 0.01050351
v 0.00706200 -0.08545936 0.01059462
v 0.00549052 -0.08719949 0.01292278
v 0.00846807 -0.03769116 0.00695539
v 0.00846807 -0.07459464 0.01220682
v -0.00039675 -0.00567791 0.00172786
v -0.00039675 -0.00567791 0.00172786
v 0.00766747 -0.06129902 0.00430931
v -0.00966026 -0.04728680 0.01128085
v -0.00626915 -0.05186686 0.01870342
v -0.00664135 -0.04728680 0.00329935
v -0.00664135 -0.04728680 0.00329935
v -0.00238179 0.00146745 0.00764873
v 0.00270487 0.02246478 0.01131704
v 0.00270487 0.02246478 0.01131704
v 0.00783289 -0.06129902 0.01808439
v 0.00109203 0.06621703 0.00910067
v -0.00440818 -0.02752883 0.01815547
v 0.00154693 -0.04728680 0.00087685
v -0.00734438 -0.01500991 0.00822317
v -0.00349837 -0.08025509 0.01860197
v -0.00349837 -0.08025509 0.01860197
v 0.00837050 -0.03374952 0.00700126
v 0.00795695 -0.07459464 0.01552038
v 0.00795695 -0.07459464 0.01552038
v 0.00543430 -0.05578395 0.01978188
v 0.01017526 -0.05186686 0.01059785
v -0.00293426 -0.00436941 0.00820896
v 0.00343440 -0.04728680 0.01974505
v 0.00984442 -0.05578395 0.01429201
v 0.00182156 -0.00419107 0.01481153
v 0.00182156 -0.00419107 0.01481153
v 0.00269001 -0.00436941 0.00796600
v -0.00702840 -0.01999576 0.01261584
v -0.00913751 -0.04230417 0.01136163
v -0.00698705 -0.08545936 0.00982115
v -0.00909615 -0.04728680 0.00762288
v -0.00016348 -0.04728680 0.00078316
v -0.00016348 -0.04728680 0.00078316
v 0.00620518 -0.00567791 0.00413420
v 0.00620518 -0.00567791 0.00413420
v -0.00818634 -0.07459464 0.00776310
v -0.00181768 0.08378448 0.01223073
v -0.00181768 0.08378448 0.01223073
v -0.00181768 0.06538864 0.01223073
v 0.00326898 -0.07003008 0.01931922
v -0.00558098 -0.07851043 0.00421174
v -0.00558098 -0.07851043 0.00421174
v 0.00670144 -0.08027254 0.00578517
v 0.00670144 -0.08027254 0.00578517
v 0.00798344 -0.03769116 0.01574977
v 0.00798344 -0.03769116 0.01574977
v -0.00934428 -0.05578395 0.00522429
v -0.00208067 0.06621703 0.01057847
v -0.00290777 -0.02752883 0.01887595
v -0.00414842 -0.08854482 0.01263329
v -0.00245287 -0.08719949 0.00558615
v -0.00497552 -0.05578395 0.02004746
v -0.00538907 -0.00899276 0.00354360
v -0.00745681 -0.08323459 0.00818182
v -0.00745681 -0.08323459 0.00818182
v 0.00482561 -0.05186686 0.00193657
v 0.00064876 0.02246478 0.01355796
v -0.00187390 -0.06129902 0.00096409
v -0.00017834 -0.00382921 0.00678673
v -0.00017834 -0.00382921 0.00678673
v -0.00398300 0.00146745 0.01028446
v 0.00792723 -0.07852077 0.00720675
v 0.00201347 -0.02752883 0.01914734
v -0.00857340 -0.04230417 0.00770365
v 0.00329547 0.00133757 0.00848487
v -0.00551313 -0.02952162 0.01776130
v -0.00551313 -0.02952162 0.01776130
v -0.00212203 0.00133757 0.01439217
v -0.00296399 -0.08003927 0.00326833
v -0.00296399 -0.08157393 0.00326833
v -0.00296399 -0.08157393 0.00326833
v 0.00170912 -0.04728680 0.02041513
v -0.00970484 -0.05186686 0.01541958
v -0.00631374 -0.04230417 0.00373939
v -0.00631374 -0.04230417 0.00373939
v 0.00770559 -0.03052512 0.01558048
v -0.00709948 -0.07003008 0.01678171
v -0.00283992 -0.07003008 0.02020383
v -0.00283992 -0.07003008 0.02020383
v -0.00664458 -0.03052512 0.00480557
v 0.00228809 0.06733813 0.01229017
v 0.00228809 0.06733813 0.01229017
v -0.00403922 0.00133757 0.01027606
v 0.00154370 -0.07003008 0.01998866
v -0.00391515 0.00146745 0.01185595
v -0.00891910 -0.00567791 0.01307786
v -0.00891910 -0.00567791 0.01307786
v -0.00719705 -0.07003267 0.00429962
v 0.00512672 -0.08003927 0.00451738
v 0.00512672 -0.08157393 0.00451738
v 0.00512672 -0.08157393 0.00451738
v 0.00471317 -0.07850009 0.01792479
v -0.00417814 -0.00382986 0.01191992
v -0.00417814 -0.08545936 0.00519586
v 0.00305897 -0.00381758 0.01370593
v 0.00305897 -0.00381758 0.01370593
v 0.00223187 -0.00382986 0.00722419
v 0.00520943 -0.08545936 0.01567805
v 0.00396878 0.00133757 0.00993036
v -0.00661808 -0.07003008 0.00378075
v -0.00661808 -0.07003008 0.00378075
v -0.00194497 0.06733813 0.00971906
v -0.00194497 0.06733813 0.00971906
v -0.00318562 -0.08928340 0.01167760
v -0.00314427 -0.00567791 0.01952471
v -0.00314427 -0.00567791 0.01952471
v 0.00198375 -0.05578395 0.02112139
v -0.00393001 -0.00436941 0.01029286
v -0.00223446 0.09000000 0.01041628
v -0.00223446 0.09000000 0.01041628
v 0.00032955 -0.02416874 0.01854640
v 0.00926222 -0.06129902 0.01604895
v 0.00926222 -0.06129902 0.01604895
v 0.00334846 -0.00381758 0.00844610
v 0.00334846 -0.00381758 0.00844610
v -0.00426085 -0.08864110 0.01024181
v 0.00891651 -0.03055937 0.00986057
v 0.00891651 -0.03055937 0.00986057
v -0.00419300 -0.00419107 0.01192379
v -0.00419300 -0.00419107 0.01192379
v -0.01010676 -0.06129902 0.01121171
v 0.00684877 -0.02752883 0.00588274
v 0.00854432 -0.03769116 0.01221910
v -0.00030564 -0.08545936 0.00383696
v 0.00138991 0.06733813 0.00861088
v 0.00138991 0.06733813 0.00861088
v -0.00961050 -0.05186686 0.00754340
v -0.00452384 -0.02416874 0.00472480
v 0.00316818 -0.00382986 0.01380609
v 0.00362308 -0.05186686 0.02023097
v 0.00875109 -0.07459464 0.01037815
v -0.00183577 0.06733813 0.01224365
v -0.00183577 0.06733813 0.01224365
v -0.00564043 -0.02416874 0.00572637
v -0.00262152 -0.02416874 0.01809085
v -0.00427571 -0.01999576 0.00506340
v 0.00298790 -0.07850009 0.01859487
v 0.00344280 -0.08721371 0.01560051
v 0.00133370 -0.07852077 0.00225578
v 0.00137505 -0.03052512 0.00198891
v -0.00792981 -0.08323459 0.01124208
v -0.00792981 -0.08323459 0.01124208
v -0.00532445 -0.06129902 0.00230360
v -0.00573800 -0.02752883 0.01715584
v 0.00273977 0.00265770 0.00889261
v -0.00784710 -0.00567791 0.00613346
v -0.00784710 -0.00567791 0.00613346
v 0.00910843 -0.00899276 0.01050610
v -0.00147844 -0.00419107 0.01495434
v -0.00147844 -0.00419107 0.01495434
v 0.00360822 -0.00436941 0.00921892
v -0.00528309 -0.01500991 0.01665958
v 0.00914978 -0.05186686 0.01645798
v -0.00180928 0.06621703 0.00980112
v 0.00158183 0.06733813 0.01306041
v 0.00158183 0.06733813 0.01306041
v 0.00422854 -0.00382986 0.01155225
v -0.00041807 0.02246478 0.01360449
v -0.00844093 -0.07850009 0.01146889
v 0.00260084 0.06733813 0.01026443
v 0.00260084 0.06733813 0.01026443
v 0.00218729 0.08452241 0.01036523
v 0.00218729 0.06538864 0.01036523
v 0.00346929 -0.00382986 0.00835822
v -0.00835822 -0.07004042 0.00585560
v -0.00835822 -0.07004042 0.00585560
v 0.00901086 -0.00899276 0.01229082
v 0.00901086 -0.00899276 0.01229082
v 0.00181509 -0.02416874 0.01833575
v 0.00181509 -0.00382986 0.01479732
v 0.00735666 -0.03055937 0.00570957
v 0.00735666 -0.03055937 0.00570957
v -0.01038462 -0.06129902 0.01301582
v -0.01038462 -0.06129902 0.01301582
v 0.00189780 -0.05186686 0.02090105
v -0.00740706 -0.00567791 0.01632487
v -0.00740706 -0.00567791 0.01632487
v 0.00065716 -0.08864110 0.00663941
v -0.00141059 -0.00382921 0.01476759
v -0.00141059 -0.00382921 0.01476759
v -0.00476034 -0.08823531 0.01206208
v -0.00517389 -0.02416874 0.01654004
v -0.00347834 -0.08864110 0.01344682
v 0.00839053 -0.02752883 0.01219519
v 0.00839053 -0.02752883 0.01219519
v 0.00247677 -0.01999576 0.00410319
v 0.00719124 -0.02416874 0.01352048
v 0.00932683 -0.05185975 0.01608578
v 0.00932683 -0.05185975 0.01608578
v -0.00882799 -0.03769116 0.01140944
v 0.00982309 -0.06129902 0.01241618
v 0.01069155 -0.05578395 0.00880796
v 0.01069155 -0.05578395 0.00880796
v -0.00787683 -0.07850009 0.00781092
v -0.00531282 -0.08719949 0.01335183
v -0.00783547 -0.08088511 0.00804354
v -0.00783547 -0.08088511 0.00804354
v 0.00192430 0.08452241 0.01206918
v 0.00192430 0.06538864 0.01206918
v -0.00907612 -0.03769116 0.01311598
v -0.00907612 -0.03769116 0.01311598
v -0.00948967 -0.07004042 0.01318835
v -0.00948967 -0.07004042 0.01318835
v 0.00622521 -0.06129902 0.00315073
v 0.00242056 -0.08545936 0.00425762
v 0.00031145 -0.01999576 0.01812704
v -0.00688431 -0.03769116 0.00458523
v -0.00349320 0.00133757 0.00877823
v 0.00117991 0.06733813 0.00895593
v 0.00117991 0.06733813 0.00895593
v -0.00725650 -0.02752883 0.00649208
v 0.00126262 -0.07850009 0.01926494
v -0.00254204 -0.00382986 0.00743032
v 0.00339821 -0.00436941 0.01296413
v -0.00210199 -0.02962824 0.00229391
v -0.00210199 -0.02962824 0.00229391
v -0.00503820 -0.08716460 0.00783935
v -0.00375619 -0.01999576 0.01708282
v 0.00133047 0.08378448 0.01271665
v 0.00133047 0.08378448 0.01271665
v 0.00133047 0.06538864 0.01271665
v -0.00077864 -0.08928340 0.00771464
v 0.00348092 -0.00419107 0.00834918
v 0.00348092 -0.00419107 0.00834918
v -0.00450058 -0.04728680 0.01945621
v 0.00186808 -0.08130448 0.01894509
v 0.00186808 -0.08130448 0.01894509
v -0.00743678 -0.02416874 0.01271535
v 0.00654119 -0.02416874 0.01487357
v -0.00235012 -0.00436941 0.00769202
v 0.00062743 -0.00382921 0.00683067
v 0.00062743 -0.00382921 0.00683067
v -0.00904963 -0.06129902 0.01638044
v -0.00904963 -0.06129902 0.01638044
v -0.00098541 -0.00381758 0.00686621
v -0.00098541 -0.00381758 0.00686621
v -0.00139896 -0.08716460 0.00517325
v -0.00094406 -0.00436941 0.00703680
v 0.00542461 -0.00567791 0.01830603
v 0.00542461 -0.00567791 0.01830603
v 0.00885707 -0.00899276 0.00873623
v 0.00335686 0.00265770 0.01141784
v 0.00335686 0.00265770 0.01141784
v 0.00844352 -0.03374952 0.01220294
v -0.00844416 -0.03374952 0.00959629
v -0.00335750 0.00265770 0.01038138
v -0.00542525 -0.00567791 0.00349320
v -0.00542525 -0.00567791 0.00349320
v 0.00685717 -0.03769116 0.00531799
v 0.00222541 0.08452241 0.01124338
v 0.00222541 0.06538864 0.01124338
v 0.00904898 -0.06129902 0.00541879
v 0.00904898 -0.06129902 0.00541879
v 0.00780833 -0.01500991 0.01056231
v -0.00654184 -0.02416874 0.00692566
v -0.00397783 -0.00629694 0.01187081
v -0.00397783 -0.00436941 0.01107150
v -0.00228228 0.08504581 0.01054745
v -0.00224092 -0.00419107 0.01458796
v -0.00224092 -0.00419107 0.01458796
v 0.00375555 -0.01999576 0.00471640
v 0.00503755 -0.08716460 0.01395988
v -0.00298531 -0.08545936 0.00449089
v -0.00339886 -0.00436941 0.00883510
v 0.00299630 -0.04230417 0.00181445
v 0.00299630 -0.04230417 0.00181445
v -0.00291746 -0.00419107 0.01408007
v -0.00291746 -0.00419107 0.01408007
v 0.00936496 -0.04230417 0.00895916
v 0.00936496 -0.04230417 0.00895916
v 0.00473320 -0.00899276 0.00310614
v 0.00688366 -0.03769116 0.01721400
v -0.00200765 0.00265770 0.00815920
v -0.00622586 -0.06129902 0.01864850
v 0.00142481 -0.03769116 0.00166712
v 0.00101126 -0.08025509 0.01929855
v 0.00101126 -0.08025509 0.01929855
v 0.00948902 -0.07004042 0.00861088
v 0.00948902 -0.07004042 0.00861088
v 0.00018416 -0.00382986 0.01517468
v 0.00783482 -0.08088511 0.01375569
v 0.00783482 -0.08088511 0.01375569
v 0.00572572 -0.08716460 0.00950130
v -0.00188359 -0.08323459 0.00318950
v -0.00188359 -0.08323459 0.00318950
v -0.00051888 0.00265770 0.01425647
v 0.00589114 -0.08130448 0.00514481
v 0.00589114 -0.08130448 0.00514481
v -0.00932748 -0.05185975 0.00571344
v -0.00932748 -0.05185975 0.00571344
v -0.00719188 -0.02416874 0.00827874
v -0.00421433 -0.07003008 0.01910017
v -0.00334587 -0.06129902 0.02096244
v -0.00334587 -0.06129902 0.02096244
v -0.00839118 -0.02752883 0.00960404
v 0.00475970 -0.08823531 0.00973715
v 0.00397395 -0.03059297 0.00299694
v 0.00062420 -0.00629694 0.00685329
v 0.00740641 -0.00567791 0.00547436
v 0.00740641 -0.00567791 0.00547436
v -0.00735730 -0.03055937 0.01608966
v -0.00735730 -0.03055937 0.01608966
v -0.00901150 -0.00899276 0.00950841
v 0.00835758 -0.07004042 0.01594363
v 0.00835758 -0.07004042 0.01594363
v 0.00116182 -0.08823531 0.01565931
v -0.00686104 -0.03059297 0.01648447
v -0.00346994 -0.00382986 0.01344100
v 0.00161672 0.02246478 0.01310758
v 0.00844029 -0.07850009 0.01033034
v -0.00422919 -0.00382986 0.01024698
v -0.00418783 -0.08823531 0.00835628
v -0.00799249 -0.03374952 0.01543961
v -0.00799249 -0.03374952 0.01543961
v 0.00015443 -0.06129902 0.02150263
v 0.00015443 -0.06129902 0.02150263
v 0.00528245 -0.01500991 0.00513964
v -0.00360887 -0.00436941 0.01258030
v -0.00910907 -0.00899276 0.01129313
v 0.00573735 -0.02752883 0.00464339
v 0.00280115 -0.08928340 0.01260163
v 0.00366961 -0.08545936 0.00485727
v -0.00431190 -0.00419107 0.01108571
v -0.00431190 -0.00419107 0.01108571
v -0.00344345 -0.08721371 0.00619872
v -0.00216144 0.06733813 0.01248209
v -0.00216144 0.06733813 0.01248209
v 0.00175242 -0.00381758 0.01466291
v 0.00175242 -0.00381758 0.01466291
v 0.00262087 -0.02416874 0.00370838
v 0.00220732 0.02246478 0.00928225
v 0.00009822 -0.07003008 0.00117215
v 0.00009822 -0.07003008 0.00117215
v 0.00563978 -0.02416874 0.01607286
v -0.00325153 0.00146745 0.01328075
v -0.00875174 -0.07459464 0.01142107
v 0.00907224 -0.00567791 0.01230051
v 0.00907224 -0.00567791 0.01230051
v 0.00907224 -0.00567791 0.01230051
v -0.00362373 -0.05186686 0.00156826
v 0.00146293 -0.04230417 0.00142028
v -0.00990968 -0.05578395 0.01551457
v 0.00535030 -0.03374952 0.00423824
v 0.00452320 -0.02416874 0.01707442
v 0.00960986 -0.05186686 0.01425583
v 0.00241410 0.00133757 0.01419573
v -0.00349966 -0.00629694 0.00877371
v -0.00432676 -0.08719949 0.00695926
v 0.00034635 0.06733813 0.00865158
v 0.00034635 0.06733813 0.00865158
v -0.00684941 -0.02752883 0.01591649
v -0.00891716 -0.03055937 0.01193866
v -0.00891716 -0.03055937 0.01193866
v 0.00426021 -0.08864110 0.01155742
v 0.00053826 0.06733813 0.01310693
v 0.00053826 0.06733813 0.01310693
v 0.00227517 0.09000000 0.01111220
v 0.00227517 0.09000000 0.01111220
v 0.00273007 -0.03769116 0.00200248
v 0.00273007 -0.03769116 0.00200248
v 0.00148942 -0.07003267 0.00124840
v -0.00016477 -0.05186686 0.00022487
v -0.00016477 -0.05186686 0.00022487
v -0.00140542 -0.03769116 0.00216984
v -0.00521008 -0.08545936 0.00612118
v -0.00136407 -0.00436941 0.01463965
v 0.00417750 -0.08545936 0.01660337
v 0.00037284 -0.08854482 0.01538016
v -0.00512737 -0.08003927 0.01728185
v -0.00512737 -0.08157393 0.01728185
v -0.00512737 -0.08157393 0.01728185
v 0.00335040 -0.08323459 0.01809408
v 0.00335040 -0.08323459 0.01809408
v 0.00719641 -0.07003267 0.01749961
v 0.00254979 -0.00419107 0.01438118
v 0.00254979 -0.00419107 0.01438118
v 0.00891845 -0.00567791 0.00872137
v 0.00891845 -0.00567791 0.00872137
v -0.00166841 -0.05578395 0.02170359
v 0.00217760 -0.00567791 0.01981807
v 0.00217760 -0.00567791 0.01981807
v -0.00245416 -0.00381758 0.00755051
v -0.00245416 -0.00381758 0.00755051
v -0.00708591 -0.01500991 0.01419961
v 0.00101966 -0.00382986 0.01507711
v 0.00060611 -0.00436941 0.00697025
v 0.00358366 -0.02752883 0.01859551
v 0.00784322 -0.08323459 0.01211054
v 0.00784322 -0.08323459 0.01211054
v 0.00784322 -0.08323459 0.01211054
v 0.00664393 -0.03052512 0.01699365
v 0.00709884 -0.07003008 0.00501752
v 0.00631309 -0.04230417 0.01805984
v 0.00631309 -0.04230417 0.01805984
v 0.00970420 -0.05186686 0.00637965
v -0.00129622 -0.02752883 0.01929015
v 0.00296334 -0.08003927 0.01853089
v 0.00931714 -0.04230417 0.00862380
v 0.00551249 -0.02952162 0.00403792
v 0.00551249 -0.02952162 0.00403792
v -0.00040127 -0.08951731 0.01349334
v -0.00461948 -0.01500991 0.00459363
v 0.00216273 -0.00899276 0.01975733
v 0.00857275 -0.04230417 0.01409558
v -0.00792787 -0.07852077 0.01459248
v -0.00110431 -0.01999576 0.01804950
v 0.00398235 0.00146745 0.01151477
v 0.00398235 0.00146745 0.01151477
v -0.00404051 -0.00382986 0.00942699
v -0.00908581 -0.06129902 0.00538067
v -0.00482625 -0.05186686 0.01986265
v -0.00313070 -0.03769116 0.00283992
v 0.00497487 -0.05578395 0.00175177
v -0.00561200 -0.04230417 0.01788472
v 0.00414777 -0.08854482 0.00916594
v 0.00034312 0.06538864 0.00867355
v 0.00034312 0.08181818 0.00867355
v 0.00034312 0.08181818 0.00867355
v 0.00501623 -0.02752883 0.01774838
v 0.00934363 -0.05578395 0.01657493
v -0.00670209 -0.08027254 0.01601406
v -0.00670209 -0.08027254 0.01601406
v 0.00558033 -0.07851043 0.01758748
v 0.00558033 -0.07851043 0.01758748
v -0.00326963 -0.07003008 0.00248000
v 0.00818570 -0.07459464 0.01403613
v -0.00620583 -0.00567791 0.01766502
v -0.00620583 -0.00567791 0.01766502
v -0.00405537 -0.00419107 0.00942182
v -0.00405537 -0.00419107 0.00942182
v -0.00318692 -0.02952162 0.00269453
v -0.00318692 -0.02952162 0.00269453
v 0.00698640 -0.08545936 0.01197807
v 0.00913686 -0.04230417 0.01043760
v -0.00397266 -0.03769116 0.01879906
v -0.00984506 -0.05578395 0.00750722
v -0.00008529 -0.03374952 0.02009851
v -0.00008529 -0.03374952 0.02009851
v -0.00419430 -0.00381758 0.01108054
v -0.00419430 -0.00381758 0.01108054
v -0.00543494 -0.05578395 0.00201735
v -0.00584849 -0.08323459 0.00553510
v -0.00584849 -0.08323459 0.00553510
v -0.00795760 -0.07459464 0.00627884
v -0.00795760 -0.07459464 0.00627884
v -0.00837115 -0.03374952 0.01479796
v 0.00391127 -0.00419107 0.00907741
v 0.00391127 -0.00419107 0.00907741
v 0.00734373 -0.01500991 0.01357605
v 0.00738509 -0.04728680 0.00466083
v -0.00783353 -0.06129902 0.00371484
v -0.00485598 -0.03769116 0.00351000
v -0.00270552 0.02246478 0.01048219
v 0.00027204 -0.08719949 0.01674488
v 0.00664070 -0.04728680 0.01849988
v 0.00664070 -0.04728680 0.01849988
v 0.00626851 -0.05186686 0.00309581
v 0.00965961 -0.04728680 0.01051837
v -0.00386346 -0.00436941 0.01184302
v -0.00766811 -0.06129902 0.01748991
v 0.00209166 0.00146745 0.00745552
v 0.00676477 -0.00567791 0.01710479
v 0.00676477 -0.00567791 0.01710479
v -0.00212655 -0.00629694 0.01439863
v -0.00846872 -0.03769116 0.01484384
v -0.00846872 -0.07459464 0.00959241
v -0.00032179 0.06621703 0.01297964
v 0.00224221 0.08504581 0.01035166
v -0.00706265 -0.08545936 0.01120461
v -0.00917175 -0.00567791 0.01129572
v -0.00917175 -0.00567791 0.01129572
v 0.00484758 -0.08027254 0.01779749
v 0.00484758 -0.08027254 0.01779749
v 0.00869359 -0.04230417 0.00685006
v 0.00488893 -0.01999576 0.00556806
v 0.00956204 -0.05578395 0.01611809
v 0.00956204 -0.05578395 0.01611809
v -0.00102483 -0.00419107 0.00670726
v -0.00102483 -0.00419107 0.00670726
v -0.00693859 -0.02416874 0.01413112
v 0.00116698 -0.02416874 0.00333489
v -0.00516032 -0.04728680 0.00272426
v -0.00937853 -0.04728680 0.00945154
v 0.00290389 -0.08854482 0.00746780
v 0.00459945 -0.02962824 0.00332843
v 0.00459945 -0.02962824 0.00332843
v -0.00640097 -0.02962501 0.01697168
v -0.00640097 -0.02962501 0.01697168
v -0.00885577 -0.04230417 0.00953232
v 0.00429510 -0.00382986 0.01071416
v -0.00372776 -0.07850009 0.01849471
v 0.00644556 -0.07852077 0.01681143
v 0.00140025 -0.00567791 0.00182673
v 0.00140025 -0.00567791 0.00182673
v 0.00735537 -0.00899276 0.00551119
v 0.00061451 0.00146745 0.00691726
v 0.00826517 -0.00899276 0.00705037
v -0.00269389 -0.03374952 0.01969594
v -0.00269389 -0.03374952 0.01969594
v 0.00367477 -0.00382986 0.01313213
v 0.01045699 -0.05185975 0.00876790
v 0.01045699 -0.05185975 0.00876790
v -0.00095698 0.00146745 0.00698511
v -0.00856629 -0.00899276 0.00777732
v 0.00797569 -0.02752883 0.01380674
v -0.00215627 -0.00381758 0.01444774
v -0.00215627 -0.00381758 0.01444774
v 0.01012615 -0.05578395 0.01246335
v 0.00040773 0.06733813 0.00825290
v 0.00040773 0.06733813 0.00825290
v 0.00254333 -0.08823531 0.00671243
v -0.00080642 0.00265770 0.00759962
v 0.00088913 -0.03055937 0.01983810
v 0.00088913 -0.03055937 0.01983810
v -0.00833302 -0.08088511 0.01125953
v -0.00833302 -0.08088511 0.01125953
v -0.01040077 -0.05186686 0.01343971
v 0.01040077 -0.05186686 0.00835952
v 0.00320501 -0.04728680 0.00130333
v 0.00320501 -0.04728680 0.00130333
v -0.00097184 -0.00629694 0.00692243
v -0.00858115 -0.07852077 0.01238193
v -0.00858115 -0.07852077 0.01238193
v -0.00771270 -0.05186686 0.01754484
v 0.00039287 -0.00899276 0.02000869
v 0.00889713 -0.02990609 0.01050868
v 0.00889713 -0.02990609 0.01050868
v 0.00170137 -0.08928340 0.00809782
v 0.00426538 -0.00419107 0.01155806
v 0.00426538 -0.00419107 0.01155806
v 0.00426538 -0.00419107 0.01155806
v -0.00119348 -0.01500991 0.01862459
v -0.01045699 -0.05185975 0.01303133
v -0.01045699 -0.05185975 0.01303133
v -0.00789298 -0.03374952 0.00610502
v -0.00789298 -0.03374952 0.00610502
v -0.00280632 -0.00381758 0.01395923
v -0.00280632 -0.00381758 0.01395923
v 0.00017124 -0.00436941 0.01487680
v -0.00404697 -0.00629694 0.01027477
v -0.00185516 -0.01500991 0.00330646
v 0.00323150 -0.02416874 0.01783755
v -0.00011825 -0.04230417 0.00133370
v -0.00011825 -0.04230417 0.00133370
v 0.00625041 -0.03374952 0.01763789
v 0.00625041 -0.03374952 0.01763789
v 0.00033666 -0.01500991 0.01870859
v -0.00388155 -0.08130448 0.00363600
v -0.00388155 -0.08130448 0.00363600
v 0.00926932 -0.05578395 0.00520297
v 0.00926932 -0.05578395 0.00520297
v -0.00892685 -0.07003008 0.00952133
v 0.00805517 -0.05578395 0.01828858
v 0.01061918 -0.05578395 0.00830588
v -0.00290389 0.00265770 0.00913621
v 0.00309257 -0.03374952 0.01886432
v -0.00832139 -0.00567791 0.01477535
v -0.00832139 -0.00567791 0.01477535
v 0.00871685 -0.02941306 0.01224559
v 0.00871685 -0.02941306 0.01224559
v 0.00871685 -0.02941306 0.01224559
v 0.00788975 -0.05186686 0.01813608
v -0.00989288 -0.05186686 0.00937207
v 0.00875820 -0.03052512 0.00876079
v 0.00329935 -0.01500991 0.01798488
v 0.00329935 0.00265770 0.01009384
v 0.00499490 -0.07003008 0.01864914
v 0.00416780 -0.04230417 0.00275527
v 0.00544981 -0.03055937 0.01806694
v 0.00544981 -0.03055937 0.01806694
v 0.00292715 -0.07850009 0.00266287
v 0.00292715 -0.07850009 0.00266287
v 0.00631826 -0.03769116 0.01772124
v 0.00631826 -0.03769116 0.01772124
v -0.00211815 -0.08951731 0.01245042
v -0.00167811 -0.08545936 0.00403146
v -0.00415940 -0.08854482 0.00919243
v 0.00770947 -0.08323459 0.00901667
v 0.00770947 -0.08323459 0.00901667
v 0.00220926 0.06733813 0.01036006
v 0.00220926 0.06733813 0.01036006
v 0.00096861 0.00133757 0.01486904
v 0.00733727 -0.07851043 0.00620583
v 0.00733727 -0.07851043 0.00620583
v -0.00705425 -0.04230417 0.01672549
v -0.00320824 -0.00436941 0.01324909
v 0.00146487 -0.00382986 0.00687978
v 0.00485598 -0.03059297 0.01829310
v -0.00233979 0.02246478 0.00947868
v -0.00655799 -0.01999576 0.01395406
v -0.00862574 -0.00567791 0.00775599
v -0.00862574 -0.00567791 0.00775599
v 0.00324313 -0.04230417 0.01925137
v 0.00030693 -0.07850009 0.01963585
v 0.00030693 -0.07850009 0.01963585
v 0.00584849 -0.08323459 0.01626413
v 0.00584849 -0.08323459 0.01626413
v 0.00373939 -0.00436941 0.01226303
v -0.00680612 -0.03374952 0.00465825
v 0.00384859 -0.00899276 0.01916479
v -0.00206516 -0.00436941 0.01429783
v -0.00756537 -0.02416874 0.00973198
v 0.00049884 0.06621703 0.01294475
v -0.00541491 -0.03769116 0.01763982
v -0.00202381 -0.08719949 0.01639078
v 0.00136730 -0.03374952 0.01953440
v 0.00351776 -0.00382921 0.01303715
v 0.00351776 -0.00382921 0.01303715
v -0.00706911 -0.04230417 0.00441658
v 0.00140865 -0.03374952 0.00177309
v -0.00533220 -0.01999576 0.00601004
v -0.00065909 -0.00419107 0.01516499
v -0.00065909 -0.00419107 0.01516499
v 0.00062291 0.00133757 0.00686104
v -0.00570440 -0.08545936 0.01507776
v 0.00107781 -0.08545936 0.00391257
v 0.00786002 -0.05578395 0.00407023
v -0.00053503 0.06538864 0.00871168
v -0.00053503 0.08232930 0.00871168
v -0.00053503 0.08232930 0.00871168
v -0.00008013 -0.03769116 0.02020577
v -0.00008013 -0.03769116 0.02020577
v -0.00897144 -0.03374952 0.01309078
v -0.00897144 -0.03374952 0.01309078
v -0.00173432 -0.08854482 0.00675184
v 0.00124323 0.06621703 0.01259775
v 0.00594284 -0.04728680 0.00350225
v 0.00259308 -0.08951731 0.01130024
v -0.00121157 -0.08323459 0.01874348
v -0.00121157 -0.08323459 0.01874348
v 0.00387509 -0.00567791 0.01922100
v 0.00387509 -0.00567791 0.01922100
v 0.00854820 -0.03059297 0.01221910
v -0.00034312 -0.08323459 0.00297045
v -0.00034312 -0.08323459 0.00297045
v -0.00117022 0.06538864 0.01282456
v -0.00117022 0.08232930 0.01282456
v -0.00117022 0.08232930 0.01282456
v -0.00836598 -0.02990609 0.00784387
v -0.00836598 -0.02990609 0.00784387
v 0.00267579 -0.01500991 0.00355588
v 0.00863091 -0.02991126 0.01223202
v 0.01032646 -0.06129902 0.00837761
v 0.00313070 -0.03059297 0.01896318
v -0.00576062 -0.01500991 0.00561652
v 0.00271715 -0.08323459 0.00344345
v 0.00271715 -0.08323459 0.00344345
v 0.00399915 -0.00382921 0.00992260
v 0.00399915 -0.00382921 0.00992260
v 0.00908581 -0.06129902 0.01641856
v 0.01040917 -0.05578395 0.01063404
v 0.00151786 -0.04230417 0.01992145
v 0.00747297 -0.04728680 0.01775420
v 0.00197276 0.08504581 0.01209826
v -0.00265899 0.02246478 0.01154902
v 0.00370967 -0.05578395 0.02045131
v 0.00205547 0.06621703 0.01039754
v -0.00344474 0.00146745 0.00880731
v -0.00427184 -0.02962501 0.00317981
v -0.00427184 -0.02962501 0.00317981
v -0.00679449 -0.03374952 0.01640176
v -0.00170783 -0.08854482 0.01505837
v -0.00168134 -0.00436941 0.00729139
v 0.00679643 -0.01999576 0.01337703
v -0.00412128 -0.08323459 0.01768312
v -0.00412128 -0.08323459 0.01768312
v 0.00816114 -0.03374952 0.01403225
v 0.00224738 0.06733813 0.01124661
v 0.00224738 0.06733813 0.01124661
v 0.00224738 0.06733813 0.01124661
v 0.00142028 0.02246478 0.00856047
v 0.00063454 0.06733813 0.01350110
v 0.00063454 0.06733813 0.01350110
v -0.00697477 -0.06129902 0.00294525
v -0.00697477 -0.06129902 0.00294525
v 0.00448055 -0.08854482 0.01052613
v 0.00534900 -0.05186686 0.01956089
v -0.00139185 -0.00899276 0.01991112
v 0.00584526 -0.08719949 0.01062693
v -0.00176405 0.00265770 0.01380286
v 0.00343181 -0.08854482 0.01380351
v -0.00376395 -0.00381758 0.01265268
v -0.00376395 -0.00381758 0.01265268
v -0.00963635 -0.06129902 0.01538727
v 0.00264607 0.06733813 0.01130799
v 0.00264607 0.06733813 0.01130799
v 0.00264607 0.06733813 0.01130799
v 0.00351452 -0.05578395 0.00057962
v 0.00351452 -0.05578395 0.00057962
v 0.00140542 -0.03059297 0.01963326
v -0.00872654 -0.03374952 0.01142495
v -0.00359853 -0.06129902 0.00163352
v 0.00194304 0.06733813 0.01208017
v 0.00194304 0.06733813 0.01208017
v -0.00864383 -0.07003008 0.00769267
v -0.00818893 -0.03055937 0.00721967
v -0.00818893 -0.03055937 0.00721967
v -0.00140671 -0.03059297 0.00216597
v -0.00351582 -0.05578395 0.02121961
v -0.00351582 -0.05578395 0.02121961
v -0.00264736 0.06733813 0.01049123
v -0.00264736 0.06733813 0.01049123
v 0.00963506 -0.06129902 0.00641196
v -0.00306091 -0.08716460 0.01593716
v 0.00541685 -0.03059297 0.00415617
v -0.00517001 -0.07850009 0.01733548
v 0.00376265 -0.00381758 0.00914655
v 0.00376265 -0.00381758 0.00914655
v -0.00000065 -0.09000000 0.01089961
v 0.00176275 0.00265770 0.00799637
v 0.00139056 -0.00899276 0.00188811
v 0.00478167 -0.06129902 0.00199150
v 0.00817277 -0.03052512 0.00709302
v 0.00990968 -0.04728680 0.00890165
v 0.00990968 -0.04728680 0.00890165
v -0.00063583 0.06733813 0.00829813
v -0.00063583 0.06733813 0.00829813
v -0.00142158 0.02246478 0.01323875
v -0.00394423 -0.00381758 0.00946188
v -0.00394423 -0.00381758 0.00946188
v -0.00224868 0.06733813 0.01055262
v -0.00224868 0.06733813 0.01055262
v -0.00816243 -0.03374952 0.00776698
v 0.00411999 -0.08323459 0.00411611
v 0.00411999 -0.08323459 0.00411611
v 0.00168004 -0.00436941 0.01450783
v 0.00337560 -0.05186686 0.00077088
v 0.00337560 -0.05186686 0.00077088
v 0.00170654 -0.08854482 0.00674086
v 0.00170654 0.06621703 0.00964927
v 0.00427054 -0.02962501 0.01861942
v 0.00427054 -0.02962501 0.01861942
v 0.00344345 0.00146745 0.01299192
v -0.00205676 0.06621703 0.01140169
v 0.00815791 -0.07850009 0.01215900
v 0.00393971 -0.08719949 0.00657350
v -0.00536516 -0.08323459 0.01674875
v -0.00536516 -0.08323459 0.01674875
v -0.00197405 0.08504581 0.00970097
v -0.00747426 -0.04728680 0.00404503
v -0.00151915 -0.04230417 0.00187777
v -0.00954201 -0.06129902 0.00755374
v -0.00400045 -0.00382921 0.01187662
v -0.00400045 -0.00382921 0.01187662
v -0.00271844 -0.08323459 0.01835578
v -0.00271844 -0.08323459 0.01835578
v -0.00313199 -0.03059297 0.00283604
v -0.01032775 -0.06129902 0.01342162
v 0.00919178 -0.04728680 0.00661808
v 0.00116892 0.06538864 0.00897467
v 0.00116892 0.08232930 0.00897467
v 0.00116892 0.08232930 0.00897467
v 0.00625558 -0.02752883 0.01663761
v 0.00034182 -0.08323459 0.01882878
v 0.00034182 -0.08323459 0.01882878
v -0.00387638 -0.00567791 0.00257822
v -0.00387638 -0.00567791 0.00257822
v 0.00121028 -0.08323459 0.00305574
v 0.00121028 -0.08323459 0.00305574
v 0.00290583 -0.00382986 0.00773079
v 0.00764679 -0.02416874 0.01056942
v 0.00173303 -0.08854482 0.01504739
v 0.00053374 0.06538864 0.01308755
v 0.00053374 0.08232930 0.01308755
v 0.00053374 0.08232930 0.01308755
v -0.00107911 -0.08545936 0.01788666
v 0.00570311 -0.08545936 0.00672147
v 0.00318045 -0.00419107 0.01381643
v 0.00318045 -0.00419107 0.01381643
v -0.00062420 0.00133757 0.01493818
v 0.00065780 -0.00419107 0.00663424
v 0.00065780 -0.00419107 0.00663424
v 0.00702646 -0.05186686 0.01890955
v 0.00702646 -0.05186686 0.01890955
v 0.00661291 -0.07850009 0.00562298
v -0.00397395 -0.02416874 0.01744145
v -0.00136859 -0.03374952 0.00226483
v 0.00202252 -0.08719949 0.00540845
v -0.00686880 -0.08545936 0.01257707
v 0.00206387 -0.00436941 0.00750140
v 0.00884608 -0.04728680 0.01579307
v 0.00884608 -0.04728680 0.01579307
v -0.00384989 -0.00899276 0.00263444
v -0.00848164 -0.02752883 0.01126599
v 0.00680483 -0.03374952 0.01714098
v -0.00030822 -0.07850009 0.00216338
v -0.00030822 -0.07850009 0.00216338
v 0.00477844 -0.08545936 0.00568954
v -0.00324442 -0.04230417 0.00254785
v 0.00655670 -0.01999576 0.00784516
v 0.00233849 0.02246478 0.01232054
v -0.00824837 -0.02752883 0.01291373
v -0.00485727 -0.03059297 0.00350612
v -0.00146616 -0.00382986 0.01491944
v 0.00320695 -0.00436941 0.00855014
v -0.00779347 -0.00899276 0.00616576
v -0.00096990 0.00133757 0.00693018
v 0.00668076 -0.01500991 0.01495757
v -0.00221055 0.06733813 0.01143917
v -0.00221055 0.06733813 0.01143917
v 0.00415811 -0.08854482 0.01260680
v 0.00883122 -0.03059297 0.01039043
v -0.00849650 -0.07852077 0.01297447
v 0.00167681 -0.08545936 0.01776777
v 0.00641777 -0.05578395 0.00291100
v -0.00416910 -0.04230417 0.01904395
v -0.00330064 -0.01500991 0.00381435
v -0.00330064 0.00265770 0.01170539
v -0.00871814 -0.02941306 0.00955364
v -0.00871814 -0.02941306 0.00955364
v -0.00826324 -0.03769116 0.00775147
v -0.00309387 -0.03374952 0.00293491
v 0.00368834 -0.00419107 0.01313989
v 0.00368834 -0.00419107 0.01313989
v -0.00772562 -0.01500991 0.00970678
v 0.00290260 0.00265770 0.01266301
v -0.00809782 -0.08174323 0.00964927
v -0.00809782 -0.08174323 0.00964927
v -0.01062047 -0.05578395 0.01349334
v 0.00211686 -0.08951731 0.00934880
v 0.00640291 -0.08323459 0.00620970
v 0.00640291 -0.08323459 0.00620970
v -0.00712016 -0.05578395 0.00267256
v -0.00712016 -0.05578395 0.00267256
v -0.00033795 -0.01500991 0.00309064
v 0.00011696 -0.04230417 0.02046553
v 0.00011696 -0.04230417 0.02046553
v 0.00185386 -0.01500991 0.01849277
v -0.00017253 -0.00436941 0.00692243
v -0.00898113 -0.07459464 0.01290533
v -0.00898113 -0.07459464 0.01290533
v 0.00119219 -0.01500991 0.00317464
v -0.00170266 -0.08928340 0.01370141
v -0.00889842 -0.02990609 0.01129055
v -0.00889842 -0.02990609 0.01129055
v -0.00039416 -0.00899276 0.00179054
v 0.00097055 -0.00629694 0.01487680
v -0.00618386 -0.01999576 0.00714342
v 0.00531282 -0.08719949 0.00844739
v -0.00481914 -0.03374952 0.00360499
v -0.00862380 -0.04728680 0.01614329
v -0.00862380 -0.04728680 0.01614329
v -0.01069155 -0.05578395 0.01299127
v -0.01069155 -0.05578395 0.01299127
v 0.00671889 -0.00899276 0.01706279
v 0.00630534 -0.01500991 0.00628078
v -0.00089042 -0.03055937 0.00196113
v -0.00089042 -0.03055937 0.00196113
v 0.00080513 0.00265770 0.01419961
v 0.00845579 -0.07003008 0.00610761
v 0.00845579 -0.07003008 0.00610761
v -0.00040903 0.06733813 0.01354633
v -0.00040903 0.06733813 0.01354633
v -0.01012744 -0.05578395 0.00933588
v 0.00215498 -0.00381758 0.00735149
v 0.00215498 -0.00381758 0.00735149
v -0.00714988 -0.01999576 0.00979595
v -0.00797698 -0.02752883 0.00799249
v 0.00095569 0.00146745 0.01481412
v 0.00604235 -0.08545936 0.01456987
v -0.00367607 -0.00382986 0.00866709
v 0.00269259 -0.03374952 0.00210329
v 0.00269259 -0.03374952 0.00210329
v -0.00826647 -0.03059297 0.00775082
v 0.01038462 -0.06129902 0.00878340
v 0.01038462 -0.06129902 0.00878340
v -0.00061580 0.00146745 0.01488197
v 0.00405731 -0.01500991 0.00421885
v -0.00735666 -0.00899276 0.01628803
v -0.00140155 -0.00567791 0.01997250
v -0.00140155 -0.00567791 0.01997250
v 0.00583557 -0.01999576 0.00662455
v 0.00885448 -0.04230417 0.01226691
v -0.00125099 0.06621703 0.00919243
v 0.00722678 -0.01999576 0.01058751
v 0.00937723 -0.04728680 0.01234768
v -0.00116828 -0.02416874 0.01846434
v 0.00817794 -0.04230417 0.00597644
v 0.00817794 -0.04230417 0.00597644
v 0.00693729 -0.02416874 0.00766811
v -0.00575868 -0.08721371 0.01001048
v 0.00102353 -0.00419107 0.01509197
v 0.00102353 -0.00419107 0.01509197
v -0.00489022 -0.01999576 0.01623117
v -0.00484887 -0.08027254 0.00400174
v -0.00484887 -0.08027254 0.00400174
v -0.00819862 -0.04230417 0.00591957
v 0.00747491 -0.07852077 0.01544026
v 0.00834336 -0.04230417 0.01557466
v 0.00834336 -0.04230417 0.01557466
v -0.00224351 0.08504581 0.01144757
v -0.00985282 -0.04728680 0.01330531
v -0.00476616 -0.00567791 0.01874607
v -0.00476616 -0.00567791 0.01874607
v 0.00032050 0.06621703 0.00881959
v -0.00389770 -0.00382986 0.01271535
v 0.00420787 -0.08130448 0.00379238
v 0.00420787 -0.08130448 0.00379238
v 0.00212526 -0.00629694 0.00740060
v -0.00676606 -0.00567791 0.00469443
v -0.00676606 -0.00567791 0.00469443
v -0.00209295 0.00146745 0.01434371
v -0.00759316 -0.01500991 0.01275412
v 0.00468926 -0.08323459 0.01730252
v 0.00468926 -0.08323459 0.01730252
v 0.00808037 -0.08088511 0.01214737
v 0.00808037 -0.03769116 0.00630081
v 0.00808037 -0.03769116 0.00630081
v 0.00386216 -0.00436941 0.00995620
v -0.00664199 -0.08545936 0.00847841
v -0.00027333 -0.08719949 0.00505435
v 0.00485468 -0.03769116 0.01828923
v 0.00911424 -0.05186686 0.00538131
v 0.00911424 -0.05186686 0.00538131
v -0.00866839 -0.04728680 0.00563461
v -0.00738638 -0.04728680 0.01713840
v -0.00391257 -0.00419107 0.01272182
v -0.00391257 -0.00419107 0.01272182
v 0.00419300 -0.00381758 0.01071869
v 0.00419300 -0.00381758 0.01071869
v -0.00254785 -0.08864110 0.00742192
v -0.00719447 -0.08323459 0.01425066
v -0.00719447 -0.08323459 0.01425066
v 0.00678350 -0.08323459 0.01502025
v 0.00678350 -0.08323459 0.01502025
v 0.00008400 -0.03374952 0.00170072
v 0.00008400 -0.03374952 0.00170072
v 0.00773467 -0.07852077 0.01490071
v 0.00773467 -0.07852077 0.01490071
v 0.00397137 -0.03769116 0.00300017
v 0.00318562 -0.02952162 0.01910469
v 0.00318562 -0.02952162 0.01910469
v 0.00616318 -0.00899276 0.00418008
v 0.00405408 -0.00419107 0.01237741
v 0.00405408 -0.00419107 0.01237741
v -0.00640872 -0.08545936 0.01388428
v 0.00885125 -0.07003267 0.00677704
v 0.00470089 -0.08721371 0.00745617
v -0.00501752 -0.02752883 0.00405085
v -0.00034441 0.06538864 0.01312567
v -0.00034441 0.06538864 0.01312567
v -0.00034441 0.08181818 0.01312567
v -0.00034441 0.08181818 0.01312567
v -0.00034441 0.08181818 0.01312567
v 0.00561070 -0.04230417 0.00391450
v 0.00354296 -0.03055937 0.00264542
v 0.00354296 -0.03055937 0.00264542
v 0.00312941 -0.03769116 0.01895931
v -0.00617546 -0.02416874 0.01542281
v 0.00403922 -0.00382986 0.01237224
v 0.00110301 -0.01999576 0.00374973
v 0.00920858 -0.07003008 0.01044859
v -0.00216403 -0.00899276 0.00204190
v 0.00461818 -0.01500991 0.01720560
v 0.00039998 -0.08951731 0.00830588
v -0.00931843 -0.04230417 0.01317543
v 0.00129493 -0.02752883 0.00250908
v -0.00920923 -0.07003008 0.01135064
v -0.00784452 -0.08323459 0.00968869
v -0.00784452 -0.08323459 0.00968869
v -0.00358496 -0.02752883 0.00320372
v -0.00060740 -0.00436941 0.01482898
v 0.00617481 -0.02416874 0.00637642
v -0.00102095 -0.00382986 0.00672212
v -0.00354360 -0.03055937 0.01915380
v -0.00354360 -0.03055937 0.01915380
v 0.00708462 -0.01500991 0.00759962
v 0.00245287 -0.00381758 0.01424872
v 0.00245287 -0.00381758 0.01424872
v -0.00217889 -0.00567791 0.00198116
v -0.00217889 -0.00567791 0.00198116
v -0.00470154 -0.08721371 0.01434306
v 0.00166712 -0.05578395 0.00009563
v -0.00255108 -0.00419107 0.00741804
v -0.00255108 -0.00419107 0.00741804
v -0.00335169 -0.08323459 0.00370514
v -0.00335169 -0.08323459 0.00370514
v -0.00885190 -0.07003267 0.01502219
v -0.00037413 -0.08854482 0.00641906
v 0.00640808 -0.08545936 0.00791495
v 0.00136277 -0.00436941 0.00715958
v 0.00140413 -0.03769116 0.01962938
v 0.00016348 -0.05186686 0.02157436
v 0.00016348 -0.05186686 0.02157436
v -0.00616383 -0.00899276 0.01761915
v -0.00149072 -0.07003267 0.02055082
v -0.00273137 -0.03769116 0.01979674
v -0.00273137 -0.03769116 0.01979674
v -0.00227646 0.09000000 0.01068702
v -0.00227646 0.09000000 0.01068702
v -0.00773531 -0.07852077 0.00689852
v -0.00773531 -0.07852077 0.00689852
v -0.01017526 -0.05186686 0.01120138
v -0.00678415 -0.08323459 0.00677898
v -0.00678415 -0.08323459 0.00677898
v 0.00719382 -0.08323459 0.00754857
v 0.00719382 -0.08323459 0.00754857
v 0.00254721 -0.08864110 0.01437731
v -0.00034764 0.06733813 0.01314764
v -0.00034764 0.06733813 0.01314764
v 0.00432547 -0.08719949 0.01483996
v 0.00349837 -0.00629694 0.01302552
v -0.00241539 0.00133757 0.00760350
v -0.00535159 -0.03374952 0.01756099
v 0.00990839 -0.05578395 0.00628466
v 0.00866774 -0.04728680 0.01616462
v -0.00911489 -0.05186686 0.01641791
v -0.00911489 -0.05186686 0.01641791
v -0.00146422 -0.04230417 0.02037894
v -0.00907353 -0.00567791 0.00949871
v -0.00907353 -0.00567791 0.00949871
v 0.00325024 0.00146745 0.00851847
v 0.00664135 -0.08545936 0.01332082
v -0.00009951 -0.07003008 0.02062707
v -0.00009951 -0.07003008 0.02062707
v -0.00220861 0.02246478 0.01251698
v -0.00175371 -0.00381758 0.00713631
v -0.00175371 -0.00381758 0.00713631
v -0.00808102 -0.08088511 0.00965186
v -0.00808102 -0.03769116 0.01549841
v -0.00808102 -0.03769116 0.01549841
v -0.00468991 -0.08323459 0.00449670
v -0.00468991 -0.08323459 0.00449670
v 0.00759251 -0.01500991 0.00904510
v -0.00420851 -0.08130448 0.01800685
v -0.00420851 -0.08130448 0.01800685
v 0.00216015 0.06733813 0.00931714
v 0.00216015 0.06733813 0.00931714
v 0.00431061 -0.00419107 0.01071352
v 0.00431061 -0.00419107 0.01071352
v 0.00389706 -0.00382986 0.00908387
v 0.00476551 -0.00567791 0.00305316
v 0.00476551 -0.00567791 0.00305316
v 0.00985217 -0.04728680 0.00849392
v -0.00834401 -0.04230417 0.00622457
v -0.00834401 -0.04230417 0.00622457
v -0.00367090 -0.08545936 0.01694196
v -0.00747555 -0.07852077 0.00635897
v 0.00819797 -0.04230417 0.01587965
v -0.00280244 -0.08928340 0.00919760
v 0.00575803 -0.08721371 0.01178875
v -0.00015573 -0.06129902 0.00029659
v -0.00015573 -0.06129902 0.00029659
v -0.00817859 -0.04230417 0.01582279
v -0.00817859 -0.04230417 0.01582279
v 0.00799120 -0.03374952 0.00635962
v 0.00799120 -0.03374952 0.00635962
v 0.00418654 -0.08823531 0.01344294
v -0.00722742 -0.01999576 0.01121171
v -0.00161801 0.02246478 0.00869165
v 0.00685975 -0.03059297 0.00531476
v -0.00583622 -0.01999576 0.01517468
v -0.00116311 -0.08823531 0.00613992
v -0.00405795 -0.01500991 0.01758038
v 0.00826582 -0.03059297 0.01404841
v -0.00062549 -0.00629694 0.01494594
v -0.00397524 -0.03059297 0.01880229
v -0.00604299 -0.08545936 0.00722936
v 0.00714924 -0.01999576 0.01200327
v 0.00714924 -0.01999576 0.01200327
v 0.00334458 -0.06129902 0.00083679
v 0.00334458 -0.06129902 0.00083679
v 0.00421304 -0.07003008 0.00269906
v -0.00845644 -0.07003008 0.01569162
v -0.00845644 -0.07003008 0.01569162
v -0.00589243 -0.08130448 0.01665441
v -0.00589243 -0.08130448 0.01665441
v -0.00630598 -0.01500991 0.01551844
v -0.00671953 -0.00899276 0.00473643
v 0.00051758 0.00265770 0.00754275
v 0.00862315 -0.04728680 0.00565594
v 0.00862315 -0.04728680 0.00565594
v 0.00481850 -0.03374952 0.01819424
v 0.00188230 -0.08323459 0.01860973
v 0.00188230 -0.08323459 0.01860973
v -0.00572701 -0.08716460 0.01229793
v -0.00018545 -0.00382986 0.00662455
v 0.00618321 -0.01999576 0.01465581
v -0.00101255 -0.08025509 0.00250068
v -0.00101255 -0.08025509 0.00250068
v -0.00142610 -0.03769116 0.02013211
v 0.00200636 0.00265770 0.01364003
v -0.00473450 -0.00899276 0.01869308
v -0.00936625 -0.04230417 0.01284007
v -0.00936625 -0.04230417 0.01284007
v 0.00291617 -0.00419107 0.00771916
v 0.00291617 -0.00419107 0.00771916
v -0.00299759 -0.04230417 0.01998478
v -0.00299759 -0.04230417 0.01998478
v 0.00298402 -0.08545936 0.01730834
v 0.00898049 -0.07459464 0.00889390
v 0.00898049 -0.07459464 0.00889390
v 0.00223963 -0.00419107 0.00721127
v 0.00223963 -0.00419107 0.00721127
v 0.00228098 0.08504581 0.01125178
v 0.00397654 -0.00629694 0.00992842
v 0.00397654 -0.00436941 0.01072773
v -0.00780962 -0.01500991 0.01123692
v -0.00222671 0.08452241 0.01055585
v -0.00222671 0.06538864 0.01055585
v -0.00685846 -0.03769116 0.01648124
v 0.00711951 -0.05578395 0.01912666
v 0.00711951 -0.05578395 0.01912666
v -0.00640356 -0.08323459 0.01558952
v -0.00640356 -0.08323459 0.01558952
v -0.00885836 -0.00899276 0.01306299
v 0.00809717 -0.08174323 0.01214995
v 0.00809717 -0.08174323 0.01214995
v 0.00809717 -0.08174323 0.01214995
v 0.00094276 -0.00436941 0.01476242
v 0.00772498 -0.01500991 0.01209245
v 0.00772498 -0.01500991 0.01209245
v -0.00368899 -0.00419107 0.00865934
v -0.00368899 -0.00419107 0.00865934
v 0.00139767 -0.08716460 0.01662598
v 0.00098412 -0.00381758 0.01493301
v 0.00098412 -0.00381758 0.01493301
v 0.00826259 -0.03769116 0.01404776
v -0.00062872 -0.00382921 0.01496855
v -0.00062872 -0.00382921 0.01496855
v 0.00234883 -0.00436941 0.01410721
v 0.00743549 -0.02416874 0.00908387
v -0.00186937 -0.08130448 0.00285414
v -0.00186937 -0.08130448 0.00285414
v 0.00449929 -0.04728680 0.00234302
v -0.00054601 0.06733813 0.00866774
v -0.00054601 0.06733813 0.00866774
v -0.00348222 -0.00419107 0.01345005
v -0.00348222 -0.00419107 0.01345005
v 0.00077734 -0.08928340 0.01408459
v -0.00641842 -0.05578395 0.01888823
v -0.00133176 0.08378448 0.00908258
v -0.00133176 0.08378448 0.00908258
v -0.00133176 0.06538864 0.00908258
v 0.00210070 -0.02962824 0.01950532
v 0.00210070 -0.02962824 0.01950532
v -0.00126391 -0.07850009 0.00253428
v 0.00849586 -0.07852077 0.00882476
v 0.00725521 -0.02752883 0.01530715
v -0.00883187 -0.03059297 0.01140880
v -0.00118120 0.06733813 0.01284330
v -0.00118120 0.06733813 0.01284330
v -0.00668141 -0.01500991 0.00684166
v 0.00349191 0.00133757 0.01302099
v -0.00031275 -0.01999576 0.00367219
v -0.00242185 -0.08545936 0.01754161
v 0.00779282 -0.00899276 0.01563346
v 0.00907483 -0.03769116 0.00868325
v 0.00907483 -0.03769116 0.00868325
v -0.00192559 0.08452241 0.00973004
v -0.00192559 0.06538864 0.00973004
v 0.00824773 -0.02752883 0.00888550
v 0.00787553 -0.07850009 0.01398831
v -0.00477908 -0.08545936 0.01610969
v -0.00982439 -0.06129902 0.00938305
v 0.00882670 -0.03769116 0.01038978
v 0.00254074 -0.00382986 0.01436891
v 0.00848100 -0.02752883 0.01053323
v -0.00884673 -0.04728680 0.00600616
v -0.00884673 -0.04728680 0.00600616
v -0.00247807 -0.01999576 0.01769604
v 0.00769525 -0.02752883 0.00731530
v 0.00347705 -0.08864110 0.00835241
v 0.00517260 -0.02416874 0.00525919
v 0.00686815 -0.08545936 0.00922215
v 0.00140930 -0.00382921 0.00703163
v 0.00140930 -0.00382921 0.00703163
v 0.00397331 -0.02416874 0.00435778
v -0.00661356 -0.07850009 0.01617625
v -0.00702711 -0.05186686 0.00288968
v -0.00702711 -0.05186686 0.00288968
v -0.00065845 -0.08864110 0.01515982
v -0.00318110 -0.00419107 0.00798280
v -0.00318110 -0.00419107 0.00798280
v -0.00189910 -0.05186686 0.00089818
v -0.00181639 -0.02416874 0.00346348
v -0.00181639 -0.00382986 0.00700191
v -0.00218858 0.08452241 0.01143400
v -0.00218858 0.06538864 0.01143400
v -0.00260213 0.06733813 0.01153480
v -0.00260213 0.06733813 0.01153480
v -0.00764743 -0.02416874 0.01122981
v 0.00041678 0.02246478 0.00819474
v -0.00290648 -0.00382986 0.01406844
v -0.00625623 -0.02752883 0.00516161
v -0.00158312 0.06733813 0.00873882
v -0.00158312 0.06733813 0.00873882
v -0.00919243 -0.04728680 0.01518114
v -0.00915107 -0.05186686 0.00534125
v 0.00147715 -0.00419107 0.00684489
v 0.00147715 -0.00419107 0.00684489
v 0.00784581 -0.00567791 0.01566577
v 0.00784581 -0.00567791 0.01566577
v -0.00274106 0.00265770 0.01290662
v 0.00954136 -0.06129902 0.01424549
v 0.00532316 -0.06129902 0.01949563
v 0.00536451 -0.08323459 0.00505047
v 0.00536451 -0.08323459 0.00505047
v -0.00394035 -0.08719949 0.01522573
v 0.00792852 -0.08323459 0.01055714
v 0.00792852 -0.08323459 0.01055714
v -0.00815856 -0.07850009 0.00964023
v -0.00137634 -0.03052512 0.01981031
v -0.00133499 -0.07852077 0.01954344
v -0.00298919 -0.07850009 0.00320436
v -0.00337624 -0.05186686 0.02102835
v -0.00337624 -0.05186686 0.02102835
v 0.00427442 -0.01999576 0.01673583
v 0.00394358 -0.00381758 0.01233734
v 0.00394358 -0.00381758 0.01233734
v 0.00183448 0.06733813 0.00955558
v 0.00183448 0.06733813 0.00955558
v -0.00316947 -0.00382986 0.00799314
v -0.00991033 -0.04728680 0.01289757
v -0.00991033 -0.04728680 0.01289757
v -0.00817342 -0.03052512 0.01470621
v -0.00478231 -0.06129902 0.01980773
v -0.00139121 0.06733813 0.01318835
v -0.00139121 0.06733813 0.01318835
v 0.00030435 -0.08545936 0.01796226
v -0.00854561 -0.03769116 0.00958013
v 0.01010547 -0.06129902 0.01058751
v 0.00419171 -0.00419107 0.00987543
v 0.00419171 -0.00419107 0.00987543
vt 0.15531700 0.15355300
vt 0.11831700 0.02670400
vt 0.34545600 0.80269800
vt 0.30320500 0.33672600
vt 0.04644100 0.94386100
vt 0.85159000 0.60076200
vt 0.43803100 0.53219700
vt 0.93695300 0.92128700
vt 0.01294800 0.42153500
vt 0.68610700 0.22485100
vt 0.20935500 0.01483700
vt 0.06921000 0.16447700
vt 0.91688400 0.23973300
vt 0.20888700 0.15378000
vt 0.10836200 0.56857900
vt 0.53610300 0.15883500
vt 0.83701600 0.74955100
vt 0.48451600 0.37012800
vt 0.35878800 0.07824400
vt 0.90223600 0.90715100
vt 0.23522700 0.19251700
vt 0.28633800 0.04520500
vt 0.13329800 0.86567300
vt 0.66558800 0.92424700
vt 0.17198600 0.16535700
vt 0.07902800 0.06590600
vt 0.09162600 0.16504800
vt 0.12429500 0.25109900
vt 0.95128400 0.05138200
vt 0.93447500 0.86435000
vt 0.91806100 0.83442900
vt 0.79217800 0.92077100
vt 0.91725000 0.12156300
vt 0.95059900 0.27225000
vt 0.91272900 0.84837100
vt 0.35889100 0.04515000
vt 0.12957300 0.80180200
vt 0.80899900 0.91939000
vt 0.55482600 0.90932000
vt 0.71831800 0.23718200
vt 0.16673700 0.10348200
vt 0.44159800 0.87197700
vt 0.01321100 0.87367800
vt 0.35944400 0.58322000
vt 0.34890300 0.48723400
vt 0.91666500 0.31025400
vt 0.19056000 0.07772300
vt 0.17177700 0.94735400
vt 0.76016500 0.92468700
vt 0.06219700 0.57266900
vt 0.64980500 0.92314800
vt 0.93379100 0.23978500
vt 0.42143800 0.56158900
vt 0.77510400 0.69990300
vt 0.15500500 0.01169200
vt 0.18099100 0.19408400
vt 0.34884500 0.28625600
vt 0.35873600 0.09515200
vt 0.72632100 0.70011500
vt 0.13678700 0.43772100
vt 0.84741300 0.95388500
vt 0.11781000 0.96985700
vt 0.56328300 0.30326100
vt 0.22691300 0.43549700
vt 0.14771900 0.38549000
vt 0.10351500 0.56282600
vt 0.20344400 0.15966000
vt 0.85450600 0.88806500
vt 0.55760600 0.30325900
vt 0.46647800 0.56356500
vt 0.91326700 0.86528900
vt 0.05121500 0.29362300
vt 0.05121500 0.17839400
vt 0.85116100 0.46252200
vt 0.49895700 0.33589800
vt 0.35687200 0.63866300
vt 0.54060800 0.61389300
vt 0.23521900 0.20789700
vt 0.43714100 0.64212900
vt 0.90186700 0.38981400
vt 0.70355700 0.17408600
vt 0.02144400 0.34649500
vt 0.70345200 0.02196800
vt 0.18702400 0.70289200
vt 0.47482700 0.11067800
vt 0.83403500 0.39205300
vt 0.34741500 0.15874900
vt 0.13839200 0.48176500
vt 0.54170600 0.50131800
vt 0.12767600 0.02734800
vt 0.20615500 0.60089800
vt 0.12455500 0.66133500
vt 0.08355500 0.05935500
vt 0.09901300 0.15840400
vt 0.86386000 0.69185000
vt 0.07599100 0.18060900
vt 0.04539000 0.60528000
vt 0.28446700 0.55507500
vt 0.56690700 0.53705900
vt 0.09621400 0.51503800
vt 0.93357300 0.31030700
vt 0.18653900 0.01258600
vt 0.03725000 0.22091000
vt 0.09217900 0.05602600
vt 0.02732800 0.95842100
vt 0.43788600 0.94674000
vt 0.20066900 0.70344800
vt 0.95649300 0.76128300
vt 0.09749600 0.36417400
vt 0.48138100 0.56421000
vt 0.03842100 0.21349800
vt 0.58684500 0.91477100
vt 0.06241600 0.64341500
vt 0.82494800 0.20353800
vt 0.26393000 0.91902800
vt 0.28590400 0.95457300
vt 0.91198400 0.79197700
vt 0.98385100 0.67106400
vt 0.19403800 0.35638700
vt 0.93567400 0.84353400
vt 0.96457000 0.39000800
vt 0.37874400 0.63962000
vt 0.87663200 0.20346300
vt 0.21843000 0.92007600
vt 0.38869500 0.58473400
vt 0.95585000 0.44889500
vt 0.95106600 0.12166800
vt 0.29866500 0.58032600
vt 0.38551600 0.17567400
vt 0.36733000 0.74212400
vt 0.89978100 0.23968000
vt 0.42782300 0.77221700
vt 0.85057600 0.27383000
vt 0.54825900 0.38024400
vt 0.89434000 0.78016900
vt 0.21041600 0.00975400
vt 0.06420700 0.16586800
vt 0.14468300 0.24779900
vt 0.06575800 0.36554500
vt 0.74165900 0.18719700
vt 0.43826700 0.81016500
vt 0.06575900 0.47414600
vt 0.76193300 0.18725600
vt 0.36584600 0.76781400
vt 0.53609500 0.17574200
vt 0.26637800 0.76350200
vt 0.81751300 0.39210400
vt 0.16343500 0.94638800
vt 0.19281200 0.06869400
vt 0.16691200 0.48189300
vt 0.96417200 0.42256600
vt 0.38002500 0.60929900
vt 0.95035200 0.35177600
vt 0.40785300 0.53052900
vt 0.07956900 0.21259200
vt 0.54324900 0.98037000
vt 0.81444300 0.99215600
vt 0.06028300 0.12622800
vt 0.09721600 0.23717400
vt 0.23524800 0.14331500
vt 0.11526000 0.59414400
vt 0.78041200 0.99447700
vt 0.03839200 0.25841000
vt 0.19387400 0.55084900
vt 0.11488100 0.14338300
vt 0.88427200 0.66128100
vt 0.18156600 0.48202400
vt 0.94858300 0.90549700
vt 0.19959300 0.73583000
vt 0.11027500 0.07901500
vt 0.03604300 0.18843700
vt 0.06266300 0.72294200
vt 0.02838000 0.57277400
vt 0.04776300 0.18505700
vt 0.60654400 0.20111700
vt 0.50713200 0.95009700
vt 0.71206500 0.99590800
vt 0.92289200 0.87669400
vt 0.48111700 0.39660600
vt 0.21426400 0.70399700
vt 0.88323500 0.46242200
vt 0.18716000 0.19358900
vt 0.93991100 0.68438200
vt 0.86535100 0.70699000
vt 0.07370400 0.20274500
vt 0.22663900 0.38247400
vt 0.88573300 0.88852600
vt 0.62607100 0.19064700
vt 0.51015600 0.97004200
vt 0.57654000 0.98564800
vt 0.86841800 0.57463200
vt 0.02795200 0.25210100
vt 0.16678800 0.09025700
vt 0.44383400 0.74695200
vt 0.86004300 0.85972300
vt 0.42539300 0.49175900
vt 0.87907900 0.85270900
vt 0.43651900 0.56222400
vt 0.64432300 0.99310700
vt 0.10099100 0.39053400
vt 0.18129500 0.18372700
vt 0.29038500 0.38307100
vt 0.51639700 0.06182500
vt 0.35415400 0.92279600
vt 0.41020900 0.49076100
vt 0.02953300 0.94391400
vt 0.12623200 0.14538200
vt 0.69760000 0.18738800
vt 0.01642600 0.36554500
vt 0.05603200 0.53857900
vt 0.50092400 0.58155600
vt 0.23814700 0.57014500
vt 0.86218300 0.60878100
vt 0.88605300 0.85244800
vt 0.19941100 0.79937300
vt 0.47497900 0.06169700
vt 0.67731700 0.18731500
vt 0.01642700 0.47414600
vt 0.11647000 0.14898500
vt 0.09344800 0.04673100
vt 0.04622300 0.87357600
vt 0.34686900 0.76675100
vt 0.34882200 0.33694900
vt 0.27908800 0.66980100
vt 0.18497900 0.76233700
vt 0.40430000 0.11239600
vt 0.92729900 0.77690600
vt 0.57978600 0.38694900
vt 0.88548400 0.94795600
vt 0.87295100 0.92168600
vt 0.52510100 0.64424200
vt 0.57401300 0.17575900
vt 0.82138900 0.72032900
vt 0.45243000 0.36639200
vt 0.06290500 0.80097100
vt 0.41936500 0.28628800
vt 0.85104300 0.42441200
vt 0.96499400 0.31040400
vt 0.37772600 0.71086000
vt 0.71263800 0.92443000
vt 0.59229100 0.69243000
vt 0.78736000 0.69959600
vt 0.12034400 0.80238900
vt 0.04219000 0.27294300
vt 0.23894300 0.55306300
vt 0.44570300 0.71466700
vt 0.35138300 0.43918400
vt 0.22492300 0.93279600
vt 0.86947100 0.18898500
vt 0.52519800 0.61389400
vt 0.57402700 0.14513000
vt 0.11617700 0.90286300
vt 0.40445800 0.06147800
vt 0.38550800 0.19258200
vt 0.08345000 0.06859800
vt 0.47492700 0.07860500
vt 0.41793500 0.15878100
vt 0.18487100 0.21573900
vt 0.94141100 0.69951700
vt 0.06545000 0.12655400
vt 0.30273200 0.48513700
vt 0.46078200 0.28630700
vt 0.93562900 0.82203300
vt 0.41934900 0.32010300
vt 0.90150000 0.31020700
vt 0.43213800 0.71397600
vt 0.51647800 0.37468200
vt 0.86263400 0.77056400
vt 0.19274400 0.32000100
vt 0.06074100 0.49319600
vt 0.76787700 0.17395600
vt 0.76766700 0.02191100
vt 0.28623600 0.07801900
vt 0.36330900 0.92354600
vt 0.95978600 0.05132300
vt 0.47085300 0.95399400
vt 0.06496000 0.95845000
vt 0.11236600 0.62437200
vt 0.26780700 0.14295400
vt 0.35052700 0.76695300
vt 0.03631700 0.23592200
vt 0.22385700 0.55229700
vt 0.90177100 0.84744400
vt 0.95412000 0.87715500
vt 0.86785100 0.39194800
vt 0.40207600 0.38867600
vt 0.96121300 0.81133500
vt 0.32515800 0.95616000
vt 0.02884700 0.72304600
vt 0.62846800 0.69569700
vt 0.91702500 0.19411500
vt 0.07986200 0.20225100
vt 0.06628900 0.09506800
vt 0.68137900 0.92370200
vt 0.48881200 0.94487100
vt 0.17895900 0.55010400
vt 0.46076600 0.32012300
vt 0.77616500 0.92366300
vt 0.85162200 0.60971400
vt 0.24822100 0.56974300
vt 0.63402000 0.92185400
vt 0.93441600 0.03860900
vt 0.93445400 0.02594000
vt 0.38288000 0.94844700
vt 0.47487400 0.09551200
vt 0.27631300 0.73801100
vt 0.96352600 0.35181700
vt 0.37904300 0.67446300
vt 0.11780200 0.56941300
vt 0.83366800 0.27388300
vt 0.21221000 0.85961400
vt 0.88358800 0.27372800
vt 0.37478100 0.58393000
vt 0.11032700 0.06579000
vt 0.62370300 0.23350400
vt 0.68131500 0.92500800
vt 0.28618300 0.09492700
vt 0.66568000 0.92293400
vt 0.30723200 0.35668800
vt 0.89434900 0.61117600
vt 0.35923000 0.86265900
vt 0.04648100 0.95658300
vt 0.45254800 0.95994300
vt 0.04651900 0.96925100
vt 0.21600300 0.06089300
vt 0.13655400 0.14559500
vt 0.96929100 0.86192000
vt 0.18653900 0.00740800
vt 0.16929500 0.23129400
vt 0.08878700 0.23106400
vt 0.84479300 0.91550200
vt 0.79235100 0.92213200
vt 0.36513400 0.86317200
vt 0.96697200 0.12171700
vt 0.02720200 0.24402800
vt 0.16248600 0.10064200
vt 0.90639000 0.85806900
vt 0.96826500 0.64185800
vt 0.22636400 0.35569300
vt 0.40435300 0.09529400
vt 0.09723800 0.05028100
vt 0.75047100 0.22470900
vt 0.06923700 0.41815600
vt 0.19524800 0.52111500
vt 0.46355900 0.14212700
vt 0.09997300 0.80399800
vt 0.10547500 0.24298500
vt 0.06003300 0.13421200
vt 0.91977000 0.85271000
vt 0.20886700 0.19740800
vt 0.54984000 0.58913500
vt 0.89883000 0.65687000
vt 0.13703500 0.14146900
vt 0.30322800 0.28623500
vt 0.51087500 0.56511500
vt 0.26779900 0.17562100
vt 0.96965800 0.90143900
vt 0.15737800 0.05643100
vt 0.76564700 0.23878100
vt 0.38124000 0.32008600
vt 0.39267600 0.52963900
vt 0.17070700 0.23247700
vt 0.43681700 0.07848600
vt 0.57400500 0.19266700
vt 0.02794400 0.21974600
vt 0.13291100 0.11289200
vt 0.37745000 0.52891100
vt 0.22514500 0.52223800
vt 0.39493800 0.48979200
vt 0.21595100 0.07780100
vt 0.85682600 0.89773000
vt 0.42151400 0.93070900
vt 0.45053700 0.58723000
vt 0.92956600 0.79497400
vt 0.29898800 0.95492700
vt 0.95084100 0.19422000
vt 0.25406800 0.55369800
vt 0.77494900 0.90884300
vt 0.37187500 0.35975000
vt 0.83701500 0.64179300
vt 0.57383400 0.41283100
vt 0.18113600 0.17229400
vt 0.93276400 0.67095900
vt 0.06547000 0.14185700
vt 0.25782900 0.43584100
vt 0.10192100 0.73316300
vt 0.03654500 0.24344300
vt 0.10526100 0.07801800
vt 0.63552000 0.23399600
vt 0.14514400 0.24937600
vt 0.64062700 0.69659800
vt 0.16038800 0.28617100
vt 0.13191400 0.05136600
vt 0.78930300 0.23952300
vt 0.69553300 0.18015600
vt 0.69540900 0.02197300
vt 0.10453900 0.24464400
vt 0.23056400 0.33700300
vt 0.34450100 0.86163300
vt 0.58920900 0.41663700
vt 0.08530700 0.39287900
vt 0.18046600 0.52046800
vt 0.18071900 0.21440800
vt 0.06791400 0.54629600
vt 0.51179100 0.58908600
vt 0.29259500 0.80042000
vt 0.30323600 0.26956000
vt 0.43676500 0.09539400
vt 0.92731500 0.61444600
vt 0.27488400 0.35588000
vt 0.93421300 0.89806800
vt 0.13990400 0.01646500
vt 0.17562400 0.17509800
vt 0.90761300 0.84362400
vt 0.25536400 0.52338800
vt 0.89410000 0.85053700
vt 0.56885600 0.56425400
vt 0.09172000 0.54197900
vt 0.47042700 0.49508200
vt 0.10946100 0.51645500
vt 0.38547500 0.14185000
vt 0.09846600 0.73291300
vt 0.49897300 0.28632200
vt 0.46354400 0.17570900
vt 0.54327200 0.78284500
vt 0.41791200 0.20947400
vt 0.16037300 0.31998600
vt 0.89885800 0.83280300
vt 0.14068000 0.31793400
vt 0.32614700 0.93832900
vt 0.67937100 0.18020000
vt 0.67943800 0.02198000
vt 0.49898700 0.27056600
vt 0.29614400 0.63574500
vt 0.23059500 0.26921800
vt 0.28818400 0.85902800
vt 0.04599800 0.80102300
vt 0.95745800 0.92503800
vt 0.19633200 0.48222700
vt 0.37233200 0.63935500
vt 0.69700100 0.92551900
vt 0.15453800 0.06068100
vt 0.03328500 0.27588500
vt 0.36070900 0.55866100
vt 0.21589800 0.09470900
vt 0.08420600 0.17236000
vt 0.19419000 0.01284900
vt 0.92255100 0.45656700
vt 0.42065000 0.57866000
vt 0.94299000 0.84997000
vt 0.24151400 0.48313100
vt 0.67139100 0.17417100
vt 0.02144500 0.49319600
vt 0.67139100 0.02198000
vt 0.92885400 0.88468700
vt 0.10247800 0.24830200
vt 0.89133100 0.73299300
vt 0.86806900 0.46246900
vt 0.18107700 0.94414700
vt 0.19275200 0.08842500
vt 0.30105700 0.52518200
vt 0.12312000 0.51752400
vt 0.07969100 0.07526700
vt 0.08175700 0.21197800
vt 0.06419100 0.10270700
vt 0.26597000 0.79970300
vt 0.81770700 0.34648500
vt 0.07974800 0.19230000
vt 0.06860400 0.08744900
vt 0.95474200 0.88687800
vt 0.07347500 0.08925000
vt 0.98384600 0.72031900
vt 0.14563800 0.35906600
vt 0.55857300 0.40933100
vt 0.80520200 0.90496300
vt 0.55957800 0.89561500
vt 0.23523500 0.17560600
vt 0.53152900 0.30324700
vt 0.68183100 0.91021800
vt 0.82138900 0.67101700
vt 0.40414300 0.36200100
vt 0.06229800 0.60522700
vt 0.68744200 0.18023500
vt 0.68742200 0.02197800
vt 0.07909200 0.80092100
vt 0.50750500 0.81887400
vt 0.56182400 0.46145700
vt 0.36219900 0.52805300
vt 0.66128500 0.99417900
vt 0.10264000 0.04485600
vt 0.75176600 0.18448700
vt 0.92737000 0.66554800
vt 0.17534600 0.16281100
vt 0.48513200 0.49625900
vt 0.86563600 0.91525100
vt 0.97189300 0.87503200
vt 0.08765400 0.06220000
vt 0.01487100 0.64356200
vt 0.46048600 0.67829900
vt 0.16758700 0.15458500
vt 0.92102100 0.66130200
vt 0.54405200 0.67959400
vt 0.30597700 0.20621600
vt 0.49677900 0.39860500
vt 0.12791800 0.62588000
vt 0.71279700 0.91093200
vt 0.85080100 0.34638200
vt 0.44858600 0.64257200
vt 0.18756400 0.93549800
vt 0.20139000 0.09691400
vt 0.51987200 0.88714500
vt 0.53616900 0.20963500
vt 0.18299300 0.19392100
vt 0.11345200 0.95230300
vt 0.62608400 0.16091900
vt 0.90004500 0.93303900
vt 0.39006200 0.96202100
vt 0.99494600 0.89028100
vt 0.61987800 0.90551500
vt 0.46093700 0.95972100
vt 0.05554800 0.96700000
vt 0.34885900 0.74105000
vt 0.38128900 0.33700300
vt 0.34691500 0.52737100
vt 0.86748400 0.27377800
vt 0.21271200 0.79918600
vt 0.88455100 0.34627800
vt 0.33018600 0.55724400
vt 0.90101300 0.92159600
vt 0.02829900 0.54670000
vt 0.74612500 0.99580400
vt 0.87801400 0.77692900
vt 0.53239600 0.37734600
vt 0.82888400 0.60111000
vt 0.26941500 0.57914000
vt 0.33830100 0.38474700
vt 0.11113200 0.86879000
vt 0.53620000 0.14185000
vt 0.86532700 0.87931000
vt 0.83468100 0.60081100
vt 0.15624000 0.15189900
vt 0.61635600 0.69470000
vt 0.60637600 0.19268100
vt 0.11603400 0.14745000
vt 0.93421400 0.85737600
vt 0.82056200 0.57478000
vt 0.27578300 0.60439800
vt 0.35868300 0.11199500
vt 0.18600800 0.79967500
vt 0.50469500 0.45223100
vt 0.11461400 0.03532300
vt 0.32232600 0.38412700
vt 0.49615600 0.56466100
vt 0.88549100 0.89849400
vt 0.94825700 0.93468100
vt 0.89133900 0.65836600
vt 0.12585700 0.14109000
vt 0.95180000 0.86749000
vt 0.13191400 0.11790600
vt 0.68282200 0.23587500
vt 0.17060400 0.00843300
vt 0.17897400 0.21385000
vt 0.46787700 0.53386400
vt 0.76296100 0.70010300
vt 0.90114600 0.12151300
vt 0.42011000 0.86899400
vt 0.13710600 0.51848100
vt 0.64991600 0.92183100
vt 0.19275900 0.28618600
vt 0.08157500 0.36638400
vt 0.59540900 0.39064200
vt 0.94266600 0.77053200
vt 0.93369100 0.27219700
vt 0.44729500 0.67782800
vt 0.27544700 0.76377700
vt 0.04528900 0.57272100
vt 0.15136200 0.51918800
vt 0.38552400 0.15876600
vt 0.58663800 0.91608800
vt 0.69514000 0.99557200
vt 0.94810400 0.85826200
vt 0.03099200 0.26810800
vt 0.16248600 0.06863000
vt 0.26924900 0.55445800
vt 0.30825900 0.58099700
vt 0.55789700 0.28144500
vt 0.88885500 0.91251000
vt 0.03327500 0.19605300
vt 0.11030800 0.09025000
vt 0.01294800 0.41815600
vt 0.68858000 0.22485800
vt 0.01393100 0.60537700
vt 0.46004400 0.64293800
vt 0.43082600 0.87038800
vt 0.89978100 0.27209200
vt 0.43030400 0.74598100
vt 0.91641800 0.38985900
vt 0.96383300 0.84971800
vt 0.14165600 0.02112400
vt 0.83933500 0.90330000
vt 0.87007400 0.87419400
vt 0.85031800 0.19082300
vt 0.85028000 0.17815500
vt 0.24221900 0.94208600
vt 0.16905800 0.96046600
vt 0.81367900 0.89277500
vt 0.12700700 0.86644900
vt 0.18030200 0.22600100
vt 0.93993000 0.70700900
vt 0.56405700 0.38347600
vt 0.91098100 0.78016100
vt 0.19916500 0.76236100
vt 0.98709100 0.68737700
vt 0.17788600 0.35704600
vt 0.08585700 0.17328000
vt 0.07509200 0.07285700
vt 0.28894000 0.43659300
vt 0.18296800 0.20427900
vt 0.06903800 0.10389700
vt 0.16418600 0.54917800
vt 0.10523600 0.97322300
vt 0.51647600 0.99159000
vt 0.86252800 0.96343500
vt 0.13276500 0.57080500
vt 0.06313100 0.87352300
vt 0.51643700 0.04865100
vt 0.13313400 0.66205000
vt 0.52393100 0.75228500
vt 0.20881600 0.55169300
vt 0.20322900 0.07776100
vt 0.54117900 0.67965700
vt 0.49075600 0.58045000
vt 0.04517600 0.53769200
vt 0.88699200 0.87365600
vt 0.39809100 0.44209400
vt 0.17913300 0.38361000
vt 0.30599800 0.15873000
vt 0.27311600 0.91909900
vt 0.21130000 0.48246700
vt 0.80866200 0.91803900
vt 0.55525600 0.90802800
vt 0.10627300 0.15104400
vt 0.34845000 0.80285700
vt 0.86795100 0.42435900
vt 0.93332600 0.38991200
vt 0.02894800 0.75545800
vt 0.85129000 0.50393900
vt 0.90685400 0.91777700
vt 0.71953700 0.02195700
vt 0.71963100 0.15781000
vt 0.04109200 0.32310800
vt 0.14946800 0.54825800
vt 0.10132600 0.76256800
vt 0.25838700 0.93201900
vt 0.83183900 0.18895600
vt 0.21594300 0.05239100
vt 0.14636800 0.92754800
vt 0.93415800 0.12161500
vt 0.57402100 0.15885200
vt 0.25870900 0.35567400
vt 0.94268400 0.62082700
vt 0.10433700 0.14719400
vt 0.87792500 0.66553400
vt 0.41066200 0.57733100
vt 0.93311200 0.45749900
vt 0.87299600 0.94318700
vt 0.30598300 0.19254600
vt 0.86831600 0.54207400
vt 0.34882900 0.32007100
vt 0.19484400 0.60020000
vt 0.58699300 0.11010100
vt 0.09902100 0.04092800
vt 0.12633200 0.14666700
vt 0.95069900 0.23983800
vt 0.98413700 0.83849900
vt 0.35112000 0.95794400
vt 0.34108000 0.89352000
vt 0.19273700 0.33372300
vt 0.28214300 0.60473000
vt 0.89883000 0.73447300
vt 0.11280000 0.25296700
vt 0.10838700 0.44013600
vt 0.06254500 0.68483200
vt 0.36360100 0.80379700
vt 0.95023400 0.38996400
vt 0.68954000 0.69921900
vt 0.85613200 0.86886200
vt 0.13053000 0.70009100
vt 0.47502500 0.04718300
vt 0.04575500 0.72299400
vt 0.34740000 0.19256400
vt 0.10850500 0.03993600
vt 0.83389300 0.34643500
vt 0.76009500 0.92335400
vt 0.12955400 0.36046100
vt 0.97748400 0.73568500
vt 0.62737000 0.99168000
vt 0.28068000 0.63502700
vt 0.19275100 0.30309300
vt 0.04006600 0.20617800
vt 0.69543700 0.18447500
vt 0.92314200 0.81726500
vt 0.87802100 0.61441500
vt 0.32340200 0.35728300
vt 0.15405900 0.93979700
vt 0.20136100 0.05928200
vt 0.52518800 0.67976100
vt 0.49971900 0.49749900
vt 0.41794300 0.14190300
vt 0.09712000 0.76262800
vt 0.86384600 0.69949600
vt 0.07370500 0.19165800
vt 0.28579200 0.52461200
vt 0.45300800 0.53296800
vt 0.95048100 0.31035900
vt 0.41935700 0.30319600
vt 0.92257300 0.91277200
vt 0.03461500 0.53862500
vt 0.48083000 0.58106000
vt 0.25855100 0.57112800
vt 0.84076600 0.60882700
vt 0.46077400 0.30321500
vt 0.13465700 0.25138200
vt 0.86726600 0.20349200
vt 0.13696700 0.92910600
vt 0.46848900 0.36817300
vt 0.82776300 0.73571000
vt 0.52784400 0.40342600
vt 0.74414800 0.92399000
vt 0.54322700 0.40629800
vt 0.88265800 0.57458800
vt 0.21748100 0.60148800
vt 0.16340500 0.23968900
vt 0.38544500 0.20949800
vt 0.54460300 0.75320800
vt 0.72831500 0.92434500
vt 0.35426100 0.38563600
vt 0.10601400 0.54408700
vt 0.13245300 0.01927500
vt 0.17052400 0.16652300
vt 0.41792700 0.17568900
vt 0.75381600 0.23839600
vt 0.16673700 0.06579000
vt 0.92954700 0.91251100
vt 0.72829400 0.91071400
vt 0.18814000 0.57498300
vt 0.61337700 0.10102200
vt 0.14069400 0.28820500
vt 0.29964900 0.93704800
vt 0.29178400 0.73858700
vt 0.54114900 0.75314400
vt 0.01356400 0.68498400
vt 0.45931800 0.71535500
vt 0.72905500 0.99599100
vt 0.16022100 0.27773600
vt 0.29150400 0.91939000
vt 0.83413500 0.42446400
vt 0.19492900 0.38309300
vt 0.55519000 0.58386900
vt 0.20342900 0.19152300
vt 0.92019700 0.90143200
vt 0.14597200 0.25364200
vt 0.14673800 0.25336500
vt 0.92101800 0.73006700
vt 0.21156800 0.43554400
vt 0.29484600 0.73863500
vt 0.38132000 0.26935400
vt 0.53151600 0.33553700
vt 0.35822200 0.60835700
vt 0.16355700 0.15930300
vt 0.12526700 0.02276600
vt 0.15624900 0.01651000
vt 0.67821300 0.99503600
vt 0.42901500 0.44445300
vt 0.16582500 0.51992100
vt 0.90280700 0.35162900
vt 0.43414100 0.67725100
vt 0.13697800 0.59610200
vt 0.58718600 0.04800600
vt 0.19631600 0.43562000
vt 0.37506400 0.94553500
vt 0.94348300 0.02819100
vt 0.07928500 0.75530200
vt 0.51191900 0.77964500
vt 0.23066900 0.30311000
vt 0.11866200 0.76236700
vt 0.53909900 0.78240800
vt 0.69732300 0.91101400
vt 0.58709000 0.07895300
vt 0.29105900 0.35622600
vt 0.91099400 0.61118700
vt 0.56994100 0.57914000
vt 0.08924400 0.55672700
vt 0.19929200 0.17559000
vt 0.11919100 0.73386500
vt 0.38124800 0.30317900
vt 0.54038200 0.58908500
vt 0.16619900 0.43630900
vt 0.79024000 0.90705200
vt 0.28628800 0.06111100
vt 0.02860000 0.64352000
vt 0.14632000 0.57207900
vt 0.61351500 0.05632700
vt 0.02016700 0.94394300
vt 0.43453400 0.93278900
vt 0.13438900 0.62645000
vt 0.55462900 0.04760700
vt 0.89839700 0.86403100
vt 0.97220500 0.88835600
vt 0.92738200 0.85594700
vt 0.89664200 0.97324400
vt 0.49189200 0.98310700
vt 0.13291100 0.05637900
vt 0.03931900 0.29092900
vt 0.60244500 0.91837100
vt 0.47959400 0.94248500
vt 0.07185100 0.94386800
vt 0.83438200 0.50399100
vt 0.12102300 0.03113600
vt 0.08340700 0.22217900
vt 0.61321700 0.06212400
vt 0.70180500 0.69962100
vt 0.28736100 0.48456200
vt 0.84879100 0.63002400
vt 0.35572400 0.35881400
vt 0.51634400 0.07873300
vt 0.21586900 0.10407500
vt 0.19214600 0.92189200
vt 0.82448800 0.92672100
vt 0.14325900 0.96446600
vt 0.20181700 0.01350300
vt 0.37366200 0.60904300
vt 0.16340500 0.38450400
vt 0.13456800 0.02401700
vt 0.33162900 0.52656500
vt 0.04218100 0.19897800
vt 0.85140800 0.54212600
vt 0.86523700 0.85124900
vt 0.58703800 0.09586100
vt 0.16198300 0.23795900
vt 0.19448900 0.00786800
vt 0.37073300 0.67410600
vt 0.44963400 0.61220600
vt 0.37963300 0.48889400
vt 0.18540800 0.18256600
vt 0.93700200 0.67731700
vt 0.74419800 0.92531900
vt 0.88362300 0.81763200
vt 0.96489000 0.91392700
vt 0.06276400 0.75535400
vt 0.72757900 0.02195100
vt 0.05172600 0.32918600
vt 0.72767600 0.16203100
vt 0.19293900 0.63057800
vt 0.55443400 0.11031000
vt 0.29759000 0.60546800
vt 0.53154500 0.27095600
vt 0.93947900 0.88006900
vt 0.04474700 0.19192700
vt 0.04563700 0.68488400
vt 0.89535800 0.89993100
vt 0.20789900 0.95636800
vt 0.82348800 0.84082600
vt 0.16175500 0.35791200
vt 0.98708900 0.70400700
vt 0.20915900 0.17559400
vt 0.40300700 0.96373900
vt 0.99194900 0.90786300
vt 0.77570600 0.02190000
vt 0.05172700 0.51050500
vt 0.77590000 0.16191300
vt 0.56332100 0.31919300
vt 0.34449100 0.57751500
vt 0.47480600 0.44872300
vt 0.20348200 0.17559200
vt 0.53340300 0.82308700
vt 0.61316800 0.07903300
vt 0.38255600 0.44100100
vt 0.97558800 0.93951000
vt 0.42853400 0.96792900
vt 0.06128300 0.15009900
vt 0.12457400 0.24884900
vt 0.10335600 0.80368000
vt 0.41792000 0.19259600
vt 0.51629200 0.09564100
vt 0.12124600 0.69949600
vt 0.67946400 0.18443300
vt 0.67728300 0.69871500
vt 0.40440600 0.07838600
vt 0.04778200 0.28692800
vt 0.69703200 0.92419900
vt 0.40025100 0.57775700
vt 0.94396800 0.45661300
vt 0.83460100 0.57473700
vt 0.87764900 0.85954100
vt 0.07634800 0.08215400
vt 0.11126300 0.48183400
vt 0.84565000 0.81309800
vt 0.23386000 0.95497000
vt 0.23524200 0.15869500
vt 0.04300300 0.29815200
vt 0.04303200 0.17381300
vt 0.12252600 0.06068100
vt 0.75077400 0.70020700
vt 0.10526100 0.09125400
vt 0.64734200 0.23448000
vt 0.37202900 0.80442100
vt 0.96702700 0.19427000
vt 0.89589700 0.91684900
vt 0.43687000 0.06157800
vt 0.21076100 0.38261600
vt 0.89056500 0.93079100
vt 0.63536700 0.90664600
vt 0.87415100 0.90087000
vt 0.11163800 0.03108600
vt 0.14607600 0.14956400
vt 0.27441900 0.79984800
vt 0.80112800 0.23988100
vt 0.11968600 0.05643100
vt 0.61186300 0.23300300
vt 0.01184500 0.75551100
vt 0.45596500 0.77463100
vt 0.61311200 0.09594200
vt 0.53153700 0.28633600
vt 0.93393300 0.19416800
vt 0.11457700 0.06863000
vt 0.03930200 0.18101200
vt 0.23066200 0.32001800
vt 0.34981200 0.58300600
vt 0.55787800 0.32507200
vt 0.91623500 0.44849200
vt 0.21326200 0.76248600
vt 0.88495300 0.39189500
vt 0.15737800 0.11284100
vt 0.70648500 0.23675600
vt 0.51662900 0.82028400
vt 0.87167200 0.84393300
vt 0.04520800 0.54664400
vt 0.85035800 0.20354500
vt 0.06030400 0.14219600
vt 0.11473900 0.24705900
vt 0.90431300 0.88261000
vt 0.75940800 0.90938200
vt 0.46541600 0.39464200
vt 0.02909000 0.80107600
vt 0.52538300 0.58907800
vt 0.54515200 0.71807500
vt 0.34739300 0.20750800
vt 0.17180200 0.07801800
vt 0.74198400 0.23800200
vt 0.65281900 0.69740200
vt 0.10686200 0.15218900
vt 0.08802200 0.05267100
vt 0.15453800 0.10859100
vt 0.02693800 0.23592400
vt 0.53152200 0.32015800
vt 0.44133100 0.97046800
vt 0.96297600 0.95212200
vt 0.17126700 0.01356800
vt 0.01184500 0.72309900
vt 0.45752800 0.74780700
vt 0.93097600 0.90567900
vt 0.04476500 0.28001300
vt 0.15785800 0.56558100
vt 0.62123300 0.06820900
vt 0.57112200 0.91196300
vt 0.03654200 0.22840100
vt 0.60638300 0.17577400
vt 0.92866000 0.92640100
vt 0.86020200 0.80278600
vt 0.24691700 0.95459200
vt 0.74380300 0.18431500
vt 0.36900100 0.71046500
vt 0.91653600 0.35167100
vt 0.30321300 0.32005100
vt 0.10539700 0.03603200
vt 0.13628900 0.14783700
vt 0.83303800 0.82571000
vt 0.22081000 0.95553400
vt 0.93314400 0.44854800
vt 0.28960000 0.80030500
vt 0.52500000 0.71796000
vt 0.71149400 0.02196200
vt 0.03045800 0.32918600
vt 0.71159100 0.16204200
vt 0.13488700 0.54709600
vt 0.19500100 0.95744500
vt 0.81667700 0.85735700
vt 0.42025400 0.36332300
vt 0.81814000 0.68734800
vt 0.41578900 0.96571300
vt 0.98513800 0.92439400
vt 0.09601400 0.23857000
vt 0.55360800 0.53722900
vt 0.86914600 0.88515200
vt 0.66334500 0.02198000
vt 0.03046000 0.51050500
vt 0.66334500 0.16212800
vt 0.84373600 0.85129300
vt 0.92500300 0.94758900
vt 0.93700700 0.71406700
vt 0.17399400 0.23524900
vt 0.61825800 0.92019900
vt 0.86826200 0.71405800
vt 0.07545300 0.21374400
vt 0.12855500 0.73415500
vt 0.43692100 0.04514000
vt 0.06334900 0.94380900
vt 0.24022700 0.52273200
vt 0.91631600 0.42241800
vt 0.94338900 0.91397100
vt 0.91005900 0.81471700
vt 0.06618900 0.11893400
vt 0.34742200 0.14380500
vt 0.10111100 0.69777200
vt 0.41795900 0.39003500
vt 0.31493900 0.55645000
vt 0.13064000 0.59558000
vt 0.90810200 0.05124800
vt 0.40852600 0.92864300
vt 0.93720500 0.94213000
vt 0.93344400 0.35172400
vt 0.52809100 0.50003800
vt 0.60429400 0.69361100
vt 0.29968200 0.55578500
vt 0.95005300 0.44859700
vt 0.17741300 0.17418900
vt 0.06522600 0.13420600
vt 0.37022000 0.38648100
vt 0.72834200 0.92566100
vt 0.12244100 0.43880400
vt 0.02719800 0.22782000
vt 0.14415200 0.11289200
vt 0.88124300 0.90927400
vt 0.20915100 0.19250200
vt 0.28675500 0.91925500
vt 0.83642000 0.87686400
vt 0.04585600 0.75540600
vt 0.86819800 0.50388600
vt 0.41358800 0.44317300
vt 0.66632700 0.90931800
vt 0.56747300 0.30326300
vt 0.32944800 0.57277500
vt 0.49895800 0.32014200
vt 0.93322500 0.42247000
vt 0.93276800 0.72041900
vt 0.16600400 0.24287300
vt 0.33576800 0.43846100
vt 0.57412500 0.89886700
vt 0.31260800 0.94405700
vt 0.13359300 0.30306600
vt 0.29079300 0.76432600
vt 0.91022900 0.90119000
vt 0.46680400 0.97621900
vt 0.93191900 0.96930800
vt 0.37489100 0.76836500
vt 0.96722100 0.23988900
vt 0.44438000 0.44573100
vt 0.51624900 0.10937000
vt 0.18924800 0.66580900
vt 0.18118800 0.43593000
vt 0.07105200 0.09651100
vt 0.28874500 0.89122700
vt 0.19276500 0.27246400
vt 0.45964200 0.44721700
vt 0.88842800 0.86378800
vt 0.56333500 0.28732900
vt 0.31403600 0.57604100
vt 0.44963400 0.39300700
vt 0.59343900 0.98798700
vt 0.36427700 0.48802800
vt 0.90976800 0.93241700
vt 0.95013300 0.42252200
vt 0.81974000 0.46261900
vt 0.26877300 0.70584300
vt 0.29445800 0.76445900
vt 0.34885200 0.26937800
vt 0.13211500 0.38690300
vt 0.51936000 0.45425500
vt 0.91115500 0.44875700
vt 0.43107000 0.58656600
vt 0.60450300 0.90327100
vt 0.07903600 0.87347400
vt 0.49810000 0.88207200
vt 0.11032600 0.10348200
vt 0.65916600 0.23495500
vt 0.34883700 0.30316400
vt 0.06103800 0.11827500
vt 0.09025900 0.22990300
vt 0.33351100 0.48647400
vt 0.34544400 0.55789300
vt 0.60261700 0.91705300
vt 0.85224200 0.92655400
vt 0.09760800 0.15664200
vt 0.46094600 0.61255500
vt 0.01414000 0.57281800
vt 0.55759800 0.32016600
vt 0.46352900 0.20929200
vt 0.53673800 0.82370500
vt 0.61840900 0.91886600
vt 0.48982300 0.45044900
vt 0.27442400 0.38264300
vt 0.97749600 0.65569500
vt 0.21019500 0.35595100
vt 0.51399300 0.49874200
vt 0.30599000 0.17563800
vt 0.03724300 0.25095500
vt 0.55505500 0.50264500
vt 0.34740700 0.17565700
vt 0.21015000 0.52160900
vt 0.51660300 0.67968600
vt 0.07559000 0.64337400
vt 0.52593800 0.53666300
vt 0.92719900 0.83834000
vt 0.18716000 0.20469100
vt 0.94141400 0.69187300
vt 0.25673200 0.48355800
vt 0.95289500 0.03674100
vt 0.36767100 0.93698000
vt 0.35528600 0.67335500
vt 0.12307900 0.93165000
vt 0.10573400 0.65943500
vt 0.30600500 0.14506100
vt 0.75976900 0.18434500
vt 0.29303400 0.70684600
vt 0.95651200 0.63008400
vt 0.24253300 0.35560600
vt 0.04006800 0.26574600
vt 0.14664800 0.14780200
vt 0.44357600 0.95592500
vt 0.03581700 0.96706000
vt 0.76326800 0.99532500
vt 0.38801300 0.36081800
vt 0.82776200 0.65563500
vt 0.63414600 0.92055400
vt 0.30453800 0.43716300
vt 0.15612100 0.96231200
vt 0.81761500 0.91021600
vt 0.62607800 0.17578300
vt 0.51862100 0.64421300
vt 0.07663500 0.60518300
vt 0.06623300 0.14947400
vt 0.94674100 0.82946500
vt 0.95249400 0.89635800
vt 0.55458400 0.06194400
vt 0.07910200 0.72289000
vt 0.51460200 0.75172700
vt 0.35351700 0.70966800
vt 0.83425300 0.46257400
vt 0.90647300 0.65688000
vt 0.14797300 0.14367700
vt 0.13456900 0.25009300
vt 0.06214800 0.15809100
vt 0.93638600 0.87239800
vt 0.27299900 0.95436400
vt 0.89414800 0.79197700
vt 0.13049800 0.96695100
vt 0.83480100 0.94127300
vt 0.43831400 0.61175000
vt 0.90207600 0.42237300
vt 0.11823800 0.93268800
vt 0.60656600 0.15043100
vt 0.02848200 0.60533200
vt 0.62211900 0.07906500
vt 0.16810000 0.56542400
vt 0.51233700 0.40097200
vt 0.15695800 0.24915000
vt 0.92736800 0.72581800
vt 0.89673500 0.81503000
vt 0.50428900 0.88340400
vt 0.91943300 0.93009700
vt 0.39114300 0.56017000
vt 0.65529900 0.02198000
vt 0.78374400 0.02188900
vt 0.65529900 0.15789900
vt 0.04109300 0.51658400
vt 0.78393200 0.15767700
vt 0.04550800 0.64346700
vt 0.46994400 0.58809700
vt 0.02321900 0.54643500
vt 0.55453200 0.07885200
vt 0.27056300 0.52391600
vt 0.15494500 0.24543400
vt 0.45551500 0.49392100
vt 0.53608700 0.19265000
vt 0.43382600 0.39137100
vt 0.15139300 0.43694800
vt 0.92163400 0.89156500
vt 0.29454600 0.67045000
vt 0.45153900 0.56301900
vt 0.23067700 0.28620300
vt 0.31207400 0.95543800
vt 0.94609700 0.80178500
vt 0.40632600 0.56082000
vt 0.14889300 0.01863100
vt 0.51169900 0.53603600
vt 0.07789400 0.19207100
vt 0.87357900 0.60097100
vt 0.22703200 0.57706000
vt 0.53381100 0.45639300
vt 0.17502200 0.22306300
vt 0.17855500 0.00766100
vt 0.43635400 0.36478100
vt 0.81814000 0.70399900
vt 0.88919200 0.83512300
vt 0.44185500 0.77337200
vt 0.08056600 0.17032800
vt 0.86533700 0.68435200
vt 0.37709100 0.96048600
vt 0.99494600 0.87244500
vt 0.27343700 0.85874300
vt 0.93855200 0.89102600
vt 0.91189100 0.95019100
vt 0.06740300 0.11137600
vt 0.55447900 0.09575900
vt 0.43671200 0.11239600
vt 0.18585500 0.73543500
vt 0.25847500 0.38250000
vt 0.20140900 0.86004300
vt 0.21585100 0.63187800
vt 0.88286700 0.54202900
vt 0.75294300 0.22471400
vt 0.06923700 0.42153500
vt 0.33580300 0.92144700
vt 0.16019800 0.32842100
vt 0.38125600 0.28627100
vt 0.97382500 0.82394700
vt 0.33823700 0.95700200
vt 0.91447800 0.97324400
vt 0.47941400 0.97950200
vt 0.87224000 0.89282300
vt 0.03098800 0.20382700
vt 0.11457700 0.10064200
vt 0.86052200 0.90695800
vt 0.55970200 0.98304800
vt 0.71264200 0.92571800
vt 0.85150900 0.57468500
vt 0.52189000 0.78065300
vt 0.10458200 0.69812900
vt 0.26771200 0.73766900
vt 0.81769700 0.42451500
vt 0.20244900 0.66654700
vt 0.33956700 0.35798400
vt 0.86263800 0.62077900
vt 0.77605600 0.92232100
vt 0.86188500 0.93575500
vt 0.28613300 0.11103100
vt 0.19053200 0.86066300
vt 0.66504000 0.69810900
vt 0.08189300 0.18250200
vt 0.07161700 0.08005000
vt 0.14068700 0.30307000
vt 0.82016400 0.54222300
vt 0.27426900 0.63470400
vt 0.36409500 0.95910100
vt 0.99101100 0.85500500
vt 0.54797400 0.45881500
vt 0.23258900 0.94033200
vt 0.86098200 0.18034600
vt 0.77747600 0.23915700
vt 0.14515000 0.05136600
vt 0.13497000 0.25565400
vt 0.91396100 0.73298400
vt 0.11415500 0.24882700
vt 0.84879000 0.76132100
vt 0.50051800 0.37230400
vt 0.54167300 0.71811500
vt 0.46075900 0.33379200
vt 0.35253000 0.67320500
vt 0.86036900 0.83054000
vt 0.34055600 0.92172900
vt 0.10859700 0.65976200
vt 0.92313500 0.86672600
vt 0.88142600 0.92688000
vt 0.90018300 0.19406300
vt 0.42504900 0.80877500
vt 0.82120800 0.50403200
vt 0.27077100 0.66940100
vt 0.51885400 0.61382700
vt 0.07623600 0.57262600
vt 0.87441200 0.90784400
vt 0.31811500 0.48578800
vt 0.71406800 0.69991900
vt 0.06211700 0.54659500
vt 0.27203300 0.48402200
vt 0.94329900 0.88591000
vt 0.24234100 0.43566700
vt 0.20916600 0.15868700
vt 0.61039200 0.99002600
vt 0.86849900 0.60070600
vt 0.95638300 0.83866600
vt 0.56764300 0.50393200
vt 0.09859200 0.48193400
vt 0.01224700 0.80112800
vt 0.45157500 0.81167400
vt 0.02931500 0.87362800
vt 0.26751600 0.85872300
vt 0.81776200 0.27393200
vt 0.25026300 0.93988200
vt 0.84125100 0.18040600
vt 0.27336600 0.43622300
vt 0.38615200 0.38759700
vt 0.74383700 0.91024000
vt 0.07705900 0.68478700
vt 0.51572400 0.71770900
vt 0.58714300 0.06204400
vt 0.18202300 0.95884000
vt 0.81367900 0.87493900
vt 0.90858100 0.83218100
vt 0.07786400 0.20241400
vt 0.12469700 0.48176400
vt 0.40093100 0.94073200
vt 0.91526300 0.03677000
vt 0.20439800 0.63126800
vt 0.58916700 0.90134500
vt 0.24254300 0.38233500
vt 0.46078700 0.27263700
vt 0.29730700 0.67054900
vt 0.88427700 0.73005700
vt 0.09314800 0.24189400
vt 0.21562100 0.66717500
vt 0.88192700 0.50384400
vt 0.83673200 0.89018800
vt 0.57399900 0.20638900
vt 0.51183000 0.92060100
vt 0.87791400 0.72582000
vt 0.08540300 0.23359700
vt 0.68743100 0.18461100
vt 0.79759200 0.99341300
vt 0.06738600 0.15704200
vt 0.32015200 0.43771400
vt 0.75177400 0.18011300
vt 0.75164500 0.02193200
vt 0.83450000 0.54217900
vt 0.12870300 0.76226200
vt 0.40450900 0.04495600
vt 0.25998000 0.95436500
vt 0.87670700 0.79591200
vt 0.30635600 0.38346200
vt 0.52061000 0.98089500
vt 0.63317100 0.17578600
vt 0.10206500 0.96219500
vt 0.16371200 0.01480400
vt 0.57530500 0.46447100
vt 0.09466400 0.44187200
vt 0.87251000 0.67093200
vt 0.09502700 0.15339300
vt 0.85388400 0.87834200
vt 0.18111300 0.20405000
vt 0.16271700 0.00970700
vt 0.26780600 0.15871100
vt 0.14739000 0.01387300
vt 0.17911200 0.18434300
vt 0.17888800 0.01284300
vt 0.53993100 0.53701600
vt 0.92375200 0.02813100
vt 0.39262700 0.94755500
vt 0.02872900 0.68493700
vt 0.02916100 0.26016400
vt 0.16707700 0.07895800
vt 0.15826900 0.14824900
vt 0.91396500 0.65836800
vt 0.87977200 0.88053300
vt 0.85094200 0.39200000
vt 0.06074000 0.34649500
vt 0.73572700 0.17406300
vt 0.73562200 0.02194600
vt 0.62118700 0.08962600
vt 0.17794100 0.56695500
vt 0.91746800 0.05127700
vt 0.50240700 0.94863500
vt 0.12038000 0.54577700
vt 0.55761400 0.28635100
vt 0.02920900 0.21173700
vt 0.12252500 0.10859100
vt 0.36697800 0.44010400
vt 0.57085100 0.91326800
vt 0.44052200 0.49282800
vt 0.85116800 0.84018200
vt 0.11653400 0.38848100
vt 0.54068400 0.64417700
vt 0.26777800 0.20828700
vt 0.74370700 0.18008400
vt 0.74366400 0.02194000
vt 0.54002000 0.56535500
vt 0.60639100 0.15886600
vt 0.87142000 0.82309000
vt 0.30322000 0.30314300
vt 0.26779100 0.19253100
vt 0.17667100 0.22397800
vt 0.55445400 0.56501500
vt 0.41934300 0.33504700
vt 0.35031100 0.70947400
vt 0.22634100 0.48278000
vt 0.52547700 0.56531500
vt 0.91452500 0.91468300
vt 0.49725000 0.53541700
vt 0.89856700 0.95050300
vt 0.08520600 0.22128000
vt 0.06251300 0.11045000
vt 0.48263900 0.53459700
vt 0.83345000 0.20359700
vt 0.37590700 0.74256600
vt 0.96703700 0.27230100
vt 0.87441300 0.86715200
vt 0.08691600 0.16104500
vt 0.86827500 0.67729300
vt 0.91678300 0.27214500
vt 0.42297900 0.53128600
vt 0.08014600 0.18194200
vt 0.75986100 0.18002900
vt 0.75962800 0.02192200
vt 0.69465300 0.23632100
vt 0.14514900 0.11790600
vt 0.31633600 0.52593500
vt 0.73856000 0.70021100
vt 0.16474800 0.15790800
vt 0.37593100 0.55937000
vt 0.73015100 0.23759700
vt 0.17180200 0.09125400
vt 0.27751600 0.70624100
vt 0.35190300 0.74128100
vt 0.87252100 0.72040700
vt 0.07966500 0.22405500
vt 0.11350200 0.36219400
vt 0.96824900 0.74951700
vt 0.65083900 0.90815900
vt 0.46355200 0.15880200
vt 0.35884000 0.06133600
vt 0.94842500 0.96243500
vt 0.45409100 0.97323500
vt 0.87996500 0.83881900
vt 0.87906000 0.97024600
vt 0.50426200 0.98712400
vt 0.16038100 0.30307900
vt 0.20756600 0.57591800
vt 0.20530600 0.92097900
vt 0.93437600 0.05133000
vt 0.21317700 0.73609300
vt 0.88495300 0.42430700
vt 0.15256600 0.48179500
vt 0.15433100 0.24431500
vt 0.20252100 0.00820800
vt 0.03607600 0.28349800
vt 0.14415200 0.05637900
vt 0.09021300 0.16385200
vt 0.41937100 0.27134400
vt 0.29625200 0.70694300
vt 0.28333900 0.57962200
vt 0.86770900 0.34633000
vt 0.67099300 0.23542000
vt 0.11968500 0.11284100
vt 0.83896700 0.86378100
vt 0.49896600 0.30323200
vt 0.46353700 0.19261700
vt 0.90646700 0.73448400
vt 0.12379200 0.25523400
f 335/335 387/387 281/281
f 335/335 281/281 955/955
f 192/192 1107/1107 387/387
f 192/192 387/387 335/335
f 171/171 859/859 174/174
f 171/171 174/174 927/927
f 1359/1359 163/163 1107/1107
f 1359/1359 1107/1107 192/192
f 588/588 836/836 859/859
f 588/588 859/859 171/171
f 582/582 1128/1128 163/163
f 582/582 163/163 1359/1359
f 1374/1374 111/111 700/700
f 1374/1374 700/700 1232/1232
f 1232/1232 700/700 836/836
f 1232/1232 836/836 588/588
f 443/443 244/244 1128/1128
f 443/443 1128/1128 582/582
f 365/365 103/103 111/111
f 365/365 111/111 1374/1374
f 1444/1444 963/963 244/244
f 1444/1444 244/244 443/443
f 1032/1032 967/967 103/103
f 1032/1032 103/103 365/365
f 814/814 890/890 963/963
f 814/814 963/963 1444/1444
f 955/955 281/281 967/967
f 955/955 967/967 1032/1032
f 901/901 72/72 890/890
f 901/901 890/890 814/814
f 927/927 174/174 73/73
f 927/927 73/73 902/902
f 560/560 1249/1249 888/888
f 560/560 888/888 1413/1413
f 694/694 1245/1245 378/378
f 694/694 378/378 943/943
f 54/54 564/564 378/378
f 54/54 378/378 799/799
f 564/564 904/904 943/943
f 564/564 943/943 378/378
f 745/745 736/736 729/729
f 745/745 729/729 1303/1303
f 904/904 1416/1416 1303/1303
f 904/904 1303/1303 943/943
f 32/32 640/640 475/475
f 32/32 475/475 799/799
f 1416/1416 59/59 745/745
f 1416/1416 745/745 1303/1303
f 1082/1082 1092/1092 1100/1100
f 1082/1082 1100/1100 519/519
f 59/59 1283/1283 506/506
f 59/59 506/506 745/745
f 294/294 891/891 788/788
f 294/294 788/788 479/479
f 788/788 506/506 1283/1283
f 788/788 1283/1283 822/822
f 736/736 745/745 506/506
f 736/736 506/506 240/240
f 318/318 294/294 479/479
f 318/318 479/479 1041/1041
f 686/686 888/888 1041/1041
f 686/686 1041/1041 479/479
f 1427/1427 1041/1041 888/888
f 1427/1427 888/888 1249/1249
f 1245/1245 32/32 799/799
f 1245/1245 799/799 378/378
f 519/519 913/913 951/951
f 519/519 951/951 391/391
f 542/542 1024/1024 1049/1049
f 542/542 1049/1049 1315/1315
f 1041/1041 1427/1427 568/568
f 1041/1041 568/568 318/318
f 290/290 542/542 1315/1315
f 290/290 1315/1315 1082/1082
f 1135/1135 913/913 519/519
f 1135/1135 519/519 1100/1100
f 1249/1249 951/951 913/913
f 1249/1249 913/913 1427/1427
f 476/476 1049/1049 1024/1024
f 476/476 1024/1024 241/241
f 1303/1303 729/729 694/694
f 1303/1303 694/694 943/943
f 822/822 686/686 479/479
f 822/822 479/479 788/788
f 242/242 54/54 799/799
f 242/242 799/799 475/475
f 1070/1070 1289/1289 1003/1003
f 1070/1070 1003/1003 815/815
f 641/641 39/39 1377/1377
f 641/641 1377/1377 966/966
f 441/441 1236/1236 240/240
f 441/441 240/240 891/891
f 1135/1135 568/568 1427/1427
f 1135/1135 1427/1427 913/913
f 1315/1315 112/112 1092/1092
f 1315/1315 1092/1092 1082/1082
f 332/332 38/38 640/640
f 332/332 640/640 32/32
f 1003/1003 1289/1289 697/697
f 1003/1003 697/697 301/301
f 697/697 199/199 51/51
f 697/697 51/51 301/301
f 199/199 489/489 24/24
f 199/199 24/24 51/51
f 489/489 773/773 316/316
f 489/489 316/316 24/24
f 773/773 580/580 441/441
f 773/773 441/441 316/316
f 580/580 177/177 1236/1236
f 580/580 1236/1236 441/441
f 177/177 754/754 1030/1030
f 177/177 1030/1030 1236/1236
f 754/754 531/531 847/847
f 754/754 847/847 1030/1030
f 531/531 1132/1132 49/49
f 531/531 49/49 847/847
f 1132/1132 162/162 298/298
f 1132/1132 298/298 49/49
f 162/162 1329/1329 332/332
f 162/162 332/332 298/298
f 1329/1329 157/157 38/38
f 1329/1329 38/38 332/332
f 156/156 1235/1235 1377/1377
f 156/156 1377/1377 39/39
f 1235/1235 190/190 579/579
f 1235/1235 579/579 1377/1377
f 190/190 1070/1070 815/815
f 190/190 815/815 579/579
f 1049/1049 966/966 112/112
f 1049/1049 112/112 1315/1315
f 240/240 1236/1236 1030/1030
f 240/240 1030/1030 736/736
f 1451/1451 951/951 1249/1249
f 1451/1451 1249/1249 560/560
f 966/966 1377/1377 579/579
f 966/966 579/579 112/112
f 1003/1003 301/301 1135/1135
f 1003/1003 1135/1135 1100/1100
f 736/736 1030/1030 847/847
f 736/736 847/847 729/729
f 112/112 579/579 815/815
f 112/112 815/815 1092/1092
f 1135/1135 301/301 51/51
f 1135/1135 51/51 568/568
f 441/441 891/891 294/294
f 441/441 294/294 316/316
f 332/332 32/32 1245/1245
f 332/332 1245/1245 298/298
f 318/318 24/24 316/316
f 318/318 316/316 294/294
f 694/694 49/49 298/298
f 694/694 298/298 1245/1245
f 568/568 51/51 24/24
f 568/568 24/24 318/318
f 1003/1003 1100/1100 1092/1092
f 1003/1003 1092/1092 815/815
f 49/49 694/694 729/729
f 49/49 729/729 847/847
f 240/240 506/506 788/788
f 240/240 788/788 891/891
f 1413/1413 888/888 686/686
f 1413/1413 686/686 935/935
f 935/935 686/686 822/822
f 935/935 822/822 40/40
f 40/40 822/822 1283/1283
f 40/40 1283/1283 1419/1419
f 1419/1419 1283/1283 59/59
f 1419/1419 59/59 950/950
f 950/950 59/59 1416/1416
f 950/950 1416/1416 742/742
f 742/742 1416/1416 904/904
f 742/742 904/904 359/359
f 359/359 904/904 564/564
f 359/359 564/564 1260/1260
f 1260/1260 564/564 54/54
f 1260/1260 54/54 394/394
f 394/394 54/54 242/242
f 394/394 242/242 918/918
f 920/920 241/241 1024/1024
f 920/920 1024/1024 315/315
f 315/315 1024/1024 542/542
f 315/315 542/542 389/389
f 389/389 542/542 290/290
f 389/389 290/290 906/906
f 906/906 290/290 391/391
f 906/906 391/391 1086/1086
f 589/589 170/170 388/388
f 589/589 388/388 905/905
f 1086/1086 391/391 951/951
f 1086/1086 951/951 1451/1451
f 1360/1360 193/193 1420/1420
f 1360/1360 1420/1420 949/949
f 583/583 1360/1360 949/949
f 583/583 949/949 743/743
f 1375/1375 1233/1233 1085/1085
f 1375/1375 1085/1085 1452/1452
f 1233/1233 589/589 905/905
f 1233/1233 905/905 1085/1085
f 442/442 583/583 743/743
f 442/442 743/743 358/358
f 366/366 1375/1375 1452/1452
f 366/366 1452/1452 559/559
f 1445/1445 442/442 358/358
f 1445/1445 358/358 1261/1261
f 1033/1033 366/366 559/559
f 1033/1033 559/559 1414/1414
f 813/813 1445/1445 1261/1261
f 813/813 1261/1261 393/393
f 954/954 1033/1033 1414/1414
f 954/954 1414/1414 934/934
f 903/903 813/813 393/393
f 903/903 393/393 919/919
f 336/336 954/954 934/934
f 336/336 934/934 41/41
f 926/926 903/903 919/919
f 926/926 919/919 314/314
f 193/193 336/336 41/41
f 193/193 41/41 1420/1420
f 170/170 926/926 314/314
f 170/170 314/314 388/388
f 391/391 290/290 1082/1082
f 391/391 1082/1082 519/519
f 966/966 1049/1049 476/476
f 966/966 476/476 641/641
f 591/591 1328/1328 10/10
f 342/342 1222/1222 491/491
f 984/984 852/852 651/651
f 1176/1176 870/870 997/997
f 1222/1222 143/143 1124/1124
f 1222/1222 1124/1124 491/491
f 272/272 271/271 871/871
f 272/272 871/871 869/869
f 1412/1412 1411/1411 271/271
f 1412/1412 271/271 272/272
f 1384/1384 1383/1383 1332/1332
f 1384/1384 1332/1332 1333/1333
f 83/83 81/81 985/985
f 83/83 985/985 983/983
f 396/396 395/395 81/81
f 396/396 81/81 83/83
f 887/887 431/431 452/452
f 887/887 452/452 217/217
f 1328/1328 483/483 431/431
f 1328/1328 431/431 887/887
f 701/701 395/395 483/483
f 701/701 483/483 1328/1328
f 972/972 1383/1383 1366/1366
f 972/972 1366/1366 140/140
f 491/491 1332/1332 1383/1383
f 491/491 1383/1383 972/972
f 1124/1124 1411/1411 1332/1332
f 1124/1124 1332/1332 491/491
f 869/869 871/871 1177/1177
f 869/869 1177/1177 1174/1174
f 452/452 431/431 432/432
f 452/452 432/432 454/454
f 432/432 431/431 483/483
f 432/432 483/483 484/484
f 484/484 483/483 395/395
f 484/484 395/395 396/396
f 983/983 985/985 650/650
f 983/983 650/650 649/649
f 649/649 650/650 853/853
f 649/649 853/853 851/851
f 851/851 853/853 1366/1366
f 851/851 1366/1366 1367/1367
f 1367/1367 1366/1366 1383/1383
f 1367/1367 1383/1383 1384/1384
f 1333/1333 1332/1332 1411/1411
f 1333/1333 1411/1411 1412/1412
f 996/996 998/998 452/452
f 996/996 452/452 454/454
f 143/143 271/271 1411/1411
f 143/143 1411/1411 1124/1124
f 270/270 142/142 218/218
f 270/270 218/218 453/453
f 208/208 81/81 395/395
f 208/208 395/395 701/701
f 139/139 209/209 590/590
f 139/139 590/590 343/343
f 218/218 142/142 1223/1223
f 218/218 1223/1223 9/9
f 140/140 342/342 491/491
f 140/140 491/491 972/972
f 217/217 10/10 1328/1328
f 217/217 1328/1328 887/887
f 701/701 1328/1328 591/591
f 701/701 591/591 208/208
f 9/9 1223/1223 343/343
f 9/9 343/343 590/590
f 870/870 270/270 453/453
f 870/870 453/453 997/997
f 209/209 139/139 1365/1365
f 209/209 1365/1365 82/82
f 82/82 1365/1365 852/852
f 82/82 852/852 984/984
f 1173/1173 1175/1175 998/998
f 1173/1173 998/998 996/996
f 759/759 1391/1391 1385/1385
f 351/351 797/797 77/77
f 1381/1381 631/631 502/502
f 1099/1099 876/876 511/511
f 1230/1230 276/276 1054/1054
f 189/189 812/812 1434/1434
f 1180/1180 530/530 718/718
f 210/210 1284/1284 404/404
f 105/105 206/206 804/804
f 817/817 1008/1008 277/277
f 350/350 1035/1035 760/760
f 760/760 875/875 794/794
f 1341/1341 1139/1139 188/188
f 188/188 543/543 175/175
f 276/276 520/520 1054/1054
f 405/405 355/355 211/211
f 805/805 880/880 106/106
f 873/873 444/444 1091/1091
f 929/929 769/769 44/44
f 76/76 1269/1269 1120/1120
f 3/3 399/399 643/643
f 676/676 1255/1255 1119/1119
f 430/430 288/288 1228/1228
f 1080/1080 448/448 931/931
f 893/893 126/126 1026/1026
f 1313/1313 1019/1019 1370/1370
f 275/275 1118/1118 29/29
f 930/930 872/872 1097/1097
f 872/872 1042/1042 63/63
f 1051/1051 429/429 1252/1252
f 429/429 1225/1225 427/427
f 1119/1119 1255/1255 781/781
f 125/125 892/892 1172/1172
f 1020/1020 1312/1312 867/867
f 66/66 1372/1372 738/738
f 15/15 161/161 309/309
f 278/278 1122/1122 1272/1272
f 346/346 537/537 883/883
f 830/830 1137/1137 705/705
f 514/514 62/62 1157/1157
f 747/747 1368/1368 923/923
f 965/965 803/803 821/821
f 510/510 827/827 445/445
f 656/656 706/706 325/325
f 14/14 67/67 1288/1288
f 67/67 794/794 875/875
f 1341/1341 515/515 1139/1139
f 515/515 1162/1162 1386/1386
f 705/705 1137/1137 148/148
f 802/802 964/964 652/652
f 828/828 509/509 987/987
f 1068/1068 1017/1017 1025/1025
f 585/585 128/128 856/856
f 434/434 1189/1189 1318/1318
f 406/406 981/981 436/436
f 1155/1155 654/654 1337/1337
f 749/749 116/116 375/375
f 1198/1198 1290/1290 213/213
f 721/721 540/540 534/534
f 249/249 724/724 123/123
f 114/114 1402/1402 655/655
f 586/586 1373/1373 1067/1067
f 1067/1067 63/63 1042/1042
f 1051/1051 1252/1252 748/748
f 748/748 392/392 755/755
f 654/654 1299/1299 1337/1337
f 535/535 584/584 720/720
f 124/124 979/979 248/248
f 28/28 1457/1457 1262/1262
f 28/28 1262/1262 723/723
f 1457/1457 28/28 1264/1264
f 1457/1457 1264/1264 681/681
f 397/397 456/456 681/681
f 397/397 681/681 1264/1264
f 993/993 1320/1320 456/456
f 993/993 456/456 397/397
f 330/330 1327/1327 1320/1320
f 330/330 1320/1320 993/993
f 820/820 1424/1424 1327/1327
f 820/820 1327/1327 330/330
f 762/762 390/390 723/723
f 762/762 723/723 1262/1262
f 384/384 1028/1028 348/348
f 384/384 348/348 940/940
f 260/260 1013/1013 1088/1088
f 260/260 1088/1088 158/158
f 1330/1330 1142/1142 881/881
f 1330/1330 881/881 1153/1153
f 1214/1214 619/619 465/465
f 1214/1214 465/465 1400/1400
f 1088/1088 1013/1013 1214/1214
f 1088/1088 1214/1214 1400/1400
f 881/881 1142/1142 384/384
f 881/881 384/384 940/940
f 348/348 1028/1028 260/260
f 348/348 260/260 158/158
f 12/12 1330/1330 1153/1153
f 12/12 1153/1153 137/137
f 390/390 138/138 1152/1152
f 390/390 1152/1152 723/723
f 397/397 1264/1264 941/941
f 397/397 941/941 347/347
f 1264/1264 28/28 882/882
f 1264/1264 882/882 941/941
f 155/155 820/820 1399/1399
f 155/155 1399/1399 464/464
f 820/820 330/330 1089/1089
f 820/820 1089/1089 1399/1399
f 330/330 993/993 159/159
f 330/330 159/159 1089/1089
f 993/993 397/397 347/347
f 993/993 347/347 159/159
f 680/680 457/457 532/532
f 680/680 532/532 135/135
f 1423/1423 17/17 1265/1265
f 1423/1423 1265/1265 1326/1326
f 1319/1319 268/268 532/532
f 1319/1319 532/532 457/457
f 1456/1456 680/680 135/135
f 1456/1456 135/135 611/611
f 1263/1263 1456/1456 611/611
f 1263/1263 611/611 227/227
f 1423/1423 1004/1004 727/727
f 1423/1423 727/727 17/17
f 1319/1319 1326/1326 1265/1265
f 1319/1319 1265/1265 268/268
f 155/155 1005/1005 1424/1424
f 155/155 1424/1424 820/820
f 227/227 572/572 764/764
f 227/227 764/764 1263/1263
f 1200/1200 1257/1257 474/474
f 1200/1200 474/474 730/730
f 474/474 1257/1257 487/487
f 474/474 487/487 381/381
f 1166/1166 550/550 1079/1079
f 1166/1166 1079/1079 728/728
f 728/728 1079/1079 1200/1200
f 728/728 1200/1200 730/730
f 874/874 1101/1101 504/504
f 874/874 504/504 179/179
f 944/944 1065/1065 874/874
f 944/944 874/874 179/179
f 267/267 1266/1266 504/504
f 267/267 504/504 1166/1166
f 381/381 487/487 1344/1344
f 381/381 1344/1344 400/400
f 550/550 1101/1101 494/494
f 550/550 494/494 708/708
f 1079/1079 550/550 708/708
f 1079/1079 708/708 1105/1105
f 874/874 1065/1065 1184/1184
f 874/874 1184/1184 419/419
f 1101/1101 874/874 419/419
f 1101/1101 419/419 494/494
f 487/487 1257/1257 89/89
f 487/487 89/89 1108/1108
f 1344/1344 487/487 1108/1108
f 1344/1344 1108/1108 1292/1292
f 1200/1200 1079/1079 1105/1105
f 1200/1200 1105/1105 1023/1023
f 1257/1257 1200/1200 1023/1023
f 1257/1257 1023/1023 89/89
f 1292/1292 1108/1108 994/994
f 1292/1292 994/994 99/99
f 1108/1108 89/89 1355/1355
f 1108/1108 1355/1355 994/994
f 994/994 1355/1355 1385/1385
f 994/994 1385/1385 1391/1391
f 99/99 994/994 1391/1391
f 99/99 1391/1391 417/417
f 89/89 1023/1023 1113/1113
f 89/89 1113/1113 1355/1355
f 1023/1023 1105/1105 1196/1196
f 1023/1023 1196/1196 1113/1113
f 1113/1113 1196/1196 355/355
f 1113/1113 355/355 1395/1395
f 1355/1355 1113/1113 1395/1395
f 1355/1355 1395/1395 1385/1385
f 1105/1105 708/708 1397/1397
f 1105/1105 1397/1397 1196/1196
f 708/708 494/494 1401/1401
f 708/708 1401/1401 1397/1397
f 1397/1397 1401/1401 110/110
f 1397/1397 110/110 553/553
f 1196/1196 1397/1397 553/553
f 1196/1196 553/553 355/355
f 494/494 419/419 563/563
f 494/494 563/563 1401/1401
f 419/419 1184/1184 714/714
f 419/419 714/714 563/563
f 563/563 714/714 1190/1190
f 563/563 1190/1190 70/70
f 1401/1401 563/563 70/70
f 1401/1401 70/70 110/110
f 533/533 267/267 1166/1166
f 533/533 1166/1166 728/728
f 1266/1266 18/18 179/179
f 1266/1266 179/179 504/504
f 134/134 533/533 728/728
f 134/134 728/728 730/730
f 730/730 474/474 610/610
f 730/730 610/610 134/134
f 726/726 944/944 179/179
f 726/726 179/179 18/18
f 571/571 228/228 381/381
f 571/571 381/381 400/400
f 228/228 610/610 474/474
f 228/228 474/474 381/381
f 792/792 417/417 1391/1391
f 792/792 1391/1391 759/759
f 1385/1385 1395/1395 946/946
f 1385/1385 946/946 797/797
f 405/405 946/946 1395/1395
f 405/405 1395/1395 355/355
f 1279/1279 250/250 946/946
f 1279/1279 946/946 405/405
f 797/797 946/946 250/250
f 797/797 250/250 77/77
f 355/355 553/553 632/632
f 355/355 632/632 211/211
f 632/632 553/553 110/110
f 632/632 110/110 719/719
f 110/110 70/70 1179/1179
f 110/110 1179/1179 719/719
f 70/70 1190/1190 373/373
f 70/70 373/373 1179/1179
f 373/373 843/843 1095/1095
f 373/373 1095/1095 1179/1179
f 1140/1140 231/231 250/250
f 1140/1140 250/250 1279/1279
f 1111/1111 707/707 231/231
f 1111/1111 231/231 1140/1140
f 1381/1381 231/231 707/707
f 1381/1381 707/707 631/631
f 1095/1095 843/843 508/508
f 1095/1095 508/508 593/593
f 593/593 508/508 574/574
f 593/593 574/574 499/499
f 1381/1381 77/77 250/250
f 1381/1381 250/250 231/231
f 1295/1295 141/141 594/594
f 1295/1295 594/594 42/42
f 42/42 594/594 372/372
f 42/42 372/372 805/805
f 876/876 936/936 1170/1170
f 876/876 1170/1170 511/511
f 1084/1084 1170/1170 936/936
f 1084/1084 936/936 486/486
f 295/295 1170/1170 1084/1084
f 295/295 1084/1084 816/816
f 511/511 1170/1170 295/295
f 511/511 295/295 1371/1371
f 502/502 631/631 1267/1267
f 502/502 1267/1267 947/947
f 947/947 1267/1267 751/751
f 947/947 751/751 735/735
f 631/631 707/707 982/982
f 631/631 982/982 1267/1267
f 1305/1305 982/982 707/707
f 1305/1305 707/707 1111/1111
f 1147/1147 628/628 982/982
f 1147/1147 982/982 1305/1305
f 1267/1267 982/982 628/628
f 1267/1267 628/628 751/751
f 499/499 574/574 246/246
f 499/499 246/246 753/753
f 753/753 246/246 194/194
f 753/753 194/194 961/961
f 735/735 751/751 787/787
f 735/735 787/787 425/425
f 425/425 787/787 876/876
f 425/425 876/876 1099/1099
f 784/784 1238/1238 628/628
f 784/784 628/628 1147/1147
f 486/486 936/936 1238/1238
f 486/486 1238/1238 784/784
f 1238/1238 936/936 876/876
f 1238/1238 876/876 787/787
f 628/628 1238/1238 787/787
f 628/628 787/787 751/751
f 961/961 194/194 1206/1206
f 961/961 1206/1206 922/922
f 922/922 1206/1206 141/141
f 922/922 141/141 1295/1295
f 1000/1000 1021/1021 969/969
f 1000/1000 969/969 1171/1171
f 1021/1021 555/555 8/8
f 1021/1021 8/8 969/969
f 969/969 8/8 744/744
f 969/969 744/744 717/717
f 1171/1171 969/969 717/717
f 1171/1171 717/717 1396/1396
f 555/555 438/438 1011/1011
f 555/555 1011/1011 8/8
f 438/438 849/849 168/168
f 438/438 168/168 1011/1011
f 1011/1011 168/168 411/411
f 1011/1011 411/411 962/962
f 8/8 1011/1011 962/962
f 8/8 962/962 744/744
f 666/666 229/229 912/912
f 666/666 912/912 1274/1274
f 229/229 1398/1398 516/516
f 229/229 516/516 912/912
f 912/912 516/516 529/529
f 912/912 529/529 909/909
f 1274/1274 912/912 909/909
f 1274/1274 909/909 587/587
f 1398/1398 1213/1213 1072/1072
f 1398/1398 1072/1072 516/516
f 1213/1213 1000/1000 1171/1171
f 1213/1213 1171/1171 1072/1072
f 1072/1072 1171/1171 1396/1396
f 1072/1072 1396/1396 648/648
f 516/516 1072/1072 648/648
f 516/516 648/648 529/529
f 529/529 648/648 20/20
f 529/529 20/20 909/909
f 648/648 1396/1396 1053/1053
f 648/648 1053/1053 20/20
f 20/20 1053/1053 942/942
f 20/20 942/942 861/861
f 909/909 20/20 861/861
f 909/909 861/861 587/587
f 744/744 962/962 761/761
f 744/744 761/761 717/717
f 962/962 411/411 1188/1188
f 962/962 1188/1188 761/761
f 761/761 1188/1188 942/942
f 761/761 942/942 1053/1053
f 717/717 761/761 1053/1053
f 717/717 1053/1053 1396/1396
f 1371/1371 295/295 1230/1230
f 1371/1371 1230/1230 812/812
f 1229/1229 1055/1055 1000/1000
f 1229/1229 1000/1000 1213/1213
f 811/811 1229/1229 1213/1213
f 811/811 1213/1213 1398/1398
f 189/189 1434/1434 622/622
f 189/189 622/622 1340/1340
f 1433/1433 811/811 1398/1398
f 1433/1433 1398/1398 229/229
f 623/623 1433/1433 229/229
f 623/623 229/229 666/666
f 880/880 957/957 1130/1130
f 880/880 1130/1130 106/106
f 805/805 372/372 991/991
f 805/805 991/991 880/880
f 879/879 992/992 849/849
f 879/879 849/849 438/438
f 958/958 879/879 438/438
f 958/958 438/438 555/555
f 1430/1430 958/958 555/555
f 1430/1430 555/555 1021/1021
f 1055/1055 1430/1430 1021/1021
f 1055/1055 1021/1021 1000/1000
f 1358/1358 860/860 1178/1178
f 1358/1358 1178/1178 801/801
f 960/960 289/289 1358/1358
f 960/960 1358/1358 752/752
f 860/860 683/683 113/113
f 860/860 113/113 1178/1178
f 1358/1358 289/289 690/690
f 1358/1358 690/690 860/860
f 683/683 1304/1304 1112/1112
f 683/683 1112/1112 113/113
f 860/860 690/690 172/172
f 860/860 172/172 683/683
f 1358/1358 801/801 498/498
f 1358/1358 498/498 752/752
f 172/172 1146/1146 1304/1304
f 172/172 1304/1304 683/683
f 945/945 437/437 1038/1038
f 945/945 1038/1038 646/646
f 437/437 235/235 850/850
f 437/437 850/850 1038/1038
f 1038/1038 850/850 172/172
f 1038/1038 172/172 690/690
f 850/850 235/235 485/485
f 850/850 485/485 783/783
f 1294/1294 945/945 646/646
f 1294/1294 646/646 921/921
f 172/172 850/850 783/783
f 172/172 783/783 1146/1146
f 646/646 289/289 960/960
f 646/646 960/960 921/921
f 646/646 1038/1038 690/690
f 646/646 690/690 289/289
f 530/530 173/173 576/576
f 530/530 576/576 938/938
f 1096/1096 173/173 530/530
f 1096/1096 530/530 1180/1180
f 633/633 718/718 530/530
f 633/633 530/530 938/938
f 50/50 1280/1280 404/404
f 50/50 404/404 1284/1284
f 938/938 576/576 50/50
f 938/938 50/50 1284/1284
f 1296/1296 206/206 5/5
f 1296/1296 5/5 221/221
f 625/625 1083/1083 485/485
f 625/625 485/485 235/235
f 1296/1296 221/221 437/437
f 1296/1296 437/437 945/945
f 221/221 625/625 235/235
f 221/221 235/235 437/437
f 804/804 206/206 1296/1296
f 804/804 1296/1296 43/43
f 221/221 5/5 1008/1008
f 221/221 1008/1008 625/625
f 1296/1296 945/945 1294/1294
f 1296/1296 1294/1294 43/43
f 1008/1008 817/817 1083/1083
f 1008/1008 1083/1083 625/625
f 1163/1163 97/97 576/576
f 1163/1163 576/576 173/173
f 97/97 482/482 50/50
f 97/97 50/50 576/576
f 1178/1178 113/113 482/482
f 1178/1178 482/482 97/97
f 801/801 1178/1178 97/97
f 801/801 97/97 1163/1163
f 1163/1163 173/173 1096/1096
f 1163/1163 1096/1096 592/592
f 482/482 1141/1141 1280/1280
f 482/482 1280/1280 50/50
f 482/482 113/113 1112/1112
f 482/482 1112/1112 1141/1141
f 801/801 1163/1163 592/592
f 801/801 592/592 498/498
f 1130/1130 957/957 1431/1431
f 1130/1130 1431/1431 323/323
f 277/277 322/322 324/324
f 277/277 324/324 521/521
f 1131/1131 324/324 322/322
f 1131/1131 322/322 105/105
f 105/105 322/322 5/5
f 105/105 5/5 206/206
f 322/322 277/277 1008/1008
f 322/322 1008/1008 5/5
f 1109/1109 1106/1106 667/667
f 1109/1109 667/667 691/691
f 129/129 1109/1109 691/691
f 129/129 691/691 254/254
f 691/691 948/948 734/734
f 691/691 734/734 254/254
f 691/691 667/667 503/503
f 691/691 503/503 948/948
f 734/734 426/426 884/884
f 734/734 884/884 254/254
f 1455/1455 884/884 426/426
f 1455/1455 426/426 1098/1098
f 129/129 254/254 884/884
f 129/129 884/884 741/741
f 741/741 884/884 1455/1455
f 741/741 1455/1455 424/424
f 1035/1035 21/21 477/477
f 1035/1035 477/477 866/866
f 1035/1035 866/866 875/875
f 1035/1035 875/875 760/760
f 78/78 21/21 1035/1035
f 78/78 1035/1035 350/350
f 1185/1185 364/364 232/232
f 1185/1185 232/232 145/145
f 145/145 424/424 1455/1455
f 145/145 1455/1455 1185/1185
f 543/543 968/968 232/232
f 543/543 232/232 364/364
f 364/364 1185/1185 512/512
f 364/364 512/512 1324/1324
f 175/175 543/543 364/364
f 175/175 364/364 1324/1324
f 511/511 1371/1371 176/176
f 511/511 176/176 1325/1325
f 1185/1185 1455/1455 1098/1098
f 1185/1185 1098/1098 512/512
f 1389/1389 356/356 477/477
f 1389/1389 477/477 21/21
f 1389/1389 21/21 78/78
f 1389/1389 78/78 1382/1382
f 1106/1106 356/356 1389/1389
f 1106/1106 1389/1389 667/667
f 667/667 1389/1389 1382/1382
f 667/667 1382/1382 503/503
f 968/968 543/543 188/188
f 968/968 188/188 1139/1139
f 504/504 1101/1101 550/550
f 504/504 550/550 1166/1166
f 210/210 633/633 938/938
f 210/210 938/938 1284/1284
f 323/323 1431/1431 1054/1054
f 323/323 1054/1054 520/520
f 1152/1152 882/882 28/28
f 1152/1152 28/28 723/723
f 295/295 816/816 276/276
f 295/295 276/276 1230/1230
f 176/176 1371/1371 812/812
f 176/176 812/812 189/189
f 351/351 759/759 1385/1385
f 351/351 1385/1385 797/797
f 1094/1094 642/642 662/662
f 1094/1094 662/662 1347/1347
f 1347/1347 1406/1406 1446/1446
f 1347/1347 1446/1446 1094/1094
f 446/446 1446/1446 1406/1406
f 446/446 1406/1406 1207/1207
f 1410/1410 446/446 1207/1207
f 1410/1410 1207/1207 96/96
f 1197/1197 1410/1410 96/96
f 1197/1197 96/96 712/712
f 1310/1310 1197/1197 712/712
f 1310/1310 712/712 185/185
f 165/165 662/662 642/642
f 165/165 642/642 544/544
f 255/255 26/26 616/616
f 255/255 616/616 463/463
f 896/896 1251/1251 469/469
f 896/896 469/469 471/471
f 104/104 953/953 93/93
f 104/104 93/93 497/497
f 1062/1062 293/293 465/465
f 1062/1062 465/465 619/619
f 469/469 293/293 1062/1062
f 469/469 1062/1062 471/471
f 93/93 26/26 255/255
f 93/93 255/255 497/497
f 616/616 1251/1251 896/896
f 616/616 896/896 463/463
f 341/341 220/220 953/953
f 341/341 953/953 104/104
f 544/544 642/642 952/952
f 544/544 952/952 219/219
f 446/446 615/615 27/27
f 446/446 27/27 1446/1446
f 1446/1446 27/27 94/94
f 1446/1446 94/94 1094/1094
f 155/155 464/464 292/292
f 155/155 292/292 1310/1310
f 1310/1310 292/292 468/468
f 1310/1310 468/468 1197/1197
f 1197/1197 468/468 1250/1250
f 1197/1197 1250/1250 1410/1410
f 1410/1410 1250/1250 615/615
f 1410/1410 615/615 446/446
f 1407/1407 1134/1134 480/480
f 1407/1407 480/480 1208/1208
f 184/184 711/711 1204/1204
f 184/184 1204/1204 233/233
f 95/95 1208/1208 480/480
f 95/95 480/480 990/990
f 1346/1346 380/380 1134/1134
f 1346/1346 1134/1134 1407/1407
f 663/663 824/824 380/380
f 663/663 380/380 1346/1346
f 184/184 233/233 727/727
f 184/184 727/727 1004/1004
f 95/95 990/990 1204/1204
f 95/95 1204/1204 711/711
f 155/155 1310/1310 185/185
f 155/155 185/185 1005/1005
f 824/824 663/663 166/166
f 824/824 166/166 1244/1244
f 878/878 1302/1302 1029/1029
f 878/878 1029/1029 1376/1376
f 1029/1029 737/737 247/247
f 1029/1029 247/247 1376/1376
f 1016/1016 286/286 635/635
f 1016/1016 635/635 1040/1040
f 286/286 1302/1302 878/878
f 286/286 878/878 635/635
f 1058/1058 1069/1069 1186/1186
f 1058/1058 1186/1186 774/774
f 944/944 1069/1069 1058/1058
f 944/944 1058/1058 1065/1065
f 989/989 1016/1016 1186/1186
f 989/989 1186/1186 1203/1203
f 737/737 536/536 1048/1048
f 737/737 1048/1048 247/247
f 1040/1040 205/205 196/196
f 1040/1040 196/196 774/774
f 635/635 369/369 205/205
f 635/635 205/205 1040/1040
f 1058/1058 1378/1378 1184/1184
f 1058/1058 1184/1184 1065/1065
f 774/774 196/196 1378/1378
f 774/774 1378/1378 1058/1058
f 247/247 45/45 1071/1071
f 247/247 1071/1071 1376/1376
f 1048/1048 1090/1090 45/45
f 1048/1048 45/45 247/247
f 878/878 844/844 369/369
f 878/878 369/369 635/635
f 1376/1376 1071/1071 844/844
f 1376/1376 844/844 878/878
f 1090/1090 835/835 524/524
f 1090/1090 524/524 45/45
f 45/45 524/524 488/488
f 45/45 488/488 1071/1071
f 524/524 1091/1091 444/444
f 524/524 444/444 488/488
f 835/835 528/528 1091/1091
f 835/835 1091/1091 524/524
f 1071/1071 488/488 367/367
f 1071/1071 367/367 844/844
f 844/844 367/367 361/361
f 844/844 361/361 369/369
f 367/367 1418/1418 1172/1172
f 367/367 1172/1172 361/361
f 488/488 444/444 1418/1418
f 488/488 1418/1418 367/367
f 369/369 361/361 154/154
f 369/369 154/154 205/205
f 205/205 154/154 1409/1409
f 205/205 1409/1409 196/196
f 154/154 1194/1194 53/53
f 154/154 53/53 1409/1409
f 361/361 1172/1172 1194/1194
f 361/361 1194/1194 154/154
f 196/196 1409/1409 7/7
f 196/196 7/7 1378/1378
f 1378/1378 7/7 714/714
f 1378/1378 714/714 1184/1184
f 7/7 198/198 1190/1190
f 7/7 1190/1190 714/714
f 1409/1409 53/53 198/198
f 1409/1409 198/198 7/7
f 481/481 286/286 1016/1016
f 481/481 1016/1016 989/989
f 1203/1203 1186/1186 1069/1069
f 1203/1203 1069/1069 234/234
f 1133/1133 1302/1302 286/286
f 1133/1133 286/286 481/481
f 1302/1302 1133/1133 379/379
f 1302/1302 379/379 1029/1029
f 726/726 234/234 1069/1069
f 726/726 1069/1069 944/944
f 1243/1243 536/536 737/737
f 1243/1243 737/737 825/825
f 825/825 737/737 1029/1029
f 825/825 1029/1029 379/379
f 1043/1043 873/873 1091/1091
f 1043/1043 1091/1091 528/528
f 444/444 44/44 313/313
f 444/444 313/313 1418/1418
f 125/125 1172/1172 1418/1418
f 125/125 1418/1418 313/313
f 152/152 125/125 313/313
f 152/152 313/313 832/832
f 44/44 769/769 832/832
f 44/44 832/832 313/313
f 1172/1172 892/892 664/664
f 1172/1172 664/664 1194/1194
f 664/664 449/449 53/53
f 664/664 53/53 1194/1194
f 53/53 449/449 1081/1081
f 53/53 1081/1081 198/198
f 198/198 1081/1081 373/373
f 198/198 373/373 1190/1190
f 373/373 1081/1081 1159/1159
f 373/373 1159/1159 843/843
f 122/122 152/152 832/832
f 122/122 832/832 440/440
f 308/308 122/122 440/440
f 308/308 440/440 842/842
f 76/76 1120/1120 842/842
f 76/76 842/842 440/440
f 1159/1159 79/79 508/508
f 1159/1159 508/508 843/843
f 79/79 777/777 574/574
f 79/79 574/574 508/508
f 76/76 440/440 832/832
f 76/76 832/832 769/769
f 1276/1276 566/566 594/594
f 1276/1276 594/594 141/141
f 566/566 1020/1020 372/372
f 566/566 372/372 594/594
f 643/643 399/399 321/321
f 643/643 321/321 684/684
f 333/333 907/907 684/684
f 333/333 684/684 321/321
f 204/204 274/274 333/333
f 204/204 333/333 321/321
f 399/399 1271/1271 204/204
f 399/399 204/204 321/321
f 1269/1269 1393/1393 1148/1148
f 1269/1269 1148/1148 1120/1120
f 1393/1393 522/522 1422/1422
f 1393/1393 1422/1422 1148/1148
f 1120/1120 1148/1148 973/973
f 1120/1120 973/973 842/842
f 239/239 308/308 842/842
f 239/239 842/842 973/973
f 1403/1403 239/239 973/973
f 1403/1403 973/973 130/130
f 1148/1148 1422/1422 130/130
f 1148/1148 130/130 973/973
f 777/777 266/266 246/246
f 777/777 246/246 574/574
f 266/266 596/596 194/194
f 266/266 194/194 246/246
f 522/522 222/222 280/280
f 522/522 280/280 1422/1422
f 222/222 3/3 643/643
f 222/222 643/643 280/280
f 1056/1056 1403/1403 130/130
f 1056/1056 130/130 144/144
f 907/907 1056/1056 144/144
f 907/907 144/144 684/684
f 144/144 280/280 643/643
f 144/144 643/643 684/684
f 130/130 1422/1422 280/280
f 130/130 280/280 144/144
f 596/596 132/132 1206/1206
f 596/596 1206/1206 194/194
f 132/132 1276/1276 141/141
f 132/132 141/141 1206/1206
f 327/327 558/558 284/284
f 327/327 284/284 496/496
f 496/496 284/284 470/470
f 496/496 470/470 809/809
f 284/284 858/858 1286/1286
f 284/284 1286/1286 470/470
f 558/558 1154/1154 858/858
f 558/558 858/858 284/284
f 809/809 470/470 1144/1144
f 809/809 1144/1144 357/357
f 357/357 1144/1144 168/168
f 357/357 168/168 849/849
f 1144/1144 1212/1212 411/411
f 1144/1144 411/411 168/168
f 470/470 1286/1286 1212/1212
f 470/470 1212/1212 1144/1144
f 263/263 1114/1114 120/120
f 263/263 120/120 1143/1143
f 1143/1143 120/120 450/450
f 1143/1143 450/450 1291/1291
f 120/120 810/810 545/545
f 120/120 545/545 450/450
f 1114/1114 349/349 810/810
f 1114/1114 810/810 120/120
f 1291/1291 450/450 581/581
f 1291/1291 581/581 598/598
f 598/598 581/581 558/558
f 598/598 558/558 327/327
f 581/581 30/30 1154/1154
f 581/581 1154/1154 558/558
f 450/450 545/545 30/30
f 450/450 30/30 581/581
f 545/545 810/810 1273/1273
f 545/545 1273/1273 30/30
f 30/30 1273/1273 178/178
f 30/30 178/178 1154/1154
f 1273/1273 71/71 942/942
f 1273/1273 942/942 178/178
f 810/810 349/349 71/71
f 810/810 71/71 1273/1273
f 1286/1286 858/858 455/455
f 1286/1286 455/455 1212/1212
f 1212/1212 455/455 1188/1188
f 1212/1212 1188/1188 411/411
f 455/455 178/178 942/942
f 455/455 942/942 1188/1188
f 858/858 1154/1154 178/178
f 858/858 178/178 455/455
f 1271/1271 1228/1228 676/676
f 1271/1271 676/676 204/204
f 675/675 598/598 327/327
f 675/675 327/327 1256/1256
f 1227/1227 1291/1291 598/598
f 1227/1227 598/598 675/675
f 430/430 1050/1050 1192/1192
f 430/430 1192/1192 288/288
f 287/287 1143/1143 1291/1291
f 287/287 1291/1291 1227/1227
f 1193/1193 263/263 1143/1143
f 1193/1193 1143/1143 287/287
f 867/867 1312/1312 1357/1357
f 867/867 1357/1357 517/517
f 1020/1020 867/867 991/991
f 1020/1020 991/991 372/372
f 868/868 357/357 849/849
f 868/868 849/849 992/992
f 518/518 809/809 357/357
f 518/518 357/357 868/868
f 1210/1210 496/496 809/809
f 1210/1210 809/809 518/518
f 1256/1256 327/327 496/496
f 1256/1256 496/496 1210/1210
f 46/46 974/974 1022/1022
f 46/46 1022/1022 101/101
f 595/595 265/265 46/46
f 595/595 46/46 1408/1408
f 101/101 1022/1022 153/153
f 101/101 153/153 715/715
f 46/46 101/101 573/573
f 46/46 573/573 1408/1408
f 715/715 153/153 307/307
f 715/715 307/307 238/238
f 101/101 715/715 34/34
f 101/101 34/34 573/573
f 46/46 265/265 776/776
f 46/46 776/776 974/974
f 34/34 715/715 238/238
f 34/34 238/238 1404/1404
f 291/291 13/13 52/52
f 291/291 52/52 925/925
f 925/925 52/52 674/674
f 925/925 674/674 376/376
f 52/52 573/573 34/34
f 52/52 34/34 674/674
f 674/674 1057/1057 908/908
f 674/674 908/908 376/376
f 1275/1275 131/131 13/13
f 1275/1275 13/13 291/291
f 34/34 1404/1404 1057/1057
f 34/34 1057/1057 674/674
f 13/13 131/131 595/595
f 13/13 595/595 1408/1408
f 13/13 1408/1408 573/573
f 13/13 573/573 52/52
f 931/931 980/980 1045/1045
f 931/931 1045/1045 1010/1010
f 1160/1160 1080/1080 931/931
f 1160/1160 931/931 1010/1010
f 665/665 980/980 931/931
f 665/665 931/931 448/448
f 1073/1073 1026/1026 126/126
f 1073/1073 126/126 151/151
f 980/980 1026/1026 1073/1073
f 980/980 1073/1073 1045/1045
f 33/33 658/658 1438/1438
f 33/33 1438/1438 1370/1370
f 127/127 376/376 908/908
f 127/127 908/908 334/334
f 33/33 291/291 925/925
f 33/33 925/925 658/658
f 658/658 925/925 376/376
f 658/658 376/376 127/127
f 1019/1019 565/565 33/33
f 1019/1019 33/33 1370/1370
f 658/658 127/127 29/29
f 658/658 29/29 1438/1438
f 33/33 565/565 1275/1275
f 33/33 1275/1275 291/291
f 29/29 127/127 334/334
f 29/29 334/334 275/275
f 597/597 1010/1010 1045/1045
f 597/597 1045/1045 645/645
f 645/645 1045/1045 1073/1073
f 645/645 1073/1073 685/685
f 1022/1022 645/645 685/685
f 1022/1022 685/685 153/153
f 974/974 597/597 645/645
f 974/974 645/645 1022/1022
f 597/597 80/80 1160/1160
f 597/597 1160/1160 1010/1010
f 685/685 1073/1073 151/151
f 685/685 151/151 121/121
f 685/685 121/121 307/307
f 685/685 307/307 153/153
f 974/974 776/776 80/80
f 974/974 80/80 597/597
f 1357/1357 304/304 1209/1209
f 1357/1357 1209/1209 517/517
f 1118/1118 782/782 303/303
f 1118/1118 303/303 302/302
f 1356/1356 1313/1313 302/302
f 1356/1356 302/302 303/303
f 1313/1313 1370/1370 1438/1438
f 1313/1313 1438/1438 302/302
f 302/302 1438/1438 29/29
f 302/302 29/29 1118/1118
f 716/716 264/264 297/297
f 716/716 297/297 722/722
f 796/796 360/360 264/264
f 796/796 264/264 716/716
f 264/264 360/360 523/523
f 264/264 523/523 1392/1392
f 264/264 1392/1392 1268/1268
f 264/264 1268/1268 297/297
f 523/523 360/360 669/669
f 523/523 669/669 223/223
f 975/975 4/4 223/223
f 975/975 223/223 669/669
f 796/796 1087/1087 669/669
f 796/796 669/669 360/360
f 1087/1087 1388/1388 975/975
f 1087/1087 975/975 669/669
f 1097/1097 69/69 478/478
f 1097/1097 478/478 956/956
f 1097/1097 872/872 63/63
f 1097/1097 63/63 69/69
f 768/768 930/930 1097/1097
f 768/768 1097/1097 956/956
f 928/928 785/785 699/699
f 928/928 699/699 269/269
f 785/785 928/928 975/975
f 785/785 975/975 1388/1388
f 427/427 269/269 699/699
f 427/427 699/699 1435/1435
f 269/269 678/678 398/398
f 269/269 398/398 928/928
f 1225/1225 678/678 269/269
f 1225/1225 269/269 427/427
f 399/399 677/677 1224/1224
f 399/399 1224/1224 1271/1271
f 928/928 398/398 4/4
f 928/928 4/4 975/975
f 1044/1044 956/956 478/478
f 1044/1044 478/478 1454/1454
f 1044/1044 75/75 768/768
f 1044/1044 768/768 956/956
f 722/722 297/297 1044/1044
f 722/722 1044/1044 1454/1454
f 297/297 1268/1268 75/75
f 297/297 75/75 1044/1044
f 1435/1435 1252/1252 429/429
f 1435/1435 429/429 427/427
f 1186/1186 1016/1016 1040/1040
f 1186/1186 1040/1040 774/774
f 893/893 1026/1026 980/980
f 893/893 980/980 665/665
f 304/304 781/781 1255/1255
f 304/304 1255/1255 1209/1209
f 952/952 642/642 1094/1094
f 952/952 1094/1094 94/94
f 204/204 676/676 1119/1119
f 204/204 1119/1119 274/274
f 1224/1224 430/430 1228/1228
f 1224/1224 1228/1228 1271/1271
f 929/929 44/44 444/444
f 929/929 444/444 873/873
f 733/733 1183/1183 1167/1167
f 733/733 1167/1167 1047/1047
f 1047/1047 1002/1002 362/362
f 1047/1047 362/362 733/733
f 1390/1390 362/362 1002/1002
f 1390/1390 1002/1002 608/608
f 403/403 1390/1390 608/608
f 403/403 608/608 258/258
f 618/618 403/403 258/258
f 618/618 258/258 1115/1115
f 513/513 618/618 1115/1115
f 513/513 1115/1115 182/182
f 763/763 1167/1167 1183/1183
f 763/763 1183/1183 390/390
f 102/102 328/328 1202/1202
f 102/102 1202/1202 1354/1354
f 959/959 561/561 1350/1350
f 959/959 1350/1350 1343/1343
f 831/831 1443/1443 841/841
f 831/831 841/841 447/447
f 772/772 55/55 1352/1352
f 772/772 1352/1352 1195/1195
f 1350/1350 55/55 772/772
f 1350/1350 772/772 1343/1343
f 841/841 328/328 102/102
f 841/841 102/102 447/447
f 1202/1202 561/561 959/959
f 1202/1202 959/959 1354/1354
f 11/11 136/136 1443/1443
f 11/11 1443/1443 831/831
f 390/390 1183/1183 1442/1442
f 390/390 1442/1442 138/138
f 1390/1390 1201/1201 329/329
f 1390/1390 329/329 362/362
f 362/362 329/329 840/840
f 362/362 840/840 733/733
f 201/201 1353/1353 56/56
f 201/201 56/56 513/513
f 513/513 56/56 1349/1349
f 513/513 1349/1349 618/618
f 618/618 1349/1349 562/562
f 618/618 562/562 403/403
f 403/403 562/562 1201/1201
f 403/403 1201/1201 1390/1390
f 1001/1001 696/696 472/472
f 1001/1001 472/472 609/609
f 183/183 1116/1116 613/613
f 183/183 613/613 118/118
f 259/259 609/609 472/472
f 259/259 472/472 865/865
f 1046/1046 1426/1426 696/696
f 1046/1046 696/696 1001/1001
f 1168/1168 108/108 1426/1426
f 1168/1168 1426/1426 1046/1046
f 183/183 118/118 1103/1103
f 183/183 1103/1103 846/846
f 259/259 865/865 613/613
f 259/259 613/613 1116/1116
f 201/201 513/513 182/182
f 201/201 182/182 845/845
f 108/108 1168/1168 764/764
f 108/108 764/764 572/572
f 60/60 1078/1078 1380/1380
f 60/60 1380/1380 1031/1031
f 1380/1380 200/200 682/682
f 1380/1380 682/682 1031/1031
f 833/833 65/65 1187/1187
f 833/833 1187/1187 798/798
f 65/65 1078/1078 60/60
f 65/65 60/60 1187/1187
f 780/780 758/758 636/636
f 780/780 636/636 1061/1061
f 911/911 758/758 780/780
f 911/911 780/780 765/765
f 864/864 833/833 636/636
f 864/864 636/636 614/614
f 200/200 401/401 1345/1345
f 200/200 1345/1345 682/682
f 798/798 150/150 167/167
f 798/798 167/167 1061/1061
f 1187/1187 1441/1441 150/150
f 1187/1187 150/150 798/798
f 780/780 439/439 639/639
f 780/780 639/639 765/765
f 1061/1061 167/167 439/439
f 1061/1061 439/439 780/780
f 682/682 897/897 1311/1311
f 682/682 1311/1311 1031/1031
f 1345/1345 1293/1293 897/897
f 1345/1345 897/897 682/682
f 60/60 88/88 1441/1441
f 60/60 1441/1441 1187/1187
f 1031/1031 1311/1311 88/88
f 1031/1031 88/88 60/60
f 1293/1293 100/100 420/420
f 1293/1293 420/420 897/897
f 897/897 420/420 462/462
f 897/897 462/462 1311/1311
f 420/420 738/738 1372/1372
f 420/420 1372/1372 462/462
f 100/100 418/418 738/738
f 100/100 738/738 420/420
f 1311/1311 462/462 567/567
f 1311/1311 567/567 88/88
f 88/88 567/567 577/577
f 88/88 577/577 1441/1441
f 567/567 986/986 652/652
f 567/567 652/652 577/577
f 462/462 1372/1372 986/986
f 462/462 986/986 567/567
f 1441/1441 577/577 775/775
f 1441/1441 775/775 150/150
f 150/150 775/775 402/402
f 150/150 402/402 167/167
f 775/775 620/620 296/296
f 775/775 296/296 402/402
f 577/577 652/652 620/620
f 577/577 620/620 775/775
f 167/167 402/402 344/344
f 167/167 344/344 439/439
f 439/439 344/344 1110/1110
f 439/439 1110/1110 639/639
f 344/344 164/164 629/629
f 344/344 629/629 1110/1110
f 402/402 296/296 164/164
f 402/402 164/164 344/344
f 473/473 65/65 833/833
f 473/473 833/833 864/864
f 614/614 636/636 758/758
f 614/614 758/758 119/119
f 695/695 1078/1078 65/65
f 695/695 65/65 473/473
f 1078/1078 695/695 1425/1425
f 1078/1078 1425/1425 1380/1380
f 1104/1104 119/119 758/758
f 1104/1104 758/758 911/911
f 570/570 401/401 200/200
f 570/570 200/200 109/109
f 109/109 200/200 1380/1380
f 109/109 1380/1380 1425/1425
f 793/793 66/66 738/738
f 793/793 738/738 418/418
f 1372/1372 309/309 624/624
f 1372/1372 624/624 986/986
f 802/802 652/652 986/986
f 802/802 986/986 624/624
f 778/778 802/802 624/624
f 778/778 624/624 1018/1018
f 309/309 161/161 1018/1018
f 309/309 1018/1018 624/624
f 652/652 964/964 1165/1165
f 652/652 1165/1165 620/620
f 1165/1165 1369/1369 296/296
f 1165/1165 296/296 620/620
f 296/296 1369/1369 746/746
f 296/296 746/746 164/164
f 164/164 746/746 1436/1436
f 164/164 1436/1436 629/629
f 1436/1436 746/746 670/670
f 1436/1436 670/670 91/91
f 806/806 778/778 1018/1018
f 806/806 1018/1018 505/505
f 627/627 806/806 505/505
f 627/627 505/505 92/92
f 278/278 1272/1272 92/92
f 278/278 92/92 505/505
f 670/670 854/854 1314/1314
f 670/670 1314/1314 91/91
f 854/854 1060/1060 1242/1242
f 854/854 1242/1242 1314/1314
f 278/278 505/505 1018/1018
f 278/278 1018/1018 161/161
f 549/549 1248/1248 1219/1219
f 549/549 1219/1219 215/215
f 1248/1248 828/828 1437/1437
f 1248/1248 1437/1437 1219/1219
f 883/883 537/537 607/607
f 883/883 607/607 243/243
f 23/23 37/37 243/243
f 23/23 243/243 607/607
f 725/725 657/657 23/23
f 725/725 23/23 607/607
f 537/537 1121/1121 725/725
f 537/537 725/725 607/607
f 1122/1122 1015/1015 1239/1239
f 1122/1122 1239/1239 1272/1272
f 1015/1015 422/422 386/386
f 1015/1015 386/386 1239/1239
f 1272/1272 1239/1239 886/886
f 1272/1272 886/886 92/92
f 688/688 627/627 92/92
f 688/688 92/92 886/886
f 1006/1006 688/688 886/886
f 1006/1006 886/886 795/795
f 1239/1239 386/386 795/795
f 1239/1239 795/795 886/886
f 1060/1060 84/84 107/107
f 1060/1060 107/107 1242/1242
f 84/84 1217/1217 169/169
f 84/84 169/169 107/107
f 422/422 710/710 653/653
f 422/422 653/653 386/386
f 710/710 346/346 883/883
f 710/710 883/883 653/653
f 1335/1335 1006/1006 795/795
f 1335/1335 795/795 786/786
f 37/37 1335/1335 786/786
f 37/37 786/786 243/243
f 786/786 653/653 883/883
f 786/786 883/883 243/243
f 795/795 386/386 653/653
f 795/795 653/653 786/786
f 1217/1217 225/225 612/612
f 1217/1217 612/612 169/169
f 225/225 549/549 215/215
f 225/225 215/215 612/612
f 600/600 371/371 68/68
f 600/600 68/68 1323/1323
f 1323/1323 68/68 1348/1348
f 1323/1323 1348/1348 1037/1037
f 68/68 995/995 539/539
f 68/68 539/539 1348/1348
f 371/371 1231/1231 995/995
f 371/371 995/995 68/68
f 1037/1037 1348/1348 687/687
f 1037/1037 687/687 1453/1453
f 1453/1453 687/687 195/195
f 1453/1453 195/195 999/999
f 687/687 601/601 1405/1405
f 687/687 1405/1405 195/195
f 1348/1348 539/539 601/601
f 1348/1348 601/601 687/687
f 666/666 1274/1274 230/230
f 666/666 230/230 1246/1246
f 1246/1246 230/230 495/495
f 1246/1246 495/495 1093/1093
f 230/230 1034/1034 1281/1281
f 230/230 1281/1281 495/495
f 1274/1274 587/587 1034/1034
f 1274/1274 1034/1034 230/230
f 1093/1093 495/495 1234/1234
f 1093/1093 1234/1234 331/331
f 331/331 1234/1234 371/371
f 331/331 371/371 600/600
f 1234/1234 914/914 1231/1231
f 1234/1234 1231/1231 371/371
f 495/495 1281/1281 914/914
f 495/495 914/914 1234/1234
f 1281/1281 1034/1034 554/554
f 1281/1281 554/554 914/914
f 914/914 554/554 187/187
f 914/914 187/187 1231/1231
f 554/554 861/861 942/942
f 554/554 942/942 187/187
f 1034/1034 587/587 861/861
f 1034/1034 861/861 554/554
f 539/539 995/995 1363/1363
f 539/539 1363/1363 601/601
f 601/601 1363/1363 634/634
f 601/601 634/634 1405/1405
f 1363/1363 187/187 942/942
f 1363/1363 942/942 634/634
f 995/995 1231/1231 187/187
f 995/995 187/187 1363/1363
f 1121/1121 1157/1157 830/830
f 1121/1121 830/830 725/725
f 829/829 331/331 600/600
f 829/829 600/600 1138/1138
f 1158/1158 1093/1093 331/331
f 1158/1158 331/331 829/829
f 514/514 1342/1342 621/621
f 514/514 621/621 62/62
f 61/61 1246/1246 1093/1093
f 61/61 1093/1093 1158/1158
f 623/623 666/666 1246/1246
f 623/623 1246/1246 61/61
f 987/987 509/509 459/459
f 987/987 459/459 1307/1307
f 828/828 987/987 862/862
f 828/828 862/862 1437/1437
f 988/988 1453/1453 999/999
f 988/988 999/999 863/863
f 1308/1308 1037/1037 1453/1453
f 1308/1308 1453/1453 988/988
f 606/606 1323/1323 1037/1037
f 606/606 1037/1037 1308/1308
f 1138/1138 600/600 1323/1323
f 1138/1138 1323/1323 606/606
f 305/305 885/885 826/826
f 305/305 826/826 256/256
f 1216/1216 85/85 305/305
f 1216/1216 305/305 408/408
f 256/256 826/826 203/203
f 256/256 203/203 216/216
f 305/305 256/256 363/363
f 305/305 363/363 408/408
f 216/216 203/203 626/626
f 216/216 626/626 689/689
f 256/256 216/216 910/910
f 256/256 910/910 363/363
f 305/305 85/85 1059/1059
f 305/305 1059/1059 885/885
f 910/910 216/216 689/689
f 910/910 689/689 1007/1007
f 58/58 340/340 889/889
f 58/58 889/889 19/19
f 19/19 889/889 253/253
f 19/19 253/253 1429/1429
f 889/889 363/363 910/910
f 889/889 910/910 253/253
f 253/253 1336/1336 36/36
f 253/253 36/36 1429/1429
f 548/548 226/226 340/340
f 548/548 340/340 58/58
f 910/910 1007/1007 1336/1336
f 910/910 1336/1336 253/253
f 340/340 226/226 1216/1216
f 340/340 1216/1216 408/408
f 340/340 408/408 363/363
f 340/340 363/363 889/889
f 923/923 877/877 789/789
f 923/923 789/789 839/839
f 671/671 747/747 923/923
f 671/671 923/923 839/839
f 1164/1164 877/877 923/923
f 1164/1164 923/923 1368/1368
f 1306/1306 821/821 803/803
f 1306/1306 803/803 779/779
f 877/877 821/821 1306/1306
f 877/877 1306/1306 789/789
f 317/317 273/273 370/370
f 317/317 370/370 445/445
f 800/800 1429/1429 36/36
f 800/800 36/36 22/22
f 317/317 58/58 19/19
f 317/317 19/19 273/273
f 273/273 19/19 1429/1429
f 273/273 1429/1429 800/800
f 827/827 1247/1247 317/317
f 827/827 317/317 445/445
f 273/273 800/800 325/325
f 273/273 325/325 370/370
f 317/317 1247/1247 548/548
f 317/317 548/548 58/58
f 325/325 800/800 22/22
f 325/325 22/22 656/656
f 1215/1215 839/839 789/789
f 1215/1215 789/789 1181/1181
f 1181/1181 789/789 1306/1306
f 1181/1181 1306/1306 1145/1145
f 826/826 1181/1181 1145/1145
f 826/826 1145/1145 203/203
f 885/885 1215/1215 1181/1181
f 885/885 1181/1181 826/826
f 1215/1215 855/855 671/671
f 1215/1215 671/671 839/839
f 1145/1145 1306/1306 779/779
f 1145/1145 779/779 807/807
f 1145/1145 807/807 626/626
f 1145/1145 626/626 203/203
f 885/885 1059/1059 855/855
f 885/885 855/855 1215/1215
f 459/459 48/48 605/605
f 459/459 605/605 1307/1307
f 706/706 149/149 47/47
f 706/706 47/47 630/630
f 460/460 510/510 630/630
f 460/460 630/630 47/47
f 510/510 445/445 370/370
f 510/510 370/370 630/630
f 630/630 370/370 325/325
f 630/630 325/325 706/706
f 1109/1109 87/87 637/637
f 1109/1109 637/637 1106/1106
f 129/129 578/578 87/87
f 129/129 87/87 1109/1109
f 87/87 578/578 421/421
f 87/87 421/421 1014/1014
f 87/87 1014/1014 1123/1123
f 87/87 1123/1123 637/637
f 421/421 578/578 257/257
f 421/421 257/257 709/709
f 1428/1428 345/345 709/709
f 1428/1428 709/709 257/257
f 129/129 741/741 257/257
f 129/129 257/257 578/578
f 741/741 424/424 1428/1428
f 741/741 1428/1428 257/257
f 1288/1288 866/866 477/477
f 1288/1288 477/477 900/900
f 1288/1288 67/67 875/875
f 1288/1288 875/875 866/866
f 160/160 14/14 1288/1288
f 160/160 1288/1288 900/900
f 16/16 145/145 232/232
f 16/16 232/232 659/659
f 145/145 16/16 1428/1428
f 145/145 1428/1428 424/424
f 1386/1386 659/659 232/232
f 1386/1386 232/232 968/968
f 659/659 251/251 538/538
f 659/659 538/538 16/16
f 1162/1162 251/251 659/659
f 1162/1162 659/659 1386/1386
f 537/537 252/252 1161/1161
f 537/537 1161/1161 1121/1121
f 16/16 538/538 345/345
f 16/16 345/345 1428/1428
f 1351/1351 900/900 477/477
f 1351/1351 477/477 356/356
f 1351/1351 279/279 160/160
f 1351/1351 160/160 900/900
f 1106/1106 637/637 1351/1351
f 1106/1106 1351/1351 356/356
f 637/637 1123/1123 279/279
f 637/637 279/279 1351/1351
f 968/968 1139/1139 515/515
f 968/968 515/515 1386/1386
f 636/636 833/833 798/798
f 636/636 798/798 1061/1061
f 965/965 821/821 877/877
f 965/965 877/877 1164/1164
f 48/48 148/148 1137/1137
f 48/48 1137/1137 605/605
f 1442/1442 1183/1183 733/733
f 1442/1442 733/733 840/840
f 725/725 830/830 705/705
f 725/725 705/705 657/657
f 1161/1161 514/514 1157/1157
f 1161/1161 1157/1157 1121/1121
f 15/15 309/309 1372/1372
f 15/15 1372/1372 66/66
f 326/326 353/353 557/557
f 326/326 557/557 207/207
f 353/353 326/326 1129/1129
f 353/353 1129/1129 1151/1151
f 541/541 1361/1361 1151/1151
f 541/541 1151/1151 1129/1129
f 1417/1417 500/500 1361/1361
f 1417/1417 1361/1361 541/541
f 25/25 493/493 500/500
f 25/25 500/500 1417/1417
f 1027/1027 382/382 493/493
f 1027/1027 493/493 25/25
f 165/165 544/544 207/207
f 165/165 207/207 557/557
f 551/551 819/819 2/2
f 551/551 2/2 915/915
f 90/90 834/834 739/739
f 90/90 739/739 771/771
f 490/490 692/692 976/976
f 490/490 976/976 672/672
f 599/599 1195/1195 1352/1352
f 599/599 1352/1352 412/412
f 739/739 834/834 599/599
f 739/739 599/599 412/412
f 976/976 692/692 551/551
f 976/976 551/551 915/915
f 2/2 819/819 90/90
f 2/2 90/90 771/771
f 341/341 490/490 672/672
f 341/341 672/672 220/220
f 544/544 219/219 673/673
f 544/544 673/673 207/207
f 541/541 1129/1129 916/916
f 541/541 916/916 1/1
f 1129/1129 326/326 977/977
f 1129/1129 977/977 916/916
f 201/201 1027/1027 413/413
f 201/201 413/413 1353/1353
f 1027/1027 25/25 740/740
f 1027/1027 740/740 413/413
f 25/25 1417/1417 770/770
f 25/25 770/770 740/740
f 1417/1417 541/541 1/1
f 1417/1417 1/1 770/770
f 1150/1150 1362/1362 409/409
f 1150/1150 409/409 791/791
f 383/383 338/338 1126/1126
f 383/383 1126/1126 492/492
f 501/501 661/661 409/409
f 501/501 409/409 1362/1362
f 352/352 1150/1150 791/791
f 352/352 791/791 320/320
f 556/556 352/352 320/320
f 556/556 320/320 703/703
f 383/383 846/846 1103/1103
f 383/383 1103/1103 338/338
f 501/501 492/492 1126/1126
f 501/501 1126/1126 661/661
f 201/201 845/845 382/382
f 201/201 382/382 1027/1027
f 703/703 1244/1244 166/166
f 703/703 166/166 556/556
f 617/617 1136/1136 1339/1339
f 617/617 1339/1339 202/202
f 1339/1339 1136/1136 1331/1331
f 1339/1339 1331/1331 552/552
f 1218/1218 385/385 1301/1301
f 1218/1218 1301/1301 1102/1102
f 1102/1102 1301/1301 617/617
f 1102/1102 617/617 202/202
f 64/64 1287/1287 1316/1316
f 64/64 1316/1316 186/186
f 911/911 765/765 64/64
f 911/911 64/64 186/186
f 660/660 1127/1127 1316/1316
f 660/660 1316/1316 1218/1218
f 552/552 1331/1331 1048/1048
f 552/552 1048/1048 536/536
f 385/385 1287/1287 451/451
f 385/385 451/451 1117/1117
f 1301/1301 385/385 1117/1117
f 1301/1301 1117/1117 1285/1285
f 64/64 765/765 639/639
f 64/64 639/639 1394/1394
f 1287/1287 64/64 1394/1394
f 1287/1287 1394/1394 451/451
f 1331/1331 1136/1136 261/261
f 1331/1331 261/261 1282/1282
f 1048/1048 1331/1331 1282/1282
f 1048/1048 1282/1282 1090/1090
f 617/617 1301/1301 1285/1285
f 617/617 1285/1285 823/823
f 1136/1136 617/617 823/823
f 1136/1136 823/823 261/261
f 1090/1090 1282/1282 1415/1415
f 1090/1090 1415/1415 835/835
f 1282/1282 261/261 461/461
f 1282/1282 461/461 1415/1415
f 1415/1415 461/461 1025/1025
f 1415/1415 1025/1025 1017/1017
f 835/835 1415/1415 1017/1017
f 835/835 1017/1017 528/528
f 261/261 823/823 713/713
f 261/261 713/713 461/461
f 823/823 1285/1285 1182/1182
f 823/823 1182/1182 713/713
f 713/713 1182/1182 584/584
f 713/713 584/584 98/98
f 461/461 713/713 98/98
f 461/461 98/98 1025/1025
f 1285/1285 1117/1117 415/415
f 1285/1285 415/415 1182/1182
f 1117/1117 451/451 1009/1009
f 1117/1117 1009/1009 415/415
f 415/415 1009/1009 245/245
f 415/415 245/245 377/377
f 1182/1182 415/415 377/377
f 1182/1182 377/377 584/584
f 451/451 1394/1394 368/368
f 451/451 368/368 1009/1009
f 1394/1394 639/639 1110/1110
f 1394/1394 1110/1110 368/368
f 368/368 1110/1110 629/629
f 368/368 629/629 282/282
f 1009/1009 368/368 282/282
f 1009/1009 282/282 245/245
f 410/410 660/660 1218/1218
f 410/410 1218/1218 1102/1102
f 1127/1127 339/339 186/186
f 1127/1127 186/186 1316/1316
f 790/790 410/410 1102/1102
f 790/790 1102/1102 202/202
f 202/202 1339/1339 319/319
f 202/202 319/319 790/790
f 1104/1104 911/911 186/186
f 1104/1104 186/186 339/339
f 1243/1243 704/704 552/552
f 1243/1243 552/552 536/536
f 704/704 319/319 1339/1339
f 704/704 1339/1339 552/552
f 1043/1043 528/528 1017/1017
f 1043/1043 1017/1017 1068/1068
f 1025/1025 98/98 1449/1449
f 1025/1025 1449/1449 128/128
f 535/535 1449/1449 98/98
f 535/535 98/98 584/584
f 547/547 679/679 1449/1449
f 547/547 1449/1449 535/535
f 128/128 1449/1449 679/679
f 128/128 679/679 856/856
f 584/584 377/377 300/300
f 584/584 300/300 720/720
f 300/300 377/377 245/245
f 300/300 245/245 212/212
f 245/245 282/282 1199/1199
f 245/245 1199/1199 212/212
f 282/282 629/629 1436/1436
f 282/282 1436/1436 1199/1199
f 1436/1436 91/91 732/732
f 1436/1436 732/732 1199/1199
f 1254/1254 698/698 679/679
f 1254/1254 679/679 547/547
f 1278/1278 224/224 698/698
f 1278/1278 698/698 1254/1254
f 434/434 698/698 224/224
f 434/434 224/224 1189/1189
f 732/732 91/91 1314/1314
f 732/732 1314/1314 1220/1220
f 1220/1220 1314/1314 1242/1242
f 1220/1220 1242/1242 1321/1321
f 434/434 856/856 679/679
f 434/434 679/679 698/698
f 526/526 215/215 1219/1219
f 526/526 1219/1219 311/311
f 311/311 1219/1219 1437/1437
f 311/311 1437/1437 124/124
f 981/981 917/917 1211/1211
f 981/981 1211/1211 436/436
f 1297/1297 1211/1211 917/917
f 1297/1297 917/917 466/466
f 638/638 1211/1211 1297/1297
f 638/638 1297/1297 115/115
f 436/436 1211/1211 638/638
f 436/436 638/638 1036/1036
f 1318/1318 1189/1189 1125/1125
f 1318/1318 1125/1125 1448/1448
f 1448/1448 1125/1125 750/750
f 1448/1448 750/750 766/766
f 1189/1189 224/224 1421/1421
f 1189/1189 1421/1421 1125/1125
f 1075/1075 1421/1421 224/224
f 1075/1075 224/224 1278/1278
f 1240/1240 306/306 1421/1421
f 1240/1240 1421/1421 1075/1075
f 1125/1125 1421/1421 306/306
f 1125/1125 306/306 750/750
f 1321/1321 1242/1242 107/107
f 1321/1321 107/107 180/180
f 180/180 107/107 169/169
f 180/180 169/169 1439/1439
f 766/766 750/750 1052/1052
f 766/766 1052/1052 1076/1076
f 1076/1076 1052/1052 981/981
f 1076/1076 981/981 406/406
f 146/146 575/575 306/306
f 146/146 306/306 1240/1240
f 466/466 917/917 575/575
f 466/466 575/575 146/146
f 575/575 917/917 981/981
f 575/575 981/981 1052/1052
f 306/306 575/575 1052/1052
f 306/306 1052/1052 750/750
f 1439/1439 169/169 612/612
f 1439/1439 612/612 932/932
f 932/932 612/612 215/215
f 932/932 215/215 526/526
f 848/848 1387/1387 1432/1432
f 848/848 1432/1432 1205/1205
f 1387/1387 1270/1270 937/937
f 1387/1387 937/937 1432/1432
f 1432/1432 937/937 197/197
f 1432/1432 197/197 214/214
f 1205/1205 1432/1432 214/214
f 1205/1205 214/214 416/416
f 1270/1270 1379/1379 838/838
f 1270/1270 838/838 937/937
f 1379/1379 999/999 195/195
f 1379/1379 195/195 838/838
f 838/838 195/195 1405/1405
f 838/838 1405/1405 895/895
f 937/937 838/838 895/895
f 937/937 895/895 197/197
f 263/263 702/702 31/31
f 263/263 31/31 1114/1114
f 702/702 1012/1012 1309/1309
f 702/702 1309/1309 31/31
f 31/31 1309/1309 414/414
f 31/31 414/414 35/35
f 1114/1114 31/31 35/35
f 1114/1114 35/35 349/349
f 1012/1012 1169/1169 428/428
f 1012/1012 428/428 1309/1309
f 1169/1169 848/848 1205/1205
f 1169/1169 1205/1205 428/428
f 428/428 1205/1205 416/416
f 428/428 416/416 283/283
f 1309/1309 428/428 283/283
f 1309/1309 283/283 414/414
f 414/414 283/283 337/337
f 414/414 337/337 35/35
f 283/283 416/416 808/808
f 283/283 808/808 337/337
f 337/337 808/808 942/942
f 337/337 942/942 71/71
f 35/35 337/337 71/71
f 35/35 71/71 349/349
f 197/197 895/895 1066/1066
f 197/197 1066/1066 214/214
f 895/895 1405/1405 634/634
f 895/895 634/634 1066/1066
f 1066/1066 634/634 942/942
f 1066/1066 942/942 808/808
f 214/214 1066/1066 808/808
f 214/214 808/808 416/416
f 1036/1036 638/638 1155/1155
f 1036/1036 1155/1155 116/116
f 1156/1156 1338/1338 848/848
f 1156/1156 848/848 1169/1169
f 117/117 1156/1156 1169/1169
f 117/117 1169/1169 1012/1012
f 749/749 375/375 1192/1192
f 749/749 1192/1192 1050/1050
f 374/374 117/117 1012/1012
f 374/374 1012/1012 702/702
f 1193/1193 374/374 702/702
f 1193/1193 702/702 263/263
f 979/979 899/899 1258/1258
f 979/979 1258/1258 248/248
f 124/124 1437/1437 862/862
f 124/124 862/862 979/979
f 978/978 863/863 999/999
f 978/978 999/999 1379/1379
f 898/898 978/978 1379/1379
f 898/898 1379/1379 1270/1270
f 970/970 898/898 1270/1270
f 970/970 1270/1270 1387/1387
f 1338/1338 970/970 1387/1387
f 1338/1338 1387/1387 848/848
f 458/458 74/74 647/647
f 458/458 647/647 1039/1039
f 1440/1440 644/644 458/458
f 1440/1440 458/458 181/181
f 74/74 1149/1149 818/818
f 74/74 818/818 647/647
f 458/458 644/644 237/237
f 458/458 237/237 74/74
f 1149/1149 1074/1074 1277/1277
f 1149/1149 1277/1277 818/818
f 74/74 237/237 757/757
f 74/74 757/757 1149/1149
f 458/458 1039/1039 1322/1322
f 458/458 1322/1322 181/181
f 757/757 1241/1241 1074/1074
f 757/757 1074/1074 1149/1149
f 1450/1450 507/507 1364/1364
f 1450/1450 1364/1364 285/285
f 507/507 693/693 86/86
f 507/507 86/86 1364/1364
f 1364/1364 86/86 757/757
f 1364/1364 757/757 237/237
f 86/86 693/693 467/467
f 86/86 467/467 147/147
f 527/527 1450/1450 285/285
f 527/527 285/285 933/933
f 757/757 86/86 147/147
f 757/757 147/147 1241/1241
f 285/285 644/644 1440/1440
f 285/285 1440/1440 933/933
f 285/285 1364/1364 237/237
f 285/285 237/237 644/644
f 1290/1290 191/191 1237/1237
f 1290/1290 1237/1237 6/6
f 731/731 191/191 1290/1290
f 731/731 1290/1290 1198/1198
f 299/299 213/213 1290/1290
f 299/299 1290/1290 6/6
f 894/894 546/546 534/534
f 894/894 534/534 540/540
f 6/6 1237/1237 894/894
f 6/6 894/894 540/540
f 525/525 724/724 939/939
f 525/525 939/939 133/133
f 310/310 1298/1298 467/467
f 310/310 467/467 693/693
f 525/525 133/133 507/507
f 525/525 507/507 1450/1450
f 133/133 310/310 693/693
f 133/133 693/693 507/507
f 123/123 724/724 525/525
f 123/123 525/525 312/312
f 133/133 939/939 1402/1402
f 133/133 1402/1402 310/310
f 525/525 1450/1450 527/527
f 525/525 527/527 312/312
f 1402/1402 114/114 1298/1298
f 1402/1402 1298/1298 310/310
f 668/668 837/837 1237/1237
f 668/668 1237/1237 191/191
f 837/837 1334/1334 894/894
f 837/837 894/894 1237/1237
f 647/647 818/818 1334/1334
f 647/647 1334/1334 837/837
f 1039/1039 647/647 837/837
f 1039/1039 837/837 668/668
f 668/668 191/191 731/731
f 668/668 731/731 1221/1221
f 1334/1334 1253/1253 546/546
f 1334/1334 546/546 894/894
f 1334/1334 818/818 1277/1277
f 1334/1334 1277/1277 1253/1253
f 1039/1039 668/668 1221/1221
f 1039/1039 1221/1221 1322/1322
f 1258/1258 899/899 971/971
f 1258/1258 971/971 604/604
f 655/655 602/602 603/603
f 655/655 603/603 1300/1300
f 1259/1259 603/603 602/602
f 1259/1259 602/602 249/249
f 249/249 602/602 939/939
f 249/249 939/939 724/724
f 602/602 655/655 1402/1402
f 602/602 1402/1402 939/939
f 716/716 722/722 262/262
f 716/716 262/262 236/236
f 796/796 716/716 236/236
f 796/796 236/236 1226/1226
f 236/236 1447/1447 767/767
f 236/236 767/767 1226/1226
f 236/236 262/262 1317/1317
f 236/236 1317/1317 1447/1447
f 767/767 1077/1077 57/57
f 767/767 57/57 1226/1226
f 354/354 57/57 1077/1077
f 354/354 1077/1077 407/407
f 796/796 1226/1226 57/57
f 796/796 57/57 1087/1087
f 1087/1087 57/57 354/354
f 1087/1087 354/354 1388/1388
f 1373/1373 924/924 478/478
f 1373/1373 478/478 69/69
f 1373/1373 69/69 63/63
f 1373/1373 63/63 1067/1067
f 857/857 924/924 1373/1373
f 857/857 1373/1373 586/586
f 1191/1191 569/569 699/699
f 1191/1191 699/699 785/785
f 785/785 1388/1388 354/354
f 785/785 354/354 1191/1191
f 392/392 1435/1435 699/699
f 392/392 699/699 569/569
f 569/569 1191/1191 435/435
f 569/569 435/435 1064/1064
f 755/755 392/392 569/569
f 755/755 569/569 1064/1064
f 436/436 1036/1036 756/756
f 436/436 756/756 1063/1063
f 1191/1191 354/354 407/407
f 1191/1191 407/407 435/435
f 423/423 1454/1454 478/478
f 423/423 478/478 924/924
f 423/423 924/924 857/857
f 423/423 857/857 433/433
f 722/722 1454/1454 423/423
f 722/722 423/423 262/262
f 262/262 423/423 433/433
f 262/262 433/433 1317/1317
f 1435/1435 392/392 748/748
f 1435/1435 748/748 1252/1252
f 1316/1316 1287/1287 385/385
f 1316/1316 385/385 1218/1218
f 721/721 299/299 6/6
f 721/721 6/6 540/540
f 604/604 971/971 1337/1337
f 604/604 1337/1337 1299/1299
f 673/673 977/977 326/326
f 673/673 326/326 207/207
f 638/638 115/115 654/654
f 638/638 654/654 1155/1155
f 756/756 1036/1036 116/116
f 756/756 116/116 749/749
f 585/585 1068/1068 1025/1025
f 585/585 1025/1025 128/128