# https://github.com/mikedh/trimesh
mtllib material0.mtl
usemtl material0
v -0.00713301 -0.02461601 0.01245759
v -0.00713301 -0.02461601 0.01245759
v -0.00298669 -0.00860194 0.02003273
v -0.00298669 -0.00860194 0.02003273
v 0.00773804 -0.02781905 0.01081345
v 0.00773804 -0.02781905 0.01081345
v 0.00509545 -0.02675983 0.01551500
v 0.00509545 -0.02675983 0.01551500
v 0.00660654 -0.02169209 0.01565100
v 0.00660654 -0.02169209 0.01565100
v 0.00807892 -0.08748202 0.00393945
v 0.00807892 -0.08748202 0.00393945
v 0.00249241 -0.00801017 0.00379664
v 0.00315024 0.07620019 0.00975564
v -0.00540018 -0.02576198 0.01520090
v -0.00540018 -0.02576198 0.01520090
v -0.00540018 -0.02576198 0.01520090
v -0.00540018 -0.02576198 0.01520090
v 0.00600987 -0.02215063 0.00473444
v -0.00651745 -0.03711349 0.00889480
v 0.01007429 -0.08748202 0.01268176
v 0.01007429 -0.08748202 0.01268176
v -0.00000018 -0.01993563 0.01959635
v 0.00759971 -0.02297006 0.01038233
v 0.00759971 -0.02297006 0.01038233
v -0.00601024 -0.02215063 0.01603021
v 0.00327318 -0.01394945 0.00085735
v -0.01015551 -0.00857502 0.01186002
v -0.01015551 -0.00857502 0.01186002
v -0.00705227 -0.02675885 0.01199191
v -0.00705227 -0.02675885 0.01199191
v 0.00431024 -0.03185130 0.00258809
v -0.00734664 -0.02796932 0.00870555
v -0.00734664 -0.02796932 0.00870555
v 0.00967664 -0.08713023 0.00730073
v 0.00967664 -0.08713023 0.00730073
v 0.00559076 -0.02830673 0.01555946
v 0.00559076 -0.02830673 0.01555946
v 0.00584349 -0.00862744 0.01784071
v 0.00584349 -0.00862744 0.01784071
v 0.00696399 -0.02868694 0.00653748
v -0.00698971 -0.02556388 0.01197764
v -0.00698971 -0.02556388 0.01197764
v -0.00857191 -0.00862744 0.01441983
v -0.00857191 -0.00862744 0.01441983
v 0.00141527 -0.02696661 0.01754170
v 0.00141527 -0.02696661 0.01754170
v -0.00081963 -0.02417309 0.01750420
v -0.00081963 -0.02417309 0.01750420
v 0.00838483 -0.01147684 0.00979195
v 0.00676078 -0.02556567 0.00799870
v 0.00676078 -0.02556567 0.00799870
v 0.00877241 -0.03779014 0.01391820
v -0.00594711 -0.02303259 0.01512484
v -0.00594711 -0.02303259 0.01512484
v -0.00608525 -0.01294093 0.01803785
v -0.00608525 -0.01294093 0.01803785
v -0.00728821 -0.01231778 0.01465341
v -0.00728821 -0.01231778 0.01465341
v -0.00494083 -0.03342906 0.00418918
v -0.00494083 -0.03342906 0.00418918
v 0.00527572 -0.02481363 0.01568256
v 0.00527572 -0.02481363 0.01568256
v -0.00583623 -0.02736084 0.00540971
v -0.00583623 -0.02736084 0.00540971
v 0.00307287 0.07205267 0.01099358
v 0.00169095 -0.02297005 0.00297297
v 0.00169095 -0.02297005 0.00297297
v -0.00529831 -0.02868694 0.00444832
v -0.00769015 -0.02320393 0.01122865
v -0.00769015 -0.02320393 0.01122865
v 0.00099505 -0.03195700 0.00148550
v 0.00810163 -0.01798156 0.01684331
v 0.00810163 -0.01798156 0.01684331
v -0.00071848 -0.03951454 0.00018685
v 0.00479700 -0.02531969 0.01575552
v 0.00479700 -0.02531969 0.01575552
v 0.00165807 -0.02508831 0.01764763
v 0.00165807 -0.02508831 0.01764763
v 0.00179622 -0.02898659 0.00251178
v 0.00179622 -0.02898659 0.00251178
v 0.00122836 -0.08490258 0.01918148
v 0.00464687 -0.01298539 0.00307635
v -0.00515784 -0.08713023 0.00163384
v -0.00515784 -0.08713023 0.00163384
v 0.00585762 -0.03342942 0.01408130
v 0.00585762 -0.03342942 0.01408130
v 0.00585762 -0.03342942 0.01408130
v 0.00729543 -0.02320394 0.00780828
v 0.00729543 -0.02320394 0.00780828
v 0.00678466 -0.02781905 0.01412825
v 0.00678466 -0.02781905 0.01412825
v 0.00992029 -0.03292009 0.01155725
v 0.00992029 -0.03292009 0.01155725
v -0.00844360 -0.02163284 0.01038232
v -0.00844360 -0.02163284 0.01038232
v 0.00705190 -0.02675885 0.00877273
v 0.00705190 -0.02675885 0.00877273
v -0.00891525 -0.00853713 0.01436123
v -0.00891525 -0.00853713 0.01436123
v -0.00891525 -0.00853713 0.01436123
v -0.00891525 -0.00853713 0.01436123
v 0.00748688 -0.00857502 0.00336390
v 0.00748688 -0.00857502 0.00336390
v -0.00734281 -0.03765103 0.01035247
v -0.00734281 -0.03765103 0.01035247
v -0.00000019 -0.03495183 0.00011271
v 0.00510998 -0.08766858 0.00151813
v 0.00510998 -0.08766858 0.00151813
v 0.00510998 -0.08766858 0.00151813
v 0.00056157 -0.02830672 0.00278326
v 0.00056157 -0.02830672 0.00278326
v -0.00877072 -0.01798639 0.01589579
v -0.00877072 -0.01798639 0.01589579
v 0.00195871 -0.08665366 0.02018384
v -0.00646499 -0.02011763 0.00399668
v -0.00992067 -0.03292008 0.01155725
v -0.00992067 -0.03292008 0.01155725
v 0.00983245 -0.06472696 0.01104993
v 0.00880388 -0.01294093 0.00612514
v 0.00880388 -0.01294093 0.00612514
v -0.00069524 -0.00906709 0.01844875
v -0.00069524 -0.00906709 0.01844875
v -0.00061144 0.07205267 0.01345536
v -0.01013685 -0.01369488 0.01040504
v -0.01013685 -0.01369488 0.01040504
v 0.00080751 -0.02509356 0.01778717
v 0.00080751 -0.02509356 0.01778717
v -0.00660691 -0.02169208 0.00511365
v -0.00660691 -0.02169208 0.00511365
v -0.00779346 -0.00875874 0.00793490
v -0.00779346 -0.00875874 0.00793490
v 0.00087448 -0.02602395 0.01780076
v 0.00087448 -0.02602395 0.01780076
v 0.00768977 -0.02320394 0.00953600
v 0.00768977 -0.02320394 0.00953600
v 0.00112181 -0.01438948 0.02065457
v 0.00112181 -0.01438948 0.02065457
v -0.00735056 -0.08936120 0.01393654
v 0.00621501 -0.01231585 0.00286972
v 0.00621501 -0.01231585 0.00286972
v -0.00718380 -0.02828845 0.01287482
v -0.00718380 -0.02828845 0.01287482
v -0.00188367 -0.02103684 0.01863438
v -0.00527609 -0.02481364 0.01568256
v -0.00527609 -0.02481364 0.01568256
v -0.00368148 -0.01260449 0.01997849
v 0.00246686 -0.05867337 0.01909823
v -0.00542945 -0.08644904 0.00291860
v -0.00542945 -0.08644904 0.00291860
v 0.00732669 -0.02461601 0.01160739
v 0.00732669 -0.02461601 0.01160739
v -0.00676115 -0.02556567 0.01276595
v -0.00676115 -0.02556567 0.01276595
v -0.00836129 -0.08225498 0.00586841
v -0.00836129 -0.08225498 0.00586841
v -0.00550531 -0.02371648 0.00522580
v -0.00282491 -0.02461601 0.01725290
v -0.00282491 -0.02461601 0.01725290
v -0.00932100 -0.03337048 0.01065286
v -0.00932100 -0.03337048 0.01065286
v -0.00932100 -0.03337048 0.01065286
v -0.00713434 -0.02576198 0.00916477
v -0.00713434 -0.02576198 0.00916477
v -0.00713434 -0.02576198 0.00916477
v -0.00713434 -0.02576198 0.00916477
v 0.00712545 -0.02556567 0.01116822
v 0.00712545 -0.02556567 0.01116822
v 0.00448937 -0.01799661 0.01971790
v 0.00448937 -0.01799661 0.01971790
v 0.00734627 -0.02796933 0.01205910
v 0.00734627 -0.02796933 0.01205910
v -0.00608298 -0.03190927 0.01692748
v -0.00517060 -0.02149221 0.01686582
v -0.00517060 -0.02149221 0.01686582
v -0.00567941 -0.00861665 0.01873944
v -0.00567941 -0.00861665 0.01873944
v -0.00567941 -0.00861665 0.01873944
v 0.00823390 -0.03779012 0.00572822
v -0.00302587 -0.00833410 0.00194626
v -0.00302587 -0.00833410 0.00194626
v -0.00971599 -0.01345598 0.00991261
v 0.00873395 -0.08535530 0.01424591
v 0.00722307 -0.03175646 0.00526016
v -0.00243087 -0.02602395 0.00331904
v -0.00243087 -0.02602395 0.00331904
v -0.00808225 -0.08645332 0.01478521
v -0.00808225 -0.08645332 0.01478521
v -0.00702879 -0.02145275 0.01477172
v -0.00702879 -0.02145275 0.01477172
v 0.00568275 -0.00860194 0.01873420
v 0.00568275 -0.00860194 0.01873420
v -0.00000018 -0.00794774 0.00724908
v -0.00000018 -0.00794774 0.00724908
v -0.00107054 -0.03313145 0.01771999
v -0.00683243 -0.02897088 0.01467392
v 0.00545661 -0.02763048 0.01587671
v 0.00545661 -0.02763048 0.01587671
v 0.00545661 -0.02763048 0.01587671
v -0.00729167 -0.02481276 0.00871809
v -0.00729167 -0.02481276 0.00871809
v 0.00172612 0.08999995 0.00934881
v 0.00172612 0.08999995 0.00934881
v 0.00172612 0.08999995 0.00934881
v -0.00710352 -0.08520454 0.00292348
v -0.00710352 -0.08520454 0.00292348
v 0.00661141 -0.02104268 0.01565490
v -0.00657107 -0.02763047 0.00628495
v -0.00657107 -0.02763047 0.00628495
v 0.00140252 -0.08520453 0.00017821
v 0.00857964 -0.08634636 0.00619563
v 0.00857964 -0.08634636 0.00619563
v 0.00565515 -0.02675885 0.00587235
v 0.00565515 -0.02675885 0.00587235
v -0.00260538 -0.00794776 0.00864158
v -0.00260538 -0.00794776 0.00864158
v -0.00743779 -0.03314486 0.00987652
v -0.00772249 -0.01181557 0.00791676
v 0.00924617 -0.08761691 0.00588726
v 0.00924617 -0.08761691 0.00588726
v -0.00340646 -0.03185131 0.00215267
v 0.00880566 -0.03193603 0.01197912
v -0.00089359 -0.03337389 0.00030147
v -0.00089359 -0.03337389 0.00030147
v -0.00177336 -0.03342700 0.01811798
v -0.00177336 -0.03342700 0.01811798
v 0.00188266 0.07792975 0.00807292
v 0.00188266 0.07792975 0.00807292
v -0.00552622 -0.02461601 0.01534689
v -0.00552622 -0.02461601 0.01534689
v -0.00321256 0.07620019 0.01038232
v 0.00403749 -0.02793917 0.01676114
v 0.00403749 -0.02793917 0.01676114
v 0.00403749 -0.02793917 0.01676114
v 0.00584723 -0.02614953 0.00571916
v 0.00584723 -0.02614953 0.00571916
v -0.00687313 -0.02595269 0.00753183
v -0.00687313 -0.02595269 0.00753183
v -0.00473865 -0.02297005 0.01632416
v -0.00473865 -0.02297005 0.01632416
v 0.00881746 -0.01294093 0.01461130
v 0.00881746 -0.01294093 0.01461130
v 0.00881746 -0.01294093 0.01461130
v -0.00330048 -0.02303259 0.01723545
v -0.00330048 -0.02303259 0.01723545
v 0.00671453 -0.02641606 0.00714868
v 0.00671453 -0.02641606 0.00714868
v -0.00816374 -0.01919559 0.01551346
v 0.00651364 -0.02595269 0.00678609
v 0.00651364 -0.02595269 0.00678609
v 0.00221536 -0.00795011 0.01259786
v 0.00221536 -0.00795011 0.01259786
v -0.00886273 -0.00882151 0.01014084
v -0.00886273 -0.00882151 0.01014084
v -0.00886273 -0.00882151 0.01014084
v -0.00710733 -0.02443404 0.00917853
v -0.00710733 -0.02443404 0.00917853
v -0.00732120 -0.01440406 0.01768225
v -0.00732120 -0.01440406 0.01768225
v -0.00061145 -0.00794942 0.01345536
v -0.00061145 -0.00794942 0.01345536
v 0.00603470 -0.03206041 0.00361031
v -0.00656969 -0.03714316 0.01360245
v -0.00861350 -0.08707737 0.01575665
v -0.00861350 -0.08707737 0.01575665
v -0.00861350 -0.08707737 0.01575665
v 0.00727330 -0.02898659 0.01388504
v 0.00727330 -0.02898659 0.01388504
v -0.00570127 -0.01182851 0.01656619
v -0.00570127 -0.01182851 0.01656619
v -0.00284347 -0.02509507 0.00348904
v -0.00284347 -0.02509507 0.00348904
v -0.00978021 -0.03951434 0.01335131
v -0.00978021 -0.03951434 0.01335131
v -0.00253647 -0.02320394 0.01769115
v -0.00253647 -0.02320394 0.01769115
v 0.00458309 -0.03121954 0.01767220
v 0.00495523 -0.02462584 0.01593243
v 0.00495523 -0.02462584 0.01593243
v -0.00614676 -0.02736084 0.01496554
v -0.00614676 -0.02736084 0.01496554
v -0.00755147 -0.00833410 0.01520935
v -0.00755147 -0.00833410 0.01520935
v -0.00328713 -0.08830117 0.00093252
v -0.00455468 -0.02248585 0.01679503
v -0.00954689 -0.08634636 0.01043175
v -0.00954689 -0.08634636 0.01043175
v 0.00300076 -0.08634298 0.00190391
v 0.00300076 -0.08634298 0.00190391
v -0.00657107 -0.02763048 0.01447969
v -0.00657107 -0.02763048 0.01447969
v -0.00657107 -0.02763048 0.01447969
v -0.00552336 -0.01418851 0.01911419
v -0.00552336 -0.01418851 0.01911419
v -0.00101709 -0.01298539 0.01898106
v -0.01003852 -0.08834451 0.01066591
v 0.00054919 0.07793269 0.00792222
v 0.00054919 0.07793269 0.00792222
v -0.00173978 -0.00882424 0.01907902
v -0.00173978 -0.00882424 0.01907902
v 0.00373321 -0.03119619 0.01813480
v 0.00313829 -0.02675885 0.01689943
v 0.00313829 -0.02675885 0.01689943
v 0.00506927 -0.03313145 0.01579412
v 0.00085424 -0.02481364 0.01781184
v 0.00085424 -0.02481364 0.01781184
v -0.00728217 -0.02692620 0.01021541
v -0.00728217 -0.02692620 0.01021541
v -0.00595600 -0.02163384 0.00439638
v -0.00595600 -0.02163384 0.00439638
v -0.00669615 -0.01305328 0.00279456
v -0.00669615 -0.01305328 0.00279456
v 0.00403539 0.07840739 0.00753239
v 0.00403539 0.07840739 0.00753239
v 0.00403539 0.07840739 0.00753239
v -0.00271552 -0.02145274 0.00255321
v -0.00271552 -0.02145274 0.00255321
v 0.00165807 -0.02508830 0.00311701
v 0.00165807 -0.02508830 0.00311701
v 0.00476622 -0.01147683 0.00345856
v 0.00198022 -0.08891803 0.00118604
v -0.00729253 -0.03121953 0.00580298
v -0.00729253 -0.03121953 0.00580298
v 0.00589121 -0.02796932 0.01508056
v 0.00589121 -0.02796932 0.01508056
v 0.00736114 -0.08936115 0.01391450
v -0.00285267 -0.02641467 0.00349018
v -0.00285267 -0.02641467 0.00349018
v 0.00176250 0.07619384 0.01292978
v 0.00176250 0.07619384 0.01292978
v -0.00839459 -0.03184887 0.00745401
v -0.00129046 -0.01147683 0.01868848
v -0.00129046 -0.01147683 0.01868848
v -0.00348216 -0.02881529 0.00315193
v -0.00387029 -0.02675982 0.00427232
v -0.00387029 -0.02675982 0.00427232
v 0.00235161 -0.02556567 0.00361022
v 0.00235161 -0.02556567 0.00361022
v 0.00588085 -0.02530563 0.01455052
v 0.00588085 -0.02530563 0.01455052
v -0.00232245 0.07791037 0.01225136
v -0.00232245 0.07791037 0.01225136
v 0.00727329 -0.02898659 0.00687960
v 0.00313307 0.07205267 0.01038232
v -0.00671435 -0.02508830 0.00714896
v -0.00671435 -0.02508830 0.00714896
v 0.00279080 -0.02830673 0.01747258
v 0.00279080 -0.02830673 0.01747258
v 0.00279080 -0.02830673 0.01747258
v 0.00279080 -0.02830673 0.01747258
v -0.00424201 -0.03314486 0.00425201
v -0.00991183 -0.00834726 0.01103922
v -0.00991183 -0.00834726 0.01103922
v -0.00061144 0.07205267 0.00730928
v -0.00508187 -0.08936115 0.01677311
v -0.00611366 -0.08490257 0.01682903
v -0.00611366 -0.08490257 0.01682903
v 0.00158546 -0.00832519 0.01941778
v 0.00158546 -0.00832519 0.01941778
v 0.00527598 -0.02615043 0.01568251
v 0.00527598 -0.02615043 0.01568251
v -0.00843642 -0.08895173 0.00634953
v -0.00246991 -0.02793917 0.01751623
v -0.00246991 -0.02793917 0.01751623
v -0.00674014 -0.00906709 0.01486825
v -0.00674014 -0.00906709 0.01486825
v 0.00943290 -0.01956628 0.01038232
v -0.00978033 -0.03289789 0.01261458
v 0.00399764 -0.01993560 0.00208075
v -0.00942635 -0.00827117 0.01028056
v -0.00942635 -0.00827117 0.01028056
v -0.00790530 -0.03280568 0.01572285
v -0.00790530 -0.03280568 0.01572285
v -0.00624464 -0.01142286 0.01536210
v -0.00624464 -0.01142286 0.01536210
v 0.00608704 -0.03121953 0.01647283
v 0.00608704 -0.03121953 0.01647283
v -0.00313866 -0.02675885 0.01689943
v -0.00313866 -0.02675885 0.01689943
v -0.00153206 -0.03206041 0.00144178
v 0.00694725 -0.02272657 0.01367145
v 0.00694725 -0.02272657 0.01367145
v 0.00694725 -0.02272657 0.01367145
v 0.00694725 -0.02272657 0.01367145
v -0.00579773 -0.00827116 0.00294921
v -0.00579773 -0.00827116 0.00294921
v 0.00226119 0.08999995 0.00958258
v 0.00226119 0.08999995 0.00958258
v 0.00226119 0.08999995 0.00958258
v 0.00226119 0.08999995 0.01109153
v 0.00226119 0.08999995 0.01109153
v 0.00096644 -0.02163384 0.00199371
v 0.00096644 -0.02163384 0.00199371
v 0.00642743 -0.02828845 0.01444465
v 0.00642743 -0.02828845 0.01444465
v -0.00129405 -0.00884746 0.01869242
v -0.00129405 -0.00884746 0.01869242
v -0.00129405 -0.00884746 0.01869242
v -0.00129405 -0.00884746 0.01869242
v -0.00319412 -0.08499548 0.02017688
v 0.00121153 -0.02398607 0.00325502
v 0.00121153 -0.02398607 0.00325502
v 0.00121153 -0.02398607 0.00325502
v -0.00435276 -0.03289789 0.01942054
v -0.00534914 -0.00832519 0.00292964
v -0.00534914 -0.00832519 0.00292964
v -0.00615457 -0.03277249 0.01790535
v -0.00615457 -0.03277249 0.01790535
v -0.00615457 -0.03277249 0.01790535
v -0.00615457 -0.03277249 0.01790535
v 0.00824434 -0.02104268 0.01226408
v 0.00175730 -0.01305328 0.00041632
v 0.00175730 -0.01305328 0.00041632
v -0.00954574 -0.08535530 0.01069096
v -0.00954574 -0.08535530 0.01069096
v -0.00954574 -0.08535530 0.01069096
v 0.00652534 -0.03458236 0.01362455
v -0.00599111 -0.08634636 0.00294923
v -0.00599111 -0.08634636 0.00294923
v 0.00778342 -0.07099670 0.01413563
v 0.00778342 -0.07099670 0.01413563
v -0.00205677 -0.02462584 0.00323177
v -0.00205677 -0.02462584 0.00323177
v -0.00112273 -0.06891372 0.01850357
v 0.00361025 -0.02461601 0.01687453
v 0.00361025 -0.02461601 0.01687453
v -0.00979165 -0.01150605 0.01069780
v -0.00979165 -0.01150605 0.01069780
v 0.00288693 -0.01181556 0.00280753
v 0.00288693 -0.01181556 0.00280753
v 0.00839078 -0.08278250 0.00586523
v 0.00061109 0.07205267 0.00730928
v -0.00166756 -0.08541032 0.00037141
v -0.00670740 -0.02566631 0.00781486
v -0.00670740 -0.02566631 0.00781486
v -0.00881783 -0.01294093 0.01461130
v -0.00881783 -0.01294093 0.01461130
v -0.00245392 -0.02481363 0.00331784
v -0.00245392 -0.02481363 0.00331784
v -0.00726558 -0.02248585 0.00736899
v 0.00220563 -0.08891803 0.01952716
v 0.00977888 -0.08766858 0.00737276
v 0.00977888 -0.08766858 0.00737276
v 0.00716819 -0.02556658 0.01038232
v -0.00870745 -0.01231584 0.00599467
v -0.00870745 -0.01231584 0.00599467
v -0.00870745 -0.01231584 0.00599467
v -0.00705352 -0.02615044 0.01286838
v -0.00705352 -0.02615044 0.01286838
v -0.00220624 -0.01180424 0.00180438
v 0.00947448 -0.00862744 0.01046379
v 0.00947448 -0.00862744 0.01046379
v 0.00902303 -0.02011766 0.00930932
v 0.00457371 0.07843626 0.01289953
v 0.00457371 0.07843626 0.01289953
v 0.00457371 0.07843626 0.01289953
v 0.00457371 0.07843626 0.00786512
v 0.00457371 0.07843626 0.00786512
v 0.00457371 0.07843626 0.00786512
v 0.01007895 -0.06089488 0.01134818
v 0.01007895 -0.06089488 0.01134818
v 0.00570964 -0.08179051 0.00330736
v -0.00300115 -0.08634298 0.00190391
v -0.00300115 -0.08634298 0.00190391
v -0.00300115 -0.08634298 0.00190391
v 0.00253649 -0.08278251 0.01956806
v 0.00253649 -0.08278251 0.01956806
v -0.00866389 -0.03141799 0.01038232
v -0.00866389 -0.03141799 0.01038232
v 0.00732711 -0.08634927 0.01547304
v 0.00732711 -0.08634927 0.01547304
v -0.00229206 -0.01831227 0.00034098
v -0.00229206 -0.01831227 0.00034098
v -0.00311082 -0.02556388 0.00392303
v -0.00311082 -0.02556388 0.00392303
v 0.00703919 -0.06089409 0.00310434
v 0.00479699 -0.02441977 0.01575549
v 0.00479699 -0.02441977 0.01575549
v 0.00311046 -0.02417487 0.01684164
v 0.00311046 -0.02417487 0.01684164
v 0.00236799 -0.03292284 0.00099232
v 0.00236799 -0.03292284 0.00099232
v -0.00373358 -0.03119619 0.01813480
v -0.00373358 -0.03119619 0.01813480
v -0.00227795 -0.01369488 0.02025978
v -0.00227795 -0.01369488 0.02025978
v -0.00286383 -0.08663547 0.02025571
v -0.00286383 -0.08663547 0.02025571
v -0.00674986 -0.02433274 0.00798732
v -0.00674986 -0.02433274 0.00798732
v -0.00674986 -0.02433274 0.00798732
v -0.00674986 -0.02433274 0.00798732
v 0.00794820 -0.05867309 0.00603767
v -0.00922065 -0.08644904 0.00997353
v -0.00922065 -0.08644904 0.00997353
v -0.00349634 -0.02576198 0.00404548
v -0.00349634 -0.02576198 0.00404548
v -0.00349634 -0.02576198 0.00404548
v -0.00349634 -0.02576198 0.00404548
v 0.00666067 -0.00868428 0.01518217
v 0.00896423 -0.08642280 0.00569385
v 0.00896423 -0.08642280 0.00569385
v 0.00402832 -0.02828845 0.01683120
v 0.00402832 -0.02828845 0.01683120
v 0.00402832 -0.02828845 0.01683120
v 0.00601281 -0.03293465 0.01809893
v 0.00601281 -0.03293465 0.01809893
v 0.00436807 -0.03344146 0.00448615
v 0.00436807 -0.03344146 0.00448615
v 0.00932487 -0.01305328 0.01431339
v 0.00932487 -0.01305328 0.01431339
v -0.00727367 -0.02898658 0.01388504
v 0.00808271 -0.06245595 0.01387309
v -0.00785351 -0.02248586 0.00994490
v 0.00607880 -0.02556567 0.01418209
v 0.00607880 -0.02556567 0.01418209
v -0.00621326 -0.01231799 0.00286972
v 0.00124513 -0.00811740 0.00132282
v 0.00963595 -0.08520454 0.01402049
v 0.00963595 -0.08520454 0.01402049
v 0.00688564 -0.02248586 0.01418382
v -0.00000019 -0.02104268 0.01883887
v -0.00182970 -0.08936120 0.00242536
v 0.00988468 -0.03504334 0.01129408
v 0.00988468 -0.03504334 0.01129408
v -0.00122643 0.07793156 0.01265673
v -0.00122643 0.07793156 0.01265673
v -0.00567316 -0.02879339 0.01605089
v 0.01007283 -0.00860195 0.01114654
v 0.01007283 -0.00860195 0.01114654
v 0.01007283 -0.00860195 0.01114654
v -0.00912315 -0.01369488 0.00596372
v -0.00912315 -0.01369488 0.00596372
v 0.00785925 -0.00811740 0.00570743
v 0.00853623 -0.01260447 0.00465798
v 0.00853623 -0.01260447 0.00465798
v -0.00729180 -0.02614953 0.00871806
v -0.00729180 -0.02614953 0.00871806
v 0.00057660 -0.01843897 0.02060063
v 0.00289880 -0.08285703 0.02005159
v 0.00289880 -0.08285703 0.02005159
v 0.00182795 -0.08936115 0.01833992
v 0.00815034 -0.01255305 0.00915503
v 0.00815034 -0.01255305 0.00915503
v -0.00253267 -0.02763048 0.00306444
v -0.00253267 -0.02763048 0.00306444
v -0.00253267 -0.02763048 0.00306444
v 0.00460610 -0.02868694 0.01686805
v 0.00236384 -0.02675983 0.00354703
v 0.00236384 -0.02675983 0.00354703
v 0.00201196 -0.08509958 0.01936196
v 0.00927920 -0.08761691 0.01480879
v 0.00927920 -0.08761691 0.01480879
v 0.00492882 -0.02566631 0.01560568
v 0.00492882 -0.02566631 0.01560568
v 0.00648030 -0.08834450 0.00271084
v 0.00705293 -0.02481364 0.00789610
v 0.00705293 -0.02481364 0.00789610
v 0.00798992 -0.03738733 0.01067900
v -0.00096196 -0.02011760 0.00134653
v -0.00667498 -0.02730639 0.00669725
v 0.00619266 -0.08535530 0.00311175
v 0.00619266 -0.08535530 0.00311175
v 0.00666473 -0.02696661 0.01335540
v 0.00666473 -0.02696661 0.01335540
v 0.00666473 -0.02696661 0.01335540
v 0.00666473 -0.02696661 0.01335540
v 0.00977996 -0.03289789 0.01261458
v -0.00236421 -0.02675983 0.00354703
v -0.00236421 -0.02675983 0.00354703
v 0.00639448 -0.02659182 0.01377390
v 0.00639448 -0.02659182 0.01377390
v 0.00639448 -0.02659182 0.01377390
v 0.00639448 -0.02659182 0.01377390
v 0.00570923 -0.01180423 0.01715362
v 0.00570923 -0.01180423 0.01715362
v -0.00630612 -0.02441976 0.01386357
v -0.00630612 -0.02441976 0.01386357
v 0.00864488 -0.00834726 0.00548998
v 0.00864488 -0.00834726 0.00548998
v -0.00307321 0.07205267 0.01099359
v -0.00719212 -0.02531968 0.01078278
v -0.00719212 -0.02531968 0.01078278
v -0.00230571 -0.01784764 0.00028114
v 0.01013648 -0.01369488 0.01040504
v 0.01013648 -0.01369488 0.01040504
v 0.00209888 -0.01956630 0.00118576
v -0.00000020 -0.09000000 0.01038232
v -0.00788416 -0.00882424 0.01444455
v -0.00788416 -0.00882424 0.01444455
v 0.00672716 -0.03119619 0.01574720
v 0.00672716 -0.03119619 0.01574720
v 0.00851495 -0.03337048 0.01418273
v 0.00851495 -0.03337048 0.01418273
v 0.00345114 0.07796671 0.01068697
v -0.00221952 -0.03313145 0.00330691
v 0.00646462 -0.02011763 0.00399668
v 0.00174055 -0.00794817 0.01298752
v 0.00174055 -0.00794817 0.01298752
v 0.00174055 -0.00794817 0.01298752
v -0.00681105 -0.01255305 0.01502445
v -0.00681105 -0.01255305 0.01502445
v 0.00642150 -0.01831227 0.01843486
v 0.00642150 -0.01831227 0.01843486
v -0.01036077 -0.01784807 0.01037579
v 0.00313678 -0.02781205 0.01746868
v 0.00313678 -0.02781205 0.01746868
v 0.00313678 -0.02781205 0.01746868
v 0.01029939 -0.01831227 0.01038232
v 0.01029939 -0.01831227 0.01038232
v -0.00687297 -0.02462584 0.00753192
v -0.00687297 -0.02462584 0.00753192
v -0.00221572 -0.00794945 0.01259786
v -0.00221572 -0.00794945 0.01259786
v 0.00290027 -0.03711345 0.00435947
v 0.00290027 -0.03711345 0.00435947
v -0.00169379 -0.02830305 0.01780251
v -0.00169379 -0.02830305 0.01780251
v 0.00473827 -0.02297005 0.01632416
v 0.00473827 -0.02297005 0.01632416
v 0.00807404 -0.03208418 0.00617902
v -0.00581683 -0.00871758 0.00308769
v -0.00581683 -0.00871758 0.00308769
v 0.00706300 -0.03458128 0.00673900
v -0.00930175 -0.03504333 0.01384974
v 0.00644206 -0.01434114 0.00229875
v 0.00644206 -0.01434114 0.00229875
v -0.00165844 -0.02508831 0.01764763
v -0.00165844 -0.02508831 0.01764763
v 0.01006471 -0.00864666 0.01267957
v 0.01006471 -0.00864666 0.01267957
v -0.00217272 -0.08634636 0.01967867
v -0.00217272 -0.08634636 0.01967867
v -0.00217272 -0.08634636 0.01967867
v -0.00117122 -0.08760761 0.00014042
v -0.00117122 -0.08760761 0.00014042
v -0.00181242 -0.05904948 0.00238608
v 0.00248494 -0.02509356 0.00336034
v 0.00248494 -0.02509356 0.00336034
v 0.00595563 -0.02163384 0.00439638
v 0.00595563 -0.02163384 0.00439638
v -0.00093440 -0.00833410 0.01929575
v -0.00093440 -0.00833410 0.01929575
v 0.00591742 -0.03303434 0.01743875
v -0.00716135 -0.02163384 0.00590784
v -0.00716135 -0.02163384 0.00590784
v 0.00526654 -0.03292009 0.01887102
v 0.00526654 -0.03292009 0.01887102
v 0.00478444 -0.03457833 0.01673845
v 0.00478444 -0.03457833 0.01673845
v 0.00550959 -0.01798640 0.01915518
v 0.00550959 -0.01798640 0.01915518
v 0.00550959 -0.01798640 0.01915518
v 0.00629126 -0.02830673 0.00608357
v 0.00629126 -0.02830673 0.00608357
v 0.00629126 -0.02830673 0.00608357
v 0.00629126 -0.02830673 0.00608357
v -0.00277471 -0.02576198 0.01706668
v -0.00277471 -0.02576198 0.01706668
v -0.00277471 -0.02576198 0.01706668
v 0.00192700 -0.07099679 0.00195866
v 0.00192700 -0.07099679 0.00195866
v 0.00495534 -0.02595269 0.01593259
v 0.00495534 -0.02595269 0.01593259
v 0.00845590 -0.00832519 0.00682585
v 0.00845590 -0.00832519 0.00682585
v -0.00276299 -0.00827811 0.01983528
v -0.00276299 -0.00827811 0.01983528
v -0.00849908 -0.01956632 0.01447517
v 0.00248098 -0.02640529 0.01741025
v 0.00248098 -0.02640529 0.01741025
v -0.00406602 -0.02296982 0.00396021
v -0.00406602 -0.02296982 0.00396021
v 0.00482738 -0.02763147 0.00432875
v 0.00482738 -0.02763147 0.00432875
v 0.00482738 -0.02763147 0.01643589
v 0.00482738 -0.02763147 0.01643589
v 0.00482738 -0.02763147 0.01643589
v 0.00117942 -0.01417801 0.00011886
v 0.00117942 -0.01417801 0.00011886
v 0.00599072 -0.08634636 0.00294923
v 0.00599072 -0.08634636 0.00294923
v -0.00361063 -0.02461601 0.00389013
v -0.00361063 -0.02461601 0.00389013
v 0.00160444 -0.06245556 0.00172532
v 0.00058822 -0.08634927 0.01928505
v 0.00058822 -0.08634927 0.01928505
v -0.00367297 -0.03342942 0.00450805
v -0.00367297 -0.03342942 0.00450805
v 0.00978195 -0.03293465 0.01049241
v 0.00978195 -0.03293465 0.01049241
v 0.00774262 -0.02763148 0.01038232
v 0.00774262 -0.02763148 0.01038232
v -0.00000018 -0.02303259 0.00277592
v -0.00000018 -0.02303259 0.00277592
v -0.00784712 -0.01266654 0.01466031
v -0.00784712 -0.01266654 0.01466031
v -0.00232505 -0.08761692 0.02039710
v -0.00232505 -0.08761692 0.02039710
v 0.00090435 -0.02897088 0.00236489
v 0.00090435 -0.02897088 0.00236489
v 0.00248619 -0.01150606 0.01985809
v -0.00139051 -0.02211884 0.01854267
v 0.00741551 -0.02303259 0.00868975
v 0.00741551 -0.02303259 0.00868975
v -0.01017493 -0.01260447 0.01183598
v -0.00276086 0.07789533 0.00887120
v -0.00276086 0.07789533 0.00887120
v 0.00534050 -0.00882424 0.00330165
v 0.00534050 -0.00882424 0.00330165
v 0.00853665 -0.00827117 0.00638416
v 0.00853665 -0.00827117 0.00638416
v 0.00526420 -0.02163284 0.01698365
v 0.00526420 -0.02163284 0.01698365
v -0.00299198 -0.01194647 0.02004624
v 0.00159493 -0.02556658 0.00339367
v -0.00403786 -0.02793918 0.01676114
v -0.00403786 -0.02793918 0.01676114
v -0.00260538 -0.00795017 0.01212306
v -0.00260538 -0.00795017 0.01212306
v -0.00260538 -0.00795017 0.01212306
v 0.00629236 -0.03184887 0.01666284
v 0.00120975 -0.02441977 0.00328162
v 0.00120975 -0.02441977 0.00328162
v 0.00830497 -0.08490256 0.00722658
v 0.00311045 -0.02556388 0.01684162
v 0.00311045 -0.02556388 0.01684162
v 0.00311045 -0.02556388 0.01684162
v -0.00781098 -0.01147683 0.00727611
v -0.00426428 -0.02879339 0.00359022
v 0.00368112 -0.01260448 0.01997849
v 0.00608488 -0.01294093 0.01803785
v 0.00608488 -0.01294093 0.01803785
v 0.00158324 -0.08285706 0.00041278
v 0.00158324 -0.08285706 0.00041278
v -0.00539726 -0.02397223 0.01520811
v -0.00539726 -0.02397223 0.01520811
v -0.00539726 -0.02397223 0.01520811
v -0.00539726 -0.02397223 0.01520811
v -0.00569065 -0.01345598 0.00249334
v 0.00657069 -0.02763047 0.01447970
v 0.00657069 -0.02763047 0.01447970
v -0.00128845 -0.02368476 0.00292048
v -0.00697622 -0.02763147 0.00702285
v -0.00697622 -0.02763147 0.00702285
v -0.00975990 -0.00850885 0.01066553
v -0.00975990 -0.00850885 0.01066553
v -0.00975990 -0.00850885 0.01066553
v -0.00975990 -0.00850885 0.01066553
v -0.00975990 -0.00850885 0.01066553
v 0.00179622 -0.02898658 0.01825287
v 0.00179622 -0.02898658 0.01825287
v -0.00114461 -0.01841228 0.02055335
v 0.00086996 -0.02793917 0.00288332
v 0.00086996 -0.02793917 0.00288332
v -0.00290064 -0.03711349 0.00435947
v 0.00081148 -0.08829013 0.00038128
v -0.00043622 -0.02461601 0.00296654
v -0.00043622 -0.02461601 0.00296654
v -0.00000019 -0.02169209 0.00193202
v -0.00000019 -0.02169209 0.00193202
v 0.00781940 -0.01182851 0.00728446
v -0.00448661 -0.01448766 0.00106617
v -0.00448661 -0.01448766 0.00106617
v -0.00727752 -0.08760761 0.00308106
v -0.00727752 -0.08760761 0.00308106
v 0.00862253 -0.08634636 0.01447995
v 0.00862253 -0.08634636 0.01447995
v -0.00180074 -0.03264715 0.01991152
v -0.00180074 -0.03264715 0.01991152
v -0.00180074 -0.03264715 0.01991152
v 0.00360780 -0.08829013 0.01974512
v 0.00885359 -0.01180423 0.01014035
v 0.00925463 -0.08642280 0.01446777
v 0.00925463 -0.08642280 0.01446777
v 0.00925463 -0.08642280 0.01446777
v 0.00828019 -0.03337048 0.00609443
v 0.00828019 -0.03337048 0.00609443
v -0.00482775 -0.02763147 0.01643590
v -0.00482775 -0.02763147 0.01643590
v -0.00729581 -0.02320394 0.01295636
v -0.00729581 -0.02320394 0.01295636
v -0.00165859 -0.02641606 0.00311640
v -0.00165859 -0.02641606 0.00311640
v -0.00698972 -0.02556389 0.00878701
v -0.00698972 -0.02556389 0.00878701
v 0.00773549 -0.02320253 0.01038232
v 0.00773549 -0.02320253 0.01038232
v 0.00217379 -0.02248585 0.01794142
v 0.00280280 0.07783486 0.01202939
v 0.00280280 0.07783486 0.01202939
v 0.00859499 -0.02011770 0.01333060
v 0.00588760 -0.01181557 0.01595430
v -0.00992823 -0.03334200 0.01264833
v -0.00992823 -0.03334200 0.01264833
v -0.00289492 -0.00794963 0.00918328
v -0.00289492 -0.00794963 0.00918328
v 0.00768977 -0.02320394 0.01122865
v 0.00768977 -0.02320394 0.01122865
v -0.00862680 -0.03193602 0.01276437
v 0.00739168 -0.03313145 0.00979306
v -0.00311083 -0.02417487 0.01684164
v -0.00311083 -0.02417487 0.01684164
v -0.00747166 -0.02149221 0.00678425
v -0.00747166 -0.02149221 0.00678425
v -0.00512898 -0.01919560 0.00221730
v -0.00533219 -0.01180059 0.00330899
v 0.00944764 -0.03292009 0.01362809
v 0.00944764 -0.03292009 0.01362809
v -0.00990766 -0.03795642 0.01132566
v -0.00990766 -0.03795642 0.01132566
v 0.00718343 -0.02828845 0.00788983
v 0.00718343 -0.02828845 0.00788983
v 0.00557438 -0.08225497 0.01807697
v 0.00594674 -0.02303259 0.01512484
v 0.00594674 -0.02303259 0.01512484
v -0.00595599 -0.02163384 0.01636827
v -0.00595599 -0.02163384 0.01636827
v -0.00230208 -0.05871944 0.01879751
v 0.00990142 -0.08830957 0.00901985
v 0.00316341 -0.08520454 0.02018453
v 0.00638614 -0.00833410 0.01667017
v 0.00638614 -0.00833410 0.01667017
v 0.00230314 -0.01434114 0.00030555
v 0.00230314 -0.01434114 0.00030555
v 0.00727531 -0.02707958 0.01163218
v 0.00727531 -0.02707958 0.01163218
v 0.00323964 -0.01258182 0.00287911
v 0.00323964 -0.01258182 0.00287911
v 0.00323964 -0.01258182 0.00287911
v 0.00323964 -0.01258182 0.00287911
v -0.00757085 -0.02879339 0.01302812
v -0.00757085 -0.02879339 0.01302812
v -0.00560011 -0.03337048 0.01783830
v -0.00560011 -0.03337048 0.01783830
v -0.00684746 -0.02297005 0.01367979
v -0.00684746 -0.02297005 0.01367979
v 0.00101042 -0.02566631 0.00327196
v 0.00101042 -0.02566631 0.00327196
v -0.01029977 -0.01831227 0.01038232
v -0.01029977 -0.01831227 0.01038232
v -0.00715915 -0.02781904 0.01335137
v -0.00715915 -0.02781904 0.01335137
v -0.00000019 -0.03289789 0.00035066
v -0.00842845 -0.03292008 0.00501942
v -0.00842845 -0.03292008 0.00501942
v -0.00248620 -0.02296982 0.01756524
v -0.00248620 -0.02296982 0.01756524
v 0.00702687 -0.03763398 0.00667861
v -0.00087034 -0.02793917 0.00288332
v -0.00087034 -0.02793917 0.00288332
v -0.00729581 -0.02320393 0.00780829
v -0.00729581 -0.02320393 0.00780829
v -0.00179659 -0.02898658 0.00251178
v -0.00179659 -0.02898658 0.00251178
v -0.00619304 -0.08535530 0.00311175
v 0.00141527 -0.02696661 0.00322294
v 0.00141527 -0.02696661 0.00322294
v 0.00141527 -0.02696661 0.00322294
v 0.00141527 -0.02696661 0.00322294
v 0.00181014 -0.03337048 0.00123500
v 0.00181014 -0.03337048 0.00123500
v 0.00207541 -0.00871758 0.01947831
v 0.00207541 -0.00871758 0.01947831
v 0.00787279 -0.01180060 0.01444170
v 0.00787279 -0.01180060 0.01444170
v 0.00076012 -0.03342942 0.01726842
v 0.00076012 -0.03342942 0.01726842
v 0.00583586 -0.02736084 0.01535493
v 0.00583586 -0.02736084 0.01535493
v 0.00924967 -0.03455396 0.01390240
v 0.00924967 -0.03455396 0.01390240
v 0.00229169 -0.01831227 0.02042367
v 0.00229169 -0.01831227 0.02042367
v -0.00739269 -0.05904962 0.01392845
v 0.00540881 -0.02656111 0.01521875
v 0.00540881 -0.02656111 0.01521875
v 0.00360980 -0.02641466 0.01690968
v 0.00360980 -0.02641466 0.01690968
v 0.00360980 -0.02641466 0.01690968
v -0.00556058 -0.02641467 0.01535428
v -0.00556058 -0.02641467 0.01535428
v 0.00166388 -0.02615220 0.01767307
v 0.00166388 -0.02615220 0.01767307
v -0.01026045 -0.08609580 0.01183583
v 0.00399317 -0.02481364 0.01670536
v 0.00399317 -0.02481364 0.01670536
v 0.00399317 -0.02481364 0.01670536
v -0.00312708 -0.00794966 0.01007435
v -0.00312708 -0.00794966 0.01007435
v -0.00911105 -0.08664554 0.00634630
v 0.00556253 -0.03303434 0.00304288
v -0.00480113 -0.03675750 0.01522015
v 0.00324489 -0.02614953 0.00364386
v 0.00324489 -0.02614953 0.00364386
v 0.00324489 -0.02614953 0.00364386
v 0.00235159 -0.02417309 0.00361019
v 0.00235159 -0.02417309 0.00361019
v -0.00460647 -0.02868694 0.01686806
v -0.01029466 -0.01798760 0.00922581
v -0.01029466 -0.01798760 0.00922581
v -0.00738166 -0.08713023 0.01735736
v -0.00738166 -0.08713023 0.01735736
v 0.00587305 -0.00906709 0.01595508
v 0.00587305 -0.00906709 0.01595508
v -0.00999186 -0.08665366 0.01011107
v 0.00688563 -0.02248586 0.00658081
v -0.00838905 -0.03119618 0.01229702
v -0.00838905 -0.03119618 0.01229702
v -0.00838905 -0.03119618 0.00846762
v -0.00838905 -0.03119618 0.00846762
v 0.00886557 -0.00882424 0.01014311
v 0.00886557 -0.00882424 0.01014311
v -0.00786558 -0.02215064 0.01286323
v -0.00645967 -0.01784847 0.01848226
v -0.00654445 -0.03342942 0.00810878
v -0.00654445 -0.03342942 0.00810878
v 0.00954535 -0.08535530 0.01069096
v -0.00219155 -0.01294093 0.01991296
v -0.00219155 -0.01294093 0.01991296
v -0.00219155 -0.01294093 0.01991296
v -0.00933508 -0.01784766 0.01487777
v 0.01009196 -0.08707737 0.00927740
v 0.01009196 -0.08707737 0.00927740
v 0.00366165 -0.01917958 0.00143407
v -0.00674262 -0.01181556 0.01488260
v -0.00702879 -0.02145274 0.00599293
v -0.00702879 -0.02145274 0.00599293
v 0.00199812 -0.00827117 0.01959479
v 0.00199812 -0.00827117 0.01959479
v 0.00367259 -0.03342942 0.00450805
v 0.00367259 -0.03342942 0.00450805
v 0.00377631 -0.03951443 0.01987978
v 0.00166384 -0.02481536 0.01767291
v 0.00166384 -0.02481536 0.01767291
v 0.00413274 -0.02320394 0.00384240
v 0.00413274 -0.02320394 0.00384240
v 0.00040029 -0.02576198 0.01760854
v 0.00040029 -0.02576198 0.01760854
v 0.00040029 -0.02576198 0.01760854
v -0.00154801 -0.01266654 0.01918459
v -0.00154801 -0.01266654 0.01918459
v 0.00790546 -0.00868428 0.00816730
v 0.00824893 -0.01266252 0.00689089
v 0.00824893 -0.01266252 0.00689089
v -0.00130138 -0.06089493 0.00034097
v -0.00130138 -0.06089493 0.00034097
v -0.00478720 -0.02011759 0.00265865
v -0.00595686 -0.00827117 0.01768854
v -0.00595686 -0.00827117 0.01768854
v -0.00527638 -0.05867329 0.01774541
v 0.00261972 -0.01345598 0.00101464
v 0.00199962 -0.01231799 0.00084072
v 0.00199962 -0.01231799 0.00084072
v 0.00199962 -0.01231799 0.00084072
v -0.00128074 -0.02730639 0.00286616
v -0.00936456 -0.03456031 0.01089303
v -0.00936456 -0.03456031 0.01089303
v -0.00311082 -0.02556388 0.01684162
v -0.00311082 -0.02556388 0.01684162
v -0.00642513 -0.01345598 0.01768558
v 0.00096644 -0.02163384 0.01877094
v 0.00096644 -0.02163384 0.01877094
v -0.00192804 -0.03141800 0.01882880
v -0.00192804 -0.03141800 0.01882880
v -0.00668240 -0.08107563 0.01571121
v -0.00668240 -0.08107563 0.01571121
v 0.00660653 -0.02169209 0.00511364
v 0.00660653 -0.02169209 0.00511364
v -0.00974623 -0.01421021 0.01382210
v -0.00974623 -0.01421021 0.01382210
v 0.00529831 -0.03341888 0.01460773
v 0.00529831 -0.03341888 0.01460773
v 0.00191836 -0.07099711 0.01880796
v -0.00741582 -0.02736084 0.00843432
v -0.00741582 -0.02736084 0.00843432
v -0.00742928 -0.02595269 0.01079617
v -0.00742928 -0.02595269 0.01079617
v 0.00752627 -0.02736084 0.00891989
v 0.00752627 -0.02736084 0.00891989
v 0.00081926 -0.02417309 0.01750420
v 0.00081926 -0.02417309 0.01750420
v -0.00629980 -0.02640529 0.01436513
v -0.00629980 -0.02640529 0.01436513
v -0.00629980 -0.02640529 0.01436513
v 0.00861333 -0.08609584 0.00462100
v 0.00861333 -0.08609584 0.00462100
v -0.00559113 -0.02830673 0.00520518
v -0.00559113 -0.02830673 0.00520518
v -0.00559113 -0.02830673 0.00520518
v -0.00559113 -0.02830673 0.00520518
v 0.00719172 -0.02441977 0.00998185
v 0.00719172 -0.02441977 0.00998185
v -0.00648380 -0.02150532 0.01555283
v -0.00648380 -0.02150532 0.01555283
v 0.00645830 -0.02556658 0.01349257
v 0.00299274 -0.00861665 0.02003310
v 0.00299274 -0.00861665 0.02003310
v 0.00441821 -0.03334200 0.01955721
v 0.00441821 -0.03334200 0.01955721
v 0.00441821 -0.03334200 0.01955721
v -0.00673785 -0.02615220 0.01362701
v -0.00673785 -0.02615220 0.01362701
v 0.00640866 -0.01344927 0.01770887
v -0.00649410 -0.03344145 0.01379928
v -0.00649410 -0.03344145 0.01379928
v -0.00730052 -0.02763047 0.00779967
v -0.00730052 -0.02763047 0.00779967
v -0.00832930 -0.08893609 0.01462056
v -0.00000019 -0.01797788 0.02074576
v -0.00000019 -0.01797788 0.02074576
v -0.00913319 -0.03334573 0.01408364
v -0.00913319 -0.03334573 0.01408364
v 0.00745259 -0.02641606 0.01038232
v 0.00745259 -0.02641606 0.01038232
v -0.00181189 -0.03337532 0.00125254
v -0.00181189 -0.03337532 0.00125254
v -0.00865361 -0.03456614 0.01398620
v 0.00066831 -0.02215064 0.01860257
v -0.00471310 -0.01917957 0.01882441
v -0.01010299 -0.01798156 0.00807643
v -0.01010299 -0.01798156 0.00807643
v 0.00948765 -0.01394945 0.00700282
v -0.00216103 -0.01294093 0.00084472
v -0.00216103 -0.01294093 0.00084472
v -0.00540192 -0.03141799 0.01715587
v -0.00540192 -0.03141799 0.01715587
v -0.00782412 -0.02881528 0.01216808
v -0.00782412 -0.02881528 0.01216808
v -0.00119921 0.07205267 0.00748758
v 0.00888733 -0.01305328 0.00554268
v 0.00888733 -0.01305328 0.00554268
v -0.00885212 -0.08490258 0.00962208
v 0.00132446 -0.03190926 0.01921887
v -0.00414257 -0.02763047 0.00383972
v -0.00414257 -0.02763047 0.00383972
v -0.00414257 -0.02763047 0.00383972
v -0.00613806 -0.02675982 0.00655658
v -0.00613806 -0.02675982 0.00655658
v -0.00277508 -0.02656111 0.00367798
v -0.00277508 -0.02656111 0.00367798
v -0.01009982 -0.01799524 0.01268749
v -0.01009982 -0.01799524 0.01268749
v -0.00629163 -0.02830672 0.01468107
v -0.00629163 -0.02830672 0.01468107
v -0.00629163 -0.02830672 0.01468107
v -0.00629163 -0.02830672 0.01468107
v -0.00382854 -0.02417309 0.00432128
v -0.00382854 -0.02417309 0.00432128
v -0.00382854 -0.02417309 0.00432128
v -0.00382854 -0.02417309 0.00432128
v -0.00493866 -0.03342906 0.01657720
v -0.00493866 -0.03342906 0.01657720
v -0.00494714 -0.00830449 0.01912583
v -0.00494714 -0.00830449 0.01912583
v 0.00764526 -0.08490258 0.01490799
v 0.00041681 -0.00831727 0.01921803
v 0.00041681 -0.00831727 0.01921803
v 0.00735109 -0.08936115 0.00682928
v 0.00417080 -0.02441977 0.00450978
v 0.00417080 -0.02441977 0.00450978
v -0.00319538 -0.02707333 0.00374744
v -0.00721842 -0.02398607 0.01078697
v -0.00721842 -0.02398607 0.01078697
v -0.00721842 -0.02398607 0.01078697
v -0.00733356 -0.03344146 0.01012135
v -0.00733356 -0.03344146 0.01012135
v -0.00733356 -0.03344146 0.01012135
v 0.00589121 -0.02796932 0.00568409
v 0.00589121 -0.02796932 0.00568409
v 0.00589121 -0.02796932 0.00568409
v -0.00309334 -0.02256384 0.01752878
v 0.00253609 -0.02320394 0.00307349
v 0.00253609 -0.02320394 0.00307349
v 0.00260502 0.07205267 0.00864158
v 0.00260502 0.07205267 0.00864158
v -0.00195538 -0.00831417 0.01956583
v -0.00195538 -0.00831417 0.01956583
v 0.00590734 -0.01305328 0.01859884
v 0.00590734 -0.01305328 0.01859884
v 0.00586275 -0.00853713 0.01818848
v 0.00586275 -0.00853713 0.01818848
v 0.00586275 -0.00853713 0.01818848
v 0.00586275 -0.00853713 0.01818848
v 0.00000773 -0.03308008 0.01755835
v -0.00648015 -0.02696661 0.01373947
v -0.00648015 -0.02696661 0.01373947
v -0.00000019 -0.02326888 0.01812435
v -0.00000019 -0.02326888 0.01812435
v -0.00341498 -0.01796647 0.00059708
v -0.00341498 -0.01796647 0.00059708
v 0.00732672 -0.02593978 0.01160387
v 0.00732672 -0.02593978 0.01160387
v 0.00417082 -0.02531969 0.00450977
v 0.00417082 -0.02531969 0.00450977
v 0.00535619 -0.02296982 0.00498938
v 0.00535619 -0.02296982 0.00498938
v -0.00167985 -0.02793921 0.01774140
v -0.00167985 -0.02793921 0.01774140
v -0.00141808 -0.00799321 0.01725442
v 0.00739874 -0.02509356 0.00952204
v 0.00739874 -0.02509356 0.00952204
v -0.00356918 -0.03337390 0.01985249
v -0.00356918 -0.03337390 0.01985249
v -0.00819823 -0.01316354 0.00817298
v -0.00412231 -0.01181556 0.00340228
v 0.00321196 0.07620019 0.01038232
v -0.00545648 -0.02320393 0.01586691
v -0.00545648 -0.02320393 0.01586691
v -0.00384167 -0.01410259 0.00096140
v -0.00782412 -0.02881528 0.00859657
v -0.00782412 -0.02881528 0.00859657
v 0.00525914 -0.03206041 0.01777281
v 0.00349597 -0.02576198 0.01671916
v 0.00349597 -0.02576198 0.01671916
v 0.00349597 -0.02576198 0.01671916
v 0.00349597 -0.02576198 0.01671916
v 0.00466233 -0.02481536 0.00453572
v 0.00466233 -0.02481536 0.00453572
v 0.00271073 -0.08490258 0.00192150
v -0.00509582 -0.02675983 0.00524965
v -0.00509582 -0.02675983 0.00524965
v -0.00527758 -0.02103684 0.01699996
v -0.00850122 -0.00862744 0.00619803
v -0.00850122 -0.00862744 0.00619803
v -0.00850122 -0.00862744 0.00619803
v -0.00500908 -0.08940145 0.00415866
v -0.00781422 -0.02145275 0.00762389
v -0.00781422 -0.02145275 0.00762389
v -0.00338214 -0.01841228 0.00072199
v -0.00124983 -0.02595269 0.00304740
v -0.00124983 -0.02595269 0.00304740
v 0.00551202 -0.01418259 0.01912102
v 0.00551202 -0.01418259 0.01912102
v 0.00551202 -0.01418259 0.01912102
v 0.00551202 -0.01418259 0.01912102
v -0.00311083 -0.02417487 0.00392301
v -0.00311083 -0.02417487 0.00392301
v 0.00180538 -0.08936115 0.00241957
v -0.00962949 -0.03337389 0.01349653
v -0.00962949 -0.03337389 0.01349653
v -0.00962949 -0.03337389 0.01349653
v -0.00894726 -0.01266252 0.00994885
v 0.00399540 -0.02566631 0.00441459
v 0.00399540 -0.02566631 0.00441459
v -0.00338893 -0.08760761 0.02011804
v -0.00338893 -0.08760761 0.02011804
v 0.00672019 -0.03344146 0.00743562
v 0.00672019 -0.03344146 0.00743562
v -0.00976090 -0.01410259 0.00751188
v -0.00448376 -0.08748202 0.01969255
v -0.00448376 -0.08748202 0.01969255
v 0.00766391 -0.02011763 0.01526410
v 0.00505701 -0.02417309 0.00530124
v 0.00505701 -0.02417309 0.00530124
v 0.00584765 -0.01148490 0.00308439
v 0.00591343 -0.08634636 0.01787705
v 0.00591343 -0.08634636 0.01787705
v 0.00588124 -0.01956629 0.00300725
v -0.00307322 -0.00794790 0.01099359
v -0.00307322 -0.00794790 0.01099359
v 0.00639448 -0.02659182 0.00699075
v 0.00639448 -0.02659182 0.00699075
v 0.00639448 -0.02659182 0.00699075
v -0.00187972 -0.08893609 0.01953677
v -0.00552564 -0.05724494 0.01882002
v -0.00552564 -0.05724494 0.01882002
v -0.00549029 -0.03455395 0.01861698
v -0.00549029 -0.03455395 0.01861698
v -0.00380242 -0.02371648 0.01689685
v 0.00808229 -0.01180060 0.00675797
v -0.00584750 -0.02481275 0.01504540
v -0.00584750 -0.02481275 0.01504540
v 0.00879271 -0.03293247 0.00619800
v 0.00879271 -0.03293247 0.00619800
v -0.00819649 -0.03303434 0.01458136
v -0.00476220 -0.03457913 0.01525325
v -0.00084707 -0.01260444 0.00013921
v -0.00312089 -0.03308008 0.00392038
v -0.00000019 -0.03119619 0.00177773
v -0.00000019 -0.03119619 0.00177773
v -0.00288730 -0.01181555 0.00280753
v -0.00288730 -0.01181555 0.00280753
v -0.00288730 -0.01181555 0.00280753
v -0.00914875 -0.06472679 0.01404705
v 0.00766388 -0.02011769 0.00550056
v 0.00429340 -0.02897089 0.01721332
v 0.00083562 -0.02675983 0.01756642
v 0.00083562 -0.02675983 0.01756642
v -0.00256697 -0.03261551 0.00105780
v -0.00256697 -0.03261551 0.00105780
v -0.00855907 -0.01331978 0.00875651
v 0.00808407 -0.01448766 0.01682930
v 0.00808407 -0.01448766 0.01682930
v -0.00087692 -0.02296982 0.01793254
v -0.00087692 -0.02296982 0.01793254
v 0.00866539 -0.01841228 0.00493554
v -0.00802115 -0.00898590 0.00926500
v -0.00802115 -0.00898590 0.00926500
v 0.00373320 -0.03119619 0.00262985
v 0.00373320 -0.03119619 0.00262985
v 0.00373320 -0.03119619 0.00262985
v -0.00075826 -0.08766859 0.02058591
v -0.00075826 -0.08766859 0.02058591
v -0.00526691 -0.03292009 0.01887102
v -0.00526691 -0.03292009 0.01887102
v -0.00681818 -0.02675983 0.00796885
v -0.00681818 -0.02675983 0.00796885
v -0.00680100 -0.02793921 0.00710722
v -0.00680100 -0.02793921 0.00710722
v 0.00335595 0.07776341 0.01066371
v 0.00335595 0.07776341 0.01066371
v -0.00246990 -0.02793918 0.00324841
v -0.00246990 -0.02793918 0.00324841
v 0.00846408 -0.02103686 0.01038233
v 0.00482293 -0.02320253 0.01643031
v 0.00482293 -0.02320253 0.01643031
v 0.00245010 -0.08644904 0.00148401
v 0.00245010 -0.08644904 0.00148401
v -0.00816833 -0.08179046 0.00638998
v 0.00282259 -0.08833439 0.00074278
v 0.00359795 -0.02150532 0.01785393
v 0.00359795 -0.02150532 0.01785393
v 0.00307287 0.07205267 0.00977106
v 0.00057346 -0.03261014 0.02000131
v 0.00057346 -0.03261014 0.02000131
v 0.00057346 -0.03261014 0.02000131
v -0.00399802 -0.01993560 0.00208076
v -0.00439309 -0.08634926 0.00261655
v -0.00439309 -0.08634926 0.00261655
v 0.00983430 -0.03334573 0.01101022
v 0.00983430 -0.03334573 0.01101022
v 0.00983430 -0.03334573 0.01101022
v -0.00888982 -0.03264715 0.00650647
v -0.00888982 -0.03264715 0.00650647
v -0.00888982 -0.03264715 0.00650647
v -0.00688863 -0.01194855 0.00297346
v 0.00173478 -0.01180060 0.01906864
v 0.00173478 -0.01180060 0.01906864
v -0.00492490 -0.08490257 0.00298761
v 0.00507778 -0.02730639 0.00469489
v -0.01027636 -0.08763812 0.00999474
v -0.01027636 -0.08763812 0.00999474
v 0.00520715 -0.01260449 0.01924359
v 0.00520715 -0.01260449 0.01924359
v -0.00158815 -0.03456615 0.00114392
v 0.00977661 -0.01798760 0.01380694
v 0.00977661 -0.01798760 0.01380694
v 0.00902306 -0.02011761 0.01145533
v -0.00466270 -0.02481536 0.00453572
v -0.00466270 -0.02481536 0.00453572
v -0.00718188 -0.01917959 0.01685561
v 0.00107802 -0.01919561 0.01996405
v -0.00172313 -0.02763147 0.00283364
v -0.00172313 -0.02763147 0.00283364
v -0.00172313 -0.02763147 0.00283364
v 0.00040862 -0.02656111 0.00313793
v 0.00040862 -0.02656111 0.00313793
v 0.00495304 -0.01843897 0.01933844
v 0.00545611 -0.02320393 0.00489774
v 0.00545611 -0.02320393 0.00489774
v 0.00725211 -0.03458128 0.01363297
v -0.00593585 -0.08663334 0.01877521
v -0.00593585 -0.08663334 0.01877521
v -0.00593585 -0.08663334 0.01877521
v -0.00808512 -0.02150532 0.01222766
v -0.00808512 -0.02150532 0.01222766
v 0.00732210 -0.01796647 0.01771689
v 0.00732210 -0.01796647 0.01771689
v 0.00729216 -0.03121954 0.01496167
v 0.00729216 -0.03121954 0.01496167
v -0.00729321 -0.01418259 0.00306378
v -0.00729321 -0.01418259 0.00306378
v -0.00729321 -0.01418259 0.00306378
v -0.00193614 -0.08535360 0.01936862
v -0.00576620 -0.08509957 0.01755421
v -0.00174091 0.07205267 0.00777713
v -0.00174091 0.07205267 0.00777713
v -0.01033691 -0.01434353 0.01036008
v -0.01033691 -0.01434353 0.01036008
v 0.00159493 -0.02417219 0.00339365
v 0.00159493 -0.02417219 0.00339365
v 0.00607112 -0.02593978 0.01466193
v 0.00607112 -0.02593978 0.01466193
v -0.00215498 -0.08535360 0.00144597
v 0.00719709 -0.02371648 0.01263962
v -0.00137759 -0.03344146 0.01758990
v -0.00137759 -0.03344146 0.01758990
v -0.00137759 -0.03344146 0.01758990
v 0.00478681 -0.02011761 0.01810598
v 0.00275492 -0.02443404 0.00372124
v 0.00275492 -0.02443404 0.00372124
v 0.00275492 -0.02443404 0.00372124
v -0.00604149 -0.01255305 0.01598946
v -0.00604149 -0.01255305 0.01598946
v 0.00343147 -0.08973763 0.01468549
v 0.00552311 -0.02593978 0.00541554
v 0.00552311 -0.02593978 0.00541554
v -0.00482330 -0.02320253 0.00433434
v -0.00482330 -0.02320253 0.00433434
v -0.00446960 -0.02556658 0.01598679
v -0.00446960 -0.02556658 0.00477786
v -0.00446960 -0.02556658 0.00477786
v -0.00977969 -0.01796648 0.00695112
v -0.00977969 -0.01796648 0.00695112
v 0.00588082 -0.02443404 0.01455058
v 0.00588082 -0.02443404 0.01455058
v 0.00591665 -0.01266654 0.01708058
v 0.00591665 -0.01266654 0.01708058
v 0.00591665 -0.01266654 0.01708058
v 0.00876955 -0.08833439 0.01527932
v -0.00697621 -0.02763147 0.01374180
v -0.00697621 -0.02763147 0.01374180
v -0.00697621 -0.02763147 0.01374180
v 0.00527721 -0.02103684 0.00376468
v -0.00691493 -0.03795634 0.00322451
v 0.00509545 -0.02675983 0.00524965
v 0.00509545 -0.02675983 0.00524965
v -0.00627449 -0.02881528 0.00537873
v 0.00977983 -0.03951433 0.01335131
v -0.00769813 -0.02763047 0.00954171
v -0.00769813 -0.02763047 0.00954171
v 0.00414220 -0.02763048 0.00383972
v 0.00414220 -0.02763048 0.00383972
v 0.00729129 -0.02481276 0.00871809
v 0.00729129 -0.02481276 0.00871809
v 0.00729129 -0.02481276 0.01204656
v 0.00729129 -0.02481276 0.01204656
v -0.00807160 -0.00864667 0.00394559
v -0.00807160 -0.00864667 0.00394559
v -0.00571469 -0.00882151 0.01716078
v -0.00571469 -0.00882151 0.01716078
v 0.00194033 -0.03292284 0.01986994
v 0.00194033 -0.03292284 0.01986994
v 0.00169343 -0.02830305 0.01780251
v 0.00169343 -0.02830305 0.01780251
v 0.00403744 0.07840622 0.01323006
v 0.00403744 0.07840622 0.01323006
v 0.00403744 0.07840622 0.01323006
v -0.00643492 -0.01434620 0.00229164
v -0.00643492 -0.01434620 0.00229164
v -0.00474557 -0.02830305 0.01633285
v -0.00474557 -0.02830305 0.01633285
v 0.00283728 -0.02707958 0.00356736
v 0.00283728 -0.02707958 0.00356736
v -0.00629312 -0.02509356 0.00639696
v -0.00629312 -0.02509356 0.00639696
v 0.00729216 -0.03121953 0.00580298
v 0.00533859 -0.08830117 0.00192064
v -0.00189554 -0.00853713 0.00080538
v -0.00189554 -0.00853713 0.00080538
v -0.00189554 -0.00853713 0.00080538
v -0.00189554 -0.00853713 0.00080538
v -0.01009064 -0.01843898 0.00867086
v -0.01009064 -0.01843898 0.00867086
v 0.00673748 -0.02615220 0.00713764
v 0.00673748 -0.02615220 0.00713764
v 0.00673748 -0.02615220 0.00713764
v 0.00172612 0.08999995 0.01132530
v 0.00172612 0.08999995 0.01132530
v 0.00560500 -0.02417487 0.01485231
v 0.00560500 -0.02417487 0.01485231
v 0.00842452 -0.08891803 0.00619688
v 0.00435239 -0.03289789 0.01942054
v -0.00253267 -0.02763048 0.01770021
v -0.00253267 -0.02763048 0.01770021
v 0.00241334 -0.01266252 0.00175603
v 0.00155517 -0.03458128 0.00258852
v 0.00280856 -0.00811740 0.01908496
v -0.00299337 0.07843626 0.00753169
v -0.00299337 0.07843626 0.00753169
v -0.00964927 -0.08499545 0.01399202
v -0.00964927 -0.08499545 0.01399202
v -0.00571044 -0.08535530 0.01803776
v -0.00312177 -0.02530531 0.00390030
v -0.00312177 -0.02530531 0.00390030
v 0.00521351 -0.03738734 0.00432038
v 0.00521351 -0.03738734 0.00432038
v 0.00460106 -0.03714315 0.01607056
v 0.00447912 -0.00864667 0.01968368
v 0.00447912 -0.00864667 0.01968368
v 0.00447912 -0.00864667 0.01968368
v 0.00085423 -0.02481363 0.00295281
v 0.00085423 -0.02481363 0.00295281
v -0.00709747 -0.02707958 0.01241296
v 0.00170869 -0.03458235 0.00329894
v 0.00170869 -0.03458235 0.00329894
v 0.00283151 -0.08540955 0.02012117
v 0.00283151 -0.08540955 0.02012117
v 0.00588124 -0.01956630 0.01775740
v -0.00335933 -0.02326888 0.00340699
v -0.00335933 -0.02326888 0.00340699
v 0.00657070 -0.02763048 0.00628496
v 0.00657070 -0.02763048 0.00628496
v 0.00657070 -0.02763048 0.00628496
v 0.00713779 -0.02397224 0.01159309
v 0.00713779 -0.02397224 0.01159309
v 0.00713779 -0.02397224 0.01159309
v 0.00455430 -0.02248585 0.00396962
v -0.00769217 -0.05871913 0.00626560
v -0.00769217 -0.05871913 0.00626560
v 0.00087655 -0.02296982 0.00283210
v 0.00087655 -0.02296982 0.00283210
v -0.00458346 -0.03121954 0.00309245
v 0.00199060 -0.02441977 0.01730480
v 0.00199060 -0.02441977 0.01730480
v 0.00949141 -0.08225496 0.01082148
v -0.00601783 -0.08665366 0.00240140
v 0.00848452 -0.08644904 0.00675003
v 0.00848452 -0.08644904 0.00675003
v -0.00663884 -0.02659181 0.01326726
v -0.00663884 -0.02659181 0.01326726
v -0.00663884 -0.02659181 0.01326726
v -0.00663884 -0.02659181 0.01326726
v 0.00167947 -0.02793921 0.01774140
v 0.00167947 -0.02793921 0.01774140
v 0.00169988 -0.08278248 0.00100563
v 0.00169988 -0.08278248 0.00100563
v 0.00710373 -0.03292009 0.00335873
v 0.00710373 -0.03292009 0.00335873
v 0.00796302 -0.02163384 0.01319136
v 0.00796302 -0.02163384 0.01319136
v 0.00870660 -0.01231799 0.00599674
v -0.00000019 -0.02614954 0.00290319
v -0.00000019 -0.02614954 0.00290319
v 0.00127655 0.07793676 0.00795840
v 0.00127655 0.07793676 0.00795840
v 0.00127655 0.07793676 0.00795840
v 0.00645832 -0.02417219 0.00727207
v 0.00645832 -0.02417219 0.00727207
v 0.00645832 -0.02417219 0.00727207
v 0.00942068 -0.01194852 0.01406869
v -0.00645867 -0.02556658 0.00727208
v 0.00648343 -0.02150532 0.01555284
v 0.00648343 -0.02150532 0.01555284
v 0.00871623 -0.05871922 0.01075394
v -0.00815706 -0.01298539 0.00747751
v 0.00755583 -0.02296982 0.00955699
v 0.00755583 -0.02296982 0.00955699
v 0.00394750 -0.02640529 0.00406064
v 0.00394750 -0.02640529 0.00406064
v 0.00606957 -0.02461601 0.01466508
v 0.00606957 -0.02461601 0.01466508
v -0.00306287 0.07784981 0.01150261
v -0.00306287 0.07784981 0.01150261
v -0.00306287 0.07784981 0.01150261
v -0.00472437 -0.03763397 0.01676818
v -0.00761120 -0.02830305 0.01038232
v -0.00761120 -0.02830305 0.01038232
v 0.00748018 -0.01260447 0.00333373
v -0.00451077 -0.02163384 0.01752080
v -0.00451077 -0.02163384 0.01752080
v -0.00766807 -0.06891447 0.00748076
v 0.00742331 -0.00830450 0.00361379
v 0.00742331 -0.00830450 0.00361379
v 0.00040776 -0.02530563 0.01757913
v 0.00040776 -0.02530563 0.01757913
v -0.00604260 -0.08642280 0.01849601
v -0.00604260 -0.08642280 0.01849601
v 0.00345778 -0.00831727 0.00224069
v 0.00345778 -0.00831727 0.00224069
v 0.00345778 -0.00831727 0.00224069
v 0.00715678 -0.02566631 0.00978538
v 0.00715678 -0.02566631 0.00978538
v -0.00275522 -0.02530563 0.01704342
v -0.00275522 -0.02530563 0.01704342
v 0.00876310 -0.08278248 0.01412628
v -0.00935185 -0.01148333 0.01040406
v 0.00859502 -0.02011764 0.00743403
v 0.00153353 -0.03458235 0.01750568
v -0.00588797 -0.01181556 0.01595430
v 0.00581352 -0.01148493 0.01770749
v 0.00362391 -0.08713023 0.00089533
v 0.00362391 -0.08713023 0.00089533
v 0.00362391 -0.08713023 0.00089533
v 0.00362391 -0.08713023 0.00089533
v -0.00834880 -0.01843897 0.00446226
v 0.00705190 -0.02675885 0.01199192
v 0.00705190 -0.02675885 0.01199192
v 0.00412593 -0.00906709 0.00341629
v 0.00412593 -0.00906709 0.00341629
v -0.00474558 -0.02830305 0.00443180
v -0.00474558 -0.02830305 0.00443180
v -0.00474558 -0.02830305 0.00443180
v 0.00605278 -0.02326888 0.00555525
v 0.00605278 -0.02326888 0.00555525
v 0.00743330 -0.02615043 0.00956186
v 0.00743330 -0.02615043 0.00956186
v -0.00000019 -0.03119620 0.01898692
v -0.00000019 -0.03119620 0.01898692
v -0.00000019 -0.02150532 0.00208947
v -0.00000019 -0.02150532 0.00208947
v -0.00043965 -0.02593978 0.01779735
v -0.00043965 -0.02593978 0.01779735
v 0.00119885 -0.00794949 0.00748758
v 0.00119885 -0.00794949 0.00748758
v 0.00119885 -0.00794949 0.00748758
v -0.00647236 -0.03457591 0.00890509
v 0.00248583 -0.02296982 0.01756524
v 0.00248583 -0.02296982 0.01756524
v -0.00504233 -0.02540582 0.01546877
v -0.00504233 -0.02540582 0.01546877
v -0.00504233 -0.02540582 0.01546877
v -0.00504233 -0.02540582 0.01546877
v 0.00221537 0.07205267 0.01259786
v -0.00190767 -0.08664554 0.02016285
v 0.00975840 -0.00853713 0.01066556
v 0.00975840 -0.00853713 0.01066556
v 0.00975840 -0.00853713 0.01066556
v 0.00975840 -0.00853713 0.01066556
v 0.00684709 -0.02297006 0.00708486
v 0.00684709 -0.02297006 0.00708486
v 0.00662823 -0.03765101 0.00722338
v 0.00743318 -0.02481362 0.00956210
v 0.00743318 -0.02481362 0.00956210
v 0.00750443 -0.02793918 0.01120267
v 0.00750443 -0.02793918 0.01120267
v 0.00750443 -0.02793918 0.00956198
v 0.00750443 -0.02793918 0.00956198
v 0.00750443 -0.02793918 0.00956198
v -0.00569047 -0.01194853 0.01874669
v -0.00569047 -0.01194853 0.01874669
v 0.00807530 -0.01413638 0.00393703
v 0.00270498 -0.03779012 0.01944560
v 0.00270498 -0.03779012 0.01944560
v -0.00118020 0.07617351 0.00784367
v -0.00543949 -0.03456031 0.01802210
v -0.01008755 -0.01194855 0.01114857
v -0.00324526 -0.02614953 0.00364386
v -0.00324526 -0.02614953 0.00364386
v 0.00662243 -0.03334573 0.00308490
v 0.00662243 -0.03334573 0.00308490
v -0.00695611 -0.02576198 0.01238074
v -0.00695611 -0.02576198 0.01238074
v -0.00695611 -0.02576198 0.01238074
v -0.00380730 -0.08535479 0.00247680
v -0.00121189 -0.02398607 0.00325502
v -0.00121189 -0.02398607 0.00325502
v -0.00121189 -0.02398607 0.00325502
v 0.00394042 -0.00814717 0.00289997
v 0.00366897 -0.02104268 0.00276323
v -0.00621084 -0.02781205 0.01501749
v -0.00621084 -0.02781205 0.01501749
v 0.00760654 -0.02781205 0.00890087
v 0.00760654 -0.02781205 0.00890087
v -0.00843536 -0.01148492 0.01442026
v -0.00792262 -0.03342906 0.01038371
v -0.00792262 -0.03342906 0.01038371
v 0.00222626 -0.03675752 0.00394054
v -0.00399578 -0.02566631 0.01635005
v -0.00399578 -0.02566631 0.01635005
v -0.00289491 0.07205149 0.01158137
v -0.00460157 -0.03765101 0.01610440
v 0.00718343 -0.02828845 0.01287482
v 0.00718343 -0.02828845 0.01287482
v 0.00451040 -0.02163384 0.00324385
v 0.00451040 -0.02163384 0.00324385
v 0.00253229 -0.02763047 0.01770021
v 0.00253229 -0.02763047 0.01770021
v 0.00253229 -0.02763047 0.01770021
v -0.00661179 -0.02104268 0.00510975
v -0.00227010 -0.03303434 0.00145715
v -0.00578503 -0.03675752 0.01398638
v 0.00608152 -0.02531665 0.00653966
v 0.00608152 -0.02531665 0.00653966
v 0.00608152 -0.02531665 0.00653966
v -0.00780591 -0.03141799 0.01414136
v 0.00754774 -0.02326888 0.01210509
v 0.00754774 -0.02326888 0.01210509
v 0.00764619 -0.02211884 0.01355364
v 0.00713114 -0.02593978 0.00830389
v 0.00713114 -0.02593978 0.00830389
v -0.00090471 -0.02897088 0.01839975
v -0.00090471 -0.02897088 0.01839975
v -0.00855727 -0.03121954 0.00942050
v -0.00855727 -0.03121954 0.00942050
v 0.00128475 -0.03795639 0.00051334
v 0.00128475 -0.03795639 0.00051334
v 0.00516159 -0.02781905 0.00460114
v 0.00516159 -0.02781905 0.00460114
v 0.00728864 -0.01417802 0.00306090
v 0.00728864 -0.01417802 0.00306090
v 0.00732251 -0.01798760 0.00305486
v 0.00732251 -0.01798760 0.00305486
v -0.00584650 -0.08895195 0.00308423
v -0.00517472 -0.03763401 0.00435560
v -0.00851055 -0.03504335 0.00527197
v 0.00119886 0.07205267 0.00748758
v 0.00119886 0.07205267 0.00748758
v 0.00539981 -0.02576198 0.00556375
v 0.00539981 -0.02576198 0.00556375
v 0.00539981 -0.02576198 0.00556375
v 0.00766767 -0.06891419 0.00748078
v 0.00461282 -0.03458235 0.01602278
v -0.00245393 -0.02481363 0.01744680
v -0.00245393 -0.02481363 0.01744680
v -0.00087033 -0.02793917 0.01788133
v -0.00087033 -0.02793917 0.01788133
v 0.00578466 -0.03675753 0.01398638
v 0.00578466 -0.03675753 0.01398638
v -0.00839344 -0.03303434 0.00659226
v -0.00087692 -0.02296982 0.00283210
v -0.00087692 -0.02296982 0.00283210
v -0.00695661 -0.02397223 0.01238852
v -0.00695661 -0.02397223 0.01238852
v -0.00695661 -0.02397223 0.01238852
v -0.00584761 -0.02614953 0.00571916
v -0.00584761 -0.02614953 0.00571916
v -0.00632802 -0.02398607 0.01387878
v -0.00632802 -0.02398607 0.01387878
v -0.00632802 -0.02398607 0.01387878
v 0.00059897 -0.02371648 0.00286321
v 0.00833239 -0.08107563 0.00848047
v 0.00329430 -0.03194558 0.01870921
v -0.00081962 -0.02417309 0.00326045
v -0.00081962 -0.02417309 0.00326045
v -0.00085440 -0.02615043 0.01781201
v -0.00085440 -0.02615043 0.01781201
v 0.00294026 -0.03341888 0.00427643
v 0.00294026 -0.03341888 0.00427643
v 0.00294026 -0.03341888 0.00427643
v 0.00294026 -0.03341888 0.00427643
v -0.00634154 -0.02615043 0.01434681
v -0.00634154 -0.02615043 0.01434681
v -0.00634154 -0.02615043 0.01434681
v 0.00701394 -0.02530531 0.00878140
v 0.00701394 -0.02530531 0.00878140
v 0.00513190 -0.03457833 0.00430329
v 0.00513190 -0.03457833 0.00430329
v -0.00430845 -0.02462584 0.01644852
v -0.00430845 -0.02462584 0.01644852
v 0.00730306 -0.00885075 0.01455211
v 0.00730306 -0.00885075 0.01455211
v 0.00730306 -0.00885075 0.01455211
v -0.00205988 -0.01148493 0.00126011
v 0.00561520 -0.03308008 0.01485031
v -0.00704957 -0.06891455 0.01456822
v -0.00683892 -0.01316354 0.01541431
v 0.00245355 -0.02481363 0.01744680
v 0.00245355 -0.02481363 0.01744680
v -0.00780591 -0.03141799 0.00662329
v -0.00780591 -0.03141799 0.00662329
v -0.00188379 -0.02659182 0.01737135
v -0.00188379 -0.02659182 0.01737135
v -0.00188379 -0.02659182 0.01737135
v -0.00188379 -0.02659182 0.01737135
v 0.00886437 -0.08540955 0.00545453
v 0.00364803 -0.03675751 0.00462523
v -0.00788347 -0.01231778 0.00734730
v -0.00788347 -0.01231778 0.00734730
v -0.00726554 -0.03185131 0.01553447
v -0.00753376 -0.08609582 0.00326678
v -0.00753376 -0.08609582 0.00326678
v 0.00337470 -0.02256058 0.01739036
v -0.00801788 -0.02897089 0.01128452
v -0.00801788 -0.02897089 0.01128452
v -0.00898881 -0.08663547 0.00539344
v -0.00898881 -0.08663547 0.00539344
v 0.00729467 -0.02696661 0.01016918
v 0.00729467 -0.02696661 0.01016918
v 0.00878156 -0.08285702 0.00540440
v -0.00040901 -0.02656111 0.01762671
v -0.00040901 -0.02656111 0.01762671
v 0.00867014 -0.00850885 0.00589258
v 0.00867014 -0.00850885 0.00589258
v 0.00867014 -0.00850885 0.00589258
v 0.00867014 -0.00850885 0.00589258
v 0.00685710 -0.02830306 0.01368462
v 0.00685710 -0.02830306 0.01368462
v -0.00730052 -0.02763047 0.01296497
v -0.00730052 -0.02763047 0.01296497
v 0.00914249 -0.01369488 0.01475999
v 0.00914249 -0.01369488 0.01475999
v 0.00560498 -0.02556389 0.01485229
v 0.00560498 -0.02556389 0.01485229
v 0.00560498 -0.02556389 0.00591235
v 0.00560498 -0.02556389 0.00591235
v 0.00207596 -0.08634636 0.00106398
v 0.00207596 -0.08634636 0.00106398
v 0.00850830 -0.00857502 0.00464473
v 0.00850830 -0.00857502 0.00464473
v 0.00850830 -0.00857502 0.00464473
v -0.00577673 -0.08833439 0.00216523
v 0.00474520 -0.02830305 0.01633285
v 0.00474520 -0.02830305 0.01633285
v -0.00570969 -0.01180060 0.01715461
v -0.00570969 -0.01180060 0.01715461
v -0.00747827 -0.02481536 0.01038232
v -0.00747827 -0.02481536 0.01038232
v -0.00895878 -0.01150402 0.01434647
v 0.00205640 -0.02462584 0.01753287
v 0.00205640 -0.02462584 0.01753287
v -0.00096661 -0.03121954 0.00182576
v -0.00096661 -0.03121954 0.00182576
v -0.00816309 -0.02215063 0.00920489
v -0.00442825 -0.02145275 0.01738663
v -0.00442825 -0.02145275 0.01738663
v -0.00625243 -0.02371648 0.01460198
v 0.00927897 -0.01917956 0.01309853
v 0.00282454 -0.02461601 0.00351174
v 0.00282454 -0.02461601 0.00351174
v -0.00520752 -0.01260448 0.01924359
v -0.00540919 -0.02656111 0.00554590
v -0.00540919 -0.02656111 0.00554590
v -0.00252523 -0.08664554 0.00074274
v 0.00450723 -0.02659980 0.00473021
v 0.00450723 -0.02659980 0.00473021
v 0.00677712 -0.03457913 0.00969621
v 0.00677712 -0.03457913 0.00969621
v 0.01003814 -0.08834450 0.01066589
v 0.00933543 -0.03795641 0.01383110
v 0.00933543 -0.03795641 0.01383110
v 0.00217437 -0.02566631 0.01722702
v 0.00217437 -0.02566631 0.01722702
v -0.00638362 -0.00799305 0.00747433
v -0.00624779 -0.00898504 0.01536462
v -0.00624779 -0.00898504 0.01536462
v -0.00624779 -0.00898504 0.01536462
v -0.00624779 -0.00898504 0.01536462
v 0.00692544 -0.02443405 0.00838323
v 0.00692544 -0.02443405 0.00838323
v -0.00927978 -0.01831227 0.01485115
v -0.00927978 -0.01831227 0.01485115
v 0.00840588 -0.00871758 0.00633472
v 0.00840588 -0.00871758 0.00633472
v -0.00116868 -0.08707737 0.02046731
v -0.00116868 -0.08707737 0.02046731
v 0.00742872 -0.02462584 0.00996847
v 0.00742872 -0.02462584 0.00996847
v 0.00512860 -0.01919561 0.01854734
v 0.00069534 -0.00898590 0.01845081
v 0.00069534 -0.00898590 0.01845081
v 0.00230256 -0.03342942 0.00384828
v 0.00230256 -0.03342942 0.00384828
v -0.00065208 -0.00875874 0.01852481
v -0.00065208 -0.00875874 0.01852481
v -0.00532061 -0.02793917 0.01573819
v -0.00532061 -0.02793917 0.01573819
v -0.00265185 -0.02879339 0.01795093
v -0.00265185 -0.02879339 0.01795093
v 0.00543891 -0.03456615 0.01801685
v 0.00543891 -0.03456615 0.01801685
v 0.00210195 -0.01148334 0.01949469
v -0.00932997 -0.00871758 0.01038183
v -0.00932997 -0.00871758 0.01038183
v -0.00517061 -0.02149221 0.00389883
v -0.00517061 -0.02149221 0.00389883
v 0.00605278 -0.02326888 0.01520941
v 0.00605278 -0.02326888 0.01520941
v 0.00794253 -0.02868694 0.00993988
v 0.00809533 -0.01799661 0.00391921
v 0.00809533 -0.01799661 0.00391921
v 0.00787472 -0.01231961 0.00858493
v 0.00787472 -0.01231961 0.00858493
v -0.00645869 -0.02417218 0.00727207
v -0.00645869 -0.02417218 0.00727207
v -0.00645869 -0.02417218 0.01349257
v -0.00645869 -0.02417218 0.01349257
v 0.00671454 -0.02641606 0.01361596
v 0.00671454 -0.02641606 0.01361596
v 0.00685710 -0.02830305 0.00708003
v 0.00685710 -0.02830305 0.00708003
v 0.00685710 -0.02830305 0.00708003
v 0.00301490 -0.03455395 0.01980888
v 0.00413274 -0.02320394 0.01692225
v 0.00413274 -0.02320394 0.01692225
v -0.00000019 -0.02404650 0.00320188
v -0.00000019 -0.02404650 0.00320188
v 0.00645579 -0.01434620 0.01845607
v 0.00645579 -0.01434620 0.01845607
v 0.00892581 -0.01266654 0.00993265
v 0.00892581 -0.01266654 0.00993265
v -0.00301037 -0.01255305 0.00270925
v 0.00762587 -0.02103684 0.00670982
v -0.00354948 -0.02736084 0.01717856
v -0.00354948 -0.02736084 0.01717856
v 0.00426907 -0.08974100 0.00673750
v 0.00184512 -0.02149221 0.01846711
v 0.00184512 -0.02149221 0.01846711
v -0.00672753 -0.03119618 0.01574720
v -0.00766431 -0.02011760 0.00550055
v 0.00830656 -0.08509956 0.00642246
v 0.00909125 -0.08179037 0.01043528
v 0.00909125 -0.08179037 0.01043528
v -0.00231375 -0.01434620 0.00030699
v -0.00231375 -0.01434620 0.00030699
v -0.01024589 -0.08760761 0.01151970
v -0.01024589 -0.08760761 0.01151970
v 0.00542830 -0.08707737 0.00180305
v 0.00542830 -0.08707737 0.00180305
v -0.00326966 -0.02796932 0.01717147
v -0.00326966 -0.02796932 0.01717147
v 0.00312411 -0.03795638 0.01983148
v 0.00565515 -0.02675885 0.01489230
v 0.00565515 -0.02675885 0.01489230
v -0.00149659 -0.00860195 0.00039181
v -0.00149659 -0.00860195 0.00039181
v -0.00149659 -0.00860195 0.00039181
v 0.00966172 -0.03261552 0.00995481
v 0.00966172 -0.03261552 0.00995481
v 0.00889765 -0.00833410 0.00930970
v 0.00889765 -0.00833410 0.00930970
v -0.00599107 -0.01281859 0.01639752
v -0.00599107 -0.01281859 0.01639752
v 0.00954651 -0.08634636 0.01043175
v 0.00954651 -0.08634636 0.01043175
v 0.00660329 -0.03458236 0.00730196
v 0.00451039 -0.02163384 0.01752081
v 0.00451039 -0.02163384 0.01752081
v -0.00366935 -0.02104268 0.00276323
v 0.00885173 -0.08490258 0.00962208
v -0.00519047 -0.03457591 0.01452143
v -0.00519047 -0.03457591 0.01452143
v -0.00603727 -0.08834451 0.01840742
v 0.00220552 -0.01180060 0.00180344
v 0.00220552 -0.01180060 0.00180344
v -0.00977870 -0.01797876 0.01380831
v -0.00977870 -0.01797876 0.01380831
v -0.00594190 -0.01231799 0.01811133
v -0.00974756 -0.01231799 0.01055586
v -0.00974756 -0.01231799 0.01055586
v -0.00974756 -0.01231799 0.01055586
v -0.00318465 -0.06089466 0.01999383
v -0.00318465 -0.06089466 0.01999383
v -0.00555278 -0.02509508 0.00540535
v -0.00555278 -0.02509508 0.00540535
v -0.00749639 -0.02781205 0.00841662
v -0.00749639 -0.02781205 0.00841662
v -0.00645365 -0.01433818 0.01845583
v -0.00645365 -0.01433818 0.01845583
v -0.00284202 -0.03121954 0.01851084
v -0.00284202 -0.03121954 0.01851084
v 0.00933721 -0.01784806 0.01487172
v -0.00873434 -0.08535530 0.01424591
v 0.00233800 -0.01231799 0.01984669
v 0.00233800 -0.01231799 0.01984669
v 0.00753337 -0.08609586 0.00326678
v 0.00192343 -0.08642280 0.00045044
v 0.00192343 -0.08642280 0.00045044
v -0.00673771 -0.02481536 0.01362694
v -0.00673771 -0.02481536 0.01362694
v 0.00535618 -0.02296982 0.01577527
v 0.00535618 -0.02296982 0.01577527
v 0.00739874 -0.02509356 0.01124261
v 0.00739874 -0.02509356 0.01124261
v -0.00399343 -0.02615044 0.00405904
v -0.00399343 -0.02615044 0.00405904
v -0.00399343 -0.02615044 0.00405904
v 0.00975860 -0.01440019 0.00697273
v 0.00975860 -0.01440019 0.00697273
v 0.00727680 -0.03763398 0.01356707
v 0.00667879 -0.02398608 0.01314962
v 0.00667879 -0.02398608 0.01314962
v 0.00667879 -0.02398608 0.01314962
v -0.00165845 -0.02508831 0.00311701
v -0.00165845 -0.02508831 0.00311701
v -0.00671434 -0.02508830 0.01361569
v -0.00671434 -0.02508830 0.01361569
v -0.00357975 -0.03198769 0.01863339
v 0.00397800 -0.01316354 0.00288145
v 0.00397800 -0.01316354 0.00288145
v -0.00550415 -0.08973763 0.01038229
v -0.00221571 0.07205267 0.01259786
v -0.00924655 -0.08761692 0.00588726
v -0.00924655 -0.08761692 0.00588726
v -0.00920245 -0.08509956 0.01034587
v -0.00550996 -0.01798639 0.00160947
v -0.00550996 -0.01798639 0.00160947
v -0.00550996 -0.01798639 0.00160947
v -0.01002709 -0.03337390 0.01175452
v -0.01002709 -0.03337390 0.01175452
v 0.00172116 -0.02320253 0.00284060
v 0.00172116 -0.02320253 0.00284060
v 0.00477117 -0.00884746 0.00345657
v 0.00477117 -0.00884746 0.00345657
v 0.00477117 -0.00884746 0.00345657
v -0.00464653 -0.02508831 0.01620865
v -0.00464653 -0.02508831 0.01620865
v -0.00259549 -0.01344927 0.00100064
v 0.00699416 -0.03308008 0.00877779
v 0.00603691 -0.08834450 0.01840740
v -0.00350484 -0.01231960 0.00310482
v -0.00350484 -0.01231960 0.00310482
v 0.00595942 -0.00875874 0.01596875
v 0.00595942 -0.00875874 0.01596875
v -0.00532061 -0.02793918 0.00502646
v -0.00532061 -0.02793918 0.00502646
v -0.00532061 -0.02793918 0.00502646
v 0.00705293 -0.02481363 0.01286854
v 0.00705293 -0.02481363 0.01286854
v -0.00523864 -0.02248585 0.00451506
v 0.00610936 -0.01294093 0.00274631
v 0.00610936 -0.01294093 0.00274631
v 0.00470892 -0.00833410 0.00275695
v 0.00470892 -0.00833410 0.00275695
v 0.00958123 -0.01919560 0.01146329
v 0.00839321 -0.02163384 0.00945807
v 0.00839321 -0.02163384 0.00945807
v -0.00120492 -0.01231779 0.01874331
v -0.00120492 -0.01231779 0.01874331
v -0.00120492 -0.01231779 0.01874331
v 0.00732432 -0.03337390 0.00339853
v 0.00732432 -0.03337390 0.00339853
v 0.00350365 -0.02397223 0.01671791
v 0.00350365 -0.02397223 0.01671791
v 0.00350365 -0.02397223 0.01671791
v 0.00350365 -0.02397223 0.01671791
v -0.00510988 -0.03284953 0.00229313
v -0.00510988 -0.03284953 0.00229313
v 0.00816728 -0.06891472 0.00966958
v 0.00816728 -0.06891472 0.00966958
v 0.00818523 -0.00805222 0.01354797
v 0.00061108 -0.00794909 0.00730928
v 0.00061108 -0.00794909 0.00730928
v -0.00855467 -0.08535479 0.00842982
v -0.00760744 -0.02163284 0.00671886
v -0.00760744 -0.02163284 0.00671886
v 0.00796302 -0.02163384 0.00757330
v 0.00796302 -0.02163384 0.00757330
v 0.00549546 -0.01440019 0.00162692
v 0.00549546 -0.01440019 0.00162692
v 0.00471295 -0.01231778 0.00337205
v 0.00471295 -0.01231778 0.00337205
v 0.00712547 -0.02417309 0.01116819
v 0.00712547 -0.02417309 0.01116819
v 0.00172275 -0.02763147 0.01793100
v 0.00172275 -0.02763147 0.01793100
v 0.00172275 -0.02763147 0.01793100
v 0.00172275 -0.02763147 0.00283364
v 0.00172275 -0.02763147 0.00283364
v 0.00584713 -0.02481275 0.00571925
v 0.00584713 -0.02481275 0.00571925
v -0.00115791 -0.01798640 0.00008765
v -0.00115791 -0.01798640 0.00008765
v 0.00447236 -0.03458235 0.00462985
v -0.00000270 0.07205925 0.00724913
v 0.00305377 -0.02011766 0.01894054
v -0.00119921 0.07205267 0.01327706
v -0.00764565 -0.08490257 0.01490798
v 0.00723831 -0.01841228 0.01761861
v 0.00514387 -0.05871924 0.01742879
v 0.00851911 -0.03455396 0.00534522
v 0.00081922 -0.02556567 0.01750418
v 0.00081922 -0.02556567 0.01750418
v -0.00586689 -0.00842518 0.01816733
v -0.00586689 -0.00842518 0.01816733
v -0.00586689 -0.00842518 0.01816733
v -0.00586689 -0.00842518 0.01816733
v -0.00986133 -0.03455395 0.01122421
v -0.00986133 -0.03455395 0.01122421
v 0.00716195 -0.02509508 0.01245725
v 0.00716195 -0.02509508 0.01245725
v 0.00205957 -0.01148334 0.00126028
v -0.00754852 -0.02793921 0.01038232
v -0.00754852 -0.02793921 0.01038232
v -0.00266387 -0.02897088 0.00276641
v -0.00312177 -0.02443428 0.00390031
v -0.00312177 -0.02443428 0.00390031
v -0.00927979 -0.01831227 0.00591351
v -0.00927979 -0.01831227 0.00591351
v 0.00380691 -0.08535479 0.00247680
v 0.00380691 -0.08535479 0.00247680
v -0.00464653 -0.02508831 0.00455600
v -0.00464653 -0.02508831 0.00455600
v -0.00492919 -0.02566631 0.00515897
v -0.00492919 -0.02566631 0.00515897
v 0.00692032 -0.03314487 0.00761098
v -0.00551956 -0.01798592 0.01914917
v -0.00551956 -0.01798592 0.01914917
v -0.00482330 -0.02320253 0.01643031
v -0.00482330 -0.02320253 0.01643031
v 0.00464615 -0.02508831 0.00455600
v 0.00464615 -0.02508831 0.00455600
v 0.00464615 -0.02508831 0.01620865
v 0.00464615 -0.02508831 0.01620865
v -0.00335933 -0.02326888 0.01735765
v -0.00335933 -0.02326888 0.01735765
v -0.00448783 -0.02781905 0.00406353
v -0.00448783 -0.02781905 0.00406353
v -0.00448783 -0.02781905 0.00406353
v -0.00979097 -0.00857502 0.01345719
v -0.00979097 -0.00857502 0.01345719
v -0.00040061 -0.02707958 0.00301112
v -0.00040061 -0.02707958 0.00301112
v 0.00312512 0.07787447 0.01152408
v 0.00312512 0.07787447 0.01152408
v -0.00640436 -0.03313145 0.01412044
v -0.00862292 -0.08634636 0.01447995
v -0.00862292 -0.08634636 0.01447995
v 0.00977913 -0.01294093 0.01039798
v 0.00977913 -0.01294093 0.01039798
v -0.00631537 -0.01231961 0.01541851
v -0.00631537 -0.01231961 0.01541851
v -0.00631537 -0.01231961 0.01541851
v 0.00442788 -0.02145274 0.00337802
v 0.00442788 -0.02145274 0.00337802
v 0.00567278 -0.02879339 0.01605089
v 0.00567278 -0.02879339 0.01605089
v -0.00745234 -0.02508830 0.01038233
v -0.00745234 -0.02508830 0.01038233
v 0.00540155 -0.03141799 0.00360878
v 0.00540155 -0.03141799 0.00360878
v -0.00740402 -0.02640529 0.00952725
v -0.00740402 -0.02640529 0.00952725
v -0.00740402 -0.02640529 0.01123741
v -0.00740402 -0.02640529 0.01123741
v -0.00000019 -0.02556389 0.01755160
v -0.00000019 -0.02556389 0.01755160
v -0.00716602 -0.02296982 0.00784749
v -0.00716602 -0.02296982 0.00784749
v -0.00716602 -0.02296982 0.01291716
v -0.00716602 -0.02296982 0.01291716
v -0.00417119 -0.02531969 0.01625488
v -0.00417119 -0.02531969 0.01625488
v -0.00417119 -0.02531969 0.00450977
v -0.00417119 -0.02531969 0.00450977
v -0.00417119 -0.02531969 0.00450977
v -0.00417119 -0.02531969 0.00450977
v 0.00823825 -0.02169209 0.00850195
v 0.00823825 -0.02169209 0.00850195
v 0.00348179 -0.02881529 0.01761272
v 0.00476182 -0.03457913 0.01525325
v -0.00000018 -0.02326888 0.00264029
v -0.00000018 -0.02326888 0.00264029
v -0.00000018 -0.00795022 0.01351557
v -0.00000018 -0.00795022 0.01351557
v 0.00174056 0.07205267 0.00777712
v -0.00540192 -0.03141799 0.00360877
v -0.00633806 -0.01369488 0.00247133
v -0.00633806 -0.01369488 0.00247133
v 0.00787791 -0.03261014 0.01593116
v 0.00787791 -0.03261014 0.01593116
v 0.00787791 -0.03261014 0.01593116
v 0.00274046 -0.01305328 0.02012393
v 0.00274046 -0.01305328 0.02012393
v -0.00715372 -0.03342700 0.01381910
v -0.00715372 -0.03342700 0.01381910
v 0.00158568 -0.03456031 0.00113909
v -0.00282150 -0.02593978 0.01725371
v -0.00282150 -0.02593978 0.01725371
v 0.00716785 -0.00831727 0.01556527
v 0.00716785 -0.00831727 0.01556527
v -0.00257732 -0.08643620 0.02016921
v -0.00257732 -0.08643620 0.02016921
v -0.00257732 -0.08643620 0.02016921
v 0.00505700 -0.02417309 0.01546341
v 0.00505700 -0.02417309 0.01546341
v 0.00624427 -0.01142284 0.01536211
v 0.00696941 -0.02320253 0.00702594
v 0.00696941 -0.02320253 0.00702594
v 0.00507062 -0.03951436 0.01925647
v 0.00613769 -0.02675983 0.00655658
v 0.00613769 -0.02675983 0.00655658
v 0.00727712 -0.08760761 0.00308106
v 0.00727712 -0.08760761 0.00308106
v -0.00141564 -0.02696661 0.01754171
v -0.00141564 -0.02696661 0.01754171
v -0.00661178 -0.02104268 0.01565490
v -0.00180426 -0.08936120 0.01834509
v -0.00732444 -0.01797004 0.01771386
v -0.00732444 -0.01797004 0.01771386
v 0.00674167 -0.00898590 0.01486917
v 0.00674167 -0.00898590 0.01486917
v 0.00189545 -0.00850885 0.00080428
v 0.00189545 -0.00850885 0.00080428
v 0.00189545 -0.00850885 0.00080428
v 0.00189545 -0.00850885 0.00080428
v 0.00189545 -0.00850885 0.00080428
v 0.00681888 -0.01919558 0.01719941
v 0.00671397 -0.02508830 0.01361569
v 0.00671397 -0.02508830 0.01361569
v -0.00584785 -0.01148332 0.00308445
v 0.00356881 -0.03337390 0.01985249
v 0.00356881 -0.03337390 0.01985249
v -0.00000019 -0.01448343 0.02072125
v -0.00000019 -0.01448343 0.02072125
v -0.00288058 -0.03457591 0.00440114
v 0.00778652 -0.01142284 0.00860506
v 0.00348179 -0.02881529 0.00315193
v 0.00348179 -0.02881529 0.00315193
v 0.00348179 -0.02881529 0.00315193
v 0.00760707 -0.02163285 0.00671886
v 0.00760707 -0.02163285 0.00671886
v 0.00790888 -0.01917958 0.01594352
v -0.00560535 -0.02556389 0.01485229
v -0.00560535 -0.02556389 0.01485229
v -0.00560535 -0.02556389 0.01485229
v 0.00399306 -0.02615044 0.01670561
v 0.00399306 -0.02615044 0.01670561
v 0.00399306 -0.02615044 0.01670561
v 0.00979766 -0.01260447 0.01348728
v 0.00642740 -0.01316354 0.01592987
v 0.00081368 -0.02640529 0.00297384
v 0.00081368 -0.02640529 0.00297384
v -0.00910176 -0.01919559 0.01356563
v 0.00284165 -0.03121953 0.01851083
v 0.00284165 -0.03121953 0.01851083
v 0.00919159 -0.08535360 0.01027009
v 0.00919159 -0.08535360 0.01027009
v -0.00083169 -0.02828844 0.01794045
v -0.00083169 -0.02828844 0.01794045
v 0.00564939 -0.06891453 0.01632350
v -0.00885948 -0.01231584 0.01445427
v 0.00678707 -0.08541032 0.00283702
v 0.00678707 -0.08541032 0.00283702
v 0.00473828 -0.02297005 0.00444049
v 0.00473828 -0.02297005 0.00444049
v 0.00569020 -0.00884746 0.01657517
v 0.00569020 -0.00884746 0.01657517
v 0.00569020 -0.00884746 0.01657517
v -0.00711755 -0.02793918 0.00786530
v -0.00711755 -0.02793918 0.00786530
v 0.00648140 -0.03314486 0.01406509
v 0.00080751 -0.02509356 0.00297747
v 0.00080751 -0.02509356 0.00297747
v -0.00868508 -0.01150400 0.00584982
v 0.00756124 -0.02368476 0.01078677
v 0.00849872 -0.01956629 0.01447518
v 0.00130140 -0.02781905 0.01802247
v 0.00130140 -0.02781905 0.01802247
v 0.00676079 -0.02417309 0.01276599
v 0.00676079 -0.02417309 0.01276599
v 0.00676079 -0.02417310 0.00799866
v 0.00676079 -0.02417310 0.00799866
v -0.00747165 -0.02149221 0.01398039
v -0.00747165 -0.02149221 0.01398039
v -0.00505738 -0.02417309 0.00530124
v -0.00505738 -0.02417309 0.00530124
v 0.00641375 -0.00801150 0.00648491
v 0.00618494 -0.03293465 0.00280298
v 0.00618494 -0.03293465 0.00280298
v -0.00076050 -0.03342942 0.01726842
v -0.00076050 -0.03342942 0.01726842
v -0.00734830 -0.02868694 0.00733474
v -0.00097507 -0.08634298 0.01932318
v -0.00097507 -0.08634298 0.01932318
v -0.00728624 -0.03458235 0.01029249
v -0.00728624 -0.03458235 0.01029249
v 0.00731281 -0.01440019 0.01768844
v 0.00731281 -0.01440019 0.01768844
v 0.00382817 -0.02417309 0.00432128
v 0.00382817 -0.02417309 0.00432128
v 0.00891590 -0.00850885 0.01436174
v 0.00891590 -0.00850885 0.01436174
v 0.00891590 -0.00850885 0.01436174
v 0.00891590 -0.00850885 0.01436174
v 0.00891590 -0.00850885 0.01436174
v 0.00326929 -0.02796932 0.00359318
v 0.00326929 -0.02796932 0.00359318
v 0.00326929 -0.02796932 0.00359318
v 0.00375139 -0.00830449 0.01970149
v 0.00375139 -0.00830449 0.01970149
v 0.01026844 -0.01417802 0.01151612
v 0.01026844 -0.01417802 0.01151612
v 0.00724669 -0.02211884 0.00638143
v 0.00713828 -0.03342906 0.01381848
v 0.00713828 -0.03342906 0.01381848
v 0.00625206 -0.02371648 0.00616266
v 0.00660233 -0.03765100 0.01359506
v 0.00660233 -0.03765100 0.01359506
v -0.00420957 -0.00831727 0.00260256
v -0.00420957 -0.00831727 0.00260256
v -0.00866212 -0.06089468 0.00513895
v -0.00332314 -0.08707737 0.00078907
v -0.00332314 -0.08707737 0.00078907
v 0.00358429 -0.02781205 0.00351148
v 0.00358429 -0.02781205 0.00351148
v 0.00358429 -0.02781205 0.00351148
v 0.00802892 -0.03495185 0.00397933
v 0.00802892 -0.03495185 0.00397933
v 0.00875575 -0.01194857 0.00531522
v 0.00115754 -0.01798640 0.02067700
v 0.00115754 -0.01798640 0.02067700
v -0.00898320 -0.01993562 0.00833202
v -0.00712585 -0.02417309 0.01116818
v -0.00712585 -0.02417309 0.01116818
v 0.01007365 -0.01414884 0.01268161
v 0.00754774 -0.02326888 0.00865957
v 0.00754774 -0.02326888 0.00865957
v -0.00807314 -0.02898659 0.01038232
v -0.00807314 -0.02898659 0.01038232
v 0.00386992 -0.02675983 0.01649233
v 0.00386992 -0.02675983 0.01649233
v 0.00386992 -0.02675983 0.01649233
v -0.00207486 -0.08179046 0.01923404
v -0.00207486 -0.08179046 0.01923404
v -0.00226279 0.08999995 0.01109153
v -0.00226279 0.08999995 0.01109153
v -0.00226279 0.08999995 0.01109153
v -0.00226279 0.08999995 0.01003994
v -0.00226279 0.08999995 0.01003994
v -0.00855727 -0.03121953 0.01134414
v -0.00855727 -0.03121953 0.01134414
v -0.00413312 -0.02320394 0.01692225
v -0.00413312 -0.02320394 0.01692225
v -0.00704295 -0.02730639 0.01330328
v 0.01027597 -0.08763812 0.00999474
v 0.01027597 -0.08763812 0.00999474
v 0.00765539 -0.02256384 0.01180768
v 0.00765539 -0.02256384 0.01180768
v 0.00284311 -0.02509507 0.01727560
v 0.00284311 -0.02509507 0.01727560
v 0.00464654 -0.02641606 0.01620914
v 0.00464654 -0.02641606 0.01620914
v 0.00741551 -0.02303259 0.01207491
v 0.00741551 -0.02303259 0.01207491
v 0.00160460 -0.03765102 0.01754749
v 0.00743318 -0.02481363 0.01120255
v 0.00743318 -0.02481363 0.01120255
v -0.00350403 -0.02397224 0.00404673
v -0.00350403 -0.02397224 0.00404673
v -0.00350403 -0.02397224 0.00404673
v -0.00350403 -0.02397224 0.00404673
v -0.00248134 -0.02640529 0.01741025
v -0.00248134 -0.02640529 0.01741025
v -0.00823734 -0.01266654 0.00691462
v 0.00312166 0.07788153 0.00922305
v 0.00312166 0.07788153 0.00922305
v 0.00312166 0.07788153 0.00922305
v 0.00688244 -0.03342942 0.00959127
v 0.00688244 -0.03342942 0.00959127
v 0.00688244 -0.03342942 0.00959127
v 0.00635126 -0.01150403 0.00292376
v -0.00365898 -0.02256384 0.00350826
v -0.00816763 -0.06891409 0.00966957
v -0.00451077 -0.02163384 0.00324384
v -0.00451077 -0.02163384 0.00324384
v -0.00660367 -0.03458235 0.00730196
v -0.00660367 -0.03458235 0.00730196
v -0.00808215 -0.01180423 0.00675883
v -0.00808215 -0.01180423 0.00675883
v -0.00808215 -0.01180423 0.00675883
v 0.00812679 -0.03121953 0.00753611
v 0.00242479 -0.08535530 0.01961986
v 0.00242479 -0.08535530 0.01961986
v 0.00266433 -0.08763812 0.00045005
v 0.00266433 -0.08763812 0.00045005
v 0.00566785 -0.00827811 0.01843619
v 0.00566785 -0.00827811 0.01843619
v -0.00715392 -0.02656111 0.01159577
v -0.00715392 -0.02656111 0.01159577
v 0.00575663 -0.03264716 0.00257804
v 0.00575663 -0.03264716 0.00257804
v 0.00575663 -0.03264716 0.00257804
v 0.00589919 -0.02576198 0.01457469
v 0.00589919 -0.02576198 0.01457469
v 0.00589919 -0.02576198 0.01457469
v 0.00246953 -0.02793917 0.00324841
v 0.00246953 -0.02793917 0.00324841
v 0.00972379 -0.01344928 0.00993971
v 0.00754814 -0.02793922 0.01038232
v 0.00754814 -0.02793922 0.01038232
v 0.00601252 -0.02707958 0.01466512
v 0.00594674 -0.02303259 0.00563981
v 0.00594674 -0.02303259 0.00563981
v 0.00992015 -0.00830450 0.01196613
v 0.00992015 -0.00830450 0.01196613
v -0.00539142 -0.07099695 0.01713561
v 0.00221535 -0.00794817 0.00816678
v 0.00221535 -0.00794817 0.00816678
v 0.00219859 -0.02868693 0.01802744
v -0.00184549 -0.02149221 0.01846711
v -0.00184549 -0.02149221 0.01846711
v 0.00086997 -0.02793918 0.01788132
v 0.00086997 -0.02793918 0.01788132
v -0.00723313 -0.02659181 0.01010115
v -0.00723313 -0.02659181 0.01010115
v -0.00449636 -0.01798155 0.00104593
v -0.00449636 -0.01798155 0.00104593
v -0.00794530 -0.03206041 0.00600566
v -0.00850867 -0.00857502 0.00464473
v -0.00850867 -0.00857502 0.00464473
v 0.00058311 -0.01917956 0.00073140
v -0.00591382 -0.08634636 0.01787705
v -0.00591382 -0.08634636 0.01787705
v 0.00953856 -0.01917957 0.00880346
v -0.00697198 -0.02656111 0.00837173
v -0.00697198 -0.02656111 0.00837173
v -0.00794290 -0.02868693 0.01082477
v 0.00399763 -0.01993564 0.01868387
v -0.00709714 -0.08944506 0.00712107
v 0.00685726 -0.02303571 0.01368470
v 0.00685726 -0.02303571 0.01368470
v 0.00685726 -0.02303571 0.01368470
v 0.00370024 -0.00857502 0.01995421
v 0.00370024 -0.00857502 0.01995421
v -0.00669358 -0.00834726 0.00304266
v -0.00669358 -0.00834726 0.00304266
v -0.00366663 -0.02169209 0.01799579
v -0.00366663 -0.02169209 0.01799579
v -0.00358466 -0.02781205 0.01725317
v -0.00358466 -0.02781205 0.01725317
v 0.00137334 -0.03455395 0.00058108
v 0.00137334 -0.03455395 0.00058108
v 0.00217682 -0.03457913 0.00392761
v 0.00319971 -0.06974473 0.02005905
v -0.00968174 -0.03292284 0.01016299
v -0.00968174 -0.03292284 0.01016299
v -0.00163943 -0.08833439 0.02029201
v 0.00634117 -0.02615044 0.01434681
v 0.00634117 -0.02615044 0.01434681
v 0.00688835 -0.01194651 0.00297352
v 0.00430809 -0.02462584 0.00431613
v 0.00430809 -0.02462584 0.00431613
v 0.00170385 -0.01345598 0.01995905
v -0.00166179 -0.02601957 0.01766229
v -0.00166179 -0.02601957 0.01766229
v -0.00634154 -0.02481362 0.01434654
v -0.00634154 -0.02481362 0.01434654
v -0.00634154 -0.02481362 0.01434654
v 0.00527720 -0.02103685 0.01699996
v -0.00121012 -0.02441977 0.01748302
v -0.00121012 -0.02441977 0.01748302
v 0.00165821 -0.02641606 0.00311640
v 0.00165821 -0.02641606 0.00311640
v -0.00370061 -0.00857502 0.01995421
v -0.00370061 -0.00857502 0.01995421
v 0.00310038 -0.02736084 0.01739465
v 0.00310038 -0.02736084 0.01739465
v -0.00588775 -0.02256384 0.01547899
v 0.00450453 -0.08442847 0.01973647
v 0.00450453 -0.08442847 0.01973647
v -0.00122875 -0.08490256 0.01918148
v 0.00829252 -0.02149221 0.01038232
v 0.00829252 -0.02149221 0.01038232
v -0.00000019 -0.02707333 0.01774649
v -0.00168413 -0.08225497 0.00103097
v -0.00823722 -0.02145274 0.00947721
v -0.00823722 -0.02145274 0.00947721
v -0.00088627 -0.02320393 0.01806780
v -0.00088627 -0.02320393 0.01806780
v -0.00366203 -0.01917957 0.00143406
v 0.00173649 -0.00882151 0.01907639
v 0.00173649 -0.00882151 0.01907639
v 0.00221536 0.07205267 0.00816678
v 0.00823685 -0.02145274 0.01128744
v 0.00823685 -0.02145274 0.01128744
v -0.00253647 -0.02320394 0.00307349
v -0.00253647 -0.02320394 0.00307349
v 0.00133518 -0.02659182 0.01749649
v 0.00133518 -0.02659182 0.01749649
v 0.00479310 -0.02211884 0.00363335
v 0.00477613 -0.03344146 0.01595307
v 0.00477613 -0.03344146 0.01595307
v 0.00258148 -0.03456031 0.01939826
v 0.00258148 -0.03456031 0.01939826
v -0.00843875 -0.03337390 0.00479551
v -0.00843875 -0.03337390 0.00479551
v 0.00545661 -0.02763047 0.00488794
v 0.00545661 -0.02763047 0.00488794
v 0.00119887 0.07205267 0.01327706
v -0.00231200 -0.01784805 0.02048169
v -0.00414256 -0.02763048 0.01692493
v -0.00414256 -0.02763048 0.01692493
v -0.00752349 -0.03951450 0.00346397
v -0.00752349 -0.03951450 0.00346397
v -0.00849792 -0.03337531 0.01418017
v -0.00849792 -0.03337531 0.01418017
v -0.00708178 -0.06974473 0.00305228
v -0.00708178 -0.06974473 0.00305228
v 0.00571005 -0.08535530 0.01803775
v -0.00172772 0.08999995 0.01132530
v -0.00172772 0.08999995 0.01132530
v 0.00228060 -0.03277249 0.00093402
v 0.00228060 -0.03277249 0.00093402
v 0.00228060 -0.03277249 0.00093402
v 0.00228060 -0.03277249 0.00093402
v -0.00977927 -0.08766858 0.00737276
v -0.00977927 -0.08766858 0.00737276
v -0.01012498 -0.08540955 0.01097593
v -0.01012498 -0.08540955 0.01097593
v -0.01012498 -0.08540955 0.01097593
v -0.00244780 -0.00853713 0.01983321
v -0.00244780 -0.00853713 0.01983321
v -0.00244780 -0.00853713 0.01983321
v -0.00244780 -0.00853713 0.01983321
v -0.00244780 -0.00853713 0.01983321
v -0.00761533 -0.02897090 0.00771642
v -0.00761533 -0.02897090 0.00771642
v -0.00634154 -0.02481363 0.00641812
v -0.00634154 -0.02481363 0.00641812
v -0.00684383 -0.02215063 0.00577973
v -0.00380342 -0.02830672 0.01698511
v -0.00380342 -0.02830672 0.01698511
v 0.00716821 -0.02417219 0.01038232
v 0.00716821 -0.02417219 0.01038232
v -0.00503360 -0.02898660 0.00407063
v 0.00446924 -0.02417219 0.00477785
v 0.00446924 -0.02417219 0.00477785
v -0.00802751 -0.01181555 0.00925314
v 0.00630563 -0.00853713 0.00292935
v 0.00630563 -0.00853713 0.00292935
v 0.00630563 -0.00853713 0.00292935
v 0.00630563 -0.00853713 0.00292935
v -0.00430858 -0.02595269 0.01644866
v -0.00430858 -0.02595269 0.01644866
v 0.00167406 -0.08540955 0.00037930
v 0.00167406 -0.08540955 0.00037930
v 0.00167406 -0.08540955 0.00037930
v -0.00606994 -0.02461601 0.00609956
v -0.00606994 -0.02461601 0.00609956
v -0.00315084 0.07620019 0.00975564
v -0.00315084 0.07620019 0.01100900
v -0.00183125 -0.02696661 0.00331780
v -0.00183125 -0.02696661 0.00331780
v -0.00000019 -0.02675885 0.01761576
v -0.00000019 -0.02675885 0.01761576
v -0.00000019 -0.02150532 0.01867518
v -0.00000019 -0.02150532 0.01867518
v 0.00229888 -0.01784807 0.00028005
v 0.00127999 -0.01182852 0.01869519
v 0.00127999 -0.01182852 0.01869519
v -0.00580864 -0.03457913 0.01394105
v 0.00827493 -0.08509956 0.01440787
v 0.00827493 -0.08509956 0.01440787
v 0.00564061 -0.03334573 0.01846272
v 0.00564061 -0.03334573 0.01846272
v 0.00406564 -0.02296982 0.00396021
v 0.00406564 -0.02296982 0.00396021
v -0.00585800 -0.03342942 0.01408130
v -0.00585800 -0.03342942 0.01408130
v -0.00221572 -0.00794893 0.00816678
v -0.00221572 -0.00794893 0.00816678
v -0.00706881 -0.03457832 0.00673163
v -0.00174091 0.07205267 0.01298752
v 0.00284165 -0.03121954 0.00225381
v 0.00284165 -0.03121954 0.00225381
v 0.00552113 -0.01796647 0.00161153
v 0.00552113 -0.01796647 0.00161153
v -0.00403787 -0.02793917 0.00400350
v -0.00403787 -0.02793917 0.00400350
v -0.00403787 -0.02793917 0.00400350
v -0.00729867 -0.01147683 0.01455235
v 0.00031371 -0.02256384 0.01816313
v -0.00781421 -0.02145275 0.01314076
v -0.00781421 -0.02145275 0.01314076
v 0.00660693 -0.03341888 0.00887429
v 0.00660693 -0.03341888 0.00887429
v 0.00816437 -0.08936120 0.01036928
v -0.00701431 -0.02530531 0.01198325
v -0.00701431 -0.02530531 0.01198325
v -0.00222664 -0.03675753 0.00394054
v -0.00222664 -0.03675753 0.00394054
v 0.00490953 -0.03342942 0.01527017
v 0.00490953 -0.03342942 0.01527017
v -0.00952009 -0.08278248 0.01081138
v -0.00952009 -0.08278248 0.01081138
v 0.00540881 -0.02656111 0.00554589
v 0.00540881 -0.02656111 0.00554589
v -0.00391408 -0.01843897 0.01983895
v 0.00243993 -0.00885075 0.00233432
v 0.00243993 -0.00885075 0.00233432
v 0.00243993 -0.00885075 0.00233432
v -0.00181073 0.07791721 0.01250217
v -0.00181073 0.07791721 0.01250217
v 0.01008071 -0.01448765 0.00808142
v 0.01008071 -0.01448765 0.00808142
v 0.00826494 -0.02211884 0.00992194
v 0.00590557 -0.02397223 0.01457024
v 0.00590557 -0.02397223 0.01457024
v 0.00590557 -0.02397223 0.01457024
v -0.00159530 -0.02556658 0.00339367
v 0.00695624 -0.02397224 0.00837613
v 0.00695624 -0.02397224 0.00837613
v 0.00695624 -0.02397224 0.00837613
v 0.00584317 -0.02145274 0.00450668
v 0.00584317 -0.02145274 0.00450668
v -0.00545699 -0.02763047 0.01587670
v -0.00545699 -0.02763047 0.01587670
v -0.00083937 -0.03457913 0.01714238
v 0.00712713 -0.08499545 0.00294352
v -0.00648380 -0.02150532 0.00521182
v -0.00648380 -0.02150532 0.00521182
v -0.00473864 -0.02297005 0.00444048
v -0.00473864 -0.02297005 0.00444048
v -0.00526457 -0.02163284 0.00378099
v -0.00526457 -0.02163284 0.00378099
v 0.00851684 -0.03795634 0.00523372
v 0.00494224 -0.03342700 0.01659175
v 0.00494224 -0.03342700 0.01659175
v -0.00511036 -0.08766858 0.00151812
v -0.00511036 -0.08766858 0.00151812
v -0.00857305 -0.03264715 0.01491595
v -0.00857305 -0.03264715 0.01491595
v -0.00857305 -0.03264715 0.01491595
v -0.00857305 -0.03264715 0.01491595
v -0.00723895 -0.08830957 0.01727424
v -0.00861372 -0.08609590 0.00462101
v 0.00629275 -0.02509356 0.01436769
v 0.00629275 -0.02509356 0.01436769
v -0.00516197 -0.02781905 0.01616350
v -0.00516197 -0.02781905 0.01616350
v -0.00720403 -0.01993559 0.00463746
v -0.00170404 -0.08663547 0.00024423
v -0.00170404 -0.08663547 0.00024423
v -0.00170404 -0.08663547 0.00024423
v -0.00979803 -0.01260447 0.01348728
v 0.00723276 -0.02659182 0.01066350
v 0.00723276 -0.02659182 0.01066350
v 0.00723276 -0.02659182 0.01066350
v 0.00723276 -0.02659182 0.01066350
v -0.00760744 -0.02163284 0.01404579
v -0.00760744 -0.02163284 0.01404579
v -0.00664822 -0.00831727 0.01621732
v -0.00664822 -0.00831727 0.01621732
v -0.00933191 -0.01784806 0.00588115
v -0.00858833 -0.03334573 0.00554959
v -0.00858833 -0.03334573 0.00554959
v -0.00482775 -0.02763147 0.00432875
v -0.00482775 -0.02763147 0.00432875
v -0.00482775 -0.02763147 0.00432875
v 0.00406564 -0.02296982 0.01680444
v 0.00406564 -0.02296982 0.01680444
v 0.00609073 -0.08645332 0.01728201
v 0.00609073 -0.08645332 0.01728201
v -0.00754811 -0.02326888 0.00865956
v -0.00754811 -0.02326888 0.00865956
v -0.01007402 -0.01414885 0.01268161
v 0.00930512 -0.03260599 0.00786435
v 0.00930512 -0.03260599 0.00786435
v 0.00930512 -0.03260599 0.00786435
v -0.00602313 -0.03337048 0.00326370
v -0.00602313 -0.03337048 0.00326370
v 0.00568936 -0.01147683 0.01656990
v 0.00754847 -0.01410259 0.01720352
v 0.00236384 -0.02675983 0.01721762
v 0.00236384 -0.02675983 0.01721762
v -0.00537259 -0.02443404 0.00557630
v -0.00537259 -0.02443404 0.00557630
v -0.00588161 -0.01956630 0.00300725
v 0.00086587 -0.08609583 0.00005588
v -0.00716718 -0.02641467 0.00831530
v -0.00716718 -0.02641467 0.00831530
v 0.00512860 -0.01919558 0.00221729
v -0.00726163 -0.03457832 0.01363262
v -0.00552348 -0.02593978 0.01534910
v -0.00552348 -0.02593978 0.01534910
v 0.00095031 -0.02145274 0.01861424
v 0.00095031 -0.02145274 0.01861424
v -0.00225229 0.07619939 0.00814826
v -0.00225229 0.07619939 0.00814826
v 0.00584723 -0.02614953 0.01504549
v 0.00584723 -0.02614953 0.01504549
v -0.00173443 -0.01180424 0.01906796
v -0.00173443 -0.01180424 0.01906796
v -0.00426946 -0.08974100 0.01402715
v 0.00207670 -0.02368476 0.00310048
v -0.00735699 -0.01298539 0.01494850
v 0.00165821 -0.02641606 0.01764824
v 0.00165821 -0.02641606 0.01764824
v -0.00305415 -0.02011762 0.00182408
v 0.00081926 -0.02417309 0.00326045
v 0.00081926 -0.02417309 0.00326045
v 0.00930383 -0.03337532 0.01064761
v 0.00930383 -0.03337532 0.01064761
v -0.00930809 -0.01434620 0.01487985
v -0.00930809 -0.01434620 0.01487985
v -0.00755620 -0.02296982 0.01120766
v -0.00755620 -0.02296982 0.01120766
v -0.00755620 -0.02296982 0.01120766
v -0.00755620 -0.02296982 0.01120766
v 0.00198009 -0.03458127 0.01807914
v 0.00198009 -0.03458127 0.01807914
v 0.00751569 -0.02256384 0.00834490
v 0.00638222 -0.08634298 0.01671904
v 0.00638222 -0.08634298 0.01671904
v 0.00787992 -0.00882151 0.01444520
v 0.00787992 -0.00882151 0.01444520
v -0.00000019 -0.02481276 0.01786132
v -0.00000019 -0.02481276 0.01786132
v -0.00313715 -0.02781205 0.00329597
v -0.00313715 -0.02781205 0.00329597
v -0.00796339 -0.02163384 0.00757329
v -0.00796339 -0.02163384 0.00757329
v -0.00743368 -0.02615043 0.00956185
v -0.00743368 -0.02615043 0.00956185
v -0.00607917 -0.02556567 0.00658255
v -0.00607917 -0.02556567 0.00658255
v -0.00387029 -0.02675983 0.01649233
v -0.00387029 -0.02675983 0.01649233
v -0.00452566 -0.03260599 0.00187062
v -0.00452566 -0.03260599 0.00187062
v -0.00452566 -0.03260599 0.00187062
v 0.00698936 -0.02417487 0.00878701
v 0.00698936 -0.02417487 0.00878701
v 0.00698936 -0.02417487 0.01197764
v 0.00698936 -0.02417487 0.01197764
v 0.00718978 -0.02675983 0.00959857
v 0.00718978 -0.02675983 0.00959857
v 0.00590077 -0.02781205 0.01540584
v 0.00590077 -0.02781205 0.01540584
v -0.00590771 -0.01305328 0.01859884
v -0.00590771 -0.01305328 0.01859884
v -0.00590771 -0.01305328 0.01859884
v -0.00310075 -0.02736084 0.00336999
v -0.00310075 -0.02736084 0.00336999
v 0.01026006 -0.08609582 0.01183583
v -0.00537253 -0.02530563 0.00557625
v -0.00537253 -0.02530563 0.00557625
v 0.00796871 -0.02879339 0.01128333
v 0.00796871 -0.02879339 0.01128333
v 0.00718151 -0.01917959 0.00390904
v 0.00299151 -0.01194853 0.02004626
v 0.00559336 -0.03337532 0.01782190
v 0.00559336 -0.03337532 0.01782190
v -0.00713816 -0.02397223 0.00917156
v -0.00713816 -0.02397223 0.00917156
v -0.00713816 -0.02397223 0.00917156
v -0.00235196 -0.02417309 0.01715445
v -0.00235196 -0.02417309 0.01715445
v 0.00510201 -0.05904949 0.01680039
v -0.00730400 -0.00884746 0.01455200
v -0.00730400 -0.00884746 0.01455200
v -0.00730400 -0.00884746 0.01455200
v 0.00979060 -0.00857502 0.01345719
v 0.00979060 -0.00857502 0.01345719
v -0.00833278 -0.08107565 0.00848047
v -0.00680100 -0.02793922 0.01365742
v -0.00680100 -0.02793922 0.01365742
v 0.00341275 -0.01798592 0.00060107
v 0.00341275 -0.01798592 0.00060107
v -0.00821314 -0.03456615 0.00586379
v -0.00821314 -0.03456615 0.00586379
v 0.00604468 -0.08643620 0.01849923
v 0.00604468 -0.08643620 0.01849923
v 0.00335279 -0.03292008 0.01979263
v 0.00335279 -0.03292008 0.01979263
v 0.00217234 -0.08634636 0.01967867
v 0.00217234 -0.08634636 0.01967867
v 0.00132090 -0.02248585 0.00262856
v -0.00359832 -0.02150532 0.01785393
v -0.00359832 -0.02150532 0.01785393
v -0.00812716 -0.03121952 0.01322853
v -0.00812716 -0.03121952 0.01322853
v 0.00024816 -0.02781205 0.00263666
v 0.00024816 -0.02781205 0.00263666
v -0.00758350 -0.02256058 0.00865148
v 0.00155876 -0.05867279 0.00145918
v -0.00833010 -0.01410259 0.01622385
v -0.00698828 -0.02368476 0.01329870
v -0.00539094 -0.02828844 0.01574484
v -0.00539094 -0.02828844 0.01574484
v 0.00839320 -0.02163384 0.01130658
v 0.00839320 -0.02163384 0.01130658
v 0.00683871 -0.02656336 0.00799939
v 0.00683871 -0.02656336 0.00799939
v -0.00564976 -0.06891403 0.01632349
v -0.00607576 -0.00832519 0.01725555
v -0.00607576 -0.00832519 0.01725555
v 0.00656103 -0.02320394 0.00628327
v 0.00656103 -0.02320394 0.00628327
v -0.00418432 -0.02398608 0.01627806
v -0.00418432 -0.02398608 0.01627806
v -0.00418432 -0.02398608 0.01627806
v -0.00447274 -0.03458235 0.00462985
v -0.00769813 -0.02763047 0.01122293
v -0.00769813 -0.02763047 0.01122293
v 0.01001194 -0.03495183 0.01266753
v 0.00253610 -0.02320394 0.01769115
v 0.00253610 -0.02320394 0.01769115
v -0.00284152 -0.08541032 0.02012529
v -0.00284152 -0.08541032 0.02012529
v 0.00808475 -0.02150532 0.01222766
v 0.00808475 -0.02150532 0.01222766
v 0.00208304 -0.08509957 0.00141890
v -0.00796339 -0.02163384 0.01319135
v -0.00796339 -0.02163384 0.01319135
v 0.00823826 -0.02169209 0.01226269
v 0.00823826 -0.02169209 0.01226269
v 0.00575000 -0.08280529 0.01869767
v 0.00760708 -0.02163285 0.01404578
v 0.00760708 -0.02163285 0.01404578
v 0.00812978 -0.08644904 0.01475124
v 0.00812978 -0.08644904 0.01475124
v 0.00812978 -0.08644904 0.01475124
v 0.00119886 -0.00794804 0.01327706
v 0.00119886 -0.00794804 0.01327706
v 0.00898283 -0.01993563 0.00833201
v -0.00457530 0.07843626 0.01289953
v -0.00457530 0.07843626 0.01289953
v -0.00457530 0.07843626 0.01289953
v -0.00457530 0.07843626 0.00851748
v -0.00457530 0.07843626 0.00851748
v -0.00457530 0.07843626 0.00851748
v -0.00453148 -0.01281859 0.00320314
v -0.00453148 -0.01281859 0.00320314
v -0.00436844 -0.03344146 0.00448615
v -0.00436844 -0.03344146 0.00448615
v 0.01029400 -0.01798640 0.00922025
v 0.01029400 -0.01798640 0.00922025
v -0.00453526 -0.06891420 0.00355236
v 0.00081894 -0.00857502 0.00015279
v 0.00081894 -0.00857502 0.00015279
v -0.00642781 -0.02828844 0.00631999
v -0.00642781 -0.02828844 0.00631999
v -0.00895323 -0.01344927 0.00656203
v -0.00610972 -0.01294093 0.00274631
v -0.00610972 -0.01294093 0.00274631
v 0.00119299 0.07618360 0.00771928
v 0.00119299 0.07618360 0.00771928
v -0.00716718 -0.02641466 0.01244933
v -0.00716718 -0.02641466 0.01244933
v -0.00811742 -0.08442860 0.00390905
v 0.00709710 -0.02707958 0.00835169
v -0.01029566 -0.01798591 0.01153314
v -0.01029566 -0.01798591 0.01153314
v -0.00130178 -0.02781905 0.00274217
v -0.00130178 -0.02781905 0.00274217
v 0.00761083 -0.02830306 0.01038232
v 0.00761083 -0.02830306 0.01038232
v 0.00778726 -0.07099649 0.00663700
v 0.00604112 -0.01255305 0.01598946
v 0.00604112 -0.01255305 0.01598946
v 0.00716681 -0.02641466 0.00831532
v 0.00716681 -0.02641466 0.00831532
v 0.00711717 -0.02793918 0.01289935
v 0.00711717 -0.02793918 0.01289935
v 0.00638846 -0.03766643 0.00337035
v 0.00638846 -0.03766643 0.00337035
v 0.00753336 -0.02830673 0.00923903
v 0.00753336 -0.02830673 0.00923903
v 0.00753336 -0.02830673 0.00923903
v 0.00753336 -0.02830673 0.00923903
v 0.00753336 -0.02830673 0.01152560
v 0.00753336 -0.02830673 0.01152560
v -0.00445632 -0.03194558 0.01814979
v 0.00315024 0.07620019 0.01100900
v -0.00761138 -0.02303571 0.01038232
v -0.00761138 -0.02303571 0.01038232
v -0.00761138 -0.02303571 0.01038232
v 0.00000542 -0.01799661 0.00002331
v 0.00000542 -0.01799661 0.00002331
v -0.00940724 -0.00860195 0.01406431
v -0.00940724 -0.00860195 0.01406431
v -0.00940724 -0.00860195 0.01406431
v -0.00570921 -0.08509956 0.00316499
v 0.00386992 -0.02675983 0.00427232
v -0.00119922 -0.00795021 0.00748758
v -0.00119922 -0.00795021 0.00748758
v -0.00000018 -0.01142284 0.01836927
v -0.00000018 -0.02796932 0.00284694
v -0.00000018 -0.02796932 0.00284694
v -0.00808512 -0.02150532 0.00853700
v -0.00808512 -0.02150532 0.00853700
v 0.00740365 -0.02640529 0.01123741
v 0.00740365 -0.02640529 0.01123741
v 0.00898283 -0.01993564 0.01243264
v -0.00219897 -0.02868694 0.00273720
v 0.00877639 -0.01798592 0.01588622
v 0.00877639 -0.01798592 0.01588622
v 0.00796148 -0.03334200 0.00403311
v 0.00796148 -0.03334200 0.00403311
v -0.00841918 -0.03951453 0.00458713
v 0.00096157 -0.02011763 0.01941809
v 0.00418395 -0.02398608 0.00448659
v 0.00418395 -0.02398608 0.00448659
v 0.00418395 -0.02398608 0.00448659
v 0.00555241 -0.02509507 0.00540535
v 0.00555241 -0.02509507 0.00540535
v -0.00031411 -0.02256384 0.00260152
v -0.00126056 -0.02640782 0.01774260
v -0.00126056 -0.02640782 0.01774260
v 0.00346596 -0.00899178 0.00318480
v 0.00346596 -0.00899178 0.00318480
v 0.00346596 -0.00899178 0.00318480
v 0.00346596 -0.00899178 0.00318480
v 0.00346596 -0.00899178 0.00318480
v 0.00945548 -0.05724512 0.01389167
v 0.00945548 -0.05724512 0.01389167
v -0.00503291 -0.03314486 0.01588191
v -0.00696979 -0.02320252 0.01373871
v -0.00696979 -0.02320252 0.01373871
v 0.00863904 -0.05724498 0.00517763
v 0.00812679 -0.03121954 0.01322853
v 0.00812679 -0.03121954 0.01322853
v 0.00696941 -0.02320253 0.01373871
v 0.00696941 -0.02320253 0.01373871
v -0.00075355 -0.03280568 0.01989255
v -0.00075355 -0.03280568 0.01989255
v 0.00085403 -0.02615043 0.00295264
v 0.00085403 -0.02615043 0.00295264
v -0.00132127 -0.02248585 0.01813609
v 0.00706134 -0.08830117 0.01747015
v 0.00428965 -0.02659182 0.01621257
v 0.00428965 -0.02659182 0.01621257
v 0.00428965 -0.02659182 0.01621257
v 0.00338177 -0.01841228 0.02004266
v -0.00527636 -0.02615044 0.01568251
v -0.00527636 -0.02615044 0.01568251
v -0.00416911 -0.02215063 0.00326619
v 0.00470612 -0.02793921 0.00448080
v 0.00470612 -0.02793921 0.00448080
v -0.00318611 -0.01919560 0.01948298
v -0.00875608 -0.01194649 0.00531512
v -0.00251251 -0.06891459 0.00257824
v -0.00251251 -0.06891459 0.00257824
v -0.00817181 -0.00814717 0.00820550
v -0.00712585 -0.02417309 0.00959646
v -0.00712585 -0.02417309 0.00959646
v -0.00719015 -0.02675982 0.01116608
v -0.00719015 -0.02675982 0.01116608
v -0.00066868 -0.02215064 0.00216208
v -0.00698974 -0.02417487 0.01197764
v -0.00698974 -0.02417487 0.01197764
v -0.00698974 -0.02417487 0.00878701
v -0.00698974 -0.02417487 0.00878701
v 0.00551319 -0.02707958 0.00547339
v -0.00823863 -0.02169208 0.00850196
v -0.00823863 -0.02169208 0.00850196
v -0.00406601 -0.02296982 0.01680444
v -0.00406601 -0.02296982 0.01680444
v 0.00743330 -0.02615044 0.01120279
v 0.00743330 -0.02615044 0.01120279
v 0.00043928 -0.02593978 0.00296730
v 0.00043928 -0.02593978 0.00296730
v 0.00841595 -0.01148334 0.00630521
v 0.00276857 -0.02397224 0.00369274
v 0.00276857 -0.02397224 0.00369274
v 0.00276857 -0.02397224 0.00369274
v 0.00276857 -0.02397224 0.00369274
v -0.01001232 -0.03495186 0.01266753
v -0.00342521 -0.00809920 0.00274167
v 0.00184512 -0.02149221 0.00229753
v 0.00184512 -0.02149221 0.00229753
v -0.00751607 -0.02256384 0.01241973
v -0.00751607 -0.02256384 0.01241973
v 0.00755583 -0.02296983 0.01120766
v 0.00755583 -0.02296983 0.01120766
v -0.00732469 -0.03337390 0.00339852
v -0.00732469 -0.03337390 0.00339852
v -0.00732469 -0.03337390 0.00339852
v -0.00972473 -0.08760761 0.01380302
v -0.00972473 -0.08760761 0.01380302
v -0.00830536 -0.08490260 0.00722657
v 0.00448745 -0.02781905 0.01670112
v 0.00448745 -0.02781905 0.01670112
v 0.00430821 -0.02595269 0.00431599
v 0.00430821 -0.02595269 0.00431599
v 0.00460610 -0.02868694 0.00389660
v 0.00519009 -0.03457591 0.01452143
v 0.00446922 -0.02556658 0.01598679
v -0.00438181 -0.02696661 0.01621856
v -0.00438181 -0.02696661 0.01621856
v -0.00438181 -0.02696661 0.01621856
v -0.00438181 -0.02696661 0.01621856
v 0.00187459 0.07792660 0.01269355
v 0.00187459 0.07792660 0.01269355
v 0.00503050 -0.02368476 0.00472273
v -0.00271112 -0.08490256 0.00192151
v -0.00271112 -0.08490256 0.00192151
v 0.00556021 -0.02641466 0.00541037
v 0.00556021 -0.02641466 0.00541037
v 0.00834460 -0.01316354 0.00881588
v -0.00851838 -0.00831417 0.00643263
v -0.00851838 -0.00831417 0.00643263
v -0.00719746 -0.02371648 0.00812503
v -0.00222319 -0.00831417 0.00125994
v -0.00222319 -0.00831417 0.00125994
v 0.00253230 -0.02763048 0.00306444
v 0.00253230 -0.02763048 0.00306444
v 0.00470612 -0.02793921 0.01628385
v 0.00470612 -0.02793921 0.01628385
v -0.00115163 -0.01438801 0.02065134
v -0.00115163 -0.01438801 0.02065134
v 0.00176137 -0.03342906 0.00265822
v 0.00176137 -0.03342906 0.00265822
v 0.00671397 -0.02508831 0.00714895
v 0.00671397 -0.02508831 0.00714895
v 0.00671397 -0.02508831 0.00714895
v 0.00139014 -0.02211884 0.00222197
v -0.00671030 -0.08763812 0.01817490
v -0.00671030 -0.08763812 0.01817490
v 0.00061696 -0.01255305 0.01860159
v 0.00061696 -0.01255305 0.01860159
v 0.00683206 -0.02897089 0.00609073
v 0.00670991 -0.08763812 0.01817490
v 0.00670991 -0.08763812 0.01817490
v 0.00793609 -0.03342700 0.01038969
v 0.00793609 -0.03342700 0.01038969
v 0.00399305 -0.02615043 0.00405903
v 0.00399305 -0.02615043 0.00405903
v -0.00000019 -0.02104268 0.00192577
v -0.01012221 -0.08442847 0.01269261
v -0.00535656 -0.02296982 0.00498938
v -0.00535656 -0.02296982 0.00498938
v -0.00535656 -0.02296982 0.01577526
v -0.00535656 -0.02296982 0.01577526
v -0.00762624 -0.02103683 0.00670981
v -0.00762624 -0.02103684 0.01405483
v -0.00167985 -0.02793921 0.00302324
v -0.00167985 -0.02793921 0.00302324
v -0.00249917 -0.03206041 0.01910213
v 0.00296744 0.07620019 0.00915304
v 0.00296744 0.07620019 0.00915304
v -0.00671491 -0.02641606 0.01361597
v -0.00671491 -0.02641606 0.01361597
v -0.00068556 -0.01181556 0.01845965
v 0.00526420 -0.02163284 0.00378099
v 0.00526420 -0.02163284 0.00378099
v 0.00071810 -0.03951452 0.00018685
v 0.00808947 -0.00882151 0.00675458
v 0.00808947 -0.00882151 0.00675458
v 0.00974347 -0.01417801 0.01381619
v 0.00974347 -0.01417801 0.01381619
v -0.00927959 -0.08761692 0.01480879
v -0.00927959 -0.08761692 0.01480879
v -0.00731326 -0.08829013 0.00351219
v 0.00187865 -0.02163284 0.00215060
v 0.00187865 -0.02163284 0.00215060
v -0.00584760 -0.02614953 0.01504548
v -0.00584760 -0.02614953 0.01504548
v -0.00892139 -0.08834450 0.00577138
v 0.00517866 -0.03337390 0.01907723
v 0.00517866 -0.03337390 0.01907723
v -0.00199096 -0.02441977 0.00345984
v -0.00199096 -0.02441977 0.00345984
v 0.00552584 -0.02461601 0.00541775
v 0.00552584 -0.02461601 0.00541775
v -0.00313866 -0.02675885 0.00386522
v -0.00313866 -0.02675885 0.00386522
v -0.00538450 -0.07099684 0.00362352
v 0.00838948 -0.00884746 0.00979458
v 0.00838948 -0.00884746 0.00979458
v 0.00838948 -0.00884746 0.00979458
v 0.00681781 -0.02675983 0.00796886
v 0.00681781 -0.02675983 0.00796886
v 0.00681781 -0.02675983 0.01279579
v 0.00681781 -0.02675983 0.01279579
v 0.00624742 -0.00898504 0.01536462
v 0.00624742 -0.00898504 0.01536462
v 0.00624742 -0.00898504 0.01536462
v 0.00962912 -0.03337390 0.01349653
v 0.00962912 -0.03337390 0.01349653
v -0.00360820 -0.08829013 0.01974512
v 0.00865841 -0.03456031 0.01398524
v 0.00632765 -0.02398608 0.00688587
v 0.00632765 -0.02398608 0.00688587
v 0.00632765 -0.02398608 0.00688587
v 0.00632765 -0.02398608 0.00688587
v 0.00873737 -0.08760761 0.00491215
v 0.00873737 -0.08760761 0.00491215
v 0.00873737 -0.08760761 0.00491215
v 0.00645976 -0.01784764 0.01848284
v 0.00696549 -0.03280568 0.01690086
v 0.00696549 -0.03280568 0.01690086
v -0.00849908 -0.01956632 0.00628948
v -0.00732774 -0.03738732 0.01358180
v 0.01008619 -0.08280529 0.01107118
v 0.01008619 -0.08280529 0.01107118
v -0.00667916 -0.02398607 0.00761503
v -0.00667916 -0.02398607 0.00761503
v -0.00667916 -0.02398607 0.00761503
v -0.00667916 -0.02398607 0.00761503
v -0.00916195 -0.00832519 0.00991763
v -0.00916195 -0.00832519 0.00991763
v -0.00382851 -0.02556567 0.00432128
v -0.00382851 -0.02556567 0.00432128
v -0.00382851 -0.02556567 0.00432128
v -0.00382851 -0.02556567 0.00432128
v 0.00309295 -0.02256385 0.00323586
v 0.00858795 -0.03334573 0.00554959
v 0.00858795 -0.03334573 0.00554959
v 0.00124941 -0.02462584 0.00304758
v 0.00124941 -0.02462584 0.00304758
v 0.00157604 -0.03334572 0.00065468
v 0.00157604 -0.03334572 0.00065468
v 0.00157604 -0.03334572 0.00065468
v -0.00823722 -0.02145275 0.01128744
v -0.00823722 -0.02145275 0.01128744
v -0.00088627 -0.02320394 0.00269684
v -0.00088627 -0.02320394 0.00269684
v -0.00629312 -0.02509356 0.01436769
v -0.00629312 -0.02509356 0.01436769
v -0.00629312 -0.02509356 0.01436769
v 0.00654408 -0.03342942 0.00810878
v 0.00654408 -0.03342942 0.00810878
v -0.00823301 -0.08535360 0.01447161
v 0.00702842 -0.02145274 0.00599293
v 0.00702842 -0.02145274 0.00599293
v -0.00000018 -0.02169209 0.01883263
v -0.00000018 -0.02169209 0.01883263
v -0.00159696 -0.08645332 0.01944628
v -0.00159696 -0.08645332 0.01944628
v 0.00174057 0.07205267 0.01298752
v 0.00174057 0.07205267 0.01298752
v 0.00648343 -0.02150532 0.00521181
v 0.00648343 -0.02150532 0.00521181
v 0.00061109 0.07205267 0.01345536
v 0.00517023 -0.02149221 0.00389883
v 0.00517023 -0.02149221 0.00389883
v -0.00738184 -0.05905031 0.00681359
v 0.00733319 -0.03344146 0.01012135
v 0.00733319 -0.03344146 0.01012135
v 0.00629943 -0.02640529 0.00639952
v 0.00629943 -0.02640529 0.00639952
v 0.00629943 -0.02640529 0.00639952
v 0.00719729 -0.01281859 0.01488450
v 0.00550494 -0.02371648 0.01553885
v 0.00480076 -0.03675751 0.01522015
v 0.01011478 -0.08643620 0.01071705
v 0.01011478 -0.08643620 0.01071705
v 0.01011478 -0.08643620 0.01071705
v -0.00826531 -0.02211884 0.01084270
v -0.00660690 -0.02169208 0.01565101
v -0.00660690 -0.02169208 0.01565101
v -0.00446961 -0.02417219 0.01598680
v -0.00446961 -0.02417219 0.01598680
v 0.00651346 -0.02462584 0.00678617
v 0.00651346 -0.02462584 0.00678617
v -0.00412761 -0.00898590 0.00341464
v -0.00412761 -0.00898590 0.00341464
v -0.01008108 -0.01448766 0.00808143
v -0.01008108 -0.01448766 0.00808143
v 0.01009950 -0.03951435 0.01195075
v 0.00391371 -0.01843898 0.00092569
v 0.00391371 -0.01843898 0.00092569
v 0.00246953 -0.02793918 0.01751623
v 0.00246953 -0.02793918 0.01751623
v 0.00246953 -0.02793918 0.01751623
v -0.00565552 -0.02675885 0.01489230
v -0.00565552 -0.02675885 0.01489230
v -0.00565552 -0.02675885 0.01489230
v -0.00040805 -0.02443404 0.00318550
v -0.00040805 -0.02443404 0.00318550
v -0.00236421 -0.02675983 0.01721761
v -0.00236421 -0.02675983 0.01721761
v 0.00935164 -0.01148491 0.01040416
v 0.00645724 -0.08664554 0.01797171
v 0.00382817 -0.02417309 0.01644337
v 0.00382817 -0.02417309 0.01644337
v 0.00382817 -0.02417309 0.01644337
v 0.00846613 -0.08535530 0.00596260
v 0.00844993 -0.08766858 0.01615148
v 0.00844993 -0.08766858 0.01615148
v -0.01027068 -0.01418851 0.01150836
v -0.01027068 -0.01418851 0.01150836
v -0.00305415 -0.02011762 0.01894057
v -0.00159530 -0.02556658 0.01737098
v 0.00784288 -0.03289789 0.00412769
v 0.00816272 -0.02215063 0.01155977
v -0.00557066 -0.06974473 0.01891744
v -0.00557066 -0.06974473 0.01891744
v 0.00943924 -0.03280568 0.00900058
v 0.00943924 -0.03280568 0.00900058
v -0.00148892 -0.03738733 0.00252653
v -0.00330048 -0.02303259 0.00352919
v -0.00330048 -0.02303259 0.00352919
v 0.00366627 -0.02169209 0.01799578
v 0.00366627 -0.02169209 0.01799578
v -0.00083600 -0.02675983 0.01756642
v -0.00083600 -0.02675983 0.01756642
v 0.00697161 -0.02656111 0.01239291
v 0.00697161 -0.02656111 0.01239291
v -0.00953893 -0.01917957 0.00880348
v -0.00564099 -0.03334573 0.01846272
v -0.00564099 -0.03334573 0.01846272
v -0.00564099 -0.03334573 0.01846272
v 0.00747790 -0.02481535 0.01038233
v 0.00747790 -0.02481535 0.01038233
v 0.00272242 -0.02371647 0.01741678
v 0.00913282 -0.03334573 0.01408364
v 0.00913282 -0.03334573 0.01408364
v 0.00913282 -0.03334573 0.01408364
v -0.00000019 -0.03457591 0.01702094
v 0.00629275 -0.02509356 0.00639696
v 0.00629275 -0.02509356 0.00639696
v 0.00702842 -0.02145274 0.01477172
v 0.00702842 -0.02145274 0.01477172
v 0.00823685 -0.02145274 0.00947721
v 0.00823685 -0.02145274 0.00947721
v -0.00569139 -0.08520455 0.01896730
v -0.00569139 -0.08520455 0.01896730
v -0.00987502 -0.08609590 0.01352452
v -0.00987502 -0.08609590 0.01352452
v 0.00112235 -0.06891429 0.01850360
v -0.00781402 -0.00884746 0.00727173
v -0.00781402 -0.00884746 0.00727173
v -0.00781402 -0.00884746 0.00727173
v -0.00678503 -0.02781904 0.00663640
v -0.00678503 -0.02781904 0.00663640
v 0.00084670 -0.01260448 0.00013921
v -0.00719209 -0.02441977 0.01078279
v -0.00719209 -0.02441977 0.01078279
v -0.00089362 -0.02763048 0.01807431
v -0.00089362 -0.02763048 0.01807431
v -0.00764656 -0.02211884 0.00721101
v 0.00229889 -0.01784806 0.02048459
v -0.00417118 -0.02441977 0.01625486
v -0.00417118 -0.02441977 0.01625486
v 0.01029429 -0.01798760 0.01153884
v 0.01029429 -0.01798760 0.01153884
v -0.00839919 -0.00831417 0.01457951
v -0.00839919 -0.00831417 0.01457951
v 0.00571657 -0.01344928 0.00250385
v -0.00149912 -0.03766646 0.00101559
v -0.00289492 -0.00794940 0.01158136
v -0.00289492 -0.00794940 0.01158136
v -0.00660767 -0.01331979 0.01606026
v -0.00544433 -0.01841228 0.01904956
v 0.00192767 -0.03141799 0.00193584
v 0.00192767 -0.03141799 0.00193584
v -0.00223366 -0.01369488 0.00049475
v -0.00223366 -0.01369488 0.00049475
v -0.00716859 -0.02417218 0.01038233
v -0.00716859 -0.02417218 0.01038233
v -0.00640403 -0.03457913 0.00805993
v -0.00399354 -0.02481364 0.00405928
v -0.00399354 -0.02481364 0.00405928
v -0.00399354 -0.02481364 0.00405928
v 0.00634117 -0.02481363 0.00641811
v 0.00634117 -0.02481363 0.00641811
v -0.00875996 -0.01417801 0.00490541
v -0.00875996 -0.01417801 0.00490541
v -0.00742909 -0.02462584 0.01079618
v -0.00742909 -0.02462584 0.01079618
v -0.00490991 -0.03342942 0.01527017
v -0.00490991 -0.03342942 0.01527017
v -0.00245419 -0.02615043 0.01744687
v -0.00245419 -0.02615043 0.01744687
v -0.00527609 -0.02481363 0.00508208
v -0.00527609 -0.02481363 0.00508208
v -0.00708212 -0.01394946 0.01754377
v 0.00128037 -0.02730639 0.01789849
v 0.00172117 -0.02320252 0.01792404
v 0.00172117 -0.02320252 0.01792404
v 0.00188330 -0.02103684 0.00213026
v 0.00919183 -0.08645332 0.00992213
v 0.00919183 -0.08645332 0.00992213
v 0.00919183 -0.08645332 0.00992213
v -0.00651383 -0.02462584 0.01397848
v -0.00651383 -0.02462584 0.01397848
v -0.00174109 0.07618842 0.00792479
v -0.00878148 -0.03185131 0.00889272
v 0.00695574 -0.02576198 0.00838391
v 0.00695574 -0.02576198 0.00838391
v 0.00695574 -0.02576198 0.00838391
v 0.00801867 -0.00906709 0.00926500
v 0.00801867 -0.00906709 0.00926500
v 0.00801867 -0.00906709 0.00926500
v -0.00620801 -0.03292284 0.01781491
v -0.00620801 -0.03292284 0.01781491
v 0.00219655 -0.00827117 0.00121514
v 0.00219655 -0.00827117 0.00121514
v 0.00844833 -0.00827117 0.01456387
v 0.00844833 -0.00827117 0.01456387
v -0.00866947 -0.00853713 0.00589305
v -0.00866947 -0.00853713 0.00589305
v -0.00866947 -0.00853713 0.00589305
v -0.00866947 -0.00853713 0.00589305
v 0.00905707 -0.03206042 0.01087831
v -0.00157748 -0.05871908 0.00180176
v -0.00058348 -0.01917956 0.02003324
v 0.00572496 -0.05871941 0.00379925
v 0.00572496 -0.05871941 0.00379925
v 0.00910139 -0.01919559 0.00719902
v 0.00313762 -0.00794837 0.01072933
v 0.00313762 -0.00794837 0.01072933
v 0.00566612 -0.08499546 0.01898624
v 0.00455432 -0.02248586 0.01679501
v -0.00910177 -0.01919558 0.00719902
v -0.00124978 -0.02462584 0.01771706
v -0.00124978 -0.02462584 0.01771706
v -0.00228424 -0.03293465 0.01989470
v -0.00228424 -0.03293465 0.01989470
v 0.00382813 -0.02556567 0.01644337
v 0.00382813 -0.02556567 0.01644337
v 0.00382813 -0.02556567 0.01644337
v 0.00757048 -0.02879340 0.01302812
v 0.00757048 -0.02879340 0.01302812
v -0.00266472 -0.08763812 0.00045005
v -0.00266472 -0.08763812 0.00045005
v 0.00780554 -0.03141799 0.01414136
v 0.00780554 -0.03141799 0.01414136
v -0.00096661 -0.03121954 0.01893888
v -0.00096661 -0.03121954 0.01893888
v 0.00024884 -0.02736084 0.00271915
v 0.00024884 -0.02736084 0.00271915
v 0.00116304 -0.01798760 0.00008861
v 0.00116304 -0.01798760 0.00008861
v 0.00421894 -0.03198768 0.01832539
v 0.00315160 -0.05724599 0.01996311
v 0.00338855 -0.08760761 0.02011804
v 0.00338855 -0.08760761 0.02011804
v 0.00503322 -0.02898660 0.01669401
v 0.00227759 -0.01369488 0.02025978
v 0.00227759 -0.01369488 0.02025978
v 0.00634116 -0.02481363 0.01434653
v 0.00634116 -0.02481363 0.01434653
v 0.00187866 -0.02163284 0.01861405
v 0.00187866 -0.02163284 0.01861405
v 0.00040775 -0.02397223 0.01761075
v 0.00040775 -0.02397223 0.01761075
v 0.00040775 -0.02397223 0.01761075
v -0.00589956 -0.02576198 0.00618995
v -0.00589956 -0.02576198 0.00618995
v -0.00589956 -0.02576198 0.00618995
v 0.00119300 0.07618360 0.01304537
v -0.00242481 -0.01266654 0.00178018
v -0.00242481 -0.01266654 0.00178018
v 0.00640365 -0.03457913 0.00805993
v 0.00348940 -0.01331979 0.00239979
v 0.00348940 -0.01331979 0.00239979
v 0.00795240 -0.03457833 0.01060453
v 0.00608705 -0.03121954 0.00429181
v 0.00870370 -0.03277249 0.01470837
v 0.00870370 -0.03277249 0.01470837
v 0.00870370 -0.03277249 0.01470837
v 0.00870370 -0.03277249 0.01470837
v 0.00808599 -0.03210929 0.01460118
v 0.00584317 -0.02145274 0.01625797
v 0.00584317 -0.02145274 0.01625797
v -0.00394787 -0.02640529 0.00406064
v -0.00394787 -0.02640529 0.00406064
v -0.00394787 -0.02640529 0.00406064
v 0.00341796 -0.01438801 0.00063066
v 0.00341796 -0.01438801 0.00063066
v -0.00747843 -0.02615219 0.01038232
v -0.00747843 -0.02615219 0.01038232
v -0.00953894 -0.01917956 0.01196119
v -0.00743355 -0.02481362 0.01120254
v -0.00743355 -0.02481362 0.01120254
v -0.00743355 -0.02481363 0.00956210
v -0.00743355 -0.02481363 0.00956210
v -0.00291621 -0.08280529 0.02006254
v -0.00291621 -0.08280529 0.02006254
v 0.00830668 -0.00814717 0.00879805
v 0.00231023 -0.06245622 0.01887826
v 0.00231023 -0.06245622 0.01887826
v 0.00351137 -0.02656111 0.00403273
v 0.00351137 -0.02656111 0.00403273
v 0.00351137 -0.02656111 0.00403273
v 0.00251212 -0.06891366 0.00257828
v 0.01026419 -0.01438948 0.00919040
v 0.01026419 -0.01438948 0.00919040
v -0.00648014 -0.02696661 0.00702517
v -0.00648014 -0.02696661 0.00702517
v -0.00000019 -0.02481276 0.00290333
v -0.00000019 -0.02481276 0.00290333
v -0.00399343 -0.02615043 0.01670561
v -0.00399343 -0.02615043 0.01670561
v -0.00778689 -0.01142284 0.00860506
v -0.00743368 -0.02615042 0.01120278
v -0.00743368 -0.02615042 0.01120278
v -0.00746411 -0.02371648 0.01147135
v -0.00754811 -0.02326888 0.01210508
v -0.00754811 -0.02326888 0.01210508
v 0.00712548 -0.02417309 0.00959646
v 0.00712548 -0.02417309 0.00959646
v 0.00640082 -0.00809920 0.01578023
v 0.01026286 -0.08663547 0.01097713
v 0.01026286 -0.08663547 0.01097713
v 0.00305377 -0.02011760 0.00182406
v 0.00938815 -0.00831417 0.01024497
v 0.00938815 -0.00831417 0.01024497
v 0.00096157 -0.02011762 0.00134655
v -0.00938660 -0.08280529 0.01413801
v -0.00859539 -0.02011764 0.01333062
v -0.00594712 -0.02303259 0.00563982
v -0.00594712 -0.02303259 0.00563982
v 0.00974852 -0.01231584 0.01055753
v -0.00618939 -0.02566631 0.01402544
v -0.00618939 -0.02566631 0.01402544
v -0.00849995 -0.08634298 0.00744236
v -0.00849995 -0.08634298 0.00744236
v 0.00539688 -0.02397223 0.00555653
v 0.00539688 -0.02397223 0.00555653
v 0.00539688 -0.02397223 0.00555653
v -0.01026060 -0.08520453 0.01128541
v -0.00170906 -0.03458235 0.00329894
v 0.00176407 -0.03342906 0.01810581
v 0.00176407 -0.03342906 0.01810581
v 0.00176407 -0.03342906 0.01810581
v 0.00128808 -0.02368476 0.01784417
v -0.00197160 -0.08179040 0.00150704
v -0.00962528 -0.00830450 0.01325963
v -0.00962528 -0.00830450 0.01325963
v -0.00634155 -0.02615043 0.00641784
v -0.00634155 -0.02615043 0.00641784
v 0.00453486 -0.06891399 0.00355237
v -0.00380343 -0.02830673 0.00377954
v -0.00380343 -0.02830673 0.00377954
v -0.00380343 -0.02830673 0.00377954
v -0.00380343 -0.02830673 0.00377954
v 0.00368897 -0.03457913 0.00465582
v 0.00644945 -0.02296982 0.00636029
v 0.00644945 -0.02296982 0.00636029
v 0.00403749 -0.02793918 0.00400350
v 0.00403749 -0.02793918 0.00400350
v -0.00370854 -0.08107565 0.00268186
v -0.00663731 -0.02368476 0.00673715
v 0.00584563 -0.08541031 0.01867840
v 0.00096624 -0.03121954 0.01893888
v 0.00096624 -0.03121954 0.01893888
v 0.00715603 -0.08707737 0.01758377
v 0.00715603 -0.08707737 0.01758377
v -0.00000019 -0.08107557 0.01892919
v 0.00088589 -0.02320394 0.01806780
v 0.00088589 -0.02320394 0.01806780
v -0.00217415 -0.02248585 0.00282323
v -0.00000019 -0.03334200 0.00019897
v -0.00000019 -0.03334200 0.00019897
v -0.00000019 -0.03711343 0.01706718
v -0.00348216 -0.02881528 0.01761272
v -0.00348216 -0.02881528 0.01761272
v -0.00686035 -0.08535479 0.01585312
v 0.00995957 -0.08664554 0.01006561
v 0.00681068 -0.01255305 0.01502445
v 0.00681068 -0.01255305 0.01502445
v 0.00545611 -0.02320394 0.01586690
v 0.00545611 -0.02320394 0.01586690
v -0.00551356 -0.02707958 0.01529126
v 0.00718978 -0.02675982 0.01116608
v 0.00718978 -0.02675982 0.01116608
v -0.00681925 -0.01919559 0.00356524
v 0.00979121 -0.01150402 0.01069774
v 0.00761249 -0.02730640 0.01080638
v -0.00966155 -0.01841228 0.00700331
v -0.00886663 -0.08541032 0.00544423
v -0.00886663 -0.08541032 0.00544423
v -0.00886663 -0.08541032 0.00544423
v 0.00596200 -0.08664554 0.00239800
v 0.00596200 -0.08664554 0.00239800
v -0.00824471 -0.02104270 0.00850056
v -0.00180654 0.09000000 0.00958616
v -0.00180654 0.09000000 0.00958616
v 0.01025951 -0.08499548 0.01131667
v 0.01025951 -0.08499548 0.01131667
v -0.00858003 -0.08634636 0.00619564
v -0.00858003 -0.08634636 0.00619564
v -0.00169132 -0.02297005 0.00297297
v -0.00169132 -0.02297005 0.00297297
v 0.00166142 -0.02601957 0.00310235
v 0.00166142 -0.02601957 0.00310235
v -0.00206739 -0.03738730 0.01810608
v -0.00600460 -0.05867275 0.00359999
v -0.00581386 -0.01148333 0.01770730
v -0.00345730 0.07797693 0.01000750
v -0.00756161 -0.02368476 0.00997788
v -0.00217474 -0.02566631 0.00353763
v -0.00217474 -0.02566631 0.00353763
v -0.00172153 -0.02320253 0.01792404
v -0.00172153 -0.02320253 0.01792404
v -0.00523968 -0.01266252 0.00311695
v -0.00523968 -0.01266252 0.00311695
v -0.00815071 -0.01255305 0.00915503
v -0.00815071 -0.01255305 0.00915503
v 0.00711717 -0.02793918 0.00786530
v 0.00711717 -0.02793918 0.00786530
v 0.00439807 -0.02368476 0.01654626
v -0.00024921 -0.02736084 0.01804550
v -0.00024921 -0.02736084 0.01804550
v -0.00284202 -0.03121954 0.00225381
v -0.00761286 -0.02730639 0.00995827
v 0.00980508 -0.00827390 0.01092959
v 0.00980508 -0.00827390 0.01092959
v -0.00796186 -0.03334200 0.00403311
v -0.00796186 -0.03334200 0.00403311
v 0.00912278 -0.01369488 0.00596372
v 0.00912278 -0.01369488 0.00596372
v 0.00289457 0.07205267 0.01158136
v -0.00000019 -0.02881528 0.01840746
v -0.00000019 -0.02881528 0.01840746
v -0.00000019 -0.01993560 0.00116827
v -0.00283766 -0.02707958 0.01719728
v -0.00283766 -0.02707958 0.01719728
v -0.00823863 -0.02169208 0.01226270
v -0.00823863 -0.02169208 0.01226270
v -0.00478715 -0.02011768 0.01810595
v 0.00716565 -0.02296983 0.00784749
v 0.00716565 -0.02296983 0.00784749
v 0.00288020 -0.03457591 0.00440114
v 0.00288020 -0.03457591 0.00440114
v 0.00740365 -0.02640529 0.00952724
v 0.00740365 -0.02640529 0.00952724
v -0.00160523 0.07793149 0.00818014
v -0.00160523 0.07793149 0.00818014
v -0.00925870 -0.08643620 0.01446946
v -0.00925870 -0.08643620 0.01446946
v 0.00745197 -0.02508830 0.01038232
v 0.00745197 -0.02508830 0.01038232
v -0.00455490 -0.03765103 0.00462302
v -0.00802930 -0.03495184 0.00397933
v -0.00324520 -0.02481276 0.00364398
v -0.00324520 -0.02481276 0.00364398
v 0.00083563 -0.02675983 0.00319823
v 0.00083563 -0.02675983 0.00319823
v -0.00966155 -0.01841227 0.01376133
v -0.00971913 -0.03277249 0.01026117
v -0.00971913 -0.03277249 0.01026117
v -0.00971913 -0.03277249 0.01026117
v -0.00971913 -0.03277249 0.01026117
v 0.00769776 -0.02763047 0.00954172
v 0.00769776 -0.02763047 0.00954172
v -0.01007213 -0.08285706 0.01105702
v -0.01007213 -0.08285706 0.01105702
v 0.00380206 -0.02371648 0.00386780
v -0.00546804 -0.01438948 0.00161417
v -0.00546804 -0.01438948 0.00161417
v -0.00546804 -0.01438948 0.00161417
v 0.00085085 -0.08713023 0.02050225
v 0.00085085 -0.08713023 0.02050225
v -0.00711754 -0.02793918 0.01289935
v -0.00711754 -0.02793918 0.01289935
v -0.00839358 -0.02163384 0.01130658
v -0.00839358 -0.02163384 0.01130658
v -0.00839358 -0.02163384 0.00945807
v -0.00839358 -0.02163384 0.00945807
v 0.00805266 -0.00832519 0.01477613
v 0.00805266 -0.00832519 0.01477613
v -0.00429003 -0.02659182 0.00455207
v -0.00429003 -0.02659182 0.00455207
v -0.00429003 -0.02659182 0.00455207
v -0.00096681 -0.02163384 0.01877094
v -0.00096681 -0.02163384 0.01877094
v 0.00716098 -0.02163384 0.01485681
v 0.00716098 -0.02163384 0.01485681
v -0.01005577 -0.08713023 0.00896013
v -0.01005577 -0.08713023 0.00896013
v -0.00696978 -0.02320252 0.00702594
v -0.00696978 -0.02320252 0.00702594
v 0.00607884 -0.02417309 0.00658257
v 0.00607884 -0.02417309 0.00658257
v 0.00040769 -0.02443404 0.01757914
v 0.00040769 -0.02443404 0.01757914
v 0.00223329 -0.01369488 0.00049475
v 0.00223329 -0.01369488 0.00049475
v 0.00324489 -0.02614953 0.01712078
v 0.00324489 -0.02614953 0.01712078
v -0.00659376 -0.08634927 0.01639311
v -0.00659376 -0.08634927 0.01639311
v -0.00659376 -0.08634927 0.01639311
v 0.00656102 -0.02320394 0.01448138
v 0.00656102 -0.02320394 0.01448138
v -0.00560537 -0.02417487 0.00591234
v -0.00560537 -0.02417487 0.00591234
v 0.00987463 -0.08609580 0.01352452
v 0.00326929 -0.02796932 0.01717147
v 0.00326929 -0.02796932 0.01717147
v 0.00326929 -0.02796932 0.01717147
v 0.00089324 -0.02763048 0.00269033
v 0.00089324 -0.02763048 0.00269033
v -0.00195748 -0.08834450 0.00053257
v -0.00719015 -0.02675982 0.00959857
v -0.00429377 -0.02897088 0.01721332
v -0.00429377 -0.02897088 0.01721332
v -0.00588123 -0.02530563 0.01455052
v -0.00588123 -0.02530563 0.01455052
v -0.00588123 -0.02530563 0.01455052
v -0.00673771 -0.02481536 0.00713771
v -0.00673771 -0.02481536 0.00713771
v 0.00248582 -0.02296982 0.00319941
v 0.00248582 -0.02296982 0.00319941
v 0.00875773 -0.01418259 0.00490068
v 0.00875773 -0.01418259 0.00490068
v 0.00875773 -0.01418259 0.00490068
v -0.00707030 -0.03738735 0.00664826
v -0.00707030 -0.03738735 0.00664826
v -0.00975897 -0.01440019 0.00697273
v -0.00975897 -0.01440019 0.00697273
v -0.00000019 -0.02614953 0.01786145
v -0.00000019 -0.02614953 0.01786145
v 0.00522625 -0.03711347 0.01455027
v -0.00169380 -0.02830304 0.00296214
v -0.00169380 -0.02830304 0.00296214
v 0.00448337 -0.08748202 0.01969255
v 0.00448337 -0.08748202 0.01969255
v 0.00448337 -0.08748202 0.01969255
v -0.00370038 -0.08609586 0.02006190
v -0.00441507 -0.02730639 0.00416611
v 0.00131709 -0.05724584 0.00038282
v 0.00131709 -0.05724584 0.00038282
v 0.00510053 -0.08936120 0.01675751
v 0.00627411 -0.02881529 0.01538592
v 0.00627411 -0.02881529 0.01538592
v -0.00175767 -0.01305328 0.00041632
v -0.00175767 -0.01305328 0.00041632
v -0.00175767 -0.01305328 0.00041632
v -0.00787509 -0.01231960 0.00858493
v -0.00787509 -0.01231960 0.00858493
v -0.00346735 -0.00898504 0.00318269
v -0.00346735 -0.00898504 0.00318269
v -0.00346735 -0.00898504 0.00318269
v -0.00812717 -0.03121953 0.00753612
v -0.00812717 -0.03121953 0.00753612
v -0.00232916 -0.03337532 0.01939404
v -0.00232916 -0.03337532 0.01939404
v 0.00885228 -0.08520454 0.00511685
v -0.00095068 -0.02145275 0.01861424
v -0.00095068 -0.02145275 0.01861424
v 0.00245381 -0.02615043 0.01744687
v 0.00245381 -0.02615043 0.01744687
v -0.00085461 -0.02481364 0.00295281
v -0.00085461 -0.02481364 0.00295281
v -0.00672056 -0.03344145 0.00743562
v -0.00672056 -0.03344145 0.00743562
v -0.00672056 -0.03344145 0.00743562
v -0.00709747 -0.02707958 0.00835168
v -0.00709747 -0.02707958 0.00835168
v 0.00214205 -0.02781905 0.00293404
v 0.00214205 -0.02781905 0.00293404
v -0.00714733 -0.03342700 0.00693227
v -0.00714733 -0.03342700 0.00693227
v 0.00276860 -0.02163384 0.00240504
v 0.00276860 -0.02163384 0.00240504
v 0.00526058 -0.08609593 0.01931036
v 0.00526058 -0.08609593 0.01931036
v -0.00042937 -0.02509508 0.00293804
v -0.00042937 -0.02509508 0.00293804
v -0.00217719 -0.03457913 0.00392761
v -0.00217719 -0.03457913 0.00392761
v -0.00192804 -0.03141799 0.00193584
v -0.00192804 -0.03141799 0.00193584
v 0.00927942 -0.01831227 0.01485114
v 0.00927942 -0.01831227 0.01485114
v -0.00596981 -0.03271014 0.00269369
v -0.00596981 -0.03271014 0.00269369
v -0.00596981 -0.03271014 0.00269369
v -0.00058861 0.07616523 0.00778903
v -0.00503359 -0.02898659 0.01669401
v -0.00503359 -0.02898659 0.01669401
v 0.00781384 -0.02145274 0.00762389
v 0.00781384 -0.02145274 0.00762389
v -0.00059934 -0.02371648 0.01790144
v -0.00680673 -0.03455395 0.00319748
v 0.00841880 -0.03951440 0.00458713
v 0.00841880 -0.03951440 0.00458713
v -0.00889541 -0.03195700 0.01139177
v -0.00794468 -0.03458127 0.01060024
v 0.00540154 -0.03141799 0.01715587
v 0.00260502 0.07205267 0.01212306
v 0.00169342 -0.02830306 0.00296213
v 0.00169342 -0.02830306 0.00296213
v -0.00307321 0.07205268 0.00977105
v -0.00616186 -0.00868428 0.01580812
v -0.00876582 -0.03293464 0.00603884
v -0.00876582 -0.03293464 0.00603884
v -0.00188644 -0.03344146 0.00329088
v -0.00188644 -0.03344146 0.00329088
v -0.00000019 -0.08748202 0.00004875
v -0.00000019 -0.08748202 0.00004875
v 0.00746374 -0.02371648 0.00929329
v 0.00412194 -0.01181556 0.00340228
v -0.00910963 -0.00811740 0.01118410
v 0.00578556 -0.01231778 0.01653722
v 0.00578556 -0.01231778 0.01653722
v 0.00584713 -0.02481276 0.01504540
v 0.00584713 -0.02481276 0.01504540
v 0.00466232 -0.02481536 0.01622893
v 0.00466232 -0.02481536 0.01622893
v 0.00043585 -0.02461601 0.01779810
v 0.00043585 -0.02461601 0.01779810
v 0.00747806 -0.02615220 0.01038233
v 0.00747806 -0.02615220 0.01038233
v -0.00089501 -0.02879339 0.00241273
v -0.00089501 -0.02879339 0.00241273
v -0.00118020 0.07617351 0.01292098
v -0.01011111 -0.08642280 0.01071697
v -0.01011111 -0.08642280 0.01071697
v -0.00584354 -0.02145274 0.01625797
v -0.00584354 -0.02145274 0.01625797
v -0.00581760 -0.00871758 0.01767634
v -0.00581760 -0.00871758 0.01767634
v 0.00802714 -0.01181556 0.00925315
v 0.00802714 -0.01181556 0.00925315
v 0.00802714 -0.01181556 0.00925315
v -0.00644982 -0.02296982 0.01440435
v -0.00644982 -0.02296982 0.01440435
v -0.00096681 -0.02163384 0.00199371
v -0.00096681 -0.02163384 0.00199371
v 0.00497025 -0.01410259 0.00150507
v 0.00497025 -0.01410259 0.00150507
v -0.00705330 -0.02481363 0.00789610
v -0.00705330 -0.02481363 0.00789610
v -0.00607921 -0.02417308 0.01418207
v -0.00607921 -0.02417308 0.01418207
v -0.00533709 -0.00882151 0.00330275
v -0.00533709 -0.00882151 0.00330275
v -0.00539950 -0.03779010 0.01814817
v 0.00440956 -0.02692620 0.01617967
v 0.00440956 -0.02692620 0.01617967
v -0.00956987 -0.08829012 0.01339909
v 0.00898918 -0.08663334 0.00539598
v 0.00898918 -0.08663334 0.00539598
v -0.00391884 -0.00868428 0.00316777
v 0.00240103 0.07788752 0.01246843
v 0.00240103 0.07788752 0.01246843
v 0.00240103 0.07788752 0.01246843
v 0.00369999 -0.08609578 0.02006190
v 0.00544396 -0.01841228 0.00171509
v 0.00956048 -0.06974473 0.01391388
v 0.00956048 -0.06974473 0.01391388
v -0.00502769 -0.03190926 0.00299561
v -0.00716295 -0.03261014 0.01682816
v -0.00716295 -0.03261014 0.01682816
v -0.00716295 -0.03261014 0.01682816
v -0.00343182 -0.08973762 0.00607912
v -0.00787217 -0.01180423 0.01444184
v -0.00904652 -0.05867305 0.01084804
v -0.00081930 -0.00857502 0.00015279
v -0.00081930 -0.00857502 0.00015279
v 0.00474961 -0.03738732 0.01681421
v -0.00522662 -0.03711347 0.01455027
v -0.00522662 -0.03711347 0.01455027
v -0.00000019 -0.02796932 0.01791771
v -0.00000019 -0.02796932 0.01791771
v -0.00235199 -0.02556567 0.01715442
v -0.00235199 -0.02556567 0.01715442
v -0.00864149 -0.07099664 0.01037789
v -0.00864149 -0.07099664 0.01037789
v 0.00167948 -0.02793921 0.00302324
v 0.00167948 -0.02793921 0.00302324
v -0.00545648 -0.02320394 0.00489775
v -0.00545648 -0.02320394 0.00489775
v -0.00192465 -0.08643620 0.00044647
v -0.00192465 -0.08643620 0.00044647
v -0.00206960 -0.03293465 0.00082096
v -0.00206960 -0.03293465 0.00082096
v -0.00914286 -0.01369488 0.01475999
v -0.00914286 -0.01369488 0.01475999
v 0.00730015 -0.02763048 0.01296497
v 0.00730015 -0.02763048 0.01296497
v 0.00674225 -0.01181556 0.01488260
v 0.00674225 -0.01181556 0.01488260
v -0.00801464 -0.05871904 0.01382942
v 0.00920632 -0.03303434 0.01015536
v 0.00083900 -0.03457913 0.01714239
v 0.00560500 -0.02417487 0.00591234
v 0.00560500 -0.02417487 0.00591234
v 0.00721805 -0.02398608 0.00997768
v 0.00721805 -0.02398608 0.00997768
v 0.00721805 -0.02398608 0.00997768
v 0.00552892 -0.06089502 0.01886471
v -0.00221571 0.07205267 0.00816678
v -0.00221571 0.07205267 0.00816678
v 0.00595562 -0.02163384 0.01636827
v 0.00595562 -0.02163384 0.01636827
v 0.00257596 -0.08642280 0.02016527
v 0.00257596 -0.08642280 0.02016527
v -0.00086625 -0.08609584 0.00005588
v -0.00668712 -0.00809920 0.01542169
v 0.00532024 -0.02793917 0.00502646
v 0.00532024 -0.02793917 0.00502646
v 0.00866351 -0.03141799 0.01038233
v 0.00866351 -0.03141799 0.01038233
v 0.00885719 -0.01231799 0.01445520
v 0.00885719 -0.01231799 0.01445520
v -0.00950025 -0.06089531 0.01388530
v -0.00950025 -0.06089531 0.01388530
v 0.00574596 -0.00831417 0.00295659
v 0.00574596 -0.00831417 0.00295659
v -0.00024853 -0.02781205 0.01812799
v -0.00024853 -0.02781205 0.01812799
v 0.00781384 -0.02145274 0.01314076
v 0.00781384 -0.02145274 0.01314076
v 0.00618902 -0.02566631 0.00673921
v 0.00618902 -0.02566631 0.00673921
v 0.00618902 -0.02566631 0.00673921
v 0.00096743 -0.01281859 0.01881660
v 0.00096743 -0.01281859 0.01881660
v -0.00271552 -0.02145274 0.01821143
v -0.00271552 -0.02145274 0.01821143
v 0.00872188 -0.06974473 0.00510938
v 0.01008718 -0.01194648 0.01114868
v 0.01008718 -0.01194648 0.01114868
v 0.00862742 -0.03292284 0.01478060
v 0.00862742 -0.03292284 0.01478060
v 0.00882405 -0.03271015 0.00627325
v 0.00882405 -0.03271015 0.00627325
v 0.00882405 -0.03271015 0.00627325
v -0.00898321 -0.01993561 0.01243265
v 0.00442788 -0.02145274 0.01738663
v 0.00442788 -0.02145274 0.01738663
v -0.00274083 -0.01305328 0.02012393
v -0.00274083 -0.01305328 0.02012393
v -0.00254042 -0.08225497 0.01953823
v -0.00254042 -0.08225497 0.01953823
v -0.00590115 -0.02781205 0.00535881
v -0.00590115 -0.02781205 0.00535881
v 0.00642149 -0.01831227 0.00232978
v 0.00642149 -0.01831227 0.00232978
v -0.00230837 0.07791196 0.00850280
v -0.00230837 0.07791196 0.00850280
v -0.00230837 0.07791196 0.00850280
v -0.00712066 -0.02540582 0.00961157
v -0.00712066 -0.02540582 0.00961157
v -0.00712066 -0.02540582 0.00961157
v -0.00712066 -0.02540582 0.00961157
v 0.00600818 -0.03337532 0.00327356
v 0.00600818 -0.03337532 0.00327356
v 0.00600818 -0.03337532 0.00327356
v 0.00883346 -0.03184887 0.00937845
v 0.00888430 -0.08665366 0.01496193
v 0.00935994 -0.03456615 0.01088992
v 0.00647977 -0.02696661 0.00702517
v 0.00647977 -0.02696661 0.00702517
v 0.00647977 -0.02696661 0.00702517
v -0.00699681 -0.05724471 0.00311785
v -0.00699681 -0.05724471 0.00311785
v 0.00665326 -0.02441977 0.01314196
v 0.00665326 -0.02441977 0.01314196
v 0.00730015 -0.02763047 0.00779967
v 0.00730015 -0.02763047 0.00779967
v 0.00253001 -0.02828844 0.00321190
v 0.00253001 -0.02828844 0.00321190
v -0.00685747 -0.02830305 0.01368462
v -0.00685747 -0.02830305 0.01368462
v -0.00685747 -0.02830305 0.00708003
v -0.00685747 -0.02830305 0.00708003
v -0.00517662 -0.00857502 0.01924340
v -0.00517662 -0.00857502 0.01924340
v -0.00651401 -0.02595269 0.01397856
v -0.00651401 -0.02595269 0.01397856
v -0.00829289 -0.02149221 0.01038232
v -0.00829289 -0.02149221 0.01038232
v 0.00464655 -0.02641606 0.00455551
v 0.00464655 -0.02641606 0.00455551
v 0.00841926 -0.01231778 0.00969637
v 0.00841926 -0.01231778 0.00969637
v -0.00153391 -0.03458235 0.01750568
v -0.00153391 -0.03458235 0.01750568
v -0.00417118 -0.02441977 0.00450978
v -0.00417118 -0.02441977 0.00450978
v -0.00417118 -0.02441977 0.00450978
v -0.00417118 -0.02441977 0.00450978
v 0.00741545 -0.02736084 0.01233033
v 0.00741545 -0.02736084 0.01233033
v -0.01004211 -0.05724563 0.01132317
v -0.01004211 -0.05724563 0.01132317
v 0.00481668 -0.02398608 0.01577347
v 0.00481668 -0.02398608 0.01577347
v 0.00481668 -0.02398608 0.01577347
v -0.00324526 -0.02614953 0.01712079
v -0.00324526 -0.02614953 0.01712079
v -0.00446961 -0.02417219 0.00477784
v -0.00446961 -0.02417219 0.00477784
v -0.00446961 -0.02417219 0.00477784
v -0.00446961 -0.02417219 0.00477784
v 0.00366898 -0.02104267 0.01800142
v -0.00505296 -0.00811740 0.01800428
v 0.01033736 -0.01434620 0.01036874
v 0.01033736 -0.01434620 0.01036874
v -0.00399354 -0.02481363 0.01670536
v -0.00399354 -0.02481363 0.01670536
v -0.00283902 -0.06472665 0.01981987
v -0.00283902 -0.06472665 0.01981987
v -0.00692581 -0.02443404 0.01238141
v -0.00692581 -0.02443404 0.01238141
v 0.00380306 -0.02830672 0.00377954
v 0.00380306 -0.02830672 0.00377954
v 0.00380306 -0.02830672 0.00377954
v -0.00361339 -0.02593978 0.00389230
v -0.00361339 -0.02593978 0.00389230
v 0.00634117 -0.02615043 0.00641785
v 0.00634117 -0.02615043 0.00641785
v 0.00634117 -0.02615043 0.00641785
v 0.00634117 -0.02615043 0.00641785
v 0.00713707 -0.03342906 0.00694366
v 0.00713707 -0.03342906 0.00694366
v 0.00445563 -0.03495185 0.01963492
v 0.00445563 -0.03495185 0.01963492
v 0.00800731 -0.01281859 0.00756217
v 0.00800731 -0.01281859 0.00756217
v -0.00000021 -0.08972386 0.00464367
v 0.00854839 -0.08634927 0.00782761
v 0.00854839 -0.08634927 0.00782761
v 0.00946525 -0.03766646 0.01100527
v 0.00414219 -0.02763047 0.01692493
v 0.00414219 -0.02763047 0.01692493
v 0.00414219 -0.02763047 0.01692493
v 0.00245355 -0.02481363 0.00331784
v 0.00245355 -0.02481363 0.00331784
v -0.00545699 -0.02763047 0.00488794
v -0.00545699 -0.02763047 0.00488794
v -0.00545699 -0.02763047 0.00488794
v -0.00066357 -0.00830450 0.00035829
v -0.00066357 -0.00830450 0.00035829
v -0.00083600 -0.02675982 0.00319823
v -0.00083600 -0.02675982 0.00319823
v 0.00324483 -0.02481276 0.00364398
v 0.00324483 -0.02481276 0.00364398
v 0.00324483 -0.02481276 0.00364398
v -0.00198644 -0.03457833 0.01808607
v -0.00630253 -0.01369488 0.01832165
v -0.00630253 -0.01369488 0.01832165
v -0.00684746 -0.02297005 0.00708485
v -0.00684746 -0.02297005 0.00708485
v 0.00118335 -0.01394945 0.02038429
v -0.00543987 -0.03795637 0.01871646
v -0.00042058 -0.02641466 0.00293507
v -0.00042058 -0.02641466 0.00293507
v -0.00183686 -0.05904918 0.01837297
v -0.00183686 -0.05904918 0.01837297
v -0.00642475 -0.03675752 0.00810665
v 0.00874637 -0.01438801 0.01588472
v 0.00874637 -0.01438801 0.01588472
v -0.00940660 -0.08891803 0.01049793
v -0.00157305 -0.08280530 0.00039554
v -0.00713151 -0.02593978 0.01246076
v -0.00713151 -0.02593978 0.01246076
v -0.00605315 -0.02326888 0.01520940
v -0.00605315 -0.02326888 0.01520940
v -0.00324520 -0.02481276 0.01712066
v -0.00324520 -0.02481276 0.01712066
v -0.00784326 -0.03289789 0.00412769
v -0.00526097 -0.08609582 0.01931036
v 0.00936704 -0.08285706 0.01414449
v 0.00936704 -0.08285706 0.01414449
v 0.00936704 -0.08285706 0.01414449
v -0.00167773 -0.03714315 0.00326099
v -0.00874238 -0.08225499 0.01410491
v 0.00646464 -0.01784807 0.00228617
v 0.00983358 -0.01843897 0.00754621
v 0.00311045 -0.02556388 0.00392303
v 0.00311045 -0.02556388 0.00392303
v 0.00311045 -0.02556388 0.00392303
v 0.00120975 -0.02531969 0.00328160
v 0.00120975 -0.02531969 0.00328160
v 0.00394036 -0.02509356 0.01670342
v 0.00394036 -0.02509356 0.01670342
v 0.00394036 -0.02509356 0.01670342
v -0.00289491 0.07205149 0.00918328
v -0.00677750 -0.03457913 0.00969621
v 0.00073559 0.07793395 0.01284790
v 0.00073559 0.07793395 0.01284790
v 0.00149495 -0.03779012 0.00104287
v 0.00149495 -0.03779012 0.00104287
v -0.00106224 -0.03292009 0.00044913
v -0.00106224 -0.03292009 0.00044913
v 0.00282113 -0.02593978 0.00351094
v 0.00282113 -0.02593978 0.00351094
v -0.00762956 -0.01843898 0.01720428
v 0.00597087 -0.00862744 0.00302552
v 0.00597087 -0.00862744 0.00302552
v -0.00461320 -0.03458235 0.01602278
v 0.00148543 -0.03763398 0.00257912
v -0.00399800 -0.01993564 0.01868387
v 0.00541438 -0.03766645 0.01817110
v 0.00787276 -0.01266252 0.01465487
v 0.00787276 -0.01266252 0.01465487
v 0.00934297 -0.08893609 0.01017767
v -0.00377668 -0.03951454 0.01987978
v 0.00704258 -0.02730639 0.00746136
v 0.00855690 -0.03121954 0.01134414
v 0.00855690 -0.03121954 0.01134414
v 0.00895850 -0.01150606 0.01434644
v 0.00895850 -0.01150606 0.01434644
v -0.00174092 -0.00794867 0.01298752
v -0.00174092 -0.00794867 0.01298752
v -0.00688601 -0.02248585 0.01418385
v -0.00705227 -0.02675885 0.00877273
v -0.00705227 -0.02675885 0.00877273
v 0.00834843 -0.01843897 0.01630238
v 0.00643968 -0.08761692 0.00236804
v 0.00643968 -0.08761692 0.00236804
v -0.00724706 -0.02211883 0.01438322
v 0.00192767 -0.03141799 0.01882880
v 0.00192767 -0.03141799 0.01882880
v -0.00121189 -0.02398608 0.01750962
v -0.00121189 -0.02398608 0.01750962
v -0.00121189 -0.02398608 0.01750962
v 0.00840545 -0.00871758 0.01443081
v 0.00840545 -0.00871758 0.01443081
v -0.00646013 -0.01784766 0.00228180
v 0.00811704 -0.08442875 0.00390905
v 0.00200053 -0.02398608 0.01732954
v 0.00200053 -0.02398608 0.01732954
v 0.00200053 -0.02398608 0.01732954
v 0.00229168 -0.01831227 0.00034098
v 0.00229168 -0.01831227 0.00034098
v -0.00537258 -0.02443404 0.01518835
v -0.00537258 -0.02443404 0.01518835
v -0.00537258 -0.02443404 0.01518835
v -0.00085461 -0.02481363 0.01781184
v -0.00085461 -0.02481363 0.01781184
v -0.01009987 -0.03951432 0.01195075
v -0.00503087 -0.02368476 0.01604191
v -0.00810269 -0.01799661 0.00392797
v -0.00810269 -0.01799661 0.00392797
v 0.00747129 -0.02149221 0.01398039
v 0.00747129 -0.02149221 0.01398039
v 0.00844249 -0.08713023 0.01602664
v 0.00844249 -0.08713023 0.01602664
v -0.00809175 -0.00882424 0.00675115
v -0.00809175 -0.00882424 0.00675115
v -0.00809175 -0.00882424 0.00675115
v -0.00748055 -0.01260448 0.00333373
v -0.00748055 -0.01260448 0.00333373
v -0.00366935 -0.02104268 0.01800141
v 0.00466243 -0.02615220 0.00453560
v 0.00466243 -0.02615220 0.00453560
v -0.00332132 0.07788529 0.01098552
v -0.00332132 0.07788529 0.01098552
v -0.00228819 -0.02211884 0.00242686
v 0.00992785 -0.03334200 0.01264833
v 0.00992785 -0.03334200 0.01264833
v -0.00607148 -0.02593978 0.00610271
v -0.00607148 -0.02593978 0.00610271
v -0.00526457 -0.02163284 0.01698365
v -0.00526457 -0.02163284 0.01698365
v -0.00755620 -0.02296982 0.00955700
v -0.00755620 -0.02296982 0.00955700
v -0.00755620 -0.02296982 0.00955700
v -0.00280072 -0.03334573 0.01983052
v -0.00280072 -0.03334573 0.01983052
v -0.00280072 -0.03334573 0.01983052
v 0.00633769 -0.01369488 0.00247133
v 0.00633769 -0.01369488 0.00247133
v -0.00741588 -0.02303259 0.00868974
v -0.00741588 -0.02303259 0.00868974
v -0.00244007 -0.00884746 0.00233379
v -0.00244007 -0.00884746 0.00233379
v -0.00244007 -0.00884746 0.00233379
v -0.00464692 -0.02641606 0.00455551
v -0.00464692 -0.02641606 0.00455551
v 0.00598518 -0.08893609 0.01755950
v 0.00874264 -0.00861665 0.00531694
v 0.00874264 -0.00861665 0.00531694
v 0.00762586 -0.02103684 0.01405484
v 0.00647198 -0.03457591 0.00890509
v 0.00227826 -0.01434353 0.02046483
v 0.00227826 -0.01434353 0.02046483
v -0.00000019 -0.02303259 0.01798872
v -0.00000019 -0.02303259 0.01798872
v -0.00000019 -0.01231961 0.01845975
v -0.00000019 -0.01231961 0.01845975
v -0.00000019 -0.00898505 0.01837331
v -0.00000019 -0.00898505 0.01837331
v -0.00000019 -0.00898505 0.01837331
v 0.00608855 -0.01298539 0.01653860
v 0.00855689 -0.03121953 0.00942051
v 0.00855689 -0.03121953 0.00942051
v 0.00042020 -0.02641467 0.01782958
v 0.00042020 -0.02641467 0.01782958
v -0.00710410 -0.03292008 0.00335874
v -0.00710410 -0.03292008 0.00335874
v 0.00588737 -0.02256384 0.00528564
v -0.00879722 -0.06245584 0.01074429
v -0.00879722 -0.06245584 0.01074429
v -0.00911607 -0.03210928 0.01008973
v 0.00868474 -0.01150608 0.00584973
v 0.00370816 -0.08107567 0.00268186
v 0.00370816 -0.08107567 0.00268186
v -0.00442825 -0.02145274 0.00337802
v -0.00442825 -0.02145274 0.00337802
v 0.00807123 -0.00864667 0.00394558
v 0.00807123 -0.00864667 0.00394558
v -0.00242517 -0.08535530 0.01961986
v -0.00242517 -0.08535530 0.01961986
v 0.00631500 -0.01231960 0.01541851
v 0.00631500 -0.01231960 0.01541851
v -0.00527758 -0.02103684 0.00376469
v -0.00977949 -0.01294093 0.01039798
v -0.00977949 -0.01294093 0.01039798
v 0.00277433 -0.02576198 0.00369796
v 0.00277433 -0.02576198 0.00369796
v 0.00277433 -0.02576198 0.00369796
v 0.00277433 -0.02576198 0.00369796
v -0.00715716 -0.02566631 0.01097927
v -0.00715716 -0.02566631 0.01097927
v -0.00808348 -0.01448344 0.01682854
v -0.00808348 -0.01448344 0.01682854
v -0.00808348 -0.01448344 0.01682854
v -0.00944801 -0.03292009 0.01362809
v -0.00944801 -0.03292009 0.01362809
v -0.00944801 -0.03292009 0.01362809
v -0.00556058 -0.02641467 0.00541037
v -0.00556058 -0.02641467 0.00541037
v 0.00188329 -0.02103685 0.01863438
v -0.00870716 -0.00831727 0.00882274
v -0.00870716 -0.00831727 0.00882274
v -0.00476040 -0.01182850 0.00344813
v 0.00286081 -0.08663334 0.02025588
v 0.00286081 -0.08663334 0.02025588
v -0.00680744 -0.08285707 0.00292844
v 0.00347145 -0.01184732 0.00317342
v 0.00347145 -0.01184732 0.00317342
v -0.00404024 0.07843626 0.01323296
v -0.00404024 0.07843626 0.01323296
v -0.00760692 -0.02781205 0.01186377
v -0.00760692 -0.02781205 0.01186377
v -0.00676116 -0.02417309 0.01276599
v -0.00676116 -0.02417309 0.01276599
v 0.00040012 -0.00868428 0.01858264
v 0.00169095 -0.02297005 0.01779167
v 0.00169095 -0.02297005 0.01779167
v -0.00688282 -0.03342942 0.00959127
v -0.00688282 -0.03342942 0.00959127
v 0.00682713 -0.08280526 0.00292596
v 0.00446924 -0.02417218 0.01598680
v 0.00446924 -0.02417218 0.01598680
v -0.00856914 -0.01344927 0.01500017
v -0.00220622 -0.00882424 0.00179208
v -0.00220622 -0.00882424 0.00179208
v 0.00366626 -0.02169209 0.00276886
v 0.00366626 -0.02169209 0.00276886
v -0.00218791 -0.00862744 0.01960131
v -0.00218791 -0.00862744 0.01960131
v -0.00560537 -0.02417487 0.01485231
v -0.00560537 -0.02417487 0.01485231
v -0.00560537 -0.02417487 0.01485231
v 0.00645830 -0.02556658 0.00727208
v 0.00551129 -0.08974100 0.01144766
v 0.00852484 -0.08891803 0.01435945
v -0.00673786 -0.02615220 0.00713764
v -0.00673786 -0.02615220 0.00713764
v 0.00216066 -0.01294093 0.00084472
v 0.00216066 -0.01294093 0.00084472
v 0.00808475 -0.02150532 0.00853699
v 0.00808475 -0.02150532 0.00853699
v -0.00000019 -0.02417487 0.01755162
v -0.00000019 -0.02417487 0.01755162
v -0.00807931 -0.08748202 0.00393945
v -0.00807931 -0.08748202 0.00393945
v -0.00227877 -0.08893609 0.00131895
v 0.00474520 -0.02830305 0.00443179
v 0.00474520 -0.02830305 0.00443179
v 0.00061108 -0.00794891 0.01345536
v 0.00061108 -0.00794891 0.01345536
v 0.00687772 -0.00860194 0.00298340
v 0.00687772 -0.00860194 0.00298340
v -0.00646499 -0.02011762 0.01676797
v -0.00495341 -0.01843897 0.00142620
v -0.00366665 -0.02169209 0.00276886
v -0.00366665 -0.02169209 0.00276886
v 0.00330011 -0.02303259 0.00352919
v 0.00330011 -0.02303259 0.00352919
v -0.00932524 -0.01305328 0.01431339
v -0.00932524 -0.01305328 0.01431339
v -0.00932524 -0.01305328 0.01431339
v -0.00902343 -0.02011762 0.00930932
v 0.00769776 -0.02763048 0.01122294
v 0.00769776 -0.02763048 0.01122294
v 0.00627412 -0.02881529 0.00537873
v -0.00326967 -0.02796932 0.00359318
v -0.00326967 -0.02796932 0.00359318
v -0.00326967 -0.02796932 0.00359318
v -0.00509582 -0.02675982 0.01551500
v -0.00509582 -0.02675982 0.01551500
v 0.00114425 -0.01841228 0.00021129
v 0.00697584 -0.02763148 0.00702284
v 0.00697584 -0.02763148 0.00702284
v 0.00697584 -0.02763148 0.00702284
v 0.00697584 -0.02763148 0.01374180
v 0.00697584 -0.02763148 0.01374180
v -0.00773841 -0.02781904 0.00995120
v -0.00773841 -0.02781904 0.00995120
v -0.00507815 -0.02730639 0.01606976
v -0.00639485 -0.02659181 0.00699074
v -0.00639485 -0.02659181 0.00699074
v -0.00644197 -0.08665366 0.01802500
v 0.00307286 -0.00795023 0.00977106
v 0.00307286 -0.00795023 0.00977106
v 0.00165300 -0.08644904 0.01946257
v 0.00165300 -0.08644904 0.01946257
v 0.00060725 0.07617185 0.00771722
v 0.00335896 -0.02326888 0.00340700
v 0.00335896 -0.02326888 0.00340700
v 0.00977932 -0.01796647 0.00695113
v 0.00977932 -0.01796647 0.00695113
v -0.00344776 -0.03280568 0.00148703
v -0.00344776 -0.03280568 0.00148703
v -0.00478312 -0.03458127 0.01672945
v -0.00886135 -0.03293464 0.01452745
v -0.00886135 -0.03293464 0.01452745
v -0.00886135 -0.03293464 0.01452745
v -0.00886135 -0.03293464 0.01452745
v 0.00528456 -0.02640529 0.01563773
v 0.00528456 -0.02640529 0.01563773
v 0.00911968 -0.08665366 0.00629149
v -0.00878884 -0.08280531 0.00538537
v -0.00878884 -0.08280531 0.00538537
v 0.00220734 -0.00882151 0.00179572
v 0.00220734 -0.00882151 0.00179572
v -0.00853660 -0.01260449 0.00465797
v -0.01007468 -0.08748202 0.01268176
v -0.01007468 -0.08748202 0.01268176
v 0.00096624 -0.03121953 0.00182576
v 0.00096624 -0.03121953 0.00182576
v 0.00734627 -0.02796933 0.00870554
v 0.00734627 -0.02796933 0.00870554
v 0.00734627 -0.02796933 0.00870554
v 0.00233764 -0.03337048 0.01940924
v 0.00233764 -0.03337048 0.01940924
v 0.00233764 -0.03337048 0.01940924
v -0.00202908 -0.00862744 0.00112708
v -0.00202908 -0.00862744 0.00112708
v -0.00234028 -0.01231584 0.01984762
v -0.00234028 -0.01231584 0.01984762
v -0.00234028 -0.01231584 0.01984762
v -0.00234028 -0.01231584 0.01984762
v -0.00450492 -0.08442864 0.01973647
v 0.00441470 -0.02730639 0.01659854
v 0.00651707 -0.03711347 0.00889480
v -0.00119923 -0.00794764 0.01327706
v -0.00119923 -0.00794764 0.01327706
v -0.00000018 -0.02675886 0.00314888
v -0.00000018 -0.02675886 0.00314888
v -0.00000018 -0.02881528 0.00235719
v -0.00000018 -0.02881528 0.00235719
v 0.00852120 -0.00831727 0.00800965
v 0.00852120 -0.00831727 0.00800965
v -0.00570451 -0.02897090 0.00467634
v 0.00285229 -0.02641467 0.00349017
v 0.00285229 -0.02641467 0.00349017
v 0.00285229 -0.02641467 0.00349017
v 0.00279206 0.07785753 0.00870784
v 0.00279206 0.07785753 0.00870784
v 0.00279206 0.07785753 0.00870784
v 0.00279206 0.07785753 0.00870784
v -0.00569055 -0.00885075 0.01657459
v -0.00569055 -0.00885075 0.01657459
v 0.00330010 -0.02303259 0.01723546
v 0.00330010 -0.02303259 0.01723546
v -0.00174092 -0.00794912 0.00777713
v -0.00174092 -0.00794912 0.00777713
v -0.00174092 -0.00794912 0.00777713
v -0.00753374 -0.02830673 0.01152561
v -0.00753374 -0.02830673 0.01152561
v -0.00677269 -0.00875874 0.01494941
v -0.00677269 -0.00875874 0.01494941
v 0.00133588 -0.02868694 0.00254029
v -0.00821428 -0.08179046 0.01427924
v 0.00665327 -0.02531969 0.01314198
v 0.00665327 -0.02531969 0.01314198
v -0.00179659 -0.02898658 0.01825287
v -0.00179659 -0.02898658 0.01825287
v -0.00470649 -0.02793921 0.00448080
v -0.00470649 -0.02793921 0.00448080
v -0.00470649 -0.02793921 0.00448080
v -0.00470649 -0.02793921 0.01628384
v -0.00470649 -0.02793921 0.01628384
v 0.00271515 -0.02145274 0.01821143
v 0.00271515 -0.02145274 0.01821143
v 0.00527599 -0.02615043 0.00508214
v 0.00527599 -0.02615043 0.00508214
v 0.00348988 -0.02443404 0.01668947
v 0.00348988 -0.02443404 0.01668947
v 0.00348988 -0.02443404 0.01668947
v 0.00728586 -0.03458236 0.01029249
v 0.00277084 -0.00794947 0.01186346
v 0.00277084 -0.00794947 0.01186346
v 0.00310624 -0.03308008 0.00391351
v 0.00310624 -0.03308008 0.00391351
v -0.00188367 -0.02103684 0.00213026
v -0.00438181 -0.02696661 0.00454609
v -0.00438181 -0.02696661 0.00454609
v -0.00438181 -0.02696661 0.00454609
v -0.00910434 -0.03280568 0.00753162
v -0.00910434 -0.03280568 0.00753162
v -0.00644007 -0.08761691 0.00236804
v -0.00644007 -0.08761691 0.00236804
v -0.00644007 -0.08761691 0.00236804
v -0.00294063 -0.03341888 0.00427643
v -0.00294063 -0.03341888 0.00427643
v 0.00677552 -0.03675747 0.00964513
v 0.00677552 -0.03675747 0.00964513
v -0.00214242 -0.02781904 0.01783060
v -0.00214242 -0.02781904 0.01783060
v 0.00680490 -0.03198769 0.00450148
v -0.00856943 -0.06472656 0.00551462
v -0.00856943 -0.06472656 0.00551462
v -0.00517903 -0.03337390 0.01907723
v -0.00517903 -0.03337390 0.01907723
v -0.00517903 -0.03337390 0.01907723
v -0.00517903 -0.03337390 0.01907723
v -0.00042936 -0.02509507 0.01782660
v -0.00042936 -0.02509507 0.01782660
v -0.00957232 -0.08707737 0.00699901
v -0.00957232 -0.08707737 0.00699901
v -0.00866577 -0.01841228 0.01582910
v 0.00821523 -0.03456031 0.00585915
v 0.00720364 -0.01993563 0.00463747
v -0.00665364 -0.02531968 0.01314198
v -0.00665364 -0.02531968 0.01314198
v -0.00627449 -0.02881528 0.01538592
v -0.00157861 -0.03714316 0.01752628
v -0.00157861 -0.03714316 0.01752628
v -0.00081959 -0.02556568 0.00326046
v -0.00081959 -0.02556568 0.00326046
v 0.00283727 -0.02707958 0.01719729
v -0.00606866 -0.08644904 0.01733628
v -0.00606866 -0.08644904 0.01733628
v -0.00272279 -0.02371648 0.00334787
v -0.00560030 -0.08278250 0.01809279
v -0.00813470 -0.08936613 0.01046678
v 0.00429340 -0.02897089 0.00355133
v 0.00429340 -0.02897089 0.00355133
v -0.00833041 -0.08535360 0.00649528
v 0.00816337 -0.01919558 0.00525117
v 0.00280034 -0.03334573 0.01983052
v 0.00280034 -0.03334573 0.01983052
v -0.00346559 -0.01142283 0.00318633
v 0.00632741 -0.03264716 0.01773142
v 0.00632741 -0.03264716 0.01773142
v 0.00632741 -0.03264716 0.01773142
v 0.00630574 -0.02441977 0.00690106
v 0.00630574 -0.02441977 0.00690106
v 0.00630574 -0.02441977 0.00690106
v 0.00000397 -0.01413639 0.00005008
v -0.00207708 -0.02368476 0.01766417
v 0.00361301 -0.02593978 0.01687235
v 0.00361301 -0.02593978 0.01687235
v -0.00950566 -0.03261014 0.00880119
v -0.00950566 -0.03261014 0.00880119
v -0.00950566 -0.03261014 0.00880119
v 0.00539057 -0.02828844 0.00501981
v 0.00539057 -0.02828844 0.00501981
v -0.00030407 -0.00814717 0.01883345
v -0.00276898 -0.02163384 0.01835960
v -0.00276898 -0.02163384 0.01835960
v 0.00482293 -0.02320253 0.00433433
v 0.00482293 -0.02320253 0.00433433
v 0.00275485 -0.02530563 0.00372122
v 0.00275485 -0.02530563 0.00372122
v 0.00275485 -0.02530563 0.00372122
v -0.00843830 -0.01281859 0.00944887
v -0.00843830 -0.01281859 0.00944887
v 0.00731589 -0.03714315 0.01033149
v 0.00665231 -0.06472658 0.00311111
v 0.00665231 -0.06472658 0.00311111
v 0.00276860 -0.02163384 0.01835961
v 0.00276860 -0.02163384 0.01835961
v -0.00607921 -0.02417309 0.00658257
v -0.00607921 -0.02417309 0.00658257
v 0.00654117 -0.00827390 0.00305748
v 0.00654117 -0.00827390 0.00305748
v 0.00680063 -0.02793922 0.00710723
v 0.00680063 -0.02793922 0.00710723
v 0.00680063 -0.02793922 0.00710723
v 0.00182299 -0.08535530 0.00100743
v 0.00182299 -0.08535530 0.00100743
v 0.00182299 -0.08535530 0.00100743
v 0.00771125 -0.00898590 0.00790884
v 0.00771125 -0.00898590 0.00790884
v -0.00174109 0.07618842 0.01283985
v 0.00266349 -0.02897089 0.01799824
v 0.00266349 -0.02897089 0.01799824
v 0.00199059 -0.02531969 0.01730482
v 0.00199059 -0.02531969 0.01730482
v 0.00260501 -0.00794815 0.00864158
v 0.00260501 -0.00794815 0.00864158
v 0.00260501 -0.00794815 0.00864158
v -0.00716857 -0.02556658 0.01038233
v -0.00627919 -0.02256384 0.00577650
v -0.00796909 -0.02879339 0.00948131
v -0.00796909 -0.02879339 0.00948131
v 0.00170611 -0.08663334 0.00024521
v 0.00170611 -0.08663334 0.00024521
v -0.00253039 -0.02828844 0.00321191
v -0.00253039 -0.02828844 0.00321191
v 0.00567278 -0.02879339 0.00471376
v 0.00672716 -0.03119619 0.00501744
v 0.00156811 -0.01266252 0.01920153
v 0.01010262 -0.01798155 0.00807643
v 0.01010262 -0.01798155 0.00807643
v -0.00739911 -0.02509356 0.01124261
v -0.00739911 -0.02509356 0.01124261
v -0.00739911 -0.02509356 0.00952204
v -0.00739911 -0.02509356 0.00952204
v -0.00732709 -0.02593978 0.00916078
v -0.00732709 -0.02593978 0.00916078
v 0.00640530 -0.02793918 0.00638709
v 0.00640530 -0.02793918 0.00638709
v 0.00640530 -0.02793918 0.00638709
v 0.00608442 -0.02641467 0.01469694
v 0.00608442 -0.02641467 0.01469694
v 0.00645832 -0.02417219 0.01349257
v 0.00645832 -0.02417219 0.01349257
v 0.00710696 -0.02530564 0.01158604
v 0.00710696 -0.02530564 0.01158604
v 0.00781338 -0.00885075 0.00727224
v 0.00781338 -0.00885075 0.00727224
v 0.00492452 -0.08490256 0.00298761
v -0.00656589 -0.08642280 0.00268595
v -0.00656589 -0.08642280 0.00268595
v -0.00748724 -0.00857502 0.00336390
v -0.00748724 -0.00857502 0.00336390
v -0.00748724 -0.00857502 0.00336390
v 0.00749601 -0.02781205 0.01234802
v 0.00749601 -0.02781205 0.01234802
v -0.00656140 -0.02320393 0.00628327
v -0.00656140 -0.02320393 0.00628327
v -0.00907188 -0.00827390 0.01414359
v -0.00907188 -0.00827390 0.01414359
v -0.00942109 -0.01194648 0.01406860
v -0.00942109 -0.01194648 0.01406860
v -0.00983468 -0.03334572 0.01101022
v -0.00983468 -0.03334572 0.01101022
v 0.00698791 -0.02368476 0.00746594
v -0.00584880 -0.08540955 0.01866830
v -0.00368935 -0.03457913 0.00465582
v 0.00265149 -0.02879339 0.00281372
v 0.00265149 -0.02879339 0.00281372
v -0.00085440 -0.02615044 0.00295264
v -0.00085440 -0.02615044 0.00295264
v -0.00359832 -0.02150532 0.00291072
v -0.00359832 -0.02150532 0.00291072
v -0.00587474 -0.00898590 0.01595672
v -0.00587474 -0.00898590 0.01595672
v 0.00190860 -0.08763812 0.02048708
v 0.00190860 -0.08763812 0.02048708
v 0.00313829 -0.02675885 0.00386522
v 0.00313829 -0.02675885 0.00386522
v 0.00313829 -0.02675885 0.00386522
v 0.00716681 -0.02641467 0.01244935
v 0.00716681 -0.02641467 0.01244935
v 0.00656809 -0.08643620 0.00268282
v 0.00656809 -0.08643620 0.00268282
v 0.00521352 -0.01266654 0.00312333
v -0.00121013 -0.02531969 0.01748304
v -0.00121013 -0.02531969 0.01748304
v -0.00257788 -0.03456615 0.01939482
v 0.00156494 -0.00834726 0.00057302
v 0.00156494 -0.00834726 0.00057302
v -0.00187903 -0.02163284 0.00215060
v -0.00187903 -0.02163284 0.00215060
v -0.00636987 -0.03779010 0.00339032
v 0.00860925 -0.01298539 0.00946034
v -0.00678899 -0.02879339 0.00611297
v -0.00678899 -0.02879339 0.00611297
v 0.00569002 -0.01194649 0.01874676
v 0.00089464 -0.02879339 0.01835192
v 0.00089464 -0.02879339 0.01835192
v 0.01012182 -0.08442854 0.01269261
v -0.00458346 -0.03121953 0.01767220
v -0.00458346 -0.03121953 0.01767220
v -0.00630674 -0.00811740 0.00376018
v -0.00000019 -0.02556388 0.00321305
v -0.00000019 -0.02556388 0.00321305
v 0.00902321 -0.03284953 0.00720076
v 0.00902321 -0.03284953 0.00720076
v -0.00745297 -0.02641606 0.01038233
v -0.00745297 -0.02641606 0.01038233
v 0.00819884 -0.05904982 0.01039486
v 0.00187105 -0.01150606 0.00076615
v 0.00187105 -0.01150606 0.00076615
v -0.00975427 -0.08829154 0.00815604
v -0.00845033 -0.08766858 0.01615147
v -0.00845033 -0.08766858 0.01615147
v -0.00845033 -0.08766858 0.01615147
v 0.00088590 -0.02320394 0.00269684
v 0.00088590 -0.02320394 0.00269684
v 0.00673748 -0.02615220 0.01362701
v 0.00673748 -0.02615220 0.01362701
v 0.00779046 -0.00898504 0.00860416
v 0.00779046 -0.00898504 0.00860416
v 0.00779046 -0.00898504 0.00860416
v 0.00956949 -0.08829013 0.01339909
v -0.00623807 -0.03456031 0.00337938
v -0.00605315 -0.02326888 0.00555524
v -0.00605315 -0.02326888 0.00555524
v -0.00589159 -0.02796932 0.01508056
v -0.00589159 -0.02796932 0.01508056
v -0.00589159 -0.02796932 0.01508056
v -0.00825797 -0.03766647 0.00571418
v -0.00825797 -0.03766647 0.00571418
v -0.00089361 -0.02763047 0.00269033
v -0.00089361 -0.02763047 0.00269033
v -0.00000017 0.07205267 0.01351557
v 0.00726517 -0.03185131 0.01553446
v -0.00209924 -0.01956629 0.01957889
v -0.00808399 -0.00868428 0.00894786
v 0.00941115 -0.00861664 0.01405953
v 0.00941115 -0.00861664 0.01405953
v -0.00837570 -0.03206041 0.01386525
v -0.00313342 0.07205267 0.01038232
v 0.00742891 -0.02595269 0.00996848
v 0.00742891 -0.02595269 0.00996848
v 0.00278752 -0.01281859 0.00236347
v 0.00478681 -0.02011762 0.00265866
v 0.00532024 -0.02793918 0.01573819
v 0.00532024 -0.02793918 0.01573819
v 0.00159494 -0.02417219 0.01737099
v 0.00159494 -0.02417219 0.01737099
v -0.00644982 -0.02296982 0.00636029
v -0.00644982 -0.02296982 0.00636029
v -0.00062671 -0.01410259 0.02053704
v 0.00089322 -0.03337390 0.00030147
v 0.00089322 -0.03337390 0.00030147
v -0.00166425 -0.02615220 0.00309157
v -0.00166425 -0.02615220 0.00309157
v -0.00199867 -0.01231584 0.00083906
v -0.00155317 -0.03457833 0.00257968
v -0.01026284 -0.08663334 0.01097452
v -0.01026284 -0.08663334 0.01097452
v -0.00275529 -0.02443404 0.01704340
v -0.00275529 -0.02443404 0.01704340
v -0.00472968 -0.02659182 0.01586196
v -0.00472968 -0.02659182 0.01586196
v -0.00472968 -0.02659182 0.01586196
v -0.00472968 -0.02659182 0.01586196
v 0.00095031 -0.02145274 0.00215040
v 0.00095031 -0.02145274 0.00215040
v -0.00931462 -0.01434114 0.00590037
v -0.00931462 -0.01434114 0.00590037
v -0.00630612 -0.02441976 0.00690108
v -0.00630612 -0.02441976 0.00690108
v 0.00505702 -0.02556567 0.00530128
v 0.00505702 -0.02556567 0.00530128
v -0.00296453 -0.02215064 0.01807855
v 0.00729725 -0.01182851 0.01456443
v 0.00729725 -0.01182851 0.01456443
v 0.00729725 -0.01182851 0.01456443
v 0.00124821 0.07794064 0.01281125
v 0.00124821 0.07794064 0.01281125
v 0.00845212 -0.03195700 0.01333234
v -0.00276894 -0.02397223 0.01707191
v -0.00276894 -0.02397223 0.01707191
v -0.00276894 -0.02397223 0.01707191
v 0.01015514 -0.00857502 0.01186003
v 0.01015514 -0.00857502 0.01186003
v -0.00335419 0.07774606 0.01006589
v -0.00335419 0.07774606 0.01006589
v -0.00479347 -0.02211884 0.01713131
v 0.00649373 -0.03344146 0.01379928
v 0.00649373 -0.03344146 0.01379928
v -0.00873776 -0.08760761 0.00491215
v -0.00873776 -0.08760761 0.00491215
v 0.00287396 -0.00898590 0.00281109
v 0.00287396 -0.00898590 0.00281109
v -0.00441858 -0.03334200 0.01955721
v -0.00441858 -0.03334200 0.01955721
v -0.00589159 -0.02796932 0.00568409
v -0.00589159 -0.02796932 0.00568409
v -0.00589159 -0.02796932 0.00568409
v 0.00838868 -0.03119620 0.00846762
v -0.00826771 -0.03337531 0.00610645
v -0.00826771 -0.03337531 0.00610645
v -0.00826771 -0.03337531 0.00610645
v -0.00752665 -0.02736084 0.01184476
v -0.00752665 -0.02736084 0.01184476
v -0.00755385 -0.02828845 0.00951114
v -0.00755385 -0.02828845 0.00951114
v 0.00713397 -0.02576198 0.01159988
v 0.00713397 -0.02576198 0.01159988
v 0.00713397 -0.02576198 0.01159988
v -0.00529868 -0.03341888 0.01460773
v -0.00529868 -0.03341888 0.01460773
v -0.00529868 -0.03341888 0.01460773
v -0.00117494 -0.01418260 0.00011737
v -0.00117494 -0.01418260 0.00011737
v -0.00879854 -0.03766645 0.01392797
v -0.00677590 -0.03675755 0.00964513
v -0.00229711 -0.01434114 0.02046056
v -0.00229711 -0.01434114 0.02046056
v -0.00591898 -0.02656111 0.01457949
v -0.00591898 -0.02656111 0.01457949
v -0.00591898 -0.02656111 0.01457949
v -0.00248532 -0.02509356 0.01740431
v -0.00248532 -0.02509356 0.01740431
v 0.00537221 -0.02443404 0.00557629
v 0.00537221 -0.02443404 0.00557629
v 0.00594105 -0.01231584 0.01811340
v 0.00594105 -0.01231584 0.01811340
v 0.00772212 -0.01181556 0.00791676
v 0.00205643 -0.02595269 0.01753306
v 0.00205643 -0.02595269 0.01753306
v -0.00591750 -0.01266252 0.01710716
v -0.00591750 -0.01266252 0.01710716
v -0.00294574 -0.00875874 0.00276335
v -0.00294574 -0.00875874 0.00276335
v 0.00787569 -0.01255305 0.00795169
v 0.00787569 -0.01255305 0.00795169
v -0.00881065 -0.08634926 0.00897494
v -0.00881065 -0.08634926 0.00897494
v 0.00752311 -0.03951456 0.00346397
v -0.00887495 -0.08832894 0.01508478
v 0.00854965 -0.01345598 0.01502105
v 0.00209887 -0.01956630 0.01957889
v 0.00921491 -0.00834726 0.01409098
v 0.00921491 -0.00834726 0.01409098
v 0.00776862 -0.06245614 0.00623931
v 0.00843837 -0.03337390 0.00479550
v 0.00843837 -0.03337390 0.00479550
v 0.00843837 -0.03337390 0.00479550
v 0.00324483 -0.02481276 0.01712066
v 0.00324483 -0.02481276 0.01712066
v -0.00477651 -0.03344146 0.01595308
v -0.00477651 -0.03344146 0.01595308
v 0.00683206 -0.02897089 0.01467392
v 0.00683206 -0.02897089 0.01467392
v 0.00729544 -0.02320394 0.01295636
v 0.00729544 -0.02320394 0.01295636
v -0.00096193 -0.02011767 0.01941807
v -0.00877339 -0.01798760 0.00487374
v -0.00877339 -0.01798760 0.00487374
v -0.00692578 -0.02530563 0.00838317
v -0.00692578 -0.02530563 0.00838317
v -0.00413312 -0.02320393 0.00384240
v -0.00413312 -0.02320393 0.00384240
v 0.00264038 -0.03190926 0.00184612
v 0.00449598 -0.01798156 0.00104593
v 0.00449598 -0.01798156 0.00104593
v 0.00449598 -0.01798156 0.00104593
v 0.00031930 -0.01331978 0.01908840
v 0.00844323 -0.02163285 0.01038232
v 0.00844323 -0.02163285 0.01038232
v -0.00735092 -0.02705369 0.01079169
v -0.00107839 -0.01919560 0.00080060
v -0.00885479 -0.01180059 0.01014090
v -0.00885479 -0.01180059 0.01014090
v -0.00885479 -0.01180059 0.01014090
v 0.00166280 -0.03765101 0.00323045
v 0.00166280 -0.03765101 0.00323045
v 0.00841652 -0.01331978 0.00813357
v 0.00780554 -0.03141799 0.00662329
v -0.00137227 -0.08499548 0.00017194
v -0.00137227 -0.08499548 0.00017194
v -0.00338425 -0.01316354 0.00259534
v -0.00590595 -0.02397223 0.00619442
v -0.00590595 -0.02397223 0.00619442
v -0.00590595 -0.02397223 0.00619442
v -0.00577461 -0.08891803 0.01780862
v -0.00175899 -0.03342700 0.00264339
v -0.00175899 -0.03342700 0.00264339
v -0.00339055 -0.01417801 0.02014120
v -0.00339055 -0.01417801 0.02014120
v -0.00608742 -0.03121953 0.01647283
v 0.00106186 -0.03292008 0.00044913
v 0.00106186 -0.03292008 0.00044913
v 0.00762919 -0.01843898 0.00356037
v -0.00575244 -0.08285702 0.01867754
v -0.00412242 -0.01255305 0.00324478
v -0.00412242 -0.01255305 0.00324478
v -0.00335317 -0.03292009 0.01979263
v -0.00335317 -0.03292009 0.01979263
v -0.00627121 -0.08278244 0.00320688
v 0.00527572 -0.02481363 0.00508209
v 0.00527572 -0.02481363 0.00508209
v -0.00447948 -0.00864667 0.01968368
v -0.00447948 -0.00864667 0.01968368
v -0.00565552 -0.02675885 0.00587235
v -0.00565552 -0.02675885 0.00587235
v 0.00338303 -0.01418850 0.02014474
v 0.00338303 -0.01418850 0.02014474
v -0.00361682 -0.02509507 0.01690318
v -0.00361682 -0.02509507 0.01690318
v 0.00087655 -0.02296983 0.01793254
v 0.00087655 -0.02296983 0.01793254
v 0.00560840 -0.06472647 0.01848603
v -0.01006507 -0.00864667 0.01267957
v -0.01006507 -0.00864667 0.01267957
v -0.00773586 -0.02320252 0.01038232
v -0.00773586 -0.02320252 0.01038232
v -0.01014635 -0.06974473 0.01134872
v -0.00173246 -0.01344927 0.01996098
v -0.00750480 -0.02793917 0.00956197
v -0.00750480 -0.02793917 0.00956197
v -0.00750480 -0.02793918 0.01120267
v -0.00750480 -0.02793918 0.01120267
v 0.00920966 -0.08832894 0.00637571
v 0.00698934 -0.02556389 0.00878701
v 0.00698934 -0.02556389 0.00878701
v 0.00698934 -0.02556388 0.01197763
v 0.00698934 -0.02556388 0.01197763
v -0.00696436 -0.02868694 0.01422717
v 0.00176249 0.07619384 0.00783486
v -0.00825091 -0.00830450 0.00465110
v -0.00825091 -0.00830450 0.00465110
v 0.01017456 -0.01260445 0.01183598
v 0.00289457 0.07205267 0.00918328
v 0.01010703 -0.01305328 0.01088655
v 0.01010703 -0.01305328 0.01088655
v 0.01010703 -0.01305328 0.01088655
v -0.00464692 -0.02641606 0.01620914
v -0.00464692 -0.02641606 0.01620914
v -0.00172312 -0.02763147 0.01793100
v -0.00172312 -0.02763147 0.01793100
v 0.00835234 -0.05867290 0.01388778
v 0.00842808 -0.03292009 0.00501942
v 0.00842808 -0.03292009 0.00501942
v 0.00366166 -0.01917957 0.01933058
v 0.01017050 -0.01841228 0.00923480
v 0.01017050 -0.01841227 0.01152985
v -0.00351175 -0.02656111 0.01673191
v -0.00351175 -0.02656111 0.01673191
v -0.00848160 -0.08645332 0.00680868
v -0.00848160 -0.08645332 0.00680868
v 0.00448624 -0.01448766 0.00106618
v 0.00448624 -0.01448766 0.00106618
v 0.00448624 -0.01448766 0.00106618
v 0.00448624 -0.01448766 0.00106618
v -0.00512388 -0.03458127 0.00430694
v 0.00757048 -0.02879339 0.00773653
v -0.00838938 -0.00885075 0.00979423
v -0.00838938 -0.00885075 0.00979423
v -0.00449494 -0.01799523 0.01971578
v -0.00449494 -0.01799523 0.01971578
v 0.00983358 -0.01843898 0.01321844
v 0.00983358 -0.01843898 0.01321844
v -0.00613806 -0.02675983 0.01420807
v -0.00613806 -0.02675983 0.01420807
v -0.00728373 -0.02830672 0.00814370
v -0.00728373 -0.02830672 0.00814370
v 0.00508013 -0.08936120 0.00399088
v -0.00199096 -0.02531969 0.00345982
v -0.00199096 -0.02531969 0.00345982
v -0.00732707 -0.02461601 0.00915726
v -0.00732707 -0.02461601 0.00915726
v 0.00931951 -0.01434620 0.00590928
v 0.00931951 -0.01434620 0.00590928
v 0.00931951 -0.01434620 0.00590928
v 0.00715354 -0.02656111 0.00916886
v 0.00715354 -0.02656111 0.00916886
v 0.00684346 -0.02215064 0.01498491
v -0.00635172 -0.01150606 0.00292375
v 0.00248761 -0.08665366 0.00070153
v -0.00187147 -0.01150404 0.00076623
v -0.00034285 0.07511404 0.01314319
v 0.00245382 -0.02615043 0.00331778
v 0.00245382 -0.02615043 0.00331778
v 0.00412205 -0.01255305 0.00324478
v 0.00412205 -0.01255305 0.00324478
v 0.00747128 -0.02149221 0.00678425
v 0.00747128 -0.02149221 0.00678425
v -0.00662280 -0.03334572 0.00308489
v -0.00662280 -0.03334572 0.00308489
v -0.00040812 -0.02530563 0.00318552
v -0.00040812 -0.02530563 0.00318552
v -0.00769015 -0.02320393 0.00953600
v -0.00769015 -0.02320393 0.00953600
v -0.00686185 -0.08663334 0.00272790
v -0.00686185 -0.08663334 0.00272790
v -0.00686185 -0.08663334 0.00272790
v -0.00686185 -0.08663334 0.00272790
v 0.00131537 -0.06974473 0.00027551
v -0.00481705 -0.02398608 0.00499118
v -0.00481705 -0.02398608 0.00499118
v -0.00481705 -0.02398608 0.00499118
v -0.00481705 -0.02398608 0.00499118
v 0.00235159 -0.02417309 0.01715445
v 0.00235159 -0.02417309 0.01715445
v -0.00276454 0.07789295 0.01189652
v -0.00276454 0.07789295 0.01189652
v -0.00477098 -0.00885075 0.00345672
v -0.00477098 -0.00885075 0.00345672
v 0.00685996 -0.08535479 0.01585311
v 0.00549866 -0.08760761 0.01910186
v 0.00549866 -0.08760761 0.01910186
v 0.00855428 -0.08535479 0.00842982
v 0.00149742 -0.01194854 0.00037737
v -0.00883847 -0.08499545 0.00508899
v -0.00741588 -0.02303259 0.01207490
v -0.00741588 -0.02303259 0.01207490
v 0.00585805 -0.01150403 0.01823421
v -0.00249427 -0.08645332 0.00152317
v -0.00249427 -0.08645332 0.00152317
v 0.00078884 -0.03675749 0.01715219
v -0.00253038 -0.02828844 0.01755274
v -0.00253038 -0.02828844 0.01755274
v 0.00642437 -0.03675750 0.00810665
v -0.00779082 -0.00898505 0.00860416
v -0.00779082 -0.00898505 0.00860416
v -0.00779082 -0.00898505 0.00860416
v -0.00153729 -0.06472678 0.00064766
v 0.00843481 -0.01148335 0.01442028
v 0.00700569 -0.01331978 0.01556069
v -0.00774300 -0.02763147 0.01038232
v -0.00774300 -0.02763147 0.01038232
v -0.00654052 -0.02640781 0.00677867
v -0.00654052 -0.02640781 0.00677867
v 0.00166384 -0.02481536 0.00309173
v 0.00166384 -0.02481536 0.00309173
v -0.00267097 0.07620017 0.01216651
v -0.00267097 0.07620017 0.01216651
v -0.00267097 0.07620017 0.00859813
v 0.00807277 -0.02898659 0.01038232
v 0.00807277 -0.02898659 0.01038232
v -0.00549904 -0.08760761 0.01910187
v -0.00549904 -0.08760761 0.01910187
v 0.00808322 -0.00875874 0.00920600
v 0.00808322 -0.00875874 0.00920600
v 0.00785315 -0.02248585 0.00994491
v 0.00630216 -0.01369488 0.01832165
v 0.00630216 -0.01369488 0.01832165
v -0.00182338 -0.08535530 0.00100743
v -0.00729167 -0.02481275 0.01204656
v -0.00729167 -0.02481275 0.01204656
v 0.00296415 -0.02215064 0.00268609
v -0.00950497 -0.08663547 0.01429939
v -0.00950497 -0.08663547 0.01429939
v -0.00950497 -0.08663547 0.01429939
v 0.00341274 -0.01798591 0.02016358
v 0.00341274 -0.01798591 0.02016358
v 0.01036077 -0.01784766 0.01038232
v 0.00713264 -0.02461601 0.00830706
v 0.00713264 -0.02461601 0.00830706
v -0.00793833 -0.03763397 0.01067033
v -0.00382855 -0.02417309 0.01644337
v -0.00382855 -0.02417309 0.01644337
v -0.00341895 -0.01440018 0.00062675
v -0.00341895 -0.01440018 0.00062675
v -0.00095068 -0.02145274 0.00215040
v -0.00095068 -0.02145274 0.00215040
v -0.00445601 -0.03495185 0.01963492
v -0.00050196 -0.03185130 0.01927490
v 0.00204436 -0.03277249 0.01988454
v 0.00204436 -0.03277249 0.01988454
v 0.00204436 -0.03277249 0.01988454
v 0.00204436 -0.03277249 0.01988454
v -0.00787606 -0.01255305 0.00795170
v -0.00787606 -0.01255305 0.00795170
v 0.00611327 -0.08490257 0.01682903
v 0.00399316 -0.02481363 0.00405928
v 0.00399316 -0.02481363 0.00405928
v 0.00937948 -0.08540955 0.01424048
v 0.00937948 -0.08540955 0.01424048
v 0.00621047 -0.02781205 0.00574715
v 0.00621047 -0.02781205 0.00574715
v 0.00466242 -0.02615220 0.01622905
v 0.00466242 -0.02615220 0.01622905
v -0.00660731 -0.03341888 0.00887429
v -0.00660731 -0.03341888 0.00887429
v -0.00768671 -0.02272657 0.01043330
v -0.00768671 -0.02272657 0.01043330
v -0.00768671 -0.02272657 0.01043330
v -0.00768671 -0.02272657 0.01043330
v -0.00691570 -0.03313145 0.00770602
v -0.00859537 -0.02011769 0.00743405
v -0.00938909 -0.08541032 0.01423552
v -0.00341844 -0.01798760 0.02016134
v -0.00341844 -0.01798760 0.02016134
v 0.00210721 -0.02730639 0.00305488
v -0.00555277 -0.02509508 0.01535930
v -0.00555277 -0.02509508 0.01535930
v -0.00184549 -0.02149221 0.00229753
v -0.00184549 -0.02149221 0.00229753
v -0.00466269 -0.02481536 0.01622893
v -0.00466269 -0.02481536 0.01622893
v 0.00687259 -0.02462584 0.01323272
v 0.00687259 -0.02462584 0.01323272
v 0.00412005 -0.00875874 0.00332904
v 0.00412005 -0.00875874 0.00332904
v 0.00517625 -0.00857502 0.01924341
v 0.00517625 -0.00857502 0.01924341
v 0.00588737 -0.02256384 0.01547901
v 0.00716565 -0.02296982 0.01291716
v 0.00716565 -0.02296982 0.01291716
v 0.00716565 -0.02296982 0.01291716
v 0.00716565 -0.02296982 0.01291716
v 0.00490298 -0.02705369 0.01587413
v -0.00157642 -0.03334573 0.00065468
v -0.00157642 -0.03334573 0.00065468
v -0.00157642 -0.03334573 0.00065468
v 0.01013075 -0.08541032 0.01098440
v 0.01013075 -0.08541032 0.01098440
v -0.00032990 -0.01316354 0.01886645
v 0.00832500 -0.08829013 0.00478136
v 0.00668201 -0.08107561 0.01571120
v 0.00219118 -0.01294093 0.01991296
v 0.00219118 -0.01294093 0.01991296
v 0.00719174 -0.02531968 0.00998187
v 0.00719174 -0.02531968 0.00998187
v -0.00495572 -0.02595269 0.00483206
v -0.00495572 -0.02595269 0.00483206
v 0.00495376 -0.03342700 0.00418209
v 0.00495376 -0.03342700 0.00418209
v 0.00495376 -0.03342700 0.00418209
v 0.00566516 -0.08893609 0.00294994
v -0.00308868 -0.03504333 0.01981647
v -0.00308868 -0.03504333 0.01981647
v 0.00661141 -0.02104268 0.00510975
v 0.00365649 -0.03261014 0.00146702
v 0.00365649 -0.03261014 0.00146702
v 0.00365649 -0.03261014 0.00146702
v 0.00365649 -0.03261014 0.00146702
v 0.00503322 -0.02898659 0.00407063
v 0.00503322 -0.02898659 0.00407063
v -0.00630614 -0.02531968 0.00690106
v -0.00630614 -0.02531968 0.00690106
v -0.00724116 -0.03193603 0.00512296
v 0.00716098 -0.02163384 0.00590784
v 0.00716098 -0.02163384 0.00590784
v -0.00394074 -0.02509356 0.00406123
v -0.00394074 -0.02509356 0.00406123
v -0.00394074 -0.02509356 0.00406123
v -0.00681818 -0.02675982 0.01279579
v -0.00681818 -0.02675982 0.01279579
v 0.00667461 -0.02730639 0.01406739
v -0.00630670 -0.00850885 0.00292845
v -0.00630670 -0.00850885 0.00292845
v -0.00630670 -0.00850885 0.00292845
v -0.00630670 -0.00850885 0.00292845
v 0.00277470 -0.02656111 0.01708667
v 0.00277470 -0.02656111 0.01708667
v -0.00276897 -0.02163384 0.00240504
v -0.00276897 -0.02163384 0.00240504
v -0.00172153 -0.02320253 0.00284060
v -0.00172153 -0.02320253 0.00284060
v -0.00296804 0.07620019 0.00915306
v 0.00644945 -0.02296983 0.01440435
v 0.00644945 -0.02296983 0.01440435
v 0.00644945 -0.02296983 0.01440435
v -0.00225229 0.07619939 0.01261638
v 0.00414786 -0.03313145 0.00423573
v -0.00716233 -0.02509508 0.00830740
v -0.00716233 -0.02509508 0.00830740
v -0.00633550 -0.03195700 0.00405714
v 0.00729143 -0.02614953 0.00871806
v 0.00729143 -0.02614953 0.00871806
v 0.00729143 -0.02614954 0.01204659
v 0.00729143 -0.02614954 0.01204659
v -0.00848225 -0.00833410 0.00748811
v -0.00848225 -0.00833410 0.00748811
v -0.00859697 -0.00827390 0.00563492
v -0.00859697 -0.00827390 0.00563492
v 0.00214796 -0.03314486 0.00324375
v -0.00729253 -0.03121954 0.01496167
v -0.00584750 -0.02481276 0.00571925
v -0.00584750 -0.02481276 0.00571925
v 0.00824435 -0.02104268 0.00850056
v 0.00207637 -0.00871758 0.00128656
v 0.00207637 -0.00871758 0.00128656
v 0.00551297 -0.02211884 0.01655722
v -0.00000019 -0.08442838 0.00000000
v 0.00068519 -0.01181556 0.01845965
v 0.00174055 -0.00794974 0.00777712
v 0.00174055 -0.00794974 0.00777712
v -0.00874408 -0.00860194 0.00532328
v -0.00874408 -0.00860194 0.00532328
v -0.00040066 -0.02576198 0.00315610
v -0.00040066 -0.02576198 0.00315610
v -0.00040066 -0.02576198 0.00315610
v -0.00061145 -0.00794859 0.00730928
v -0.00061145 -0.00794859 0.00730928
v 0.00227111 0.07620019 0.01265373
v 0.00227111 0.07620019 0.01265373
v 0.00673734 -0.02481536 0.00713771
v 0.00673734 -0.02481536 0.00713771
v 0.00673734 -0.02481536 0.00713771
v -0.00672753 -0.03119618 0.00501745
v 0.00950307 -0.08663334 0.01430156
v 0.00950307 -0.08663334 0.01430156
v 0.00296744 0.07620019 0.01161160
v -0.00101079 -0.02566631 0.01749268
v -0.00101079 -0.02566631 0.01749268
v -0.00061733 -0.01255305 0.01860160
v -0.00061733 -0.01255305 0.01860160
v -0.00824471 -0.02104269 0.01226408
v 0.00665327 -0.02531969 0.00762266
v 0.00665327 -0.02531969 0.00762266
v -0.00520206 -0.06245601 0.01748581
v 0.00416873 -0.02215064 0.01749846
v -0.00588162 -0.01956629 0.01775740
v 0.00895725 -0.01345598 0.00658999
v -0.00169132 -0.02297005 0.01779167
v -0.00169132 -0.02297005 0.01779167
v 0.00607884 -0.02417309 0.01418207
v 0.00607884 -0.02417309 0.01418207
v -0.01007498 -0.00861665 0.01115270
v -0.01007498 -0.00861665 0.01115270
v -0.00705330 -0.02481364 0.01286855
v -0.00705330 -0.02481364 0.01286855
v 0.01024550 -0.08760761 0.01151970
v 0.01024550 -0.08760761 0.01151970
v -0.00116918 -0.01798592 0.02067574
v -0.00116918 -0.01798592 0.02067574
v -0.00260537 0.07205267 0.01212306
v -0.00260537 0.07205267 0.01212306
v -0.00260537 0.07205267 0.00864159
v -0.00732705 -0.01798640 0.00305855
v -0.00732705 -0.01798640 0.00305855
v 0.00438144 -0.02696661 0.00454609
v 0.00438144 -0.02696661 0.00454609
v 0.00137722 -0.03344146 0.01758990
v 0.00137722 -0.03344146 0.01758990
v -0.00943818 -0.03779014 0.01100289
v -0.00943818 -0.03779014 0.01100289
v -0.00229206 -0.01831227 0.02042367
v -0.00229206 -0.01831227 0.02042367
v -0.00770971 -0.00906709 0.00790975
v -0.00770971 -0.00906709 0.00790975
v 0.00927942 -0.01831227 0.00591351
v 0.00927942 -0.01831227 0.00591351
v -0.00182756 -0.03303434 0.01940850
v -0.00902340 -0.02011766 0.01145533
v -0.00040293 -0.03193602 0.00144195
v 0.00185659 -0.08832894 0.02025282
v -0.00271377 -0.03766646 0.01947182
v 0.00447906 -0.01413637 0.01969315
v 0.00447906 -0.01413637 0.01969315
v -0.00131088 -0.03504333 0.00054240
v -0.00131088 -0.03504333 0.00054240
v -0.00723868 -0.01841228 0.00314604
v 0.00089324 -0.02763047 0.01807431
v 0.00089324 -0.02763047 0.01807431
v 0.00670703 -0.02566631 0.01294979
v 0.00670703 -0.02566631 0.01294979
v -0.00888770 -0.01305328 0.00554268
v -0.00888770 -0.01305328 0.00554268
v -0.00790926 -0.01917957 0.00482112
v 0.00056156 -0.02830672 0.01798139
v 0.00056156 -0.02830672 0.01798139
v -0.00661380 -0.03714318 0.00725380
v -0.00661380 -0.03714318 0.00725380
v 0.00512162 -0.05904948 0.00397989
v -0.00642188 -0.01831227 0.00232980
v -0.00642188 -0.01831227 0.00232980
v -0.00808085 -0.01413638 0.00394353
v 0.00673733 -0.02481536 0.01362694
v 0.00673733 -0.02481536 0.01362694
v -0.00551356 -0.02707958 0.00547338
v -0.00244160 -0.01147683 0.00233891
v 0.00640530 -0.02793918 0.01437756
v 0.00640530 -0.02793918 0.01437756
v -0.00000018 -0.08972386 0.01612098
v -0.00551335 -0.02211884 0.00420743
v 0.00545009 -0.03504334 0.01867910
v -0.00846652 -0.08535530 0.00596260
v -0.00846652 -0.08535530 0.00596260
v -0.00846652 -0.08535530 0.00596260
v 0.00458308 -0.03121954 0.00309244
v 0.00458308 -0.03121954 0.00309244
v -0.00943324 -0.01956634 0.01038232
v -0.00361019 -0.02641467 0.01690967
v -0.00361019 -0.02641467 0.01690967
v 0.00596073 -0.00831417 0.01763678
v 0.00596073 -0.00831417 0.01763678
v -0.00699806 -0.03308008 0.00879323
v -0.00585841 -0.01150606 0.01823429
v -0.00507100 -0.03951455 0.01925647
v -0.00507100 -0.03951455 0.01925647
v -0.00209924 -0.01956631 0.00118576
v -0.00720400 -0.01993563 0.01612717
v 0.00331401 0.07787240 0.00977307
v 0.00331401 0.07787240 0.00977307
v -0.00281484 -0.01298539 0.00219391
v -0.00230294 -0.03342942 0.00384828
v -0.00230294 -0.03342942 0.00384828
v -0.00230294 -0.03342942 0.00384828
v 0.00716196 -0.02509508 0.00830741
v 0.00716196 -0.02509508 0.00830741
v 0.00116172 -0.03314486 0.01774600
v 0.00537115 -0.08645332 0.00290878
v 0.00537115 -0.08645332 0.00290878
v 0.00537115 -0.08645332 0.00290878
v 0.00446923 -0.02556658 0.00477786
v 0.00562682 -0.08179046 0.01752332
v -0.00841642 -0.01148491 0.00630505
v -0.00841642 -0.01148491 0.00630505
v 0.00680062 -0.02793922 0.01365742
v 0.00680062 -0.02793922 0.01365742
v 0.01002672 -0.03337390 0.01175452
v 0.01002672 -0.03337390 0.01175452
v 0.00705314 -0.02615043 0.01286838
v 0.00705314 -0.02615043 0.01286838
v 0.00705314 -0.02615044 0.00789626
v 0.00705314 -0.02615044 0.00789626
v -0.00716233 -0.02509507 0.01245724
v -0.00716233 -0.02509507 0.01245724
v -0.00233363 -0.02405027 0.00359419
v -0.00233363 -0.02405027 0.00359419
v -0.00716134 -0.02163384 0.01485681
v -0.00716134 -0.02163384 0.01485681
v 0.01009944 -0.01799524 0.01268750
v 0.01009944 -0.01799524 0.01268750
v -0.00527636 -0.02615044 0.00508214
v -0.00527636 -0.02615044 0.00508214
v 0.00319714 -0.00868428 0.00282040
v 0.00319714 -0.00868428 0.00282040
v -0.00287386 -0.00906709 0.00281315
v -0.00287386 -0.00906709 0.00281315
v -0.00287386 -0.00906709 0.00281315
v 0.00537216 -0.02530563 0.00557625
v 0.00537216 -0.02530563 0.00557625
v -0.00448346 -0.01414884 0.01969195
v -0.00766425 -0.02011768 0.01526409
v 0.00855759 -0.01394945 0.01569312
v -0.00133625 -0.02868694 0.01822435
v 0.00686376 -0.08663547 0.00272920
v 0.00686376 -0.08663547 0.00272920
v -0.00640568 -0.02793918 0.01437756
v -0.00640568 -0.02793918 0.01437756
v -0.00640568 -0.02793918 0.01437756
v -0.00640568 -0.02793918 0.00638709
v -0.00640568 -0.02793918 0.00638709
v 0.00354910 -0.02736084 0.00358609
v 0.00354910 -0.02736084 0.00358609
v 0.00354910 -0.02736084 0.00358609
v 0.00533087 -0.01180424 0.00330930
v 0.00533087 -0.01180424 0.00330930
v 0.00704918 -0.06891442 0.01456822
v 0.00242854 -0.00842518 0.01982297
v 0.00242854 -0.00842518 0.01982297
v 0.00242854 -0.00842518 0.01982297
v 0.00242854 -0.00842518 0.01982297
v -0.00652571 -0.03458235 0.01362455
v 0.00933471 -0.01784764 0.00588688
v 0.00933471 -0.01784764 0.00588688
v -0.00645867 -0.02556658 0.01349257
v -0.00210759 -0.02730639 0.01770977
v -0.00656140 -0.02320394 0.01448138
v -0.00656140 -0.02320394 0.01448138
v -0.00439844 -0.02368476 0.00421839
v 0.00188341 -0.02659182 0.00339329
v 0.00188341 -0.02659182 0.00339329
v 0.00188341 -0.02659182 0.00339329
v 0.00188341 -0.02659182 0.00339329
v 0.00159493 -0.02556658 0.01737097
v -0.00729180 -0.02614953 0.01204659
v -0.00729180 -0.02614953 0.01204659
v 0.00117083 -0.08760761 0.00014042
v 0.00117083 -0.08760761 0.00014042
v -0.00688403 -0.00861664 0.00298585
v -0.00688403 -0.00861664 0.00298585
v -0.00705352 -0.02615043 0.00789627
v -0.00705352 -0.02615043 0.00789627
v 0.00669578 -0.01305328 0.00279456
v 0.00669578 -0.01305328 0.00279456
v 0.00623262 -0.03456615 0.00338076
v 0.00623262 -0.03456615 0.00338076
v -0.00408372 0.07843444 0.00784061
v -0.00408372 0.07843444 0.00784061
v -0.00408372 0.07843444 0.00784061
v 0.00581854 -0.08535360 0.01749877
v -0.00846446 -0.02103685 0.01038232
v 0.00646459 -0.02011769 0.01676794
v 0.00849873 -0.01956629 0.00628947
v -0.01001474 -0.01394945 0.00931054
v 0.00893343 -0.08634298 0.00934323
v 0.00893343 -0.08634298 0.00934323
v 0.00311046 -0.02417487 0.00392301
v 0.00311046 -0.02417487 0.00392301
v 0.00311046 -0.02417487 0.00392301
v 0.00613769 -0.02675983 0.01420807
v 0.00613769 -0.02675983 0.01420807
v -0.00677700 -0.08540955 0.00283656
v -0.00057697 -0.01843898 0.00016402
v 0.01003935 -0.01410259 0.00873349
v -0.00603621 -0.03293247 0.00274098
v -0.00603621 -0.03293247 0.00274098
v 0.00614639 -0.02736084 0.00579911
v 0.00614639 -0.02736084 0.00579911
v 0.00782374 -0.02881529 0.01216808
v 0.00782374 -0.02881529 0.01216808
v 0.00782374 -0.02881529 0.00859657
v -0.00164852 -0.00827390 0.00070112
v -0.00164852 -0.00827390 0.00070112
v 0.00931141 -0.01434114 0.01487019
v 0.00931141 -0.01434114 0.01487019
v -0.00576805 -0.06245596 0.00373021
v -0.00000019 -0.08535479 0.01915679
v 0.00580826 -0.03457913 0.01394105
v 0.00580826 -0.03457913 0.01394105
v -0.00759826 -0.08634298 0.01519467
v -0.00759826 -0.08634298 0.01519467
v -0.00000019 -0.03341888 0.01715935
v -0.00000019 -0.03341888 0.01715935
v -0.00540620 -0.01394945 0.00188438
v -0.00078921 -0.03675750 0.01715219
v -0.00248620 -0.02296982 0.00319941
v -0.00248620 -0.02296982 0.00319941
v 0.00710696 -0.02443404 0.01158612
v 0.00710696 -0.02443404 0.01158612
v -0.00810265 -0.01797788 0.01684382
v -0.00810265 -0.01797788 0.01684382
v -0.00810265 -0.01797788 0.01684382
v 0.00188607 -0.03344146 0.00329088
v 0.00188607 -0.03344146 0.00329088
v 0.00188607 -0.03344146 0.00329088
v 0.00786521 -0.02215064 0.00790141
v 0.00348993 -0.02530563 0.01668942
v 0.00348993 -0.02530563 0.01668942
v 0.00348993 -0.02530563 0.01668942
v 0.00348993 -0.02530563 0.01668942
v 0.00555240 -0.02509507 0.01535930
v 0.00555240 -0.02509507 0.01535930
v 0.00626107 -0.08225498 0.00323530
v -0.00083169 -0.02828844 0.00282419
v -0.00083169 -0.02828844 0.00282419
v 0.00245324 -0.01182851 0.00233724
v 0.00245324 -0.01182851 0.00233724
v 0.00245324 -0.01182851 0.00233724
v 0.00687276 -0.02595269 0.01323282
v 0.00687276 -0.02595269 0.01323282
v 0.00439271 -0.08634927 0.00261655
v 0.00439271 -0.08634927 0.00261655
v 0.00439271 -0.08634927 0.00261655
v 0.00663694 -0.02368476 0.01402750
v 0.00335895 -0.02326888 0.01735765
v 0.00335895 -0.02326888 0.01735765
v 0.00228782 -0.02211884 0.01833778
v -0.00310277 0.07786069 0.00931520
v -0.00310277 0.07786069 0.00931520
v 0.00361645 -0.02509507 0.00386147
v 0.00361645 -0.02509507 0.00386147
v 0.00361645 -0.02509507 0.00386147
v -0.00466280 -0.02615220 0.00453560
v -0.00466280 -0.02615220 0.00453560
v -0.00505738 -0.02417309 0.01546341
v -0.00505738 -0.02417309 0.01546341
v 0.00249154 -0.00832519 0.00155367
v 0.00249154 -0.00832519 0.00155367
v 0.00571455 -0.00882423 0.01716470
v 0.00571455 -0.00882423 0.01716470
v 0.00972434 -0.08760761 0.01380302
v 0.00972434 -0.08760761 0.01380302
v 0.00149061 -0.00861665 0.00038869
v 0.00149061 -0.00861665 0.00038869
v 0.00242844 0.07790054 0.00830532
v 0.00242844 0.07790054 0.00830532
v -0.01026508 -0.01438521 0.00920519
v -0.01026508 -0.01438521 0.00920519
v 0.00720363 -0.01993564 0.01612718
v -0.00149769 -0.01194648 0.00037734
v -0.00149769 -0.01194648 0.00037734
v -0.00159530 -0.02417219 0.01737099
v -0.00159530 -0.02417219 0.01737099
v -0.00187902 -0.02163284 0.01861405
v -0.00187902 -0.02163284 0.01861405
v 0.00289456 -0.00795002 0.00918328
v 0.00289456 -0.00795002 0.00918328
v -0.00207635 -0.08634636 0.00106398
v -0.00207635 -0.08634636 0.00106398
v -0.00495561 -0.02462584 0.00483222
v -0.00495561 -0.02462584 0.00483222
v -0.00873091 -0.01438948 0.01590975
v -0.00873091 -0.01438948 0.01590975
v -0.00406546 -0.01331979 0.00267703
v 0.00564305 -0.08535360 0.00312592
v -0.00727367 -0.02898659 0.00687960
v -0.00727367 -0.02898659 0.00687960
v 0.00855779 -0.03185131 0.00791435
v -0.00254245 -0.01231779 0.00232662
v -0.00254245 -0.01231779 0.00232662
v 0.00452157 -0.03714317 0.00463069
v -0.00880425 -0.01294093 0.00612514
v -0.00880425 -0.01294093 0.00612514
v -0.00133555 -0.02659182 0.00326816
v -0.00133555 -0.02659182 0.00326816
v -0.00133555 -0.02659182 0.00326816
v -0.00133555 -0.02659182 0.00326816
v -0.00248649 -0.01150402 0.01985804
v -0.00248649 -0.01150402 0.01985804
v -0.00560536 -0.02556389 0.00591236
v -0.00560536 -0.02556389 0.00591236
v -0.00166421 -0.02481536 0.00309173
v -0.00166421 -0.02481536 0.00309173
v -0.00166421 -0.02481536 0.01767291
v -0.00166421 -0.02481536 0.01767291
v 0.00877035 -0.01798639 0.00486885
v 0.00877035 -0.01798639 0.00486885
v 0.00877035 -0.01798639 0.00486885
v -0.00883622 -0.08664554 0.01498905
v -0.00000018 -0.00864667 0.00005859
v -0.00000018 -0.00864667 0.00005859
v 0.00801751 -0.02897089 0.00948013
v 0.00801751 -0.02897089 0.00948013
v 0.00715878 -0.02781905 0.00741328
v 0.00715878 -0.02781905 0.00741328
v 0.00129324 -0.00885075 0.01869204
v 0.00129324 -0.00885075 0.01869204
v 0.00204700 -0.03763396 0.01805735
v 0.00204700 -0.03763396 0.01805735
v 0.00838868 -0.03119619 0.01229703
v 0.00838868 -0.03119619 0.01229703
v -0.01009064 -0.01843898 0.01209379
v -0.01009064 -0.01843898 0.01209379
v -0.00560569 -0.03308008 0.01486269
v -0.00364841 -0.03675752 0.00462523
v -0.01010740 -0.01305328 0.01088654
v -0.01010740 -0.01305328 0.01088654
v -0.00642186 -0.01831227 0.01843486
v -0.00642186 -0.01831227 0.01843486
v -0.00734664 -0.02796932 0.01205910
v -0.00734664 -0.02796932 0.01205910
v -0.00068086 0.08999995 0.00934881
v -0.00068086 0.08999995 0.00934881
v 0.00687577 -0.03504333 0.00322250
v 0.00696399 -0.02868695 0.01422717
v 0.00517024 -0.02149221 0.01686582
v 0.00517024 -0.02149221 0.01686582
v -0.00584354 -0.02145274 0.00450668
v -0.00584354 -0.02145274 0.00450668
v -0.00896824 -0.08643620 0.00569202
v -0.00896824 -0.08643620 0.00569202
v 0.00271515 -0.02145274 0.00255321
v 0.00271515 -0.02145274 0.00255321
v 0.00593368 -0.08663547 0.01877716
v 0.00593368 -0.08663547 0.01877716
v -0.00838950 -0.01182851 0.00978061
v -0.00838950 -0.01182851 0.00978061
v -0.00608742 -0.03121953 0.00429182
v -0.00466279 -0.02615220 0.01622905
v -0.00466279 -0.02615220 0.01622905
v 0.00359795 -0.02150532 0.00291072
v 0.00359795 -0.02150532 0.00291072
v 0.00480491 -0.03280568 0.00214078
v 0.00480491 -0.03280568 0.00214078
v 0.00480491 -0.03280568 0.00214078
v 0.00480491 -0.03280568 0.00214078
v -0.00210244 -0.01148491 0.01949482
v -0.00159531 -0.02417219 0.00339365
v -0.00159531 -0.02417219 0.00339365
v -0.00373358 -0.03119618 0.00262985
vt 0.16021500 0.20186400
vt 0.17805100 0.31628300
vt 0.77887100 0.40575900
vt 0.81745600 0.07179500
vt 0.60757100 0.18707400
vt 0.17833800 0.29808500
vt 0.47025100 0.50332900
vt 0.50906900 0.96865900
vt 0.66742300 0.45032900
vt 0.65496100 0.70565500
vt 0.46719700 0.82113300
vt 0.89048500 0.83097600
vt 0.04620500 0.67949300
vt 0.42451400 0.33055200
vt 0.95278600 0.82580000
vt 0.59773300 0.76354400
vt 0.83568000 0.47333100
vt 0.25587600 0.29318000
vt 0.53436400 0.74767500
vt 0.20711400 0.24450700
vt 0.65077900 0.26848800
vt 0.38308300 0.75801300
vt 0.07305300 0.77908000
vt 0.60236600 0.73997700
vt 0.32467700 0.51736300
vt 0.60379000 0.56543000
vt 0.60631700 0.79502600
vt 0.97497900 0.53572800
vt 0.80726700 0.37830100
vt 0.55015400 0.82474100
vt 0.83980000 0.56045300
vt 0.26435700 0.68214700
vt 0.46675800 0.18835500
vt 0.52780600 0.34830700
vt 0.65309200 0.32708400
vt 0.19432500 0.04764900
vt 0.46922300 0.17184900
vt 0.34232500 0.54962300
vt 0.87310600 0.78331100
vt 0.39988300 0.10408900
vt 0.26683500 0.62582300
vt 0.95326600 0.79027800
vt 0.47065200 0.36256800
vt 0.92614400 0.41797000
vt 0.73591300 0.38119600
vt 0.94299300 0.44266500
vt 0.48543200 0.92505500
vt 0.46797500 0.31219800
vt 0.43362200 0.34460400
vt 0.79705400 0.40486900
vt 0.23535000 0.51246300
vt 0.42227200 0.35392800
vt 0.93333300 0.17268700
vt 0.59428000 0.57013200
vt 0.27953600 0.35362100
vt 0.28200000 0.09319700
vt 0.75001000 0.37900800
vt 0.72461700 0.39653200
vt 0.27072600 0.13418400
vt 0.93040200 0.99846200
vt 0.70179700 0.81039800
vt 0.01076500 0.20610400
vt 0.83784100 0.47887600
vt 0.46719600 0.26371600
vt 0.62690600 0.83913200
vt 0.43843700 0.31763300
vt 0.41529200 0.45308600
vt 0.49640500 0.70807500
vt 0.36722600 0.73219600
vt 0.08596200 0.52060300
vt 0.32617100 0.33594500
vt 0.28776700 0.71602500
vt 0.95276700 0.22278600
vt 0.17209800 0.76640000
vt 0.89202100 0.20848500
vt 0.23606400 0.41804100
vt 0.76591100 0.99450000
vt 0.23692800 0.50144600
vt 0.80466900 0.97621000
vt 0.28731500 0.70059400
vt 0.46891500 0.38604800
vt 0.78808300 0.57042600
vt 0.61534400 0.78928300
vt 0.41383900 0.05694800
vt 0.93501500 0.35486100
vt 0.72569400 0.79828600
vt 0.96565600 0.18676400
vt 0.81594400 0.23528300
vt 0.11464200 0.34084700
vt 0.35485800 0.51570000
vt 0.56944700 0.17404400
vt 0.17837100 0.25728700
vt 0.27408300 0.55720200
vt 0.81651900 0.27941600
vt 0.49616000 0.52391600
vt 0.53209200 0.56386000
vt 0.17691000 0.19548200
vt 0.58769500 0.99183500
vt 0.92884000 0.41488600
vt 0.73621500 0.37707600
vt 0.81486900 0.41046300
vt 0.22706400 0.66629600
vt 0.92678600 0.39084000
vt 0.15131100 0.10989700
vt 0.02895000 0.01344100
vt 0.18903800 0.24269200
vt 0.88440500 0.19437100
vt 0.85035400 0.83035000
vt 0.47921300 0.86485200
vt 0.81863800 0.35493200
vt 0.46921000 0.10378700
vt 0.30075200 0.70671500
vt 0.00001500 0.86396100
vt 0.94711900 0.58116600
vt 0.39575800 0.04390300
vt 0.08486100 0.97878000
vt 0.58031400 0.00467500
vt 0.45998800 0.69714000
vt 0.75246500 0.07069500
vt 0.69187600 0.39503400
vt 0.36098900 0.09315500
vt 0.62904900 0.76518700
vt 0.81726100 0.09434400
vt 0.87336200 0.51034400
vt 0.26284100 0.09208400
vt 0.95936300 0.51863100
vt 0.23671200 0.49194900
vt 0.81156400 0.96878000
vt 0.47073300 0.46306900
vt 0.48319500 0.60747100
vt 0.63328000 0.76546800
vt 0.89211500 0.78907500
vt 0.23702200 0.72114600
vt 0.32300100 0.33588400
vt 0.33445800 0.51906000
vt 0.09424200 0.33748700
vt 0.79958200 0.12072700
vt 0.34562700 0.10601200
vt 0.28831800 0.94127700
vt 0.62634400 0.80434400
vt 0.14030400 0.12621500
vt 0.46587700 0.23711600
vt 0.44338200 0.66527700
vt 0.05818700 0.79909700
vt 0.12894700 0.17129100
vt 0.23832100 0.41622800
vt 0.80535600 0.06347800
vt 0.64174900 0.09930300
vt 0.93283900 0.83433100
vt 0.40155500 0.04767600
vt 0.00102700 0.25924500
vt 0.83807100 0.53247600
vt 0.95323600 0.79920500
vt 0.47065200 0.37229200
vt 0.97747900 0.84966100
vt 0.23909100 0.10460900
vt 0.15419900 0.49025600
vt 0.23810100 0.44855400
vt 0.09639000 0.16151300
vt 0.56898800 0.00603500
vt 0.81570400 0.81791400
vt 0.05097300 0.00041500
vt 0.46590200 0.13938600
vt 0.95297700 0.75742300
vt 0.59871400 0.76355200
vt 0.24760400 0.21925000
vt 0.23486900 0.47845000
vt 0.23821900 0.35411500
vt 0.11955300 0.75450300
vt 0.78942800 0.15725100
vt 0.59302000 0.18250700
vt 0.47022000 0.21786000
vt 0.46128700 0.61894700
vt 0.03273500 0.83497900
vt 0.57523500 0.55474100
vt 0.77867400 0.37036800
vt 0.73656400 0.37168500
vt 0.81828400 0.03737600
vt 0.80356100 0.33806900
vt 0.08294800 0.73747600
vt 0.88407900 0.78572600
vt 0.25892000 0.09864900
vt 0.93830900 0.02618200
vt 0.25561200 0.63616600
vt 0.17963500 0.21648300
vt 0.31299100 0.16019400
vt 0.84598300 0.18579300
vt 0.92666000 0.81095800
vt 0.54277700 0.55116000
vt 0.02393800 0.86692000
vt 0.87311700 0.77269100
vt 0.78768300 0.40575800
vt 0.93062800 0.49132600
vt 0.09405900 0.66602900
vt 0.76462900 0.77682300
vt 0.45259600 0.64567500
vt 0.17929100 0.23253800
vt 0.54387200 0.17521200
vt 0.50484100 0.97291900
vt 0.17414100 0.24388700
vt 0.17720500 0.27256500
vt 0.23336700 0.40053800
vt 0.08562400 0.13828300
vt 0.84067100 0.41722800
vt 0.47805100 0.16639700
vt 0.91360100 0.83701900
vt 0.16246700 0.78679900
vt 0.61669600 0.83042100
vt 0.46622200 0.27509900
vt 0.86445300 0.34878700
vt 0.18447500 0.03215800
vt 0.65609600 0.33512400
vt 0.62151800 0.97528600
vt 0.65590300 0.80394600
vt 0.19203900 0.52053000
vt 0.12792300 0.67244800
vt 0.79682600 0.80325900
vt 0.23021400 0.53929800
vt 0.65206300 0.34120900
vt 0.45182700 0.79922600
vt 0.33363800 0.74071700
vt 0.28743200 0.56104400
vt 0.29727700 0.74062200
vt 0.89418000 0.18954000
vt 0.76957400 0.76867200
vt 0.76416500 0.16763400
vt 0.98799700 0.75637500
vt 0.65641300 0.13583400
vt 0.13283500 0.17428900
vt 0.23912800 0.41249100
vt 0.21246800 0.26129500
vt 0.46961100 0.43054000
vt 0.47070200 0.15232200
vt 0.52597500 0.18309300
vt 0.23648100 0.30486300
vt 0.40354500 0.20450000
vt 0.23377000 0.44665100
vt 0.25376100 0.20068600
vt 0.26468200 0.36700600
vt 0.61253500 0.57806500
vt 0.31144700 0.09275700
vt 0.77488400 0.36211500
vt 0.96828000 0.25043100
vt 0.62868400 0.58979800
vt 0.25300900 0.38332200
vt 0.23906000 0.74775100
vt 0.71248700 0.74578500
vt 0.00830300 0.86489200
vt 0.23830700 0.57066500
vt 0.40915000 0.21827400
vt 0.11288900 0.60016000
vt 0.45939900 0.07127900
vt 0.89854300 0.81737600
vt 0.23910800 0.56710700
vt 0.58333800 0.77316400
vt 0.46733100 0.09446200
vt 0.17057400 0.23926300
vt 0.80148600 0.01552000
vt 0.29143000 0.10507800
vt 0.87235500 0.75649800
vt 0.14486900 0.61316700
vt 0.25530000 0.66025400
vt 0.85559500 0.03261600
vt 0.66742300 0.57557000
vt 0.62878700 0.17044700
vt 0.93849200 0.80567800
vt 0.23468200 0.60067800
vt 0.31495200 0.55369800
vt 0.74699000 0.39695400
vt 0.26843000 0.10482800
vt 0.69714000 0.83819300
vt 0.46743700 0.23836300
vt 0.60108300 0.02464800
vt 0.81863800 0.04140500
vt 0.00692500 0.46454400
vt 0.24713700 0.39200800
vt 0.36650300 0.53662800
vt 0.01354000 0.20220700
vt 0.83851100 0.47482900
vt 0.51547000 0.83545600
vt 0.83858300 0.36365000
vt 0.92260600 0.43283200
vt 0.22083000 0.64835200
vt 0.44627000 0.95880700
vt 0.61843200 0.57800000
vt 0.18453000 0.09194400
vt 0.93310900 0.41312700
vt 0.96119100 0.59246300
vt 0.91188600 0.38220800
vt 0.52113300 0.83042400
vt 0.47755200 0.30185700
vt 0.83794100 0.35752600
vt 0.28390100 0.07894200
vt 0.80114100 0.03993200
vt 0.32465000 0.13010000
vt 0.31074000 0.98595100
vt 0.65465500 0.12003600
vt 0.93651900 0.75612200
vt 0.91555900 0.77642600
vt 0.56205500 0.76811700
vt 0.37767700 0.53821900
vt 0.49292400 0.94547200
vt 0.94386600 0.46102900
vt 0.73175800 0.77681900
vt 0.05337100 0.16728800
vt 0.23754800 0.49255400
vt 0.57086900 0.82201300
vt 0.83907400 0.53991600
vt 0.47073400 0.45159300
vt 0.47829500 0.61781100
vt 0.16924900 0.08799500
vt 0.70868700 0.40263800
vt 0.23303900 0.35759000
vt 0.65010700 0.16134900
vt 0.12178800 0.16052700
vt 0.13151200 0.97472600
vt 0.48427700 0.40962000
vt 0.46739400 0.18740000
vt 0.66418900 0.87994100
vt 0.14376800 0.14126700
vt 0.46813700 0.90042900
vt 0.46208200 0.43054000
vt 0.39537600 0.73337500
vt 0.47022000 0.17837700
vt 0.55438600 0.17634200
vt 0.35721800 0.78165800
vt 0.67564600 0.63035100
vt 0.17853700 0.22087800
vt 0.89917100 0.49696900
vt 0.46479800 0.33064100
vt 0.41717800 0.72543300
vt 0.80977300 0.08797000
vt 0.55418200 0.77462700
vt 0.34121200 0.73172800
vt 0.64017700 0.86243600
vt 0.83295400 0.38389500
vt 0.23676200 0.35411500
vt 0.83961700 0.38933200
vt 0.74719400 0.99716300
vt 0.23579900 0.43575900
vt 0.85096000 0.49163300
vt 0.70514000 0.08601500
vt 0.26631900 0.62038500
vt 0.43147700 0.31769400
vt 0.75776500 0.82442200
vt 0.17646600 0.25326500
vt 0.23915000 0.40684800
vt 0.47063900 0.44327600
vt 0.83541200 0.47333100
vt 0.38184200 0.55115900
vt 0.69792000 0.80307100
vt 0.21191200 0.70439500
vt 0.81217500 0.36946300
vt 0.92186600 0.73770200
vt 0.26859300 0.90319500
vt 0.87334900 0.18130400
vt 0.90679200 0.02678900
vt 0.16835000 0.54176300
vt 0.91958900 0.81582400
vt 0.23951200 0.64669800
vt 0.37771100 0.31978400
vt 0.36433700 0.98903700
vt 0.47559600 0.24143700
vt 0.83549000 0.41253200
vt 0.63122100 0.76518800
vt 0.73432700 0.40351600
vt 0.21899000 0.82833500
vt 0.46601300 0.68608500
vt 0.20435000 0.94495100
vt 0.90457600 0.82047000
vt 0.20196000 0.70781400
vt 0.24015800 0.37876300
vt 0.85551500 0.78153300
vt 0.74628800 0.41032000
vt 0.72685400 0.41041900
vt 0.34408500 0.53743800
vt 0.22788900 0.56712400
vt 0.49292400 0.87110800
vt 0.65755100 0.79496400
vt 0.31114500 0.73426500
vt 0.23821900 0.35356700
vt 0.24010300 0.51711200
vt 0.42405200 0.35392800
vt 0.63505700 0.71818200
vt 0.11548700 0.74873100
vt 0.88755800 0.82046800
vt 0.23914000 0.39709400
vt 0.47921400 0.78805200
vt 0.84128300 0.41033800
vt 0.85797600 0.40468100
vt 0.47921300 0.80492600
vt 0.48265100 0.70450900
vt 0.51168900 0.37540300
vt 0.46916600 0.18759200
vt 0.32674600 0.55433400
vt 0.91106200 0.78171600
vt 0.63013600 0.75761300
vt 0.81773300 0.08802800
vt 0.56214500 0.77418800
vt 0.74013800 0.57185500
vt 0.17983500 0.09134400
vt 0.17214700 0.40936200
vt 0.43027500 0.34917700
vt 0.46240600 0.58301500
vt 0.11126200 0.74559000
vt 0.88549600 0.81558000
vt 0.43799900 0.35392800
vt 0.46876700 0.61014700
vt 0.85421200 0.81465500
vt 0.62547600 0.75900300
vt 0.19689200 0.81445600
vt 0.60442000 0.77643700
vt 0.06951900 0.12705700
vt 0.18154000 0.09501700
vt 0.93235400 0.41016400
vt 0.04931500 0.16044100
vt 0.95929400 0.18340300
vt 0.92652600 0.83428700
vt 0.40397000 0.04148300
vt 0.94779700 0.07068100
vt 0.70130900 0.24294000
vt 0.13332500 0.32358900
vt 0.46873500 0.22999000
vt 0.75986200 0.52096300
vt 0.23914000 0.52211200
vt 0.02554400 0.18705000
vt 0.57417600 0.76542400
vt 0.96612800 0.52154600
vt 0.58359700 0.79954700
vt 0.61169500 0.76691500
vt 0.66704000 0.33801000
vt 0.93575500 0.73765900
vt 0.45809900 0.35776200
vt 0.46605000 0.12288200
vt 0.25512600 0.20431600
vt 0.28504000 0.14502900
vt 0.72270100 0.37869600
vt 0.46820200 0.23433600
vt 0.13749700 0.32129600
vt 0.50468300 0.59018400
vt 0.27318100 0.81100800
vt 0.43843800 0.78639900
vt 0.65140800 0.32669000
vt 0.23493200 0.48740500
vt 0.96371100 0.46465900
vt 0.58359700 0.76874900
vt 0.25466800 0.14640300
vt 0.23339800 0.50964500
vt 0.24136400 0.26268200
vt 0.76474100 0.39748100
vt 0.64923200 0.76161700
vt 0.80583800 0.39044200
vt 0.22015500 0.84189300
vt 0.51528900 0.81653800
vt 0.71269700 0.16772700
vt 0.86964400 0.37210700
vt 0.51528900 0.76024300
vt 0.23914000 0.35411500
vt 0.65398700 0.16772700
vt 0.75640200 0.08251500
vt 0.73167300 0.28290900
vt 0.86229900 0.84910400
vt 0.43833200 0.35512300
vt 0.95772800 0.83555000
vt 0.40046000 0.07883800
vt 0.64385700 0.17372300
vt 0.80398000 0.56405900
vt 0.46121200 0.48640300
vt 0.44002000 0.69945500
vt 0.65464700 0.22649200
vt 0.93849200 0.78510000
vt 0.08553000 0.08031000
vt 0.14731200 0.99608400
vt 0.24013200 0.34959000
vt 0.83947200 0.45154400
vt 0.87828500 0.91281000
vt 0.01588400 0.20370200
vt 0.17460700 0.23231500
vt 0.46891100 0.35603700
vt 0.60549300 0.76874900
vt 0.23247400 0.36883900
vt 0.58076000 0.80641500
vt 0.44763900 0.59088200
vt 0.22804000 0.67742800
vt 0.33866900 0.14592600
vt 0.80188500 0.08039700
vt 0.74407100 0.57692700
vt 0.39757000 0.10101300
vt 0.46782700 0.07993300
vt 0.42560100 0.34477700
vt 0.17043800 0.25399800
vt 0.17454600 0.21649100
vt 0.74027600 0.33388800
vt 0.93069600 0.41932100
vt 0.19030800 0.09169900
vt 0.46595800 0.07380300
vt 0.23919900 0.35429300
vt 0.29933900 0.16658600
vt 0.83892100 0.45565700
vt 0.38799600 0.13474700
vt 0.19006500 0.02727800
vt 0.65582700 0.34224300
vt 0.36579300 0.54853600
vt 0.46963400 0.15150700
vt 0.47072100 0.43054000
vt 0.75763300 0.76341700
vt 0.81656500 0.19096400
vt 0.85348800 0.99904900
vt 0.68747300 0.37902400
vt 0.31429600 0.08641800
vt 0.96782100 0.25575400
vt 0.45125400 0.65629700
vt 0.94407100 0.09707100
vt 0.52994700 0.57226500
vt 0.23497000 0.44065200
vt 0.23583300 0.35411500
vt 0.71098300 0.39689900
vt 0.03952500 0.71160600
vt 0.23823800 0.62892200
vt 0.65757200 0.25176000
vt 0.64032500 0.71523100
vt 0.07689300 0.78715400
vt 0.43710300 0.93592400
vt 0.75640200 0.16214500
vt 0.81014700 0.28225900
vt 0.70986700 0.09900000
vt 0.86445300 0.49174400
vt 0.45128800 0.62439000
vt 0.98173800 0.29398900
vt 0.80616400 0.38170700
vt 0.40646900 0.15428200
vt 0.25953600 0.14595000
vt 0.95939600 0.46492200
vt 0.01129100 0.62207400
vt 0.69316400 0.41039300
vt 0.13925800 0.09465600
vt 0.23310500 0.46121700
vt 0.24664800 0.21372400
vt 0.07401000 0.76538500
vt 0.64891200 0.17404400
vt 0.80930300 0.56460500
vt 0.28409900 0.82074600
vt 0.69298300 0.35859900
vt 0.34770600 0.12730100
vt 0.46130600 0.34348200
vt 0.65425300 0.87826400
vt 0.61384400 0.33936700
vt 0.36064500 0.54411200
vt 0.64863500 0.93629300
vt 0.23983600 0.55256300
vt 0.79745700 0.57108900
vt 0.65022500 0.24159400
vt 0.35663900 0.75656200
vt 0.23497500 0.42023000
vt 0.37387800 0.31820100
vt 0.47285300 0.84433100
vt 0.01615000 0.30056800
vt 0.83798900 0.57290100
vt 0.73305100 0.15553700
vt 0.15608700 0.97848400
vt 0.61189200 0.82919700
vt 0.75334900 0.40625100
vt 0.86702300 0.83784500
vt 0.23462600 0.27434600
vt 0.23914500 0.43992600
vt 0.47073300 0.47302300
vt 0.53425100 0.98724500
vt 0.28273800 0.54812600
vt 0.64863500 0.88027900
vt 0.83341100 0.39934000
vt 0.23582300 0.26861000
vt 0.46963600 0.47877900
vt 0.24009400 0.43411100
vt 0.78983900 0.74605300
vt 0.23581800 0.56983700
vt 0.86362200 0.79047400
vt 0.46735200 0.14834200
vt 0.14638400 0.18859700
vt 0.00256100 0.61826700
vt 0.93169000 0.36259300
vt 0.21936600 0.27399100
vt 0.79601600 0.84380100
vt 0.95409200 0.77654500
vt 0.08415600 0.07997600
vt 0.36814800 0.14576600
vt 0.96643300 0.30264500
vt 0.18901500 0.96432700
vt 0.36059900 0.87834100
vt 0.73532500 0.38921500
vt 0.92006800 0.42329100
vt 0.33304900 0.53983100
vt 0.22785100 0.57774500
vt 0.74995400 0.81791200
vt 0.93512300 0.18613400
vt 0.68689700 0.15441700
vt 0.69878500 0.77663700
vt 0.22043700 0.91175200
vt 0.89800400 0.75590500
vt 0.46551800 0.07141800
vt 0.12005100 0.60007300
vt 0.72365400 0.40298000
vt 0.26867400 0.12733500
vt 0.95202500 0.19841500
vt 0.14635200 0.75815600
vt 0.94669400 0.51864700
vt 0.51321800 0.18710600
vt 0.46975600 0.41237700
vt 0.62547600 0.76316300
vt 0.95237800 0.30364200
vt 0.22810500 0.82383800
vt 0.17330100 0.25876900
vt 0.17784000 0.25800000
vt 0.85195300 0.75604900
vt 0.15321900 0.63297900
vt 0.97777700 0.74459800
vt 0.83623600 0.98825400
vt 0.83433800 0.42224200
vt 0.42615100 0.57964800
vt 0.25765000 0.47905400
vt 0.65404900 0.68211700
vt 0.25402500 0.62141800
vt 0.72204200 0.39191400
vt 0.88620200 0.82139300
vt 0.81351300 0.32211800
vt 0.82490600 0.02772400
vt 0.13379500 0.12530500
vt 0.63341000 0.80338400
vt 0.23653100 0.46304700
vt 0.82629600 0.94363600
vt 0.98127200 0.27681900
vt 0.40258900 0.13655200
vt 0.39069900 0.09293900
vt 0.75052700 0.57555300
vt 0.77811900 0.00405100
vt 0.46462100 0.93957800
vt 0.89360500 0.35662300
vt 0.43697900 0.43970700
vt 0.46755000 0.17720700
vt 0.66114900 0.88967500
vt 0.57360500 0.35676400
vt 0.53047400 0.74859600
vt 0.19039500 0.56155500
vt 0.91810400 0.78597300
vt 0.75176700 0.76860600
vt 0.48935000 0.59785100
vt 0.47216900 0.47445000
vt 0.36846100 0.52040200
vt 0.81672400 0.17940700
vt 0.81230900 0.20139100
vt 0.73640600 0.76611000
vt 0.13312200 0.75520900
vt 0.95318500 0.18677900
vt 0.78989500 0.16765400
vt 0.23749600 0.27090800
vt 0.59657900 0.75953800
vt 0.46966800 0.39544300
vt 0.26997800 0.63488700
vt 0.28246100 0.32013600
vt 0.23919900 0.36400900
vt 0.83451400 0.50841000
vt 0.95266600 0.64066900
vt 0.01214100 0.11594500
vt 0.24021200 0.64264800
vt 0.37354400 0.32207500
vt 0.64708800 0.80632200
vt 0.01401900 0.60731400
vt 0.21097000 0.57010900
vt 0.78209000 0.40712100
vt 0.01007600 0.87769300
vt 0.23633400 0.73876200
vt 0.83454500 0.70198200
vt 0.48185600 0.64047300
vt 0.40807500 0.38427600
vt 0.23922400 0.29571900
vt 0.63950900 0.96546100
vt 0.47023900 0.43054000
vt 0.49832000 0.96546400
vt 0.53433600 0.17757900
vt 0.60506700 0.76874900
vt 0.07310500 0.11963400
vt 0.75364600 0.40318500
vt 0.86423200 0.83479200
vt 0.46909800 0.24616800
vt 0.14859000 0.31097100
vt 0.01427800 0.08952600
vt 0.38555200 0.06031500
vt 0.78102100 0.57501400
vt 0.69256700 0.79807100
vt 0.94560700 0.99956100
vt 0.69169400 0.76343400
vt 0.81674300 0.29077900
vt 0.56891400 1.00000000
vt 0.17895100 0.30292600
vt 0.48686700 0.69038300
vt 0.41884000 0.43323800
vt 0.72353400 0.39006700
vt 0.27610900 0.13793100
vt 0.75054600 0.57999800
vt 0.24275600 0.85604800
vt 0.46895100 0.39673400
vt 0.29465200 0.70828300
vt 0.80893000 0.13462900
vt 0.65118100 0.60497200
vt 0.34451200 0.51645900
vt 0.58326600 0.74548600
vt 0.96274900 0.53550000
vt 0.66572200 0.08082000
vt 0.19431200 0.25603200
vt 0.19814200 0.06568000
vt 0.15147500 0.13484100
vt 0.64915200 0.81121200
vt 0.01006300 0.61080000
vt 0.66627400 0.47270600
vt 0.66348400 0.68498800
vt 0.80731800 0.07165400
vt 0.83943900 0.39864300
vt 0.47244800 0.26180600
vt 0.83571400 0.39248000
vt 0.84633900 0.75575000
vt 0.23231800 0.52030100
vt 0.15330400 0.64025500
vt 0.34349500 0.53418400
vt 0.09657400 0.33380300
vt 0.17853600 0.09127400
vt 0.66036400 0.32249400
vt 0.43859600 0.35392800
vt 0.23397100 0.34439100
vt 0.83567300 0.57599300
vt 0.23116600 0.53189700
vt 0.35158300 0.73307200
vt 0.80554700 0.14872900
vt 0.30830000 0.14458100
vt 0.85990300 0.78206100
vt 0.02671000 0.15261300
vt 0.86196500 0.34138500
vt 0.46892500 0.16281000
vt 0.46966000 0.25343200
vt 0.03794300 0.49651300
vt 0.60837800 0.76396300
vt 0.16803400 0.10035900
vt 0.52113300 0.98611700
vt 0.17899200 0.25252100
vt 0.17789700 0.43866100
vt 0.46615400 0.28437400
vt 0.60809100 0.82562100
vt 0.97522700 0.52110000
vt 0.20780800 0.70672600
vt 0.57454200 0.77462700
vt 0.90737300 0.82580000
vt 0.81486900 0.36554900
vt 0.23522900 0.74177900
vt 0.39659300 0.55074800
vt 0.05620400 0.77481100
vt 0.47038200 0.09997400
vt 0.63813000 0.30742500
vt 0.95476400 0.98865900
vt 0.47129100 0.91692300
vt 0.46866400 0.21199400
vt 0.11603600 0.33195400
vt 0.50285700 0.38255800
vt 0.47775000 0.69416900
vt 0.69551600 0.37822400
vt 0.07353200 0.05677800
vt 0.17807800 0.11996100
vt 0.48020900 0.17382800
vt 0.40469500 0.99192900
vt 0.93911800 0.02297700
vt 0.94276300 0.76625500
vt 0.44189700 0.56034100
vt 0.75617700 0.41046300
vt 0.79048200 0.76915600
vt 0.27740500 0.79474000
vt 0.79615700 0.39853100
vt 0.94835400 0.76137700
vt 0.93195400 0.02257800
vt 0.65392500 0.24528800
vt 0.68359600 0.81787500
vt 0.81687100 0.33407200
vt 0.49832000 0.85107800
vt 0.83724800 0.38264200
vt 0.06556200 0.51724400
vt 0.30577200 0.33930500
vt 0.67057300 0.64425000
vt 0.17835400 0.20809300
vt 0.46647100 0.13472300
vt 0.59969400 0.75886000
vt 0.08435900 0.33758500
vt 0.32457500 0.51896300
vt 0.66029600 0.64677400
vt 0.70255300 0.14673300
vt 0.45087800 0.33541000
vt 0.19514800 0.80127300
vt 0.86369000 0.80458200
vt 0.59296100 0.00579300
vt 0.46764300 0.68680800
vt 0.13450700 0.66958400
vt 0.19873000 0.52059000
vt 0.31475900 0.51778500
vt 0.07454300 0.33876400
vt 0.45622200 0.67651900
vt 0.66571700 0.77663500
vt 0.46816400 0.28400600
vt 0.47067500 0.39174100
vt 0.06005000 0.95430800
vt 0.47635900 0.48460600
vt 0.10797100 0.99080600
vt 0.71285400 0.38558200
vt 0.29288800 0.54082200
vt 0.81626800 0.25441100
vt 0.05551200 0.01420700
vt 0.57778400 0.02023000
vt 0.46554600 0.34962700
vt 0.27415800 0.61140000
vt 0.66717100 0.19043200
vt 0.64638100 0.70072100
vt 0.27071000 0.49424400
vt 0.56455200 0.55663100
vt 0.60768300 0.56453300
vt 0.77141000 0.08957600
vt 0.42139800 0.77727000
vt 0.81261000 0.57189900
vt 0.10462500 0.53161400
vt 0.39632000 0.11894500
vt 0.60799700 0.78190900
vt 0.07348300 0.13310800
vt 0.23423700 0.29600500
vt 0.55434500 0.99447600
vt 0.14081800 0.16052700
vt 0.60939500 0.77357900
vt 0.60939500 0.76263700
vt 0.58436400 0.80372500
vt 0.46961100 0.51588100
vt 0.44808500 0.66655000
vt 0.84855900 0.81791300
vt 0.88804100 0.18503800
vt 0.57471800 0.56667900
vt 0.29702200 0.34406600
vt 0.83902800 0.40570900
vt 0.35266500 0.16640200
vt 0.01210800 0.93062500
vt 0.94530500 0.51863600
vt 0.46604200 0.35903200
vt 0.48447600 0.31519000
vt 0.28923600 0.73385100
vt 0.50249400 0.00533300
vt 0.40061900 0.74885100
vt 0.24856700 0.39270200
vt 0.63581600 0.59727200
vt 0.80428100 0.32271000
vt 0.47038200 0.12006000
vt 0.62659500 0.32438800
vt 0.36568500 0.34318400
vt 0.12547500 0.51336200
vt 0.46920200 0.42751500
vt 0.32097900 0.72593400
vt 0.92444600 0.83731500
vt 0.23301400 0.27522200
vt 0.23914500 0.45256400
vt 0.24010300 0.54073000
vt 0.65241200 0.92505000
vt 0.57501900 0.81066600
vt 0.02321800 0.00017500
vt 0.81764100 0.12901600
vt 0.92030900 0.82161800
vt 0.77090700 0.37329300
vt 0.30130400 0.09751300
vt 0.77882200 0.41070900
vt 0.75857400 0.79829100
vt 0.18001200 0.23986000
vt 0.51092900 0.97741700
vt 0.92757000 0.18251900
vt 0.81133000 0.25060000
vt 0.09290000 0.75837800
vt 0.78790100 0.13356100
vt 0.84910800 0.10061800
vt 0.46966100 0.49879700
vt 0.80726000 0.73527700
vt 0.23679400 0.75057500
vt 0.23924200 0.62645000
vt 0.82803600 0.71503100
vt 0.23681300 0.64049200
vt 0.81544900 0.60558000
vt 0.23681800 0.72996400
vt 0.33232300 0.33594500
vt 0.58581000 0.16858600
vt 0.23870700 0.52611900
vt 0.83824000 0.46241700
vt 0.02180800 0.19023500
vt 0.20937900 0.52060300
vt 0.14311600 0.66306400
vt 0.93958400 0.46135200
vt 0.68106600 0.40025200
vt 0.91996800 0.17636400
vt 0.17964400 0.15010200
vt 0.23629700 0.26926400
vt 0.37763100 0.17514100
vt 0.17951500 0.07722900
vt 0.60452900 0.75902500
vt 0.44696400 0.60908800
vt 0.01807000 0.94291700
vt 0.94621800 0.50503300
vt 0.93849200 0.78174800
vt 0.68541500 0.57677700
vt 0.87203100 0.80451100
vt 0.62796000 0.76518800
vt 0.93904800 0.41554900
vt 0.55815400 0.74906600
vt 0.46203900 0.50850000
vt 0.45073200 0.67928900
vt 0.46190300 0.46349000
vt 0.42414800 0.71574200
vt 0.64313500 0.76692500
vt 0.80518800 0.39833200
vt 0.56143500 0.55915300
vt 0.79049400 0.02738200
vt 0.21619600 0.25579700
vt 0.79209800 0.78029500
vt 0.74638100 0.00717200
vt 0.33468400 0.14464400
vt 0.59429200 0.76874900
vt 0.80442400 0.08055400
vt 0.94730000 0.57003800
vt 0.65269600 0.30661100
vt 0.19432500 0.07157800
vt 0.20414400 0.95357900
vt 0.72599300 0.40343900
vt 0.47398200 0.47413700
vt 0.06873300 0.96044200
vt 0.92166300 0.82070900
vt 0.16588300 0.53707000
vt 0.84565000 0.99936800
vt 0.68323100 0.37199800
vt 0.81955300 0.43103900
vt 0.23773800 0.50157900
vt 0.04475400 0.17154000
vt 0.16314600 0.37524900
vt 0.40336000 0.48129500
vt 0.46971500 0.35753800
vt 0.31792500 0.33270500
vt 0.83433800 0.54653100
vt 0.59429200 0.75806200
vt 0.32664800 0.13651500
vt 0.63734400 0.79227600
vt 0.69285900 0.38430000
vt 0.35315200 0.10102900
vt 0.46121200 0.43336300
vt 0.89660200 0.27429400
vt 0.10928200 0.98433600
vt 0.92616500 0.46756800
vt 0.22438900 0.61361600
vt 0.89342600 0.10734200
vt 0.60175000 0.78856900
vt 0.60091800 0.78100600
vt 0.06704200 0.13096000
vt 0.56258000 0.77429100
vt 0.65656900 0.89310300
vt 0.57187000 0.00967400
vt 0.05074400 0.00393300
vt 0.24013600 0.35931400
vt 0.83525300 0.50395800
vt 0.28288700 0.09892900
vt 0.64316400 0.52260200
vt 0.66397400 0.62984600
vt 0.43554400 0.57154100
vt 0.22706400 0.70007300
vt 0.86372300 0.16912000
vt 0.91830700 0.03895700
vt 0.54107700 0.75254900
vt 0.58484700 0.35787700
vt 0.28862200 0.15901100
vt 0.95813800 0.55821800
vt 0.72475500 0.78923700
vt 0.81607300 0.22720500
vt 0.79524100 0.52730500
vt 0.59163400 0.82042000
vt 0.46695400 0.30161500
vt 0.23377000 0.48584600
vt 0.24105400 0.23773200
vt 0.18001200 0.31843300
vt 0.58597200 0.99744200
vt 0.46817200 0.33117300
vt 0.60645600 0.75902500
vt 0.23294000 0.52611900
vt 0.23745500 0.62944900
vt 0.80437400 0.59622800
vt 0.89845200 0.83537500
vt 0.65716600 0.35285600
vt 0.46626400 0.14460200
vt 0.59542500 0.75840000
vt 0.23915000 0.41718300
vt 0.37521500 0.72705500
vt 0.00781400 0.27729900
vt 0.17434000 0.30625200
vt 0.02566500 0.85577400
vt 0.55360500 0.55367600
vt 0.23488800 0.44984800
vt 0.78748700 0.37036800
vt 0.81756600 0.14103100
vt 0.82616800 0.41175200
vt 0.81561500 0.16841800
vt 0.38118400 0.51985500
vt 0.23353100 0.51809300
vt 0.24352700 0.27216600
vt 0.30918300 0.13919900
vt 0.82896500 0.77312800
vt 0.85659700 0.02131800
vt 0.46612000 0.29398700
vt 0.59903200 0.82178000
vt 0.27644600 0.94865200
vt 0.06723200 0.76682700
vt 0.78862000 0.10784200
vt 0.82724900 0.02256500
vt 0.85568900 0.75726400
vt 0.74970100 0.75649800
vt 0.23841400 0.71448500
vt 0.71894700 0.76263600
vt 0.45241500 0.51834500
vt 0.83258100 0.02600900
vt 0.66084700 0.62731000
vt 0.02759100 0.81173200
vt 0.02594500 0.95416800
vt 0.94622300 0.49123800
vt 0.36716100 0.10474500
vt 0.17014700 0.14647400
vt 0.76145300 0.38607800
vt 0.45648000 0.61196800
vt 0.22789000 0.65565100
vt 0.46943400 0.50614800
vt 0.44448800 0.67652300
vt 0.91565800 0.73782700
vt 0.69156600 0.40187300
vt 0.36305700 0.08651000
vt 0.19492500 0.09655600
vt 0.40778900 0.54489000
vt 0.46259000 0.35994800
vt 0.64521200 0.85919100
vt 0.23950900 0.56739200
vt 0.83962800 0.49520800
vt 0.61353900 0.83557000
vt 0.67778800 0.63138100
vt 0.83272200 0.39494200
vt 0.00244900 0.90502900
vt 0.94647500 0.54543100
vt 0.46612000 0.25702200
vt 0.23914500 0.42749200
vt 0.44756200 0.64179100
vt 0.83561200 0.36115900
vt 0.17972800 0.14666200
vt 0.43695500 0.34460000
vt 0.43912400 0.34460400
vt 0.60741800 0.75902500
vt 0.90358000 0.18580900
vt 0.83361900 0.81055000
vt 0.77837000 0.38017700
vt 0.22567800 0.59284700
vt 0.65903400 0.23402900
vt 0.91723000 0.80198400
vt 0.17753000 0.55226600
vt 0.43289000 0.81536600
vt 0.23834200 0.60799700
vt 0.05942200 0.32959700
vt 0.64629400 0.87042500
vt 0.43612300 0.34917400
vt 0.46855600 0.11354400
vt 0.09074800 0.51471100
vt 0.79492000 0.80574500
vt 0.02978300 0.00062700
vt 0.19175700 0.25565100
vt 0.64454000 0.23962100
vt 0.23847900 0.27657300
vt 0.47067500 0.40206000
vt 0.63276300 0.59077800
vt 0.41349300 0.46299700
vt 0.17328000 0.39354700
vt 0.41435500 0.31814400
vt 0.99785600 0.73859200
vt 0.20165600 0.56662000
vt 0.92122800 0.77387100
vt 0.31036000 0.15123300
vt 0.85955100 0.77509300
vt 0.87332200 0.77949800
vt 0.12046300 0.52145100
vt 0.40258900 0.10101300
vt 0.79252700 0.41046300
vt 0.76227700 0.78951900
vt 0.52977200 0.83151500
vt 0.83949200 0.58014500
vt 0.00000000 0.43488500
vt 0.24021200 0.42166700
vt 0.13423800 0.99917600
vt 0.08434000 0.06802100
vt 0.23977500 0.70033600
vt 0.40918500 0.27615900
vt 0.65482200 0.79808600
vt 0.66127200 0.91384500
vt 0.38910500 0.49490100
vt 0.53425300 0.73934400
vt 0.83548500 0.42224600
vt 0.47867300 0.23222000
vt 0.17990700 0.58401200
vt 0.83682300 0.55607200
vt 0.68867700 0.97875900
vt 0.73586500 0.41282500
vt 0.45807400 0.57337900
vt 0.24472300 0.12189600
vt 0.71292200 0.37136900
vt 0.43117300 0.33044000
vt 0.03032300 0.49769200
vt 0.27053400 0.35885800
vt 0.17634600 0.12750800
vt 0.46930700 0.46416900
vt 0.41969300 0.71052200
vt 0.36088700 0.53090500
vt 0.23303900 0.34908400
vt 0.23514200 0.40216700
vt 0.83518700 0.58014500
vt 0.35524500 0.32839600
vt 0.05383900 0.33091700
vt 0.65284500 0.79779200
vt 0.95828200 0.59718000
vt 0.62877900 0.84791700
vt 0.83984000 0.47829700
vt 0.03094000 0.83410300
vt 0.97497500 0.46672000
vt 0.90467000 0.77088100
vt 0.58474800 0.75720500
vt 0.40374000 0.96222400
vt 0.05217500 0.94713900
vt 0.47998000 0.49469900
vt 0.13393500 0.99767700
vt 0.17973200 0.20358000
vt 0.32710000 0.15934000
vt 0.31007000 0.15901100
vt 0.80144000 0.16772700
vt 0.85620500 0.76770800
vt 0.96472600 0.18708400
vt 0.17951200 0.13944100
vt 0.60741800 0.76874900
vt 0.45413200 0.89648600
vt 0.82013600 0.02253600
vt 0.47073300 0.67662700
vt 0.60233700 0.00565700
vt 0.24999000 0.09970700
vt 0.38478200 0.18561700
vt 0.65379600 0.80039100
vt 0.24077300 0.86892200
vt 0.73773200 0.57986800
vt 0.66290600 0.80553500
vt 0.81695200 0.31296400
vt 0.26396900 0.12662400
vt 0.72420500 0.57927700
vt 0.24021200 0.88282300
vt 0.17551900 0.78550200
vt 0.23909800 0.59562600
vt 0.60259700 0.75902500
vt 0.14308600 0.12980300
vt 0.65468100 0.19407400
vt 0.94363800 0.81772500
vt 0.21938100 0.92531500
vt 0.21993500 0.52051800
vt 0.14932800 0.65416500
vt 0.65526100 0.81550100
vt 0.71084200 0.74189800
vt 0.17753600 0.21285000
vt 0.25401000 0.85531700
vt 0.88043000 0.11105000
vt 0.71064600 0.48570900
vt 0.62043600 0.76891700
vt 0.87938000 0.18101200
vt 0.01710700 0.47892400
vt 0.69555400 0.38514100
vt 0.23870700 0.40801300
vt 0.13741600 0.17665600
vt 0.68927200 0.81558600
vt 0.81799000 0.33491400
vt 0.85034400 0.76860300
vt 0.91931100 0.18306500
vt 0.06833900 0.09624100
vt 0.69633700 0.78931200
vt 0.46194900 0.40871600
vt 0.29910300 0.72026000
vt 0.71263000 0.35870100
vt 0.76432700 0.41027900
vt 0.15220600 0.12969400
vt 0.82994500 0.11905800
vt 0.22533900 0.88951400
vt 0.36597800 0.54303100
vt 0.94368300 0.43603200
vt 0.48514600 0.91819200
vt 0.31818900 0.74522200
vt 0.91126500 0.18700200
vt 0.24778000 0.11438100
vt 0.31927900 0.11929300
vt 0.96337200 0.22279500
vt 0.64683500 0.61330700
vt 0.24309800 0.41145200
vt 0.23876200 0.89033400
vt 0.23880500 0.55556300
vt 0.89125400 0.80504100
vt 0.46213000 0.36334700
vt 0.24021200 0.31406700
vt 0.27003800 0.68581700
vt 0.76886800 0.58014500
vt 0.24805100 0.83814300
vt 0.46715700 0.59469400
vt 0.62547600 0.77174700
vt 0.59706900 0.82751300
vt 0.83953500 0.51281900
vt 0.46701000 0.16875800
vt 0.54675800 0.35375100
vt 0.68662700 0.15328500
vt 0.43371500 0.33516000
vt 0.47059400 0.13754700
vt 0.61249000 0.33752100
vt 0.20879800 0.83336400
vt 0.25634900 0.47997000
vt 0.01613500 0.37658200
vt 0.95381300 0.59253400
vt 0.91253300 0.37402900
vt 0.23334200 0.10613800
vt 0.47681400 0.89337500
vt 0.11963800 0.77899600
vt 0.65870500 0.49360400
vt 0.42498200 0.31780200
vt 0.42027400 0.54274100
vt 0.42607600 0.33719100
vt 0.79049800 0.79730500
vt 0.12051000 0.98640100
vt 0.39970000 0.06032800
vt 0.94378900 0.83511600
vt 0.69120900 0.75728600
vt 0.75523200 0.16725800
vt 0.81537200 0.28520300
vt 0.82333300 0.76913100
vt 0.41525900 0.73794800
vt 0.52036400 0.00438000
vt 0.71213200 0.40443500
vt 0.80859400 0.12394000
vt 0.32756400 0.09759100
vt 0.93841100 0.83947500
vt 0.63524300 0.96843400
vt 0.56458600 0.17365600
vt 0.31681200 0.99170300
vt 0.80612200 0.16455800
vt 0.86109100 0.76514000
vt 0.45389200 0.51469600
vt 0.20515500 0.79006400
vt 0.95280500 0.26329900
vt 0.20920500 0.81903100
vt 0.15828000 0.30015100
vt 0.17779600 0.21949900
vt 0.01175000 0.84550400
vt 0.08249900 0.76957000
vt 0.62142400 0.33303100
vt 0.95516100 0.82580000
vt 0.65694400 0.88785500
vt 0.23421700 0.28708000
vt 0.66957900 0.66871800
vt 0.12634100 0.75614300
vt 0.39009500 0.49614600
vt 0.14988100 0.36039900
vt 0.95099300 0.18320000
vt 0.93520100 0.75798700
vt 0.70540300 0.57613900
vt 0.88481900 0.02046500
vt 0.02584200 0.89949900
vt 0.51371800 0.53724900
vt 0.95290400 0.20996400
vt 0.15946700 0.76113500
vt 0.32230200 0.54332400
vt 0.22771000 0.58874200
vt 0.95830200 0.42812000
vt 0.70539500 0.40875700
vt 0.16899400 0.08021300
vt 0.75247300 0.57225100
vt 0.89894300 0.02592200
vt 0.18020400 0.27378900
vt 0.91026500 0.73801500
vt 0.26524100 0.09221700
vt 0.95733000 0.51840400
vt 0.17936500 0.08654000
vt 0.43111400 0.35392800
vt 0.38883300 0.30942100
vt 0.23994400 0.66122600
vt 0.44496200 0.35822300
vt 0.05848600 0.34566500
vt 0.75525300 0.41118300
vt 0.75682600 0.16772700
vt 0.76324900 0.77312400
vt 0.13084900 0.77014200
vt 0.07784100 0.33389800
vt 0.23851400 0.62645000
vt 0.17880300 0.07226600
vt 0.74946200 0.40317000
vt 0.26781800 0.11273800
vt 0.33063200 0.82067300
vt 0.23584400 0.30032600
vt 0.40040900 0.20031500
vt 0.16407000 0.48150900
vt 0.40428000 0.37503500
vt 0.83576900 0.48608200
vt 0.43965000 0.34460400
vt 0.46640900 0.08385100
vt 0.03507700 0.96448000
vt 0.94629800 0.47753100
vt 0.00765800 0.22098800
vt 0.17427700 0.25003200
vt 0.23823800 0.56904100
vt 0.86093800 0.79210400
vt 0.30028700 0.13643400
vt 0.34922100 0.75987700
vt 0.46669900 0.36334700
vt 0.52973800 0.82562400
vt 0.48194600 0.31077500
vt 0.20914900 0.92038300
vt 0.90647800 0.98249500
vt 0.62877900 0.96865500
vt 0.65590500 0.79581500
vt 0.38283500 0.73022400
vt 0.79620700 0.25893400
vt 0.46613800 0.31505400
vt 0.57871700 0.81707000
vt 0.64521200 0.95734300
vt 0.23927300 0.30493700
vt 0.01081000 0.29200100
vt 0.83780600 0.56464300
vt 0.00000000 0.25412700
vt 0.83744000 0.52742600
vt 0.97490800 0.43960600
vt 0.81486900 0.38800800
vt 0.73768900 0.39016600
vt 0.92012500 0.46447600
vt 0.42560100 0.35269200
vt 0.78837600 0.81342200
vt 0.39441400 0.55575800
vt 0.83498500 0.46145600
vt 0.87527900 0.37689500
vt 0.91188600 0.37210700
vt 0.71655100 0.16137300
vt 0.95802400 0.41776900
vt 0.17351000 0.09309400
vt 0.44454300 0.61516200
vt 0.83477400 0.38321300
vt 0.64839400 0.94189500
vt 0.65648900 0.76521200
vt 0.74774800 0.82357700
vt 0.17654200 0.24380000
vt 0.25872100 0.63050900
vt 0.47597000 0.86047300
vt 0.77490400 0.38544400
vt 0.06434800 0.73965500
vt 0.83227400 0.41046300
vt 0.89035200 0.76780300
vt 0.02303100 0.94777400
vt 0.94487700 0.49820900
vt 0.41104000 0.22282200
vt 0.23893100 0.57416100
vt 0.23985200 0.74796700
vt 0.87540700 0.40319700
vt 0.86253600 0.40981800
vt 0.60356300 0.76874900
vt 0.17513600 0.24558000
vt 0.44466500 0.80670200
vt 0.38084100 0.52161800
vt 0.83720700 0.41239600
vt 0.48357600 0.87826800
vt 0.59285000 0.78963400
vt 0.00722800 0.00348600
vt 0.15478600 0.53578100
vt 0.65009700 0.07807800
vt 0.12178800 0.07939900
vt 0.82602400 0.18161500
vt 0.60982200 0.16464500
vt 0.89347400 0.02489100
vt 0.70293400 0.83818100
vt 0.84024200 0.45174400
vt 0.37191600 0.14684300
vt 0.86238000 0.98649000
vt 0.80473500 0.20818900
vt 0.87331200 0.75736000
vt 0.78371700 0.38804700
vt 0.81776800 0.15736500
vt 0.46810200 0.19712800
vt 0.10163100 0.33636400
vt 0.54524000 0.82419800
vt 0.00000000 0.00342000
vt 0.96203400 0.75317400
vt 0.39483700 0.03355000
vt 0.80866800 0.57251500
vt 0.14411600 0.76817900
vt 0.41398600 0.39304200
vt 0.17377500 0.46350200
vt 0.61669600 0.98611500
vt 0.64328500 0.22894600
vt 0.23945600 0.27034900
vt 0.60066200 0.76396300
vt 0.07070800 0.34558200
vt 0.17552800 0.28802700
vt 0.51972100 0.73508900
vt 0.23565200 0.17737500
vt 0.97261900 0.92225800
vt 0.49131500 0.69976000
vt 0.41753600 0.44356300
vt 0.35117500 0.74007000
vt 0.46770700 0.34423200
vt 0.04228300 0.17681400
vt 0.74639600 0.01680200
vt 0.40990300 0.04390200
vt 0.18205700 0.03835400
vt 0.65570600 0.32855500
vt 0.23233400 0.40150600
vt 0.84054100 0.57482600
vt 0.53528300 0.82964300
vt 0.79179400 0.59154000
vt 0.50094000 0.19947600
vt 0.83612700 0.46113700
vt 0.02064100 0.15231900
vt 0.94487700 0.60436600
vt 0.88160200 0.99902500
vt 0.24355800 0.65511200
vt 0.63432000 0.73149600
vt 0.65986300 0.41794800
vt 0.69381800 0.39609300
vt 0.34174500 0.16011200
vt 0.17909400 0.18953300
vt 0.98081000 0.75634700
vt 0.65507700 0.12865300
vt 0.94487700 0.75612900
vt 0.23946200 0.57416100
vt 0.42691600 0.35392800
vt 0.17570100 0.33368000
vt 0.97119000 0.25884000
vt 0.46631800 0.11612800
vt 0.66559200 0.45044300
vt 0.16163600 0.78855100
vt 0.73955600 0.08957500
vt 0.24555500 0.13010900
vt 0.33431500 0.51746600
vt 0.59325400 0.74316800
vt 0.23719000 0.27846700
vt 0.67819100 0.71115600
vt 0.00517500 0.22030400
vt 0.83823600 0.49336400
vt 0.69640900 0.07724100
vt 0.22519900 0.25608900
vt 0.84067100 0.49135700
vt 0.90232100 0.17284800
vt 0.46567600 0.20845400
vt 0.43008300 0.69201900
vt 0.13909200 0.11039900
vt 0.62647000 0.57527200
vt 0.58606500 0.55523800
vt 0.22155100 0.14604900
vt 0.00000000 0.64466400
vt 0.92917700 0.38899400
vt 0.83574200 0.54655400
vt 0.81216400 0.96347200
vt 0.93419800 0.76137900
vt 0.88786000 0.02122400
vt 0.20501200 0.09030500
vt 0.02608300 0.68673200
vt 0.21452900 0.06655300
vt 0.41075300 0.25457700
vt 0.23469800 0.49403400
vt 0.82761000 0.92885700
vt 0.83591400 0.50858800
vt 0.93798100 0.03418100
vt 0.57839700 0.76522900
vt 0.22523600 0.86409000
vt 0.78820500 0.41435500
vt 0.74719400 0.40386600
vt 0.86447100 0.78468900
vt 0.92569300 0.38195300
vt 0.83186900 0.83227600
vt 0.75880900 0.36642400
vt 0.83719200 0.35390500
vt 0.06277000 0.98357900
vt 0.23525800 0.29110900
vt 0.55015400 0.99183600
vt 0.63338800 0.76518600
vt 0.15133100 0.14856000
vt 0.36192300 0.72845300
vt 0.59542500 0.76874900
vt 0.59773300 0.75960800
vt 0.14178600 0.35384100
vt 0.38200000 0.50270400
vt 0.41435500 0.25251200
vt 0.23931600 0.72358500
vt 0.41857300 0.55643800
vt 0.22782600 0.72279400
vt 0.16235000 0.96559000
vt 0.50409300 0.38393600
vt 0.30789700 0.33326200
vt 0.23712400 0.70592300
vt 0.08488500 0.65494300
vt 0.98099000 0.49163400
vt 0.94487700 0.49141600
vt 0.20708000 0.25234200
vt 0.24487800 0.45148700
vt 0.65759600 0.65186300
vt 0.82730200 0.89595900
vt 0.59871400 0.76874900
vt 0.42473300 0.35392800
vt 0.83659000 0.47815500
vt 0.45939900 0.31775000
vt 0.39629400 0.08970600
vt 0.41128900 0.15901100
vt 0.03016200 0.56216200
vt 0.65193900 0.75853900
vt 0.80616400 0.38662300
vt 0.56343100 0.74638800
vt 0.36361200 0.51094900
vt 0.80426400 0.31505700
vt 0.00648000 0.28286500
vt 0.83765400 0.55576100
vt 0.47040700 0.22805500
vt 0.60228600 0.18673200
vt 0.61802700 0.19778100
vt 0.24015800 0.39283900
vt 0.47070200 0.24639900
vt 0.74666900 0.37134100
vt 0.80818900 0.03715300
vt 0.13447600 0.10204200
vt 0.64821100 0.03508700
vt 0.80629700 0.42552000
vt 0.91670800 0.75072200
vt 0.88632900 0.18133900
vt 0.96472200 0.52728600
vt 0.17941700 0.22501100
vt 0.30299500 0.16239000
vt 0.87538300 0.99776500
vt 0.68826300 0.41046300
vt 0.95262500 0.79495700
vt 0.46971500 0.36726700
vt 0.24343500 0.25717400
vt 0.94985900 0.83846500
vt 0.17975500 0.11931400
vt 0.17394600 0.43801500
vt 0.43111400 0.34936300
vt 0.02649200 0.67706000
vt 0.19739600 0.93938900
vt 0.47477700 0.29472700
vt 0.83716000 0.36306300
vt 0.62505000 0.20123600
vt 0.17861300 0.31895600
vt 0.72726400 0.38269100
vt 0.80076400 0.81055200
vt 0.03578800 0.00052500
vt 0.96911100 0.74621100
vt 0.26980600 0.30936400
vt 0.83523700 0.49247600
vt 0.22590500 0.27389800
vt 0.91017300 0.17320700
vt 0.30876500 0.56394600
vt 0.46916600 0.20810600
vt 0.55209200 0.35815800
vt 0.51168700 0.73785700
vt 0.62557800 0.75674000
vt 0.50699300 0.19143600
vt 0.48357600 0.93827400
vt 0.07762100 0.96768700
vt 0.71885200 0.76857300
vt 0.86545100 0.03126900
vt 0.66843700 0.94606000
vt 0.23653100 0.52611900
vt 0.65505000 0.77058700
vt 0.45807700 0.65762000
vt 0.06444800 0.34110600
vt 0.30466400 0.51544400
vt 0.63684700 0.72639400
vt 0.41331700 0.23722000
vt 0.24021200 0.73647000
vt 0.23488800 0.71087500
vt 0.42292000 0.56839900
vt 0.46181300 0.47494000
vt 0.43233900 0.70785800
vt 0.02870700 0.01417600
vt 0.86852800 0.20316100
vt 0.23865000 0.29114600
vt 0.65009700 0.25402300
vt 0.13427900 0.11347600
vt 0.63043700 0.81653800
vt 0.23428700 0.91732900
vt 0.12271900 0.11342700
vt 0.41132000 0.97640200
vt 0.92907400 0.98551200
vt 0.50560700 0.01185800
vt 0.97884600 0.73795700
vt 0.94290200 0.73774100
vt 0.42041600 0.34890300
vt 0.65350000 0.78110800
vt 0.39870900 0.20180300
vt 0.70902800 0.31684900
vt 0.81250600 0.20872000
vt 0.23741000 0.45333400
vt 0.09160800 0.16052700
vt 0.83554300 0.43197000
vt 0.48269600 0.22338700
vt 0.80589800 0.23612200
vt 0.96709300 0.17662700
vt 0.81749100 0.76859700
vt 0.41883700 0.42283100
vt 0.48363400 0.68050800
vt 0.46858600 0.13198100
vt 0.23919900 0.37397800
vt 0.07191500 0.51282300
vt 0.23339700 0.42382200
vt 0.26905500 0.18152400
vt 0.43529000 0.34917200
vt 0.05410500 0.50651500
vt 0.46865900 0.14856500
vt 0.17716300 0.41630300
vt 0.67170200 0.30851000
vt 0.38579500 0.53584900
vt 0.17920400 0.11476400
vt 0.43195100 0.35392800
vt 0.23642700 0.70115500
vt 0.30309400 0.33262000
vt 0.97884600 0.75587300
vt 0.67628300 0.36625600
vt 0.55110200 0.78088000
vt 0.83672300 0.99957000
vt 0.23369900 0.52596500
vt 0.23823500 0.62892200
vt 0.24669300 0.28135400
vt 0.23595500 0.50470400
vt 0.68403000 0.97007000
vt 0.37224700 0.15546600
vt 0.86159900 0.99516000
vt 0.23846400 0.42935700
vt 0.11561800 0.16577100
vt 0.87233400 0.82580000
vt 0.38926700 0.14532500
vt 0.76184100 0.37916400
vt 0.76584000 0.39088400
vt 0.72940500 0.78951400
vt 0.85554200 0.13118500
vt 0.27157200 0.12375100
vt 0.23799800 0.51015500
vt 0.03664400 0.17671800
vt 0.46134800 0.44094500
vt 0.40588500 0.72918700
vt 0.48742300 0.88597800
vt 0.83672500 0.65031300
vt 0.65818500 0.81067000
vt 0.94473200 0.40407400
vt 0.65898500 0.34450800
vt 0.84545400 0.98919100
vt 0.24263900 0.13216400
vt 0.22859800 0.53284900
vt 0.46269600 0.64054800
vt 0.90980000 0.83424500
vt 0.48268300 0.16921500
vt 0.65960000 0.66241000
vt 0.44017300 0.68630100
vt 0.46887000 0.49605000
vt 0.94086000 0.47266000
vt 0.50943600 0.17095800
vt 0.23473900 0.31244000
vt 0.57140800 0.99470700
vt 0.66676600 0.34469600
vt 0.83880900 0.66791900
vt 0.94441700 0.42178800
vt 0.00527000 0.61435800
vt 0.65193900 0.81653800
vt 0.93439200 0.35867900
vt 0.70539500 0.39714500
vt 0.46909800 0.19777300
vt 0.31744400 0.55853900
vt 0.53879700 0.82178100
vt 0.46653900 0.35469900
vt 0.31553800 0.09200400
vt 0.96584400 0.25006000
vt 0.23509500 0.43130200
vt 0.23583300 0.34439100
vt 0.42134400 0.34420400
vt 0.65418800 0.77778900
vt 0.94848100 0.59307100
vt 0.91429900 0.36761100
vt 0.92679200 0.37143100
vt 0.70539500 0.41046300
vt 0.15147200 0.09467000
vt 0.42147600 0.97999100
vt 0.46941100 0.15988900
vt 0.35561700 0.54822400
vt 0.74672400 0.39003000
vt 0.27246100 0.09918600
vt 0.17082600 0.22433500
vt 0.17722800 0.29240400
vt 0.72723900 0.37644500
vt 0.23845800 0.50577400
vt 0.04080900 0.17443200
vt 0.46198200 0.41974100
vt 0.30849300 0.72661900
vt 0.52059400 0.57216700
vt 0.03786300 0.82558200
vt 0.58572800 0.55339900
vt 0.04563300 0.50616000
vt 0.20352500 0.80019500
vt 0.07774500 0.33650800
vt 0.46909800 0.17290400
vt 0.80585200 0.04396700
vt 0.70112900 0.60136000
vt 0.84037100 0.48224200
vt 0.41043800 0.08970500
vt 0.65535800 0.78765000
vt 0.68565300 0.71818400
vt 0.71693500 0.16428600
vt 0.81301800 0.28793500
vt 0.40444500 0.76798100
vt 0.92714900 0.17209100
vt 0.80099600 0.25179800
vt 0.33906700 0.33173200
vt 0.83502200 0.56611800
vt 0.15380200 0.71122600
vt 0.91188600 0.44391700
vt 0.73423500 0.41046300
vt 0.63230500 0.77339800
vt 0.73889600 0.41046300
vt 0.01598900 0.29461000
vt 0.17459100 0.32308400
vt 0.00000000 0.87773000
vt 0.94590600 0.56964600
vt 0.64778300 0.81212700
vt 0.70482000 0.39116400
vt 0.39970000 0.08089900
vt 0.76390700 0.57827900
vt 0.00520700 0.27823000
vt 0.83818000 0.55120200
vt 0.13220200 0.76366400
vt 0.90829400 0.80528700
vt 0.81754100 0.11045300
vt 0.55164300 0.78996300
vt 0.97048300 0.75632100
vt 0.90912300 0.78932800
vt 0.63003100 0.76547500
vt 0.47376000 0.28119800
vt 0.83617800 0.37505600
vt 0.43617000 0.58499400
vt 0.23556200 0.68952200
vt 0.75191500 0.75968700
vt 0.81184500 0.18966400
vt 0.80925400 0.12927000
vt 0.90322700 0.82139100
vt 0.57867000 0.77372700
vt 0.47361900 0.44097200
vt 0.09890200 0.97311800
vt 0.02943000 0.36112200
vt 0.26964500 0.49542900
vt 0.28128600 0.58653200
vt 0.23798000 0.90411500
vt 0.12276400 0.10218800
vt 0.69386300 0.36389600
vt 0.34562700 0.12010200
vt 0.42560100 0.35392800
vt 0.17496900 0.20764400
vt 0.43612300 0.35392800
vt 0.46807500 0.14421400
vt 0.23835700 0.67543700
vt 0.78780500 0.74974700
vt 0.46555900 0.34184800
vt 0.59657900 0.76874900
vt 0.27159400 0.62141000
vt 0.81077700 0.41579700
vt 0.01092200 0.38511300
vt 0.25113600 0.47143900
vt 0.17958000 0.10546800
vt 0.17366400 0.42365000
vt 0.31462600 0.14614500
vt 0.96403400 0.19822200
vt 0.35514300 0.13789200
vt 0.79341800 0.39827000
vt 0.15381100 0.12877100
vt 0.21874900 0.87683300
vt 0.48966200 0.86622800
vt 0.83801800 0.39929700
vt 0.41948000 0.84926900
vt 0.64837200 0.51293800
vt 0.09812900 0.78155000
vt 0.45911600 0.63472600
vt 0.06461200 0.96897600
vt 0.65993100 0.33149400
vt 0.66885700 0.28964300
vt 0.74087300 0.01823700
vt 0.07353000 0.07982400
vt 0.17662000 0.14719200
vt 0.58218200 0.17329400
vt 0.30065800 0.98414000
vt 0.85476300 0.83218800
vt 0.76131200 0.39021900
vt 0.47360300 0.25155500
vt 0.83548500 0.40240600
vt 0.81202500 0.42627200
vt 0.51633100 0.97528900
vt 0.47024200 0.49417300
vt 0.05606600 0.08927300
vt 0.77490400 0.37999000
vt 0.82745300 0.40573700
vt 0.26537400 0.57427900
vt 0.81786500 0.29631300
vt 0.02810700 0.58107400
vt 0.64567200 0.77646800
vt 0.75012600 0.39843100
vt 0.27008400 0.10844200
vt 0.74561700 0.00399700
vt 0.18534900 0.08362800
vt 0.81356200 0.31402200
vt 0.66598700 0.67432100
vt 0.66397300 0.48342000
vt 0.12044800 0.97743100
vt 0.65967400 0.29785500
vt 0.87334900 0.02459200
vt 0.92714900 0.18330800
vt 0.24668300 0.90580000
vt 0.56395800 0.76433600
vt 0.59143900 0.78758000
vt 0.00009700 0.89142400
vt 0.94669600 0.55812800
vt 0.74805800 0.37840400
vt 0.25805100 0.09108500
vt 0.57427800 0.76283700
vt 0.96367000 0.51981700
vt 0.78778200 0.08256300
vt 0.74016900 0.49756800
vt 0.73333400 0.82427900
vt 0.17671600 0.23104400
vt 0.46555900 0.30153200
vt 0.52958800 0.35171000
vt 0.28835200 0.09166600
vt 0.80114400 0.02750600
vt 0.44189600 0.58101400
vt 0.22779500 0.68869500
vt 0.95315500 0.24966900
vt 0.83710900 0.18241100
vt 0.33704400 0.09101600
vt 0.80647600 0.13285600
vt 0.88260500 0.83512000
vt 0.85772900 0.35228200
vt 0.91935600 0.36216200
vt 0.15199300 0.18985900
vt 0.17763200 0.32944000
vt 0.26357900 0.48677300
vt 0.65082400 0.69134400
vt 0.70531100 0.99015900
vt 0.83663400 0.53683400
vt 0.17963300 0.23253800
vt 0.23388500 0.40155400
vt 0.29358800 0.16577100
vt 0.37032500 0.10492200
vt 0.96517800 0.33955200
vt 0.95121500 0.17386000
vt 0.05293400 0.35218300
vt 0.42775700 0.34917100
vt 0.17548400 0.26882500
vt 0.46727900 0.22567900
vt 0.68581600 0.84736700
vt 0.82028500 0.86726500
vt 0.17681000 0.32927400
vt 0.44967700 0.58505300
vt 0.58757900 0.81182600
vt 0.61354000 0.78123200
vt 0.33491400 0.93809200
vt 0.85295900 0.50989500
vt 0.51555900 0.17397600
vt 0.36551500 1.00000000
vt 0.18603700 0.09588900
vt 0.94722700 0.40839900
vt 0.10710500 0.99925100
vt 0.08382600 0.04654500
vt 0.46236500 0.69601400
vt 0.58276700 0.00607300
vt 0.41680800 0.45353800
vt 0.17659500 0.40300600
vt 0.19482500 0.07180500
vt 0.63446400 0.75760000
vt 0.15173100 0.14099200
vt 0.23719200 0.42483600
vt 0.83186900 0.90475400
vt 0.17039300 0.14099900
vt 0.66326700 0.78931100
vt 0.30303800 0.77471100
vt 0.71124900 0.36501200
vt 0.15174000 0.12157600
vt 0.38732300 0.12228000
vt 0.62894700 0.76547300
vt 0.59429200 0.76093100
vt 0.24016900 0.41347500
vt 0.57653400 0.35333400
vt 0.00000000 0.24398800
vt 0.83744200 0.51730100
vt 0.48271800 0.62514000
vt 0.13839800 0.12781900
vt 0.62699100 0.80253100
vt 0.01845900 0.67269100
vt 0.20259000 0.07446000
vt 0.21503800 0.81604900
vt 0.59585700 0.75283400
vt 0.63432200 0.38176900
vt 0.80718900 0.08906900
vt 0.55158100 0.77447300
vt 0.32174600 0.13213900
vt 0.24177800 0.65317900
vt 0.88418100 0.99756100
vt 0.46966000 0.36028100
vt 0.01376300 0.39241400
vt 0.60452900 0.76396000
vt 0.17636300 0.21649100
vt 0.92345200 0.99871300
vt 0.72290200 0.80339700
vt 0.72952500 0.05793700
vt 0.70839600 0.29433600
vt 0.06548200 0.54715800
vt 0.08893500 0.66094500
vt 0.93773100 0.49133400
vt 0.20915000 0.09517400
vt 0.49616100 0.58934400
vt 0.47467200 0.48511700
vt 0.61583700 0.36865700
vt 0.57360200 0.75649800
vt 0.13371300 0.13803600
vt 0.63489700 0.78971400
vt 0.14120200 0.14218600
vt 0.61271700 0.79167700
vt 0.60162900 0.75902500
vt 0.17497400 0.29272800
vt 0.49941300 0.19777200
vt 0.83851800 0.46223000
vt 0.48088500 0.92868400
vt 0.95466500 0.78603100
vt 0.65694400 0.92867900
vt 0.03672500 0.32135900
vt 0.65278600 0.78094200
vt 0.16050400 0.99290200
vt 0.08468100 0.09271200
vt 0.85497500 0.99556800
vt 0.92862400 0.73766600
vt 0.10841800 0.77023500
vt 0.86622200 0.51027800
vt 0.85111400 0.18087700
vt 0.15908000 0.76261800
vt 0.73883100 0.19554300
vt 0.81334800 0.34340700
vt 0.47065000 0.36256800
vt 0.83503600 0.55112500
vt 0.92884000 0.47266000
vt 0.78371700 0.36540500
vt 0.73621500 0.37814100
vt 0.22706400 0.60852300
vt 0.05552000 0.00379000
vt 0.57642900 0.00974900
vt 0.71859800 0.99588000
vt 0.83659000 0.52232500
vt 0.56503900 0.76984000
vt 0.46679900 0.20836400
vt 0.51038000 0.33898200
vt 0.33087200 0.72962700
vt 0.14307900 0.31247200
vt 0.17871300 0.13961600
vt 0.04560600 0.97294400
vt 0.94533900 0.46459400
vt 0.83825300 0.83845900
vt 0.97206900 0.59490100
vt 0.71921300 0.82755300
vt 0.17697400 0.21971400
vt 0.46604700 0.08901900
vt 0.28071100 0.17678000
vt 0.66484400 0.80306900
vt 0.01750500 0.81244800
vt 0.78961600 0.03993400
vt 0.26350700 0.36592000
vt 0.02329600 0.49063100
vt 0.65203500 0.79795300
vt 0.65861500 0.91882300
vt 0.77127200 0.99602400
vt 0.83720100 0.47052600
vt 0.01141700 0.47402300
vt 0.25162800 0.38252900
vt 0.46232000 0.36334700
vt 0.59129500 0.35169900
vt 0.23893100 0.57055400
vt 0.97519400 0.55396000
vt 0.80726200 0.39771000
vt 0.23259000 0.29674400
vt 0.65488100 0.90353500
vt 0.69666000 0.15055200
vt 0.44407400 0.33547400
vt 0.83034200 0.77682300
vt 0.92948300 0.81773000
vt 0.83905500 0.18555000
vt 0.36406800 0.14498500
vt 0.79267000 0.38718100
vt 0.74900900 0.40948700
vt 0.72409400 0.40971400
vt 0.26658900 0.12013600
vt 0.55243200 0.35998800
vt 0.20220700 0.92890700
vt 0.23547700 0.57018800
vt 0.34498000 0.54436800
vt 0.79383700 0.83859500
vt 0.17640800 0.29236600
vt 0.26120700 0.66473200
vt 0.24021200 0.33594500
vt 0.23233700 0.47089600
vt 0.74869700 0.58020000
vt 0.76861400 0.58124800
vt 0.23242800 0.49099700
vt 0.47065000 0.35284400
vt 0.83495200 0.54175600
vt 0.36513500 0.34469400
vt 0.51028900 0.58913600
vt 0.56508000 0.56657500
vt 0.30613400 0.34087400
vt 0.82922000 0.90972500
vt 0.83634400 0.49021500
vt 0.43912400 0.34933100
vt 0.46719300 0.08024600
vt 0.84049600 0.46223000
vt 0.71567000 0.83191200
vt 0.62549100 0.37461500
vt 0.58484400 0.75538600
vt 0.37635200 0.54495300
vt 0.81261800 0.21790800
vt 0.18020400 0.42320800
vt 0.42041600 0.43333500
vt 0.87947000 0.75647900
vt 0.13974400 0.60808300
vt 0.98576200 0.73811100
vt 0.36243300 0.74092800
vt 0.70656900 0.39933600
vt 0.17114400 0.09336000
vt 0.23724000 0.33719500
vt 0.75763300 0.79730300
vt 0.32357700 0.52996900
vt 0.34055700 0.08646700
vt 0.80405700 0.13818600
vt 0.84913500 0.02162600
vt 0.83529000 0.76867400
vt 0.02329800 0.00374300
vt 0.28155700 0.32223100
vt 0.23722800 0.67698000
vt 0.39541000 0.13495300
vt 0.08945500 0.53604100
vt 0.74712600 0.57622400
vt 0.39650100 0.09763200
vt 0.78507000 0.00365700
vt 0.43027500 0.34460400
vt 0.17528600 0.23660100
vt 0.86482800 0.81260000
vt 0.36420500 0.51243500
vt 0.12398900 0.34411100
vt 0.79672100 0.17445500
vt 0.65583800 0.81135300
vt 0.61353900 0.98100300
vt 0.87910100 0.83047300
vt 0.47262600 0.83391100
vt 0.65710100 0.81653800
vt 0.48543200 0.89151600
vt 0.02381300 0.85534800
vt 0.26709100 0.86015600
vt 0.00590300 0.83709500
vt 0.79066300 0.01544000
vt 0.87209600 0.82005600
vt 0.38645400 0.13823900
vt 0.02983500 0.71158600
vt 0.05552000 0.12952100
vt 0.21452900 0.09169900
vt 0.57417600 0.77431600
vt 0.83227400 0.36555000
vt 0.15680300 0.76926100
vt 0.73271900 0.99915500
vt 0.83666200 0.50761700
vt 0.71365700 0.39214800
vt 0.39119300 0.52303500
vt 0.81721600 0.41214500
vt 0.79922000 0.10790000
vt 0.34562700 0.11933100
vt 0.95456100 0.99649800
vt 0.69661600 0.36333200
vt 0.23270100 0.31244000
vt 0.46966000 0.36488400
vt 0.27596200 0.68261100
vt 0.60606700 0.36399400
vt 0.56280900 0.75639200
vt 0.17464200 0.77699000
vt 0.95336200 0.82201500
vt 0.59871400 0.75885700
vt 0.42405200 0.34588900
vt 0.36097900 0.32921700
vt 0.23778400 0.75450300
vt 0.23991300 0.63023500
vt 0.96919100 0.26683200
vt 0.29745400 0.12180900
vt 0.66742300 0.67341300
vt 0.17838900 0.17994000
vt 0.00840600 0.89050600
vt 0.38864200 0.54092700
vt 0.22839200 0.75450300
vt 0.65804900 0.29195100
vt 0.74125000 0.00714400
vt 0.41903100 0.57225400
vt 0.83445100 0.43256900
vt 0.70795600 0.21007600
vt 0.72470600 0.37784000
vt 0.87304100 0.83730600
vt 0.75979600 0.41040600
vt 0.39595200 0.48800900
vt 0.52561400 0.73500300
vt 0.87267900 0.79686100
vt 0.38927800 0.11467300
vt 0.62904900 0.75761200
vt 0.46691600 0.17813800
vt 0.53738600 0.35173100
vt 0.73108800 0.80325800
vt 0.66838600 0.87066300
vt 0.46726700 0.19758900
vt 0.96617100 0.46291800
vt 0.07977900 0.33996100
vt 0.18831000 0.78957600
vt 0.49573900 0.20126600
vt 0.83774400 0.45759400
vt 0.42859700 0.34460400
vt 0.17493000 0.27343400
vt 0.60066200 0.75902500
vt 0.17549300 0.32674000
vt 0.53275100 0.54774300
vt 0.02333100 0.87764600
vt 0.17496700 0.18239500
vt 0.43445700 0.34460400
vt 0.03011300 0.62559100
vt 0.68271600 0.40797700
vt 0.86969800 0.99906000
vt 0.75923400 0.78028800
vt 0.76149200 0.41085400
vt 0.40647200 0.71917700
vt 0.38631200 0.07882500
vt 0.76329900 0.57517100
vt 0.02870700 0.00402300
vt 0.18983800 0.25216200
vt 0.31766900 0.13287100
vt 0.96372800 0.21016400
vt 0.23914200 0.61243600
vt 0.42943700 0.34460400
vt 0.41128900 0.11409900
vt 0.98173800 0.25350600
vt 0.06477500 0.53422400
vt 0.40258900 0.15901100
vt 0.76131200 0.36092100
vt 0.64722300 0.27925800
vt 0.23847900 0.31244000
vt 0.47070200 0.07038400
vt 0.78717700 0.38018000
vt 0.15070400 0.52309800
vt 0.36753900 0.15901100
vt 0.96467900 0.29075100
vt 0.55758200 0.75392600
vt 0.95170600 0.18662500
vt 0.73501400 0.81054300
vt 0.13456600 0.35195400
vt 0.80296900 0.24371900
vt 0.95883400 0.17397100
vt 0.88316900 0.80173400
vt 0.09850600 0.74017400
vt 0.50515300 0.09158400
vt 0.41383900 0.08087900
vt 0.91639100 0.35493200
vt 0.95422200 0.76273300
vt 0.23879500 0.31226900
vt 0.65009700 0.27673600
vt 0.81260000 0.35676400
vt 0.89361000 0.99271900
vt 0.69499300 0.40390900
vt 0.07972300 0.76155800
vt 0.78867400 0.12107500
vt 0.03633800 0.94564900
vt 0.43695500 0.34460400
vt 0.46799600 0.11788300
vt 0.96458400 0.27695700
vt 0.10454700 0.33850700
vt 0.34476300 0.51804000
vt 0.46877300 0.48552800
vt 0.43442800 0.69527900
vt 0.47014700 0.51906000
vt 0.49767200 0.95414000
vt 0.94406900 0.46848500
vt 0.77326100 0.01826200
vt 0.75061500 0.56120300
vt 0.51528900 0.78959300
vt 0.87466800 0.45552400
vt 0.87528000 0.44997000
vt 0.51528900 0.80195400
vt 0.86303500 0.45946700
vt 0.46188200 0.49755000
vt 0.44569400 0.68954600
vt 0.25727000 0.37370900
vt 0.01705900 0.48284100
vt 0.53485500 0.82484000
vt 0.41273800 0.76856900
vt 0.65078200 0.29932300
vt 0.61801600 0.73425500
vt 0.24010300 0.54073000
vt 0.23731300 0.51423300
vt 0.79334500 0.98538400
vt 0.81925200 0.72686800
vt 0.23890000 0.63834300
vt 0.61985200 0.73042100
vt 0.30511500 0.51390800
vt 0.78907000 0.42382000
vt 0.00115200 0.26419900
vt 0.83747300 0.53741900
vt 0.18018600 0.14365700
vt 0.43753600 0.34087000
vt 0.16643400 0.46571200
vt 0.60645600 0.76397000
vt 0.23574800 0.68130700
vt 0.83753600 0.64327100
vt 0.24753200 0.13654100
vt 0.51528900 0.76177600
vt 0.66982600 0.15051200
vt 0.41876200 0.33581700
vt 0.71795700 0.16772400
vt 0.66028600 0.78006200
vt 0.81648800 0.28949900
vt 0.14272900 0.12442900
vt 0.47875600 0.64696200
vt 0.19549700 0.14604500
vt 0.47216900 0.63880800
vt 0.47418400 0.42997500
vt 0.96148400 0.99665100
vt 0.22543600 0.25216900
vt 0.59234300 0.76625300
vt 0.24602300 0.13867200
vt 0.23005000 0.52622300
vt 0.26293200 0.60812400
vt 0.38907300 0.03847000
vt 0.80279500 0.57202300
vt 0.84922100 0.35590300
vt 0.47921300 0.89646900
vt 0.12403600 0.52060300
vt 0.79089600 0.40712300
vt 0.77263800 0.58442300
vt 0.84033600 0.55594500
vt 0.47032200 0.44487600
vt 0.86425900 1.00000000
vt 0.25075300 0.67204400
vt 0.38702800 0.30806300
vt 0.23440600 0.43555700
vt 0.23490200 0.34908400
vt 0.64523000 0.28937500
vt 0.47059400 0.08053700
vt 0.36429300 0.13952600
vt 0.47053800 0.23739800
vt 0.61044600 0.19183000
vt 0.51897600 0.97951600
vt 0.54387000 0.74293200
vt 0.38109700 0.50139200
vt 0.03816600 0.54893700
vt 0.40607600 0.14441800
vt 0.90217900 0.06970200
vt 0.08058500 0.64113400
vt 0.99432400 0.49200600
vt 0.39125100 0.55005500
vt 0.61650000 0.54231900
vt 0.05943100 0.80068300
vt 0.49423200 0.20642400
vt 0.83587500 0.45211800
vt 0.75528000 0.58257000
vt 0.84009400 0.53849600
vt 0.08413200 0.05673900
vt 0.12060900 1.00000000
vt 0.40291900 0.73605200
vt 0.97503400 0.44847300
vt 0.81596600 0.39771100
vt 0.17544800 0.97702400
vt 0.92860400 0.76626000
vt 0.89518800 0.02184900
vt 0.22816300 0.84460600
vt 0.73498100 0.58460100
vt 0.84012400 0.51778000
vt 0.43627200 0.69014800
vt 0.11962900 0.76807600
vt 0.36233500 0.97084700
vt 0.28679500 0.50609500
vt 0.23914000 0.35411500
vt 0.42318100 0.35336900
vt 0.78477200 0.37833900
vt 0.81776800 0.14902700
vt 0.82087600 0.36946100
vt 0.12432300 0.75450300
vt 0.59707700 0.55268600
vt 0.63530100 0.58242500
vt 0.47073400 0.25407300
vt 0.83659000 0.39910200
vt 0.02862400 0.00373000
vt 0.86760500 0.19263100
vt 0.96901100 0.75294400
vt 0.81295400 0.52423700
vt 0.82123600 0.81340700
vt 0.47023900 0.42934500
vt 0.24706900 0.84911600
vt 0.39254300 0.30627100
vt 0.23923200 0.66580500
vt 0.14117500 0.11813800
vt 0.05851600 0.33225000
vt 0.65350000 0.80244800
vt 0.33792400 0.09861900
vt 0.23683400 0.69143200
vt 0.29410200 0.32928400
vt 0.23914000 0.40053700
vt 0.14521900 0.18297800
vt 0.17779900 0.33731000
vt 0.14161400 0.77938600
vt 0.07755300 0.16422600
vt 0.46719600 0.30762100
vt 0.66857400 0.68349200
vt 0.17847000 0.16981100
vt 0.77604800 0.39774800
vt 0.81757600 0.06333300
vt 0.48714200 0.94501000
vt 0.62687000 0.76251100
vt 0.59836900 0.56921900
vt 0.82680000 0.56905800
vt 0.66063200 0.16772700
vt 0.76008000 0.57066000
vt 0.64069700 0.39067600
vt 0.20698900 0.83425500
vt 0.48304300 0.90828300
vt 0.45073400 0.36773400
vt 0.49085100 0.51432800
vt 0.03828200 0.92958800
vt 0.00131600 0.44531700
vt 0.24152900 0.41123400
vt 0.12735000 0.99154500
vt 0.91561400 0.81761000
vt 0.81761000 0.12408100
vt 0.99218100 0.73832600
vt 0.64730900 0.39906000
vt 0.20178800 0.82490100
vt 0.41725700 0.40302300
vt 0.17704600 0.45352100
vt 0.83624200 0.68847400
vt 0.94417300 0.44165500
vt 0.51713300 0.73921600
vt 0.73037200 0.77312000
vt 0.81592000 0.21011800
vt 0.64827400 0.02516900
vt 0.80482300 0.41556000
vt 0.49993400 0.00677300
vt 0.39917200 0.75105700
vt 0.23923900 0.28695700
vt 0.63298800 0.97291500
vt 0.89355300 0.51002200
vt 0.78914500 0.08041700
vt 0.49261700 0.85919500
vt 0.83716400 0.39180700
vt 0.90052700 0.97747400
vt 0.48339300 0.02564300
vt 0.85039900 0.76265500
vt 0.83472500 0.02238900
vt 0.91089500 0.88461500
vt 0.47899300 0.11873100
vt 0.65772800 0.19146100
vt 0.87528000 0.44863500
vt 0.87544500 0.44318900
vt 0.23294900 0.36998700
vt 0.85651000 0.18677900
vt 0.27191300 0.71221100
vt 0.58083300 0.80765500
vt 0.34715300 0.99874000
vt 0.53352600 0.17404400
vt 0.05514400 0.16052700
vt 0.57564100 0.16657700
vt 0.93811800 0.40524300
vt 0.92433500 0.76802600
vt 0.20809200 0.56779500
vt 0.78371700 0.41046300
vt 0.81781200 0.07753700
vt 0.56258000 0.75687400
vt 0.41163100 0.71742800
vt 0.46887000 0.45351300
vt 0.17096900 0.27319300
vt 0.17737700 0.24411900
vt 0.48935500 0.60189500
vt 0.44024400 0.60230800
vt 0.83449100 0.39576200
vt 0.42775700 0.35392800
vt 0.17505300 0.30168300
vt 0.36213100 0.73392500
vt 0.23909600 0.60381300
vt 0.42943700 0.35392800
vt 0.23021900 0.55545900
vt 0.20501200 0.05559800
vt 0.00518800 0.65927200
vt 0.93439200 0.40359300
vt 0.15174000 0.12468700
vt 0.23758400 0.65774000
vt 0.26601200 0.30990400
vt 0.02718600 0.16052700
vt 0.86082600 0.34924800
vt 0.91850400 0.35923200
vt 0.16895900 0.27771700
vt 0.17804400 0.23997100
vt 0.20512800 0.26131900
vt 0.21962800 0.26123300
vt 0.23314100 0.31244000
vt 0.65130600 0.88658800
vt 0.94376800 0.42647800
vt 0.48457100 0.90829000
vt 0.07771800 0.78890000
vt 0.63406600 0.52945400
vt 0.08412600 0.13311900
vt 0.80877000 0.11773800
vt 0.32290200 0.10270700
vt 0.86486300 0.02455300
vt 0.65830800 0.24209200
vt 0.94311500 0.02696400
vt 0.75710500 0.75726600
vt 0.81538100 0.18544600
vt 0.51747700 0.72975500
vt 0.40204100 0.48041800
vt 0.82495200 0.78029200
vt 0.86454200 0.02113100
vt 0.18597600 0.52044300
vt 0.12091500 0.67395300
vt 0.96820400 0.99663900
vt 0.85933300 0.51012600
vt 0.46191900 0.37464300
vt 0.27578200 0.69568400
vt 0.22276400 0.94204400
vt 0.12289000 0.13808500
vt 0.59485200 0.34772000
vt 0.59658100 0.76657600
vt 0.47067500 0.41237700
vt 0.72723700 0.39618400
vt 0.65454300 0.62536300
vt 0.52321300 0.54310300
vt 0.02402400 0.88836700
vt 0.65861500 0.78900300
vt 0.81676700 0.29643500
vt 0.39885400 0.78974900
vt 0.95404100 0.79039200
vt 0.80646200 0.85350000
vt 0.42041600 0.50886600
vt 0.96124800 0.98989800
vt 0.72635700 0.78028400
vt 0.81604700 0.21827500
vt 0.18020400 0.10296200
vt 0.04891200 0.15244100
vt 0.69460900 0.72935200
vt 0.65532800 0.80024700
vt 0.03080900 0.79677900
vt 0.20568200 0.07468700
vt 0.62043600 0.77339800
vt 0.57275000 0.75933800
vt 0.85741200 0.49173800
vt 0.70806500 0.09207700
vt 0.37191600 0.11850500
vt 0.96455500 0.32842200
vt 0.60030700 0.74935000
vt 0.03697500 0.36239600
vt 0.60259700 0.76396100
vt 0.17566500 0.24991200
vt 0.83924300 0.43546400
vt 0.10828200 0.34530300
vt 0.59969400 0.76396500
vt 0.17598000 0.32328600
vt 0.21128800 0.90954700
vt 0.57350000 0.35862300
vt 0.83740300 0.37394800
vt 0.50484100 0.84362300
vt 0.76026400 0.41430700
vt 0.87721200 0.83850400
vt 0.07843200 0.96593800
vt 0.47256700 0.46294600
vt 0.40298400 0.37596100
vt 0.48410000 0.63095000
vt 0.47188300 0.44068900
vt 0.47467300 0.62814200
vt 0.80305400 0.34471000
vt 0.73669900 0.76866900
vt 0.81577200 0.20362800
vt 0.93473800 0.35658300
vt 0.43151100 0.97581300
vt 0.23294900 0.38387500
vt 0.23942300 0.38854000
vt 0.47067200 0.65566100
vt 0.85618600 0.76914500
vt 0.25318500 0.92421900
vt 0.49993200 0.16931300
vt 0.74273600 1.00000000
vt 0.83673100 0.49755900
vt 0.47073300 0.27678500
vt 0.83674400 0.37809600
vt 0.07384600 0.97578400
vt 0.41171400 0.10101300
vt 0.89946000 0.35365200
vt 0.45940500 0.35392800
vt 0.96297100 0.55434900
vt 0.56564700 0.99398200
vt 0.23584400 0.30667200
vt 0.75311000 0.75406500
vt 0.17753600 0.17505900
vt 0.57534800 0.55673700
vt 0.53209000 0.54940100
vt 0.92173300 0.44884200
vt 0.21995700 0.63234100
vt 0.94672900 0.46428800
vt 0.82283600 0.75726400
vt 0.50887600 0.00660300
vt 0.23950900 0.57416100
vt 0.58650100 0.35322400
vt 0.63950900 0.85107400
vt 0.65629300 0.67259500
vt 0.25255900 0.47073900
vt 0.65441400 0.20142400
vt 0.94081200 0.81095400
vt 0.11575500 0.51698800
vt 0.35596400 0.33955800
vt 0.95815000 0.54529900
vt 0.69169400 0.79507900
vt 0.25420300 0.59669400
vt 0.81845200 0.31828600
vt 0.91571900 0.99721600
vt 0.71668200 0.81787700
vt 0.86470600 0.79692200
vt 0.31667500 0.12655800
vt 0.48921400 0.93629700
vt 0.94373000 0.45285600
vt 0.16284500 0.28597500
vt 0.17414100 0.18610800
vt 0.09604000 0.98629400
vt 0.87080100 0.35169400
vt 0.23231800 0.45629900
vt 0.73444000 0.58226000
vt 0.21552900 0.93763100
vt 0.84755000 0.02510400
vt 0.23825900 0.64091300
vt 0.25416700 0.29467000
vt 0.64179800 0.52135100
vt 0.08799700 0.78462100
vt 0.18521600 0.26114700
vt 0.90532900 0.75101700
vt 0.38551200 0.31346400
vt 0.23935600 0.65605800
vt 0.55303500 0.76869300
vt 0.32515300 0.13861800
vt 0.30172500 0.90740300
vt 0.17330400 0.39901000
vt 0.27337900 0.13179700
vt 0.23603500 0.72983400
vt 0.83781300 0.69239300
vt 0.13171200 0.98424300
vt 0.17925900 0.09584800
vt 0.43111400 0.34460400
vt 0.74824700 0.16724500
vt 0.68587500 0.76263300
vt 0.29155100 0.14577700
vt 0.95792900 0.57000000
vt 0.54489600 0.56989900
vt 0.23914500 0.48087600
vt 0.42318100 0.34412800
vt 0.32631900 0.33754900
vt 0.79471100 0.41472500
vt 0.63389200 0.02483400
vt 0.57997900 0.74813100
vt 0.65475700 0.20885800
vt 0.93925200 0.80361000
vt 0.39374800 0.15057800
vt 0.76190100 0.37274900
vt 0.23741300 0.48278600
vt 0.06278000 0.16390600
vt 0.46121200 0.34984800
vt 0.60761300 0.34370300
vt 0.50383600 0.58163300
vt 0.47829400 0.49544700
vt 0.23310300 0.47134600
vt 0.24338500 0.22330400
vt 0.46442400 0.36334700
vt 0.46629600 0.10745900
vt 0.24010500 0.47199000
vt 0.65756100 0.78546900
vt 0.72475500 0.79506000
vt 0.34218400 0.75129900
vt 0.93138600 0.18677900
vt 0.60066200 0.76874900
vt 0.17530400 0.31882100
vt 0.60162900 0.76874900
vt 0.17492700 0.28314500
vt 0.57806400 0.99346900
vt 0.17693100 0.18678700
vt 0.55133100 0.17405600
vt 0.17861200 0.23954100
vt 0.28407700 0.08655200
vt 0.75012600 0.37267400
vt 0.80494500 0.03422900
vt 0.46259000 0.34917300
vt 0.65069300 0.87154000
vt 0.65508800 0.27864800
vt 0.46709300 0.09456900
vt 0.73381400 0.82717800
vt 0.23547700 0.63248900
vt 0.29037000 0.57355900
vt 0.22842300 0.90896600
vt 0.80746600 0.14093600
vt 0.75181300 0.76265500
vt 0.81543900 0.19242600
vt 0.10948900 0.51254300
vt 0.46872200 0.09443800
vt 0.46971500 0.37723400
vt 0.46803900 0.29357700
vt 0.47067500 0.38201700
vt 0.73797400 0.20241000
vt 0.63230500 0.75761200
vt 0.73520000 0.39620100
vt 0.91557200 0.42858100
vt 0.98141900 0.26705000
vt 0.40368900 0.12684900
vt 0.20892100 0.10843400
vt 0.46706400 0.24574900
vt 0.48391200 0.30964000
vt 0.20581100 0.96373800
vt 0.08434900 0.14683700
vt 0.51200100 0.01019700
vt 0.98339600 0.99630600
vt 0.94943900 0.82241900
vt 0.65423400 0.18763400
vt 0.39279100 0.52512600
vt 0.81461400 0.41072600
vt 0.38982100 0.04146900
vt 0.80004800 0.57513900
vt 0.49106300 0.70555600
vt 0.59655700 0.55089300
vt 0.04418000 0.81630200
vt 0.46208400 0.51906000
vt 0.45474600 0.66857400
vt 0.95422200 0.80357700
vt 0.63637800 0.31514500
vt 0.51715100 0.58098400
vt 0.01739000 0.07791000
vt 0.29124700 0.12608600
vt 0.06134700 0.51387700
vt 0.44650800 0.62531100
vt 0.83510200 0.37426200
vt 0.61583500 0.74460700
vt 0.64880800 0.39798700
vt 0.72232100 0.74777200
vt 0.17752000 0.20331000
vt 0.91087600 0.07645700
vt 0.92409100 0.46268300
vt 0.22231600 0.61850100
vt 0.13293600 0.34838000
vt 0.37315100 0.50816600
vt 0.46900600 0.27016300
vt 0.02459000 0.48297900
vt 0.43445700 0.34917100
vt 0.93709700 0.99556700
vt 0.46627500 0.33481400
vt 0.55911200 0.81707000
vt 0.81009700 0.26740100
vt 0.00315900 0.40457000
vt 0.24337200 0.45198200
vt 0.74402300 0.57306100
vt 0.78570000 0.00691100
vt 0.65336300 0.40852100
vt 0.19539400 0.81567400
vt 0.94979100 0.59701900
vt 0.56455400 0.55663100
vt 0.52232000 0.54473800
vt 0.62548900 0.73865000
vt 0.65496200 0.40761100
vt 0.66531100 0.18419100
vt 0.64199600 0.72378600
vt 0.66348500 0.42827800
vt 0.65419900 0.23771000
vt 0.94034700 0.77245400
vt 0.94408000 0.02257800
vt 0.89254600 0.75617200
vt 0.12709200 0.60140800
vt 0.22472500 0.85251200
vt 0.55110200 0.76503100
vt 0.91164800 0.47266000
vt 0.71269500 0.05933700
vt 0.85492400 0.49135700
vt 0.55110200 0.81653800
vt 0.66159300 0.05933700
vt 0.15523600 0.10987400
vt 0.70974500 0.37657500
vt 0.69599000 0.80554500
vt 0.93766600 0.99903500
vt 0.23398500 0.83624400
vt 0.95362100 0.31660600
vt 0.94089400 0.88927000
vt 0.05610800 0.11535900
vt 0.82467300 0.37830300
vt 0.46606300 0.15894800
vt 0.39079300 0.72234300
vt 0.25645000 0.13928300
vt 0.16716700 0.09464000
vt 0.70902800 0.39600300
vt 0.97927800 0.75081200
vt 0.94334200 0.75059500
vt 0.23253800 0.50489000
vt 0.78258600 0.58479200
vt 0.49091300 0.16414600
vt 0.59260100 0.99236400
vt 0.00628600 0.91834200
vt 0.94636900 0.53215400
vt 0.95448200 0.82118300
vt 0.62509200 0.32954200
vt 0.28745700 0.58465800
vt 0.46941100 0.23764800
vt 0.70284300 0.32679100
vt 0.29417100 0.12500100
vt 0.86139000 0.80479200
vt 0.23875700 0.73647800
vt 0.72580100 0.75185100
vt 0.47024600 0.20756800
vt 0.58344000 0.17908100
vt 0.38460500 0.14593600
vt 0.87318700 0.98469800
vt 0.46555900 0.36334700
vt 0.23915000 0.39653700
vt 0.46963500 0.25012800
vt 0.28024600 0.59608800
vt 0.46922300 0.22456200
vt 0.29612000 0.57432100
vt 0.45453200 0.59583900
vt 0.43830800 0.33037800
vt 0.46259000 0.36257200
vt 0.33596400 0.33751700
vt 0.42318100 0.35392800
vt 0.08474200 0.10596800
vt 0.17303100 0.98755700
vt 0.97527000 0.56052500
vt 0.81004600 0.40573600
vt 0.73621500 0.37063400
vt 0.93001700 0.83846900
vt 0.65572600 0.77905100
vt 0.10671100 0.67270500
vt 0.91763300 0.49150000
vt 0.81020300 0.10211200
vt 0.47026900 0.11011300
vt 0.63271100 0.31615200
vt 0.04467400 0.93881600
vt 0.48479600 0.50486900
vt 0.23837300 0.70473200
vt 0.75968900 0.75644300
vt 0.20380000 0.80882800
vt 0.32630700 0.72662500
vt 0.18405700 0.77309800
vt 0.95271900 0.23613200
vt 0.24021200 0.64264400
vt 0.89309700 0.99772800
vt 0.49770000 0.02572400
vt 0.08404300 0.77599400
vt 0.15560700 0.37514700
vt 0.23963900 0.60787300
vt 0.42859700 0.34917600
vt 0.65193900 0.78521600
vt 0.66091700 0.93335100
vt 0.48360800 0.68772300
vt 0.23564900 0.69627600
vt 0.84067100 0.65791800
vt 0.20647400 0.05892000
vt 0.62043600 0.75928000
vt 0.19432500 0.08759500
vt 0.63446400 0.77339800
vt 0.15174000 0.15678900
vt 0.74244800 0.25195900
vt 0.92779900 0.11270100
vt 0.82968000 0.80326200
vt 0.05621500 0.51397900
vt 0.29642500 0.34257000
vt 0.74453000 0.34618400
vt 0.30245000 0.55393600
vt 0.22771000 0.61139000
vt 0.28608100 0.50737600
vt 0.04586600 0.34917400
vt 0.76806200 0.41083700
vt 0.78980700 0.78154200
vt 0.17915100 0.17954200
vt 0.35147300 0.16236800
vt 0.64708900 0.60753400
vt 0.31783600 0.76803300
vt 0.81950800 0.72264300
vt 0.46969000 0.51429500
vt 0.94473200 0.47266000
vt 0.10627200 0.75678700
vt 0.25635900 0.29905300
vt 0.23741400 0.64460900
vt 0.47390600 0.64244800
vt 0.23844300 0.29347700
vt 0.64823100 0.25927500
vt 0.04024200 0.79680000
vt 0.96477300 0.45674200
vt 0.96131200 0.88991700
vt 0.43283300 0.40920400
vt 0.17541100 0.71771000
vt 0.46809100 0.09940900
vt 0.47067400 0.37229200
vt 0.83968600 0.55095100
vt 0.55978400 0.82310700
vt 0.47730700 0.68579500
vt 0.46798600 0.12719500
vt 0.24015800 0.37876300
vt 0.46817900 0.08969300
vt 0.47067400 0.38201700
vt 0.62616700 0.97359800
vt 0.51266700 0.57447700
vt 0.48319400 0.50578800
vt 0.25859300 0.37459700
vt 0.62067300 0.58331300
vt 0.41118200 0.27168400
vt 0.23913800 0.70523700
vt 0.17978300 0.18429900
vt 0.34667900 0.16172300
vt 0.69643200 0.39151200
vt 0.18018600 0.07220500
vt 0.23989400 0.62633200
vt 0.16589700 0.39128300
vt 0.60356300 0.76396900
vt 0.59336000 0.01077500
vt 0.09237600 0.73307700
vt 0.18063800 0.95380700
vt 0.52166000 0.37107000
vt 0.24005200 0.49509400
vt 0.55817200 0.56495500
vt 0.31510500 0.51622200
vt 0.61109400 0.73582200
vt 0.90130700 0.99642100
vt 0.37903500 0.75649800
vt 0.48214000 0.00667300
vt 0.60783300 0.17274900
vt 0.27868900 0.96765500
vt 0.22344000 0.09656200
vt 0.46966000 0.42625700
vt 0.52953500 0.17910900
vt 0.38856400 0.18508100
vt 0.23586000 0.28335400
vt 0.27059400 0.66759200
vt 0.81262100 0.22776800
vt 0.23542200 0.41416900
vt 0.23914500 0.46518300
vt 0.24010300 0.49509400
vt 0.50086200 0.85637500
vt 0.65693600 0.77886800
vt 0.89988600 0.49145500
vt 0.71029700 0.13573800
vt 0.15223100 0.36531000
vt 0.43868600 0.35964600
vt 0.96075700 0.84018500
vt 0.69293800 0.73106300
vt 0.23730200 0.30069800
vt 0.35057300 0.12371800
vt 0.90425000 0.77363200
vt 0.16564500 0.73667100
vt 0.12171400 0.51244900
vt 0.88723100 0.77363100
vt 0.07063800 0.73787700
vt 0.95467800 0.77607000
vt 0.65425300 0.93827000
vt 0.47053800 0.16027900
vt 0.53498600 0.17979000
vt 0.79953000 0.09439500
vt 0.34401500 0.13289700
vt 0.00736300 0.00003000
vt 0.56041700 0.80263000
vt 0.67020000 0.95631200
vt 0.65216300 0.76712400
vt 0.83737300 0.57992600
vt 0.48697300 0.70813400
vt 0.69507800 0.57886900
vt 0.24603700 0.91419600
vt 0.80662700 0.10980200
vt 0.32136000 0.11049900
vt 0.26497600 0.63100700
vt 0.30867400 0.76849400
vt 0.65041200 0.19389100
vt 0.67071600 0.76852900
vt 0.73203300 0.16761300
vt 0.38543200 0.18146200
vt 0.23643900 0.27901000
vt 0.16319600 0.96733200
vt 0.59546400 0.16326100
vt 0.48732600 0.62172300
vt 0.39705500 0.36824200
vt 0.60389600 0.57372300
vt 0.27152900 0.36011400
vt 0.05882000 0.95590000
vt 0.02134000 0.87765300
vt 0.61988700 0.33133700
vt 0.47046300 0.12903000
vt 0.44280800 0.57297000
vt 0.51972100 0.76503100
vt 0.41858600 0.33070700
vt 0.23273800 0.51793000
vt 0.79590000 0.59085800
vt 0.80893000 0.09438900
vt 0.52079400 0.74374300
vt 0.56281100 0.35687000
vt 0.87570200 0.20825300
vt 0.64309500 0.80811000
vt 0.70458500 0.38523000
vt 0.31495100 0.07877200
vt 0.96436700 0.26297900
vt 0.61881600 0.17247200
vt 0.27001800 0.95805300
vt 0.39991100 0.99028500
vt 0.48834300 0.71382700
vt 0.52079700 0.36951700
vt 0.23780100 0.63639600
vt 0.25102200 0.29048800
vt 0.36826000 0.99703200
vt 0.37072700 0.51906000
vt 0.81533800 0.17676600
vt 0.13184400 0.32121500
vt 0.17853500 0.12774100
vt 0.65340900 0.78543800
vt 0.04129900 0.32373300
vt 0.64492400 0.87110400
vt 0.83320500 0.39125200
vt 0.93189000 0.88234900
vt 0.80502300 0.40476100
vt 0.62796000 0.75760900
vt 0.63862500 0.77220500
vt 0.59706900 0.98906100
vt 0.17693100 0.20355600
vt 0.23525600 0.28120400
vt 0.24009400 0.44673500
vt 0.38555200 0.12999800
vt 0.87221900 0.81258000
vt 0.62904900 0.77339800
vt 0.29028500 0.54079600
vt 0.81485300 0.25660200
vt 0.24372500 0.87308300
vt 0.93410500 0.18259500
vt 0.23989400 0.57669200
vt 0.42607600 0.34917400
vt 0.17636300 0.33748700
vt 0.12609200 0.35161100
vt 0.90052700 0.83081800
vt 0.65247700 0.35011600
vt 0.45987400 0.80937400
vt 0.95340900 0.19801800
vt 0.75694200 0.78154000
vt 0.81685300 0.20809000
vt 0.05184500 0.96489700
vt 0.84693600 0.03374500
vt 0.75376000 0.01494500
vt 0.66528600 0.28645200
vt 0.46892500 0.07546200
vt 0.42473300 0.34918200
vt 0.17554100 0.21199500
vt 0.12726300 0.50594300
vt 0.90251400 0.81558200
vt 0.19690900 0.70921200
vt 0.43965000 0.35392800
vt 0.46651000 0.07753000
vt 0.24013200 0.35931400
vt 0.83966000 0.45876500
vt 0.50538900 0.72230800
vt 0.68826100 0.82357700
vt 0.81694500 0.34136900
vt 0.46874100 0.19232200
vt 0.09689400 0.33659300
vt 0.02870700 0.00009900
vt 0.57947400 0.81653800
vt 0.86520200 0.18883300
vt 0.02904500 0.91030300
vt 0.50503600 0.53021000
vt 0.18020400 0.43372600
vt 0.42041600 0.42281800
vt 0.82480800 0.87638400
vt 0.23828300 0.40114900
vt 0.17696600 0.33748700
vt 0.65948600 0.79806000
vt 0.81691500 0.30474800
vt 0.84338000 0.18229000
vt 0.59538300 0.36222700
vt 0.21613300 0.88756900
vt 0.66040600 0.61895700
vt 0.63529900 0.53084000
vt 0.38787400 0.08616800
vt 0.75651400 0.57565900
vt 0.89901100 0.50975500
vt 0.46551800 0.31788400
vt 0.21440300 0.89871600
vt 0.58455500 0.35971400
vt 0.88729500 0.51021400
vt 0.20733300 0.91951100
vt 0.56292400 0.35864800
vt 0.22976300 0.17649000
vt 0.72447700 0.16772700
vt 0.66435600 0.77293100
vt 0.23713500 0.31188700
vt 0.23934000 0.75450300
vt 0.70401200 0.74041500
vt 0.29780900 0.10642500
vt 0.02600100 0.36785800
vt 0.80600500 0.21847200
vt 0.75281600 0.00358700
vt 0.19114700 0.08832100
vt 0.65433800 0.29059300
vt 0.53784700 0.56375700
vt 0.59708000 0.56057700
vt 0.55330900 0.55552100
vt 0.43529000 0.35392800
vt 0.46861400 0.26612700
vt 0.02579400 0.31142000
vt 0.65350000 0.77036500
vt 0.87422400 0.80504700
vt 0.72150500 0.37153200
vt 0.95682800 0.49124200
vt 0.26658900 0.11934600
vt 0.79637700 0.27584500
vt 0.20939800 0.95768500
vt 0.08553000 0.15350300
vt 0.24016700 0.40315700
vt 0.83643400 0.46971800
vt 0.50833700 0.19329100
vt 0.23290400 0.38387500
vt 0.51633100 0.84128900
vt 0.24010300 0.51322700
vt 0.11500600 0.32955800
vt 0.17838300 0.11020200
vt 0.48921400 0.88028300
vt 0.65760900 0.80473100
vt 0.79716900 0.39207100
vt 0.94922800 0.81449300
vt 0.46928500 0.36334700
vt 0.60549300 0.75902500
vt 0.17565700 0.22083100
vt 0.65919100 0.33726600
vt 0.33841900 0.75919900
vt 0.65009700 0.22333300
vt 0.26231400 0.07892000
vt 0.95789400 0.53180200
vt 0.04437200 0.80189900
vt 0.83496600 0.52283300
vt 0.24197000 0.64257900
vt 0.61756000 0.74093800
vt 0.88113700 0.07250900
vt 0.71017900 0.52424400
vt 0.81756500 0.30611300
vt 0.69086600 0.78154900
vt 0.43779500 0.50657500
vt 0.41252200 0.39365000
vt 0.48055100 0.65079500
vt 0.66742300 0.66293700
vt 0.66040500 0.49430900
vt 0.94392300 0.41667800
vt 0.48514600 0.89838800
vt 0.23584400 0.28631200
vt 0.77340800 0.75203600
vt 0.02812200 0.94350400
vt 0.85326800 0.82357700
vt 0.62400400 0.76649100
vt 0.88076200 0.18475600
vt 0.00331500 0.27368000
vt 0.83754100 0.54676500
vt 0.00621100 0.40217200
vt 0.92832300 0.18612000
vt 0.75466200 0.82357700
vt 0.81499900 0.24809200
vt 0.76952800 0.41412900
vt 0.66567600 0.94719200
vt 0.65201800 0.77400800
vt 0.17133700 0.79404700
vt 0.66417800 0.43925000
vt 0.21102500 0.84418600
vt 0.63312400 0.38317700
vt 0.88273500 0.02485300
vt 0.70868600 0.57185900
vt 0.82239200 0.18482000
vt 0.60478100 0.16818300
vt 0.78545000 0.52075100
vt 0.23914000 0.53182500
vt 0.63338800 0.75760900
vt 0.89407300 0.78147100
vt 0.46561300 0.27955000
vt 0.55138300 0.35676400
vt 0.06832700 0.11579000
vt 0.46724900 0.11344400
vt 0.16631300 0.22072900
vt 0.83752500 0.43231100
vt 0.47921300 0.89768700
vt 0.50130700 0.58671300
vt 0.78926200 0.13381300
vt 0.46771000 0.27025300
vt 0.11470600 0.16843100
vt 0.95311200 0.29068500
vt 0.22215700 0.81154200
vt 0.92572900 0.42072900
vt 0.22395300 0.66045400
vt 0.62722800 0.79706100
vt 0.45522600 0.50512100
vt 0.22647500 0.52042700
vt 0.15199000 0.64740900
vt 0.27370900 0.11591700
vt 0.01879200 0.81312100
vt 0.46121200 0.38603900
vt 0.28214300 0.70515800
vt 0.07144600 0.08122600
vt 0.17424200 0.14723900
vt 0.43695500 0.35392800
vt 0.46803200 0.10870900
vt 0.21695800 0.25229500
vt 0.46858600 0.25012800
vt 0.15233300 0.30778000
vt 0.17798500 0.21290500
vt 0.02892200 0.31503700
vt 0.65285100 0.77336300
vt 0.25735800 0.15901100
vt 0.95797700 0.45194600
vt 0.16892700 0.21979100
vt 0.17784000 0.29719400
vt 0.82429400 0.79829500
vt 0.91872700 0.18653600
vt 0.28540300 0.32521100
vt 0.23649700 0.68171600
vt 0.16337600 0.29191000
vt 0.17763900 0.22683300
vt 0.28820900 0.10478700
vt 0.48126800 0.92344900
vt 0.00105400 0.41438100
vt 0.24126700 0.44217100
vt 0.18190200 0.95538900
vt 0.18252100 0.07685600
vt 0.65478600 0.29586300
vt 0.74023100 0.00359200
vt 0.14834100 0.18660100
vt 0.17829500 0.33323900
vt 0.91054900 0.75083500
vt 0.43079100 0.71446600
vt 0.41114900 0.23780900
vt 0.23463600 0.50891700
vt 0.42134400 0.34890100
vt 0.80414600 0.41046300
vt 0.70359500 0.35688000
vt 0.62687000 0.76519000
vt 0.43753600 0.35311600
vt 0.85409000 0.81341600
vt 0.03008400 0.70555600
vt 0.21338200 0.08577600
vt 0.39980000 0.15368900
vt 0.07049900 0.53581700
vt 0.97517800 0.46338400
vt 0.82357300 0.41046300
vt 0.16309200 0.74278100
vt 0.90737300 0.76780100
vt 0.27743800 0.56975000
vt 0.44411100 0.44056100
vt 0.06472500 0.77744600
vt 0.37677200 0.08107300
vt 0.86535100 0.92036400
vt 0.23176600 0.86396400
vt 0.43527800 0.07117800
vt 0.09087300 0.61060700
vt 0.65864100 0.18067800
vt 0.65833300 0.67801300
vt 0.04089300 0.95833000
vt 0.07724100 0.16142800
vt 0.23793100 0.46795700
vt 0.75062100 0.41138200
vt 0.79049800 0.76341800
vt 0.43859600 0.34420400
vt 0.23397100 0.35411500
vt 0.23563300 0.40655400
vt 0.23531200 0.61142100
vt 0.30621400 0.55975800
vt 0.90975700 0.35676400
vt 0.45434100 0.95432500
vt 0.31180200 0.54751300
vt 0.22706400 0.59992700
vt 0.42729600 0.56371200
vt 0.22768800 0.71148300
vt 0.95563500 0.80334700
vt 0.65828200 0.91122300
vt 0.18483600 0.98086000
vt 0.08466800 0.11950300
vt 0.37446700 0.53298100
vt 0.81236300 0.48571600
vt 0.27240600 0.79533900
vt 0.81497400 0.57922300
vt 0.35544200 0.54275700
vt 0.80200300 0.13314500
vt 0.34182500 0.09205100
vt 0.00317200 0.22482200
vt 0.83756300 0.49798800
vt 0.66627500 0.64056000
vt 0.64981200 0.51396300
vt 0.00567100 0.42969100
vt 0.46865500 0.32667800
vt 0.60549400 0.76396000
vt 0.46348900 0.35832500
vt 0.46567600 0.10258600
vt 0.26755600 0.18691900
vt 0.89296500 0.49714500
vt 0.16123100 0.13937300
vt 0.76205600 0.39747700
vt 0.81349000 0.30476500
vt 0.61568000 0.77339800
vt 0.59062600 0.80430900
vt 0.73268300 0.16416500
vt 0.25952100 0.65339400
vt 0.30735500 0.53578500
vt 0.23724000 0.35411500
vt 0.75562900 0.81466200
vt 0.81676700 0.23941500
vt 0.31238300 0.54116000
vt 0.66558900 0.46172600
vt 0.15132500 0.78435800
vt 0.23312600 0.40150600
vt 0.68295000 0.61774300
vt 0.17886300 0.23199600
vt 0.60939500 0.79559300
vt 0.07342800 0.14684500
vt 0.23312700 0.48105600
vt 0.24128400 0.23280200
vt 0.01201000 0.90986400
vt 0.16766100 0.21515000
vt 0.17729000 0.30197800
vt 0.17298900 0.23381600
vt 0.17720300 0.28269600
vt 0.74305700 0.56500700
vt 0.78553300 0.01498300
vt 0.02975100 0.59018200
vt 0.80001400 0.50104000
vt 0.63892700 0.11090400
vt 0.23962700 0.56712400
vt 0.67813000 0.70597600
vt 0.65505000 0.77429200
vt 0.96141500 0.64670600
vt 0.37191600 0.13182100
vt 0.96454500 0.31674100
vt 0.60807200 0.83151300
vt 0.83893400 0.50122600
vt 0.46804600 0.20712200
vt 0.11136100 0.33410800
vt 0.23684000 0.66203300
vt 0.26913500 0.31352700
vt 0.23143600 0.54748100
vt 0.23319000 0.49063300
vt 0.24021200 0.24247600
vt 0.08296700 0.51812500
vt 0.31586500 0.33696200
vt 0.07565600 0.51958600
vt 0.42775700 0.34460400
vt 0.17516000 0.31030300
vt 0.09799800 0.53973300
vt 0.19220900 0.09169900
vt 0.65362600 0.28826900
vt 0.19575800 0.95257900
vt 0.03046000 0.56879300
vt 0.64882400 0.76437200
vt 0.17625700 0.96851300
vt 0.82917200 0.17483700
vt 0.01489400 0.89038800
vt 0.49176900 0.61234300
vt 0.38992200 0.36076800
vt 0.79465600 0.38709500
vt 0.95296200 0.81315700
vt 0.24907500 0.27789500
vt 0.92960000 0.45048200
vt 0.22064700 0.09207700
vt 0.23968600 0.59100300
vt 0.60162900 0.76396700
vt 0.14225400 0.36161300
vt 0.57941300 0.16593300
vt 0.42879300 0.51545700
vt 0.63466700 0.02138300
vt 0.79233300 0.41122000
vt 0.76789700 0.81054600
vt 0.00230200 0.41945200
vt 0.44484800 0.36927300
vt 0.80966500 0.39586400
vt 0.22549000 0.68174000
vt 0.23327700 0.43276800
vt 0.26202400 0.18871700
vt 0.85048800 0.88932200
vt 0.46966000 0.40868600
vt 0.59773300 0.76874900
vt 0.46978800 0.15150700
vt 0.34856800 0.72801700
vt 0.84614900 0.99589600
vt 0.37233900 0.50679400
vt 0.55385900 0.74524700
vt 0.23847100 0.30247300
vt 0.64837800 0.26900700
vt 0.95060100 0.85182800
vt 0.13745000 0.50477900
vt 0.65738100 0.18483100
vt 0.22789100 0.73386300
vt 0.40918500 0.55008000
vt 0.95262500 0.80568600
vt 0.65207000 0.20223700
vt 0.77351800 0.55858500
vt 0.00000100 0.42436500
vt 0.24021400 0.43218700
vt 0.47785700 0.66631600
vt 0.28819400 0.73529600
vt 0.88430200 0.18936200
vt 0.76960300 0.42197000
vt 0.23564900 0.67905900
vt 0.44160200 0.59407000
vt 0.86245500 0.18246100
vt 0.19093400 0.08039200
vt 0.29505700 0.11040600
vt 0.86123000 0.81859600
vt 0.26243600 0.48788000
vt 0.02222200 0.36867100
vt 0.51167400 0.84296400
vt 0.23529400 0.30088300
vt 0.55978400 0.99346900
vt 0.08336900 0.98520900
vt 0.79718300 0.38621200
vt 0.56397300 0.99846500
vt 0.03604000 0.96331400
vt 0.98378700 0.83982600
vt 0.93931300 0.47244200
vt 0.50980300 0.16713700
vt 0.92569300 0.41488600
vt 0.75886100 0.39935700
vt 0.04319700 0.94002900
vt 0.08553000 0.09814300
vt 0.85633100 0.45604000
vt 0.75617900 0.00824000
vt 0.65853100 0.28442900
vt 0.23495400 0.09195500
vt 0.93398700 0.46459600
vt 0.41780200 0.41309600
vt 0.48158900 0.67093900
vt 0.17966300 0.16982900
vt 0.36047100 0.16570200
vt 0.76481500 0.15552600
vt 0.92217700 0.91976300
vt 0.74561800 0.38340300
vt 0.67897200 0.07257100
vt 0.10042100 0.51815100
vt 0.31552200 0.16324800
vt 0.83899000 0.44176300
vt 0.00360900 0.45508400
vt 0.24382100 0.40146700
vt 0.15930900 0.10250700
vt 0.71013300 0.38498600
vt 0.24231500 0.11051400
vt 0.22793700 0.55449600
vt 0.46445900 0.34958200
vt 0.63173900 0.21298200
vt 0.01509900 0.38170300
vt 0.47955300 0.90532700
vt 0.83858300 0.43968200
vt 0.32903600 0.73577100
vt 0.57386300 0.81808700
vt 0.41006900 0.15608900
vt 0.03165600 0.55937400
vt 0.49041400 0.00666000
vt 0.38941000 0.75495100
vt 0.36494900 0.09189200
vt 0.68948000 0.39808200
vt 0.44559300 0.31762200
vt 0.41449500 0.56194600
vt 0.23544900 0.72137000
vt 0.16708600 0.97539700
vt 0.48944700 0.87466700
vt 0.65648900 0.79921700
vt 0.51266500 0.53878300
vt 0.55331200 0.55774100
vt 0.03045900 0.81977400
vt 0.57306900 0.74649200
vt 0.35450000 0.51414100
vt 0.97823700 0.75242400
vt 0.83629200 0.99609400
vt 0.23855900 0.72385400
vt 0.73977200 0.75539500
vt 0.91272100 0.75634500
vt 0.65766300 0.09451200
vt 0.83179800 0.18614700
vt 0.93528600 0.82242300
vt 0.69664700 0.98498200
vt 0.83672300 0.54666200
vt 0.93680000 0.98608000
vt 0.48994400 0.01165000
vt 0.46837000 0.24259900
vt 0.14530000 0.31497500
vt 0.23363900 0.28198400
vt 0.24009400 0.45936500
vt 0.00155600 0.89132000
vt 0.56502000 0.00438000
vt 0.82135800 0.81464400
vt 0.47072200 0.43054000
vt 0.44909800 0.70805500
vt 0.57871700 0.99946800
vt 0.17906000 0.31214900
vt 0.05453300 0.15261100
vt 0.57641600 0.15868200
vt 0.16309300 0.37919000
vt 0.95815000 0.40837000
vt 0.07292200 0.04691000
vt 0.17652500 0.10674000
vt 0.39970000 0.05697000
vt 0.78700900 0.57827500
vt 0.48908700 0.31783100
vt 0.46695700 0.23730900
vt 0.54230000 0.56029600
vt 0.50383500 0.53162700
vt 0.48934900 0.51540800
vt 0.52232200 0.56852200
vt 0.39773600 0.14879900
vt 0.07564900 0.53678500
vt 0.83227400 0.37979300
vt 0.84054100 0.46889800
vt 0.68888100 0.61399200
vt 0.62646800 0.53799300
vt 0.65550600 0.60862000
vt 0.66598800 0.43894600
vt 0.64880700 0.71527800
vt 0.55227700 0.17220000
vt 0.94299300 0.42859900
vt 0.13433800 0.50891700
vt 0.37454800 0.34762900
vt 0.23928600 0.58039300
vt 0.42691600 0.34460400
vt 0.46727900 0.32659400
vt 0.05912100 0.16846900
vt 0.60565800 0.78200000
vt 0.07141500 0.13278300
vt 0.23740400 0.74688300
vt 0.35157200 0.33259800
vt 0.92433500 0.78510600
vt 0.91135600 0.02238700
vt 0.86693200 0.18572500
vt 0.03752600 0.35456200
vt 0.27774100 0.50198800
vt 0.60837800 0.76874900
vt 0.17492900 0.19039300
vt 0.65488300 0.25825700
vt 0.51694500 0.18781800
vt 0.46962700 0.43841900
vt 0.24016700 0.41347500
vt 0.95470900 0.79598800
vt 0.65861500 0.91885100
vt 0.45675000 0.94626800
vt 0.83955600 0.53252700
vt 0.23537600 0.66865700
vt 0.44643800 0.60359700
vt 0.82389400 0.88163800
vt 0.95409200 0.81888800
vt 0.42473300 0.34187900
vt 0.17306900 0.26369800
vt 0.17728600 0.25316600
vt 0.41206700 0.46231300
vt 0.50233400 0.71579500
vt 0.36276300 0.07876400
vt 0.13449500 0.09158200
vt 0.68826300 0.40853500
vt 0.23229500 0.24333300
vt 0.96798300 0.98805500
vt 0.26496800 0.13292700
vt 0.95712300 0.47773100
vt 0.31282200 0.33487600
vt 0.23649600 0.71117000
vt 0.80490700 0.22763600
vt 0.46932500 0.12934100
vt 0.32312600 0.72091900
vt 0.28206500 0.78546800
vt 0.82640300 0.57842400
vt 0.65138900 0.16819300
vt 0.73406700 0.57520600
vt 0.64140900 0.85597000
vt 0.02844100 0.07361800
vt 0.86702700 0.26261200
vt 0.31628500 0.79272000
vt 0.33473000 0.54645700
vt 0.23530500 0.57998000
vt 0.06954400 0.08648700
vt 0.76131200 0.38044000
vt 0.17297600 0.15282200
vt 0.24021200 0.11771000
vt 0.22868800 0.54738300
vt 0.87332200 0.79680700
vt 0.72140200 0.36453000
vt 0.63122100 0.77339800
vt 0.46188200 0.45215200
vt 0.41522800 0.72276300
vt 0.78035100 0.16734900
vt 0.78468600 0.76265500
vt 0.65968000 0.34823200
vt 0.62538100 0.53648500
vt 0.06806400 0.79447600
vt 0.23707700 0.73854200
vt 0.34184400 0.33485400
vt 0.46804300 0.21685100
vt 0.12077000 0.33072600
vt 0.79611100 0.77313000
vt 0.96266000 0.99998900
vt 0.22372700 0.25565800
vt 0.59260100 0.82419700
vt 0.83851100 0.51773700
vt 0.64607800 0.29468200
vt 0.95409200 0.78092400
vt 0.80243600 0.76867700
vt 0.96877700 1.00000000
vt 0.49499100 0.72246600
vt 0.53047600 0.36466500
vt 0.83433800 0.57380800
vt 0.65538600 0.17548600
vt 0.46719600 0.21197000
vt 0.67607100 0.85825300
vt 0.42083600 0.51558500
vt 0.96131200 0.99661300
vt 0.46152000 0.43054000
vt 0.31827000 0.73235200
vt 0.95177300 0.24968300
vt 0.19460600 0.78151900
vt 0.36143200 0.75364900
vt 0.72254800 0.81462700
vt 0.91470700 0.99885500
vt 0.92328600 0.75064300
vt 0.23562100 0.65878800
vt 0.44976500 0.61375800
vt 0.61494700 0.37028400
vt 0.21604600 0.86612200
vt 0.00303700 0.44181100
vt 0.90691200 0.99299900
vt 0.89933400 0.97882600
vt 0.79849800 0.35158400
vt 0.44921000 0.69148000
vt 0.03538000 0.00393900
vt 0.35525400 0.53577100
vt 0.45267100 0.31766100
vt 0.46932500 0.09024600
vt 0.29138900 0.69703000
vt 0.20522200 0.27407400
vt 0.91433000 0.44865700
vt 0.51478200 0.00530700
vt 0.82335200 0.76340200
vt 0.69743100 0.77294100
vt 0.42872900 0.51891900
vt 0.88055200 0.35610500
vt 0.47106800 0.92729700
vt 0.09723200 0.33998900
vt 0.14299900 0.14887800
vt 0.20566100 0.69711300
vt 0.29540100 0.13204800
vt 0.86212400 0.79766600
vt 0.00643500 0.21524000
vt 0.83768600 0.48823900
vt 0.01586100 0.19786400
vt 0.83802000 0.47036500
vt 0.05809800 0.16606800
vt 0.23810600 0.48767700
vt 0.41328300 0.26218600
vt 0.23920400 0.71458600
vt 0.31183900 0.72051700
vt 0.46966000 0.41737600
vt 0.86561100 0.49733900
vt 0.57265900 0.16973900
vt 0.93870200 0.40824400
vt 0.56466000 0.55476400
vt 0.02878200 0.84494300
vt 0.92481800 0.46848200
vt 0.73724200 0.38396300
vt 0.79580800 0.41044700
vt 0.69525800 0.35702500
vt 0.34611800 0.12820400
vt 0.28829500 0.34822100
vt 0.58429100 0.56782000
vt 0.49499300 0.39079400
vt 0.47418300 0.68328300
vt 0.60679400 0.81653800
vt 0.63317100 0.78357700
vt 0.17414100 0.25402700
vt 0.17723300 0.26254900
vt 0.43612300 0.34460400
vt 0.46815500 0.15175600
vt 0.72187800 0.38579800
vt 0.88151600 0.81737900
vt 0.88542100 0.17134500
vt 0.47073300 0.51344100
vt 0.50131600 0.96052900
vt 0.28371900 0.96790100
vt 0.19106000 0.02388600
vt 0.65524000 0.34567500
vt 0.87576100 0.80154300
vt 0.90532900 0.49135700
vt 0.70767200 0.14197400
vt 0.45725900 0.33567000
vt 0.81840900 0.57450100
vt 0.22141600 0.94134200
vt 0.23823800 0.58127700
vt 0.70450100 0.25236100
vt 0.35468100 0.74412800
vt 0.43799900 0.33950300
vt 0.47073300 0.62751200
vt 0.85620500 0.79729300
vt 0.39057300 0.93599900
vt 0.72630300 0.38925600
vt 0.04534300 0.07812700
vt 0.05611900 0.09645100
vt 0.82466800 0.39771100
vt 0.80378800 0.20046200
vt 0.87324900 0.03243300
vt 0.92714900 0.17546800
vt 0.48811400 0.21466100
vt 0.83559300 0.44213500
vt 0.24013600 0.36903800
vt 0.83507400 0.51352900
vt 0.18659300 0.13952700
vt 0.04099900 0.11628600
vt 0.64215400 0.29859200
vt 0.47046300 0.09025700
vt 0.15798300 0.48942000
vt 0.39819300 0.36712400
vt 0.41064800 0.09764100
vt 0.45676000 0.35456100
vt 0.72475500 0.76342400
vt 0.90621100 0.18805200
vt 0.28915500 0.14580900
vt 0.95994800 0.56834200
vt 0.53879700 0.99475900
vt 0.17885900 0.27231500
vt 0.29346200 0.10948000
vt 0.86351300 0.81991300
vt 0.84174800 0.09985900
vt 0.68578800 0.76857900
vt 0.77939200 0.41414700
vt 0.23915700 0.58766200
vt 0.60259700 0.76874900
vt 0.08944900 0.34341600
vt 0.42691600 0.34917200
vt 0.17564500 0.30640400
vt 0.73179900 0.18103900
vt 0.18540700 0.27391200
vt 0.90589600 0.73825900
vt 0.66742300 0.46180300
vt 0.65986200 0.69531800
vt 0.39541400 0.03659000
vt 0.80584800 0.57568900
vt 0.89047800 0.35197400
vt 0.21450500 0.63998500
vt 0.64706600 0.24961400
vt 0.23847100 0.28492600
vt 0.27766700 0.57724500
vt 0.22742000 0.64531800
vt 0.77288700 0.36194700
vt 0.97018900 0.25231800
vt 0.82517800 0.10735400
vt 0.60756400 0.09035600
vt 0.01047600 0.66316400
vt 0.20317100 0.06196200
vt 0.83716200 0.43992200
vt 0.48445300 0.21566300
vt 0.18789500 0.80735000
vt 0.65818000 0.41868800
vt 0.23540700 0.52430600
vt 0.65404500 0.76883600
vt 0.40551400 0.21708600
vt 0.80567500 0.11438900
vt 0.32410800 0.10651100
vt 0.05161300 0.80791600
vt 0.60698300 0.54700100
vt 0.70661000 0.34751000
vt 0.79602600 0.38159600
vt 0.97159100 0.29409800
vt 0.23676200 0.35302700
vt 0.75550200 0.81342100
vt 0.24766700 0.61523300
vt 0.68948000 0.81464300
vt 0.81863800 0.33419200
vt 0.01541400 0.90196400
vt 0.13072600 0.77967200
vt 0.66221100 0.48289600
vt 0.33676100 0.15129100
vt 0.80391600 0.07471900
vt 0.74605300 0.56289800
vt 0.77836400 0.01681900
vt 0.46580300 0.26321900
vt 0.56950000 0.35675200
vt 0.12178800 0.12579700
vt 0.22853200 0.92972600
vt 0.90558200 0.75649800
vt 0.18938800 0.25586300
vt 0.66142500 0.08618200
vt 0.46707500 0.14460200
vt 0.95400400 0.76267000
vt 0.59969400 0.76874900
vt 0.78422900 0.83674200
vt 0.38555200 0.15901100
vt 0.68616600 0.40315400
vt 0.86890600 0.99800800
vt 0.26911600 0.58560400
vt 0.94869300 0.76868900
vt 0.74941800 0.16366900
vt 0.65642400 0.81653800
vt 0.60807200 0.98505200
vt 0.17636300 0.21277300
vt 0.90937200 0.92311500
vt 0.47920900 0.08017600
vt 0.00358200 0.23956500
vt 0.17418000 0.26880800
vt 0.17940300 0.33007100
vt 0.59903200 0.99475700
vt 0.28528400 0.68875100
vt 0.46951400 0.07992400
vt 0.46594300 0.24615000
vt 0.44594700 0.65526700
vt 0.46588800 0.16851900
vt 0.40009600 0.71813900
vt 0.77596000 0.37833900
vt 0.81805600 0.04446200
vt 0.23422500 0.52189200
vt 0.24542600 0.27671200
vt 0.03307900 0.92023500
vt 0.49746200 0.52271300
vt 0.23730200 0.28786000
vt 0.68353300 0.71973000
vt 0.79444700 0.40474300
vt 0.34977400 0.13414700
vt 0.75324500 0.41464700
vt 0.75640200 0.16429700
vt 0.43859600 0.34921200
vt 0.17431400 0.17178400
vt 0.15285200 0.30207500
vt 0.17908000 0.15010200
vt 0.17969700 0.27986500
vt 0.54620100 0.99613000
vt 0.05552000 0.07360500
vt 0.57859600 0.07970800
vt 0.42943700 0.34916900
vt 0.17591200 0.23219300
vt 0.02378000 0.37617800
vt 0.23663700 0.67173800
vt 0.27693600 0.31984700
vt 0.43697600 0.35092100
vt 0.43912400 0.35392800
vt 0.17503400 0.17536800
vt 0.43445700 0.35392800
vt 0.11964000 0.77705500
vt 0.21846000 0.60400100
vt 0.37051400 0.14573500
vt 0.96439300 0.30385300
vt 0.23775100 0.43364700
vt 0.11126000 0.16388400
vt 0.74361800 0.50919900
vt 0.78418900 0.07074700
vt 0.15813900 0.20341700
vt 0.46719600 0.13183900
vt 0.23733900 0.30580600
vt 0.46978800 0.06371400
vt 0.27729700 0.67436900
vt 0.18018600 0.22860600
vt 0.29828500 0.16456800
vt 0.23637300 0.31244000
vt 0.23893100 0.56765100
vt 0.24009400 0.75446300
vt 0.40787400 0.21363400
vt 0.66871200 0.81039000
vt 0.81693800 0.32009800
vt 0.82676100 0.41675800
vt 0.81070400 0.16772700
vt 0.69240900 0.37584700
vt 0.34909000 0.10840900
vt 0.42193100 0.90554900
vt 0.18020400 0.05100300
vt 0.65576500 0.31675600
vt 0.75063700 0.15413300
vt 0.49261700 0.95734700
vt 0.47023900 0.42238600
vt 0.62687000 0.77339800
vt 0.08253300 0.33748700
vt 0.46837200 0.17769500
vt 0.46645300 0.25702200
vt 0.57696500 0.35559100
vt 0.63298800 0.84361900
vt 0.82706100 0.39586100
vt 0.04987000 0.73466300
vt 0.23367700 0.30127800
vt 0.65270200 0.89838300
vt 0.46859400 0.16769200
vt 0.65317300 0.81653800
vt 0.07261100 0.33638700
vt 0.76453400 0.16416300
vt 0.28599500 0.09193300
vt 0.80319400 0.02894100
vt 0.37377400 0.34903600
vt 0.50344200 0.59602800
vt 0.34251900 0.10508500
vt 0.87882000 0.17050600
vt 0.66771500 0.65878600
vt 0.17829500 0.19428800
vt 0.75155400 0.49058500
vt 0.76491300 0.08863000
vt 0.21637100 0.24557900
vt 0.31927900 0.10562400
vt 0.96364000 0.23594900
vt 0.31547600 0.97989700
vt 0.45819500 0.36582100
vt 0.23399100 0.50496900
vt 0.24126000 0.25776500
vt 0.03841800 0.50425200
vt 0.27862800 0.35229800
vt 0.23754900 0.44335400
vt 0.10153000 0.16162800
vt 0.38894500 0.75321300
vt 0.71442500 0.57480900
vt 0.23564900 0.62176400
vt 0.93106300 0.03377100
vt 0.66476300 0.24927500
vt 0.42904600 0.50756300
vt 0.83637300 0.17279100
vt 0.12315400 0.12537700
vt 0.23768900 0.85646700
vt 0.23676200 0.34439100
vt 0.65422300 0.81191300
vt 0.83985500 0.37974000
vt 0.66870700 0.87662500
vt 0.84009700 0.40340000
vt 0.23785500 0.52550000
vt 0.78065800 0.99237000
vt 0.83741300 0.46223000
vt 0.19816100 0.27406100
vt 0.19748100 0.25229100
vt 0.88728700 0.49166500
vt 0.71209700 0.12224400
vt 0.86476600 0.20228300
vt 0.02370300 0.01366100
vt 0.29987200 0.74040400
vt 0.89574300 0.18807800
vt 0.18018600 0.15535700
vt 0.37301900 0.17275400
vt 0.00529400 0.84410800
vt 0.15166100 0.12829700
vt 0.20300300 0.05918700
vt 0.91063300 0.18269200
vt 0.00677500 0.01285200
vt 0.03578900 0.80952500
vt 0.80242100 0.18790200
vt 0.77369000 0.37289600
vt 0.30272200 0.09959900
vt 0.40640900 0.77785400
vt 0.73347200 0.43175800
vt 0.60298100 0.99171300
vt 0.28533800 0.56884000
vt 0.22788900 0.63414400
vt 0.77038300 0.36092100
vt 0.97263800 0.25391300
vt 0.85832700 0.75627800
vt 0.15173800 0.62585900
vt 0.57999800 0.56402400
vt 0.83953300 0.52261500
vt 0.58769500 0.82474000
vt 0.17743600 0.77088500
vt 0.47633800 0.84638400
vt 0.86770500 0.83041500
vt 0.58057200 0.55918100
vt 0.39941700 0.54434700
vt 0.22746900 0.74471600
vt 0.46849000 0.30767100
vt 0.00805000 0.44876400
vt 0.43278700 0.34916900
vt 0.39843600 0.15459600
vt 0.76179100 0.36668800
vt 0.94739500 0.41771300
vt 0.89104600 0.84034500
vt 0.00776100 0.41064700
vt 0.46900400 0.34441300
vt 0.43195100 0.34916900
vt 0.08549700 0.13321500
vt 0.19537600 0.97232200
vt 0.13162600 0.17660200
vt 0.46753300 0.16252900
vt 0.46827800 0.25366400
vt 0.23734300 0.47276800
vt 0.07251000 0.16165000
vt 0.58534900 0.02498200
vt 0.02796900 0.49280300
vt 0.06808700 0.98799300
vt 0.94653600 0.43950400
vt 0.18001800 0.80018200
vt 0.66180100 0.42878300
vt 0.95262500 0.78175800
vt 0.65175800 0.22469000
vt 0.59085300 0.75720500
vt 0.89858200 0.77619100
vt 0.23908600 0.52611900
vt 0.96304800 0.43156100
vt 0.71032800 0.41027400
vt 0.04269300 0.81509700
vt 0.23651900 0.28801300
vt 0.39220800 0.18834400
vt 0.21959400 0.25609600
vt 0.69037800 0.07418000
vt 0.47307400 0.66683600
vt 0.28159700 0.54676400
vt 0.81501400 0.26725500
vt 0.23398300 0.42866200
vt 0.26574400 0.18556400
vt 0.61736300 0.56938600
vt 0.57534600 0.55652600
vt 0.46345400 0.35282700
vt 0.34552900 0.33879300
vt 0.52705600 0.57724500
vt 0.74456900 0.41264900
vt 0.78697600 0.16736700
vt 0.78997700 0.75726600
vt 0.13588100 0.12598900
vt 0.63107200 0.80330400
vt 0.51829700 0.58264300
vt 0.35551700 0.34110400
vt 0.77355100 0.40419800
vt 0.87704600 0.78147600
vt 0.63122100 0.75760700
vt 0.23290100 0.40836100
vt 0.68913500 0.60977500
vt 0.31184900 0.77930500
vt 0.92954700 0.36347400
vt 0.70510200 0.40386400
vt 0.18126900 0.79858500
vt 0.81330200 0.29558400
vt 0.79989000 0.13364400
vt 0.34421900 0.09220200
vt 0.65128200 0.62268200
vt 0.24179300 0.42177400
vt 0.31927900 0.11769200
vt 0.80742100 0.10230800
vt 0.90737300 0.79704900
vt 0.63013600 0.77339800
vt 0.81758300 0.10220600
vt 0.29829600 0.13001500
vt 0.27198400 0.58715200
vt 0.22823500 0.65565100
vt 0.23576500 0.71595500
vt 0.84067100 0.67785700
vt 0.90361000 0.99793500
vt 0.37668200 0.75531900
vt 0.53978300 0.74386700
vt 0.18219100 0.16582300
vt 0.04248300 0.08979300
vt 0.44224200 0.70543200
vt 0.69630500 0.39765800
vt 0.83796700 0.85177300
vt 0.97246900 0.60821200
vt 0.10934500 0.97481800
vt 0.47594900 0.43049200
vt 0.92569300 0.38113500
vt 0.15111400 0.10159800
vt 0.74752000 0.57248500
vt 0.77853700 0.00720100
vt 0.29296600 0.11759500
vt 0.86207300 0.81224800
vt 0.09847500 0.97510000
vt 0.25872800 0.09286100
vt 0.96176100 0.51801200
vt 0.23583300 0.34909200
vt 0.65364900 0.81641000
vt 0.37212400 0.17484600
vt 0.83910100 0.38420900
vt 0.95302700 0.77878700
vt 0.24383500 0.24040400
vt 0.80184800 0.00455200
vt 0.95801700 0.59108600
vt 0.29296600 0.11854800
vt 0.23294900 0.36998700
vt 0.82248700 0.02113000
vt 0.46993600 0.67409300
vt 0.23266600 0.41976700
vt 0.69964100 0.59948900
vt 0.09768600 0.77956900
vt 0.90018800 0.80173600
vt 0.18478800 0.71596800
vt 0.71287900 0.37861100
vt 0.39641600 0.03320200
vt 0.80931500 0.57637600
vt 0.91647300 0.84443400
vt 0.14308100 0.15699900
vt 0.61177500 0.75919000
vt 0.91188600 0.46563000
vt 0.71658300 0.06567600
vt 0.46580400 0.34221300
vt 0.49578100 0.32957300
vt 0.46801800 0.13612200
vt 0.24015800 0.36903800
vt 0.90982200 0.80179400
vt 0.24283200 0.44191900
vt 0.65656100 0.64212800
vt 0.19855000 0.25579300
vt 0.79144000 0.79829800
vt 0.87390900 0.84535400
vt 0.43027500 0.35392800
vt 0.17546000 0.22844600
vt 0.28529300 0.13956800
vt 0.77378100 0.39748700
vt 0.88155600 0.77619500
vt 0.54107900 0.36071200
vt 0.50285500 0.73070100
vt 0.92163800 0.77110900
vt 0.56240300 0.76049700
vt 0.46826400 0.15893100
vt 0.46927300 0.25012800
vt 0.60933700 0.76874900
vt 0.23554500 0.51940300
vt 0.37494200 0.81344700
vt 0.35790100 0.76690600
vt 0.25607400 0.19634800
vt 0.23318600 0.44181800
vt 0.60157300 0.78278000
vt 0.06892700 0.13285200
vt 0.21422600 0.85499100
vt 0.62444200 0.37614000
vt 0.46803500 0.32180400
vt 0.60645600 0.76874900
vt 0.49131000 0.17353800
vt 0.39178100 0.99656100
vt 0.44683800 0.94603800
vt 0.23730200 0.29318400
vt 0.27299700 0.66151500
vt 0.13374200 0.60411300
vt 0.88628800 0.75636600
vt 0.92957200 0.39886500
vt 0.15131700 0.11794900
vt 0.01969300 0.84272600
vt 0.11386600 0.99832000
vt 0.47073300 0.65018900
vt 0.47775100 0.41908900
vt 0.50946500 0.72326600
vt 0.40762400 0.47169100
vt 0.72255700 0.37207100
vt 0.28788000 0.15137700
vt 0.96180900 0.56335900
vt 0.03092500 0.93544700
vt 0.55911200 0.99946900
vt 0.17888300 0.29335100
vt 0.26525700 0.64171900
vt 0.47070200 0.14585600
vt 0.47067500 0.40206000
vt 0.60388000 0.34299500
vt 0.23985000 0.50517800
vt 0.50906900 0.84792000
vt 0.18400400 0.97965200
vt 0.17961100 0.33748700
vt 0.60809100 0.99091500
vt 0.63889100 0.22002800
vt 0.52973800 0.99091700
vt 0.17890400 0.26235900
vt 0.51326000 0.34373400
vt 0.46558700 0.31992900
vt 0.50259300 0.84811800
vt 0.71855000 0.59058300
vt 0.84009400 0.50069100
vt 0.93454400 0.76868800
vt 0.08447600 0.61994800
vt 0.42498200 0.07133100
vt 0.79359300 0.57534800
vt 0.38740800 0.04766800
vt 0.93668300 0.75057900
vt 0.16878700 0.38407100
vt 0.40900000 0.47247300
vt 0.95436100 0.33995600
vt 0.24016700 0.86308600
vt 0.72392800 0.78153600
vt 0.92013100 0.18746000
vt 0.90222000 0.18224100
vt 0.23231800 0.37966700
vt 0.24015800 0.39283900
vt 0.85620500 0.76341000
vt 0.83141200 0.02144200
vt 0.23874000 0.64723100
vt 0.81221300 0.73406700
vt 0.19040100 0.03458700
vt 0.98346500 0.84792300
vt 0.50892100 0.15909600
vt 0.20847200 0.08103300
vt 0.57299200 0.76444900
vt 0.96280300 0.44869600
vt 0.59537000 0.17265800
vt 0.28904000 0.97676900
vt 0.46182800 0.39743300
vt 0.29038200 0.71298600
vt 0.46452900 0.35808500
vt 0.24015800 0.40315700
vt 0.62519600 0.20509100
vt 0.80209000 0.41193000
vt 0.64891200 0.02160500
vt 0.78283800 0.81791300
vt 0.77453700 0.38941800
vt 0.88764700 0.77088300
vt 0.33381500 0.14634300
vt 0.59234300 0.76847300
vt 0.80636100 0.07868900
vt 0.55110200 0.75768200
vt 0.72412000 0.56991700
vt 0.49642700 0.96058200
vt 0.80559200 0.29592400
vt 0.86521600 0.75642600
vt 0.14891800 0.61916900
vt 0.23363300 0.29176300
vt 0.65327800 0.90828600
vt 0.46949100 0.40719700
vt 0.30307000 0.71473500
vt 0.64476200 0.79247600
vt 0.02205500 0.59588400
vt 0.37262200 0.73289100
vt 0.23699700 0.26430000
vt 0.67220800 0.69784900
vt 0.17873600 0.15503200
vt 1.00000000 0.75649800
vt 0.41436300 0.33594500
vt 0.51972100 0.75919000
vt 0.66381800 0.14660600
vt 0.91563200 0.45923400
vt 0.73795400 0.39708800
vt 0.65759800 0.66227000
vt 0.24811100 0.46136200
vt 0.18077300 0.52032000
vt 0.11375300 0.67403900
vt 0.91224100 0.49169100
vt 0.43729500 0.68058900
vt 0.46569900 0.22177700
vt 0.91363100 0.43619200
vt 0.63219700 0.76547300
vt 0.29181900 0.70356800
vt 0.84277700 0.17120100
vt 0.23559600 0.45453400
vt 0.72853900 0.99541700
vt 0.23485100 0.70018000
vt 0.43025700 0.57608800
vt 0.59429500 0.76825900
vt 0.59657900 0.76012700
vt 0.58584000 0.35102300
vt 0.47259600 0.27153700
vt 0.83591700 0.38353900
vt 0.10855800 0.77976400
vt 0.65388300 0.50376700
vt 0.23652900 0.29656000
vt 0.39820700 0.19593500
vt 0.02749000 0.18876200
vt 0.46828000 0.36004600
vt 0.17497100 0.21675300
vt 0.72429000 0.16432000
vt 0.10247900 0.60283600
vt 0.44917500 0.07116300
vt 0.67381200 0.37026900
vt 0.55573700 0.78135500
vt 0.14240300 0.97491700
vt 0.83341100 0.37872800
vt 0.83937500 0.46896800
vt 0.63698200 0.85637100
vt 0.82266200 0.78152200
vt 0.53254300 0.00475900
vt 0.94762000 0.35610600
vt 0.41622300 0.98621900
vt 0.47073300 0.17372400
vt 0.69169400 0.78901400
vt 0.95331100 0.99991800
vt 0.80642400 0.28854100
vt 0.71658300 0.15755800
vt 0.47475300 0.23612600
vt 0.83668500 0.41725200
vt 0.25426900 0.64633800
vt 0.98352300 0.90356500
vt 0.50949100 0.10330000
vt 0.87433100 0.18451400
vt 0.46777600 0.59211300
vt 0.62409400 0.77339800
vt 0.71560300 0.41241600
vt 0.82001100 0.95689300
vt 0.23653100 0.47772700
vt 0.52888000 0.17222300
vt 0.94299300 0.45252900
vt 0.00144600 0.86412900
vt 0.81333500 0.33647000
vt 0.22492100 0.90109400
vt 0.95397000 0.80347600
vt 0.81531300 0.86471900
vt 0.45230700 0.63496200
vt 0.75274700 0.42254500
vt 0.75657100 0.15641400
vt 0.23490200 0.35411500
vt 0.83921400 0.42686600
vt 0.48944700 0.94189900
vt 0.92619200 0.77245700
vt 0.90122900 0.02176900
vt 0.17398800 0.45594200
vt 0.89260600 0.03282300
vt 0.32173900 0.96624400
vt 0.23289100 0.32288000
vt 0.27113400 0.67308600
vt 0.23186000 0.09511400
vt 0.23187000 0.88957800
vt 0.80840400 0.41211600
vt 0.78754600 0.82357700
vt 0.71401600 0.36438400
vt 0.75762200 0.76915400
vt 0.35060400 0.52376700
vt 0.81739700 0.19630100
vt 0.02774300 0.30943100
vt 0.23859700 0.57693900
vt 0.17505400 0.33722900
vt 0.07302700 0.10588200
vt 0.00689600 0.45910300
vt 0.23825900 0.75052300
vt 0.35629100 0.33041700
vt 0.43695900 0.72044700
vt 0.82335200 0.79727900
vt 0.47072200 0.41305500
vt 0.23738200 0.28415700
vt 0.27103200 0.65136600
vt 0.18128300 0.56116100
vt 0.64316600 0.59066300
vt 0.60768100 0.54873100
vt 0.15690800 0.36746000
vt 0.39712200 0.48908500
vt 0.65505000 0.81653800
vt 0.84049600 0.38439500
vt 0.66288200 0.89471400
vt 0.24507700 0.10652400
vt 0.22706400 0.55838000
vt 0.72450100 0.15644300
vt 0.38555200 0.06255600
vt 0.87364900 0.90116700
vt 0.66742300 0.65146400
vt 0.65550400 0.50464600
vt 0.60837800 0.75902500
vt 0.17493500 0.19897600
vt 0.00397300 0.65634100
vt 0.93317100 0.40066500
vt 0.46442400 0.34234300
vt 0.59542500 0.76823300
vt 0.63691500 0.22117200
vt 0.91328000 0.36473900
vt 0.02085000 0.16030500
vt 0.94569200 0.59634500
vt 0.70411200 0.37084100
vt 0.63579900 0.79577300
vt 0.85901800 0.49729400
vt 0.38669900 0.54705500
vt 0.23554900 0.75118200
vt 0.79919000 0.97720100
vt 0.83600400 0.56419300
vt 1.00000000 0.49227200
vt 0.08050000 0.63385700
vt 0.41435500 0.07167900
vt 0.95340200 0.77179300
vt 0.49179200 0.60809900
vt 0.46936000 0.47478300
vt 0.42719300 0.70312200
vt 0.86071900 0.35309400
vt 0.91999600 0.35867900
vt 0.46951400 0.13833000
vt 0.33269900 0.72444200
vt 0.26627500 0.65229100
vt 0.25856100 0.64197200
vt 0.32900400 0.09967400
vt 0.95395400 0.32864300
vt 0.23781500 0.84942200
vt 0.80180800 0.84481700
vt 0.17645400 0.30239900
vt 0.78517300 0.83341800
vt 0.17636300 0.28217500
vt 0.23375400 0.46647200
vt 0.24539100 0.21882600
vt 0.64120400 0.22987500
vt 0.59542700 0.76173300
vt 0.47067500 0.39174100
vt 0.80077400 0.74295400
vt 0.23849500 0.66088200
vt 0.42859700 0.35392800
vt 0.17496700 0.26412600
vt 0.23562100 0.47370800
vt 0.71053800 0.98956500
vt 0.70455000 0.37836000
vt 0.63861400 0.80285800
vt 0.85232600 0.83967100
vt 0.40956200 0.03660000
vt 0.91934200 0.83346500
vt 0.97527000 0.43190000
vt 0.72255700 0.41046300
vt 0.81597100 0.37830300
vt 0.59124300 0.17909900
vt 0.17829500 0.27997900
vt 0.14267800 0.50352800
vt 0.38288800 0.35301700
vt 0.81366000 0.40753400
vt 0.22689700 0.66946700
vt 0.72608300 0.37038200
vt 0.96512100 0.56061800
vt 0.82041300 0.82357700
vt 0.57387400 0.00605400
vt 0.11885300 0.34423600
vt 0.88599500 0.02432400
vt 0.94604800 0.99612900
vt 0.46960200 0.37537200
vt 0.28139300 0.69168700
vt 0.33182600 0.15901100
vt 0.17909100 0.19926000
vt 0.12043000 0.97549400
vt 0.47945400 0.41978600
vt 0.91280700 0.45215500
vt 0.73860900 0.40406300
vt 0.79901900 0.57972600
vt 0.26155500 0.80965700
vt 0.64492400 0.94546800
vt 0.24010300 0.56234900
vt 0.65553500 0.76951800
vt 0.77394600 0.75438300
vt 0.23830700 0.69025300
vt 0.75990300 0.40722400
vt 0.87007600 0.83415700
vt 0.61808000 0.79542600
vt 0.82178500 0.94694500
vt 0.83566000 0.52758000
vt 0.78121400 0.16375100
vt 0.03115300 0.71617200
vt 0.82957400 0.36946100
vt 0.48834500 0.39943200
vt 0.47188200 0.67256900
vt 0.91305300 0.98350000
vt 0.35239400 0.13176100
vt 0.39275200 0.72686300
vt 0.46961100 0.43343900
vt 0.86297000 0.77258600
vt 0.23564900 0.73159100
vt 0.40572400 0.55616300
vt 0.66001900 0.26849500
vt 0.45239100 0.60127900
vt 0.22820900 0.66642600
vt 0.12602800 0.74500200
vt 0.23490200 0.34439100
vt 0.83924200 0.41753600
vt 0.68983400 0.80341000
vt 0.81795300 0.32460500
vt 0.23233500 0.48101900
vt 0.75868500 0.58014500
vt 0.73270200 0.08863100
vt 0.56510100 0.77462700
vt 0.06462600 0.12924700
vt 0.33888900 0.99476600
vt 0.25953900 0.94268300
vt 0.67024900 0.57766000
vt 0.63313500 0.17215200
vt 0.41910100 0.44377000
vt 0.17888800 0.41277300
vt 0.23914600 0.67540500
vt 0.39849200 0.29864000
vt 0.70400700 0.36337600
vt 0.62796000 0.77339800
vt 0.63489700 0.78753300
vt 0.37304900 0.76010700
vt 0.91383300 0.99350200
vt 0.39098300 0.35957300
vt 0.15077400 0.49697200
vt 0.24016900 0.43411100
vt 0.47628500 0.29119200
vt 0.83643400 0.36679200
vt 0.98378700 0.98683200
vt 0.51044000 0.01978900
vt 0.95496600 0.81661000
vt 0.65861500 0.89768200
vt 0.88047700 0.51032200
vt 0.32654700 0.53806400
vt 0.05114000 0.79014600
vt 0.89278600 0.80154100
vt 0.98129900 0.25882900
vt 0.40644300 0.11889200
vt 0.46151400 0.66426900
vt 0.21238200 0.27405100
vt 0.41352200 0.25725300
vt 0.23987300 0.71902300
vt 0.58793600 0.79645400
vt 0.20967200 0.93470400
vt 0.54429200 0.17747800
vt 0.47040700 0.16878600
vt 0.46836200 0.33982000
vt 0.43278700 0.35392800
vt 0.49735300 0.60361900
vt 0.38191100 0.35428300
vt 0.34304500 0.12660200
vt 0.87388200 0.18925200
vt 0.28053500 0.72802000
vt 0.32224400 0.15904400
vt 0.17913900 0.20823700
vt 0.76340400 0.38580200
vt 0.43734000 0.51523100
vt 0.57586800 0.17038900
vt 0.93970500 0.40484800
vt 0.46727900 0.28862600
vt 0.09628700 0.16413000
vt 0.82086100 0.61571800
vt 0.23914500 0.50010600
vt 0.24010500 0.45936500
vt 0.65818500 0.77392200
vt 0.51277900 0.37690200
vt 0.17200700 0.96001300
vt 0.26187100 0.14631500
vt 0.95737300 0.46446600
vt 0.16899700 0.26782100
vt 0.17418600 0.20306800
vt 0.42134400 0.35392800
vt 0.65410500 0.78575300
vt 0.63927000 0.58975500
vt 0.77085600 0.37965300
vt 0.29663100 0.10261900
vt 0.86330400 0.82564500
vt 0.71167000 0.12831800
vt 0.89303800 0.49156400
vt 0.30014000 0.55065600
vt 0.46865500 0.28854400
vt 0.46971500 0.38695300
vt 0.01430100 0.46684300
vt 0.98163500 0.28633500
vt 0.40368300 0.14625800
vt 0.20900400 0.25659800
vt 0.67965500 0.07378800
vt 0.62102100 0.57389000
vt 0.95909900 0.18677900
vt 0.72917100 0.80573400
vt 0.50353200 0.17395900
vt 0.37831100 0.99910000
vt 0.20501200 0.06708000
vt 0.62027400 0.76711100
vt 0.46398200 0.58218000
vt 0.72545600 0.41259300
vt 0.56644000 0.35447100
vt 0.46719600 0.15068000
vt 0.24016900 0.42379300
vt 0.26694400 0.59740900
vt 0.51484900 0.00650300
vt 0.98359800 0.99978300
vt 0.81754600 0.76265600
vt 0.46719600 0.34186500
vt 0.55186300 0.81910800
vt 0.46573100 0.19812900
vt 0.42349800 0.69990800
vt 0.23422500 0.47365500
vt 0.23729000 0.34908600
vt 0.40698000 0.27573200
vt 0.87222200 0.02114400
vt 0.82335200 0.78924600
vt 0.92582000 0.18677900
vt 0.17361100 0.16052700
vt 0.07313700 0.09245600
vt 0.83107900 0.03558200
vt 0.19805800 0.24557500
vt 0.79978200 0.08065600
vt 0.34100000 0.14630800
vt 0.23231800 0.38714600
vt 0.23961600 0.51711200
vt 0.80664200 0.60086200
vt 0.23658800 0.45286200
vt 0.82933500 0.93390200
vt 0.23830700 0.59127100
vt 0.04250200 0.32142500
vt 0.23823800 0.58127700
vt 0.86184400 0.78065100
vt 0.69552600 0.37077300
vt 0.33711200 0.33507800
vt 0.23756800 0.73415900
vt 0.74941000 0.39021400
vt 0.27414400 0.10106600
vt 0.87509000 0.78907900
vt 0.63111500 0.76546500
vt 0.69322400 0.37097800
vt 0.34683900 0.11270500
vt 0.92884000 0.43197200
vt 0.20246200 0.09206600
vt 0.88619200 0.97861400
vt 0.26894700 0.95236400
vt 0.31162800 0.09856400
vt 0.09516100 0.76838300
vt 0.06007600 0.53451200
vt 0.40858800 0.11801600
vt 0.72882900 0.33100200
vt 0.90052700 0.99782500
vt 0.24103800 0.63202300
vt 0.81706800 0.34921400
vt 0.02884100 0.18304000
vt 0.23832600 0.51849700
vt 0.82777400 0.80574300
vt 0.91102900 0.18617700
vt 0.23475300 0.59012900
vt 0.32456300 0.54930000
vt 0.05472900 0.34472900
vt 0.29494400 0.51182000
vt 0.06387400 0.78596600
vt 0.05622900 0.98139400
vt 0.94641500 0.45161800
vt 0.77108000 0.83051900
vt 0.46719300 0.12987100
vt 0.16928200 0.47297800
vt 0.40949300 0.38356600
vt 0.27485300 0.70098700
vt 0.08406900 0.16052700
vt 0.21490000 0.95338300
vt 0.12302700 0.15143100
vt 0.32682800 0.11437800
vt 0.64199700 0.38948000
vt 0.60606500 0.74927000
vt 0.56414700 0.82119600
vt 0.15767300 0.98490000
vt 0.24854800 0.09765100
vt 0.58333800 0.76399000
vt 0.23007500 0.56712400
vt 0.00028700 0.01285900
vt 0.96063500 0.74377300
vt 0.35269700 0.11588300
vt 0.25961000 0.61908000
vt 0.89600600 0.34859600
vt 0.46087800 0.35904200
vt 0.15669700 0.12517400
vt 0.14322200 0.49573000
vt 0.60741800 0.76396800
vt 0.17551400 0.19414700
vt 0.25430000 0.90579800
vt 0.43640500 0.51874500
vt 0.70379000 0.76853800
vt 0.33652300 0.15901100
vt 0.80048000 0.06720000
vt 0.45815600 0.62330400
vt 0.87161400 0.18773500
vt 0.27996900 0.72542300
vt 0.23491300 0.91035600
vt 0.88563900 0.03221300
vt 0.71059400 0.37175500
vt 0.15297200 0.11417400
vt 0.45562400 0.57242300
vt 0.73818600 0.41136500
vt 0.92326000 0.84523600
vt 0.65278500 0.78924700
vt 0.04519400 0.32672400
vt 0.77490400 0.38804800
vt 0.81753600 0.05363400
vt 0.62151800 0.84128600
vt 0.83972300 0.48644800
vt 0.80062100 0.14564000
vt 0.34125600 0.07890800
vt 0.23680300 0.43850300
vt 0.83186900 0.91946900
vt 0.24179700 0.43218400
vt 0.65451600 0.63255900
vt 0.72022800 0.18565800
vt 0.97484200 0.54522700
vt 0.80616400 0.38800600
vt 0.33605500 0.33604200
vt 0.09584500 0.52050500
vt 0.57946200 0.11825000
vt 0.33556600 0.13925900
vt 0.46680700 0.19865600
vt 0.51854100 0.34408000
vt 0.46682000 0.21794100
vt 0.50279900 0.33303100
vt 0.44642700 0.79732000
vt 0.23518100 0.50454300
vt 0.42227200 0.34420400
vt 0.23484400 0.46886700
vt 0.23821900 0.34439100
vt 0.45072400 0.65085700
vt 0.98605200 0.75089500
vt 0.15022200 0.75116400
vt 0.81836500 0.39586100
vt 0.96941500 0.28677100
vt 0.41920000 0.31795400
vt 0.36690700 0.15133200
vt 0.96828500 0.29713100
vt 0.79252700 0.38208900
vt 0.82485400 0.61691300
vt 0.23631000 0.65321700
vt 0.83733100 0.42234900
vt 0.48088500 0.88785900
vt 0.94053800 0.10861700
vt 0.24267800 0.62996300
vt 0.81840300 0.34666200
vt 0.11282300 0.76292500
vt 0.23260600 0.83673100
vt 0.22089500 0.81228200
vt 0.83025900 0.63066100
vt 0.65813000 0.79021300
vt 0.93116300 0.45782200
vt 0.22800500 0.09169900
vt 0.13362600 0.15119200
vt 0.63489700 0.77603400
vt 0.60939500 0.80925900
vt 0.07346900 0.16034100
vt 0.92887600 0.99488700
vt 0.26947900 0.61013100
vt 0.23914000 0.56233000
vt 0.89406300 0.81212400
vt 0.78920100 0.05321700
vt 0.02535700 0.80110000
vt 0.20874500 0.79604000
vt 0.95154400 0.27011200
vt 0.23290400 0.39120300
vt 0.52431000 0.83557200
vt 0.41147400 0.71102000
vt 0.46575000 0.18165500
vt 0.45262400 0.85348100
vt 0.69130200 0.84636900
vt 0.84000600 0.43986700
vt 0.17310800 0.23877700
vt 0.17781400 0.27777900
vt 0.13423300 0.08240200
vt 0.36730100 0.09164100
vt 0.96573200 0.34971900
vt 0.73575100 0.75221300
vt 0.17750400 0.19146400
vt 0.64879900 0.71121000
vt 0.71346900 0.39839100
vt 0.92044300 0.36939100
vt 0.76592000 0.38479900
vt 0.87569000 0.50067000
vt 0.17942100 0.16010300
vt 0.36916400 0.16977700
vt 0.14069000 0.14936400
vt 0.61066400 0.78482200
vt 0.21673800 0.87684300
vt 0.60540800 0.36564600
vt 0.72134800 0.82357700
vt 0.90844900 0.99675100
vt 0.67832800 0.86009800
vt 0.83998300 0.42233000
vt 0.10566100 0.51932700
vt 0.34587000 0.33722000
vt 0.41056100 0.03320200
vt 0.95154400 0.35292100
vt 0.47548200 0.17076000
vt 0.91613900 0.83264900
vt 0.86637100 0.30115300
vt 0.43753600 0.35392800
vt 0.15641700 0.48194800
vt 0.17554100 0.17838400
vt 0.43362200 0.34917700
vt 0.46860400 0.34803700
vt 0.43278700 0.34460400
vt 0.84504500 0.49147700
vt 0.70100200 0.08077700
vt 0.72190800 0.37885200
vt 0.87703500 0.81212800
vt 0.65775600 0.22039300
vt 0.65075800 0.17877900
vt 0.29311500 0.77724900
vt 0.65865500 0.31002800
vt 0.06619600 0.12391300
vt 0.50563900 0.16591000
vt 0.31612100 0.33855300
vt 0.55488300 0.56757900
vt 0.86432000 0.77897400
vt 0.44347000 0.35477300
vt 0.40202100 0.08617600
vt 0.77881100 0.42086200
vt 0.83439600 0.41192800
vt 0.43225600 0.58792600
vt 0.80686700 0.30436600
vt 0.23883000 0.54745300
vt 0.63338800 0.77339800
vt 0.89035200 0.79680100
vt 0.45697100 0.42161500
vt 0.77016000 0.36679400
vt 0.30050100 0.11429800
vt 0.46619000 0.32500100
vt 0.56891400 0.81653800
vt 0.23245300 0.43730600
vt 0.71616700 0.58873300
vt 0.46820700 0.18741300
vt 0.09211200 0.33745500
vt 0.23231800 0.26100300
vt 0.84675700 0.49687000
vt 0.19103400 0.26124600
vt 0.28314500 0.58140300
vt 0.23501500 0.64297300
vt 0.24178400 0.89665000
vt 0.71117300 0.57933200
vt 0.62785900 0.76546900
vt 0.63667100 0.77981000
vt 0.59875000 0.74471800
vt 0.31226700 0.14587200
vt 0.85749200 0.77974000
vt 0.45052000 0.35813700
vt 0.16333000 0.20601400
vt 0.17738200 0.31168800
vt 0.49888400 0.72335000
vt 0.82858900 0.18677900
vt 0.93635800 0.82580000
vt 0.61322100 0.16960200
vt 0.10599000 0.75533600
vt 0.78910800 0.14590100
vt 0.95376400 0.30387200
vt 0.01391900 0.29615800
vt 0.83851100 0.56861900
vt 0.03488300 0.01329000
vt 0.43529000 0.34460400
vt 0.46836500 0.27469600
vt 0.07351500 0.06792400
vt 0.17807800 0.13364100
vt 0.49636200 0.39203600
vt 0.15207300 0.96986800
vt 0.72519600 0.41760700
vt 0.42529000 0.55723800
vt 0.79993100 0.41046300
vt 0.42607600 0.35392800
vt 0.78850000 0.81466300
vt 0.40568500 0.53347900
vt 0.24142000 0.12510800
vt 0.22793200 0.53994400
vt 0.65920100 0.20654700
vt 0.06288100 0.33413000
vt 0.65297600 0.80679100
vt 0.93097300 0.02584200
vt 0.65699900 0.24829900
vt 0.64605400 0.23608200
vt 0.23879400 0.27596400
vt 0.23969200 0.63818400
vt 0.36959800 0.32496400
vt 0.20724800 0.25586300
vt 0.79049800 0.78924900
vt 0.46345400 0.36334700
vt 0.24005200 0.47199000
vt 0.42227200 0.35338700
vt 0.53595500 0.57191800
vt 0.79748800 0.77681900
vt 0.04498300 0.95320500
vt 0.82963300 0.18291100
vt 0.03437100 0.79077300
vt 0.78892800 0.06679800
vt 0.65436800 0.93324100
vt 0.23766500 0.41221100
vt 0.82956700 0.89022600
vt 0.48978700 0.40045100
vt 0.14193900 0.97293900
vt 0.23800300 0.42470200
vt 0.12030200 0.16709800
vt 0.00083400 0.23925200
vt 0.83804300 0.51252400
vt 0.19448600 0.07965600
vt 0.63437400 0.76545900
vt 0.87332200 0.76501400
vt 0.78485900 0.39774800
vt 0.64995000 0.69850400
vt 0.23914000 0.34431400
vt 0.23919700 0.52638500
vt 0.62786000 0.72393100
vt 0.29549900 0.51032100
vt 0.50487800 0.96637200
vt 0.90101300 0.18934200
vt 0.72427800 0.75728700
vt 0.45967700 0.51826700
vt 0.75379900 0.00686500
vt 0.65738800 0.28764700
vt 0.32379400 0.12189600
vt 0.45933700 0.81448400
vt 0.67082600 0.22120100
vt 0.33772000 0.09281200
vt 0.80453700 0.13130100
vt 0.69447600 0.97976900
vt 0.23571400 0.49197700
vt 0.23422500 0.41206900
vt 0.28103100 0.17291000
vt 0.85933500 0.99871300
vt 0.37349000 0.15891600
vt 0.68826300 0.38680200
vt 0.46648500 0.85205800
vt 0.78778200 0.16222600
vt 0.74122600 0.41789000
vt 0.21627600 0.89913800
vt 0.23294900 0.35267000
vt 0.26271700 0.69743200
vt 0.47032200 0.47302300
vt 0.58359700 0.79039800
vt 0.23259000 0.33280500
vt 0.26780700 0.66292400
vt 0.46703900 0.11153000
vt 0.75271100 0.82678500
vt 0.39019000 0.73948800
vt 0.59585900 0.36043000
vt 0.55208900 0.75510400
vt 0.46774000 0.24950100
vt 0.70982700 0.83120700
vt 0.17715200 0.21285000
vt 0.54077900 0.82751400
vt 0.83993700 0.56955300
vt 0.52594400 0.98735500
vt 0.82357300 0.36555000
vt 0.72255700 0.39800300
vt 0.11997300 0.75269400
vt 0.89035200 0.82580000
vt 0.83060100 0.70525600
vt 0.94437300 0.45730200
vt 0.47073400 0.66166600
vt 0.48265300 0.40874900
vt 0.17915100 0.44371000
vt 0.41936300 0.41283400
vt 0.19788900 0.26130200
vt 0.64079600 0.70944900
vt 0.42405200 0.34376200
vt 0.27872300 0.50073200
vt 0.85264000 0.49715400
vt 0.68362500 0.37848200
vt 0.77188600 0.82769700
vt 0.17636700 0.26754700
vt 0.37430600 0.74324700
vt 0.41435500 0.24237500
vt 0.23946700 0.73246400
vt 0.23910500 0.69524600
vt 0.40791900 0.28126400
vt 0.90109800 0.78572800
vt 0.17301100 0.72664400
vt 0.82236000 0.40753000
vt 0.16054400 0.74462900
vt 0.55681500 0.79516400
vt 0.45895700 0.64618900
vt 0.16770600 0.28277500
vt 0.17749700 0.23517100
vt 0.21609600 0.85455000
vt 0.21181200 0.08625700
vt 0.57341700 0.76963000
vt 0.65996400 0.68960600
vt 0.88091400 0.34673600
vt 0.80896500 0.11026100
vt 0.08206600 0.64825400
vt 0.98790600 0.49178700
vt 0.97492200 0.45679900
vt 0.81875000 0.40573700
vt 0.23397100 0.34909300
vt 0.33665900 0.16227700
vt 0.83858300 0.42229900
vt 0.92384200 0.49138000
vt 0.10006200 0.67000000
vt 0.90428500 0.49669600
vt 0.45979900 0.33049800
vt 0.65297300 0.76685600
vt 0.83819300 0.58014500
vt 0.02214800 0.30815600
vt 0.38462800 0.73686700
vt 0.94935200 0.75798900
vt 0.65323000 0.24812400
vt 0.44564500 0.33036700
vt 0.83461600 0.52990400
vt 0.30192400 0.32857800
vt 0.80659500 0.09551000
vt 0.32050500 0.12509600
vt 0.02399300 0.89993600
vt 0.23617900 0.51624800
vt 0.67517900 0.95885100
vt 0.89710800 0.09587100
vt 0.66424800 0.67065700
vt 0.02077400 0.82915800
vt 0.36185600 0.09889000
vt 0.64174500 0.60499200
vt 0.24534200 0.40192900
vt 0.60356300 0.75902500
vt 0.17503300 0.25493000
vt 0.97483300 0.52729500
vt 0.81001900 0.37034500
vt 0.15799100 0.19744700
vt 0.17749800 0.32099500
vt 0.65057300 0.28215400
vt 0.39629900 0.76166800
vt 0.05533200 0.77363300
vt 0.78861600 0.09413100
vt 0.23174900 0.27376700
vt 0.84734500 0.50959300
vt 0.19147000 0.27400300
vt 0.08065700 0.99323400
vt 0.94675400 0.42813200
vt 0.65648900 0.78566500
vt 0.63698200 0.96019200
vt 0.78664900 0.41092000
vt 0.76205300 0.80573800
vt 0.57335600 0.01963000
vt 0.05103700 0.01381800
vt 0.04483600 0.78214100
vt 0.78778200 0.08048600
vt 0.23855400 0.53917100
vt 0.63230500 0.76518900
vt 0.95371900 0.34960500
vt 0.24021200 0.87673200
vt 0.78463400 0.76860800
vt 0.01997500 0.91258500
vt 0.30056300 0.72629900
vt 0.26380500 0.81134600
vt 0.78230700 0.15420600
vt 0.80113600 0.15720100
vt 0.85666300 0.75726400
vt 0.46121200 0.51306700
vt 0.89816100 0.19459500
vt 0.08112800 0.99184500
vt 0.47921400 0.91885600
vt 0.83814100 0.45299100
vt 0.23454400 0.45689000
vt 0.39946300 0.29066400
vt 0.25760700 0.15133300
vt 0.96138900 0.45961900
vt 0.06553100 0.97748000
vt 0.83463400 0.44880300
vt 0.40626100 0.56203800
vt 0.96131200 0.98880200
vt 0.22595900 0.24427200
vt 0.85895600 0.91967300
vt 0.09386000 0.99630600
vt 0.94600000 0.41822400
vt 0.95825300 0.43963000
vt 0.00107200 0.23431700
vt 0.83747900 0.50758500
vt 0.62616700 0.84296100
vt 0.76557500 0.40412800
vt 0.56453900 0.17606500
vt 0.47024600 0.18825100
vt 0.29927500 0.85112300
vt 0.47819000 0.62350100
vt 0.81025800 0.18231200
vt 0.97794600 0.84000000
vt 0.23782400 0.09502900
vt 0.93333500 0.46761500
vt 0.26528700 0.67541900
vt 0.23996200 0.32511100
vt 0.02116600 0.92613800
vt 0.23594100 0.66698000
vt 0.83238700 0.62960800
vt 0.11554300 0.52582600
vt 0.39947300 0.10685000
vt 0.79513700 0.78951400
vt 0.74553400 0.37714300
vt 0.71718100 0.43142900
vt 0.87334900 0.16555900
vt 0.14499500 0.98609000
vt 0.01521800 0.85338200
vt 0.67624000 0.15279000
vt 0.42407400 0.33563600
vt 0.15849900 0.13322700
vt 0.69336300 0.78007400
vt 0.42167200 0.51906000
vt 0.95943600 1.00000000
vt 0.67847800 0.96838700
vt 0.83704600 0.56872700
vt 0.76396400 0.80326200
vt 0.75012600 0.39675500
vt 0.85708300 0.83468400
vt 0.91696100 0.41226900
vt 0.65408400 0.79394100
vt 0.66867400 0.19681900
vt 0.96634100 0.46786900
vt 0.58728100 0.76577000
vt 0.47022800 0.19785100
vt 0.57406800 0.17706100
vt 0.27446600 0.55457500
vt 0.81506400 0.27763700
vt 0.23910800 0.68512400
vt 0.40358900 0.29039700
vt 0.41320300 0.23230600
vt 0.23964900 0.74072000
vt 0.81200600 0.85519000
vt 0.17658800 0.31632400
vt 0.17972200 0.13135300
vt 0.17083100 0.45153400
vt 0.54229800 0.55296600
vt 0.58606800 0.55802500
vt 0.95290900 0.27708000
vt 0.21425200 0.80031600
vt 0.23353800 0.41548500
vt 0.27685600 0.17520400
vt 0.20748800 0.06418300
vt 0.19772200 0.09169900
vt 0.72096300 0.35866200
vt 0.77266600 0.41046300
vt 0.63013600 0.76519100
vt 0.65490000 0.78135900
vt 0.66374900 0.93271000
vt 0.80086700 0.05342100
vt 0.01479200 0.86496400
vt 0.31619900 0.10504000
vt 0.42573900 0.57311200
vt 0.87354300 0.83345100
vt 0.76131200 0.41046300
vt 0.46719600 0.25362700
vt 0.24016900 0.42379300
vt 0.47962300 0.30093700
vt 0.46713000 0.15970700
vt 0.55628800 0.35474700
vt 0.64817200 0.95032200
vt 0.95563500 0.76293700
vt 0.24021200 0.31244000
vt 0.61686600 0.79772200
vt 0.14245500 0.13518500
vt 0.70780400 0.23518600
vt 0.92433500 0.82580000
vt 0.16363300 0.53177300
vt 0.79252700 0.36540700
vt 0.81828400 0.13397800
vt 0.85590900 0.02473200
vt 0.95511400 0.35010900
vt 0.12360700 0.08258600
vt 0.95324200 0.80729700
vt 0.48346800 0.88331100
vt 0.28747900 0.34683900
vt 0.04726900 0.50971100
vt 0.16510100 0.47640900
vt 0.23423700 0.26937500
vt 0.67166500 0.68632200
vt 0.23914000 0.54662800
vt 0.24009400 0.44673500
vt 0.83518200 0.55977200
vt 0.23328200 0.50034000
vt 0.24021200 0.25261300
vt 0.47555200 0.91415100
vt 0.86700000 0.35624500
vt 0.72223600 0.40450800
vt 0.81872400 0.37034700
vt 0.23313300 0.45120300
vt 0.25097800 0.20459100
vt 0.13782100 0.12093500
vt 0.62981800 0.80888100
vt 0.38453500 0.15544700
vt 0.87165700 0.99430800
vt 0.84562300 0.48836900
vt 0.65370000 0.06516000
vt 0.12162600 0.06763900
vt 0.65780400 0.19791200
vt 0.03129100 0.92112200
vt 0.15526900 0.77569900
vt 0.23007900 0.87678000
vt 0.26350100 0.10511000
vt 0.18096300 0.06951400
vt 0.65533300 0.30132000
vt 0.17971900 0.06763600
vt 0.23924700 0.62178600
vt 0.60452900 0.76874900
vt 0.47019400 0.48463200
vt 0.52431000 0.98100600
vt 0.91712300 0.83654600
vt 0.16619600 0.98907900
vt 0.37020700 0.12604300
vt 0.72234600 0.81557600
vt 0.91412300 0.99816200
vt 0.62236500 0.98109300
vt 0.24021200 0.27652900
vt 0.23530500 0.62202900
vt 0.29787100 0.56615900
vt 0.27307700 0.60015800
vt 0.06133300 0.73878800
vt 0.83105600 0.40753100
vt 0.31788200 0.09193800
vt 0.96379900 0.24950500
vt 0.92600100 0.90840100
vt 0.77401400 0.57191700
vt 0.81250400 0.23668000
vt 0.96669000 0.18335500
vt 0.92509600 0.80361600
vt 0.85250400 0.18546400
vt 0.76988800 0.41067000
vt 0.75763300 0.78924200
vt 0.17333700 0.10621000
vt 0.76082600 0.42101200
vt 0.41575600 0.40352800
vt 0.48055400 0.66120400
vt 0.00355400 0.25876500
vt 0.17414100 0.28798200
vt 0.94741300 0.59131600
vt 0.00218300 0.85039800
vt 0.79125300 0.00425000
vt 0.00087800 0.00000000
vt 0.96427900 0.75649800
vt 0.55479000 0.79756200
vt 0.57671900 0.75395200
vt 0.43799900 0.34911600
vt 0.23653100 0.40248000
vt 0.78346300 0.98785000
vt 0.83659000 0.58001100
vt 0.75715100 0.99929800
vt 0.83691300 0.48357200
vt 0.86833800 0.84742300
vt 0.31409100 0.71615200
vt 0.46928900 0.11976000
vt 0.56371400 0.75933800
vt 0.61141300 0.77317700
vt 0.58676500 0.79268500
vt 0.23974000 0.68034400
vt 0.40081500 0.29429900
vt 0.84520700 0.83523900
vt 0.97884600 0.59131600
vt 0.91366500 0.40064600
vt 0.04275000 0.35333300
vt 0.00642900 0.39459100
vt 0.24664300 0.46196000
vt 0.66508000 0.64627100
vt 0.67090000 0.07676900
vt 0.19995000 0.25621600
vt 0.46788000 0.16281000
vt 0.65222600 0.81169700
vt 0.65861600 0.90410800
vt 0.23369600 0.40815000
vt 0.28496900 0.17002400
vt 0.46891100 0.25800700
vt 0.60933700 0.75902500
vt 0.02986900 0.70024100
vt 0.21280200 0.08048900
vt 0.87265500 0.79036500
vt 0.39378800 0.10939400
vt 0.65029700 0.25458300
vt 0.36946500 0.75649800
vt 0.05609200 0.12374300
vt 0.82742700 0.37034700
vt 0.65912300 0.14229900
vt 0.99480900 0.75640600
vt 0.95715300 0.50472300
vt 0.26658900 0.10585700
vt 0.16629200 0.77869300
vt 0.06621100 0.08934300
vt 0.76476200 0.37965300
vt 0.46797900 0.30288200
vt 0.43362200 0.35392800
vt 0.61736000 0.54387800
vt 0.64981400 0.59930200
vt 0.08181400 0.62670400
vt 0.41920000 0.07148300
vt 0.44940500 0.35503700
vt 0.40484700 0.09295100
vt 0.16059400 0.29581400
vt 0.17829500 0.22341900
vt 0.95804300 0.58124800
vt 0.29296600 0.13186400
vt 0.15884000 0.11733900
vt 0.86082000 0.83807100
vt 0.46890000 0.44316900
vt 0.40262000 0.72298500
vt 0.26153400 0.60148600
vt 0.15586100 0.13562900
vt 0.76299200 0.40409100
vt 0.85536100 0.98766600
vt 0.96179300 0.46634000
vt 0.25554800 0.14468400
vt 0.23423700 0.30686200
vt 0.67214700 0.64816100
vt 0.65188900 0.89246900
vt 0.83308800 0.41046300
vt 0.80880800 0.07705000
vt 0.55358400 0.75687400
vt 0.46442400 0.35362300
vt 0.46630800 0.09887700
vt 0.12938700 0.32647500
vt 0.46809100 0.22582500
vt 0.08202900 0.16056000
vt 0.23733900 0.46304600
vt 0.95511800 0.35928100
vt 0.24021200 0.89049900
vt 0.12295000 0.09184600
vt 0.93508200 0.81449200
vt 0.82357300 0.38800800
vt 0.05638500 0.10565600
vt 0.23524500 0.65284300
vt 0.27739900 0.59038100
vt 0.63635400 0.21561800
vt 0.17892800 0.33383600
vt 0.91112100 0.81236800
vt 0.81779000 0.11798500
vt 0.79537200 0.42409500
vt 0.63313500 0.03419600
vt 0.29352900 0.56095600
vt 0.22785100 0.62283100
vt 0.00556500 0.91130900
vt 0.94509400 0.53844200
vt 0.82799100 0.78951800
vt 0.94689600 0.98944300
vt 0.26158400 0.08652000
vt 0.96134900 0.52424300
vt 0.01168100 0.82473700
vt 0.78912500 0.02768600
vt 0.46678600 0.22777300
vt 0.49563000 0.32572300
vt 0.84955200 0.44427900
vt 0.08565400 0.11050200
vt 0.87850800 0.99250900
vt 0.32021800 0.55262100
vt 0.14116600 0.78137200
vt 0.66454000 0.47241700
vt 0.47257100 0.45166100
vt 0.08874500 0.97013100
vt 0.51285300 0.17028700
vt 0.93979000 0.46928700
vt 0.18845700 0.94657300
vt 0.53117700 0.36638600
vt 0.95050300 0.82580000
vt 0.65361300 0.18409600
vt 0.24387200 0.10275300
vt 0.23010700 0.56219700
vt 0.37359300 0.73926000
vt 0.26235900 0.30664400
vt 0.23709400 0.65308600
vt 0.54160200 0.36249600
vt 0.19588800 0.93818800
vt 0.66742300 0.39862900
vt 0.85228400 0.99966500
vt 0.46963600 0.45726700
vt 0.58359700 0.77462700
vt 0.55380000 0.76243500
vt 0.17925900 0.12336200
vt 0.43195100 0.34460400
vt 0.34000000 0.73848000
f 432/432 1936/1936 4055/4055
f 1914/1914 1936/1936 432/432
f 4240/4240 2260/2260 1076/1076
f 4052/4052 4561/4561 1224/1224
f 4052/4052 5112/5112 4561/4561
f 3156/3156 4052/4052 344/344
f 3156/3156 344/344 66/66
f 3530/3530 4141/4141 3360/3360
f 252/252 3530/3530 1505/1505
f 252/252 4141/4141 3530/3530
f 2025/2025 4018/4018 4359/4359
f 260/260 4359/4359 124/124
f 3096/3096 720/720 1552/1552
f 1160/1160 1552/1552 581/581
f 1160/1160 3096/3096 1552/1552
f 3533/3533 889/889 4366/4366
f 215/215 3821/3821 4860/4860
f 1936/1936 354/354 3518/3518
f 193/193 4824/4824 1936/1936
f 527/527 3556/3556 4609/4609
f 298/298 4055/4055 1936/1936
f 791/791 4834/4834 1986/1986
f 4633/4633 1446/1446 4665/4665
f 227/227 5101/5101 4557/4557
f 3823/3823 3197/3197 4405/4405
f 5083/5083 4413/4413 3337/3337
f 1985/1985 1211/1211 595/595
f 3796/3796 3581/3581 296/296
f 3581/3581 2833/2833 4076/4076
f 1243/1243 296/296 1788/1788
f 3796/3796 139/139 1009/1009
f 1009/1009 2487/2487 4467/4467
f 4338/4338 2487/2487 2872/2872
f 4467/4467 4338/4338 2906/2906
f 2487/2487 4513/4513 1814/1814
f 903/903 2871/2871 1264/1264
f 4339/4339 903/903 264/264
f 4513/4513 2934/2934 1814/1814
f 2934/2934 1146/1146 1152/1152
f 2872/2872 1814/1814 4669/4669
f 4513/4513 2059/2059 1165/1165
f 2299/2299 1204/1204 699/699
f 3401/3401 4300/4300 3973/3973
f 1203/1203 3401/3401 1727/1727
f 3182/3182 772/772 3465/3465
f 772/772 441/441 1881/1881
f 441/441 772/772 4878/4878
f 441/441 3472/3472 3915/3915
f 1881/1881 2876/2876 4639/4639
f 3915/3915 1311/1311 2783/2783
f 2877/2877 3295/3295 5180/5180
f 3915/3915 2783/2783 1881/1881
f 3033/3033 1311/1311 553/553
f 5097/5097 4348/4348 22/22
f 4348/4348 4003/4003 1710/1710
f 4003/4003 4348/4348 1311/1311
f 4003/4003 2439/2439 3840/3840
f 1710/1710 2197/2197 4855/4855
f 820/820 442/442 2197/2197
f 2198/2198 923/923 3251/3251
f 3840/3840 820/820 1710/1710
f 442/442 4551/4551 220/220
f 2942/2942 4748/4748 11/11
f 4748/4748 1363/1363 556/556
f 1363/1363 4748/4748 4551/4551
f 1363/1363 4595/4595 4759/4759
f 556/556 3853/3853 2055/2055
f 4759/4759 1221/1221 1349/1349
f 109/109 1221/1221 2237/2237
f 4759/4759 1349/1349 556/556
f 1476/1476 2236/2236 4247/4247
f 108/108 1474/1474 1789/1789
f 5002/5002 757/757 3540/3540
f 757/757 321/321 3442/3442
f 321/321 757/757 1221/1221
f 321/321 523/523 4014/4014
f 3442/3442 3171/3171 635/635
f 4014/4014 1683/1683 284/284
f 3170/3170 2165/2165 2495/2495
f 4014/4014 284/284 3442/3442
f 2482/2482 1683/1683 4151/4151
f 523/523 3596/3596 1127/1127
f 1139/1139 3763/3763 523/523
f 1059/1059 1777/1777 4595/4595
f 326/326 4002/4002 2439/2439
f 542/542 1296/1296 3472/3472
f 2059/2059 4906/4906 542/542
f 139/139 2546/2546 355/355
f 766/766 2907/2907 4013/4013
f 1585/1585 2907/2907 1683/1683
f 1585/1585 1127/1127 362/362
f 2912/2912 1865/1865 4418/4418
f 2368/2368 4337/4337 1243/1243
f 362/362 4337/4337 2912/2912
f 362/362 2281/2281 3796/3796
f 4337/4337 3796/3796 296/296
f 3417/3417 1242/1242 4384/4384
f 2369/2369 3417/3417 4168/4168
f 261/261 4095/4095 1100/1100
f 796/796 216/216 1715/1715
f 3640/3640 1715/1715 3543/3543
f 3249/3249 1100/1100 1369/1369
f 2129/2129 1912/1912 3355/3355
f 13/13 2129/2129 4225/4225
f 2822/2822 13/13 518/518
f 2270/2270 1235/1235 331/331
f 4148/4148 4204/4204 1234/1234
f 2298/2298 3390/3390 4205/4205
f 4203/4203 3939/3939 3133/3133
f 3935/3935 3804/3804 4798/4798
f 3804/3804 846/846 2270/2270
f 5031/5031 3934/3934 3517/3517
f 845/845 3535/3535 1236/1236
f 380/380 1190/1190 221/221
f 3515/3515 3592/3592 2582/2582
f 2582/2582 3592/3592 221/221
f 4520/4520 844/844 72/72
f 844/844 3827/3827 380/380
f 3828/3828 3617/3617 1191/1191
f 262/262 2244/2244 32/32
f 5190/5190 4765/4765 2242/2242
f 481/481 2364/2364 4763/4763
f 4764/4764 4491/4491 32/32
f 4570/4570 3039/3039 621/621
f 3039/3039 1420/1420 262/262
f 1175/1175 4571/4571 3669/3669
f 1419/1419 2131/2131 2243/2243
f 3150/3150 1799/1799 3691/3691
f 3667/3667 621/621 2520/2520
f 2520/2520 621/621 5123/5123
f 808/808 568/568 4406/4406
f 568/568 93/93 3150/3150
f 94/94 691/691 1800/1800
f 1113/1113 4194/4194 722/722
f 2944/2944 2032/2032 4193/4193
f 3665/3665 3206/3206 2031/2031
f 2033/2033 3209/3209 4360/4360
f 2626/2626 1364/1364 1614/1614
f 1364/1364 647/647 1113/1113
f 648/648 507/507 4195/4195
f 2892/2892 769/769 4696/4696
f 2779/2779 1227/1227 771/771
f 1333/1333 4698/4698 1226/1226
f 1225/1225 1034/1034 4696/4696
f 1205/1205 404/404 2726/2726
f 404/404 4525/4525 2892/2892
f 4526/4526 3163/3163 770/770
f 4365/4365 2485/2485 1651/1651
f 373/373 3595/3595 2486/2486
f 3140/3140 407/407 3593/3593
f 3594/3594 173/173 1651/1651
f 118/118 368/368 3527/3527
f 368/368 3965/3965 4365/4365
f 3963/3963 4063/4063 2483/2483
f 1043/1043 1818/1818 971/971
f 1818/1818 922/922 971/971
f 3960/3960 2061/2061 258/258
f 114/114 5055/5055 3961/3961
f 5057/5057 2061/2061 3960/3960
f 2061/2061 915/915 258/258
f 258/258 915/915 1830/1830
f 4857/4857 1011/1011 2075/2075
f 1011/1011 2173/2173 2075/2075
f 4857/4857 2075/2075 2863/2863
f 2140/2140 73/73 1194/1194
f 73/73 2750/2750 1194/1194
f 2943/2943 1268/1268 2140/2140
f 1194/1194 2750/2750 3795/3795
f 2690/2690 4254/4254 2457/2457
f 4254/4254 1850/1850 2457/2457
f 4058/4058 4988/4988 1850/1850
f 1920/1920 4494/4494 4579/4579
f 4492/4492 2621/2621 4582/4582
f 3811/3811 1920/1920 626/626
f 3811/3811 2429/2429 1920/1920
f 4582/4582 2621/2621 3216/3216
f 4691/4691 2268/2268 763/763
f 2268/2268 1869/1869 763/763
f 584/584 1091/1091 4691/4691
f 3459/3459 1022/1022 3012/3012
f 1022/1022 901/901 3012/3012
f 2506/2506 3459/3459 4395/4395
f 2506/2506 1305/1305 3459/3459
f 3012/3012 901/901 5102/5102
f 3244/3244 3246/3246 70/70
f 3246/3246 2640/2640 781/781
f 781/781 2640/2640 2771/2771
f 5000/5000 2701/2701 448/448
f 1698/1698 3800/3800 4993/4993
f 3800/3800 3876/3876 1108/1108
f 1108/1108 3876/3876 1971/1971
f 2910/2910 881/881 2789/2789
f 1170/1170 1976/1976 2195/2195
f 1976/1976 4200/4200 275/275
f 275/275 4200/4200 3341/3341
f 4915/4915 3732/3732 3239/3239
f 3118/3118 2307/2307 2039/2039
f 3523/3523 1088/1088 2330/2330
f 1088/1088 3273/3273 3297/3297
f 3297/3297 3273/3273 3124/3124
f 3461/3461 3932/3932 133/133
f 2307/2307 1618/1618 1493/1493
f 2761/2761 1617/1617 2306/2306
f 3460/3460 134/134 1493/1493
f 3060/3060 5080/5080 2659/2659
f 5080/5080 3349/3349 1765/1765
f 1765/1765 3349/3349 1217/1217
f 3427/3427 878/878 2089/2089
f 2998/2998 1748/1748 3310/3310
f 1748/1748 5079/5079 3432/3432
f 3432/3432 5079/5079 2777/2777
f 2543/2543 4266/4266 2301/2301
f 1286/1286 1568/1568 4482/4482
f 1568/1568 2117/2117 799/799
f 799/799 2117/2117 787/787
f 4306/4306 4801/4801 4945/4945
f 3541/3541 2178/2178 136/136
f 2178/2178 4289/4289 89/89
f 89/89 4289/4289 2050/2050
f 4800/4800 2714/2714 4948/4948
f 2158/2158 1485/1485 2650/2650
f 1485/1485 2848/2848 1261/1261
f 1261/1261 2848/2848 4211/4211
f 235/235 2852/2852 4134/4134
f 3396/3396 4056/4056 936/936
f 4056/4056 2547/2547 1074/1074
f 1074/1074 2547/2547 1873/1873
f 894/894 4105/4105 4610/4610
f 4611/4611 3333/3333 3830/3830
f 1612/1612 2023/2023 4342/4342
f 2023/2023 743/743 2970/2970
f 2970/2970 743/743 4788/4788
f 1425/1425 3790/3790 4295/4295
f 3333/3333 2781/2781 2815/2815
f 4183/4183 1392/1392 2339/2339
f 1392/1392 4994/4994 4489/4489
f 4489/4489 4994/4994 1299/1299
f 328/328 1529/1529 185/185
f 186/186 1530/1530 3752/3752
f 157/157 4351/4351 3612/3612
f 4351/4351 3290/3290 4281/4281
f 4281/4281 3290/3290 3419/3419
f 3966/3966 1607/1607 4957/4957
f 3277/3277 4660/4660 4005/4005
f 2856/2856 2516/2516 853/853
f 2516/2516 3338/3338 4620/4620
f 4620/4620 3338/3338 4544/4544
f 2532/2532 537/537 5006/5006
f 800/800 2634/2634 909/909
f 469/469 3527/3527 2193/2193
f 4365/4365 1567/1567 800/800
f 800/800 1567/1567 2634/2634
f 4808/4808 1651/1651 1780/1780
f 1567/1567 1651/1651 4808/4808
f 173/173 1026/1026 4518/4518
f 4325/4325 2726/2726 483/483
f 1026/1026 2726/2726 4325/4325
f 2892/2892 964/964 1859/1859
f 1859/1859 964/964 1831/1831
f 3174/3174 4696/4696 1489/1489
f 964/964 4696/4696 3174/3174
f 1034/1034 3856/3856 3293/3293
f 2096/2096 1614/1614 301/301
f 3856/3856 1614/1614 2096/2096
f 1113/1113 3529/3529 3180/3180
f 3180/3180 3529/3529 277/277
f 4360/4360 1270/1270 591/591
f 3529/3529 722/722 376/376
f 4360/4360 3172/3172 1270/1270
f 222/222 3843/3843 5155/5155
f 3172/3172 4406/4406 2774/2774
f 3150/3150 3643/3643 222/222
f 222/222 3643/3643 3843/3843
f 5123/5123 2233/2233 4426/4426
f 3643/3643 3691/3691 3930/3930
f 5123/5123 4506/4506 2233/2233
f 1348/1348 184/184 4252/4252
f 4506/4506 184/184 1348/1348
f 4506/4506 621/621 184/184
f 262/262 2001/2001 4159/4159
f 4159/4159 2001/2001 3204/3204
f 4912/4912 32/32 1202/1202
f 2001/2001 32/32 4912/4912
f 4491/4491 3101/3101 2427/2427
f 4877/4877 1694/1694 1181/1181
f 3101/3101 72/72 4078/4078
f 380/380 3512/3512 4877/4877
f 4877/4877 3512/3512 1694/1694
f 3352/3352 221/221 5195/5195
f 3512/3512 221/221 3352/3352
f 3592/3592 2028/2028 1404/1404
f 4771/4771 323/323 4831/4831
f 2028/2028 4798/4798 5183/5183
f 2270/2270 1642/1642 4771/4771
f 4771/4771 1642/1642 323/323
f 3133/3133 1576/1576 911/911
f 1642/1642 331/331 3484/3484
f 3133/3133 469/469 1576/1576
f 3249/3249 822/822 2042/2042
f 1912/1912 3249/3249 3409/3409
f 3249/3249 4917/4917 822/822
f 141/141 1156/1156 2223/2223
f 141/141 4981/4981 1156/1156
f 4309/4309 4980/4980 140/140
f 83/83 1923/1923 4309/4309
f 4309/4309 1923/1923 4980/4980
f 576/576 2108/2108 5094/5094
f 120/120 1423/1423 944/944
f 2171/2171 3940/3940 1423/1423
f 4845/4845 945/945 3762/3762
f 1540/1540 1894/1894 1461/1461
f 1540/1540 3649/3649 1894/1894
f 3571/3571 3094/3094 3907/3907
f 27/27 952/952 3202/3202
f 3202/3202 4369/4369 1860/1860
f 1861/1861 83/83 3094/3094
f 3260/3260 3027/3027 3315/3315
f 3260/3260 773/773 3027/3027
f 1772/1772 773/773 3260/3260
f 4318/4318 3718/3718 1771/1771
f 1772/1772 3717/3717 773/773
f 2164/2164 1705/1705 2494/2494
f 84/84 1705/1705 2164/2164
f 84/84 1408/1408 1705/1705
f 1705/1705 150/150 4647/4647
f 1653/1653 4012/4012 2703/2703
f 4012/4012 2488/2488 2703/2703
f 4624/4624 765/765 1653/1653
f 4417/4417 1658/1658 2488/2488
f 2531/2531 3539/3539 4815/4815
f 3539/3539 3639/3639 4815/4815
f 4247/4247 5003/5003 2531/2531
f 636/636 2495/2495 3639/3639
f 2944/2944 304/304 1636/1636
f 1636/1636 2113/2113 3666/3666
f 2944/2944 644/644 304/304
f 986/986 12/12 3864/3864
f 12/12 1837/1837 3864/3864
f 3583/3583 2941/2941 987/987
f 2054/2054 4970/4970 1837/1837
f 1174/1174 777/777 2961/2961
f 1967/1967 1148/1148 3757/3757
f 3436/3436 21/21 4324/4324
f 21/21 2597/2597 4324/4324
f 4833/4833 5096/5096 3436/3436
f 4854/4854 3251/3251 2597/2597
f 4169/4169 891/891 1657/1657
f 3418/3418 891/891 4169/4169
f 3418/3418 906/906 891/891
f 891/891 494/494 4577/4577
f 3588/3588 3466/3466 2321/2321
f 3466/3466 3505/3505 2321/2321
f 3973/3973 3183/3183 3588/3588
f 4638/4638 5180/5180 3506/3506
f 217/217 1066/1066 1547/1547
f 3805/3805 1151/1151 4091/4091
f 1151/1151 3468/3468 4091/4091
f 1264/1264 4670/4670 3805/3805
f 1147/1147 487/487 3468/3468
f 885/885 4075/4075 2883/2883
f 4075/4075 3074/3074 2883/2883
f 4384/4384 1787/1787 885/885
f 2832/2832 4682/4682 3074/3074
f 1915/1915 4465/4465 1033/1033
f 4188/4188 2834/2834 1220/1220
f 4577/4577 4464/4464 3263/3263
f 1536/1536 1230/1230 1240/1240
f 1285/1285 2849/2849 3274/3274
f 4647/4647 1229/1229 465/465
f 5076/5076 1961/1961 4273/4273
f 5120/5120 4273/4273 462/462
f 4640/4640 3765/3765 725/725
f 2098/2098 1811/1811 1783/1783
f 3127/3127 3764/3764 5020/5020
f 4637/4637 470/470 1056/1056
f 5015/5015 4703/4703 4938/4938
f 2515/2515 471/471 2566/2566
f 5042/5042 687/687 82/82
f 1275/1275 2323/2323 2186/2186
f 2982/2982 686/686 2135/2135
f 3305/3305 3431/3431 356/356
f 2977/2977 1939/1939 4122/4122
f 188/188 3429/3429 5045/5045
f 4807/4807 5060/5060 2866/2866
f 2779/2779 195/195 1085/1085
f 1085/1085 4933/4933 1334/1334
f 2779/2779 4875/4875 195/195
f 1790/1790 3322/3322 4971/4971
f 1475/1475 3322/3322 1790/1790
f 1473/1473 4607/4607 3321/3321
f 3321/3321 1219/1219 4936/4936
f 5030/5030 2523/2523 4616/4616
f 351/351 2687/2687 61/61
f 373/373 1987/1987 5159/5159
f 5159/5159 2770/2770 3141/3141
f 373/373 1176/1176 1987/1987
f 924/924 3306/3306 3250/3250
f 36/36 3306/3306 924/924
f 36/36 4069/4069 3306/3306
f 3306/3306 1409/1409 3127/3127
f 4148/4148 4718/4718 4919/4919
f 4919/4919 217/217 2297/2297
f 4148/4148 1601/1601 4718/4718
f 2770/2770 4478/4478 1053/1053
f 3294/3294 3028/3028 5179/5179
f 3881/3881 3028/3028 3294/3294
f 3881/3881 3692/3692 3028/3028
f 3028/3028 2674/2674 2515/2515
f 4060/4060 596/596 1179/1179
f 1179/1179 351/351 1909/1909
f 4060/4060 1562/1562 596/596
f 1909/1909 351/351 5030/5030
f 4933/4933 4866/4866 3272/3272
f 1726/1726 1506/1506 488/488
f 3400/3400 1506/1506 1726/1726
f 3400/3400 115/115 1506/1506
f 1506/1506 4054/4054 2982/2982
f 5188/5188 4795/4795 4142/4142
f 4143/4143 4807/4807 482/482
f 5188/5188 892/892 4795/4795
f 2113/2113 4416/4416 2157/2157
f 266/266 5144/5144 4681/4681
f 902/902 5144/5144 266/266
f 902/902 4050/4050 5144/5144
f 5144/5144 4181/4181 188/188
f 3044/3044 801/801 1880/1880
f 1880/1880 1967/1967 4330/4330
f 3044/3044 3625/3625 801/801
f 4330/4330 1967/1967 1174/1174
f 53/53 4569/4569 3807/3807
f 3590/3590 3806/3806 519/519
f 2768/2768 3808/3808 3591/3591
f 1711/1711 53/53 2769/2769
f 513/513 420/420 1467/1467
f 4908/4908 3837/3837 1742/1742
f 1524/1524 148/148 540/540
f 2296/2296 541/541 821/821
f 3181/3181 541/541 2296/2296
f 1793/1793 1525/1525 3181/3181
f 3227/3227 974/974 467/467
f 4760/4760 4879/4879 4312/4312
f 3578/3578 951/951 4522/4522
f 3041/3041 4522/4522 3071/3071
f 1166/1166 4522/4522 3041/3041
f 3788/3788 3578/3578 1166/1166
f 4842/4842 2258/2258 4184/4184
f 625/625 4442/4442 1018/1018
f 1587/1587 4356/4356 2622/2622
f 4317/4317 3335/3335 3974/3974
f 2359/2359 3974/3974 206/206
f 3697/3697 3974/3974 2359/2359
f 1316/1316 4317/4317 3697/3697
f 5041/5041 2921/2921 4527/4527
f 4882/4882 3095/3095 1246/1246
f 3826/3826 2638/2638 734/734
f 4626/4626 735/735 210/210
f 3471/3471 735/735 4626/4626
f 1577/1577 3826/3826 3470/3470
f 685/685 662/662 1417/1417
f 3875/3875 2821/2821 1871/1871
f 2821/2821 273/273 1142/1142
f 1950/1950 1871/1871 4288/4288
f 1140/1140 625/625 1012/1012
f 524/524 3766/3766 3693/3693
f 4921/4921 4695/4695 4165/4165
f 4695/4695 3841/3841 1103/1103
f 1168/1168 4164/4164 3056/3056
f 1103/1103 4761/4761 3903/3903
f 4868/4868 3598/3598 3394/3394
f 4545/4545 3395/3395 3268/3268
f 3728/3728 3395/3395 4545/4545
f 810/810 4868/4868 3727/3727
f 3937/3937 3608/3608 2446/2446
f 933/933 3759/3759 2074/2074
f 3760/3760 2051/2051 2914/2914
f 1764/1764 2074/2074 4190/4190
f 2914/2914 4908/4908 2417/2417
f 1320/1320 2658/2658 2933/2933
f 2658/2658 3014/3014 4944/4944
f 872/872 2933/2933 3063/3063
f 4944/4944 525/525 1233/1233
f 179/179 493/493 1661/1661
f 3662/3662 1661/1661 3487/3487
f 2773/2773 1661/1661 3662/3662
f 2478/2478 179/179 2773/2773
f 4472/4472 2711/2711 431/431
f 3526/3526 2169/2169 4475/4475
f 2170/2170 4466/4466 1903/1903
f 1942/1942 4475/4475 2962/2962
f 1903/1903 5169/5169 1531/1531
f 2900/2900 107/107 4378/4378
f 107/107 75/75 224/224
f 2294/2294 4378/4378 2967/2967
f 224/224 4883/4883 4742/4742
f 5169/5169 2719/2719 5011/5011
f 2356/2356 3382/3382 2831/2831
f 3382/3382 2753/2753 2347/2347
f 3524/3524 2829/2829 4617/4617
f 2347/2347 1587/1587 2508/2508
f 3582/3582 501/501 4069/4069
f 3487/3487 1661/1661 1647/1647
f 4385/4385 3558/3558 906/906
f 3268/3268 3395/3395 2371/2371
f 4248/4248 1839/1839 4607/4607
f 210/210 735/735 2398/2398
f 4622/4622 4274/4274 1408/1408
f 206/206 3974/3974 5027/5027
f 1263/1263 1458/1458 4050/4050
f 3071/3071 4522/4522 4290/4290
f 3972/3972 3637/3637 115/115
f 821/821 541/541 1389/1389
f 4832/4832 774/774 3692/3692
f 520/520 3808/3808 4707/4707
f 3632/3632 4540/4540 3837/3837
f 1823/1823 3745/3745 4879/4879
f 3647/3647 1185/1185 4442/4442
f 2163/2163 4161/4161 4356/4356
f 946/946 4655/4655 3095/3095
f 875/875 1637/1637 1563/1563
f 4122/4122 1939/1939 1637/1637
f 357/357 2258/2258 2647/2647
f 3791/3791 424/424 5050/5050
f 2186/2186 2323/2323 424/424
f 82/82 974/974 3075/3075
f 2611/2611 2102/2102 2999/2999
f 4938/4938 4703/4703 2102/2102
f 1056/1056 421/421 4982/4982
f 4334/4334 1910/1910 4156/4156
f 1783/1783 1811/1811 1911/1911
f 725/725 2711/2711 1593/1593
f 4896/4896 3279/3279 1648/1648
f 462/462 4273/4273 3279/3279
f 1120/1120 661/661 3232/3232
f 637/637 2796/2796 2442/2442
f 3274/3274 2849/2849 2796/2796
f 1240/1240 2921/2921 2691/2691
f 2991/2991 1453/1453 3793/3793
f 1220/1220 2834/2834 1453/1453
f 1033/1033 3608/3608 2225/2225
f 885/885 2883/2883 3875/3875
f 2883/2883 3074/3074 273/273
f 3728/3728 3875/3875 811/811
f 4545/4545 885/885 3728/3728
f 3268/3268 885/885 4545/4545
f 3074/3074 1373/1373 3648/3648
f 274/274 3647/3647 625/625
f 460/460 119/119 3766/3766
f 3805/3805 4091/4091 4921/4921
f 4091/4091 3468/3468 3841/3841
f 1166/1166 4922/4922 3788/3788
f 3042/3042 3805/3805 1167/1167
f 3072/3072 3805/3805 3042/3042
f 3468/3468 400/400 1824/1824
f 3841/3841 1824/1824 4761/4761
f 3588/3588 2321/2321 933/933
f 2322/2322 3506/3506 2051/2051
f 3181/3181 933/933 1793/1793
f 2296/2296 3588/3588 3181/3181
f 821/821 3588/3588 2296/2296
f 3506/3506 3158/3158 3632/3632
f 2051/2051 3632/3632 4908/4908
f 3436/3436 4324/4324 1320/1320
f 4324/4324 2597/2597 3014/3014
f 2768/2768 1320/1320 1712/1712
f 3591/3591 3436/3436 2768/2768
f 520/520 3436/3436 3591/3591
f 2597/2597 3327/3327 461/461
f 3014/3014 461/461 525/525
f 986/986 3864/3864 3525/3525
f 3864/3864 1837/1837 4466/4466
f 2773/2773 3526/3526 2478/2478
f 3662/3662 987/987 2773/2773
f 3487/3487 987/987 3662/3662
f 1837/1837 2471/2471 476/476
f 4466/4466 476/476 5169/5169
f 2531/2531 4815/4815 2900/2900
f 4815/4815 3639/3639 75/75
f 3471/3471 2900/2900 1578/1578
f 4626/4626 2531/2531 3471/3471
f 210/210 2531/2531 4626/4626
f 3639/3639 4507/4507 947/947
f 75/75 947/947 4883/4883
f 476/476 4220/4220 2719/2719
f 1653/1653 2703/2703 2356/2356
f 2703/2703 2488/2488 2753/2753
f 3697/3697 2355/2355 1316/1316
f 2360/2360 1653/1653 3698/3698
f 205/205 1653/1653 2360/2360
f 2488/2488 4642/4642 2163/2163
f 2753/2753 2163/2163 1587/1587
f 1007/1007 1827/1827 976/976
f 1827/1827 1321/1321 976/976
f 1827/1827 4046/4046 1321/1321
f 1321/1321 4046/4046 4658/4658
f 3772/3772 3677/3677 64/64
f 3677/3677 209/209 64/64
f 3677/3677 3079/3079 209/209
f 209/209 3079/3079 744/744
f 545/545 2571/2571 2595/2595
f 2571/2571 1035/1035 2595/2595
f 2571/2571 1978/1978 1035/1035
f 1037/1037 1980/1980 2509/2509
f 3440/3440 2635/2635 3176/3176
f 2635/2635 4357/4357 3176/3176
f 2635/2635 2707/2707 4357/4357
f 4357/4357 2707/2707 1255/1255
f 1324/1324 2167/2167 4979/4979
f 2166/2166 2859/2859 4978/4978
f 2166/2166 3500/3500 2859/2859
f 2859/2859 3500/3500 1929/1929
f 1395/1395 4709/4709 5033/5033
f 4709/4709 2349/2349 5033/5033
f 4709/4709 1579/1579 2349/2349
f 2349/2349 1579/1579 674/674
f 3393/3393 1545/1545 979/979
f 1545/1545 3701/3701 979/979
f 1545/1545 5150/5150 3701/3701
f 3701/3701 5150/5150 4040/4040
f 3621/3621 4280/4280 3725/3725
f 4280/4280 4032/4032 3725/3725
f 4280/4280 6/6 4032/4032
f 4032/4032 6/6 693/693
f 197/197 2591/2591 869/869
f 2591/2591 742/742 869/869
f 2591/2591 92/92 742/742
f 742/742 92/92 4044/4044
f 1558/1558 608/608 2319/2319
f 608/608 3769/3769 2319/2319
f 607/607 2835/2835 3768/3768
f 3768/3768 2835/2835 676/676
f 3084/3084 3651/3651 3351/3351
f 3651/3651 4886/4886 3351/3351
f 3651/3651 2120/2120 4886/4886
f 4886/4886 2120/2120 1927/1927
f 2354/2354 2292/2292 1776/1776
f 2292/2292 1365/1365 1776/1776
f 2292/2292 4158/4158 1365/1365
f 1365/1365 4158/4158 4567/4567
f 292/292 1543/1543 281/281
f 1543/1543 2468/2468 281/281
f 1543/1543 2492/2492 2468/2468
f 2468/2468 2492/2492 780/780
f 2656/2656 3979/3979 4430/4430
f 3979/3979 1671/1671 4430/4430
f 3979/3979 842/842 1671/1671
f 1671/1671 842/842 1312/1312
f 2946/2946 3160/3160 1959/1959
f 3054/3054 4914/4914 840/840
f 1781/1781 2493/2493 1561/1561
f 3951/3951 116/116 2530/2530
f 3086/3086 2808/2808 2573/2573
f 2808/2808 1695/1695 3407/3407
f 3086/3086 2573/2573 1916/1916
f 2530/2530 3314/3314 4897/4897
f 4891/4891 2946/2946 1959/1959
f 948/948 1228/1228 1810/1810
f 4144/4144 2551/2551 4923/4923
f 4907/4907 130/130 310/310
f 130/130 2382/2382 645/645
f 4907/4907 310/310 2477/2477
f 2332/2332 4022/4022 1130/1130
f 4923/4923 2332/2332 473/473
f 806/806 2530/2530 4897/4897
f 560/560 3363/3363 2882/2882
f 3126/3126 3255/3255 587/587
f 3893/3893 4023/4023 4786/4786
f 4023/4023 2790/2790 2226/2226
f 3893/3893 4786/4786 4316/4316
f 2273/2273 5028/5028 4039/4039
f 587/587 2273/2273 3869/3869
f 4499/4499 4923/4923 473/473
f 3252/3252 369/369 1541/1541
f 1315/1315 4370/4370 1159/1159
f 2870/2870 761/761 392/392
f 761/761 2802/2802 3569/3569
f 2870/2870 392/392 2908/2908
f 1159/1159 2534/2534 3680/3680
f 925/925 587/587 3869/3869
f 1774/1774 1186/1186 5018/5018
f 597/597 1315/1315 1159/1159
f 2342/2342 3995/3995 1557/1557
f 3995/3995 4679/4679 3503/3503
f 2342/2342 1557/1557 2898/2898
f 5018/5018 4189/4189 4874/4874
f 2602/2602 1159/1159 3680/3680
f 1215/1215 453/453 367/367
f 1469/1469 1774/1774 5018/5018
f 2155/2155 968/968 4773/4773
f 968/968 19/19 641/641
f 2155/2155 4773/4773 2083/2083
f 2276/2276 3812/3812 4573/4573
f 367/367 2276/2276 610/610
f 3155/3155 5018/5018 4874/4874
f 3918/3918 792/792 2118/2118
f 1249/1249 1215/1215 367/367
f 2458/2458 2020/2020 1897/1897
f 2020/2020 5061/5061 1919/1919
f 2458/2458 1897/1897 4497/4497
f 2118/2118 1699/1699 3514/3514
f 1896/1896 367/367 610/610
f 2311/2311 5017/5017 1390/1390
f 1153/1153 3918/3918 2118/2118
f 1570/1570 2668/2668 1421/1421
f 2668/2668 3040/3040 2643/2643
f 1570/1570 1421/1421 2671/2671
f 1390/1390 2069/2069 604/604
f 2084/2084 2118/2118 3514/3514
f 3968/3968 1937/1937 4469/4469
f 1290/1290 2311/2311 1390/1390
f 4814/4814 10/10 3636/3636
f 10/10 4605/4605 3416/3416
f 4814/4814 3636/3636 714/714
f 4572/4572 1259/1259 2787/2787
f 4469/4469 4572/4572 873/873
f 1730/1730 1390/1390 604/604
f 144/144 4484/4484 4361/4361
f 2754/2754 3968/3968 4469/4469
f 5082/5082 3048/3048 4221/4221
f 3048/3048 4843/4843 1808/1808
f 5082/5082 4221/4221 3189/3189
f 3152/3152 539/539 753/753
f 4361/4361 3152/3152 4869/4869
f 1253/1253 4469/4469 873/873
f 1123/1123 3368/3368 4844/4844
f 3037/3037 144/144 4361/4361
f 703/703 2980/2980 3414/3414
f 2980/2980 1019/1019 963/963
f 703/703 3414/3414 5110/5110
f 1020/1020 2450/2450 3099/3099
f 4844/4844 1020/1020 5163/5163
f 2793/2793 4361/4361 4869/4869
f 2889/2889 4967/4967 669/669
f 4021/4021 1123/1123 4844/4844
f 4414/4414 2290/2290 1451/1451
f 2290/2290 4400/4400 4209/4209
f 4414/4414 1451/1451 3898/3898
f 669/669 248/248 1722/1722
f 1252/1252 4844/4844 5163/5163
f 3257/3257 3670/3670 4839/4839
f 5016/5016 4876/4876 4914/4914
f 3855/3855 3004/3004 4954/4954
f 3004/3004 26/26 818/818
f 3855/3855 4954/4954 2502/2502
f 4914/4914 3219/3219 840/840
f 2095/2095 669/669 1722/1722
f 3003/3003 3367/3367 3404/3404
f 3367/3367 914/914 2666/2666
f 3003/3003 3404/3404 96/96
f 4797/4797 201/201 3573/3573
f 1826/1826 4810/4810 3121/3121
f 272/272 3383/3383 438/438
f 3237/3237 3507/3507 3492/3492
f 5086/5086 3780/3780 4705/4705
f 1932/1932 2758/2758 4528/4528
f 1326/1326 4932/4932 558/558
f 1952/1952 1328/1328 1890/1890
f 5067/5067 3547/3547 63/63
f 2201/2201 4477/4477 1639/1639
f 4167/4167 2569/2569 3873/3873
f 4536/4536 3802/3802 3742/3742
f 1172/1172 4724/4724 146/146
f 4678/4678 4950/4950 4853/4853
f 4057/4057 1073/1073 4026/4026
f 4026/4026 2419/2419 937/937
f 4949/4949 4256/4256 2441/2441
f 2441/2441 4174/4174 4949/4949
f 4949/4949 4174/4174 1857/1857
f 1286/1286 1397/1397 2117/2117
f 1286/1286 1852/1852 1397/1397
f 1286/1286 5079/5079 1852/1852
f 1397/1397 3629/3629 2117/2117
f 2245/2245 555/555 664/664
f 19/19 2155/2155 3936/3936
f 2024/2024 2971/2971 695/695
f 695/695 1403/1403 4341/4341
f 4725/4725 2972/2972 3446/3446
f 3446/3446 1501/1501 4725/4725
f 4068/4068 2203/2203 877/877
f 4436/4436 4888/4888 5075/5075
f 1391/1391 4490/4490 3046/3046
f 3046/3046 5051/5051 2338/2338
f 2998/2998 2459/2459 5079/5079
f 2998/2998 3731/3731 2459/2459
f 2998/2998 3349/3349 3731/3731
f 2459/2459 1852/1852 5079/5079
f 3134/3134 1463/1463 4367/4367
f 4350/4350 4282/4282 3259/3259
f 3259/3259 2885/2885 3613/3613
f 671/671 2550/2550 4784/4784
f 1592/1592 3657/3657 250/250
f 4679/4679 2342/2342 2960/2960
f 2517/2517 4621/4621 3909/3909
f 3909/3909 2009/2009 852/852
f 3060/3060 1905/1905 3349/3349
f 3060/3060 3865/3865 1905/1905
f 3060/3060 3273/3273 3865/3865
f 1905/1905 3731/3731 3349/3349
f 3956/3956 1144/1144 2837/2837
f 2815/2815 1132/1132 4822/4822
f 4822/4822 839/839 2815/2815
f 1132/1132 3339/3339 4822/4822
f 2815/2815 839/839 3333/3333
f 3523/3523 3191/3191 3273/3273
f 3523/3523 3859/3859 3191/3191
f 3523/3523 4200/4200 3859/3859
f 3191/3191 3865/3865 3273/3273
f 498/498 3339/3339 186/186
f 186/186 3339/3339 1132/1132
f 2802/2802 2870/2870 2760/2760
f 4931/4931 1102/1102 1627/1627
f 1627/1627 4841/4841 4931/4931
f 4931/4931 4841/4841 2867/2867
f 4916/4916 4565/4565 4575/4575
f 3196/3196 1966/1966 4755/4755
f 2759/2759 3065/3065 4965/4965
f 166/166 435/435 238/238
f 1170/1170 4409/4409 4200/4200
f 1170/1170 2653/2653 4409/4409
f 1170/1170 3876/3876 2653/2653
f 4409/4409 3859/3859 4200/4200
f 985/985 2896/2896 4448/4448
f 2790/2790 3893/3893 2224/2224
f 1112/1112 4246/4246 4593/4593
f 3508/3508 2114/2114 4618/4618
f 1698/1698 738/738 3876/3876
f 1698/1698 1610/1610 738/738
f 1698/1698 2640/2640 1610/1610
f 738/738 2653/2653 3876/3876
f 1319/1319 4319/4319 991/991
f 1375/1375 2018/2018 4775/4775
f 4775/4775 2018/2018 1963/1963
f 5166/5166 3402/3402 843/843
f 2005/2005 4333/4333 2240/2240
f 334/334 730/730 3283/3283
f 3283/3283 4250/4250 2748/2748
f 2599/2599 4770/4770 1346/1346
f 1346/1346 4770/4770 345/345
f 3244/3244 1606/1606 2640/2640
f 3244/3244 1065/1065 1606/1606
f 3244/3244 3338/3338 1065/1065
f 1606/1606 1610/1610 2640/2640
f 2382/2382 4907/4907 4244/4244
f 4099/4099 3554/3554 112/112
f 4487/4487 3687/3687 4258/4258
f 2081/2081 4293/4293 3750/3750
f 4353/4353 1737/1737 2491/2491
f 2809/2809 3406/3406 2744/2744
f 2744/2744 1129/1129 2574/2574
f 4033/4033 4251/4251 657/657
f 129/129 646/646 2473/2473
f 2473/2473 5173/5173 309/309
f 1695/1695 3086/3086 2637/2637
f 2637/2637 514/514 1695/1695
f 1695/1695 514/514 3003/3003
f 5036/5036 4584/4584 2723/2723
f 4024/4024 2227/2227 4297/4297
f 4297/4297 317/317 4787/4787
f 5035/5035 2601/2601 2725/2725
f 2725/2725 1554/1554 3169/3169
f 1791/1791 363/363 4157/4157
f 760/760 3568/3568 1492/1492
f 1492/1492 4392/4392 393/393
f 3473/3473 5170/5170 38/38
f 5170/5170 1669/1669 395/395
f 3994/3994 3504/3504 5186/5186
f 5186/5186 1995/1995 1556/1556
f 4876/4876 3670/3670 3219/3219
f 3670/3670 3257/3257 2095/2095
f 4967/4967 4924/4924 248/248
f 4924/4924 4021/4021 1252/1252
f 3368/3368 3836/3836 1020/1020
f 3836/3836 3037/3037 2793/2793
f 4484/4484 23/23 3152/3152
f 23/23 2754/2754 1253/1253
f 1937/1937 2280/2280 4572/4572
f 2280/2280 1290/1290 1730/1730
f 5017/5017 5104/5104 2069/2069
f 5104/5104 1153/1153 2084/2084
f 792/792 2747/2747 1699/1699
f 2747/2747 1249/1249 1896/1896
f 453/453 2678/2678 2276/2276
f 2678/2678 1469/1469 3155/3155
f 1186/1186 4172/4172 4189/4189
f 4172/4172 597/597 2602/2602
f 4370/4370 369/369 2534/2534
f 369/369 3252/3252 925/925
f 3255/3255 3363/3363 2273/2273
f 3363/3363 560/560 4499/4499
f 2551/2551 1228/1228 2332/2332
f 1228/1228 948/948 806/806
f 116/116 2493/2493 3314/3314
f 2493/2493 1781/1781 4891/4891
f 4719/4719 2174/2174 3160/3160
f 2174/2174 4030/4030 3054/3054
f 2021/2021 548/548 350/350
f 548/548 1685/1685 503/503
f 257/257 491/491 611/611
f 969/969 640/640 2987/2987
f 2987/2987 2978/2978 4772/4772
f 3361/3361 4323/4323 4893/4893
f 4893/4893 2100/2100 4969/4969
f 3604/3604 2264/2264 2119/2119
f 2019/2019 1918/1918 4009/4009
f 4009/4009 3070/3070 1898/1898
f 3304/3304 1739/1739 2383/2383
f 1957/1957 2915/2915 422/422
f 2669/2669 2644/2644 2663/2663
f 2663/2663 3654/3654 1422/1422
f 4175/4175 528/528 1046/1046
f 3023/3023 723/723 2964/2964
f 9/9 3415/3415 1434/1434
f 1434/1434 3210/3210 3635/3635
f 1029/1029 833/833 4117/4117
f 307/307 4498/4498 2801/2801
f 1385/1385 4777/4777 30/30
f 1385/1385 1086/1086 4777/4777
f 3311/3311 4038/4038 3021/3021
f 3311/3311 2844/2844 4038/4038
f 3364/3364 3025/3025 378/378
f 3364/3364 2057/2057 3025/3025
f 47/47 4180/4180 2526/2526
f 2526/2526 4180/4180 302/302
f 3580/3580 4741/4741 8/8
f 2253/2253 5026/5026 1794/1794
f 2253/2253 567/567 5026/5026
f 827/827 3313/3313 1479/1479
f 827/827 1660/1660 3313/3313
f 2704/2704 2925/2925 98/98
f 2704/2704 3695/3695 2925/2925
f 2807/2807 1317/1317 213/213
f 2807/2807 4864/4864 1317/1317
f 1344/1344 549/549 4302/4302
f 1344/1344 860/860 549/549
f 1984/1984 3778/3778 4097/4097
f 1984/1984 2405/2405 3778/3778
f 4147/4147 4902/4902 1121/1121
f 1121/1121 4902/4902 4532/4532
f 3235/3235 3497/3497 1207/1207
f 1207/1207 3497/3497 3851/3851
f 434/434 163/163 785/785
f 165/165 3686/3686 786/786
f 164/164 4243/4243 3685/3685
f 3685/3685 4243/4243 583/583
f 1965/1965 3195/3195 5136/5136
f 3194/3194 2577/2577 5135/5135
f 3340/3340 499/499 475/475
f 497/497 2958/2958 474/474
f 838/838 4823/4823 4329/4329
f 4821/4821 4178/4178 4328/4328
f 1145/1145 3955/3955 3814/3814
f 3954/3954 337/337 3813/3813
f 3656/3656 1591/1591 1677/1677
f 1590/1590 4398/4398 1676/1676
f 1464/1464 3135/3135 4552/4552
f 3136/3136 52/52 4553/4553
f 4887/4887 4434/4434 4554/4554
f 4435/4435 168/168 4555/4555
f 554/554 2246/2246 1674/1674
f 2247/2247 516/516 1675/1675
f 1714/1714 1116/1116 728/728
f 1114/1114 3166/3166 727/727
f 4835/4835 940/940 2008/2008
f 938/938 1943/1943 2007/2007
f 1551/1551 660/660 960/960
f 659/659 3606/3606 959/959
f 3261/3261 15/15 2085/2085
f 16/16 1502/1502 2086/2086
f 17/17 1301/1301 1504/1504
f 1504/1504 1301/1301 2014/2014
f 3958/3958 1533/1533 42/42
f 1534/1534 154/154 43/43
f 3747/3747 3981/3981 2803/2803
f 3105/3105 3082/3082 2176/2176
f 3872/3872 5090/5090 3999/3999
f 1758/1758 577/577 3575/3575
f 4386/4386 2609/2609 802/802
f 3007/3007 3088/3088 4690/4690
f 3423/3423 981/981 4010/4010
f 5107/5107 2313/2313 48/48
f 4137/4137 3029/3029 479/479
f 4373/4373 1405/1405 4631/4631
f 1307/1307 4849/4849 1362/1362
f 3990/3990 478/478 2047/2047
f 5054/5054 1925/1925 2587/2587
f 4268/4268 3700/3700 2122/2122
f 1721/1721 2124/2124 2585/2585
f 2386/2386 993/993 3248/3248
f 4451/4451 1154/1154 3627/3627
f 1429/1429 4197/4197 3421/3421
f 1293/1293 897/897 5022/5022
f 2388/2388 1060/1060 2141/2141
f 3024/3024 1615/1615 1767/1767
f 1281/1281 724/724 2552/2552
f 1767/1767 1615/1615 1537/1537
f 2552/2552 1767/1767 401/401
f 5193/5193 4951/4951 1537/1537
f 5193/5193 2916/2916 4951/4951
f 3721/3721 3735/3735 1050/1050
f 2127/2127 2529/2529 3435/3435
f 4397/4397 1756/1756 4224/4224
f 489/489 256/256 2805/2805
f 256/256 2798/2798 2805/2805
f 3900/3900 2728/2728 4714/4714
f 2637/2637 3902/3902 514/514
f 2010/2010 2637/2637 440/440
f 2884/2884 4244/4244 1891/1891
f 5052/5052 2224/2224 3299/3299
f 1402/1402 2760/2760 2630/2630
f 2418/2418 2960/2960 1399/1399
f 3286/3286 3936/3936 907/907
f 1439/1439 2564/2564 4673/4673
f 2283/2283 4737/4737 381/381
f 4738/4738 2200/2200 382/382
f 4792/4792 2284/2284 383/383
f 4736/4736 4791/4791 521/521
f 1654/1654 2512/2512 3159/3159
f 1500/1500 1654/1654 789/789
f 1195/1195 2434/2434 2782/2782
f 2811/2811 1072/1072 285/285
f 3567/3567 2320/2320 3849/3849
f 2730/2730 2560/2560 4716/4716
f 2559/2559 2825/2825 4715/4715
f 3713/3713 2968/2968 5016/5016
f 2436/2436 2126/2126 2889/2889
f 4839/4839 2436/2436 3257/3257
f 2968/2968 4839/4839 4876/4876
f 2126/2126 190/190 2889/2889
f 3560/3560 174/174 1123/1123
f 2058/2058 3560/3560 4021/4021
f 190/190 2058/2058 4967/4967
f 174/174 1696/1696 1123/1123
f 3660/3660 2263/2263 144/144
f 3888/3888 3660/3660 3037/3037
f 1696/1696 3888/3888 3368/3368
f 2263/2263 3489/3489 144/144
f 2539/2539 1779/1779 3968/3968
f 522/522 2539/2539 2754/2754
f 3489/3489 522/522 4484/4484
f 1779/1779 4132/4132 3968/3968
f 3671/3671 5171/5171 2311/2311
f 3738/3738 3671/3671 1290/1290
f 4132/4132 3738/3738 1937/1937
f 5171/5171 3211/3211 2311/2311
f 3067/3067 3879/3879 3918/3918
f 207/207 3067/3067 1153/1153
f 3211/3211 207/207 5017/5017
f 3879/3879 3653/3653 3918/3918
f 2337/2337 2325/2325 1215/1215
f 411/411 2337/2337 1249/1249
f 3653/3653 411/411 792/792
f 2325/2325 3069/3069 1215/1215
f 3522/3522 4614/4614 1774/1774
f 4811/4811 3522/3522 1469/1469
f 3069/3069 4811/4811 453/453
f 4614/4614 2979/2979 1774/1774
f 2466/2466 2989/2989 1315/1315
f 4762/4762 2466/2466 597/597
f 2979/2979 4762/4762 1186/1186
f 2989/2989 1996/1996 1315/1315
f 5177/5177 2823/2823 3126/3126
f 1541/1541 5177/5177 3252/3252
f 1996/1996 1541/1541 4370/4370
f 2823/2823 4393/4393 3126/3126
f 4694/4694 4727/4727 4144/4144
f 2882/2882 4694/4694 560/560
f 4393/4393 2882/2882 3255/3255
f 4727/4727 316/316 4144/4144
f 3943/3943 1747/1747 3951/3951
f 1810/1810 3943/3943 948/948
f 316/316 1810/1810 2551/2551
f 1747/1747 5174/5174 3951/3951
f 928/928 804/804 2888/2888
f 1561/1561 928/928 1781/1781
f 5174/5174 1561/1561 116/116
f 804/804 1128/1128 2888/2888
f 2329/2329 3713/3713 5016/5016
f 3323/3323 2329/2329 4030/4030
f 1128/1128 3323/3323 4719/4719
f 4118/4118 142/142 5165/5165
f 1047/1047 2642/2642 4354/4354
f 2384/2384 4649/4649 1792/1792
f 2101/2101 4892/4892 3605/3605
f 348/348 505/505 3438/3438
f 37/37 394/394 324/324
f 1555/1555 2724/2724 172/172
f 2720/2720 812/812 4079/4079
f 654/654 4206/4206 1070/1070
f 3749/3749 3704/3704 2150/2150
f 111/111 5070/5070 2741/2741
f 4249/4249 3282/3282 4034/4034
f 988/988 2694/2694 4424/4424
f 4594/4594 4432/4432 33/33
f 1117/1117 1713/1713 4456/4456
f 4305/4305 1760/1760 3053/3053
f 1486/1486 1260/1260 2255/2255
f 2255/2255 3285/3285 2651/2651
f 34/34 4548/4548 4045/4045
f 1493/1493 134/134 939/939
f 939/939 4836/4836 1493/1493
f 1493/1493 4836/4836 2307/2307
f 3541/3541 2463/2463 4289/4289
f 3541/3541 3629/3629 2463/2463
f 3541/3541 2117/2117 3629/3629
f 2463/2463 2939/2939 4289/4289
f 2179/2179 90/90 704/704
f 704/704 1438/1438 135/135
f 5061/5061 2458/2458 2564/2564
f 658/658 1550/1550 2396/2396
f 3374/3374 1014/1014 4603/4603
f 2645/2645 1163/1163 247/247
f 1569/1569 798/798 2206/2206
f 2206/2206 4740/4740 4483/4483
f 18/18 3262/3262 3712/3712
f 2158/2158 3267/3267 2848/2848
f 2158/2158 2939/2939 3267/3267
f 2158/2158 4289/4289 2939/2939
f 3267/3267 2755/2755 2848/2848
f 1749/1749 3433/3433 816/816
f 816/816 1842/1842 3309/3309
f 4423/4423 4976/4976 3080/3080
f 1535/1535 3959/3959 978/978
f 2996/2996 247/247 1163/1163
f 2448/2448 1707/1707 3716/3716
f 5081/5081 1766/1766 4113/4113
f 4113/4113 1499/1499 2660/2660
f 3040/3040 1570/1570 2199/2199
f 1570/1570 521/521 384/384
f 3396/3396 2819/2819 2547/2547
f 3396/3396 2755/2755 2819/2819
f 3396/3396 2848/2848 2755/2755
f 2819/2819 402/402 2547/2547
f 1089/1089 3298/3298 3923/3923
f 3923/3923 1196/1196 2331/2331
f 1441/1441 3716/3716 3230/3230
f 1977/1977 276/276 245/245
f 245/245 2810/2810 2194/2194
f 4036/4036 2430/2430 1979/1979
f 1612/1612 402/402 1768/1768
f 1612/1612 2547/2547 402/402
f 3801/3801 1109/1109 55/55
f 55/55 3566/3566 4992/4992
f 4605/4605 4814/4814 4736/4736
f 4736/4736 521/521 4605/4605
f 4814/4814 3159/3159 4736/4736
f 4605/4605 521/521 1570/1570
f 2093/2093 2314/2314 1258/1258
f 3245/3245 782/782 4643/4643
f 4643/4643 2561/2561 71/71
f 4183/4183 2212/2212 4994/4994
f 4183/4183 4952/4952 2212/2212
f 4183/4183 743/743 4952/4952
f 2212/2212 4628/4628 4994/4994
f 2742/2742 851/851 2708/2708
f 327/327 783/783 1040/1040
f 4843/4843 5082/5082 1654/1654
f 1654/1654 3159/3159 4843/4843
f 4843/4843 3159/3159 4814/4814
f 157/157 4510/4510 3290/3290
f 157/157 4628/4628 4510/4510
f 157/157 4994/4994 4628/4628
f 4510/4510 2953/2953 3290/3290
f 3967/3967 3914/3914 1703/1703
f 2148/2148 2248/2248 3499/3499
f 2856/2856 2606/2606 3338/3338
f 2856/2856 2953/2953 2606/2606
f 2856/2856 3290/3290 2953/2953
f 2606/2606 1065/1065 3338/3338
f 1019/1019 703/703 2434/2434
f 2533/2533 4661/4661 2277/2277
f 4431/4431 2196/2196 1385/1385
f 1385/1385 4498/4498 4431/4431
f 2196/2196 1086/1086 1385/1385
f 4431/4431 4498/4498 3353/3353
f 280/280 4047/4047 3311/3311
f 3311/3311 1086/1086 280/280
f 4047/4047 2844/2844 3311/3311
f 280/280 1086/1086 2196/2196
f 1069/1069 3641/3641 1580/1580
f 1775/1775 4991/4991 3364/3364
f 3364/3364 2844/2844 1775/1775
f 4991/4991 2057/2057 3364/3364
f 1775/1775 2844/2844 4047/4047
f 4400/4400 4414/4414 1072/1072
f 3350/3350 3123/3123 2326/2326
f 2326/2326 2057/2057 3350/3350
f 3350/3350 2057/2057 4991/4991
f 2318/2318 4092/4092 4180/4180
f 4092/4092 4741/4741 3580/3580
f 4081/4081 3348/3348 5149/5149
f 3746/3746 3083/3083 3114/3114
f 870/870 4779/4779 2253/2253
f 2253/2253 4741/4741 870/870
f 4779/4779 567/567 2253/2253
f 870/870 4741/4741 4092/4092
f 26/26 3855/3855 2320/2320
f 3870/3870 578/578 3130/3130
f 3726/3726 3316/3316 827/827
f 827/827 567/567 3726/3726
f 3316/3316 1660/1660 827/827
f 3726/3726 567/567 4779/4779
f 4387/4387 3089/3089 1631/1631
f 980/980 3842/3842 2704/2704
f 2704/2704 1660/1660 980/980
f 3842/3842 3695/3695 2704/2704
f 980/980 1660/1660 3316/3316
f 171/171 1517/1517 5/5
f 3424/3424 2312/2312 3161/3161
f 5032/5032 1241/1241 2807/2807
f 2807/2807 3695/3695 5032/5032
f 1241/1241 4864/4864 2807/2807
f 5032/5032 3695/3695 3842/3842
f 914/914 3003/3003 2826/2826
f 3003/3003 514/514 4717/4717
f 4136/4136 1406/1406 1692/1692
f 4977/4977 4723/4723 1344/1344
f 1344/1344 4864/4864 4977/4977
f 4723/4723 860/860 1344/1344
f 4977/4977 4864/4864 1241/1241
f 3366/3366 2667/2667 1267/1267
f 1267/1267 2969/2969 3405/3405
f 1306/1306 477/477 278/278
f 3177/3177 956/956 1984/1984
f 1984/1984 860/860 3177/3177
f 956/956 2405/2405 1984/1984
f 3177/3177 860/860 4723/4723
f 3005/3005 817/817 995/995
f 995/995 189/189 4953/4953
f 325/325 4904/4904 91/91
f 5053/5053 3699/3699 4730/4730
f 2596/2596 3469/3469 1062/1062
f 1062/1062 2405/2405 2596/2596
f 2596/2596 2405/2405 956/956
f 2289/2289 4210/4210 2631/2631
f 2631/2631 1697/1697 1452/1452
f 1720/1720 992/992 1728/1728
f 65/65 561/561 4902/4902
f 2981/2981 962/962 2409/2409
f 2409/2409 3488/3488 3413/3413
f 4452/4452 4196/4196 3008/3008
f 975/975 3353/3353 3497/3497
f 3353/3353 4498/4498 307/307
f 3049/3049 1809/1809 1223/1223
f 1223/1223 4133/4133 4222/4222
f 3437/3437 234/234 2836/2836
f 1291/1291 1061/1061 2303/2303
f 841/841 2706/2706 605/605
f 5158/5158 1043/1043 2706/2706
f 1818/1818 1723/1723 922/922
f 1723/1723 114/114 922/922
f 5056/5056 3831/3831 2060/2060
f 2061/2061 5164/5164 915/915
f 5164/5164 1969/1969 915/915
f 4588/4588 2450/2450 4721/4721
f 4722/4722 4870/4870 2352/2352
f 4870/4870 4857/4857 2352/2352
f 1010/1010 539/539 2172/2172
f 2173/2173 874/874 3087/3087
f 874/874 4684/4684 3087/3087
f 169/169 1259/1259 651/651
f 652/652 603/603 2943/2943
f 603/603 1268/1268 2943/2943
f 74/74 3852/3852 2749/2749
f 2750/2750 3513/3513 1833/1833
f 3513/3513 1248/1248 1833/1833
f 4590/4590 4955/4955 1248/1248
f 3090/3090 609/609 4685/4685
f 609/609 2690/2690 4685/4685
f 4255/4255 3812/3812 4059/4059
f 4058/4058 4873/4873 4988/4988
f 4873/4873 5141/5141 4988/4988
f 1751/1751 4521/4521 1583/1583
f 1584/1584 3679/3679 3811/3811
f 3679/3679 2429/2429 3811/3811
f 4492/4492 3016/3016 2621/2621
f 2621/2621 3868/3868 2410/2410
f 3868/3868 3179/3179 2410/2410
f 2732/2732 5028/5028 1933/1933
f 1934/1934 472/472 584/584
f 472/472 1091/1091 584/584
f 2269/2269 4022/4022 1868/1868
f 1867/1867 4898/4898 3863/3863
f 4898/4898 4862/4862 3863/3863
f 3877/3877 1477/1477 4485/4485
f 4486/4486 1960/1960 2506/2506
f 1960/1960 1305/1305 2506/2506
f 1022/1022 1355/1355 901/901
f 901/901 841/841 605/605
f 4981/4981 1876/1876 710/710
f 3886/3886 4899/4899 1329/1329
f 4899/4899 4074/4074 1329/1329
f 2797/2797 4804/4804 3970/3970
f 2797/2797 2855/2855 4804/4804
f 3081/3081 4199/4199 5146/5146
f 4199/4199 1178/1178 5146/5146
f 242/242 3645/3645 3838/3838
f 1432/1432 3846/3846 3646/3646
f 4468/4468 3839/3839 2997/2997
f 536/536 1523/1523 3946/3946
f 1523/1523 1450/1450 3946/3946
f 2232/2232 3076/3076 3885/3885
f 2091/2091 2177/2177 630/630
f 2177/2177 4560/4560 630/630
f 1110/1110 1879/1879 3103/3103
f 5049/5049 740/740 5119/5119
f 5119/5119 2685/2685 4509/4509
f 4509/4509 4927/4927 1879/1879
f 731/731 4880/4880 1382/1382
f 4881/4881 1245/1245 1380/1380
f 1702/1702 4966/4966 4531/4531
f 4966/4966 147/147 4531/4531
f 4454/4454 1472/1472 4645/4645
f 4454/4454 576/576 1472/1472
f 1308/1308 575/575 4453/4453
f 3929/3929 3544/3544 1310/1310
f 1309/1309 3545/3545 576/576
f 706/706 2518/2518 4541/4541
f 2518/2518 2497/2497 4541/4541
f 218/218 3241/3241 4871/4871
f 3241/3241 2390/2390 1198/1198
f 1182/1182 4192/4192 4961/4961
f 4192/4192 1106/1106 3011/3011
f 3564/3564 2078/2078 3138/3138
f 2078/2078 4455/4455 4233/4233
f 793/793 2048/2048 904/904
f 2048/2048 3623/3623 2062/2062
f 2897/2897 2740/2740 123/123
f 2740/2740 4816/4816 1732/1732
f 926/926 375/375 366/366
f 374/374 1471/1471 4299/4299
f 4702/4702 3479/3479 218/218
f 3479/3479 3346/3346 2390/2390
f 1650/1650 218/218 729/729
f 4701/4701 1105/1105 3478/3478
f 1773/1773 1883/1883 1184/1184
f 1882/1882 4523/4523 1106/1106
f 5125/5125 1183/1183 4903/4903
f 1773/1773 4509/4509 1883/1883
f 3976/3976 830/830 430/430
f 1922/1922 3542/3542 320/320
f 4613/4613 1861/1861 829/829
f 543/543 1753/1753 3564/3564
f 1753/1753 4462/4462 4455/4455
f 3717/3717 3563/3563 50/50
f 544/544 2853/2853 1754/1754
f 2713/2713 3950/3950 793/793
f 3950/3950 3308/3308 3623/3623
f 3545/3545 793/793 2524/2524
f 2712/2712 2092/2092 3949/3949
f 4837/4837 3925/3925 2897/2897
f 3925/3925 2873/2873 4816/4816
f 1899/1899 2897/2897 332/332
f 4838/4838 4747/4747 3924/3924
f 601/601 1993/1993 926/926
f 1992/1992 1294/1294 1471/1471
f 58/58 926/926 2433/2433
f 602/602 1638/1638 1994/1994
f 5029/5029 2250/2250 585/585
f 1023/1023 4845/4845 4505/4505
f 4505/4505 3762/3762 2853/2853
f 2853/2853 4318/4318 2250/2250
f 3597/3597 2613/2613 589/589
f 4314/4314 2068/2068 5099/5099
f 3142/3142 2064/2064 4313/4313
f 4006/4006 953/953 1367/1367
f 4641/4641 4336/4336 954/954
f 952/952 1367/1367 4369/4369
f 3640/3640 283/283 2505/2505
f 3739/3739 3640/3640 2649/2649
f 3640/3640 3093/3093 283/283
f 4382/4382 1635/1635 4608/4608
f 4382/4382 450/450 1635/1635
f 3199/3199 450/450 4382/4382
f 4927/4927 5124/5124 3198/3198
f 3199/3199 5125/5125 450/450
f 4471/4471 2143/2143 4364/4364
f 3145/3145 2145/2145 4470/4470
f 2525/2525 1004/1004 4674/4674
f 4968/4968 4468/4468 4657/4657
f 4657/4657 2997/2997 2092/2092
f 2092/2092 3929/3929 1004/1004
f 2698/2698 517/517 3344/3344
f 1237/1237 4606/4606 517/517
f 740/740 3343/3343 2685/2685
f 450/450 3910/3910 3992/3992
f 445/445 4939/4939 2116/2116
f 446/446 2230/2230 4940/4940
f 2216/2216 2231/2231 447/447
f 1437/1437 1649/1649 2216/2216
f 2216/2216 1649/1649 2231/2231
f 4377/4377 4546/4546 485/485
f 3787/3787 2305/2305 4495/4495
f 4495/4495 3659/3659 4747/4747
f 4747/4747 295/295 4546/4546
f 2822/2822 180/180 2162/2162
f 4327/4327 2822/2822 405/405
f 2822/2822 2858/2858 180/180
f 353/353 750/750 4851/4851
f 371/371 747/747 352/352
f 773/773 2922/2922 913/913
f 2103/2103 1546/1546 1690/1690
f 2103/2103 3597/3597 1546/1546
f 696/696 3597/3597 2103/2103
f 2548/2548 59/59 697/697
f 696/696 58/58 3597/3597
f 3226/3226 1801/1801 4101/4101
f 3226/3226 3253/3253 1801/1801
f 2639/2639 3991/3991 3618/3618
f 3122/3122 961/961 3098/3098
f 3098/3098 1804/1804 1638/1638
f 1638/1638 2548/2548 3991/3991
f 57/57 1819/1819 4458/4458
f 1521/1521 4920/4920 1819/1819
f 961/961 4459/4459 1804/1804
f 2544/2544 399/399 300/300
f 2287/2287 4780/4780 5005/5005
f 385/385 4782/4782 2288/2288
f 3952/3952 1820/1820 1143/1143
f 1528/1528 428/428 1822/1822
f 182/182 1143/1143 4216/4216
f 4090/4090 5192/5192 5134/5134
f 4090/4090 2544/2544 5192/5192
f 942/942 2545/2545 4087/4087
f 295/295 1901/1901 942/942
f 942/942 1901/1901 2545/2545
f 4208/4208 642/642 1058/1058
f 4208/4208 1077/1077 642/642
f 1150/1150 2696/2696 532/532
f 5019/5019 182/182 1192/1192
f 1192/1192 4216/4216 1105/1105
f 1105/1105 1437/1437 2696/2696
f 580/580 1666/1666 3916/3916
f 712/712 1664/1664 579/579
f 4750/4750 1835/1835 4253/4253
f 2603/2603 702/702 1836/1836
f 2305/2305 4253/4253 3659/3659
f 1171/1171 4271/4271 762/762
f 807/807 4635/4635 3971/3971
f 3996/3996 299/299 396/396
f 667/667 2374/2374 1077/1077
f 643/643 396/396 1735/1735
f 451/451 912/912 2924/2924
f 3355/3355 1508/1508 3253/3253
f 1802/1802 2924/2924 4672/4672
f 4502/4502 4585/4585 5182/5182
f 4086/4086 3993/3993 3911/3911
f 5037/5037 1351/1351 2858/2858
f 181/181 3911/3911 4460/4460
f 1686/1686 4111/4111 269/269
f 865/865 1634/1634 4401/4401
f 1815/1815 2453/2453 5071/5071
f 44/44 590/590 2614/2614
f 4284/4284 102/102 3093/3093
f 282/282 2614/2614 4119/4119
f 4119/4119 1716/1716 3534/3534
f 2612/2612 365/365 4120/4120
f 4298/4298 4110/4110 3534/3534
f 1735/1735 3926/3926 3983/3983
f 397/397 122/122 1736/1736
f 1731/1731 5151/5151 3983/3983
f 1884/1884 2929/2929 500/500
f 2110/2110 905/905 1885/1885
f 2063/2063 1633/1633 500/500
f 4672/4672 4347/4347 943/943
f 2923/2923 3139/3139 4671/4671
f 4234/4234 4272/4272 943/943
f 4732/4732 2765/2765 4960/4960
f 1875/1875 1480/1480 4733/4733
f 4419/4419 2451/2451 4959/4959
f 4460/4460 3480/3480 3584/3584
f 3912/3912 4963/4963 4461/4461
f 3010/3010 4636/4636 3584/3584
f 132/132 4654/4654 4362/4362
f 3077/3077 4872/4872 131/131
f 1199/1199 4586/4586 4362/4362
f 1238/1238 5152/5152 2411/2411
f 1125/1125 3884/3884 3078/3078
f 4806/4806 3148/3148 2855/2855
f 4803/4803 3078/3078 132/132
f 3833/3833 709/709 1874/1874
f 4225/4225 2392/2392 3649/3649
f 1895/1895 1874/1874 4732/4732
f 3543/3543 3276/3276 4284/4284
f 352/352 3543/3543 371/371
f 1912/1912 2256/2256 3355/3355
f 4470/4470 1912/1912 3145/3145
f 534/534 1454/1454 4225/4225
f 579/579 534/534 712/712
f 40/40 5095/5095 2109/2109
f 2238/2238 1082/1082 4917/4917
f 823/823 2109/2109 1884/1884
f 518/518 3776/3776 5037/5037
f 4313/4313 518/518 3142/3142
f 4327/4327 4558/4558 4806/4806
f 2288/2288 4327/4327 385/385
f 4030/4030 2174/2174 3323/3323
f 2888/2888 4719/4719 2946/2946
f 1914/1914 193/193 1936/1936
f 1076/1076 2260/2260 2335/2335
f 4561/4561 4242/4242 1075/1075
f 4561/4561 5112/5112 4242/4242
f 344/344 4052/4052 1224/1224
f 4359/4359 4018/4018 2988/2988
f 124/124 4359/4359 4609/4609
f 260/260 2025/2025 4359/4359
f 1552/1552 720/720 4858/4858
f 4366/4366 1160/1160 581/581
f 4366/4366 889/889 1160/1160
f 215/215 797/797 3821/3821
f 1936/1936 4824/4824 354/354
f 3587/3587 4827/4827 791/791
f 3823/3823 527/527 4609/4609
f 4108/4108 2217/2217 2893/2893
f 1445/1445 3891/3891 2403/2403
f 4412/4412 2402/2402 231/231
f 1212/1212 2727/2727 1107/1107
f 298/298 1936/1936 3518/3518
f 3375/3375 1526/1526 3132/3132
f 4925/4925 595/595 1211/1211
f 3892/3892 3337/3337 4413/4413
f 4384/4384 1242/1242 1787/1787
f 3796/3796 4185/4185 139/139
f 2832/2832 2905/2905 4682/4682
f 4467/4467 2487/2487 4338/4338
f 2487/2487 1009/1009 4513/4513
f 2872/2872 2487/2487 1814/1814
f 903/903 4339/4339 2871/2871
f 1264/1264 2871/2871 4670/4670
f 4513/4513 355/355 2059/2059
f 1147/1147 698/698 487/487
f 3401/3401 1203/1203 4300/4300
f 3973/3973 4300/4300 3183/3183
f 441/441 542/542 3472/3472
f 1881/1881 441/441 3915/3915
f 4638/4638 2877/2877 5180/5180
f 1311/1311 3915/3915 4003/4003
f 1881/1881 2783/2783 2876/2876
f 4833/4833 552/552 5096/5096
f 4003/4003 326/326 2439/2439
f 1710/1710 4003/4003 3840/3840
f 4854/4854 2198/2198 3251/3251
f 442/442 820/820 4551/4551
f 1710/1710 820/820 2197/2197
f 3583/3583 219/219 2941/2941
f 1363/1363 1059/1059 4595/4595
f 556/556 1363/1363 4759/4759
f 2054/2054 3854/3854 4970/4970
f 1349/1349 1221/1221 109/109
f 1221/1221 4759/4759 321/321
f 1476/1476 110/110 2236/2236
f 4247/4247 2236/2236 5003/5003
f 321/321 1139/1139 523/523
f 3442/3442 321/321 4014/4014
f 636/636 3170/3170 2495/2495
f 1683/1683 4014/4014 1585/1585
f 3442/3442 284/284 3171/3171
f 1862/1862 588/588 2546/2546
f 3763/3763 588/588 3596/3596
f 1777/1777 588/588 3763/3763
f 4002/4002 588/588 1777/1777
f 1296/1296 588/588 4002/4002
f 4906/4906 588/588 1296/1296
f 2546/2546 588/588 4906/4906
f 2281/2281 1862/1862 4185/4185
f 1127/1127 3596/3596 2281/2281
f 3763/3763 3596/3596 523/523
f 4906/4906 1296/1296 542/542
f 4624/4624 4152/4152 765/765
f 362/362 1127/1127 2281/2281
f 4417/4417 1864/1864 1658/1658
f 4337/4337 362/362 3796/3796
f 3796/3796 2281/2281 4185/4185
f 1243/1243 4337/4337 296/296
f 3417/3417 2369/2369 1242/1242
f 1715/1715 1161/1161 890/890
f 796/796 1715/1715 890/890
f 1100/1100 2026/2026 261/261
f 4017/4017 2026/2026 1100/1100
f 1100/1100 2677/2677 4017/4017
f 1912/1912 3157/3157 4140/4140
f 4140/4140 251/251 1912/1912
f 5111/5111 4051/4051 2129/2129
f 2129/2129 4241/4241 5111/5111
f 1100/1100 1715/1715 3640/3640
f 3739/3739 1100/1100 3640/3640
f 1912/1912 1100/1100 3249/3249
f 1715/1715 13/13 2822/2822
f 4327/4327 1715/1715 2822/2822
f 1236/1236 3535/3535 4149/4149
f 4204/4204 4148/4148 2297/2297
f 4203/4203 3391/3391 3939/3939
f 4798/4798 3804/3804 4771/4771
f 4771/4771 3804/3804 2270/2270
f 2270/2270 846/846 1235/1235
f 1908/1908 5031/5031 3517/3517
f 221/221 1190/1190 2582/2582
f 72/72 844/844 4877/4877
f 4877/4877 844/844 380/380
f 380/380 3827/3827 1190/1190
f 2243/2243 2131/2131 5189/5189
f 4766/4766 5191/5191 482/482
f 4764/4764 2366/2366 4491/4491
f 32/32 2244/2244 4764/4764
f 621/621 3039/3039 4159/4159
f 4159/4159 3039/3039 262/262
f 3667/3667 4570/4570 621/621
f 262/262 1420/1420 2244/2244
f 4331/4331 1175/1175 3669/3669
f 4406/4406 568/568 222/222
f 222/222 568/568 3150/3150
f 3150/3150 93/93 1799/1799
f 4195/4195 507/507 2945/2945
f 2032/2032 2944/2944 3666/3666
f 2033/2033 3205/3205 3209/3209
f 1614/1614 1364/1364 3180/3180
f 3180/3180 1364/1364 1113/1113
f 1113/1113 647/647 4194/4194
f 770/770 3163/3163 2778/2778
f 1227/1227 2779/2779 1334/1334
f 1225/1225 4700/4700 1034/1034
f 4696/4696 769/769 1225/1225
f 2726/2726 404/404 1859/1859
f 1859/1859 404/404 2892/2892
f 2892/2892 4525/4525 769/769
f 2484/2484 4064/4064 372/372
f 3595/3595 373/373 3141/3141
f 3594/3594 408/408 173/173
f 1651/1651 2485/2485 3594/3594
f 3527/3527 368/368 800/800
f 800/800 368/368 4365/4365
f 4365/4365 3965/3965 2485/2485
f 971/971 922/922 2557/2557
f 2518/2518 1043/1043 971/971
f 5117/5117 114/114 3961/3961
f 2075/2075 2173/2173 137/137
f 1770/1770 2943/2943 2140/2140
f 2140/2140 1268/1268 73/73
f 4254/4254 4058/4058 1850/1850
f 1850/1850 4988/4988 4602/4602
f 3234/3234 2690/2690 2457/2457
f 1920/1920 2429/2429 4494/4494
f 1785/1785 584/584 4691/4691
f 4691/4691 1091/1091 2268/2268
f 763/763 1869/1869 3398/3398
f 3459/3459 1305/1305 1022/1022
f 3246/3246 3244/3244 2640/2640
f 977/977 3217/3217 3242/3242
f 5000/5000 448/448 3798/3798
f 3800/3800 1698/1698 3876/3876
f 3711/3711 1002/1002 1623/1623
f 2910/2910 2789/2789 2536/2536
f 1976/1976 1170/1170 4200/4200
f 2395/2395 5185/5185 3239/3239
f 3732/3732 3119/3119 2040/2040
f 1088/1088 3523/3523 3273/3273
f 134/134 884/884 4456/4456
f 1494/1494 1617/1617 3461/3461
f 5080/5080 3060/3060 3349/3349
f 4457/4457 883/883 3490/3490
f 3427/3427 2089/2089 4201/4201
f 1748/1748 2998/2998 5079/5079
f 663/663 4710/4710 360/360
f 2543/2543 2301/2301 1284/1284
f 1568/1568 1286/1286 2117/2117
f 5074/5074 4343/4343 4945/4945
f 4801/4801 2813/2813 1092/1092
f 2178/2178 3541/3541 4289/4289
f 4368/4368 3553/3553 1488/1488
f 4800/4800 4948/4948 1572/1572
f 1485/1485 2158/2158 2848/2848
f 249/249 1357/1357 3754/3754
f 235/235 4134/4134 1297/1297
f 4056/4056 3396/3396 2547/2547
f 2838/2838 3889/3889 2881/2881
f 894/894 4610/4610 3829/3829
f 2023/2023 1612/1612 743/743
f 4295/4295 4381/4381 1131/1131
f 2814/2814 2780/2780 1425/1425
f 1392/1392 4183/4183 4994/4994
f 1132/1132 4380/4380 186/186
f 1529/1529 1846/1846 3751/3751
f 4351/4351 157/157 3290/3290
f 4754/4754 5088/5088 4957/4957
f 1607/1607 3277/3277 3896/3896
f 2516/2516 2856/2856 3338/3338
f 237/237 4005/4005 5006/5006
f 537/537 2575/2575 4260/4260
f 469/469 3939/3939 3527/3527
f 1567/1567 4365/4365 1651/1651
f 1026/1026 173/173 2726/2726
f 964/964 2892/2892 4696/4696
f 3856/3856 1034/1034 1614/1614
f 3529/3529 1113/1113 722/722
f 4360/4360 3209/3209 3172/3172
f 3172/3172 3209/3209 4406/4406
f 3643/3643 3150/3150 3691/3691
f 5123/5123 621/621 4506/4506
f 184/184 621/621 4159/4159
f 2001/2001 262/262 32/32
f 3101/3101 4491/4491 72/72
f 3512/3512 380/380 221/221
f 2028/2028 3592/3592 4798/4798
f 1642/1642 2270/2270 331/331
f 3133/3133 3939/3939 469/469
f 2238/2238 4917/4917 3249/3249
f 3249/3249 2042/2042 3409/3409
f 1329/1329 4074/4074 2271/2271
f 4276/4276 3886/3886 1329/1329
f 1893/1893 4309/4309 140/140
f 2302/2302 141/141 2223/2223
f 4981/4981 1922/1922 320/320
f 5146/5146 1178/1178 3599/3599
f 2692/2692 3081/3081 5146/5146
f 576/576 2524/2524 2108/2108
f 3946/3946 1450/1450 104/104
f 1682/1682 536/536 3946/3946
f 1423/1423 3940/3940 2816/2816
f 944/944 1423/1423 1171/1171
f 1423/1423 2816/2816 1171/1171
f 4845/4845 121/121 945/945
f 630/630 4560/4560 4410/4410
f 2615/2615 2091/2091 630/630
f 1540/1540 1461/1461 5092/5092
f 1380/1380 1245/1245 4734/4734
f 2286/2286 731/731 1382/1382
f 3571/3571 3201/3201 1861/1861
f 3570/3570 27/27 3202/3202
f 3571/3571 1861/1861 3094/3094
f 27/27 3425/3425 952/952
f 3202/3202 952/952 4369/4369
f 4531/4531 147/147 2317/2317
f 3710/3710 1702/1702 4531/4531
f 1991/1991 1772/1772 3260/3260
f 3663/3663 3260/3260 3315/3315
f 773/773 3717/3717 50/50
f 4541/4541 2497/2497 1981/1981
f 28/28 706/706 4541/4541
f 1705/1705 1408/1408 150/150
f 84/84 4622/4622 1408/1408
f 205/205 4624/4624 1653/1653
f 1653/1653 765/765 4012/4012
f 4012/4012 4417/4417 2488/2488
f 2488/2488 1658/1658 4642/4642
f 2471/2471 2104/2104 3988/3988
f 4971/4971 3322/3322 4307/4307
f 210/210 4247/4247 2531/2531
f 2531/2531 5003/5003 3539/3539
f 3539/3539 636/636 3639/3639
f 3639/3639 2495/2495 4507/4507
f 2944/2944 1636/1636 3666/3666
f 2944/2944 506/506 644/644
f 3487/3487 3583/3583 987/987
f 986/986 2940/2940 12/12
f 12/12 2054/2054 1837/1837
f 1837/1837 4970/4970 2471/2471
f 520/520 4833/4833 3436/3436
f 3436/3436 5096/5096 21/21
f 21/21 4854/4854 2597/2597
f 2597/2597 3251/3251 3327/3327
f 891/891 906/906 494/494
f 3418/3418 4385/4385 906/906
f 821/821 3973/3973 3588/3588
f 3588/3588 3183/3183 3466/3466
f 3467/3467 4638/4638 3506/3506
f 3506/3506 5180/5180 3158/3158
f 3072/3072 1264/1264 3805/3805
f 3805/3805 4670/4670 1151/1151
f 1151/1151 1147/1147 3468/3468
f 3468/3468 487/487 400/400
f 3327/3327 4746/4746 2949/2949
f 3250/3250 3306/3306 3001/3001
f 3268/3268 4384/4384 885/885
f 885/885 1787/1787 4075/4075
f 4075/4075 2832/2832 3074/3074
f 3074/3074 4682/4682 1373/1373
f 2834/2834 1915/1915 2617/2617
f 2617/2617 1915/1915 1033/1033
f 4464/4464 4577/4577 494/494
f 1033/1033 1866/1866 3608/3608
f 2850/2850 1536/1536 3289/3289
f 3289/3289 1536/1536 1240/1240
f 1229/1229 4647/4647 150/150
f 1240/1240 2736/2736 2921/2921
f 4273/4273 1961/1961 3941/3941
f 3942/3942 1962/1962 1120/1120
f 1120/1120 2665/2665 661/661
f 1811/1811 4640/4640 1613/1613
f 1613/1613 4640/4640 725/725
f 3764/3764 3127/3127 1409/1409
f 725/725 1782/1782 2711/2711
f 4703/4703 4637/4637 4749/4749
f 4749/4749 4637/4637 1056/1056
f 471/471 2515/2515 2674/2674
f 1056/1056 2414/2414 421/421
f 2323/2323 5042/5042 3296/3296
f 3296/3296 5042/5042 82/82
f 686/686 2982/2982 4054/4054
f 82/82 551/551 974/974
f 1939/1939 3305/3305 966/966
f 966/966 3305/3305 356/356
f 3429/3429 188/188 4181/4181
f 357/357 1276/1276 2258/2258
f 2779/2779 1085/1085 1334/1334
f 2779/2779 3164/3164 4875/4875
f 4508/4508 433/433 3797/3797
f 2494/2494 1705/1705 3614/3614
f 3321/3321 4607/4607 1219/1219
f 1473/1473 4248/4248 4607/4607
f 373/373 5159/5159 3141/3141
f 373/373 4065/4065 1176/1176
f 4642/4642 3320/3320 4071/4071
f 1657/1657 891/891 5176/5176
f 3306/3306 4069/4069 1409/1409
f 36/36 3582/3582 4069/4069
f 4148/4148 4919/4919 2297/2297
f 4148/4148 3536/3536 1601/1601
f 1372/1372 4720/4720 3256/3256
f 4681/4681 5144/5144 3378/3378
f 3028/3028 3692/3692 2674/2674
f 3881/3881 4832/4832 3692/3692
f 4060/4060 1179/1179 1909/1909
f 4060/4060 3616/3616 1562/1562
f 400/400 2661/2661 3224/3224
f 488/488 1506/1506 2044/2044
f 1506/1506 115/115 4054/4054
f 3400/3400 3972/3972 115/115
f 5191/5191 4143/4143 482/482
f 5188/5188 2130/2130 892/892
f 3158/3158 3291/3291 2670/2670
f 5179/5179 3028/3028 2624/2624
f 5144/5144 4050/4050 4181/4181
f 902/902 1263/1263 4050/4050
f 3044/3044 1880/1880 4330/4330
f 3044/3044 690/690 3625/3625
f 4569/4569 1851/1851 513/513
f 2769/2769 53/53 3807/3807
f 53/53 1851/1851 4569/4569
f 304/304 2479/2479 2343/2343
f 148/148 5154/5154 3228/3228
f 3181/3181 1525/1525 541/541
f 1524/1524 5154/5154 148/148
f 195/195 225/225 1289/1289
f 951/951 1447/1447 4842/4842
f 1166/1166 3578/3578 4522/4522
f 3578/3578 1447/1447 951/951
f 1987/1987 2037/2037 1005/1005
f 4718/4718 3501/3501 3494/3494
f 3335/3335 1586/1586 5041/5041
f 3697/3697 4317/4317 3974/3974
f 4317/4317 1586/1586 3335/3335
f 596/596 4515/4515 3537/3537
f 2638/2638 3835/3835 685/685
f 3471/3471 3825/3825 735/735
f 3826/3826 3835/3835 2638/2638
f 1987/1987 1005/1005 2420/2420
f 3116/3116 4478/4478 2770/2770
f 195/195 1289/1289 2132/2132
f 868/868 4866/4866 4933/4933
f 304/304 2343/2343 2444/2444
f 86/86 4416/4416 2113/2113
f 801/801 2993/2993 2221/2221
f 2975/2975 1148/1148 1967/1967
f 4795/4795 509/509 932/932
f 1733/1733 5060/5060 4807/4807
f 596/596 3537/3537 4928/4928
f 688/688 2687/2687 351/351
f 4718/4718 3494/3494 917/917
f 3987/3987 1066/1066 217/217
f 1871/1871 2821/2821 794/794
f 794/794 2821/2821 1142/1142
f 1140/1140 274/274 625/625
f 801/801 2878/2878 2993/2993
f 4165/4165 4695/4695 4422/4422
f 4422/4422 4695/4695 1103/1103
f 1103/1103 3841/3841 4761/4761
f 3598/3598 4688/4688 3938/3938
f 3728/3728 4867/4867 3395/3395
f 4868/4868 4688/4688 3598/3598
f 2074/2074 3759/3759 999/999
f 1000/1000 3760/3760 2914/2914
f 2914/2914 2051/2051 4908/4908
f 2933/2933 2658/2658 3895/3895
f 3895/3895 2658/2658 4944/4944
f 4944/4944 3014/3014 525/525
f 493/493 849/849 4472/4472
f 2773/2773 179/179 1661/1661
f 179/179 849/849 493/493
f 4473/4473 2170/2170 2752/2752
f 2752/2752 2170/2170 1903/1903
f 1903/1903 4466/4466 5169/5169
f 4378/4378 107/107 3301/3301
f 3301/3301 107/107 224/224
f 224/224 75/75 4883/4883
f 4795/4795 4758/4758 509/509
f 2831/2831 3382/3382 3356/3356
f 3356/3356 3382/3382 2347/2347
f 2347/2347 2753/2753 1587/1587
f 431/431 2711/2711 1782/1782
f 3032/3032 431/431 1782/1782
f 2446/2446 3608/3608 1866/1866
f 414/414 2446/2446 1866/1866
f 1418/1418 661/661 2665/2665
f 4232/4232 1418/1418 2665/2665
f 4527/4527 2921/2921 2736/2736
f 856/856 4527/4527 2736/2736
f 4184/4184 2258/2258 1276/1276
f 1374/1374 4184/4184 1276/1276
f 467/467 974/974 551/551
f 2235/2235 467/467 551/551
f 1467/1467 420/420 2415/2415
f 183/183 1467/1467 2415/2415
f 4908/4908 3632/3632 3837/3837
f 4760/4760 1823/1823 4879/4879
f 625/625 3647/3647 4442/4442
f 1587/1587 2163/2163 4356/4356
f 4882/4882 946/946 3095/3095
f 263/263 875/875 1563/1563
f 875/875 4122/4122 1637/1637
f 1637/1637 1939/1939 966/966
f 967/967 357/357 2647/2647
f 4176/4176 3791/3791 5050/5050
f 3791/3791 2186/2186 424/424
f 424/424 2323/2323 3296/3296
f 3296/3296 82/82 3075/3075
f 1379/1379 2611/2611 2999/2999
f 2611/2611 4938/4938 2102/2102
f 2102/2102 4703/4703 4749/4749
f 4749/4749 1056/1056 4982/4982
f 4218/4218 4334/4334 4156/4156
f 4334/4334 1784/1784 1910/1910
f 1911/1911 1811/1811 1613/1613
f 1613/1613 725/725 1593/1593
f 5126/5126 4896/4896 1648/1648
f 4896/4896 462/462 3279/3279
f 3279/3279 4273/4273 3941/3941
f 3942/3942 1120/1120 3232/3232
f 3809/3809 637/637 2442/2442
f 637/637 3274/3274 2796/2796
f 2795/2795 2850/2850 3289/3289
f 3289/3289 1240/1240 2691/2691
f 4895/4895 2991/2991 3793/3793
f 2991/2991 1220/1220 1453/1453
f 1453/1453 2834/2834 2617/2617
f 2617/2617 1033/1033 2225/2225
f 3728/3728 885/885 3875/3875
f 274/274 3073/3073 3647/3647
f 2821/2821 2883/2883 273/273
f 3875/3875 2883/2883 2821/2821
f 524/524 460/460 3766/3766
f 1167/1167 3805/3805 4921/4921
f 3841/3841 3468/3468 1824/1824
f 4695/4695 4091/4091 3841/3841
f 4921/4921 4091/4091 4695/4695
f 3181/3181 3588/3588 933/933
f 2051/2051 3506/3506 3632/3632
f 3760/3760 2322/2322 2051/2051
f 933/933 2321/2321 3759/3759
f 2768/2768 3436/3436 1320/1320
f 3014/3014 2597/2597 461/461
f 2658/2658 4324/4324 3014/3014
f 1320/1320 4324/4324 2658/2658
f 2773/2773 987/987 3526/3526
f 4466/4466 1837/1837 476/476
f 2170/2170 3864/3864 4466/4466
f 3525/3525 3864/3864 2170/2170
f 3471/3471 2531/2531 2900/2900
f 75/75 3639/3639 947/947
f 107/107 4815/4815 75/75
f 2900/2900 4815/4815 107/107
f 5169/5169 476/476 2719/2719
f 3697/3697 1652/1652 2355/2355
f 2753/2753 2488/2488 2163/2163
f 3382/3382 2703/2703 2753/2753
f 2356/2356 2703/2703 3382/3382
f 1322/1322 4659/4659 3353/3353
f 975/975 1322/1322 3353/3353
f 2134/2134 5122/5122 2378/2378
f 4246/4246 2181/2181 2279/2279
f 2134/2134 2378/2378 1112/1112
f 208/208 745/745 561/561
f 65/65 208/208 561/561
f 69/69 2387/2387 4102/4102
f 4319/4319 5122/5122 2134/2134
f 69/69 4102/4102 1319/1319
f 1036/1036 2511/2511 3469/3469
f 2596/2596 1036/1036 3469/3469
f 2748/2748 855/855 1956/1956
f 730/730 2387/2387 69/69
f 2748/2748 1956/1956 334/334
f 4358/4358 1256/1256 956/956
f 3177/3177 4358/4358 956/956
f 4121/4121 80/80 701/701
f 3554/3554 855/855 2748/2748
f 4121/4121 701/701 4099/4099
f 2860/2860 1930/1930 4723/4723
f 4977/4977 2860/2860 4723/4723
f 2839/2839 4768/4768 4187/4187
f 4293/4293 80/80 4121/4121
f 2839/2839 4187/4187 2081/2081
f 2350/2350 675/675 1241/1241
f 5032/5032 2350/2350 1241/1241
f 41/41 343/343 2875/2875
f 4251/4251 4768/4768 2839/2839
f 41/41 2875/2875 4033/4033
f 3702/3702 4041/4041 3842/3842
f 980/980 3702/3702 3842/3842
f 1750/1750 4667/4667 5148/5148
f 4584/4584 343/343 41/41
f 1750/1750 5148/5148 5036/5036
f 4031/4031 692/692 3316/3316
f 3726/3726 4031/4031 3316/3316
f 5170/5170 268/268 3169/3169
f 2601/2601 4667/4667 1750/1750
f 741/741 4043/4043 4779/4779
f 870/870 741/741 4779/4779
f 548/548 3184/3184 1998/1998
f 4481/4481 268/268 5170/5170
f 3473/3473 4481/4481 5170/5170
f 3767/3767 677/677 4092/4092
f 2318/2318 3767/3767 4092/4092
f 2261/2261 752/752 4236/4236
f 1187/1187 3184/3184 548/548
f 2021/2021 1187/1187 548/548
f 2261/2261 4236/4236 2021/2021
f 4885/4885 1928/1928 3123/3123
f 3350/3350 4885/4885 3123/3123
f 4969/4969 4126/4126 1574/1574
f 4323/4323 752/752 2261/2261
f 4969/4969 1574/1574 3361/3361
f 1366/1366 4568/4568 4991/4991
f 1775/1775 1366/1366 4991/4991
f 899/899 3520/3520 3445/3445
f 1739/1739 4126/4126 4969/4969
f 899/899 3445/3445 3304/3304
f 2469/2469 779/779 4047/4047
f 280/280 2469/2469 4047/4047
f 4556/4556 512/512 196/196
f 528/528 3520/3520 899/899
f 4556/4556 196/196 4175/4175
f 1670/1670 1313/1313 2196/2196
f 4431/4431 1670/1670 2196/2196
f 2279/2279 2181/2181 1655/1655
f 833/833 512/512 4556/4556
f 2279/2279 1655/1655 1029/1029
f 1959/1959 3160/3160 3317/3317
f 1354/1354 3054/3054 840/840
f 116/116 1561/1561 2493/2493
f 2888/2888 2946/2946 1781/1781
f 3086/3086 1695/1695 2808/2808
f 4897/4897 3314/3314 4884/4884
f 1477/1477 4891/4891 1959/1959
f 2551/2551 1810/1810 1228/1228
f 3951/3951 2530/2530 948/948
f 4907/4907 2382/2382 130/130
f 4022/4022 2332/2332 806/806
f 473/473 2332/2332 1130/1130
f 4022/4022 806/806 4897/4897
f 3255/3255 2882/2882 3363/3363
f 4144/4144 4923/4923 560/560
f 3893/3893 2790/2790 4023/4023
f 5028/5028 2273/2273 4499/4499
f 3869/3869 2273/2273 4039/4039
f 5028/5028 4499/4499 473/473
f 4370/4370 1541/1541 369/369
f 3126/3126 587/587 3252/3252
f 2870/2870 2802/2802 761/761
f 3680/3680 2534/2534 3589/3589
f 3015/3015 925/925 3869/3869
f 1186/1186 4762/4762 4172/4172
f 4172/4172 4762/4762 597/597
f 2342/2342 4679/4679 3995/3995
f 4874/4874 4189/4189 1197/1197
f 4521/4521 2602/2602 3680/3680
f 453/453 4811/4811 2678/2678
f 2678/2678 4811/4811 1469/1469
f 2155/2155 19/19 968/968
f 3812/3812 2276/2276 3155/3155
f 610/610 2276/2276 4573/4573
f 3812/3812 3155/3155 4874/4874
f 792/792 411/411 2747/2747
f 2747/2747 411/411 1249/1249
f 2458/2458 5061/5061 2020/2020
f 3514/3514 1699/1699 4589/4589
f 4574/4574 1896/1896 610/610
f 5017/5017 207/207 5104/5104
f 5104/5104 207/207 1153/1153
f 1570/1570 3040/3040 2668/2668
f 604/604 2069/2069 1940/1940
f 3852/3852 2084/2084 3514/3514
f 1937/1937 3738/3738 2280/2280
f 2280/2280 3738/3738 1290/1290
f 4814/4814 4605/4605 10/10
f 1259/1259 4572/4572 1730/1730
f 873/873 4572/4572 2787/2787
f 1259/1259 1730/1730 604/604
f 4484/4484 522/522 23/23
f 23/23 522/522 2754/2754
f 5082/5082 4843/4843 3048/3048
f 539/539 3152/3152 1253/1253
f 4869/4869 3152/3152 753/753
f 539/539 1253/1253 873/873
f 3368/3368 3888/3888 3836/3836
f 3836/3836 3888/3888 3037/3037
f 703/703 1019/1019 2980/2980
f 2450/2450 1020/1020 2793/2793
f 5163/5163 1020/1020 3099/3099
f 2450/2450 2793/2793 4869/4869
f 4967/4967 2058/2058 4924/4924
f 4924/4924 2058/2058 4021/4021
f 4414/4414 4400/4400 2290/2290
f 1722/1722 248/248 4170/4170
f 3831/3831 1252/1252 5163/5163
f 4876/4876 4839/4839 3670/3670
f 2889/2889 669/669 3257/3257
f 3855/3855 26/26 3004/3004
f 840/840 3219/3219 5157/5157
f 3387/3387 2095/2095 1722/1722
f 3003/3003 914/914 3367/3367
f 612/612 3450/3450 3573/3573
f 201/201 3223/3223 4599/4599
f 5116/5116 1251/1251 3121/3121
f 4810/4810 2381/2381 2401/2401
f 423/423 5138/5138 438/438
f 3383/3383 3107/3107 683/683
f 2963/2963 4662/4662 1383/1383
f 3237/3237 3492/3492 758/758
f 2304/2304 1119/1119 4705/4705
f 3779/3779 3771/3771 1701/1701
f 3009/3009 4828/4828 3111/3111
f 1932/1932 4528/4528 2917/2917
f 1729/1729 3059/3059 1515/1515
f 1326/1326 558/558 4687/4687
f 4731/4731 4901/4901 1890/1890
f 1328/1328 2209/2209 152/152
f 279/279 3549/3549 63/63
f 3547/3547 3188/3188 1443/1443
f 1691/1691 934/934 1639/1639
f 4477/4477 886/886 425/425
f 3162/3162 5140/5140 3873/3873
f 2569/2569 306/306 3551/3551
f 1630/1630 4728/4728 3742/3742
f 3802/3802 1595/1595 158/158
f 3131/3131 1841/1841 2310/2310
f 1172/1172 146/146 230/230
f 3115/3115 1689/1689 3221/3221
f 4678/4678 4853/4853 2/2
f 4057/4057 4026/4026 937/937
f 4026/4026 1073/1073 3451/3451
f 2441/2441 4256/4256 582/582
f 4256/4256 1999/1999 582/582
f 1283/1283 2245/2245 664/664
f 3936/3936 2155/2155 907/907
f 2024/2024 695/695 4341/4341
f 695/695 2971/2971 1602/1602
f 4265/4265 877/877 574/574
f 4265/4265 4068/4068 877/877
f 877/877 2203/2203 2784/2784
f 4265/4265 574/574 1760/1760
f 1093/1093 4436/4436 5075/5075
f 1391/1391 3046/3046 2338/2338
f 3046/3046 4490/4490 673/673
f 4537/4537 1465/1465 4450/4450
f 1465/1465 4537/4537 2013/2013
f 4537/4537 1878/1878 2013/2013
f 1571/1571 3134/3134 4367/4367
f 4350/4350 3259/3259 3613/3613
f 3259/3259 4282/4282 4376/4376
f 4166/4166 1457/1457 128/128
f 1457/1457 4166/4166 4310/4310
f 4166/4166 629/629 4310/4310
f 880/880 4784/4784 2784/2784
f 880/880 671/671 4784/4784
f 4784/4784 2550/2550 2340/2340
f 880/880 2784/2784 2203/2203
f 1298/1298 1592/1592 250/250
f 2960/2960 2342/2342 1399/1399
f 2517/2517 3909/3909 852/852
f 3909/3909 4621/4621 3901/3901
f 2202/2202 5064/5064 3819/3819
f 5064/5064 2202/2202 4238/4238
f 2202/2202 79/79 4238/4238
f 3830/3830 3956/3956 2837/2837
f 5066/5066 339/339 2489/2489
f 339/339 5066/5066 77/77
f 5066/5066 1974/1974 77/77
f 3933/3933 1662/1662 2340/2340
f 3933/3933 2762/2762 1662/1662
f 1662/1662 2762/2762 1644/1644
f 3933/3933 2340/2340 2550/2550
f 1951/1951 4270/4270 1844/1844
f 4270/4270 1951/1951 4124/4124
f 1951/1951 2070/2070 4124/4124
f 3752/3752 498/498 186/186
f 2760/2760 2870/2870 2630/2630
f 1627/1627 1102/1102 4752/4752
f 1102/1102 3379/3379 4752/4752
f 4575/4575 4565/4565 4388/4388
f 2215/2215 1644/1644 2762/2762
f 3897/3897 3196/3196 4755/4755
f 4965/4965 3065/3065 1564/1564
f 4261/4261 166/166 238/238
f 5087/5087 4215/4215 639/639
f 4215/4215 5087/5087 1095/1095
f 5087/5087 1973/1973 1095/1095
f 882/882 4448/4448 4388/4388
f 882/882 985/985 4448/4448
f 4448/4448 2896/2896 1414/1414
f 882/882 4388/4388 4565/4565
f 2224/2224 3893/3893 3299/3299
f 1112/1112 4593/4593 2134/2134
f 4593/4593 4246/4246 4433/4433
f 2134/2134 4593/4593 3708/3708
f 4618/4618 2114/2114 3816/3816
f 2114/2114 319/319 3816/3816
f 1319/1319 991/991 69/69
f 991/991 4319/4319 2695/2695
f 69/69 991/991 1482/1482
f 271/271 1375/1375 4775/4775
f 1375/1375 271/271 4596/4596
f 271/271 1856/1856 4596/4596
f 3980/3980 5166/5166 843/843
f 5166/5166 3980/3980 4550/4550
f 843/843 3402/3402 2619/2619
f 2702/2702 2240/2240 1414/1414
f 2702/2702 2005/2005 2240/2240
f 2240/2240 4333/4333 2266/2266
f 2702/2702 1414/1414 2896/2896
f 334/334 3283/3283 2748/2748
f 2748/2748 4250/4250 3464/3464
f 1825/1825 2599/2599 1346/1346
f 4244/4244 4907/4907 1891/1891
f 4099/4099 112/112 4121/4121
f 112/112 3554/3554 5069/5069
f 4121/4121 112/112 3532/3532
f 4796/4796 4487/4487 4258/4258
f 2081/2081 3750/3750 2839/2839
f 3750/3750 4293/4293 3703/3703
f 2839/2839 3750/3750 4016/4016
f 1542/1542 4353/4353 2491/2491
f 4353/4353 1542/1542 4974/4974
f 2491/2491 1737/1737 4130/4130
f 2809/2809 2744/2744 2574/2574
f 2744/2744 3406/3406 2328/2328
f 4033/4033 657/657 41/41
f 657/657 4251/4251 4207/4207
f 41/41 657/657 1763/1763
f 129/129 2473/2473 309/309
f 2473/2473 646/646 927/927
f 2637/2637 3086/3086 440/440
f 5036/5036 2723/2723 1750/1750
f 2723/2723 4584/4584 813/813
f 1750/1750 2723/2723 2709/2709
f 4024/4024 4297/4297 4787/4787
f 4297/4297 2227/2227 3944/3944
f 5035/5035 2725/2725 3169/3169
f 2291/2291 1791/1791 4157/4157
f 1791/1791 2291/2291 717/717
f 4157/4157 363/363 1099/1099
f 760/760 1492/1492 393/393
f 1492/1492 3568/3568 4693/4693
f 3473/3473 38/38 1998/1998
f 38/38 5170/5170 395/395
f 3994/3994 5186/5186 1556/1556
f 5186/5186 3504/3504 5178/5178
f 3219/3219 3670/3670 2095/2095
f 4914/4914 4876/4876 3219/3219
f 2095/2095 3257/3257 669/669
f 248/248 4924/4924 1252/1252
f 669/669 4967/4967 248/248
f 1252/1252 4021/4021 4844/4844
f 1020/1020 3836/3836 2793/2793
f 4844/4844 3368/3368 1020/1020
f 2793/2793 3037/3037 4361/4361
f 3152/3152 23/23 1253/1253
f 4361/4361 4484/4484 3152/3152
f 1253/1253 2754/2754 4469/4469
f 4572/4572 2280/2280 1730/1730
f 4469/4469 1937/1937 4572/4572
f 1730/1730 1290/1290 1390/1390
f 2069/2069 5104/5104 2084/2084
f 1390/1390 5017/5017 2069/2069
f 2084/2084 1153/1153 2118/2118
f 1699/1699 2747/2747 1896/1896
f 2118/2118 792/792 1699/1699
f 1896/1896 1249/1249 367/367
f 2276/2276 2678/2678 3155/3155
f 367/367 453/453 2276/2276
f 3155/3155 1469/1469 5018/5018
f 4189/4189 4172/4172 2602/2602
f 5018/5018 1186/1186 4189/4189
f 2602/2602 597/597 1159/1159
f 2534/2534 369/369 925/925
f 1159/1159 4370/4370 2534/2534
f 925/925 3252/3252 587/587
f 2273/2273 3363/3363 4499/4499
f 587/587 3255/3255 2273/2273
f 4499/4499 560/560 4923/4923
f 2332/2332 1228/1228 806/806
f 4923/4923 2551/2551 2332/2332
f 806/806 948/948 2530/2530
f 3314/3314 2493/2493 4891/4891
f 2530/2530 116/116 3314/3314
f 4891/4891 1781/1781 2946/2946
f 3160/3160 2174/2174 3054/3054
f 2946/2946 4719/4719 3160/3160
f 3054/3054 4030/4030 4914/4914
f 2021/2021 350/350 2261/2261
f 350/350 548/548 503/503
f 2261/2261 350/350 1335/1335
f 4598/4598 257/257 611/611
f 611/611 491/491 4396/4396
f 969/969 2987/2987 4772/4772
f 2987/2987 640/640 2467/2467
f 3361/3361 4893/4893 4969/4969
f 4969/4969 2100/2100 618/618
f 2400/2400 2528/2528 5115/5115
f 2528/2528 2400/2400 4396/4396
f 2400/2400 611/611 4396/4396
f 5115/5115 2528/2528 3723/3723
f 3652/3652 3604/3604 2119/2119
f 3604/3604 3652/3652 1598/1598
f 2119/2119 2264/2264 1415/1415
f 2019/2019 4009/4009 1898/1898
f 4009/4009 1918/1918 3521/3521
f 3304/3304 2383/2383 899/899
f 2383/2383 1739/1739 4650/4650
f 899/899 2383/2383 1342/1342
f 684/684 1957/1957 422/422
f 1957/1957 684/684 3723/3723
f 684/684 5115/5115 3723/3723
f 2669/2669 2663/2663 1422/1422
f 2663/2663 2644/2644 2336/2336
f 4175/4175 1046/1046 4556/4556
f 1046/1046 528/528 2641/2641
f 4556/4556 1046/1046 3706/3706
f 759/759 3023/3023 2964/2964
f 9/9 1434/1434 3635/3635
f 1434/1434 3415/3415 3068/3068
f 1029/1029 4117/4117 2279/2279
f 4117/4117 833/833 143/143
f 2279/2279 4117/4117 1449/1449
f 2267/2267 2800/2800 2241/2241
f 2267/2267 308/308 2800/2800
f 4778/4778 1087/1087 1412/1412
f 2800/2800 31/31 2241/2241
f 1411/1411 4591/4591 4446/4446
f 1413/1413 1086/1086 4592/4592
f 4037/4037 2843/2843 4389/4389
f 4591/4591 3020/3020 4446/4446
f 4391/4391 2580/2580 4576/4576
f 4390/4390 2842/2842 2579/2579
f 3026/3026 2056/2056 1645/1645
f 2580/2580 379/379 4576/4576
f 1646/1646 3050/3050 1663/1663
f 1643/1643 2057/2057 3051/3051
f 1188/1188 46/46 2341/2341
f 3050/3050 2406/2406 1663/1663
f 2341/2341 2527/2527 4785/4785
f 2341/2341 46/46 2527/2527
f 2182/2182 3579/3579 2785/2785
f 2527/2527 303/303 4785/4785
f 2785/2785 7/7 876/876
f 2785/2785 3579/3579 7/7
f 5025/5025 566/566 572/572
f 7/7 1795/1795 876/876
f 571/571 2927/2927 3052/3052
f 573/573 565/565 2928/2928
f 3312/3312 1659/1659 2499/2499
f 2927/2927 1478/1478 3052/3052
f 2501/2501 2589/2589 4604/4604
f 2498/2498 1660/1660 2588/2588
f 2926/2926 3696/3696 1164/1164
f 2646/2646 2926/2926 1164/1164
f 2589/2589 97/97 4604/4604
f 1162/1162 3694/3694 2052/2052
f 1318/1318 4863/4863 1706/1706
f 2449/2449 1318/1318 1706/1706
f 2449/2449 214/214 1318/1318
f 1706/1706 2737/2737 3231/3231
f 1706/1706 4863/4863 2737/2737
f 550/550 859/859 4997/4997
f 2737/2737 4304/4304 3231/3231
f 4995/4995 3385/3385 1257/1257
f 4998/4998 858/858 3386/3386
f 3777/3777 2404/2404 5129/5129
f 3385/3385 4096/4096 1257/1257
f 5132/5132 570/570 1041/1041
f 5131/5131 2405/2405 569/569
f 336/336 4145/4145 3410/3410
f 570/570 2920/2920 1041/1041
f 3411/3411 1122/1122 1704/1704
f 3411/3411 4146/4146 1122/1122
f 1038/1038 3236/3236 4049/4049
f 1122/1122 4533/4533 1704/1704
f 4049/4049 1208/1208 2278/2278
f 4049/4049 3236/3236 1208/1208
f 3443/3443 308/308 2267/2267
f 1208/1208 3850/3850 2278/2278
f 434/434 785/785 4488/4488
f 4488/4488 785/785 3684/3684
f 164/164 3958/3958 4243/4243
f 1965/1965 5136/5136 2598/2598
f 4769/4769 2578/2578 1433/1433
f 2462/2462 3340/3340 4597/4597
f 2015/2015 2956/2956 1302/1302
f 4619/4619 4329/4329 4179/4179
f 716/716 838/838 3817/3817
f 4214/4214 3815/3815 338/338
f 4937/4937 1145/1145 1094/1094
f 4964/4964 1677/1677 4399/4399
f 444/444 1464/1464 4753/4753
f 4840/4840 51/51 4001/4001
f 4269/4269 4554/4554 167/167
f 996/996 4887/4887 4123/4123
f 340/340 1674/1674 515/515
f 2841/2841 554/554 76/76
f 5062/5062 726/726 3165/3165
f 4999/4999 1714/1714 4239/4239
f 1456/1456 2008/2008 1944/1944
f 3038/3038 4835/4835 4311/4311
f 1466/1466 960/960 3607/3607
f 1301/1301 1551/1551 2014/2014
f 3261/3261 2085/2085 3447/3447
f 3448/3448 2087/2087 1503/1503
f 17/17 1551/1551 1301/1301
f 4243/4243 3958/3958 583/583
f 4173/4173 153/153 4990/4990
f 3104/3104 2175/2175 1063/1063
f 1605/1605 2804/2804 3982/3982
f 1757/1757 3574/3574 1609/1609
f 739/739 4000/4000 5091/5091
f 3006/3006 4689/4689 2654/2654
f 4408/4408 803/803 2610/2610
f 5108/5108 49/49 3860/3860
f 3193/3193 4011/4011 982/982
f 4374/4374 4632/4632 3867/3867
f 1906/1906 480/480 3030/3030
f 3989/3989 2046/2046 3729/3729
f 2460/2460 1361/1361 4848/4848
f 4267/4267 2121/2121 1853/1853
f 1396/1396 2586/2586 1924/1924
f 2385/2385 3247/3247 3630/3630
f 2464/2464 2584/2584 2123/2123
f 1430/1430 3422/3422 2937/2937
f 3266/3266 3628/3628 1155/1155
f 2389/2389 2142/2142 2757/2757
f 2820/2820 5024/5024 898/898
f 1282/1282 2553/2553 403/403
f 1539/1539 1616/1616 5194/5194
f 2213/2213 1138/1138 1051/1051
f 4951/4951 1137/1137 2210/2210
f 3737/3737 2128/2128 4630/4630
f 4511/4511 3434/3434 4223/4223
f 1755/1755 490/490 2951/2951
f 1756/1756 4397/4397 492/492
f 2608/2608 2806/2806 2799/2799
f 2010/2010 3908/3908 2637/2637
f 2637/2637 3908/3908 3902/3902
f 3786/3786 2010/2010 440/440
f 514/514 3902/3902 4717/4717
f 2884/2884 3258/3258 4244/4244
f 4244/4244 3258/3258 4375/4375
f 2475/2475 2884/2884 1891/1891
f 5052/5052 3047/3047 2224/2224
f 2224/2224 3047/3047 672/672
f 3331/3331 5052/5052 3299/3299
f 1402/1402 694/694 2760/2760
f 2760/2760 694/694 1603/1603
f 68/68 1402/1402 2630/2630
f 2418/2418 4025/4025 2960/2960
f 2960/2960 4025/4025 3452/3452
f 2107/2107 2418/2418 1399/1399
f 3286/3286 2254/2254 3936/3936
f 3936/3936 2254/2254 1097/1097
f 1511/1511 3286/3286 907/907
f 1439/1439 705/705 2564/2564
f 2564/2564 705/705 3369/3369
f 24/24 1439/1439 4673/4673
f 4739/4739 2205/2205 2199/2199
f 2199/2199 2205/2205 2828/2828
f 1843/1843 815/815 4736/4736
f 4736/4736 815/815 4791/4791
f 521/521 4791/4791 384/384
f 1500/1500 4112/4112 1654/1654
f 1654/1654 4112/4112 2512/2512
f 3985/3985 1500/1500 789/789
f 3159/3159 2512/2512 620/620
f 1195/1195 3922/3922 2434/2434
f 2434/2434 3922/3922 4539/4539
f 4846/4846 1195/1195 2782/2782
f 2811/2811 244/244 1072/1072
f 1072/1072 244/244 848/848
f 240/240 2811/2811 285/285
f 3567/3567 54/54 2320/2320
f 2320/2320 54/54 2886/2886
f 836/836 3567/3567 3849/3849
f 2558/2558 4644/4644 2826/2826
f 2826/2826 4644/4644 2011/2011
f 2968/2968 1266/1266 4839/4839
f 4839/4839 1266/1266 2436/2436
f 5016/5016 2968/2968 4876/4876
f 3257/3257 2436/2436 2889/2889
f 190/190 994/994 2058/2058
f 2058/2058 994/994 3560/3560
f 2889/2889 190/190 4967/4967
f 4021/4021 3560/3560 1123/1123
f 1696/1696 2632/2632 3888/3888
f 3888/3888 2632/2632 3660/3660
f 1123/1123 1696/1696 3368/3368
f 3037/3037 3660/3660 144/144
f 3489/3489 2408/2408 522/522
f 522/522 2408/2408 2539/2539
f 144/144 3489/3489 4484/4484
f 2754/2754 2539/2539 3968/3968
f 4132/4132 1222/1222 3738/3738
f 3738/3738 1222/1222 3671/3671
f 3968/3968 4132/4132 1937/1937
f 1290/1290 3671/3671 2311/2311
f 3211/3211 1435/1435 207/207
f 207/207 1435/1435 3067/3067
f 2311/2311 3211/3211 5017/5017
f 1153/1153 3067/3067 3918/3918
f 3653/3653 2664/2664 411/411
f 411/411 2664/2664 2337/2337
f 3918/3918 3653/3653 792/792
f 1249/1249 2337/2337 1215/1215
f 3069/3069 4008/4008 4811/4811
f 4811/4811 4008/4008 3522/3522
f 1215/1215 3069/3069 453/453
f 1469/1469 3522/3522 1774/1774
f 2979/2979 2986/2986 4762/4762
f 4762/4762 2986/2986 2466/2466
f 1774/1774 2979/2979 1186/1186
f 597/597 2466/2466 1315/1315
f 1996/1996 5187/5187 1541/1541
f 1541/1541 5187/5187 5177/5177
f 1315/1315 1996/1996 4370/4370
f 3252/3252 5177/5177 3126/3126
f 4393/4393 1491/1491 2882/2882
f 2882/2882 1491/1491 4694/4694
f 3126/3126 4393/4393 3255/3255
f 560/560 4694/4694 4144/4144
f 316/316 4296/4296 1810/1810
f 1810/1810 4296/4296 3943/3943
f 4144/4144 316/316 2551/2551
f 948/948 3943/3943 3951/3951
f 5174/5174 2472/2472 1561/1561
f 1561/1561 2472/2472 928/928
f 3951/3951 5174/5174 116/116
f 1781/1781 928/928 2888/2888
f 1128/1128 2743/2743 3323/3323
f 3323/3323 2743/2743 2329/2329
f 2888/2888 1128/1128 4719/4719
f 4030/4030 2329/2329 5016/5016
f 4549/4549 4118/4118 5165/5165
f 5165/5165 142/142 3403/3403
f 4973/4973 1045/1045 4352/4352
f 4354/4354 2642/2642 1738/1738
f 718/718 2384/2384 1792/1792
f 1792/1792 4649/4649 364/364
f 1597/1597 2101/2101 3605/3605
f 3605/3605 4892/4892 2265/2265
f 3017/3017 347/347 3439/3439
f 3438/3438 505/505 232/232
f 4372/4372 37/37 324/324
f 324/324 394/394 4905/4905
f 2716/2716 1555/1555 172/172
f 172/172 2724/2724 1516/1516
f 1519/1519 2721/2721 4080/4080
f 4079/4079 812/812 3347/3347
f 4264/4264 656/656 1071/1071
f 1070/1070 4206/4206 3642/3642
f 3287/3287 3748/3748 2149/2149
f 2150/2150 3704/3704 2249/2249
f 754/754 111/111 2741/2741
f 2741/2741 5070/5070 850/850
f 1213/1213 4249/4249 4034/4034
f 4035/4035 3280/3280 2432/2432
f 1887/1887 990/990 4425/4425
f 4424/4424 2694/2694 4975/4975
f 2111/2111 4594/4594 33/33
f 33/33 4432/4432 4547/4547
f 4202/4202 1117/1117 4456/4456
f 3053/3053 1760/1760 574/574
f 2746/2746 2500/2500 1014/1014
f 1486/1486 2255/2255 2651/2651
f 2255/2255 1260/1260 1096/1096
f 1828/1828 34/34 4045/4045
f 34/34 1828/1828 2112/2112
f 4045/4045 4548/4548 1955/1955
f 2179/2179 704/704 135/135
f 704/704 90/90 3370/3370
f 2564/2564 2458/2458 4673/4673
f 2039/2039 658/658 2396/2396
f 2715/2715 4603/4603 2645/2645
f 2715/2715 3374/3374 4603/4603
f 4603/4603 1014/1014 2500/2500
f 2715/2715 2645/2645 247/247
f 1569/1569 2206/2206 4483/4483
f 2206/2206 798/798 2827/2827
f 2537/2537 18/18 3712/3712
f 1749/1749 816/816 3309/3309
f 816/816 3433/3433 4793/4793
f 3678/3678 4423/4423 3080/3080
f 4423/4423 3678/3678 1888/1888
f 3080/3080 4976/4976 1210/1210
f 3799/3799 1535/1535 978/978
f 2851/2851 2448/2448 3716/3716
f 5081/5081 4113/4113 2660/2660
f 4113/4113 1766/1766 2513/2513
f 2199/2199 1570/1570 384/384
f 1089/1089 3923/3923 2331/2331
f 3923/3923 3298/3298 4538/4538
f 4104/4104 3230/3230 4996/4996
f 4104/4104 1441/1441 3230/3230
f 3230/3230 3716/3716 1707/1707
f 4104/4104 4996/4996 2314/2314
f 1977/1977 245/245 2194/2194
f 245/245 276/276 847/847
f 2572/2572 4036/4036 1979/1979
f 4036/4036 2572/2572 1214/1214
f 1979/1979 2430/2430 4129/4129
f 3801/3801 55/55 4992/4992
f 55/55 1109/1109 2887/2887
f 3789/3789 1258/1258 5130/5130
f 3789/3789 2093/2093 1258/1258
f 1258/1258 2314/2314 4996/4996
f 3789/3789 5130/5130 783/783
f 3245/3245 4643/4643 71/71
f 4643/4643 782/782 2012/2012
f 4952/4952 743/743 1538/1538
f 2636/2636 2742/2742 2708/2708
f 2742/2742 2636/2636 755/755
f 2708/2708 851/851 2890/2890
f 1040/1040 783/783 5130/5130
f 3213/3213 3412/3412 3914/3914
f 1654/1654 5082/5082 789/789
f 1703/1703 3914/3914 3412/3412
f 2168/2168 2148/2148 3499/3499
f 2148/2148 2168/2168 3288/3288
f 3499/3499 2248/2248 3610/3610
f 2434/2434 703/703 2782/2782
f 2277/2277 4661/4661 4048/4048
f 2004/2004 2266/2266 4333/4333
f 4708/4708 1069/1069 1580/1580
f 1069/1069 4708/4708 4262/4262
f 1580/1580 3641/3641 2792/2792
f 1072/1072 4414/4414 285/285
f 2326/2326 3123/3123 47/47
f 4180/4180 4092/4092 3580/3580
f 1544/1544 4081/4081 5149/5149
f 4081/4081 1544/1544 1518/1518
f 5149/5149 3348/3348 4229/4229
f 1/1 3746/3746 3114/3114
f 2320/2320 3855/3855 3849/3849
f 229/229 3870/3870 3130/3130
f 159/159 4387/4387 1631/1631
f 4279/4279 171/171 5/5
f 171/171 4279/4279 2717/2717
f 5/5 1517/1517 2252/2252
f 3550/3550 3424/3424 3161/3161
f 2826/2826 3003/3003 4717/4717
f 426/426 4136/4136 1692/1692
f 3366/3366 1267/1267 3405/3405
f 1267/1267 2667/2667 2435/2435
f 1442/1442 1306/1306 278/278
f 3005/3005 995/995 4953/4953
f 995/995 817/817 3559/3559
f 2590/2590 325/325 91/91
f 325/325 2590/2590 4371/4371
f 91/91 4904/4904 4942/4942
f 151/151 5053/5053 4730/4730
f 1062/1062 3469/3469 4147/4147
f 2289/2289 2631/2631 1452/1452
f 2631/2631 4210/4210 3661/3661
f 4686/4686 1720/1720 1728/1728
f 4902/4902 561/561 3235/3235
f 2981/2981 2409/2409 3413/3413
f 2409/2409 962/962 2538/2538
f 2918/2918 4452/4452 3008/3008
f 3497/3497 3353/3353 307/307
f 3049/3049 1223/1223 4222/4222
f 1223/1223 1809/1809 3672/3672
f 606/606 3437/3437 2836/2836
f 3437/3437 606/606 3019/3019
f 2836/2836 234/234 2862/2862
f 1700/1700 1291/1291 2303/2303
f 840/840 5157/5157 2705/2705
f 1817/1817 3387/3387 1722/1722
f 1722/1722 4170/4170 113/113
f 2060/2060 3831/3831 5163/5163
f 5163/5163 3099/3099 1968/1968
f 4721/4721 2450/2450 4869/4869
f 4869/4869 753/753 4856/4856
f 2172/2172 539/539 873/873
f 873/873 2787/2787 4683/4683
f 651/651 1259/1259 604/604
f 604/604 1940/1940 1269/1269
f 2749/2749 3852/3852 3514/3514
f 3514/3514 4589/4589 1247/1247
f 3091/3091 4574/4574 610/610
f 610/610 4573/4573 2689/2689
f 4059/4059 3812/3812 4874/4874
f 4874/4874 1197/1197 5142/5142
f 1583/1583 4521/4521 3680/3680
f 3680/3680 3589/3589 2428/2428
f 2620/2620 3015/3015 3869/3869
f 3869/3869 4039/4039 3178/3178
f 1933/1933 5028/5028 473/473
f 473/473 1130/1130 1090/1090
f 1868/1868 4022/4022 4897/4897
f 4897/4897 4884/4884 4861/4861
f 4485/4485 1477/1477 1959/1959
f 1959/1959 3317/3317 1304/1304
f 900/900 1354/1354 840/840
f 4981/4981 320/320 1876/1876
f 1237/1237 312/312 3887/3887
f 3886/3886 1272/1272 4899/4899
f 4899/4899 3113/3113 4074/4074
f 4074/4074 4890/4890 2794/2794
f 2797/2797 3970/3970 2955/2955
f 4641/4641 413/413 3081/3081
f 3081/3081 680/680 4199/4199
f 4199/4199 4441/4441 1178/1178
f 1178/1178 3475/3475 5105/5105
f 3645/3645 3845/3845 4656/4656
f 3838/3838 3645/3645 865/865
f 3645/3645 4656/4656 865/865
f 4468/4468 241/241 3839/3839
f 2171/2171 1031/1031 535/535
f 536/536 3454/3454 1523/1523
f 1523/1523 1581/1581 1450/1450
f 1450/1450 5008/5008 2302/2302
f 2232/2232 729/729 3076/3076
f 1432/1432 511/511 2091/2091
f 2091/2091 2904/2904 2177/2177
f 2177/2177 2154/2154 4560/4560
f 4560/4560 4563/4563 3664/3664
f 1110/1110 5119/5119 4509/4509
f 1110/1110 5049/5049 5119/5119
f 1110/1110 4509/4509 1879/1879
f 5049/5049 2030/2030 740/740
f 5119/5119 740/740 2685/2685
f 2603/2603 2035/2035 731/731
f 731/731 4534/4534 4880/4880
f 4880/4880 1134/1134 1244/1244
f 1245/1245 1080/1080 4321/4321
f 1369/1369 358/358 930/930
f 359/359 1057/1057 5151/5151
f 1057/1057 3983/3983 5151/5151
f 1522/1522 2594/2594 1702/1702
f 1702/1702 294/294 4966/4966
f 4966/4966 4517/4517 147/147
f 147/147 3674/3674 715/715
f 733/733 1309/1309 4454/4454
f 4321/4321 4454/4454 4645/4645
f 576/576 3545/3545 2524/2524
f 1528/1528 5162/5162 706/706
f 706/706 3036/3036 2518/2518
f 2518/2518 971/971 2497/2497
f 2497/2497 4029/4029 4286/4286
f 4871/4871 3241/3241 4652/4652
f 4652/4652 3241/3241 1198/1198
f 4961/4961 4192/4192 3481/3481
f 3481/3481 4192/4192 3011/3011
f 3138/3138 2078/2078 4345/4345
f 4345/4345 2078/2078 4233/4233
f 904/904 2048/2048 2930/2930
f 2930/2930 2048/2048 2062/2062
f 123/123 2740/2740 3928/3928
f 3928/3928 2740/2740 1732/1732
f 366/366 375/375 1717/1717
f 1719/1719 374/374 4299/4299
f 218/218 3479/3479 3241/3241
f 3241/3241 3479/3479 2390/2390
f 1650/1650 4702/4702 218/218
f 1182/1182 1882/1882 4192/4192
f 4192/4192 1882/1882 1106/1106
f 5124/5124 1773/1773 1184/1184
f 1922/1922 4612/4612 3542/3542
f 1860/1860 4369/4369 831/831
f 3564/3564 1753/1753 2078/2078
f 2078/2078 1753/1753 4455/4455
f 3718/3718 544/544 3565/3565
f 793/793 3950/3950 2048/2048
f 2048/2048 3950/3950 3623/3623
f 3545/3545 2713/2713 793/793
f 2897/2897 3925/3925 2740/2740
f 2740/2740 3925/3925 4816/4816
f 1899/1899 4837/4837 2897/2897
f 926/926 1993/1993 375/375
f 374/374 1992/1992 1471/1471
f 58/58 601/601 926/926
f 5029/5029 4505/4505 2853/2853
f 5029/5029 1023/1023 4505/4505
f 5029/5029 2853/2853 2250/2250
f 1023/1023 3358/3358 4845/4845
f 4505/4505 4845/4845 3762/3762
f 3597/3597 2433/2433 2613/2613
f 518/518 5092/5092 3142/3142
f 5093/5093 1462/1462 2451/2451
f 1462/1462 4959/4959 2451/2451
f 955/955 4335/4335 1953/1953
f 1367/1367 953/953 1816/1816
f 955/955 1953/1953 1815/1815
f 952/952 4006/4006 1367/1367
f 4284/4284 3093/3093 3640/3640
f 3640/3640 2505/2505 2649/2649
f 1025/1025 3199/3199 4382/4382
f 5106/5106 4382/4382 4608/4608
f 450/450 5125/5125 4903/4903
f 1912/1912 3409/3409 3145/3145
f 3408/3408 2041/2041 1633/1633
f 2041/2041 500/500 1633/1633
f 2525/2525 4657/4657 2092/2092
f 2525/2525 4968/4968 4657/4657
f 2525/2525 2092/2092 1004/1004
f 4968/4968 1672/1672 4468/4468
f 4657/4657 4468/4468 2997/2997
f 517/517 4606/4606 2072/2072
f 3344/3344 517/517 807/807
f 517/517 2072/2072 807/807
f 740/740 2697/2697 3343/3343
f 3739/3739 2649/2649 950/950
f 2648/2648 2504/2504 4110/4110
f 2504/2504 3534/3534 4110/4110
f 450/450 4903/4903 3910/3910
f 5128/5128 2216/2216 447/447
f 2794/2794 445/445 2116/2116
f 2232/2232 1650/1650 729/729
f 4377/4377 4495/4495 4747/4747
f 4377/4377 3787/3787 4495/4495
f 4377/4377 4747/4747 4546/4546
f 3787/3787 3186/3186 2305/2305
f 4495/4495 2305/2305 3659/3659
f 5037/5037 2858/2858 2822/2822
f 2822/2822 2162/2162 405/405
f 3543/3543 2955/2955 371/371
f 2954/2954 3969/3969 4586/4586
f 3969/3969 4362/4362 4586/4586
f 773/773 50/50 2922/2922
f 437/437 696/696 2103/2103
f 4285/4285 2103/2103 1690/1690
f 3597/3597 58/58 2433/2433
f 3226/3226 4101/4101 666/666
f 2639/2639 3098/3098 1638/1638
f 2639/2639 3122/3122 3098/3098
f 2639/2639 1638/1638 3991/3991
f 3122/3122 3783/3783 961/961
f 3098/3098 961/961 1804/1804
f 1819/1819 4920/4920 3336/3336
f 4458/4458 1819/1819 1686/1686
f 1819/1819 3336/3336 1686/1686
f 961/961 56/56 4459/4459
f 2544/2544 333/333 399/399
f 4327/4327 405/405 385/385
f 406/406 2161/2161 4636/4636
f 2161/2161 3584/3584 4636/4636
f 1821/1821 427/427 1468/1468
f 1143/1143 1820/1820 4500/4500
f 1821/1821 1468/1468 4501/4501
f 182/182 3952/3952 1143/1143
f 920/920 941/941 4088/4088
f 715/715 4089/4089 5133/5133
f 2544/2544 1900/1900 333/333
f 4208/4208 1058/1058 358/358
f 1150/1150 1192/1192 1105/1105
f 1150/1150 5019/5019 1192/1192
f 1150/1150 1105/1105 2696/2696
f 5019/5019 125/125 182/182
f 1192/1192 182/182 4216/4216
f 534/534 666/666 712/712
f 665/665 4100/4100 4272/4272
f 4100/4100 943/943 4272/4272
f 1836/1836 702/702 1743/1743
f 4253/4253 1835/1835 1239/1239
f 1836/1836 1743/1743 1238/1238
f 2305/2305 4750/4750 4253/4253
f 3458/3458 3013/3013 1150/1150
f 1150/1150 3013/3013 5103/5103
f 1150/1150 5103/5103 5019/5019
f 2030/2030 1341/1341 1274/1274
f 3112/3112 4394/4394 532/532
f 4692/4692 764/764 1110/1110
f 1110/1110 764/764 3399/3399
f 1110/1110 3399/3399 5049/5049
f 3425/3425 824/824 679/679
f 4440/4440 1786/1786 3103/3103
f 1921/1921 4580/4580 3571/3571
f 3570/3570 4581/4581 3215/3215
f 3570/3570 3215/3215 27/27
f 3358/3358 4601/4601 3453/3453
f 1582/1582 627/627 3907/3907
f 3233/3233 2456/2456 5029/5029
f 5029/5029 2456/2456 1849/1849
f 5029/5029 1849/1849 1023/1023
f 1672/1672 5039/5039 2903/2903
f 2153/2153 3740/3740 585/585
f 2139/2139 1193/1193 2525/2525
f 2525/2525 1193/1193 3794/3794
f 2525/2525 3794/3794 4968/4968
f 3186/3186 3921/3921 4535/4535
f 1133/1133 1769/1769 4674/4674
f 2864/2864 2076/2076 4377/4377
f 4377/4377 2076/2076 138/138
f 4377/4377 138/138 3787/3787
f 3783/3783 1829/1829 293/293
f 4516/4516 4445/4445 485/485
f 5118/5118 3962/3962 2639/2639
f 2639/2639 3962/3962 259/259
f 2639/2639 259/259 3122/3122
f 125/125 1279/1279 3035/3035
f 970/970 2556/2556 3618/3618
f 1171/1171 2902/2902 4271/4271
f 807/807 3576/3576 4635/4635
f 1078/1078 2373/2373 3996/3996
f 668/668 3/3 2375/2375
f 3254/3254 1509/1509 451/451
f 3354/3354 531/531 1507/1507
f 4502/4502 254/254 4585/4585
f 2857/2857 1353/1353 4086/4086
f 5038/5038 1798/1798 1352/1352
f 1686/1686 1331/1331 4111/4111
f 865/865 2568/2568 1634/1634
f 1815/1815 4073/4073 2453/2453
f 3092/3092 99/99 44/44
f 4283/4283 2734/2734 101/101
f 4120/4120 365/365 1718/1718
f 1716/1716 4298/4298 3534/3534
f 1736/1736 122/122 3927/3927
f 3926/3926 1731/1731 3983/3983
f 1885/1885 905/905 2931/2931
f 2929/2929 2063/2063 500/500
f 4671/4671 3139/3139 4346/4346
f 4347/4347 4234/4234 943/943
f 4733/4733 1480/1480 2766/2766
f 2763/2763 4419/4419 4959/4959
f 4461/4461 4963/4963 3482/3482
f 3480/3480 3010/3010 3584/3584
f 131/131 4872/4872 4653/4653
f 4654/4654 1199/1199 4362/4362
f 1238/1238 2334/2334 5152/5152
f 2854/2854 3149/3149 1125/1125
f 4805/4805 4820/4820 3147/3147
f 3650/3650 2391/2391 3833/3833
f 4226/4226 4019/4019 2393/2393
f 352/352 3276/3276 3543/3543
f 3275/3275 4542/4542 1982/1982
f 4851/4851 29/29 353/353
f 3543/3543 4284/4284 3640/3640
f 3709/3709 4530/4530 1054/1054
f 3739/3739 1055/1055 667/667
f 668/668 2316/2316 3/3
f 3739/3739 667/667 1100/1100
f 2285/2285 1381/1381 2151/2151
f 1369/1369 2152/2152 2238/2238
f 2239/2239 4735/4735 192/192
f 1369/1369 2238/2238 3249/3249
f 4470/4470 2256/2256 1912/1912
f 2257/2257 631/631 4411/4411
f 4364/4364 2616/2616 4471/4471
f 579/579 1454/1454 534/534
f 1455/1455 3945/3945 103/103
f 3916/3916 1680/1680 580/580
f 534/534 4225/4225 2129/2129
f 4918/4918 1083/1083 40/40
f 2239/2239 192/192 1084/1084
f 4313/4313 3776/3776 518/518
f 3775/3775 5145/5145 3600/3600
f 5099/5099 2693/2693 4314/4314
f 518/518 5037/5037 2822/2822
f 2288/2288 4558/4558 4327/4327
f 4559/4559 1330/1330 2272/2272
f 5005/5005 4278/4278 2287/2287
f 4327/4327 4806/4806 1715/1715
f 4719/4719 3323/3323 2174/2174
f 5016/5016 4914/4914 4030/4030
f 457/457 388/388 391/391
f 457/457 391/391 454/454
f 432/432 1589/1589 1497/1497
f 432/432 1497/1497 1914/1914
f 2699/2699 4557/4557 2027/2027
f 2699/2699 2027/2027 1588/1588
f 1588/1588 2027/2027 4818/4818
f 1588/1588 4818/4818 1496/1496
f 4557/4557 5101/5101 2335/2335
f 4557/4557 2335/2335 2027/2027
f 2027/2027 2335/2335 2260/2260
f 2027/2027 2260/2260 4818/4818
f 2335/2335 5101/5101 4106/4106
f 2335/2335 4106/4106 1076/1076
f 1075/1075 4107/4107 2894/2894
f 1075/1075 2894/2894 4561/4561
f 4561/4561 2894/2894 14/14
f 4561/4561 14/14 1224/1224
f 1224/1224 14/14 1107/1107
f 1224/1224 1107/1107 344/344
f 1107/1107 2727/2727 66/66
f 1107/1107 66/66 344/344
f 2727/2727 4834/4834 3360/3360
f 2727/2727 3360/3360 66/66
f 3360/3360 4141/4141 3156/3156
f 3360/3360 3156/3156 66/66
f 4834/4834 791/791 3530/3530
f 4834/4834 3530/3530 3360/3360
f 791/791 4827/4827 1505/1505
f 791/791 1505/1505 3530/3530
f 1505/1505 4827/4827 330/330
f 1505/1505 330/330 2985/2985
f 1505/1505 2985/2985 599/599
f 1505/1505 599/599 252/252
f 2984/2984 329/329 3197/3197
f 2984/2984 3197/3197 2351/2351
f 2984/2984 2351/2351 2676/2676
f 2984/2984 2676/2676 598/598
f 2351/2351 3197/3197 3823/3823
f 2351/2351 3823/3823 2988/2988
f 2351/2351 2988/2988 4018/4018
f 2351/2351 4018/4018 2676/2676
f 2988/2988 3823/3823 4609/4609
f 2988/2988 4609/4609 4359/4359
f 4609/4609 3556/3556 1938/1938
f 4609/4609 1938/1938 124/124
f 124/124 1938/1938 4094/4094
f 124/124 4094/4094 260/260
f 3556/3556 4235/4235 2425/2425
f 3556/3556 2425/2425 1938/1938
f 1938/1938 2425/2425 3847/3847
f 1938/1938 3847/3847 4094/4094
f 4235/4235 4794/4794 1863/1863
f 4235/4235 1863/1863 2425/2425
f 2425/2425 1863/1863 613/613
f 2425/2425 613/613 3847/3847
f 4794/4794 4665/4665 4859/4859
f 4794/4794 4859/4859 1863/1863
f 1863/1863 4859/4859 719/719
f 1863/1863 719/719 613/613
f 4664/4664 1445/1445 1552/1552
f 4664/4664 1552/1552 4858/4858
f 1445/1445 2403/2403 581/581
f 1445/1445 581/581 1552/1552
f 2403/2403 231/231 4366/4366
f 2403/2403 4366/4366 581/581
f 4366/4366 231/231 2402/2402
f 4366/4366 2402/2402 3533/3533
f 3533/3533 2402/2402 4790/4790
f 3533/3533 4790/4790 3821/3821
f 797/797 889/889 3533/3533
f 797/797 3533/3533 3821/3821
f 3821/3821 4790/4790 4666/4666
f 3821/3821 4666/4666 4860/4860
f 4860/4860 4666/4666 2540/2540
f 4860/4860 2540/2540 3633/3633
f 4860/4860 3633/3633 2422/2422
f 4860/4860 2422/2422 215/215
f 3634/3634 2541/2541 3132/3132
f 3634/3634 3132/3132 1278/1278
f 3633/3633 1277/1277 4114/4114
f 3633/3633 4114/4114 2422/2422
f 1278/1278 3132/3132 1526/1526
f 1278/1278 1526/1526 1030/1030
f 1278/1278 1030/1030 2739/2739
f 1278/1278 2739/2739 4116/4116
f 1030/1030 1526/1526 3518/3518
f 1030/1030 3518/3518 354/354
f 1030/1030 354/354 4824/4824
f 1030/1030 4824/4824 2739/2739
f 1359/1359 2363/2363 3977/3977
f 1359/1359 3977/3977 1338/1338
f 2187/2187 2190/2190 2683/2683
f 2187/2187 2683/2683 2679/2679
f 4666/4666 708/708 3682/3682
f 4666/4666 3682/3682 2540/2540
f 4826/4826 3585/3585 2846/2846
f 4826/4826 2846/2846 329/329
f 4794/4794 4235/4235 2454/2454
f 4794/4794 2454/2454 341/341
f 1526/1526 3375/3375 298/298
f 1526/1526 298/298 3518/3518
f 2700/2700 4055/4055 298/298
f 2700/2700 298/298 1428/1428
f 2727/2727 1212/1212 1986/1986
f 2727/2727 1986/1986 4834/4834
f 14/14 2894/2894 2219/2219
f 14/14 2219/2219 4926/4926
f 2541/2541 3681/3681 3375/3375
f 2541/2541 3375/3375 3132/3132
f 4557/4557 2699/2699 1426/1426
f 4557/4557 1426/1426 227/227
f 231/231 2403/2403 3891/3891
f 231/231 3891/3891 4412/4412
f 4665/4665 4794/4794 341/341
f 4665/4665 341/341 4633/4633
f 329/329 2846/2846 4405/4405
f 329/329 4405/4405 3197/3197
f 4235/4235 3556/3556 527/527
f 4235/4235 527/527 2454/2454
f 2402/2402 4412/4412 5084/5084
f 2402/2402 5084/5084 4790/4790
f 4790/4790 5084/5084 708/708
f 4790/4790 708/708 4666/4666
f 1107/1107 14/14 4926/4926
f 1107/1107 4926/4926 1212/1212
f 313/313 202/202 387/387
f 313/313 387/387 458/458
f 2189/2189 2680/2680 3977/3977
f 2189/2189 3977/3977 2363/2363
f 1337/1337 456/456 390/390
f 1337/1337 390/390 1360/1360
f 5012/5012 2682/2682 2191/2191
f 5012/5012 2191/2191 3325/3325
f 3324/3324 5168/5168 1371/1371
f 3324/3324 1371/1371 5014/5014
f 5168/5168 203/203 315/315
f 5168/5168 315/315 1371/1371
f 3581/3581 4076/4076 1788/1788
f 3581/3581 1788/1788 296/296
f 1009/1009 4467/4467 3581/3581
f 1009/1009 3581/3581 3796/3796
f 2906/2906 2833/2833 3581/3581
f 2906/2906 3581/3581 4467/4467
f 265/265 4682/4682 2905/2905
f 265/265 2905/2905 4340/4340
f 355/355 4513/4513 1009/1009
f 355/355 1009/1009 139/139
f 2934/2934 1152/1152 4669/4669
f 2934/2934 4669/4669 1814/1814
f 1165/1165 2299/2299 2934/2934
f 1165/1165 2934/2934 4513/4513
f 699/699 1146/1146 2934/2934
f 699/699 2934/2934 2299/2299
f 4878/4878 4301/4301 1204/1204
f 4878/4878 1204/1204 2299/2299
f 441/441 4878/4878 2299/2299
f 441/441 2299/2299 1165/1165
f 1727/1727 487/487 698/698
f 1727/1727 698/698 1203/1203
f 542/542 441/441 1165/1165
f 542/542 1165/1165 2059/2059
f 4639/4639 3465/3465 772/772
f 4639/4639 772/772 1881/1881
f 772/772 3182/3182 4301/4301
f 772/772 4301/4301 4878/4878
f 3033/3033 2876/2876 2783/2783
f 3033/3033 2783/2783 1311/1311
f 326/326 4003/4003 3915/3915
f 326/326 3915/3915 3472/3472
f 552/552 4833/4833 3882/3882
f 552/552 3882/3882 3034/3034
f 3882/3882 3295/3295 2877/2877
f 3882/3882 2877/2877 3034/3034
f 4855/4855 22/22 4348/4348
f 4855/4855 4348/4348 1710/1710
f 4348/4348 5097/5097 553/553
f 4348/4348 553/553 1311/1311
f 1363/1363 4551/4551 820/820
f 1363/1363 820/820 3840/3840
f 1059/1059 1363/1363 3840/3840
f 1059/1059 3840/3840 2439/2439
f 219/219 3583/3583 35/35
f 219/219 35/35 443/443
f 35/35 923/923 2198/2198
f 35/35 2198/2198 443/443
f 2055/2055 11/11 4748/4748
f 2055/2055 4748/4748 556/556
f 4748/4748 2942/2942 220/220
f 4748/4748 220/220 4551/4551
f 1789/1789 4970/4970 3854/3854
f 1789/1789 3854/3854 108/108
f 109/109 3853/3853 556/556
f 109/109 556/556 1349/1349
f 1139/1139 321/321 4759/4759
f 1139/1139 4759/4759 4595/4595
f 635/635 3540/3540 757/757
f 635/635 757/757 3442/3442
f 757/757 5002/5002 2237/2237
f 757/757 2237/2237 1221/1221
f 2482/2482 3171/3171 284/284
f 2482/2482 284/284 1683/1683
f 1127/1127 1585/1585 4014/4014
f 1127/1127 4014/4014 523/523
f 4150/4150 4623/4623 85/85
f 4150/4150 85/85 2481/2481
f 85/85 2165/2165 3170/3170
f 85/85 3170/3170 2481/2481
f 1862/1862 2281/2281 3596/3596
f 1862/1862 3596/3596 588/588
f 2546/2546 139/139 4185/4185
f 2546/2546 4185/4185 1862/1862
f 3763/3763 1139/1139 4595/4595
f 3763/3763 4595/4595 1777/1777
f 1777/1777 1059/1059 2439/2439
f 1777/1777 2439/2439 4002/4002
f 4002/4002 326/326 3472/3472
f 4002/4002 3472/3472 1296/1296
f 4906/4906 2059/2059 355/355
f 4906/4906 355/355 2546/2546
f 4418/4418 4013/4013 2907/2907
f 4418/4418 2907/2907 2912/2912
f 362/362 2912/2912 2907/2907
f 362/362 2907/2907 1585/1585
f 2907/2907 766/766 4151/4151
f 2907/2907 4151/4151 1683/1683
f 4168/4168 1658/1658 1864/1864
f 4168/4168 1864/1864 2369/2369
f 2368/2368 1865/1865 2912/2912
f 2368/2368 2912/2912 4337/4337
f 1912/1912 2129/2129 4051/4051
f 1912/1912 4051/4051 3157/3157
f 4203/4203 3133/3133 331/331
f 4203/4203 331/331 1235/1235
f 4798/4798 3592/3592 3515/3515
f 4798/4798 3515/3515 3935/3935
f 4061/4061 2583/2583 1191/1191
f 4061/4061 1191/1191 3617/3617
f 1909/1909 3516/3516 2581/2581
f 1909/1909 2581/2581 4060/4060
f 72/72 4491/4491 2366/2366
f 72/72 2366/2366 4520/4520
f 3043/3043 2521/2521 1800/1800
f 3043/3043 1800/1800 691/691
f 4330/4330 3668/3668 2519/2519
f 4330/4330 2519/2519 3044/3044
f 2520/2520 5123/5123 3691/3691
f 2520/2520 3691/3691 1799/1799
f 4406/4406 3209/3209 3205/3205
f 4406/4406 3205/3205 808/808
f 2033/2033 4360/4360 722/722
f 2033/2033 722/722 4194/4194
f 1614/1614 1034/1034 4700/4700
f 1614/1614 4700/4700 2626/2626
f 2726/2726 173/173 408/408
f 2726/2726 408/408 1205/1205
f 3527/3527 3939/3939 3391/3391
f 3527/3527 3391/3391 118/118
f 3036/3036 1280/1280 605/605
f 3036/3036 605/605 2706/2706
f 2518/2518 3036/3036 2706/2706
f 2518/2518 2706/2706 1043/1043
f 114/114 5117/5117 2557/2557
f 114/114 2557/2557 922/922
f 294/294 1830/1830 915/915
f 294/294 915/915 1969/1969
f 4444/4444 4517/4517 4722/4722
f 4444/4444 4722/4722 2352/2352
f 4722/4722 4517/4517 4966/4966
f 4722/4722 4966/4966 4587/4587
f 4966/4966 294/294 1969/1969
f 4966/4966 1969/1969 4587/4587
f 2863/2863 4444/4444 2352/2352
f 2863/2863 2352/2352 4857/4857
f 3920/3920 137/137 2173/2173
f 3920/3920 2173/2173 3087/3087
f 4534/4534 3920/3920 3087/3087
f 4534/4534 3087/3087 4684/4684
f 1770/1770 1136/1136 652/652
f 1770/1770 652/652 2943/2943
f 1134/1134 4880/4880 170/170
f 1134/1134 170/170 653/653
f 4880/4880 4534/4534 4684/4684
f 4880/4880 4684/4684 170/170
f 1833/1833 5040/5040 3795/3795
f 1833/1833 3795/3795 2750/2750
f 1248/1248 2904/2904 5040/5040
f 1248/1248 5040/5040 1833/1833
f 3741/3741 2154/2154 3090/3090
f 3741/3741 3090/3090 4685/4685
f 3090/3090 2154/2154 2177/2177
f 3090/3090 2177/2177 4955/4955
f 2177/2177 2904/2904 1248/1248
f 2177/2177 1248/1248 4955/4955
f 2690/2690 3234/3234 3741/3741
f 2690/2690 3741/3741 4685/4685
f 5143/5143 3454/3454 4600/4600
f 5143/5143 4600/4600 4989/4989
f 626/626 1581/1581 1584/1584
f 626/626 1584/1584 3811/3811
f 1584/1584 1581/1581 1523/1523
f 1584/1584 1523/1523 1752/1752
f 1752/1752 1523/1523 3454/3454
f 1752/1752 3454/3454 5143/5143
f 2410/2410 825/825 3216/3216
f 2410/2410 3216/3216 2621/2621
f 3179/3179 680/680 825/825
f 3179/3179 825/825 2410/2410
f 1785/1785 4441/4441 1934/1934
f 1785/1785 1934/1934 584/584
f 4441/4441 4199/4199 2731/2731
f 4441/4441 2731/2731 1934/1934
f 4199/4199 680/680 3179/3179
f 4199/4199 3179/3179 2731/2731
f 1340/1340 3397/3397 1867/1867
f 1340/1340 1867/1867 3863/3863
f 4862/4862 1272/1272 1340/1340
f 4862/4862 1340/1340 3863/3863
f 4395/4395 3113/3113 4486/4486
f 4395/4395 4486/4486 2506/2506
f 4486/4486 3113/3113 4899/4899
f 4486/4486 4899/4899 3878/3878
f 3878/3878 4899/4899 1272/1272
f 3878/3878 1272/1272 4862/4862
f 1280/1280 5102/5102 901/901
f 1280/1280 901/901 605/605
f 70/70 4544/4544 3338/3338
f 70/70 3338/3338 3244/3244
f 5000/5000 3242/3242 2006/2006
f 5000/5000 2006/2006 2701/2701
f 3242/3242 3217/3217 4332/4332
f 3242/3242 4332/4332 2006/2006
f 2895/2895 1002/1002 448/448
f 2895/2895 448/448 2701/2701
f 3712/3712 3799/3799 449/449
f 3712/3712 449/449 1003/1003
f 5001/5001 3799/3799 978/978
f 5001/5001 978/978 3243/3243
f 4993/4993 2771/2771 2640/2640
f 4993/4993 2640/2640 1698/1698
f 2910/2910 1624/1624 984/984
f 2910/2910 984/984 881/881
f 1623/1623 1002/1002 2895/2895
f 1623/1623 2895/2895 983/983
f 4566/4566 5185/5185 2789/2789
f 4566/4566 2789/2789 881/881
f 2396/2396 2537/2537 2788/2788
f 2396/2396 2788/2788 5184/5184
f 2911/2911 2537/2537 3712/3712
f 2911/2911 3712/3712 1625/1625
f 2195/2195 1971/1971 3876/3876
f 2195/2195 3876/3876 1170/1170
f 2214/2214 3119/3119 3732/3732
f 2214/2214 3732/3732 4915/4915
f 3239/3239 5185/5185 4566/4566
f 3239/3239 4566/4566 4915/4915
f 2761/2761 2306/2306 3119/3119
f 2761/2761 3119/3119 2214/2214
f 3733/3733 2039/2039 2396/2396
f 3733/3733 2396/2396 3240/3240
f 2330/2330 3341/3341 4200/4200
f 2330/2330 4200/4200 3523/3523
f 3461/3461 1617/1617 2761/2761
f 3461/3461 2761/2761 3932/3932
f 2549/2549 883/883 133/133
f 2549/2549 133/133 3932/3932
f 2659/2659 3124/3124 3273/3273
f 2659/2659 3273/3273 3060/3060
f 3427/3427 3490/3490 670/670
f 3427/3427 670/670 878/878
f 3490/3490 883/883 2549/2549
f 3490/3490 2549/2549 670/670
f 2204/2204 4710/4710 2090/2090
f 2204/2204 2090/2090 879/879
f 664/664 4202/4202 2088/2088
f 664/664 2088/2088 4711/4711
f 3428/3428 4202/4202 4456/4456
f 3428/3428 4456/4456 3491/3491
f 3310/3310 1217/1217 3349/3349
f 3310/3310 3349/3349 2998/2998
f 2543/2543 360/360 4067/4067
f 2543/2543 4067/4067 4266/4266
f 360/360 4710/4710 2204/2204
f 360/360 2204/2204 4067/4067
f 1759/1759 4343/4343 2301/2301
f 1759/1759 2301/2301 4266/4266
f 5075/5075 1283/1283 2300/2300
f 5075/5075 2300/2300 4344/4344
f 2542/2542 1283/1283 664/664
f 2542/2542 664/664 361/361
f 4482/4482 2777/2777 5079/5079
f 4482/4482 5079/5079 1286/1286
f 2745/2745 2813/2813 4801/4801
f 2745/2745 4801/4801 4306/4306
f 4945/4945 4343/4343 1759/1759
f 4945/4945 1759/1759 4306/4306
f 1015/1015 3553/3553 2813/2813
f 1015/1015 2813/2813 2745/2745
f 4367/4367 1093/1093 2812/2812
f 4367/4367 2812/2812 3552/3552
f 4802/4802 1093/1093 5075/5075
f 4802/4802 5075/5075 4946/4946
f 136/136 787/787 2117/2117
f 136/136 2117/2117 3541/3541
f 4800/4800 1488/1488 3373/3373
f 4800/4800 3373/3373 2714/2714
f 1488/1488 3553/3553 1015/1015
f 1488/1488 1015/1015 3373/3373
f 246/246 1358/1358 4948/4948
f 246/246 4948/4948 2714/2714
f 250/250 1571/1571 4947/4947
f 250/250 4947/4947 1356/1356
f 4799/4799 1571/1571 4367/4367
f 4799/4799 4367/4367 1487/1487
f 2650/2650 2050/2050 4289/4289
f 2650/2650 4289/4289 2158/2158
f 235/235 3753/3753 2994/2994
f 235/235 2994/2994 2852/2852
f 3755/3755 1358/1358 246/246
f 3755/3755 246/246 2995/2995
f 3715/3715 3889/3889 4134/4134
f 3715/3715 4134/4134 2852/2852
f 2837/2837 1298/1298 4135/4135
f 2837/2837 4135/4135 3890/3890
f 236/236 1298/1298 250/250
f 236/236 250/250 3756/3756
f 936/936 4211/4211 2848/2848
f 936/936 2848/2848 3396/3396
f 895/895 2881/2881 1440/1440
f 895/895 1440/1440 4103/4103
f 2881/2881 3889/3889 3715/3715
f 2881/2881 3715/3715 1440/1440
f 2315/2315 3332/3332 4610/4610
f 2315/2315 4610/4610 4105/4105
f 896/896 3830/3830 2837/2837
f 896/896 2837/2837 2880/2880
f 4342/4342 1873/1873 2547/2547
f 4342/4342 2547/2547 1612/1612
f 1425/1425 2780/2780 2094/2094
f 1425/1425 2094/2094 3790/3790
f 2780/2780 3332/3332 2315/2315
f 2780/2780 2315/2315 2094/2094
f 784/784 4381/4381 4295/4295
f 784/784 4295/4295 3790/3790
f 1132/1132 2815/2815 1424/1424
f 1132/1132 1424/1424 4294/4294
f 2339/2339 4788/4788 743/743
f 2339/2339 743/743 4183/4183
f 3214/3214 1846/1846 1529/1529
f 3214/3214 1529/1529 328/328
f 185/185 4381/4381 784/784
f 185/185 784/784 328/328
f 3913/3913 5088/5088 1847/1847
f 3913/3913 1847/1847 3212/3212
f 4755/4755 3752/3752 1848/1848
f 4755/4755 1848/1848 5089/5089
f 3612/3612 1299/1299 4994/4994
f 3612/3612 4994/4994 157/157
f 4660/4660 3277/3277 1607/1607
f 4660/4660 1607/1607 3966/3966
f 4957/4957 5088/5088 3913/3913
f 4957/4957 3913/3913 3966/3966
f 238/238 3897/3897 3278/3278
f 238/238 3278/3278 4004/4004
f 1608/1608 3897/3897 4755/4755
f 1608/1608 4755/4755 4958/4958
f 853/853 3419/3419 3290/3290
f 853/853 3290/3290 2856/2856
f 2003/2003 2575/2575 537/537
f 2003/2003 537/537 2532/2532
f 5006/5006 4005/4005 4660/4660
f 5006/5006 4660/4660 2532/2532
f 4332/4332 3217/3217 2575/2575
f 4332/4332 2575/2575 2003/2003
f 978/978 4261/4261 2576/2576
f 978/978 2576/2576 3218/3218
f 538/538 4261/4261 238/238
f 538/538 238/238 5007/5007
f 800/800 909/909 2193/2193
f 800/800 2193/2193 3527/3527
f 4518/4518 1780/1780 1651/1651
f 4518/4518 1651/1651 173/173
f 1831/1831 483/483 2726/2726
f 1831/1831 2726/2726 1859/1859
f 3293/3293 1489/1489 4696/4696
f 3293/3293 4696/4696 1034/1034
f 277/277 301/301 1614/1614
f 277/277 1614/1614 3180/3180
f 4360/4360 591/591 376/376
f 4360/4360 376/376 722/722
f 222/222 5155/5155 2774/2774
f 222/222 2774/2774 4406/4406
f 5123/5123 4426/4426 3930/3930
f 5123/5123 3930/3930 3691/3691
f 3204/3204 4252/4252 184/184
f 3204/3204 184/184 4159/4159
f 2427/2427 1202/1202 32/32
f 2427/2427 32/32 4491/4491
f 4877/4877 1181/1181 4078/4078
f 4877/4877 4078/4078 72/72
f 1404/1404 5195/5195 221/221
f 1404/1404 221/221 3592/3592
f 4771/4771 4831/4831 5183/5183
f 4771/4771 5183/5183 4798/4798
f 3133/3133 911/911 3484/3484
f 3133/3133 3484/3484 331/331
f 1884/1884 500/500 2041/2041
f 1884/1884 2041/2041 823/823
f 3887/3887 4277/4277 5004/5004
f 3887/3887 5004/5004 1237/1237
f 4819/4819 2271/2271 4074/4074
f 4819/4819 4074/4074 2794/2794
f 141/141 2302/2302 5008/5008
f 141/141 5008/5008 1892/1892
f 1893/1893 5009/5009 3907/3907
f 1893/1893 3907/3907 3094/3094
f 4309/4309 1893/1893 3094/3094
f 4309/4309 3094/3094 83/83
f 3081/3081 2692/2692 5098/5098
f 3081/3081 5098/5098 4641/4641
f 1796/1796 3599/3599 1178/1178
f 1796/1796 1178/1178 5105/5105
f 1081/1081 191/191 4321/4321
f 1081/1081 4321/4321 4645/4645
f 5094/5094 39/39 1472/1472
f 5094/5094 1472/1472 576/576
f 39/39 1081/1081 4645/4645
f 39/39 4645/4645 1472/1472
f 535/535 1681/1681 3917/3917
f 535/535 3917/3917 2171/2171
f 4020/4020 104/104 1450/1450
f 4020/4020 1450/1450 2302/2302
f 121/121 4845/4845 3358/3358
f 121/121 3358/3358 1032/1032
f 1423/1423 120/120 1031/1031
f 1423/1423 1031/1031 2171/2171
f 762/762 3761/3761 944/944
f 762/762 944/944 1171/1171
f 2091/2091 2615/2615 4363/4363
f 2091/2091 4363/4363 1432/1432
f 529/529 4410/4410 4560/4560
f 529/529 4560/4560 3664/3664
f 1540/1540 5092/5092 518/518
f 1540/1540 518/518 13/13
f 1540/1540 13/13 4225/4225
f 1540/1540 4225/4225 3649/3649
f 4732/4732 4960/4960 1460/1460
f 4732/4732 1460/1460 1895/1895
f 731/731 2286/2286 998/998
f 731/731 998/998 2603/2603
f 191/191 4734/4734 1245/1245
f 191/191 1245/1245 4321/4321
f 1702/1702 3710/3710 178/178
f 1702/1702 178/178 1522/1522
f 4/4 2317/2317 147/147
f 4/4 147/147 715/715
f 3260/3260 3663/3663 4564/4564
f 3260/3260 4564/4564 1991/1991
f 1990/1990 4562/4562 585/585
f 1990/1990 585/585 2250/2250
f 1771/1771 1990/1990 2250/2250
f 1771/1771 2250/2250 4318/4318
f 706/706 28/28 4850/4850
f 706/706 4850/4850 1528/1528
f 2733/2733 1981/1981 2497/2497
f 2733/2733 2497/2497 4286/4286
f 563/563 5068/5068 3988/3988
f 563/563 3988/3988 2104/2104
f 562/562 2105/2105 4307/4307
f 562/562 4307/4307 681/681
f 2104/2104 2471/2471 4970/4970
f 2104/2104 4970/4970 4308/4308
f 681/681 4307/4307 3322/3322
f 681/681 3322/3322 4934/4934
f 5120/5120 563/563 682/682
f 5120/5120 682/682 4935/4935
f 462/462 5068/5068 563/563
f 462/462 563/563 5120/5120
f 849/849 179/179 4171/4171
f 849/849 4171/4171 624/624
f 624/624 4171/4171 778/778
f 624/624 778/778 3758/3758
f 179/179 2478/2478 1942/1942
f 179/179 1942/1942 4171/4171
f 4171/4171 1942/1942 2962/2962
f 4171/4171 2962/2962 778/778
f 3757/3757 777/777 1174/1174
f 3757/3757 1174/1174 1967/1967
f 1807/1807 624/624 3758/3758
f 1807/1807 3758/3758 1149/1149
f 1513/1513 849/849 624/624
f 1513/1513 624/624 1807/1807
f 4688/4688 4868/4868 958/958
f 4688/4688 958/958 3528/3528
f 3528/3528 958/958 162/162
f 3528/3528 162/162 1548/1548
f 4868/4868 810/810 1949/1949
f 4868/4868 1949/1949 958/958
f 957/957 1950/1950 4288/4288
f 957/957 4288/4288 160/160
f 161/161 4287/4287 3389/3389
f 161/161 3389/3389 2297/2297
f 1547/1547 161/161 2297/2297
f 1547/1547 2297/2297 217/217
f 2137/2137 3528/3528 1548/1548
f 2137/2137 1548/1548 1067/1067
f 105/105 4688/4688 3528/3528
f 105/105 3528/3528 2137/2137
f 918/918 1407/1407 2948/2948
f 918/918 2948/2948 4745/4745
f 918/918 4745/4745 3000/3000
f 918/918 3000/3000 1805/1805
f 4746/4746 3327/3327 3251/3251
f 4746/4746 3251/3251 3002/3002
f 1806/1806 3001/3001 3306/3306
f 1806/1806 3306/3306 3127/3127
f 2099/2099 918/918 1805/1805
f 2099/2099 1805/1805 3129/3129
f 1784/1784 1407/1407 918/918
f 1784/1784 918/918 2099/2099
f 1915/1915 2834/2834 3264/3264
f 1915/1915 3264/3264 4465/4465
f 2834/2834 4188/4188 4578/4578
f 2834/2834 4578/4578 3264/3264
f 495/495 1866/1866 1033/1033
f 495/495 1033/1033 4465/4465
f 1536/1536 2850/2850 464/464
f 1536/1536 464/464 1230/1230
f 2849/2849 1285/1285 4646/4646
f 2849/2849 4646/4646 463/463
f 149/149 2736/2736 1240/1240
f 149/149 1240/1240 1230/1230
f 288/288 1120/1120 1962/1962
f 288/288 1962/1962 5077/5077
f 4273/4273 5120/5120 4935/4935
f 4273/4273 4935/4935 5076/5076
f 1219/1219 289/289 5078/5078
f 1219/1219 5078/5078 4936/4936
f 1218/1218 2665/2665 1120/1120
f 1218/1218 1120/1120 288/288
f 4640/4640 1811/1811 5021/5021
f 4640/4640 5021/5021 3765/3765
f 1811/1811 2098/2098 3128/3128
f 1811/1811 3128/3128 5021/5021
f 1410/1410 1782/1782 725/725
f 1410/1410 725/725 3765/3765
f 4637/4637 4703/4703 2565/2565
f 4637/4637 2565/2565 470/470
f 4703/4703 5015/5015 2514/2514
f 4703/4703 2514/2514 2565/2565
f 2673/2673 2414/2414 1056/1056
f 2673/2673 1056/1056 470/470
f 5042/5042 2323/2323 2136/2136
f 5042/5042 2136/2136 687/687
f 2323/2323 1275/1275 2983/2983
f 2323/2323 2983/2983 2136/2136
f 4053/4053 551/551 82/82
f 4053/4053 82/82 687/687
f 3305/3305 1939/1939 5046/5046
f 3305/3305 5046/5046 3431/3431
f 1939/1939 2977/2977 187/187
f 1939/1939 187/187 5046/5046
f 4182/4182 1276/1276 357/357
f 4182/4182 357/357 3430/3430
f 3835/3835 3826/3826 2038/2038
f 3835/3835 2038/2038 1368/1368
f 1368/1368 2038/2038 862/862
f 1368/1368 862/862 2865/2865
f 3826/3826 1577/1577 2293/2293
f 3826/3826 2293/2293 2038/2038
f 2038/2038 2293/2293 2965/2965
f 2038/2038 2965/2965 862/862
f 861/861 2966/2966 2367/2367
f 861/861 2367/2367 482/482
f 2866/2866 861/861 482/482
f 2866/2866 482/482 4807/4807
f 1386/1386 1368/1368 2865/2865
f 1386/1386 2865/2865 5058/5058
f 4503/4503 3835/3835 1368/1368
f 4503/4503 1368/1368 1386/1386
f 4676/4676 2327/2327 3797/3797
f 4676/4676 3797/3797 433/433
f 4676/4676 433/433 3615/3615
f 4676/4676 3615/3615 5113/5113
f 433/433 4508/4508 2496/2496
f 433/433 2496/2496 3615/3615
f 5114/5114 3614/3614 1705/1705
f 5114/5114 1705/1705 4647/4647
f 1285/1285 4676/4676 5113/5113
f 1285/1285 5113/5113 4646/4646
f 3274/3274 2327/2327 4676/4676
f 3274/3274 4676/4676 1285/1285
f 1586/1586 4317/4317 4349/4349
f 1586/1586 4349/4349 4583/4583
f 4583/4583 4349/4349 2522/2522
f 4583/4583 2522/2522 60/60
f 4317/4317 1316/1316 3524/3524
f 4317/4317 3524/3524 4349/4349
f 4349/4349 3524/3524 4617/4617
f 4349/4349 4617/4617 2522/2522
f 61/61 2523/2523 5030/5030
f 61/61 5030/5030 351/351
f 2655/2655 4583/4583 60/60
f 2655/2655 60/60 2688/2688
f 3381/3381 1586/1586 4583/4583
f 3381/3381 4583/4583 2655/2655
f 4909/4909 155/155 4070/4070
f 4909/4909 4070/4070 3318/3318
f 4911/4911 3319/3319 5176/5176
f 4911/4911 5176/5176 3329/3329
f 3320/3320 4642/4642 1658/1658
f 3320/3320 1658/1658 5175/5175
f 3329/3329 5176/5176 891/891
f 3329/3329 891/891 4577/4577
f 4188/4188 4910/4910 3328/3328
f 4188/4188 3328/3328 4578/4578
f 1220/1220 156/156 4910/4910
f 1220/1220 4910/4910 4188/4188
f 1834/1834 3810/3810 3256/3256
f 1834/1834 3256/3256 4720/4720
f 1834/1834 4720/4720 3377/3377
f 1834/1834 3377/3377 1989/1989
f 4720/4720 1372/1372 4680/4680
f 4720/4720 4680/4680 3377/3377
f 1988/1988 3378/3378 5144/5144
f 1988/1988 5144/5144 188/188
f 2977/2977 1834/1834 1989/1989
f 2977/2977 1989/1989 187/187
f 4122/4122 3810/3810 1834/1834
f 4122/4122 1834/1834 2977/2977
f 1447/1447 3578/3578 1527/1527
f 1447/1447 1527/1527 4062/4062
f 4062/4062 1527/1527 835/835
f 4062/4062 835/835 1052/1052
f 3578/3578 3788/3788 1169/1169
f 3578/3578 1169/1169 1527/1527
f 1527/1527 1169/1169 3057/3057
f 1527/1527 3057/3057 835/835
f 834/834 3055/3055 409/409
f 834/834 409/409 3141/3141
f 1053/1053 834/834 3141/3141
f 1053/1053 3141/3141 2770/2770
f 3834/3834 4062/4062 1052/1052
f 3834/3834 1052/1052 4479/4479
f 1553/1553 1447/1447 4062/4062
f 1553/1553 4062/4062 3834/3834
f 3948/3948 3676/3676 3225/3225
f 3948/3948 3225/3225 2662/2662
f 3948/3948 2662/2662 2045/2045
f 3948/3948 2045/2045 634/634
f 2661/2661 400/400 487/487
f 2661/2661 487/487 2043/2043
f 632/632 2044/2044 1506/1506
f 632/632 1506/1506 2982/2982
f 1275/1275 3947/3947 633/633
f 1275/1275 633/633 2983/2983
f 2186/2186 3675/3675 3947/3947
f 2186/2186 3947/3947 1275/1275
f 5154/5154 1524/1524 2345/2345
f 5154/5154 2345/2345 2563/2563
f 2563/2563 2345/2345 4083/4083
f 2563/2563 4083/4083 3270/3270
f 1525/1525 1793/1793 1764/1764
f 1525/1525 1764/1764 2346/2346
f 2346/2346 1764/1764 4190/4190
f 2346/2346 4190/4190 4082/4082
f 4084/4084 4191/4191 4699/4699
f 4084/4084 4699/4699 1334/1334
f 3272/3272 4084/4084 1334/1334
f 3272/3272 1334/1334 4933/4933
f 1470/1470 2562/2562 3271/3271
f 1470/1470 3271/3271 4865/4865
f 2207/2207 5153/5153 2562/2562
f 2207/2207 2562/2562 1470/1470
f 2361/2361 814/814 2670/2670
f 2361/2361 2670/2670 3291/3291
f 2361/2361 3291/3291 2625/2625
f 2361/2361 2625/2625 1157/1157
f 3291/3291 3158/3158 5180/5180
f 3291/3291 5180/5180 2625/2625
f 1158/1158 2624/2624 3028/3028
f 1158/1158 3028/3028 2515/2515
f 5015/5015 2361/2361 1157/1157
f 5015/5015 1157/1157 2514/2514
f 4938/4938 814/814 2361/2361
f 4938/4938 2361/2361 5015/5015
f 1851/1851 53/53 2935/2935
f 1851/1851 2935/2935 1262/1262
f 1262/1262 2935/2935 594/594
f 1262/1262 594/594 2156/2156
f 53/53 1711/1711 871/871
f 53/53 871/871 2935/2935
f 2935/2935 871/871 3061/3061
f 2935/2935 3061/3061 594/594
f 593/593 3062/3062 3207/3207
f 593/593 3207/3207 3666/3666
f 2157/2157 593/593 3666/3666
f 2157/2157 3666/3666 2113/2113
f 417/417 1262/1262 2156/2156
f 417/417 2156/2156 4415/4415
f 2160/2160 1851/1851 1262/1262
f 2160/2160 1262/1262 417/417
f 420/420 513/513 1851/1851
f 420/420 1851/1851 2160/2160
f 1467/1467 3807/3807 4569/4569
f 1467/1467 4569/4569 513/513
f 650/650 2479/2479 2604/2604
f 650/650 2604/2604 1741/1741
f 3601/3601 649/649 1742/1742
f 3601/3601 1742/1742 3837/3837
f 2604/2604 644/644 506/506
f 2604/2604 506/506 2416/2416
f 1742/1742 2605/2605 2417/2417
f 1742/1742 2417/2417 4908/4908
f 1379/1379 1594/1594 649/649
f 1379/1379 649/649 3601/3601
f 1594/1594 2344/2344 2480/2480
f 1594/1594 2480/2480 649/649
f 2479/2479 304/304 644/644
f 2479/2479 644/644 2604/2604
f 974/974 3227/3227 5153/5153
f 974/974 5153/5153 2207/2207
f 466/466 540/540 148/148
f 466/466 148/148 3228/3228
f 3782/3782 226/226 3485/3485
f 3782/3782 3485/3485 4312/4312
f 3334/3334 3782/3782 4312/4312
f 3334/3334 4312/4312 4879/4879
f 3486/3486 4875/4875 3164/3164
f 3486/3486 3164/3164 3905/3905
f 4312/4312 3485/3485 3904/3904
f 4312/4312 3904/3904 4760/4760
f 4177/4177 3720/3720 3782/3782
f 4177/4177 3782/3782 3334/3334
f 3720/3720 1288/1288 226/226
f 3720/3720 226/226 3782/3782
f 225/225 195/195 4875/4875
f 225/225 4875/4875 3486/3486
f 2258/2258 4842/4842 1447/1447
f 2258/2258 1447/1447 1553/1553
f 4184/4184 4522/4522 951/951
f 4184/4184 951/951 4842/4842
f 2535/2535 2036/2036 2358/2358
f 2535/2535 2358/2358 1018/1018
f 2947/2947 2535/2535 1018/1018
f 2947/2947 1018/1018 4442/4442
f 2357/2357 1176/1176 4065/4065
f 2357/2357 4065/4065 1013/1013
f 1018/1018 2358/2358 1012/1012
f 1018/1018 1012/1012 625/625
f 263/263 4987/4987 2535/2535
f 263/263 2535/2535 2947/2947
f 4987/4987 1006/1006 2036/2036
f 4987/4987 2036/2036 2535/2535
f 2037/2037 1987/1987 1176/1176
f 2037/2037 1176/1176 2357/2357
f 2424/2424 3502/3502 4428/4428
f 2424/2424 4428/4428 2623/2623
f 3457/3457 2424/2424 2623/2623
f 3457/3457 2623/2623 4355/4355
f 4429/4429 1601/1601 3536/3536
f 4429/4429 3536/3536 2507/2507
f 2622/2622 4427/4427 2508/2508
f 2622/2622 2508/2508 1587/1587
f 4894/4894 2228/2228 2424/2424
f 4894/4894 2424/2424 3457/3457
f 2228/2228 3495/3495 3502/3502
f 2228/2228 3502/3502 2424/2424
f 3501/3501 4718/4718 1601/1601
f 3501/3501 1601/1601 4429/4429
f 2921/2921 5041/5041 1586/1586
f 2921/2921 1586/1586 3381/3381
f 4527/4527 3974/3974 3335/3335
f 4527/4527 3335/3335 5041/5041
f 4383/4383 4514/4514 1017/1017
f 4383/4383 1017/1017 1246/1246
f 3045/3045 4383/4383 1246/1246
f 3045/3045 1246/1246 3095/3095
f 1016/1016 1562/1562 3616/3616
f 1016/1016 3616/3616 4743/4743
f 1246/1246 1017/1017 4744/4744
f 1246/1246 4744/4744 4882/4882
f 3809/3809 3269/3269 4383/4383
f 3809/3809 4383/4383 3045/3045
f 3269/3269 3538/3538 4514/4514
f 3269/3269 4514/4514 4383/4383
f 4515/4515 596/596 1562/1562
f 4515/4515 1562/1562 1016/1016
f 662/662 685/685 3835/3835
f 662/662 3835/3835 4503/4503
f 1417/1417 734/734 2638/2638
f 1417/1417 2638/2638 685/685
f 1812/1812 4437/4437 2421/2421
f 1812/1812 2421/2421 2413/2413
f 3602/3602 1812/1812 2413/2413
f 3602/3602 2413/2413 1563/1563
f 3117/3117 4439/4439 1813/1813
f 3117/3117 1813/1813 1177/1177
f 1177/1177 1813/1813 3603/3603
f 1177/1177 3603/3603 893/893
f 2413/2413 2421/2421 1006/1006
f 2413/2413 1006/1006 4987/4987
f 1563/1563 2413/2413 4987/4987
f 1563/1563 4987/4987 263/263
f 3834/3834 1177/1177 893/893
f 3834/3834 893/893 1553/1553
f 4479/4479 3117/3117 1177/1177
f 4479/4479 1177/1177 3834/3834
f 3116/3116 2770/2770 5159/5159
f 3116/3116 5159/5159 4438/4438
f 5159/5159 1987/1987 2420/2420
f 5159/5159 2420/2420 4438/4438
f 3064/3064 5047/5047 2133/2133
f 3064/3064 2133/2133 2470/2470
f 3302/3302 3064/3064 2470/2470
f 3302/3302 2470/2470 5050/5050
f 867/867 5047/5047 3064/3064
f 867/867 3064/3064 3626/3626
f 3626/3626 3064/3064 3302/3302
f 3626/3626 3302/3302 4648/4648
f 2470/2470 2133/2133 1287/1287
f 2470/2470 1287/1287 3719/3719
f 5050/5050 2470/2470 3719/3719
f 5050/5050 3719/3719 4176/4176
f 1470/1470 3626/3626 4648/4648
f 1470/1470 4648/4648 2207/2207
f 4865/4865 867/867 3626/3626
f 4865/4865 3626/3626 1470/1470
f 868/868 4933/4933 1085/1085
f 868/868 1085/1085 5048/5048
f 1085/1085 195/195 2132/2132
f 1085/1085 2132/2132 5048/5048
f 2840/2840 973/973 2445/2445
f 2840/2840 2445/2445 2022/2022
f 3462/3462 2840/2840 2022/2022
f 3462/3462 2022/2022 2999/2999
f 88/88 973/973 2840/2840
f 88/88 2840/2840 5043/5043
f 5043/5043 2840/2840 3462/3462
f 5043/5043 3462/3462 1599/1599
f 2022/2022 2445/2445 2344/2344
f 2022/2022 2344/2344 1594/1594
f 2999/2999 2022/2022 1594/1594
f 2999/2999 1594/1594 1379/1379
f 417/417 5044/5044 1600/1600
f 417/417 1600/1600 2160/2160
f 4415/4415 87/87 5044/5044
f 4415/4415 5044/5044 417/417
f 86/86 2113/2113 1636/1636
f 86/86 1636/1636 972/972
f 1636/1636 304/304 2444/2444
f 1636/1636 2444/2444 972/972
f 3919/3919 2438/2438 2222/2222
f 3919/3919 2222/2222 1709/1709
f 4093/4093 3919/3919 1709/1709
f 4093/4093 1709/1709 4155/4155
f 2976/2976 2438/2438 3919/3919
f 2976/2976 3919/3919 3200/3200
f 3200/3200 3919/3919 4093/4093
f 3200/3200 4093/4093 4651/4651
f 1708/1708 2220/2220 2992/2992
f 1708/1708 2992/2992 4139/4139
f 4156/4156 1708/1708 4139/4139
f 4156/4156 4139/4139 4218/4218
f 1807/1807 3200/3200 4651/4651
f 1807/1807 4651/4651 1513/1513
f 1149/1149 2976/2976 3200/3200
f 1149/1149 3200/3200 1807/1807
f 2975/2975 1967/1967 1880/1880
f 2975/2975 1880/1880 2437/2437
f 1880/1880 801/801 2221/2221
f 1880/1880 2221/2221 2437/2437
f 3372/3372 1622/1622 931/931
f 3372/3372 931/931 3284/3284
f 616/616 3372/3372 3284/3284
f 616/616 3284/3284 1648/1648
f 1734/1734 1619/1619 3371/3371
f 1734/1734 3371/3371 2295/2295
f 2295/2295 3371/3371 615/615
f 2295/2295 615/615 1549/1549
f 3284/3284 931/931 508/508
f 3284/3284 508/508 1935/1935
f 1648/1648 3284/3284 1935/1935
f 1648/1648 1935/1935 5126/5126
f 1387/1387 2295/2295 1549/1549
f 1387/1387 1549/1549 4504/4504
f 5059/5059 1734/1734 2295/2295
f 5059/5059 2295/2295 1387/1387
f 1733/1733 4807/4807 4143/4143
f 1733/1733 4143/4143 1621/1621
f 4142/4142 4795/4795 932/932
f 4142/4142 932/932 1620/1620
f 2077/2077 4154/4154 4930/4930
f 2077/2077 4930/4930 3510/3510
f 756/756 2077/2077 3510/3510
f 756/756 3510/3510 2443/2443
f 689/689 4154/4154 2077/2077
f 689/689 2077/2077 4291/4291
f 4291/4291 2077/2077 756/756
f 4291/4291 756/756 5160/5160
f 3509/3509 4929/4929 3538/3538
f 3509/3509 3538/3538 3269/3269
f 2442/2442 3509/3509 3269/3269
f 2442/2442 3269/3269 3809/3809
f 2655/2655 4291/4291 5160/5160
f 2655/2655 5160/5160 3381/3381
f 2688/2688 689/689 4291/4291
f 2688/2688 4291/4291 2655/2655
f 688/688 351/351 1179/1179
f 688/688 1179/1179 4153/4153
f 1179/1179 596/596 4928/4928
f 1179/1179 4928/4928 4153/4153
f 1498/1498 4712/4712 916/916
f 1498/1498 916/916 3106/3106
f 20/20 1498/1498 3106/3106
f 20/20 3106/3106 3793/3793
f 3986/3986 4712/4712 1498/1498
f 3986/3986 1498/1498 3822/3822
f 3822/3822 1498/1498 20/20
f 3822/3822 20/20 4443/4443
f 3106/3106 916/916 3496/3496
f 3106/3106 3496/3496 2229/2229
f 3793/3793 3106/3106 2229/2229
f 3793/3793 2229/2229 4895/4895
f 2138/2138 3822/3822 4443/4443
f 2138/2138 4443/4443 106/106
f 1068/1068 3986/3986 3822/3822
f 1068/1068 3822/3822 2138/2138
f 3987/3987 217/217 4919/4919
f 3987/3987 4919/4919 4713/4713
f 4919/4919 4718/4718 917/917
f 4919/4919 917/917 4713/4713
f 117/117 3388/3388 4288/4288
f 117/117 4288/4288 1871/1871
f 1871/1871 1950/1950 811/811
f 1871/1871 811/811 3875/3875
f 1012/1012 4066/4066 3964/3964
f 1012/1012 3964/3964 1140/1140
f 1141/1141 3965/3965 368/368
f 1141/1141 368/368 795/795
f 368/368 118/118 1870/1870
f 368/368 1870/1870 795/795
f 3203/3203 2879/2879 2554/2554
f 3203/3203 2554/2554 3693/3693
f 559/559 3203/3203 3693/3693
f 559/559 3693/3693 3766/3766
f 2555/2555 3625/3625 690/690
f 2555/2555 690/690 1231/1231
f 3693/3693 2554/2554 1232/1232
f 3693/3693 1232/1232 524/524
f 4218/4218 4139/4139 3203/3203
f 4218/4218 3203/3203 559/559
f 4139/4139 2992/2992 2879/2879
f 4139/4139 2879/2879 3203/3203
f 2878/2878 801/801 3625/3625
f 2878/2878 3625/3625 2555/2555
f 1206/1206 410/410 3056/3056
f 1206/1206 3056/3056 4164/4164
f 4162/4162 1169/1169 3788/3788
f 4162/4162 3788/3788 4922/4922
f 3903/3903 3163/3163 4526/4526
f 3903/3903 4526/4526 1103/1103
f 1104/1104 4525/4525 404/404
f 1104/1104 404/404 4421/4421
f 404/404 1205/1205 4163/4163
f 404/404 4163/4163 4421/4421
f 3609/3609 3938/3938 4688/4688
f 3609/3609 4688/4688 105/105
f 2447/2447 3394/3394 3598/3598
f 2447/2447 3598/3598 3938/3938
f 2627/2627 4697/4697 4190/4190
f 2627/2627 4190/4190 2074/2074
f 2074/2074 1764/1764 1793/1793
f 2074/2074 1793/1793 933/933
f 2417/2417 507/507 648/648
f 2417/2417 648/648 2914/2914
f 2913/2913 647/647 1364/1364
f 2913/2913 1364/1364 1001/1001
f 1364/1364 2626/2626 2073/2073
f 1364/1364 2073/2073 1001/1001
f 809/809 3208/3208 3063/3063
f 809/809 3063/3063 2933/2933
f 2933/2933 872/872 1712/1712
f 2933/2933 1712/1712 1320/1320
f 1233/1233 691/691 94/94
f 1233/1233 94/94 4944/4944
f 4943/4943 93/93 568/568
f 4943/4943 568/568 3894/3894
f 568/568 808/808 2932/2932
f 568/568 2932/2932 3894/3894
f 2711/2711 4472/4472 849/849
f 2711/2711 849/849 1513/1513
f 431/431 1661/1661 493/493
f 431/431 493/493 4472/4472
f 4571/4571 1175/1175 2962/2962
f 4571/4571 2962/2962 4475/4475
f 4475/4475 1942/1942 2478/2478
f 4475/4475 2478/2478 3526/3526
f 1531/1531 2131/2131 1419/1419
f 1531/1531 1419/1419 1903/1903
f 1902/1902 1420/1420 3039/3039
f 1902/1902 3039/3039 2751/2751
f 3039/3039 4570/4570 4474/4474
f 3039/3039 4474/4474 2751/2751
f 4519/4519 2365/2365 2967/2967
f 4519/4519 2967/2967 4378/4378
f 4378/4378 2294/2294 1578/1578
f 4378/4378 1578/1578 2900/2900
f 4742/4742 3617/3617 3828/3828
f 4742/4742 3828/3828 224/224
f 223/223 3827/3827 844/844
f 223/223 844/844 3300/3300
f 844/844 4520/4520 4379/4379
f 844/844 4379/4379 3300/3300
f 1628/1628 4757/4757 3688/3688
f 1628/1628 3688/3688 5010/5010
f 1377/1377 1628/1628 5010/5010
f 1377/1377 5010/5010 2718/2718
f 3689/3689 892/892 2130/2130
f 3689/3689 2130/2130 1532/1532
f 5011/5011 3690/3690 1531/1531
f 5011/5011 1531/1531 5169/5169
f 5126/5126 1935/1935 1629/1629
f 5126/5126 1629/1629 1378/1378
f 1935/1935 508/508 4756/4756
f 1935/1935 4756/4756 1629/1629
f 4758/4758 4795/4795 892/892
f 4758/4758 892/892 3689/3689
f 3934/3934 5031/5031 4617/4617
f 3934/3934 4617/4617 2829/2829
f 2829/2829 3524/3524 1316/1316
f 2829/2829 1316/1316 2355/2355
f 2508/2508 3535/3535 845/845
f 2508/2508 845/845 2347/2347
f 2348/2348 846/846 3804/3804
f 2348/2348 3804/3804 3357/3357
f 3804/3804 3935/3935 2830/2830
f 3804/3804 2830/2830 3357/3357
f 3032/3032 212/212 502/502
f 3032/3032 502/502 1647/1647
f 3032/3032 1647/1647 1661/1661
f 3032/3032 1661/1661 431/431
f 1647/1647 502/502 3583/3583
f 1647/1647 3583/3583 3487/3487
f 1782/1782 1410/1410 212/212
f 1782/1782 212/212 3032/3032
f 211/211 1409/1409 4069/4069
f 211/211 4069/4069 501/501
f 415/415 287/287 3558/3558
f 415/415 3558/3558 2372/2372
f 416/416 2370/2370 3394/3394
f 416/416 3394/3394 2447/2447
f 2371/2371 3557/3557 4384/4384
f 2371/2371 4384/4384 3268/3268
f 1866/1866 495/495 286/286
f 1866/1866 286/286 414/414
f 287/287 494/494 906/906
f 287/287 906/906 3558/3558
f 4230/4230 1679/1679 1839/1839
f 4230/4230 1839/1839 2399/2399
f 4231/4231 2397/2397 734/734
f 4231/4231 734/734 1417/1417
f 2398/2398 1838/1838 4247/4247
f 2398/2398 4247/4247 210/210
f 2665/2665 1218/1218 1678/1678
f 2665/2665 1678/1678 4232/4232
f 1679/1679 1219/1219 4607/4607
f 1679/1679 4607/4607 1839/1839
f 856/856 418/418 4275/4275
f 856/856 4275/4275 5027/5027
f 856/856 5027/5027 3974/3974
f 856/856 3974/3974 4527/4527
f 5027/5027 4275/4275 4625/4625
f 5027/5027 4625/4625 206/206
f 2736/2736 149/149 418/418
f 2736/2736 418/418 856/856
f 419/419 150/150 1408/1408
f 419/419 1408/1408 4274/4274
f 1374/1374 2275/2275 1459/1459
f 1374/1374 1459/1459 4290/4290
f 1374/1374 4290/4290 4522/4522
f 1374/1374 4522/4522 4184/4184
f 4290/4290 1459/1459 1265/1265
f 4290/4290 1265/1265 3071/3071
f 1276/1276 4182/4182 2275/2275
f 1276/1276 2275/2275 1374/1374
f 2274/2274 4181/4181 4050/4050
f 2274/2274 4050/4050 1458/1458
f 2234/2234 2628/2628 3637/3637
f 2234/2234 3637/3637 1388/1388
f 2235/2235 1389/1389 541/541
f 2235/2235 541/541 467/467
f 1389/1389 3638/3638 3973/3973
f 1389/1389 3973/3973 821/821
f 551/551 4053/4053 2629/2629
f 551/551 2629/2629 2235/2235
f 2628/2628 4054/4054 115/115
f 2628/2628 115/115 3637/3637
f 183/183 767/767 775/775
f 183/183 775/775 4706/4706
f 183/183 4706/4706 3807/3807
f 183/183 3807/3807 1467/1467
f 4707/4707 776/776 4833/4833
f 4707/4707 4833/4833 520/520
f 2415/2415 2675/2675 767/767
f 2415/2415 767/767 183/183
f 768/768 2674/2674 3692/3692
f 768/768 3692/3692 774/774
f 814/814 1941/1941 4540/4540
f 814/814 4540/4540 2670/2670
f 2670/2670 4540/4540 3632/3632
f 2670/2670 3632/3632 3158/3158
f 4938/4938 2611/2611 1941/1941
f 4938/4938 1941/1941 814/814
f 2611/2611 1379/1379 3601/3601
f 2611/2611 3601/3601 1941/1941
f 1941/1941 3601/3601 3837/3837
f 1941/1941 3837/3837 4540/4540
f 3676/3676 819/819 3745/3745
f 3676/3676 3745/3745 3225/3225
f 3224/3224 3744/3744 1824/1824
f 3224/3224 1824/1824 400/400
f 2185/2185 3792/3792 819/819
f 2185/2185 819/819 3676/3676
f 3792/3792 4177/4177 3334/3334
f 3792/3792 3334/3334 819/819
f 819/819 3334/3334 4879/4879
f 819/819 4879/4879 3745/3745
f 3810/3810 3624/3624 1185/1185
f 3810/3810 1185/1185 3256/3256
f 3256/3256 1185/1185 3647/3647
f 3256/3256 3647/3647 1372/1372
f 4122/4122 875/875 3624/3624
f 4122/4122 3624/3624 3810/3810
f 875/875 263/263 2947/2947
f 875/875 2947/2947 3624/3624
f 3624/3624 2947/2947 4442/4442
f 3624/3624 4442/4442 1185/1185
f 155/155 1401/1401 4160/4160
f 155/155 4160/4160 4070/4070
f 4071/4071 4161/4161 2163/2163
f 4071/4071 2163/2163 4642/4642
f 1220/1220 2991/2991 1400/1400
f 1220/1220 1400/1400 156/156
f 2991/2991 4895/4895 3456/3456
f 2991/2991 3456/3456 1400/1400
f 1401/1401 3457/3457 4355/4355
f 1401/1401 4355/4355 4160/4160
f 2327/2327 3151/3151 4655/4655
f 2327/2327 4655/4655 3797/3797
f 3797/3797 4655/4655 946/946
f 3797/3797 946/946 4508/4508
f 3274/3274 637/637 3151/3151
f 3274/3274 3151/3151 2327/2327
f 637/637 3809/3809 3045/3045
f 637/637 3045/3045 3151/3151
f 3151/3151 3045/3045 3095/3095
f 3151/3151 3095/3095 4655/4655
f 966/966 3602/3602 1563/1563
f 966/966 1563/1563 1637/1637
f 893/893 3603/3603 967/967
f 893/893 967/967 2647/2647
f 1553/1553 893/893 2647/2647
f 1553/1553 2647/2647 2258/2258
f 3296/3296 3302/3302 5050/5050
f 3296/3296 5050/5050 424/424
f 4648/4648 3302/3302 3296/3296
f 4648/4648 3296/3296 3075/3075
f 2207/2207 4648/4648 3075/3075
f 2207/2207 3075/3075 974/974
f 4749/4749 3462/3462 2999/2999
f 4749/4749 2999/2999 2102/2102
f 1599/1599 3462/3462 4749/4749
f 1599/1599 4749/4749 4982/4982
f 2159/2159 1599/1599 4982/4982
f 2159/2159 4982/4982 421/421
f 1613/1613 4093/4093 4155/4155
f 1613/1613 4155/4155 1911/1911
f 4651/4651 4093/4093 1613/1613
f 4651/4651 1613/1613 1593/1593
f 1513/1513 4651/4651 1593/1593
f 1513/1513 1593/1593 2711/2711
f 3941/3941 616/616 1648/1648
f 3941/3941 1648/1648 3279/3279
f 1549/1549 615/615 3942/3942
f 1549/1549 3942/3942 3232/3232
f 4504/4504 1549/1549 3232/3232
f 4504/4504 3232/3232 661/661
f 3289/3289 756/756 2443/2443
f 3289/3289 2443/2443 2795/2795
f 5160/5160 756/756 3289/3289
f 5160/5160 3289/3289 2691/2691
f 3381/3381 5160/5160 2691/2691
f 3381/3381 2691/2691 2921/2921
f 2617/2617 20/20 3793/3793
f 2617/2617 3793/3793 1453/1453
f 4443/4443 20/20 2617/2617
f 4443/4443 2617/2617 2225/2225
f 106/106 4443/4443 2225/2225
f 106/106 2225/2225 3608/3608
f 1407/1407 1436/1436 119/119
f 1407/1407 119/119 2948/2948
f 2948/2948 119/119 460/460
f 2948/2948 460/460 3326/3326
f 1784/1784 4334/4334 1436/1436
f 1784/1784 1436/1436 1407/1407
f 4334/4334 4218/4218 559/559
f 4334/4334 559/559 1436/1436
f 1436/1436 559/559 3766/3766
f 1436/1436 3766/3766 119/119
f 5068/5068 3154/3154 4220/4220
f 5068/5068 4220/4220 3988/3988
f 3988/3988 4220/4220 476/476
f 3988/3988 476/476 2471/2471
f 462/462 4896/4896 3154/3154
f 462/462 3154/3154 5068/5068
f 4896/4896 5126/5126 1378/1378
f 4896/4896 1378/1378 3154/3154
f 3153/3153 1377/1377 2718/2718
f 3153/3153 2718/2718 4219/4219
f 1008/1008 975/975 561/561
f 1008/1008 561/561 745/745
f 1007/1007 744/744 3079/3079
f 1007/1007 3079/3079 1827/1827
f 910/910 1111/1111 2379/2379
f 910/910 2379/2379 3483/3483
f 4245/4245 1111/1111 910/910
f 4245/4245 910/910 1575/1575
f 3483/3483 2379/2379 5121/5121
f 3483/3483 5121/5121 1641/1641
f 2180/2180 4245/4245 1575/1575
f 2180/2180 1575/1575 468/468
f 3774/3774 65/65 3469/3469
f 3774/3774 3469/3469 2511/2511
f 3773/3773 2510/2510 1979/1979
f 3773/3773 1979/1979 3678/3678
f 4831/4831 1319/1319 4102/4102
f 4831/4831 4102/4102 5183/5183
f 4319/4319 1319/1319 4831/4831
f 4319/4319 4831/4831 323/323
f 5183/5183 4102/4102 2387/2387
f 5183/5183 2387/2387 2028/2028
f 5121/5121 4320/4320 322/322
f 5121/5121 322/322 1641/1641
f 546/546 2596/2596 956/956
f 546/546 956/956 1256/1256
f 547/547 1254/1254 2708/2708
f 547/547 2708/2708 2572/2572
f 5195/5195 334/334 1956/1956
f 5195/5195 1956/1956 3352/3352
f 730/730 334/334 5195/5195
f 730/730 5195/5195 1404/1404
f 3352/3352 1956/1956 855/855
f 3352/3352 855/855 3512/3512
f 2387/2387 730/730 1404/1404
f 2387/2387 1404/1404 2028/2028
f 3441/3441 3177/3177 4723/4723
f 3441/3441 4723/4723 1930/1930
f 3440/3440 1929/1929 3500/3500
f 3440/3440 3500/3500 2635/2635
f 1180/1180 4098/4098 700/700
f 1180/1180 700/700 4077/4077
f 3555/3555 4098/4098 1180/1180
f 3555/3555 1180/1180 1693/1693
f 4077/4077 700/700 81/81
f 4077/4077 81/81 3100/3100
f 854/854 3555/3555 1693/1693
f 854/854 1693/1693 3511/3511
f 1323/1323 4977/4977 1241/1241
f 1323/1323 1241/1241 675/675
f 1324/1324 674/674 1579/1579
f 1324/1324 1579/1579 2167/2167
f 1201/1201 2079/2079 4186/4186
f 1201/1201 4186/4186 4913/4913
f 4292/4292 2080/2080 1200/1200
f 4292/4292 1200/1200 2426/2426
f 4913/4913 4186/4186 4767/4767
f 4913/4913 4767/4767 2002/2002
f 81/81 4292/4292 2426/2426
f 81/81 2426/2426 3100/3100
f 1393/1393 5032/5032 3842/3842
f 1393/1393 3842/3842 4041/4041
f 1394/1394 4042/4042 5149/5149
f 1394/1394 5149/5149 4708/4708
f 4252/4252 4033/4033 2875/2875
f 4252/4252 2875/2875 1348/1348
f 4251/4251 4033/4033 4252/4252
f 4251/4251 4252/4252 3204/3204
f 1348/1348 2875/2875 343/343
f 1348/1348 343/343 4506/4506
f 4768/4768 4251/4251 3204/3204
f 4768/4768 3204/3204 2001/2001
f 3392/3392 980/980 3316/3316
f 3392/3392 3316/3316 692/692
f 3393/3393 693/693 6/6
f 3393/3393 6/6 1545/1545
f 4426/4426 5036/5036 5148/5148
f 4426/4426 5148/5148 3930/3930
f 4584/4584 5036/5036 4426/4426
f 4584/4584 4426/4426 2233/2233
f 3931/3931 5147/5147 4668/4668
f 3931/3931 4668/4668 3644/3644
f 343/343 4584/4584 2233/2233
f 343/343 2233/2233 4506/4506
f 3620/3620 3726/3726 4779/4779
f 3620/3620 4779/4779 4043/4043
f 3621/3621 4044/4044 92/92
f 3621/3621 92/92 4280/4280
f 5156/5156 5034/5034 3168/3168
f 5156/5156 3168/3168 2775/2775
f 2600/2600 5034/5034 5156/5156
f 2600/2600 5156/5156 3844/3844
f 2775/2775 3168/3168 267/267
f 2775/2775 267/267 3173/3173
f 4668/4668 2600/2600 3844/3844
f 4668/4668 3844/3844 3644/3644
f 199/199 870/870 4092/4092
f 199/199 4092/4092 677/677
f 198/198 678/678 2836/2836
f 198/198 2836/2836 2590/2590
f 592/592 3474/3474 1997/1997
f 592/592 1997/1997 377/377
f 4480/4480 3474/3474 592/592
f 4480/4480 592/592 1271/1271
f 376/376 1998/1998 3184/3184
f 376/376 3184/3184 3529/3529
f 267/267 4480/4480 1271/1271
f 267/267 1271/1271 3173/3173
f 1560/1560 2318/2318 3123/3123
f 1560/1560 3123/3123 1928/1928
f 1559/1559 1926/1926 2119/2119
f 1559/1559 2119/2119 606/606
f 301/301 2021/2021 4236/4236
f 301/301 4236/4236 2096/2096
f 1187/1187 2021/2021 301/301
f 1187/1187 301/301 277/277
f 2097/2097 4237/4237 751/751
f 2097/2097 751/751 3857/3857
f 3184/3184 1187/1187 277/277
f 3184/3184 277/277 3529/3529
f 3085/3085 3350/3350 4991/4991
f 3085/3085 4991/4991 4568/4568
f 3084/3084 4567/4567 4158/4158
f 3084/3084 4158/4158 3651/3651
f 1490/1490 3362/3362 1573/1573
f 1490/1490 1573/1573 3175/3175
f 4322/4322 3362/3362 1490/1490
f 4322/4322 1490/1490 3292/3292
f 3175/3175 1573/1573 4125/4125
f 3175/3175 4125/4125 965/965
f 751/751 4322/4322 3292/3292
f 751/751 3292/3292 3857/3857
f 2353/2353 1775/1775 4047/4047
f 2353/2353 4047/4047 779/779
f 2354/2354 780/780 2492/2492
f 2354/2354 2492/2492 2292/2292
f 484/484 3303/3303 3444/3444
f 484/484 3444/3444 4326/4326
f 1740/1740 3303/3303 484/484
f 1740/1740 484/484 1832/1832
f 4326/4326 3444/3444 3519/3519
f 4326/4326 3519/3519 1027/1027
f 4125/4125 1740/1740 1832/1832
f 4125/4125 1832/1832 965/965
f 290/290 280/280 2196/2196
f 290/290 2196/2196 1313/1313
f 291/291 1314/1314 843/843
f 291/291 843/843 1542/1542
f 1780/1780 4175/4175 196/196
f 1780/1780 196/196 4808/4808
f 528/528 4175/4175 1780/1780
f 528/528 1780/1780 4518/4518
f 4808/4808 196/196 512/512
f 4808/4808 512/512 1567/1567
f 3520/3520 528/528 4518/4518
f 3520/3520 4518/4518 1026/1026
f 2657/2657 4431/4431 3353/3353
f 2657/2657 3353/3353 4659/4659
f 2656/2656 4658/4658 4046/4046
f 2656/2656 4046/4046 3979/3979
f 908/908 1028/1028 1656/1656
f 908/908 1656/1656 2192/2192
f 832/832 1028/1028 908/908
f 832/832 908/908 2633/2633
f 2192/2192 1656/1656 2180/2180
f 2192/2192 2180/2180 468/468
f 512/512 833/833 2634/2634
f 512/512 2634/2634 1567/1567
f 1354/1354 3317/3317 3160/3160
f 1354/1354 3160/3160 3054/3054
f 3003/3003 96/96 3407/3407
f 3003/3003 3407/3407 1695/1695
f 1477/1477 4884/4884 3314/3314
f 1477/1477 3314/3314 4891/4891
f 3086/3086 1916/1916 645/645
f 3086/3086 645/645 2382/2382
f 4907/4907 2477/2477 2226/2226
f 4907/4907 2226/2226 2790/2790
f 3893/3893 4316/4316 3569/3569
f 3893/3893 3569/3569 2802/2802
f 3015/3015 3589/3589 2534/2534
f 3015/3015 2534/2534 925/925
f 2870/2870 2908/2908 3503/3503
f 2870/2870 3503/3503 4679/4679
f 4521/4521 1197/1197 4189/4189
f 4521/4521 4189/4189 2602/2602
f 2342/2342 2898/2898 641/641
f 2342/2342 641/641 19/19
f 2155/2155 2083/2083 1919/1919
f 2155/2155 1919/1919 5061/5061
f 1896/1896 4574/4574 4589/4589
f 1896/1896 4589/4589 1699/1699
f 2458/2458 4497/4497 2643/2643
f 2458/2458 2643/2643 3040/3040
f 3852/3852 1940/1940 2069/2069
f 3852/3852 2069/2069 2084/2084
f 1570/1570 2671/2671 3416/3416
f 1570/1570 3416/3416 4605/4605
f 4814/4814 714/714 1808/1808
f 4814/4814 1808/1808 4843/4843
f 5082/5082 3189/3189 963/963
f 5082/5082 963/963 1019/1019
f 703/703 5110/5110 4209/4209
f 703/703 4209/4209 4400/4400
f 3831/3831 4170/4170 248/248
f 3831/3831 248/248 1252/1252
f 4414/4414 3898/3898 818/818
f 4414/4414 818/818 26/26
f 2095/2095 3387/3387 5157/5157
f 2095/2095 5157/5157 3219/3219
f 3855/3855 2502/2502 2666/2666
f 3855/3855 2666/2666 914/914
f 4259/4259 3223/3223 201/201
f 4259/4259 201/201 4797/4797
f 3573/3573 3450/3450 346/346
f 3573/3573 346/346 4797/4797
f 2000/2000 1689/1689 3223/3223
f 2000/2000 3223/3223 4259/4259
f 3114/3114 4598/4598 3222/3222
f 3114/3114 3222/3222 1688/1688
f 200/200 4598/4598 611/611
f 200/200 611/611 3572/3572
f 1347/1347 2381/2381 4810/4810
f 1347/1347 4810/4810 1826/1826
f 3121/3121 1251/1251 1964/1964
f 3121/3121 1964/1964 1826/1826
f 346/346 3450/3450 2381/2381
f 346/346 2381/2381 1347/1347
f 611/611 2400/2400 2380/2380
f 611/611 2380/2380 3449/3449
f 4809/4809 2400/2400 5115/5115
f 4809/4809 5115/5115 3120/3120
f 4774/4774 3107/3107 3383/3383
f 4774/4774 3383/3383 272/272
f 438/438 5138/5138 1855/1855
f 438/438 1855/1855 272/272
f 1964/1964 1251/1251 3109/3109
f 1964/1964 3109/3109 4776/4776
f 5115/5115 684/684 3108/3108
f 5115/5115 3108/3108 1250/1250
f 3384/3384 684/684 422/422
f 3384/3384 422/422 439/439
f 3237/3237 1383/1383 2115/2115
f 3237/3237 2115/2115 3507/3507
f 1383/1383 4662/4662 318/318
f 1383/1383 318/318 2115/2115
f 1855/1855 5138/5138 3492/3492
f 1855/1855 3492/3492 3507/3507
f 422/422 759/759 3493/3493
f 422/422 3493/3493 5137/5137
f 3238/3238 759/759 2964/2964
f 3238/3238 2964/2964 1384/1384
f 638/638 3771/3771 3779/3779
f 638/638 3779/3779 5085/5085
f 4705/4705 1119/1119 1972/1972
f 4705/4705 1972/1972 5086/5086
f 318/318 4662/4662 3771/3771
f 318/318 3771/3771 638/638
f 2964/2964 1700/1700 3770/3770
f 2964/2964 3770/3770 4663/4663
f 3781/3781 1700/1700 2303/2303
f 3781/3781 2303/2303 4704/4704
f 1932/1932 3111/3111 3066/3066
f 1932/1932 3066/3066 2758/2758
f 3111/3111 4828/4828 2868/2868
f 3111/3111 2868/2868 3066/3066
f 1972/1972 1119/1119 4528/4528
f 1972/1972 4528/4528 2758/2758
f 2303/2303 2918/2918 4529/4529
f 2303/2303 4529/4529 1118/1118
f 1931/1931 2918/2918 3008/3008
f 1931/1931 3008/3008 3110/3110
f 1326/1326 1515/1515 1101/1101
f 1326/1326 1101/1101 4932/4932
f 1515/1515 3059/3059 3380/3380
f 1515/1515 3380/3380 1101/1101
f 2869/2869 4829/4829 558/558
f 2869/2869 558/558 4932/4932
f 3008/3008 4686/4686 557/557
f 3008/3008 557/557 4830/4830
f 1325/1325 4686/4686 1728/1728
f 1325/1325 1728/1728 1514/1514
f 1845/1845 2209/2209 1328/1328
f 1845/1845 1328/1328 1952/1952
f 1890/1890 4901/4901 2071/2071
f 1890/1890 2071/2071 1952/1952
f 3380/3380 3059/3059 2209/2209
f 3380/3380 2209/2209 1845/1845
f 1728/1728 151/151 2208/2208
f 1728/1728 2208/2208 3058/3058
f 1327/1327 151/151 4730/4730
f 1327/1327 4730/4730 1889/1889
f 2490/2490 3188/3188 3547/3547
f 2490/2490 3547/3547 5067/5067
f 63/63 3549/3549 1975/1975
f 63/63 1975/1975 5067/5067
f 2071/2071 4901/4901 3188/3188
f 2071/2071 3188/3188 2490/2490
f 4730/4730 1442/1442 3187/3187
f 4730/4730 3187/3187 4900/4900
f 3546/3546 1442/1442 278/278
f 3546/3546 278/278 62/62
f 3818/3818 886/886 4477/4477
f 3818/3818 4477/4477 2201/2201
f 1639/1639 934/934 78/78
f 1639/1639 78/78 2201/2201
f 1975/1975 3549/3549 887/887
f 1975/1975 887/887 3820/3820
f 278/278 426/426 888/888
f 278/278 888/888 3548/3548
f 4476/4476 426/426 1692/1692
f 4476/4476 1692/1692 1640/1640
f 127/127 306/306 2569/2569
f 127/127 2569/2569 4167/4167
f 3873/3873 5140/5140 628/628
f 3873/3873 628/628 4167/4167
f 78/78 934/934 306/306
f 78/78 306/306 127/127
f 1692/1692 3550/3550 305/305
f 1692/1692 305/305 935/935
f 2570/2570 3550/3550 3161/3161
f 2570/2570 3161/3161 3874/3874
f 4449/4449 1595/1595 3802/3802
f 4449/4449 3802/3802 4536/4536
f 3742/3742 4728/4728 1877/1877
f 3742/3742 1877/1877 4536/4536
f 628/628 5140/5140 1595/1595
f 628/628 1595/1595 4449/4449
f 3161/3161 159/159 1596/1596
f 3161/3161 1596/1596 5139/5139
f 3803/3803 159/159 1631/1631
f 3803/3803 1631/1631 3743/3743
f 1172/1172 2308/2308 2973/2973
f 1172/1172 2973/2973 4724/4724
f 2310/2310 1841/1841 1858/1858
f 2310/2310 1858/1858 2974/2974
f 1877/1877 4728/4728 146/146
f 1877/1877 146/146 4724/4724
f 1631/1631 229/229 145/145
f 1631/1631 145/145 4729/4729
f 1173/1173 229/229 3130/3130
f 1173/1173 3130/3130 2309/2309
f 4678/4678 3221/3221 4257/4257
f 4678/4678 4257/4257 4950/4950
f 3221/3221 1689/1689 2000/2000
f 3221/3221 2000/2000 4257/4257
f 1858/1858 1841/1841 4853/4853
f 1858/1858 4853/4853 4950/4950
f 3130/3130 1/1 4852/4852
f 3130/3130 4852/4852 1840/1840
f 4677/4677 1/1 3114/3114
f 4677/4677 3114/3114 3220/3220
f 67/67 3451/3451 1073/1073
f 67/67 1073/1073 1872/1872
f 2106/2106 4212/4212 937/937
f 2106/2106 937/937 2419/2419
f 4888/4888 2245/2245 1283/1283
f 4888/4888 1283/1283 5075/5075
f 1399/1399 2342/2342 19/19
f 1399/1399 19/19 3936/3936
f 3330/3330 1602/1602 2971/2971
f 3330/3330 2971/2971 4789/4789
f 67/67 1872/1872 4341/4341
f 67/67 4341/4341 1403/1403
f 4174/4174 3446/3446 2972/2972
f 4174/4174 2972/2972 1857/1857
f 2013/2013 1878/1878 4725/4725
f 2013/2013 4725/4725 1501/1501
f 1463/1463 4436/4436 1093/1093
f 1463/1463 1093/1093 4367/4367
f 2474/2474 673/673 4490/4490
f 2474/2474 4490/4490 1300/1300
f 3330/3330 4789/4789 2338/2338
f 3330/3330 2338/2338 5051/5051
f 4310/4310 629/629 4450/4450
f 4310/4310 4450/4450 1465/1465
f 3657/3657 3134/3134 1571/1571
f 3657/3657 1571/1571 250/250
f 3785/3785 4376/4376 4282/4282
f 3785/3785 4282/4282 3420/3420
f 2474/2474 1300/1300 3613/3613
f 2474/2474 3613/3613 2885/2885
f 4238/4238 79/79 128/128
f 4238/4238 128/128 1457/1457
f 1144/1144 1592/1592 1298/1298
f 1144/1144 1298/1298 2837/2837
f 2630/2630 2870/2870 4679/4679
f 2630/2630 4679/4679 2960/2960
f 2729/2729 3901/3901 4621/4621
f 2729/2729 4621/4621 4543/4543
f 3785/3785 3420/3420 852/852
f 3785/3785 852/852 2009/2009
f 77/77 1974/1974 3819/3819
f 77/77 3819/3819 5064/5064
f 839/839 3956/3956 3830/3830
f 839/839 3830/3830 3333/3333
f 4124/4124 2070/2070 2489/2489
f 4124/4124 2489/2489 339/339
f 4752/4752 3379/3379 1844/1844
f 4752/4752 1844/1844 4270/4270
f 1966/1966 498/498 3752/3752
f 1966/1966 3752/3752 4755/4755
f 3299/3299 3893/3893 2802/2802
f 3299/3299 2802/2802 2760/2760
f 1644/1644 2215/2215 4916/4916
f 1644/1644 4916/4916 4575/4575
f 435/435 3196/3196 3897/3897
f 435/435 3897/3897 238/238
f 4841/4841 1564/1564 3065/3065
f 4841/4841 3065/3065 2867/2867
f 1095/1095 1973/1973 2759/2759
f 1095/1095 2759/2759 4965/4965
f 3959/3959 166/166 4261/4261
f 3959/3959 4261/4261 978/978
f 3816/3816 319/319 639/639
f 3816/3816 639/639 4215/4215
f 1891/1891 4907/4907 2790/2790
f 1891/1891 2790/2790 2224/2224
f 1449/1449 4433/4433 4246/4246
f 1449/1449 4246/4246 2279/2279
f 4596/4596 1856/1856 3508/3508
f 4596/4596 3508/3508 4618/4618
f 3708/3708 2695/2695 4319/4319
f 3708/3708 4319/4319 2134/2134
f 1955/1955 4550/4550 3980/3980
f 1955/1955 3980/3980 4045/4045
f 1482/1482 3283/3283 730/730
f 1482/1482 730/730 69/69
f 2018/2018 2599/2599 1825/1825
f 2018/2018 1825/1825 1963/1963
f 440/440 3086/3086 2382/2382
f 440/440 2382/2382 4244/4244
f 3464/3464 5069/5069 3554/3554
f 3464/3464 3554/3554 2748/2748
f 4770/4770 4487/4487 4796/4796
f 4770/4770 4796/4796 345/345
f 582/582 1999/1999 4258/4258
f 582/582 4258/4258 3687/3687
f 3532/3532 3703/3703 4293/4293
f 3532/3532 4293/4293 4121/4121
f 2619/2619 4974/4974 1542/1542
f 2619/2619 1542/1542 843/843
f 3714/3714 2328/2328 3406/3406
f 3714/3714 3406/3406 95/95
f 805/805 1917/1917 2574/2574
f 805/805 2574/2574 1129/1129
f 4016/4016 4207/4207 4251/4251
f 4016/4016 4251/4251 2839/2839
f 805/805 927/927 646/646
f 805/805 646/646 1917/1917
f 1746/1746 2476/2476 309/309
f 1746/1746 309/309 5173/5173
f 1763/1763 813/813 4584/4584
f 1763/1763 4584/4584 41/41
f 1746/1746 3944/3944 2227/2227
f 1746/1746 2227/2227 2476/2476
f 4726/4726 4315/4315 4787/4787
f 4726/4726 4787/4787 317/317
f 2709/2709 2725/2725 2601/2601
f 2709/2709 2601/2601 1750/1750
f 1669/1669 5170/5170 3169/3169
f 1669/1669 3169/3169 1554/1554
f 4130/4130 717/717 2291/2291
f 4130/4130 2291/2291 2491/2491
f 4726/4726 4693/4693 3568/3568
f 4726/4726 3568/3568 4315/4315
f 2824/2824 2909/2909 393/393
f 2824/2824 393/393 4392/4392
f 1685/1685 548/548 1998/1998
f 1685/1685 1998/1998 38/38
f 2824/2824 5178/5178 3504/3504
f 2824/2824 3504/3504 2909/2909
f 2990/2990 2899/2899 1556/1556
f 2990/2990 1556/1556 1995/1995
f 3083/3083 257/257 4598/4598
f 3083/3083 4598/4598 3114/3114
f 2990/2990 2467/2467 640/640
f 2990/2990 640/640 2899/2899
f 4615/4615 2082/2082 4772/4772
f 4615/4615 4772/4772 2978/2978
f 1335/1335 4893/4893 4323/4323
f 1335/1335 4323/4323 2261/2261
f 1099/1099 1598/1598 3652/3652
f 1099/1099 3652/3652 4157/4157
f 4615/4615 3521/3521 1918/1918
f 4615/4615 1918/1918 2082/2082
f 2324/2324 4496/4496 1898/1898
f 2324/2324 1898/1898 3070/3070
f 618/618 4650/4650 1739/1739
f 618/618 1739/1739 4969/4969
f 2324/2324 2336/2336 2644/2644
f 2324/2324 2644/2644 4496/4496
f 3880/3880 2672/2672 1422/1422
f 3880/3880 1422/1422 3654/3654
f 1342/1342 2641/2641 528/528
f 1342/1342 528/528 899/899
f 2915/2915 3023/3023 759/759
f 2915/2915 759/759 422/422
f 3880/3880 3068/3068 3415/3415
f 3880/3880 3415/3415 2672/2672
f 5172/5172 713/713 3635/3635
f 5172/5172 3635/3635 3210/3210
f 3706/3706 143/143 833/833
f 3706/3706 833/833 4556/4556
f 1385/1385 30/30 2801/2801
f 1385/1385 2801/2801 4498/4498
f 4778/4778 1412/1412 2241/2241
f 4778/4778 2241/2241 31/31
f 3311/3311 3021/3021 4592/4592
f 3311/3311 4592/4592 1086/1086
f 4037/4037 4389/4389 4447/4447
f 4037/4037 4447/4447 3022/3022
f 3365/3365 379/379 2580/2580
f 3365/3365 2580/2580 2845/2845
f 3026/3026 1645/1645 4576/4576
f 3026/3026 4576/4576 379/379
f 2326/2326 2407/2407 3051/3051
f 2326/2326 3051/3051 2057/2057
f 1189/1189 2407/2407 2326/2326
f 1189/1189 2326/2326 47/47
f 1188/1188 2341/2341 1663/1663
f 1188/1188 1663/1663 2406/2406
f 2183/2183 302/302 4180/4180
f 2183/2183 4180/4180 3580/3580
f 2184/2184 2786/2786 4785/4785
f 2184/2184 4785/4785 303/303
f 2253/2253 1794/1794 8/8
f 2253/2253 8/8 4741/4741
f 5025/5025 572/572 876/876
f 5025/5025 876/876 1795/1795
f 826/826 1478/1478 2927/2927
f 826/826 2927/2927 564/564
f 3312/3312 2499/2499 3052/3052
f 3312/3312 3052/3052 1478/1478
f 2704/2704 98/98 2588/2588
f 2704/2704 2588/2588 1660/1660
f 2926/2926 2646/2646 4604/4604
f 2926/2926 4604/4604 97/97
f 2807/2807 213/213 2053/2053
f 2807/2807 2053/2053 3695/3695
f 2449/2449 1162/1162 2052/2052
f 2449/2449 2052/2052 214/214
f 1345/1345 4304/4304 2737/2737
f 1345/1345 2737/2737 4863/4863
f 550/550 4997/4997 3229/3229
f 550/550 3229/3229 4303/4303
f 1983/1983 4096/4096 3385/3385
f 1983/1983 3385/3385 857/857
f 3777/3777 5129/5129 1257/1257
f 3777/3777 1257/1257 4096/4096
f 1062/1062 2919/2919 569/569
f 1062/1062 569/569 2405/2405
f 335/335 2919/2919 1062/1062
f 335/335 1062/1062 4147/4147
f 336/336 3410/3410 1041/1041
f 336/336 1041/1041 2920/2920
f 1039/1039 4532/4532 4902/4902
f 1039/1039 4902/4902 3235/3235
f 1038/1038 4049/4049 1704/1704
f 1038/1038 1704/1704 4533/4533
f 3443/3443 3850/3850 3498/3498
f 3443/3443 3498/3498 308/308
f 3443/3443 2267/2267 2278/2278
f 3443/3443 2278/2278 3850/3850
f 4488/4488 4769/4769 1433/1433
f 4488/4488 1433/1433 434/434
f 2578/2578 4769/4769 2598/2598
f 2578/2578 2598/2598 5136/5136
f 2598/2598 2016/2016 1303/1303
f 2598/2598 1303/1303 1965/1965
f 1433/1433 2578/2578 3195/3195
f 1433/1433 3195/3195 434/434
f 1376/1376 4597/4597 3340/3340
f 1376/1376 3340/3340 475/475
f 2959/2959 2017/2017 1376/1376
f 2959/2959 1376/1376 475/475
f 1303/1303 2957/2957 496/496
f 1303/1303 496/496 1965/1965
f 4619/4619 3817/3817 838/838
f 4619/4619 838/838 4329/4329
f 2462/2462 4179/4179 4823/4823
f 2462/2462 4823/4823 3340/3340
f 2462/2462 4597/4597 4619/4619
f 2462/2462 4619/4619 4179/4179
f 4213/4213 1094/1094 1145/1145
f 4213/4213 1145/1145 3814/3814
f 716/716 338/338 3957/3957
f 716/716 3957/3957 838/838
f 716/716 3817/3817 4214/4214
f 716/716 4214/4214 338/338
f 4964/4964 1566/1566 3656/3656
f 4964/4964 3656/3656 1677/1677
f 1565/1565 4840/4840 4001/4001
f 1565/1565 4001/4001 3655/3655
f 4937/4937 4399/4399 1591/1591
f 4937/4937 1591/1591 1145/1145
f 4937/4937 1094/1094 4964/4964
f 4937/4937 4964/4964 4399/4399
f 1626/1626 4753/4753 1464/1464
f 1626/1626 1464/1464 4552/4552
f 51/51 4840/4840 1626/1626
f 51/51 1626/1626 4552/4552
f 4001/4001 51/51 3135/3135
f 4001/4001 3135/3135 3655/3655
f 4269/4269 4123/4123 4887/4887
f 4269/4269 4887/4887 4554/4554
f 444/444 167/167 4434/4434
f 444/444 4434/4434 1464/1464
f 444/444 4753/4753 4269/4269
f 444/444 4269/4269 167/167
f 340/340 76/76 554/554
f 340/340 554/554 1674/1674
f 996/996 515/515 2246/2246
f 996/996 2246/2246 4887/4887
f 996/996 4123/4123 340/340
f 996/996 340/340 515/515
f 5065/5065 4239/4239 1714/1714
f 5065/5065 1714/1714 728/728
f 2841/2841 3167/3167 1115/1115
f 2841/2841 1115/1115 554/554
f 2841/2841 76/76 5063/5063
f 2841/2841 5063/5063 3167/3167
f 1456/1456 4311/4311 4835/4835
f 1456/1456 4835/4835 2008/2008
f 4999/4999 1944/1944 940/940
f 4999/4999 940/940 1714/1714
f 4999/4999 4239/4239 1456/1456
f 4999/4999 1456/1456 1944/1944
f 1466/1466 2014/2014 1551/1551
f 1466/1466 1551/1551 960/960
f 3038/3038 3607/3607 660/660
f 3038/3038 660/660 4835/4835
f 3038/3038 4311/4311 1466/1466
f 3038/3038 1466/1466 3607/3607
f 3447/3447 4173/4173 4990/4990
f 3447/3447 4990/4990 3261/3261
f 2440/2440 583/583 3958/3958
f 2440/2440 3958/3958 42/42
f 153/153 4173/4173 2440/2440
f 153/153 2440/2440 42/42
f 4990/4990 153/153 1533/1533
f 4990/4990 1533/1533 3261/3261
f 3747/3747 2803/2803 2176/2176
f 3747/3747 2176/2176 3082/3082
f 1758/1758 3981/3981 3747/3747
f 1758/1758 3747/3747 577/577
f 1758/1758 1611/1611 1604/1604
f 1758/1758 1604/1604 3981/3981
f 1604/1604 1064/1064 2176/2176
f 1604/1604 2176/2176 2803/2803
f 3871/3871 3998/3998 3575/3575
f 3871/3871 3575/3575 577/577
f 3007/3007 5090/5090 3872/3872
f 3007/3007 3872/3872 3088/3088
f 3007/3007 2652/2652 737/737
f 3007/3007 737/737 5090/5090
f 736/736 1611/1611 3575/3575
f 736/736 3575/3575 3998/3998
f 4386/4386 802/802 4690/4690
f 4386/4386 4690/4690 3088/3088
f 5107/5107 2609/2609 4386/4386
f 5107/5107 4386/4386 2313/2313
f 5107/5107 3858/3858 4407/4407
f 5107/5107 4407/4407 2609/2609
f 4407/4407 2652/2652 4690/4690
f 4407/4407 4690/4690 802/802
f 3423/3423 4010/4010 48/48
f 3423/3423 48/48 2313/2313
f 4373/4373 981/981 3423/3423
f 4373/4373 3423/3423 1405/1405
f 4373/4373 3866/3866 3192/3192
f 4373/4373 3192/3192 981/981
f 3192/3192 3858/3858 48/48
f 3192/3192 48/48 4010/4010
f 4137/4137 479/479 4631/4631
f 4137/4137 4631/4631 1405/1405
f 3990/3990 3031/3031 4138/4138
f 3990/3990 4138/4138 478/478
f 3990/3990 3730/3730 1907/1907
f 3990/3990 1907/1907 3031/3031
f 1904/1904 3866/3866 4631/4631
f 1904/1904 4631/4631 479/479
f 1307/1307 1362/1362 2047/2047
f 1307/1307 2047/2047 478/478
f 4268/4268 4849/4849 1307/1307
f 4268/4268 1307/1307 3700/3700
f 4268/4268 1854/1854 2461/2461
f 4268/4268 2461/2461 4849/4849
f 2461/2461 3730/3730 2047/2047
f 2461/2461 2047/2047 1362/1362
f 5054/5054 2587/2587 2122/2122
f 5054/5054 2122/2122 3700/3700
f 2386/2386 1925/1925 5054/5054
f 2386/2386 5054/5054 993/993
f 2386/2386 3631/3631 1398/1398
f 2386/2386 1398/1398 1925/1925
f 1398/1398 1854/1854 2122/2122
f 1398/1398 2122/2122 2587/2587
f 1721/1721 2585/2585 3248/3248
f 1721/1721 3248/3248 993/993
f 1431/1431 2124/2124 1721/1721
f 1431/1431 1721/1721 4198/4198
f 1431/1431 2938/2938 2465/2465
f 1431/1431 2465/2465 2124/2124
f 2465/2465 3631/3631 3248/3248
f 2465/2465 3248/3248 2585/2585
f 4451/4451 3627/3627 3421/3421
f 4451/4451 3421/3421 4197/4197
f 2388/2388 1154/1154 4451/4451
f 2388/2388 4451/4451 1060/1060
f 2388/2388 2756/2756 3265/3265
f 2388/2388 3265/3265 1154/1154
f 3265/3265 2936/2936 3421/3421
f 3265/3265 3421/3421 3627/3627
f 1292/1292 5023/5023 2141/2141
f 1292/1292 2141/2141 1060/1060
f 1281/1281 897/897 1293/1293
f 1281/1281 1293/1293 724/724
f 1281/1281 401/401 2817/2817
f 1281/1281 2817/2817 897/897
f 2818/2818 2756/2756 2141/2141
f 2818/2818 2141/2141 5023/5023
f 3024/3024 1767/1767 2552/2552
f 3024/3024 2552/2552 724/724
f 5193/5193 1615/1615 3024/3024
f 5193/5193 3024/3024 2916/2916
f 1958/1958 1137/1137 4951/4951
f 1958/1958 4951/4951 2916/2916
f 1048/1048 1137/1137 1958/1958
f 1048/1048 1958/1958 3724/3724
f 3734/3734 4627/4627 2211/2211
f 3734/3734 2211/2211 1049/1049
f 4224/4224 3435/3435 2529/2529
f 4224/4224 2529/2529 4397/4397
f 2529/2529 2127/2127 3736/3736
f 2529/2529 3736/3736 3722/3722
f 1756/1756 2952/2952 4512/4512
f 1756/1756 4512/4512 4224/4224
f 4512/4512 4629/4629 2127/2127
f 4512/4512 2127/2127 3435/3435
f 3105/3105 2798/2798 256/256
f 3105/3105 256/256 3082/3082
f 3105/3105 1064/1064 2607/2607
f 3105/3105 2607/2607 2798/2798
f 2607/2607 2950/2950 489/489
f 2607/2607 489/489 2805/2805
f 3786/3786 440/440 4244/4244
f 3786/3786 4244/4244 4375/4375
f 2475/2475 1891/1891 2224/2224
f 2475/2475 2224/2224 672/672
f 3331/3331 3299/3299 2760/2760
f 3331/3331 2760/2760 1603/1603
f 68/68 2630/2630 2960/2960
f 68/68 2960/2960 3452/3452
f 2107/2107 1399/1399 3936/3936
f 2107/2107 3936/3936 1097/1097
f 1511/1511 907/907 2564/2564
f 1511/1511 2564/2564 3369/3369
f 24/24 4673/4673 2199/2199
f 24/24 2199/2199 2828/2828
f 4736/4736 3159/3159 620/620
f 4736/4736 620/620 1843/1843
f 3985/3985 789/789 2434/2434
f 3985/3985 2434/2434 4539/4539
f 4846/4846 2782/2782 1072/1072
f 4846/4846 1072/1072 848/848
f 240/240 285/285 2320/2320
f 240/240 2320/2320 2886/2886
f 836/836 3849/3849 2826/2826
f 836/836 2826/2826 2011/2011
f 4118/4118 4549/4549 1954/1954
f 4118/4118 1954/1954 1448/1448
f 2618/2618 3403/3403 142/142
f 2618/2618 142/142 3705/3705
f 1044/1044 4972/4972 2618/2618
f 1044/1044 2618/2618 3705/3705
f 4131/4131 1738/1738 2642/2642
f 4131/4131 2642/2642 1343/1343
f 2384/2384 718/718 4131/4131
f 2384/2384 4131/4131 1343/1343
f 1098/1098 364/364 4649/4649
f 1098/1098 4649/4649 617/617
f 2101/2101 1597/1597 1098/1098
f 2101/2101 1098/1098 617/617
f 1416/1416 2265/2265 4892/4892
f 1416/1416 4892/4892 1336/1336
f 349/349 3018/3018 1416/1416
f 349/349 1416/1416 1336/1336
f 2861/2861 233/233 504/504
f 2861/2861 504/504 1684/1684
f 37/37 4372/4372 2861/2861
f 37/37 2861/2861 1684/1684
f 4941/4941 4905/4905 394/394
f 4941/4941 394/394 1668/1668
f 1555/1555 2716/2716 4941/4941
f 1555/1555 4941/4941 1668/1668
f 2251/2251 1516/1516 2724/2724
f 2251/2251 2724/2724 2710/2710
f 2722/2722 1520/1520 2251/2251
f 2722/2722 2251/2251 2710/2710
f 4227/4227 3347/3347 812/812
f 4227/4227 812/812 1761/1761
f 655/655 4263/4263 4228/4228
f 655/655 4228/4228 1762/1762
f 2791/2791 3642/3642 4206/4206
f 2791/2791 4206/4206 4015/4015
f 3748/3748 3287/3287 2791/2791
f 3748/3748 2791/2791 4015/4015
f 3611/3611 2249/2249 3704/3704
f 3611/3611 3704/3704 3531/3531
f 111/111 754/754 3611/3611
f 111/111 3611/3611 3531/3531
f 2891/2891 850/850 5070/5070
f 2891/2891 5070/5070 3463/3463
f 4249/4249 1213/1213 2891/2891
f 4249/4249 2891/2891 3463/3463
f 4128/4128 2431/2431 3281/3281
f 4128/4128 3281/3281 1484/1484
f 989/989 1886/1886 4127/4127
f 989/989 4127/4127 1483/1483
f 1209/1209 4975/4975 2694/2694
f 1209/1209 2694/2694 3707/3707
f 4594/4594 2111/2111 1209/1209
f 4594/4594 1209/1209 3707/3707
f 1954/1954 4547/4547 4432/4432
f 1954/1954 4432/4432 1448/1448
f 555/555 1117/1117 4202/4202
f 555/555 4202/4202 664/664
f 2500/2500 2746/2746 4305/4305
f 2500/2500 4305/4305 3053/3053
f 2106/2106 1096/1096 1260/1260
f 2106/2106 1260/1260 4212/4212
f 1512/1512 2049/2049 2651/2651
f 1512/1512 2651/2651 3285/3285
f 1210/1210 2112/2112 1828/1828
f 1210/1210 1828/1828 3080/3080
f 1713/1713 939/939 134/134
f 1713/1713 134/134 4456/4456
f 1512/1512 3370/3370 90/90
f 1512/1512 90/90 2049/2049
f 25/25 788/788 135/135
f 25/25 135/135 1438/1438
f 907/907 2155/2155 5061/5061
f 907/907 5061/5061 2564/2564
f 4836/4836 658/658 2039/2039
f 4836/4836 2039/2039 2307/2307
f 25/25 2827/2827 798/798
f 25/25 798/798 788/788
f 2282/2282 2776/2776 4483/4483
f 2282/2282 4483/4483 4740/4740
f 1550/1550 18/18 2537/2537
f 1550/1550 2537/2537 2396/2396
f 2282/2282 4793/4793 3433/3433
f 2282/2282 3433/3433 2776/2776
f 619/619 1216/1216 3309/3309
f 619/619 3309/3309 1842/1842
f 4129/4129 1888/1888 3678/3678
f 4129/4129 3678/3678 1979/1979
f 3262/3262 1535/1535 3799/3799
f 3262/3262 3799/3799 3712/3712
f 1163/1163 2448/2448 2851/2851
f 1163/1163 2851/2851 2996/2996
f 619/619 2513/2513 1766/1766
f 619/619 1766/1766 1216/1216
f 3984/3984 3125/3125 2660/2660
f 3984/3984 2660/2660 1499/1499
f 4673/4673 2458/2458 3040/3040
f 4673/4673 3040/3040 2199/2199
f 3984/3984 4538/4538 3298/3298
f 3984/3984 3298/3298 3125/3125
f 4847/4847 3342/3342 2331/2331
f 4847/4847 2331/2331 1196/1196
f 4847/4847 847/847 276/276
f 4847/4847 276/276 3342/3342
f 239/239 1970/1970 2194/2194
f 239/239 2194/2194 2810/2810
f 2890/2890 1214/1214 2572/2572
f 2890/2890 2572/2572 2708/2708
f 1538/1538 743/743 1612/1612
f 1538/1538 1612/1612 1768/1768
f 239/239 2887/2887 1109/1109
f 239/239 1109/1109 1970/1970
f 837/837 2772/2772 4992/4992
f 837/837 4992/4992 3566/3566
f 837/837 2012/2012 782/782
f 837/837 782/782 2772/2772
f 2729/2729 4543/4543 71/71
f 2729/2729 71/71 2561/2561
f 3610/3610 755/755 2636/2636
f 3610/3610 2636/2636 3499/3499
f 3412/3412 3213/3213 327/327
f 3412/3412 327/327 1040/1040
f 4048/4048 4661/4661 3967/3967
f 4048/4048 3967/3967 1703/1703
f 2792/2792 3288/3288 2168/2168
f 2792/2792 2168/2168 1580/1580
f 4055/4055 2700/2700 1589/1589
f 4055/4055 1589/1589 432/432
f 789/789 5082/5082 1019/1019
f 789/789 1019/1019 2434/2434
f 2266/2266 2004/2004 2533/2533
f 2266/2266 2533/2533 2277/2277
f 4229/4229 4262/4262 4708/4708
f 4229/4229 4708/4708 5149/5149
f 2782/2782 703/703 4400/4400
f 2782/2782 4400/4400 1072/1072
f 47/47 3123/3123 2318/2318
f 47/47 2318/2318 4180/4180
f 2252/2252 1518/1518 1544/1544
f 2252/2252 1544/1544 5/5
f 578/578 3746/3746 1/1
f 578/578 1/1 3130/3130
f 285/285 4414/4414 26/26
f 285/285 26/26 2320/2320
f 3089/3089 3870/3870 229/229
f 3089/3089 229/229 1631/1631
f 2312/2312 4387/4387 159/159
f 2312/2312 159/159 3161/3161
f 4942/4942 2717/2717 4279/4279
f 4942/4942 4279/4279 91/91
f 1406/1406 3424/3424 3550/3550
f 1406/1406 3550/3550 1692/1692
f 3849/3849 3855/3855 914/914
f 3849/3849 914/914 2826/2826
f 477/477 4136/4136 426/426
f 477/477 426/426 278/278
f 2125/2125 2435/2435 2667/2667
f 2125/2125 2667/2667 2503/2503
f 3714/3714 95/95 3405/3405
f 3714/3714 3405/3405 2969/2969
f 3699/3699 1306/1306 1442/1442
f 3699/3699 1442/1442 4730/4730
f 175/175 3559/3559 817/817
f 175/175 817/817 3899/3899
f 2125/2125 2503/2503 4953/4953
f 2125/2125 4953/4953 189/189
f 2862/2862 4371/4371 2590/2590
f 2862/2862 2590/2590 2836/2836
f 992/992 5053/5053 151/151
f 992/992 151/151 1728/1728
f 2262/2262 3661/3661 4210/4210
f 2262/2262 4210/4210 5109/5109
f 175/175 3899/3899 1452/1452
f 175/175 1452/1452 1697/1697
f 4196/4196 1720/1720 4686/4686
f 4196/4196 4686/4686 3008/3008
f 4147/4147 3469/3469 65/65
f 4147/4147 65/65 4902/4902
f 1778/1778 2538/2538 962/962
f 1778/1778 962/962 3190/3190
f 2262/2262 5109/5109 3413/3413
f 2262/2262 3413/3413 3488/3488
f 1061/1061 4452/4452 2918/2918
f 1061/1061 2918/2918 2303/2303
f 3235/3235 561/561 975/975
f 3235/3235 975/975 3497/3497
f 5172/5172 3672/3672 1809/1809
f 5172/5172 1809/1809 713/713
f 1778/1778 3190/3190 4222/4222
f 1778/1778 4222/4222 4133/4133
f 1415/1415 3019/3019 606/606
f 1415/1415 606/606 2119/2119
f 723/723 1291/1291 1700/1700
f 723/723 1700/1700 2964/2964
f 3387/3387 1817/1817 1042/1042
f 3387/3387 1042/1042 5157/5157
f 5056/5056 113/113 4170/4170
f 5056/5056 4170/4170 3831/3831
f 4588/4588 1968/1968 3099/3099
f 4588/4588 3099/3099 2450/2450
f 1010/1010 4856/4856 753/753
f 1010/1010 753/753 539/539
f 169/169 4683/4683 2787/2787
f 169/169 2787/2787 1259/1259
f 74/74 1269/1269 1940/1940
f 74/74 1940/1940 3852/3852
f 4574/4574 3091/3091 4956/4956
f 4574/4574 4956/4956 4589/4589
f 4255/4255 2689/2689 4573/4573
f 4255/4255 4573/4573 3812/3812
f 1751/1751 5142/5142 1197/1197
f 1751/1751 1197/1197 4521/4521
f 4493/4493 2428/2428 3589/3589
f 4493/4493 3589/3589 3015/3015
f 2732/2732 3178/3178 4039/4039
f 2732/2732 4039/4039 5028/5028
f 2269/2269 1090/1090 1130/1130
f 2269/2269 1130/1130 4022/4022
f 3877/3877 4861/4861 4884/4884
f 3877/3877 4884/4884 1477/1477
f 1021/1021 1304/1304 3317/3317
f 1021/1021 3317/3317 1354/1354
f 2394/2394 4020/4020 2302/2302
f 2394/2394 2302/2302 2223/2223
f 710/710 3832/3832 1156/1156
f 710/710 1156/1156 4981/4981
f 3832/3832 2394/2394 2223/2223
f 3832/3832 2223/2223 1156/1156
f 1273/1273 3887/3887 312/312
f 1273/1273 312/312 2029/2029
f 4890/4890 4074/4074 3113/3113
f 4890/4890 3113/3113 533/533
f 2797/2797 2955/2955 3543/3543
f 2797/2797 3543/3543 1715/1715
f 2797/2797 1715/1715 4806/4806
f 2797/2797 4806/4806 2855/2855
f 132/132 4362/4362 3969/3969
f 132/132 3969/3969 4803/4803
f 680/680 3081/3081 413/413
f 680/680 413/413 3426/3426
f 3475/3475 1178/1178 4441/4441
f 3475/3475 4441/4441 3102/3102
f 241/241 4468/4468 1672/1672
f 241/241 1672/1672 510/510
f 3646/3646 243/243 511/511
f 3646/3646 511/511 1432/1432
f 4402/4402 2997/2997 3839/3839
f 4402/4402 3839/3839 866/866
f 3455/3455 535/535 1031/1031
f 3455/3455 1031/1031 3359/3359
f 5008/5008 1450/1450 1581/1581
f 5008/5008 1581/1581 3906/3906
f 3146/3146 4819/4819 2794/2794
f 3146/3146 2794/2794 2116/2116
f 3883/3883 1126/1126 4940/4940
f 3883/3883 4940/4940 2230/2230
f 1124/1124 3146/3146 2116/2116
f 1124/1124 2116/2116 4939/4939
f 2904/2904 2091/2091 511/511
f 2904/2904 511/511 1673/1673
f 4563/4563 4560/4560 2154/2154
f 4563/4563 2154/2154 586/586
f 4534/4534 731/731 2035/2035
f 4534/4534 2035/2035 3185/3185
f 1080/1080 1245/1245 1135/1135
f 1080/1080 1135/1135 4675/4675
f 864/864 4983/4983 929/929
f 864/864 929/929 359/359
f 2333/2333 864/864 359/359
f 2333/2333 359/359 5151/5151
f 294/294 1702/1702 2594/2594
f 294/294 2594/2594 3784/3784
f 3674/3674 147/147 4517/4517
f 3674/3674 4517/4517 486/486
f 4454/4454 4321/4321 1080/1080
f 4454/4454 1080/1080 733/733
f 732/732 1079/1079 4674/4674
f 732/732 4674/4674 1004/1004
f 1310/1310 732/732 1004/1004
f 1310/1310 1004/1004 3929/3929
f 3036/3036 706/706 5162/5162
f 3036/3036 5162/5162 126/126
f 4029/4029 2497/2497 971/971
f 4029/4029 971/971 3619/3619
f 4871/4871 3076/3076 729/729
f 4871/4871 729/729 218/218
f 5182/5182 4585/4585 1198/1198
f 5182/5182 1198/1198 2390/2390
f 4962/4962 3910/3910 4903/4903
f 4962/4962 4903/4903 1183/1183
f 3971/3971 4635/4635 3011/3011
f 3971/3971 3011/3011 1106/1106
f 1481/1481 1876/1876 320/320
f 1481/1481 320/320 3542/3542
f 2767/2767 1481/1481 3542/3542
f 2767/2767 3542/3542 3975/3975
f 430/430 4420/4420 2764/2764
f 430/430 2764/2764 3976/3976
f 5072/5072 2452/2452 4420/4420
f 5072/5072 4420/4420 430/430
f 3137/3137 2922/2922 50/50
f 3137/3137 50/50 3563/3563
f 762/762 4271/4271 4233/4233
f 762/762 4233/4233 4455/4455
f 904/904 2108/2108 2524/2524
f 904/904 2524/2524 793/793
f 4403/4403 1632/1632 2062/2062
f 4403/4403 2062/2062 3623/3623
f 123/123 398/398 332/332
f 123/123 332/332 2897/2897
f 2411/2411 5152/5152 1732/1732
f 2411/2411 1732/1732 4816/4816
f 366/366 2613/2613 2433/2433
f 366/366 2433/2433 926/926
f 269/269 4111/4111 4299/4299
f 269/269 4299/4299 1471/1471
f 4701/4701 1649/1649 1437/1437
f 4701/4701 1437/1437 1105/1105
f 3345/3345 3478/3478 1105/1105
f 3345/3345 1105/1105 4216/4216
f 4217/4217 5182/5182 2390/2390
f 4217/4217 2390/2390 3346/3346
f 1773/1773 5124/5124 4927/4927
f 1773/1773 4927/4927 4509/4509
f 4524/4524 1883/1883 4509/4509
f 4524/4524 4509/4509 2685/2685
f 2686/2686 3971/3971 1106/1106
f 2686/2686 1106/1106 4523/4523
f 3975/3975 3542/3542 4612/4612
f 3975/3975 4612/4612 828/828
f 4613/4613 1923/1923 83/83
f 4613/4613 83/83 1861/1861
f 4369/4369 5073/5073 429/429
f 4369/4369 429/429 831/831
f 544/544 3718/3718 4318/4318
f 544/544 4318/4318 2853/2853
f 4463/4463 1754/1754 2853/2853
f 4463/4463 2853/2853 3762/3762
f 3761/3761 762/762 4455/4455
f 3761/3761 4455/4455 4462/4462
f 2712/2712 3544/3544 3929/3929
f 2712/2712 3929/3929 2092/2092
f 3307/3307 3949/3949 2092/2092
f 3307/3307 2092/2092 2997/2997
f 2997/2997 4402/4402 3622/3622
f 2997/2997 3622/3622 3307/3307
f 4838/4838 1901/1901 295/295
f 4838/4838 295/295 4747/4747
f 2874/2874 3924/3924 4747/4747
f 2874/2874 4747/4747 3659/3659
f 3658/3658 2411/2411 4816/4816
f 3658/3658 4816/4816 2873/2873
f 602/602 59/59 2548/2548
f 602/602 2548/2548 1638/1638
f 1295/1295 1994/1994 1638/1638
f 1295/1295 1638/1638 1804/1804
f 1803/1803 269/269 1471/1471
f 1803/1803 1471/1471 1294/1294
f 100/100 2735/2735 4285/4285
f 100/100 4285/4285 1690/1690
f 589/589 45/45 1546/1546
f 589/589 1546/1546 3597/3597
f 45/45 100/100 1690/1690
f 45/45 1690/1690 1546/1546
f 4812/4812 2066/2066 3143/3143
f 4812/4812 3143/3143 5093/5093
f 4072/4072 4812/4812 5093/5093
f 4072/4072 5093/5093 2451/2451
f 4006/4006 952/952 3425/3425
f 4006/4006 3425/3425 412/412
f 954/954 4007/4007 413/413
f 954/954 413/413 4641/4641
f 5073/5073 4369/4369 1367/1367
f 5073/5073 1367/1367 1816/1816
f 4119/4119 3534/3534 2504/2504
f 4119/4119 2504/2504 282/282
f 4382/4382 5106/5106 3476/3476
f 4382/4382 3476/3476 1025/1025
f 1024/1024 3477/3477 3103/3103
f 1024/1024 3103/3103 1879/1879
f 3198/3198 1024/1024 1879/1879
f 3198/3198 1879/1879 4927/4927
f 3861/3861 2146/2146 3144/3144
f 3861/3861 3144/3144 3408/3408
f 2567/2567 3861/3861 3408/3408
f 2567/2567 3408/3408 1633/1633
f 2697/2697 740/740 2030/2030
f 2697/2697 2030/2030 311/311
f 517/517 2698/2698 312/312
f 517/517 312/312 1237/1237
f 3971/3971 2686/2686 3344/3344
f 3971/3971 3344/3344 807/807
f 3561/3561 1945/1945 949/949
f 3561/3561 949/949 2648/2648
f 1332/1332 3561/3561 2648/2648
f 1332/1332 2648/2648 4110/4110
f 1350/1350 1797/1797 5106/5106
f 1350/1350 5106/5106 4608/4608
f 3992/3992 4085/4085 1635/1635
f 3992/3992 1635/1635 450/450
f 4085/4085 1350/1350 4608/4608
f 4085/4085 4608/4608 1635/1635
f 445/445 2794/2794 4890/4890
f 445/445 4890/4890 5127/5127
f 5128/5128 4889/4889 532/532
f 5128/5128 532/532 2696/2696
f 2216/2216 5128/5128 2696/2696
f 2216/2216 2696/2696 1437/1437
f 4460/4460 3584/3584 2161/2161
f 4460/4460 2161/2161 181/181
f 1744/1744 749/749 370/370
f 1744/1744 370/370 2954/2954
f 253/253 1744/1744 2954/2954
f 253/253 2954/2954 4586/4586
f 1510/1510 530/530 3663/3663
f 1510/1510 3663/3663 3315/3315
f 913/913 452/452 3027/3027
f 913/913 3027/3027 773/773
f 452/452 1510/1510 3315/3315
f 452/452 3315/3315 3027/3027
f 2103/2103 4285/4285 4027/4027
f 2103/2103 4027/4027 437/437
f 436/436 4028/4028 3618/3618
f 436/436 3618/3618 3991/3991
f 697/697 436/436 3991/3991
f 697/697 3991/3991 2548/2548
f 3226/3226 666/666 534/534
f 3226/3226 534/534 2129/2129
f 3226/3226 2129/2129 3355/3355
f 3226/3226 3355/3355 3253/3253
f 4672/4672 943/943 4100/4100
f 4672/4672 4100/4100 1802/1802
f 56/56 961/961 3783/3783
f 56/56 3783/3783 2592/2592
f 1819/1819 57/57 2593/2593
f 1819/1819 2593/2593 1521/1521
f 270/270 1804/1804 4459/4459
f 270/270 4459/4459 1687/1687
f 2376/2376 4/4 715/715
f 2376/2376 715/715 5133/5133
f 300/300 3997/3997 5192/5192
f 300/300 5192/5192 2544/2544
f 3997/3997 2377/2377 5134/5134
f 3997/3997 5134/5134 5192/5192
f 623/623 4783/4783 386/386
f 623/623 386/386 406/406
f 3577/3577 623/623 406/406
f 3577/3577 406/406 4636/4636
f 3952/3952 182/182 125/125
f 3952/3952 125/125 5161/5161
f 1822/1822 3953/3953 5162/5162
f 1822/1822 5162/5162 1528/1528
f 5181/5181 4216/4216 1143/1143
f 5181/5181 1143/1143 4500/4500
f 4089/4089 715/715 3674/3674
f 4089/4089 3674/3674 921/921
f 919/919 3673/3673 485/485
f 919/919 485/485 4546/4546
f 942/942 919/919 4546/4546
f 942/942 4546/4546 295/295
f 4208/4208 358/358 1369/1369
f 4208/4208 1369/1369 1100/1100
f 4208/4208 1100/1100 667/667
f 4208/4208 667/667 1077/1077
f 1735/1735 3983/3983 1057/1057
f 1735/1735 1057/1057 643/643
f 1724/1724 1665/1665 711/711
f 1724/1724 711/711 665/665
f 2901/2901 1724/1724 665/665
f 2901/2901 665/665 4272/4272
f 4750/4750 2305/2305 3186/3186
f 4750/4750 3186/3186 2034/2034
f 1836/1836 4751/4751 2035/2035
f 1836/1836 2035/2035 2603/2603
f 2412/2412 3659/3659 4253/4253
f 2412/2412 4253/4253 1239/1239
f 3458/3458 1150/1150 532/532
f 3458/3458 532/532 4394/4394
f 125/125 5019/5019 5103/5103
f 125/125 5103/5103 1279/1279
f 4692/4692 1110/1110 3103/3103
f 4692/4692 3103/3103 1786/1786
f 2030/2030 5049/5049 3399/3399
f 2030/2030 3399/3399 1341/1341
f 1921/1921 3571/3571 3907/3907
f 1921/1921 3907/3907 627/627
f 3425/3425 27/27 3215/3215
f 3425/3425 3215/3215 824/824
f 3233/3233 5029/5029 585/585
f 3233/3233 585/585 3740/3740
f 3358/3358 1023/1023 1849/1849
f 3358/3358 1849/1849 4601/4601
f 2139/2139 2525/2525 4674/4674
f 2139/2139 4674/4674 1769/1769
f 1672/1672 4968/4968 3794/3794
f 1672/1672 3794/3794 5039/5039
f 2864/2864 4377/4377 485/485
f 2864/2864 485/485 4445/4445
f 3186/3186 3787/3787 138/138
f 3186/3186 138/138 3921/3921
f 5118/5118 2639/2639 3618/3618
f 5118/5118 3618/3618 2556/2556
f 3783/3783 3122/3122 259/259
f 3783/3783 259/259 1829/1829
f 1667/1667 3940/3940 2171/2171
f 1667/1667 2171/2171 3917/3917
f 1725/1725 2816/2816 3940/3940
f 1725/1725 3940/3940 1667/1667
f 2902/2902 1171/1171 2816/2816
f 2902/2902 2816/2816 1725/1725
f 4781/4781 4606/4606 1237/1237
f 4781/4781 1237/1237 5004/5004
f 622/622 2072/2072 4606/4606
f 622/622 4606/4606 4781/4781
f 3576/3576 807/807 2072/2072
f 3576/3576 2072/2072 622/622
f 396/396 643/643 1078/1078
f 396/396 1078/1078 3996/3996
f 2924/2924 1802/1802 3254/3254
f 2924/2924 3254/3254 451/451
f 746/746 428/428 1528/1528
f 746/746 1528/1528 4850/4850
f 1745/1745 1468/1468 427/427
f 1745/1745 427/427 748/748
f 255/255 4501/4501 1468/1468
f 255/255 1468/1468 1745/1745
f 3911/3911 181/181 2857/2857
f 3911/3911 2857/2857 4086/4086
f 1947/1947 4920/4920 1521/1521
f 1947/1947 1521/1521 177/177
f 3562/3562 3336/3336 4920/4920
f 3562/3562 4920/4920 1947/1947
f 1331/1331 1686/1686 3336/3336
f 1331/1331 3336/3336 3562/3562
f 2144/2144 3846/3846 1432/1432
f 2144/2144 1432/1432 4363/4363
f 3862/3862 4656/4656 3845/3845
f 3862/3862 3845/3845 2147/2147
f 2568/2568 865/865 4656/4656
f 2568/2568 4656/4656 3862/3862
f 2065/2065 4336/4336 4641/4641
f 2065/2065 4641/4641 5098/5098
f 4813/4813 1953/1953 4335/4335
f 4813/4813 4335/4335 2067/2067
f 4073/4073 1815/1815 1953/1953
f 4073/4073 1953/1953 4813/4813
f 2614/2614 282/282 3092/3092
f 2614/2614 3092/3092 44/44
f 4986/4986 702/702 2603/2603
f 4986/4986 2603/2603 998/998
f 863/863 1743/1743 702/702
f 863/863 702/702 4986/4986
f 2334/2334 1238/1238 1743/1743
f 2334/2334 1743/1743 863/863
f 3078/3078 4803/4803 2854/2854
f 3078/3078 2854/2854 1125/1125
f 1874/1874 1895/1895 3650/3650
f 1874/1874 3650/3650 3833/3833
f 3275/3275 353/353 29/29
f 3275/3275 29/29 4542/4542
f 2734/2734 4283/4283 3275/3275
f 2734/2734 3275/3275 1982/1982
f 2316/2316 668/668 1054/1054
f 2316/2316 1054/1054 4530/4530
f 3739/3739 950/950 1948/1948
f 3739/3739 1948/1948 1055/1055
f 1054/1054 1946/1946 176/176
f 1054/1054 176/176 3709/3709
f 4735/4735 2239/2239 2151/2151
f 4735/4735 2151/2151 1381/1381
f 1369/1369 930/930 4984/4984
f 1369/1369 4984/4984 2152/2152
f 2151/2151 4985/4985 997/997
f 2151/2151 997/997 2285/2285
f 2257/2257 4471/4471 2616/2616
f 2257/2257 2616/2616 631/631
f 531/531 3354/3354 2257/2257
f 531/531 2257/2257 4411/4411
f 1455/1455 580/580 1680/1680
f 1455/1455 1680/1680 3945/3945
f 4019/4019 4226/4226 1455/1455
f 4019/4019 1455/1455 103/103
f 2109/2109 823/823 4918/4918
f 2109/2109 4918/4918 40/40
f 3775/3775 4314/4314 2693/2693
f 3775/3775 2693/2693 5145/5145
f 1798/1798 5038/5038 3775/3775
f 1798/1798 3775/3775 3600/3600
f 4559/4559 2287/2287 4278/4278
f 4559/4559 4278/4278 1330/1330
f 4820/4820 4805/4805 4559/4559
f 4820/4820 4559/4559 2272/2272
f 3325/3325 204/204 5167/5167
f 204/204 3325/3325 389/389
f 389/389 3325/3325 390/390
f 390/390 3325/3325 2191/2191
f 390/390 2191/2191 2188/2188
f 390/390 2188/2188 2362/2362
f 390/390 2362/2362 1360/1360
f 314/314 5013/5013 1370/1370
f 5013/5013 314/314 297/297
f 5013/5013 297/297 2684/2684
f 2684/2684 297/297 3376/3376
f 2684/2684 3376/3376 3683/3683
f 2684/2684 3683/3683 707/707
f 2684/2684 707/707 5083/5083
f 2684/2684 5083/5083 3337/3337
f 2684/2684 3337/3337 2681/2681
f 2681/2681 3337/3337 3892/3892
f 2681/2681 3892/3892 1444/1444
f 2681/2681 1444/1444 4634/4634
f 2681/2681 4634/4634 342/342
f 2681/2681 342/342 2455/2455
f 2681/2681 2455/2455 526/526
f 2681/2681 526/526 3824/3824
f 2681/2681 3824/3824 1339/1339
f 2681/2681 1339/1339 3978/3978
f 459/459 297/297 314/314
f 297/297 459/459 1427/1427
f 1427/1427 459/459 228/228
f 228/228 459/459 5100/5100
f 5100/5100 459/459 4109/4109
f 4109/4109 459/459 2218/2218
f 2218/2218 459/459 455/455
f 2218/2218 455/455 4925/4925
f 4925/4925 455/455 595/595
f 595/595 455/455 1985/1985
f 1985/1985 455/455 790/790
f 790/790 455/455 3586/3586
f 3586/3586 455/455 2847/2847
f 2847/2847 455/455 4404/4404
f 4404/4404 455/455 3824/3824
f 3824/3824 455/455 1339/1339
f 1100/1100 1161/1161 1715/1715
f 1161/1161 1100/1100 3097/3097
f 3097/3097 1100/1100 721/721
f 1100/1100 614/614 721/721
f 614/614 1100/1100 3848/3848
f 3848/3848 1100/1100 4095/4095
f 600/600 1912/1912 251/251
f 1912/1912 600/600 2677/2677
f 1912/1912 2677/2677 1100/1100
f 4817/4817 2129/2129 13/13
f 2129/2129 4817/4817 2259/2259
f 2129/2129 2259/2259 4241/4241
f 13/13 1495/1495 4817/4817
f 1495/1495 13/13 1913/1913
f 1913/1913 13/13 194/194
f 1715/1715 194/194 13/13
f 194/194 1715/1715 4825/4825
f 4825/4825 1715/1715 2738/2738
f 1715/1715 4115/4115 2738/2738
f 4115/4115 1715/1715 2423/2423
f 2423/2423 1715/1715 216/216