# https://github.com/mikedh/trimesh
v 0.00000000 -0.00746242 0.01025654
v 0.00000000 -0.00746242 0.01493178
v 0.00000000 0.06920541 0.01493178
v 0.00000000 0.06920541 0.01025655
v 0.00000000 0.02996143 0.01025654
v 0.00000000 0.02996143 0.01493178
v 0.00000000 0.07102555 0.01493178
v 0.00000000 0.07102555 0.01025655
v 0.00000000 0.05767517 0.01493178
v 0.00000000 0.05767517 0.01025655
v 0.00229255 -0.00746242 0.01213814
v 0.00229255 -0.00746242 0.01305017
v 0.00229255 0.06920541 0.01213815
v 0.00229255 0.02996143 0.01305018
v 0.00229255 0.02996143 0.01213815
v 0.00165294 -0.00746242 0.01094121
v 0.00165294 -0.00746242 0.01424710
v 0.00165294 0.05767518 0.01094121
v 0.00165294 0.05767518 0.01424711
v 0.00165294 0.06920541 0.01424711
v 0.00165294 0.06920541 0.01094122
v 0.00165294 0.02996143 0.01094121
v 0.00165294 0.02996143 0.01424710
v 0.00165294 0.07102555 0.01424711
v 0.00165294 0.07102555 0.01094122
v 0.00215968 -0.00746242 0.01169959
v 0.00215968 -0.00746242 0.01348873
v 0.00215968 0.05767518 0.01169960
v 0.00215968 0.06920541 0.01348874
v 0.00215968 0.06920541 0.01169960
v 0.00215968 0.02996143 0.01169959
v 0.00215968 0.02996143 0.01348873
v 0.00215968 0.07102555 0.01348874
v 0.00215968 0.07102555 0.01169960
v 0.00215968 0.05767517 0.01348874
v 0.00129862 -0.00746242 0.01065062
v 0.00129862 -0.00746242 0.01453768
v 0.00129862 0.05767518 0.01453769
v 0.00129862 0.05767518 0.01065062
v 0.00129862 0.06920541 0.01065063
v 0.00129862 0.02996143 0.01065062
v 0.00129862 0.02996143 0.01453768
v 0.00129862 0.07102555 0.01065063
v 0.00129862 0.07102555 0.01453769
v 0.00129862 0.06920542 0.01453769
v -0.00194354 -0.00746242 0.01129551
v -0.00194354 -0.00746242 0.01389279
v -0.00194354 0.05767518 0.01129553
v -0.00194354 0.05767518 0.01389279
v -0.00194354 0.06920541 0.01129553
v -0.00194354 0.02996143 0.01129553
v -0.00194354 0.02996143 0.01389279
v -0.00194354 0.07102555 0.01129553
v -0.00194354 0.07102555 0.01389279
v -0.00194354 0.06920542 0.01389279
v 0.00194353 -0.00746242 0.01129551
v 0.00194353 -0.00746242 0.01389279
v 0.00194353 0.05767518 0.01129553
v 0.00194353 0.05767518 0.01389279
v 0.00194353 0.06920541 0.01389279
v 0.00194353 0.02996143 0.01129553
v 0.00194353 0.02996143 0.01389279
v 0.00194353 0.07102555 0.01389279
v 0.00194353 0.07102555 0.01129554
v 0.00194353 0.06920542 0.01129553
v -0.00129863 -0.00746242 0.01065062
v -0.00129863 -0.00746242 0.01453768
v -0.00129863 0.05767518 0.01453769
v -0.00129863 0.05767518 0.01065062
v -0.00129863 0.06920541 0.01453769
v -0.00129863 0.02996143 0.01065062
v -0.00129863 0.02996143 0.01453768
v -0.00129863 0.07102555 0.01065063
v -0.00129863 0.07102555 0.01453769
v -0.00129863 0.06920542 0.01065063
v 0.00229256 0.06920541 0.01305018
v 0.00229256 0.07102555 0.01305018
v 0.00229256 0.07102555 0.01213815
v 0.00229256 0.05767517 0.01305018
v 0.00229256 0.05767517 0.01213815
v -0.00045602 -0.00746242 0.01488670
v -0.00045602 -0.00746242 0.01030160
v -0.00045602 0.06920541 0.01488672
v -0.00045602 0.06920541 0.01030160
v -0.00045602 0.02996143 0.01488672
v -0.00045602 0.02996143 0.01030160
v -0.00045602 0.07102555 0.01488672
v -0.00045602 0.07102555 0.01030160
v -0.00045602 0.05767517 0.01488672
v -0.00045602 0.05767517 0.01030160
v -0.00165295 -0.00746242 0.01094120
v -0.00165295 -0.00746242 0.01424710
v -0.00165295 0.05767518 0.01094121
v -0.00165295 0.05767518 0.01424711
v -0.00165295 0.06920541 0.01424711
v -0.00165295 0.06920541 0.01094122
v -0.00165295 0.02996143 0.01094121
v -0.00165295 0.02996143 0.01424710
v -0.00165295 0.07102555 0.01424711
v -0.00165295 0.07102555 0.01094122
v 0.00045602 -0.00746242 0.01488670
v 0.00045602 -0.00746242 0.01030160
v 0.00045602 0.06920541 0.01488672
v 0.00045602 0.06920541 0.01030160
v 0.00045602 0.02996143 0.01488672
v 0.00045602 0.02996143 0.01030160
v 0.00045602 0.07102555 0.01488672
v 0.00045602 0.07102555 0.01030160
v 0.00045602 0.05767517 0.01488672
v 0.00045602 0.05767517 0.01030160
v -0.00229256 -0.00746242 0.01213814
v -0.00229256 -0.00746242 0.01305017
v -0.00229256 0.06920541 0.01305018
v -0.00229256 0.06920541 0.01213815
v -0.00229256 0.02996143 0.01305018
v -0.00229256 0.02996143 0.01213815
v -0.00229256 0.07102555 0.01305018
v -0.00229256 0.07102555 0.01213815
v -0.00229256 0.05767517 0.01305018
v -0.00229256 0.05767517 0.01213815
v -0.00089457 -0.00746242 0.01043448
v -0.00089457 -0.00746242 0.01475383
v -0.00089457 0.05767518 0.01043449
v -0.00089457 0.06920541 0.01043449
v -0.00089457 0.06920541 0.01475384
v -0.00089457 0.02996143 0.01043449
v -0.00089457 0.02996143 0.01475384
v -0.00089457 0.07102555 0.01043449
v -0.00089457 0.07102555 0.01475384
v -0.00089457 0.05767517 0.01475384
v -0.00233762 -0.00746242 0.01259415
v -0.00233762 0.06920541 0.01259416
v -0.00233762 0.02996143 0.01259416
v -0.00233762 0.07102555 0.01259416
v -0.00233762 0.05767517 0.01259416
v -0.00215968 -0.00746242 0.01169959
v -0.00215968 -0.00746242 0.01348873
v -0.00215968 0.05767518 0.01348874
v -0.00215968 0.06920541 0.01348874
v -0.00215968 0.06920541 0.01169960
v -0.00215968 0.02996143 0.01169959
v -0.00215968 0.02996143 0.01348873
v -0.00215968 0.07102555 0.01348874
v -0.00215968 0.07102555 0.01169960
v -0.00215968 0.05767517 0.01169959
v 0.00233762 -0.00746242 0.01259415
v 0.00233762 0.06920541 0.01259416
v 0.00233762 0.02996143 0.01259416
v 0.00233762 0.07102555 0.01259416
v 0.00233762 0.05767517 0.01259416
v 0.00089456 -0.00746242 0.01043448
v 0.00089456 -0.00746242 0.01475383
v 0.00089456 0.05767518 0.01475384
v 0.00089456 0.06920541 0.01043449
v 0.00089456 0.06920541 0.01475384
v 0.00089456 0.02996143 0.01043449
v 0.00089456 0.02996143 0.01475384
v 0.00089456 0.07102555 0.01043449
v 0.00089456 0.07102555 0.01475384
v 0.00089456 0.05767517 0.01043449
v 0.00000000 0.08999703 0.01244324
v 0.00000000 0.08999703 0.01274510
v 0.00000000 0.08997631 0.01234625
v 0.00000000 0.08997631 0.01284209
v 0.00000000 0.08369634 0.01493178
v 0.00000000 0.08369634 0.01025655
v 0.00000000 0.07133426 0.01493178
v 0.00000000 0.07133426 0.01025655
v 0.00000000 0.07102555 0.01493178
v 0.00000000 0.07102555 0.01025655
v 0.00000000 0.08966732 0.01211386
v 0.00000000 0.08966732 0.01307448
v 0.00000000 0.07843480 0.01493178
v 0.00000000 0.07843480 0.01025655
v 0.00000000 0.08677712 0.01121271
v 0.00000000 0.08677712 0.01397563
v 0.00000000 0.07724009 0.01493178
v 0.00000000 0.07724009 0.01025655
v 0.00000000 0.08071005 0.01493178
v 0.00000000 0.08071005 0.01025655
v 0.00000000 0.09000000 0.01259417
v 0.00000000 0.08992596 0.01225662
v 0.00000000 0.08992596 0.01293172
v -0.00128661 0.08677712 0.01230823
v -0.00128661 0.08677712 0.01288011
v -0.00087382 0.08369634 0.01172540
v -0.00087382 0.08369634 0.01346293
v -0.00017531 0.08997631 0.01241887
v -0.00017531 0.08997631 0.01276947
v 0.00031496 0.08966732 0.01227936
v 0.00031496 0.08966732 0.01290897
v -0.00045127 0.08966733 0.01242284
v -0.00045127 0.08966733 0.01276549
v 0.00010671 0.08999703 0.01270089
v 0.00010671 0.08999703 0.01248745
v 0.00033243 0.08992558 0.01266154
v 0.00126338 0.08017554 0.01133331
v 0.00126338 0.08017554 0.01385502
v -0.00025139 0.08997429 0.01265471
v -0.00025139 0.08997429 0.01253363
v 0.00229255 0.07133374 0.01213815
v 0.00130016 0.07656253 0.01065127
v 0.00130016 0.07656253 0.01453706
v 0.00092558 0.07823631 0.01045204
v 0.00092558 0.07823631 0.01473627
v 0.00013495 0.08997429 0.01237360
v 0.00013495 0.08997429 0.01281474
v 0.00024432 0.08966732 0.01297932
v 0.00024432 0.08966732 0.01220902
v 0.00138147 0.08677712 0.01259416
v 0.00165294 0.07131725 0.01424711
v 0.00165294 0.07131725 0.01094122
v 0.00165294 0.07102555 0.01424711
v 0.00165294 0.07102555 0.01094122
v 0.00165294 0.07631376 0.01424711
v 0.00165294 0.07631376 0.01094122
v 0.00229777 0.08070753 0.01292387
v 0.00229777 0.08070753 0.01226447
v 0.00215968 0.07102555 0.01348874
v 0.00215968 0.07102555 0.01169960
v 0.00215968 0.07133000 0.01348874
v 0.00215968 0.07133000 0.01169960
v 0.00042956 0.07842042 0.01488536
v 0.00042956 0.07842043 0.01030298
v 0.00010784 0.08996447 0.01233382
v 0.00010784 0.08996447 0.01285452
v -0.00006054 0.08997429 0.01234278
v -0.00006054 0.08997429 0.01284556
v 0.00026035 0.08996447 0.01270201
v -0.00018743 0.08992558 0.01231147
v -0.00018743 0.08992559 0.01287687
v -0.00045424 0.07721665 0.01488608
v -0.00045424 0.07721665 0.01030225
v 0.00047243 0.08966732 0.01250792
v 0.00047243 0.08966732 0.01268042
v -0.00093802 0.08032277 0.01429711
v -0.00093802 0.08032277 0.01089123
v -0.00217199 0.08369634 0.01218848
v -0.00217199 0.08369634 0.01299985
v -0.00017223 0.08966733 0.01304544
v -0.00017223 0.08966733 0.01214289
v 0.00229118 0.07842042 0.01216713
v 0.00229118 0.07842043 0.01302120
v 0.00129862 0.07102555 0.01065063
v 0.00129862 0.07102555 0.01453769
v 0.00129862 0.07132202 0.01065063
v 0.00129862 0.07132202 0.01453769
v -0.00033755 0.08992596 0.01259417
v 0.00128376 0.07720191 0.01066907
v 0.00128376 0.07720191 0.01451927
v 0.00214211 0.07823631 0.01167308
v 0.00214211 0.07823631 0.01351525
v -0.00058728 0.08677712 0.01317892
v -0.00058728 0.08677712 0.01200941
v 0.00030013 0.08677712 0.01130756
v 0.00030013 0.08677712 0.01388077
v 0.00215714 0.07702563 0.01349357
v 0.00215714 0.07702564 0.01169477
v -0.00024792 0.08997631 0.01259417
v -0.00015214 0.08677712 0.01123518
v -0.00015214 0.08677712 0.01395315
v -0.00015092 0.08999705 0.01259417
v -0.00033760 0.08070753 0.01489194
v -0.00033760 0.08070753 0.01029639
v -0.00013101 0.08992446 0.01291045
v -0.00013101 0.08992446 0.01227789
v 0.00023868 0.08992598 0.01283285
v 0.00023868 0.08992596 0.01235549
v 0.00067893 0.08066958 0.01041501
v 0.00229192 0.07721665 0.01214024
v 0.00229192 0.07721665 0.01304809
v 0.00043407 0.08369634 0.01042217
v 0.00043407 0.08369634 0.01476617
v -0.00194354 0.07102555 0.01129553
v -0.00194354 0.07102555 0.01389279
v -0.00194354 0.07132202 0.01129553
v -0.00194354 0.07132202 0.01389279
v 0.00194353 0.07102555 0.01389279
v 0.00194353 0.07102555 0.01129554
v 0.00194353 0.07132202 0.01389279
v 0.00194353 0.07132202 0.01129554
v 0.00229958 0.08369634 0.01238854
v 0.00229958 0.08369634 0.01279980
v -0.00043408 0.08369634 0.01042217
v -0.00043408 0.08369634 0.01476617
v -0.00022056 0.08997429 0.01272912
v -0.00022056 0.08997429 0.01245922
v -0.00229193 0.07721665 0.01214024
v -0.00229193 0.07721665 0.01304809
v -0.00067894 0.08066956 0.01477331
v -0.00067894 0.08066958 0.01041501
v -0.00007215 0.08999419 0.01276835
v -0.00007215 0.08999419 0.01241998
v 0.00038517 0.08966732 0.01235035
v 0.00038517 0.08966732 0.01283799
v 0.00024791 0.08997631 0.01259417
v -0.00030014 0.08677712 0.01130756
v -0.00030014 0.08677712 0.01388077
v 0.00058728 0.08677712 0.01317892
v 0.00058728 0.08677712 0.01200941
v -0.00214212 0.07823631 0.01167308
v -0.00214212 0.07823631 0.01351525
v -0.00128377 0.07720191 0.01451927
v -0.00128377 0.07720191 0.01066907
v 0.00033754 0.08992598 0.01259417
v -0.00129863 0.07102555 0.01065063
v -0.00129863 0.07102555 0.01453769
v -0.00129863 0.07132202 0.01065063
v -0.00129863 0.07132202 0.01453769
v -0.00229119 0.07842042 0.01302120
v -0.00229119 0.07842043 0.01216713
v 0.00017222 0.08966733 0.01304544
v 0.00017222 0.08966733 0.01214289
v -0.00162828 0.07686165 0.01422228
v -0.00162828 0.07686165 0.01096605
v -0.00089987 0.07702563 0.01475131
v -0.00089987 0.07702564 0.01043702
v 0.00229256 0.07102555 0.01305018
v 0.00229256 0.07102555 0.01213815
v 0.00229256 0.07133374 0.01305018
v 0.00093801 0.08032277 0.01429711
v 0.00093801 0.08032277 0.01089123
v -0.00006736 0.08992558 0.01292660
v -0.00006736 0.08992559 0.01226174
v -0.00010785 0.08996447 0.01233382
v -0.00010785 0.08996447 0.01285452
v 0.00040460 0.08677712 0.01350108
v 0.00040460 0.08677712 0.01168726
v -0.00194290 0.07656253 0.01129410
v -0.00194290 0.07656253 0.01389422
v -0.00042957 0.07842042 0.01030298
v -0.00042957 0.07842043 0.01488536
v -0.00045602 0.07102555 0.01488672
v -0.00045602 0.07102555 0.01030160
v -0.00045602 0.07133374 0.01488672
v -0.00045602 0.07133374 0.01030160
v -0.00229778 0.08070753 0.01292387
v -0.00229778 0.08070753 0.01226447
v -0.00145956 0.08369634 0.01203755
v -0.00145956 0.08369634 0.01315077
v -0.00165295 0.07131725 0.01424711
v -0.00165295 0.07131725 0.01094122
v -0.00165295 0.07102555 0.01424711
v -0.00165295 0.07102555 0.01094122
v -0.00165295 0.07631376 0.01424711
v -0.00165295 0.07631376 0.01094122
v 0.00145956 0.08369634 0.01203755
v 0.00145956 0.08369634 0.01315077
v 0.00045602 0.07102555 0.01488672
v 0.00045602 0.07102555 0.01030160
v 0.00045602 0.07133374 0.01488672
v 0.00045602 0.07133374 0.01030160
v 0.00194290 0.07656253 0.01129410
v 0.00194290 0.07656253 0.01389422
v -0.00040460 0.08677712 0.01350108
v -0.00040460 0.08677712 0.01168726
v -0.00013496 0.08997429 0.01237360
v -0.00013496 0.08997429 0.01281474
v -0.00092559 0.07823631 0.01045204
v -0.00092559 0.07823631 0.01473627
v -0.00130017 0.07656253 0.01065127
v -0.00130017 0.07656253 0.01453706
v 0.00006736 0.08992558 0.01226174
v 0.00006736 0.08992559 0.01292660
v -0.00229256 0.07102555 0.01305018
v -0.00229256 0.07102555 0.01213815
v -0.00229256 0.07133374 0.01305018
v -0.00229256 0.07133374 0.01213815
v 0.00089987 0.07702563 0.01043702
v 0.00089987 0.07702564 0.01475131
v 0.00025138 0.08997429 0.01265471
v 0.00025138 0.08997429 0.01253363
v 0.00162828 0.07686165 0.01422228
v 0.00162828 0.07686165 0.01096605
v -0.00010672 0.08999703 0.01270089
v -0.00010672 0.08999705 0.01248745
v -0.00031497 0.08966732 0.01227936
v -0.00031497 0.08966732 0.01290897
v 0.00087381 0.08369634 0.01172540
v 0.00087381 0.08369634 0.01346293
v 0.00128660 0.08677712 0.01230823
v 0.00128660 0.08677712 0.01288011
v 0.00192511 0.07720191 0.01387687
v 0.00192511 0.07720191 0.01131144
v -0.00038517 0.08966732 0.01235035
v -0.00038517 0.08966732 0.01283799
v 0.00135898 0.08677712 0.01273874
v 0.00135898 0.08677712 0.01244960
v -0.00089457 0.07102555 0.01043449
v -0.00089457 0.07102555 0.01475384
v -0.00089457 0.07133000 0.01043449
v -0.00089457 0.07133000 0.01475384
v 0.00007215 0.08999418 0.01241998
v 0.00007215 0.08999420 0.01276835
v 0.00057240 0.08369634 0.01113524
v 0.00057240 0.08369634 0.01405310
v 0.00033242 0.08992559 0.01252680
v 0.00022078 0.08369634 0.01029458
v 0.00022078 0.08369634 0.01489376
v 0.00067894 0.08066958 0.01477331
v 0.00022056 0.08997429 0.01272912
v 0.00022056 0.08997429 0.01245922
v -0.00031629 0.08992446 0.01246316
v -0.00031629 0.08992446 0.01272517
v -0.00229958 0.08369634 0.01238854
v -0.00229958 0.08369634 0.01279980
v -0.00233762 0.08369634 0.01259416
v -0.00233762 0.07133426 0.01259416
v -0.00233762 0.07102555 0.01259416
v -0.00233762 0.07843480 0.01259416
v -0.00233762 0.07724009 0.01259416
v -0.00233762 0.08071005 0.01259416
v -0.00008673 0.08966732 0.01306661
v -0.00008673 0.08966732 0.01212173
v -0.00017419 0.08999420 0.01266632
v -0.00017419 0.08999419 0.01252202
v 0.00090722 0.08677712 0.01219746
v 0.00090722 0.08677712 0.01299087
v 0.00026034 0.08996447 0.01248633
v -0.00023868 0.08992596 0.01283285
v -0.00023868 0.08992596 0.01235549
v 0.00013101 0.08992446 0.01291045
v 0.00013101 0.08992446 0.01227789
v 0.00033760 0.08070753 0.01489194
v 0.00033760 0.08070753 0.01029639
v 0.00015092 0.08999703 0.01259417
v 0.00028269 0.08992558 0.01240673
v 0.00028269 0.08992559 0.01278160
v 0.00015214 0.08677712 0.01123518
v 0.00015214 0.08677712 0.01395315
v -0.00170326 0.08032277 0.01166415
v -0.00170326 0.08032277 0.01352419
v -0.00215714 0.07702563 0.01169477
v -0.00215714 0.07702564 0.01349357
v 0.00217914 0.08066958 0.01325834
v 0.00217914 0.08066958 0.01193000
v -0.00048032 0.08966732 0.01259417
v 0.00217199 0.08369634 0.01218848
v 0.00217199 0.08369634 0.01299985
v 0.00048031 0.08966732 0.01259417
v -0.00217915 0.08066958 0.01193000
v -0.00217915 0.08066958 0.01325834
v 0.00170325 0.08032277 0.01166415
v 0.00170325 0.08032277 0.01352419
v -0.00047243 0.08966732 0.01250792
v -0.00047243 0.08966732 0.01268042
v 0.00045424 0.07721665 0.01488608
v 0.00045424 0.07721665 0.01030225
v -0.00028270 0.08992558 0.01278160
v -0.00028270 0.08992559 0.01240673
v 0.00018743 0.08992558 0.01287687
v 0.00018743 0.08992559 0.01231147
v -0.00026035 0.08996447 0.01270201
v -0.00026035 0.08996447 0.01248633
v 0.00006054 0.08997429 0.01234278
v 0.00006054 0.08997429 0.01284556
v -0.00215968 0.07102555 0.01348874
v -0.00215968 0.07102555 0.01169960
v -0.00215968 0.07133000 0.01348874
v -0.00215968 0.07133000 0.01169960
v -0.00090723 0.08677712 0.01219746
v -0.00090723 0.08677712 0.01299087
v -0.00138147 0.08677712 0.01259416
v 0.00017418 0.08999420 0.01252202
v 0.00017418 0.08999419 0.01266632
v -0.00024432 0.08966732 0.01220902
v -0.00024432 0.08966732 0.01297933
v 0.00008672 0.08966732 0.01306661
v 0.00008672 0.08966732 0.01212173
v 0.00233762 0.08369634 0.01259416
v 0.00233762 0.07133426 0.01259416
v 0.00233762 0.07102555 0.01259416
v 0.00233762 0.07843480 0.01259416
v 0.00233762 0.07724009 0.01259416
v 0.00233762 0.08071005 0.01259416
v 0.00031628 0.08992446 0.01246316
v 0.00031628 0.08992446 0.01272517
v -0.00022079 0.08369634 0.01029458
v -0.00022079 0.08369634 0.01489376
v -0.00126338 0.08017554 0.01385502
v -0.00126338 0.08017555 0.01133331
v -0.00033243 0.08992558 0.01252680
v -0.00033243 0.08992559 0.01266154
v 0.00045127 0.08966733 0.01242284
v 0.00045127 0.08966733 0.01276549
v -0.00057241 0.08369634 0.01113524
v -0.00057241 0.08369634 0.01405310
v 0.00017531 0.08997631 0.01241887
v 0.00017531 0.08997631 0.01276947
v 0.00089456 0.07102555 0.01043449
v 0.00089456 0.07102555 0.01475384
v 0.00089456 0.07133000 0.01043449
v 0.00089456 0.07133000 0.01475384
v -0.00135899 0.08677712 0.01273874
v -0.00135899 0.08677712 0.01244960
v -0.00192512 0.07720191 0.01131144
v -0.00192512 0.07720191 0.01387687
v -0.00952665 -0.05007977 0.01895963
v -0.00952665 -0.05007977 0.00622866
v 0.00952665 -0.05007977 0.01895963
v 0.00952665 -0.05007977 0.00622866
v 0.01063879 -0.04687424 0.01101148
v 0.00881472 -0.04852210 0.00583037
v 0.00881472 -0.04852210 0.01935792
v -0.01042588 -0.04930541 0.00827561
v -0.01042588 -0.04930541 0.01691268
v -0.01162525 -0.06951270 0.01472576
v -0.00993844 -0.04687424 0.01671079
v -0.00993844 -0.04687424 0.00847750
v 0.01227618 -0.06376472 0.01509462
v -0.01159353 -0.06951268 0.01028803
v -0.01159353 -0.06951270 0.01490026
v -0.01058144 -0.05165360 0.00737594
v -0.01058144 -0.05165360 0.01781235
v 0.00995247 -0.04930541 0.01791387
v 0.00995247 -0.04930541 0.00727442
v 0.01026482 -0.06258721 0.00523849
v 0.01026482 -0.06258723 0.01994980
v 0.00835351 -0.04852210 0.01992001
v 0.00835351 -0.04852210 0.00526829
v -0.00885681 -0.05007977 0.00532554
v -0.00885681 -0.05007977 0.01986275
v -0.00969991 -0.07969205 0.01553657
v -0.00969991 -0.07969207 0.00965171
v 0.00932228 -0.05499617 0.00441870
v 0.00932228 -0.05499617 0.02076959
v 0.00710473 -0.07439034 0.00410218
v 0.01170883 -0.06642407 0.01614597
v 0.01170883 -0.06642407 0.00904232
v -0.00831264 -0.03483807 0.00949539
v -0.01175458 -0.05246569 0.01037795
v 0.01072847 -0.07278481 0.01623597
v 0.01072847 -0.07278481 0.00895232
v 0.00977312 -0.04930541 0.00695163
v 0.00977312 -0.04930541 0.01823666
v -0.01084194 -0.07278481 0.00930529
v -0.01084194 -0.07278481 0.01588300
v -0.01052959 -0.05499617 0.01914185
v -0.01052959 -0.05499617 0.00604645
v -0.01006106 -0.05764816 0.02031428
v -0.01006106 -0.05764816 0.00487401
v 0.01182840 -0.06792558 0.01484088
v 0.00711205 -0.07439032 0.02107991
v -0.00723101 -0.04598253 0.00487368
v -0.00723101 -0.04598253 0.02031461
v -0.01093528 -0.05499617 0.01843917
v 0.00691866 -0.03924625 0.00611332
v 0.00691866 -0.03924625 0.01907498
v -0.01182840 -0.06792558 0.01484088
v 0.01006106 -0.05764816 0.02031428
v 0.01006106 -0.05764816 0.00487401
v 0.01052959 -0.05499617 0.01914185
v 0.01052959 -0.05499617 0.00604644
v -0.00977312 -0.04930541 0.00695163
v -0.00977312 -0.04930541 0.01823666
v -0.00748662 -0.03573447 0.01756888
v -0.00748662 -0.03573447 0.00761941
v -0.00808631 -0.08060576 0.00679958
v -0.00808631 -0.08060576 0.01838869
v -0.01072847 -0.07278481 0.01623597
v -0.01072847 -0.07278481 0.00895232
v -0.00677408 -0.07860798 0.00477754
v -0.00666121 -0.03469173 0.00676957
v -0.00666121 -0.03469173 0.01841874
v -0.00882875 -0.04502755 0.00710409
v -0.00882875 -0.04502752 0.01808420
v 0.00847552 -0.06503889 0.00354493
v 0.00847552 -0.06503889 0.02164336
v 0.00808204 -0.07439032 0.00502446
v 0.00808204 -0.07439032 0.02016383
v 0.00775139 -0.04287982 0.00623274
v 0.00775139 -0.04287982 0.01895554
v -0.01026482 -0.06258723 0.00523849
v -0.01026482 -0.06258723 0.01994980
v -0.00995247 -0.04930541 0.01791387
v -0.00995247 -0.04930541 0.00727442
v 0.00785144 -0.04687424 0.00524045
v 0.00785144 -0.04687424 0.01994784
v 0.01058144 -0.05165360 0.00737594
v 0.01058144 -0.05165360 0.01781235
v 0.01159353 -0.06951268 0.01028803
v 0.01159353 -0.06951268 0.01490026
v -0.00913378 -0.04288000 0.00845576
v -0.00913378 -0.04288000 0.01673254
v 0.00718342 -0.04169918 0.01932228
v 0.00718342 -0.04169918 0.00586601
v 0.00993844 -0.04687424 0.01671079
v 0.00993844 -0.04687424 0.00847750
v 0.01090050 -0.04930541 0.00967336
v 0.01090050 -0.04930541 0.01551494
v 0.01162525 -0.06951268 0.01472576
v 0.01042588 -0.04930541 0.00827561
v 0.01042588 -0.04930541 0.01691268
v -0.00881472 -0.04852210 0.00583037
v -0.00881472 -0.04852210 0.01935792
v -0.00798382 -0.03391222 0.00903237
v -0.01063879 -0.04687424 0.01101148
v -0.00991404 -0.07946481 0.01490578
v 0.00850215 -0.03488373 0.01515358
v 0.00850215 -0.03488373 0.01003472
v 0.00818370 -0.04169946 0.01806177
v -0.00760824 -0.04169919 0.00635060
v -0.00760824 -0.04169919 0.01883769
v 0.01068920 -0.05329410 0.00688064
v 0.01068920 -0.05329410 0.01830765
v 0.00680985 -0.07883812 0.00486686
v 0.00930254 -0.04399563 0.00837921
v 0.00930254 -0.04399563 0.01680908
v 0.00835329 -0.03804426 0.00848486
v 0.00835329 -0.03804428 0.01670343
v 0.01115834 -0.05007977 0.00999237
v 0.01115834 -0.05007977 0.01519591
v 0.00683547 -0.04695719 0.02092318
v -0.00966902 -0.05085879 0.00613352
v -0.00966902 -0.05085879 0.01905477
v -0.00899429 -0.05246569 0.02048195
v -0.00899429 -0.05246569 0.00470634
v -0.00670780 -0.07734167 0.02076761
v -0.00670780 -0.07734167 0.00442068
v -0.00908153 -0.03695661 0.01378802
v -0.00908153 -0.03695661 0.01140028
v -0.00867523 -0.04771623 0.01925088
v -0.00867523 -0.04771623 0.00593741
v -0.00625758 -0.03469067 0.00633658
v -0.00625758 -0.03469064 0.01885172
v -0.00716961 -0.07967669 0.00542454
v 0.00938490 -0.04288008 0.01612631
v 0.00938490 -0.04288008 0.00906198
v -0.00925601 -0.05764816 0.00392495
v -0.00925601 -0.05764816 0.02126334
v 0.00544332 -0.03802783 0.00504551
v 0.01012246 -0.04598255 0.00952354
v 0.01012246 -0.04598253 0.01566475
v -0.01140463 -0.07114567 0.01460075
v -0.01106727 -0.05007977 0.00962869
v -0.01106727 -0.05007977 0.01555960
v -0.01016133 -0.07278481 0.00758312
v -0.01016133 -0.07278481 0.01760517
v 0.01000411 -0.05675224 0.00491773
v 0.01000411 -0.05675226 0.02027056
v 0.00909207 -0.04771623 0.01866928
v 0.00909207 -0.04771623 0.00651902
v -0.01072319 -0.05007977 0.00855824
v -0.01072319 -0.05007977 0.01663005
v -0.00726234 -0.04047938 0.01896215
v -0.00726234 -0.04047938 0.00622614
v 0.00771822 -0.03379941 0.01665755
v -0.00624354 -0.04169919 0.02020240
v -0.00624354 -0.04169921 0.00498590
v 0.00971128 -0.04170324 0.01419740
v 0.00971128 -0.04170324 0.01099089
v -0.00921696 -0.06258723 0.00396150
v -0.00921696 -0.06258723 0.02122679
v 0.00800617 -0.06792558 0.02158655
v -0.00766742 -0.05085879 0.02133714
v -0.00766742 -0.05085878 0.00385115
v -0.00913522 -0.04687424 0.01827478
v -0.00913522 -0.04687424 0.00691351
v -0.00785410 -0.03383709 0.01640562
v 0.00914454 -0.06376472 0.02115897
v 0.00914454 -0.06376472 0.00402932
v -0.00793462 -0.05246569 0.02154601
v 0.00818919 -0.07114567 0.02078334
v 0.00818919 -0.07114567 0.00440495
v 0.01224973 -0.05764816 0.01587645
v 0.01224973 -0.05764816 0.00931184
v 0.01021336 -0.07734167 0.00985747
v 0.01021336 -0.07734167 0.01533080
v 0.00695260 -0.03397319 0.01790125
v -0.00679077 -0.03409080 0.01813589
v -0.00856481 -0.06376472 0.02173869
v -0.00856481 -0.06376472 0.00344961
v -0.00700917 -0.07790314 0.01226192
v -0.00700917 -0.03663720 0.01226193
v 0.01218789 -0.05586794 0.01543597
v 0.01218789 -0.05586794 0.00975232
v 0.00799619 -0.07860798 0.00603182
v 0.00799619 -0.07860798 0.01915647
v 0.00795288 -0.04598255 0.00561965
v 0.00795288 -0.04598253 0.01956864
v -0.00823926 -0.07969209 0.00668999
v -0.00823926 -0.07969207 0.01849830
v 0.00960857 -0.04049411 0.01159643
v 0.00945240 -0.05085879 0.00582066
v 0.01092081 -0.06951270 0.00807060
v 0.01092081 -0.06951270 0.01711769
v -0.01073745 -0.06503889 0.00639487
v -0.01073745 -0.06503889 0.01879340
v 0.00940908 -0.05586794 0.00434257
v 0.00940908 -0.05586794 0.02084572
v -0.00772010 -0.03379977 0.01665551
v -0.00936909 -0.05329410 0.02028316
v -0.00936909 -0.05329412 0.00490513
v 0.00624838 -0.03924637 0.01972344
v 0.00624838 -0.03924637 0.00546484
v -0.00864434 -0.04502755 0.01837011
v -0.00864434 -0.04502755 0.00681819
v -0.00836310 -0.07592252 0.01945757
v -0.00836310 -0.07592252 0.00573071
v -0.00976867 -0.07734167 0.00854784
v -0.00976867 -0.07734167 0.01664045
v 0.00576765 -0.03924699 0.00507085
v 0.00576765 -0.03924699 0.02011744
v 0.00878500 -0.07439032 0.00585317
v 0.00878500 -0.07439034 0.01933511
v -0.01012434 -0.07883812 0.01070631
v -0.00567641 -0.03554717 0.01953271
v 0.00797972 -0.04930541 0.02057386
v 0.00797972 -0.04930541 0.00461443
v 0.00914798 -0.04048832 0.00949013
v 0.00914798 -0.04048832 0.01569816
v 0.00914188 -0.08060576 0.01651407
v -0.00705026 -0.03389599 0.00743726
v 0.00916079 -0.04598255 0.00730515
v 0.00916079 -0.04598255 0.01788314
v 0.00944203 -0.03928130 0.01348866
v 0.00884234 -0.03588781 0.01084087
v 0.00884234 -0.03588781 0.01434742
v -0.01130419 -0.06642407 0.01727650
v 0.00678096 -0.07860796 0.02040490
v 0.00882404 -0.03535971 0.01114240
v -0.01007309 -0.06149207 0.00486480
v -0.01007309 -0.06149207 0.02032349
v 0.00919922 -0.06642405 0.00452661
v -0.01089728 -0.04852210 0.01476175
v -0.01089728 -0.04852209 0.01042654
v 0.01145461 -0.06503889 0.01733881
v 0.01145461 -0.06503889 0.00784948
v -0.00661163 -0.04287982 0.02013329
v -0.00661163 -0.04287982 0.00505500
v 0.00948717 -0.04687424 0.01766516
v 0.00612637 -0.04047958 0.02006149
v 0.00612637 -0.04047958 0.00512681
v -0.00900366 -0.04502755 0.00739589
v -0.00900366 -0.04502752 0.01779240
v -0.00624864 -0.03459805 0.00634552
v 0.00842567 -0.08072316 0.01783356
v 0.01173035 -0.06149207 0.00773527
v 0.01173035 -0.06149207 0.01745302
v 0.01122461 -0.05855732 0.01859384
v 0.01122461 -0.05855730 0.00659445
v 0.00859466 -0.07734165 0.01875300
v 0.00859466 -0.07734165 0.00643529
v 0.00923827 -0.04852210 0.01876695
v 0.00923827 -0.04852209 0.00642134
v -0.00831552 -0.04687424 0.00576978
v -0.00831552 -0.04687424 0.01941853
v 0.00771434 -0.04930541 0.00435763
v 0.00771434 -0.04930541 0.02083067
v -0.00744070 -0.04930541 0.00410967
v 0.01181881 -0.06642407 0.01576098
v 0.01181881 -0.06642407 0.00942731
v -0.01114496 -0.06642405 0.01764386
v -0.01114496 -0.06642407 0.00754442
v -0.00722169 -0.04399563 0.00537247
v -0.00722169 -0.04399563 0.01981583
v 0.00672788 -0.04169918 0.00541046
v 0.00672788 -0.04169918 0.01977783
v -0.01157527 -0.06376472 0.00779951
v 0.00960835 -0.06951268 0.00570891
v 0.00960835 -0.06951270 0.01947939
v 0.00848402 -0.03804950 0.00875949
v 0.00848402 -0.03804950 0.01642881
v 0.01098281 -0.05764816 0.00625322
v 0.01098281 -0.05764816 0.01893507
v 0.01100172 -0.05413792 0.00716868
v 0.01100172 -0.05413790 0.01801961
v 0.00932163 -0.06503890 0.00441927
v 0.00932163 -0.06503889 0.02076902
v -0.00871288 -0.05949145 0.00329151
v -0.00871288 -0.05949145 0.02189678
v -0.00918751 -0.07592252 0.00688100
v -0.00918751 -0.07592252 0.01830730
v -0.00661368 -0.03421256 0.01837339
v 0.00936006 -0.05165360 0.01977638
v 0.00936006 -0.05165360 0.00541192
v 0.00844802 -0.08060576 0.00734082
v 0.00844802 -0.08060578 0.01784747
v -0.00899351 -0.04287997 0.00815911
v -0.00899351 -0.04287997 0.01702918
v -0.00809978 -0.03394317 0.01589969
v -0.00695653 -0.03572350 0.01828671
v -0.00695653 -0.03572350 0.00690159
v 0.00949854 -0.03969214 0.01165891
v -0.01119765 -0.05329410 0.01723236
v -0.01119765 -0.05329410 0.00795593
v 0.01152271 -0.06792558 0.01608952
v 0.01152271 -0.06792558 0.00909877
v 0.00900562 -0.06046493 0.02159976
v 0.00900562 -0.06046493 0.00358853
v 0.01040509 -0.05165360 0.00703250
v 0.01040509 -0.05165360 0.01815580
v 0.01211691 -0.05470469 0.01500437
v 0.00685089 -0.07603677 0.00424629
v -0.00824802 -0.04502755 0.01892308
v -0.00824802 -0.04502755 0.00626521
v 0.00892509 -0.04048587 0.01628922
v 0.00892509 -0.04048587 0.00889908
v -0.00976584 -0.07439034 0.00737419
v -0.00976584 -0.07439034 0.01781410
v 0.00842545 -0.08072432 0.00735486
v -0.00604876 -0.04230005 0.02047739
v 0.01159287 -0.05855730 0.00734147
v 0.01159287 -0.05855730 0.01784682
v 0.00648913 -0.04169919 0.01999414
v 0.00648913 -0.04169919 0.00519417
v -0.01220180 -0.06376472 0.00974907
v -0.01220180 -0.06376472 0.01543922
v 0.00754514 -0.08018118 0.01921107
v 0.00907577 -0.03663720 0.01174705
v 0.00782638 -0.03475094 0.00845365
v 0.00782638 -0.03475094 0.01673465
v -0.00788443 -0.03924842 0.00733111
v 0.00898915 -0.05085879 0.01997136
v 0.00898915 -0.05085879 0.00521693
v -0.01096971 -0.04852210 0.01435431
v -0.00861427 -0.05007977 0.02014866
v -0.00861427 -0.05007977 0.00503963
v 0.00958983 -0.07439032 0.00705745
v 0.00958983 -0.07439032 0.01813084
v 0.01096429 -0.05007977 0.00926817
v 0.01096429 -0.05007977 0.01592012
v 0.00851552 -0.04287985 0.01788936
v 0.00851552 -0.04287985 0.00729893
v -0.00832633 -0.05499617 0.00340857
v -0.00936953 -0.07592252 0.01800365
v -0.01189943 -0.05329410 0.01029570
v 0.00555491 -0.03684475 0.01985620
v 0.00555491 -0.03684475 0.00533211
v -0.01001863 -0.06258721 0.00490658
v -0.01001863 -0.06258721 0.02028171
v -0.01139919 -0.05586794 0.01775907
v -0.01139919 -0.05586793 0.00742922
v -0.00904986 -0.05499617 0.00411802
v -0.00904986 -0.05499617 0.02107027
v 0.00963498 -0.04598253 0.00822859
v 0.00963498 -0.04598253 0.01695970
v 0.00772977 -0.08035584 0.00625046
v 0.00380710 -0.03489935 0.00728025
v -0.00973007 -0.04502755 0.00893202
v -0.00973007 -0.04502752 0.01625627
v -0.00874300 -0.05085879 0.02026157
v -0.00874300 -0.05085878 0.00492673
v 0.00549391 -0.03616189 0.01978488
v 0.00645597 -0.03469289 0.00654113
v 0.00645597 -0.03469289 0.01864718
v 0.00928602 -0.04771623 0.01836857
v 0.00928602 -0.04771623 0.00681972
v 0.01180373 -0.05329410 0.00984189
v 0.01180373 -0.05329410 0.01534640
v 0.00808055 -0.06951268 0.02122166
v 0.00808055 -0.06951270 0.00396663
v -0.01142237 -0.06046493 0.00696125
v -0.01142237 -0.06046493 0.01822704
v -0.00699945 -0.03802507 0.01872835
v -0.00699945 -0.03802507 0.00645996
v 0.01021758 -0.05165360 0.00669502
v 0.01021758 -0.05165360 0.01849327
v -0.01029742 -0.07734165 0.01019311
v -0.01029742 -0.07734165 0.01499518
v 0.01054884 -0.07114567 0.01737378
v 0.01054884 -0.07114567 0.00781451
v -0.01109660 -0.07330370 0.01442621
v -0.01109660 -0.04913413 0.01442621
v -0.00685487 -0.04502755 0.00477768
v -0.00685487 -0.04502755 0.02041061
v -0.01175851 -0.05855732 0.00772360
v -0.01175851 -0.05855730 0.01746469
v 0.00916889 -0.04502755 0.00769326
v 0.00916889 -0.04502752 0.01749504
v 0.01184887 -0.05413792 0.00941925
v 0.01184887 -0.05413792 0.01576904
v -0.00877838 -0.07969209 0.00752594
v -0.00877838 -0.07969209 0.01766234
v -0.00720992 -0.04771623 0.00437282
v -0.00720992 -0.04771623 0.02081547
v -0.01032060 -0.06149206 0.01998978
v -0.01032060 -0.06149206 0.00519851
v 0.00836423 -0.06642407 0.00366375
v 0.00836423 -0.06642407 0.02152454
v -0.01108257 -0.07114567 0.00923229
v -0.01108257 -0.07114567 0.01595600
v 0.00984484 -0.06046493 0.00451468
v 0.00984484 -0.06046493 0.02067361
v 0.01215024 -0.06149206 0.00890842
v 0.01215024 -0.06149207 0.01627987
v 0.00835852 -0.06951268 0.02095267
v 0.00835852 -0.06951268 0.00423562
v -0.00851444 -0.06792558 0.00407971
v -0.00851444 -0.06792558 0.02110858
v -0.00808313 -0.08062316 0.01838642
v 0.01208841 -0.05586794 0.00935507
v -0.00762681 -0.05085879 0.02137158
v 0.00884656 -0.03693162 0.01495820
v 0.00884656 -0.03693162 0.01023010
v -0.01141222 -0.06376472 0.01776497
v -0.01141222 -0.06376472 0.00742332
v -0.00888841 -0.04771623 0.00622481
v -0.00888841 -0.04771623 0.01896348
v 0.01070846 -0.05675224 0.01925309
v 0.01070846 -0.05675224 0.00593520
v 0.00624223 -0.03461297 0.01885300
v 0.00892221 -0.08060576 0.01699411
v 0.00892221 -0.08060576 0.00819416
v -0.00989988 -0.04598253 0.00886810
v -0.00989988 -0.04598253 0.01632019
v 0.00820417 -0.03481468 0.00923035
v 0.00820417 -0.03481470 0.01595794
v -0.01213574 -0.05764816 0.01627548
v -0.01213574 -0.05764816 0.00891281
v -0.00909339 -0.04170109 0.01636020
v -0.00909339 -0.04170109 0.00882809
v -0.01242918 -0.06149207 0.01518130
v 0.01060353 -0.07278481 0.00860327
v -0.00754994 -0.07860798 0.00552283
v -0.00754994 -0.07860798 0.01966546
v -0.01062341 -0.05413792 0.00646071
v -0.01062341 -0.05413792 0.01872758
v 0.00624345 -0.04169922 0.02020249
v 0.00624345 -0.04169922 0.00498580
v 0.00861108 -0.05165360 0.00452897
v 0.00861108 -0.05165360 0.02065932
v -0.00667512 -0.03684149 0.01884234
v -0.00667512 -0.03684149 0.00634596
v 0.00823651 -0.04930541 0.02030850
v 0.00823651 -0.04930541 0.00487979
v -0.00351381 -0.07886688 0.00676371
v 0.01004228 -0.04502755 0.00990332
v 0.01004228 -0.04502752 0.01528497
v 0.01035462 -0.04771623 0.00907922
v 0.01035462 -0.04771623 0.01610907
v -0.01247128 -0.05949145 0.00997100
v 0.00754409 -0.08018796 0.00597812
v 0.00899969 -0.05855730 0.02159384
v 0.00899969 -0.05855730 0.00359445
v -0.00807947 -0.03577472 0.00863839
v -0.00807947 -0.03577472 0.01654990
v -0.00912267 -0.03696088 0.01341054
v 0.00820661 -0.07860798 0.00629697
v 0.00820661 -0.07860798 0.01889132
v -0.00804165 -0.07969209 0.00642357
v -0.00804165 -0.07969209 0.01876472
v -0.01018417 -0.06376472 0.00529628
v -0.01018417 -0.06376472 0.01989201
v 0.01141795 -0.06951268 0.00953471
v 0.01141795 -0.06951268 0.01565358
v 0.01112452 -0.06792558 0.00798622
v 0.01112452 -0.06792558 0.01720207
v -0.01022138 -0.04453942 0.01124847
v -0.01112061 -0.05499617 0.01807823
v -0.01112061 -0.05499617 0.00711006
v 0.00758313 -0.03376390 0.01689109
v -0.01128898 -0.05007977 0.01064230
v -0.01155131 -0.05764816 0.00736030
v -0.01155131 -0.05764816 0.01782799
v 0.01061939 -0.06792558 0.00691795
v 0.01061939 -0.06792558 0.01827034
v -0.00958326 -0.04930541 0.00663490
v -0.00958326 -0.04930541 0.01855339
v -0.01047639 -0.04687424 0.01015139
v -0.01047639 -0.04687424 0.01503690
v 0.01073225 -0.04852209 0.01546984
v 0.01073225 -0.04852209 0.00971845
v 0.00709060 -0.04287982 0.01968479
v 0.00709060 -0.04287982 0.00550352
v 0.00945823 -0.06642407 0.00483195
v 0.00945823 -0.06642407 0.02035634
v -0.00613422 -0.04287982 0.02052582
v 0.00700946 -0.03663720 0.01292029
v -0.01076944 -0.05764816 0.00589729
v -0.01076944 -0.05764816 0.01929100
v -0.00887033 -0.05165360 0.02037323
v -0.00887033 -0.05165360 0.00481506
v -0.00947001 -0.04771623 0.01806166
v -0.00947001 -0.04771623 0.00712663
v 0.01197594 -0.05586794 0.00896128
v 0.01197594 -0.05586794 0.01622701
v 0.01173863 -0.05413792 0.00903328
v 0.01173863 -0.05413792 0.01615502
v 0.00810940 -0.04852209 0.02018943
v 0.00810940 -0.04852209 0.00499887
v -0.01029420 -0.04687424 0.01571685
v -0.01029420 -0.04687424 0.00947145
v 0.00810329 -0.08064434 0.00683935
v -0.00907592 -0.03927012 0.00984347
v -0.00907592 -0.03927012 0.01534484
v -0.00900088 -0.07439032 0.00614421
v -0.00900088 -0.07439032 0.01904408
v 0.00671053 -0.04598255 0.02077094
v 0.00671053 -0.04598253 0.00441735
v -0.00659542 -0.04502755 0.00455760
v -0.00659542 -0.04502752 0.02063069
v 0.00909708 -0.08064434 0.01659570
v 0.00961563 -0.05329410 0.00521580
v 0.00961563 -0.05329410 0.01997249
v 0.00711683 -0.03388165 0.01765484
v -0.00777588 -0.05165360 0.00372111
v 0.00909098 -0.07969209 0.00811095
v 0.00909098 -0.07969207 0.01707734
v -0.00756969 -0.07439032 0.02067618
v -0.00756969 -0.07439032 0.00451209
v 0.01210222 -0.06376472 0.01583692
v 0.01210222 -0.06376472 0.00935137
v 0.00822287 -0.05085879 0.00437127
v 0.00822287 -0.05085878 0.02081702
v 0.00774214 -0.03802978 0.00742954
v 0.00774214 -0.03802978 0.01775877
v -0.01097380 -0.06642405 0.00718245
v -0.01097380 -0.06642407 0.01800584
v -0.01202310 -0.06149207 0.01667543
v -0.01202310 -0.06149207 0.00851286
v 0.01174046 -0.06503889 0.01657949
v 0.01174046 -0.06503889 0.00860880
v 0.00865479 -0.03492290 0.01058748
v 0.00664343 -0.04598253 0.00436411
v -0.01176627 -0.06046493 0.00772041
v -0.01176627 -0.06046493 0.01746788
v -0.00372632 -0.03570223 0.00661767
v -0.00977321 -0.04399563 0.01555881
v -0.00977321 -0.04399563 0.00962949
v -0.00834263 -0.05165360 0.00425152
v -0.00834263 -0.05165360 0.02093677
v 0.00851813 -0.07278481 0.02006437
v 0.00851813 -0.07278481 0.00512392
v -0.01241537 -0.05764816 0.01517348
v -0.00771732 -0.07734165 0.00536608
v -0.00912289 -0.07860798 0.01747044
v -0.00912289 -0.07860798 0.00771785
v 0.00831254 -0.03483810 0.01569303
v 0.00831254 -0.03483810 0.00949526
v -0.00879163 -0.07734165 0.00671978
v -0.00983483 -0.07114567 0.01870983
v -0.00983483 -0.07114567 0.00647846
v 0.01019945 -0.05413790 0.00577910
v 0.01019945 -0.05413790 0.01940919
v -0.01230190 -0.06046493 0.00929786
v -0.01230190 -0.06046493 0.01589043
v 0.01231147 -0.05949145 0.00929530
v 0.01231147 -0.05949145 0.01589299
v -0.00958409 -0.06503889 0.02045962
v -0.01045831 -0.07734165 0.01104706
v -0.01007092 -0.05085879 0.00677969
v -0.01007092 -0.05085878 0.01840860
v 0.00970713 -0.06642405 0.00514558
v 0.00970713 -0.06642407 0.02004271
v -0.00989583 -0.07734167 0.00886961
v 0.00941370 -0.07114567 0.01933990
v 0.00941370 -0.07114567 0.00584839
v 0.00958268 -0.05949145 0.00419033
v 0.00835830 -0.04169964 0.00739725
v 0.00835830 -0.04169964 0.01779104
v 0.00932036 -0.04170180 0.00943071
v 0.00932036 -0.04170180 0.01575760
v 0.00893946 -0.07969205 0.01737241
v 0.00893946 -0.07969207 0.00781588
v 0.00767848 -0.04399563 0.00586029
v 0.00767848 -0.04399563 0.01932801
v 0.01030233 -0.04502755 0.01120252
v 0.00870947 -0.03493697 0.01083444
v -0.01123696 -0.06376472 0.00705268
v 0.01103989 -0.05329410 0.00759202
v 0.01103989 -0.05329410 0.01759627
v 0.00915969 -0.04399563 0.00807708
v 0.00915969 -0.04399563 0.01711123
v -0.01122415 -0.05586794 0.01812930
v -0.01122415 -0.05586794 0.00705899
v 0.00636136 -0.04287982 0.02034557
v 0.00636136 -0.04287982 0.00484273
v -0.00358379 -0.04962511 0.01908064
v -0.00358379 -0.04962511 0.00610134
v -0.00358379 -0.04962511 0.00688695
v -0.00358379 -0.04962511 0.01830696
v -0.00358379 -0.07877585 0.01851331
v -0.00358379 -0.07877585 0.00666894
v -0.00358379 -0.07877585 0.00688695
v -0.00358379 -0.07877585 0.01830696
v -0.00358379 -0.05576126 0.01908064
v -0.00358379 -0.05576126 0.00610134
v -0.00358379 -0.05576126 0.00688695
v -0.00358379 -0.05576126 0.01830696
v -0.01023036 -0.07439032 0.00835658
v -0.01023036 -0.07439034 0.01683169
v 0.01130954 -0.05675224 0.00701689
v -0.00967399 -0.05586794 0.02053340
v -0.00967399 -0.05586793 0.00465489
v 0.01161578 -0.05413790 0.00865113
v 0.01161578 -0.05413790 0.01653716
v -0.01086055 -0.07439032 0.01043383
v 0.01180978 -0.06792558 0.01494327
v 0.01180978 -0.06792558 0.01024502
v 0.01086053 -0.07439032 0.01475446
v 0.01086053 -0.07439032 0.01043383
v 0.01041702 -0.05413792 0.01907186
v 0.01041702 -0.05413792 0.00611643
v -0.00758028 -0.03376390 0.00829013
v -0.00586845 -0.03516269 0.01930243
v 0.01021753 -0.04598255 0.00985636
v 0.01021753 -0.04598255 0.01533193
v 0.00568847 -0.03572465 0.00563281
v 0.00568847 -0.03572465 0.01955548
v 0.00928049 -0.03809412 0.01178272
v -0.00943546 -0.04399563 0.00868585
v -0.00943546 -0.04399563 0.01650245
v 0.00821228 -0.03925145 0.00785806
v 0.00821228 -0.03925145 0.01733023
v 0.00820617 -0.03578926 0.00890177
v 0.00820617 -0.03578926 0.01628653
v 0.01023034 -0.07439032 0.00835658
v 0.01023034 -0.07439034 0.01683171
v 0.00923717 -0.03809146 0.01380925
v -0.00466847 -0.08064434 0.01639274
v -0.00466847 -0.03389599 0.01639274
v -0.00636138 -0.04287982 0.02034556
v -0.00636138 -0.04287982 0.00484273
v 0.01023706 -0.06951268 0.01850451
v 0.01023706 -0.06951268 0.00668376
v -0.01074647 -0.05165360 0.00772496
v -0.01074647 -0.05165360 0.01746333
v -0.01112105 -0.05675224 0.01853848
v -0.01112105 -0.05675224 0.00664981
v -0.00807869 -0.05329410 0.02162765
v -0.00842825 -0.03430013 0.01006287
v 0.01215569 -0.05499617 0.01015021
v -0.00833431 -0.05499617 0.02177249
v 0.01003818 -0.06951268 0.01883628
v 0.01003818 -0.06951270 0.00635201
v -0.00967094 -0.04399563 0.01587697
v -0.00967094 -0.04399563 0.00931132
v 0.00950743 -0.04170249 0.01514141
v 0.00950743 -0.04170249 0.01004688
v -0.00936469 -0.07969209 0.01647312
v -0.00936469 -0.07969209 0.00871515
v -0.00587883 -0.04047966 0.00493058
v -0.00587883 -0.04047965 0.02025772
v -0.01111983 -0.06503889 0.00711045
v -0.01111983 -0.06503889 0.01807784
v -0.00758394 -0.03376390 0.01689154
v -0.00893948 -0.07969205 0.01737241
v -0.00893948 -0.07969205 0.00781588
v -0.01063239 -0.04852209 0.00936885
v -0.01063239 -0.04852209 0.01581944
v -0.00958270 -0.05949145 0.00419033
v -0.00958270 -0.05949145 0.02099797
v 0.00862751 -0.06951268 0.00451357
v 0.00862751 -0.06951270 0.02067471
v 0.00817789 -0.05246567 0.02132559
v 0.00817789 -0.05246567 0.00386271
v 0.00647888 -0.03924625 0.00567352
v 0.00647888 -0.03924625 0.01951478
v 0.00892155 -0.03577213 0.01142256
v 0.00381171 -0.03489935 0.01790472
v 0.01052112 -0.04852210 0.01616558
v 0.01052112 -0.04852209 0.00902271
v 0.00958407 -0.06503889 0.02045962
v 0.00958407 -0.06503889 0.00472867
v -0.00549593 -0.03614939 0.01978008
v -0.00789467 -0.04399563 0.01907313
v -0.00789467 -0.04399563 0.00611516
v -0.01011833 -0.07734167 0.01566350
v -0.01011833 -0.07734165 0.00952479
v 0.00983481 -0.07114567 0.01870983
v 0.00983481 -0.07114567 0.00647846
v 0.00879161 -0.07734167 0.01846851
v 0.00879161 -0.07734165 0.00671978
v -0.00888724 -0.06951268 0.00480024
v -0.00888724 -0.06951270 0.02038805
v 0.01112813 -0.05085879 0.00921848
v 0.01112813 -0.05085878 0.01596982
v 0.00912287 -0.07860798 0.01747044
v 0.00912287 -0.07860798 0.00771785
v 0.00771730 -0.07734167 0.01982220
v 0.00771730 -0.07734165 0.00536608
v -0.00821251 -0.03925138 0.01732996
v -0.00821251 -0.03925138 0.00785834
v 0.00917290 -0.04930541 0.00602095
v 0.00707430 -0.03764055 0.01214700
v -0.01208516 -0.05449496 0.01019024
v -0.01208516 -0.06569004 0.01019024
v -0.00868043 -0.04170007 0.01723324
v -0.00868043 -0.04170009 0.00795505
v 0.00586273 -0.03516454 0.00587909
v -0.00850534 -0.03925593 0.01678319
v -0.00850534 -0.03925593 0.00840510
v 0.00794302 -0.03576186 0.00837716
v 0.00794302 -0.03576186 0.01681113
v -0.00666846 -0.07768398 0.00446860
v 0.00757516 -0.03376616 0.01690617
v -0.00932892 -0.04598255 0.00760773
v -0.00932892 -0.04598253 0.01758057
v 0.00984945 -0.07964100 0.01502457
v 0.00870010 -0.03489935 0.01437332
v 0.01025575 -0.05085878 0.00711233
v 0.00832553 -0.06503889 0.00340901
v 0.00756967 -0.07439034 0.00451209
v 0.00756967 -0.07439034 0.02067620
v -0.00911601 -0.03696030 0.01349085
v -0.00911601 -0.03696030 0.01169746
v -0.01049657 -0.05329410 0.01865434
v -0.01049657 -0.05329410 0.00653395
v 0.00740739 -0.03380941 0.00799089
v -0.00895312 -0.05413792 0.00420863
v -0.00895312 -0.05413792 0.02097967
v -0.01133296 -0.05413792 0.01728841
v -0.01133296 -0.05413790 0.00789988
v 0.00844510 -0.06376472 0.00334113
v 0.01085055 -0.06376472 0.01885873
v 0.01085055 -0.06376472 0.00632956
v 0.01024477 -0.07592252 0.00911651
v 0.01024477 -0.07592252 0.01607178
v -0.00709062 -0.04287980 0.01968476
v -0.00709062 -0.04287982 0.00550353
v -0.01235053 -0.05764816 0.00971439
v -0.01235053 -0.05764816 0.01547390
v -0.00852730 -0.05675224 0.02188186
v -0.00697166 -0.07734167 0.02054378
v -0.00697166 -0.07734165 0.00464451
v -0.00695907 -0.03396560 0.00729586
v -0.00865197 -0.06642407 0.00394217
v -0.00865197 -0.06642407 0.02124612
v -0.00893931 -0.03590441 0.01142003
v -0.00893931 -0.03590441 0.01376828
v -0.00707132 -0.07860798 0.00504418
v -0.00707132 -0.07860798 0.02014409
v -0.01203108 -0.05413790 0.01498729
v 0.00954603 -0.06149207 0.00422246
v 0.00954603 -0.06149207 0.02096581
v 0.00842170 -0.03428328 0.01513837
v -0.00770761 -0.03924746 0.01811270
v -0.00770761 -0.03924746 0.00707559
v -0.01151192 -0.06951268 0.01527835
v -0.01151192 -0.06951270 0.00990993
v 0.01119624 -0.05246569 0.01680812
v 0.01119624 -0.05246569 0.00838018
v -0.01079938 -0.06792558 0.00726847
v -0.01079938 -0.06792558 0.01791982
v 0.01059655 -0.07439034 0.00937972
v 0.01059655 -0.07439034 0.01580857
v 0.00804163 -0.07969209 0.00642357
v 0.00804163 -0.07969209 0.01876472
v -0.01101168 -0.05085879 0.01633209
v -0.01101168 -0.05085879 0.00885620
v -0.00913758 -0.03808541 0.01440970
v -0.00913758 -0.03808541 0.01077860
v 0.01129019 -0.05165360 0.00916931
v 0.01129019 -0.05165360 0.01601898
v -0.00820663 -0.07860798 0.00629697
v -0.00820663 -0.07860798 0.01889132
v 0.00962229 -0.04852209 0.01814958
v 0.00962229 -0.04852209 0.00703872
v -0.00730070 -0.04930541 0.00399091
v -0.00754411 -0.08018797 0.00597812
v -0.01236661 -0.06258721 0.01514586
v 0.01052883 -0.06503889 0.01914138
v 0.01052883 -0.06503889 0.00604691
v 0.00726198 -0.04047946 0.00622572
v 0.00726198 -0.04047946 0.01896257
v -0.00567551 -0.03553712 0.00565662
v -0.00872335 -0.04930541 0.01975322
v -0.00872335 -0.04930541 0.00543507
v -0.01010391 -0.06046493 0.02034715
v -0.01010391 -0.06046493 0.00484114
v -0.00565598 -0.08064434 0.01053653
v -0.00565598 -0.03389599 0.01053653
v -0.00977265 -0.04598255 0.01664210
v -0.00977265 -0.04598255 0.00854619
v 0.01026773 -0.07826285 0.01089893
v 0.00909337 -0.04170109 0.01636022
v 0.01079909 -0.04930541 0.00931829
v 0.00758226 -0.03383040 0.01691189
v -0.00892223 -0.08060576 0.01699411
v -0.00892223 -0.08060578 0.00819416
v 0.01106812 -0.04930541 0.01039255
v 0.00947527 -0.04049242 0.01447847
v 0.00947527 -0.04049242 0.01070982
v -0.01026497 -0.04852210 0.01684602
v -0.01026497 -0.04852210 0.00834227
v -0.01180170 -0.05675223 0.00815232
v -0.01180170 -0.05675224 0.01703597
v 0.00898844 -0.07278481 0.01949121
v 0.00898844 -0.07278481 0.00569708
v 0.00830152 -0.04399563 0.01854293
v 0.00830152 -0.04399563 0.00664537
v 0.00840828 -0.07860796 0.00656886
v 0.00840828 -0.07860798 0.01861942
v -0.00943917 -0.03928122 0.01166482
v -0.00943917 -0.03928122 0.01352348
v 0.00810242 -0.04399563 0.01881136
v 0.00810242 -0.04399563 0.00637694
v -0.00984486 -0.06046493 0.00451468
v -0.00984486 -0.06046493 0.02067361
v 0.01108255 -0.07114567 0.01595600
v 0.00785290 -0.03383688 0.01640691
v -0.00836425 -0.06642407 0.02152454
v -0.00836425 -0.06642407 0.00366376
v -0.01207461 -0.06503889 0.01540957
v -0.01207461 -0.06503889 0.00977872
v 0.00993991 -0.06376472 0.02022131
v 0.00993991 -0.06376472 0.00496698
v 0.01099592 -0.06149207 0.01894265
v 0.01099592 -0.06149207 0.00624564
v -0.01024993 -0.05675223 0.00524916
v -0.01024993 -0.05675224 0.01993913
v -0.01145541 -0.05499617 0.01733913
v -0.01145541 -0.05499617 0.00784916
v -0.00687632 -0.07592252 0.02094632
v -0.00928116 -0.03809415 0.01339750
v 0.01156510 -0.06149206 0.01783425
v 0.01156510 -0.06149206 0.00735404
v -0.00981191 -0.07278481 0.00692923
v -0.00981191 -0.07278481 0.01825906
v 0.00983498 -0.04288028 0.01063786
v 0.00983498 -0.04288028 0.01455045
v 0.01029740 -0.07734167 0.01499518
v 0.01029740 -0.07734165 0.01019311
v -0.01029264 -0.05329410 0.01899450
v -0.01029264 -0.05329410 0.00619379
v -0.00605701 -0.03482242 0.00611806
v -0.01102959 -0.06046493 0.00622621
v -0.01102959 -0.06046493 0.01896208
v 0.01036024 -0.05949143 0.02001819
v 0.01036024 -0.05949145 0.00517010
v 0.00681825 -0.03570223 0.01259887
v 0.00681825 -0.07883810 0.01259886
v 0.00803653 -0.04502755 0.00599872
v 0.00803653 -0.04502752 0.01918957
v 0.01192870 -0.05949143 0.01708378
v -0.00959839 -0.07969209 0.00933592
v -0.00959839 -0.07969207 0.01585235
v 0.01072932 -0.05246569 0.00730300
v 0.01072932 -0.05246569 0.01788529
v 0.01080436 -0.04771623 0.01091748
v 0.01017356 -0.06642407 0.01939189
v -0.00648039 -0.04502755 0.02072198
v 0.00736303 -0.07992584 0.01949038
v -0.00849175 -0.04399563 0.01826814
v -0.00849175 -0.04399563 0.00692015
v -0.00606128 -0.04243063 0.00469465
v 0.00933168 -0.04049060 0.01009453
v 0.00933168 -0.04049060 0.01509377
v 0.00838853 -0.07734167 0.00615738
v 0.00838853 -0.07734167 0.01903091
v 0.01022542 -0.06792558 0.01895271
v 0.01022542 -0.06792558 0.00623557
v -0.00958985 -0.07439032 0.01813084
v -0.00895234 -0.07114567 0.00524714
v -0.00895234 -0.07114567 0.01994115
v 0.00858314 -0.03490445 0.01487889
v 0.00858314 -0.03490445 0.01030941
v 0.00353592 -0.07883810 0.01845655
v -0.00810214 -0.03394549 0.01589460
v -0.01073820 -0.05499617 0.01879385
v -0.01073820 -0.05499617 0.00639444
v 0.01034538 -0.05855732 0.02000754
v 0.01034538 -0.05855732 0.00518075
v -0.00980725 -0.04771623 0.00775774
v -0.00980725 -0.04771623 0.01743056
v 0.01197606 -0.06503889 0.01580312
v 0.01197606 -0.06503889 0.00938517
v -0.00983836 -0.05855732 0.00452000
v -0.00983836 -0.05855732 0.02066830
v -0.00754516 -0.08018120 0.01921107
v 0.00855974 -0.07439032 0.01961896
v 0.00855974 -0.07439032 0.00556933
v -0.00592058 -0.03572220 0.01935834
v -0.00592058 -0.03572220 0.00582994
v -0.00842547 -0.08072432 0.00735486
v -0.00892511 -0.04048585 0.01628921
v -0.00892511 -0.04048587 0.00889908
v -0.00685091 -0.07603670 0.00424629
v -0.00685091 -0.04707259 0.00424629
v -0.00820646 -0.03578919 0.01628616
v -0.00820646 -0.03578919 0.00890213
v 0.00665514 -0.07790314 0.00450934
v 0.00698640 -0.07925543 0.00513484
v -0.01219807 -0.06258721 0.01586261
v -0.01219807 -0.06258721 0.00932568
v 0.01132818 -0.05246569 0.00874876
v 0.01132818 -0.05246569 0.01643953
v -0.00963033 -0.08004508 0.00967282
v -0.00616948 -0.03469075 0.00625155
v 0.01219690 -0.05949143 0.01629404
v 0.01219690 -0.05949145 0.00889426
v -0.00420754 -0.03428328 0.01720620
v 0.00994884 -0.04502755 0.01561208
v 0.00994884 -0.04502755 0.00957621
v -0.01150260 -0.06258721 0.00738237
v -0.01150260 -0.06258723 0.01780591
v -0.00611763 -0.03428328 0.01134959
v -0.00611763 -0.08025706 0.01134958
v 0.01118665 -0.07114567 0.01559160
v 0.01118665 -0.07114567 0.00959669
v -0.00932165 -0.06503889 0.00441927
v -0.01010252 -0.04771623 0.00840955
v -0.01010252 -0.04771623 0.01677874
v 0.01134343 -0.05329410 0.01686350
v 0.01134343 -0.05329412 0.00832479
v -0.00959007 -0.05165360 0.00572200
v -0.00959007 -0.05165360 0.01946629
v 0.01246228 -0.06046493 0.00997611
v 0.00810220 -0.03394569 0.01589406
v -0.00782762 -0.03475059 0.01673319
v -0.00782762 -0.03475059 0.00845510
v 0.00578459 -0.04047985 0.02032771
v -0.00680294 -0.07874652 0.02035140
v 0.00938310 -0.04930541 0.01886373
v 0.00938310 -0.04930541 0.00632456
v 0.00948315 -0.07734167 0.01727074
v -0.01181883 -0.06258723 0.00814587
v -0.01181883 -0.06258723 0.01704243
v -0.00948231 -0.05413792 0.00481220
v -0.00948231 -0.05413793 0.02037609
v -0.00772046 -0.04598255 0.00536314
v -0.00772046 -0.04598253 0.01982515
v -0.01123744 -0.05007977 0.01482942
v -0.01123744 -0.05007977 0.01035887
v 0.01080819 -0.05855732 0.01931510
v 0.01080819 -0.05855730 0.00587319
v 0.00549215 -0.03614221 0.00540547
v -0.00859468 -0.07734167 0.01875300
v -0.00859468 -0.07734167 0.00643529
v 0.00912199 -0.03696089 0.01176981
v -0.00845070 -0.04502755 0.00653846
v -0.00845070 -0.04502752 0.01864983
v -0.01001245 -0.07734167 0.01599291
v -0.01001245 -0.07734165 0.00919539
v -0.00842569 -0.08072316 0.01783356
v -0.01096780 -0.06792558 0.00762470
v -0.01096780 -0.06792558 0.01756359
v 0.00661161 -0.04287982 0.00505499
v 0.00661161 -0.04287982 0.02013330
v -0.00643202 -0.03437209 0.00658005
v 0.01129075 -0.05007977 0.01453622
v -0.00919924 -0.06642405 0.00452661
v -0.00919924 -0.06642407 0.02066167
v 0.01102232 -0.05855730 0.01895790
v 0.01102232 -0.05855730 0.00623039
v -0.00867398 -0.05413792 0.00392016
v -0.00867398 -0.05413792 0.02126813
v 0.00772435 -0.03385403 0.01666225
v 0.00772435 -0.03385403 0.00852605
v -0.00896742 -0.05764816 0.00362672
v -0.00896742 -0.05764816 0.02156157
v 0.00859308 -0.05764816 0.02191912
v -0.00892960 -0.06258721 0.00366455
v -0.00892960 -0.06258721 0.02152374
v -0.00914190 -0.08060576 0.01651407
v -0.00877952 -0.03587706 0.01463364
v -0.00877952 -0.03587706 0.01055465
v -0.00954149 -0.07592252 0.01769418
v -0.00954149 -0.07592252 0.00749410
v 0.00586368 -0.03517455 0.01931018
v -0.01144669 -0.05085879 0.01055276
v 0.00710698 -0.04502755 0.02018219
v 0.00710698 -0.04502755 0.00500610
v 0.01072400 -0.06258723 0.01926277
v 0.01072400 -0.06258723 0.00592553
v -0.00979100 -0.07969209 0.00997064
v -0.00979100 -0.07969209 0.01521763
v -0.00755453 -0.05007977 0.00397987
v -0.00755453 -0.05007977 0.02120842
v -0.00685479 -0.04287982 0.00527535
v -0.00685479 -0.04287982 0.01991294
v 0.00706976 -0.03684341 0.00679739
v 0.00706976 -0.03684341 0.01839090
v 0.00803182 -0.04048040 0.00722931
v 0.00803182 -0.04048039 0.01795900
v -0.00878501 -0.07439032 0.00585317
v -0.00878501 -0.07439034 0.01933511
v 0.00862541 -0.03585083 0.00999084
v 0.00862541 -0.03585083 0.01519746
v 0.00976866 -0.07734167 0.00854782
v 0.00976866 -0.07734167 0.01664045
v 0.00978757 -0.06792558 0.00558047
v 0.00978757 -0.06792558 0.01960782
v 0.00821362 -0.03803951 0.01697397
v 0.00821362 -0.03803951 0.00821432
v 0.00808246 -0.08062674 0.00680232
v 0.00922570 -0.05085879 0.00551500
v 0.00922570 -0.05085878 0.01967329
v -0.00647900 -0.04399563 0.02048881
v -0.00647900 -0.04399563 0.00469948
v -0.00845924 -0.03689371 0.00910492
v -0.00845924 -0.03689371 0.01608338
v -0.00997097 -0.05413792 0.00544906
v -0.00997097 -0.05413793 0.01973923
v -0.00945242 -0.05085879 0.00582066
v -0.00945242 -0.05085879 0.01936763
v -0.01030162 -0.04598255 0.01019214
v -0.01030162 -0.04598253 0.01499615
v -0.00842752 -0.03429430 0.01512515
v -0.00822132 -0.04771623 0.00538423
v -0.00822132 -0.04771623 0.01980406
v -0.00799621 -0.07860796 0.00603182
v -0.00799621 -0.07860798 0.01915647
v 0.00635944 -0.03802534 0.00579798
v -0.00865163 -0.05949145 0.02195231
v 0.01245696 -0.05855732 0.01519705
v 0.00981480 -0.06149206 0.02064896
v 0.00981480 -0.06149206 0.00453933
v 0.00853429 -0.03583586 0.00971368
v 0.00853429 -0.03583586 0.01547463
v 0.00863434 -0.06046493 0.00323367
v 0.00836591 -0.04048163 0.01742199
v 0.00836591 -0.04048163 0.00776630
v -0.01155550 -0.05246569 0.00949787
v -0.01155550 -0.05246569 0.01569042
v 0.01149002 -0.05165360 0.01527326
v 0.01149002 -0.05165360 0.00991504
v 0.00828539 -0.05329410 0.02144037
v 0.00828539 -0.05329410 0.00374792
v 0.00940362 -0.03928012 0.01383165
v 0.00940362 -0.03928012 0.01135665
v -0.00810014 -0.03394629 0.00928839
v 0.01144670 -0.05085879 0.01055276
v 0.00943534 -0.04852210 0.00672688
v 0.00943534 -0.04852209 0.01846142
v 0.00855503 -0.05586794 0.00346003
v 0.00855503 -0.05586794 0.02172825
v 0.00871121 -0.03493745 0.01434600
v 0.00516311 -0.08077645 0.01551979
v 0.00516311 -0.03376390 0.01551979
v -0.00899875 -0.03807698 0.01018663
v -0.00899875 -0.03807698 0.01500167
v 0.01171635 -0.05764816 0.00774107
v 0.01171635 -0.05764816 0.01744722
v 0.01166693 -0.06258721 0.01742675
v 0.01166693 -0.06258721 0.00776154
v -0.00624923 -0.03924612 0.00546584
v -0.00624923 -0.03924612 0.01972246
v -0.00922264 -0.05413790 0.00450609
v -0.00922264 -0.05413790 0.02068221
v 0.00925599 -0.05764816 0.02126334
v 0.00716959 -0.07967669 0.00542454
v 0.00598913 -0.03489935 0.00604131
v -0.00781646 -0.04502755 0.00573928
v -0.00781646 -0.04502755 0.01944901
v 0.00670778 -0.07734165 0.02076761
v 0.00670778 -0.07734165 0.00442068
v -0.01062761 -0.05586794 0.01920282
v -0.00745409 -0.04399563 0.00561263
v 0.00956895 -0.05855730 0.00420238
v 0.00956895 -0.05855730 0.02098591
v -0.00848448 -0.04930541 0.00515345
v -0.00848448 -0.04930541 0.02003484
v 0.00973183 -0.05413792 0.02006165
v 0.00973183 -0.05413790 0.00512663
v 0.01163094 -0.06792558 0.01571064
v 0.01163094 -0.06792558 0.00947765
v 0.01106298 -0.06951268 0.00843034
v 0.01106298 -0.06951270 0.01675795
v -0.01226317 -0.05586794 0.01508724
v -0.00789638 -0.07592252 0.00519836
v -0.00789638 -0.07592252 0.01998992
v 0.01207545 -0.05499617 0.01540977
v 0.01207545 -0.05499617 0.00977853
v 0.00991402 -0.07946481 0.01490578
v 0.00759641 -0.08025706 0.01912648
v 0.00891475 -0.03807193 0.01529360
v 0.00891475 -0.03807193 0.00989470
v 0.01078884 -0.04771623 0.01081288
v 0.01078884 -0.04771623 0.01437541
v -0.00394770 -0.07790314 0.01913501
v 0.01145136 -0.06642405 0.01690412
v 0.01145136 -0.06642407 0.00828417
v -0.00713342 -0.07592252 0.02072825
v -0.00713342 -0.07592252 0.00446005
v -0.00862013 -0.05675223 0.00339055
v -0.00862013 -0.05675226 0.02179773
v 0.01092061 -0.05675223 0.00628912
v 0.01092061 -0.05675223 0.01889917
v -0.00668320 -0.07755584 0.02073762
v -0.01134342 -0.05329410 0.01686350
v -0.01134342 -0.05329410 0.00832479
v 0.00647330 -0.04502755 0.00446069
v -0.00808206 -0.07439034 0.00502446
v -0.00808206 -0.07439034 0.02016381
v -0.00964380 -0.04771623 0.00743941
v -0.00964380 -0.04771623 0.01774888
v -0.01037465 -0.04598253 0.01465781
v -0.01037465 -0.04598253 0.01053048
v -0.01137393 -0.05764816 0.00698514
v -0.01137393 -0.05764816 0.01820315
v -0.00913746 -0.06951268 0.00509522
v -0.00913746 -0.06951270 0.02009307
v -0.01038685 -0.07114567 0.00747190
v -0.01038685 -0.07114567 0.01771638
v -0.00833767 -0.04287984 0.00702319
v -0.00833767 -0.04287984 0.01816511
v -0.00948702 -0.04598253 0.00791564
v -0.00948702 -0.04598253 0.01727264
v 0.00783007 -0.07439032 0.00476406
v 0.00783007 -0.07439032 0.02042421
v 0.00808629 -0.08060576 0.00679958
v 0.00808629 -0.08060576 0.01838869
v 0.01047283 -0.04598255 0.01407274
v -0.01042956 -0.05085879 0.01773745
v -0.01042956 -0.05085878 0.00745084
v 0.01093526 -0.05499617 0.01843918
v 0.01093526 -0.05499617 0.00674911
v -0.00859878 -0.06149207 0.00325388
v -0.00579373 -0.03684267 0.01966650
v -0.00579373 -0.03684268 0.00552180
v -0.00839197 -0.04598255 0.00615477
v -0.00839197 -0.04598255 0.01903354
v -0.01160270 -0.05165360 0.01046419
v 0.01093648 -0.06258721 0.00627997
v 0.01093648 -0.06258721 0.01890832
v -0.00705472 -0.03389599 0.01774491
v 0.00624514 -0.03684235 0.00591546
v 0.00624514 -0.03684236 0.01927285
v -0.00809792 -0.03394424 0.00928394
v 0.00841938 -0.03428328 0.01004268
v 0.00401538 -0.03663720 0.01917337
v 0.00401538 -0.03663720 0.00600820
v 0.00885679 -0.05007977 0.01986275
v -0.01088344 -0.05085879 0.01669036
v -0.01088344 -0.05085879 0.00849793
v 0.00847612 -0.05499617 0.00354429
v 0.00847612 -0.05499617 0.02164400
v -0.00758486 -0.03382964 0.00827946
v -0.00758486 -0.03382964 0.01690883
v -0.00566074 -0.03802638 0.00520697
v -0.00566074 -0.03802638 0.01998132
v 0.01143123 -0.05949145 0.00695685
v 0.01143123 -0.05949145 0.01823143
v 0.00577783 -0.04047985 0.00485558
v -0.00908987 -0.05007979 0.00561924
v -0.00908987 -0.05007977 0.01956905
v 0.00907641 -0.03663720 0.01343332
v -0.00805277 -0.03924971 0.00759214
v 0.00875796 -0.07278481 0.00540665
v 0.00875796 -0.07278481 0.01978164
v -0.00670333 -0.03924600 0.00589083
v 0.00929542 -0.06046493 0.00388801
v -0.01123200 -0.06046493 0.00659051
v -0.01123200 -0.06046493 0.01859778
v -0.00777725 -0.07860796 0.01941461
v -0.00777725 -0.07860796 0.00577368
v 0.00862109 -0.08077645 0.01747924
v 0.00884620 -0.05329410 0.02087953
v 0.00884620 -0.05329410 0.00430876
v -0.00984473 -0.04502755 0.01593597
v -0.00984473 -0.04502755 0.00925232
v 0.00845271 -0.07114567 0.02051101
v 0.00845271 -0.07114567 0.00467728
v 0.01087037 -0.05329410 0.01795482
v 0.01087037 -0.05329410 0.00723347
v 0.00702884 -0.03469859 0.01796656
v 0.00702884 -0.03469859 0.00722173
v 0.00705385 -0.03389599 0.01774440
v 0.00683545 -0.07617755 0.02092318
v 0.00797870 -0.03387403 0.01615369
v 0.01195810 -0.06258721 0.01665337
v 0.01195810 -0.06258721 0.00853492
v -0.01081838 -0.05413792 0.00681159
v -0.01081838 -0.05413792 0.01837670
v 0.00982168 -0.07969207 0.01009318
v 0.01059646 -0.06642407 0.00647628
v 0.01059646 -0.06642407 0.01871202
v 0.00957827 -0.04049372 0.01385494
v 0.00957827 -0.04049372 0.01133337
v 0.00671100 -0.07689979 0.00432573
v 0.01200874 -0.05764816 0.00851774
v 0.01200874 -0.05764816 0.01667056
v -0.00561398 -0.03924720 0.02023103
v 0.01018467 -0.07860798 0.01439686
v 0.00804825 -0.03389599 0.01600141
v -0.00785656 -0.04852209 0.00473759
v -0.00785656 -0.04852209 0.02045070
v -0.01217942 -0.05855732 0.01628873
v -0.01217942 -0.05855730 0.00889956
v 0.00991624 -0.07945293 0.01028199
v -0.01007411 -0.07860798 0.01024519
v -0.01007411 -0.07860798 0.01494309
v 0.00650541 -0.03428328 0.01850828
v -0.00809997 -0.03394483 0.01589982
v -0.00904922 -0.06503889 0.00411862
v -0.00904922 -0.06503889 0.02106968
v -0.00778701 -0.06958417 0.00371479
v 0.00794942 -0.05085879 0.00410665
v 0.00794942 -0.05085878 0.02108164
v 0.01117296 -0.07278481 0.01446946
v 0.01010475 -0.05007977 0.00719304
v 0.01010475 -0.05007977 0.01799526
v 0.00893039 -0.06642407 0.00422991
v -0.00681824 -0.07883812 0.01258351
v -0.00666206 -0.07790314 0.02067309
v 0.00718136 -0.07969209 0.00544093
v 0.00805618 -0.08060576 0.00675900
v 0.00698797 -0.07924347 0.02005513
v -0.00636802 -0.04047938 0.01985649
v -0.00636802 -0.04047938 0.00533180
v 0.00948066 -0.05675223 0.02090849
v 0.00948066 -0.05675224 0.00427980
v -0.00983497 -0.04288028 0.01063786
v -0.00983497 -0.04288028 0.01455045
v -0.01194638 -0.05413792 0.01537967
v -0.01194638 -0.05413792 0.00980863
v -0.01140282 -0.07114567 0.01057767
v 0.00766330 -0.04047973 0.01847329
v 0.00766330 -0.04047973 0.00671499
v 0.00932510 -0.07734167 0.01757852
v 0.00932510 -0.07734165 0.00760975
v 0.01069956 -0.07114567 0.01702605
v 0.01069956 -0.07114569 0.00816224
v 0.00894442 -0.04687424 0.01857061
v 0.00894442 -0.04687424 0.00661769
v 0.00669575 -0.07734167 0.02077715
v -0.00764731 -0.03574139 0.01731991
v -0.00764731 -0.03574138 0.00786839
v 0.01165002 -0.05675224 0.00776854
v 0.01165002 -0.05675226 0.01741975
v 0.00889562 -0.03589693 0.01405884
v 0.00889562 -0.03589693 0.01112946
v -0.00979532 -0.07860796 0.01591919
v -0.00979532 -0.07860798 0.00926909
v -0.01061362 -0.04687424 0.01434648
v -0.01061362 -0.04687424 0.01084182
v -0.00942035 -0.07278481 0.01888860
v -0.00942035 -0.07278481 0.00629969
v 0.01191945 -0.06046493 0.01708030
v 0.01191945 -0.06046493 0.00810799
v 0.00806511 -0.03803547 0.00794808
v 0.00806511 -0.03803547 0.01724022
v -0.00862667 -0.05855730 0.00323803
v -0.01092536 -0.07439032 0.01439793
v -0.01092536 -0.07439034 0.01079035
v 0.00867151 -0.03691343 0.00966097
v 0.00867151 -0.03691343 0.01552732
v 0.01030829 -0.05764816 0.01998095
v 0.01030829 -0.05764816 0.00520732
v 0.00624165 -0.03460716 0.00633583
v -0.00747671 -0.07734167 0.02007085
v -0.00747671 -0.07734167 0.00511743
v -0.00870719 -0.03586470 0.01491711
v -0.00870719 -0.03586470 0.01027119
v -0.00870719 -0.07114567 0.02023016
v -0.00870719 -0.07114567 0.00495813
v -0.00783237 -0.05007977 0.00423161
v -0.00783237 -0.05007977 0.02095668
v -0.01106812 -0.04930541 0.01039255
v 0.01198961 -0.06376472 0.00895714
v 0.01198961 -0.06376472 0.01623115
v 0.00746054 -0.05007977 0.00390015
v -0.01203628 -0.05413790 0.01495867
v -0.00995598 -0.04288035 0.01377989
v -0.00891888 -0.03575225 0.01376537
v -0.00558919 -0.03570223 0.00555996
v 0.00958476 -0.05499618 0.02046017
v 0.00958476 -0.05499618 0.00472811
v -0.01079908 -0.04930541 0.00931829
v -0.01079908 -0.04930541 0.01587000
v 0.00779851 -0.03575074 0.01706831
v 0.00779851 -0.03575074 0.00811998
v 0.01027901 -0.04930541 0.00793678
v 0.01027901 -0.04930541 0.01725151
v 0.00613733 -0.03572297 0.01916410
v 0.00613733 -0.03572297 0.00602419
v -0.01130421 -0.06642407 0.00791179
v -0.00736202 -0.07993265 0.00569885
v 0.01008623 -0.07439032 0.00802411
v 0.01008623 -0.07439032 0.01716418
v 0.00605070 -0.03483063 0.00610934
v -0.01186546 -0.05499617 0.01619348
v -0.01186546 -0.05499617 0.00899481
v 0.01236662 -0.06258721 0.01514586
v -0.00807334 -0.03686670 0.01689050
v -0.00807334 -0.03686670 0.00829780
v -0.00747976 -0.04598255 0.02007391
v -0.00747976 -0.04598255 0.00511439
v 0.00743187 -0.03381159 0.01715958
v 0.00743187 -0.03381159 0.00802872
v -0.00962228 -0.04852209 0.01814957
v -0.00962228 -0.04852209 0.00703872
v -0.01035313 -0.07592252 0.00945357
v -0.01035313 -0.07592252 0.01573473
v 0.01101169 -0.05085879 0.01633209
v 0.01101169 -0.05085878 0.00885620
v -0.01047148 -0.04598253 0.01110647
v 0.01227389 -0.06376472 0.01008308
v 0.00900704 -0.04399563 0.01740853
v 0.00900704 -0.04399563 0.00777977
v 0.00923276 -0.07969209 0.00841082
v 0.00923276 -0.07969207 0.01677746
v 0.00894542 -0.03590546 0.01147252
v 0.01021373 -0.07114567 0.00713477
v 0.01021373 -0.07114567 0.01805352
v 0.01053867 -0.07689979 0.01106833
v 0.00559111 -0.03572555 0.01963222
v 0.00949547 -0.04288014 0.00937093
v 0.00949547 -0.04288013 0.01581737
v -0.01177539 -0.05949145 0.01747168
v -0.01177539 -0.05949145 0.00771661
v 0.00714675 -0.04852210 0.02109958
v -0.01055711 -0.06149207 0.01964817
v -0.01055711 -0.06149207 0.00554012
v 0.00844007 -0.05586794 0.02183243
v -0.00866410 -0.04048352 0.01686457
v -0.00866410 -0.04048352 0.00832373
v 0.01069607 -0.07439032 0.01546015
v 0.01069607 -0.07439032 0.00972812
v -0.00466517 -0.03389599 0.00879151
v -0.00648925 -0.04169916 0.01999400
v -0.00648925 -0.04169916 0.00519429
v 0.00665444 -0.03469363 0.01842670
v 0.00665444 -0.03469363 0.00676161
v -0.01096829 -0.04852210 0.01082440
v 0.00682952 -0.04047944 0.01942453
v 0.00682952 -0.04047943 0.00576378
v 0.00807282 -0.03686685 0.01689112
v 0.00807282 -0.03686685 0.00829718
v -0.01025574 -0.05085879 0.00711233
v -0.01011176 -0.05949145 0.02035318
v -0.01011176 -0.05949145 0.00483511
v -0.01112995 -0.04930541 0.01073260
v -0.01234762 -0.05675223 0.01004122
v -0.00982382 -0.07969209 0.01508658
v 0.00862980 -0.03473116 0.01059441
v 0.01208456 -0.06258723 0.00892834
v 0.01208456 -0.06258723 0.01625995
v 0.00666847 -0.07768389 0.00446859
v -0.00972987 -0.05007977 0.01864455
v -0.00972987 -0.05007977 0.00654374
v 0.00687467 -0.03684266 0.00656659
v 0.00687467 -0.03684266 0.01862170
v -0.00707429 -0.03764055 0.01214700
v -0.00707429 -0.07689977 0.01214699
v 0.00731879 -0.04287982 0.00573932
v 0.00731879 -0.04287982 0.01944897
v -0.01117204 -0.05165360 0.01638654
v -0.01117204 -0.05165360 0.00880175
v -0.00992265 -0.05007977 0.00686530
v -0.00992265 -0.05007977 0.01832299
v 0.00725717 -0.03684475 0.00703438
v 0.00725717 -0.03684475 0.01815391
v -0.00985249 -0.05949143 0.02067989
v -0.00985249 -0.05949145 0.00450840
v -0.00962128 -0.07278481 0.01857703
v -0.00962128 -0.07278481 0.00661126
v 0.00825767 -0.08068041 0.01811173
v -0.00975854 -0.04170341 0.01130948
v -0.00975854 -0.04170341 0.01387882
v -0.00848413 -0.03804948 0.01642868
v -0.00848413 -0.03804948 0.00875961
v 0.00941983 -0.06376472 0.00433315
v 0.00941983 -0.06376472 0.02085514
v 0.00810820 -0.08064434 0.01834184
v -0.01172598 -0.06376472 0.01700748
v -0.01172598 -0.06376472 0.00818081
v 0.01234993 -0.05675223 0.01513641
v 0.00565943 -0.03802675 0.01998284
v 0.00565943 -0.03802675 0.00520545
v 0.01229381 -0.05855730 0.01588826
v 0.01229381 -0.05855730 0.00930003
v -0.00672800 -0.04169915 0.01977770
v -0.00672800 -0.04169915 0.00541060
v 0.00948305 -0.08028352 0.01581320
v 0.00599109 -0.04169928 0.02040273
v 0.00599109 -0.04169928 0.00478557
v -0.01054451 -0.05764816 0.01963975
v -0.01054451 -0.05764816 0.00554854
v 0.00882114 -0.03806649 0.00960580
v 0.00882114 -0.03806649 0.01558249
v -0.00876376 -0.03692287 0.01524431
v -0.00876376 -0.03692287 0.00994400
v -0.00730816 -0.04930541 0.02119103
v 0.01190132 -0.05329410 0.01488220
v -0.00936954 -0.07592252 0.00718464
v 0.01007115 -0.07900320 0.01059085
v -0.01042494 -0.06951268 0.01816640
v -0.01042494 -0.06951270 0.00702189
v -0.01084954 -0.05007977 0.00891124
v -0.01084954 -0.05007977 0.01627705
v -0.00866920 -0.05764816 0.00333815
v -0.00866920 -0.05764816 0.02185014
v -0.00732585 -0.04852210 0.02094766
v -0.00732585 -0.04852210 0.00424063
v 0.00904137 -0.04048711 0.01599551
v 0.00904137 -0.04048711 0.00919278
v 0.00660541 -0.03421463 0.00680526
v 0.00776757 -0.05157169 0.02145135
v 0.00776757 -0.06978509 0.02145135
v -0.00798105 -0.04771623 0.02006923
v -0.00798105 -0.04771623 0.00511906
v 0.00697450 -0.04598253 0.02054703
v 0.00697450 -0.04598253 0.00464126
v -0.01205990 -0.06046493 0.01668792
v -0.01205990 -0.06046493 0.00850037
v 0.00979845 -0.04687424 0.00815452
v 0.00979845 -0.04687424 0.01703377
v 0.01002966 -0.07114567 0.00680351
v 0.01002966 -0.07114567 0.01838479
v -0.01058539 -0.05007979 0.00820953
v -0.01058539 -0.05007977 0.01697876
v -0.00926705 -0.06149206 0.00391458
v -0.00926705 -0.06149207 0.02127371
v -0.01161578 -0.05413792 0.00865113
v -0.01161578 -0.05413790 0.01653716
v 0.01061105 -0.07592252 0.01470483
v 0.01061105 -0.07592252 0.01048346
v -0.00867957 -0.06149206 0.02186120
v -0.00867957 -0.06149207 0.00332709
v -0.01130953 -0.05675223 0.00701689
v -0.01130953 -0.05675223 0.01817140
v -0.00907306 -0.03808150 0.01470693
v -0.00907306 -0.03808150 0.01048136
v 0.01043657 -0.04598253 0.01431724
v 0.01043657 -0.04598253 0.01087106
v -0.00838552 -0.05413792 0.02154726
v -0.00838552 -0.05413792 0.00364103
v 0.00851916 -0.05675223 0.00329907
v -0.01205197 -0.05855730 0.00850306
v -0.01205197 -0.05855730 0.01668523
v 0.00678294 -0.03409257 0.00704332
v 0.01104968 -0.06376472 0.00668794
v 0.01104968 -0.06376472 0.01850035
v -0.00681646 -0.07883810 0.02031545
v 0.00863263 -0.06258723 0.00337717
v 0.00863263 -0.06258723 0.02181111
v 0.01218744 -0.06046493 0.01629115
v 0.01218744 -0.06046493 0.00889714
v 0.00731491 -0.03573020 0.00737150
v 0.00731491 -0.03573020 0.01781679
v -0.00898338 -0.03694617 0.01437754
v -0.00898338 -0.03694617 0.01081075
v 0.01043230 -0.07734167 0.01431654
v 0.01043230 -0.07734167 0.01087175
v 0.01165059 -0.05246569 0.01531069
v 0.01165059 -0.05246569 0.00987760
v -0.00679044 -0.03408766 0.00705270
v 0.01200054 -0.06642405 0.01498121
v 0.01200054 -0.06642405 0.01020708
v 0.00655944 -0.03572297 0.01874200
v 0.00655944 -0.03572297 0.00644629
v -0.01036355 -0.07439032 0.00869359
v -0.01036355 -0.07439032 0.01649470
v -0.00698383 -0.04771623 0.02100725
v -0.00646528 -0.03684141 0.00612886
v -0.00646528 -0.03684141 0.01905943
v 0.00748429 -0.03573513 0.00761667
v 0.00516058 -0.03376390 0.00966401
v -0.00577775 -0.04047978 0.00485563
v 0.00842805 -0.07969209 0.01822557
v 0.00842805 -0.07969207 0.00696271
v -0.00856998 -0.03690359 0.01580704
v -0.00856998 -0.03690359 0.00938126
v 0.00937790 -0.06951270 0.01979007
v 0.00937790 -0.06951270 0.00539822
v -0.01056243 -0.04771623 0.01542433
v -0.01056243 -0.04771623 0.00976396
v -0.00676421 -0.03572220 0.00667357
v -0.00676421 -0.03572220 0.01851472
v -0.01231146 -0.05949145 0.00929530
v -0.01231146 -0.05949145 0.01589299
v 0.01078409 -0.07439032 0.01510866
v 0.01078409 -0.07439032 0.01007964
v 0.00940353 -0.07439034 0.00674665
v 0.00940353 -0.07439034 0.01844163
v -0.01040564 -0.05586794 0.00564133
v -0.01040564 -0.05586794 0.01954696
v 0.00944135 -0.03928128 0.01169138
v -0.00757498 -0.07114567 0.00383516
v -0.01046726 -0.07278481 0.01692982
v -0.01046726 -0.07278481 0.00825847
v -0.00950520 -0.08025706 0.00942614
v -0.00796175 -0.03477014 0.00871055
v -0.00796175 -0.03477014 0.01647776
v -0.00864258 -0.06046493 0.02194717
v 0.00409542 -0.07689977 0.01937055
v 0.00409542 -0.07689979 0.00581083
v 0.00864340 -0.05949145 0.00322853
v 0.01206704 -0.05675224 0.01625464
v 0.01206704 -0.05675224 0.00893365
v -0.00602421 -0.03684186 0.00571662
v -0.00602421 -0.03684186 0.01947168
v -0.00992858 -0.05586794 0.00497567
v -0.00992858 -0.05586793 0.02021262
v 0.00605126 -0.03483643 0.01907951
v -0.00982853 -0.06951268 0.01916134
v -0.00982853 -0.06951268 0.00602694
v 0.01215488 -0.06503890 0.01015065
v -0.00934719 -0.08041546 0.00907611
v 0.00851955 -0.04048250 0.01714570
v 0.00851955 -0.04048250 0.00804259
v -0.00920932 -0.07278481 0.01919344
v -0.00920932 -0.07278481 0.00599485
v 0.01001907 -0.05165360 0.01882440
v 0.01001907 -0.05165360 0.00636389
v 0.00853236 -0.03450948 0.01486226
v 0.00719573 -0.03802597 0.00669179
v 0.00719573 -0.03802597 0.01849650
v -0.00714733 -0.07964100 0.01979482
v 0.01171259 -0.05586794 0.01700245
v 0.01171259 -0.05586793 0.00818584
v -0.00922091 -0.03764055 0.01336336
v -0.01206927 -0.05949145 0.00849720
v -0.01206927 -0.05949145 0.01669109
v -0.00950786 -0.08025706 0.01575383
v 0.01206926 -0.05949145 0.00849720
v 0.01206926 -0.05949145 0.01669109
v 0.00922090 -0.03764055 0.01336336
v 0.00714732 -0.07964100 0.01979482
v -0.00821392 -0.03803942 0.01697363
v -0.00821392 -0.03803942 0.00821468
v -0.00949443 -0.06258721 0.00426772
v -0.00949443 -0.06258721 0.02092056
v -0.00884472 -0.04399563 0.00748765
v -0.00884472 -0.04399563 0.01770066
v -0.01001908 -0.05165360 0.01882440
v -0.01001908 -0.05165360 0.00636389
v 0.01022139 -0.04453943 0.01124847
v 0.00927215 -0.03809359 0.01350671
v 0.00927215 -0.03809359 0.01168159
v -0.01215489 -0.06503889 0.01015065
v -0.00800040 -0.04169931 0.00686173
v -0.00800040 -0.04169931 0.01832656
v 0.00992857 -0.05586794 0.00497567
v 0.00992857 -0.05586793 0.02021262
v 0.01247129 -0.05949145 0.00997100
v -0.00989890 -0.07860798 0.01559693
v -0.00989890 -0.07860798 0.00959134
v -0.00409543 -0.07689977 0.01937055
v -0.00409543 -0.07689979 0.00581083
v 0.00864257 -0.06046493 0.02194717
v 0.00771833 -0.03380041 0.00853066
v -0.01194076 -0.05675223 0.01664747
v -0.01194076 -0.05675224 0.00854082
v 0.01046725 -0.07278481 0.01692982
v 0.01046725 -0.07278481 0.00825847
v -0.01093478 -0.07439034 0.01433451
v -0.00944136 -0.03928128 0.01169138
v -0.00940354 -0.07439032 0.00674665
v -0.00940354 -0.07439032 0.01844163
v -0.00614217 -0.03572161 0.01915842
v -0.00614217 -0.03572162 0.00602987
v -0.01215794 -0.05499617 0.01502762
v 0.01056242 -0.04771623 0.01542433
v 0.01056242 -0.04771623 0.00976396
v -0.00937791 -0.06951270 0.01979007
v -0.00937791 -0.06951270 0.00539822
v -0.00842805 -0.07969209 0.00696272
v -0.00842805 -0.07969207 0.01822557
v -0.00884655 -0.03693162 0.01495820
v -0.00884655 -0.03693160 0.01023011
v -0.00989585 -0.07734167 0.01631866
v 0.00698382 -0.04771623 0.02100725
v 0.01036354 -0.07439032 0.01649470
v 0.01036354 -0.07439034 0.00869359
v -0.01218745 -0.06046493 0.01629115
v -0.01218745 -0.06046493 0.00889714
v -0.00857042 -0.05329410 0.00402373
v -0.00857042 -0.05329410 0.02116456
v -0.00863264 -0.06258721 0.02181111
v -0.00863264 -0.06258723 0.00337717
v -0.01050003 -0.06258721 0.00557827
v -0.01050003 -0.06258721 0.01961002
v -0.00920061 -0.08055453 0.01640515
v -0.01104969 -0.06376472 0.00668794
v -0.01104969 -0.06376472 0.01850034
v -0.00772610 -0.03385356 0.00852809
v -0.00772610 -0.03385356 0.01666021
v 0.01205196 -0.05855730 0.00850306
v 0.01205196 -0.05855730 0.01668523
v 0.01236431 -0.06258721 0.01003174
v 0.01175852 -0.05855732 0.00772360
v -0.00851917 -0.05675224 0.00329907
v 0.01109661 -0.04913416 0.01442621
v 0.01109661 -0.07330362 0.01442621
v 0.00838551 -0.05413792 0.02154726
v 0.00838551 -0.05413792 0.00364103
v 0.00821714 -0.03405863 0.01564581
v 0.00907305 -0.03808150 0.01470693
v 0.00907305 -0.03808150 0.01048136
v 0.01130952 -0.05675223 0.01817141
v 0.01058538 -0.05007979 0.00820953
v 0.01058538 -0.05007977 0.01697876
v 0.00985453 -0.07592252 0.01705918
v 0.00985453 -0.07592252 0.00812911
v 0.01205989 -0.06046493 0.00850037
v -0.00697451 -0.04598255 0.00464126
v -0.00697451 -0.04598253 0.02054703
v 0.00960502 -0.04502755 0.01657268
v 0.00960502 -0.04502755 0.00861562
v -0.00904138 -0.04048709 0.01599549
v -0.00904138 -0.04048709 0.00919280
v 0.00732584 -0.04852210 0.02094766
v 0.00732584 -0.04852209 0.00424063
v -0.01103383 -0.07278481 0.01516688
v -0.01103383 -0.07278481 0.01002141
v -0.01023404 -0.04771623 0.01644596
v -0.01023404 -0.04771623 0.00874233
v 0.00860696 -0.06149207 0.02192699
v 0.00774495 -0.07278481 0.02086336
v 0.00774495 -0.07278481 0.00432493
v 0.01042493 -0.06951268 0.00702189
v 0.00758268 -0.07114567 0.02134659
v 0.00955682 -0.07860798 0.01655270
v 0.00559633 -0.03570223 0.01962406
v -0.00539812 -0.03764055 0.02010871
v -0.00882115 -0.03806647 0.00960582
v -0.00882115 -0.03806647 0.01558249
v 0.01054451 -0.05764816 0.01963975
v 0.01054451 -0.05764816 0.00554854
v -0.00948306 -0.08028352 0.01581320
v -0.00926427 -0.04288004 0.01643146
v -0.00926427 -0.04288004 0.00875683
v -0.00578451 -0.04047976 0.02032766
v 0.01172597 -0.06376472 0.01700748
v 0.01172597 -0.06376472 0.00818081
v -0.00810821 -0.08064434 0.01834186
v -0.00941984 -0.06376472 0.00433315
v -0.00941984 -0.06376472 0.02085514
v 0.00975853 -0.04170341 0.01130948
v 0.00975853 -0.04170341 0.01387882
v -0.00825768 -0.08068041 0.01811173
v -0.01094376 -0.07278481 0.01552651
v -0.01094376 -0.07278481 0.00966176
v -0.00772022 -0.03380078 0.00853270
v 0.01069619 -0.07592252 0.01097888
v 0.00953464 -0.05764816 0.00423247
v 0.00953464 -0.05764816 0.02095583
v -0.00630122 -0.04399563 0.00455840
v 0.01117203 -0.05165360 0.01638654
v 0.01117203 -0.05165360 0.00880175
v -0.00923682 -0.03927502 0.01044184
v -0.00923682 -0.03927502 0.01474646
v 0.00821753 -0.03406176 0.00954231
v 0.01240313 -0.06046493 0.01548616
v 0.01240313 -0.06046493 0.00970213
v -0.01208457 -0.06258721 0.01625995
v -0.01208457 -0.06258723 0.00892834
v 0.01076696 -0.06951268 0.01747261
v 0.01076696 -0.06951268 0.00771568
v -0.00862981 -0.03473116 0.01059441
v 0.00809979 -0.03394609 0.00928803
v 0.01006783 -0.04687424 0.01638341
v 0.01006783 -0.04687424 0.00880488
v 0.01159846 -0.05329410 0.00907580
v 0.01159846 -0.05329410 0.01611249
v 0.01112994 -0.04930541 0.01073261
v -0.01035322 -0.07790314 0.01415682
v 0.01025573 -0.05085878 0.01807596
v -0.00994693 -0.05246569 0.00594785
v -0.00994693 -0.05246569 0.01924044
v -0.01105235 -0.05246569 0.01717219
v -0.01105235 -0.05246569 0.00801611
v 0.01096828 -0.04852210 0.01082440
v -0.01173317 -0.05246569 0.01026027
v -0.01173317 -0.05246569 0.01492802
v 0.00466516 -0.08064434 0.00879149
v 0.00466516 -0.03389599 0.00879151
v 0.00695227 -0.03397006 0.00728733
v 0.01055710 -0.06149206 0.00554012
v 0.01055710 -0.06149207 0.01964817
v -0.00714676 -0.04852210 0.02109958
v -0.00949548 -0.04288014 0.00937093
v -0.00949548 -0.04288013 0.01581737
v -0.01241278 -0.05949143 0.01548841
v -0.01241278 -0.05949145 0.00969989
v -0.00741519 -0.03380866 0.01718681
v -0.01053868 -0.07689979 0.01106833
v 0.01046415 -0.04771623 0.01576841
v 0.01046415 -0.04771623 0.00941989
v 0.00752184 -0.03924697 0.01836325
v 0.00752184 -0.03924697 0.00682504
v 0.01035190 -0.07790314 0.01102248
v -0.01228061 -0.05675224 0.00973071
v -0.01228061 -0.05675224 0.01545758
v 0.00699780 -0.03802554 0.01873028
v 0.00699780 -0.03802554 0.00645801
v -0.00630815 -0.04399563 0.02062439
v 0.00589909 -0.03802597 0.01979312
v 0.00589909 -0.03802597 0.00539518
v 0.00747975 -0.04598255 0.02007391
v 0.00747975 -0.04598255 0.00511439
v 0.01017254 -0.05586794 0.01988368
v 0.01017254 -0.05586793 0.00530461
v 0.00611871 -0.03428328 0.01383340
v 0.00611871 -0.08025706 0.01383340
v -0.00968604 -0.04288021 0.00999882
v -0.00968604 -0.04288021 0.01518948
v 0.01160374 -0.06503889 0.01696148
v 0.01160374 -0.06503889 0.00822681
v -0.01001669 -0.04399563 0.01458660
v -0.01001669 -0.04399563 0.01060169
v -0.01027902 -0.04930541 0.00793678
v -0.01027902 -0.04930541 0.01725151
v 0.00884933 -0.05586794 0.02144349
v 0.00884933 -0.05586794 0.00374480
v 0.01079907 -0.04930541 0.01587000
v -0.01198962 -0.06376472 0.00895714
v -0.01198962 -0.06376472 0.01623115
v 0.01106811 -0.04930541 0.01479575
v 0.01148050 -0.05413792 0.00827320
v 0.01148050 -0.05413793 0.01691510
v -0.01140213 -0.06792558 0.01646462
v -0.01140213 -0.06792558 0.00872365
v 0.00783236 -0.05007977 0.00423161
v 0.00783236 -0.05007977 0.02095668
v 0.01111203 -0.07278481 0.01038381
v 0.01111203 -0.07278481 0.01480448
v 0.01074356 -0.05085879 0.00814402
v 0.01074356 -0.05085878 0.01704427
v 0.00870718 -0.03586470 0.01491711
v 0.00870718 -0.03586470 0.01027119
v 0.00870718 -0.07114567 0.02023016
v 0.00870718 -0.07114567 0.00495813
v 0.00856992 -0.03690360 0.01580710
v -0.00845922 -0.05246569 0.00413493
v -0.00845922 -0.05246569 0.02105336
v 0.01188741 -0.05329410 0.01495872
v 0.01188741 -0.05329410 0.01022958
v 0.00922024 -0.03764055 0.01181691
v 0.00778356 -0.05165360 0.02146041
v -0.00999534 -0.07592252 0.01673435
v -0.00999534 -0.07592252 0.00845394
v -0.01078231 -0.06149206 0.01929901
v -0.01078231 -0.06149207 0.00588929
v 0.00977029 -0.07979612 0.01521209
v 0.00700918 -0.03663720 0.01226193
v -0.00889563 -0.03589693 0.01405884
v -0.00889563 -0.03589693 0.01112946
v 0.01132594 -0.06258721 0.00700879
v 0.01132594 -0.06258721 0.01817950
v -0.01103815 -0.05949145 0.00622127
v -0.01103815 -0.05949145 0.01896702
v 0.00675966 -0.03572347 0.00666825
v 0.00675966 -0.03572347 0.01852004
v 0.00940853 -0.04049156 0.01478731
v 0.00940853 -0.04049156 0.01040098
v -0.01012550 -0.04399563 0.01392720
v -0.01012550 -0.04399563 0.01126109
v 0.00845318 -0.06376472 0.02183984
v -0.00669576 -0.07734167 0.02077715
v -0.00860097 -0.07860796 0.01834110
v -0.00860097 -0.07860798 0.00684718
v -0.00894443 -0.04687424 0.01857061
v -0.00989368 -0.04288033 0.01096071
v -0.00989368 -0.04288033 0.01422760
v 0.01186462 -0.06503889 0.01619323
v 0.01186462 -0.06503889 0.00899505
v 0.00970319 -0.07592252 0.00780904
v 0.00970319 -0.07592252 0.01737925
v -0.00870041 -0.05855732 0.02188345
v -0.00870041 -0.05855730 0.00330484
v 0.01045966 -0.07734167 0.01413215
v -0.00948067 -0.05675223 0.00427980
v -0.00948067 -0.05675223 0.02090849
v 0.01079092 -0.06642407 0.01836203
v 0.01079092 -0.06642407 0.00682626
v -0.00698798 -0.07924349 0.02005513
v -0.00805619 -0.08060576 0.00675898
v -0.00972408 -0.05246569 0.00562598
v -0.00972408 -0.05246569 0.01956231
v -0.00871810 -0.03806079 0.00932020
v -0.00871810 -0.03806079 0.01586809
v 0.00666205 -0.07790314 0.02067309
v -0.00893040 -0.06642407 0.00422991
v -0.00893040 -0.06642407 0.02095839
v -0.00718747 -0.07969209 0.01974104
v -0.00538170 -0.03663720 0.01994759
v 0.00778700 -0.05171269 0.00371480
v 0.00904921 -0.06503889 0.02106968
v 0.00904921 -0.06503889 0.00411861
v 0.01217941 -0.05855732 0.01628873
v 0.01217941 -0.05855730 0.00889956
v -0.01039088 -0.04687424 0.01537838
v -0.01039088 -0.04687424 0.00980991
v -0.00984731 -0.07964100 0.01015516
v -0.01200875 -0.05764816 0.00851774
v -0.01200875 -0.05764816 0.01667056
v 0.00901260 -0.05949145 0.02160677
v 0.00901260 -0.05949145 0.00358152
v -0.00671101 -0.07689979 0.00432573
v -0.00957828 -0.04049372 0.01385494
v -0.00957828 -0.04049372 0.01133337
v 0.00968123 -0.07860796 0.00895038
v 0.00968123 -0.07860798 0.01623790
v 0.00908154 -0.03695661 0.01378802
v 0.00908154 -0.03695661 0.01140028
v 0.01191160 -0.05855732 0.00811095
v 0.01191160 -0.05855732 0.01707735
v 0.01081837 -0.05413792 0.00681159
v 0.01081837 -0.05413792 0.01837670
v -0.00977167 -0.07978930 0.00997584
v 0.00993135 -0.07439032 0.00769652
v 0.00993135 -0.07439032 0.01749175
v -0.01188308 -0.06149206 0.01706661
v -0.01188308 -0.06149206 0.00812168
v -0.00986501 -0.04399563 0.01523747
v -0.00986501 -0.04399563 0.00995083
v 0.00832629 -0.03417402 0.01538749
v 0.00420352 -0.03428328 0.00797844
v 0.00984472 -0.04502755 0.01593597
v 0.00984472 -0.04502755 0.00925232
v 0.00768329 -0.03473435 0.01698783
v -0.00884621 -0.05329410 0.02087953
v -0.00884621 -0.05329410 0.00430876
v 0.01186889 -0.05764816 0.01706128
v 0.01186889 -0.05764816 0.00812701
v -0.00833947 -0.03688404 0.01635618
v -0.00833947 -0.03688404 0.00883213
v -0.00875797 -0.07278481 0.00540666
v -0.00875797 -0.07278481 0.01978164
v -0.00907642 -0.03663720 0.01343332
v -0.01090049 -0.04930541 0.01551494
v -0.00924480 -0.04048951 0.01539748
v -0.00924480 -0.04048951 0.00979081
v -0.01143124 -0.05949145 0.01823143
v -0.01143124 -0.05949145 0.00695686
v -0.00847613 -0.05499617 0.00354429
v -0.00847613 -0.05499617 0.02164400
v -0.00905080 -0.08065757 0.00849326
v -0.01113719 -0.06258723 0.01854711
v -0.01113719 -0.06258723 0.00664118
v 0.01088343 -0.05085879 0.01669036
v 0.01088343 -0.05085879 0.00849793
v -0.00697660 -0.04771623 0.00417493
v -0.00685154 -0.03469367 0.01819242
v -0.00685154 -0.03469367 0.00699588
v -0.00401539 -0.03663720 0.01917337
v -0.00401539 -0.03663720 0.00600820
v 0.00741037 -0.03380966 0.01719280
v -0.00730116 -0.07439032 0.02091950
v -0.00730116 -0.07439032 0.00426879
v -0.00803200 -0.04048034 0.01795877
v -0.00803200 -0.04048034 0.00722953
v 0.01135866 -0.07114567 0.01485354
v 0.01135866 -0.07114567 0.01033476
v 0.01160269 -0.05165360 0.01046419
v -0.00831263 -0.03483807 0.01569290
v -0.01162341 -0.06951268 0.01045242
v 0.00839196 -0.04598255 0.00615475
v 0.00839196 -0.04598255 0.01903354
v 0.00853593 -0.06258723 0.00328955
v 0.00642452 -0.03438184 0.00656968
v 0.01001654 -0.04598253 0.01599429
v 0.01001654 -0.04598253 0.00919400
v 0.00859877 -0.06149206 0.00325388
v -0.00738717 -0.03802638 0.00693341
v -0.00738717 -0.03802638 0.01825488
v -0.01048565 -0.07439032 0.01615354
v -0.01048565 -0.07439032 0.00903475
v -0.01093527 -0.05499617 0.00674912
v -0.00783007 -0.07439032 0.00476406
v -0.00783007 -0.07439032 0.02042421
v 0.01043626 -0.05007977 0.01732277
v 0.01043626 -0.05007977 0.00786552
v -0.00799845 -0.06792558 0.00359473
v 0.00870614 -0.06046493 0.02188957
v 0.00870614 -0.06046493 0.00329872
v 0.00833766 -0.04287984 0.00702318
v 0.00833766 -0.04287984 0.01816512
v 0.00913745 -0.06951268 0.02009307
v 0.00913745 -0.06951268 0.00509522
v -0.01242686 -0.06149206 0.00999623
v -0.00586752 -0.03515264 0.00588688
v 0.01037464 -0.04598255 0.01053048
v 0.01037464 -0.04598253 0.01465781
v -0.00647331 -0.04502755 0.00446069
v 0.00635193 -0.03572288 0.01895683
v 0.00635193 -0.03572288 0.00623147
v 0.01119334 -0.06951268 0.00879453
v 0.01119334 -0.06951270 0.01639376
v 0.00668319 -0.07755575 0.02073763
v 0.00792648 -0.03685984 0.01715267
v 0.00792648 -0.03685983 0.00803563
v -0.01092062 -0.05675223 0.01889916
v -0.01092062 -0.05675223 0.00628913
v -0.01082058 -0.04852210 0.01007114
v -0.01082058 -0.04852209 0.01511715
v 0.00862012 -0.05675224 0.00339055
v 0.00862012 -0.05675224 0.02179773
v -0.00806556 -0.03803534 0.00794862
v -0.00806556 -0.03803534 0.01723969
v -0.01145137 -0.06642407 0.00828417
v -0.01145137 -0.06642407 0.01690412
v -0.00843403 -0.03582024 0.00943983
v -0.00843403 -0.03582024 0.01574846
v 0.00832668 -0.03417713 0.00980063
v 0.00879520 -0.04598253 0.00671738
v 0.00879520 -0.04598253 0.01847091
v -0.01018307 -0.07860796 0.01078260
v 0.00394769 -0.07790314 0.01913501
v 0.00394769 -0.07790314 0.00604662
v -0.00695952 -0.04169913 0.00563462
v -0.00695952 -0.04169913 0.01955367
v -0.01078885 -0.04771623 0.01081290
v -0.01078885 -0.04771623 0.01437541
v 0.01058245 -0.05855730 0.01966511
v 0.01058245 -0.05855730 0.00552318
v 0.00789637 -0.07592252 0.00519836
v 0.00789637 -0.07592252 0.01998992
v -0.01106299 -0.06951268 0.00843034
v -0.01106299 -0.06951268 0.01675795
v -0.01012594 -0.07883810 0.01447314
v 0.01170740 -0.05329410 0.01573114
v 0.01170740 -0.05329410 0.00945716
v 0.00948374 -0.08027994 0.00937485
v 0.00539209 -0.03764055 0.00507460
v 0.00934648 -0.08041906 0.01611192
v 0.00890297 -0.08070149 0.01698462
v 0.00848447 -0.04930541 0.00515345
v 0.00848447 -0.04930541 0.02003484
v -0.01096233 -0.04852210 0.01440404
v -0.01096233 -0.04852210 0.01078425
v -0.00956896 -0.05855730 0.00420238
v -0.00956896 -0.05855730 0.02098591
v 0.00745408 -0.04399563 0.00561263
v 0.00745408 -0.04399563 0.01957566
v -0.01067438 -0.07592252 0.01435650
v -0.01067438 -0.07592252 0.01083178
v 0.00862905 -0.03472536 0.01459368
v -0.01001186 -0.06792558 0.01928384
v -0.01001186 -0.06792558 0.00590445
v 0.00922264 -0.05413792 0.00450608
v 0.00922264 -0.05413790 0.02068221
v -0.01166694 -0.06258721 0.01742675
v -0.01166694 -0.06258721 0.00776154
v 0.00681169 -0.04687424 0.00426857
v 0.00996019 -0.04771623 0.01710706
v 0.00996019 -0.04771623 0.00808123
v -0.00516312 -0.08077645 0.01551979
v -0.00516312 -0.03376390 0.01551979
v -0.00855504 -0.05586794 0.00346003
v -0.00855504 -0.05586794 0.02172825
v 0.01059221 -0.05085879 0.01739343
v 0.01059221 -0.05085879 0.00779486
v -0.01009727 -0.05855732 0.00484624
v -0.01009727 -0.05855730 0.02034205
v -0.00872281 -0.03498278 0.01086727
v -0.00828540 -0.05329410 0.02144037
v -0.00828540 -0.05329410 0.00374792
v -0.01081530 -0.06046493 0.00586876
v -0.01081530 -0.06046493 0.01931953
v -0.00949087 -0.05246569 0.01987675
v -0.00949087 -0.05246569 0.00531155
v 0.01012491 -0.04502755 0.01023334
v 0.01012491 -0.04502752 0.01495496
v 0.01155549 -0.05246569 0.00949785
v 0.01155549 -0.05246569 0.01569044
v 0.00957525 -0.06046493 0.00419684
v 0.00957525 -0.06046493 0.02099145
v -0.00863435 -0.06046493 0.00323367
v -0.00858432 -0.08076590 0.01755031
v 0.00804522 -0.03389599 0.00917994
v -0.00981481 -0.06149206 0.02064896
v -0.00981481 -0.06149207 0.00453933
v -0.00813410 -0.07592252 0.00546071
v -0.00813410 -0.07592252 0.01972756
v -0.01245697 -0.05855730 0.01519705
v -0.01241304 -0.05764816 0.01000407
v 0.00842751 -0.03429430 0.01512515
v 0.00861541 -0.08060576 0.00762003
v 0.00861541 -0.08060576 0.01756826
v 0.00647899 -0.04399563 0.02048881
v 0.00647899 -0.04399563 0.00469948
v -0.00922571 -0.05085879 0.00551500
v -0.00922571 -0.05085878 0.01967329
v -0.00808247 -0.08062674 0.00680234
v 0.01030893 -0.06503889 0.00570595
v 0.01030893 -0.06503889 0.01948234
v -0.00978758 -0.06792558 0.00558047
v -0.00978758 -0.06792558 0.01960780
v -0.01013104 -0.04399563 0.01387909
v -0.00862542 -0.03585083 0.00999084
v -0.00862542 -0.03585083 0.01519746
v 0.00685478 -0.04287982 0.00527532
v 0.00685478 -0.04287982 0.01991297
v 0.00755452 -0.05007977 0.00397987
v 0.00755452 -0.05007977 0.02120842
v -0.00983699 -0.05499617 0.00504596
v -0.00983699 -0.05499617 0.02014233
v 0.01118436 -0.05764816 0.01857232
v 0.01118436 -0.05764816 0.00661597
v 0.00954148 -0.07592252 0.00749410
v 0.00954148 -0.07592252 0.01769419
v 0.00877951 -0.03587706 0.01463364
v 0.00877951 -0.03587706 0.01055465
v -0.00859308 -0.05764816 0.02191912
v 0.01096657 -0.07114567 0.01631679
v 0.01096657 -0.07114567 0.00887150
v 0.00867397 -0.05413792 0.00392016
v 0.00867397 -0.05413792 0.02126813
v -0.01191607 -0.06642407 0.00981569
v -0.01191607 -0.06642407 0.01537258
v -0.00746814 -0.05007977 0.02128168
v -0.00791165 -0.08048777 0.01866496
v 0.00860565 -0.03805509 0.00903798
v 0.00860565 -0.03805509 0.01615031
v 0.01039861 -0.04852210 0.00868039
v 0.01039861 -0.04852210 0.01650790
v 0.00919923 -0.06642405 0.02066167
v -0.00821729 -0.03405872 0.01564566
v 0.00932430 -0.04502755 0.01719240
v 0.00932430 -0.04502755 0.00799590
v -0.01124073 -0.05949143 0.01860245
v -0.01124073 -0.05949145 0.00658584
v 0.00948718 -0.04687424 0.00752314
v -0.01089666 -0.05246569 0.01753137
v -0.01089666 -0.05246569 0.00765692
v 0.01064934 -0.04771623 0.01507723
v 0.01064934 -0.04771622 0.01011106
v -0.01062763 -0.05586794 0.00598547
v -0.01015910 -0.05246569 0.01891147
v -0.01015910 -0.05246569 0.00627682
v 0.01138751 -0.06149207 0.00697843
v 0.01138751 -0.06149207 0.01820986
v 0.01055051 -0.05246569 0.00695476
v 0.01055051 -0.05246569 0.01823353
v 0.00948230 -0.05413792 0.00481220
v 0.00948230 -0.05413793 0.02037609
v -0.00948316 -0.07734167 0.01727074
v -0.00948316 -0.07734165 0.00791755
v -0.00938311 -0.04930541 0.00632457
v -0.00938311 -0.04930541 0.01886372
v 0.00928930 -0.05855732 0.02129455
v 0.00928930 -0.05855730 0.00389374
v 0.00874635 -0.08074312 0.00791910
v 0.00959006 -0.05165360 0.00572200
v 0.00959006 -0.05165360 0.01946629
v -0.00682048 -0.07860796 0.02037137
v -0.00682048 -0.07860798 0.00481690
v -0.00766358 -0.04047966 0.00671533
v -0.00766358 -0.04047965 0.01847297
v -0.01131172 -0.06951268 0.00916278
v -0.01131172 -0.06951270 0.01602551
v 0.00807895 -0.03577487 0.00863778
v 0.00807895 -0.03577487 0.01655052
v -0.00903133 -0.04852210 0.00612239
v -0.00903133 -0.04852210 0.01906590
v 0.00679234 -0.03802534 0.00623089
v 0.00679234 -0.03802534 0.01895742
v 0.01150259 -0.06258723 0.01780592
v 0.01150259 -0.06258723 0.00738237
v -0.01160455 -0.05499618 0.00822652
v -0.01160455 -0.05499618 0.01696178
v 0.01127870 -0.07114567 0.00996431
v 0.01127870 -0.07114567 0.01522399
v -0.00741223 -0.03380841 0.00799693
v 0.00919230 -0.03808875 0.01411037
v 0.00919230 -0.03808875 0.01107794
v 0.00876770 -0.05499617 0.00382643
v 0.00876770 -0.05499617 0.02136186
v 0.00420753 -0.03428328 0.01720620
v 0.00420753 -0.08025706 0.01720620
v -0.01219691 -0.05949145 0.01629403
v -0.01219691 -0.05949145 0.00889426
v -0.01236529 -0.06149206 0.00971095
v -0.01236529 -0.06149207 0.01547734
v -0.00859818 -0.04598253 0.01875551
v -0.00859818 -0.04598253 0.00643278
v 0.01219806 -0.06258721 0.01586261
v 0.01219806 -0.06258721 0.00932568
v -0.00821080 -0.03687495 0.01662526
v -0.00821080 -0.03687495 0.00856303
v 0.01211692 -0.06541442 0.01500437
v -0.00665515 -0.07790314 0.00450934
v -0.00855975 -0.07439032 0.01961896
v -0.00855975 -0.07439034 0.00556933
v -0.00890321 -0.08070035 0.00820356
v 0.01218036 -0.05675223 0.00933042
v -0.01058941 -0.06046493 0.00551854
v -0.01058941 -0.06046493 0.01966975
v 0.00595900 -0.04169929 0.02042655
v -0.00882757 -0.04170038 0.01694676
v -0.00882757 -0.04170038 0.00824153
v 0.00980724 -0.04771623 0.00775774
v 0.00980724 -0.04771623 0.01743056
v -0.00805279 -0.03924971 0.01759615
v 0.01073819 -0.05499617 0.01879385
v 0.01073819 -0.05499617 0.00639444
v -0.00353593 -0.07883810 0.01845655
v -0.00930790 -0.06792558 0.02023295
v -0.00930790 -0.06792558 0.00495534
v -0.00537852 -0.03684578 0.00520264
v -0.00858315 -0.03490445 0.01487889
v -0.00858315 -0.03490445 0.01030941
v 0.00895233 -0.07114567 0.00524714
v 0.00895233 -0.07114567 0.01994115
v 0.00927749 -0.07860796 0.01716932
v 0.00927749 -0.07860798 0.00801897
v -0.01022543 -0.06792558 0.00623558
v -0.01022543 -0.06792558 0.01895271
v 0.01186414 -0.06376472 0.01662148
v 0.01186414 -0.06376472 0.00856681
v -0.01156206 -0.05586794 0.00780498
v -0.01156206 -0.05586793 0.01738331
v 0.01063975 -0.06376472 0.00597793
v 0.01063975 -0.06376472 0.01921036
v -0.00838854 -0.07734167 0.00615739
v -0.00838854 -0.07734167 0.01903091
v -0.00987525 -0.05085878 0.01873496
v -0.00987525 -0.05085878 0.00645333
v -0.00933169 -0.04049060 0.01509377
v -0.00933169 -0.04049059 0.01009453
v 0.00849174 -0.04399563 0.01826814
v 0.00849174 -0.04399563 0.00692015
v -0.00736304 -0.07992584 0.01949038
v 0.00648038 -0.04502755 0.02072197
v -0.01144798 -0.05246569 0.01606684
v -0.01144798 -0.05246569 0.00912145
v -0.01017357 -0.06642405 0.00579640
v -0.01017357 -0.06642405 0.01939189
v 0.00999187 -0.07860796 0.01527146
v 0.00999187 -0.07860798 0.00991681
v 0.00959838 -0.07969209 0.01585235
v 0.00959838 -0.07969207 0.00933592
v -0.00795540 -0.04287982 0.01869848
v -0.00795540 -0.04287982 0.00648981
v -0.00803654 -0.04502755 0.00599872
v -0.00803654 -0.04502755 0.01918957
v 0.00871807 -0.03806081 0.01586813
v 0.00871807 -0.03806081 0.00932016
v 0.01018648 -0.04687424 0.00913632
v 0.01148590 -0.05675224 0.01779835
v 0.00981190 -0.07278481 0.00692922
v 0.00981190 -0.07278481 0.01825906
v 0.00324647 -0.05532255 0.00629286
v 0.00324647 -0.05006384 0.00629286
v 0.00928115 -0.03809415 0.01339750
v 0.01140537 -0.05085879 0.01032547
v 0.01140537 -0.05085879 0.01486283
v 0.00687631 -0.07592252 0.02094632
v -0.00768515 -0.03473383 0.00820262
v -0.00768515 -0.03473381 0.01698568
v 0.00905055 -0.08065873 0.01669490
v -0.01099593 -0.06149207 0.01894264
v -0.01099593 -0.06149207 0.00624564
v 0.01207460 -0.06503889 0.01540957
v 0.01207460 -0.06503889 0.00977872
v -0.00753446 -0.03472038 0.00795315
v -0.00753446 -0.03472038 0.01723514
v 0.01126933 -0.06792558 0.00835267
v 0.01126933 -0.06792558 0.01683562
v 0.00833351 -0.06503889 0.02177205
v -0.00840829 -0.07860798 0.00656886
v -0.00840829 -0.07860798 0.01861942
v -0.00792695 -0.05246569 0.00363533
v -0.00660252 -0.04047934 0.01964408
v -0.00660252 -0.04047934 0.00554422
v -0.00830153 -0.04399563 0.01854293
v -0.00830153 -0.04399563 0.00664537
v 0.01035219 -0.06046493 0.02001242
v 0.01035219 -0.06046493 0.00517587
v 0.01172665 -0.06792558 0.00985987
v 0.01172665 -0.06792558 0.01532843
v 0.01180169 -0.05675224 0.00815230
v 0.01180169 -0.05675224 0.01703599
v 0.01026496 -0.04852210 0.01684604
v 0.01026496 -0.04852210 0.00834227
v 0.01007767 -0.05329410 0.00586047
v 0.01007767 -0.05329410 0.01932782
v -0.01129325 -0.06503889 0.01771107
v -0.01129325 -0.06503889 0.00747722
v -0.00947528 -0.04049241 0.01447847
v -0.00947528 -0.04049241 0.01070982
v 0.00863488 -0.05855730 0.02194281
v -0.00651406 -0.03489935 0.01204777
v -0.00651406 -0.07964100 0.01204777
v 0.00757948 -0.03376390 0.00829058
v -0.00836253 -0.05007977 0.00476178
v -0.01026774 -0.07826283 0.01089893
v 0.00565597 -0.08064434 0.01053653
v -0.00832471 -0.03580453 0.01601902
v -0.00832471 -0.03580453 0.00916929
v 0.00872334 -0.04930541 0.01975322
v 0.00872334 -0.04930541 0.00543507
v 0.01160952 -0.05949145 0.01785436
v 0.01160952 -0.05949145 0.00733393
v 0.01119773 -0.06149206 0.01857946
v 0.01119773 -0.06149207 0.00660883
v 0.01174129 -0.05499617 0.00860853
v 0.01174129 -0.05499617 0.01657976
v -0.01052884 -0.06503889 0.01914138
v -0.01052884 -0.06503889 0.00604691
v 0.00979887 -0.04852209 0.01783176
v 0.00979887 -0.04852209 0.00735653
v -0.00962901 -0.08005182 0.01551506
v -0.00861692 -0.08077645 0.00770151
v 0.00758802 -0.04502755 0.00548717
v 0.00758802 -0.04502752 0.01970112
v 0.00730069 -0.04930541 0.00399091
v -0.01129020 -0.05165360 0.00916931
v -0.01129020 -0.05165360 0.01601898
v -0.00942220 -0.07860796 0.00832498
v -0.00942220 -0.07860798 0.01686329
v 0.01079937 -0.06792558 0.00726847
v 0.01079937 -0.06792558 0.01791982
v 0.01090003 -0.05165360 0.01710909
v 0.01090003 -0.05165360 0.00807920
v 0.00891978 -0.03693939 0.01466918
v 0.00891978 -0.03693939 0.01051913
v -0.00896527 -0.04170074 0.01665566
v -0.00896527 -0.04170074 0.00853265
v -0.00842171 -0.03428328 0.01513837
v -0.00954604 -0.06149206 0.00422248
v -0.00954604 -0.06149207 0.02096581
v 0.00707131 -0.07860798 0.00504418
v 0.00707131 -0.07860798 0.02014409
v 0.00893930 -0.03590441 0.01142003
v 0.00893930 -0.03590441 0.01376828
v 0.00865196 -0.06642407 0.00394217
v 0.00865196 -0.06642407 0.02124612
v 0.00852729 -0.05675224 0.02188185
v -0.01031981 -0.07278481 0.01727000
v -0.01031981 -0.07278481 0.00791829
v 0.01235052 -0.05764816 0.00971439
v 0.01235052 -0.05764816 0.01547390
v -0.01024478 -0.07592252 0.00911651
v -0.01024478 -0.07592252 0.01607176
v -0.01085056 -0.06376472 0.01885872
v -0.01085056 -0.06376472 0.00632956
v 0.00843396 -0.03582025 0.01574854
v 0.00843396 -0.03582025 0.00943975
v 0.01093336 -0.07439032 0.01084421
v 0.00895311 -0.05413792 0.00420862
v 0.00895311 -0.05413792 0.02097967
v 0.01049656 -0.05329410 0.01865434
v 0.01049656 -0.05329410 0.00653395
v 0.00960954 -0.04049411 0.01358358
v -0.00832554 -0.06503889 0.00340901
v -0.00963106 -0.07734165 0.00823037
v -0.00963106 -0.07734165 0.01695793
v -0.00911251 -0.05329410 0.02058564
v -0.00911251 -0.05329410 0.00460266
v 0.01246460 -0.06046493 0.01520138
v -0.00870011 -0.03489935 0.01437332
v 0.00738588 -0.03802675 0.01825641
v 0.00738588 -0.03802673 0.00693190
v -0.00737568 -0.03471006 0.01748110
v -0.00737568 -0.03471006 0.00770719
v -0.00565776 -0.08064434 0.01464685
v 0.00932891 -0.04598253 0.01758057
v 0.00932891 -0.04598253 0.00760773
v 0.00964797 -0.04687424 0.01735202
v 0.00964797 -0.04687424 0.00783628
v 0.00865480 -0.03492290 0.01460083
v -0.00372632 -0.03570223 0.01856444
v 0.01208515 -0.06568995 0.01019024
v 0.01208515 -0.05449500 0.01019024
v 0.00809964 -0.03394491 0.01590021
v 0.00978035 -0.04170350 0.01149890
v -0.00917291 -0.04930541 0.00602095
v -0.00917291 -0.04930541 0.01916735
v -0.00771731 -0.07734165 0.01982220
v -0.00974758 -0.05675224 0.02059381
v -0.00974758 -0.05675224 0.00459448
v -0.01112814 -0.05085878 0.00921848
v -0.01112814 -0.05085878 0.01596982
v 0.00888723 -0.06951268 0.02038805
v 0.00888723 -0.06951268 0.00480022
v -0.01039058 -0.06642407 0.01905542
v -0.01039058 -0.06642407 0.00613288
v 0.01011832 -0.07734165 0.00952479
v 0.01011832 -0.07734165 0.01566350
v -0.00980310 -0.05764816 0.02063934
v -0.00980310 -0.05764816 0.00454895
v 0.00789466 -0.04399563 0.01907313
v 0.00789466 -0.04399563 0.00611516
v -0.01147709 -0.05329410 0.01649008
v -0.01147709 -0.05329410 0.00869821
v 0.01006891 -0.07901517 0.01459699
v -0.00958408 -0.06503889 0.00472867
v -0.00817790 -0.05246569 0.00386271
v 0.00860782 -0.07969205 0.00724146
v 0.00860782 -0.07969205 0.01794682
v -0.00862751 -0.06951268 0.02067471
v -0.00862751 -0.06951270 0.00451357
v 0.00591603 -0.03572347 0.01936368
v 0.00591603 -0.03572347 0.00582461
v 0.00936468 -0.07969209 0.01647314
v 0.00936468 -0.07969209 0.00871515
v 0.00967093 -0.04399563 0.01587697
v 0.00967093 -0.04399563 0.00931132
v 0.01012115 -0.04930541 0.01758537
v 0.01012115 -0.04930541 0.00760293
v 0.00842825 -0.03430011 0.01006287
v 0.00361184 -0.03542769 0.01825746
v 0.00807868 -0.05329410 0.02162765
v 0.01112104 -0.05675223 0.00664981
v 0.01112104 -0.05675226 0.01853848
v 0.00601120 -0.03924659 0.01992440
v 0.00601120 -0.03924659 0.00526389
v 0.00720447 -0.03470367 0.00746008
v 0.00720447 -0.03470367 0.01772821
v 0.01042801 -0.06792558 0.01861476
v 0.01042801 -0.06792558 0.00657353
v -0.01229845 -0.06258723 0.00972654
v -0.01229845 -0.06258723 0.01546175
v -0.00821290 -0.05413790 0.02170369
v 0.00466846 -0.08064434 0.01639274
v -0.01056162 -0.04930541 0.01656926
v -0.01056162 -0.04930541 0.00861905
v 0.00867288 -0.04399563 0.00720100
v 0.00867288 -0.04399563 0.01798729
v -0.00691957 -0.03924602 0.00611437
v -0.00923718 -0.03809146 0.01137906
v -0.00923718 -0.03809146 0.01380925
v 0.01030966 -0.05499617 0.01948283
v 0.01030966 -0.05499617 0.00570546
v -0.00794386 -0.03576162 0.00837814
v -0.00794386 -0.03576162 0.01681015
v 0.00709283 -0.04687424 0.00450635
v 0.00709283 -0.04687424 0.02068195
v -0.00650046 -0.03428328 0.00667425
v 0.00869850 -0.03489935 0.01080745
v -0.00734966 -0.07278481 0.02121455
v 0.00951720 -0.03982120 0.01353126
v -0.00951720 -0.03982119 0.01353126
v 0.00734966 -0.07278481 0.02121455
v 0.00809942 -0.03394297 0.01590005
v -0.00869850 -0.03489935 0.01080745
v 0.01068607 -0.04930541 0.01622157
v 0.01068607 -0.04930541 0.00896672
v -0.00709283 -0.04687424 0.00450635
v -0.00709283 -0.04687424 0.02068195
v -0.01030966 -0.05499617 0.01948283
v -0.01030966 -0.05499617 0.00570546
v 0.00923718 -0.03809146 0.01137906
v -0.00867288 -0.04399563 0.00720100
v -0.00867288 -0.04399563 0.01798729
v 0.00358378 -0.04962511 0.01830697
v 0.00358378 -0.04962511 0.00688695
v 0.00358378 -0.04962511 0.01908063
v 0.00358378 -0.04962511 0.00610134
v 0.00358378 -0.07877585 0.01851331
v 0.00358378 -0.07877585 0.00688695
v 0.00358378 -0.07877585 0.00666895
v 0.00358378 -0.07877585 0.01830696
v 0.00358378 -0.05576126 0.00688695
v 0.00358378 -0.05576126 0.01908063
v 0.00358378 -0.05576126 0.00610134
v 0.00358378 -0.05576126 0.01830696
v 0.00821290 -0.05413790 0.02170369
v 0.01229845 -0.06258721 0.01546175
v 0.01229845 -0.06258723 0.00972654
v -0.01042801 -0.06792558 0.01861476
v -0.01042801 -0.06792558 0.00657353
v 0.01122414 -0.05586794 0.01812930
v 0.01122414 -0.05586794 0.00705899
v 0.00863811 -0.03925864 0.00868508
v 0.00863811 -0.03925864 0.01650322
v -0.00836602 -0.04048160 0.01742187
v -0.00836602 -0.04048160 0.00776642
v -0.00361184 -0.03542769 0.01825745
v -0.01012115 -0.04930541 0.01758537
v -0.01012115 -0.04930541 0.00760293
v -0.00959589 -0.04288018 0.00968330
v -0.00959589 -0.04288018 0.01550499
v -0.00538489 -0.03684573 0.01998095
v 0.00722804 -0.07734165 0.00487684
v 0.00722804 -0.07734165 0.02031145
v -0.00941371 -0.07114567 0.01933990
v -0.00941371 -0.07114567 0.00584839
v 0.00845914 -0.03689372 0.00910481
v 0.00845914 -0.03689372 0.01608350
v -0.00713941 -0.04852210 0.00408249
v -0.01006891 -0.07901517 0.01459699
v 0.01147709 -0.05329410 0.01649008
v 0.01147709 -0.05329410 0.00869821
v -0.00815089 -0.04287984 0.01843490
v -0.00815089 -0.04287983 0.00675339
v 0.00980310 -0.05764816 0.02063934
v 0.00980310 -0.05764816 0.00454895
v 0.01039058 -0.06642407 0.00613287
v 0.01039058 -0.06642407 0.01905542
v 0.00974758 -0.05675223 0.00459448
v 0.00974758 -0.05675224 0.02059381
v 0.00917291 -0.04930541 0.01916735
v -0.00851814 -0.07278481 0.02006437
v -0.00851814 -0.07278481 0.00512392
v 0.00834262 -0.05165360 0.00425152
v 0.00834262 -0.05165360 0.02093677
v 0.00372632 -0.03570223 0.01856444
v 0.00372632 -0.03570223 0.00661768
v -0.00865480 -0.03492290 0.01058748
v -0.00865480 -0.03492290 0.01460081
v -0.00964797 -0.04687424 0.01735202
v -0.00964797 -0.04687424 0.00783628
v -0.00650556 -0.03428328 0.01850835
v -0.00817346 -0.07734165 0.00588635
v -0.00817346 -0.07734165 0.01930192
v 0.01202309 -0.06149206 0.00851286
v 0.01202309 -0.06149207 0.01667543
v -0.01246460 -0.06046493 0.01520138
v 0.00911251 -0.05329410 0.02058564
v 0.00911251 -0.05329410 0.00460266
v -0.00822288 -0.05085879 0.00437127
v -0.00822288 -0.05085878 0.02081702
v -0.01210223 -0.06376472 0.01583692
v -0.01210223 -0.06376472 0.00935137
v -0.00960954 -0.04049411 0.01358358
v -0.00909099 -0.07969209 0.01707734
v -0.00909099 -0.07969207 0.00811095
v 0.00777587 -0.05165360 0.00372111
v -0.00961564 -0.05329410 0.01997247
v -0.00961564 -0.05329410 0.00521582
v 0.00659541 -0.04502755 0.00455760
v 0.00659541 -0.04502755 0.02063069
v -0.01093336 -0.07439034 0.01084421
v 0.00900087 -0.07439032 0.01904408
v 0.00900087 -0.07439034 0.00614421
v 0.00915704 -0.07734167 0.01788098
v 0.00915704 -0.07734167 0.00730731
v 0.00907591 -0.03927012 0.00984345
v 0.00907591 -0.03927012 0.01534484
v -0.00810330 -0.08064434 0.00683935
v 0.01029419 -0.04687424 0.00947144
v 0.01029419 -0.04687424 0.01571685
v 0.00602135 -0.03684266 0.00571327
v 0.00602135 -0.03684266 0.01947503
v -0.01173863 -0.05413792 0.01615502
v -0.01173863 -0.05413792 0.00903329
v 0.00567179 -0.03554637 0.00565059
v -0.00994568 -0.06642407 0.00546719
v -0.00994568 -0.06642407 0.01972110
v 0.00947000 -0.04771623 0.01806166
v 0.00947000 -0.04771623 0.00712663
v 0.00887032 -0.05165360 0.02037323
v 0.00887032 -0.05165360 0.00481506
v -0.00945824 -0.06642405 0.02035634
v -0.00945824 -0.06642407 0.00483195
v -0.01073226 -0.04852209 0.01546984
v -0.01073226 -0.04852209 0.00971845
v 0.00695940 -0.04169918 0.01955380
v 0.00695940 -0.04169918 0.00563450
v 0.01155130 -0.05764816 0.00736030
v 0.01155130 -0.05764816 0.01782799
v -0.01203107 -0.05413790 0.01020100
v -0.00891978 -0.03693939 0.01466918
v -0.00891978 -0.03693939 0.01051913
v -0.01090003 -0.05165360 0.00807922
v -0.01090003 -0.05165360 0.01710909
v 0.01112060 -0.05499617 0.01807824
v 0.01112060 -0.05499617 0.00711005
v -0.00836341 -0.03925348 0.00812941
v -0.00836341 -0.03925348 0.01705888
v -0.00879411 -0.07592252 0.00629239
v -0.00879411 -0.07592252 0.01889590
v 0.00783544 -0.07969209 0.00616375
v 0.00783544 -0.07969207 0.01902454
v -0.00909365 -0.08064434 0.00858464
v -0.00758802 -0.04502755 0.01970112
v -0.00758802 -0.04502755 0.00548717
v -0.00899970 -0.05855730 0.02159384
v -0.00899970 -0.05855730 0.00359445
v 0.00861692 -0.08077645 0.00770152
v -0.00898079 -0.03926733 0.01563962
v -0.00898079 -0.03926734 0.00954868
v -0.00979887 -0.04852210 0.00735653
v -0.00979887 -0.04852209 0.01783176
v -0.00555714 -0.03684414 0.01985356
v -0.00555714 -0.03684414 0.00533473
v -0.00876178 -0.03926148 0.00896926
v -0.00876178 -0.03926148 0.01621903
v -0.01004229 -0.04502755 0.00990334
v -0.01004229 -0.04502752 0.01528497
v -0.01174129 -0.05499617 0.01657976
v -0.01174129 -0.05499617 0.00860854
v -0.01119773 -0.06149206 0.00660883
v -0.01119773 -0.06149207 0.01857946
v -0.00823652 -0.04930541 0.02030850
v -0.00823652 -0.04930541 0.00487979
v 0.00743097 -0.03380346 0.00802946
v -0.00861109 -0.05165360 0.00452897
v -0.00861109 -0.05165360 0.02065932
v -0.01160952 -0.05949143 0.01785436
v -0.01160952 -0.05949145 0.00733394
v -0.01060354 -0.07278481 0.01658502
v -0.01060354 -0.07278481 0.00860327
v 0.00909338 -0.04170109 0.00882809
v -0.00636120 -0.03802484 0.01938824
v -0.00636120 -0.03802484 0.00580005
v 0.01024334 -0.04466384 0.01394270
v 0.00651406 -0.03489935 0.01204777
v 0.00651406 -0.07964100 0.01204777
v -0.00863488 -0.05855732 0.02194281
v 0.01129325 -0.06503889 0.01771107
v 0.01129325 -0.06503889 0.00747722
v -0.01007767 -0.05329410 0.00586047
v -0.01007767 -0.05329410 0.01932782
v -0.01070847 -0.05675223 0.00593520
v -0.01070847 -0.05675226 0.01925309
v 0.00888840 -0.04771623 0.00622481
v 0.00888840 -0.04771623 0.01896348
v -0.01172665 -0.06792558 0.00985987
v -0.01172665 -0.06792558 0.01532843
v -0.01035219 -0.06046493 0.02001242
v -0.01035219 -0.06046493 0.00517587
v 0.00762680 -0.05085879 0.02137158
v -0.01208842 -0.05586794 0.00935507
v -0.01208842 -0.05586794 0.01583322
v 0.00808312 -0.08062316 0.01838642
v 0.00792695 -0.05246569 0.00363534
v 0.00851443 -0.06792558 0.00407971
v 0.00851443 -0.06792558 0.02110858
v -0.00835853 -0.06951268 0.02095267
v -0.00835853 -0.06951268 0.00423562
v -0.00833351 -0.06503889 0.02177205
v -0.00790852 -0.03803206 0.01750117
v -0.00790852 -0.03803205 0.00768713
v -0.00687753 -0.03684186 0.00656993
v -0.00687753 -0.03684186 0.01861835
v 0.01108256 -0.07114567 0.00923229
v -0.00558421 -0.03572456 0.00555213
v 0.00930241 -0.03927702 0.01444348
v 0.00930241 -0.03927702 0.01074482
v 0.00737219 -0.03471102 0.01748520
v 0.00737219 -0.03471102 0.00770309
v 0.00720991 -0.04771623 0.00437282
v 0.00720991 -0.04771623 0.02081548
v -0.01012547 -0.07592252 0.01640509
v -0.01012547 -0.07592252 0.00878320
v 0.00853435 -0.04687424 0.00604551
v -0.00825748 -0.08068154 0.00707669
v -0.00595207 -0.04169926 0.00475664
v 0.00877837 -0.07969209 0.00752594
v 0.00877837 -0.07969209 0.01766234
v 0.01197690 -0.05499617 0.00938494
v 0.01197690 -0.05499617 0.01580335
v -0.01140537 -0.05085879 0.01486283
v -0.01140537 -0.05085878 0.01032547
v -0.00916890 -0.04502755 0.01749504
v -0.00916890 -0.04502755 0.00769326
v 0.00685486 -0.04502755 0.02041061
v -0.00324647 -0.05532255 0.00629286
v -0.00324647 -0.05006386 0.00629286
v -0.01148590 -0.05675224 0.01779835
v -0.01148590 -0.05675224 0.00738994
v -0.00983631 -0.06503889 0.02014180
v -0.00983631 -0.06503889 0.00504648
v 0.00962940 -0.07114567 0.00615999
v -0.00808056 -0.06951268 0.00396664
v -0.00808056 -0.06951270 0.02122166
v -0.01180374 -0.05329410 0.00984189
v -0.01180374 -0.05329410 0.01534640
v 0.01192871 -0.05949145 0.00810451
v -0.00928603 -0.04771623 0.01836857
v -0.00928603 -0.04771622 0.00681972
v 0.00874299 -0.05085879 0.00492673
v 0.00874299 -0.05085879 0.02026157
v 0.01017357 -0.06642407 0.00579639
v 0.01144798 -0.05246567 0.01606684
v 0.01144798 -0.05246567 0.00912145
v -0.00772978 -0.08035584 0.00625046
v -0.00963499 -0.04598255 0.01695970
v -0.00963499 -0.04598253 0.00822859
v -0.00820440 -0.03481463 0.01595767
v -0.00820440 -0.03481463 0.00923062
v 0.00904985 -0.05499617 0.02107028
v 0.00904985 -0.05499617 0.00411802
v -0.01139622 -0.05165360 0.01564776
v -0.01139622 -0.05165360 0.00954053
v -0.00647977 -0.03924602 0.01951371
v -0.00647977 -0.03924602 0.00567458
v 0.00987525 -0.05085879 0.00645333
v 0.00987525 -0.05085878 0.01873496
v -0.01063975 -0.06376472 0.00597793
v -0.01063975 -0.06376472 0.01921036
v 0.01156206 -0.05586794 0.00780497
v 0.01156206 -0.05586793 0.01738332
v -0.01186414 -0.06376472 0.01662146
v -0.01186414 -0.06376472 0.00856681
v 0.00955680 -0.07860798 0.00863557
v -0.00725942 -0.03684414 0.01815129
v -0.00725942 -0.03684414 0.00703700
v -0.00935802 -0.03927872 0.01104987
v -0.00935802 -0.03927872 0.01413843
v 0.01096970 -0.04852210 0.01435430
v -0.00898915 -0.05085879 0.01997136
v -0.00898915 -0.05085879 0.00521693
v 0.01037040 -0.07734167 0.01465697
v 0.01037040 -0.07734165 0.01053133
v 0.01060161 -0.06951268 0.00736598
v 0.01060161 -0.06951268 0.01782231
v 0.01058941 -0.06046493 0.00551854
v 0.01058941 -0.06046493 0.01966975
v -0.01218036 -0.05675223 0.01585787
v -0.01218036 -0.05675223 0.00933042
v 0.00976583 -0.07439032 0.00737419
v 0.00976583 -0.07439032 0.01781410
v 0.00859818 -0.04598255 0.01875551
v 0.00859818 -0.04598253 0.00643278
v -0.01040510 -0.05165360 0.00703250
v -0.01040510 -0.05165360 0.01815579
v 0.01236529 -0.06149206 0.01547734
v 0.01236529 -0.06149207 0.00971095
v -0.00900563 -0.06046493 0.02159976
v -0.00900563 -0.06046493 0.00358853
v -0.00420753 -0.08025706 0.01720620
v 0.01119764 -0.05329410 0.01723236
v 0.01119764 -0.05329410 0.00795593
v -0.00876770 -0.05499617 0.00382644
v -0.00876770 -0.05499617 0.02136186
v -0.00658126 -0.03802480 0.01917542
v -0.00658126 -0.03802480 0.00601289
v -0.00949855 -0.03969212 0.01165891
v -0.00919230 -0.03808875 0.01107794
v -0.00919230 -0.03808875 0.01411036
v -0.01127870 -0.07114567 0.00996431
v -0.01127870 -0.07114567 0.01522399
v -0.00876709 -0.06503889 0.02136123
v -0.00876709 -0.06503889 0.00382706
v 0.01160455 -0.05499617 0.00822652
v 0.01160455 -0.05499617 0.01696178
v -0.01007872 -0.05499618 0.00537186
v -0.01007872 -0.05499618 0.01981643
v -0.00804845 -0.03389599 0.01600152
v 0.00899350 -0.04287997 0.00815911
v 0.00899350 -0.04287997 0.01702918
v -0.00797951 -0.03387517 0.00903526
v -0.00844803 -0.08060578 0.01784747
v -0.00844803 -0.08060578 0.00734082
v -0.00936007 -0.05165360 0.00541192
v -0.00936007 -0.05165360 0.01977637
v 0.00800033 -0.04169934 0.01832664
v 0.00800033 -0.04169934 0.00686165
v 0.00903133 -0.04852210 0.00612239
v 0.00903133 -0.04852210 0.01906590
v 0.00918750 -0.07592252 0.00688100
v 0.00918750 -0.07592252 0.01830730
v 0.01131172 -0.06951268 0.01602551
v 0.01131172 -0.06951270 0.00916278
v -0.00932164 -0.06503889 0.02076902
v 0.00762087 -0.07969209 0.00591078
v 0.00762087 -0.07969207 0.01927749
v 0.01157526 -0.06376472 0.01738878
v 0.01157526 -0.06376472 0.00779951
v -0.00928930 -0.05855732 0.02129455
v -0.00928930 -0.05855730 0.00389374
v -0.00792726 -0.03685963 0.01715177
v -0.00792726 -0.03685962 0.00803654
v 0.00722168 -0.04399563 0.00537247
v 0.00722168 -0.04399563 0.01981583
v 0.01114495 -0.06642407 0.01764386
v 0.01114495 -0.06642407 0.00754442
v 0.00744069 -0.04930541 0.00410967
v 0.00827158 -0.08060576 0.01812104
v 0.00827158 -0.08060578 0.00706725
v -0.01055051 -0.05246567 0.01823352
v -0.01055051 -0.05246567 0.00695477
v -0.00771435 -0.04930541 0.00435762
v -0.00771435 -0.04930541 0.02083067
v -0.01138751 -0.06149206 0.00697843
v -0.01138751 -0.06149207 0.01820986
v 0.00831551 -0.04687424 0.00576978
v 0.00831551 -0.04687424 0.01941853
v -0.00728304 -0.03384101 0.00778536
v 0.00994619 -0.04399563 0.01027502
v -0.00923828 -0.04852210 0.01876695
v -0.00923828 -0.04852210 0.00642134
v -0.00851963 -0.04048248 0.00804268
v -0.00851963 -0.04048248 0.01714563
v 0.01015910 -0.05246567 0.00627681
v 0.01015910 -0.05246567 0.01891148
v 0.00900365 -0.04502755 0.00739589
v 0.00900365 -0.04502752 0.01779241
v -0.01064934 -0.04771623 0.01011107
v -0.01064934 -0.04771623 0.01507723
v 0.01089666 -0.05246569 0.01753137
v 0.01089666 -0.05246569 0.00765692
v -0.00948718 -0.04687424 0.00752314
v -0.00948718 -0.04687424 0.01766516
v -0.00756916 -0.03802766 0.00717918
v -0.00756916 -0.03802766 0.01800912
v -0.01145462 -0.06503889 0.01733881
v -0.01145462 -0.06503889 0.00784948
v 0.00791104 -0.08049134 0.00652377
v 0.01124073 -0.05949145 0.00658584
v 0.01124073 -0.05949145 0.01860245
v -0.00932430 -0.04502755 0.01719239
v -0.00932430 -0.04502755 0.00799590
v -0.01039861 -0.04852210 0.00868039
v -0.01039861 -0.04852210 0.01650790
v 0.01007308 -0.06149207 0.00486480
v 0.01007308 -0.06149207 0.02032349
v -0.00882405 -0.03535971 0.01114240
v 0.01191607 -0.06642407 0.00981569
v 0.01191607 -0.06642407 0.01537258
v 0.00850524 -0.03925595 0.01678329
v 0.00850524 -0.03925595 0.00840500
v -0.01096657 -0.07114567 0.01631679
v -0.01096657 -0.07114567 0.00887150
v -0.00884235 -0.03588781 0.01084087
v -0.00884235 -0.03588781 0.01434742
v -0.00944204 -0.03928130 0.01348866
v 0.00841190 -0.03486136 0.01542493
v 0.00841190 -0.03486136 0.00976337
v -0.00916080 -0.04598255 0.01788314
v -0.00916080 -0.04598255 0.00730517
v 0.00879928 -0.04048466 0.00860926
v 0.00879928 -0.04048466 0.01657903
v 0.00538235 -0.03663720 0.01994796
v -0.00797973 -0.04930541 0.02057386
v -0.00797973 -0.04930541 0.00461443
v -0.01118436 -0.05764816 0.00661598
v -0.01118436 -0.05764816 0.01857231
v 0.01012433 -0.07883812 0.01070632
v 0.00983699 -0.05499617 0.00504596
v 0.00983699 -0.05499617 0.02014233
v 0.00561418 -0.03924737 0.02023115
v -0.00743556 -0.03381058 0.01715524
v -0.00743556 -0.03381058 0.00803305
v 0.00836309 -0.07592252 0.01945757
v 0.01013104 -0.04399563 0.01387909
v 0.01080576 -0.04771623 0.01426140
v -0.01030893 -0.06503890 0.00570595
v 0.00936908 -0.05329410 0.00490512
v 0.00936908 -0.05329410 0.02028317
v -0.00940909 -0.05586794 0.00434257
v -0.00940909 -0.05586794 0.02084572
v -0.01092082 -0.06951270 0.00807060
v 0.00823925 -0.07969209 0.00668999
v 0.00823925 -0.07969205 0.01849830
v -0.00795289 -0.04598253 0.01956864
v -0.00795289 -0.04598253 0.00561965
v 0.01026342 -0.07828696 0.01428866
v -0.00703414 -0.03469710 0.01796034
v -0.00703414 -0.03469711 0.00722796
v 0.01241304 -0.05764816 0.01000407
v 0.00788398 -0.03924855 0.00733060
v 0.00788398 -0.03924855 0.01785769
v -0.00920128 -0.08055095 0.00878284
v -0.00818920 -0.07114567 0.02078334
v -0.00818920 -0.07114567 0.00440495
v 0.00793461 -0.05246569 0.02154601
v -0.00914455 -0.06376472 0.00402932
v -0.00914455 -0.06376472 0.02115896
v 0.00878442 -0.07860798 0.01805665
v 0.00878442 -0.07860798 0.00713164
v -0.01012491 -0.04502755 0.01023335
v -0.01012491 -0.04502755 0.01495496
v 0.00949087 -0.05246569 0.01987675
v 0.00949087 -0.05246569 0.00531154
v 0.01081530 -0.06046493 0.00586876
v 0.01081530 -0.06046493 0.01931953
v 0.00872281 -0.03498278 0.01086727
v 0.01009727 -0.05855732 0.00484624
v 0.01009727 -0.05855730 0.02034205
v 0.00766741 -0.05085879 0.02133714
v 0.00766741 -0.05085878 0.00385115
v -0.01059221 -0.05085879 0.01739343
v -0.01059221 -0.05085879 0.00779487
v 0.01069756 -0.07592252 0.01420010
v -0.00598811 -0.03489935 0.00604189
v 0.00852393 -0.04169984 0.01751479
v 0.00778698 -0.06958429 0.00371480
v -0.00909208 -0.04771623 0.01866928
v -0.00909208 -0.04771623 0.00651902
v 0.00948660 -0.07969209 0.00902364
v 0.00948660 -0.07969205 0.01616465
v 0.01016132 -0.07278481 0.00758312
v 0.01016132 -0.07278481 0.01760517
v -0.00996019 -0.04771623 0.01710706
v -0.00996019 -0.04771623 0.00808123
v -0.00681169 -0.04687424 0.00426857
v 0.01140462 -0.07114567 0.01460075
v 0.00976174 -0.06258723 0.02060542
v 0.00976174 -0.06258723 0.00458287
v 0.01001186 -0.06792558 0.01928384
v 0.01001186 -0.06792558 0.00590444
v 0.00925600 -0.05764816 0.00392495
v -0.00862905 -0.03472536 0.01459368
v 0.00867522 -0.04771623 0.01925088
v 0.00867522 -0.04771623 0.00593741
v 0.01067438 -0.07592252 0.01435650
v 0.01067438 -0.07592252 0.01083178
v -0.00745408 -0.04399563 0.01957566
v 0.00899428 -0.05246569 0.02048195
v 0.00899428 -0.05246569 0.00470634
v -0.00683548 -0.04695719 0.02092318
v -0.00683548 -0.07617744 0.02092318
v 0.01096233 -0.04852210 0.01440405
v 0.01096233 -0.04852210 0.01078425
v -0.00714112 -0.03572580 0.01805276
v -0.00714112 -0.03572580 0.00713554
v -0.00930255 -0.04399563 0.00837921
v -0.00930255 -0.04399563 0.01680908
v -0.00680986 -0.07883812 0.00486686
v -0.01170740 -0.05329410 0.01573114
v -0.01170740 -0.05329410 0.00945716
v -0.00712831 -0.03924612 0.00634492
v -0.00712831 -0.03924612 0.01884337
v 0.01012594 -0.07883810 0.01447314
v -0.00895848 -0.07860796 0.01776631
v -0.00895848 -0.07860798 0.00742196
v -0.01058245 -0.05855730 0.00552318
v -0.01058245 -0.05855730 0.01966509
v -0.00850216 -0.03488373 0.01515358
v -0.00850216 -0.03488373 0.01003472
v -0.00394769 -0.07790314 0.00604662
v -0.01090051 -0.04930541 0.00967336
v 0.01018307 -0.07860798 0.01078260
v -0.00879520 -0.04598255 0.00671739
v -0.00879520 -0.04598253 0.01847091
v 0.00913377 -0.04288000 0.00845576
v 0.00913377 -0.04288000 0.01673254
v 0.01082058 -0.04852209 0.01007114
v 0.01082058 -0.04852209 0.01511717
v -0.00612742 -0.04287982 0.00465708
v -0.00785145 -0.04687424 0.00524047
v -0.00785145 -0.04687424 0.01994784
v -0.01119334 -0.06951268 0.01639376
v -0.01119334 -0.06951268 0.00879453
v 0.00657946 -0.03802531 0.00601076
v 0.00657946 -0.03802531 0.01917753
v 0.01242686 -0.06149207 0.00999623
v -0.00847553 -0.06503889 0.00354493
v -0.00847553 -0.06503889 0.02164336
v 0.00739815 -0.07969205 0.01952329
v 0.00739815 -0.07969207 0.00566499
v 0.00882874 -0.04502755 0.01808421
v 0.00882874 -0.04502755 0.00710409
v -0.00870614 -0.06046493 0.02188957
v -0.00870614 -0.06046493 0.00329872
v 0.00799845 -0.06792558 0.00359473
v 0.00677407 -0.07860796 0.00477756
v -0.01160452 -0.05165360 0.01471402
v -0.01043626 -0.05007977 0.01732277
v -0.01043626 -0.05007977 0.00786552
v -0.00549418 -0.03612963 0.00541030
v 0.00642511 -0.03438768 0.01861917
v 0.01048565 -0.07439032 0.01615354
v 0.01048565 -0.07439032 0.00903475
v 0.00723100 -0.04598255 0.00487368
v 0.00723100 -0.04598253 0.02031461
v -0.00711206 -0.07439032 0.02107991
v 0.01084193 -0.07278481 0.00930529
v 0.01084193 -0.07278481 0.01588300
v 0.00743110 -0.03380445 0.01715894
v -0.01001654 -0.04598255 0.00919400
v -0.01001654 -0.04598253 0.01599429
v -0.00853593 -0.06258721 0.00328954
v 0.01175457 -0.05246569 0.01037795
v 0.01162341 -0.06951268 0.01045242
v -0.01170884 -0.06642407 0.01614597
v -0.01170884 -0.06642407 0.00904232
v -0.00710474 -0.07439032 0.00410218
v -0.00932229 -0.05499617 0.00441870
v -0.00932229 -0.05499617 0.02076959
v -0.00739817 -0.07969205 0.01952329
v -0.00739817 -0.07969205 0.00566499
v 0.00969990 -0.07969205 0.00965171
v 0.00969990 -0.07969205 0.01553657
v -0.01135866 -0.07114567 0.01485354
v -0.01135866 -0.07114567 0.01033476
v 0.00730116 -0.07439032 0.02091950
v 0.00730116 -0.07439032 0.00426879
v 0.00885680 -0.05007977 0.00532554
v -0.00835352 -0.04852210 0.01992000
v -0.00835352 -0.04852209 0.00526829
v 0.00697660 -0.04771623 0.00417493
v 0.00684544 -0.03469540 0.01819961
v 0.00684544 -0.03469539 0.00698869
v 0.01113719 -0.06258721 0.01854711
v 0.01113719 -0.06258723 0.00664118
v -0.01227619 -0.06376472 0.01509462
v 0.00924480 -0.04048951 0.01539748
v 0.00924480 -0.04048951 0.00979081
v -0.00539170 -0.03764055 0.00507484
v -0.00670332 -0.03924600 0.01929746
v -0.00798383 -0.03391222 0.01615592
v 0.00818369 -0.04169946 0.00712654
v 0.00895846 -0.07860796 0.01776631
v 0.00895846 -0.07860798 0.00742196
v -0.01186889 -0.05764816 0.01706128
v -0.01186889 -0.05764816 0.00812701
v -0.00420352 -0.03428328 0.00797844
v -0.00420352 -0.08025706 0.00797844
v 0.00986501 -0.04399563 0.01523747
v 0.00986501 -0.04399563 0.00995083
v 0.01188308 -0.06149206 0.01706661
v 0.01188308 -0.06149207 0.00812168
v -0.00993135 -0.07439032 0.00769652
v -0.00993135 -0.07439032 0.01749175
v -0.01191160 -0.05855730 0.00811095
v -0.01191160 -0.05855730 0.01707735
v 0.01226436 -0.06149207 0.00930792
v 0.01226436 -0.06149207 0.01588037
v -0.00854408 -0.06258721 0.02189135
v 0.00984731 -0.07964100 0.01015517
v -0.00884362 -0.04287992 0.00786721
v -0.00884362 -0.04287992 0.01732108
v 0.01039088 -0.04687424 0.01537838
v 0.01039088 -0.04687424 0.00980991
v 0.00968504 -0.06376472 0.02054247
v 0.00968504 -0.06376472 0.00464582
v -0.00976175 -0.06258721 0.00458287
v -0.00976175 -0.06258723 0.02060541
v 0.01030364 -0.04502755 0.01397689
v -0.00948662 -0.07969209 0.00902364
v -0.00948662 -0.07969207 0.01616465
v 0.01203437 -0.05413792 0.01021909
v 0.01036037 -0.05246569 0.01857571
v 0.01036037 -0.05246569 0.00661258
v -0.00778700 -0.05171274 0.00371479
v -0.01069758 -0.07592252 0.01420010
v -0.00731786 -0.03572936 0.01781332
v -0.00731786 -0.03572936 0.00737497
v 0.00972408 -0.05246569 0.00562598
v 0.00972408 -0.05246569 0.01956231
v -0.01079092 -0.06642407 0.01836203
v -0.01079092 -0.06642407 0.00682627
v -0.00576832 -0.03924679 0.00507163
v -0.00576832 -0.03924679 0.02011666
v 0.00823127 -0.06792558 0.02138258
v 0.00823127 -0.06792558 0.00380571
v -0.01045966 -0.07734167 0.01413216
v 0.01247361 -0.05949145 0.01520649
v -0.01186462 -0.06503889 0.01619323
v -0.01186462 -0.06503889 0.00899506
v 0.00989368 -0.04288033 0.01422760
v 0.00989368 -0.04288033 0.01096070
v 0.00595210 -0.04169929 0.00475664
v -0.00878444 -0.07860798 0.01805665
v -0.00878444 -0.07860798 0.00713164
v -0.00845318 -0.06376472 0.02183984
v -0.00853432 -0.03583583 0.00971370
v -0.00853432 -0.03583583 0.01547459
v 0.01012550 -0.04399563 0.01392720
v 0.01012550 -0.04399563 0.01126109
v -0.00940853 -0.04049156 0.01478731
v -0.00940853 -0.04049156 0.01040098
v 0.00920126 -0.08055095 0.00878284
v -0.00806519 -0.05165360 0.02120524
v -0.00806519 -0.05165360 0.00398305
v 0.01103815 -0.05949145 0.00622127
v 0.01103815 -0.05949145 0.01896702
v -0.00757775 -0.03376462 0.00828535
v -0.00351721 -0.07886246 0.01842446
v -0.01132594 -0.06258721 0.01817950
v -0.01132594 -0.06258721 0.00700879
v 0.01007648 -0.04399563 0.01093051
v 0.01007648 -0.04399563 0.01425779
v -0.00720888 -0.03470243 0.00746525
v -0.00720888 -0.03470243 0.01772304
v -0.00778356 -0.05165360 0.02146041
v -0.00922024 -0.03764055 0.01181691
v -0.01026344 -0.07828694 0.01428866
v 0.00727814 -0.03384199 0.00777968
v -0.01188741 -0.05329410 0.01495872
v -0.01188741 -0.05329410 0.01022958
v 0.00845922 -0.05246569 0.02105337
v 0.00845922 -0.05246569 0.00413492
v -0.01074356 -0.05085879 0.00814403
v -0.01074356 -0.05085878 0.01704427
v -0.01111203 -0.07278481 0.01038381
v -0.01111203 -0.07278481 0.01480447
v 0.01140213 -0.06792558 0.01646464
v 0.01140213 -0.06792558 0.00872365
v -0.01148050 -0.05413792 0.00827320
v -0.01148050 -0.05413793 0.01691509
v 0.00858489 -0.05764816 0.00326176
v 0.01064017 -0.04687424 0.01416757
v -0.00884933 -0.05586794 0.02144347
v -0.00884933 -0.05586794 0.00374482
v -0.00681906 -0.04687424 0.02091389
v -0.00879930 -0.04048465 0.01657899
v -0.00879930 -0.04048465 0.00860930
v 0.01001669 -0.04399563 0.01060169
v 0.01001669 -0.04399563 0.01458661
v 0.00704937 -0.03389599 0.00743777
v -0.00707467 -0.03764055 0.01303516
v -0.00707467 -0.07689979 0.01303515
v -0.01160374 -0.06503889 0.01696148
v -0.01160374 -0.06503889 0.00822681
v 0.00968604 -0.04288021 0.00999882
v 0.00968604 -0.04288021 0.01518948
v 0.00625020 -0.03469272 0.01886040
v 0.00625020 -0.03469272 0.00632789
v -0.00611871 -0.03428328 0.01383340
v -0.00611871 -0.08025706 0.01383340
v 0.00650032 -0.03428328 0.00667434
v 0.00537599 -0.03663720 0.00523564
v -0.01017254 -0.05586794 0.01988368
v -0.01017254 -0.05586794 0.00530461
v -0.00791106 -0.08049134 0.00652377
v -0.01093450 -0.06503889 0.01843877
v -0.01093450 -0.06503889 0.00674952
v 0.01144850 -0.05085879 0.01462562
v -0.00797939 -0.03387417 0.01615294
v -0.01117121 -0.07278481 0.01070918
v 0.00360926 -0.03542152 0.00693182
v 0.00630815 -0.04399563 0.02062439
v -0.01239498 -0.05855732 0.01548425
v -0.01239498 -0.05855730 0.00970404
v 0.01228061 -0.05675223 0.00973070
v 0.01228061 -0.05675226 0.01545760
v -0.01200759 -0.06642407 0.01494242
v -0.00818437 -0.06642405 0.02168751
v -0.01035190 -0.07790314 0.01102248
v -0.00845279 -0.04771623 0.00565712
v -0.00845279 -0.04771623 0.01953119
v -0.00827160 -0.08060576 0.01812104
v -0.00827160 -0.08060576 0.00706725
v -0.00744071 -0.04930541 0.02107862
v -0.01046415 -0.04771623 0.01576841
v -0.01046415 -0.04771622 0.00941989
v 0.00712746 -0.03924637 0.01884436
v 0.00712746 -0.03924637 0.00634393
v -0.00818376 -0.04169945 0.00712659
v -0.00818376 -0.04169945 0.01806171
v 0.01241278 -0.05949145 0.01548841
v 0.01241278 -0.05949145 0.00969988
v -0.00613418 -0.03802506 0.00559467
v -0.00613418 -0.03802506 0.01959362
v -0.01157528 -0.06376472 0.01738878
v -0.00673387 -0.04399563 0.02027262
v -0.00673387 -0.04399563 0.00491567
v -0.00762089 -0.07969209 0.01927749
v -0.00762089 -0.07969207 0.00591080
v -0.00832673 -0.03417716 0.00980067
v -0.01129405 -0.05499617 0.01771141
v -0.01129405 -0.05499617 0.00747688
v -0.00739578 -0.07592252 0.00469776
v -0.00739578 -0.07592252 0.02049053
v -0.00753914 -0.04287982 0.00598253
v -0.00753914 -0.04287982 0.01920577
v 0.01182651 -0.06792558 0.01033710
v 0.00955283 -0.06792558 0.00526399
v 0.00955283 -0.06792558 0.01992429
v -0.00656427 -0.03572161 0.00645197
v -0.00656427 -0.03572162 0.01873632
v -0.00466516 -0.08064434 0.00879149
v 0.01173317 -0.05246569 0.01492803
v 0.01173317 -0.05246569 0.01026027
v 0.01105235 -0.05246569 0.01717219
v 0.01105235 -0.05246569 0.00801611
v 0.00976574 -0.04288025 0.01031711
v 0.00976574 -0.04288025 0.01487119
v 0.01035322 -0.07790314 0.01415680
v -0.01159846 -0.05329410 0.00907580
v -0.01159846 -0.05329410 0.01611249
v 0.01007870 -0.05499617 0.00537186
v 0.01007870 -0.05499617 0.01981643
v -0.01053636 -0.07592252 0.01013740
v -0.01053636 -0.07592252 0.01505089
v -0.01006783 -0.04687424 0.01638341
v -0.01006783 -0.04687424 0.00880488
v -0.00747509 -0.04771623 0.02057520
v -0.00747509 -0.04771622 0.00461309
v 0.00876707 -0.06503889 0.02136123
v 0.00876707 -0.06503889 0.00382706
v -0.00916129 -0.03927270 0.01504702
v -0.00599387 -0.03489935 0.01914124
v -0.01240313 -0.06046493 0.01548616
v -0.01240313 -0.06046493 0.00970213
v -0.00806135 -0.08060576 0.01842234
v 0.00686919 -0.07592252 0.00423592
v 0.00923682 -0.03927502 0.01044184
v 0.00923682 -0.03927502 0.01474646
v -0.00891665 -0.05675223 0.00367749
v -0.00891665 -0.05675223 0.02151081
v 0.00630122 -0.04399563 0.00455841
v -0.00882270 -0.03534962 0.01404566
v 0.01226087 -0.05586794 0.01009048
v -0.00953464 -0.05764816 0.00423247
v -0.00953464 -0.05764816 0.02095583
v -0.01069619 -0.07592252 0.01097888
v -0.00890933 -0.03570223 0.01378377
v 0.00878843 -0.06792558 0.02082544
v 0.00878843 -0.06792558 0.00436285
v -0.00735369 -0.04687424 0.02044559
v -0.00735369 -0.04687424 0.00474270
v 0.01094376 -0.07278481 0.01552653
v 0.01094376 -0.07278481 0.00966176
v -0.00743482 -0.03380371 0.01715462
v -0.01060163 -0.06951268 0.00736598
v -0.01060163 -0.06951270 0.01782231
v -0.01037042 -0.07734167 0.01465695
v -0.01037042 -0.07734165 0.01053133
v -0.01025756 -0.04502755 0.01428769
v -0.01025756 -0.04502755 0.01090061
v 0.00926427 -0.04288004 0.01643146
v 0.00926427 -0.04288004 0.00875683
v -0.01160051 -0.06046493 0.01785028
v -0.01160051 -0.06046493 0.00733801
v 0.01107043 -0.07346979 0.01076640
v -0.00832634 -0.03417404 0.01538745
v 0.00913411 -0.05586794 0.00403910
v 0.00913411 -0.05586794 0.02114919
v -0.00955682 -0.07860798 0.00863557
v -0.00955682 -0.07860798 0.01655270
v -0.00758268 -0.07114567 0.02134659
v -0.00735147 -0.04502755 0.00524269
v -0.00735147 -0.04502752 0.01994560
v -0.00860696 -0.06149206 0.02192699
v -0.00978132 -0.04170350 0.01368091
v 0.01023404 -0.04771623 0.00874233
v 0.01023404 -0.04771623 0.01644597
v -0.00941895 -0.04170216 0.00973726
v -0.00941895 -0.04170216 0.01545103
v 0.01103383 -0.07278481 0.01002141
v -0.00808780 -0.04687424 0.01968697
v -0.00808780 -0.04687424 0.00550131
v 0.00897916 -0.07734165 0.01817774
v 0.00897916 -0.07734165 0.00701056
v 0.00796097 -0.03477036 0.01647867
v 0.00796097 -0.03477036 0.00870963
v 0.00380709 -0.07964100 0.00728024
v 0.00820499 -0.05413790 0.00347746
v 0.01059764 -0.05949145 0.01967526
v 0.01059764 -0.05949145 0.00551303
v 0.00671828 -0.07689979 0.02085677
v -0.00960502 -0.04502755 0.01657268
v -0.00960502 -0.04502755 0.00861562
v 0.00704954 -0.04047944 0.01919712
v 0.00704954 -0.04047944 0.00599119
v -0.00985453 -0.07592252 0.01705918
v -0.00985453 -0.07592252 0.00812911
v -0.00962942 -0.07114567 0.00616000
v -0.00962942 -0.07114567 0.01902829
v 0.00325194 -0.05005672 0.01889260
v 0.00325194 -0.05532967 0.01889260
v 0.00983629 -0.06503889 0.00504648
v 0.00983629 -0.06503889 0.02014181
v -0.00682438 -0.04687424 0.00427864
v -0.00682438 -0.04687424 0.02090965
v 0.01018646 -0.04687424 0.01605197
v -0.00924752 -0.05246569 0.00500489
v -0.00924752 -0.05246569 0.02018340
v -0.00920360 -0.05675224 0.02121426
v -0.00920360 -0.05675224 0.00397403
v -0.01236431 -0.06258721 0.01003174
v 0.01050003 -0.06258721 0.01961003
v 0.01050003 -0.06258721 0.00557826
v 0.00651452 -0.03489935 0.01313487
v 0.00651452 -0.07964100 0.01313487
v 0.00825746 -0.08068154 0.00707669
v 0.00953187 -0.04049312 0.01416756
v 0.00953187 -0.04049312 0.01102073
v -0.00996495 -0.04852210 0.01750833
v -0.00996495 -0.04852209 0.00767996
v 0.01012545 -0.07592252 0.01640509
v 0.01012545 -0.07592252 0.00878318
v -0.01123265 -0.05085879 0.00958436
v -0.01123265 -0.05085878 0.01560393
v 0.01055066 -0.04687424 0.01469282
v 0.01055066 -0.04687424 0.01049547
v 0.00857042 -0.05329410 0.00402373
v 0.00857042 -0.05329410 0.02116456
v -0.01014553 -0.07860796 0.01461222
v -0.01014553 -0.07860796 0.01057607
v 0.00898282 -0.04598255 0.00700828
v 0.00898282 -0.04598253 0.01818001
v 0.01012035 -0.04852210 0.01717963
v 0.01012035 -0.04852210 0.00800867
v 0.00748430 -0.03573513 0.01757163
v 0.00539851 -0.03764055 0.02010894
v 0.01215794 -0.05499617 0.01502762
v -0.00612669 -0.04047947 0.00512718
v -0.00612669 -0.04047947 0.02006111
v -0.00826921 -0.07278481 0.00484918
v -0.00826921 -0.07278481 0.02033911
v 0.00734215 -0.07278481 0.00396736
v -0.00559533 -0.03570223 0.01962350
v 0.01060352 -0.07278481 0.01658502
v 0.01093478 -0.07439032 0.01433451
v -0.00679409 -0.03802484 0.01895534
v -0.00679409 -0.03802484 0.00623295
v 0.00801139 -0.07278481 0.02060553
v 0.00801139 -0.07278481 0.00458275
v 0.01194076 -0.05675223 0.01664747
v 0.01194076 -0.05675223 0.00854082
v 0.00989890 -0.07860798 0.01559693
v 0.00989890 -0.07860798 0.00959134
v 0.01117331 -0.05413792 0.00753157
v 0.01117331 -0.05413793 0.01765672
v 0.00898077 -0.03926734 0.00954868
v 0.00898077 -0.03926734 0.01563962
v 0.00909363 -0.08064434 0.00858466
v -0.00783546 -0.07969209 0.00616375
v -0.00783546 -0.07969205 0.01902454
v 0.00879409 -0.07592252 0.00629239
v 0.00879409 -0.07592252 0.01889590
v -0.00927215 -0.03809359 0.01350671
v -0.00927215 -0.03809359 0.01168159
v 0.00884472 -0.04399563 0.00748765
v 0.00884472 -0.04399563 0.01770066
v 0.00949443 -0.06258721 0.00426772
v 0.00949443 -0.06258721 0.02092057
v -0.00760974 -0.03684960 0.00752691
v -0.00760974 -0.03684960 0.01766138
v -0.00930265 -0.05949143 0.02130703
v -0.00930265 -0.05949145 0.00388126
v 0.00760814 -0.04169922 0.00635049
v 0.00760814 -0.04169922 0.01883780
v 0.00950786 -0.08025706 0.01575383
v 0.00700945 -0.07790314 0.01292029
v 0.00994566 -0.06642405 0.01972110
v 0.00994566 -0.06642407 0.00546719
v -0.01171259 -0.05586794 0.01700245
v -0.01171259 -0.05586794 0.00818584
v 0.00538548 -0.03684627 0.01998137
v -0.00931324 -0.05007977 0.01926790
v -0.00931324 -0.05007977 0.00592039
v -0.00915706 -0.07734167 0.01788098
v -0.00915706 -0.07734167 0.00730731
v -0.00853236 -0.03450948 0.01486226
v -0.00874405 -0.04687424 0.01886004
v -0.00874405 -0.04687424 0.00632825
v -0.01158631 -0.06642405 0.00866113
v -0.01158631 -0.06642405 0.01652716
v -0.00565778 -0.03389599 0.01464685
v 0.00982853 -0.06951268 0.00602694
v 0.00982853 -0.06951270 0.01916135
v 0.01157146 -0.05165360 0.01489587
v 0.01157146 -0.05165360 0.01029242
v -0.01206704 -0.05675223 0.00893365
v -0.01206704 -0.05675226 0.01625464
v 0.00817344 -0.07734167 0.00588635
v 0.00817344 -0.07734167 0.01930194
v -0.00864340 -0.05949145 0.00322853
v -0.00704993 -0.04047934 0.00599163
v -0.00704993 -0.04047934 0.01919666
v 0.00868040 -0.04170009 0.00795503
v 0.00868040 -0.04170009 0.01723326
v 0.00713756 -0.03572679 0.00713138
v 0.00713756 -0.03572679 0.01805692
v 0.01104193 -0.05165360 0.01675003
v 0.01104193 -0.05165360 0.00843826
v 0.00757498 -0.07114567 0.00383518
v -0.00980982 -0.05165360 0.01914885
v -0.00980982 -0.05165360 0.00603944
v -0.00965365 -0.04170303 0.01067404
v -0.00965365 -0.04170303 0.01451426
v 0.00832535 -0.07439032 0.00529298
v 0.00832535 -0.07439032 0.01989531
v 0.01040564 -0.05586794 0.00564133
v 0.01040564 -0.05586794 0.01954696
v 0.00815087 -0.04287984 0.01843493
v 0.00815087 -0.04287983 0.00675337
v 0.00717051 -0.07966991 0.01976466
v 0.00817649 -0.06642405 0.00349364
v -0.00872148 -0.03497270 0.01432074
v 0.00785804 -0.03388173 0.00877770
v 0.00785804 -0.03388173 0.01641061
v -0.00516058 -0.08077645 0.00966401
v -0.00516058 -0.03376390 0.00966401
v -0.00985192 -0.05329410 0.00553437
v -0.00985192 -0.05329410 0.01965392
v 0.01083817 -0.05586794 0.01885158
v 0.01083817 -0.05586794 0.00633671
v -0.00722806 -0.07734167 0.02031145
v -0.00722806 -0.07734165 0.00487684
v -0.01200054 -0.06642407 0.01498121
v -0.01200054 -0.06642407 0.01020708
v -0.00899562 -0.07592252 0.01860482
v -0.00899562 -0.07592252 0.00658347
v -0.01165059 -0.05246567 0.01531069
v -0.01165059 -0.05246567 0.00987760
v 0.00898338 -0.03694617 0.01437754
v 0.00898338 -0.03694617 0.01081075
v -0.01055065 -0.04687424 0.01469282
v -0.01055065 -0.04687424 0.01049547
v -0.00912007 -0.05165360 0.02007879
v -0.00912007 -0.05165360 0.00510950
v -0.00858871 -0.04852210 0.00554557
v -0.00858871 -0.04852210 0.01964272
v 0.00681646 -0.07883810 0.02031544
v -0.00651451 -0.03489935 0.01313487
v -0.00651451 -0.07964100 0.01313487
v -0.01123697 -0.06376472 0.01813561
v -0.00905662 -0.03652311 0.01170359
v -0.01245464 -0.05855730 0.00998046
v -0.01043657 -0.04598255 0.01431724
v -0.01043657 -0.04598253 0.01087106
v -0.01061105 -0.07592252 0.01470483
v -0.01061105 -0.07592252 0.01048346
v 0.00877352 -0.08060578 0.00790459
v 0.00877352 -0.08060578 0.01728370
v 0.00926705 -0.06149206 0.02127371
v 0.00926705 -0.06149207 0.00391458
v -0.00979845 -0.04687424 0.00815452
v -0.00979845 -0.04687424 0.01703377
v 0.01205990 -0.06046493 0.01668792
v -0.00994182 -0.04288033 0.01390300
v -0.00994182 -0.04288033 0.01128530
v -0.00773036 -0.08035224 0.01893828
v 0.00798105 -0.04771623 0.02006923
v 0.00798105 -0.04771622 0.00511906
v -0.00682991 -0.04047934 0.01942407
v -0.00682991 -0.04047934 0.00576423
v 0.00873142 -0.05246569 0.00441624
v 0.00873142 -0.05246569 0.02077205
v -0.00785420 -0.03383808 0.00878258
v -0.00780418 -0.06951268 0.02147209
v 0.00866920 -0.05764816 0.00333815
v 0.00866920 -0.05764816 0.02185014
v 0.00941896 -0.04170216 0.01545103
v 0.01084954 -0.05007977 0.00891124
v 0.01084954 -0.05007977 0.01627707
v -0.00895291 -0.04930541 0.01946395
v -0.00895291 -0.04930541 0.00572434
v 0.00887601 -0.03926443 0.01593112
v 0.00887601 -0.03926443 0.00925718
v -0.01190132 -0.05329410 0.01488220
v 0.00730816 -0.04930541 0.02119102
v -0.01107042 -0.07346985 0.01076640
v -0.01107042 -0.04901477 0.01076641
v 0.00876376 -0.03692287 0.01524431
v 0.00876376 -0.03692287 0.00994398
v 0.00780841 -0.04169928 0.01858542
v 0.00780841 -0.04169928 0.00660288
v 0.00858318 -0.07592252 0.00600802
v 0.00858318 -0.07592252 0.01918027
v -0.01229381 -0.05855730 0.01588826
v -0.01229381 -0.05855730 0.00930003
v -0.01234993 -0.05675223 0.01513641
v 0.00779660 -0.06951268 0.00370935
v -0.00860784 -0.07969205 0.01794682
v -0.00860784 -0.07969207 0.00724146
v -0.00595897 -0.04169926 0.02042652
v 0.00962128 -0.07278481 0.01857703
v 0.00962128 -0.07278481 0.00661124
v 0.00868423 -0.04287988 0.00758038
v 0.00868423 -0.04287988 0.01760791
v 0.00985249 -0.05949145 0.00450840
v 0.00985249 -0.05949145 0.02067989
v 0.00381170 -0.07964100 0.01790472
v 0.00396788 -0.03628155 0.00620458
v 0.00396788 -0.03628155 0.01897713
v 0.00396788 -0.03628155 0.01762913
v 0.00396788 -0.03628155 0.00756343
v 0.00396788 -0.07785472 0.00602783
v 0.00396788 -0.07785472 0.01915378
v 0.00396788 -0.07785472 0.00756343
v 0.00396788 -0.05668239 0.01762913
v 0.00396788 -0.05668239 0.00588326
v 0.00396788 -0.05668239 0.00756343
v 0.00396788 -0.05668239 0.01929827
v 0.00396788 -0.04870399 0.01762913
v 0.00396788 -0.04870399 0.00588326
v 0.00396788 -0.04870399 0.00756343
v 0.00396788 -0.04870399 0.01929827
v 0.00396788 -0.07785470 0.01762913
v -0.01103709 -0.05586794 0.01849360
v -0.01103709 -0.05586794 0.00669469
v 0.01054003 -0.07689979 0.01411082
v 0.01141485 -0.05855730 0.01822335
v 0.01141485 -0.05855730 0.00696495
v -0.00903732 -0.03695189 0.01110459
v -0.00903732 -0.03695188 0.01408371
v 0.00992265 -0.05007977 0.00686530
v 0.00992265 -0.05007977 0.01832299
v -0.00921180 -0.04170146 0.01606074
v -0.00921180 -0.04170146 0.00912755
v 0.00707429 -0.07689979 0.01214699
v 0.00916130 -0.03927270 0.01014128
v 0.00916130 -0.03927270 0.01504702
v 0.00972987 -0.05007977 0.01864455
v 0.00972987 -0.05007977 0.00654374
v 0.00995498 -0.04288035 0.01139975
v 0.00982382 -0.07969207 0.01508657
v 0.01234762 -0.05675224 0.01004122
v 0.00765018 -0.07592252 0.02024433
v 0.00765018 -0.07592252 0.00494395
v 0.01082370 -0.05949143 0.01932475
v 0.01082370 -0.05949145 0.00586354
v 0.00761907 -0.05085878 0.00381013
v -0.00763602 -0.07114567 0.00388695
v -0.00763602 -0.07114567 0.02130133
v 0.01011176 -0.05949145 0.02035318
v 0.01011176 -0.05949145 0.00483511
v 0.00963104 -0.07734167 0.00823036
v 0.00963104 -0.07734167 0.01695793
v -0.00777267 -0.03685395 0.01740883
v -0.00777267 -0.03685395 0.00777947
v -0.00897815 -0.06149207 0.02157229
v -0.00897815 -0.06149207 0.00361600
v 0.00747022 -0.07278481 0.02111229
v 0.00747022 -0.07278481 0.00407600
v 0.00759528 -0.04852210 0.00448475
v 0.00759528 -0.04852209 0.02070354
v 0.01045035 -0.07592252 0.01539432
v 0.01045035 -0.07592252 0.00979397
v -0.01215715 -0.06503889 0.01502717
v -0.00955831 -0.04399563 0.00899667
v -0.00955831 -0.04399563 0.01619162
v -0.00844007 -0.05586794 0.02183243
v 0.01031979 -0.07278481 0.01727000
v 0.01031979 -0.07278481 0.00791829
v 0.01177539 -0.05949145 0.01747168
v 0.01177539 -0.05949145 0.00771661
v -0.01021373 -0.07114567 0.00713477
v -0.01021373 -0.07114567 0.01805352
v -0.00894542 -0.03590546 0.01147252
v 0.00894634 -0.03590562 0.01370791
v 0.00759079 -0.08025706 0.00605517
v 0.00896525 -0.04170074 0.00853263
v 0.00896525 -0.04170074 0.01665567
v -0.00920714 -0.07439032 0.00644214
v -0.00920714 -0.07439032 0.01874614
v -0.00900704 -0.04399563 0.01740853
v -0.00900704 -0.04399563 0.00777977
v -0.01227389 -0.06376472 0.01008308
v 0.01047148 -0.04598255 0.01110647
v 0.01007799 -0.06503889 0.01981594
v 0.01007799 -0.06503889 0.00537235
v 0.00942218 -0.07860798 0.01686329
v 0.00942218 -0.07860798 0.00832498
v -0.00643260 -0.03437792 0.01860880
v 0.00962899 -0.08005184 0.01551506
v 0.01186546 -0.05499617 0.01619348
v 0.01186546 -0.05499617 0.00899481
v 0.00958568 -0.04170277 0.01035926
v 0.00958568 -0.04170277 0.01482905
v 0.00999197 -0.07278481 0.01793498
v 0.00999197 -0.07278481 0.00725331
v 0.00707468 -0.03764055 0.01303516
v 0.00707468 -0.07689979 0.01303515
v -0.00774300 -0.03802952 0.01775775
v -0.00774300 -0.03802952 0.00743054
v 0.00599488 -0.03489935 0.01914180
v 0.00836251 -0.05007977 0.00476178
v 0.00836251 -0.05007977 0.02042652
v 0.00760665 -0.04687424 0.02020081
v 0.00760665 -0.04687424 0.00498748
v 0.00668851 -0.07734165 0.00440539
v -0.00791686 -0.07114567 0.02104688
v -0.00791686 -0.07114567 0.00414142
v -0.00958476 -0.05499617 0.02046016
v -0.00958476 -0.05499617 0.00472811
v 0.00891888 -0.03575225 0.01376537
v 0.00995598 -0.04288035 0.01377989
v 0.01203628 -0.05413790 0.01495867
v -0.00746054 -0.05007977 0.00390014
v 0.00758225 -0.03383039 0.00827640
v -0.01064016 -0.04687424 0.01416757
v 0.00918792 -0.07114567 0.01964429
v 0.00918792 -0.07114569 0.00554400
v 0.00856993 -0.03690360 0.00938121
v -0.01030829 -0.05764816 0.01998095
v -0.01030829 -0.05764816 0.00520734
v 0.01092536 -0.07439032 0.01439793
v 0.01092536 -0.07439032 0.01079035
v 0.00862667 -0.05855730 0.00323803
v 0.00807090 -0.05329410 0.00355358
v -0.01191945 -0.06046493 0.01708030
v -0.01191945 -0.06046493 0.00810799
v -0.01007647 -0.04399563 0.01425779
v -0.00890821 -0.03570223 0.01139685
v 0.01061362 -0.04687424 0.01434648
v 0.01061362 -0.04687424 0.01084182
v 0.00979532 -0.07860796 0.01591920
v 0.00979532 -0.07860796 0.00926909
v 0.01185060 -0.05586794 0.00857142
v 0.01185060 -0.05586794 0.01661688
v -0.01126935 -0.06792558 0.01683561
v -0.01126935 -0.06792558 0.00835267
v -0.00780849 -0.04169924 0.01858533
v -0.00780849 -0.04169924 0.00660297
v 0.00537911 -0.03684632 0.00520222
v -0.01165002 -0.05675224 0.00776855
v -0.01165002 -0.05675226 0.01741974
v 0.00714096 -0.07964100 0.00538731
v 0.00853433 -0.04687424 0.01914278
v -0.01200569 -0.06642407 0.01023537
v -0.00894442 -0.04687424 0.00661769
v -0.00905057 -0.08065873 0.01669490
v -0.00863817 -0.03925863 0.00868515
v -0.00863817 -0.03925863 0.01650315
v -0.00773224 -0.04771623 0.02032638
v -0.00773224 -0.04771623 0.00486191
v 0.00777908 -0.05165360 0.00372383
v 0.00617402 -0.03469280 0.01893391
v 0.01140282 -0.07114567 0.01057767
v 0.01194638 -0.05413792 0.01537967
v 0.01194638 -0.05413792 0.00980863
v -0.00848749 -0.05085879 0.00464473
v -0.00848749 -0.05085878 0.02054356
v -0.00718136 -0.07969207 0.00544093
v 0.00681824 -0.03570223 0.01258351
v 0.00681824 -0.07883812 0.01258351
v -0.01010475 -0.05007977 0.00719304
v -0.01010475 -0.05007977 0.01799526
v -0.01117296 -0.07278481 0.01446947
v 0.00795538 -0.04287982 0.00648980
v 0.00795538 -0.04287982 0.01869849
v -0.00794942 -0.05085879 0.00410667
v -0.00794942 -0.05085878 0.02108162
v -0.00999189 -0.07860796 0.01527146
v -0.00999189 -0.07860798 0.00991683
v -0.01203436 -0.05413790 0.01021909
v -0.01048481 -0.05675223 0.01959986
v -0.01048481 -0.05675224 0.00558843
v 0.00785656 -0.04852209 0.00473759
v 0.00785656 -0.04852209 0.02045070
v 0.00613253 -0.03802554 0.01959555
v 0.00613253 -0.03802554 0.00559274
v -0.01059646 -0.06642407 0.00647628
v -0.01059646 -0.06642407 0.01871202
v -0.00982168 -0.07969207 0.01009318
v -0.01195810 -0.06258721 0.01665335
v -0.01195810 -0.06258721 0.00853492
v -0.00905301 -0.06792558 0.02053344
v -0.00905301 -0.06792558 0.00465485
v -0.00927751 -0.07860796 0.01716932
v -0.00927751 -0.07860796 0.00801897
v -0.00719722 -0.03802554 0.01849474
v -0.00719722 -0.03802554 0.00669355
v -0.01087037 -0.05329410 0.01795482
v -0.01087037 -0.05329410 0.00723347
v 0.00760826 -0.03685001 0.00752519
v 0.00760826 -0.03685001 0.01766310
v 0.00810180 -0.05007977 0.00449235
v 0.00810180 -0.05007977 0.02069594
v 0.00768330 -0.03473435 0.00820046
v -0.00874615 -0.08074425 0.01726907
v 0.00853311 -0.03451530 0.01032580
v 0.00930788 -0.06792558 0.02023295
v 0.00930788 -0.06792558 0.00495534
v 0.01123200 -0.06046493 0.00659051
v 0.01123200 -0.06046493 0.01859778
v -0.00929542 -0.06046493 0.02130028
v -0.00929542 -0.06046493 0.00388801
v 0.00353591 -0.07883812 0.00672577
v 0.00587853 -0.04047973 0.02025806
v 0.00587853 -0.04047973 0.00493023
v -0.01113169 -0.04930541 0.01444609
v 0.00908987 -0.05007979 0.00561924
v 0.00908987 -0.05007977 0.01956906
v 0.00882755 -0.04170040 0.00824151
v 0.00882755 -0.04170040 0.01694679
v -0.00731457 -0.07860796 0.01990871
v -0.00731457 -0.07860798 0.00527958
v -0.01132508 -0.05085879 0.00995350
v -0.01132508 -0.05085878 0.01523479
v -0.00804542 -0.03389599 0.00917982
v 0.00890319 -0.08070035 0.00820355
v -0.00841938 -0.03428328 0.01004268
v 0.01099020 -0.04930541 0.01003157
v 0.01099020 -0.04930541 0.01515672
v 0.00931620 -0.04687424 0.00721542
v 0.00931620 -0.04687424 0.01797287
v -0.01093648 -0.06258721 0.00627997
v -0.01093648 -0.06258721 0.01890832
v 0.00905388 -0.03650300 0.01348444
v -0.00794964 -0.07734167 0.01956580
v -0.00794964 -0.07734165 0.00562248
v 0.00808694 -0.03479185 0.01621980
v 0.00808694 -0.03479185 0.00896850
v 0.01042956 -0.05085879 0.01773745
v 0.01042956 -0.05085879 0.00745084
v -0.01047283 -0.04598255 0.01407274
v 0.00698151 -0.04399563 0.00514006
v 0.00698151 -0.04399563 0.02004823
v 0.01013002 -0.04399563 0.01130036
v 0.01160453 -0.05165360 0.01471402
v 0.00948702 -0.04598255 0.00791564
v 0.00948702 -0.04598253 0.01727264
v 0.01038685 -0.07114567 0.01771639
v 0.01038685 -0.07114567 0.00747190
v 0.01137393 -0.05764816 0.00698514
v 0.01137393 -0.05764816 0.01820315
v 0.00964380 -0.04771623 0.01774888
v 0.00964380 -0.04771622 0.00743941
v -0.00835349 -0.03804420 0.01670322
v -0.00835349 -0.03804420 0.00848508
v 0.00682046 -0.07860796 0.00481690
v 0.00682046 -0.07860796 0.02037137
v 0.01072482 -0.04771623 0.01472747
v 0.01072482 -0.04771623 0.01046083
v -0.00624819 -0.03684149 0.00591903
v -0.00624819 -0.03684149 0.01926927
v -0.00820342 -0.04048090 0.00749529
v -0.00820342 -0.04048090 0.01769301
v 0.00612743 -0.04287982 0.00465708
v -0.00858410 -0.08076705 0.00763811
v 0.00713342 -0.07592252 0.02072825
v 0.00713342 -0.07592252 0.00446005
v -0.00874637 -0.08074312 0.00791910
v 0.00866405 -0.04048352 0.00832368
v 0.00866405 -0.04048352 0.01686461
v 0.01175643 -0.05246569 0.01480009
v -0.01083887 -0.07114567 0.01667359
v -0.01083887 -0.07114567 0.00851468
v -0.00891475 -0.03807193 0.01529360
v -0.00891475 -0.03807193 0.00989470
v -0.00759641 -0.08025706 0.01912648
v -0.01207545 -0.05499617 0.01540976
v -0.01207545 -0.05499617 0.00977853
v 0.00948314 -0.07734165 0.00791755
v -0.01027600 -0.05007977 0.01766173
v -0.01027600 -0.05007977 0.00752656
v 0.01226317 -0.05586794 0.01508724
v 0.00567272 -0.03555634 0.01953870
v -0.00817680 -0.04598255 0.01930468
v -0.00817680 -0.04598253 0.00588361
v -0.01163094 -0.06792558 0.01571064
v -0.01163094 -0.06792558 0.00947765
v 0.00994617 -0.04399563 0.01491329
v -0.00973183 -0.05413792 0.02006165
v -0.00973183 -0.05413790 0.00512663
v 0.00711673 -0.03388066 0.00753356
v 0.01062761 -0.05586794 0.00598547
v 0.01062761 -0.05586794 0.01920282
v 0.00781646 -0.04502755 0.00573928
v 0.00781646 -0.04502755 0.01944901
v 0.00409999 -0.03727076 0.00586422
v 0.00409999 -0.03727076 0.01931718
v 0.00409999 -0.03727076 0.01739597
v 0.00409999 -0.03727076 0.00779611
v 0.00409999 -0.03764055 0.00580825
v 0.00409999 -0.03764055 0.01937315
v 0.00409999 -0.05767163 0.00580824
v 0.00409999 -0.05767163 0.01739597
v 0.00409999 -0.05767163 0.00779611
v 0.00409999 -0.05767163 0.01937315
v 0.00409999 -0.04771476 0.00580825
v 0.00409999 -0.04771476 0.01739597
v 0.00409999 -0.04771476 0.00779611
v 0.00409999 -0.04771476 0.01937315
v 0.00409999 -0.07686549 0.01937315
v 0.00409999 -0.07686549 0.01739595
v 0.00409999 -0.07686551 0.00580824
v 0.00409999 -0.07686551 0.00779611
v -0.01041754 -0.06376472 0.01955491
v -0.01041754 -0.06376472 0.00563338
v 0.00791163 -0.08048775 0.01866496
v -0.00906138 -0.08060576 0.00848847
v -0.00906138 -0.08060576 0.01669980
v -0.01171635 -0.05764816 0.00774107
v -0.01171635 -0.05764816 0.01744722
v -0.00679990 -0.07877063 0.00484037
v 0.00899875 -0.03807698 0.01018663
v 0.00899875 -0.03807698 0.01500167
v -0.00871121 -0.03493745 0.01434601
v -0.00821767 -0.03406183 0.00954245
v -0.00943534 -0.04852209 0.01846142
v -0.00943534 -0.04852209 0.00672688
v 0.00665064 -0.04598255 0.02081845
v -0.00940362 -0.03928012 0.01383165
v -0.00940362 -0.03928012 0.01135665
v -0.01149002 -0.05165360 0.01527326
v -0.01149002 -0.05165360 0.00991504
v -0.01019670 -0.04502755 0.01056590
v -0.01019670 -0.04502755 0.01462241
v 0.00843201 -0.05586794 0.00334856
v -0.01030895 -0.06503889 0.01948234
v -0.00885945 -0.06376472 0.02145360
v -0.00885945 -0.06376472 0.00373469
v 0.00913846 -0.08060576 0.00866632
v -0.00861543 -0.08060576 0.00762003
v -0.00861543 -0.08060576 0.01756826
v 0.00946972 -0.04502755 0.00830347
v 0.00946972 -0.04502752 0.01688483
v 0.00833928 -0.03688410 0.01635640
v 0.00833928 -0.03688409 0.00883190
v 0.00865163 -0.05949143 0.02195229
v 0.00822132 -0.04771623 0.00538423
v 0.00822132 -0.04771623 0.01980406
v 0.01030162 -0.04598253 0.01019214
v 0.01030162 -0.04598253 0.01499615
v 0.00813408 -0.07592252 0.00546071
v 0.00813408 -0.07592252 0.01972756
v -0.00559037 -0.03572450 0.01963131
v -0.00946973 -0.04502755 0.00830347
v -0.00946973 -0.04502755 0.01688483
v 0.00945242 -0.05085879 0.01936764
v 0.00997097 -0.05413792 0.00544906
v 0.00997097 -0.05413793 0.01973923
v -0.00913847 -0.08060576 0.00866631
v 0.00858431 -0.08076590 0.01755031
v 0.00885944 -0.06376472 0.02145360
v 0.00885944 -0.06376472 0.00373469
v -0.00957527 -0.06046493 0.00419684
v -0.00957527 -0.06046493 0.02099143
v -0.00843202 -0.05586794 0.00334855
v -0.01080575 -0.04771623 0.01426140
v 0.01019669 -0.04502755 0.01056590
v 0.01019669 -0.04502755 0.01462241
v 0.00979100 -0.07969209 0.00997064
v 0.00979100 -0.07969209 0.01521763
v -0.01072400 -0.06258721 0.01926276
v -0.01072400 -0.06258723 0.00592553
v -0.00710698 -0.04502755 0.00500612
v -0.00710698 -0.04502752 0.02018219
v -0.00665065 -0.04598253 0.02081845
v 0.00892960 -0.06258721 0.00366455
v 0.00892960 -0.06258721 0.02152374
v 0.00616848 -0.03469280 0.00624904
v 0.00896742 -0.05764816 0.00362672
v 0.00896742 -0.05764816 0.02156157
v 0.00679989 -0.07877061 0.00484037
v 0.00906137 -0.08060576 0.00848847
v 0.00906137 -0.08060576 0.01669980
v -0.01102232 -0.05855730 0.01895788
v -0.01102232 -0.05855730 0.00623039
v 0.01041753 -0.06376472 0.01955491
v 0.01041753 -0.06376472 0.00563338
v -0.01129075 -0.05007977 0.01453623
v -0.00410000 -0.03727076 0.00779612
v -0.00410000 -0.03727076 0.00586422
v -0.00410000 -0.03727076 0.01931718
v -0.00410000 -0.03727076 0.01739595
v -0.00410000 -0.03764055 0.00580825
v -0.00410000 -0.03764055 0.01937315
v -0.00410000 -0.05767163 0.00779612
v -0.00410000 -0.05767163 0.00580824
v -0.00410000 -0.05767163 0.01937315
v -0.00410000 -0.05767163 0.01739595
v -0.00410000 -0.04771476 0.00779612
v -0.00410000 -0.04771476 0.00580824
v -0.00410000 -0.04771476 0.01937315
v -0.00410000 -0.04771476 0.01739595
v -0.00410000 -0.07686551 0.00779612
v -0.00410000 -0.07686551 0.00580824
v -0.00410000 -0.07686551 0.01739594
v -0.00410000 -0.07686551 0.01937315
v 0.01096780 -0.06792558 0.00762468
v 0.01096780 -0.06792558 0.01756359
v 0.00770704 -0.03924762 0.00707494
v 0.00770704 -0.03924761 0.01811335
v 0.01001245 -0.07734167 0.01599291
v 0.01001245 -0.07734165 0.00919537
v 0.00845070 -0.04502755 0.00653846
v 0.00845070 -0.04502755 0.01864983
v -0.00912199 -0.03696093 0.01176981
v -0.00712284 -0.03387945 0.00754062
v -0.00890298 -0.08070149 0.01698462
v -0.00934650 -0.08041906 0.01611192
v -0.00994618 -0.04399563 0.01491329
v -0.00994618 -0.04399563 0.01027502
v -0.01080819 -0.05855732 0.01931510
v -0.01080819 -0.05855730 0.00587319
v 0.01123744 -0.05007977 0.01482942
v 0.01123744 -0.05007977 0.01035887
v -0.00948376 -0.08027994 0.00937485
v 0.00772046 -0.04598253 0.00536314
v 0.00772046 -0.04598253 0.01982515
v 0.00817679 -0.04598253 0.01930468
v 0.00817679 -0.04598253 0.00588361
v 0.01181883 -0.06258721 0.00814587
v 0.01181883 -0.06258723 0.01704243
v -0.00599118 -0.04169924 0.00478566
v -0.00599118 -0.04169924 0.02040264
v 0.01027599 -0.05007977 0.01766173
v 0.01027599 -0.05007977 0.00752656
v 0.00680294 -0.07874648 0.02035140
v 0.00635943 -0.03802534 0.01939031
v 0.01083886 -0.07114567 0.01667359
v 0.01083886 -0.07114567 0.00851468
v -0.01175644 -0.05246569 0.01480010
v -0.01246228 -0.06046493 0.00997611
v 0.00858409 -0.08076705 0.00763811
v 0.00732859 -0.03924659 0.00658128
v 0.00732859 -0.03924659 0.01860702
v -0.00775142 -0.04287982 0.01895552
v -0.00775142 -0.04287982 0.00623277
v 0.01010252 -0.04771623 0.01677876
v 0.01010252 -0.04771623 0.00840955
v -0.01072483 -0.04771623 0.01472747
v -0.01072483 -0.04771623 0.01046084
v -0.01118665 -0.07114567 0.01559160
v -0.01118665 -0.07114567 0.00959669
v 0.00611763 -0.03428328 0.01134959
v 0.00611763 -0.08025706 0.01134958
v -0.01013003 -0.04399563 0.01130036
v -0.00698152 -0.04399563 0.00514006
v -0.00698152 -0.04399563 0.02004823
v -0.00994884 -0.04502755 0.00957621
v -0.00994884 -0.04502752 0.01561208
v -0.00617503 -0.03469074 0.01893141
v 0.00794963 -0.07734167 0.01956580
v 0.00794963 -0.07734165 0.00562248
v 0.00757505 -0.03376515 0.00828222
v 0.00963033 -0.08004508 0.00967282
v -0.01132818 -0.05246569 0.00874876
v -0.01132818 -0.05246569 0.01643953
v -0.00698640 -0.07925543 0.00513484
v 0.00685091 -0.04707253 0.00424629
v -0.00905389 -0.03650300 0.01348444
v -0.00931621 -0.04687424 0.00721542
v -0.00931621 -0.04687424 0.01797287
v -0.00544296 -0.03802754 0.00504572
v -0.01099021 -0.04930541 0.01003159
v -0.01099021 -0.04930541 0.01515672
v 0.00836325 -0.03925352 0.01705906
v 0.00836325 -0.03925352 0.00812924
v 0.01218037 -0.05675223 0.01585787
v 0.00905078 -0.08065757 0.00849326
v -0.00788441 -0.03924842 0.01785718
v 0.01132507 -0.05085878 0.00995350
v 0.01132507 -0.05085878 0.01523479
v 0.00731456 -0.07860796 0.01990871
v 0.00731456 -0.07860798 0.00527958
v 0.00983836 -0.05855730 0.00451999
v 0.00983836 -0.05855730 0.02066830
v -0.01197606 -0.06503889 0.01580312
v -0.01197606 -0.06503889 0.00938517
v 0.00798318 -0.03391239 0.01615667
v 0.00798318 -0.03391239 0.00903163
v 0.01113169 -0.04930541 0.01444609
v -0.01034538 -0.05855730 0.02000754
v -0.01034538 -0.05855730 0.00518075
v -0.00353592 -0.07883812 0.00672577
v 0.00929541 -0.06046493 0.02130028
v 0.00935803 -0.03927872 0.01104987
v 0.00935803 -0.03927872 0.01413843
v -0.00853312 -0.03451530 0.01032580
v 0.00874614 -0.08074425 0.01726907
v -0.00810181 -0.05007977 0.00449235
v -0.00810181 -0.05007977 0.02069594
v 0.00785302 -0.03383788 0.00878131
v 0.00905300 -0.06792558 0.02053344
v 0.00905300 -0.06792558 0.00465485
v 0.00977165 -0.07978932 0.00997584
v -0.00968125 -0.07860798 0.00895038
v -0.00968125 -0.07860798 0.01623790
v 0.01139623 -0.05165360 0.00954053
v 0.01139623 -0.05165360 0.01564777
v -0.00901262 -0.05949145 0.02160677
v -0.00901262 -0.05949145 0.00358152
v 0.01048481 -0.05675223 0.00558843
v 0.01048481 -0.05675223 0.01959986
v -0.00646319 -0.03469087 0.00654960
v -0.00646319 -0.03469087 0.01863869
v -0.00860571 -0.03805507 0.01615024
v -0.00860571 -0.03805507 0.00903805
v -0.01080436 -0.04771623 0.01091748
v -0.01072932 -0.05246569 0.00730300
v -0.01072932 -0.05246569 0.01788529
v -0.01192870 -0.05949145 0.01708378
v -0.01192870 -0.05949145 0.00810451
v -0.00852397 -0.04169982 0.01751475
v -0.00852397 -0.04169982 0.00767354
v 0.00739975 -0.04169919 0.01908352
v 0.00739975 -0.04169919 0.00610477
v 0.00718745 -0.07969209 0.01974104
v 0.00893038 -0.06642407 0.02095839
v -0.00681825 -0.03570223 0.01258351
v -0.00681825 -0.03570223 0.01259887
v -0.00681825 -0.07883810 0.01259886
v -0.01036024 -0.05949145 0.00517010
v -0.01036024 -0.05949145 0.02001819
v 0.01102959 -0.06046493 0.01896208
v 0.01102959 -0.06046493 0.00622620
v 0.01029264 -0.05329410 0.01899450
v 0.01029264 -0.05329410 0.00619379
v 0.01148591 -0.05675223 0.00738994
v 0.00848748 -0.05085878 0.02054356
v 0.00848748 -0.05085878 0.00464473
v -0.01156510 -0.06149206 0.01783424
v -0.01156510 -0.06149207 0.00735405
v 0.00870039 -0.05855732 0.02188345
v 0.00870039 -0.05855730 0.00330484
v -0.00970321 -0.07592252 0.00780904
v -0.00970321 -0.07592252 0.01737925
v -0.00777909 -0.05165360 0.00372383
v 0.01145541 -0.05499617 0.01733913
v 0.01145541 -0.05499617 0.00784916
v 0.00773223 -0.04771623 0.02032638
v 0.00773223 -0.04771623 0.00486191
v -0.01197689 -0.05499617 0.00938494
v -0.01197689 -0.05499617 0.01580335
v 0.01024993 -0.05675224 0.00524916
v 0.01024993 -0.05675224 0.01993913
v 0.00860095 -0.07860796 0.00684718
v 0.00860095 -0.07860796 0.01834110
v 0.01200568 -0.06642405 0.01023537
v -0.00853434 -0.04687424 0.01914278
v -0.00853434 -0.04687424 0.00604551
v -0.00993991 -0.06376472 0.02022131
v -0.00993991 -0.06376472 0.00496698
v -0.00714097 -0.07964100 0.00538731
v -0.00930240 -0.03927702 0.01444348
v -0.00930240 -0.03927702 0.01074482
v -0.01185061 -0.05586794 0.00857142
v -0.01185061 -0.05586794 0.01661688
v -0.00810242 -0.04399563 0.00637694
v -0.00810242 -0.04399563 0.01881135
v -0.00977031 -0.07979612 0.01521209
v 0.00943917 -0.03928122 0.01166482
v 0.00943917 -0.03928122 0.01352348
v 0.00999532 -0.07592252 0.01673435
v 0.00999532 -0.07592252 0.00845394
v -0.00807091 -0.05329410 0.00355358
v 0.01208843 -0.05586794 0.01583322
v -0.00898844 -0.07278481 0.01949121
v -0.00898844 -0.07278481 0.00569708
v -0.00918793 -0.07114567 0.01964429
v -0.00918793 -0.07114569 0.00554400
v 0.00746663 -0.04047958 0.00646708
v 0.00746663 -0.04047958 0.01872122
v -0.01106812 -0.04930541 0.01479575
v -0.01024333 -0.04466382 0.01394270
v 0.00791686 -0.07114567 0.02104688
v 0.00791686 -0.07114567 0.00414142
v -0.00668852 -0.07734167 0.00440539
v -0.00760666 -0.04687424 0.02020081
v -0.00760666 -0.04687424 0.00498748
v -0.00836252 -0.05007977 0.02042652
v 0.00977265 -0.04598255 0.01664210
v 0.00977265 -0.04598255 0.00854619
v 0.00544978 -0.03802780 0.02013800
v 0.00565598 -0.03389599 0.01053653
v -0.00808739 -0.03479173 0.01621927
v -0.00808739 -0.03479173 0.00896903
v 0.01010391 -0.06046493 0.02034715
v 0.01010391 -0.06046493 0.00484114
v -0.00841194 -0.03486135 0.00976340
v -0.00841194 -0.03486135 0.01542491
v -0.00739985 -0.04169916 0.01908340
v -0.00739985 -0.04169916 0.00610490
v 0.00743674 -0.03684690 0.01791118
v 0.00743674 -0.03684690 0.00727712
v -0.00999198 -0.07278481 0.01793498
v -0.00999198 -0.07278481 0.00725331
v -0.00958569 -0.04170277 0.01035926
v -0.00958569 -0.04170277 0.01482905
v -0.00601197 -0.03924638 0.01992351
v -0.00601197 -0.03924638 0.00526478
v -0.00746696 -0.04047947 0.00646746
v -0.00746696 -0.04047947 0.01872083
v 0.00913758 -0.03808541 0.01440970
v 0.00913758 -0.03808541 0.01077860
v -0.01059655 -0.07439032 0.00937972
v -0.01059655 -0.07439032 0.01580856
v -0.01119624 -0.05246569 0.01680812
v -0.01119624 -0.05246569 0.00838018
v -0.01007800 -0.06503889 0.01981594
v -0.01007800 -0.06503889 0.00537235
v 0.01151192 -0.06951268 0.00990993
v 0.01151192 -0.06951270 0.01527837
v 0.00920713 -0.07439032 0.00644214
v 0.00920713 -0.07439032 0.01874614
v -0.00759080 -0.08025706 0.00605517
v -0.00894635 -0.03590562 0.01370791
v 0.01203108 -0.05413792 0.01020100
v 0.01203108 -0.05413790 0.01498729
v -0.00695939 -0.03396873 0.01789274
v 0.00890820 -0.03570223 0.01139685
v 0.01078229 -0.06149206 0.00588928
v 0.01078229 -0.06149207 0.01929901
v 0.00697166 -0.07734167 0.02054378
v 0.00697166 -0.07734165 0.00464451
v 0.00955830 -0.04399563 0.00899667
v 0.00955830 -0.04399563 0.01619162
v 0.01215714 -0.06503889 0.01502717
v -0.00844510 -0.06376472 0.00334113
v -0.01045036 -0.07592252 0.01539432
v -0.01045036 -0.07592252 0.00979397
v 0.01133296 -0.05413792 0.01728841
v 0.01133296 -0.05413790 0.00789988
v -0.00759529 -0.04852209 0.02070354
v -0.00759529 -0.04852209 0.00448475
v -0.00747023 -0.07278481 0.02111229
v -0.00747023 -0.07278481 0.00407600
v 0.00897814 -0.06149207 0.02157229
v 0.00897814 -0.06149207 0.00361600
v 0.00911601 -0.03696030 0.01349085
v 0.00911601 -0.03696030 0.01169746
v 0.00994691 -0.05246569 0.00594785
v 0.00994691 -0.05246569 0.01924044
v -0.01025575 -0.05085878 0.01807596
v -0.00984945 -0.07964100 0.01502458
v 0.00763601 -0.07114567 0.00388695
v 0.00763601 -0.07114567 0.02130133
v -0.00761908 -0.05085879 0.00381013
v -0.01082371 -0.05949145 0.00586354
v -0.01082371 -0.05949145 0.01932475
v -0.00765019 -0.07592252 0.02024433
v -0.00765019 -0.07592252 0.00494395
v -0.00635687 -0.03572147 0.01895102
v -0.00635687 -0.03572147 0.00623727
v -0.00995499 -0.04288033 0.01139975
v -0.01076698 -0.06951268 0.00771568
v -0.01076698 -0.06951270 0.01747261
v -0.00916131 -0.03927271 0.01014128
v 0.00921179 -0.04170146 0.00912755
v 0.00921179 -0.04170146 0.01606076
v 0.00560757 -0.03924739 0.00495226
v -0.00879161 -0.07734167 0.01846851
v 0.00903731 -0.03695189 0.01408371
v 0.00903731 -0.03695188 0.01110459
v -0.01141486 -0.05855730 0.01822334
v -0.01141486 -0.05855730 0.00696495
v -0.01054003 -0.07689979 0.01411082
v 0.01103708 -0.05586794 0.01849360
v 0.01103708 -0.05586794 0.00669469
v -0.01052112 -0.04852210 0.00902271
v -0.01052112 -0.04852210 0.01616558
v -0.00396789 -0.03628155 0.01897713
v -0.00396789 -0.07785472 0.00602783
v -0.00396789 -0.07785472 0.01915378
v -0.00396789 -0.07785472 0.00756343
v -0.00396789 -0.05668239 0.01762913
v -0.00396789 -0.05668239 0.00588326
v -0.00396789 -0.05668239 0.00756343
v -0.00396789 -0.05668239 0.01929827
v -0.00396789 -0.04870399 0.01762913
v -0.00396789 -0.04870399 0.00588326
v -0.00396789 -0.04870399 0.00756343
v -0.00396789 -0.04870399 0.01929827
v -0.00396789 -0.03628156 0.01762913
v -0.00396789 -0.03628156 0.00756343
v -0.00396789 -0.03628156 0.00620457
v -0.00396789 -0.07785470 0.01762912
v -0.00381171 -0.03489935 0.01790472
v -0.00381171 -0.07964100 0.01790472
v -0.00868424 -0.04287988 0.00758038
v -0.00868424 -0.04287988 0.01760791
v 0.00713942 -0.04852209 0.00408249
v -0.00892155 -0.03577213 0.01142256
v -0.00817789 -0.05246569 0.02132559
v -0.00779661 -0.06951268 0.00370933
v 0.00958270 -0.05949145 0.02099797
v 0.01063239 -0.04852210 0.00936885
v 0.01063239 -0.04852209 0.01581945
v 0.00805246 -0.03924979 0.00759176
v 0.00805246 -0.03924979 0.01759654
v -0.00858319 -0.07592252 0.01918026
v -0.00858319 -0.07592252 0.00600802
v 0.01111983 -0.06503890 0.00711045
v 0.01111983 -0.06503889 0.01807784
v -0.00950743 -0.04170249 0.01514141
v -0.00950743 -0.04170250 0.01004688
v 0.00959590 -0.04288018 0.00968330
v 0.00959590 -0.04288018 0.01550499
v -0.01003818 -0.06951268 0.00635201
v -0.01003818 -0.06951270 0.01883627
v 0.01107041 -0.04901479 0.01076640
v 0.00833431 -0.05499617 0.02177249
v -0.00728316 -0.03384200 0.01740304
v -0.01215569 -0.05499617 0.01015021
v -0.00887602 -0.03926443 0.01593110
v -0.00887602 -0.03926442 0.00925720
v 0.00895290 -0.04930541 0.01946395
v 0.00895290 -0.04930541 0.00572434
v -0.00774497 -0.07278481 0.02086336
v -0.00774497 -0.07278481 0.00432493
v 0.01103381 -0.07278481 0.01516689
v 0.01074647 -0.05165360 0.00772496
v 0.01074647 -0.05165360 0.01746333
v 0.00780417 -0.06951270 0.02147209
v -0.01023706 -0.06951268 0.01850451
v -0.01023706 -0.06951268 0.00668378
v -0.00873143 -0.05246567 0.02077204
v -0.00873143 -0.05246567 0.00441624
v 0.00821046 -0.03687503 0.01662565
v 0.00821046 -0.03687503 0.00856266
v 0.00466847 -0.03389599 0.01639274
v -0.00605755 -0.03482824 0.01907082
v -0.00691956 -0.03924602 0.01907393
v 0.00943546 -0.04399563 0.00868585
v 0.00943546 -0.04399563 0.01650245
v -0.00928049 -0.03809412 0.01178272
v -0.01068606 -0.04930541 0.01622157
v -0.01068606 -0.04930541 0.00896674
v -0.01021753 -0.04598255 0.00985636
v -0.01021753 -0.04598255 0.01533193
v 0.00773035 -0.08035224 0.01893830
v 0.00994181 -0.04288033 0.01128530
v 0.00994181 -0.04288033 0.01390300
v -0.01041702 -0.05413792 0.01907186
v -0.01041702 -0.05413792 0.00611643
v -0.01086053 -0.07439032 0.01475445
v 0.00756807 -0.03802799 0.01801037
v 0.00756807 -0.03802799 0.00717792
v -0.01180978 -0.06792558 0.01494327
v -0.01180978 -0.06792558 0.01024502
v -0.00877353 -0.08060576 0.00790459
v -0.00877353 -0.08060578 0.01728370
v 0.00832455 -0.03580457 0.00916910
v 0.00832455 -0.03580457 0.01601920
v 0.00967399 -0.05586794 0.00465489
v 0.00967399 -0.05586794 0.02053340
v 0.01056162 -0.04930541 0.01656926
v 0.01056162 -0.04930541 0.00861905
v 0.01245463 -0.05855730 0.00998046
v -0.00915969 -0.04399563 0.00807708
v -0.00915969 -0.04399563 0.01711123
v 0.00905661 -0.03652311 0.01170359
v -0.01103989 -0.05329410 0.01759627
v -0.01103989 -0.05329412 0.00759202
v 0.01123696 -0.06376472 0.00705266
v 0.01123696 -0.06376472 0.01813561
v 0.00920059 -0.08055453 0.01640515
v -0.00870947 -0.03493697 0.01083443
v -0.01030233 -0.04502755 0.01120252
v -0.00767848 -0.04399563 0.00586029
v -0.00767848 -0.04399563 0.01932801
v 0.00858870 -0.04852210 0.00554557
v 0.00858870 -0.04852210 0.01964272
v 0.00790788 -0.03803224 0.00768637
v 0.00790788 -0.03803224 0.01750193
v 0.00764555 -0.03574189 0.00786633
v 0.00764555 -0.03574189 0.01732195
v 0.00785175 -0.04048001 0.01821912
v 0.00785175 -0.04048001 0.00696917
v 0.00670240 -0.03924624 0.01929856
v 0.00670240 -0.03924624 0.00588975
v 0.00912006 -0.05165360 0.02007879
v 0.00912006 -0.05165360 0.00510950
v 0.00899561 -0.07592252 0.01860482
v 0.00899561 -0.07592252 0.00658347
v -0.00932036 -0.04170180 0.00943071
v -0.00932036 -0.04170180 0.01575758
v -0.01083818 -0.05586794 0.01885158
v -0.01083818 -0.05586794 0.00633671
v 0.00985191 -0.05329410 0.01965392
v 0.00985191 -0.05329412 0.00553437
v 0.00516057 -0.08077645 0.00966401
v 0.00989583 -0.07734165 0.01631868
v 0.00989583 -0.07734165 0.00886961
v 0.00872147 -0.03497270 0.01432074
v -0.00970713 -0.06642407 0.02004269
v -0.00970713 -0.06642407 0.00514558
v 0.01007092 -0.05085879 0.00677969
v 0.01007092 -0.05085878 0.01840860
v -0.00817650 -0.06642407 0.00349364
v 0.01045831 -0.07734167 0.01104706
v -0.00717052 -0.07966991 0.01976466
v 0.01230190 -0.06046493 0.00929786
v 0.01230190 -0.06046493 0.01589043
v -0.01019945 -0.05413792 0.00577910
v -0.01019945 -0.05413790 0.01940919
v -0.00832536 -0.07439032 0.00529298
v -0.00832536 -0.07439032 0.01989530
v 0.00809799 -0.03394444 0.00928447
v 0.00965364 -0.04170302 0.01067404
v 0.00965364 -0.04170303 0.01451426
v 0.00980982 -0.05165360 0.01914886
v 0.00980982 -0.05165360 0.00603944
v -0.00978034 -0.04170350 0.01149890
v 0.01241537 -0.05764816 0.01517348
v -0.01104194 -0.05165360 0.01675003
v -0.01104194 -0.05165360 0.00843826
v 0.00977321 -0.04399563 0.01555881
v 0.00977321 -0.04399563 0.00962949
v 0.01176627 -0.06046493 0.01746790
v 0.01176627 -0.06046493 0.00772039
v -0.00664343 -0.04598253 0.00436411
v 0.00876174 -0.03926150 0.00896922
v 0.00876174 -0.03926150 0.01621908
v -0.01174046 -0.06503890 0.00860881
v -0.01174046 -0.06503889 0.01657949
v 0.01097380 -0.06642405 0.00718243
v 0.01097380 -0.06642405 0.01800584
v -0.01157147 -0.05165360 0.01489587
v -0.01157147 -0.05165360 0.01029242
v 0.00565777 -0.08064434 0.01464685
v 0.00565777 -0.03389599 0.01464685
v 0.00753186 -0.03472112 0.01723821
v 0.00753186 -0.03472112 0.00795009
v 0.01158630 -0.06642405 0.00866113
v 0.01158630 -0.06642407 0.01652716
v 0.00874405 -0.04687424 0.01886004
v 0.00874405 -0.04687424 0.00632825
v -0.00909708 -0.08064434 0.01659572
v -0.00712293 -0.03388045 0.01764777
v -0.00671053 -0.04598253 0.02077094
v -0.00671053 -0.04598253 0.00441735
v -0.00752252 -0.03924681 0.00682583
v -0.00752252 -0.03924681 0.01836246
v 0.00931323 -0.05007977 0.01926790
v 0.00931323 -0.05007977 0.00592039
v 0.00660213 -0.04047944 0.01964453
v 0.00660213 -0.04047944 0.00554378
v -0.00810940 -0.04852210 0.00499887
v -0.00810940 -0.04852209 0.02018943
v -0.01197594 -0.05586794 0.01622699
v -0.01197594 -0.05586794 0.00896130
v 0.01076944 -0.05764816 0.00589729
v 0.01076944 -0.05764816 0.01929100
v -0.00700946 -0.07790314 0.01292029
v -0.00700946 -0.03663720 0.01292029
v 0.00613422 -0.04287982 0.02052582
v 0.00558495 -0.03572560 0.00555123
v 0.01047639 -0.04687424 0.01015139
v 0.01047639 -0.04687424 0.01503690
v 0.00579115 -0.03684341 0.01966952
v 0.00579115 -0.03684341 0.00551877
v 0.00667207 -0.03684236 0.00634238
v 0.00667207 -0.03684236 0.01884591
v 0.00958326 -0.04930541 0.00663490
v 0.00958326 -0.04930541 0.01855339
v -0.01061939 -0.06792558 0.00691795
v -0.01061939 -0.06792558 0.01827034
v -0.00718355 -0.04169915 0.01932215
v -0.00718355 -0.04169915 0.00586615
v 0.01128898 -0.05007977 0.01064230
v 0.00930264 -0.05949145 0.00388124
v 0.00930264 -0.05949145 0.02130703
v 0.00920930 -0.07278481 0.00599484
v 0.00920930 -0.07278481 0.01919344
v -0.01112452 -0.06792558 0.00798622
v -0.01112452 -0.06792558 0.01720207
v 0.00797881 -0.03387504 0.00903454
v 0.00604859 -0.04229888 0.02047730
v -0.01141795 -0.06951268 0.00953471
v -0.01141795 -0.06951268 0.01565358
v 0.01018417 -0.06376472 0.00529628
v 0.01018417 -0.06376472 0.01989201
v 0.00934717 -0.08041546 0.00907611
v 0.00636765 -0.04047946 0.00533139
v 0.00636765 -0.04047947 0.01985690
v 0.00912267 -0.03696088 0.01341054
v -0.01117332 -0.05413792 0.00753157
v -0.01117332 -0.05413793 0.01765672
v -0.00590060 -0.03802554 0.00539694
v -0.00590060 -0.03802554 0.01979137
v -0.01035462 -0.04771623 0.00907922
v -0.01035462 -0.04771623 0.01610907
v 0.00351381 -0.07886688 0.00676370
v -0.00537534 -0.03663720 0.00523603
v -0.00801140 -0.07278481 0.02060553
v -0.00801140 -0.07278481 0.00458275
v 0.00950518 -0.08025706 0.00942616
v 0.01062341 -0.05413792 0.00646071
v 0.01062341 -0.05413792 0.01872758
v 0.00754994 -0.07860798 0.00552283
v 0.00754994 -0.07860798 0.01966546
v 0.01242918 -0.06149207 0.01518130
v 0.01213574 -0.05764816 0.01627548
v 0.01213574 -0.05764816 0.00891281
v -0.00734216 -0.07278481 0.00396736
v 0.00826920 -0.07278481 0.00484916
v 0.00826920 -0.07278481 0.02033911
v -0.01078411 -0.07439034 0.01510866
v -0.01078411 -0.07439034 0.01007964
v -0.00732935 -0.03924637 0.01860612
v -0.00732935 -0.03924637 0.00658217
v 0.00989988 -0.04598255 0.01632019
v 0.00989988 -0.04598253 0.00886810
v -0.00569257 -0.03572350 0.00563762
v -0.00569257 -0.03572350 0.01955067
v 0.01141222 -0.06376472 0.01776497
v 0.01141222 -0.06376472 0.00742332
v -0.01012036 -0.04852210 0.01717963
v -0.01012036 -0.04852210 0.00800867
v -0.01215024 -0.06149206 0.01627987
v -0.01215024 -0.06149207 0.00890842
v -0.01043232 -0.07734165 0.01431654
v -0.01043232 -0.07734165 0.01087175
v -0.00898283 -0.04598253 0.01818001
v -0.00898283 -0.04598253 0.00700828
v 0.01014552 -0.07860796 0.01461223
v 0.01014552 -0.07860798 0.01057607
v 0.00727825 -0.03384298 0.01740871
v 0.01123264 -0.05085879 0.00958436
v 0.01123264 -0.05085878 0.01560393
v 0.01032060 -0.06149206 0.01998979
v 0.01032060 -0.06149207 0.00519851
v 0.00996494 -0.04852210 0.01750834
v 0.00996494 -0.04852210 0.00767996
v -0.00953188 -0.04049312 0.01416756
v -0.00953188 -0.04049312 0.01102073
v -0.01184887 -0.05413792 0.01576904
v -0.01184887 -0.05413792 0.00941925
v 0.01175851 -0.05855730 0.01746469
v 0.00920359 -0.05675223 0.00397403
v 0.00920359 -0.05675226 0.02121426
v 0.00685487 -0.04502755 0.00477768
v 0.00924751 -0.05246569 0.00500489
v 0.00924751 -0.05246569 0.02018340
v -0.00661336 -0.03420942 0.00681522
v -0.01054884 -0.07114567 0.00781451
v -0.01054884 -0.07114567 0.01737377
v -0.01018647 -0.04687424 0.00913632
v -0.01018647 -0.04687424 0.01605197
v -0.00560738 -0.03924721 0.00495236
v 0.00867955 -0.06149206 0.00332707
v 0.00867955 -0.06149207 0.02186120
v -0.01021758 -0.05165360 0.00669502
v -0.01021758 -0.05165360 0.01849327
v 0.00682437 -0.04687424 0.00427864
v 0.00682437 -0.04687424 0.02090965
v -0.00325195 -0.05532965 0.01889260
v -0.00325195 -0.05005672 0.01889260
v 0.00962941 -0.07114567 0.01902829
v 0.01142237 -0.06046493 0.00696123
v 0.01142237 -0.06046493 0.01822704
v -0.01002968 -0.07114567 0.00680351
v -0.01002968 -0.07114567 0.01838479
v -0.00671829 -0.07689977 0.02085678
v -0.01059765 -0.05949145 0.01967526
v -0.01059765 -0.05949145 0.00551303
v 0.00973007 -0.04502755 0.01625627
v 0.00973007 -0.04502755 0.00893202
v -0.00820500 -0.05413792 0.00347746
v -0.00380710 -0.03489935 0.00728025
v -0.00380710 -0.07964100 0.00728024
v -0.00776759 -0.06978497 0.02145137
v -0.00776759 -0.05157175 0.02145137
v -0.00897917 -0.07734167 0.01817774
v -0.00897917 -0.07734165 0.00701056
v 0.00808780 -0.04687424 0.01968697
v 0.00808780 -0.04687424 0.00550131
v 0.01139919 -0.05586794 0.01775907
v 0.01139919 -0.05586794 0.00742922
v 0.01001863 -0.06258721 0.00490658
v 0.01001863 -0.06258721 0.02028171
v 0.00941894 -0.04170216 0.00973726
v 0.00978131 -0.04170350 0.01368091
v 0.01042492 -0.06951270 0.01816640
v 0.00735146 -0.04502755 0.00524269
v 0.00735146 -0.04502752 0.01994560
v 0.01189943 -0.05329410 0.01029570
v -0.00913412 -0.05586794 0.00403910
v -0.00913412 -0.05586794 0.02114919
v -0.01007117 -0.07900320 0.01059086
v 0.00936953 -0.07592252 0.01800365
v 0.00936953 -0.07592252 0.00718464
v 0.00832633 -0.05499617 0.00340857
v -0.00851552 -0.04287985 0.01788935
v -0.00851552 -0.04287985 0.00729894
v -0.01096429 -0.05007977 0.00926817
v -0.01096429 -0.05007977 0.01592012
v -0.00958983 -0.07439032 0.00705745
v 0.00861427 -0.05007977 0.02014868
v 0.00861427 -0.05007977 0.00503961
v -0.00757786 -0.03376562 0.01690304
v 0.01160050 -0.06046493 0.01785028
v 0.01160050 -0.06046493 0.00733801
v -0.00835835 -0.04169962 0.00739730
v -0.00835835 -0.04169962 0.01779099
v 0.00777157 -0.03685427 0.01741014
v 0.00777157 -0.03685427 0.00777817
v -0.00785200 -0.04047994 0.01821885
v -0.00785200 -0.04047994 0.00696944
v 0.00735368 -0.04687424 0.02044559
v 0.00735368 -0.04687424 0.00474270
v -0.00878844 -0.06792558 0.00436285
v -0.00878844 -0.06792558 0.02082542
v -0.00907577 -0.03663720 0.01174705
v 0.00890932 -0.03570223 0.01378377
v 0.01220180 -0.06376472 0.00974907
v 0.01220180 -0.06376472 0.01543922
v -0.01159287 -0.05855732 0.00734147
v -0.01159287 -0.05855732 0.01784682
v -0.01226088 -0.05586794 0.01009046
v 0.00882269 -0.03534962 0.01404566
v 0.00824802 -0.04502755 0.01892308
v 0.00824802 -0.04502755 0.00626521
v 0.00891664 -0.05675223 0.00367749
v 0.00891664 -0.05675223 0.02151081
v -0.01211691 -0.05470466 0.01500437
v -0.01211691 -0.06541450 0.01500437
v -0.00686920 -0.07592252 0.00423590
v -0.00731881 -0.04287982 0.00573935
v -0.00731881 -0.04287982 0.01944896
v 0.00660575 -0.03421776 0.01838333
v 0.00806134 -0.08060576 0.01842234
v -0.01152271 -0.06792558 0.01608952
v -0.01152271 -0.06792558 0.00909877
v 0.00747508 -0.04771623 0.00461309
v 0.00747508 -0.04771623 0.02057520
v 0.01053635 -0.07592252 0.01013740
v 0.01053635 -0.07592252 0.01505089
v -0.00976575 -0.04288025 0.01031711
v -0.00976575 -0.04288025 0.01487119
v 0.00871288 -0.05949143 0.02189679
v 0.00871288 -0.05949145 0.00329150
v -0.01069609 -0.07439032 0.01546015
v -0.01069609 -0.07439032 0.00972814
v -0.00955284 -0.06792558 0.01992429
v -0.00955284 -0.06792558 0.00526400
v -0.01182652 -0.06792558 0.01033710
v 0.00753913 -0.04287982 0.01920580
v 0.00753913 -0.04287982 0.00598251
v 0.00678327 -0.03409572 0.01814527
v -0.00743472 -0.03380272 0.00803379
v -0.01100172 -0.05413790 0.01801961
v -0.01100172 -0.05413790 0.00716868
v -0.00707235 -0.03684268 0.01838787
v -0.00707235 -0.03684268 0.00680042
v 0.00739577 -0.07592252 0.00469776
v 0.00739577 -0.07592252 0.02049053
v -0.01098281 -0.05764816 0.00625322
v -0.01098281 -0.05764816 0.01893507
v 0.01129404 -0.05499618 0.00747687
v 0.01129404 -0.05499618 0.01771142
v -0.00960835 -0.06951268 0.01947938
v -0.00960835 -0.06951268 0.00570891
v 0.00673386 -0.04399563 0.02027262
v 0.00673386 -0.04399563 0.00491567
v 0.01025755 -0.04502755 0.01090061
v 0.01025755 -0.04502752 0.01428769
v -0.00923278 -0.07969209 0.00841082
v -0.00923278 -0.07969205 0.01677746
v -0.01181881 -0.06642407 0.01576098
v -0.01181881 -0.06642407 0.00942731
v 0.00744070 -0.04930541 0.02107862
v 0.00845278 -0.04771623 0.00565712
v 0.00845278 -0.04771623 0.01953119
v 0.00818436 -0.06642407 0.02168751
v 0.01200758 -0.06642405 0.01494242
v 0.01239497 -0.05855732 0.01548425
v 0.01239497 -0.05855730 0.00970404
v 0.00820327 -0.04048094 0.01769318
v 0.00820327 -0.04048094 0.00749512
v -0.01122461 -0.05855732 0.01859384
v -0.01122461 -0.05855730 0.00659445
v -0.01173035 -0.06149207 0.00773527
v -0.01173035 -0.06149207 0.01745302
v -0.00360927 -0.03542152 0.00693182
v -0.00743860 -0.03684637 0.01790900
v -0.00743860 -0.03684637 0.00727930
v 0.01117120 -0.07278481 0.01070918
v 0.01035311 -0.07592252 0.00945357
v 0.01035311 -0.07592252 0.01573473
v -0.01144851 -0.05085879 0.01462562
v 0.01093449 -0.06503889 0.00674951
v 0.01093449 -0.06503889 0.01843877
v 0.01089728 -0.04852210 0.01476175
v 0.01089728 -0.04852210 0.01042654
v -0.01008625 -0.07439032 0.01716416
v -0.01008625 -0.07439034 0.00802411
v -0.00779975 -0.03575040 0.01706687
v -0.00779975 -0.03575040 0.00812144
v 0.00646216 -0.03684228 0.01906308
v 0.00646216 -0.03684228 0.00612521
v 0.00746815 -0.05007977 0.02128168
v 0.00736200 -0.07993261 0.00569885
v -0.00678096 -0.07860798 0.02040491
v 0.01130419 -0.06642407 0.00791179
v 0.01130419 -0.06642407 0.01727650
v 0.00681905 -0.04687424 0.02091389
v -0.00914798 -0.04048832 0.00949015
v -0.00914798 -0.04048832 0.01569816
v 0.00836310 -0.07592252 0.00573071
v -0.00858490 -0.05764816 0.00326176
v 0.00864434 -0.04502755 0.01837011
v 0.00864434 -0.04502755 0.00681819
v 0.01073745 -0.06503889 0.00639487
v 0.01073745 -0.06503889 0.01879340
v -0.01092081 -0.06951270 0.01711769
v 0.00747669 -0.07734167 0.02007085
v 0.00747669 -0.07734167 0.00511743
v -0.00867152 -0.03691343 0.01552730
v -0.00867152 -0.03691343 0.00966100
v -0.00960857 -0.04049411 0.01159643
v 0.00942033 -0.07278481 0.01888860
v 0.00942033 -0.07278481 0.00629969
v -0.01007649 -0.04399563 0.01093051
v -0.01218789 -0.05586794 0.01543597
v -0.01218789 -0.05586794 0.00975233
v 0.00700917 -0.07790314 0.01226192
v 0.00351720 -0.07886246 0.01842446
v 0.00856481 -0.06376472 0.02173869
v 0.00856481 -0.06376472 0.00344960
v 0.00806518 -0.05165360 0.02120524
v 0.00806518 -0.05165360 0.00398305
v -0.01021336 -0.07734167 0.00985749
v -0.01021336 -0.07734167 0.01533080
v -0.01224973 -0.05764816 0.01587645
v -0.01224973 -0.05764816 0.00931184
v -0.01069957 -0.07114567 0.01702605
v -0.01069957 -0.07114569 0.00816224
v 0.00606114 -0.04242965 0.00469472
v -0.01247362 -0.05949143 0.01520649
v -0.00932512 -0.07734165 0.01757852
v -0.00932512 -0.07734165 0.00760975
v 0.00913522 -0.04687424 0.01827478
v 0.00913522 -0.04687424 0.00691351
v -0.00823128 -0.06792558 0.02138257
v -0.00823128 -0.06792558 0.00380571
v -0.00800617 -0.06792558 0.02158655
v 0.00921696 -0.06258721 0.02122679
v 0.00921696 -0.06258723 0.00396150
v -0.00971128 -0.04170324 0.01419740
v -0.00971128 -0.04170324 0.01099089
v 0.00852394 -0.04169984 0.00767350
v -0.01036038 -0.05246569 0.01857571
v -0.01036038 -0.05246569 0.00661258
v 0.01072319 -0.05007977 0.00855824
v 0.01072319 -0.05007977 0.01663005
v -0.01000411 -0.05675224 0.00491773
v -0.01000411 -0.05675226 0.02027056
v 0.01106727 -0.05007977 0.00962869
v 0.01106727 -0.05007977 0.01555960
v -0.01030365 -0.04502755 0.01397689
v -0.01012246 -0.04598253 0.00952355
v -0.01012246 -0.04598253 0.01566475
v 0.01007409 -0.07860798 0.01494311
v 0.01007409 -0.07860798 0.01024519
v -0.00991626 -0.07945289 0.01028199
v -0.00624921 -0.03460390 0.01884335
v -0.00968505 -0.06376472 0.02054247
v -0.00968505 -0.06376472 0.00464582
v 0.00884361 -0.04287992 0.00786721
v 0.00884361 -0.04287992 0.01732108
v -0.01018469 -0.07860796 0.01439686
v -0.00544942 -0.03802750 0.02013779
v -0.00938490 -0.04288008 0.01612631
v -0.00938490 -0.04288008 0.00906198
v 0.00854407 -0.06258723 0.02189135
v -0.01226437 -0.06149207 0.00930792
v -0.01226437 -0.06149207 0.01588037
v 0.00966902 -0.05085879 0.01905477
v 0.00966902 -0.05085878 0.00613352
v -0.01115834 -0.05007977 0.00999237
v -0.01115834 -0.05007977 0.01519591
v 0.00559017 -0.03570223 0.00555939
v 0.00420351 -0.08025706 0.00797844
v -0.01068920 -0.05329410 0.00688064
v -0.01068920 -0.05329410 0.01830765
v -0.00845273 -0.07114567 0.02051101
v -0.00845273 -0.07114567 0.00467728
v 0.00695243 -0.03572465 0.00689678
v 0.00695243 -0.03572465 0.01829152
v -0.00785915 -0.03388143 0.00877899
v -0.00785915 -0.03388143 0.01640932
v -0.00862111 -0.08077645 0.01747924
v 0.00777723 -0.07860796 0.01941461
v 0.00777723 -0.07860798 0.00577368
v 0.00000000 -0.06837404 0.02468368
v 0.00000000 -0.00693457 0.01936503
v 0.00000000 -0.00693457 0.00582327
v 0.00000000 -0.00848251 0.02127630
v 0.00000000 -0.00848251 0.00391200
v 0.00000000 -0.03344470 0.00402582
v 0.00000000 -0.03344470 0.02116247
v 0.00000000 -0.03534747 0.00376648
v 0.00000000 -0.03534747 0.02142182
v 0.00000000 -0.06415742 0.02441020
v 0.00000000 -0.06415742 0.00077809
v 0.00000000 -0.00756979 0.00397817
v 0.00000000 -0.00756979 0.02121014
v 0.00000000 -0.06833124 0.00108320
v 0.00000000 -0.06833124 0.02410509
v 0.00000000 -0.00732246 0.01499012
v 0.00000000 -0.00732246 0.01019819
v 0.00000000 -0.00695931 0.00467895
v 0.00000000 -0.00695931 0.02050935
v 0.00000000 -0.03568634 0.02146815
v 0.00000000 -0.03568634 0.00372015
v 0.00000000 -0.05952027 0.02475003
v 0.00000000 -0.05952027 0.00043826
v 0.00000000 -0.06837403 0.00050459
v 0.00000000 -0.00694032 0.00767182
v 0.00000000 -0.00694032 0.01751649
v 0.00000000 -0.00804025 0.02123607
v 0.00000000 -0.00804025 0.00395222
v 0.00000000 -0.00712256 0.01499012
v 0.00000000 -0.00712256 0.01019819
v 0.00000000 -0.03443303 0.02129752
v 0.00000000 -0.03443303 0.00389077
v 0.00000000 -0.00833981 0.00394720
v 0.00000000 -0.00833981 0.02124111
v 0.00000000 -0.00757324 0.01499012
v 0.00000000 -0.00757324 0.01019819
v 0.00000000 -0.00714275 0.02102856
v 0.00000000 -0.00714275 0.00415973
v 0.00000000 -0.00696000 0.01582360
v 0.00000000 -0.00696000 0.00936471
v 0.00000000 -0.03365084 0.02119088
v 0.00000000 -0.03365084 0.00399743
v 0.00000000 -0.00700951 0.01009400
v 0.00000000 -0.00700951 0.01509430
v 0.00236153 -0.06824847 0.00071980
v 0.00019400 -0.08999471 0.01264613
v 0.00019400 -0.08999471 0.01254216
v 0.00251222 -0.08965930 0.01066644
v 0.00251222 -0.08965930 0.01452184
v 0.00796003 -0.00756979 0.01589130
v 0.00796003 -0.00756979 0.00929700
v 0.00832240 -0.00756979 0.01036418
v 0.00832240 -0.00756979 0.01482414
v 0.00478773 -0.00693457 0.01738187
v 0.00478773 -0.00693457 0.00780643
v 0.00639340 -0.08809851 0.01430726
v 0.00639340 -0.08809851 0.01088104
v -0.00368292 -0.03629340 0.00443003
v -0.00368292 -0.03629340 0.02075826
v -0.00116521 -0.06992844 0.02440962
v -0.00116521 -0.06992844 0.00077867
v -0.00116521 -0.07869927 0.02298085
v -0.00116521 -0.07869929 0.00220743
v 0.00383238 -0.08932823 0.01038151
v 0.00383238 -0.08932819 0.01480678
v -0.00355114 -0.04845357 0.00213279
v -0.00355114 -0.04845357 0.02305552
v -0.00478773 -0.00693457 0.01738187
v -0.00478773 -0.00693457 0.00780643
v -0.00218828 -0.04921165 0.00159301
v -0.00218828 -0.04921165 0.02359530
v 0.00160384 -0.05411974 0.00041170
v 0.00160384 -0.05411974 0.02477659
v -0.00832240 -0.00756979 0.01036418
v -0.00236153 -0.06826433 0.02446625
v -0.00236153 -0.06826435 0.00072204
v 0.00609242 -0.00756979 0.01868657
v 0.00609242 -0.00756979 0.00650173
v -0.00236541 -0.03768573 0.00375411
v -0.00236541 -0.03768571 0.02143419
v -0.00249657 -0.05882905 0.02514516
v -0.00249657 -0.05882905 0.00004314
v -0.00278391 -0.08880696 0.00777228
v -0.00278391 -0.08880696 0.01741600
v 0.00341976 -0.07898920 0.02241555
v 0.00231434 -0.03633997 0.00393361
v 0.00231434 -0.03633997 0.02125468
v -0.00370144 -0.05791493 0.00039212
v -0.00370144 -0.05791493 0.02479617
v -0.00164554 -0.05634705 0.00009505
v -0.00164554 -0.05634705 0.02509324
v 0.00113510 -0.00848221 0.02120172
v 0.00113510 -0.00848221 0.00398659
v 0.00023587 -0.08985661 0.01080241
v 0.00023587 -0.08985661 0.01438588
v -0.00784739 -0.00695931 0.01156103
v -0.00784739 -0.00695931 0.01362729
v -0.00236236 -0.06406489 0.02496689
v -0.00236236 -0.06406489 0.00022140
v 0.00492233 -0.00694032 0.01259415
v 0.00798399 -0.00804025 0.00928706
v 0.00798399 -0.00804025 0.01590124
v -0.00370959 -0.04607353 0.02245029
v -0.00370959 -0.04607353 0.00273800
v 0.00113183 -0.03441346 0.02122191
v 0.00113183 -0.03441346 0.00396639
v -0.00119798 -0.00732246 0.01466911
v -0.00119798 -0.00732246 0.01051919
v -0.00119798 -0.00712256 0.01466911
v -0.00119798 -0.00712256 0.01051919
v -0.00119798 -0.00757324 0.01466911
v -0.00119798 -0.00757324 0.01051919
v 0.00481840 -0.00695931 0.00631468
v 0.00481840 -0.00695931 0.01887362
v 0.00365685 -0.06406489 0.00053905
v 0.00365685 -0.06406489 0.02464924
v 0.00281986 -0.03526724 0.00423928
v 0.00281986 -0.03526724 0.02094902
v -0.00661895 -0.08809851 0.01259414
v 0.00394602 -0.03628460 0.00455563
v 0.00394602 -0.03628458 0.02063266
v -0.00438736 -0.08932819 0.01317175
v -0.00438736 -0.08932819 0.01201654
v -0.00330024 -0.05791493 0.02491076
v -0.00330024 -0.05791493 0.00027753
v -0.00113209 -0.05075238 0.02408856
v -0.00113209 -0.05075238 0.00109973
v -0.00611077 -0.00804025 0.01870492
v 0.00332864 -0.04520057 0.00278824
v 0.00332864 -0.04520057 0.02240005
v 0.00232937 -0.06945046 0.00088366
v 0.00232937 -0.06945046 0.02430463
v -0.00475461 -0.00694032 0.01132016
v -0.00475461 -0.00694032 0.01386815
v 0.00274238 -0.08965930 0.01101082
v 0.00274238 -0.08965930 0.01417746
v -0.00302898 -0.00695931 0.00528155
v -0.00302898 -0.00695931 0.01990675
v -0.00322847 -0.05529913 0.00054535
v -0.00322847 -0.05529913 0.02464294
v 0.00339370 -0.04100951 0.02161224
v 0.00339370 -0.04100951 0.00357605
v -0.00281546 -0.07628909 0.02310156
v -0.00281546 -0.07628909 0.00208671
v 0.00741093 -0.08746181 0.01259414
v 0.00082048 -0.05583897 0.00007577
v 0.00082048 -0.05583897 0.02511252
v 0.00330707 -0.00804025 0.02057814
v 0.00330707 -0.00804025 0.00461015
v 0.00372008 -0.05976828 0.00033063
v 0.00372008 -0.05976829 0.02485766
v -0.00303874 -0.03982189 0.00363851
v -0.00303874 -0.03982189 0.02154978
v 0.00232122 -0.03746181 0.00377562
v 0.00232122 -0.03746181 0.02141266
v -0.00247017 -0.07628909 0.00200024
v -0.00247017 -0.07628909 0.02318803
v -0.00305704 -0.04607353 0.02267189
v -0.00305704 -0.04607353 0.00251641
v -0.00328155 -0.05701412 0.00034726
v -0.00328155 -0.05701412 0.02484103
v -0.00834746 -0.00804025 0.01035747
v -0.00834746 -0.00804025 0.01483085
v -0.00101945 -0.07898920 0.02294479
v -0.00101945 -0.07898920 0.00224349
v -0.00188146 -0.05075238 0.02398990
v -0.00188146 -0.05075238 0.00119839
v 0.00482184 -0.08880696 0.00981023
v 0.00482184 -0.08880696 0.01537804
v -0.00432352 -0.00833969 0.02008272
v -0.00432352 -0.00833969 0.00510560
v -0.00071259 -0.08995756 0.01259414
v 0.00009329 -0.08995756 0.01330281
v 0.00009329 -0.08995756 0.01188548
v 0.00389151 -0.04845357 0.00225461
v 0.00389151 -0.04845357 0.02293368
v 0.00141162 -0.03440252 0.02117954
v 0.00141162 -0.03440252 0.00400875
v 0.00083695 -0.03351990 0.02113280
v 0.00083695 -0.03351990 0.00405550
v -0.00265502 -0.03432282 0.02086785
v -0.00265502 -0.03432282 0.00432046
v 0.00136809 -0.07854330 0.02298593
v 0.00136809 -0.07854330 0.00220235
v 0.00224901 -0.07148615 0.02401896
v 0.00224901 -0.07148615 0.00116933
v -0.00024978 -0.08999204 0.01256126
v -0.00024978 -0.08999204 0.01262703
v 0.00213066 -0.08880698 0.01773806
v 0.00213066 -0.08880698 0.00745023
v 0.00288164 -0.07474851 0.00183965
v 0.00288164 -0.07474851 0.02334863
v -0.00112887 -0.00833978 0.00402131
v -0.00112887 -0.00833978 0.02116700
v 0.00243203 -0.06534602 0.02482075
v 0.00243203 -0.06534602 0.00036752
v 0.00274438 -0.03982305 0.00354374
v 0.00274438 -0.03982305 0.02164455
v -0.00313352 -0.06824847 0.02428859
v -0.00313352 -0.06824847 0.00089968
v 0.00245765 -0.06406489 0.02494955
v 0.00245765 -0.06406489 0.00023872
v 0.00397609 -0.04100880 0.02137089
v 0.00397609 -0.04100880 0.00381739
v -0.00389487 -0.04426565 0.02199720
v -0.00389487 -0.04426565 0.00319109
v 0.00175243 -0.00693457 0.01913432
v 0.00175243 -0.00693457 0.00605399
v -0.00641807 -0.08746181 0.01629961
v -0.00641807 -0.08746181 0.00888868
v -0.00221355 -0.00732246 0.01351104
v -0.00221355 -0.00732246 0.01167727
v -0.00221355 -0.00712256 0.01351104
v -0.00221355 -0.00712256 0.01167727
v -0.00221355 -0.00757324 0.01351104
v -0.00221355 -0.00757324 0.01167727
v 0.00036699 -0.04921165 0.00138344
v 0.00036699 -0.04921165 0.02380487
v 0.00061711 -0.08995756 0.01295045
v 0.00061711 -0.08995756 0.01223784
v -0.00332447 -0.00848151 0.02061517
v -0.00332447 -0.00848151 0.00457313
v 0.00654016 -0.00693457 0.01084173
v 0.00654016 -0.00693457 0.01434659
v -0.00236180 -0.07898920 0.02272327
v -0.00236180 -0.07898920 0.00246502
v -0.00226175 -0.05096506 0.02396464
v -0.00226175 -0.05096507 0.00122365
v -0.00112460 -0.00756979 0.00405199
v -0.00112460 -0.00756979 0.02113633
v 0.00332982 -0.03982070 0.02144542
v 0.00332982 -0.03982070 0.00374289
v 0.00144352 -0.04850583 0.02355878
v 0.00144352 -0.04850583 0.00162951
v 0.00390510 -0.00694032 0.00959765
v 0.00390510 -0.00694032 0.01559064
v -0.00185445 -0.04997429 0.00136195
v -0.00185445 -0.04997429 0.02382634
v -0.00102355 -0.07875836 0.00220190
v -0.00102355 -0.07875836 0.02298639
v 0.00250014 -0.05976828 0.00002512
v 0.00250014 -0.05976828 0.02516317
v -0.00171658 -0.07823220 0.02299120
v -0.00171658 -0.07823220 0.00219708
v -0.00254076 -0.04216349 0.02207651
v -0.00254076 -0.04216349 0.00311180
v 0.00005198 -0.08999471 0.01240013
v 0.00005198 -0.08999471 0.01278816
v 0.00150758 -0.05075238 0.00114295
v 0.00150758 -0.05075238 0.02404536
v -0.00586375 -0.00693457 0.00920872
v -0.00586375 -0.00693457 0.01597959
v 0.00087068 -0.03585749 0.02144911
v 0.00087068 -0.03585749 0.00373918
v -0.00194596 -0.03386155 0.02100023
v -0.00194596 -0.03386155 0.00418806
v 0.00288325 -0.06288096 0.02495975
v 0.00288325 -0.06288096 0.00022854
v -0.00310751 -0.04689783 0.00235005
v -0.00310751 -0.04689783 0.02283824
v 0.00318950 -0.05524846 0.02464578
v 0.00318950 -0.05524848 0.00054253
v -0.00688681 -0.00848221 0.01788096
v -0.00688681 -0.00848221 0.00730735
v 0.00250868 -0.04845357 0.02335325
v 0.00250868 -0.04845357 0.00183504
v 0.00230919 -0.08007931 0.02252066
v -0.00308799 -0.03525196 0.02085083
v -0.00308799 -0.03525196 0.00433747
v -0.00039519 -0.06845491 0.02466595
v -0.00039519 -0.06845491 0.00052232
v -0.00237544 -0.00732246 0.01290688
v -0.00237544 -0.00732246 0.01228142
v -0.00237544 -0.00712256 0.01290688
v -0.00237544 -0.00712256 0.01228142
v -0.00237544 -0.00757324 0.01290688
v -0.00237544 -0.00757324 0.01228142
v -0.00258774 -0.04325545 0.02225170
v -0.00258774 -0.04325545 0.00293659
v -0.00200635 -0.05428757 0.00044194
v -0.00200635 -0.05428757 0.02474635
v -0.00320512 -0.03744540 0.02112892
v -0.00320512 -0.03744540 0.00405937
v -0.00109942 -0.04921165 0.02375677
v -0.00109942 -0.04921165 0.00143154
v 0.00118098 -0.05952027 0.02475003
v 0.00118098 -0.05952027 0.00043826
v -0.00064249 -0.00694032 0.00771399
v -0.00064249 -0.00694032 0.01747433
v 0.00734743 -0.08746181 0.01356146
v 0.00734743 -0.08746181 0.01162683
v -0.00349633 -0.04768673 0.02289405
v -0.00349633 -0.04768672 0.00229424
v 0.00243220 -0.05524846 0.02482163
v 0.00243220 -0.05524846 0.00036666
v 0.00396284 -0.04520057 0.02216131
v 0.00396284 -0.04520057 0.00302700
v -0.00836215 -0.00714275 0.01369505
v -0.00836215 -0.00714275 0.01149326
v 0.00514391 -0.08880698 0.01046346
v 0.00514391 -0.08880698 0.01472483
v 0.00145855 -0.00732246 0.01069333
v 0.00145855 -0.00732246 0.01449498
v 0.00145855 -0.00712256 0.01069333
v 0.00145855 -0.00712256 0.01449498
v 0.00145855 -0.00757324 0.01069333
v 0.00145855 -0.00757324 0.01449498
v 0.00231446 -0.08007526 0.02252032
v 0.00231446 -0.08007526 0.00266796
v -0.00196448 -0.03437349 0.02106694
v -0.00196448 -0.03437349 0.00412135
v 0.00351444 -0.06824847 0.02417978
v 0.00351444 -0.06824846 0.00100851
v 0.00055994 -0.03364387 0.00401626
v 0.00055994 -0.03364387 0.02117203
v 0.00362730 -0.04952075 0.02327989
v 0.00362730 -0.04952075 0.00190840
v 0.00294648 -0.04997427 0.02359060
v 0.00294648 -0.04997429 0.00159769
v -0.00864705 -0.00833969 0.01259415
v 0.00338511 -0.04607353 0.00262188
v 0.00338511 -0.04607353 0.02256641
v -0.00134344 -0.03361031 0.00410729
v -0.00116225 -0.03601725 0.02143778
v -0.00116225 -0.03601725 0.00375051
v 0.00409866 -0.05791493 0.00051983
v 0.00409866 -0.05791493 0.02466846
v 0.00398641 -0.07771596 0.02244855
v 0.00398641 -0.07771596 0.00273972
v -0.00258513 -0.04997427 0.02368109
v -0.00258513 -0.04997427 0.00150720
v -0.00279682 -0.04101021 0.02181505
v -0.00279682 -0.04101021 0.00337326
v -0.00358379 -0.07877587 0.02239787
v -0.00358379 -0.07877587 0.00279042
v -0.00358379 -0.04962512 0.02331796
v -0.00358379 -0.04962512 0.00187033
v -0.00358379 -0.03536042 0.02066206
v -0.00358379 -0.03536042 0.00452624
v -0.00358379 -0.05576126 0.02460508
v -0.00358379 -0.05576126 0.00058321
v 0.00330681 -0.07313422 0.00169299
v 0.00330681 -0.07313422 0.02349528
v 0.00103312 -0.00695931 0.00474677
v 0.00103312 -0.00695931 0.02044153
v 0.00073358 -0.04921165 0.02378680
v 0.00073358 -0.04921165 0.00140149
v -0.00073360 -0.04921165 0.02378680
v -0.00073360 -0.04921165 0.00140149
v -0.00330682 -0.07313422 0.00169299
v -0.00330682 -0.07313423 0.02349528
v 0.00330925 -0.00833969 0.00460552
v -0.00814702 -0.00714275 0.01041117
v -0.00814702 -0.00714275 0.01477714
v -0.00791520 -0.00695931 0.01259415
v 0.00204887 -0.03687641 0.00379095
v 0.00204887 -0.03687641 0.02139734
v 0.00116224 -0.03601691 0.02143773
v 0.00116224 -0.03601691 0.00375056
v 0.00154413 -0.07021978 0.02432301
v 0.00154413 -0.07021978 0.00086528
v 0.00169421 -0.00712256 0.01089995
v 0.00169421 -0.00712256 0.01428836
v -0.00330948 -0.08809851 0.00686196
v -0.00330948 -0.08809851 0.01832631
v -0.00305875 -0.08965930 0.01177455
v -0.00305875 -0.08965930 0.01341374
v 0.00055828 -0.03348269 0.00403839
v 0.00055828 -0.03348269 0.02114991
v -0.00382681 -0.03861805 0.00413762
v -0.00382681 -0.03861805 0.02105068
v -0.00351446 -0.06824847 0.02417978
v -0.00351446 -0.06824846 0.00100851
v 0.00277645 -0.03441621 0.02084215
v 0.00277645 -0.03441621 0.00434614
v -0.00231448 -0.08007526 0.02252034
v -0.00231448 -0.08007526 0.00266796
v -0.00174591 -0.03635421 0.02138863
v -0.00174591 -0.03635421 0.00379966
v 0.00345788 -0.04216337 0.00340660
v 0.00345788 -0.04216337 0.02178169
v 0.00152766 -0.04845357 0.02353452
v -0.00083875 -0.03363520 0.02114854
v -0.00083875 -0.03363520 0.00403976
v -0.00734745 -0.08746181 0.01356146
v -0.00734745 -0.08746181 0.01162683
v -0.00264269 -0.03745630 0.00386686
v -0.00264269 -0.03745632 0.02132143
v 0.00114942 -0.03533438 0.00384282
v 0.00114942 -0.03533438 0.02134548
v -0.00164242 -0.05612497 0.00011875
v -0.00164242 -0.05612497 0.02506954
v 0.00200634 -0.05428757 0.00044194
v 0.00200634 -0.05428757 0.02474635
v 0.00039517 -0.06845491 0.02466595
v 0.00039517 -0.06845491 0.00052232
v 0.00625538 -0.00693457 0.01000309
v 0.00625538 -0.00693457 0.01518522
v -0.00230921 -0.08007931 0.00266762
v -0.00288327 -0.06288096 0.02495975
v -0.00288327 -0.06288096 0.00022854
v 0.00117788 -0.06857397 0.02407984
v 0.00117788 -0.06857397 0.00110845
v -0.00301383 -0.07148617 0.00134642
v -0.00301383 -0.07148615 0.02384188
v 0.00382675 -0.03861807 0.00413756
v 0.00382675 -0.03861807 0.02105073
v -0.00854216 -0.00756979 0.01371876
v -0.00854216 -0.00756979 0.01146956
v 0.00322767 -0.00714275 0.02038643
v 0.00322767 -0.00714275 0.00480187
v -0.00005200 -0.08999471 0.01240013
v -0.00005200 -0.08999471 0.01278816
v 0.00171656 -0.07823222 0.00219709
v 0.00171656 -0.07823222 0.02299120
v -0.00250016 -0.05976829 0.00002512
v -0.00250016 -0.05976829 0.02516317
v -0.00240011 -0.06673875 0.02466021
v -0.00240011 -0.06673875 0.00052808
v 0.00191666 -0.07065576 0.02420315
v 0.00191666 -0.07065576 0.00098514
v 0.00123583 -0.00696000 0.01557772
v 0.00123583 -0.00696000 0.00961057
v 0.00102353 -0.07875836 0.00220190
v 0.00102353 -0.07875836 0.02298639
v -0.00366171 -0.07313423 0.00180708
v -0.00366171 -0.07313423 0.02338121
v -0.00332984 -0.03982068 0.02144540
v -0.00332984 -0.03982068 0.00374289
v -0.00254857 -0.03528191 0.00415010
v -0.00254857 -0.03528191 0.02103818
v -0.00247353 -0.05701412 0.02502934
v -0.00247353 -0.05701412 0.00015895
v 0.00236178 -0.07898920 0.02272327
v 0.00236178 -0.07898920 0.00246502
v 0.00363009 -0.03547147 0.00452958
v 0.00363009 -0.03547147 0.02065871
v -0.00061713 -0.08995756 0.01295045
v -0.00061713 -0.08995756 0.01223784
v -0.00111616 -0.03362309 0.02111572
v -0.00111616 -0.03362309 0.00407257
v 0.00641805 -0.08746181 0.01629961
v 0.00641805 -0.08746181 0.00888868
v -0.00397611 -0.04100880 0.02137089
v -0.00397611 -0.04100880 0.00381739
v 0.00856789 -0.00804025 0.01372214
v 0.00856789 -0.00804025 0.01146617
v 0.00143388 -0.03532705 0.00388559
v 0.00143388 -0.03532705 0.02130270
v 0.00838731 -0.00848172 0.01483867
v 0.00838731 -0.00848172 0.01034964
v -0.00288166 -0.07474851 0.00183965
v -0.00288166 -0.07474851 0.02334863
v -0.00110091 -0.00714275 0.00423200
v -0.00110091 -0.00714275 0.02095629
v -0.00683544 -0.00756979 0.00734913
v -0.00683544 -0.00756979 0.01783917
v 0.00412179 -0.00693457 0.01796577
v 0.00412179 -0.00693457 0.00722252
v 0.00056760 -0.03442813 0.02127857
v 0.00056760 -0.03442813 0.00390973
v 0.00764548 -0.00695931 0.01464276
v 0.00764548 -0.00695931 0.01054554
v 0.00024976 -0.08999204 0.01256126
v 0.00024976 -0.08999204 0.01262703
v -0.00136811 -0.07854328 0.02298593
v -0.00136811 -0.07854330 0.00220235
v 0.00015620 -0.07898920 0.00219586
v -0.00295448 -0.04426565 0.02233378
v -0.00295448 -0.04426565 0.00285451
v -0.00009331 -0.08995756 0.01330281
v -0.00009331 -0.08995756 0.01188548
v 0.00071258 -0.08995756 0.01259414
v 0.00403007 -0.04607353 0.00286469
v 0.00403007 -0.04607353 0.02232360
v -0.00482186 -0.08880696 0.00981023
v -0.00482186 -0.08880696 0.01537804
v 0.00360547 -0.04921165 0.02321555
v 0.00360547 -0.04921165 0.00197274
v 0.00188145 -0.05075238 0.02398990
v 0.00188145 -0.05075238 0.00119839
v 0.00101943 -0.07898920 0.02294479
v 0.00101943 -0.07898920 0.00224349
v -0.00206013 -0.07771596 0.00216456
v -0.00206013 -0.07771596 0.02302373
v -0.00091689 -0.00732246 0.01038059
v -0.00091689 -0.00732246 0.01480771
v -0.00091689 -0.00712256 0.01038059
v -0.00091689 -0.00712256 0.01480771
v -0.00091689 -0.00757324 0.01038059
v -0.00091689 -0.00757324 0.01480771
v -0.00335285 -0.03523658 0.02074380
v -0.00335285 -0.03523658 0.00444451
v 0.00210717 -0.05701412 0.02509596
v 0.00210717 -0.05701412 0.00009233
v 0.00036484 -0.04891809 0.02373945
v 0.00036484 -0.04891809 0.00144885
v 0.00247015 -0.07628909 0.00200024
v 0.00247015 -0.07628909 0.02318803
v -0.00400134 -0.04845357 0.00229802
v -0.00042152 -0.00696000 0.00939238
v -0.00042152 -0.00696000 0.01579593
v -0.00741095 -0.08746181 0.01259414
v 0.00281544 -0.07628909 0.02310156
v 0.00281544 -0.07628909 0.00208671
v -0.00166970 -0.03374634 0.00414521
v -0.00166970 -0.03374634 0.02104309
v 0.00748848 -0.00833981 0.00827067
v 0.00748848 -0.00833981 0.01691763
v 0.00240975 -0.04689783 0.02302410
v -0.00180696 -0.08985661 0.01259414
v -0.00363042 -0.03547225 0.02065850
v -0.00363042 -0.03547225 0.00452979
v 0.00204860 -0.00695931 0.00494866
v 0.00204860 -0.00695931 0.02023965
v -0.00354867 -0.03862085 0.00401662
v -0.00215530 -0.04845357 0.00175878
v -0.00215530 -0.04845357 0.02342953
v -0.00274240 -0.08965930 0.01101082
v -0.00274240 -0.08965930 0.01417746
v 0.00236195 -0.05952040 0.02475003
v 0.00236195 -0.05952040 0.00043826
v 0.00236195 -0.05882905 0.02516963
v 0.00236195 -0.05882905 0.00001866
v 0.00236195 -0.05802645 0.02475003
v 0.00236195 -0.05802645 0.02512869
v 0.00236195 -0.05802645 0.00005960
v 0.00236195 -0.05802645 0.00043826
v 0.00236195 -0.05953627 0.00000459
v 0.00236195 -0.05953627 0.02518370
v -0.00028021 -0.03364910 0.02118615
v -0.00028021 -0.03364910 0.00400215
v 0.00236256 -0.06074707 0.00001021
v 0.00236256 -0.06074707 0.02517808
v 0.00330022 -0.05791493 0.02491076
v 0.00330022 -0.05791493 0.00027753
v 0.00212586 -0.04777499 0.02328153
v 0.00212586 -0.04777499 0.00190676
v 0.00308792 -0.03525198 0.02085091
v 0.00308792 -0.03525198 0.00433739
v 0.00438734 -0.08932819 0.01317175
v 0.00438734 -0.08932819 0.01201654
v 0.00410000 -0.04100866 0.02131228
v 0.00410000 -0.04100866 0.00387601
v 0.00410000 -0.04520057 0.00308644
v 0.00410000 -0.03981749 0.00407404
v 0.00410000 -0.03727077 0.00448062
v 0.00410000 -0.04287212 0.02164309
v -0.00199691 -0.07076014 0.00101528
v -0.00199691 -0.07076014 0.02417300
v -0.00199691 -0.07786759 0.02300732
v -0.00199691 -0.07786759 0.00218097
v 0.00315747 -0.04768672 0.00218531
v 0.00315747 -0.04768672 0.02300298
v -0.00382037 -0.06984424 0.02384861
v -0.00382037 -0.06984424 0.00133968
v -0.00685601 -0.00804025 0.01785496
v -0.00685601 -0.00804025 0.00733335
v 0.00368272 -0.03629346 0.00442981
v 0.00368272 -0.03629346 0.02075848
v 0.00661893 -0.08809851 0.01259414
v -0.00111477 -0.03355700 0.00408152
v -0.00111477 -0.03355700 0.02110678
v 0.00064708 -0.00700951 0.01500911
v 0.00064708 -0.00700951 0.01017920
v 0.00281522 -0.04768672 0.02310072
v 0.00281522 -0.04768672 0.00208757
v 0.00335268 -0.03523662 0.02074398
v 0.00335268 -0.03523662 0.00444431
v 0.00327155 -0.04426565 0.02223186
v 0.00327155 -0.04426565 0.00295643
v -0.00095676 -0.00700951 0.01490395
v -0.00095676 -0.00700951 0.01028434
v 0.00358512 -0.04426564 0.02211962
v 0.00537807 -0.08880696 0.01403520
v 0.00537807 -0.08880696 0.01115308
v -0.00322944 -0.00696000 0.01259415
v -0.00241075 -0.05453587 0.02471370
v -0.00241075 -0.05453587 0.00047460
v -0.00392186 -0.07474851 0.00217401
v -0.00392186 -0.07474851 0.02301428
v -0.00329716 -0.00756979 0.00463411
v -0.00329716 -0.00756979 0.02055419
v 0.00264419 -0.07148617 0.00125385
v 0.00264419 -0.07148615 0.02393444
v 0.00218298 -0.00714275 0.00444714
v 0.00218298 -0.00714275 0.02074116
v -0.00277068 -0.04689783 0.00225383
v -0.00277068 -0.04689783 0.02293446
v -0.00088377 -0.00693457 0.01930700
v -0.00088377 -0.00693457 0.00588129
v 0.00233977 -0.05791493 0.00006125
v 0.00233977 -0.05791493 0.02512704
v 0.00278389 -0.08880696 0.00777228
v 0.00278389 -0.08880696 0.01741600
v 0.00249655 -0.05882905 0.02514516
v 0.00249655 -0.05882905 0.00004314
v -0.00249371 -0.04101053 0.00328664
v -0.00249371 -0.04101053 0.02190166
v -0.00243088 -0.04689783 0.02301956
v -0.00243088 -0.04689780 0.00216873
v 0.00246117 -0.00694032 0.01685701
v 0.00246117 -0.00694032 0.00833127
v -0.00027393 -0.03344470 0.02115809
v -0.00027393 -0.03344470 0.00403021
v -0.00027393 -0.05154083 0.00088840
v -0.00027393 -0.05154083 0.02429989
v -0.00027393 -0.08069158 0.00253321
v -0.00027393 -0.08069158 0.02265508
v -0.00027393 -0.05384556 0.00035852
v -0.00027393 -0.05384556 0.02482977
v -0.00002991 -0.07900607 0.02299125
v -0.00002991 -0.07900607 0.00219704
v -0.00002991 -0.06962166 0.00067842
v -0.00002991 -0.06962166 0.02450987
v -0.00263425 -0.04426565 0.00276303
v -0.00263425 -0.04426564 0.02242526
v 0.00235724 -0.06944917 0.00119940
v 0.00235724 -0.06944917 0.02398887
v 0.00383175 -0.07628909 0.02277490
v 0.00383175 -0.07628909 0.00241339
v 0.00076499 -0.05147525 0.00092234
v 0.00076499 -0.05147525 0.02426595
v -0.00383240 -0.08932823 0.01038151
v -0.00383240 -0.08932819 0.01480678
v -0.00321380 -0.04325546 0.00312657
v -0.00321380 -0.04325546 0.02206173
v -0.00639342 -0.08809851 0.01430725
v 0.00112798 -0.00804025 0.02116205
v 0.00112798 -0.00804025 0.00402627
v -0.00120183 -0.05396947 0.00039169
v -0.00120183 -0.05396947 0.02479660
v -0.00779228 -0.00714275 0.01582182
v -0.00779228 -0.00714275 0.00936648
v 0.00227183 -0.04765262 0.02281722
v 0.00227183 -0.04765262 0.00237107
v 0.00227183 -0.03721431 0.02138976
v 0.00227183 -0.03721431 0.00379853
v 0.00227183 -0.04756840 0.00198474
v 0.00227183 -0.04756840 0.02320354
v 0.00227183 -0.03726577 0.02101777
v 0.00227183 -0.03726577 0.00417054
v 0.00174779 -0.03642148 0.00379056
v 0.00174779 -0.03642148 0.02139773
v -0.00096330 -0.06984424 0.00074966
v -0.00019402 -0.08999471 0.01264613
v -0.00019402 -0.08999471 0.01254216
v 0.00245485 -0.05612497 0.00025282
v 0.00245485 -0.05612499 0.02493547
v 0.00226756 -0.07162500 0.00119434
v 0.00226756 -0.07162500 0.02399394
v -0.00330470 -0.04997427 0.02348828
v -0.00330470 -0.04997429 0.00170001
v -0.00121181 -0.08965930 0.00966859
v -0.00121181 -0.08965930 0.01551970
v 0.00341730 -0.07771596 0.02266126
v 0.00341730 -0.07771596 0.00252702
v 0.00010042 -0.08999471 0.01242019
v 0.00010042 -0.08999471 0.01276810
v -0.00513448 -0.00714275 0.00590277
v -0.00513448 -0.00714275 0.01928553
v -0.00357883 -0.07474851 0.02313706
v -0.00357883 -0.07474851 0.00205121
v 0.00040057 -0.05386248 0.02483062
v 0.00040057 -0.05386248 0.00035767
v 0.00028832 -0.03534664 0.00377128
v 0.00028832 -0.03534664 0.02141702
v -0.00027354 -0.08995756 0.01325452
v -0.00027354 -0.08995756 0.01193377
v 0.00231432 -0.00732246 0.01321428
v 0.00231432 -0.00732246 0.01197403
v 0.00231432 -0.00712256 0.01321428
v 0.00231432 -0.00712256 0.01197403
v 0.00231432 -0.00757324 0.01321428
v 0.00231432 -0.00757324 0.01197403
v -0.00307615 -0.06984424 0.02407445
v -0.00307615 -0.06984424 0.00111383
v 0.00430799 -0.00756979 0.00513249
v 0.00430799 -0.00756979 0.02005581
v 0.00225331 -0.05075238 0.02392230
v 0.00225331 -0.05075238 0.00126599
v -0.00345011 -0.06984424 0.00122066
v -0.00345011 -0.06984424 0.02396763
v -0.00189447 -0.05114549 0.02406864
v -0.00189447 -0.05114549 0.00111965
v 0.00402248 -0.03742923 0.02077221
v 0.00402248 -0.03742923 0.00441610
v -0.00268022 -0.04520057 0.02259682
v -0.00268022 -0.04520057 0.00259147
v 0.00019986 -0.08999204 0.01244078
v 0.00019986 -0.08999204 0.01274751
v -0.00179220 -0.04824871 0.00173903
v -0.00179220 -0.04824871 0.02344925
v 0.00198101 -0.08026012 0.00263492
v 0.00198101 -0.08026012 0.02255337
v 0.00080665 -0.05438549 0.02490150
v 0.00080665 -0.05438551 0.00028679
v -0.00148595 -0.04997427 0.02388098
v -0.00148595 -0.04997429 0.00130732
v -0.00677087 -0.00693457 0.01259415
v 0.00068830 -0.08995756 0.01277858
v 0.00068830 -0.08995756 0.01240971
v 0.00325603 -0.04921165 0.02332789
v 0.00325603 -0.04921165 0.00186041
v -0.00290311 -0.04921165 0.00175961
v -0.00290311 -0.04921165 0.02342870
v 0.00261974 -0.05068982 0.00135873
v 0.00261974 -0.05068982 0.02382958
v -0.00331429 -0.06074707 0.02496324
v -0.00331429 -0.06074707 0.00022505
v -0.00218324 -0.05712795 0.02475003
v -0.00218324 -0.05712795 0.02509140
v -0.00218324 -0.05712795 0.00009689
v -0.00218324 -0.05712795 0.00043826
v 0.00395759 -0.00695931 0.01944892
v 0.00395759 -0.00695931 0.00573940
v -0.00285736 -0.05612497 0.02484860
v -0.00285736 -0.05612499 0.00033969
v 0.00526373 -0.00833969 0.01945436
v 0.00526373 -0.00833969 0.00573394
v 0.00043512 -0.08995756 0.01202707
v 0.00043512 -0.08995756 0.01316122
v 0.00252823 -0.07474851 0.02343714
v 0.00252823 -0.07474851 0.00175115
v -0.00401219 -0.05701412 0.00056783
v -0.00401219 -0.05701412 0.02462046
v 0.00259107 -0.00693457 0.01884954
v 0.00259107 -0.00693457 0.00633876
v 0.00364768 -0.04520057 0.00290244
v 0.00364768 -0.04520057 0.02228585
v -0.00068128 -0.07890108 0.02298858
v -0.00068128 -0.07890108 0.00219971
v -0.00308613 -0.07771595 0.00242054
v -0.00308613 -0.07771596 0.02276773
v -0.00373545 -0.05612497 0.02460889
v -0.00373545 -0.05612499 0.00057940
v 0.00289893 -0.06177983 0.00016133
v 0.00289893 -0.06177983 0.02502696
v 0.00354864 -0.03862087 0.02117172
v 0.00354864 -0.03862085 0.00401658
v 0.00203081 -0.05524844 0.00029369
v 0.00203081 -0.05524846 0.02489460
v 0.00204973 -0.05612497 0.00017917
v 0.00204973 -0.05612497 0.02500912
v -0.00083585 -0.00696000 0.01571355
v -0.00083585 -0.00696000 0.00947474
v -0.00247873 -0.00700951 0.01226782
v -0.00247873 -0.00700951 0.01292049
v 0.00003288 -0.08999204 0.01234437
v 0.00003288 -0.08999204 0.01284392
v -0.00221518 -0.05438551 0.00046264
v 0.00165807 -0.03635592 0.02140474
v 0.00165807 -0.03635592 0.00378355
v -0.00222129 -0.03398936 0.00423854
v -0.00222129 -0.03398936 0.02094975
v 0.00392016 -0.04881842 0.00217850
v 0.00392016 -0.04881842 0.02300979
v 0.00338941 -0.08880698 0.00817697
v 0.00338941 -0.08880698 0.01701132
v -0.00036488 -0.04892209 0.02374034
v -0.00036488 -0.04892209 0.00144795
v 0.00032936 -0.08068418 0.00253260
v 0.00032936 -0.08068418 0.02265569
v 0.00236024 -0.06947284 0.00089350
v 0.00236024 -0.06947284 0.02429479
v -0.00125007 -0.00700951 0.01042897
v -0.00125007 -0.00700951 0.01475935
v -0.00156852 -0.06889610 0.02450820
v -0.00156852 -0.06889610 0.00068009
v 0.00868288 -0.00848150 0.01259415
v -0.00684674 -0.08746181 0.00975812
v -0.00684674 -0.08746181 0.01543015
v -0.00099895 -0.08007931 0.00245163
v -0.00099895 -0.08007931 0.02273664
v -0.00344101 -0.04689783 0.00245724
v -0.00344101 -0.04689783 0.02273105
v 0.00236308 -0.06177983 0.02513827
v 0.00236308 -0.06177983 0.00005002
v -0.00365270 -0.05612497 0.02463548
v -0.00365270 -0.05612499 0.00055281
v -0.00331534 -0.04997427 0.02348487
v -0.00331534 -0.04997429 0.00170344
v 0.00292555 -0.08965930 0.01380595
v 0.00123264 -0.05607115 0.02510953
v 0.00123264 -0.05607115 0.00007876
v -0.00218429 -0.05436175 0.02472709
v -0.00218429 -0.05436175 0.00046120
v -0.00218429 -0.05102462 0.00119727
v -0.00218429 -0.05102462 0.02399100
v -0.00218429 -0.08017536 0.00266091
v -0.00218429 -0.08017536 0.02252738
v -0.00218429 -0.03396092 0.00423334
v -0.00218429 -0.03396092 0.02095496
v -0.00290233 -0.04325545 0.02216185
v -0.00290233 -0.04325545 0.00302644
v 0.00374486 -0.07771596 0.02254402
v 0.00374486 -0.07771596 0.00264425
v 0.00390103 -0.03981831 0.00397985
v 0.00390103 -0.03981831 0.02120844
v 0.00081536 -0.05524844 0.00015382
v 0.00081536 -0.05524846 0.02503449
v -0.00290782 -0.06074707 0.02506502
v -0.00290782 -0.06074707 0.00012328
v 0.00525109 -0.08809851 0.00856482
v 0.00525109 -0.08809851 0.01662345
v -0.00325677 -0.05612497 0.00043971
v -0.00325677 -0.05612497 0.02474858
v 0.00249058 -0.06177983 0.02511509
v 0.00249058 -0.06177983 0.00007320
v 0.00196593 -0.00696000 0.01003210
v 0.00196593 -0.00696000 0.01515621
v -0.00081959 -0.08965930 0.01565288
v -0.00081959 -0.08965930 0.00953539
v -0.00526081 -0.00804025 0.00573813
v -0.00526081 -0.00804025 0.01945017
v 0.00193604 -0.06984424 0.02432057
v 0.00193604 -0.06984424 0.00086772
v -0.00167428 -0.05636626 0.02509107
v -0.00167428 -0.05636626 0.02475003
v -0.00167428 -0.05636626 0.00043826
v -0.00167428 -0.05636626 0.00009724
v 0.00169423 -0.07898920 0.00233233
v 0.00169423 -0.07898920 0.02285596
v -0.00014204 -0.08999471 0.01273617
v -0.00014204 -0.08999471 0.01245212
v 0.00198828 -0.08007935 0.02258993
v -0.00299650 -0.00694032 0.00868905
v -0.00299650 -0.00694032 0.01649925
v 0.00143374 -0.08985661 0.01369431
v 0.00143374 -0.08985661 0.01149398
v -0.00034031 -0.07898920 0.00219889
v -0.00034031 -0.07898920 0.02298939
v -0.00057762 -0.08932819 0.00820679
v -0.00057762 -0.08932819 0.01698149
v -0.00323198 -0.07474851 0.00193972
v -0.00323198 -0.07474851 0.02324857
v 0.00371474 -0.05882903 0.00034822
v 0.00371474 -0.05882905 0.02484007
v 0.00596402 -0.00714275 0.01855819
v 0.00596402 -0.00714275 0.00663013
v 0.00611410 -0.00833973 0.01870875
v 0.00611410 -0.00833973 0.00647957
v -0.00269391 -0.08932819 0.00908338
v -0.00269391 -0.08932819 0.01610490
v 0.00230368 -0.07189544 0.00124457
v 0.00230368 -0.07189544 0.02394372
v 0.00230368 -0.07628909 0.02322396
v 0.00230368 -0.07628909 0.00196433
v 0.00230368 -0.07474851 0.00170270
v 0.00230368 -0.07474851 0.02348560
v 0.00230368 -0.07673229 0.00204270
v 0.00230368 -0.07673229 0.02314559
v 0.00230368 -0.07313423 0.02374932
v 0.00230368 -0.07313423 0.00143897
v -0.00236265 -0.06534602 0.00035491
v -0.00236265 -0.06534602 0.02483338
v 0.00139226 -0.03363066 0.00411159
v 0.00139226 -0.03363066 0.02107670
v -0.00207409 -0.07771596 0.02302119
v -0.00207409 -0.07771596 0.00216710
v -0.00139226 -0.03363066 0.00411159
v -0.00139226 -0.03363066 0.02107670
v 0.00236264 -0.06534602 0.00035491
v 0.00236264 -0.06534602 0.02483338
v 0.00207530 -0.07767958 0.02302736
v -0.00230369 -0.07189544 0.00124457
v -0.00230369 -0.07189544 0.02394372
v -0.00230369 -0.07313422 0.00143897
v -0.00230369 -0.07628909 0.02322396
v -0.00230369 -0.07628909 0.00196433
v -0.00230369 -0.07474851 0.00170270
v -0.00230369 -0.07474851 0.02348560
v -0.00230369 -0.07673229 0.00204270
v -0.00230369 -0.07673229 0.02314559
v -0.00230369 -0.07313423 0.02374932
v -0.00611411 -0.00833973 0.01870875
v -0.00611411 -0.00833973 0.00647957
v 0.00190082 -0.00732246 0.01405270
v 0.00190082 -0.00732246 0.01113560
v 0.00190082 -0.00712256 0.01405270
v 0.00190082 -0.00712256 0.01113560
v 0.00190082 -0.00757324 0.01405270
v 0.00190082 -0.00757324 0.01113560
v -0.00371475 -0.05882905 0.02484007
v -0.00371475 -0.05882905 0.00034822
v 0.00323197 -0.07474851 0.02324857
v -0.00277648 -0.03441623 0.02084213
v -0.00277648 -0.03441623 0.00434616
v 0.00299649 -0.00694032 0.00868905
v 0.00299649 -0.00694032 0.01649925
v -0.00169424 -0.07898920 0.00233233
v -0.00169424 -0.07898920 0.02285596
v -0.00331211 -0.05882905 0.02495509
v 0.00394147 -0.03621821 0.00456354
v 0.00394147 -0.03621821 0.02062477
v 0.00167427 -0.05636626 0.02509105
v 0.00167427 -0.05636626 0.02475003
v 0.00167427 -0.05636626 0.00043826
v 0.00167427 -0.05636626 0.00009724
v 0.00526080 -0.00804025 0.00573813
v 0.00526080 -0.00804025 0.01945017
v 0.00669138 -0.00714275 0.00745967
v 0.00669138 -0.00714275 0.01772862
v 0.00074455 -0.04997429 0.00123423
v 0.00074455 -0.04997429 0.02395406
v 0.00348126 -0.03743983 0.02101897
v 0.00348126 -0.03743983 0.00416932
v -0.00196594 -0.00696000 0.01003210
v -0.00196594 -0.00696000 0.01515621
v -0.00249059 -0.06177983 0.02511509
v -0.00249059 -0.06177983 0.00007320
v 0.00325676 -0.05612497 0.00043971
v 0.00325676 -0.05612497 0.02474858
v 0.00247711 -0.06288096 0.02504741
v 0.00247711 -0.06288096 0.00014088
v 0.00290232 -0.04325546 0.00302644
v 0.00290232 -0.04325545 0.02216185
v 0.00218428 -0.05436175 0.02472709
v 0.00218428 -0.05436175 0.00046120
v 0.00218428 -0.05102462 0.00119728
v 0.00218428 -0.05102462 0.02399100
v 0.00218428 -0.08017536 0.00266091
v 0.00218428 -0.08017536 0.02252736
v 0.00218428 -0.03396092 0.00423334
v 0.00218428 -0.03396092 0.02095496
v -0.00401268 -0.07313423 0.02325558
v -0.00401268 -0.07313423 0.00193271
v -0.00123265 -0.05607115 0.02510953
v -0.00123265 -0.05607115 0.00007876
v -0.00245703 -0.04552101 0.02235240
v -0.00245703 -0.04552101 0.00283589
v -0.00245703 -0.04674039 0.00257000
v -0.00245703 -0.04426565 0.00271866
v -0.00245703 -0.03982409 0.00346154
v -0.00245703 -0.03982409 0.02172675
v -0.00245703 -0.04520057 0.00253558
v -0.00245703 -0.04520057 0.02265271
v -0.00245703 -0.04020547 0.00376396
v -0.00245703 -0.04020547 0.02142433
v -0.00245703 -0.03863135 0.00364147
v -0.00245703 -0.03863135 0.02154683
v -0.00245703 -0.04007780 0.00342189
v -0.00245703 -0.04007780 0.02176640
v -0.00245703 -0.04545184 0.02270485
v -0.00245703 -0.04325546 0.00290386
v -0.00245703 -0.04216351 0.00309083
v -0.00245703 -0.04216351 0.02209746
v -0.00245703 -0.04674038 0.02261829
v -0.00245703 -0.04666534 0.02296246
v -0.00245703 -0.04666534 0.00222583
v -0.00245703 -0.03819064 0.02114567
v -0.00245703 -0.03819064 0.00404262
v -0.00245703 -0.04426564 0.02246963
v -0.00245703 -0.04545186 0.00248346
v -0.00245703 -0.03814503 0.00371286
v -0.00245703 -0.03814503 0.02147545
v -0.00245703 -0.04101057 0.02191084
v -0.00245703 -0.04101057 0.00327745
v -0.00245703 -0.04015021 0.02177761
v -0.00245703 -0.04015021 0.00341068
v -0.00245703 -0.04325545 0.02228445
v -0.00245703 -0.04607353 0.00235449
v -0.00245703 -0.04607353 0.02283380
v 0.00279678 -0.00696000 0.01420888
v 0.00279678 -0.00696000 0.01097944
v 0.00331533 -0.04997427 0.02348485
v 0.00331533 -0.04997427 0.00170344
v 0.00066036 -0.08995756 0.01286768
v 0.00066036 -0.08995756 0.01232061
v -0.00348132 -0.03743980 0.02101889
v -0.00348132 -0.03743980 0.00416940
v -0.00236309 -0.06177983 0.02513827
v -0.00236309 -0.06177983 0.00005002
v -0.00023277 -0.08999204 0.01249774
v -0.00023277 -0.08999204 0.01269055
v -0.00393703 -0.08880696 0.00865711
v -0.00393703 -0.08880696 0.01653118
v -0.00131318 -0.05612497 0.00008087
v 0.00344100 -0.04689783 0.00245724
v 0.00344100 -0.04689783 0.02273105
v -0.00361736 -0.03981948 0.00385671
v -0.00361736 -0.03981948 0.02133157
v 0.00191808 -0.08746181 0.00543571
v 0.00191808 -0.08746181 0.01975257
v -0.00868289 -0.00848150 0.01259415
v -0.00524033 -0.08746181 0.00735382
v -0.00524033 -0.08746181 0.01783446
v -0.00236025 -0.06947284 0.00089350
v -0.00236025 -0.06947286 0.02429479
v 0.00171310 -0.08809851 0.01898755
v 0.00171310 -0.08809851 0.00620074
v -0.00287148 -0.03632217 0.00410497
v -0.00287148 -0.03632217 0.02108333
v -0.00392017 -0.04881842 0.00217850
v -0.00392017 -0.04881842 0.02300979
v 0.00315771 -0.07628909 0.00218448
v 0.00315771 -0.07628909 0.02300381
v 0.00156485 -0.08985661 0.01349762
v 0.00156485 -0.08985661 0.01169067
v 0.00348287 -0.03522916 0.02068641
v 0.00348287 -0.03522916 0.00450188
v 0.00222128 -0.03398936 0.00423854
v 0.00222128 -0.03398936 0.02094975
v 0.00573215 -0.08809851 0.01590361
v 0.00573215 -0.08809851 0.00928467
v 0.00221517 -0.05438551 0.02472565
v 0.00083584 -0.00696000 0.01571355
v 0.00083584 -0.00696000 0.00947474
v -0.00204974 -0.05612497 0.00017917
v -0.00204974 -0.05612497 0.02500912
v -0.00169346 -0.08932819 0.01668251
v -0.00169346 -0.08932819 0.00850578
v -0.00328632 -0.06288096 0.02485881
v -0.00328632 -0.06288096 0.00032947
v 0.00373544 -0.05612497 0.02460889
v 0.00373544 -0.05612499 0.00057942
v 0.00389161 -0.06824847 0.00112974
v 0.00389161 -0.06824846 0.02405853
v -0.00748412 -0.00804025 0.00827320
v -0.00748412 -0.00804025 0.01691512
v 0.00320508 -0.03744540 0.00405935
v 0.00320508 -0.03744540 0.02112894
v -0.00364769 -0.04520057 0.00290244
v -0.00364769 -0.04520057 0.02228585
v -0.00312915 -0.08932823 0.00946501
v -0.00312915 -0.08932819 0.01572328
v -0.00259108 -0.00693457 0.01884954
v -0.00259108 -0.00693457 0.00633876
v 0.00401218 -0.05701412 0.00056785
v 0.00401218 -0.05701412 0.02462044
v 0.00298790 -0.07955087 0.02244399
v 0.00298790 -0.07955089 0.00274430
v 0.00857297 -0.00833969 0.01146574
v 0.00857297 -0.00833969 0.01372257
v -0.00313952 -0.08965930 0.01218082
v -0.00313952 -0.08965930 0.01300747
v -0.00395760 -0.00695931 0.01944892
v -0.00395760 -0.00695931 0.00573940
v 0.00218323 -0.05712795 0.02475003
v 0.00218323 -0.05712795 0.02509140
v 0.00218323 -0.05712795 0.00009689
v 0.00218323 -0.05712795 0.00043826
v 0.00314529 -0.03631256 0.02098397
v 0.00314529 -0.03631256 0.00420434
v -0.00152714 -0.04845357 0.00165369
v 0.00331428 -0.06074707 0.02496324
v 0.00331428 -0.06074707 0.00022505
v 0.00731259 -0.00695931 0.01562314
v 0.00731259 -0.00695931 0.00956517
v -0.00261975 -0.05068982 0.00135871
v -0.00261975 -0.05068982 0.02382956
v -0.00265086 -0.07981663 0.02248723
v -0.00265086 -0.07981663 0.00270104
v -0.00072674 -0.08880696 0.01811425
v -0.00072674 -0.08880698 0.00707404
v -0.00685476 -0.00695931 0.01655176
v -0.00685476 -0.00695931 0.00863656
v 0.00290310 -0.04921165 0.00175961
v 0.00290310 -0.04921165 0.02342870
v -0.00325604 -0.04921165 0.02332789
v -0.00325604 -0.04921165 0.00186041
v -0.00207497 -0.00732246 0.01379214
v -0.00207497 -0.00732246 0.01139617
v -0.00207497 -0.00712256 0.01379214
v -0.00207497 -0.00712256 0.01139617
v -0.00207497 -0.00757324 0.01379214
v -0.00207497 -0.00757324 0.01139617
v 0.00148594 -0.04997427 0.02388097
v 0.00148594 -0.04997429 0.00130732
v -0.00080666 -0.05438551 0.02490152
v -0.00080666 -0.05438551 0.00028679
v 0.00283599 -0.08746181 0.01944087
v 0.00283599 -0.08746181 0.00574742
v 0.00268021 -0.04520057 0.02259682
v 0.00268021 -0.04520057 0.00259147
v 0.00315544 -0.04216341 0.00329834
v 0.00315544 -0.04216340 0.02188997
v -0.00046769 -0.08985661 0.01433953
v -0.00046769 -0.08985661 0.01084876
v -0.00096732 -0.08746181 0.00524669
v -0.00096732 -0.08746181 0.01994160
v -0.00349662 -0.07628909 0.00229341
v -0.00349662 -0.07628909 0.02289486
v -0.00225332 -0.05075238 0.02392230
v -0.00225332 -0.05075238 0.00126599
v -0.00066656 -0.08007931 0.00242435
v -0.00066656 -0.08007935 0.02276394
v 0.00369413 -0.07851124 0.00277904
v 0.00369413 -0.07851122 0.02240925
v -0.00430800 -0.00756979 0.00513249
v -0.00430800 -0.00756979 0.02005581
v 0.00223914 -0.08965930 0.01483329
v 0.00223914 -0.08965930 0.01035499
v -0.00231433 -0.00732246 0.01321428
v -0.00231433 -0.00732246 0.01197403
v -0.00231433 -0.00712256 0.01321428
v -0.00231433 -0.00712256 0.01197403
v -0.00231433 -0.00757324 0.01321428
v -0.00231433 -0.00757324 0.01197403
v 0.00015335 -0.08999204 0.01239427
v 0.00015335 -0.08999204 0.01279401
v -0.00206420 -0.05694981 0.00009155
v -0.00206420 -0.05694981 0.02509674
v -0.00028833 -0.03534664 0.00377128
v -0.00028833 -0.03534664 0.02141702
v -0.00040058 -0.05386248 0.02483062
v -0.00040058 -0.05386248 0.00035767
v -0.00685986 -0.00833978 0.01785821
v -0.00685986 -0.00833978 0.00733009
v 0.00338544 -0.00693457 0.00673040
v 0.00338544 -0.00693457 0.01845790
v 0.00131795 -0.08053660 0.02260502
v 0.00131795 -0.08053660 0.00258325
v 0.00330469 -0.04997427 0.02348828
v 0.00330469 -0.04997427 0.00170001
v 0.00174294 -0.03648169 0.00427898
v 0.00174294 -0.03648169 0.02090932
v 0.00174294 -0.03641417 0.02139759
v 0.00174294 -0.04842599 0.02298586
v 0.00174294 -0.04842599 0.00220243
v 0.00174294 -0.03641419 0.00379070
v 0.00174294 -0.04831986 0.02347254
v 0.00174294 -0.04831986 0.00171575
v -0.00226757 -0.07162505 0.00119435
v -0.00226757 -0.07162505 0.02399392
v -0.00294840 -0.07313423 0.02359768
v -0.00294840 -0.07313423 0.00159061
v 0.00236154 -0.06824847 0.02446848
v 0.00035628 -0.08995756 0.01321127
v 0.00035628 -0.08995756 0.01197702
v -0.00245486 -0.05612497 0.00025282
v -0.00245486 -0.05612499 0.02493547
v 0.00096329 -0.06984422 0.02443863
v 0.00096329 -0.06984424 0.00074966
v 0.00301918 -0.07898920 0.00264118
v 0.00301918 -0.07898920 0.02254710
v -0.00090349 -0.08985661 0.01102928
v -0.00090349 -0.08985661 0.01415901
v 0.00120182 -0.05396947 0.00039169
v 0.00120182 -0.05396947 0.02479660
v -0.00072840 -0.04885524 0.00148079
v -0.00072840 -0.04885524 0.02370752
v 0.00009640 -0.08999204 0.01282690
v 0.00009640 -0.08999204 0.01236139
v -0.00112799 -0.00804025 0.02116205
v -0.00112799 -0.00804025 0.00402627
v 0.00321379 -0.04325546 0.02206173
v 0.00321379 -0.04325545 0.00312657
v -0.00076500 -0.05147525 0.00092234
v -0.00076500 -0.05147525 0.02426595
v 0.00751896 -0.00848251 0.00825308
v 0.00751896 -0.00848251 0.01693524
v -0.00383176 -0.07628909 0.02277490
v -0.00383176 -0.07628909 0.00241339
v 0.00152210 -0.05130073 0.00103257
v 0.00152210 -0.05130073 0.02415574
v -0.00235725 -0.06944917 0.00119940
v -0.00235725 -0.06944917 0.02398887
v 0.00263424 -0.04426565 0.00276303
v 0.00263424 -0.04426564 0.02242526
v 0.00002990 -0.07900607 0.02299125
v 0.00002990 -0.07900607 0.00219702
v 0.00002990 -0.06962166 0.00067842
v 0.00002990 -0.06962166 0.02450987
v -0.00370548 -0.08746181 0.00617609
v -0.00370548 -0.08746181 0.01901220
v 0.00027393 -0.03344470 0.02115809
v 0.00027393 -0.03344470 0.00403020
v 0.00027393 -0.05154083 0.00088840
v 0.00027393 -0.05154083 0.02429989
v 0.00027393 -0.08069156 0.02265508
v 0.00027393 -0.08069158 0.00253321
v 0.00027393 -0.05384556 0.00035852
v 0.00027393 -0.05384556 0.02482977
v 0.00068022 -0.07898920 0.00221563
v 0.00068022 -0.07898920 0.02297264
v 0.00243087 -0.04689783 0.00216873
v 0.00243087 -0.04689783 0.02301956
v 0.00249370 -0.04101053 0.00328664
v 0.00249370 -0.04101053 0.02190166
v 0.00248760 -0.05791493 0.02510016
v 0.00248760 -0.05791493 0.00008813
v 0.00427446 -0.08932823 0.01144880
v 0.00427446 -0.08932819 0.01373949
v -0.00166018 -0.08007931 0.02264959
v -0.00166018 -0.08007933 0.00253870
v 0.00426287 -0.00694032 0.01505533
v 0.00426287 -0.00694032 0.01013297
v -0.00233978 -0.05791493 0.00006125
v -0.00233978 -0.05791493 0.02512704
v 0.00088376 -0.00693457 0.01930700
v 0.00088376 -0.00693457 0.00588129
v 0.00277067 -0.04689783 0.00225383
v 0.00277067 -0.04689783 0.02293446
v 0.00671286 -0.00693457 0.01347792
v 0.00671286 -0.00693457 0.01171039
v 0.00298358 -0.00696000 0.01135831
v 0.00298358 -0.00696000 0.01383000
v -0.00264420 -0.07148615 0.00125385
v -0.00264420 -0.07148615 0.02393444
v -0.00098850 -0.08059614 0.02263060
v -0.00098850 -0.08059614 0.00255770
v 0.00329715 -0.00756979 0.00463411
v 0.00329715 -0.00756979 0.02055419
v 0.00392185 -0.07474851 0.00217401
v 0.00392185 -0.07474851 0.02301428
v 0.00241074 -0.05453587 0.00047460
v 0.00241074 -0.05453586 0.02471369
v -0.00537808 -0.08880696 0.01115309
v -0.00537808 -0.08880696 0.01403520
v -0.00358513 -0.04426565 0.00306867
v -0.00358513 -0.04426565 0.02211962
v -0.00611503 -0.08809851 0.01006122
v -0.00611503 -0.08809851 0.01512707
v 0.00095675 -0.00700951 0.01490395
v 0.00095675 -0.00700951 0.01028434
v 0.00290588 -0.05882905 0.02505681
v 0.00290588 -0.05882905 0.00013148
v -0.00327156 -0.04426565 0.02223186
v -0.00327156 -0.04426565 0.00295643
v 0.00135756 -0.07898920 0.02290588
v 0.00135756 -0.07898920 0.00228240
v -0.00281523 -0.04768672 0.02310072
v -0.00281523 -0.04768672 0.00208757
v 0.00311940 -0.00696000 0.01175832
v 0.00311940 -0.00696000 0.01342999
v -0.00064709 -0.00700951 0.01500911
v -0.00064709 -0.00700951 0.01017920
v 0.00111476 -0.03355700 0.00408152
v 0.00111476 -0.03355700 0.02110678
v -0.00188368 -0.00694032 0.01714174
v -0.00188368 -0.00694032 0.00804657
v 0.00198348 -0.00700951 0.01107218
v 0.00198348 -0.00700951 0.01411613
v 0.00018442 -0.08995756 0.01190584
v 0.00018442 -0.08995756 0.01328245
v 0.00382036 -0.06984424 0.02384861
v 0.00382036 -0.06984424 0.00133968
v -0.00315747 -0.04768673 0.00218533
v -0.00315747 -0.04768672 0.02300298
v 0.00199690 -0.07076014 0.00101529
v 0.00199690 -0.07076014 0.02417300
v 0.00199690 -0.07786759 0.02300732
v 0.00199690 -0.07786759 0.00218097
v -0.00095090 -0.03587408 0.02144222
v -0.00095090 -0.03587408 0.00374608
v -0.00095090 -0.04881585 0.00150787
v -0.00095090 -0.04881585 0.02368044
v -0.00095090 -0.04894276 0.00208977
v -0.00095090 -0.04894276 0.02309854
v -0.00095090 -0.03595779 0.02083687
v -0.00095090 -0.03595781 0.00435142
v -0.00611076 -0.00804025 0.00648338
v -0.00236257 -0.06074707 0.00001021
v -0.00236257 -0.06074707 0.02517808
v 0.00028020 -0.03364910 0.02118615
v 0.00028020 -0.03364910 0.00400215
v -0.00256206 -0.00696000 0.01456009
v -0.00256206 -0.00696000 0.01062821
v -0.00236196 -0.06824847 0.00071988
v -0.00236196 -0.05952040 0.02475003
v -0.00236196 -0.05952040 0.00043826
v -0.00236196 -0.06824846 0.02446841
v -0.00236196 -0.05882905 0.02516963
v -0.00236196 -0.05882905 0.00001866
v -0.00236196 -0.05802645 0.02475003
v -0.00236196 -0.05802645 0.02512869
v -0.00236196 -0.05802645 0.00005960
v -0.00236196 -0.05802645 0.00043826
v -0.00236196 -0.05953627 0.00000459
v -0.00236196 -0.05953627 0.02518370
v -0.00227411 -0.03529549 0.02111825
v -0.00227411 -0.03529549 0.00407005
v 0.00215529 -0.04845357 0.00175878
v 0.00215529 -0.04845357 0.02342953
v -0.00204861 -0.00695931 0.00494867
v -0.00204861 -0.00695931 0.02023965
v 0.00224985 -0.00848172 0.00420826
v 0.00224985 -0.00848172 0.02098004
v -0.00798874 -0.00833978 0.00928537
v -0.00798874 -0.00833978 0.01590294
v 0.00166969 -0.03374634 0.00414521
v 0.00166969 -0.03374634 0.02104309
v 0.00253292 -0.08809851 0.00647910
v 0.00253292 -0.08809851 0.01870918
v -0.00034045 -0.07896459 0.00219443
v -0.00034045 -0.07896459 0.02299385
v 0.00400133 -0.04845357 0.00229802
v 0.00400133 -0.04845357 0.02289027
v 0.00072837 -0.04885379 0.02370718
v 0.00072837 -0.04885379 0.00148111
v 0.00050387 -0.08995756 0.01209027
v 0.00050387 -0.08995756 0.01309802
v -0.00210718 -0.05701412 0.02509596
v -0.00210718 -0.05701412 0.00009233
v -0.00223834 -0.00833973 0.00424188
v -0.00223834 -0.00833973 0.02094641
v 0.00091688 -0.00732246 0.01038059
v 0.00091688 -0.00732246 0.01480771
v 0.00091688 -0.00712256 0.01038059
v 0.00091688 -0.00712256 0.01480771
v 0.00091688 -0.00757324 0.01038059
v 0.00091688 -0.00757324 0.01480771
v 0.00206013 -0.07771596 0.02302372
v -0.00360548 -0.04921165 0.02321555
v -0.00360548 -0.04921165 0.00197274
v -0.00403008 -0.04607353 0.00286469
v -0.00403008 -0.04607353 0.02232360
v 0.00295447 -0.04426565 0.00285451
v -0.00015621 -0.07898920 0.00219586
v 0.00441717 -0.08880698 0.01598356
v 0.00441717 -0.08880698 0.00920472
v -0.00764549 -0.00695931 0.01464275
v -0.00764549 -0.00695931 0.01054554
v 0.00683543 -0.00756979 0.00734913
v 0.00683543 -0.00756979 0.01783917
v 0.00404930 -0.06406489 0.00066521
v 0.00404930 -0.06406489 0.02452308
v 0.00110090 -0.00714275 0.00423200
v 0.00110090 -0.00714275 0.02095629
v 0.00116373 -0.06992782 0.02440989
v 0.00116373 -0.06992782 0.00077840
v 0.00033344 -0.08007931 0.00240793
v 0.00033344 -0.08007931 0.02278036
v 0.00408835 -0.08932819 0.01428760
v 0.00408835 -0.08932819 0.01090068
v -0.00143389 -0.03532705 0.02130272
v -0.00143389 -0.03532705 0.00388559
v -0.00127772 -0.08985661 0.01387185
v -0.00127772 -0.08985661 0.01131643
v -0.00275162 -0.07771596 0.00232500
v -0.00275162 -0.07771596 0.02286329
v 0.00241496 -0.00700951 0.01194706
v 0.00241496 -0.00700951 0.01324124
v 0.00524501 -0.00756979 0.00575871
v 0.00524501 -0.00756979 0.01942959
v 0.00111615 -0.03362309 0.02111572
v 0.00111615 -0.03362309 0.00407257
v 0.00269193 -0.07898920 0.00254770
v 0.00269193 -0.07898920 0.02264059
v 0.00247352 -0.05701412 0.02502934
v 0.00247352 -0.05701412 0.00015895
v 0.00254856 -0.03528191 0.00415010
v 0.00254856 -0.03528191 0.02103818
v -0.00283602 -0.08746181 0.01944087
v -0.00283602 -0.08746181 0.00574742
v 0.00258678 -0.07313422 0.00150007
v 0.00258678 -0.07313423 0.02368822
v 0.00020084 -0.08999471 0.01259414
v 0.00366170 -0.07313423 0.00180708
v 0.00366170 -0.07313423 0.02338121
v -0.00123584 -0.00696000 0.01557772
v -0.00123584 -0.00696000 0.00961057
v -0.00191667 -0.07065576 0.00098514
v -0.00191667 -0.07065578 0.02420315
v 0.00240010 -0.06673875 0.02466021
v 0.00240010 -0.06673875 0.00052808
v 0.00250015 -0.00700951 0.01259415
v 0.00301382 -0.07148617 0.00134642
v 0.00301382 -0.07148615 0.02384188
v -0.00117789 -0.06857397 0.02407984
v -0.00117789 -0.06857397 0.00110845
v 0.00241413 -0.07771595 0.00224050
v 0.00241413 -0.07771596 0.02294779
v 0.00289546 -0.05791493 0.00017617
v 0.00289546 -0.05791493 0.02501212
v 0.00230920 -0.08007931 0.00266763
v -0.00625539 -0.00693457 0.01000309
v -0.00625539 -0.00693457 0.01518522
v 0.00230981 -0.00700951 0.01355091
v 0.00230981 -0.00700951 0.01163740
v 0.00312912 -0.08932823 0.00946501
v 0.00312912 -0.08932819 0.01572328
v 0.00164241 -0.05612497 0.00011875
v 0.00164241 -0.05612497 0.02506954
v -0.00164946 -0.08039837 0.02258469
v -0.00164946 -0.08039837 0.00260360
v -0.00114943 -0.03533438 0.00384282
v -0.00114943 -0.03533438 0.02134548
v 0.00264268 -0.03745630 0.02132143
v 0.00264268 -0.03745630 0.00386686
v -0.00017395 -0.08999471 0.01249371
v -0.00017395 -0.08999471 0.01269458
v 0.00083874 -0.03363520 0.02114854
v 0.00083874 -0.03363520 0.00403976
v 0.00146405 -0.04921165 0.02371480
v 0.00146405 -0.04921167 0.00147349
v -0.00573218 -0.08809851 0.01590361
v -0.00573218 -0.08809851 0.00928467
v -0.00345789 -0.04216337 0.00340660
v -0.00345789 -0.04216337 0.02178169
v 0.00174590 -0.03635421 0.02138863
v 0.00174590 -0.03635421 0.00379966
v 0.00192769 -0.08965930 0.01008191
v 0.00192769 -0.08965930 0.01510638
v -0.00055829 -0.03348269 0.00403839
v -0.00055829 -0.03348269 0.02114991
v -0.00154414 -0.07021978 0.02432301
v -0.00154414 -0.07021978 0.00086528
v 0.00326677 -0.03862375 0.02128353
v 0.00326677 -0.03862375 0.00390476
v -0.00191811 -0.08746181 0.00543571
v -0.00191811 -0.08746181 0.01975257
v 0.00814701 -0.00714275 0.01041117
v 0.00814701 -0.00714275 0.01477714
v 0.00041331 -0.08965930 0.01573365
v 0.00041331 -0.08965930 0.00945464
v 0.00023274 -0.08999204 0.01249774
v 0.00023274 -0.08999204 0.01269055
v -0.00330926 -0.00833969 0.00460552
v -0.00330926 -0.00833969 0.02058278
v 0.00062012 -0.00732246 0.01490848
v 0.00062012 -0.00732246 0.01027984
v 0.00062012 -0.00712256 0.01490848
v 0.00062012 -0.00712256 0.01027984
v 0.00062012 -0.00757324 0.01490848
v 0.00062012 -0.00757324 0.01027984
v -0.00552010 -0.08880698 0.01186740
v -0.00552010 -0.08880698 0.01332089
v -0.00103313 -0.00695931 0.00474677
v -0.00103313 -0.00695931 0.02044153
v 0.00358378 -0.07877587 0.02239787
v 0.00358378 -0.07877587 0.00279042
v 0.00358378 -0.04962512 0.02331796
v 0.00358378 -0.04962512 0.00187033
v 0.00358378 -0.03536042 0.02066223
v 0.00358378 -0.03536042 0.00452607
v 0.00358378 -0.05576126 0.02460508
v 0.00358378 -0.05576126 0.00058321
v -0.00062012 -0.00732246 0.01490848
v -0.00062012 -0.00732246 0.01027984
v -0.00062012 -0.00712256 0.01490848
v -0.00062012 -0.00712256 0.01027984
v -0.00062012 -0.00757324 0.01490848
v -0.00062012 -0.00757324 0.01027982
v 0.00330926 -0.00833969 0.02058278
v 0.00258512 -0.04997427 0.02368109
v 0.00258512 -0.04997429 0.00150721
v -0.00587943 -0.08746181 0.00808271
v -0.00587943 -0.08746181 0.01710558
v -0.00398642 -0.07771596 0.02244855
v -0.00398642 -0.07771596 0.00273972
v -0.00409867 -0.05791493 0.00051983
v -0.00409867 -0.05791493 0.02466846
v -0.00274922 -0.06824847 0.02438483
v -0.00274922 -0.06824846 0.00080345
v 0.00395448 -0.06673875 0.00094457
v 0.00395448 -0.06673875 0.02424372
v -0.00338512 -0.04607353 0.00262188
v -0.00338512 -0.04607353 0.02256641
v 0.00334320 -0.07898920 0.00274533
v 0.00334320 -0.07898920 0.02244296
v 0.00086393 -0.08809851 0.01915638
v 0.00086393 -0.08809851 0.00603190
v -0.00294649 -0.04997427 0.02359060
v -0.00294649 -0.04997429 0.00159769
v 0.00408137 -0.06288096 0.02461754
v 0.00408137 -0.06288096 0.00057075
v -0.00362731 -0.04952075 0.02327989
v -0.00362731 -0.04952075 0.00190840
v -0.00055995 -0.03364387 0.00401626
v -0.00055995 -0.03364387 0.02117203
v -0.00322651 -0.06534602 0.00055269
v -0.00322651 -0.06534602 0.02463560
v 0.00152767 -0.04845357 0.00165377
v -0.00514392 -0.08880698 0.01046346
v -0.00514392 -0.08880698 0.01472483
v -0.00442527 -0.08932823 0.01259414
v 0.00236528 -0.03768251 0.00375455
v 0.00236528 -0.03768251 0.02143375
v -0.00396285 -0.04520057 0.02216131
v -0.00396285 -0.04520057 0.00302700
v -0.00243221 -0.05524844 0.00036666
v -0.00243221 -0.05524846 0.02482163
v 0.00144104 -0.08880696 0.00721606
v 0.00144104 -0.08880696 0.01797223
v 0.00349632 -0.04768673 0.00229424
v 0.00349632 -0.04768673 0.02289405
v -0.00166964 -0.08985661 0.01328573
v -0.00166964 -0.08985661 0.01190256
v 0.00334076 -0.03504433 0.02072063
v 0.00334076 -0.03504433 0.00446767
v 0.00291006 -0.05976828 0.00011359
v 0.00291006 -0.05976828 0.02507470
v -0.00118098 -0.05952027 0.02475003
v -0.00118098 -0.05952027 0.00043826
v 0.00109941 -0.04921165 0.02375677
v 0.00109941 -0.04921165 0.00143154
v 0.00338019 -0.07148615 0.02373723
v 0.00338019 -0.07148615 0.00145106
v 0.00231869 -0.06984424 0.00093731
v 0.00231869 -0.06984424 0.02425098
v 0.00258773 -0.04325545 0.02225170
v 0.00258773 -0.04325545 0.00293659
v -0.00001722 -0.04898840 0.02376084
v -0.00001722 -0.04898840 0.00142746
v -0.00001722 -0.03568310 0.00372087
v -0.00001722 -0.03568310 0.02146742
v -0.00001722 -0.04912419 0.02313811
v -0.00001722 -0.04912419 0.00205020
v -0.00001722 -0.03577382 0.00437687
v -0.00001722 -0.03577382 0.02081142
v -0.00230981 -0.00700951 0.01355091
v -0.00230981 -0.00700951 0.01163740
v -0.00230920 -0.08007931 0.02252067
v -0.00250869 -0.04845357 0.02335325
v -0.00250869 -0.04845357 0.00183504
v -0.00318951 -0.05524846 0.02464578
v -0.00318951 -0.05524848 0.00054251
v 0.00310750 -0.04689783 0.02283824
v 0.00310750 -0.04689780 0.00235005
v 0.00057759 -0.08932819 0.00820679
v 0.00057759 -0.08932819 0.01698149
v 0.00194595 -0.03386155 0.02100023
v 0.00194595 -0.03386155 0.00418806
v -0.00065900 -0.08064014 0.02264854
v -0.00065900 -0.08064014 0.00253973
v -0.00087069 -0.03585701 0.02144905
v -0.00087069 -0.03585701 0.00373926
v 0.00227172 -0.07148615 0.00117346
v 0.00227172 -0.07148615 0.02401483
v -0.00150758 -0.05075238 0.00114293
v -0.00150758 -0.05075238 0.02404536
v 0.00254075 -0.04216349 0.02207651
v 0.00254075 -0.04216349 0.00311180
v -0.00198831 -0.08007933 0.02258993
v -0.00198831 -0.08007933 0.00259836
v -0.00250015 -0.00700951 0.01259415
v 0.00185444 -0.04997429 0.00136195
v 0.00185444 -0.04997429 0.02382634
v -0.00283080 -0.06534602 0.00045360
v -0.00283080 -0.06534602 0.02473469
v -0.00390511 -0.00694032 0.00959767
v -0.00390511 -0.00694032 0.01559064
v 0.00145485 -0.03621644 0.00376613
v 0.00145485 -0.03621644 0.02142218
v 0.00179221 -0.04824944 0.02344941
v 0.00179221 -0.04824944 0.00173888
v -0.00333654 -0.07909744 0.00276501
v -0.00333654 -0.07909744 0.02242328
v 0.00351075 -0.08932819 0.00990024
v 0.00351075 -0.08932819 0.01528803
v 0.00402929 -0.08809851 0.00734305
v 0.00402929 -0.08809851 0.01784524
v 0.00112459 -0.00756979 0.00405199
v 0.00112459 -0.00756979 0.02113633
v -0.00133028 -0.08007931 0.00248977
v -0.00133028 -0.08007933 0.02269852
v 0.00226174 -0.05096507 0.02396464
v 0.00226174 -0.05096507 0.00122365
v -0.00654017 -0.00693457 0.01084173
v -0.00654017 -0.00693457 0.01434658
v -0.00326050 -0.06406489 0.00042583
v -0.00326050 -0.06406489 0.02476246
v 0.00374296 -0.07148615 0.02362061
v 0.00374296 -0.07148615 0.00156768
v -0.00036700 -0.04921165 0.00138344
v -0.00036700 -0.04921165 0.02380487
v 0.00292548 -0.03745097 0.00395847
v 0.00292548 -0.03745097 0.02122982
v 0.00114533 -0.08932823 0.00831966
v 0.00114533 -0.08932819 0.01686862
v -0.00524501 -0.00756979 0.00575871
v -0.00524501 -0.00756979 0.01942959
v -0.00241496 -0.00700951 0.01194707
v -0.00241496 -0.00700951 0.01324124
v -0.00175244 -0.00693457 0.01913432
v -0.00175244 -0.00693457 0.00605399
v 0.00389486 -0.04426565 0.02199720
v 0.00389486 -0.04426565 0.00319109
v -0.00116495 -0.06984424 0.00076621
v -0.00116495 -0.06984424 0.02442208
v -0.00390106 -0.03981830 0.00397987
v -0.00390106 -0.03981830 0.02120843
v -0.00245766 -0.06406489 0.02494957
v -0.00245766 -0.06406489 0.00023872
v 0.00313351 -0.06824847 0.02428859
v 0.00313351 -0.06824847 0.00089968
v -0.00274439 -0.03982305 0.00354374
v -0.00274439 -0.03982305 0.02164455
v -0.00243204 -0.06534602 0.02482077
v -0.00243204 -0.06534602 0.00036752
v -0.00224902 -0.07148615 0.02401896
v -0.00224902 -0.07148615 0.00116933
v 0.00265501 -0.03432282 0.02086786
v 0.00265501 -0.03432282 0.00432044
v -0.00083696 -0.03351990 0.02113280
v -0.00083696 -0.03351990 0.00405550
v -0.00141163 -0.03440252 0.02117954
v -0.00141163 -0.03440252 0.00400875
v -0.00389152 -0.04845357 0.00225461
v -0.00389152 -0.04845357 0.02293368
v 0.00834745 -0.00804025 0.01035746
v 0.00834745 -0.00804025 0.01483085
v 0.00328154 -0.05701412 0.00034726
v 0.00328154 -0.05701412 0.02484103
v 0.00223834 -0.00833973 0.00424188
v 0.00223834 -0.00833973 0.02094641
v 0.00305703 -0.04607353 0.02267189
v 0.00305703 -0.04607353 0.00251641
v 0.00303873 -0.03982189 0.00363851
v 0.00303873 -0.03982189 0.02154978
v -0.00400133 -0.04845357 0.02289027
v -0.00372009 -0.05976828 0.00033063
v -0.00372009 -0.05976828 0.02485766
v -0.00330708 -0.00804025 0.02057814
v -0.00330708 -0.00804025 0.00461015
v 0.00111583 -0.04997429 0.02392357
v 0.00111583 -0.04997429 0.00126472
v -0.00082049 -0.05583897 0.00007577
v -0.00082049 -0.05583897 0.02511252
v -0.00339371 -0.04100951 0.02161224
v -0.00339371 -0.04100951 0.00357605
v 0.00240976 -0.04689783 0.00216419
v 0.00322846 -0.05529913 0.00054535
v 0.00322846 -0.05529913 0.02464294
v -0.00221264 -0.08932823 0.00876176
v -0.00221264 -0.08932819 0.01642652
v 0.00202909 -0.07898920 0.02279506
v 0.00202909 -0.07898920 0.00239322
v 0.00798874 -0.00833978 0.00928537
v 0.00798874 -0.00833978 0.01590294
v -0.00224985 -0.00848172 0.00420826
v -0.00224985 -0.00848172 0.02098004
v 0.00302897 -0.00695931 0.00528155
v 0.00302897 -0.00695931 0.01990675
v -0.00354866 -0.03862085 0.02117168
v 0.00227411 -0.03529549 0.02111825
v 0.00227411 -0.03529549 0.00407005
v -0.00232938 -0.06945046 0.00088364
v -0.00232938 -0.06945046 0.02430463
v 0.00256206 -0.00696000 0.01456009
v 0.00256206 -0.00696000 0.01062821
v -0.00332865 -0.04520057 0.00278824
v -0.00332865 -0.04520057 0.02240005
v 0.00611076 -0.00804025 0.00648338
v 0.00611076 -0.00804025 0.01870492
v 0.00113209 -0.05075238 0.02408856
v 0.00113209 -0.05075238 0.00109973
v -0.00198348 -0.00700951 0.01107218
v -0.00198348 -0.00700951 0.01411613
v 0.00188368 -0.00694032 0.01714174
v 0.00188368 -0.00694032 0.00804657
v -0.00365686 -0.06406489 0.00053905
v -0.00365686 -0.06406489 0.02464924
v -0.00311940 -0.00696000 0.01175832
v -0.00311940 -0.00696000 0.01342999
v -0.00481841 -0.00695931 0.00631468
v -0.00113184 -0.03441346 0.02122191
v -0.00113184 -0.03441346 0.00396639
v 0.00370958 -0.04607353 0.02245029
v 0.00370958 -0.04607353 0.00273802
v -0.00198104 -0.08026012 0.02255337
v 0.00358513 -0.04426565 0.00306867
v 0.00316663 -0.08965930 0.01259414
v -0.00798400 -0.00804025 0.00928706
v -0.00798400 -0.00804025 0.01590124
v -0.00492234 -0.00694032 0.01259415
v 0.00110014 -0.08985661 0.01116040
v 0.00110014 -0.08985661 0.01402789
v 0.00236235 -0.06406489 0.02496689
v 0.00236235 -0.06406489 0.00022140
v 0.00784738 -0.00695931 0.01156103
v 0.00784738 -0.00695931 0.01362729
v -0.00069160 -0.08985661 0.01426379
v -0.00069160 -0.08985661 0.01092450
v -0.00113511 -0.00848221 0.02120172
v -0.00113511 -0.00848221 0.00398659
v 0.00195117 -0.06917529 0.00077603
v 0.00195117 -0.06917531 0.02441226
v -0.00298358 -0.00696000 0.01135832
v -0.00298358 -0.00696000 0.01383000
v 0.00164553 -0.05634703 0.00009505
v 0.00164553 -0.05634703 0.02509324
v -0.00671286 -0.00693457 0.01347792
v -0.00671286 -0.00693457 0.01171039
v 0.00158331 -0.08965930 0.01533653
v 0.00158331 -0.08965930 0.00985176
v 0.00370143 -0.05791493 0.00039212
v 0.00370143 -0.05791493 0.02479617
v -0.00231435 -0.03633997 0.00393361
v -0.00231435 -0.03633997 0.02125468
v -0.00070868 -0.08995756 0.01268745
v -0.00070868 -0.08995756 0.01250084
v -0.00341977 -0.07898920 0.00277273
v -0.00341977 -0.07898920 0.02241555
v -0.00426287 -0.00694032 0.01505533
v -0.00426287 -0.00694032 0.01013297
v -0.00212584 -0.04777425 0.02328137
v -0.00212584 -0.04777425 0.00190691
v 0.00236152 -0.06826409 0.00072199
v 0.00236152 -0.06826409 0.02446628
v -0.00715842 -0.08746181 0.01451224
v -0.00715842 -0.08746181 0.01067605
v 0.00368047 -0.05701412 0.02472709
v 0.00368047 -0.05701412 0.00046120
v -0.00179175 -0.08985661 0.01235825
v -0.00179175 -0.08985661 0.01283004
v -0.00174782 -0.03642229 0.00379045
v -0.00174782 -0.03642229 0.02139785
v -0.00160385 -0.05411974 0.00041170
v -0.00160385 -0.05411974 0.02477660
v 0.00218827 -0.04921165 0.00159301
v 0.00218827 -0.04921165 0.02359530
v -0.00751896 -0.00848251 0.00825308
v -0.00751896 -0.00848251 0.01693524
v 0.00174536 -0.08985661 0.01306182
v 0.00174536 -0.08985661 0.01212647
v 0.00355113 -0.04845357 0.00213279
v 0.00355113 -0.04845357 0.02305552
v 0.00116520 -0.06992844 0.02440962
v 0.00116520 -0.06992844 0.00077867
v 0.00116520 -0.07869927 0.02298085
v 0.00116520 -0.07869929 0.00220743
v -0.00639341 -0.08809851 0.01088104
v -0.00174538 -0.08985661 0.01306182
v -0.00174538 -0.08985661 0.01212647
v -0.00832241 -0.00756979 0.01482413
v -0.00796004 -0.00756979 0.01589130
v -0.00796004 -0.00756979 0.00929700
v 0.00179173 -0.08985661 0.01235825
v 0.00179173 -0.08985661 0.01283004
v -0.00368048 -0.05701412 0.02472709
v -0.00368048 -0.05701412 0.00046120
v 0.00715840 -0.08746181 0.01451224
v 0.00715840 -0.08746181 0.01067605
v -0.00236154 -0.06824847 0.00071980
v -0.00236154 -0.06824846 0.02446848
v -0.00000001 -0.07900607 0.02299174
v -0.00000001 -0.06962166 0.02451035
v -0.00000001 -0.06962166 0.00067792
v -0.00000001 -0.08880696 0.01816195
v -0.00000001 -0.08880696 0.00702634
v -0.00000001 -0.08809851 0.00597521
v -0.00000001 -0.08809851 0.01921308
v -0.00000001 -0.05154083 0.00088391
v -0.00000001 -0.05154083 0.02430438
v -0.00000001 -0.08965930 0.00942749
v -0.00000001 -0.08965930 0.01576079
v -0.00000001 -0.05524846 0.02506125
v -0.00000001 -0.08999471 0.01279501
v -0.00000001 -0.08999471 0.01239328
v -0.00000001 -0.08007933 0.00240244
v -0.00000001 -0.08007933 0.02278583
v -0.00000001 -0.04921165 0.02381089
v -0.00000001 -0.04921165 0.00137740
v -0.00000001 -0.07900606 0.00219654
v -0.00000001 -0.04997427 0.02397852
v -0.00000001 -0.05567857 0.00007006
v -0.00000001 -0.05567857 0.02511823
v -0.00000001 -0.05524848 0.00012703
v -0.00000001 -0.09000000 0.01259414
v -0.00000001 -0.08069158 0.00252870
v -0.00000001 -0.08069158 0.02265957
v -0.00000001 -0.08995756 0.01188155
v -0.00000001 -0.08995756 0.01330674
v -0.00000001 -0.04898512 0.00142791
v -0.00000001 -0.04997429 0.00120979
v -0.00000001 -0.08985661 0.01440109
v -0.00000001 -0.08985661 0.01078719
v -0.00000001 -0.05075238 0.02414431
v -0.00000001 -0.05075238 0.00104398
v -0.00000001 -0.05384556 0.02483427
v -0.00000001 -0.05384556 0.00035402
v -0.00000001 -0.05438551 0.00026028
v -0.00000001 -0.05438551 0.02492801
v -0.00000001 -0.08746181 0.02000507
v -0.00000001 -0.08746181 0.00518320
v -0.00000001 -0.08932819 0.01701941
v -0.00000001 -0.08932819 0.00816888
v -0.00000001 -0.04898511 0.02376038
v -0.00222999 -0.00756979 0.00427174
v -0.00222999 -0.00756979 0.02091655
v -0.00454760 -0.00694032 0.01071048
v -0.00454760 -0.00694032 0.01447783
v 0.00031273 -0.00732246 0.01496959
v 0.00031273 -0.00732246 0.01021872
v 0.00031273 -0.00712256 0.01496959
v 0.00031273 -0.00712256 0.01021872
v 0.00031273 -0.00757324 0.01496959
v 0.00031273 -0.00757324 0.01021872
v -0.00559689 -0.00695931 0.00699726
v -0.00559689 -0.00695931 0.01819105
v -0.00338544 -0.00693457 0.00673040
v -0.00338544 -0.00693457 0.01845790
v -0.00375391 -0.03743433 0.00428843
v -0.00375391 -0.03743433 0.02089987
v 0.00685986 -0.00833978 0.01785821
v 0.00685986 -0.00833978 0.00733009
v -0.00287909 -0.05701412 0.00024647
v -0.00287909 -0.05701412 0.02494182
v 0.00396819 -0.03628390 0.00456711
v 0.00396819 -0.03628389 0.02062119
v 0.00040790 -0.05524846 0.00013374
v 0.00040790 -0.05524848 0.02505455
v 0.00114546 -0.05142444 0.02422435
v 0.00114546 -0.05142444 0.00096394
v 0.00341975 -0.07898920 0.00277273
v 0.00070866 -0.08995756 0.01268745
v 0.00070866 -0.08995756 0.01250084
v 0.00029016 -0.03574210 0.00371723
v 0.00029016 -0.03574210 0.02147106
v 0.00120890 -0.05438551 0.02486848
v 0.00120890 -0.05438551 0.00031981
v -0.00158333 -0.08965930 0.01533653
v -0.00158333 -0.08965930 0.00985176
v -0.00195119 -0.06917531 0.00077603
v -0.00195119 -0.06917531 0.02441226
v -0.00297548 -0.05497009 0.02465505
v -0.00297548 -0.05497009 0.00053324
v -0.00297548 -0.03456923 0.00439540
v -0.00297548 -0.03456923 0.02079289
v -0.00297548 -0.05041631 0.00150802
v -0.00297548 -0.05041631 0.02368027
v -0.00297548 -0.07956704 0.02244431
v -0.00297548 -0.07956704 0.00274396
v 0.00069158 -0.08985661 0.01426379
v 0.00069158 -0.08985661 0.01092450
v -0.00236298 -0.06673875 0.00052131
v -0.00236298 -0.06673875 0.02466697
v -0.00315544 -0.04216341 0.00329834
v -0.00315544 -0.04216340 0.02188997
v -0.00110016 -0.08985661 0.01116040
v -0.00110016 -0.08985661 0.01402789
v -0.00223670 -0.00804025 0.00424668
v -0.00223670 -0.00804025 0.02094161
v -0.00223670 -0.03435543 0.02099682
v -0.00223670 -0.03435543 0.00419148
v -0.00316664 -0.08965930 0.01259414
v 0.00207497 -0.00732246 0.01379214
v 0.00207497 -0.00732246 0.01139617
v 0.00207497 -0.00712256 0.01379214
v 0.00207497 -0.00712256 0.01139617
v 0.00207497 -0.00757324 0.01379214
v 0.00207497 -0.00757324 0.01139617
v 0.00279361 -0.06673875 0.02457529
v 0.00279361 -0.06673875 0.00061300
v -0.00163540 -0.07028994 0.00088921
v -0.00163540 -0.07028994 0.02429908
v -0.00163540 -0.07833777 0.02298391
v -0.00163540 -0.07833777 0.00220437
v 0.00685476 -0.00695931 0.01655176
v 0.00685476 -0.00695931 0.00863656
v -0.00731259 -0.00695931 0.01562314
v -0.00731259 -0.00695931 0.00956517
v -0.00382612 -0.04325546 0.02183120
v -0.00382612 -0.04325545 0.00335709
v -0.00246996 -0.04768672 0.02318719
v -0.00246996 -0.04768672 0.00200110
v -0.00038966 -0.06966971 0.00069100
v -0.00038966 -0.06966971 0.02449729
v -0.00857297 -0.00833969 0.01146574
v -0.00857297 -0.00833969 0.01372257
v -0.00249924 -0.03420306 0.02090080
v -0.00249924 -0.03420306 0.00428750
v 0.00748412 -0.00804025 0.00827320
v 0.00748412 -0.00804025 0.01691512
v 0.00179961 -0.04845357 0.00169409
v 0.00179961 -0.04845357 0.02349420
v -0.00286062 -0.06406489 0.00032570
v -0.00286062 -0.06406489 0.02486259
v -0.00202911 -0.07898920 0.02279506
v -0.00202911 -0.07898920 0.00239322
v 0.00221262 -0.08932823 0.00876175
v 0.00221262 -0.08932819 0.01642654
v 0.00032632 -0.00700951 0.01507288
v 0.00032632 -0.00700951 0.01011543
v 0.00180693 -0.08985661 0.01259414
v 0.00272568 -0.04607353 0.00242177
v 0.00272568 -0.04607353 0.02276652
v 0.00155132 -0.06984424 0.00081068
v 0.00155132 -0.06984424 0.02437761
v -0.00111585 -0.04997429 0.02392357
v -0.00111585 -0.04997429 0.00126472
v -0.00377082 -0.04689783 0.00257530
v -0.00377082 -0.04689783 0.02261299
v -0.00221517 -0.05438551 0.02472567
v -0.00232071 -0.03746183 0.00377550
v -0.00232071 -0.03746183 0.02141281
v -0.00746167 -0.00756979 0.01690215
v -0.00746167 -0.00756979 0.00828616
v -0.00165758 -0.03635593 0.02140484
v -0.00165758 -0.03635593 0.00378346
v 0.00357122 -0.06673875 0.02436691
v 0.00357122 -0.06673875 0.00082136
v -0.00001409 -0.05567857 0.02511799
v -0.00001409 -0.05567857 0.02475003
v -0.00001409 -0.05567857 0.00043826
v -0.00001409 -0.05567857 0.00007030
v -0.00218772 -0.04768673 0.00194019
v -0.00218772 -0.04768672 0.02324812
v -0.00284963 -0.04216345 0.02198827
v -0.00284963 -0.04216345 0.00320003
v -0.00269285 -0.03862929 0.02147922
v -0.00269285 -0.03862929 0.00370907
v -0.00015623 -0.07898920 0.02299243
v -0.00434144 -0.00848150 0.02011375
v -0.00434144 -0.00848150 0.00507455
v -0.00334095 -0.03504457 0.02072046
v -0.00334095 -0.03504457 0.00446784
v 0.00126315 -0.08055947 0.00258170
v 0.00126315 -0.05140872 0.00098070
v 0.00126315 -0.05140871 0.02420759
v 0.00126315 -0.03357683 0.02108800
v 0.00126315 -0.03357683 0.00410029
v 0.00126315 -0.05397768 0.02479097
v 0.00126315 -0.05397768 0.00039732
v 0.00126315 -0.08055945 0.02260659
v 0.00131318 -0.05612497 0.02510742
v 0.00131318 -0.05612497 0.00008087
v -0.00309693 -0.04100986 0.00346977
v -0.00309693 -0.04100986 0.02171852
v -0.00279678 -0.00696000 0.01420888
v -0.00279678 -0.00696000 0.01097944
v 0.00095141 -0.03587408 0.02144217
v 0.00095141 -0.03587408 0.00374614
v 0.00095141 -0.04881585 0.00150790
v 0.00095141 -0.04881585 0.02368039
v 0.00095141 -0.04894276 0.00208977
v 0.00095141 -0.04894276 0.02309854
v 0.00095141 -0.03595779 0.02083687
v 0.00095141 -0.03595781 0.00435142
v -0.00239597 -0.00732246 0.01259415
v -0.00239597 -0.00712256 0.01259415
v -0.00239597 -0.00757324 0.01259415
v 0.00028401 -0.03443181 0.02129277
v 0.00028401 -0.03443181 0.00389553
v 0.00116493 -0.06984424 0.00076621
v 0.00116493 -0.06984424 0.02442208
v -0.00037790 -0.05075238 0.00105020
v -0.00037790 -0.05075238 0.02413809
v 0.00037247 -0.04997427 0.00121590
v 0.00037247 -0.04997427 0.02397239
v -0.00114535 -0.08932819 0.01686862
v -0.00114535 -0.08932819 0.00831966
v -0.00292550 -0.03745097 0.02122980
v -0.00292550 -0.03745097 0.00395849
v -0.00236303 -0.06288096 0.00012014
v -0.00236303 -0.06288096 0.02506815
v -0.00374298 -0.07148615 0.02362061
v -0.00374298 -0.07148615 0.00156768
v -0.00669138 -0.00714275 0.00745967
v -0.00669138 -0.00714275 0.01772862
v -0.00802192 -0.00848221 0.00927339
v -0.00802192 -0.00848221 0.01591491
v 0.00058050 -0.03579918 0.00372358
v 0.00058050 -0.03579918 0.02146471
v 0.00326048 -0.06406489 0.00042583
v 0.00326048 -0.06406489 0.02476246
v 0.00133026 -0.08007931 0.00248977
v 0.00133026 -0.08007933 0.02269852
v -0.00351076 -0.08932819 0.00990024
v -0.00351076 -0.08932819 0.01528803
v 0.00371719 -0.06074707 0.02484814
v 0.00371719 -0.06074707 0.00034015
v 0.00860863 -0.00848151 0.01372559
v 0.00860863 -0.00848151 0.01146273
v 0.00118119 -0.06861277 0.00059591
v 0.00118119 -0.06861277 0.02459238
v 0.00333652 -0.07909746 0.00276501
v 0.00333652 -0.07909746 0.02242328
v -0.00145487 -0.03621679 0.00376608
v -0.00145487 -0.03621679 0.02142223
v 0.00236226 -0.06419755 0.02495307
v 0.00236226 -0.06419755 0.00023522
v 0.00283078 -0.06534602 0.00045360
v 0.00283078 -0.06534602 0.02473469
v 0.00198829 -0.08007931 0.00259836
v -0.00394635 -0.03628449 0.00455601
v -0.00394635 -0.03628448 0.02063230
v -0.00227174 -0.07148615 0.00117346
v -0.00227174 -0.07148615 0.02401483
v -0.00152198 -0.00700951 0.01457763
v -0.00152198 -0.00700951 0.01061068
v 0.00065898 -0.08064014 0.02264854
v 0.00065898 -0.08064014 0.00253973
v -0.00314534 -0.03631255 0.00420439
v -0.00314534 -0.03631255 0.02098392
v 0.00228356 -0.00696000 0.01487771
v 0.00228356 -0.00696000 0.01031060
v -0.00361874 -0.06534602 0.02452356
v -0.00361874 -0.06534602 0.00066471
v -0.00190082 -0.00732246 0.01405270
v -0.00190082 -0.00732246 0.01113560
v -0.00190082 -0.00712256 0.01405270
v -0.00190082 -0.00712256 0.01113560
v -0.00190082 -0.00757324 0.01405270
v -0.00190082 -0.00757324 0.01113560
v -0.00231871 -0.06984424 0.00093731
v -0.00231871 -0.06984424 0.02425098
v 0.00375380 -0.03743436 0.00428829
v 0.00375380 -0.03743436 0.02090000
v -0.00338021 -0.07148617 0.00145106
v -0.00338021 -0.07148615 0.02373723
v -0.00421721 -0.00714275 0.01989857
v -0.00421721 -0.00714275 0.00528973
v -0.00402931 -0.08809851 0.00734305
v -0.00402931 -0.08809851 0.01784524
v -0.00174243 -0.03648169 0.00427898
v -0.00174243 -0.03648169 0.02090932
v -0.00174243 -0.04831984 0.00171566
v -0.00174243 -0.04831984 0.02347263
v -0.00174243 -0.04842599 0.02298586
v -0.00174243 -0.04842599 0.00220243
v -0.00174243 -0.03641416 0.00379062
v -0.00174243 -0.03641416 0.02139768
v -0.00330417 -0.06177983 0.00026281
v -0.00330417 -0.06177985 0.02492548
v -0.00291008 -0.05976828 0.00011359
v -0.00291008 -0.05976829 0.02507470
v 0.00203139 -0.03634758 0.02132636
v 0.00203139 -0.03634758 0.00386194
v 0.00166962 -0.08985661 0.01328573
v 0.00166962 -0.08985661 0.01190256
v -0.00596402 -0.00714275 0.01855819
v -0.00596402 -0.00714275 0.00663013
v 0.00108885 -0.04872858 0.02364958
v 0.00108885 -0.04872858 0.00153871
v -0.00144106 -0.08880696 0.00721606
v -0.00144106 -0.08880696 0.01797223
v 0.00375663 -0.04216331 0.02166363
v 0.00375663 -0.04216331 0.00352468
v 0.00320697 -0.04845357 0.00202215
v 0.00320697 -0.04845357 0.02316614
v 0.00442525 -0.08932819 0.01259414
v -0.00216520 -0.00700951 0.01384423
v -0.00216520 -0.00700951 0.01134408
v 0.00161472 -0.00696000 0.00979738
v 0.00161472 -0.00696000 0.01539093
v 0.00322649 -0.06534602 0.00055269
v 0.00322649 -0.06534602 0.02463560
v 0.00199661 -0.03530759 0.02118905
v 0.00199661 -0.03530759 0.00399924
v 0.00305872 -0.08965930 0.01177455
v 0.00305872 -0.08965930 0.01341374
v -0.00408139 -0.06288096 0.02461754
v -0.00408139 -0.06288096 0.00057075
v -0.00086395 -0.08809851 0.01915638
v -0.00086395 -0.08809851 0.00603190
v 0.00235960 -0.06415664 0.02441026
v 0.00235960 -0.06415664 0.00077803
v 0.00330946 -0.08809851 0.00686196
v 0.00330946 -0.08809851 0.01832631
v -0.00331211 -0.05882905 0.00023320
v -0.00334322 -0.07898920 0.00274533
v -0.00334322 -0.07898920 0.02244296
v -0.00250561 -0.03433515 0.00427077
v -0.00250561 -0.03433515 0.02091753
v -0.00134345 -0.03361031 0.02108100
v -0.00395450 -0.06673875 0.00094457
v -0.00395450 -0.06673875 0.02424372
v -0.00204890 -0.03687723 0.00379086
v -0.00204890 -0.03687722 0.02139745
v -0.00281696 -0.05484820 0.02467536
v -0.00281696 -0.05484820 0.00051293
v -0.00058049 -0.03579664 0.00372392
v -0.00058049 -0.03579664 0.02146437
v 0.00274920 -0.06824847 0.02438483
v 0.00274920 -0.06824846 0.00080345
v 0.00587941 -0.08746181 0.00808271
v 0.00587941 -0.08746181 0.01710558
v 0.00368686 -0.04100917 0.02149633
v 0.00368686 -0.04100917 0.00369198
v 0.00222516 -0.07732018 0.02305856
v 0.00222516 -0.07732018 0.00212971
v 0.00222516 -0.07130755 0.02404992
v 0.00222516 -0.07130755 0.00113837
v 0.00300604 -0.04520057 0.00268453
v 0.00300604 -0.04520057 0.02250376
v -0.00171642 -0.03531811 0.00393774
v -0.00171642 -0.03531811 0.02125055
v 0.00383145 -0.04768673 0.00241420
v 0.00383145 -0.04768673 0.02277409
v 0.00613746 -0.00848172 0.00645278
v 0.00613746 -0.00848172 0.01873553
v 0.00040353 -0.05438551 0.02492136
v 0.00040353 -0.05438551 0.00026693
v 0.00552008 -0.08880698 0.01186740
v 0.00552008 -0.08880698 0.01332089
v -0.00080133 -0.05391598 0.00036811
v -0.00080133 -0.05391598 0.02482018
v -0.00488017 -0.00694032 0.01323664
v -0.00488017 -0.00694032 0.01195167
v -0.00283099 -0.05524846 0.00045274
v -0.00283099 -0.05524848 0.02473555
v -0.00041333 -0.08965930 0.01573365
v -0.00041333 -0.08965930 0.00945464
v -0.00176788 -0.00700951 0.01082628
v -0.00176788 -0.00700951 0.01436202
v -0.00326679 -0.03862373 0.00390477
v -0.00326679 -0.03862373 0.02128352
v 0.00125007 -0.00700951 0.01042897
v 0.00125007 -0.00700951 0.01475935
v 0.00396788 -0.07785472 0.00275941
v 0.00396788 -0.07785472 0.02242886
v 0.00396788 -0.05668239 0.02459719
v 0.00396788 -0.05668239 0.00059110
v 0.00396788 -0.04870399 0.02296352
v 0.00396788 -0.04870399 0.00222477
v 0.00396788 -0.03628156 0.00456732
v 0.00396788 -0.03628156 0.02062098
v 0.00169420 -0.00732246 0.01089995
v 0.00169420 -0.00732246 0.01428836
v 0.00169420 -0.00757324 0.01089995
v 0.00169420 -0.00757324 0.01428836
v 0.00298142 -0.03862658 0.00380221
v 0.00298142 -0.03862657 0.02138609
v 0.00375619 -0.04921165 0.00202669
v 0.00375619 -0.04921165 0.02316160
v -0.00160987 -0.05438551 0.00036597
v -0.00160987 -0.05438551 0.02482233
v -0.00432097 -0.00804025 0.00511002
v -0.00432097 -0.00804025 0.02007827
v -0.00192771 -0.08965930 0.01008191
v -0.00192771 -0.08965930 0.01510638
v 0.00168932 -0.03438920 0.02112787
v 0.00168932 -0.03438920 0.00406043
v 0.00242687 -0.04681447 0.02300244
v 0.00242687 -0.04681447 0.00218585
v 0.00297105 -0.05041971 0.02368228
v 0.00297105 -0.05041971 0.00150601
v -0.00146407 -0.04921165 0.02371480
v -0.00146407 -0.04921167 0.00147349
v -0.00253838 -0.05075238 0.02386076
v -0.00253838 -0.05075238 0.00132753
v 0.00117870 -0.06415676 0.02441025
v 0.00117870 -0.06415676 0.00077804
v -0.00038305 -0.05152626 0.00089315
v -0.00038305 -0.05152626 0.02429514
v 0.00254706 -0.04921165 0.02351786
v 0.00254706 -0.04921165 0.00167045
v 0.00409660 -0.04689783 0.00270407
v 0.00409660 -0.04689783 0.02248424
v 0.00247873 -0.00700951 0.01226782
v 0.00247873 -0.00700951 0.01292049
v 0.00017393 -0.08999471 0.01249371
v 0.00017393 -0.08999471 0.01269458
v 0.00537162 -0.00693457 0.00847236
v 0.00537162 -0.00693457 0.01671595
v -0.00085035 -0.03442202 0.02125493
v -0.00085035 -0.03442202 0.00393338
v -0.00236207 -0.05976829 0.02518829
v -0.00236207 -0.05976829 0.00000000
v -0.00091258 -0.05585730 0.00008090
v -0.00091258 -0.05585730 0.02475003
v -0.00091258 -0.05585730 0.00043826
v -0.00091258 -0.05585730 0.02510739
v 0.00368581 -0.06288096 0.00044359
v 0.00368581 -0.06288096 0.02474470
v 0.00164944 -0.08039837 0.02258469
v 0.00164944 -0.08039837 0.00260360
v -0.00075540 -0.05075238 0.00106880
v -0.00075540 -0.05075238 0.02411949
v -0.00409059 -0.05760112 0.00054364
v -0.00409059 -0.05760112 0.02464465
v -0.00341586 -0.03630286 0.02087551
v -0.00341586 -0.03630286 0.00431278
v 0.00259442 -0.03633139 0.00401467
v 0.00259442 -0.03633139 0.02117364
v -0.00041011 -0.05575736 0.00006638
v -0.00041011 -0.05575736 0.02512191
v 0.00864192 -0.00804025 0.01259415
v -0.00526373 -0.00833969 0.01945436
v -0.00526373 -0.00833969 0.00573394
v 0.00656223 -0.08809851 0.01173021
v 0.00656223 -0.08809851 0.01345808
v -0.00289548 -0.05791493 0.00017617
v -0.00289548 -0.05791493 0.02501212
v -0.00152713 -0.04845357 0.02353462
v -0.00241415 -0.07771596 0.00224050
v -0.00241415 -0.07771596 0.02294779
v -0.00861599 -0.00756979 0.01259415
v -0.00627947 -0.00695931 0.01741255
v -0.00627947 -0.00695931 0.00777575
v -0.00020086 -0.08999471 0.01259414
v 0.00677087 -0.00693457 0.01259415
v 0.00528416 -0.00848151 0.00570457
v 0.00528416 -0.00848151 0.01948374
v -0.00258680 -0.07313422 0.02368822
v -0.00258680 -0.07313422 0.00150007
v -0.00835245 -0.00833973 0.01035648
v -0.00835245 -0.00833973 0.01483183
v -0.00269194 -0.07898920 0.00254770
v -0.00269194 -0.07898920 0.02264059
v 0.00348061 -0.00694032 0.01607478
v 0.00348061 -0.00694032 0.00911354
v 0.00235689 -0.03746127 0.02140368
v 0.00235689 -0.03746127 0.00378462
v -0.00027917 -0.03344541 0.02115812
v -0.00027917 -0.03344541 0.00403018
v 0.00245755 -0.03814505 0.02147530
v 0.00245755 -0.03814505 0.00371300
v 0.00245755 -0.04552101 0.02235240
v 0.00245755 -0.04552101 0.00283589
v 0.00245755 -0.04674039 0.00257000
v 0.00245755 -0.04426565 0.00271880
v 0.00245755 -0.04015025 0.02177749
v 0.00245755 -0.04015025 0.00341080
v 0.00245755 -0.03982409 0.02172661
v 0.00245755 -0.03982409 0.00346168
v 0.00245755 -0.04545187 0.02270471
v 0.00245755 -0.04520057 0.02265258
v 0.00245755 -0.04520057 0.00253571
v 0.00245755 -0.04020547 0.00376396
v 0.00245755 -0.04020547 0.02142433
v 0.00245755 -0.03863135 0.02154667
v 0.00245755 -0.03863135 0.00364162
v 0.00245755 -0.04009110 0.00341996
v 0.00245755 -0.04545189 0.00248358
v 0.00245755 -0.04216351 0.02209735
v 0.00245755 -0.04216351 0.00309096
v 0.00245755 -0.04674038 0.02261829
v 0.00245755 -0.03819064 0.02114567
v 0.00245755 -0.03819064 0.00404262
v 0.00245755 -0.04426564 0.02246949
v 0.00245755 -0.04009112 0.02176833
v 0.00245755 -0.04666536 0.00222596
v 0.00245755 -0.04666536 0.02296233
v 0.00245755 -0.04101057 0.02191072
v 0.00245755 -0.04101057 0.00327759
v 0.00245755 -0.04325545 0.02228430
v 0.00245755 -0.04325545 0.00290399
v 0.00245755 -0.04607353 0.00235463
v 0.00245755 -0.04607353 0.02283368
v 0.00400709 -0.06534602 0.00078957
v 0.00400709 -0.06534602 0.02439872
v 0.00275160 -0.07771596 0.00232500
v 0.00275160 -0.07771596 0.02286329
v -0.00222098 -0.04997429 0.00142861
v -0.00222098 -0.04997429 0.02375969
v 0.00162726 -0.05524846 0.02495445
v 0.00162726 -0.05524848 0.00023384
v 0.00127770 -0.08985661 0.01387185
v 0.00127770 -0.08985661 0.01131643
v -0.00408837 -0.08932819 0.01428760
v -0.00408837 -0.08932819 0.01090068
v -0.00029015 -0.03573750 0.00371787
v -0.00029015 -0.03573750 0.02147042
v -0.00033346 -0.08007931 0.00240793
v -0.00033346 -0.08007931 0.02278036
v 0.00318413 -0.06673875 0.00071080
v 0.00318413 -0.06673875 0.02447749
v -0.00116375 -0.06992782 0.02440989
v -0.00116375 -0.06992782 0.00077840
v -0.00057627 -0.03534419 0.00378561
v -0.00057627 -0.03534419 0.02140268
v -0.00370586 -0.06177983 0.02481074
v -0.00370586 -0.06177983 0.00037755
v -0.00396818 -0.03628381 0.00456732
v -0.00396818 -0.03628381 0.02062097
v -0.00404932 -0.06406489 0.00066521
v -0.00404932 -0.06406489 0.02452308
v -0.00843441 -0.00714275 0.01259415
v -0.00441719 -0.08880698 0.01598356
v -0.00441719 -0.08880698 0.00920472
v 0.00513448 -0.00714275 0.00590277
v 0.00513448 -0.00714275 0.01928553
v -0.00213069 -0.08880698 0.01773806
v -0.00213069 -0.08880698 0.00745023
v -0.00331686 -0.05976829 0.02497284
v -0.00331686 -0.05976829 0.00021545
v 0.00118170 -0.06861317 0.00059601
v 0.00118170 -0.06861317 0.02459228
v -0.00352184 -0.04325546 0.00323683
v -0.00352184 -0.04325546 0.02195147
v -0.00050389 -0.08995756 0.01209027
v -0.00050389 -0.08995756 0.01309802
v 0.00779228 -0.00714275 0.01582182
v 0.00779228 -0.00714275 0.00936648
v -0.00405137 -0.04216328 0.00365244
v -0.00405137 -0.04216328 0.02153585
v 0.00182714 -0.04921165 0.00152734
v 0.00182714 -0.04921165 0.02366096
v 0.00034043 -0.07896459 0.00219443
v 0.00034043 -0.07896459 0.02299386
v -0.00242679 -0.04681237 0.02300200
v -0.00242679 -0.04681237 0.00218629
v -0.00253294 -0.08809851 0.00647910
v -0.00253294 -0.08809851 0.01870918
v 0.00122196 -0.05524848 0.00018720
v 0.00122196 -0.05524848 0.02500110
v 0.00285936 -0.04845357 0.02326544
v 0.00285936 -0.04845357 0.00192285
v 0.00249820 -0.06074707 0.02515341
v 0.00249820 -0.06074709 0.00003488
v -0.00269887 -0.06984424 0.02416893
v -0.00269887 -0.06984424 0.00101936
v -0.00246117 -0.00694032 0.01685701
v -0.00246117 -0.00694032 0.00833127
v -0.00127400 -0.00694032 0.00783953
v -0.00127400 -0.00694032 0.01734876
v 0.00236194 -0.06824847 0.00071988
v 0.00236194 -0.06824847 0.02446841
v 0.00556779 -0.08880696 0.01259414
v 0.00409999 -0.05799780 0.02467241
v 0.00409999 -0.05799780 0.00051589
v 0.00409999 -0.06195651 0.02467241
v 0.00409999 -0.06673875 0.02419163
v 0.00409999 -0.06673875 0.00099666
v 0.00409999 -0.06288096 0.00057742
v 0.00409999 -0.06288096 0.02461087
v 0.00409999 -0.05791493 0.00052029
v 0.00409999 -0.05791493 0.02466800
v 0.00409999 -0.07151798 0.02348762
v 0.00409999 -0.03742786 0.02073221
v 0.00409999 -0.03742786 0.00445608
v 0.00409999 -0.04689783 0.02248276
v 0.00409999 -0.04426565 0.02190829
v 0.00409999 -0.04426565 0.00328000
v 0.00409999 -0.03860249 0.02091912
v 0.00409999 -0.03860249 0.00426917
v 0.00409999 -0.06195653 0.00051589
v 0.00409999 -0.06406489 0.02450493
v 0.00409999 -0.06406489 0.00068336
v 0.00409999 -0.06177983 0.02468405
v 0.00409999 -0.06177983 0.00050424
v 0.00409999 -0.07313422 0.02322106
v 0.00409999 -0.04768673 0.00252035
v 0.00409999 -0.04768673 0.02266794
v 0.00409999 -0.07151800 0.00170067
v 0.00409999 -0.04520057 0.02210185
v 0.00409999 -0.07628909 0.00251940
v 0.00409999 -0.07628909 0.02266889
v 0.00409999 -0.03861544 0.02092116
v 0.00409999 -0.03861544 0.00426714
v 0.00409999 -0.04689780 0.00270553
v 0.00409999 -0.05767163 0.02464729
v 0.00409999 -0.05767163 0.00054101
v 0.00409999 -0.06824846 0.00120433
v 0.00409999 -0.06824846 0.02398394
v 0.00409999 -0.04771476 0.00251364
v 0.00409999 -0.04771476 0.02267465
v 0.00409999 -0.04325546 0.00347580
v 0.00409999 -0.04325546 0.02171249
v 0.00409999 -0.06984424 0.02374851
v 0.00409999 -0.06984424 0.00143977
v 0.00409999 -0.06074707 0.02472508
v 0.00409999 -0.06074707 0.00046320
v 0.00409999 -0.05882905 0.02471623
v 0.00409999 -0.05882905 0.00047206
v 0.00409999 -0.03981749 0.02111426
v 0.00409999 -0.07686549 0.00262653
v 0.00409999 -0.07686549 0.02256175
v 0.00409999 -0.03727077 0.02070767
v 0.00409999 -0.05976829 0.02473553
v 0.00409999 -0.05976829 0.00045276
v 0.00409999 -0.04216326 0.00367543
v 0.00409999 -0.07474851 0.02294388
v 0.00409999 -0.07474851 0.00224442
v 0.00409999 -0.07148615 0.00169547
v 0.00409999 -0.07148615 0.02349282
v 0.00409999 -0.04693849 0.02249243
v 0.00409999 -0.04693849 0.00269586
v 0.00409999 -0.04287212 0.00354519
v 0.00409999 -0.06534602 0.00082282
v 0.00409999 -0.06534602 0.02436547
v 0.00409999 -0.07313423 0.00196722
v 0.00409999 -0.04607353 0.02229330
v 0.00409999 -0.04607353 0.00289499
v 0.00409999 -0.04216328 0.02151286
v 0.00078921 -0.06853457 0.02463545
v 0.00078921 -0.06853457 0.00055282
v 0.00364428 -0.05590634 0.02460778
v 0.00364428 -0.05590634 0.00058051
v -0.00200912 -0.05438551 0.02476313
v -0.00200912 -0.05438551 0.00042516
v -0.00077802 -0.06976700 0.00072366
v -0.00077802 -0.06976700 0.02446463
v -0.00320178 -0.00696000 0.01301568
v -0.00320178 -0.00696000 0.01217263
v -0.00018444 -0.08995756 0.01190584
v -0.00018444 -0.08995756 0.01328245
v -0.00218298 -0.00714275 0.00444714
v -0.00218298 -0.00714275 0.02074116
v -0.00281988 -0.03526723 0.02094900
v -0.00281988 -0.03526723 0.00423929
v -0.00135758 -0.07898920 0.02290588
v -0.00135758 -0.07898920 0.00228241
v -0.00730442 -0.00714275 0.00837695
v -0.00730442 -0.00714275 0.01681135
v -0.00086343 -0.03534010 0.02137881
v -0.00086343 -0.03534008 0.00380948
v -0.00290590 -0.05882903 0.00013148
v -0.00290590 -0.05882905 0.02505681
v -0.00330549 -0.04998708 0.00169741
v -0.00330549 -0.04998708 0.02349090
v 0.00611501 -0.08809851 0.01006122
v 0.00611501 -0.08809851 0.01512707
v 0.00061779 -0.06970017 0.00070648
v 0.00061779 -0.06970017 0.02448181
v 0.00061779 -0.07892756 0.02298689
v 0.00061779 -0.07892756 0.00220140
v 0.00322944 -0.00696000 0.01259415
v -0.00061780 -0.06970017 0.00070648
v -0.00061780 -0.06970017 0.02448181
v -0.00061780 -0.07892756 0.00220138
v -0.00061780 -0.07892756 0.02298689
v 0.00330548 -0.04998708 0.00169741
v 0.00330548 -0.04998708 0.02349088
v 0.00086342 -0.03534008 0.02137881
v 0.00086342 -0.03534008 0.00380948
v 0.00098848 -0.08059614 0.02263060
v 0.00098848 -0.08059614 0.00255770
v -0.00023590 -0.08985661 0.01080241
v -0.00023590 -0.08985661 0.01438588
v 0.00730441 -0.00714275 0.00837695
v 0.00730441 -0.00714275 0.01681137
v 0.00685601 -0.00804025 0.01785496
v 0.00685601 -0.00804025 0.00733335
v 0.00320177 -0.00696000 0.01301568
v 0.00320177 -0.00696000 0.01217263
v 0.00077801 -0.06976700 0.00072366
v 0.00077801 -0.06976700 0.02446461
v 0.00200911 -0.05438551 0.02476313
v 0.00200911 -0.05438551 0.00042516
v -0.00364429 -0.05590636 0.02460778
v -0.00364429 -0.05590636 0.00058051
v -0.00078922 -0.06853458 0.02463547
v -0.00078922 -0.06853457 0.00055282
v -0.00410000 -0.04100866 0.02131228
v -0.00410000 -0.04100866 0.00387602
v -0.00410000 -0.07151811 0.02348760
v -0.00410000 -0.07151811 0.00170069
v -0.00410000 -0.06673875 0.02419163
v -0.00410000 -0.06673875 0.00099666
v -0.00410000 -0.06288096 0.00057741
v -0.00410000 -0.06288096 0.02461088
v -0.00410000 -0.06824847 0.00120433
v -0.00410000 -0.06824847 0.02398396
v -0.00410000 -0.05791493 0.00052029
v -0.00410000 -0.05791493 0.02466800
v -0.00410000 -0.05976828 0.02473553
v -0.00410000 -0.05976828 0.00045276
v -0.00410000 -0.05799760 0.00051590
v -0.00410000 -0.05799760 0.02467239
v -0.00410000 -0.04689783 0.02248276
v -0.00410000 -0.04689783 0.00270553
v -0.00410000 -0.04426565 0.02190829
v -0.00410000 -0.04426565 0.00328000
v -0.00410000 -0.06406489 0.02450493
v -0.00410000 -0.06406489 0.00068336
v -0.00410000 -0.06177983 0.02468405
v -0.00410000 -0.06177983 0.00050424
v -0.00410000 -0.04768673 0.00252035
v -0.00410000 -0.04768673 0.02266794
v -0.00410000 -0.04520057 0.02210185
v -0.00410000 -0.04520057 0.00308644
v -0.00410000 -0.07628909 0.00251939
v -0.00410000 -0.07628909 0.02266889
v -0.00410000 -0.03860102 0.00426947
v -0.00410000 -0.05767163 0.02464729
v -0.00410000 -0.05767163 0.00054101
v -0.00410000 -0.04771476 0.00251364
v -0.00410000 -0.04771476 0.02267465
v -0.00410000 -0.06195677 0.00051590
v -0.00410000 -0.04325546 0.00347580
v -0.00410000 -0.04325546 0.02171249
v -0.00410000 -0.03742781 0.00445624
v -0.00410000 -0.03742781 0.02073206
v -0.00410000 -0.06984424 0.00143977
v -0.00410000 -0.06984424 0.02374852
v -0.00410000 -0.03861542 0.00426722
v -0.00410000 -0.03861542 0.02092108
v -0.00410000 -0.06074707 0.02472508
v -0.00410000 -0.05882905 0.02471623
v -0.00410000 -0.05882905 0.00047206
v -0.00410000 -0.03981749 0.00407407
v -0.00410000 -0.03981749 0.02111422
v -0.00410000 -0.03860104 0.02091884
v -0.00410000 -0.07686549 0.00262653
v -0.00410000 -0.07686549 0.02256175
v -0.00410000 -0.03727077 0.00448077
v -0.00410000 -0.03727077 0.02070753
v -0.00410000 -0.07474851 0.02294388
v -0.00410000 -0.07474851 0.00224442
v -0.00410000 -0.06074709 0.00046320
v -0.00410000 -0.07148615 0.00169547
v -0.00410000 -0.07148615 0.02349282
v -0.00410000 -0.04693849 0.02249243
v -0.00410000 -0.04693849 0.00269586
v -0.00410000 -0.04287212 0.00354519
v -0.00410000 -0.04287212 0.02164309
v -0.00410000 -0.06534602 0.00082282
v -0.00410000 -0.06534602 0.02436547
v -0.00410000 -0.06195676 0.02467239
v -0.00410000 -0.07313423 0.00196722
v -0.00410000 -0.07313423 0.02322106
v -0.00410000 -0.04607353 0.02229330
v -0.00410000 -0.04607353 0.00289499
v -0.00410000 -0.04216328 0.00367543
v -0.00410000 -0.04216328 0.02151286
v -0.00556780 -0.08880696 0.01259414
v 0.00166016 -0.08007931 0.00253870
v 0.00166016 -0.08007931 0.02264959
v -0.00427448 -0.08932823 0.01144880
v -0.00427448 -0.08932819 0.01373949
v -0.00248762 -0.05791493 0.02510016
v -0.00248762 -0.05791493 0.00008813
v 0.00127399 -0.00694032 0.00783953
v 0.00127399 -0.00694032 0.01734876
v 0.00269886 -0.06984424 0.02416893
v 0.00269886 -0.06984424 0.00101936
v 0.00305514 -0.03467285 0.00440896
v 0.00305514 -0.03467285 0.02077934
v -0.00249821 -0.06074707 0.00003488
v -0.00249821 -0.06074707 0.02515341
v -0.00068024 -0.07898920 0.00221563
v -0.00068024 -0.07898920 0.02297264
v 0.00370546 -0.08746181 0.00617609
v 0.00370546 -0.08746181 0.01901220
v -0.00748848 -0.00833981 0.00827067
v -0.00748848 -0.00833981 0.01691763
v -0.00285937 -0.04845357 0.02326544
v -0.00285937 -0.04845357 0.00192285
v 0.00218825 -0.04768672 0.02324799
v 0.00218825 -0.04768672 0.00194030
v -0.00152212 -0.05130073 0.00103257
v -0.00152212 -0.05130073 0.02415574
v -0.00122197 -0.05524844 0.00018720
v -0.00122197 -0.05524846 0.02500110
v 0.00042152 -0.00696000 0.00939238
v 0.00042152 -0.00696000 0.01579593
v -0.00348285 -0.03522910 0.02068627
v -0.00348285 -0.03522910 0.00450202
v -0.00182715 -0.04921165 0.00152734
v -0.00182715 -0.04921165 0.02366096
v 0.00405136 -0.04216328 0.00365244
v 0.00405136 -0.04216328 0.02153585
v -0.00009642 -0.08999204 0.01282690
v -0.00009642 -0.08999204 0.01236139
v 0.00090347 -0.08985661 0.01102928
v 0.00090347 -0.08985661 0.01415901
v -0.00301920 -0.07898920 0.00264118
v -0.00301920 -0.07898920 0.02254710
v 0.00352183 -0.04325546 0.00323683
v 0.00352183 -0.04325546 0.02195147
v 0.00206013 -0.07771596 0.00216456
v -0.00096331 -0.06984424 0.02443863
v -0.00118171 -0.06861317 0.00059601
v -0.00118171 -0.06861317 0.02459228
v -0.00251224 -0.08965930 0.01066644
v -0.00251224 -0.08965930 0.01452184
v 0.00295448 -0.04426564 0.02233377
v 0.00331685 -0.05976829 0.02497284
v 0.00331685 -0.05976829 0.00021546
v -0.00035630 -0.08995756 0.01321127
v -0.00035630 -0.08995756 0.01197702
v 0.00294838 -0.07313423 0.02359768
v 0.00294838 -0.07313423 0.00159061
v -0.00131797 -0.08053660 0.02260502
v -0.00131797 -0.08053660 0.00258325
v -0.00056760 -0.03442813 0.02127857
v -0.00056760 -0.03442813 0.00390973
v 0.00843440 -0.00714275 0.01259415
v -0.00412179 -0.00693457 0.01796577
v -0.00412179 -0.00693457 0.00722252
v 0.00370585 -0.06177983 0.02481074
v 0.00370585 -0.06177983 0.00037755
v 0.00057626 -0.03534419 0.02140268
v 0.00057626 -0.03534419 0.00378561
v -0.00318414 -0.06673875 0.00071080
v -0.00318414 -0.06673875 0.02447749
v -0.00838731 -0.00848172 0.01483867
v -0.00838731 -0.00848172 0.01034964
v 0.00206419 -0.05694981 0.00009155
v 0.00206419 -0.05694981 0.02509674
v -0.00015337 -0.08999204 0.01239427
v -0.00015337 -0.08999204 0.01279401
v -0.00856789 -0.00804025 0.01372214
v -0.00856789 -0.00804025 0.01146617
v -0.00162727 -0.05524846 0.02495445
v -0.00162727 -0.05524848 0.00023384
v 0.00222097 -0.04997427 0.00142861
v 0.00222097 -0.04997429 0.02375969
v -0.00400710 -0.06534602 0.00078957
v -0.00400710 -0.06534602 0.02439872
v -0.00223916 -0.08965930 0.01483329
v -0.00223916 -0.08965930 0.01035499
v -0.00369414 -0.07851120 0.00277904
v -0.00369414 -0.07851120 0.02240925
v 0.00027916 -0.03344541 0.02115812
v 0.00027916 -0.03344541 0.00403018
v 0.00066654 -0.08007933 0.00242435
v 0.00066654 -0.08007933 0.02276394
v -0.00235690 -0.03746127 0.02140368
v -0.00235690 -0.03746127 0.00378462
v 0.00349660 -0.07628909 0.00229341
v 0.00349660 -0.07628909 0.02289486
v -0.00348062 -0.00694032 0.01607478
v -0.00348062 -0.00694032 0.00911354
v 0.00096730 -0.08746181 0.00524669
v 0.00096730 -0.08746181 0.01994160
v 0.00046767 -0.08985661 0.01433953
v 0.00046767 -0.08985661 0.01084876
v 0.00835244 -0.00833973 0.01035648
v 0.00835244 -0.00833973 0.01483183
v -0.00528417 -0.00848151 0.00570457
v -0.00528417 -0.00848151 0.01948374
v 0.00627946 -0.00695931 0.01741255
v 0.00627946 -0.00695931 0.00777575
v 0.00861598 -0.00756979 0.01259415
v -0.00322767 -0.00714275 0.00480187
v -0.00322767 -0.00714275 0.02038642
v 0.00072672 -0.08880696 0.01811425
v 0.00072672 -0.08880698 0.00707405
v 0.00265084 -0.07981663 0.02248723
v 0.00265084 -0.07981663 0.00270104
v 0.00854216 -0.00756979 0.01371876
v 0.00854216 -0.00756979 0.01146956
v -0.00656224 -0.08809851 0.01173021
v -0.00656224 -0.08809851 0.01345808
v 0.00313950 -0.08965930 0.01218082
v 0.00313950 -0.08965930 0.01300747
v -0.00864193 -0.00804025 0.01259415
v 0.00041010 -0.05575735 0.00006638
v 0.00041010 -0.05575736 0.02512191
v -0.00259443 -0.03633139 0.00401467
v -0.00259443 -0.03633139 0.02117362
v -0.00298792 -0.07955087 0.02244399
v -0.00298792 -0.07955087 0.00274430
v 0.00409058 -0.05760108 0.00054364
v 0.00409058 -0.05760108 0.02464465
v 0.00075539 -0.05075238 0.00106880
v 0.00075539 -0.05075238 0.02411949
v -0.00368582 -0.06288096 0.00044359
v -0.00368582 -0.06288096 0.02474470
v -0.00389163 -0.06824847 0.00112974
v -0.00389163 -0.06824847 0.02405853
v 0.00328630 -0.06288096 0.02485881
v 0.00328630 -0.06288096 0.00032948
v 0.00169344 -0.08932819 0.01668251
v 0.00169344 -0.08932819 0.00850578
v 0.00091257 -0.05585730 0.00008090
v 0.00091257 -0.05585730 0.02475003
v 0.00091257 -0.05585730 0.00043826
v 0.00091257 -0.05585730 0.02510739
v 0.00236207 -0.05976828 0.02518829
v 0.00236207 -0.05976828 0.00000001
v 0.00085034 -0.03442202 0.02125493
v 0.00085034 -0.03442202 0.00393338
v -0.00537163 -0.00693457 0.00847236
v -0.00537163 -0.00693457 0.01671595
v 0.00468028 -0.08809851 0.01727445
v 0.00468028 -0.08809851 0.00791383
v -0.00409661 -0.04689783 0.00270407
v -0.00409661 -0.04689783 0.02248424
v -0.00254707 -0.04921165 0.02351786
v -0.00254707 -0.04921165 0.00167045
v 0.00038304 -0.05152626 0.00089315
v 0.00038304 -0.05152626 0.02429514
v -0.00117871 -0.06415676 0.02441025
v -0.00117871 -0.06415676 0.00077804
v 0.00253837 -0.05075238 0.02386076
v 0.00253837 -0.05075238 0.00132753
v -0.00297105 -0.05041971 0.02368228
v -0.00297105 -0.05041971 0.00150601
v -0.00227132 -0.04765262 0.02281722
v -0.00227132 -0.04765262 0.00237107
v -0.00227132 -0.04756836 0.02320365
v -0.00227132 -0.04756836 0.00198464
v -0.00227132 -0.03721430 0.02138988
v -0.00227132 -0.03721430 0.00379841
v -0.00227132 -0.03726577 0.02101777
v -0.00227132 -0.03726577 0.00417054
v -0.00156487 -0.08985661 0.01349762
v -0.00156487 -0.08985661 0.01169067
v -0.00315773 -0.07628909 0.00218448
v -0.00315773 -0.07628909 0.02300381
v -0.00168932 -0.03438920 0.02112787
v -0.00168932 -0.03438920 0.00406043
v 0.00287146 -0.03632217 0.02108334
v 0.00287146 -0.03632217 0.00410496
v 0.00432096 -0.00804025 0.00511002
v 0.00432096 -0.00804025 0.02007827
v 0.00160986 -0.05438551 0.00036597
v 0.00160986 -0.05438551 0.02482233
v -0.00375620 -0.04921165 0.00202669
v -0.00375620 -0.04921165 0.02316160
v -0.00298143 -0.03862658 0.00380221
v -0.00298143 -0.03862657 0.02138608
v -0.00171312 -0.08809851 0.01898755
v -0.00171312 -0.08809851 0.00620074
v -0.00169421 -0.00732246 0.01089995
v -0.00169421 -0.00732246 0.01428836
v -0.00169421 -0.00712256 0.01089995
v -0.00169421 -0.00712256 0.01428836
v -0.00169421 -0.00757324 0.01089995
v -0.00169421 -0.00757324 0.01428836
v -0.00451145 -0.08746181 0.01847356
v -0.00451145 -0.08746181 0.00671472
v -0.00396789 -0.07785472 0.02242888
v -0.00396789 -0.07785472 0.00275941
v -0.00396789 -0.05668239 0.02459719
v -0.00396789 -0.05668239 0.00059110
v -0.00396789 -0.04870399 0.02296352
v -0.00396789 -0.04870399 0.00222477
v -0.00396789 -0.03628156 0.00456753
v -0.00396789 -0.03628156 0.02062077
v 0.00524032 -0.08746181 0.01783447
v 0.00524032 -0.08746181 0.00735382
v -0.00305524 -0.03467297 0.00440904
v -0.00305524 -0.03467297 0.02077925
v 0.00176787 -0.00700951 0.01082628
v 0.00176787 -0.00700951 0.01436202
v 0.00791520 -0.00695931 0.01259415
v 0.00361734 -0.03981949 0.02133158
v 0.00361734 -0.03981949 0.00385671
v 0.00283098 -0.05524846 0.00045274
v 0.00283098 -0.05524846 0.02473555
v 0.00488016 -0.00694032 0.01323664
v 0.00488016 -0.00694032 0.01195167
v 0.00393701 -0.08880696 0.00865711
v 0.00393701 -0.08880696 0.01653118
v 0.00080132 -0.05391598 0.00036811
v 0.00080132 -0.05391598 0.02482018
v -0.00066038 -0.08995756 0.01286768
v -0.00066038 -0.08995756 0.01232061
v 0.00292554 -0.08965930 0.01138233
v 0.00401266 -0.07313423 0.02325558
v 0.00401266 -0.07313423 0.00193271
v -0.00040354 -0.05438551 0.02492136
v -0.00040354 -0.05438551 0.00026693
v -0.00247713 -0.06288096 0.02504741
v -0.00247713 -0.06288096 0.00014088
v -0.00613747 -0.00848172 0.00645278
v -0.00613747 -0.00848172 0.01873551
v -0.00383145 -0.04768673 0.00241420
v -0.00383145 -0.04768673 0.02277409
v 0.00279682 -0.04101021 0.00337326
v 0.00279682 -0.04101021 0.02181503
v 0.00171641 -0.03531811 0.02125055
v 0.00171641 -0.03531811 0.00393775
v 0.00056706 -0.08995756 0.01215901
v 0.00056706 -0.08995756 0.01302928
v -0.00300605 -0.04520057 0.00268453
v -0.00300605 -0.04520057 0.02250376
v -0.00222517 -0.07732018 0.02305858
v -0.00222517 -0.07732018 0.00212971
v -0.00222517 -0.07130755 0.02404992
v -0.00222517 -0.07130755 0.00113837
v -0.00074457 -0.04997427 0.00123423
v -0.00074457 -0.04997429 0.02395406
v -0.00368687 -0.04100915 0.00369198
v -0.00368687 -0.04100915 0.02149631
v 0.00281695 -0.05484820 0.02467536
v 0.00281695 -0.05484820 0.00051293
v -0.00394188 -0.03621917 0.02062449
v -0.00394188 -0.03621917 0.00456381
v 0.00134344 -0.03361031 0.02108100
v 0.00134344 -0.03361031 0.00410729
v 0.00250560 -0.03433515 0.00427077
v 0.00250560 -0.03433515 0.02091753
v 0.00331210 -0.05882905 0.02495509
v 0.00331210 -0.05882905 0.00023320
v 0.00864705 -0.00833969 0.01259415
v -0.00235961 -0.06415664 0.02441026
v -0.00235961 -0.06415664 0.00077803
v -0.00199662 -0.03530759 0.02118905
v -0.00199662 -0.03530759 0.00399924
v 0.00196448 -0.03437349 0.02106694
v 0.00196448 -0.03437349 0.00412135
v -0.00145855 -0.00732246 0.01069333
v -0.00145855 -0.00732246 0.01449498
v -0.00145855 -0.00712256 0.01069333
v -0.00145855 -0.00712256 0.01449498
v -0.00145855 -0.00757324 0.01069333
v -0.00145855 -0.00757324 0.01449498
v -0.00161473 -0.00696000 0.00979738
v -0.00161473 -0.00696000 0.01539093
v 0.00836215 -0.00714275 0.01369505
v 0.00836215 -0.00714275 0.01149326
v 0.00216519 -0.00700951 0.01384423
v 0.00216519 -0.00700951 0.01134408
v -0.00320698 -0.04845357 0.00202215
v -0.00320698 -0.04845357 0.02316614
v -0.00375664 -0.04216331 0.02166363
v -0.00375664 -0.04216331 0.00352468
v -0.00108886 -0.04872824 0.02364952
v -0.00108886 -0.04872826 0.00153878
v -0.00207532 -0.07767956 0.00216093
v -0.00207532 -0.07767956 0.02302736
v -0.00203140 -0.03634758 0.02132636
v -0.00203140 -0.03634758 0.00386193
v 0.00064249 -0.00694032 0.00771399
v 0.00064249 -0.00694032 0.01747433
v 0.00330417 -0.06177983 0.00026281
v 0.00330417 -0.06177985 0.02492548
v 0.00207407 -0.07771596 0.02302118
v 0.00207407 -0.07771596 0.00216710
v 0.00421720 -0.00714275 0.01989857
v 0.00421720 -0.00714275 0.00528973
v 0.00207529 -0.07767958 0.00216093
v 0.00269389 -0.08932819 0.00908338
v 0.00269389 -0.08932819 0.01610490
v 0.00237544 -0.00732246 0.01290688
v 0.00237544 -0.00732246 0.01228142
v 0.00237544 -0.00712256 0.01290688
v 0.00237544 -0.00712256 0.01228142
v 0.00237544 -0.00757324 0.01290688
v 0.00237544 -0.00757324 0.01228142
v 0.00361874 -0.06534602 0.02452356
v 0.00361874 -0.06534602 0.00066473
v -0.00240924 -0.04689783 0.02302422
v -0.00240924 -0.04689780 0.00216407
v 0.00323196 -0.07474851 0.00193972
v 0.00688681 -0.00848221 0.01788096
v 0.00688681 -0.00848221 0.00730735
v -0.00228357 -0.00696000 0.01487771
v -0.00228357 -0.00696000 0.01031060
v 0.00034029 -0.07898920 0.00219889
v 0.00034029 -0.07898920 0.02298939
v -0.00143376 -0.08985661 0.01369431
v -0.00143376 -0.08985661 0.01149398
v 0.00152197 -0.00700951 0.01457763
v 0.00152197 -0.00700951 0.01061068
v 0.00586375 -0.00693457 0.00920872
v 0.00586375 -0.00693457 0.01597959
v 0.00014202 -0.08999471 0.01273617
v 0.00014202 -0.08999471 0.01245212
v -0.00236227 -0.06419755 0.02495308
v -0.00236227 -0.06419755 0.00023521
v -0.00118119 -0.06861277 0.00059591
v -0.00118119 -0.06861277 0.02459238
v -0.00144352 -0.04850549 0.02355870
v -0.00144352 -0.04850549 0.00162959
v -0.00860864 -0.00848151 0.01372559
v -0.00860864 -0.00848151 0.01146273
v -0.00371720 -0.06074707 0.00034015
v -0.00371720 -0.06074709 0.02484814
v -0.00193605 -0.06984424 0.02432057
v -0.00193605 -0.06984424 0.00086772
v 0.00802191 -0.00848221 0.00927339
v 0.00802191 -0.00848221 0.01591491
v 0.00332447 -0.00848151 0.02061517
v 0.00332447 -0.00848151 0.00457313
v 0.00081957 -0.08965930 0.01565288
v 0.00081957 -0.08965930 0.00953539
v -0.00056709 -0.08995756 0.01215901
v -0.00056709 -0.08995756 0.01302928
v 0.00236302 -0.06288096 0.00012014
v 0.00236302 -0.06288096 0.02506815
v 0.00221355 -0.00732246 0.01351104
v 0.00221355 -0.00732246 0.01167727
v 0.00221355 -0.00712256 0.01351104
v 0.00221355 -0.00712256 0.01167727
v 0.00221355 -0.00757324 0.01351104
v 0.00221355 -0.00757324 0.01167727
v -0.00037248 -0.04997427 0.02397239
v -0.00037248 -0.04997429 0.00121590
v -0.00525111 -0.08809851 0.00856482
v -0.00525111 -0.08809851 0.01662345
v 0.00290780 -0.06074707 0.00012328
v 0.00290780 -0.06074709 0.02506502
v -0.00081538 -0.05524846 0.02503449
v -0.00081538 -0.05524846 0.00015382
v 0.00037789 -0.05075238 0.00105020
v 0.00037789 -0.05075238 0.02413809
v -0.00374487 -0.07771595 0.00264425
v -0.00374487 -0.07771596 0.02254402
v -0.00028402 -0.03443181 0.02129277
v -0.00028402 -0.03443181 0.00389553
v 0.00239596 -0.00732246 0.01259415
v 0.00239596 -0.00712256 0.01259415
v 0.00239596 -0.00757324 0.01259415
v -0.00292557 -0.08965930 0.01138233
v -0.00292557 -0.08965930 0.01380595
v 0.00112887 -0.00833978 0.00402132
v 0.00112887 -0.00833978 0.02116700
v 0.00365268 -0.05612497 0.02463548
v 0.00365268 -0.05612499 0.00055282
v 0.00309692 -0.04100986 0.00346977
v 0.00309692 -0.04100986 0.02171852
v -0.00131319 -0.05612497 0.02510742
v -0.00126316 -0.08055947 0.00258170
v -0.00126316 -0.05140872 0.00098070
v -0.00126316 -0.05140871 0.02420759
v -0.00126316 -0.03357683 0.02108800
v -0.00126316 -0.03357683 0.00410030
v -0.00126316 -0.05397768 0.02479097
v -0.00126316 -0.05397768 0.00039732
v -0.00126316 -0.08055945 0.02260659
v 0.00099893 -0.08007931 0.02273664
v 0.00099893 -0.08007933 0.00245163
v 0.00434143 -0.00848150 0.02011375
v 0.00434143 -0.00848150 0.00507455
v 0.00684672 -0.08746181 0.00975812
v 0.00684672 -0.08746181 0.01543015
v 0.00015622 -0.07898920 0.02299243
v -0.00402267 -0.03742917 0.00441632
v -0.00402267 -0.03742917 0.02077198
v 0.00269284 -0.03862929 0.02147922
v 0.00269284 -0.03862929 0.00370907
v 0.00156850 -0.06889608 0.00068007
v 0.00156850 -0.06889610 0.02450820
v 0.00432352 -0.00833969 0.02008272
v 0.00432352 -0.00833969 0.00510560
v 0.00284962 -0.04216345 0.02198827
v 0.00284962 -0.04216345 0.00320003
v 0.00451142 -0.08746181 0.01847356
v 0.00451142 -0.08746181 0.00671472
v 0.00001408 -0.05567857 0.02511799
v 0.00001408 -0.05567857 0.02475003
v 0.00001408 -0.05567857 0.00043826
v 0.00001408 -0.05567857 0.00007030
v -0.00032938 -0.08068416 0.00253260
v -0.00032938 -0.08068418 0.02265569
v -0.00357123 -0.06673875 0.02436691
v -0.00357123 -0.06673875 0.00082136
v -0.00338943 -0.08880698 0.00817697
v -0.00338943 -0.08880698 0.01701132
v 0.00746166 -0.00756979 0.01690215
v 0.00746166 -0.00756979 0.00828616
v 0.00221517 -0.05438551 0.00046264
v 0.00377081 -0.04689783 0.00257530
v 0.00377081 -0.04689783 0.02261299
v -0.00155133 -0.06984424 0.00081068
v -0.00155133 -0.06984424 0.02437761
v -0.00272569 -0.04607353 0.00242177
v -0.00272569 -0.04607353 0.02276652
v -0.00003290 -0.08999204 0.01234437
v -0.00003290 -0.08999204 0.01284392
v -0.00032633 -0.00700951 0.01507288
v -0.00032633 -0.00700951 0.01011543
v 0.00341576 -0.03630288 0.02087562
v 0.00341576 -0.03630288 0.00431267
v -0.00468031 -0.08809851 0.01727445
v -0.00468031 -0.08809851 0.00791383
v -0.00203083 -0.05524848 0.00029369
v -0.00203083 -0.05524848 0.02489460
v 0.00286061 -0.06406489 0.00032570
v 0.00286061 -0.06406489 0.02486259
v -0.00179962 -0.04845357 0.00169409
v -0.00179962 -0.04845357 0.02349420
v -0.00289894 -0.06177983 0.00016133
v -0.00289894 -0.06177983 0.02502696
v 0.00308611 -0.07771596 0.00242054
v 0.00308611 -0.07771596 0.02276773
v 0.00068126 -0.07890108 0.02298856
v 0.00068126 -0.07890108 0.00219971
v 0.00249923 -0.03420306 0.00428749
v 0.00249923 -0.03420306 0.02090080
v 0.00475461 -0.00694032 0.01132016
v 0.00475461 -0.00694032 0.01386815
v -0.00252825 -0.07474851 0.02343714
v -0.00252825 -0.07474851 0.00175115
v -0.00043514 -0.08995756 0.01202707
v -0.00043514 -0.08995756 0.01316122
v 0.00038965 -0.06966971 0.00069100
v 0.00038965 -0.06966971 0.02449729
v 0.00246995 -0.04768673 0.00200110
v 0.00246995 -0.04768672 0.02318719
v 0.00285734 -0.05612497 0.02484860
v 0.00285734 -0.05612499 0.00033969
v 0.00382611 -0.04325545 0.02183120
v 0.00382611 -0.04325545 0.00335709
v -0.00481840 -0.00695931 0.01887362
v 0.00119798 -0.00732246 0.01466911
v 0.00119798 -0.00732246 0.01051919
v 0.00119798 -0.00712256 0.01466911
v 0.00119798 -0.00712256 0.01051919
v 0.00119798 -0.00757324 0.01466911
v 0.00119798 -0.00757324 0.01051919
v 0.00163539 -0.07028994 0.00088921
v 0.00163539 -0.07028994 0.02429908
v 0.00163539 -0.07833777 0.02298391
v 0.00163539 -0.07833777 0.00220437
v -0.00279362 -0.06673875 0.02457529
v -0.00279362 -0.06673875 0.00061300
v -0.00068832 -0.08995756 0.01277858
v -0.00068832 -0.08995756 0.01240971
v -0.00198103 -0.08026012 0.00263492
v -0.00019988 -0.08999204 0.01244078
v -0.00019988 -0.08999204 0.01274751
v 0.00223669 -0.00804025 0.00424668
v 0.00223669 -0.00804025 0.02094161
v 0.00223669 -0.03435543 0.02099682
v 0.00223669 -0.03435543 0.00419148
v 0.00189445 -0.05114549 0.02406864
v 0.00189445 -0.05114549 0.00111965
v 0.00236297 -0.06673875 0.02466697
v 0.00236297 -0.06673875 0.00052132
v 0.00345009 -0.06984424 0.00122066
v 0.00345009 -0.06984424 0.02396763
v 0.00297547 -0.05497009 0.02465505
v 0.00297547 -0.05497009 0.00053324
v 0.00297547 -0.03456923 0.00439536
v 0.00297547 -0.03456923 0.02079294
v 0.00297547 -0.05041631 0.00150804
v 0.00297547 -0.05041631 0.02368025
v 0.00297547 -0.07956704 0.02244431
v 0.00297547 -0.07956704 0.00274398
v 0.00307613 -0.06984424 0.02407445
v 0.00307613 -0.06984424 0.00111383
v -0.00120891 -0.05438551 0.02486848
v -0.00120891 -0.05438551 0.00031981
v -0.00114547 -0.05142444 0.02422435
v -0.00114547 -0.05142444 0.00096394
v -0.00040791 -0.05524846 0.00013374
v -0.00040791 -0.05524846 0.02505455
v -0.00609242 -0.00756979 0.01868657
v -0.00609242 -0.00756979 0.00650173
v 0.00027352 -0.08995756 0.01325452
v 0.00027352 -0.08995756 0.01193377
v 0.00287908 -0.05701412 0.00024647
v 0.00287908 -0.05701412 0.02494182
v 0.00357881 -0.07474851 0.02313706
v 0.00357881 -0.07474851 0.00205121
v -0.00010044 -0.08999471 0.01242019
v -0.00010044 -0.08999471 0.01276810
v 0.00559688 -0.00695931 0.00699726
v 0.00559688 -0.00695931 0.01819105
v -0.00031274 -0.00732246 0.01496959
v -0.00031274 -0.00732246 0.01021872
v -0.00031274 -0.00712256 0.01496959
v -0.00031274 -0.00712256 0.01021872
v -0.00031274 -0.00757324 0.01496959
v -0.00031274 -0.00757324 0.01021872
v 0.00454759 -0.00694032 0.01071048
v 0.00454759 -0.00694032 0.01447783
v -0.00341732 -0.07771596 0.02266126
v -0.00341732 -0.07771596 0.00252702
v 0.00222998 -0.00756979 0.00427174
v 0.00222998 -0.00756979 0.02091655
v 0.00121179 -0.08965930 0.00966859
v 0.00121179 -0.08965930 0.01551970
v 0.00000000 -0.00848251 0.02127630
v 0.00000000 -0.00848251 0.00391200
v 0.00000000 -0.00968354 0.02271712
v 0.00000000 -0.00968354 0.00247119
v 0.00000000 -0.01710266 0.00365309
v 0.00000000 -0.01710266 0.02153521
v 0.00000000 -0.01592403 0.00275237
v 0.00000000 -0.01592403 0.02243594
v 0.00000000 -0.00853516 0.02138776
v 0.00000000 -0.00853516 0.00380054
v 0.00000000 -0.01903225 0.00447853
v 0.00000000 -0.01424944 0.00228907
v 0.00000000 -0.01424944 0.02289924
v 0.00000000 -0.03084026 0.02060561
v 0.00000000 -0.03084026 0.00458270
v 0.00000000 -0.01827780 0.02113598
v 0.00000000 -0.01827780 0.00405233
v 0.00000000 -0.00854738 0.02168516
v 0.00000000 -0.00854738 0.00350314
v 0.00000000 -0.01903226 0.02070976
v 0.00000000 -0.03165579 0.02103254
v 0.00000000 -0.03165579 0.00415576
v 0.00000000 -0.03275494 0.02122914
v 0.00000000 -0.03275494 0.00395916
v 0.00000000 -0.00869594 0.00297207
v 0.00000000 -0.00869594 0.02221623
v 0.00000000 -0.01542462 0.02274260
v 0.00000000 -0.01542462 0.00244571
v 0.00000000 -0.03116310 0.00433678
v 0.00000000 -0.03116310 0.02085151
v 0.00000000 -0.01193641 0.02292584
v 0.00000000 -0.01193641 0.00226247
v 0.00000000 -0.01864748 0.02096689
v 0.00000000 -0.01864748 0.00422141
v 0.00000000 -0.01646208 0.00321432
v 0.00000000 -0.01646208 0.02197397
v 0.00000000 -0.03344468 0.02132537
v 0.00000000 -0.03344468 0.00386293
v 0.00000000 -0.01774469 0.00390528
v 0.00000000 -0.01774469 0.02128301
v -0.00599076 -0.03496801 0.00597979
v 0.00664718 -0.01999388 0.01777662
v 0.00664718 -0.01999388 0.00741168
v -0.00304175 -0.05130541 0.02394607
v -0.00304175 -0.05130541 0.00124222
v -0.00906972 -0.08454535 0.01378820
v -0.00906972 -0.08454535 0.01140009
v 0.00268120 -0.07979329 0.02260058
v 0.00268120 -0.07979330 0.00258771
v -0.00522697 -0.08579213 0.01940605
v 0.00699858 -0.03397194 0.00725573
v 0.00763609 -0.03020271 0.00981106
v 0.00763609 -0.03020271 0.01537724
v 0.00681190 -0.08579213 0.00736717
v 0.00681190 -0.08579213 0.01782112
v -0.00729994 -0.02055751 0.01087190
v -0.00729994 -0.02055751 0.01431640
v -0.00649406 -0.02403715 0.00882721
v -0.00649406 -0.02403715 0.01636110
v 0.00102124 -0.08708941 0.02035125
v 0.00102124 -0.08708941 0.00483704
v -0.01225971 -0.06703594 0.01098011
v -0.01225971 -0.06703595 0.01420817
v 0.00882387 -0.03522022 0.01101942
v 0.00729994 -0.02055751 0.01087190
v 0.00402760 -0.02851616 0.01948047
v 0.00402760 -0.02851616 0.00570783
v 0.01086268 -0.01420413 0.01131157
v 0.01086268 -0.01420413 0.01387674
v 0.01032583 -0.07883810 0.01059192
v 0.00394768 -0.07790314 0.00604662
v -0.01023210 -0.04436937 0.01124239
v -0.00640826 -0.05816688 0.00149473
v -0.00640826 -0.05816688 0.02369356
v 0.00293111 -0.02343002 0.01926652
v 0.00293111 -0.02343002 0.00592178
v 0.00596736 -0.01994118 0.01856151
v 0.00596736 -0.01994118 0.00662679
v 0.00664208 -0.02756150 0.01613842
v 0.00664208 -0.02756150 0.00904987
v 0.00106982 -0.03155669 0.00423265
v 0.00106982 -0.03155669 0.02095564
v 0.00687330 -0.08278791 0.01946745
v 0.00687330 -0.08278791 0.00572084
v 0.00267549 -0.02253470 0.01931993
v 0.00267549 -0.02253470 0.00586837
v 0.01154023 -0.05130541 0.01049965
v 0.00192634 -0.02827723 0.00592517
v 0.00192634 -0.02827723 0.01926312
v 0.00463134 -0.02140996 0.01940374
v 0.00463134 -0.02140996 0.00578456
v 0.00815503 -0.03395133 0.01590834
v -0.00122155 -0.02435880 0.00523651
v -0.00122155 -0.02435879 0.01995179
v 0.01236564 -0.06703595 0.01259414
v 0.00218318 -0.03251563 0.00426573
v 0.00218318 -0.03251563 0.02092257
v 0.00858634 -0.08579213 0.01259414
v -0.00650526 -0.02410415 0.01472249
v -0.00650526 -0.02410415 0.01046582
v 0.00113510 -0.00848221 0.02120172
v 0.00113510 -0.00848221 0.00398659
v 0.00882548 -0.03522065 0.01416098
v 0.00697029 -0.07346422 0.02167802
v 0.00697029 -0.07346422 0.00351027
v 0.00985648 -0.01566943 0.01259415
v 0.00151089 -0.05130541 0.02424733
v -0.00139359 -0.01967413 0.00489104
v -0.00139359 -0.01967413 0.02029728
v -0.00700917 -0.07790314 0.01226192
v -0.00700917 -0.03663720 0.01226193
v 0.00160545 -0.05412040 0.02478881
v 0.00160545 -0.05412040 0.00039948
v 0.01251305 -0.05816688 0.00994728
v -0.01095646 -0.04812949 0.01115170
v -0.01095646 -0.04812949 0.01403660
v -0.00653354 -0.02748372 0.01736172
v -0.00278474 -0.03020003 0.00495970
v -0.00278474 -0.03020003 0.02022861
v -0.00797572 -0.03073254 0.01456626
v -0.00797572 -0.03073254 0.01062205
v 0.00537417 -0.02379194 0.01873628
v 0.00537417 -0.02379194 0.00645202
v -0.00805624 -0.01911238 0.01145706
v -0.00805624 -0.01911238 0.01373125
v 0.00801144 -0.03084026 0.01259415
v -0.00609918 -0.01865778 0.01869762
v -0.00609918 -0.01865778 0.00649068
v -0.00144444 -0.01523611 0.02273767
v -0.00144444 -0.01523611 0.00245064
v 0.00898814 -0.01692706 0.01143259
v 0.00898814 -0.01692706 0.01375571
v -0.00144383 -0.02971215 0.00535604
v -0.00144383 -0.02971216 0.01983225
v -0.00126875 -0.08278791 0.02223118
v -0.00126875 -0.08278791 0.00295709
v 0.00929500 -0.08064434 0.01670787
v 0.00275458 -0.01536502 0.00282292
v 0.00275458 -0.01536502 0.02236537
v -0.00328582 -0.08579213 0.02052679
v -0.00328582 -0.08579213 0.00466149
v 0.00316737 -0.02694947 0.01918720
v 0.00316737 -0.02694947 0.00600109
v 0.00139332 -0.01967409 0.00489108
v 0.00139332 -0.01967409 0.02029722
v -0.00449739 -0.05130541 0.02345178
v -0.00449739 -0.05130541 0.00173651
v 0.00478585 -0.03957482 0.02089413
v 0.00478585 -0.03957482 0.00429416
v -0.00000554 -0.02146934 0.01943807
v -0.00000554 -0.02146934 0.00575023
v 0.01040204 -0.01367446 0.01517711
v 0.01040204 -0.01367446 0.01001120
v 0.00443629 -0.03500975 0.00482522
v 0.00443629 -0.03500975 0.02036307
v -0.00553388 -0.03622470 0.01983743
v 0.00896596 -0.00868500 0.00895676
v 0.00896596 -0.00868499 0.01623154
v -0.00337793 -0.03509267 0.02089314
v -0.00851279 -0.08579213 0.01371487
v 0.00741093 -0.08746181 0.01259414
v 0.00326315 -0.02424727 0.01923662
v 0.00326315 -0.02424727 0.00595167
v -0.00829378 -0.08579213 0.01037183
v -0.00829378 -0.08579213 0.01481646
v -0.00836149 -0.03155669 0.01366398
v -0.00836149 -0.03155669 0.01152432
v 0.01021719 -0.01476727 0.01003621
v 0.01021719 -0.01476727 0.01515209
v -0.01210297 -0.06703595 0.01499647
v 0.00963703 -0.08278791 0.01132541
v 0.00963703 -0.08278791 0.01386289
v 0.00387809 -0.02621854 0.01912947
v -0.00744763 -0.01651846 0.00682196
v -0.00744763 -0.01651846 0.01836634
v 0.00855783 -0.03269459 0.01370705
v 0.00855783 -0.03269459 0.01148125
v -0.00220540 -0.02585917 0.00548099
v -0.00220540 -0.02585917 0.01970731
v -0.00293625 -0.02681963 0.01919774
v -0.00293625 -0.02681963 0.00599056
v 0.00870220 -0.06205160 0.00319516
v -0.00121794 -0.00854409 0.00356708
v -0.00121794 -0.00854409 0.02162124
v -0.00505337 -0.02511568 0.00625756
v -0.00505337 -0.02511568 0.01893074
v -0.00782059 -0.01580291 0.01869768
v -0.00782059 -0.01580291 0.00649061
v -0.00541513 -0.02503967 0.01871007
v -0.00541513 -0.02503967 0.00647824
v 0.00076352 -0.02759811 0.00557818
v 0.00076352 -0.02759811 0.01961012
v -0.00845688 -0.03428327 0.01515831
v -0.00529495 -0.02253612 0.01883763
v -0.00529495 -0.02253612 0.00635067
v 0.00643706 -0.02524012 0.00876607
v 0.00643706 -0.02524012 0.01642223
v 0.00380710 -0.03489935 0.00728025
v -0.00476298 -0.08708941 0.01880138
v -0.00476298 -0.08708941 0.00638690
v 0.00088432 -0.02838735 0.01919399
v 0.00088432 -0.02838735 0.00599432
v 0.00444522 -0.02857554 0.01937740
v 0.00444522 -0.02857554 0.00581090
v -0.00641807 -0.08746181 0.01629961
v -0.00641807 -0.08746181 0.00888868
v -0.00701775 -0.07883810 0.02042951
v 0.00881872 -0.00853130 0.01259415
v -0.00332447 -0.00848151 0.02061517
v -0.00332447 -0.00848151 0.00457313
v -0.00202505 -0.08708943 0.02015169
v -0.00202505 -0.08708943 0.00503660
v 0.00525294 -0.02742059 0.00634724
v 0.00525294 -0.02742059 0.01884106
v 0.00219838 -0.02438832 0.00545128
v 0.00219838 -0.02438832 0.01973702
v 0.00299816 -0.01964066 0.02031013
v 0.00299816 -0.01964066 0.00487816
v -0.00422308 -0.02157777 0.01951298
v -0.00422308 -0.02157777 0.00567532
v 0.00532858 -0.01464897 0.00336477
v 0.00532858 -0.01464897 0.02182353
v 0.00680958 -0.02140957 0.00796282
v 0.00680958 -0.02140957 0.01722549
v -0.00440937 -0.00853130 0.00495691
v -0.00440937 -0.00853130 0.02023139
v 0.00406188 -0.08665269 0.00555873
v 0.00406188 -0.08665269 0.01962956
v -0.00222231 -0.08579213 0.00430037
v -0.00222231 -0.08579213 0.02088791
v 0.00852323 -0.01596138 0.00767326
v 0.00852323 -0.01596138 0.01751505
v -0.00841806 -0.08278791 0.01745431
v -0.00841806 -0.08278791 0.00773398
v -0.01042941 -0.01157960 0.01000908
v -0.01042941 -0.01157960 0.01517922
v -0.00351381 -0.07886687 0.00676371
v -0.00633105 -0.01740804 0.00622876
v -0.00633105 -0.01740804 0.01895954
v -0.00688681 -0.00848221 0.01788096
v -0.00688681 -0.00848221 0.00730735
v -0.00707349 -0.04812949 0.02105805
v -0.01032143 -0.04436937 0.01259415
v -0.00466742 -0.02396005 0.01907647
v -0.00466742 -0.02396005 0.00611182
v -0.00286165 -0.02931049 0.00545975
v -0.00286165 -0.02931049 0.01972854
v 0.00873309 -0.03489935 0.01078782
v -0.00629079 -0.01489698 0.00421103
v -0.00629079 -0.01489698 0.02097727
v 0.01090102 -0.04812949 0.01431539
v 0.00700946 -0.03663720 0.01292029
v 0.00970225 -0.08025706 0.01586398
v 0.00734743 -0.08746181 0.01356146
v 0.00734743 -0.08746181 0.01162683
v -0.00483419 -0.02263783 0.00605303
v 0.00107605 -0.03073703 0.02054893
v 0.00107605 -0.03073703 0.00463937
v 0.01251523 -0.05816688 0.01523006
v 0.00204543 -0.02720899 0.01942575
v 0.00204543 -0.02720899 0.00576254
v -0.00574439 -0.08665269 0.00684975
v -0.00574439 -0.08665269 0.01833853
v -0.00372632 -0.03570223 0.01856444
v -0.00372632 -0.03570223 0.00661767
v 0.00326432 -0.02599834 0.00599150
v 0.00326432 -0.02599834 0.01919681
v -0.00772403 -0.01751275 0.01705187
v -0.00772403 -0.01751275 0.00813643
v -0.00732383 -0.01477040 0.02016353
v -0.00732383 -0.01477040 0.00502477
v 0.00415256 -0.03195214 0.00515558
v 0.00415256 -0.03195214 0.02003272
v 0.00636402 -0.07934925 0.00430037
v 0.00636402 -0.07934925 0.02088791
v 0.00828204 -0.06703595 0.02174288
v 0.00665807 -0.02283378 0.01620889
v 0.00665807 -0.02283378 0.00897940
v -0.00113175 -0.03355926 0.00391789
v -0.00113175 -0.03355926 0.02127040
v -0.00611592 -0.02503967 0.00717901
v -0.00611592 -0.02503967 0.01800929
v 0.00586600 -0.02121966 0.00672816
v 0.00497958 -0.02990487 0.01920147
v 0.00497958 -0.02990487 0.00598683
v 0.00967763 -0.01583542 0.01138453
v -0.00563358 -0.03570223 0.00553474
v 0.00125701 -0.02512252 0.00524326
v 0.00125701 -0.02512252 0.01994504
v -0.00868814 -0.05816688 0.00320314
v -0.00358379 -0.04962511 0.01908064
v -0.00358379 -0.04962511 0.02337103
v -0.00358379 -0.04962511 0.00610134
v -0.00358379 -0.04962511 0.00181726
v -0.00358379 -0.04962511 0.00688695
v -0.00358379 -0.04962511 0.01830696
v -0.00358379 -0.05576125 0.00060459
v -0.00358379 -0.07877585 0.01851331
v -0.00358379 -0.07877585 0.02249623
v -0.00358379 -0.07877585 0.00666894
v -0.00358379 -0.07877585 0.00688695
v -0.00358379 -0.07877585 0.01830696
v -0.00358379 -0.07877585 0.00269206
v -0.00358379 -0.03536040 0.02083628
v -0.00358379 -0.03536042 0.00435201
v -0.00358379 -0.05576126 0.01908064
v -0.00358379 -0.05576126 0.00610134
v -0.00358379 -0.05576126 0.02458371
v -0.00358379 -0.05576126 0.00688695
v -0.00358379 -0.05576126 0.01830696
v 0.00614906 -0.02625869 0.01796954
v 0.00614906 -0.02625869 0.00721875
v -0.00525779 -0.01867508 0.00574759
v -0.00525779 -0.01867508 0.01944071
v -0.01110458 -0.01128600 0.01388698
v -0.01110458 -0.01128600 0.01130133
v 0.00474410 -0.05461935 0.02404744
v 0.00474410 -0.05461934 0.00114085
v -0.00783101 -0.01920398 0.00939525
v -0.00783101 -0.01920398 0.01579305
v 0.00687442 -0.00866333 0.01962662
v 0.00687442 -0.00866333 0.00556167
v -0.00846181 -0.01837200 0.01369611
v -0.00846181 -0.01837200 0.01149220
v 0.00952329 -0.03960439 0.01164486
v -0.00497594 -0.02633320 0.01898174
v -0.00497594 -0.02633320 0.00620655
v -0.00883638 -0.08454535 0.01022645
v -0.00883638 -0.08454535 0.01496184
v 0.00883636 -0.08454535 0.01496185
v 0.00883636 -0.08454535 0.01022645
v -0.00474412 -0.05461935 0.02404744
v -0.00474412 -0.05461934 0.00114085
v -0.00466847 -0.08064434 0.01639274
v -0.00466847 -0.03389599 0.01639274
v -0.00664872 -0.02274140 0.01701391
v -0.00664872 -0.02274140 0.00817439
v 0.00820190 -0.01183258 0.01904789
v 0.00820190 -0.01183258 0.00614041
v 0.00757760 -0.03013074 0.01029519
v 0.00381171 -0.03489935 0.01790472
v 0.00146299 -0.02766890 0.01940981
v 0.00146299 -0.02766890 0.00577850
v 0.01135202 -0.07346422 0.01109963
v 0.01135202 -0.07346422 0.01408866
v 0.00701085 -0.07883810 0.00475274
v 0.00707430 -0.03764053 0.01214700
v 0.00404476 -0.02740858 0.01922310
v 0.00404476 -0.02740858 0.00596520
v 0.01229090 -0.05461935 0.01421228
v 0.01229090 -0.05461934 0.01097603
v 0.00574437 -0.08665269 0.00684975
v 0.00574437 -0.08665269 0.01833853
v -0.01126585 -0.07346422 0.01452212
v -0.00279399 -0.02589202 0.00571617
v -0.00279399 -0.02589202 0.01947212
v -0.01107734 -0.01318924 0.01130149
v -0.01107734 -0.01318924 0.01388682
v 0.00843839 -0.03165579 0.01259415
v -0.00832842 -0.03251563 0.01041097
v -0.00734745 -0.08746181 0.01356146
v -0.00734745 -0.08746181 0.01162683
v 0.00873915 -0.00853139 0.01373556
v 0.00873915 -0.00853139 0.01145275
v 0.01065717 -0.01460868 0.01259415
v 0.00107439 -0.01874602 0.00429709
v 0.00107439 -0.01874602 0.02089121
v -0.00966406 -0.01408429 0.00872495
v -0.00966406 -0.01408429 0.01646334
v 0.00803431 -0.00964227 0.00628984
v 0.00803431 -0.00964227 0.01889847
v 0.00234980 -0.01713513 0.02127571
v 0.00234980 -0.01713513 0.00391260
v 0.00289336 -0.01476699 0.00246683
v 0.00289336 -0.01476699 0.02272148
v -0.00798884 -0.01835350 0.00929686
v -0.00798884 -0.01835350 0.01589144
v 0.00249377 -0.02145597 0.00566137
v 0.00249377 -0.02145597 0.01952693
v -0.00569564 -0.03957071 0.00490225
v -0.00229030 -0.00853221 0.02109424
v -0.00229030 -0.00853221 0.00409406
v -0.01239712 -0.05461935 0.01259415
v 0.00841804 -0.08278791 0.01745431
v 0.00841804 -0.08278791 0.00773398
v -0.00565598 -0.08064434 0.01053653
v -0.00565598 -0.03389599 0.01053653
v 0.00156587 -0.02038612 0.01991159
v 0.00156587 -0.02038612 0.00527671
v -0.01252706 -0.06205160 0.00993934
v 0.00222230 -0.08579213 0.00430037
v 0.00222230 -0.08579213 0.02088791
v -0.00882218 -0.08077645 0.00758497
v -0.00406190 -0.08665269 0.00555873
v -0.00406190 -0.08665269 0.01962956
v -0.00761549 -0.00853516 0.01699096
v -0.00761549 -0.00853516 0.00819736
v -0.00000014 -0.01960651 0.00484633
v -0.00000014 -0.01960651 0.02034197
v -0.00752764 -0.06703595 0.00278394
v -0.00752764 -0.06703595 0.02240435
v 0.00794685 -0.01927472 0.01064884
v 0.00794685 -0.01927472 0.01453946
v 0.00516072 -0.04436937 0.00365552
v 0.00516072 -0.04436937 0.02153279
v 0.00708484 -0.01538801 0.01986531
v 0.00952751 -0.00866333 0.01015696
v 0.00952751 -0.00866333 0.01503134
v -0.00765780 -0.01975796 0.01507428
v -0.00765780 -0.01975796 0.01011401
v 0.00202503 -0.08708943 0.02015169
v 0.00202503 -0.08708943 0.00503660
v -0.00225391 -0.03401444 0.00407129
v -0.00225391 -0.03401444 0.02111701
v -0.00638888 -0.02854710 0.01769147
v -0.00638888 -0.02854710 0.00749682
v 0.00787304 -0.00854738 0.01713966
v 0.00787304 -0.00854738 0.00804865
v 0.00685485 -0.07790314 0.02078232
v -0.00324648 -0.05532253 0.00629286
v -0.00324648 -0.05006383 0.00629286
v 0.00871064 -0.06205160 0.02198574
v 0.00641805 -0.08746181 0.01629961
v 0.00641805 -0.08746181 0.00888868
v 0.00476296 -0.08708941 0.01880138
v 0.00476296 -0.08708941 0.00638690
v 0.00681825 -0.03570223 0.01259887
v 0.00681825 -0.07883810 0.01259886
v 0.01045419 -0.07934925 0.01259414
v -0.00350148 -0.02420585 0.00597998
v -0.00350148 -0.02420585 0.01920833
v -0.01272189 -0.06205158 0.01091928
v -0.01272189 -0.06205158 0.01426902
v -0.00614974 -0.02625849 0.00721955
v 0.00838731 -0.00848172 0.01483867
v 0.00838731 -0.00848172 0.01034964
v 0.01040538 -0.01486002 0.01385058
v 0.01040538 -0.01486002 0.01133773
v 0.00774431 -0.01963463 0.01259415
v -0.00548661 -0.01732004 0.01977928
v -0.00548661 -0.01732004 0.00540902
v -0.00000158 -0.02721518 0.01979778
v -0.00000158 -0.02721518 0.00539052
v 0.00557739 -0.01392855 0.02225448
v 0.00557739 -0.01392855 0.00293383
v -0.00127538 -0.01638078 0.02193286
v -0.00127538 -0.01638078 0.00325544
v -0.00542316 -0.03497212 0.01970298
v -0.00542316 -0.03497212 0.00548531
v -0.00490461 -0.05816688 0.00075338
v -0.00490461 -0.05816688 0.02443491
v -0.00000036 -0.02850355 0.00599241
v -0.00000036 -0.02850355 0.01919589
v -0.00000646 -0.02192806 0.00579404
v -0.00000646 -0.02192806 0.01939427
v 0.00353592 -0.07883810 0.01845655
v -0.00077413 -0.02229915 0.01955375
v -0.00077413 -0.02229915 0.00563455
v 0.00811562 -0.01903226 0.01259415
v -0.00807652 -0.01906192 0.01051201
v -0.00807652 -0.01906192 0.01467629
v 0.00684792 -0.07790314 0.00439989
v -0.00512750 -0.03184578 0.01938587
v -0.00512750 -0.03184578 0.00580243
v -0.00862557 -0.01778763 0.01146416
v -0.00862557 -0.01778763 0.01372415
v 0.00818517 -0.03105210 0.01362710
v 0.00818517 -0.03105210 0.01156119
v -0.00379026 -0.01592872 0.02157854
v -0.00379026 -0.01592872 0.00360976
v 0.00638611 -0.02387462 0.00760639
v 0.00638611 -0.02387462 0.01758191
v 0.00771054 -0.05130541 0.00375821
v -0.00963705 -0.08278791 0.01132541
v -0.00963705 -0.08278791 0.01386289
v -0.00298986 -0.05039759 0.00143584
v -0.00298986 -0.05039759 0.02375245
v 0.00082117 -0.02203662 0.00579884
v 0.00082117 -0.02203662 0.01938946
v -0.00420754 -0.03428327 0.01720620
v -0.00420754 -0.08025706 0.01720620
v -0.00250792 -0.02364771 0.00566218
v -0.00250792 -0.02364771 0.01952612
v 0.00311437 -0.02802683 0.01931603
v 0.00311437 -0.02802683 0.00587226
v 0.00518246 -0.01999735 0.00594696
v 0.00518246 -0.01999735 0.01924134
v 0.00829376 -0.08579213 0.01037182
v -0.00741095 -0.08746181 0.01259414
v -0.00611763 -0.03428328 0.01134959
v -0.00611763 -0.08025706 0.01134958
v -0.00667949 -0.02293839 0.01259415
v 0.00182898 -0.03054684 0.00474348
v 0.00182898 -0.03054684 0.02044482
v -0.01032763 -0.07883810 0.01458742
v -0.00692290 -0.02165079 0.00918713
v -0.00692290 -0.02165079 0.01600118
v -0.00249999 -0.02145755 0.01952924
v -0.00249999 -0.02145755 0.00565906
v 0.00423444 -0.02002437 0.01984624
v 0.00423444 -0.02002437 0.00534206
v -0.00830285 -0.05461935 0.00342189
v 0.00707730 -0.01748706 0.00714507
v 0.00707730 -0.01748706 0.01804323
v 0.00449737 -0.05130541 0.00173651
v 0.00328580 -0.08579213 0.02052679
v 0.00328580 -0.08579213 0.00466149
v 0.01270669 -0.05816688 0.01092127
v 0.01270669 -0.05816688 0.01426702
v 0.00983942 -0.01536429 0.01009408
v 0.00983942 -0.01536429 0.01509424
v -0.00929502 -0.08064434 0.01670787
v -0.00833296 -0.00869594 0.01740519
v -0.00833296 -0.00869594 0.00778311
v 0.00126873 -0.08278791 0.02223118
v 0.00126873 -0.08278791 0.00295709
v -0.00666934 -0.02290750 0.01055246
v -0.00666934 -0.02290750 0.01463583
v 0.00771154 -0.08278791 0.01851143
v 0.00771154 -0.08278791 0.00667686
v -0.00763079 -0.03376489 0.00827011
v -0.00110195 -0.01837200 0.00413235
v -0.00110195 -0.01837200 0.02105595
v 0.01281650 -0.05816688 0.01259414
v -0.00808589 -0.03389599 0.00915684
v 0.00726925 -0.02971649 0.01259415
v -0.00208232 -0.03126335 0.02072764
v -0.00208232 -0.03126335 0.00446066
v -0.00735443 -0.07959973 0.01994858
v 0.00911894 -0.03663720 0.01345741
v -0.00220677 -0.02439256 0.01974414
v -0.00220677 -0.02439256 0.00544417
v 0.00890664 -0.03524156 0.01376257
v 0.00890664 -0.03524156 0.01142573
v -0.00569202 -0.01294814 0.02245303
v -0.00569202 -0.01294814 0.00273528
v -0.00478609 -0.03957475 0.02089386
v -0.00478609 -0.03957475 0.00429443
v 0.00552244 -0.00939449 0.00302901
v 0.00552244 -0.00939449 0.02215930
v -0.00775851 -0.03076979 0.00958808
v -0.00775851 -0.03076979 0.01560021
v 0.00869657 -0.05816688 0.02197777
v -0.00379741 -0.02180586 0.00571828
v -0.00379741 -0.02180586 0.01947002
v -0.00697031 -0.07346422 0.02167802
v -0.00697031 -0.07346422 0.00351027
v -0.00277190 -0.02672494 0.01927106
v -0.00277190 -0.02672494 0.00591723
v 0.00805418 -0.08665269 0.01365450
v 0.00805418 -0.08665273 0.01153379
v -0.00850644 -0.00853221 0.01032756
v -0.00850644 -0.00853221 0.01486076
v 0.01016619 -0.07934925 0.01023156
v -0.00806232 -0.01524195 0.00627146
v -0.00806232 -0.01524195 0.01891683
v 0.00516311 -0.08077643 0.01551979
v 0.00516311 -0.03376390 0.01551981
v 0.00896133 -0.03570223 0.01381324
v 0.00463908 -0.00853566 0.00455904
v 0.00463908 -0.00853566 0.02062928
v -0.00431900 -0.01862052 0.00511365
v -0.00431900 -0.01862052 0.02007465
v -0.00854182 -0.01827780 0.01259415
v -0.00113268 -0.01781036 0.02120570
v -0.00113268 -0.01781036 0.00398260
v -0.00894751 -0.01193648 0.00742831
v -0.00894751 -0.01193648 0.01776000
v 0.00869413 -0.01712997 0.01489703
v 0.00869413 -0.01712997 0.01029127
v -0.00687331 -0.08278791 0.01946745
v -0.00687331 -0.08278791 0.00572084
v -0.00925315 -0.01617615 0.01019174
v -0.00925315 -0.01617615 0.01499658
v 0.00224155 -0.01801151 0.00421338
v 0.00224155 -0.01801151 0.02097494
v 0.00813348 -0.03126335 0.01051184
v 0.00813348 -0.03126335 0.01467646
v 0.00563508 -0.03570223 0.00553390
v -0.00394770 -0.07790314 0.01913501
v -0.01032585 -0.07883810 0.01059192
v -0.00027393 -0.05154083 0.00081395
v -0.00027393 -0.05154083 0.02437434
v -0.00027393 -0.08069156 0.00244441
v -0.00027393 -0.08069156 0.02274388
v -0.00027393 -0.05384556 0.00036556
v -0.00027393 -0.05384556 0.02482273
v -0.00027393 -0.03344468 0.00388058
v -0.00027393 -0.03344468 0.02130773
v -0.00563939 -0.03570223 0.01964847
v -0.00153370 -0.05129588 0.02424375
v -0.00153370 -0.05129588 0.00094454
v -0.00102125 -0.08708941 0.02035125
v -0.00102125 -0.08708941 0.00483704
v -0.00681192 -0.08579213 0.00736717
v -0.00681192 -0.08579213 0.01782112
v 0.00725051 -0.07934923 0.02011062
v -0.00122013 -0.02589104 0.01991330
v -0.00122013 -0.02589104 0.00527500
v -0.00648005 -0.02395904 0.01719170
v -0.00648005 -0.02395904 0.00799660
v -0.00208214 -0.01906192 0.00451764
v -0.00208214 -0.01906192 0.02067066
v 0.00522695 -0.08579213 0.00578223
v 0.00522695 -0.08579213 0.01940605
v -0.00694186 -0.02167859 0.01067022
v -0.00694186 -0.02167859 0.01451809
v 0.00401538 -0.03663720 0.01917337
v 0.00401538 -0.03663720 0.00600820
v -0.00268122 -0.07979329 0.02260058
v -0.00268122 -0.07979329 0.00258771
v 0.00906970 -0.08454535 0.01378820
v 0.00906970 -0.08454535 0.01140009
v 0.00304173 -0.05130541 0.02394607
v 0.00304173 -0.05130541 0.00124222
v -0.00709071 -0.03389599 0.00741428
v -0.00870859 -0.01771163 0.01259415
v 0.00754678 -0.05461935 0.02242932
v 0.00754678 -0.05461934 0.00275897
v 0.00319890 -0.01920398 0.00476315
v 0.00319890 -0.01920398 0.02042515
v 0.00745344 -0.01157960 0.02033376
v 0.00745344 -0.01157960 0.00485454
v -0.00825736 -0.03116310 0.01259415
v -0.00743257 -0.03195072 0.01675183
v -0.00743257 -0.03195072 0.00843648
v 0.00391206 -0.08708943 0.00581823
v 0.00391206 -0.08708943 0.01937004
v -0.00761985 -0.03028445 0.01128779
v -0.00761985 -0.03028445 0.01390050
v 0.00440559 -0.02520551 0.00613515
v 0.00440559 -0.02520551 0.01905314
v 0.00619855 -0.05461935 0.00185792
v 0.00619855 -0.05461935 0.02333037
v -0.00775712 -0.08708941 0.01361539
v -0.00775712 -0.08708941 0.01157290
v 0.00251930 -0.05461935 0.00048241
v 0.01138404 -0.01294814 0.01259415
v -0.01040537 -0.01486017 0.01385058
v -0.01040537 -0.01486017 0.01133773
v 0.00750530 -0.08665273 0.00948533
v -0.00942379 -0.08053862 0.00869068
v -0.00733069 -0.02052012 0.01259415
v -0.00681824 -0.07883810 0.01258351
v 0.00379554 -0.02180510 0.01946898
v 0.00379554 -0.02180510 0.00571933
v 0.00411460 -0.01488574 0.00295461
v 0.00411460 -0.01488574 0.02223370
v -0.00689877 -0.07689979 0.00421912
v -0.00863499 -0.03275494 0.01259415
v -0.00453662 -0.01724765 0.00473348
v -0.00453662 -0.01724765 0.02045483
v -0.00703542 -0.08665269 0.00853224
v -0.00703542 -0.08665269 0.01665605
v -0.00131918 -0.02277768 0.00550396
v -0.00131918 -0.02277768 0.01968433
v 0.00882607 -0.08077643 0.01759537
v -0.00159981 -0.02789294 0.00594098
v -0.00159981 -0.02789294 0.01924732
v -0.00000024 -0.02876894 0.01929934
v -0.00000024 -0.02876894 0.00588895
v 0.01213175 -0.05461935 0.01501277
v 0.00858976 -0.03453015 0.01031591
v 0.00111290 -0.03269459 0.02115199
v 0.00111290 -0.03269459 0.00403630
v 0.00715429 -0.05130541 0.02191782
v 0.00715429 -0.05130541 0.00327049
v -0.00723818 -0.02945897 0.01606750
v -0.00723818 -0.02945897 0.00912079
v 0.00240134 -0.02751346 0.00599968
v 0.00240134 -0.02751346 0.01918862
v 0.00240134 -0.02272776 0.01929815
v 0.00240134 -0.02272776 0.00589015
v 0.00237022 -0.02869816 0.00575168
v 0.00237022 -0.02869818 0.01943663
v 0.00782414 -0.08708943 0.01259414
v 0.00709329 -0.03389599 0.01776676
v -0.00909885 -0.01683815 0.01259415
v -0.00296412 -0.01367430 0.00229424
v -0.00296412 -0.01367430 0.02289405
v -0.00400060 -0.07934925 0.00293585
v -0.00400060 -0.07934925 0.02225244
v -0.00363152 -0.02311581 0.00593755
v -0.00363152 -0.02311581 0.01925074
v 0.00762587 -0.03376390 0.00826424
v -0.00457406 -0.08454535 0.02051662
v -0.00457406 -0.08454535 0.00467167
v -0.00137553 -0.01576440 0.00276956
v -0.00137553 -0.01576440 0.02241874
v 0.00607144 -0.08579213 0.01866560
v 0.00607144 -0.08579213 0.00652268
v 0.00735256 -0.07961198 0.00524155
v -0.00522255 -0.02128053 0.01902189
v -0.00522255 -0.02128053 0.00616641
v -0.00486017 -0.08278791 0.00417609
v -0.00486017 -0.08278791 0.02101218
v 0.01105112 -0.04812949 0.01259415
v 0.00641590 -0.06205160 0.02370683
v 0.00641590 -0.06205160 0.00148146
v -0.00644654 -0.00853861 0.00608306
v -0.00644654 -0.00853861 0.01910526
v 0.00810271 -0.08047759 0.00637671
v -0.00640262 -0.04436937 0.02067792
v 0.00544225 -0.03764053 0.02013373
v -0.00466517 -0.03389599 0.00879151
v 0.00217540 -0.01867349 0.02081753
v 0.00217540 -0.01867349 0.00437076
v -0.00649535 -0.02647699 0.01471066
v -0.00649535 -0.02647700 0.01047765
v -0.00311563 -0.02802926 0.01931938
v -0.00311563 -0.02802926 0.00586892
v 0.00633660 -0.02511568 0.00754077
v 0.00633660 -0.02511568 0.01764753
v 0.00133291 -0.00868500 0.00301069
v 0.00133291 -0.00868499 0.02217760
v 0.00441919 -0.01318922 0.02283375
v 0.00441919 -0.01318922 0.00235455
v 0.00872375 -0.01646393 0.00903031
v 0.00872375 -0.01646393 0.01615799
v -0.01229089 -0.05461935 0.01421227
v -0.00398862 -0.02518413 0.01911459
v -0.00398862 -0.02518413 0.00607370
v -0.00707429 -0.03764053 0.01214700
v -0.00707429 -0.07689977 0.01214699
v -0.00090844 -0.02715407 0.00543242
v -0.00090844 -0.02715407 0.01975588
v -0.00112074 -0.08579213 0.00408136
v -0.00112074 -0.08579213 0.02110691
v 0.00892446 -0.01425005 0.00744161
v 0.00892446 -0.01425005 0.01774670
v 0.01154222 -0.05130541 0.01467872
v -0.00879160 -0.08076681 0.00751831
v 0.00264697 -0.02769898 0.01922420
v 0.00264697 -0.02769898 0.00596411
v -0.00614212 -0.02379194 0.01796831
v -0.00614212 -0.02379194 0.00721998
v 0.00842665 -0.00854409 0.01605293
v 0.00842665 -0.00854409 0.00913539
v 0.00868288 -0.00848150 0.01259415
v -0.00684674 -0.08746181 0.00975812
v -0.00684674 -0.08746181 0.01543015
v 0.00144372 -0.02971187 0.00535644
v 0.00144372 -0.02971187 0.01983185
v -0.00729535 -0.02048339 0.01633558
v -0.00729535 -0.02048339 0.00885271
v 0.00430550 -0.02634509 0.01909560
v 0.00430550 -0.02634509 0.00609270
v 0.00591727 -0.08278791 0.00488259
v 0.00591727 -0.08278791 0.02030570
v -0.00218429 -0.03396091 0.00406540
v -0.00218429 -0.03396091 0.02112290
v -0.00218429 -0.05436175 0.02472150
v -0.00218429 -0.05102462 0.00113484
v -0.00218429 -0.05102462 0.02405345
v -0.00218429 -0.05436177 0.00046679
v -0.00218429 -0.08017534 0.00257187
v -0.00218429 -0.08017534 0.02261642
v 0.00556893 -0.08454535 0.01985172
v 0.00556893 -0.08454535 0.00533656
v -0.00000334 -0.02096143 0.01964208
v -0.00000334 -0.02096143 0.00554622
v -0.00572506 -0.07346422 0.02251024
v -0.00572506 -0.07346422 0.00267805
v 0.00210258 -0.08665269 0.00474715
v 0.00210258 -0.08665269 0.02044113
v -0.00914809 -0.08454535 0.01259414
v 0.00525780 -0.01867460 0.00574759
v 0.00525780 -0.01867460 0.01944071
v -0.00000212 -0.02663836 0.01991774
v -0.00000212 -0.02663836 0.00527056
v -0.00779194 -0.08025706 0.01923727
v 0.00725756 -0.08454535 0.01816309
v 0.00725756 -0.08454535 0.00702520
v -0.00792249 -0.08454535 0.00802009
v -0.00792249 -0.08454535 0.01716818
v -0.00602338 -0.03183000 0.00657075
v 0.00204158 -0.02303453 0.01953026
v 0.00204158 -0.02303453 0.00565803
v 0.01055004 -0.07790314 0.01090997
v -0.00829706 -0.01874602 0.01151977
v -0.00829706 -0.01874602 0.01366854
v -0.00967762 -0.01583590 0.01380377
v -0.00967762 -0.01583590 0.01138453
v -0.00226238 -0.02738569 0.01925753
v -0.00226238 -0.02738569 0.00593078
v -0.01055184 -0.07790314 0.01426935
v -0.00250518 -0.02660460 0.01945212
v -0.00250518 -0.02660460 0.00573619
v 0.00564091 -0.03570223 0.01964934
v -0.00972033 -0.08278791 0.01259414
v 0.00611593 -0.02503967 0.00717901
v 0.00611593 -0.02503967 0.01800929
v 0.00491046 -0.06205158 0.02444905
v 0.00491046 -0.06205158 0.00073924
v 0.00654114 -0.02263783 0.00775997
v 0.00654114 -0.02263783 0.01742833
v -0.00845163 -0.08454535 0.01609493
v -0.00845163 -0.08454535 0.00909336
v 0.00919611 -0.01578793 0.01631521
v 0.00919611 -0.01578793 0.00887310
v 0.00516058 -0.03376390 0.00966401
v -0.00570271 -0.03957066 0.02028130
v -0.00665806 -0.02283378 0.01620889
v -0.00665806 -0.02283378 0.00897940
v -0.00618282 -0.06703595 0.02330312
v -0.00618282 -0.06703595 0.00188517
v 0.00766059 -0.03039114 0.01259415
v 0.00330661 -0.01833071 0.02059380
v 0.00330661 -0.01833071 0.00459451
v -0.01212966 -0.05461935 0.01016497
v 0.00082673 -0.02820860 0.01923792
v 0.00082673 -0.02820860 0.00595038
v 0.00942305 -0.08054231 0.01649731
v 0.00409542 -0.07689977 0.01937055
v 0.00409542 -0.07689979 0.00581083
v 0.00721281 -0.02944303 0.00976622
v 0.00721281 -0.02944303 0.01542207
v 0.00559494 -0.00853603 0.01994520
v 0.00559494 -0.00853603 0.00524312
v -0.00778606 -0.08025706 0.00594431
v 0.00926199 -0.03764053 0.01338665
v 0.00743792 -0.01367446 0.02031110
v 0.00587618 -0.05130541 0.02277201
v 0.00587618 -0.05130541 0.00241630
v -0.00689232 -0.02854094 0.01657561
v -0.00689232 -0.02854094 0.00861268
v 0.00578345 -0.02375313 0.01837759
v 0.00578345 -0.02375313 0.00681070
v 0.00577735 -0.02852638 0.00677021
v 0.00577735 -0.02852638 0.01841810
v -0.00000112 -0.02029524 0.00523543
v -0.00000112 -0.02029524 0.01995286
v -0.00308678 -0.02071149 0.01979470
v -0.00308678 -0.02071151 0.00539360
v 0.00422902 -0.04812949 0.00238436
v 0.00422902 -0.04812949 0.02280393
v -0.00829606 -0.08064434 0.00672990
v 0.00629080 -0.01489682 0.00421103
v 0.01283183 -0.06205160 0.01259414
v 0.01032144 -0.04436937 0.01259415
v 0.00541780 -0.03497362 0.01970928
v 0.00541780 -0.03497362 0.00547902
v 0.00196366 -0.02193900 0.00580586
v 0.00196366 -0.02193900 0.01938244
v -0.00587619 -0.05130541 0.02277201
v -0.00587619 -0.05130541 0.00241630
v -0.00926200 -0.03764053 0.01338665
v -0.00559495 -0.00853603 0.01994520
v -0.00559495 -0.00853603 0.00524312
v -0.00645696 -0.02530060 0.01259415
v -0.00409543 -0.07689977 0.01937055
v -0.00409543 -0.07689979 0.00581083
v -0.00404540 -0.02740955 0.01922443
v -0.00404540 -0.02740955 0.00596387
v -0.00553211 -0.03620471 0.00535300
v 0.00633106 -0.01740273 0.00622876
v 0.00633106 -0.01740273 0.01895954
v -0.00500075 -0.02989892 0.00601171
v -0.00500075 -0.02989892 0.01917659
v -0.00763071 -0.03376390 0.01691805
v 0.00254565 -0.01617571 0.00337938
v 0.00254565 -0.01617571 0.02180893
v 0.01042942 -0.01157960 0.01000908
v 0.01042942 -0.01157960 0.01517922
v -0.00279540 -0.02436086 0.00567784
v -0.00279540 -0.02436086 0.01951045
v 0.00227723 -0.02512153 0.01972423
v 0.00227723 -0.02512153 0.00546407
v 0.00723760 -0.02945913 0.00912015
v 0.00723760 -0.02945913 0.01606816
v -0.00763620 -0.03020269 0.01537711
v -0.00763620 -0.03020269 0.00981120
v 0.00553249 -0.08708943 0.00706164
v 0.00553249 -0.08708943 0.01812665
v 0.01115478 -0.01392351 0.01259415
v 0.00620722 -0.08708941 0.00783116
v 0.00620722 -0.08708941 0.01735713
v 0.01252924 -0.06205160 0.01523800
v -0.00330662 -0.01833071 0.02059380
v -0.00330662 -0.01833071 0.00459451
v 0.01089917 -0.04812949 0.01086364
v 0.00618282 -0.06703595 0.02330312
v 0.00618282 -0.06703595 0.00188517
v 0.00308433 -0.02429333 0.00586961
v 0.00308433 -0.02429333 0.01931868
v 0.00845162 -0.08454535 0.01609493
v 0.00845162 -0.08454535 0.00909336
v 0.00762743 -0.03376427 0.00826649
v 0.01073240 -0.07689979 0.01095831
v -0.00938911 -0.08278791 0.01510995
v -0.00938911 -0.08278791 0.01007834
v -0.00411639 -0.02290156 0.00594073
v -0.00411639 -0.02290156 0.01924757
v 0.00621615 -0.00853221 0.01882766
v 0.00621615 -0.00853221 0.00636066
v -0.00725208 -0.02002437 0.00835971
v -0.00725208 -0.02002437 0.01682860
v 0.00829705 -0.01874600 0.01151977
v 0.00829705 -0.01874600 0.01366854
v -0.00605820 -0.04198884 0.00469640
v 0.00637354 -0.02855142 0.00747881
v 0.00637354 -0.02855142 0.01770949
v 0.00438171 -0.07346422 0.02317255
v 0.00438171 -0.07346422 0.00201574
v 0.00572505 -0.07346422 0.02251024
v 0.00572505 -0.07346422 0.00267805
v 0.00580009 -0.02248844 0.00679405
v 0.00580009 -0.02248844 0.01839424
v 0.00552556 -0.04812949 0.02216470
v 0.00552556 -0.04812949 0.00302359
v -0.00000277 -0.02592127 0.02000093
v -0.00000277 -0.02592127 0.00518737
v 0.00218428 -0.03396091 0.00406540
v 0.00218428 -0.03396091 0.02112290
v 0.00218428 -0.05436175 0.02472150
v 0.00218428 -0.05102462 0.00113484
v 0.00218428 -0.05102462 0.02405345
v 0.00218428 -0.05436177 0.00046679
v 0.00218428 -0.08017534 0.00257187
v 0.00218428 -0.08017534 0.02261642
v 0.00729534 -0.02048299 0.01633558
v 0.00729534 -0.02048300 0.00885271
v 0.00398517 -0.02518081 0.01911007
v 0.00398517 -0.02518081 0.00607823
v 0.00236769 -0.08454535 0.00375776
v 0.00236769 -0.08454535 0.02143053
v -0.00135549 -0.02107238 0.00557379
v -0.00135549 -0.02107238 0.01961451
v 0.00191808 -0.08746181 0.00543571
v 0.00191808 -0.08746181 0.01975257
v -0.00868289 -0.00848150 0.01259415
v -0.00524033 -0.08746181 0.00735382
v -0.00524033 -0.08746181 0.01783446
v -0.00743288 -0.07346422 0.00391585
v -0.00251582 -0.08278791 0.00320503
v -0.00251582 -0.08278791 0.02198326
v 0.00898498 -0.03581412 0.01377336
v 0.01077245 -0.00944355 0.01386590
v 0.01077245 -0.00944355 0.01132239
v -0.00441920 -0.01318922 0.02283375
v -0.00441920 -0.01318922 0.00235455
v -0.00217541 -0.01867349 0.02081753
v -0.00217541 -0.01867349 0.00437076
v 0.00466516 -0.08064434 0.00879149
v 0.00466516 -0.03389599 0.00879151
v -0.00641591 -0.06205160 0.02370683
v -0.00641591 -0.06205160 0.00148146
v -0.00735257 -0.07961198 0.00524157
v 0.00719119 -0.02994681 0.00861043
v 0.00719119 -0.02994681 0.01657786
v -0.00838235 -0.01801153 0.01035845
v -0.00838235 -0.01801153 0.01482985
v -0.00755755 -0.08708943 0.01056910
v -0.00755755 -0.08708943 0.01461918
v 0.00654209 -0.01420873 0.00382809
v 0.00654209 -0.01420873 0.02136021
v -0.01016799 -0.07934923 0.01494776
v 0.00130780 -0.02277514 0.00550822
v 0.00130780 -0.02277514 0.01968009
v -0.00432059 -0.01420730 0.02264280
v -0.00432059 -0.01420730 0.00254549
v 0.00583076 -0.02989180 0.01848977
v 0.00583076 -0.02989180 0.00669854
v 0.00194531 -0.01927472 0.00464728
v 0.00194531 -0.01927472 0.02054101
v 0.00611871 -0.03428327 0.01383340
v 0.00611871 -0.08025706 0.01383340
v -0.00348908 -0.02944360 0.00536413
v -0.00348908 -0.02944360 0.01982417
v -0.00131484 -0.02747234 0.00562188
v -0.00131484 -0.02747234 0.01956642
v -0.00782415 -0.08708943 0.01259414
v 0.00648841 -0.02643169 0.00884660
v 0.00648841 -0.02643169 0.01634170
v -0.00127030 -0.02911398 0.01951156
v -0.00127030 -0.02911398 0.00567673
v 0.00785066 -0.03054684 0.01076516
v 0.00785066 -0.03054684 0.01442314
v -0.00358730 -0.02718798 0.01920641
v -0.00358730 -0.02718798 0.00598188
v -0.00715430 -0.05130541 0.02191782
v -0.00715430 -0.05130541 0.00327049
v -0.00388074 -0.02622178 0.00605444
v -0.00388074 -0.02622178 0.01913387
v -0.00111291 -0.03269459 0.00403630
v -0.00111291 -0.03269459 0.02115200
v -0.00858977 -0.03453015 0.01031591
v -0.00091220 -0.02309517 0.01985783
v -0.00091220 -0.02309517 0.00533047
v 0.00283599 -0.08746181 0.01944087
v 0.00283599 -0.08746181 0.00574742
v -0.00156801 -0.02038638 0.00527633
v -0.00156801 -0.02038638 0.01991197
v 0.00700918 -0.03663720 0.01226193
v -0.00299820 -0.01964068 0.02031014
v -0.00299820 -0.01964068 0.00487816
v -0.00096732 -0.08746181 0.00524669
v -0.00096732 -0.08746181 0.01994160
v 0.00703541 -0.08665269 0.00853224
v 0.00703541 -0.08665269 0.01665605
v 0.00453661 -0.01724765 0.00473348
v 0.00453661 -0.01724765 0.02045483
v 0.00103855 -0.02158392 0.00576491
v 0.00103855 -0.02158392 0.01942339
v 0.00863498 -0.03275494 0.01259415
v 0.00689876 -0.07689979 0.00421912
v 0.00876675 -0.00968354 0.00753267
v 0.00876675 -0.00968354 0.01765563
v 0.00371975 -0.08278791 0.02157443
v 0.00371975 -0.08278791 0.00361385
v -0.00448247 -0.02274987 0.01924227
v -0.00448247 -0.02274987 0.00594603
v 0.00646867 -0.08454535 0.01906282
v 0.00646867 -0.08454535 0.00612546
v -0.01138405 -0.01294814 0.01259415
v 0.00248438 -0.01976309 0.00494214
v 0.00248438 -0.01976309 0.02024616
v -0.00251931 -0.05461935 0.00048241
v 0.00845684 -0.03428327 0.01515829
v -0.00619856 -0.05461935 0.00185792
v -0.00619856 -0.05461935 0.02333037
v -0.00745345 -0.01157960 0.02033376
v -0.00745345 -0.01157960 0.00485454
v 0.00420352 -0.03428328 0.00797844
v 0.01023211 -0.04436939 0.01124239
v -0.00319891 -0.01920398 0.00476316
v -0.00319891 -0.01920398 0.02042515
v -0.00690279 -0.02870694 0.01442550
v -0.00690279 -0.02870694 0.01076279
v 0.00870858 -0.01771163 0.01259415
v -0.00916366 -0.00853603 0.01376400
v -0.00916366 -0.00853603 0.01142431
v -0.01086267 -0.01420415 0.01131157
v -0.01086267 -0.01420415 0.01387674
v -0.00401539 -0.03663720 0.01917337
v -0.00401539 -0.03663720 0.00600820
v -0.00725052 -0.07934925 0.02011062
v -0.00443267 -0.01128600 0.00233090
v -0.00443267 -0.01128600 0.02285740
v 0.00153369 -0.05129588 0.02424375
v 0.00153369 -0.05129588 0.00094454
v -0.00443816 -0.03500921 0.00482741
v -0.00443816 -0.03500921 0.02036089
v 0.00729995 -0.02055751 0.01431640
v 0.00751896 -0.00848251 0.00825308
v 0.00751896 -0.00848251 0.01693524
v -0.00430638 -0.02634615 0.00609124
v -0.00430638 -0.02634615 0.01909705
v 0.00653860 -0.03428327 0.01852709
v -0.00370548 -0.08746181 0.00617609
v -0.00370548 -0.08746181 0.01901220
v 0.00027393 -0.05154083 0.00081395
v 0.00027393 -0.05154083 0.02437434
v 0.00027393 -0.08069156 0.00244441
v 0.00027393 -0.08069156 0.02274388
v 0.00027393 -0.05384556 0.00036556
v 0.00027393 -0.05384556 0.02482273
v 0.00027393 -0.03344468 0.00388058
v 0.00027393 -0.03344468 0.02130773
v -0.00148121 -0.01408386 0.02289807
v -0.00148121 -0.01408386 0.00229024
v 0.00858900 -0.03452430 0.01487213
v 0.00394769 -0.07790314 0.01913501
v 0.00742746 -0.03195214 0.00843048
v 0.00742746 -0.03195214 0.01675783
v 0.01104488 -0.00939449 0.01259415
v -0.00361053 -0.02514672 0.00600979
v -0.00361053 -0.02514672 0.01917851
v 0.01210089 -0.06703595 0.01018130
v -0.00224156 -0.01801151 0.02097492
v -0.00224156 -0.01801151 0.00421337
v 0.00873459 -0.03489935 0.01439285
v 0.00927815 -0.00853566 0.01259415
v 0.00898471 -0.03526176 0.01259415
v -0.00525829 -0.02741907 0.01883477
v -0.00525829 -0.02741907 0.00635353
v 0.00126993 -0.02911307 0.01951030
v 0.00126993 -0.02911307 0.00567799
v 0.00894750 -0.01193648 0.00742831
v 0.00894750 -0.01193648 0.01775999
v 0.00113267 -0.01781036 0.02120570
v 0.00113267 -0.01781036 0.00398260
v -0.00228426 -0.02512594 0.01973159
v -0.00228426 -0.02512594 0.00545671
v 0.00431900 -0.01862052 0.00511365
v 0.00431900 -0.01862052 0.02007465
v 0.00319466 -0.02512059 0.01929722
v 0.00319466 -0.02512059 0.00589107
v 0.00340086 -0.03512248 0.02088989
v 0.00340086 -0.03512249 0.00429841
v -0.00321460 -0.02218782 0.00579999
v -0.00321460 -0.02218782 0.01938829
v -0.00896134 -0.03570223 0.01381324
v -0.00815545 -0.03395156 0.01590793
v -0.00516312 -0.08077643 0.01551979
v -0.00516312 -0.03376390 0.01551981
v 0.00651337 -0.02413355 0.01259415
v 0.00197211 -0.03073254 0.00461844
v 0.00197211 -0.03073254 0.02056985
v 0.00318429 -0.03223388 0.02054516
v 0.00318429 -0.03223387 0.00464314
v -0.00429318 -0.08579213 0.02003013
v -0.00429318 -0.08579213 0.00515816
v -0.00869658 -0.05816688 0.02197777
v -0.00076888 -0.02794974 0.01941227
v -0.00076888 -0.02794974 0.00577602
v -0.00724037 -0.02960722 0.01419161
v -0.00724037 -0.02960722 0.01099669
v -0.00428486 -0.00944355 0.00262906
v -0.00428486 -0.00944355 0.02255925
v 0.00474216 -0.02518022 0.00616881
v 0.00474216 -0.02518022 0.01901949
v -0.00653353 -0.02748372 0.00782658
v 0.00429315 -0.08579213 0.02003013
v 0.00429315 -0.08579213 0.00515816
v 0.00735442 -0.07959973 0.01994858
v -0.00327156 -0.02425337 0.01924585
v -0.00327156 -0.02425337 0.00594246
v 0.00570544 -0.01114146 0.02247624
v 0.00570544 -0.01114146 0.00271207
v 0.00208231 -0.03126335 0.02072764
v 0.00208231 -0.03126335 0.00446066
v -0.00492664 -0.01581625 0.02112771
v -0.00492664 -0.01581625 0.00406059
v -0.01281651 -0.05816688 0.01259414
v 0.00348849 -0.02944369 0.00536353
v 0.00348849 -0.02944369 0.01982476
v -0.00771155 -0.08278791 0.01851143
v -0.00771155 -0.08278791 0.00667686
v 0.00666933 -0.02290750 0.01055246
v -0.00602413 -0.03489935 0.00602145
v -0.00784698 -0.08665269 0.01049155
v -0.00784698 -0.08665269 0.01469674
v 0.00642774 -0.02128010 0.01781670
v 0.00642774 -0.02128010 0.00737160
v -0.00544153 -0.03764053 0.02013331
v -0.01270670 -0.05816688 0.01092127
v -0.01270670 -0.05816688 0.01426702
v -0.00707731 -0.01750230 0.01804323
v -0.00707731 -0.01750229 0.00714507
v -0.00171735 -0.02219211 0.00585759
v -0.00171735 -0.02219211 0.01933071
v 0.00224985 -0.00848172 0.00420826
v 0.00224985 -0.00848172 0.02098004
v -0.00423445 -0.02002437 0.01984624
v -0.00423445 -0.02002437 0.00534206
v 0.00692289 -0.02165079 0.00918713
v 0.00692289 -0.02165079 0.01600118
v -0.00000492 -0.02360911 0.00519448
v -0.00000492 -0.02360911 0.01999381
v 0.01032762 -0.07883810 0.01458742
v -0.00182899 -0.03054684 0.00474348
v -0.00182899 -0.03054684 0.02044482
v -0.00728229 -0.00954682 0.00506327
v -0.00728229 -0.00954682 0.02012504
v -0.00337792 -0.03509265 0.00429516
v 0.00299412 -0.08708941 0.01982262
v 0.00299412 -0.08708941 0.00536567
v -0.00851278 -0.08579213 0.01147341
v -0.00700716 -0.03396972 0.01792252
v -0.00795030 -0.03223369 0.01577905
v -0.00795030 -0.03223369 0.00940926
v 0.00420753 -0.03428327 0.01720620
v 0.00420753 -0.08025706 0.01720620
v 0.00298985 -0.05039759 0.00143584
v 0.00298985 -0.05039759 0.02375245
v -0.01001596 -0.07974712 0.01527791
v -0.00771055 -0.05130541 0.00375821
v 0.00379025 -0.01592872 0.02157854
v 0.00379025 -0.01592872 0.00360976
v -0.00684793 -0.07790314 0.00439989
v 0.00397204 -0.02994681 0.01979702
v 0.00397204 -0.02994681 0.00539129
v 0.00807651 -0.01906176 0.01051201
v 0.00807651 -0.01906176 0.01467629
v 0.00249815 -0.02364287 0.01951807
v 0.00249815 -0.02364287 0.00567021
v -0.00353593 -0.07883810 0.01845655
v -0.00000004 -0.02985594 0.01987009
v -0.00000004 -0.02985594 0.00531821
v 0.00490460 -0.05816688 0.00075338
v 0.00490460 -0.05816688 0.02443491
v 0.01036461 -0.07934925 0.01122962
v 0.01036461 -0.07934925 0.01395868
v 0.00127537 -0.01638078 0.02193286
v 0.00127537 -0.01638078 0.00325544
v 0.00548660 -0.01731936 0.00540902
v 0.00548660 -0.01731936 0.01977928
v 0.00090141 -0.02309342 0.01985488
v 0.00090141 -0.02309342 0.00533341
v -0.00774432 -0.01963463 0.01259415
v 0.00771758 -0.01963790 0.01559019
v 0.00771758 -0.01963790 0.00959812
v -0.01001740 -0.07974016 0.00990999
v -0.00898030 -0.08278791 0.01631391
v -0.00898030 -0.08278791 0.00887439
v -0.00237094 -0.02869989 0.00574928
v -0.00237094 -0.02869989 0.01943902
v 0.00827395 -0.06703595 0.00343831
v -0.00681826 -0.03570223 0.01259887
v -0.00781143 -0.06205158 0.02277419
v -0.00781143 -0.06205158 0.00241409
v 0.00886204 -0.00853861 0.01492147
v 0.00886204 -0.00853861 0.01026684
v 0.01141086 -0.01114146 0.01259415
v -0.00871065 -0.06205160 0.02198574
v -0.00845443 -0.03428328 0.01002277
v 0.00324647 -0.05006383 0.00629286
v 0.00324647 -0.05532255 0.00629286
v -0.00787305 -0.00854738 0.01713966
v -0.00787305 -0.00854738 0.00804865
v 0.00225390 -0.03401444 0.00407129
v 0.00225390 -0.03401444 0.02111701
v 0.00765779 -0.01975796 0.01507428
v 0.00765779 -0.01975796 0.01011401
v -0.00794686 -0.01927472 0.01064884
v -0.00794686 -0.01927472 0.01453946
v 0.00752763 -0.06703595 0.00278394
v 0.00752763 -0.06703595 0.02240435
v 0.00159299 -0.02235413 0.00581018
v 0.00159299 -0.02235413 0.01937812
v -0.00283602 -0.08746181 0.01944087
v -0.00283602 -0.08746181 0.00574742
v 0.00761548 -0.00853516 0.00819735
v 0.00761548 -0.00853516 0.01699096
v 0.00882217 -0.08077645 0.00758497
v -0.00651406 -0.03489935 0.01204777
v -0.00651406 -0.07964100 0.01204777
v 0.00565597 -0.08064434 0.01053653
v 0.00230188 -0.03012283 0.02016486
v 0.00230188 -0.03012283 0.00502345
v 0.01239711 -0.05461935 0.01259415
v -0.00473208 -0.06703594 0.00116991
v -0.00473208 -0.06703595 0.02401838
v 0.00229029 -0.00853221 0.02109424
v 0.00229029 -0.00853221 0.00409406
v -0.01022138 -0.04429332 0.01124848
v 0.00798883 -0.01834260 0.00929686
v 0.00798883 -0.01834260 0.01589144
v -0.00133162 -0.08053089 0.02270875
v -0.00133162 -0.08053089 0.00247954
v -0.00289337 -0.01476699 0.00246683
v -0.00289337 -0.01476699 0.02272148
v 0.01016308 -0.00954682 0.01005294
v 0.01016308 -0.00954682 0.01513536
v -0.00107440 -0.01874602 0.00429709
v -0.00107440 -0.01874602 0.02089121
v 0.00131215 -0.02746980 0.01956218
v 0.00131215 -0.02746980 0.00562611
v -0.00160515 -0.02235719 0.00580517
v -0.00160515 -0.02235719 0.01938312
v -0.00780211 -0.05816688 0.00242625
v -0.00780211 -0.05816688 0.02276204
v 0.01023301 -0.04436939 0.01124695
v 0.00642260 -0.02518454 0.00792419
v 0.00642260 -0.02518454 0.01726412
v 0.00969006 -0.01183258 0.01647033
v 0.00969006 -0.01183258 0.00871796
v -0.00483418 -0.02263783 0.01913528
v 0.00832842 -0.03251563 0.01477733
v 0.00832842 -0.03251563 0.01041097
v -0.00843840 -0.03165579 0.01259415
v -0.00106037 -0.08665269 0.02064833
v -0.00106037 -0.08665273 0.00453994
v -0.00088528 -0.02838905 0.01919656
v -0.00088528 -0.02838905 0.00599175
v -0.00565776 -0.08064434 0.01464685
v 0.00958574 -0.03960631 0.01259415
v -0.00320167 -0.02512676 0.01930718
v -0.00320167 -0.02512676 0.00588112
v -0.01229091 -0.05461934 0.01097603
v -0.00605002 -0.00864570 0.02062893
v -0.00605002 -0.00864570 0.00455937
v -0.00670583 -0.01626660 0.00578347
v -0.00670583 -0.01626660 0.01940484
v -0.00692424 -0.02156042 0.01676997
v -0.00692424 -0.02156042 0.00841832
v -0.00118299 -0.01710956 0.02147016
v -0.00118299 -0.01710956 0.00371814
v 0.00628228 -0.03462650 0.01889596
v 0.00251579 -0.08278791 0.00320503
v 0.00251579 -0.08278791 0.02198326
v -0.00701086 -0.07883810 0.00475274
v 0.00129141 -0.03029571 0.02021291
v 0.00129141 -0.03029571 0.00497540
v -0.00579258 -0.02621817 0.01838674
v -0.00579258 -0.02621817 0.00680157
v -0.00826636 -0.01736597 0.00918871
v -0.00826636 -0.01736597 0.01599960
v 0.00317892 -0.02331213 0.01925332
v 0.00647750 -0.02638833 0.01717244
v 0.00647750 -0.02638833 0.00801586
v -0.00542288 -0.03663720 0.00520903
v -0.00464811 -0.02637763 0.00611480
v -0.00464811 -0.02637763 0.01907349
v -0.00191811 -0.08746181 0.00543571
v -0.00191811 -0.08746181 0.01975257
v 0.00076188 -0.02229767 0.01955128
v 0.00076188 -0.02229767 0.00563702
v 0.00762746 -0.03376454 0.01692181
v -0.00588470 -0.01597233 0.00482014
v -0.00588470 -0.01597233 0.02036816
v -0.00757761 -0.03013074 0.01029519
v -0.00757761 -0.03013074 0.01489310
v 0.00286147 -0.02931007 0.01972796
v 0.00286147 -0.02931007 0.00546035
v 0.00665359 -0.02768773 0.01259415
v 0.00466724 -0.02395992 0.01907630
v 0.00466724 -0.02395992 0.00611200
v -0.00226667 -0.02286594 0.00581998
v -0.00226667 -0.02286594 0.01936832
v 0.00361184 -0.03542769 0.01825746
v -0.00240393 -0.02751802 0.01919552
v -0.00240393 -0.02751802 0.00599278
v 0.00121310 -0.02435644 0.01994785
v 0.00121310 -0.02435644 0.00524045
v 0.00837273 -0.01864748 0.01259415
v 0.00664871 -0.02274140 0.01701391
v 0.00664871 -0.02274140 0.00817439
v 0.00466846 -0.08064434 0.01639274
v -0.00650107 -0.02649969 0.01259415
v 0.00846180 -0.01837183 0.01369611
v 0.00846180 -0.01837183 0.01149220
v -0.00687443 -0.00866333 0.01962662
v -0.00687443 -0.00866333 0.00556167
v 0.00783100 -0.01920035 0.00939525
v 0.00783100 -0.01920035 0.01579305
v -0.00440675 -0.02520663 0.01905464
v -0.00440675 -0.02520663 0.00613366
v 0.00650107 -0.02649969 0.01259415
v 0.00358378 -0.04962511 0.01830697
v 0.00358378 -0.04962511 0.00688695
v 0.00358378 -0.04962511 0.02337103
v 0.00358378 -0.04962511 0.01908063
v 0.00358378 -0.04962511 0.00610134
v 0.00358378 -0.04962511 0.00181726
v 0.00358378 -0.05576125 0.00060460
v 0.00358378 -0.05576125 0.00688695
v 0.00358378 -0.05576125 0.01908063
v 0.00358378 -0.05576125 0.00610134
v 0.00358378 -0.05576125 0.01830696
v 0.00358378 -0.05576125 0.02458369
v 0.00358378 -0.07877585 0.01851331
v 0.00358378 -0.07877585 0.00688695
v 0.00358378 -0.07877585 0.02249621
v 0.00358378 -0.07877585 0.00666895
v 0.00358378 -0.07877585 0.01830696
v 0.00358378 -0.07877585 0.00269206
v 0.00358378 -0.03536040 0.02083653
v 0.00358378 -0.03536042 0.00435176
v 0.00644495 -0.08665269 0.01753954
v 0.00644495 -0.08665273 0.00764875
v -0.00837273 -0.01864748 0.01259415
v 0.00868813 -0.05816688 0.00320314
v 0.00708917 -0.03389599 0.00741517
v -0.00361184 -0.03542769 0.01825745
v -0.00587943 -0.08746181 0.00808271
v -0.00587943 -0.08746181 0.01710558
v -0.00665359 -0.02768773 0.01259415
v 0.00757761 -0.03013074 0.01489310
v 0.00588470 -0.01597186 0.00482014
v 0.00588470 -0.01597186 0.02036816
v 0.00113174 -0.03355926 0.00391789
v 0.00113174 -0.03355926 0.02127040
v -0.00828205 -0.06703595 0.02174288
v -0.00636403 -0.07934925 0.00430037
v -0.00636403 -0.07934925 0.02088791
v -0.00658243 -0.02989892 0.01759491
v -0.00658243 -0.02989892 0.00759339
v 0.00118299 -0.01710956 0.02147016
v 0.00118299 -0.01710956 0.00371814
v 0.00692424 -0.02156034 0.01676997
v 0.00692424 -0.02156034 0.00841832
v 0.00670583 -0.01626280 0.00578347
v 0.00670583 -0.01626280 0.01940484
v 0.00605002 -0.00864570 0.02062893
v 0.00605002 -0.00864570 0.00455937
v 0.00497571 -0.02633327 0.01898203
v 0.00497571 -0.02633327 0.00620628
v 0.00372632 -0.03570223 0.01856444
v 0.00372632 -0.03570223 0.00661767
v 0.00969939 -0.08025706 0.00931588
v -0.00107606 -0.03073703 0.02054893
v -0.00107606 -0.03073703 0.00463937
v -0.00832842 -0.03251563 0.01477733
v 0.00483418 -0.02263783 0.01913528
v 0.00483418 -0.02263783 0.00605303
v -0.00969006 -0.01183258 0.01647033
v -0.00969006 -0.01183258 0.00871796
v -0.00722848 -0.08708941 0.01558827
v -0.00722848 -0.08708941 0.00960000
v -0.00642260 -0.02518454 0.00792419
v -0.00642260 -0.02518454 0.01726412
v -0.01023301 -0.04436937 0.01124695
v -0.01090103 -0.04812949 0.01431539
v 0.00629078 -0.01489682 0.02097727
v -0.01016308 -0.00954682 0.01005294
v -0.01016308 -0.00954682 0.01513536
v 0.00623526 -0.02742059 0.01785873
v 0.00623526 -0.02742059 0.00732956
v 0.00219973 -0.02585491 0.01970020
v 0.00219973 -0.02585491 0.00548811
v -0.00522710 -0.07934923 0.02164774
v -0.00522710 -0.07934925 0.00354055
v 0.00432456 -0.02404427 0.01910498
v 0.00432456 -0.02404427 0.00608332
v -0.00375870 -0.02049623 0.01988222
v -0.00375870 -0.02049623 0.00530608
v 0.00293241 -0.02681408 0.00599894
v 0.00293241 -0.02681408 0.01918937
v -0.00415767 -0.03195072 0.02002672
v -0.00415767 -0.03195072 0.00516158
v -0.00663695 -0.02751973 0.00825384
v -0.00663695 -0.02751973 0.01693446
v -0.00852324 -0.01596668 0.00767326
v -0.00852324 -0.01596668 0.01751505
v 0.01024334 -0.04442298 0.01394270
v 0.00651406 -0.03489935 0.01204777
v 0.00651406 -0.07964100 0.01204777
v 0.00440265 -0.02750069 0.01922973
v 0.00440265 -0.02750069 0.00595857
v 0.00440936 -0.00853130 0.00495691
v 0.00440936 -0.00853130 0.02023139
v 0.01073421 -0.07689977 0.01422087
v -0.00881873 -0.00853130 0.01259415
v 0.00879179 -0.08076565 0.01767011
v 0.00701775 -0.07883810 0.02042951
v -0.00076597 -0.02759959 0.01961259
v -0.00076597 -0.02759959 0.00557571
v 0.00350077 -0.08454535 0.00414252
v 0.00350077 -0.08454535 0.02104577
v 0.00812378 -0.08665269 0.01259414
v -0.00827395 -0.06703595 0.00343831
v -0.00614973 -0.02625849 0.01796876
v -0.00643707 -0.02524012 0.00876607
v -0.00643707 -0.02524012 0.01642223
v -0.00771758 -0.01963833 0.01559019
v -0.00771758 -0.01963833 0.00959812
v 0.00529494 -0.02253612 0.01883763
v 0.00529494 -0.02253612 0.00635067
v 0.00494538 -0.08665269 0.01903910
v 0.00494538 -0.08665273 0.00614918
v -0.00241252 -0.02273217 0.01930496
v -0.00241252 -0.02273217 0.00588334
v -0.01006508 -0.07964100 0.01514676
v 0.00541513 -0.02503967 0.01871007
v 0.00541513 -0.02503967 0.00647824
v -0.00586056 -0.02988341 0.01845473
v -0.00586056 -0.02988341 0.00673358
v -0.00998333 -0.00864570 0.01381624
v -0.00998333 -0.00864570 0.01137207
v 0.00782058 -0.01579909 0.01869768
v 0.00782058 -0.01579909 0.00649061
v -0.00000645 -0.02174097 0.00583662
v -0.00000645 -0.02174097 0.01935167
v -0.00870221 -0.06205160 0.00319515
v -0.00855784 -0.03269459 0.01370705
v -0.00855784 -0.03269459 0.01148125
v -0.01145013 -0.07346422 0.01259414
v -0.00000545 -0.02303229 0.01990283
v -0.00000545 -0.02303229 0.00528548
v 0.00744762 -0.01650750 0.00682196
v 0.00744762 -0.01650750 0.01836634
v 0.00696079 -0.02167917 0.01259415
v -0.00310881 -0.08665269 0.02009945
v -0.00310881 -0.08665273 0.00508883
v 0.00112071 -0.08579213 0.00408136
v 0.00112071 -0.08579213 0.02110691
v 0.00075895 -0.02264788 0.00545385
v 0.00075895 -0.02264788 0.01973445
v 0.00794969 -0.03223388 0.00940853
v 0.00794969 -0.03223387 0.01577976
v -0.00445033 -0.02857410 0.01937139
v -0.00445033 -0.02857410 0.00581690
v -0.00644888 -0.02528289 0.01043118
v -0.00644888 -0.02528289 0.01475713
v 0.00728229 -0.00954682 0.00506327
v 0.00728229 -0.00954682 0.02012504
v -0.00679173 -0.03184578 0.00746664
v -0.00679173 -0.03184578 0.01772167
v -0.00810335 -0.08047389 0.01881206
v -0.00224985 -0.00848172 0.00420826
v -0.00224985 -0.00848172 0.02098004
v 0.00449738 -0.05130541 0.02345178
v 0.00422285 -0.02157768 0.00567545
v 0.00422285 -0.02157768 0.01951285
v -0.00629048 -0.03461582 0.01888463
v -0.00275459 -0.01536502 0.00282292
v -0.00275459 -0.01536502 0.02236537
v -0.00642774 -0.02128053 0.01781670
v -0.00642774 -0.02128053 0.00737160
v 0.01126392 -0.07346422 0.01065654
v -0.00762651 -0.03376390 0.00826388
v -0.00440296 -0.02750075 0.00595869
v -0.00440296 -0.02750075 0.01922961
v -0.00653877 -0.03428327 0.01852718
v 0.00363149 -0.02836018 0.01942526
v 0.00363149 -0.02836018 0.00576304
v -0.00082803 -0.02821021 0.01924053
v -0.00082803 -0.02821021 0.00594777
v 0.00805623 -0.01911238 0.01145706
v 0.00805623 -0.01911238 0.01373125
v 0.00492664 -0.01581625 0.02112771
v 0.00492664 -0.01581625 0.00406059
v 0.00797571 -0.03073254 0.01456626
v 0.00797571 -0.03073254 0.01062205
v -0.00119406 -0.08454535 0.00352442
v -0.00119406 -0.08454535 0.02166386
v 0.01095645 -0.04812949 0.01115170
v 0.01095645 -0.04812949 0.01403660
v 0.00428486 -0.00944355 0.00262906
v 0.00428486 -0.00944355 0.02255925
v -0.01251306 -0.05816688 0.00994728
v -0.00160546 -0.05412040 0.02478881
v -0.00160546 -0.05412040 0.00039948
v 0.00724037 -0.02960722 0.01419161
v 0.00724037 -0.02960722 0.01099669
v 0.00278695 -0.02435546 0.01950148
v 0.00278695 -0.02435545 0.00568682
v -0.00151090 -0.05130541 0.02424735
v -0.00318490 -0.03223369 0.00464385
v -0.00318490 -0.03223369 0.02054446
v -0.00985648 -0.01566943 0.01259415
v -0.00113511 -0.00848221 0.02120172
v -0.00113511 -0.00848221 0.00398659
v -0.00197211 -0.03073254 0.00461844
v -0.00197211 -0.03073254 0.02056985
v -0.00651337 -0.02413355 0.01259415
v 0.00508199 -0.02855142 0.00618724
v 0.00508199 -0.02855142 0.01900105
v -0.00858635 -0.08579213 0.01259414
v -0.00218319 -0.03251563 0.00426573
v -0.00218319 -0.03251563 0.02092257
v -0.01236565 -0.06703595 0.01259414
v -0.00750532 -0.08665269 0.01570294
v -0.00750532 -0.08665273 0.00948533
v -0.00106983 -0.03155669 0.00423265
v -0.00106983 -0.03155669 0.02095564
v -0.00664209 -0.02756150 0.01613842
v -0.00664209 -0.02756150 0.00904987
v -0.00927815 -0.00853566 0.01259415
v -0.00873459 -0.03489935 0.01439285
v 0.00640825 -0.05816688 0.00149473
v 0.00640825 -0.05816688 0.02369356
v -0.01210089 -0.06703595 0.01018130
v -0.00394769 -0.07790314 0.00604662
v 0.00276782 -0.02671958 0.00592591
v 0.00276782 -0.02671958 0.01926240
v -0.00858900 -0.03452430 0.01487213
v -0.00715842 -0.08746181 0.01451224
v -0.00715842 -0.08746181 0.01067605
v 0.00148121 -0.01408386 0.02289807
v 0.00148121 -0.01408386 0.00229024
v -0.00522698 -0.08579213 0.00578223
v 0.00743598 -0.08579213 0.00830096
v 0.00743598 -0.08579213 0.01688731
v -0.00677591 -0.08708943 0.00868206
v -0.00677591 -0.08708943 0.01650621
v -0.00751896 -0.00848251 0.00825308
v -0.00751896 -0.00848251 0.01693524
v -0.00882388 -0.03522022 0.01101942
v 0.01225970 -0.06703594 0.01098011
v 0.01225970 -0.06703595 0.01420818
v 0.00649405 -0.02403715 0.00882721
v 0.00649405 -0.02403715 0.01636110
v 0.00443267 -0.01128600 0.00233090
v 0.00443267 -0.01128600 0.02285739
v -0.00537461 -0.02625849 0.00644442
v -0.00537461 -0.02625849 0.01874388
v -0.00126405 -0.02512497 0.01994911
v -0.00126405 -0.02512497 0.00523919
v 0.00677590 -0.08708943 0.00868206
v 0.00677590 -0.08708943 0.01650621
v -0.00743600 -0.08579213 0.00830096
v -0.00743600 -0.08579213 0.01688731
v 0.00665815 -0.01318924 0.00364723
v 0.00665815 -0.01318924 0.02154109
v -0.00170634 -0.02805393 0.01919616
v -0.00170634 -0.02805395 0.00599214
v -0.00339925 -0.03509088 0.00430264
v -0.00339925 -0.03509088 0.02088566
v 0.00916366 -0.00853603 0.01376400
v 0.00916366 -0.00853603 0.01142431
v 0.00715840 -0.08746181 0.01451224
v 0.00715840 -0.08746181 0.01067605
v -0.00664719 -0.01999751 0.01777662
v -0.00664719 -0.01999750 0.00741168
v 0.00690279 -0.02870694 0.01442550
v 0.00690279 -0.02870694 0.01076279
v -0.00000001 -0.08278791 0.00287382
v -0.00000001 -0.08278791 0.02231447
v -0.00000001 -0.08708943 0.00477000
v -0.00000001 -0.08708943 0.02041829
v -0.00000001 -0.05154083 0.02439232
v -0.00000001 -0.05154083 0.00079597
v -0.00000001 -0.08069156 0.00242643
v -0.00000001 -0.08069156 0.02276185
v -0.00000001 -0.08665269 0.00447035
v -0.00000001 -0.08665269 0.02071793
v -0.00000001 -0.03040856 0.00493271
v -0.00000001 -0.03040856 0.02025558
v -0.00000001 -0.08454535 0.00344605
v -0.00000001 -0.08454535 0.02174224
v -0.00000001 -0.05384556 0.02484071
v -0.00000001 -0.05384556 0.00034758
v -0.00000001 -0.08746181 0.02000507
v -0.00000001 -0.08746181 0.00518320
v -0.00000001 -0.08579213 0.02118048
v -0.00000001 -0.08579213 0.00400780
v 0.00339901 -0.03509093 0.02088595
v 0.00339901 -0.03509093 0.00430235
v -0.00420352 -0.03428328 0.00797845
v -0.00420352 -0.08025706 0.00797844
v 0.00579165 -0.02621843 0.01838783
v 0.00579165 -0.02621842 0.00680047
v -0.00628992 -0.03460996 0.00630424
v -0.00309139 -0.02595408 0.00590050
v -0.00309139 -0.02595408 0.01928780
v -0.00268509 -0.02253848 0.00586280
v -0.00268509 -0.02253848 0.01932549
v -0.00628321 -0.04436937 0.00440570
v -0.00628321 -0.04436937 0.02078259
v 0.00251931 -0.05461935 0.02470588
v 0.00750531 -0.08665269 0.01570294
v 0.00724359 -0.07934925 0.00507160
v -0.00363190 -0.02836098 0.01942634
v -0.00363190 -0.02836098 0.00576196
v -0.00876675 -0.00968354 0.00753267
v -0.00876675 -0.00968354 0.01765565
v -0.00297548 -0.03456923 0.02095328
v -0.00297548 -0.03456923 0.00423501
v -0.00297548 -0.05497008 0.02465738
v -0.00297548 -0.05497008 0.00053091
v -0.00297548 -0.07956704 0.00263674
v -0.00297548 -0.07956704 0.02255155
v -0.00297548 -0.05041630 0.00142878
v -0.00297548 -0.05041630 0.02375952
v -0.00805420 -0.08665269 0.01365450
v -0.00805420 -0.08665273 0.01153379
v -0.01175237 -0.05130541 0.01259415
v -0.00603003 -0.03489935 0.01916173
v -0.00148816 -0.01183252 0.00226422
v -0.00148816 -0.01183252 0.02292407
v 0.00569588 -0.03957088 0.00490211
v 0.00151088 -0.05130541 0.00094096
v 0.01006327 -0.07964100 0.01003253
v -0.00264910 -0.02770299 0.01922990
v -0.00264910 -0.02770299 0.00595840
v -0.00947686 -0.00964227 0.00878839
v -0.00947686 -0.00964227 0.01639991
v -0.00351721 -0.07886244 0.01842446
v 0.00119404 -0.08454535 0.00352442
v 0.00119404 -0.08454535 0.02166386
v -0.00683309 -0.01869787 0.01784726
v -0.00683309 -0.01869787 0.00734104
v -0.00785066 -0.03054684 0.01076516
v -0.00785066 -0.03054684 0.01442314
v -0.00397741 -0.02994530 0.01979070
v -0.00397741 -0.02994530 0.00539759
v 0.00762954 -0.03376390 0.01691738
v -0.00648841 -0.02643169 0.00884659
v -0.00648841 -0.02643169 0.01634170
v 0.00543089 -0.03663720 0.01997546
v 0.00831097 -0.05461935 0.02175927
v 0.00815541 -0.03395445 0.00927972
v -0.00707467 -0.03764055 0.01303516
v -0.00707467 -0.07689979 0.01303515
v 0.00448225 -0.02274977 0.01924211
v 0.00448225 -0.02274977 0.00594619
v -0.00611871 -0.03428327 0.01383340
v -0.00611871 -0.08025706 0.01383340
v -0.00194531 -0.01927472 0.00464728
v -0.00194531 -0.01927472 0.02054101
v 0.00432059 -0.01420730 0.02264280
v 0.00432059 -0.01420730 0.00254549
v 0.01016799 -0.07934923 0.01494775
v 0.00360926 -0.03542152 0.00693182
v -0.00654209 -0.01420875 0.00382809
v -0.00654209 -0.01420875 0.02136021
v 0.00159790 -0.02788982 0.01924230
v 0.00159790 -0.02788982 0.00594601
v 0.00838235 -0.01800773 0.01035845
v 0.00838235 -0.01800773 0.01482985
v 0.00639600 -0.04436939 0.00450460
v 0.00818286 -0.01408429 0.00615943
v 0.00818286 -0.01408429 0.01902888
v -0.01126393 -0.07346422 0.01065653
v -0.00664702 -0.02764050 0.01459494
v -0.00664702 -0.02764050 0.01059336
v 0.00113709 -0.01911238 0.02065040
v 0.00113709 -0.01911238 0.00453791
v 0.00464797 -0.02637751 0.01907334
v 0.00464797 -0.02637751 0.00611495
v 0.00360477 -0.02514122 0.00601752
v 0.00360477 -0.02514122 0.01917077
v -0.00653377 -0.03428328 0.00665534
v 0.00810333 -0.08047388 0.01881206
v -0.00402826 -0.02851609 0.01947990
v -0.00402826 -0.02851609 0.00570840
v -0.00466516 -0.08064434 0.00879149
v 0.00537394 -0.02625869 0.00644363
v 0.00537394 -0.02625869 0.01874467
v 0.00929111 -0.08064434 0.00847251
v 0.00508843 -0.00863879 0.00378072
v 0.00508843 -0.00863879 0.02140757
v -0.00340113 -0.03512282 0.00429863
v -0.00340113 -0.03512282 0.02088967
v 0.00628170 -0.03462065 0.00629286
v -0.01077245 -0.00944355 0.01386590
v -0.01077245 -0.00944355 0.01132239
v 0.00310879 -0.08665269 0.02009945
v 0.00310879 -0.08665273 0.00508883
v -0.00077056 -0.02264936 0.00545138
v -0.00077056 -0.02264936 0.01973692
v 0.00320884 -0.02218555 0.01938504
v 0.00320884 -0.02218555 0.00580325
v 0.00265308 -0.00866333 0.02206382
v 0.00265308 -0.00866333 0.00312448
v -0.00898498 -0.03581412 0.01377336
v 0.00387808 -0.02621854 0.00605884
v 0.00743288 -0.07346422 0.00391585
v -0.00706635 -0.04812949 0.00412397
v 0.00476571 -0.02748424 0.01912987
v 0.00476571 -0.02748424 0.00605843
v 0.01145011 -0.07346422 0.01259414
v -0.00744031 -0.07346422 0.02126591
v -0.00434144 -0.00848150 0.02011375
v -0.00434144 -0.00848150 0.00507455
v -0.00543467 -0.03764055 0.00505043
v -0.00720871 -0.00854409 0.00702584
v -0.00720871 -0.00854409 0.01816246
v 0.01006506 -0.07964100 0.01514676
v 0.00126315 -0.03357682 0.02124708
v 0.00126315 -0.03357682 0.00394121
v 0.00126315 -0.05140869 0.00090458
v 0.00126315 -0.05140869 0.02428371
v 0.00126315 -0.05397768 0.02478351
v 0.00126315 -0.05397768 0.00040478
v 0.00126315 -0.08055945 0.00248113
v 0.00126315 -0.08055945 0.02270714
v -0.00494540 -0.08665269 0.01903910
v -0.00494540 -0.08665273 0.00614918
v 0.00699891 -0.03397511 0.01793284
v -0.00393332 -0.00864570 0.00333729
v -0.00393332 -0.00864570 0.02185103
v 0.00380709 -0.07964100 0.00728024
v -0.00552556 -0.04812949 0.02216470
v -0.00552556 -0.04812949 0.00302359
v -0.00580009 -0.02248844 0.00679405
v -0.00580009 -0.02248844 0.01839424
v 0.00325194 -0.05532965 0.01889260
v 0.00325194 -0.05005671 0.01889260
v -0.00736794 -0.07964100 0.01991984
v -0.00812380 -0.08665269 0.01259414
v -0.00350078 -0.08454535 0.00414252
v -0.00350078 -0.08454535 0.02104577
v -0.00879181 -0.08076565 0.01767009
v -0.01073423 -0.07689977 0.01422087
v 0.00651452 -0.03489935 0.01313487
v 0.00651452 -0.07964100 0.01313487
v -0.00802192 -0.00848221 0.00927339
v -0.00802192 -0.00848221 0.01591491
v 0.00725208 -0.02002056 0.00835971
v 0.00725208 -0.02002056 0.01682860
v 0.00579039 -0.02500204 0.01838454
v 0.00579039 -0.02500204 0.00680376
v -0.00621615 -0.00853221 0.00636066
v -0.00621615 -0.00853221 0.01882765
v 0.00349169 -0.02607747 0.00602112
v 0.00349169 -0.02607747 0.01916718
v 0.00860863 -0.00848151 0.01372559
v 0.00860863 -0.00848151 0.01146273
v -0.00808924 -0.03389599 0.01602463
v -0.01089917 -0.04812949 0.01086364
v 0.00103294 -0.03105210 0.02077932
v 0.00103294 -0.03105210 0.00440898
v -0.00349612 -0.02608282 0.00601358
v -0.00349612 -0.02608282 0.01917471
v -0.01252924 -0.06205160 0.01523800
v -0.01115478 -0.01392351 0.01259415
v 0.00297597 -0.01157959 0.00226947
v 0.00297597 -0.01157959 0.02291884
v -0.00254565 -0.01617571 0.00337938
v -0.00254565 -0.01617571 0.02180893
v 0.00645696 -0.02530060 0.01259415
v -0.00356872 -0.00853603 0.00407327
v -0.00356872 -0.00853603 0.02111503
v 0.00522708 -0.07934923 0.02164774
v 0.00522708 -0.07934925 0.00354055
v -0.00309288 -0.02429928 0.01932831
v -0.00309288 -0.02429928 0.00586001
v -0.01283183 -0.06205160 0.01259414
v 0.00700945 -0.07790314 0.01292029
v 0.00677214 -0.02857554 0.01705048
v 0.00677214 -0.02857554 0.00813782
v 0.01017687 -0.00863879 0.01259415
v 0.00722846 -0.08708941 0.01558827
v 0.00722846 -0.08708941 0.00960000
v -0.00578345 -0.02375313 0.01837759
v -0.00578345 -0.02375313 0.00681070
v 0.00689171 -0.02854111 0.01657632
v 0.00689171 -0.02854111 0.00861198
v -0.00565778 -0.03389599 0.01464685
v 0.00511217 -0.03185009 0.01940391
v 0.00511217 -0.03185009 0.00578439
v -0.00969940 -0.08025706 0.00931588
v -0.00743792 -0.01367446 0.02031110
v -0.00743792 -0.01367446 0.00487721
v 0.00663671 -0.02751980 0.00825356
v 0.00663671 -0.02751981 0.01693474
v -0.00721281 -0.02944303 0.00976622
v -0.00721281 -0.02944303 0.01542207
v 0.00121452 -0.02588869 0.00527894
v 0.00121452 -0.02588869 0.01990936
v -0.00691876 -0.02879098 0.01259415
v 0.00736207 -0.07964100 0.00526177
v 0.00911842 -0.03663720 0.01172283
v 0.01212966 -0.05461935 0.01016497
v -0.00766059 -0.03039114 0.01259415
v -0.00089506 -0.02185601 0.00584140
v -0.00089506 -0.02185601 0.01934691
v 0.00830094 -0.08064434 0.01845106
v -0.00288079 -0.00954682 0.02266625
v -0.00288079 -0.00954682 0.00252206
v -0.00516058 -0.08077645 0.00966401
v -0.00516058 -0.03376390 0.00966401
v -0.00919611 -0.01579175 0.01631521
v -0.00919611 -0.01579175 0.00887310
v -0.00654114 -0.02263783 0.01742833
v -0.00654114 -0.02263785 0.00775997
v 0.00586599 -0.02121966 0.01846014
v 0.00599105 -0.03496985 0.00597803
v 0.00348005 -0.01718368 0.00424138
v 0.00348005 -0.01718368 0.02094692
v -0.00672742 -0.04812949 0.02136149
v -0.00672742 -0.04812949 0.00382681
v 0.01055184 -0.07790314 0.01426934
v -0.00878881 -0.01543136 0.01766837
v -0.00878881 -0.01543136 0.00751993
v 0.00587941 -0.08746181 0.00808271
v 0.00587941 -0.08746181 0.01710558
v 0.00967762 -0.01583542 0.01380377
v -0.00651451 -0.07964100 0.01313487
v -0.01055004 -0.07790314 0.01090996
v 0.00697324 -0.00853404 0.00723316
v 0.00697324 -0.00853404 0.01795515
v -0.00644497 -0.08665269 0.01753954
v -0.00644497 -0.08665273 0.00764875
v -0.00700683 -0.03396653 0.00726608
v -0.00320861 -0.05461935 0.00061946
v -0.00320861 -0.05461935 0.02456883
v 0.00613746 -0.00848172 0.00645278
v 0.00613746 -0.00848172 0.01873553
v 0.00153397 -0.05130541 0.00094247
v 0.00153397 -0.05130541 0.02424583
v 0.00241550 -0.00853861 0.02143256
v 0.00241550 -0.00853861 0.00375574
v 0.00578302 -0.02738254 0.01839339
v 0.00578302 -0.02738254 0.00679491
v -0.00300608 -0.03076979 0.00483564
v -0.00300608 -0.03076980 0.02035266
v -0.00474230 -0.02518035 0.01901968
v -0.00474230 -0.02518035 0.00616863
v 0.00808903 -0.03389599 0.01602452
v 0.00812076 -0.01659537 0.01728246
v 0.00812076 -0.01659537 0.00790585
v -0.00667191 -0.01128600 0.02156459
v -0.00667191 -0.01128600 0.00362371
v -0.00719656 -0.02994530 0.00861674
v -0.00719656 -0.02994530 0.01657157
v 0.00225545 -0.02286157 0.00582705
v 0.00225545 -0.02286159 0.01936125
v 0.00115613 -0.00853404 0.02131365
v 0.00115613 -0.00853404 0.00387464
v -0.00842665 -0.00854409 0.01605293
v -0.00842665 -0.00854409 0.00913539
v 0.00381170 -0.07964100 0.01790472
v 0.00396788 -0.03628155 0.00620458
v 0.00396788 -0.03628155 0.01897713
v 0.00396788 -0.03628155 0.01762913
v 0.00396788 -0.03628155 0.02078940
v 0.00396788 -0.03628155 0.00439889
v 0.00396788 -0.03628155 0.00756343
v 0.00396788 -0.07785472 0.00602783
v 0.00396788 -0.07785472 0.01915378
v 0.00396788 -0.04870397 0.02302628
v 0.00396788 -0.04870397 0.01762913
v 0.00396788 -0.04870397 0.00588326
v 0.00396788 -0.04870397 0.00756343
v 0.00396788 -0.04870397 0.01929827
v 0.00396788 -0.04870397 0.00216201
v 0.00396788 -0.05668239 0.01762913
v 0.00396788 -0.05668239 0.00588326
v 0.00396788 -0.05668239 0.00062025
v 0.00396788 -0.05668239 0.02456804
v 0.00396788 -0.05668239 0.00756343
v 0.00396788 -0.05668239 0.01929827
v 0.00396788 -0.07785470 0.02253008
v 0.00396788 -0.07785470 0.01762913
v 0.00396788 -0.07785470 0.00756343
v 0.00396788 -0.07785470 0.00265821
v -0.00294102 -0.02343547 0.01927481
v -0.00294102 -0.02343547 0.00591349
v 0.00614212 -0.02379194 0.01796831
v 0.00614212 -0.02379194 0.00721998
v -0.00726999 -0.02058761 0.01564363
v -0.00726999 -0.02058761 0.00954468
v -0.00129142 -0.03029574 0.02021296
v -0.00129142 -0.03029574 0.00497534
v 0.00542409 -0.03663720 0.00520834
v -0.00535807 -0.00853139 0.01959178
v -0.00535807 -0.00853139 0.00559654
v -0.01154222 -0.05130541 0.01467872
v -0.00892446 -0.01425005 0.00744161
v -0.00892446 -0.01425005 0.01774670
v 0.00707429 -0.07689977 0.01214699
v 0.00638737 -0.02633327 0.00761794
v 0.00638737 -0.02633327 0.01757037
v -0.00872375 -0.01647490 0.01615799
v -0.00872375 -0.01647490 0.00903031
v -0.00690578 -0.07689977 0.02096301
v -0.00404461 -0.04812949 0.00232174
v -0.00404461 -0.04812949 0.02286655
v 0.00602560 -0.03489935 0.00602061
v -0.00498776 -0.02387462 0.01898025
v -0.00498776 -0.02387462 0.00620805
v 0.00276485 -0.02352246 0.01934072
v 0.00276485 -0.02352246 0.00584758
v -0.00133291 -0.00868500 0.00301069
v -0.00133291 -0.00868500 0.02217760
v -0.00633660 -0.02511568 0.00754077
v -0.00633660 -0.02511568 0.01764753
v 0.00337795 -0.02512296 0.00597584
v 0.00337795 -0.02512296 0.01921246
v 0.00337795 -0.03509271 0.02089332
v 0.00337795 -0.03509270 0.00429497
v -0.00895984 -0.03570223 0.01136753
v 0.00106035 -0.08665269 0.02064833
v 0.00106035 -0.08665273 0.00453994
v 0.00649535 -0.02647699 0.01047765
v 0.00649535 -0.02647700 0.01471066
v -0.00000115 -0.02767408 0.01962774
v -0.00000115 -0.02767408 0.00556056
v 0.00793264 -0.08579213 0.00930833
v 0.00793264 -0.08579213 0.01587996
v -0.00314295 -0.07934925 0.02254365
v -0.00314295 -0.07934925 0.00264462
v 0.00640262 -0.04436939 0.02067791
v -0.00000054 -0.02831867 0.01923733
v -0.00000054 -0.02831867 0.00595097
v 0.00358537 -0.02718503 0.01920239
v 0.00358537 -0.02718503 0.00598590
v 0.00780209 -0.05816688 0.00242625
v 0.00780209 -0.05816688 0.02276204
v 0.00644654 -0.00853861 0.00608306
v 0.00644654 -0.00853861 0.01910526
v -0.01105112 -0.04812949 0.01259415
v -0.00197408 -0.02194164 0.01938643
v -0.00197408 -0.02194164 0.00580187
v -0.00104945 -0.02158528 0.01942547
v -0.00104945 -0.02158528 0.00576284
v 0.00522255 -0.02128052 0.01902189
v 0.00522255 -0.02128052 0.00616641
v -0.00818285 -0.01408429 0.00615943
v -0.00818285 -0.01408429 0.01902888
v 0.00552941 -0.03622154 0.00534653
v 0.00133160 -0.08053089 0.02270875
v 0.00133160 -0.08053089 0.00247954
v 0.00137553 -0.01576440 0.00276956
v 0.00137553 -0.01576440 0.02241874
v 0.00296412 -0.01367430 0.00229424
v 0.00296412 -0.01367430 0.02289405
v 0.00707468 -0.03764055 0.01303516
v 0.00707468 -0.07689979 0.01303515
v 0.00473206 -0.06703594 0.00116991
v 0.00473206 -0.06703595 0.02401837
v -0.00230190 -0.03012287 0.02016491
v -0.00230190 -0.03012287 0.00502338
v 0.00909885 -0.01683815 0.01259415
v -0.00624348 -0.02253612 0.00729920
v -0.00624348 -0.02253612 0.01788910
v 0.00411468 -0.02290062 0.00594204
v 0.00411468 -0.02290062 0.01924626
v -0.00338109 -0.00853139 0.00445513
v -0.00338109 -0.00853139 0.02073318
v 0.00775794 -0.03076997 0.00958742
v 0.00775794 -0.03076996 0.01560089
v 0.00528416 -0.00848151 0.00570457
v 0.00528416 -0.00848151 0.01948374
v 0.00090517 -0.02715232 0.00543533
v 0.00090517 -0.02715232 0.01975297
v -0.01213175 -0.05461935 0.01501277
v -0.00198001 -0.02371532 0.01974448
v -0.00198001 -0.02371532 0.00544383
v -0.00144255 -0.00964227 0.00248408
v -0.00144255 -0.00964227 0.02270423
v 0.00708483 -0.01538801 0.00532301
v -0.00898773 -0.03583421 0.01141456
v -0.00411460 -0.01488574 0.00295461
v -0.00411460 -0.01488574 0.02223370
v 0.00795477 -0.03073703 0.01151811
v 0.00795477 -0.03073703 0.01367020
v 0.00781141 -0.06205158 0.02277420
v 0.00781141 -0.06205158 0.00241409
v 0.00681824 -0.03570223 0.01258351
v 0.00681824 -0.07883810 0.01258351
v 0.00733069 -0.02052012 0.01259415
v -0.00771821 -0.05130541 0.02142338
v 0.00362642 -0.02311298 0.00594150
v 0.00362642 -0.02311298 0.01924680
v 0.00648759 -0.00944355 0.02128750
v 0.00648759 -0.00944355 0.00390080
v 0.00898028 -0.08278791 0.01631391
v 0.00898028 -0.08278791 0.00887437
v 0.00952384 -0.03960442 0.01353502
v 0.01001738 -0.07974016 0.00990999
v -0.00812938 -0.00853404 0.01595266
v -0.00812938 -0.00853404 0.00923565
v 0.00761985 -0.03028445 0.01128779
v 0.00761985 -0.03028445 0.01390050
v 0.00076708 -0.02794824 0.01940981
v 0.00076708 -0.02794824 0.00577850
v 0.00628322 -0.04436939 0.00440570
v 0.00628322 -0.04436939 0.02078259
v 0.00825736 -0.03116310 0.01259415
v 0.00950676 -0.01524007 0.01641499
v 0.00950676 -0.01524007 0.00877332
v -0.01036463 -0.07934925 0.01122962
v -0.01036463 -0.07934925 0.01395868
v 0.00170474 -0.02805068 0.00599707
v 0.00170474 -0.02805068 0.01919123
v 0.00308591 -0.02594809 0.00591013
v 0.00308591 -0.02594809 0.01927817
v 0.00353591 -0.07883810 0.00672577
v -0.00665815 -0.01318924 0.00364723
v -0.00665815 -0.01318924 0.02154109
v 0.00694186 -0.02167859 0.01067022
v 0.00694186 -0.02167859 0.01451809
v -0.00688875 -0.02857535 0.01583782
v -0.00688875 -0.02857535 0.00935047
v -0.00746342 -0.01865368 0.00828501
v -0.00746342 -0.01865368 0.01690329
v 0.00208214 -0.01906192 0.00451764
v 0.00208214 -0.01906192 0.02067066
v 0.00648005 -0.02395904 0.01719170
v 0.00648005 -0.02395904 0.00799660
v -0.00000425 -0.02432623 0.00514730
v -0.00000425 -0.02432623 0.02004100
v 0.01001594 -0.07974712 0.01527791
v -0.00815584 -0.03395471 0.00928013
v 0.00829375 -0.08579213 0.01481646
v 0.00851276 -0.08579213 0.01147341
v 0.00851276 -0.08579213 0.01371487
v -0.00299414 -0.08708941 0.01982262
v -0.00299414 -0.08708941 0.00536567
v -0.00476758 -0.02748372 0.00606061
v -0.00476758 -0.02748372 0.01912769
v 0.00763305 -0.00868500 0.01854021
v 0.00763305 -0.00868500 0.00664810
v -0.00109381 -0.02658617 0.00533952
v -0.00109381 -0.02658617 0.01984877
v -0.00813348 -0.03126335 0.01051184
v -0.00813348 -0.03126335 0.01467646
v 0.00784697 -0.08665269 0.01469675
v 0.00784697 -0.08665269 0.01049154
v 0.00162499 -0.02314663 0.00546605
v 0.00162499 -0.02314663 0.01972225
v 0.00925315 -0.01617234 0.01019174
v 0.00925315 -0.01617234 0.01499658
v -0.00869413 -0.01713527 0.01489703
v -0.00869413 -0.01713527 0.01029127
v 0.00409999 -0.03764053 0.01937315
v 0.00409999 -0.04639202 0.02249243
v 0.00409999 -0.04639202 0.00269586
v 0.00409999 -0.06205158 0.00046404
v 0.00409999 -0.03958100 0.00395515
v 0.00409999 -0.03727076 0.02087675
v 0.00409999 -0.03727076 0.00586422
v 0.00409999 -0.03727076 0.01931718
v 0.00409999 -0.03727076 0.01739597
v 0.00409999 -0.03727076 0.00779611
v 0.00409999 -0.03727076 0.00431154
v 0.00409999 -0.03764055 0.00580825
v 0.00409999 -0.06205160 0.02472425
v 0.00409999 -0.04771474 0.00580825
v 0.00409999 -0.05816687 0.02470811
v 0.00409999 -0.05816687 0.00048018
v 0.00409999 -0.04771476 0.00242535
v 0.00409999 -0.04771476 0.01739597
v 0.00409999 -0.04771476 0.00779611
v 0.00409999 -0.04771476 0.02276294
v 0.00409999 -0.04771476 0.01937315
v 0.00409999 -0.03958101 0.02123316
v 0.00409999 -0.07686549 0.00580824
v 0.00409999 -0.07686549 0.02266163
v 0.00409999 -0.07686549 0.00252666
v 0.00409999 -0.07686549 0.01937315
v 0.00409999 -0.07686549 0.01739595
v 0.00409999 -0.06703595 0.02423299
v 0.00409999 -0.06703595 0.00095528
v 0.00409999 -0.05767162 0.02464642
v 0.00409999 -0.05767162 0.00580825
v 0.00409999 -0.05767162 0.01739597
v 0.00409999 -0.05767162 0.00779611
v 0.00409999 -0.05767162 0.00054187
v 0.00409999 -0.05767162 0.01937315
v 0.00409999 -0.07346422 0.00192008
v 0.00409999 -0.07346422 0.02326820
v 0.00409999 -0.04436937 0.00313256
v 0.00409999 -0.04436937 0.02205574
v 0.00409999 -0.07686551 0.00779611
v 0.00854182 -0.01827780 0.01259415
v 0.00278837 -0.02588662 0.00572515
v 0.00278837 -0.02588662 0.01946316
v 0.00822337 -0.01867217 0.01476956
v 0.00822337 -0.01867217 0.01041875
v -0.00463908 -0.00853566 0.00455904
v -0.00463908 -0.00853566 0.02062928
v 0.00553119 -0.03624144 0.01984388
v -0.00926148 -0.03764055 0.01179351
v -0.00197740 -0.02653598 0.00551465
v -0.00197740 -0.02653597 0.01967364
v 0.00653168 -0.02748424 0.00782438
v 0.00653168 -0.02748424 0.01736392
v 0.00806232 -0.01524146 0.00627146
v 0.00806232 -0.01524146 0.01891683
v 0.00605706 -0.04198041 0.00469705
v -0.01016619 -0.07934925 0.01023156
v 0.00850644 -0.00853221 0.01032756
v 0.00850644 -0.00853221 0.01486076
v 0.00162865 -0.02709769 0.00556527
v 0.00162865 -0.02709769 0.01962302
v -0.01165168 -0.05130541 0.01412812
v -0.01165168 -0.05130541 0.01106018
v -0.00000081 -0.02804657 0.01941140
v -0.00000081 -0.02804657 0.00577690
v 0.00770177 -0.01969363 0.01118588
v 0.00770177 -0.01969363 0.01400242
v -0.01023330 -0.04436939 0.01393702
v 0.00322944 -0.05530040 0.02464662
v 0.00322944 -0.05530040 0.00054167
v -0.00552244 -0.00939449 0.00302901
v -0.00552244 -0.00939449 0.02215930
v -0.00322945 -0.05530040 0.02464662
v -0.00322945 -0.05530040 0.00054167
v -0.00599667 -0.03496798 0.01920334
v -0.00579047 -0.02738044 0.01838462
v -0.00579047 -0.02738044 0.00680368
v 0.01023329 -0.04436939 0.01393702
v -0.00770178 -0.01969363 0.01118588
v -0.00770178 -0.01969363 0.01400242
v 0.00569202 -0.01294814 0.02245303
v 0.00569202 -0.01294814 0.00273528
v 0.01165167 -0.05130541 0.01412812
v 0.01165167 -0.05130541 0.01106018
v 0.00088233 -0.02185443 0.01934439
v 0.00088233 -0.02185443 0.00584393
v -0.00890664 -0.03524156 0.01376257
v -0.00890664 -0.03524156 0.01142573
v -0.00911894 -0.03663720 0.01345741
v -0.00726925 -0.02971649 0.01259415
v 0.00110195 -0.01837200 0.00413235
v 0.00110195 -0.01837200 0.02105595
v -0.00192759 -0.02828011 0.00592108
v -0.00192759 -0.02828011 0.01926722
v 0.00926147 -0.03764055 0.01179351
v 0.00666934 -0.02290750 0.01463583
v -0.00822338 -0.01867349 0.01476956
v -0.00822338 -0.01867349 0.01041875
v -0.00147005 -0.02257852 0.01954203
v -0.00147005 -0.02257852 0.00564627
v -0.00410000 -0.03764053 0.01937315
v -0.00410000 -0.06205158 0.00046403
v -0.00410000 -0.04436939 0.02205574
v -0.00410000 -0.03727076 0.02087658
v -0.00410000 -0.03727076 0.00779612
v -0.00410000 -0.03727076 0.00431172
v -0.00410000 -0.03727076 0.00586422
v -0.00410000 -0.03727076 0.01931718
v -0.00410000 -0.03727076 0.01739597
v -0.00410000 -0.05816688 0.02470813
v -0.00410000 -0.05816688 0.00048016
v -0.00410000 -0.03764055 0.00580825
v -0.00410000 -0.06205160 0.02472425
v -0.00410000 -0.04771476 0.00779612
v -0.00410000 -0.04771476 0.00242536
v -0.00410000 -0.04771476 0.00580825
v -0.00410000 -0.04771476 0.02276294
v -0.00410000 -0.04771476 0.01937315
v -0.00410000 -0.04771476 0.01739595
v -0.00410000 -0.07686549 0.00779612
v -0.00410000 -0.07686549 0.00580824
v -0.00410000 -0.07686549 0.02266163
v -0.00410000 -0.07686549 0.01739594
v -0.00410000 -0.07686549 0.00252666
v -0.00410000 -0.07686549 0.01937315
v -0.00410000 -0.04639201 0.02249243
v -0.00410000 -0.04639201 0.00269586
v -0.00410000 -0.06703595 0.02423299
v -0.00410000 -0.06703595 0.00095528
v -0.00410000 -0.05767162 0.00779612
v -0.00410000 -0.05767162 0.02464642
v -0.00410000 -0.05767162 0.00580824
v -0.00410000 -0.05767162 0.00054187
v -0.00410000 -0.05767162 0.01937315
v -0.00410000 -0.05767162 0.01739595
v -0.00410000 -0.03958098 0.02123308
v -0.00410000 -0.03958098 0.00395521
v -0.00410000 -0.07346422 0.00192008
v -0.00410000 -0.07346422 0.02326821
v -0.00410000 -0.04436937 0.00313256
v 0.00833296 -0.00869594 0.01740519
v 0.00833296 -0.00869594 0.00778311
v -0.00983942 -0.01536561 0.01009408
v -0.00983942 -0.01536561 0.01509424
v -0.00204860 -0.02721294 0.00575597
v -0.00204860 -0.02721294 0.01943233
v 0.00830285 -0.05461935 0.00342191
v -0.00763306 -0.00868500 0.00664810
v -0.00763306 -0.00868499 0.01854022
v 0.00370546 -0.08746181 0.00617609
v 0.00370546 -0.08746181 0.01901220
v 0.00667949 -0.02293839 0.01259415
v 0.00611763 -0.03428328 0.01134959
v 0.00611763 -0.08025706 0.01134958
v 0.00644889 -0.02528289 0.01043118
v 0.00644889 -0.02528289 0.01475713
v 0.00808567 -0.03389599 0.00915697
v -0.00518246 -0.01999751 0.00594696
v -0.00518246 -0.01999750 0.01924134
v 0.00375853 -0.02049619 0.01988215
v 0.00375853 -0.02049619 0.00530615
v 0.00746341 -0.01863862 0.00828501
v 0.00746341 -0.01863862 0.01690329
v -0.00638611 -0.02387462 0.00760639
v -0.00638611 -0.02387462 0.01758191
v 0.00688874 -0.02857535 0.01583782
v 0.00688874 -0.02857535 0.00935047
v -0.00696078 -0.02167917 0.01259415
v -0.00818517 -0.03105210 0.01362710
v -0.00818517 -0.03105210 0.01156119
v 0.00862557 -0.01778716 0.01146416
v 0.00862557 -0.01778716 0.01372415
v -0.00811562 -0.01903225 0.01259415
v -0.00353592 -0.07883810 0.00672577
v 0.00543536 -0.03764055 0.00505003
v 0.00998334 -0.00864570 0.01381624
v 0.00998334 -0.00864570 0.01137207
v 0.00300550 -0.03076997 0.02035331
v 0.00300550 -0.03076996 0.00483498
v -0.00950677 -0.01524055 0.01641499
v -0.00950677 -0.01524055 0.00877332
v -0.00557739 -0.01392855 0.02225448
v -0.00557739 -0.01392855 0.00293383
v 0.00812937 -0.00853404 0.00923564
v 0.00812937 -0.00853404 0.01595266
v -0.00838731 -0.00848172 0.01483867
v -0.00838731 -0.00848172 0.01034964
v -0.00205248 -0.02303847 0.01953684
v -0.00205248 -0.02303847 0.00565146
v -0.00952385 -0.03960442 0.01353502
v -0.00109652 -0.02366341 0.01992219
v -0.00109652 -0.02366341 0.00526611
v -0.00648760 -0.00944355 0.02128750
v -0.00648760 -0.00944355 0.00390080
v 0.01272189 -0.06205158 0.01091928
v 0.01272189 -0.06205158 0.01426902
v 0.00771820 -0.05130541 0.02142338
v -0.00646868 -0.08454535 0.00612547
v -0.00646868 -0.08454535 0.01906282
v -0.01045419 -0.07934923 0.01259414
v -0.00371977 -0.08278791 0.02157443
v -0.00371977 -0.08278791 0.00361385
v -0.00681825 -0.03570223 0.01258351
v -0.00681825 -0.07883810 0.01259886
v 0.00388948 -0.02412942 0.00603737
v 0.00388948 -0.02412942 0.01915093
v -0.00795478 -0.03073703 0.01151811
v -0.00795478 -0.03073703 0.01367020
v -0.00685485 -0.07790314 0.02078233
v 0.00898772 -0.03583421 0.01141456
v -0.00289375 -0.02512653 0.01949204
v -0.00289375 -0.02512653 0.00569627
v 0.00096730 -0.08746181 0.00524669
v 0.00096730 -0.08746181 0.01994160
v -0.00952751 -0.00866333 0.01015696
v -0.00952751 -0.00866333 0.01503134
v -0.00708484 -0.01538934 0.00532301
v -0.00708484 -0.01538934 0.01986531
v -0.00516072 -0.04436937 0.00365552
v -0.00516072 -0.04436937 0.02153279
v 0.00144254 -0.00964227 0.00248408
v 0.00144254 -0.00964227 0.02270423
v -0.00528417 -0.00848151 0.00570457
v -0.00528417 -0.00848151 0.01948374
v 0.00338108 -0.00853139 0.00445513
v 0.00338108 -0.00853139 0.02073318
v -0.01024333 -0.04442298 0.01394270
v -0.00709482 -0.03389599 0.01776763
v 0.01252706 -0.06205160 0.00993934
v 0.00565598 -0.03389599 0.01053653
v 0.00624347 -0.02253612 0.00729920
v 0.00624347 -0.02253612 0.01788910
v -0.00000352 -0.02512374 0.00514437
v -0.00000352 -0.02512374 0.02004393
v -0.00318741 -0.02331683 0.00592823
v -0.00318741 -0.02331683 0.01926007
v 0.00755753 -0.08708943 0.01056910
v 0.00755753 -0.08708943 0.01461918
v -0.00234980 -0.01713513 0.02127571
v -0.00234980 -0.01713513 0.00391260
v -0.00803431 -0.00964227 0.00628984
v -0.00803431 -0.00964227 0.01889847
v 0.00570296 -0.03957085 0.02028146
v 0.00966406 -0.01408429 0.00872495
v 0.00966406 -0.01408429 0.01646334
v -0.01065717 -0.01460868 0.01259415
v -0.00873915 -0.00853139 0.01373556
v -0.00873915 -0.00853139 0.01145275
v 0.00288671 -0.02512094 0.00570555
v 0.00288671 -0.02512094 0.01948276
v 0.00314294 -0.07934923 0.02254365
v 0.00314294 -0.07934925 0.00264462
v -0.00793265 -0.08579213 0.00930833
v -0.00793265 -0.08579213 0.01587996
v 0.01107734 -0.01318924 0.01130149
v 0.01107734 -0.01318924 0.01388682
v 0.00895983 -0.03570223 0.01136753
v 0.00349433 -0.02420056 0.01920085
v 0.00349433 -0.02420056 0.00598744
v 0.00108949 -0.02658407 0.01984526
v 0.00108949 -0.02658406 0.00534303
v 0.01126585 -0.07346422 0.01452210
v 0.00498775 -0.02387462 0.01898025
v 0.00498775 -0.02387462 0.00620805
v 0.00404460 -0.04812949 0.00232174
v 0.00404460 -0.04812949 0.02286655
v 0.00690577 -0.07689977 0.02096301
v -0.00432599 -0.02404533 0.01910642
v -0.00432599 -0.02404533 0.00608187
v 0.00604437 -0.04184648 0.02047491
v 0.00535806 -0.00853139 0.01959178
v 0.00535806 -0.00853139 0.00559654
v 0.00726998 -0.02058761 0.01564363
v 0.00726998 -0.02058761 0.00954468
v -0.01135202 -0.07346422 0.01109963
v -0.01135202 -0.07346422 0.01408866
v -0.00451145 -0.08746181 0.01847356
v -0.00451145 -0.08746181 0.00671472
v -0.00396789 -0.03628155 0.00439925
v -0.00396789 -0.03628155 0.00620458
v -0.00396789 -0.03628155 0.02078905
v -0.00396789 -0.03628155 0.01762913
v -0.00396789 -0.03628155 0.00756343
v -0.00396789 -0.03628155 0.01897714
v -0.00396789 -0.07785472 0.00602783
v -0.00396789 -0.04870397 0.02302628
v -0.00396789 -0.04870397 0.01762913
v -0.00396789 -0.04870397 0.00588326
v -0.00396789 -0.04870397 0.00756343
v -0.00396789 -0.04870397 0.01929827
v -0.00396789 -0.04870397 0.00216201
v -0.00396789 -0.05668239 0.01762913
v -0.00396789 -0.05668239 0.00588326
v -0.00396789 -0.05668239 0.00062025
v -0.00396789 -0.05668239 0.02456804
v -0.00396789 -0.05668239 0.00756343
v -0.00396789 -0.05668239 0.01929827
v -0.00396789 -0.07785470 0.01762912
v -0.00396789 -0.07785470 0.02253008
v -0.00396789 -0.07785470 0.01915378
v -0.00396789 -0.07785470 0.00756343
v -0.00396789 -0.07785470 0.00265821
v -0.00381171 -0.03489935 0.01790472
v -0.00381171 -0.07964100 0.01790472
v 0.00524032 -0.08746181 0.01783447
v 0.00524032 -0.08746181 0.00735382
v 0.00317893 -0.02331213 0.00593498
v -0.00115613 -0.00853404 0.02131365
v -0.00115613 -0.00853404 0.00387464
v -0.00236771 -0.08454535 0.00375775
v -0.00236771 -0.08454535 0.02143053
v 0.00667190 -0.01128600 0.00362373
v 0.00667190 -0.01128600 0.02156459
v -0.00509732 -0.02854710 0.00620527
v -0.00509732 -0.02854710 0.01898303
v -0.00812077 -0.01661061 0.01728246
v -0.00812077 -0.01661061 0.00790585
v -0.00820190 -0.01183258 0.01904789
v -0.00820190 -0.01183258 0.00614041
v 0.00466847 -0.03389599 0.01639274
v -0.00241551 -0.00853861 0.02143256
v -0.00241551 -0.00853861 0.00375574
v -0.00153398 -0.05130541 0.00094247
v -0.00153398 -0.05130541 0.02424584
v -0.00638759 -0.02633320 0.00761820
v -0.00638759 -0.02633320 0.01757009
v -0.00613747 -0.00848172 0.00645278
v -0.00613747 -0.00848172 0.01873551
v -0.00952329 -0.03960439 0.01164486
v -0.00438173 -0.07346422 0.02317255
v -0.00438173 -0.07346422 0.00201574
v 0.01110458 -0.01128600 0.01388698
v 0.01110458 -0.01128600 0.01130133
v -0.00326959 -0.02600448 0.01920607
v -0.00326959 -0.02600448 0.00598222
v 0.00320861 -0.05461935 0.00061946
v 0.00320861 -0.05461935 0.02456883
v -0.00697325 -0.00853404 0.00723316
v -0.00697325 -0.00853404 0.01795515
v 0.00278462 -0.03020004 0.00495957
v 0.00278462 -0.03020004 0.02022873
v -0.00602339 -0.03183000 0.01861754
v -0.00277484 -0.02352779 0.00583894
v -0.00277484 -0.02352779 0.01934936
v 0.00878880 -0.01543071 0.01766837
v 0.00878880 -0.01543071 0.00751993
v 0.00672742 -0.04812949 0.02136149
v 0.00672742 -0.04812949 0.00382681
v -0.00348006 -0.01718368 0.00424138
v -0.00348006 -0.01718368 0.02094692
v 0.00938909 -0.08278791 0.01510995
v 0.00938909 -0.08278791 0.01007834
v -0.01073242 -0.07689979 0.01095831
v -0.00586600 -0.02121982 0.01846014
v -0.00586600 -0.02121982 0.00672816
v 0.00516057 -0.08077645 0.00966401
v 0.00288079 -0.00954682 0.02266625
v 0.00288079 -0.00954682 0.00252206
v -0.00830095 -0.08064434 0.01845106
v -0.00604557 -0.04185533 0.02047559
v 0.00826637 -0.01735073 0.01599960
v 0.00826637 -0.01735072 0.00918871
v 0.00656126 -0.02990487 0.01761980
v 0.00656126 -0.02990487 0.00756850
v -0.00911843 -0.03663720 0.01172283
v -0.00620724 -0.08708941 0.00783117
v -0.00620724 -0.08708941 0.01735713
v -0.00553251 -0.08708943 0.00706164
v -0.00553251 -0.08708943 0.01812665
v 0.00732383 -0.01477023 0.02016353
v 0.00732383 -0.01477023 0.00502477
v 0.00772403 -0.01749156 0.01705187
v 0.00772403 -0.01749156 0.00813643
v -0.00736208 -0.07964100 0.00526175
v 0.00691875 -0.02879098 0.01259415
v -0.00958573 -0.03960631 0.01259415
v -0.01251523 -0.05816688 0.01523006
v 0.00743791 -0.01367446 0.00487721
v 0.00565777 -0.08064434 0.01464685
v 0.00565777 -0.03389599 0.01464685
v -0.00970225 -0.08025706 0.01586398
v -0.01017688 -0.00863879 0.01259415
v 0.00134893 -0.02107158 0.01961330
v 0.00134893 -0.02107158 0.00557502
v -0.00700946 -0.07790314 0.01292029
v -0.00700946 -0.03663720 0.01292029
v 0.00170521 -0.02218902 0.01932586
v 0.00170521 -0.02218902 0.00586245
v 0.00599696 -0.03496980 0.01920513
v -0.00000622 -0.02220081 0.01955777
v -0.00000622 -0.02220081 0.00563053
v 0.00829604 -0.08064434 0.00672991
v -0.00422904 -0.04812949 0.00238436
v -0.00422904 -0.04812949 0.02280393
v -0.00873309 -0.03489935 0.01078782
v -0.00677725 -0.02857410 0.01704448
v -0.00677725 -0.02857410 0.00814383
v -0.00163569 -0.02314979 0.00546077
v -0.00163569 -0.02314979 0.01972753
v 0.01022138 -0.04429337 0.01124848
v 0.00356871 -0.00853603 0.00407327
v 0.00356871 -0.00853603 0.02111503
v 0.00707349 -0.04812949 0.02105805
v 0.00778604 -0.08025706 0.00594431
v 0.00197036 -0.02371152 0.01973811
v 0.00197036 -0.02371152 0.00545020
v 0.00688681 -0.00848221 0.01788096
v 0.00688681 -0.00848221 0.00730735
v -0.00317059 -0.02695433 0.00599423
v -0.00317059 -0.02695433 0.01919408
v 0.00351381 -0.07886687 0.00676370
v 0.00603151 -0.03489935 0.01916255
v -0.00942307 -0.08054231 0.01649731
v -0.00297598 -0.01157959 0.00226947
v -0.00297598 -0.01157959 0.02291884
v -0.00103295 -0.03105210 0.02077932
v -0.00103295 -0.03105210 0.00440898
v 0.00225953 -0.02738130 0.00593786
v 0.00225953 -0.02738131 0.01925044
v 0.00677639 -0.03185009 0.01773969
v 0.00677639 -0.03185009 0.00744860
v -0.00163203 -0.02710083 0.00556000
v -0.00163203 -0.02710083 0.01962830
v 0.00653359 -0.03428328 0.00665544
v -0.00680958 -0.02140996 0.00796282
v -0.00680958 -0.02140996 0.01722549
v -0.00491047 -0.06205158 0.02444905
v -0.00491047 -0.06205158 0.00073924
v -0.00860864 -0.00848151 0.01372559
v -0.00860864 -0.00848151 0.01146273
v -0.00000012 -0.02925732 0.00565303
v -0.00000012 -0.02925732 0.01953527
v -0.00532858 -0.01464897 0.00336477
v -0.00532858 -0.01464897 0.02182353
v -0.00624062 -0.02741907 0.01785244
v -0.00624062 -0.02741907 0.00733586
v -0.00579040 -0.02500204 0.01838454
v -0.00579040 -0.02500204 0.00680376
v 0.00802191 -0.00848221 0.00927339
v 0.00802191 -0.00848221 0.01591491
v 0.00332447 -0.00848151 0.02061517
v 0.00332447 -0.00848151 0.00457313
v -0.00651453 -0.03489935 0.01313487
v 0.00792247 -0.08454535 0.00802009
v 0.00792247 -0.08454535 0.01716818
v -0.00725758 -0.08454535 0.01816307
v -0.00725758 -0.08454535 0.00702520
v 0.00779192 -0.08025706 0.01923727
v 0.00250089 -0.02659977 0.00574423
v 0.00250089 -0.02659977 0.01944408
v -0.00101609 -0.02864370 0.01929165
v -0.00101609 -0.02864370 0.00589664
v -0.01141085 -0.01114146 0.01259415
v -0.00886203 -0.00853861 0.01492146
v -0.00886203 -0.00853861 0.01026684
v 0.00914807 -0.08454535 0.01259414
v -0.00210260 -0.08665269 0.00474715
v -0.00210260 -0.08665269 0.02044113
v 0.00736793 -0.07964100 0.01991984
v -0.00325195 -0.05532965 0.01889260
v -0.00325195 -0.05005672 0.01889260
v 0.00145830 -0.02257570 0.01953732
v 0.00145830 -0.02257570 0.00565098
v -0.00556895 -0.08454535 0.01985172
v -0.00556895 -0.08454535 0.00533656
v 0.00101540 -0.02864221 0.01928951
v 0.00101540 -0.02864221 0.00589879
v -0.00380710 -0.03489935 0.00728025
v -0.00380710 -0.07964100 0.00728024
v 0.00393331 -0.00864570 0.00333729
v 0.00393331 -0.00864570 0.02185103
v -0.00591729 -0.08278791 0.00488259
v -0.00591729 -0.08278791 0.02030570
v -0.00126316 -0.03357682 0.02124708
v -0.00126316 -0.03357682 0.00394121
v -0.00126316 -0.05140869 0.00090458
v -0.00126316 -0.05140869 0.02428371
v -0.00126316 -0.08055943 0.02270714
v -0.00126316 -0.05397768 0.02478351
v -0.00126316 -0.05397768 0.00040478
v -0.00126316 -0.08055945 0.00248113
v 0.00505337 -0.02511568 0.00625756
v 0.00505337 -0.02511568 0.01893074
v 0.00720870 -0.00854409 0.00702584
v 0.00720870 -0.00854409 0.01816246
v 0.00434143 -0.00848150 0.02011375
v 0.00434143 -0.00848150 0.00507455
v 0.00121794 -0.00854409 0.00356708
v 0.00121794 -0.00854409 0.02162124
v 0.00108678 -0.02366131 0.01991866
v 0.00108678 -0.02366131 0.00526965
v 0.00972031 -0.08278791 0.01259414
v 0.00684672 -0.08746181 0.00975812
v 0.00684672 -0.08746181 0.01543015
v 0.00744031 -0.07346422 0.02126591
v -0.00647754 -0.02638832 0.00801589
v -0.00647754 -0.02638832 0.01717240
v 0.00706634 -0.04812949 0.00412398
v 0.00451142 -0.08746181 0.01847356
v 0.00451142 -0.08746181 0.00671472
v -0.00265309 -0.00866333 0.02206382
v -0.00265309 -0.00866333 0.00312448
v 0.00879158 -0.08076681 0.00751831
v 0.01210297 -0.06703595 0.01499647
v -0.00146531 -0.02767173 0.01941452
v -0.00146531 -0.02767173 0.00577377
v -0.00508844 -0.00863879 0.00378072
v -0.00508844 -0.00863879 0.02140757
v -0.01021719 -0.01476742 0.01003621
v -0.01021719 -0.01476742 0.01515209
v 0.00836149 -0.03155669 0.01366398
v 0.00836149 -0.03155669 0.01152432
v -0.00083390 -0.02203820 0.00579626
v -0.00083390 -0.02203820 0.01939205
v -0.00929112 -0.08064434 0.00847251
v -0.00896596 -0.00868500 0.00895676
v -0.00896596 -0.00868500 0.01623154
v 0.00197297 -0.02653216 0.01966726
v 0.00197297 -0.02653216 0.00552104
v -0.01040204 -0.01367446 0.01517711
v -0.01040204 -0.01367446 0.01001120
v -0.00810273 -0.08047759 0.00637671
v -0.00113710 -0.01911238 0.02065040
v -0.00113710 -0.01911238 0.00453791
v 0.00664701 -0.02764050 0.01459494
v 0.00664701 -0.02764050 0.01059336
v -0.00607146 -0.08579213 0.01866560
v -0.00607146 -0.08579213 0.00652268
v -0.00639601 -0.04436937 0.00450460
v -0.00338477 -0.02512930 0.00596630
v -0.00338477 -0.02512930 0.01922200
v 0.00457404 -0.08454535 0.02051662
v 0.00457404 -0.08454535 0.00467167
v -0.00898814 -0.01692773 0.01143259
v -0.00898814 -0.01692773 0.01375571
v 0.00144444 -0.01523611 0.02273767
v 0.00144444 -0.01523611 0.00245064
v -0.00360927 -0.03542150 0.00693183
v 0.00609918 -0.01865397 0.01869762
v 0.00609918 -0.01865397 0.00649068
v 0.00400058 -0.07934925 0.00293585
v 0.00400058 -0.07934925 0.02225244
v -0.00801144 -0.03084026 0.01259415
v -0.00831098 -0.05461935 0.02175927
v -0.00570543 -0.01114146 0.02247624
v -0.00570543 -0.01114146 0.00271207
v -0.00537417 -0.02379194 0.01873628
v -0.00537417 -0.02379194 0.00645202
v -0.00579877 -0.02852035 0.01839291
v -0.00579877 -0.02852035 0.00679538
v 0.00683308 -0.01868696 0.01784726
v 0.00683308 -0.01868696 0.00734104
v -0.00542968 -0.03663720 0.01997477
v 0.00486015 -0.08278791 0.00417609
v 0.00486015 -0.08278791 0.02101218
v 0.00700917 -0.07790314 0.01226192
v 0.00351720 -0.07886244 0.01842446
v 0.00947685 -0.00964227 0.00878839
v 0.00947685 -0.00964227 0.01639991
v -0.00000588 -0.02257340 0.00543245
v -0.00000588 -0.02257340 0.01975584
v -0.01006328 -0.07964100 0.01003253
v -0.00151089 -0.05130541 0.00094096
v -0.00882609 -0.08077643 0.01759538
v 0.00148815 -0.01183252 0.00226422
v 0.00148815 -0.01183252 0.02292407
v -0.00882548 -0.03522065 0.01416098
v -0.00248454 -0.01976311 0.02024621
v -0.00248454 -0.01976311 0.00494209
v 0.01175236 -0.05130541 0.01259415
v 0.00297547 -0.03456923 0.02095340
v 0.00297547 -0.03456923 0.00423490
v 0.00297547 -0.05497008 0.02465738
v 0.00297547 -0.05497008 0.00053091
v 0.00297547 -0.07956704 0.00263674
v 0.00297547 -0.07956704 0.02255155
v 0.00297547 -0.05041630 0.00142878
v 0.00297547 -0.05041630 0.02375952
v 0.00650526 -0.02410415 0.01472249
v 0.00650526 -0.02410415 0.01046582
v 0.00845439 -0.03428328 0.01002279
v -0.00724360 -0.07934925 0.00507159
v 0.00942377 -0.08053862 0.00869068
v -0.00463134 -0.02140996 0.01940374
v -0.00463134 -0.02140996 0.00578456
v -0.01154023 -0.05130541 0.01049965
v -0.00389378 -0.02413262 0.00603301
v -0.00389378 -0.02413262 0.01915528
v -0.00251932 -0.05461935 0.02470588
v 0.00775710 -0.08708941 0.01361539
v 0.00775710 -0.08708941 0.01157290
v -0.00898470 -0.03526176 0.01259415
v -0.00596736 -0.01994252 0.01856151
v -0.00596736 -0.01994252 0.00662679
v -0.00391208 -0.08708943 0.00581823
v -0.00391208 -0.08708943 0.01937004
v 0.00600196 -0.03183603 0.00654558
v 0.00600196 -0.03183603 0.01864271
v 0.00308528 -0.02071112 0.00539415
v 0.00308528 -0.02071112 0.01979415
v 0.00420351 -0.08025706 0.00797844
v -0.00754680 -0.05461935 0.02242932
v -0.00754680 -0.05461934 0.00275897
v -0.01104487 -0.00939449 0.01259415
f 135 133 116
f 135 116 120
f 133 131 111
f 133 111 116
f 116 111 136
f 116 136 141
f 120 116 141
f 120 141 145
f 138 142 115
f 138 115 119
f 142 137 112
f 142 112 115
f 115 112 131
f 115 131 133
f 119 115 133
f 119 133 135
f 94 98 52
f 94 52 49
f 98 92 47
f 98 47 52
f 52 47 137
f 52 137 142
f 49 52 142
f 49 142 138
f 130 127 72
f 130 72 68
f 127 122 67
f 127 67 72
f 72 67 92
f 72 92 98
f 68 72 98
f 68 98 94
f 9 6 85
f 9 85 89
f 6 2 81
f 6 81 85
f 85 81 122
f 85 122 127
f 89 85 127
f 89 127 130
f 153 157 105
f 153 105 109
f 157 152 101
f 157 101 105
f 105 101 2
f 105 2 6
f 109 105 6
f 109 6 9
f 19 23 42
f 19 42 38
f 23 17 37
f 23 37 42
f 42 37 152
f 42 152 157
f 38 42 157
f 38 157 153
f 35 32 62
f 35 62 59
f 32 27 57
f 32 57 62
f 62 57 17
f 62 17 23
f 59 62 23
f 59 23 19
f 150 148 14
f 150 14 79
f 148 146 12
f 148 12 14
f 14 12 27
f 14 27 32
f 79 14 32
f 79 32 35
f 28 31 15
f 28 15 80
f 31 26 11
f 31 11 15
f 15 11 146
f 15 146 148
f 80 15 148
f 80 148 150
f 18 22 61
f 18 61 58
f 22 16 56
f 22 56 61
f 61 56 26
f 61 26 31
f 58 61 31
f 58 31 28
f 160 156 41
f 160 41 39
f 156 151 36
f 156 36 41
f 41 36 16
f 41 16 22
f 39 41 22
f 39 22 18
f 10 5 106
f 10 106 110
f 5 1 102
f 5 102 106
f 106 102 151
f 106 151 156
f 110 106 156
f 110 156 160
f 123 126 86
f 123 86 90
f 126 121 82
f 126 82 86
f 86 82 1
f 86 1 5
f 90 86 5
f 90 5 10
f 93 97 71
f 93 71 69
f 97 91 66
f 97 66 71
f 71 66 121
f 71 121 126
f 69 71 126
f 69 126 123
f 145 141 51
f 145 51 48
f 141 136 46
f 141 46 51
f 51 46 91
f 51 91 97
f 48 51 97
f 48 97 93
f 93 69 75
f 93 75 96
f 69 123 124
f 69 124 75
f 75 124 128
f 75 128 73
f 96 75 73
f 96 73 100
f 123 90 84
f 123 84 124
f 90 10 4
f 90 4 84
f 84 4 8
f 84 8 88
f 124 84 88
f 124 88 128
f 10 110 104
f 10 104 4
f 110 160 154
f 110 154 104
f 104 154 158
f 104 158 108
f 4 104 108
f 4 108 8
f 160 39 40
f 160 40 154
f 39 18 21
f 39 21 40
f 40 21 25
f 40 25 43
f 154 40 43
f 154 43 158
f 18 58 65
f 18 65 21
f 58 28 30
f 58 30 65
f 65 30 34
f 65 34 64
f 21 65 64
f 21 64 25
f 28 80 13
f 28 13 30
f 80 150 147
f 80 147 13
f 13 147 149
f 13 149 78
f 30 13 78
f 30 78 34
f 150 79 76
f 150 76 147
f 79 35 29
f 79 29 76
f 76 29 33
f 76 33 77
f 147 76 77
f 147 77 149
f 35 59 60
f 35 60 29
f 59 19 20
f 59 20 60
f 60 20 24
f 60 24 63
f 29 60 63
f 29 63 33
f 19 38 45
f 19 45 20
f 38 153 155
f 38 155 45
f 45 155 159
f 45 159 44
f 20 45 44
f 20 44 24
f 153 109 103
f 153 103 155
f 109 9 3
f 109 3 103
f 103 3 7
f 103 7 107
f 155 103 107
f 155 107 159
f 9 89 83
f 9 83 3
f 89 130 125
f 89 125 83
f 83 125 129
f 83 129 87
f 3 83 87
f 3 87 7
f 130 68 70
f 130 70 125
f 68 94 95
f 68 95 70
f 70 95 99
f 70 99 74
f 125 70 74
f 125 74 129
f 94 49 55
f 94 55 95
f 49 138 139
f 49 139 55
f 55 139 143
f 55 143 54
f 95 55 54
f 95 54 99
f 138 119 113
f 138 113 139
f 119 135 132
f 119 132 113
f 113 132 134
f 113 134 117
f 139 113 117
f 139 117 143
f 135 120 114
f 135 114 132
f 120 145 140
f 120 140 114
f 114 140 144
f 114 144 118
f 132 114 118
f 132 118 134
f 145 48 50
f 145 50 140
f 48 93 96
f 48 96 50
f 50 96 100
f 50 100 53
f 140 50 53
f 140 53 144
f 181 426 465
f 181 465 194
f 426 296 371
f 426 371 465
f 465 371 229
f 465 229 401
f 194 465 401
f 194 401 489
f 241 466 356
f 241 356 297
f 466 377 254
f 466 254 356
f 356 254 186
f 356 186 486
f 297 356 486
f 297 486 284
f 171 414 260
f 171 260 175
f 414 241 297
f 414 297 260
f 260 297 284
f 260 284 478
f 175 260 478
f 175 478 166
f 313 469 429
f 313 429 255
f 469 171 175
f 469 175 429
f 429 175 166
f 429 166 398
f 255 429 398
f 255 398 272
f 190 209 328
f 190 328 300
f 209 313 255
f 209 255 328
f 328 255 272
f 328 272 395
f 300 328 395
f 300 395 379
f 484 294 417
f 484 417 381
f 294 190 300
f 294 300 417
f 417 300 379
f 417 379 347
f 381 417 347
f 381 347 438
f 440 234 388
f 440 388 210
f 234 484 381
f 234 381 388
f 388 381 438
f 388 438 282
f 210 388 282
f 210 282 470
f 485 235 387
f 485 387 382
f 235 440 210
f 235 210 387
f 387 210 470
f 387 470 283
f 382 387 283
f 382 283 439
f 191 295 418
f 191 418 299
f 295 485 382
f 295 382 418
f 418 382 439
f 418 439 348
f 299 418 348
f 299 348 380
f 312 208 327
f 312 327 256
f 208 191 299
f 208 299 327
f 327 299 380
f 327 380 396
f 256 327 396
f 256 396 273
f 172 468 430
f 172 430 176
f 468 312 256
f 468 256 430
f 430 256 273
f 430 273 399
f 176 430 399
f 176 399 165
f 240 413 261
f 240 261 298
f 413 172 176
f 413 176 261
f 261 176 165
f 261 165 479
f 298 261 479
f 298 479 285
f 378 467 355
f 378 355 253
f 467 240 298
f 467 298 355
f 355 298 285
f 355 285 487
f 253 355 487
f 253 487 187
f 193 386 462
f 193 462 185
f 386 378 253
f 386 253 462
f 462 253 187
f 462 187 340
f 185 462 340
f 185 340 239
f 437 446 494
f 437 494 463
f 446 193 185
f 446 185 494
f 494 185 239
f 494 239 406
f 463 494 406
f 463 406 407
f 192 445 495
f 192 495 184
f 445 437 463
f 445 463 495
f 495 463 407
f 495 407 405
f 184 495 405
f 184 405 238
f 377 385 461
f 377 461 254
f 385 192 184
f 385 184 461
f 461 184 238
f 461 238 339
f 254 461 339
f 254 339 186
f 238 441 431
f 238 431 339
f 441 301 496
f 441 496 431
f 431 496 315
f 431 315 481
f 339 431 481
f 339 481 186
f 407 412 338
f 407 338 405
f 412 410 311
f 412 311 338
f 338 311 301
f 338 301 441
f 405 338 441
f 405 441 238
f 239 442 337
f 239 337 406
f 442 302 310
f 442 310 337
f 337 310 410
f 337 410 412
f 406 337 412
f 406 412 407
f 187 480 432
f 187 432 340
f 480 314 497
f 480 497 432
f 432 497 302
f 432 302 442
f 340 432 442
f 340 442 239
f 285 290 236
f 285 236 487
f 290 360 303
f 290 303 236
f 236 303 314
f 236 314 480
f 487 236 480
f 487 480 187
f 165 179 263
f 165 263 479
f 179 173 332
f 179 332 263
f 263 332 360
f 263 360 290
f 479 263 290
f 479 290 285
f 273 400 424
f 273 424 399
f 400 205 223
f 400 223 424
f 424 223 173
f 424 173 179
f 399 424 179
f 399 179 165
f 380 198 321
f 380 321 396
f 198 373 250
f 198 250 321
f 321 250 205
f 321 205 400
f 396 321 400
f 396 400 273
f 439 435 444
f 439 444 348
f 435 252 383
f 435 383 444
f 444 383 373
f 444 373 198
f 348 444 198
f 348 198 380
f 470 475 217
f 470 217 283
f 475 473 243
f 475 243 217
f 217 243 252
f 217 252 435
f 283 217 435
f 283 435 439
f 438 436 218
f 438 218 282
f 436 251 242
f 436 242 218
f 218 242 473
f 218 473 475
f 282 218 475
f 282 475 470
f 379 197 443
f 379 443 347
f 197 374 384
f 197 384 443
f 443 384 251
f 443 251 436
f 347 443 436
f 347 436 438
f 272 269 322
f 272 322 395
f 269 204 249
f 269 249 322
f 322 249 374
f 322 374 197
f 395 322 197
f 395 197 379
f 166 180 425
f 166 425 398
f 180 174 224
f 180 224 425
f 425 224 204
f 425 204 269
f 398 425 269
f 398 269 272
f 284 291 264
f 284 264 478
f 291 359 331
f 291 331 264
f 264 331 174
f 264 174 180
f 478 264 180
f 478 180 166
f 186 481 237
f 186 237 486
f 481 315 304
f 481 304 237
f 237 304 359
f 237 359 291
f 486 237 291
f 486 291 284
f 301 433 329
f 301 329 496
f 496 329 346
f 496 346 315
f 410 411 288
f 410 288 311
f 311 288 433
f 311 433 301
f 302 434 289
f 302 289 310
f 310 289 411
f 310 411 410
f 314 345 330
f 314 330 497
f 497 330 434
f 497 434 302
f 360 316 362
f 360 362 303
f 303 362 345
f 303 345 314
f 173 177 232
f 173 232 332
f 332 232 316
f 332 316 360
f 205 370 447
f 205 447 223
f 223 447 177
f 223 177 173
f 373 215 203
f 373 203 250
f 250 203 370
f 250 370 205
f 252 257 354
f 252 354 383
f 383 354 215
f 383 215 373
f 473 474 271
f 473 271 243
f 243 271 257
f 243 257 252
f 251 258 270
f 251 270 242
f 242 270 474
f 242 474 473
f 374 216 353
f 374 353 384
f 384 353 258
f 384 258 251
f 204 369 202
f 204 202 249
f 249 202 216
f 249 216 374
f 174 178 448
f 174 448 224
f 224 448 369
f 224 369 204
f 359 317 233
f 359 233 331
f 331 233 178
f 331 178 174
f 315 346 361
f 315 361 304
f 304 361 317
f 304 317 359
f 325 357 230
f 325 230 266
f 357 188 421
f 357 421 230
f 230 421 377
f 230 377 466
f 266 230 466
f 266 466 241
f 163 227 324
f 163 324 182
f 227 325 266
f 227 266 324
f 324 266 241
f 324 241 414
f 182 324 414
f 182 414 171
f 225 455 363
f 225 363 423
f 455 163 182
f 455 182 363
f 363 182 171
f 363 171 469
f 423 363 469
f 423 469 313
f 488 206 452
f 488 452 268
f 206 225 423
f 206 423 452
f 452 423 313
f 452 313 209
f 268 452 209
f 268 209 190
f 419 402 427
f 419 427 476
f 402 488 268
f 402 268 427
f 427 268 190
f 427 190 294
f 476 427 294
f 476 294 484
f 296 372 397
f 296 397 305
f 372 419 476
f 372 476 397
f 397 476 484
f 397 484 234
f 305 397 234
f 305 234 440
f 229 371 196
f 229 196 477
f 371 296 305
f 371 305 196
f 196 305 440
f 196 440 235
f 477 196 235
f 477 235 485
f 489 401 428
f 489 428 267
f 401 229 477
f 401 477 428
f 428 477 485
f 428 485 295
f 267 428 295
f 267 295 191
f 226 207 451
f 226 451 422
f 207 489 267
f 207 267 451
f 451 267 191
f 451 191 208
f 422 451 208
f 422 208 312
f 164 456 364
f 164 364 183
f 456 226 422
f 456 422 364
f 364 422 312
f 364 312 468
f 183 364 468
f 183 468 172
f 326 228 323
f 326 323 265
f 228 164 183
f 228 183 323
f 323 183 172
f 323 172 413
f 265 323 413
f 265 413 240
f 189 358 231
f 189 231 420
f 358 326 265
f 358 265 231
f 231 265 240
f 231 240 467
f 420 231 467
f 420 467 378
f 453 286 449
f 453 449 404
f 286 189 420
f 286 420 449
f 449 420 378
f 449 378 386
f 404 449 386
f 404 386 193
f 259 199 483
f 259 483 248
f 199 453 404
f 199 404 483
f 483 404 193
f 483 193 446
f 248 483 446
f 248 446 437
f 454 200 482
f 454 482 403
f 200 259 248
f 200 248 482
f 482 248 437
f 482 437 445
f 403 482 445
f 403 445 192
f 188 287 450
f 188 450 421
f 287 454 403
f 287 403 450
f 450 403 192
f 450 192 385
f 421 450 385
f 421 385 377
f 181 161 393
f 181 393 195
f 161 163 455
f 161 455 393
f 393 455 225
f 393 225 206
f 195 393 206
f 195 206 488
f 181 162 292
f 181 292 375
f 162 164 228
f 162 228 292
f 292 228 326
f 292 326 358
f 375 292 358
f 375 358 189
f 188 357 293
f 188 293 376
f 357 325 227
f 357 227 293
f 293 227 163
f 293 163 161
f 376 293 161
f 376 161 181
f 454 287 416
f 454 416 200
f 287 188 376
f 287 376 416
f 416 376 181
f 416 181 262
f 200 416 262
f 200 262 259
f 164 162 394
f 164 394 456
f 162 181 194
f 162 194 394
f 394 194 489
f 394 489 207
f 456 394 207
f 456 207 226
f 259 262 415
f 259 415 199
f 262 181 375
f 262 375 415
f 415 375 189
f 415 189 286
f 199 415 286
f 199 286 453
f 296 426 464
f 296 464 372
f 426 181 195
f 426 195 464
f 464 195 488
f 464 488 402
f 372 464 402
f 372 402 419
f 329 276 342
f 329 342 346
f 458 274 276
f 458 276 460
f 274 344 342
f 274 342 276
f 433 460 276
f 433 276 329
f 288 368 460
f 288 460 433
f 409 366 368
f 409 368 408
f 366 458 460
f 366 460 368
f 411 408 368
f 411 368 288
f 289 367 408
f 289 408 411
f 457 365 367
f 457 367 459
f 365 409 408
f 365 408 367
f 434 459 367
f 434 367 289
f 330 277 459
f 330 459 434
f 343 275 277
f 343 277 341
f 275 457 459
f 275 459 277
f 345 341 277
f 345 277 330
f 362 309 341
f 362 341 345
f 390 307 309
f 390 309 392
f 307 343 341
f 307 341 309
f 316 392 309
f 316 309 362
f 232 335 392
f 232 392 316
f 169 333 335
f 169 335 167
f 333 390 392
f 333 392 335
f 177 167 335
f 177 335 232
f 447 351 167
f 447 167 177
f 491 349 351
f 491 351 493
f 349 169 167
f 349 167 351
f 370 493 351
f 370 351 447
f 203 247 493
f 203 493 370
f 213 245 247
f 213 247 211
f 245 491 493
f 245 493 247
f 215 211 247
f 215 247 203
f 354 280 211
f 354 211 215
f 219 278 280
f 219 280 221
f 278 213 211
f 278 211 280
f 257 221 280
f 257 280 354
f 271 320 221
f 271 221 257
f 472 318 320
f 472 320 471
f 318 219 221
f 318 221 320
f 474 471 320
f 474 320 271
f 270 201 471
f 270 471 474
f 220 319 201
f 220 201 222
f 319 472 471
f 319 471 201
f 258 222 201
f 258 201 270
f 353 281 222
f 353 222 258
f 214 279 281
f 214 281 212
f 279 220 222
f 279 222 281
f 216 212 281
f 216 281 353
f 202 246 212
f 202 212 216
f 490 244 246
f 490 246 492
f 244 214 212
f 244 212 246
f 369 492 246
f 369 246 202
f 448 352 492
f 448 492 369
f 170 350 352
f 170 352 168
f 350 490 492
f 350 492 352
f 178 168 352
f 178 352 448
f 233 336 168
f 233 168 178
f 389 334 336
f 389 336 391
f 334 170 168
f 334 168 336
f 317 391 336
f 317 336 233
f 361 308 391
f 361 391 317
f 344 306 308
f 344 308 342
f 306 389 391
f 306 391 308
f 346 342 308
f 346 308 361
f 558 2460 2252
f 3343 1760 3973
f 618 2234 1571
f 619 1186 4391
f 1221 4430 1747
f 3274 3070 2067
f 3421 3206 2975
f 3275 4524 2147
f 3422 2011 4049
f 1220 4506 3888
f 3619 3458 3272
f 559 3549 891
f 3342 2260 2599
f 2522 4918 1404
f 4175 3855 2219
f 3747 3490 4841
f 3618 1370 3257
f 4174 4309 1657
f 2523 4126 562
f 3748 1178 3959
f 1771 2323 3331
f 3203 3568 2160
f 1772 2965 1200
f 3204 2540 4865
f 1350 781 1676
f 2994 4846 1594
f 3814 802 4238
f 2031 3098 1285
f 4362 2740 1932
f 4786 3585 3863
f 1881 2991 3241
f 2833 2619 2831
f 2834 3615 2832
f 3800 2901 1727
f 716 2809 4376
f 3994 2285 1457
f 2741 3394 4431
f 2825 3614 2823
f 2824 2620 2826
f 1337 3017 4237
f 2896 2262 3966
f 4374 1817 1458
f 2810 3187 1286
f 1732 4183 3471
f 2557 4890 1931
f 2365 1708 1537
f 2068 3659 3936
f 4840 1745 1224
f 893 4787 655
f 3248 3723 4459
f 1077 4771 1080
f 1079 3027 1078
f 1689 1477 1593
f 1688 4917 3312
f 1785 1150 2701
f 2096 1882 4460
f 1962 1679 3862
f 1070 3028 1071
f 1072 4772 1069
f 2716 3579 3937
f 4260 949 2232
f 784 1961 4375
f 2030 863 1726
f 3415 4953 1859
f 1334 4331 3311
f 3967 902 3470
f 3985 1177 2930
f 1380 736 624
f 3925 3889 2702
f 864 816 2405
f 2812 1400 2742
f 4241 720 4062
f 1807 3801 2406
f 3920 1821 1538
f 2420 4273 4769
f 613 4921 4770
f 4388 2465 2231
f 4981 4265 625
f 3927 793 4432
f 3318 4186 4061
f 4692 2565 1858
f 3397 997 4351
f 2167 4940 4834
f 2167 4834 1816
f 4940 4083 4527
f 4940 4527 4834
f 1698 3036 3443
f 1698 3443 2930
f 3036 3752 2148
f 3036 2148 3443
f 3752 4137 4643
f 3752 4643 2148
f 2930 3443 827
f 2930 827 3985
f 3443 2148 531
f 3443 531 827
f 2148 4643 1605
f 2148 1605 531
f 4950 3080 2167
f 4950 2167 1212
f 3080 2992 4940
f 3080 4940 2167
f 2992 4356 4083
f 2992 4083 4940
f 4356 4752 1698
f 4356 1698 4083
f 4752 3282 3036
f 4752 3036 1698
f 3282 1505 3752
f 3282 3752 3036
f 1505 3054 4137
f 1505 4137 3752
f 3054 3637 4028
f 3054 4028 4137
f 4137 4028 3023
f 4137 3023 4643
f 4643 3023 1452
f 4643 1452 1605
f 1212 2167 1816
f 1212 1816 2452
f 567 4944 1205
f 567 1205 1193
f 4944 1918 2335
f 4944 2335 1205
f 1918 4765 2339
f 1918 2339 2335
f 4765 2351 1502
f 4765 1502 2339
f 2351 4856 1971
f 2351 1971 1502
f 4856 4348 3938
f 4856 3938 1971
f 2703 3544 567
f 2703 567 879
f 3544 4167 4944
f 3544 4944 567
f 4167 4181 1918
f 4167 1918 4944
f 4181 4452 4765
f 4181 4765 1918
f 4452 790 2351
f 4452 2351 4765
f 790 2273 4856
f 790 4856 2351
f 2273 935 4348
f 2273 4348 4856
f 935 4184 3789
f 935 3789 4348
f 4348 3789 3454
f 4348 3454 3938
f 879 567 1193
f 879 1193 3735
f 1677 3228 2111
f 1677 2111 1392
f 3228 652 2005
f 3228 2005 2111
f 652 1895 2697
f 652 2697 2005
f 1895 4017 4168
f 1895 4168 2697
f 4017 3686 1142
f 4017 1142 4168
f 3686 3131 2407
f 3686 2407 1142
f 1392 2111 4983
f 1392 4983 2764
f 2111 2005 3389
f 2111 3389 4983
f 2005 2697 2448
f 2005 2448 3389
f 2697 4168 1289
f 2697 1289 2448
f 4168 1142 1837
f 4168 1837 1289
f 1142 2407 1359
f 1142 1359 1837
f 2764 4983 4366
f 2764 4366 3032
f 4983 3389 830
f 4983 830 4366
f 3389 2448 722
f 3389 722 830
f 2448 1289 1261
f 2448 1261 722
f 1289 1837 1814
f 1289 1814 1261
f 1837 1359 2429
f 1837 2429 1814
f 3032 4366 943
f 3032 943 4424
f 4366 830 573
f 4366 573 943
f 830 722 878
f 830 878 573
f 722 1261 2990
f 722 2990 878
f 1261 1814 4336
f 1261 4336 2990
f 1814 2429 4297
f 1814 4297 4336
f 4424 943 4120
f 4424 4120 3208
f 943 573 2055
f 943 2055 4120
f 573 878 1796
f 573 1796 2055
f 878 2990 2563
f 878 2563 1796
f 2990 4336 4780
f 2990 4780 2563
f 4336 4297 3288
f 4336 3288 4780
f 3208 4120 3059
f 3208 3059 2676
f 4120 2055 4177
f 4120 4177 3059
f 2055 1796 2218
f 2055 2218 4177
f 1796 2563 2434
f 1796 2434 2218
f 2563 4780 4462
f 2563 4462 2434
f 4780 3288 4227
f 4780 4227 4462
f 1218 3104 1677
f 1218 1677 2258
f 3104 4143 3228
f 3104 3228 1677
f 4143 1444 652
f 4143 652 3228
f 1444 3871 1895
f 1444 1895 652
f 3871 3090 4017
f 3871 4017 1895
f 3090 4315 3686
f 3090 3686 4017
f 4315 2947 3131
f 4315 3131 3686
f 2947 1441 629
f 2947 629 3131
f 3131 629 3558
f 3131 3558 2407
f 2407 3558 2758
f 2407 2758 1359
f 1359 2758 541
f 1359 541 2429
f 2429 541 3935
f 2429 3935 4297
f 4297 3935 1861
f 4297 1861 3288
f 3288 1861 970
f 3288 970 4227
f 4227 970 4872
f 4227 4872 4190
f 4462 4227 4190
f 4462 4190 2225
f 2434 4462 2225
f 2434 2225 1318
f 2218 2434 1318
f 2218 1318 2629
f 4177 2218 2629
f 4177 2629 4037
f 3059 4177 4037
f 3059 4037 2713
f 2676 3059 2713
f 2676 2713 687
f 2754 2676 687
f 2754 687 3992
f 2603 3208 2676
f 2603 2676 2754
f 2916 4424 3208
f 2916 3208 2603
f 4610 3032 4424
f 4610 4424 2916
f 2923 2764 3032
f 2923 3032 4610
f 1433 1392 2764
f 1433 2764 2923
f 2258 1677 1392
f 2258 1392 1433
f 2241 1742 2586
f 2241 2586 1013
f 1742 1819 1654
f 1742 1654 2586
f 1819 885 2884
f 1819 2884 1654
f 885 1921 2079
f 885 2079 2884
f 1921 1382 1999
f 1921 1999 2079
f 1382 2266 2062
f 1382 2062 1999
f 1013 2586 2109
f 1013 2109 2183
f 2586 1654 4235
f 2586 4235 2109
f 1654 2884 3374
f 1654 3374 4235
f 2884 2079 1722
f 2884 1722 3374
f 2079 1999 3038
f 2079 3038 1722
f 1999 2062 2281
f 1999 2281 3038
f 2183 2109 3129
f 2183 3129 728
f 2109 4235 1527
f 2109 1527 3129
f 4235 3374 738
f 4235 738 1527
f 3374 1722 4634
f 3374 4634 738
f 1722 3038 3885
f 1722 3885 4634
f 3038 2281 2065
f 3038 2065 3885
f 728 3129 4731
f 728 4731 2980
f 3129 1527 2535
f 3129 2535 4731
f 1527 738 1308
f 1527 1308 2535
f 738 4634 4817
f 738 4817 1308
f 4634 3885 2670
f 4634 2670 4817
f 3885 2065 803
f 3885 803 2670
f 2980 4731 4578
f 2980 4578 4516
f 4731 2535 2223
f 4731 2223 4578
f 2535 1308 2507
f 2535 2507 2223
f 1308 4817 4774
f 1308 4774 2507
f 4817 2670 1624
f 4817 1624 4774
f 2670 803 3842
f 2670 3842 1624
f 4516 4578 1915
f 4516 1915 4906
f 4578 2223 3357
f 4578 3357 1915
f 2223 2507 2672
f 2223 2672 3357
f 2507 4774 4014
f 2507 4014 2672
f 4774 1624 3170
f 4774 3170 4014
f 1624 3842 741
f 1624 741 3170
f 752 1358 2241
f 752 2241 529
f 1358 1003 1742
f 1358 1742 2241
f 1003 2554 1819
f 1003 1819 1742
f 2554 3379 885
f 2554 885 1819
f 3379 4616 1921
f 3379 1921 885
f 4616 1038 1382
f 4616 1382 1921
f 1038 1854 2266
f 1038 2266 1382
f 1854 666 4718
f 1854 4718 2266
f 2266 4718 1663
f 2266 1663 2062
f 2062 1663 2300
f 2062 2300 2281
f 2281 2300 1524
f 2281 1524 2065
f 2065 1524 2928
f 2065 2928 803
f 803 2928 4055
f 803 4055 3842
f 3842 4055 2475
f 3842 2475 741
f 741 2475 764
f 741 764 1436
f 3170 741 1436
f 3170 1436 3428
f 4014 3170 3428
f 4014 3428 4339
f 2672 4014 4339
f 2672 4339 1300
f 3357 2672 1300
f 3357 1300 1606
f 1915 3357 1606
f 1915 1606 1207
f 4906 1915 1207
f 4906 1207 4928
f 2250 4906 4928
f 2250 4928 1658
f 4640 4516 4906
f 4640 4906 2250
f 3137 2980 4516
f 3137 4516 4640
f 4919 728 2980
f 4919 2980 3137
f 1564 2183 728
f 1564 728 4919
f 4648 1013 2183
f 4648 2183 1564
f 529 2241 1013
f 529 1013 4648
f 3480 2058 1060
f 3480 1060 1135
f 2058 2315 3433
f 2058 3433 1060
f 2315 2961 3145
f 2315 3145 3433
f 2961 1635 853
f 2961 853 3145
f 1635 2498 2310
f 1635 2310 853
f 2498 4896 4479
f 2498 4479 2310
f 1135 1060 897
f 1135 897 2655
f 1060 3433 1386
f 1060 1386 897
f 3433 3145 4346
f 3433 4346 1386
f 3145 853 3578
f 3145 3578 4346
f 853 2310 2969
f 853 2969 3578
f 2310 4479 4832
f 2310 4832 2969
f 2655 897 759
f 2655 759 3168
f 897 1386 2419
f 897 2419 759
f 1386 4346 4897
f 1386 4897 2419
f 4346 3578 1016
f 4346 1016 4897
f 3578 2969 1793
f 3578 1793 1016
f 2969 4832 867
f 2969 867 1793
f 3168 759 1849
f 3168 1849 3467
f 759 2419 1408
f 759 1408 1849
f 2419 4897 2289
f 2419 2289 1408
f 4897 1016 3941
f 4897 3941 2289
f 1016 1793 4326
f 1016 4326 3941
f 1793 867 3377
f 1793 3377 4326
f 3467 1849 3064
f 3467 3064 4638
f 1849 1408 3996
f 1849 3996 3064
f 1408 2289 1011
f 1408 1011 3996
f 2289 3941 1888
f 2289 1888 1011
f 3941 4326 1996
f 3941 1996 1888
f 4326 3377 1912
f 4326 1912 1996
f 4638 3064 2191
f 4638 2191 3412
f 3064 3996 2131
f 3064 2131 2191
f 3996 1011 4735
f 3996 4735 2131
f 1011 1888 2050
f 1011 2050 4735
f 1888 1996 2548
f 1888 2548 2050
f 1996 1912 1671
f 1996 1671 2548
f 3992 687 3480
f 3992 3480 3404
f 687 2713 2058
f 687 2058 3480
f 2713 4037 2315
f 2713 2315 2058
f 4037 2629 2961
f 4037 2961 2315
f 2629 1318 1635
f 2629 1635 2961
f 1318 2225 2498
f 1318 2498 1635
f 2225 4190 4896
f 2225 4896 2498
f 4190 4872 3197
f 4190 3197 4896
f 4896 3197 1581
f 4896 1581 4479
f 4479 1581 954
f 4479 954 4832
f 4832 954 4124
f 4832 4124 867
f 867 4124 3368
f 867 3368 3377
f 3377 3368 2270
f 3377 2270 1912
f 1912 2270 910
f 1912 910 1671
f 1671 910 4950
f 1671 4950 3809
f 2548 1671 3809
f 2548 3809 1953
f 2050 2548 1953
f 2050 1953 1036
f 4735 2050 1036
f 4735 1036 4991
f 2131 4735 4991
f 2131 4991 1376
f 2191 2131 1376
f 2191 1376 2892
f 3412 2191 2892
f 3412 2892 4292
f 3338 3412 4292
f 3338 4292 4885
f 3703 4638 3412
f 3703 3412 3338
f 2376 3467 4638
f 2376 4638 3703
f 1759 3168 3467
f 1759 3467 2376
f 754 2655 3168
f 754 3168 1759
f 1008 1135 2655
f 1008 2655 754
f 3404 3480 1135
f 3404 1135 1008
f 2245 1874 1441
f 2245 1441 2947
f 770 2245 2947
f 770 2947 4315
f 3316 770 4315
f 3316 4315 3090
f 1902 3316 3090
f 1902 3090 3871
f 2054 1902 3871
f 2054 3871 1444
f 672 2054 1444
f 672 1444 4143
f 3309 672 4143
f 3309 4143 3104
f 1294 3309 3104
f 1294 3104 1218
f 4351 656 3981
f 4351 3981 3427
f 3427 3981 2889
f 3427 2889 1021
f 2765 3427 1021
f 2765 1021 2209
f 2433 2765 2209
f 2433 2209 2051
f 1910 2433 2051
f 1910 2051 1437
f 2311 1910 1437
f 2311 1437 3094
f 2425 2311 3094
f 2425 3094 3457
f 1567 2425 3457
f 1567 3457 3553
f 1874 1567 3553
f 1874 3553 1441
f 4460 4389 2093
f 4460 2093 3872
f 3872 2093 1195
f 3872 1195 3348
f 3348 1195 4871
f 3348 4871 4071
f 4071 4871 2853
f 4071 2853 4437
f 880 2704 2997
f 880 2997 3407
f 3407 2997 887
f 3407 887 851
f 851 887 663
f 851 663 4389
f 4389 663 3662
f 4389 3662 2093
f 2093 3662 1592
f 2093 1592 1195
f 1195 1592 3857
f 1195 3857 4871
f 4871 3857 4931
f 4871 4931 2853
f 2853 4931 4287
f 2853 4287 2700
f 4437 2853 2700
f 4437 2700 4062
f 3813 3114 3496
f 3813 3496 2041
f 3114 1366 3016
f 3114 3016 3496
f 2041 3496 558
f 2041 558 681
f 941 3478 3046
f 941 3046 3673
f 3512 1251 1760
f 3512 1760 3343
f 3287 873 3813
f 3287 3813 3417
f 873 4145 3114
f 873 3114 3813
f 4145 4070 1366
f 4145 1366 3114
f 1638 3512 3343
f 1638 3343 915
f 1493 3673 3512
f 1493 3512 1638
f 1246 941 3673
f 1246 3673 1493
f 2637 681 941
f 2637 941 1246
f 2236 2041 681
f 2236 681 2637
f 3417 3813 2041
f 3417 2041 2236
f 2646 4425 581
f 2646 581 1090
f 4425 2538 2329
f 4425 2329 581
f 2538 3594 2200
f 2538 2200 2329
f 3594 1956 1092
f 3594 1092 2200
f 1956 4851 1900
f 1956 1900 1092
f 4851 1314 3074
f 4851 3074 1900
f 1090 581 3336
f 1090 3336 3520
f 581 2329 3968
f 581 3968 3336
f 2329 2200 4902
f 2329 4902 3968
f 1092 1900 3268
f 1092 3268 3937
f 1900 3074 1927
f 1900 1927 3268
f 3937 3268 2119
f 3937 2119 2716
f 752 1548 2646
f 752 2646 3179
f 1548 945 4425
f 1548 4425 2646
f 945 1391 2538
f 945 2538 4425
f 1391 3567 3594
f 1391 3594 2538
f 3567 1801 1956
f 3567 1956 3594
f 1801 3877 4851
f 1801 4851 1956
f 3877 667 1314
f 3877 1314 4851
f 667 2606 4979
f 667 4979 1314
f 1314 4979 4741
f 1314 4741 3074
f 1927 1266 2166
f 1927 2166 4614
f 1932 1090 3520
f 1932 3520 4362
f 3179 2646 1090
f 3179 1090 1932
f 2584 2414 1979
f 2584 1979 4523
f 2414 2464 4876
f 2414 4876 1979
f 2464 4859 2039
f 2464 2039 4876
f 4859 2574 1584
f 4859 1584 2039
f 2574 3997 1166
f 2574 1166 1584
f 3997 4827 2768
f 3997 2768 1166
f 4523 1979 3613
f 4523 3613 1032
f 1979 4876 2854
f 1979 2854 3613
f 4876 2039 4383
f 4876 4383 2854
f 2039 1584 1346
f 2039 1346 4383
f 1584 1166 1737
f 1584 1737 1346
f 1166 2768 5001
f 1166 5001 1737
f 1032 3613 1719
f 1032 1719 1838
f 3613 2854 1985
f 3613 1985 1719
f 2854 4383 4381
f 2854 4381 1985
f 4383 1346 2304
f 4383 2304 4381
f 1346 1737 2871
f 1346 2871 2304
f 1737 5001 3655
f 1737 3655 2871
f 1838 1719 3894
f 1838 3894 2033
f 1719 1985 988
f 1719 988 3894
f 1985 4381 1468
f 1985 1468 988
f 4381 2304 2559
f 4381 2559 1468
f 2304 2871 4621
f 2304 4621 2559
f 2871 3655 1576
f 2871 1576 4621
f 2033 3894 3749
f 2033 3749 773
f 3894 988 2940
f 3894 2940 3749
f 988 1468 4514
f 988 4514 2940
f 1468 2559 698
f 1468 698 4514
f 2559 4621 2450
f 2559 2450 698
f 4621 1576 1553
f 4621 1553 2450
f 773 3749 4475
f 773 4475 4788
f 3749 2940 1419
f 3749 1419 4475
f 2940 4514 2592
f 2940 2592 1419
f 4514 698 2883
f 4514 2883 2592
f 698 2450 4040
f 698 4040 2883
f 2450 1553 2746
f 2450 2746 4040
f 3993 2753 2584
f 3993 2584 2838
f 2753 2604 2414
f 2753 2414 2584
f 2604 2917 2464
f 2604 2464 2414
f 2917 4609 4859
f 2917 4859 2464
f 4609 2922 2574
f 4609 2574 4859
f 2922 1434 3997
f 2922 3997 2574
f 1434 2259 4827
f 1434 4827 3997
f 2259 1219 890
f 2259 890 4827
f 4827 890 2998
f 4827 2998 2768
f 2768 2998 3225
f 2768 3225 5001
f 5001 3225 4709
f 5001 4709 3655
f 3655 4709 2346
f 3655 2346 1576
f 1576 2346 4464
f 1576 4464 1553
f 1553 4464 1733
f 1553 1733 2746
f 2746 1733 4026
f 2746 4026 916
f 4040 2746 916
f 4040 916 1637
f 2883 4040 1637
f 2883 1637 1494
f 2592 2883 1494
f 2592 1494 1247
f 1419 2592 1247
f 1419 1247 2638
f 4475 1419 2638
f 4475 2638 2235
f 4788 4475 2235
f 4788 2235 3416
f 3698 4788 3416
f 3698 3416 3286
f 826 773 4788
f 826 4788 3698
f 1344 2033 773
f 1344 773 826
f 1310 1838 2033
f 1310 2033 1344
f 4777 1032 1838
f 4777 1838 1310
f 4538 4523 1032
f 4538 1032 4777
f 2838 2584 4523
f 2838 4523 4538
f 4959 4961 3788
f 4959 3788 3035
f 3921 3863 4449
f 3921 4449 4532
f 3863 3585 2808
f 3863 2808 4449
f 4532 4449 2324
f 4532 2324 1000
f 4449 2808 3328
f 4449 3328 2324
f 1000 2324 1565
f 1000 1565 3517
f 2324 3328 1305
f 2324 1305 1565
f 3517 1565 1215
f 3517 1215 3745
f 1219 1293 4959
f 1219 4959 890
f 1293 3491 4961
f 1293 4961 4959
f 3745 1215 2522
f 3745 2522 1223
f 1733 3745 1223
f 1733 1223 4026
f 4464 3517 3745
f 4464 3745 1733
f 2346 1000 3517
f 2346 3517 4464
f 4709 4532 1000
f 4709 1000 2346
f 3225 3921 4532
f 3225 4532 4709
f 2998 3035 3921
f 2998 3921 3225
f 890 4959 3035
f 890 3035 2998
f 4375 2013 2820
f 4375 2820 1512
f 2013 4454 2280
f 2013 2280 2820
f 4555 2113 651
f 4555 651 3414
f 2113 1661 3632
f 2113 3632 651
f 1661 1512 4300
f 1661 4300 3632
f 1512 2820 2542
f 1512 2542 4300
f 2820 2280 4477
f 2820 4477 2542
f 2280 2701 1714
f 2280 1714 4477
f 3414 651 4623
f 3414 4623 1311
f 651 3632 1274
f 651 1274 4623
f 3632 4300 3008
f 3632 3008 1274
f 4300 2542 4418
f 4300 4418 3008
f 2542 4477 3754
f 2542 3754 4418
f 4477 1714 717
f 4477 717 3754
f 1311 4623 3907
f 1311 3907 3530
f 4623 1274 2230
f 4623 2230 3907
f 1274 3008 3551
f 1274 3551 2230
f 3008 4418 2073
f 3008 2073 3551
f 4418 3754 2693
f 4418 2693 2073
f 3754 717 2479
f 3754 2479 2693
f 1714 721 3238
f 1714 3238 717
f 2479 1014 1348
f 2479 1348 2205
f 2693 2479 2205
f 2693 2205 895
f 2073 2693 895
f 2073 895 4127
f 3551 2073 4127
f 3551 4127 3850
f 2230 3551 3850
f 2230 3850 1338
f 3907 2230 1338
f 3907 1338 1130
f 3530 3907 1130
f 3530 1130 3468
f 3150 3530 3468
f 3150 3468 3372
f 3461 1311 3530
f 3461 3530 3150
f 3434 3414 1311
f 3434 1311 3461
f 3422 4555 3414
f 3422 3414 3434
f 957 2689 3076
f 957 3076 4798
f 2689 4213 2132
f 2689 2132 3076
f 4213 948 686
f 4213 686 2132
f 948 2635 1550
f 948 1550 686
f 2635 3450 2364
f 2635 2364 1550
f 3450 787 3123
f 3450 3123 2364
f 4798 3076 4053
f 4798 4053 1787
f 3076 2132 861
f 3076 861 4053
f 2132 686 1704
f 2132 1704 861
f 686 1550 4243
f 686 4243 1704
f 1550 2364 2481
f 1550 2481 4243
f 2364 3123 1291
f 2364 1291 2481
f 1787 4053 3254
f 1787 3254 3909
f 4053 861 3882
f 4053 3882 3254
f 861 1704 2028
f 861 2028 3882
f 1704 4243 3658
f 1704 3658 2028
f 4243 2481 532
f 4243 532 3658
f 2481 1291 3330
f 2481 3330 532
f 3909 3254 2287
f 3909 2287 3082
f 3254 3882 1762
f 3254 1762 2287
f 3882 2028 1109
f 3882 1109 1762
f 2028 3658 2047
f 2028 2047 1109
f 3658 532 3324
f 3658 3324 2047
f 532 3330 1237
f 532 1237 3324
f 3082 2287 2243
f 3082 2243 2477
f 2287 1762 2077
f 2287 2077 2243
f 1762 1109 4377
f 1762 4377 2077
f 1109 2047 3635
f 1109 3635 4377
f 2047 3324 1209
f 2047 1209 3635
f 3324 1237 4904
f 3324 4904 1209
f 2477 2243 1407
f 2477 1407 1702
f 2243 2077 3867
f 2243 3867 1407
f 2077 4377 1472
f 2077 1472 3867
f 4377 3635 4606
f 4377 4606 1472
f 3635 1209 4216
f 3635 4216 4606
f 1209 4904 2756
f 1209 2756 4216
f 1659 2249 957
f 1659 957 2787
f 2249 4641 2689
f 2249 2689 957
f 4641 3136 4213
f 4641 4213 2689
f 3136 4920 948
f 3136 948 4213
f 4920 1563 2635
f 4920 2635 948
f 1563 4649 3450
f 1563 3450 2635
f 4649 528 787
f 4649 787 3450
f 528 751 1547
f 528 1547 787
f 787 1547 946
f 787 946 3123
f 3123 946 1390
f 3123 1390 1291
f 1291 1390 3566
f 1291 3566 3330
f 3330 3566 1800
f 3330 1800 1237
f 1237 1800 3876
f 1237 3876 4904
f 4904 3876 668
f 4904 668 2756
f 2756 668 2605
f 2756 2605 3666
f 4216 2756 3666
f 4216 3666 3946
f 4606 4216 3946
f 4606 3946 2278
f 1472 4606 2278
f 1472 2278 2097
f 3867 1472 2097
f 3867 2097 3901
f 1407 3867 3901
f 1407 3901 2581
f 1702 1407 2581
f 1702 2581 1169
f 2904 1702 1169
f 2904 1169 3365
f 4805 2477 1702
f 4805 1702 2904
f 820 3082 2477
f 820 2477 4805
f 2618 3909 3082
f 2618 3082 820
f 1892 1787 3909
f 1892 3909 2618
f 1115 4798 1787
f 1115 1787 1892
f 2787 957 4798
f 2787 4798 1115
f 4562 2988 1230
f 4562 1230 512
f 512 1230 3102
f 512 3102 3346
f 3346 3102 2088
f 3346 2088 3449
f 3449 2088 4722
f 3449 4722 4559
f 1726 4559 3769
f 1726 3769 2411
f 4559 4722 3538
f 4559 3538 3769
f 2411 3769 3571
f 2411 3571 4736
f 3769 3538 860
f 3769 860 3571
f 3747 2486 2988
f 3747 2988 4562
f 2486 4884 4091
f 2486 4091 2988
f 2988 4091 4694
f 2988 4694 1230
f 1230 4694 4256
f 1230 4256 3102
f 3102 4256 2116
f 3102 2116 2088
f 2088 2116 4857
f 2088 4857 4722
f 4722 4857 4443
f 4722 4443 3538
f 3538 4443 4948
f 3538 4948 860
f 860 4948 3983
f 860 3983 1674
f 3571 860 1674
f 3571 1674 3643
f 4847 2196 3304
f 4847 3304 2527
f 2196 3950 2395
f 2196 2395 3304
f 3950 4690 4930
f 3950 4930 2395
f 4690 1428 4470
f 4690 4470 4930
f 1428 1235 3570
f 1428 3570 4470
f 1235 4681 1870
f 1235 1870 3570
f 2527 3304 3183
f 2527 3183 882
f 3304 2395 4077
f 3304 4077 3183
f 2395 4930 4951
f 2395 4951 4077
f 4930 4470 4761
f 4930 4761 4951
f 4470 3570 1586
f 4470 1586 4761
f 3570 1870 3887
f 3570 3887 1586
f 882 3183 560
f 882 560 537
f 3183 4077 2970
f 3183 2970 560
f 4077 4951 1963
f 4077 1963 2970
f 4951 4761 2706
f 4951 2706 1963
f 4761 1586 638
f 4761 638 2706
f 1586 3887 4409
f 1586 4409 638
f 537 560 2342
f 537 2342 4420
f 560 2970 1936
f 560 1936 2342
f 2970 1963 1082
f 2970 1082 1936
f 1963 2706 4910
f 1963 4910 1082
f 2706 638 3376
f 2706 3376 4910
f 638 4409 800
f 638 800 3376
f 4420 2342 2711
f 4420 2711 1776
f 2342 1936 3013
f 2342 3013 2711
f 1936 1082 2215
f 1936 2215 3013
f 1082 4910 3610
f 1082 3610 2215
f 4910 3376 4350
f 4910 4350 3610
f 3376 800 1449
f 3376 1449 4350
f 1776 2711 1424
f 1776 1424 1159
f 2711 3013 2045
f 2711 2045 1424
f 3013 2215 701
f 3013 701 2045
f 2215 3610 2724
f 2215 2724 701
f 3610 4350 2513
f 3610 2513 2724
f 4350 1449 4955
f 4350 4955 2513
f 4884 3337 4847
f 4884 4847 4091
f 3337 3704 2196
f 3337 2196 4847
f 3704 2377 3950
f 3704 3950 2196
f 2377 719 4690
f 2377 4690 3950
f 719 753 1428
f 719 1428 4690
f 753 1009 1235
f 753 1235 1428
f 1009 3403 4681
f 1009 4681 1235
f 3403 3993 2838
f 3403 2838 4681
f 4681 2838 4538
f 4681 4538 1870
f 1870 4538 4777
f 1870 4777 3887
f 3887 4777 1310
f 3887 1310 4409
f 4409 1310 1344
f 4409 1344 800
f 800 1344 826
f 800 826 1449
f 1449 826 3698
f 1449 3698 4955
f 4955 3698 3286
f 4955 3286 1027
f 2513 4955 1027
f 2513 1027 3999
f 2724 2513 3999
f 2724 3999 2687
f 701 2724 2687
f 701 2687 3584
f 2045 701 3584
f 2045 3584 4311
f 1424 2045 4311
f 1424 4311 1715
f 1159 1424 1715
f 1159 1715 2020
f 4948 1159 2020
f 4948 2020 3983
f 4443 1776 1159
f 4443 1159 4948
f 4857 4420 1776
f 4857 1776 4443
f 2116 537 4420
f 2116 4420 4857
f 4256 882 537
f 4256 537 2116
f 4694 2527 882
f 4694 882 4256
f 4091 4847 2527
f 4091 2527 4694
f 2647 1089 582
f 2647 582 4426
f 1089 542 591
f 1089 591 582
f 4426 582 2328
f 4426 2328 2539
f 582 591 3258
f 582 3258 2328
f 2539 2328 2201
f 2539 2201 4534
f 2328 3258 1682
f 2328 1682 2201
f 4534 2201 1091
f 4534 1091 1955
f 1955 1091 1899
f 1955 1899 4852
f 1091 3936 3267
f 1091 3267 1899
f 3936 3659 3245
f 3936 3245 3267
f 4852 1899 3073
f 4852 3073 1313
f 1899 3267 1926
f 1899 1926 3073
f 751 3180 2647
f 751 2647 1547
f 3180 1931 1089
f 3180 1089 2647
f 1931 4890 542
f 1931 542 1089
f 1926 2246 3532
f 1926 3532 3218
f 1313 3073 4740
f 1313 4740 4978
f 668 1313 4978
f 668 4978 2605
f 3876 4852 1313
f 3876 1313 668
f 1800 1955 4852
f 1800 4852 3876
f 3566 4534 1955
f 3566 1955 1800
f 1390 2539 4534
f 1390 4534 3566
f 946 4426 2539
f 946 2539 1390
f 1547 2647 4426
f 1547 4426 946
f 3574 3768 1580
f 3574 1580 4138
f 3768 1718 3756
f 3768 3756 1580
f 1718 2388 4255
f 1718 4255 3756
f 2388 2406 726
f 2388 726 4255
f 4138 1580 1488
f 4138 1488 3232
f 1580 3756 960
f 1580 960 1488
f 3756 4255 3159
f 3756 3159 960
f 4255 726 2370
f 4255 2370 3159
f 726 1741 4278
f 726 4278 2370
f 1741 1415 4995
f 1741 4995 4278
f 1415 3023 4028
f 1415 4028 4995
f 4995 4028 3637
f 4995 3637 635
f 4278 4995 635
f 4278 635 3293
f 2370 4278 3293
f 2370 3293 2925
f 3159 2370 2925
f 3159 2925 1950
f 960 3159 1950
f 960 1950 2268
f 1488 960 2268
f 1488 2268 4552
f 3232 1488 4552
f 3232 4552 2957
f 4225 3232 2957
f 4225 2957 2291
f 2185 4138 3232
f 2185 3232 4225
f 4938 3574 4138
f 4938 4138 2185
f 1055 3771 904
f 1055 904 998
f 3771 2519 4031
f 3771 4031 904
f 998 904 4187
f 998 4187 1783
f 904 4031 4283
f 904 4283 4187
f 4187 4283 3672
f 4187 3672 4144
f 2773 3425 4697
f 2773 4697 3251
f 3251 4697 2399
f 3251 2399 2608
f 3366 3018 1055
f 3366 1055 1170
f 3018 2454 3771
f 3018 3771 1055
f 3344 4269 4309
f 3344 4309 4174
f 3667 3344 4174
f 3667 4174 2606
f 3947 2608 3344
f 3947 3344 3667
f 2277 3251 2608
f 2277 2608 3947
f 3065 2773 3251
f 3065 3251 2277
f 3902 1783 2773
f 3902 2773 3065
f 2582 998 1783
f 2582 1783 3902
f 1170 1055 998
f 1170 998 2582
f 3562 4307 2751
f 3562 2751 1145
f 4307 4012 2354
f 4307 2354 2751
f 4012 3522 1947
f 4012 1947 2354
f 3522 1474 761
f 3522 761 1947
f 1474 3261 3707
f 1474 3707 761
f 3261 1342 1125
f 3261 1125 3707
f 1145 2751 2206
f 1145 2206 1644
f 2751 2354 2580
f 2751 2580 2206
f 2354 1947 3931
f 2354 3931 2580
f 1947 761 1047
f 1947 1047 3931
f 761 3707 4773
f 761 4773 1047
f 3707 1125 1161
f 3707 1161 4773
f 1644 2206 1023
f 1644 1023 4721
f 2206 2580 1632
f 2206 1632 1023
f 2580 3931 1279
f 2580 1279 1632
f 3931 1047 4688
f 3931 4688 1279
f 1047 4773 4936
f 1047 4936 4688
f 4773 1161 3815
f 4773 3815 4936
f 4721 1023 3729
f 4721 3729 570
f 1023 1632 1362
f 1023 1362 3729
f 1632 1279 705
f 1632 705 1362
f 1279 4688 2902
f 1279 2902 705
f 4688 4936 4428
f 4688 4428 2902
f 4936 3815 1958
f 4936 1958 4428
f 570 3729 4157
f 570 4157 2393
f 3729 1362 3205
f 3729 3205 4157
f 1362 705 3807
f 1362 3807 3205
f 705 2902 3676
f 705 3676 3807
f 2902 4428 4597
f 2902 4597 3676
f 4428 1958 3122
f 4428 3122 4597
f 2393 4157 4266
f 2393 4266 1171
f 4157 3205 3713
f 4157 3713 4266
f 3205 3807 1341
f 3205 1341 3713
f 3807 3676 742
f 3807 742 1341
f 3676 4597 1163
f 3676 1163 742
f 4597 3122 3597
f 4597 3597 1163
f 2704 4332 3562
f 2704 3562 2997
f 4332 2493 4307
f 4332 4307 3562
f 2493 967 4012
f 2493 4012 4307
f 967 1045 3522
f 967 3522 4012
f 1045 3691 1474
f 1045 1474 3522
f 3691 1332 3261
f 3691 3261 1474
f 1332 2867 1342
f 1332 1342 3261
f 2867 1659 2787
f 2867 2787 1342
f 1342 2787 1115
f 1342 1115 1125
f 1125 1115 1892
f 1125 1892 1161
f 1161 1892 2618
f 1161 2618 3815
f 3815 2618 820
f 3815 820 1958
f 1958 820 4805
f 1958 4805 3122
f 3122 4805 2904
f 3122 2904 3597
f 3597 2904 3365
f 3597 3365 3230
f 1163 3597 3230
f 1163 3230 4361
f 742 1163 4361
f 742 4361 1284
f 1341 742 1284
f 1341 1284 940
f 3713 1341 940
f 3713 940 678
f 4266 3713 678
f 4266 678 5008
f 1171 4266 5008
f 1171 5008 4715
f 4931 1171 4715
f 4931 4715 4287
f 3857 2393 1171
f 3857 1171 4931
f 1592 570 2393
f 1592 2393 3857
f 3662 4721 570
f 3662 570 1592
f 663 1644 4721
f 663 4721 3662
f 887 1145 1644
f 887 1644 663
f 2997 3562 1145
f 2997 1145 887
f 2583 4522 1980
f 2583 1980 2415
f 4522 1033 3612
f 4522 3612 1980
f 1033 1839 1720
f 1033 1720 3612
f 1839 2032 3893
f 1839 3893 1720
f 2032 772 3750
f 2032 3750 3893
f 772 4789 1031
f 772 1031 3750
f 2415 1980 4877
f 2415 4877 2463
f 1980 3612 2855
f 1980 2855 4877
f 3612 1720 1986
f 3612 1986 2855
f 1720 3893 987
f 1720 987 1986
f 3893 3750 2939
f 3893 2939 987
f 3750 1031 1420
f 3750 1420 2939
f 2463 4877 2040
f 2463 2040 4860
f 4877 2855 4384
f 4877 4384 2040
f 2855 1986 4382
f 2855 4382 4384
f 1986 987 1467
f 1986 1467 4382
f 987 2939 4515
f 987 4515 1467
f 2939 1420 2591
f 2939 2591 4515
f 4860 2040 1583
f 4860 1583 2575
f 2040 4384 1345
f 2040 1345 1583
f 4384 4382 2303
f 4384 2303 1345
f 4382 1467 2560
f 4382 2560 2303
f 1467 4515 699
f 1467 699 2560
f 4515 2591 2882
f 4515 2882 699
f 2575 1583 1165
f 2575 1165 3998
f 1583 1345 1738
f 1583 1738 1165
f 1345 2303 2872
f 1345 2872 1738
f 2303 2560 4620
f 2303 4620 2872
f 2560 699 2449
f 2560 2449 4620
f 699 2882 4041
f 699 4041 2449
f 3998 1165 2769
f 3998 2769 4826
f 1165 1738 5002
f 1165 5002 2769
f 1738 2872 3654
f 1738 3654 5002
f 2872 4620 1575
f 2872 1575 3654
f 4620 2449 1552
f 4620 1552 1575
f 2449 4041 1026
f 2449 1026 1552
f 3992 2839 2583
f 3992 2583 2754
f 2839 4539 4522
f 2839 4522 2583
f 4539 4776 1033
f 4539 1033 4522
f 4776 1309 1839
f 4776 1839 1033
f 1309 4812 2032
f 1309 2032 1839
f 4812 1868 772
f 4812 772 2032
f 1868 3699 4789
f 1868 4789 772
f 3699 3287 3417
f 3699 3417 4789
f 4789 3417 2236
f 4789 2236 1031
f 1031 2236 2637
f 1031 2637 1420
f 1420 2637 1246
f 1420 1246 2591
f 2591 1246 1493
f 2591 1493 2882
f 2882 1493 1638
f 2882 1638 4041
f 4041 1638 915
f 4041 915 1026
f 1026 915 4027
f 1026 4027 1734
f 1552 1026 1734
f 1552 1734 4465
f 1575 1552 4465
f 1575 4465 2345
f 3654 1575 2345
f 3654 2345 4710
f 5002 3654 4710
f 5002 4710 3226
f 2769 5002 3226
f 2769 3226 2999
f 4826 2769 2999
f 4826 2999 889
f 2258 4826 889
f 2258 889 1218
f 1433 3998 4826
f 1433 4826 2258
f 2923 2575 3998
f 2923 3998 1433
f 4610 4860 2575
f 4610 2575 2923
f 2916 2463 4860
f 2916 4860 4610
f 2603 2415 2463
f 2603 2463 2916
f 2754 2583 2415
f 2754 2415 2603
f 2469 1430 805
f 2469 805 758
f 1430 1067 919
f 1430 919 805
f 758 805 4699
f 758 4699 4660
f 805 919 732
f 805 732 4699
f 919 1858 4019
f 919 4019 732
f 1858 2565 1403
f 1858 1403 4019
f 4660 4699 694
f 4660 694 1149
f 4699 732 2783
f 4699 2783 694
f 732 4019 703
f 732 703 2783
f 4019 1403 3202
f 4019 3202 703
f 1149 694 3990
f 1149 3990 4242
f 694 2783 2172
f 694 2172 3990
f 2783 703 1851
f 2783 1851 2172
f 703 3202 4397
f 703 4397 1851
f 4242 3990 2912
f 4242 2912 1610
f 3990 2172 4674
f 3990 4674 2912
f 2172 1851 828
f 2172 828 4674
f 1610 2912 2770
f 1610 2770 1757
f 2912 4674 1100
f 2912 1100 2770
f 828 3695 3194
f 828 3194 844
f 3135 4048 2469
f 3135 2469 964
f 4048 4878 1430
f 4048 1430 2469
f 4878 2456 1067
f 4878 1067 1430
f 2456 3485 4670
f 2456 4670 1067
f 1100 1789 2098
f 1100 2098 4088
f 2770 1100 4088
f 2770 4088 1451
f 4914 1610 1757
f 4914 1757 2361
f 3307 4242 1610
f 3307 1610 4914
f 4593 1149 4242
f 4593 4242 3307
f 1808 4660 1149
f 1808 1149 4593
f 2926 758 4660
f 2926 4660 1808
f 964 2469 758
f 964 758 2926
f 4521 1791 1053
f 4521 1053 3791
f 1791 627 4473
f 1791 4473 1053
f 627 3575 1267
f 627 1267 4473
f 3575 3298 3892
f 3575 3892 1267
f 3298 3111 4025
f 3298 4025 3892
f 3111 4985 3718
f 3111 3718 4025
f 3791 1053 711
f 3791 711 3359
f 1053 4473 1878
f 1053 1878 711
f 4473 1267 797
f 4473 797 1878
f 1267 3892 3193
f 1267 3193 797
f 3892 4025 4075
f 3892 4075 3193
f 4025 3718 1983
f 4025 1983 4075
f 3359 711 3671
f 3359 3671 2907
f 711 1878 3796
f 711 3796 3671
f 1878 797 4637
f 1878 4637 3796
f 797 3193 2843
f 797 2843 4637
f 3193 4075 3181
f 3193 3181 2843
f 4075 1983 4280
f 4075 4280 3181
f 2907 3671 1863
f 2907 1863 1558
f 3671 3796 2613
f 3671 2613 1863
f 3796 4637 2490
f 3796 2490 2613
f 4637 2843 763
f 4637 763 2490
f 2843 3181 610
f 2843 610 763
f 3181 4280 1475
f 3181 1475 610
f 1558 1863 1729
f 1558 1729 3802
f 1863 2613 2208
f 1863 2208 1729
f 2613 2490 2857
f 2613 2857 2208
f 2490 763 4149
f 2490 4149 2857
f 763 610 4542
f 763 4542 4149
f 610 1475 1810
f 610 1810 4542
f 3802 1729 1501
f 3802 1501 1470
f 1729 2208 2714
f 1729 2714 1501
f 2208 2857 4567
f 2208 4567 2714
f 2857 4149 1107
f 2857 1107 4567
f 4149 4542 2529
f 4149 2529 1107
f 4542 1810 1185
f 4542 1185 2529
f 3371 4631 4521
f 3371 4521 3469
f 4631 2774 1791
f 4631 1791 4521
f 2774 4440 627
f 2774 627 1791
f 4440 4548 3575
f 4440 3575 627
f 4548 608 3298
f 4548 3298 3575
f 608 1064 3111
f 608 3111 3298
f 1064 1781 4985
f 1064 4985 3111
f 1781 3680 3818
f 1781 3818 4985
f 4985 3818 3247
f 4985 3247 3718
f 3718 3247 1503
f 3718 1503 1983
f 1983 1503 1105
f 1983 1105 4280
f 4280 1105 1724
f 4280 1724 1475
f 1475 1724 2366
f 1475 2366 1810
f 1810 2366 1753
f 1810 1753 1185
f 1185 1753 2296
f 1185 2296 812
f 2529 1185 812
f 2529 812 3599
f 1107 2529 3599
f 1107 3599 4042
f 4567 1107 4042
f 4567 4042 908
f 2714 4567 908
f 2714 908 1029
f 1501 2714 1029
f 1501 1029 3188
f 1470 1501 3188
f 1470 3188 599
f 2204 1470 599
f 2204 599 1347
f 894 3802 1470
f 894 1470 2204
f 4128 1558 3802
f 4128 3802 894
f 3851 2907 1558
f 3851 1558 4128
f 1339 3359 2907
f 1339 2907 3851
f 1129 3791 3359
f 1129 3359 1339
f 3469 4521 3791
f 3469 3791 1129
f 4960 3034 4508
f 4960 4508 2349
f 3922 4533 4450
f 3922 4450 3862
f 4533 1001 2325
f 4533 2325 4450
f 1001 3516 1566
f 1001 1566 2325
f 3516 3746 1216
f 3516 1216 1566
f 3862 4450 4719
f 3862 4719 1962
f 4450 2325 3339
f 4450 3339 4719
f 2325 1566 4842
f 2325 4842 3339
f 1218 889 4960
f 1218 4960 1294
f 889 2999 3034
f 889 3034 4960
f 2999 3226 3922
f 2999 3922 3034
f 3226 4710 4533
f 3226 4533 3922
f 4710 2345 1001
f 4710 1001 4533
f 2345 4465 3516
f 2345 3516 1001
f 4465 1734 3746
f 4465 3746 3516
f 1734 4027 1222
f 1734 1222 3746
f 3746 1222 2523
f 3746 2523 1216
f 1294 4960 2349
f 1294 2349 4613
f 4854 1696 3727
f 4854 3727 4412
f 1696 2239 4964
f 1696 4964 3727
f 2239 3778 1842
f 2239 1842 4964
f 3778 1746 3589
f 3778 3589 1842
f 4412 3727 2656
f 4412 2656 3423
f 3727 4964 4749
f 3727 4749 2656
f 4964 1842 2275
f 4964 2275 4749
f 1842 3589 2893
f 1842 2893 2275
f 3423 2656 4368
f 3423 4368 2126
f 2656 4749 3069
f 2656 3069 4368
f 4749 2275 4134
f 4749 4134 3069
f 2126 4368 1242
f 2126 1242 1905
f 4368 3069 3100
f 4368 3100 1242
f 3069 4134 2799
f 3069 2799 3100
f 4134 1286 3677
f 4134 3677 2799
f 1286 3187 1306
f 1286 1306 3677
f 1905 1242 1924
f 1905 1924 2931
f 1242 3100 3844
f 1242 3844 1924
f 3100 2799 620
f 3100 620 3844
f 2799 3677 1196
f 2799 1196 620
f 2931 1924 3186
f 2931 3186 1447
f 1924 3844 2221
f 1924 2221 3186
f 3844 620 1221
f 3844 1221 2221
f 1196 938 2305
f 1196 2305 4274
f 2290 4224 4854
f 2290 4854 2181
f 4224 2184 1696
f 4224 1696 4854
f 2184 3942 2239
f 2184 2239 1696
f 3942 2231 3778
f 3942 3778 2239
f 2231 2465 1746
f 2231 1746 3778
f 3186 2221 3556
f 3186 3556 3736
f 1735 1447 2878
f 1735 2878 2577
f 2043 2931 1447
f 2043 1447 1735
f 1523 1905 2931
f 1523 2931 2043
f 3545 2126 1905
f 3545 1905 1523
f 2595 3423 2126
f 2595 2126 3545
f 4518 4412 3423
f 4518 3423 2595
f 2181 4854 4412
f 2181 4412 4518
f 4590 4820 4006
f 4590 4006 3649
f 4820 4588 1007
f 4820 1007 4006
f 4588 4513 3223
f 4588 3223 1007
f 4513 4893 1466
f 4513 1466 3223
f 4893 1051 601
f 4893 601 1466
f 1051 823 2353
f 1051 2353 601
f 3649 4006 4407
f 3649 4407 1923
f 4006 1007 4560
f 4006 4560 4407
f 1007 3223 4215
f 1007 4215 4560
f 3223 1466 4591
f 3223 4591 4215
f 1466 601 3117
f 1466 3117 4591
f 601 2353 3732
f 601 3732 3117
f 1923 4407 1835
f 1923 1835 3720
f 4407 4560 2729
f 4407 2729 1835
f 4560 4215 2164
f 4560 2164 2729
f 4215 4591 1700
f 4215 1700 2164
f 4591 3117 3804
f 4591 3804 1700
f 3117 3732 3980
f 3117 3980 3804
f 3720 1835 1464
f 3720 1464 5004
f 1835 2729 1991
f 1835 1991 1464
f 2729 2164 4249
f 2729 4249 1991
f 2164 1700 4386
f 2164 4386 4249
f 1700 3804 3688
f 1700 3688 4386
f 3804 3980 572
f 3804 572 3688
f 5004 1464 1825
f 5004 1825 2228
f 1464 1991 2169
f 1464 2169 1825
f 1991 4249 3500
f 1991 3500 2169
f 4249 4386 1256
f 4249 1256 3500
f 4386 3688 4329
f 4386 4329 1256
f 3688 572 4862
f 3688 4862 4329
f 2228 1825 4677
f 2228 4677 1933
f 1825 2169 2533
f 1825 2533 4677
f 2169 3500 548
f 2169 548 2533
f 3500 1256 3608
f 3500 3608 548
f 1256 4329 585
f 1256 585 3608
f 4329 4862 1829
f 4329 1829 585
f 2296 1753 4590
f 2296 4590 4646
f 1753 2366 4820
f 1753 4820 4590
f 2366 1724 4588
f 2366 4588 4820
f 1724 1105 4513
f 1724 4513 4588
f 1105 1503 4893
f 1105 4893 4513
f 1503 3247 1051
f 1503 1051 4893
f 3247 3818 823
f 3247 823 1051
f 3818 3680 2796
f 3818 2796 823
f 823 2796 2597
f 823 2597 2353
f 2353 2597 1281
f 2353 1281 3732
f 3732 1281 1287
f 3732 1287 3980
f 3980 1287 2759
f 3980 2759 572
f 572 2759 1057
f 572 1057 4862
f 4862 1057 2410
f 4862 2410 1829
f 1829 2410 3135
f 1829 3135 964
f 585 1829 964
f 585 964 2926
f 3608 585 2926
f 3608 2926 1808
f 548 3608 1808
f 548 1808 4593
f 2533 548 4593
f 2533 4593 3307
f 4677 2533 3307
f 4677 3307 4914
f 1933 4677 4914
f 1933 4914 2361
f 846 1933 2361
f 846 2361 3470
f 1805 2228 1933
f 1805 1933 846
f 3354 5004 2228
f 3354 2228 1805
f 1648 3720 5004
f 1648 5004 3354
f 2786 1923 3720
f 2786 3720 1648
f 3009 3649 1923
f 3009 1923 2786
f 4646 4590 3649
f 4646 3649 3009
f 4844 3519 4405
f 4844 4405 4682
f 3519 4250 603
f 3519 603 4405
f 4250 2609 3952
f 4250 3952 603
f 2609 2862 2016
f 2609 2016 3952
f 2862 1588 3503
f 2862 3503 2016
f 1588 4808 4819
f 1588 4819 3503
f 4682 4405 645
f 4682 645 3716
f 4405 603 4416
f 4405 4416 645
f 603 3952 2525
f 603 2525 4416
f 3952 2016 4822
f 3952 4822 2525
f 2016 3503 2326
f 2016 2326 4822
f 3503 4819 4068
f 3503 4068 2326
f 3716 645 3284
f 3716 3284 4546
f 645 4416 4724
f 645 4724 3284
f 4416 2525 4657
f 4416 4657 4724
f 2525 4822 1228
f 2525 1228 4657
f 4822 2326 4284
f 4822 4284 1228
f 2326 4068 2570
f 2326 2570 4284
f 4546 3284 855
f 4546 855 3660
f 3284 4724 4001
f 3284 4001 855
f 4724 4657 2341
f 4724 2341 4001
f 4657 1228 3166
f 4657 3166 2341
f 1228 4284 3913
f 1228 3913 3166
f 4284 2570 3001
f 4284 3001 3913
f 3660 855 3004
f 3660 3004 923
f 855 4001 4868
f 855 4868 3004
f 4001 2341 3066
f 4001 3066 4868
f 2341 3166 4900
f 2341 4900 3066
f 3166 3913 3684
f 3166 3684 4900
f 3913 3001 3868
f 3913 3868 3684
f 923 3004 1952
f 923 1952 3524
f 3004 4868 782
f 3004 782 1952
f 4868 3066 3276
f 4868 3276 782
f 3066 4900 3399
f 3066 3399 3276
f 4900 3684 556
f 4900 556 3399
f 3684 3868 1709
f 3684 1709 556
f 756 3269 4844
f 756 4844 1210
f 3269 4584 3519
f 3269 3519 4844
f 4584 1157 4250
f 4584 4250 3519
f 1157 4373 2609
f 1157 2609 4250
f 4373 2642 2862
f 4373 2862 2609
f 2642 1335 1588
f 2642 1588 2862
f 1335 2822 4808
f 1335 4808 1588
f 2822 2008 4504
f 2822 4504 4808
f 4808 4504 4327
f 4808 4327 4819
f 4819 4327 2844
f 4819 2844 4068
f 4068 2844 1173
f 4068 1173 2570
f 2570 1173 2375
f 2570 2375 3001
f 3001 2375 3132
f 3001 3132 3868
f 3868 3132 4912
f 3868 4912 1709
f 1709 4912 2626
f 1709 2626 2633
f 556 1709 2633
f 556 2633 2731
f 3399 556 2731
f 3399 2731 3437
f 3276 3399 3437
f 3276 3437 3219
f 782 3276 3219
f 782 3219 2319
f 1952 782 2319
f 1952 2319 564
f 3524 1952 564
f 3524 564 4319
f 4466 3524 4319
f 4466 4319 625
f 1939 923 3524
f 1939 3524 4466
f 3096 3660 923
f 3096 923 1939
f 3362 4546 3660
f 3362 3660 3096
f 3783 3716 4546
f 3783 4546 3362
f 2387 4682 3716
f 2387 3716 3783
f 1210 4844 4682
f 1210 4682 2387
f 4556 3413 650
f 4556 650 2114
f 3413 1312 4624
f 3413 4624 650
f 1312 3531 3908
f 1312 3908 4624
f 2114 650 3631
f 2114 3631 1660
f 650 4624 1273
f 650 1273 3631
f 4624 3908 2229
f 4624 2229 1273
f 1660 3631 4301
f 1660 4301 1511
f 3631 1273 3007
f 3631 3007 4301
f 1273 2229 3552
f 1273 3552 3007
f 4376 1511 1110
f 4376 1110 2012
f 1511 4301 2541
f 1511 2541 1110
f 4301 3007 4417
f 4301 4417 2541
f 3007 3552 2072
f 3007 2072 4417
f 2012 1110 2279
f 2012 2279 4453
f 1110 2541 4476
f 1110 4476 2279
f 2541 4417 3753
f 2541 3753 4476
f 4417 2072 2692
f 4417 2692 3753
f 2279 4476 1713
f 2279 1713 2702
f 4476 3753 718
f 4476 718 1713
f 3753 2692 2478
f 3753 2478 718
f 3421 3435 3413
f 3421 3413 4556
f 3435 3462 1312
f 3435 1312 3413
f 3462 4093 3531
f 3462 3531 1312
f 4093 3371 3469
f 4093 3469 3531
f 3531 3469 1129
f 3531 1129 3908
f 3908 1129 1339
f 3908 1339 2229
f 2229 1339 3851
f 2229 3851 3552
f 3552 3851 4128
f 3552 4128 2072
f 2072 4128 894
f 2072 894 2692
f 2692 894 2204
f 2692 2204 2478
f 2478 2204 1347
f 2478 1347 2738
f 1713 718 4608
f 1713 4608 4835
f 2803 1767 2555
f 2803 2555 937
f 1767 2003 4059
f 1767 4059 2555
f 2003 2938 1182
f 2003 1182 4059
f 2938 3154 1798
f 2938 1798 1182
f 3154 1179 2566
f 3154 2566 1798
f 1179 3384 780
f 1179 780 2566
f 937 2555 2301
f 937 2301 1371
f 2555 4059 1843
f 2555 1843 2301
f 4059 1182 3963
f 4059 3963 1843
f 1182 1798 3459
f 1182 3459 3963
f 1798 2566 2694
f 1798 2694 3459
f 2566 780 584
f 2566 584 2694
f 1371 2301 1483
f 1371 1483 2665
f 2301 1843 4320
f 2301 4320 1483
f 1843 3963 2956
f 1843 2956 4320
f 3963 3459 1367
f 3963 1367 2956
f 3459 2694 911
f 3459 911 1367
f 2694 584 2105
f 2694 2105 911
f 2665 1483 1945
f 2665 1945 2379
f 1483 4320 2256
f 1483 2256 1945
f 4320 2956 4528
f 4320 4528 2256
f 2956 1367 2084
f 2956 2084 4528
f 1367 911 3847
f 1367 3847 2084
f 911 2105 4988
f 911 4988 3847
f 2379 1945 4933
f 2379 4933 3420
f 1945 2256 2101
f 1945 2101 4933
f 2256 4528 2949
f 2256 2949 2101
f 4528 2084 4923
f 4528 4923 2949
f 2084 3847 4600
f 2084 4600 4923
f 3847 4988 2157
f 3847 2157 4600
f 3420 4933 1864
f 3420 1864 2467
f 4933 2101 4079
f 4933 4079 1864
f 2101 2949 986
f 2101 986 4079
f 2949 4923 2307
f 2949 2307 986
f 4923 4600 3593
f 4923 3593 2307
f 4600 2157 2850
f 4600 2850 3593
f 2626 4912 2803
f 2626 2803 1401
f 4912 3132 1767
f 4912 1767 2803
f 3132 2375 2003
f 3132 2003 1767
f 2375 1173 2938
f 2375 2938 2003
f 1173 2844 3154
f 1173 3154 2938
f 2844 4327 1179
f 2844 1179 3154
f 4327 4504 3384
f 4327 3384 1179
f 4504 2008 3895
f 4504 3895 3384
f 3384 3895 4574
f 3384 4574 780
f 780 4574 3279
f 780 3279 584
f 584 3279 1103
f 584 1103 2105
f 2105 1103 3880
f 2105 3880 4988
f 4988 3880 1127
f 4988 1127 2157
f 2157 1127 1019
f 2157 1019 2850
f 2850 1019 2290
f 2850 2290 2181
f 3593 2850 2181
f 3593 2181 4518
f 2307 3593 4518
f 2307 4518 2595
f 986 2307 2595
f 986 2595 3545
f 4079 986 3545
f 4079 3545 1523
f 1864 4079 1523
f 1864 1523 2043
f 2467 1864 2043
f 2467 2043 1735
f 3290 2467 1735
f 3290 1735 2577
f 4404 3420 2467
f 4404 2467 3290
f 2331 2379 3420
f 2331 3420 4404
f 3049 2665 2379
f 3049 2379 2331
f 4399 1371 2665
f 4399 2665 3049
f 1967 937 1371
f 1967 1371 4399
f 1401 2803 937
f 1401 937 1967
f 4892 2708 666
f 4892 666 1854
f 3505 4892 1854
f 3505 1854 1038
f 2129 3505 1038
f 2129 1038 4616
f 3088 2129 4616
f 3088 4616 3379
f 2837 3088 3379
f 2837 3379 2554
f 4830 2837 2554
f 4830 2554 1003
f 2631 4830 1003
f 2631 1003 1358
f 3179 2631 1358
f 3179 1358 752
f 2953 1623 4704
f 2953 4704 1601
f 1623 3406 4413
f 1623 4413 4704
f 3406 1134 3653
f 3406 3653 4413
f 1134 4238 648
f 1134 648 3653
f 4729 1601 1975
f 4729 1975 1364
f 1601 4704 3507
f 1601 3507 1975
f 4704 4413 1529
f 4704 1529 3507
f 4413 3653 1691
f 4413 1691 1529
f 3653 648 1803
f 3653 1803 1691
f 648 1113 729
f 648 729 1803
f 1364 1975 4066
f 1364 4066 2034
f 1975 3507 2973
f 1975 2973 4066
f 3507 1529 3055
f 3507 3055 2973
f 1529 1691 2640
f 1529 2640 3055
f 1691 1803 1855
f 1691 1855 2640
f 1803 729 1462
f 1803 1462 1855
f 1113 1480 3509
f 1113 3509 729
f 729 3509 4262
f 729 4262 1462
f 1462 4262 756
f 1462 756 1210
f 1855 1462 1210
f 1855 1210 2387
f 2640 1855 2387
f 2640 2387 3783
f 3055 2640 3783
f 3055 3783 3362
f 2973 3055 3362
f 2973 3362 3096
f 4066 2973 3096
f 4066 3096 1939
f 2034 4066 1939
f 2034 1939 4466
f 4459 3873 2094
f 4459 2094 4390
f 3873 3349 1194
f 3873 1194 2094
f 3349 4072 4870
f 3349 4870 1194
f 4072 4438 2852
f 4072 2852 4870
f 4438 4061 2699
f 4438 2699 2852
f 2852 2699 4288
f 2852 4288 4932
f 4870 2852 4932
f 4870 4932 3858
f 1194 4870 3858
f 1194 3858 1591
f 2094 1194 1591
f 2094 1591 3663
f 4390 2094 3663
f 4390 3663 664
f 852 4390 664
f 852 664 888
f 3408 852 888
f 3408 888 2996
f 879 3408 2996
f 879 2996 2703
f 4264 1642 3333
f 4264 3333 4977
f 1642 841 906
f 1642 906 3333
f 841 3606 1264
f 841 1264 906
f 3606 4160 3047
f 3606 3047 1264
f 4160 3172 1590
f 4160 1590 3047
f 3172 3024 1189
f 3172 1189 1590
f 4977 3333 4763
f 4977 4763 982
f 3333 906 3539
f 3333 3539 4763
f 906 1264 508
f 906 508 3539
f 1264 3047 3776
f 1264 3776 508
f 3047 1590 2879
f 3047 2879 3776
f 1590 1189 3164
f 1590 3164 2879
f 982 4763 4706
f 982 4706 3498
f 4763 3539 2090
f 4763 2090 4706
f 3539 508 1394
f 3539 1394 2090
f 508 3776 3255
f 508 3255 1394
f 3776 2879 1356
f 3776 1356 3255
f 2879 3164 1578
f 2879 1578 1356
f 3498 4706 4484
f 3498 4484 1141
f 4706 2090 3175
f 4706 3175 4484
f 2090 1394 1275
f 2090 1275 3175
f 1394 3255 4732
f 1394 4732 1275
f 3255 1356 3633
f 3255 3633 4732
f 1356 1578 2952
f 1356 2952 3633
f 1141 4484 4550
f 1141 4550 1752
f 4484 3175 2793
f 4484 2793 4550
f 3175 1275 506
f 3175 506 2793
f 1275 4732 2187
f 1275 2187 506
f 4732 3633 2847
f 4732 2847 2187
f 3633 2952 575
f 3633 575 2847
f 1752 4550 1873
f 1752 1873 4811
f 4550 2793 644
f 4550 644 1873
f 2793 506 1894
f 2793 1894 644
f 506 2187 3320
f 506 3320 1894
f 2187 2847 4085
f 2187 4085 3320
f 2847 575 3977
f 2847 3977 4085
f 2290 1019 4264
f 2290 4264 2958
f 1019 1127 1642
f 1019 1642 4264
f 1127 3880 841
f 1127 841 1642
f 3880 1103 3606
f 3880 3606 841
f 1103 3279 4160
f 1103 4160 3606
f 3279 4574 3172
f 3279 3172 4160
f 4574 3895 3024
f 4574 3024 3172
f 3895 2008 735
f 3895 735 3024
f 3024 735 3190
f 3024 3190 1189
f 1189 3190 4276
f 1189 4276 3164
f 3164 4276 974
f 3164 974 1578
f 1578 974 1773
f 1578 1773 2952
f 2952 1773 555
f 2952 555 575
f 575 555 1833
f 575 1833 3977
f 3977 1833 1043
f 3977 1043 4457
f 4085 3977 4457
f 4085 4457 1596
f 3320 4085 1596
f 3320 1596 3243
f 1894 3320 3243
f 1894 3243 3447
f 644 1894 3447
f 644 3447 1616
f 1873 644 1616
f 1873 1616 1240
f 4811 1873 1240
f 4811 1240 2750
f 636 4811 2750
f 636 2750 3638
f 2306 1752 4811
f 2306 4811 636
f 2924 1141 1752
f 2924 1752 2306
f 1949 3498 1141
f 1949 1141 2924
f 2267 982 3498
f 2267 3498 1949
f 4553 4977 982
f 4553 982 2267
f 2958 4264 4977
f 2958 4977 4553
f 2439 4173 2359
f 2439 2359 4155
f 4173 4881 1907
f 4173 1907 2359
f 4881 3391 1595
f 4881 1595 1907
f 4155 2359 3639
f 4155 3639 4673
f 2359 1907 3944
f 2359 3944 3639
f 1907 1595 3455
f 1907 3455 3944
f 4673 3639 4063
f 4673 4063 2502
f 3639 3944 1561
f 3639 1561 4063
f 3944 3455 3207
f 3944 3207 1561
f 2502 4063 4908
f 2502 4908 3300
f 4063 1561 3274
f 4063 3274 4908
f 1561 3207 3070
f 1561 3070 3274
f 3300 4908 2193
f 3300 2193 4034
f 4034 2193 4228
f 4034 4228 612
f 2193 4295 1432
f 2193 1432 4228
f 3371 4093 2439
f 3371 2439 929
f 4093 3462 4173
f 4093 4173 2439
f 3462 3435 4881
f 3462 4881 4173
f 4228 1432 3481
f 4228 3481 2623
f 612 4228 2623
f 612 2623 4286
f 4974 612 4286
f 4974 4286 4744
f 590 4034 612
f 590 612 4974
f 962 3300 4034
f 962 4034 590
f 2037 2502 3300
f 2037 3300 962
f 3385 4673 2502
f 3385 2502 2037
f 1098 4155 4673
f 1098 4673 3385
f 929 2439 4155
f 929 4155 1098
f 566 696 3296
f 566 3296 4738
f 696 1423 2551
f 696 2551 3296
f 1423 795 1604
f 1423 1604 2551
f 795 2612 4089
f 795 4089 1604
f 2612 1536 3216
f 2612 3216 4089
f 1536 2944 1413
f 1536 1413 3216
f 4738 3296 2237
f 4738 2237 657
f 3296 2551 3701
f 3296 3701 2237
f 2551 1604 4363
f 2551 4363 3701
f 1604 4089 747
f 1604 747 4363
f 4089 3216 3595
f 4089 3595 747
f 3216 1413 3303
f 3216 3303 3595
f 657 2237 3249
f 657 3249 3039
f 2237 3701 899
f 2237 899 3249
f 3701 4363 622
f 3701 622 899
f 4363 747 3494
f 4363 3494 622
f 747 3595 1492
f 747 1492 3494
f 3595 3303 1883
f 3595 1883 1492
f 3039 3249 3151
f 3039 3151 4131
f 3249 899 2531
f 3249 2531 3151
f 899 622 595
f 899 595 2531
f 622 3494 3760
f 622 3760 595
f 3494 1492 3351
f 3494 3351 3760
f 1492 1883 4663
f 1492 4663 3351
f 4131 3151 2516
f 4131 2516 959
f 3151 2531 2745
f 3151 2745 2516
f 2531 595 3794
f 2531 3794 2745
f 595 3760 1258
f 595 1258 3794
f 3760 3351 1544
f 3760 1544 1258
f 3351 4663 2963
f 3351 2963 1544
f 959 2516 498
f 959 498 1822
f 2516 2745 3696
f 2516 3696 498
f 2745 3794 1628
f 2745 1628 3696
f 3794 1258 522
f 3794 522 1628
f 1258 1544 817
f 1258 817 522
f 1544 2963 4394
f 1544 4394 817
f 2008 2822 566
f 2008 566 735
f 2822 1335 696
f 2822 696 566
f 1335 2642 1423
f 1335 1423 696
f 2642 4373 795
f 2642 795 1423
f 4373 1157 2612
f 4373 2612 795
f 1157 4584 1536
f 1157 1536 2612
f 4584 3269 2944
f 4584 2944 1536
f 3269 756 3587
f 3269 3587 2944
f 2944 3587 1769
f 2944 1769 1413
f 1413 1769 4392
f 1413 4392 3303
f 3303 4392 3964
f 3303 3964 1883
f 1883 3964 1669
f 1883 1669 4663
f 4663 1669 3195
f 4663 3195 2963
f 2963 3195 4305
f 2963 4305 4394
f 4394 4305 2890
f 4394 2890 3972
f 817 4394 3972
f 817 3972 842
f 522 817 842
f 522 842 3071
f 1628 522 3071
f 1628 3071 2459
f 3696 1628 2459
f 3696 2459 1487
f 498 3696 1487
f 498 1487 615
f 1822 498 615
f 1822 615 2593
f 1833 1822 2593
f 1833 2593 1043
f 555 959 1822
f 555 1822 1833
f 1773 4131 959
f 1773 959 555
f 974 3039 4131
f 974 4131 1773
f 4276 657 3039
f 4276 3039 974
f 3190 4738 657
f 3190 657 4276
f 735 566 4738
f 735 4738 3190
f 2438 4154 2358
f 2438 2358 4172
f 4154 4672 3640
f 4154 3640 2358
f 4672 2503 4064
f 4672 4064 3640
f 2503 3299 4909
f 2503 4909 4064
f 3299 4033 1272
f 3299 1272 4909
f 4033 611 4229
f 4033 4229 1272
f 4172 2358 1908
f 4172 1908 4880
f 2358 3640 3945
f 2358 3945 1908
f 3640 4064 1560
f 3640 1560 3945
f 4064 4909 3275
f 4064 3275 1560
f 1272 4229 4684
f 1272 4684 2140
f 4880 1908 3898
f 4880 3898 1058
f 1908 3945 502
f 1908 502 3898
f 3945 1560 1331
f 3945 1331 502
f 1560 3275 2147
f 1560 2147 1331
f 3372 928 2438
f 3372 2438 3150
f 928 1097 4154
f 928 4154 2438
f 1097 3386 4672
f 1097 4672 4154
f 3386 2038 2503
f 3386 2503 4672
f 2038 963 3299
f 2038 3299 2503
f 963 589 4033
f 963 4033 3299
f 589 4973 611
f 589 611 4033
f 4973 4743 4285
f 4973 4285 611
f 611 4285 2622
f 611 2622 4229
f 4229 2622 1514
f 4229 1514 4684
f 3461 4172 4880
f 3461 4880 3434
f 3150 2438 4172
f 3150 4172 3461
f 2682 4100 680
f 2682 680 4232
f 4100 1325 4233
f 4100 4233 680
f 1325 4836 2334
f 1325 2334 4233
f 4836 4219 3083
f 4836 3083 2334
f 4219 4926 2382
f 4219 2382 3083
f 4926 3313 3646
f 4926 3646 2382
f 4232 680 4790
f 4232 4790 578
f 680 4233 3148
f 680 3148 4790
f 4233 2334 3958
f 4233 3958 3148
f 2334 3083 4650
f 2334 4650 3958
f 3083 2382 1706
f 3083 1706 4650
f 2382 3646 4957
f 2382 4957 1706
f 578 4790 4153
f 578 4153 3781
f 4790 3148 4888
f 4790 4888 4153
f 3148 3958 3265
f 3148 3265 4888
f 3958 4650 2986
f 3958 2986 3265
f 4650 1706 641
f 4650 641 2986
f 1706 4957 847
f 1706 847 641
f 3781 4153 519
f 3781 519 980
f 4153 4888 4586
f 4153 4586 519
f 4888 3265 504
f 4888 504 4586
f 3265 2986 3120
f 3265 3120 504
f 2986 641 744
f 2986 744 3120
f 641 847 1516
f 641 1516 744
f 980 519 2404
f 980 2404 925
f 519 4586 2667
f 519 2667 2404
f 4586 504 4530
f 4586 4530 2667
f 504 3120 2870
f 504 2870 4530
f 3120 744 1405
f 3120 1405 2870
f 744 1516 4679
f 744 4679 1405
f 925 2404 4813
f 925 4813 3917
f 2404 2667 1615
f 2404 1615 4813
f 2667 4530 4023
f 2667 4023 1615
f 4530 2870 4658
f 4530 4658 4023
f 2870 1405 500
f 2870 500 4658
f 1405 4679 3852
f 1405 3852 500
f 3135 2410 2682
f 3135 2682 4800
f 2410 1057 4100
f 2410 4100 2682
f 1057 2759 1325
f 1057 1325 4100
f 2759 1287 4836
f 2759 4836 1325
f 1287 1281 4219
f 1287 4219 4836
f 1281 2597 4926
f 1281 4926 4219
f 2597 2796 3313
f 2597 3313 4926
f 2796 3680 3158
f 2796 3158 3313
f 3313 3158 715
f 3313 715 3646
f 3646 715 4036
f 3646 4036 4957
f 4957 4036 2918
f 4957 2918 847
f 847 2918 1248
f 847 1248 1516
f 1516 1248 535
f 1516 535 4679
f 4679 535 3846
f 4679 3846 3852
f 3852 3846 4612
f 3852 4612 3058
f 500 3852 3058
f 500 3058 4993
f 4658 500 4993
f 4658 4993 4161
f 4023 4658 4161
f 4023 4161 1479
f 1615 4023 1479
f 1615 1479 814
f 4813 1615 814
f 4813 814 3042
f 3917 4813 3042
f 3917 3042 4343
f 4008 3917 4343
f 4008 4343 1005
f 708 925 3917
f 708 3917 4008
f 3989 980 925
f 3989 925 708
f 4354 3781 980
f 4354 980 3989
f 3918 578 3781
f 3918 3781 4354
f 2174 4232 578
f 2174 578 3918
f 4800 2682 4232
f 4800 4232 2174
f 3573 4139 1579
f 3573 1579 3767
f 4139 3233 1489
f 4139 1489 1579
f 3767 1579 3755
f 3767 3755 1717
f 1579 1489 961
f 1579 961 3755
f 1717 3755 4254
f 1717 4254 2389
f 3755 961 3160
f 3755 3160 4254
f 2389 4254 725
f 2389 725 2405
f 4254 3160 2371
f 4254 2371 725
f 725 2371 4279
f 725 4279 4387
f 4387 4279 4996
f 4387 4996 1414
f 3942 2184 4139
f 3942 4139 3573
f 2184 4224 3233
f 2184 3233 4139
f 4224 2290 2958
f 4224 2958 3233
f 3233 2958 4553
f 3233 4553 1489
f 1489 4553 2267
f 1489 2267 961
f 961 2267 1949
f 961 1949 3160
f 3160 1949 2924
f 3160 2924 2371
f 2371 2924 2306
f 2371 2306 4279
f 4279 2306 636
f 4279 636 4996
f 4996 636 3638
f 4996 3638 4029
f 1414 4996 4029
f 1414 4029 3022
f 869 2735 4051
f 869 4051 2496
f 2735 2499 2737
f 2735 2737 4051
f 2499 4058 2568
f 2499 2568 2737
f 4058 2678 4748
f 4058 4748 2568
f 2678 516 2777
f 2678 2777 4748
f 516 1683 4240
f 516 4240 2777
f 2496 4051 836
f 2496 836 4147
f 4051 2737 1889
f 4051 1889 836
f 2737 2568 2422
f 2737 2422 1889
f 2568 4748 3648
f 2568 3648 2422
f 4748 2777 1755
f 4748 1755 3648
f 2777 4240 2348
f 2777 2348 1755
f 4147 836 4396
f 4147 4396 2083
f 836 1889 588
f 836 588 4396
f 1889 2422 4253
f 1889 4253 588
f 2422 3648 2651
f 2422 2651 4253
f 3648 1755 592
f 3648 592 2651
f 1755 2348 2075
f 1755 2075 592
f 2083 4396 4727
f 2083 4727 4782
f 4396 588 2137
f 4396 2137 4727
f 588 4253 3590
f 588 3590 2137
f 4253 2651 2491
f 4253 2491 3590
f 2651 592 4571
f 2651 4571 2491
f 592 2075 4969
f 592 4969 4571
f 4782 4727 2338
f 4782 2338 2295
f 4727 2137 2615
f 4727 2615 2338
f 2137 3590 930
f 2137 930 2615
f 3590 2491 1153
f 3590 1153 930
f 2491 4571 2815
f 2491 2815 1153
f 4571 4969 3792
f 4571 3792 2815
f 2295 2338 632
f 2295 632 1385
f 2338 2615 2909
f 2338 2909 632
f 2615 930 2163
f 2615 2163 2909
f 930 1153 4510
f 930 4510 2163
f 1153 2815 1268
f 1153 1268 4510
f 2815 3792 821
f 2815 821 1268
f 3679 3157 869
f 3679 869 1782
f 3157 714 2735
f 3157 2735 869
f 714 4035 2499
f 714 2499 2735
f 4035 2919 4058
f 4035 4058 2499
f 2919 1249 2678
f 2919 2678 4058
f 1249 534 516
f 1249 516 2678
f 534 3845 1683
f 534 1683 516
f 3845 4611 1192
f 3845 1192 1683
f 1683 1192 4045
f 1683 4045 4240
f 4240 4045 2428
f 4240 2428 2348
f 2348 2428 2202
f 2348 2202 2075
f 2075 2202 2317
f 2075 2317 4969
f 4969 2317 1778
f 4969 1778 3792
f 3792 1778 1167
f 3792 1167 821
f 821 1167 4743
f 821 4743 4973
f 1268 821 4973
f 1268 4973 589
f 4510 1268 589
f 4510 589 963
f 2163 4510 963
f 2163 963 2038
f 2909 2163 2038
f 2909 2038 3386
f 632 2909 3386
f 632 3386 1097
f 1385 632 1097
f 1385 1097 928
f 4632 1385 928
f 4632 928 3372
f 2775 2295 1385
f 2775 1385 4632
f 4439 4782 2295
f 4439 2295 2775
f 4547 2083 4782
f 4547 4782 4439
f 607 4147 2083
f 607 2083 4547
f 1063 2496 4147
f 1063 4147 607
f 1782 869 2496
f 1782 2496 1063
f 870 2495 4052
f 870 4052 2734
f 2495 4148 837
f 2495 837 4052
f 4148 2082 4395
f 4148 4395 837
f 2082 4781 4726
f 2082 4726 4395
f 4781 2294 2337
f 4781 2337 4726
f 2294 1384 633
f 2294 633 2337
f 2734 4052 2736
f 2734 2736 731
f 4052 837 1890
f 4052 1890 2736
f 837 4395 587
f 837 587 1890
f 4395 4726 2136
f 4395 2136 587
f 4726 2337 3620
f 4726 3620 2136
f 2337 633 2910
f 2337 2910 3620
f 731 2736 2569
f 731 2569 4057
f 2736 1890 2421
f 2736 2421 2569
f 1890 587 4252
f 1890 4252 2421
f 587 2136 3591
f 587 3591 4252
f 2136 3620 931
f 2136 931 3591
f 3620 2910 2162
f 3620 2162 931
f 4057 2569 4747
f 4057 4747 2677
f 2569 2421 3647
f 2569 3647 4747
f 2421 4252 2650
f 2421 2650 3647
f 4252 3591 2492
f 4252 2492 2650
f 3591 931 1152
f 3591 1152 2492
f 931 2162 4511
f 931 4511 1152
f 2677 4747 2776
f 2677 2776 515
f 4747 3647 1756
f 4747 1756 2776
f 3647 2650 593
f 3647 593 1756
f 2650 2492 4570
f 2650 4570 593
f 2492 1152 2814
f 2492 2814 4570
f 1152 4511 2190
f 1152 2190 2814
f 515 2776 4239
f 515 4239 1684
f 2776 1756 2347
f 2776 2347 4239
f 1756 593 2076
f 1756 2076 2347
f 593 4570 4970
f 593 4970 2076
f 4570 2814 3793
f 4570 3793 4970
f 2814 2190 822
f 2814 822 3793
f 3680 1781 870
f 3680 870 3158
f 1781 1064 2495
f 1781 2495 870
f 1064 608 4148
f 1064 4148 2495
f 608 4548 2082
f 608 2082 4148
f 4548 4440 4781
f 4548 4781 2082
f 4440 2774 2294
f 4440 2294 4781
f 2774 4631 1384
f 2774 1384 2294
f 4631 3371 929
f 4631 929 1384
f 1384 929 1098
f 1384 1098 633
f 633 1098 3385
f 633 3385 2910
f 2910 3385 2037
f 2910 2037 2162
f 2162 2037 962
f 2162 962 4511
f 4511 962 590
f 4511 590 2190
f 2190 590 4974
f 2190 4974 822
f 822 4974 4744
f 822 4744 1168
f 3793 822 1168
f 3793 1168 1777
f 4970 3793 1777
f 4970 1777 2316
f 2076 4970 2316
f 2076 2316 2203
f 2347 2076 2203
f 2347 2203 2427
f 4239 2347 2427
f 4239 2427 4044
f 1684 4239 4044
f 1684 4044 2142
f 3846 1684 2142
f 3846 2142 4612
f 535 515 1684
f 535 1684 3846
f 1248 2677 515
f 1248 515 535
f 2918 4057 2677
f 2918 2677 1248
f 4036 731 4057
f 4036 4057 2918
f 715 2734 731
f 715 731 4036
f 3158 870 2734
f 3158 2734 715
f 3644 4804 4980
f 3644 4980 1673
f 2900 3026 1885
f 2900 1885 989
f 3026 1453 3327
f 3026 3327 1885
f 989 1885 2805
f 989 2805 4770
f 1885 3327 4824
f 1885 4824 2805
f 2805 4824 4850
f 2805 4850 3012
f 3012 4850 3875
f 3012 3875 2086
f 2086 3875 749
f 2086 749 4886
f 4886 749 2199
f 4886 2199 2471
f 2456 4878 3026
f 2456 3026 2900
f 4878 4048 1453
f 4878 1453 3026
f 4048 3135 4800
f 4048 4800 1453
f 1453 4800 2174
f 1453 2174 3327
f 3327 2174 3918
f 3327 3918 4824
f 4824 3918 4354
f 4824 4354 4850
f 4850 4354 3989
f 4850 3989 3875
f 3875 3989 708
f 3875 708 749
f 749 708 4008
f 749 4008 2199
f 2199 4008 1005
f 2199 1005 1681
f 2471 2199 1681
f 2471 1681 3241
f 4853 4411 3726
f 4853 3726 1695
f 4411 3424 2657
f 4411 2657 3726
f 3424 2125 4369
f 3424 4369 2657
f 2125 1906 1243
f 2125 1243 4369
f 1906 2932 1925
f 1906 1925 1243
f 2932 1448 3185
f 2932 3185 1925
f 1695 3726 4965
f 1695 4965 2238
f 3726 2657 4750
f 3726 4750 4965
f 2657 4369 3068
f 2657 3068 4750
f 4369 1243 3099
f 4369 3099 3068
f 1243 1925 3843
f 1243 3843 3099
f 1925 3185 2222
f 1925 2222 3843
f 2238 4965 1841
f 2238 1841 3779
f 4965 4750 2276
f 4965 2276 1841
f 4750 3068 4135
f 4750 4135 2276
f 3068 3099 2798
f 3068 2798 4135
f 3099 3843 621
f 3099 621 2798
f 3843 2222 1220
f 3843 1220 621
f 3779 1841 4627
f 3779 4627 4468
f 1841 2276 4935
f 1841 4935 4627
f 4135 2798 3678
f 4135 3678 1285
f 2798 621 1197
f 2798 1197 3678
f 1285 3678 4549
f 1285 4549 2031
f 1197 3765 4828
f 1197 4828 4220
f 2291 2180 4853
f 2291 4853 4225
f 2180 4519 4411
f 2180 4411 4853
f 4519 2596 3424
f 4519 3424 4411
f 2596 4471 2125
f 2596 2125 3424
f 4471 1522 1906
f 4471 1906 2125
f 1522 2044 2932
f 1522 2932 1906
f 2044 1736 1448
f 2044 1448 2932
f 1736 2578 2877
f 1736 2877 1448
f 3185 2431 3178
f 3185 3178 2222
f 2232 3779 4468
f 2232 4468 4260
f 4938 2238 3779
f 4938 3779 2232
f 2185 1695 2238
f 2185 2238 4938
f 4225 4853 1695
f 4225 1695 2185
f 1327 4230 1982
f 1327 1982 3392
f 3392 1982 3224
f 3392 3224 1132
f 4882 4122 1271
f 4882 1271 2895
f 4122 2313 2561
f 4122 2561 1271
f 2895 1271 4564
f 2895 4564 1139
f 1271 2561 4073
f 1271 4073 4564
f 3984 1457 524
f 3984 524 2021
f 1457 2285 1379
f 1457 1379 524
f 1139 4564 4145
f 1139 4145 873
f 1028 1139 873
f 1028 873 3287
f 4000 2895 1139
f 4000 1139 1028
f 2686 4882 2895
f 2686 2895 4000
f 3583 1132 4882
f 3583 4882 2686
f 4310 3392 1132
f 4310 1132 3583
f 1716 1327 3392
f 1716 3392 4310
f 2021 524 1327
f 2021 1327 1716
f 4848 2526 3305
f 4848 3305 2197
f 2526 881 3184
f 2526 3184 3305
f 881 536 561
f 881 561 3184
f 536 4419 2343
f 536 2343 561
f 4419 1775 2710
f 4419 2710 2343
f 1775 1160 1425
f 1775 1425 2710
f 2197 3305 2394
f 2197 2394 3951
f 3305 3184 4078
f 3305 4078 2394
f 3184 561 2971
f 3184 2971 4078
f 561 2343 1935
f 561 1935 2971
f 2343 2710 3014
f 2343 3014 1935
f 2710 1425 1046
f 2710 1046 3014
f 3951 2394 3213
f 3951 3213 4689
f 2394 4078 4952
f 2394 4952 3213
f 4078 2971 1964
f 4078 1964 4952
f 2971 1935 1081
f 2971 1081 1964
f 1935 3014 2216
f 1935 2216 1081
f 3014 1046 700
f 3014 700 2216
f 4689 3213 4469
f 4689 4469 1427
f 3213 4952 4760
f 3213 4760 4469
f 4952 1964 2707
f 4952 2707 4760
f 1964 1081 4911
f 1964 4911 2707
f 1081 2216 3611
f 1081 3611 4911
f 2216 700 2723
f 2216 2723 3611
f 1427 4469 3569
f 1427 3569 1234
f 4469 4760 1585
f 4469 1585 3569
f 4760 2707 637
f 4760 637 1585
f 2707 4911 3375
f 2707 3375 637
f 4911 3611 4349
f 4911 4349 3375
f 3611 2723 2514
f 3611 2514 4349
f 1234 3569 1871
f 1234 1871 4680
f 3569 1585 3886
f 3569 3886 1871
f 1585 637 4410
f 1585 4410 3886
f 637 3375 799
f 637 799 4410
f 3375 4349 1450
f 3375 1450 799
f 4349 2514 4956
f 4349 4956 1450
f 4885 4092 4848
f 4885 4848 3338
f 4092 4693 2526
f 4092 2526 4848
f 4693 4257 881
f 4693 881 2526
f 4257 2117 536
f 4257 536 881
f 2117 4858 4419
f 2117 4419 536
f 4858 4444 1775
f 4858 1775 4419
f 4444 4947 1160
f 4444 1160 1775
f 4947 3984 2021
f 4947 2021 1160
f 1160 2021 1716
f 1160 1716 1425
f 1425 1716 4310
f 1425 4310 1046
f 1046 4310 3583
f 1046 3583 700
f 700 3583 2686
f 700 2686 2723
f 2723 2686 4000
f 2723 4000 2514
f 2514 4000 1028
f 2514 1028 4956
f 4956 1028 3287
f 4956 3287 3699
f 1450 4956 3699
f 1450 3699 1868
f 799 1450 1868
f 799 1868 4812
f 4410 799 4812
f 4410 4812 1309
f 3886 4410 1309
f 3886 1309 4776
f 1871 3886 4776
f 1871 4776 4539
f 4680 1871 4539
f 4680 4539 2839
f 3404 4680 2839
f 3404 2839 3992
f 1008 1234 4680
f 1008 4680 3404
f 754 1427 1234
f 754 1234 1008
f 1759 4689 1427
f 1759 1427 754
f 2376 3951 4689
f 2376 4689 1759
f 3703 2197 3951
f 3703 3951 2376
f 3338 4848 2197
f 3338 2197 3703
f 4179 866 2081
f 4179 2081 545
f 866 992 4654
f 866 4654 2081
f 992 1333 4180
f 992 4180 4654
f 545 2081 2817
f 545 2817 3564
f 2081 4654 3619
f 2081 3619 2817
f 4654 4180 3458
f 4654 3458 3619
f 3564 2817 876
f 3564 876 3541
f 3541 876 1876
f 3541 1876 4447
f 876 1937 2155
f 876 2155 1876
f 4447 1876 3497
f 4447 3497 3144
f 1876 2155 1866
f 1876 1866 3497
f 3144 3497 1460
f 3144 1460 1740
f 3497 1866 2487
f 3497 2487 1460
f 756 4262 4179
f 756 4179 3587
f 4262 3509 866
f 4262 866 4179
f 3509 1480 992
f 3509 992 866
f 1480 2171 1333
f 1480 1333 992
f 1460 2487 893
f 1460 893 655
f 1740 1460 655
f 1740 655 3982
f 4305 1740 3982
f 4305 3982 2890
f 3195 3144 1740
f 3195 1740 4305
f 1669 4447 3144
f 1669 3144 3195
f 3964 3541 4447
f 3964 4447 1669
f 4392 3564 3541
f 4392 3541 3964
f 1769 545 3564
f 1769 3564 4392
f 3587 4179 545
f 3587 545 1769
f 2802 936 2556
f 2802 2556 1768
f 936 1372 2302
f 936 2302 2556
f 1372 2666 1482
f 1372 1482 2302
f 2666 2378 1946
f 2666 1946 1482
f 2378 3419 4934
f 2378 4934 1946
f 3419 2466 1865
f 3419 1865 4934
f 1768 2556 4060
f 1768 4060 2004
f 2556 2302 1844
f 2556 1844 4060
f 2302 1482 4321
f 2302 4321 1844
f 1482 1946 2255
f 1482 2255 4321
f 1946 4934 2100
f 1946 2100 2255
f 4934 1865 4080
f 4934 4080 2100
f 2004 4060 1183
f 2004 1183 2937
f 4060 1844 3962
f 4060 3962 1183
f 1844 4321 2955
f 1844 2955 3962
f 4321 2255 4529
f 4321 4529 2955
f 2255 2100 2950
f 2255 2950 4529
f 2100 4080 985
f 2100 985 2950
f 2937 1183 1799
f 2937 1799 3153
f 1183 3962 3460
f 1183 3460 1799
f 3962 2955 1368
f 3962 1368 3460
f 2955 4529 2085
f 2955 2085 1368
f 4529 2950 4922
f 4529 4922 2085
f 2950 985 2308
f 2950 2308 4922
f 3153 1799 2567
f 3153 2567 1180
f 1799 3460 2695
f 1799 2695 2567
f 3460 1368 912
f 3460 912 2695
f 1368 2085 3848
f 1368 3848 912
f 2085 4922 4599
f 2085 4599 3848
f 4922 2308 3592
f 4922 3592 4599
f 1180 2567 779
f 1180 779 3383
f 2567 2695 583
f 2567 583 779
f 2695 912 2106
f 2695 2106 583
f 912 3848 4989
f 912 4989 2106
f 3848 4599 2156
f 3848 2156 4989
f 4599 3592 2849
f 4599 2849 2156
f 2625 1402 2802
f 2625 2802 4913
f 1402 1966 936
f 1402 936 2802
f 1966 4400 1372
f 1966 1372 936
f 4400 3050 2666
f 4400 2666 1372
f 3050 530 2378
f 3050 2378 2666
f 530 4403 3419
f 530 3419 2378
f 4403 3291 2466
f 4403 2466 3419
f 3291 2578 1736
f 3291 1736 2466
f 2466 1736 2044
f 2466 2044 1865
f 1865 2044 1522
f 1865 1522 4080
f 4080 1522 4471
f 4080 4471 985
f 985 4471 2596
f 985 2596 2308
f 2308 2596 4519
f 2308 4519 3592
f 3592 4519 2180
f 3592 2180 2849
f 2849 2180 2291
f 2849 2291 1020
f 2156 2849 1020
f 2156 1020 1128
f 4989 2156 1128
f 4989 1128 3879
f 2106 4989 3879
f 2106 3879 1102
f 583 2106 1102
f 583 1102 3278
f 779 583 3278
f 779 3278 4573
f 3383 779 4573
f 3383 4573 3896
f 4503 3383 3896
f 4503 3896 2007
f 4328 1180 3383
f 4328 3383 4503
f 2845 3153 1180
f 2845 1180 4328
f 1174 2937 3153
f 1174 3153 2845
f 2374 2004 2937
f 2374 2937 1174
f 3133 1768 2004
f 3133 2004 2374
f 4913 2802 1768
f 4913 1768 3133
f 3311 3127 809
f 3311 809 1334
f 2942 1239 4121
f 2942 4121 4554
f 3215 1943 3139
f 3215 3139 1594
f 1943 2767 778
f 1943 778 3139
f 3139 778 737
f 3139 737 1840
f 4715 5008 3127
f 4715 3127 3311
f 5008 678 2942
f 5008 2942 3127
f 678 940 1239
f 678 1239 2942
f 940 1284 3215
f 940 3215 1239
f 1284 4361 1943
f 1284 1943 3215
f 4361 3230 2767
f 4361 2767 1943
f 3230 3365 3019
f 3230 3019 2767
f 2767 3019 2455
f 2767 2455 778
f 778 2455 4165
f 778 4165 737
f 3812 2042 3495
f 3812 3495 3113
f 2042 682 559
f 2042 559 3495
f 942 3674 3780
f 942 3780 2488
f 3511 3342 2599
f 3511 2599 1361
f 3113 3495 2115
f 3113 2115 1426
f 3286 3416 3812
f 3286 3812 874
f 3416 2235 2042
f 3416 2042 3812
f 2235 2638 682
f 2235 682 2042
f 2638 1247 942
f 2638 942 682
f 1247 1494 3674
f 1247 3674 942
f 1494 1637 3511
f 1494 3511 3674
f 1637 916 3342
f 1637 3342 3511
f 4146 3113 1426
f 4146 1426 2445
f 874 3812 3113
f 874 3113 4146
f 1054 999 903
f 1054 903 3772
f 999 1784 4188
f 999 4188 903
f 2772 3252 2401
f 2772 2401 4580
f 3252 2607 1857
f 3252 1857 2401
f 3772 903 2402
f 3772 2402 4303
f 903 4188 2627
f 903 2627 2402
f 4188 712 993
f 4188 993 2627
f 3365 1169 1054
f 3365 1054 3019
f 1169 2581 999
f 1169 999 1054
f 2581 3901 1784
f 2581 1784 999
f 3901 2097 2772
f 3901 2772 1784
f 2097 2278 3252
f 2097 3252 2772
f 2278 3946 2607
f 2278 2607 3252
f 3946 3666 3345
f 3946 3345 2607
f 3666 2605 4175
f 3666 4175 3345
f 3345 4175 2219
f 3345 2219 3904
f 3019 1054 3772
f 3019 3772 2455
f 3643 1674 598
f 3643 598 2859
f 1328 3393 4223
f 1328 4223 2104
f 3393 1131 2057
f 3393 2057 4223
f 4883 2894 1270
f 4883 1270 4123
f 2894 1138 4565
f 2894 4565 1270
f 4123 1270 4222
f 4123 4222 3961
f 1270 4565 4010
f 1270 4010 4222
f 3983 2020 523
f 3983 523 1458
f 2020 1715 1328
f 2020 1328 523
f 1715 4311 3393
f 1715 3393 1328
f 4311 3584 1131
f 4311 1131 3393
f 3584 2687 4883
f 3584 4883 1131
f 2687 3999 2894
f 2687 2894 4883
f 3999 1027 1138
f 3999 1138 2894
f 1027 3286 874
f 1027 874 1138
f 1138 874 4146
f 1138 4146 4565
f 1458 523 2679
f 1458 2679 4374
f 4978 4740 2763
f 4978 2763 1556
f 4740 1666 3285
f 4740 3285 2763
f 2468 757 806
f 2468 806 1429
f 757 4661 4698
f 757 4698 806
f 4661 1148 695
f 4661 695 4698
f 1148 1495 3991
f 1148 3991 695
f 1495 1609 2911
f 1495 2911 3991
f 1609 1758 2771
f 1609 2771 2911
f 1429 806 920
f 1429 920 1068
f 806 4698 733
f 806 733 920
f 4698 695 2784
f 4698 2784 733
f 695 3991 2173
f 695 2173 2784
f 3991 2911 4675
f 3991 4675 2173
f 2911 2771 1099
f 2911 1099 4675
f 920 733 4020
f 920 4020 1859
f 733 2784 702
f 733 702 4020
f 2784 2173 1852
f 2784 1852 702
f 2173 4675 829
f 2173 829 1852
f 1859 4020 1626
f 1859 1626 3415
f 4020 702 4474
f 4020 4474 1626
f 702 1852 631
f 702 631 4474
f 829 1418 3475
f 829 3475 3954
f 3134 965 2468
f 3134 2468 4047
f 965 2927 757
f 965 757 2468
f 2927 1809 4661
f 2927 4661 757
f 1809 4594 1148
f 1809 1148 4661
f 4594 3306 1495
f 4594 1495 1148
f 3306 4915 1609
f 3306 1609 1495
f 4915 2362 1758
f 4915 1758 1609
f 2771 1181 2915
f 2771 2915 1099
f 1099 2915 4997
f 1099 4997 4671
f 2457 1068 4069
f 2457 4069 3555
f 4879 1429 1068
f 4879 1068 2457
f 4047 2468 1429
f 4047 1429 4879
f 1727 2412 3770
f 1727 3770 1088
f 2412 4737 3572
f 2412 3572 3770
f 4563 511 1231
f 4563 1231 2987
f 511 3347 3101
f 511 3101 1231
f 3347 3448 2089
f 3347 2089 3101
f 3448 1088 4723
f 3448 4723 2089
f 1088 3770 3537
f 1088 3537 4723
f 3770 3572 859
f 3770 859 3537
f 3572 3644 1673
f 3572 1673 859
f 859 1673 3984
f 859 3984 4947
f 3537 859 4947
f 3537 4947 4444
f 4723 3537 4444
f 4723 4444 4858
f 2089 4723 4858
f 2089 4858 2117
f 3101 2089 2117
f 3101 2117 4257
f 1231 3101 4257
f 1231 4257 4693
f 2987 1231 4693
f 2987 4693 4092
f 2485 2987 4092
f 2485 4092 4885
f 3748 4563 2987
f 3748 2987 2485
f 956 2095 3075
f 956 3075 2688
f 2095 1786 4054
f 2095 4054 3075
f 1786 3910 3253
f 1786 3253 4054
f 3910 3081 2286
f 3910 2286 3253
f 3081 2476 2242
f 3081 2242 2286
f 2476 1703 4084
f 2476 4084 2242
f 2688 3075 2133
f 2688 2133 4212
f 3075 4054 862
f 3075 862 2133
f 4054 3253 3883
f 4054 3883 862
f 3253 2286 1761
f 3253 1761 3883
f 2286 2242 2078
f 2286 2078 1761
f 2242 4084 3866
f 2242 3866 2078
f 4212 2133 685
f 4212 685 947
f 2133 862 1705
f 2133 1705 685
f 862 3883 2029
f 862 2029 1705
f 3883 1761 1108
f 3883 1108 2029
f 1761 2078 4378
f 1761 4378 1108
f 2078 3866 1471
f 2078 1471 4378
f 947 685 1549
f 947 1549 2634
f 685 1705 4244
f 685 4244 1549
f 1705 2029 914
f 1705 914 4244
f 2029 1108 2048
f 2029 2048 914
f 1108 4378 3636
f 1108 3636 2048
f 4378 1471 4607
f 4378 4607 3636
f 2634 1549 2363
f 2634 2363 3451
f 1549 4244 2482
f 1549 2482 2363
f 4244 914 533
f 4244 533 2482
f 914 2048 3325
f 914 3325 533
f 2048 3636 1208
f 2048 1208 3325
f 3636 4607 4217
f 3636 4217 1208
f 3451 2363 3124
f 3451 3124 788
f 2363 2482 3005
f 2363 3005 3124
f 2482 533 3329
f 2482 3329 3005
f 533 3325 1236
f 533 1236 3329
f 3325 1208 4903
f 3325 4903 1236
f 1208 4217 2755
f 1208 2755 4903
f 1658 2788 956
f 1658 956 2250
f 2788 1116 2095
f 2788 2095 956
f 1116 1891 1786
f 1116 1786 2095
f 1891 2617 3910
f 1891 3910 1786
f 2617 819 3081
f 2617 3081 3910
f 819 4806 2476
f 819 2476 3081
f 4806 2905 1703
f 4806 1703 2476
f 2905 3366 1170
f 2905 1170 1703
f 1703 1170 2582
f 1703 2582 4084
f 4084 2582 3902
f 4084 3902 3866
f 3866 3902 3065
f 3866 3065 1471
f 1471 3065 2277
f 1471 2277 4607
f 4607 2277 3947
f 4607 3947 4217
f 4217 3947 3667
f 4217 3667 2755
f 2755 3667 2606
f 2755 2606 667
f 4903 2755 667
f 4903 667 3877
f 1236 4903 3877
f 1236 3877 1801
f 3329 1236 1801
f 3329 1801 3567
f 3005 3329 3567
f 3005 3567 1391
f 3124 3005 1391
f 3124 1391 945
f 788 3124 945
f 788 945 1548
f 529 788 1548
f 529 1548 752
f 4648 3451 788
f 4648 788 529
f 1564 2634 3451
f 1564 3451 4648
f 4919 947 2634
f 4919 2634 1564
f 3137 4212 947
f 3137 947 4919
f 4640 2688 4212
f 4640 4212 3137
f 2250 956 2688
f 2250 2688 4640
f 1295 3878 3358
f 1295 3358 808
f 808 3358 1252
f 808 1252 2790
f 2790 1252 913
f 2790 913 2550
f 2550 913 2886
f 2550 2886 3547
f 3547 2886 4954
f 3547 4954 2158
f 2158 4954 2451
f 2158 2451 3486
f 4884 2486 1295
f 4884 1295 4291
f 3486 2451 1025
f 3486 1025 1213
f 3808 3486 1213
f 3808 1213 4949
f 1954 2158 3486
f 1954 3486 3808
f 1037 3547 2158
f 1037 2158 1954
f 4992 2550 3547
f 4992 3547 1037
f 1375 2790 2550
f 1375 2550 4992
f 2891 808 2790
f 2891 2790 1375
f 4291 1295 808
f 4291 808 2891
f 2168 3810 1551
f 2168 1551 4939
f 4939 1551 2036
f 4939 2036 4082
f 1697 1224 3442
f 1697 3442 3037
f 1224 1745 3798
f 1224 3798 3442
f 3037 3442 2149
f 3037 2149 3751
f 3442 3798 4245
f 3442 4245 2149
f 3751 2149 4642
f 3751 4642 4136
f 2149 4245 3319
f 2149 3319 4642
f 4949 1213 2168
f 4949 2168 3079
f 1213 1025 3810
f 1213 3810 2168
f 4642 3319 4905
f 4642 4905 3022
f 4136 4642 3022
f 4136 3022 4029
f 3053 4136 4029
f 3053 4029 3638
f 1506 3751 4136
f 1506 4136 3053
f 3281 3037 3751
f 3281 3751 1506
f 4751 1697 3037
f 4751 3037 3281
f 4357 4082 1697
f 4357 1697 4751
f 2993 4939 4082
f 2993 4082 4357
f 3079 2168 4939
f 3079 4939 2993
f 568 2636 2233
f 568 2233 4943
f 4943 2233 4990
f 4943 4990 1919
f 1919 4990 2092
f 1919 2092 4766
f 4766 2092 2024
f 4766 2024 2350
f 2350 2024 4151
f 2350 4151 4855
f 4855 4151 2658
f 4855 2658 4347
f 2704 880 568
f 2704 568 3543
f 880 4889 2636
f 880 2636 568
f 4347 2658 1443
f 4347 1443 3790
f 934 4347 3790
f 934 3790 4185
f 2272 4855 4347
f 2272 4347 934
f 789 2350 4855
f 789 4855 2272
f 4451 4766 2350
f 4451 2350 789
f 4182 1919 4766
f 4182 4766 4451
f 4166 4943 1919
f 4166 1919 4182
f 3543 568 4943
f 3543 4943 4166
f 2373 2705 1797
f 2373 1797 1518
f 1518 1797 4525
f 1518 4525 1619
f 1619 4525 2835
f 1619 2835 2069
f 2069 2835 2780
f 2069 2780 1509
f 1509 2780 3227
f 1509 3227 1146
f 1146 3227 2214
f 1146 2214 4945
f 4185 3790 2373
f 4185 2373 4839
f 3790 1443 2705
f 3790 2705 2373
f 2874 4945 1681
f 2874 1681 1005
f 3444 1146 4945
f 3444 4945 2874
f 3642 1509 1146
f 3642 1146 3444
f 2484 2069 1509
f 2484 1509 3642
f 2544 1619 2069
f 2544 2069 2484
f 2188 1518 1619
f 2188 1619 2544
f 4839 2373 1518
f 4839 1518 2188
f 3563 1144 2752
f 3563 2752 4308
f 1144 1645 2207
f 1144 2207 2752
f 1645 4720 1024
f 1645 1024 2207
f 4720 569 3728
f 4720 3728 1024
f 569 2392 4156
f 569 4156 3728
f 2392 1172 4267
f 2392 4267 4156
f 4308 2752 2355
f 4308 2355 4013
f 2752 2207 2579
f 2752 2579 2355
f 2207 1024 1631
f 2207 1631 2579
f 1024 3728 1363
f 1024 1363 1631
f 3728 4156 4924
f 3728 4924 1363
f 4156 4267 3712
f 4156 3712 4924
f 4013 2355 1948
f 4013 1948 3521
f 2355 2579 3932
f 2355 3932 1948
f 2579 1631 1280
f 2579 1280 3932
f 1631 1363 704
f 1631 704 1280
f 1363 4924 3806
f 1363 3806 704
f 4924 3712 1340
f 4924 1340 3806
f 3521 1948 760
f 3521 760 1473
f 1948 3932 1048
f 1948 1048 760
f 3932 1280 4687
f 3932 4687 1048
f 1280 704 2903
f 1280 2903 4687
f 704 3806 3675
f 704 3675 2903
f 3806 1340 743
f 3806 743 3675
f 1473 760 3706
f 1473 3706 3262
f 760 1048 3033
f 760 3033 3706
f 1048 4687 4937
f 1048 4937 3033
f 4687 2903 4427
f 4687 4427 4937
f 2903 3675 4598
f 2903 4598 4427
f 3675 743 1164
f 3675 1164 4598
f 3262 3706 1126
f 3262 1126 1343
f 3706 3033 1162
f 3706 1162 1126
f 3033 4937 3816
f 3033 3816 1162
f 4937 4427 1957
f 4937 1957 3816
f 4427 4598 3121
f 4427 3121 1957
f 4598 1164 3598
f 4598 3598 3121
f 2703 2996 3563
f 2703 3563 1685
f 2996 888 1144
f 2996 1144 3563
f 888 664 1645
f 888 1645 1144
f 664 3663 4720
f 664 4720 1645
f 3663 1591 569
f 3663 569 4720
f 1591 3858 2392
f 1591 2392 569
f 3858 4932 1172
f 3858 1172 2392
f 4932 4288 4714
f 4932 4714 1172
f 1172 4714 5009
f 1172 5009 4267
f 4267 5009 677
f 4267 677 3712
f 3712 677 939
f 3712 939 1340
f 1340 939 1283
f 1340 1283 743
f 743 1283 4360
f 743 4360 1164
f 1164 4360 3231
f 1164 3231 3598
f 3598 3231 3366
f 3598 3366 2905
f 3121 3598 2905
f 3121 2905 4806
f 1957 3121 4806
f 1957 4806 819
f 3816 1957 819
f 3816 819 2617
f 1162 3816 2617
f 1162 2617 1891
f 1126 1162 1891
f 1126 1891 1116
f 1343 1126 1116
f 1343 1116 2788
f 2866 1343 2788
f 2866 2788 1658
f 3043 3262 1343
f 3043 1343 2866
f 3692 1473 3262
f 3692 3262 3043
f 1044 3521 1473
f 1044 1473 3692
f 966 4013 3521
f 966 3521 1044
f 724 4308 4013
f 724 4013 966
f 1685 3563 4308
f 1685 4308 724
f 4520 4796 1052
f 4520 1052 1790
f 4796 3360 710
f 4796 710 1052
f 3360 2906 3670
f 3360 3670 710
f 2906 1559 1862
f 2906 1862 3670
f 1559 3803 1728
f 1559 1728 1862
f 3803 1469 1500
f 3803 1500 1728
f 1790 1052 4472
f 1790 4472 628
f 1052 710 1879
f 1052 1879 4472
f 710 3670 3797
f 710 3797 1879
f 3670 1862 2614
f 3670 2614 3797
f 1862 1728 3933
f 1862 3933 2614
f 1728 1500 2715
f 1728 2715 3933
f 628 4472 2972
f 628 2972 3576
f 4472 1879 798
f 4472 798 2972
f 1879 3797 4636
f 1879 4636 798
f 3797 2614 2489
f 3797 2489 4636
f 2614 3933 2856
f 2614 2856 2489
f 3933 2715 4566
f 3933 4566 2856
f 3576 2972 3891
f 3576 3891 3297
f 2972 798 3192
f 2972 3192 3891
f 798 4636 2842
f 798 2842 3192
f 4636 2489 762
f 4636 762 2842
f 2489 2856 4150
f 2489 4150 762
f 2856 4566 1106
f 2856 1106 4150
f 3297 3891 4024
f 3297 4024 3110
f 3891 3192 4074
f 3891 4074 4024
f 3192 2842 3182
f 3192 3182 4074
f 2842 762 609
f 2842 609 3182
f 762 4150 4543
f 762 4543 609
f 4150 1106 2528
f 4150 2528 4543
f 3110 4024 3717
f 3110 3717 4984
f 4024 4074 1984
f 4024 1984 3717
f 4074 3182 4281
f 4074 4281 1984
f 3182 609 1476
f 3182 1476 4281
f 609 4543 1811
f 609 1811 1476
f 4543 2528 1184
f 4543 1184 1811
f 3372 3468 4520
f 3372 4520 4632
f 3468 1130 4796
f 3468 4796 4520
f 1130 1338 3360
f 1130 3360 4796
f 1338 3850 2906
f 1338 2906 3360
f 3850 4127 1559
f 3850 1559 2906
f 4127 895 3803
f 4127 3803 1559
f 895 2205 1469
f 895 1469 3803
f 2205 1348 600
f 2205 600 1469
f 1469 600 3189
f 1469 3189 1500
f 1500 3189 1030
f 1500 1030 2715
f 2715 1030 907
f 2715 907 4566
f 4566 907 4043
f 4566 4043 1106
f 1106 4043 3600
f 1106 3600 2528
f 2528 3600 811
f 2528 811 1184
f 1184 811 4009
f 1184 4009 1754
f 1811 1184 1754
f 1811 1754 2367
f 1476 1811 2367
f 1476 2367 1723
f 4281 1476 1723
f 4281 1723 1104
f 1984 4281 1104
f 1984 1104 1504
f 3717 1984 1504
f 3717 1504 4966
f 4984 3717 4966
f 4984 4966 3817
f 1782 4984 3817
f 1782 3817 3679
f 1063 3110 4984
f 1063 4984 1782
f 607 3297 3110
f 607 3110 1063
f 4547 3576 3297
f 4547 3297 607
f 4439 628 3576
f 4439 3576 4547
f 2775 1790 628
f 2775 628 4439
f 4632 4520 1790
f 4632 1790 2775
f 1678 3125 2112
f 1678 2112 3229
f 3125 1040 4982
f 3125 4982 2112
f 1040 3031 4365
f 1040 4365 4982
f 3031 4423 944
f 3031 944 4365
f 4423 4141 4119
f 4423 4119 944
f 4141 2675 3060
f 4141 3060 4119
f 3229 2112 2006
f 3229 2006 653
f 2112 4982 3390
f 2112 3390 2006
f 4982 4365 831
f 4982 831 3390
f 4365 944 574
f 4365 574 831
f 944 4119 2056
f 944 2056 574
f 4119 3060 4176
f 4119 4176 2056
f 653 2006 2698
f 653 2698 1896
f 2006 3390 2447
f 2006 2447 2698
f 3390 831 723
f 3390 723 2447
f 831 574 877
f 831 877 723
f 574 2056 1795
f 574 1795 877
f 2056 4176 2217
f 2056 2217 1795
f 1896 2698 4169
f 1896 4169 4016
f 2698 2447 1290
f 2698 1290 4169
f 2447 723 1260
f 2447 1260 1290
f 723 877 2989
f 723 2989 1260
f 877 1795 2564
f 877 2564 2989
f 1795 2217 2435
f 1795 2435 2564
f 4016 4169 1143
f 4016 1143 3685
f 4169 1290 1836
f 4169 1836 1143
f 1290 1260 1813
f 1290 1813 1836
f 1260 2989 4337
f 1260 4337 1813
f 2989 2564 4779
f 2989 4779 4337
f 2564 2435 4463
f 2564 4463 4779
f 3685 1143 2408
f 3685 2408 3130
f 1143 1836 1360
f 1143 1360 2408
f 1836 1813 2430
f 1836 2430 1360
f 1813 4337 4296
f 1813 4296 2430
f 4337 4779 3289
f 4337 3289 4296
f 4779 4463 4226
f 4779 4226 3289
f 1219 2259 1678
f 1219 1678 3103
f 2259 1434 3125
f 2259 3125 1678
f 1434 2922 1040
f 1434 1040 3125
f 2922 4609 3031
f 2922 3031 1040
f 4609 2917 4423
f 4609 4423 3031
f 2917 2604 4141
f 2917 4141 4423
f 2604 2753 2675
f 2604 2675 4141
f 2753 3993 688
f 2753 688 2675
f 2675 688 2712
f 2675 2712 3060
f 3060 2712 4038
f 3060 4038 4176
f 4176 4038 2628
f 4176 2628 2217
f 2217 2628 1319
f 2217 1319 2435
f 2435 1319 2226
f 2435 2226 4463
f 4463 2226 4189
f 4463 4189 4226
f 4226 4189 4873
f 4226 4873 971
f 3289 4226 971
f 3289 971 1860
f 4296 3289 1860
f 4296 1860 3934
f 2430 4296 3934
f 2430 3934 540
f 1360 2430 540
f 1360 540 2757
f 2408 1360 2757
f 2408 2757 3559
f 3130 2408 3559
f 3130 3559 630
f 2946 3130 630
f 2946 630 1442
f 4314 3685 3130
f 4314 3130 2946
f 3089 4016 3685
f 3089 3685 4314
f 3870 1896 4016
f 3870 4016 3089
f 1445 653 1896
f 1445 1896 3870
f 4142 3229 653
f 4142 653 1445
f 3103 1678 3229
f 3103 3229 4142
f 3623 2248 3212
f 3623 3212 4803
f 2248 2747 1084
f 2248 1084 3212
f 2747 4972 1977
f 2747 1977 1084
f 4972 1302 3476
f 4972 3476 1977
f 1302 3986 1960
f 1302 1960 3476
f 3986 2984 1539
f 3986 1539 1960
f 4803 3212 3341
f 4803 3341 835
f 3212 1084 3923
f 3212 3923 3341
f 1084 1977 2473
f 1084 2473 3923
f 1977 3476 3108
f 1977 3108 2473
f 3476 1960 2818
f 3476 2818 3108
f 1960 1539 538
f 1960 538 2818
f 835 3341 1531
f 835 1531 1202
f 3341 3923 1411
f 3341 1411 1531
f 3923 2473 4094
f 3923 4094 1411
f 2473 3108 1485
f 2473 1485 4094
f 3108 2818 4619
f 3108 4619 1485
f 2818 538 4557
f 2818 4557 4619
f 1202 1531 2725
f 1202 2725 2297
f 1531 1411 692
f 1531 692 2725
f 1411 4094 2897
f 1411 2897 692
f 4094 1485 3742
f 4094 3742 2897
f 1485 4619 2982
f 1485 2982 3742
f 4619 4557 1315
f 4619 1315 2982
f 2297 2725 616
f 2297 616 4540
f 2725 692 3622
f 2725 3622 616
f 692 2897 2436
f 692 2436 3622
f 2897 3742 2254
f 2897 2254 2436
f 3742 2982 2144
f 3742 2144 2254
f 2982 1315 2505
f 2982 2505 2144
f 4540 616 972
f 4540 972 2967
f 616 3622 3757
f 616 3757 972
f 3622 2436 3116
f 3622 3116 3757
f 2436 2254 1398
f 2436 1398 3116
f 2254 2144 3724
f 2254 3724 1398
f 2144 2505 2009
f 2144 2009 3724
f 1442 630 3623
f 1442 3623 3554
f 630 3559 2248
f 630 2248 3623
f 3559 2757 2747
f 3559 2747 2248
f 2757 540 4972
f 2757 4972 2747
f 540 3934 1302
f 540 1302 4972
f 3934 1860 3986
f 3934 3986 1302
f 1860 971 2984
f 1860 2984 3986
f 971 4873 2368
f 971 2368 2984
f 2984 2368 4601
f 2984 4601 1539
f 1539 4601 1351
f 1539 1351 538
f 538 1351 918
f 538 918 4557
f 4557 918 1198
f 4557 1198 1315
f 1315 1198 4967
f 1315 4967 2505
f 2505 4967 4768
f 2505 4768 2009
f 2009 4768 1043
f 2009 1043 2593
f 3724 2009 2593
f 3724 2593 615
f 1398 3724 615
f 1398 615 1487
f 3116 1398 1487
f 3116 1487 2459
f 3757 3116 2459
f 3757 2459 3071
f 972 3757 3071
f 972 3071 842
f 2967 972 842
f 2967 842 3972
f 1022 2967 3972
f 1022 3972 2890
f 2210 4540 2967
f 2210 2967 1022
f 2052 2297 4540
f 2052 4540 2210
f 1438 1202 2297
f 1438 2297 2052
f 3095 835 1202
f 3095 1202 1438
f 3456 4803 835
f 3456 835 3095
f 3554 3623 4803
f 3554 4803 3456
f 2240 1012 2585
f 2240 2585 1743
f 1012 2182 2108
f 1012 2108 2585
f 2182 727 3128
f 2182 3128 2108
f 727 2979 4730
f 727 4730 3128
f 2979 4517 4579
f 2979 4579 4730
f 4517 4907 1916
f 4517 1916 4579
f 1743 2585 1653
f 1743 1653 1820
f 2585 2108 4236
f 2585 4236 1653
f 2108 3128 1526
f 2108 1526 4236
f 3128 4730 2534
f 3128 2534 1526
f 4730 4579 2224
f 4730 2224 2534
f 4579 1916 3356
f 4579 3356 2224
f 1820 1653 2885
f 1820 2885 886
f 1653 4236 3373
f 1653 3373 2885
f 4236 1526 739
f 4236 739 3373
f 1526 2534 1307
f 1526 1307 739
f 2534 2224 2508
f 2534 2508 1307
f 2224 3356 2671
f 2224 2671 2508
f 886 2885 3777
f 886 3777 1920
f 2885 3373 1721
f 2885 1721 3777
f 3373 739 4633
f 3373 4633 1721
f 739 1307 4816
f 739 4816 4633
f 1307 2508 4775
f 1307 4775 4816
f 2508 2671 4015
f 2508 4015 4775
f 1920 3777 2000
f 1920 2000 1381
f 3777 1721 1326
f 3777 1326 2000
f 1721 4633 3884
f 1721 3884 1326
f 4633 4816 2669
f 4633 2669 3884
f 4816 4775 1625
f 4816 1625 2669
f 4775 4015 3171
f 4775 3171 1625
f 1381 2000 2063
f 1381 2063 2265
f 2000 1326 2282
f 2000 2282 2063
f 1326 3884 4753
f 1326 4753 2282
f 3884 2669 804
f 3884 804 4753
f 2669 1625 3841
f 2669 3841 804
f 1625 3171 740
f 1625 740 3841
f 751 528 2240
f 751 2240 1357
f 528 4649 1012
f 528 1012 2240
f 4649 1563 2182
f 4649 2182 1012
f 1563 4920 727
f 1563 727 2182
f 4920 3136 2979
f 4920 2979 727
f 3136 4641 4517
f 3136 4517 2979
f 4641 2249 4907
f 4641 4907 4517
f 2249 1659 4929
f 2249 4929 4907
f 4907 4929 1206
f 4907 1206 1916
f 1916 1206 1607
f 1916 1607 3356
f 3356 1607 1299
f 3356 1299 2671
f 2671 1299 4338
f 2671 4338 4015
f 4015 4338 3429
f 4015 3429 3171
f 3171 3429 1435
f 3171 1435 740
f 740 1435 765
f 740 765 2474
f 3841 740 2474
f 3841 2474 4056
f 804 3841 4056
f 804 4056 2929
f 4753 804 2929
f 4753 2929 1525
f 2282 4753 1525
f 2282 1525 2299
f 2063 2282 2299
f 2063 2299 1664
f 2265 2063 1664
f 2265 1664 4717
f 1853 2265 4717
f 1853 4717 665
f 1039 1381 2265
f 1039 2265 1853
f 4617 1920 1381
f 4617 1381 1039
f 3380 886 1920
f 3380 1920 4617
f 2553 1820 886
f 2553 886 3380
f 1002 1743 1820
f 1002 1820 2553
f 1357 2240 1743
f 1357 1743 1002
f 1972 3664 3949
f 1972 3949 977
f 3664 2649 1993
f 3664 1993 3949
f 2649 1712 3062
f 2649 3062 1993
f 1712 2616 4792
f 1712 4792 3062
f 2616 2074 2840
f 2616 2840 4792
f 2074 2782 4481
f 2074 4481 2840
f 977 3949 2674
f 977 2674 3905
f 3949 1993 3106
f 3949 3106 2674
f 1993 3062 4352
f 1993 4352 3106
f 3062 4792 4875
f 3062 4875 4352
f 4792 2840 2935
f 4792 2935 4875
f 2840 4481 1598
f 2840 1598 2935
f 3905 2674 1087
f 3905 1087 979
f 2674 3106 2195
f 2674 2195 1087
f 3106 4352 4445
f 3106 4445 2195
f 4352 4875 3669
f 4352 3669 4445
f 4875 2935 767
f 4875 767 3669
f 2935 1598 2284
f 2935 2284 767
f 979 1087 2860
f 979 2860 2139
f 1087 2195 1395
f 1087 1395 2860
f 2195 4445 3092
f 2195 3092 1395
f 4445 3669 1062
f 4445 1062 3092
f 3669 767 1646
f 3669 1646 1062
f 767 2284 605
f 767 605 1646
f 2139 2860 1378
f 2139 1378 3044
f 2860 1395 1232
f 2860 1232 1378
f 1395 3092 3528
f 1395 3528 1232
f 3092 1062 3161
f 3092 3161 3528
f 1062 1646 1330
f 1062 1330 3161
f 1646 605 2510
f 1646 2510 1330
f 3044 1378 2123
f 3044 2123 1245
f 1378 1232 3721
f 1378 3721 2123
f 1232 3528 2690
f 1232 2690 3721
f 3528 3161 4536
f 3528 4536 2690
f 3161 1330 580
f 3161 580 4536
f 1330 2510 792
f 1330 792 580
f 665 4717 1972
f 665 1972 4282
f 4717 1664 3664
f 4717 3664 1972
f 1664 2299 2649
f 1664 2649 3664
f 2299 1525 1712
f 2299 1712 2649
f 1525 2929 2616
f 1525 2616 1712
f 2929 4056 2074
f 2929 2074 2616
f 4056 2474 2782
f 4056 2782 2074
f 2474 765 1570
f 2474 1570 2782
f 2782 1570 3743
f 2782 3743 4481
f 4481 3743 2571
f 4481 2571 1598
f 1598 2571 4713
f 1598 4713 2284
f 2284 4713 2719
f 2284 2719 605
f 605 2719 3395
f 605 3395 2510
f 2510 3395 858
f 2510 858 792
f 792 858 4612
f 792 4612 2142
f 580 792 2142
f 580 2142 4044
f 4536 580 4044
f 4536 4044 2427
f 2690 4536 2427
f 2690 2427 2203
f 3721 2690 2203
f 3721 2203 2316
f 2123 3721 2316
f 2123 2316 1777
f 1245 2123 1777
f 1245 1777 1168
f 4313 1245 1168
f 4313 1168 4744
f 2441 3044 1245
f 2441 1245 4313
f 2397 2139 3044
f 2397 3044 2441
f 872 979 2139
f 872 2139 2397
f 3021 3905 979
f 3021 979 872
f 4380 977 3905
f 4380 3905 3021
f 4282 1972 977
f 4282 977 4380
f 3312 4917 933
f 3312 933 3126
f 2941 838 3169
f 2941 3169 1238
f 3214 1593 3140
f 3214 3140 1944
f 1944 3140 777
f 1944 777 2766
f 3140 3630 801
f 3140 801 777
f 777 801 4247
f 777 4247 2454
f 2766 777 2454
f 2766 2454 3018
f 3231 2766 3018
f 3231 3018 3366
f 4360 1944 2766
f 4360 2766 3231
f 1283 3214 1944
f 1283 1944 4360
f 939 1238 3214
f 939 3214 1283
f 677 2941 1238
f 677 1238 939
f 5009 3126 2941
f 5009 2941 677
f 4714 3312 3126
f 4714 3126 5009
f 4178 544 2080
f 4178 2080 865
f 544 3565 2816
f 544 2816 2080
f 3565 3542 875
f 3565 875 2816
f 3542 4448 1877
f 3542 1877 875
f 4448 3143 750
f 4448 750 1877
f 3143 1739 1459
f 3143 1459 750
f 865 2080 4655
f 865 4655 991
f 2080 2816 3618
f 2080 3618 4655
f 875 1877 2858
f 875 2858 2318
f 1877 750 1250
f 1877 1250 2858
f 750 1459 3928
f 750 3928 1250
f 991 4655 4635
f 991 4635 2360
f 4655 3618 3257
f 4655 3257 4635
f 755 3586 4178
f 755 4178 4261
f 3586 1770 544
f 3586 544 4178
f 1770 4393 3565
f 1770 3565 544
f 4393 3965 3542
f 4393 3542 3565
f 3965 1668 4448
f 3965 4448 3542
f 1668 3196 3143
f 1668 3143 4448
f 3196 4304 1739
f 3196 1739 3143
f 4304 2889 3981
f 4304 3981 1739
f 1739 3981 656
f 1739 656 1459
f 1459 656 4461
f 1459 4461 3928
f 1481 991 2360
f 1481 2360 2122
f 3510 865 991
f 3510 991 1481
f 4261 4178 865
f 4261 865 3510
f 4263 4976 3332
f 4263 3332 1643
f 4976 983 4762
f 4976 4762 3332
f 983 3499 4705
f 983 4705 4762
f 3499 1140 4483
f 3499 4483 4705
f 1140 1751 4551
f 1140 4551 4483
f 1751 4810 1872
f 1751 1872 4551
f 1643 3332 905
f 1643 905 840
f 3332 4762 3540
f 3332 3540 905
f 4762 4705 2091
f 4762 2091 3540
f 4705 4483 3174
f 4705 3174 2091
f 4483 4551 2794
f 4483 2794 3174
f 4551 1872 643
f 4551 643 2794
f 840 905 1265
f 840 1265 3607
f 905 3540 509
f 905 509 1265
f 3540 2091 1393
f 3540 1393 509
f 2091 3174 1276
f 2091 1276 1393
f 3174 2794 505
f 3174 505 1276
f 2794 643 1893
f 2794 1893 505
f 3607 1265 3048
f 3607 3048 4159
f 1265 509 3775
f 1265 3775 3048
f 509 1393 3256
f 509 3256 3775
f 1393 1276 4733
f 1393 4733 3256
f 1276 505 2186
f 1276 2186 4733
f 505 1893 3321
f 505 3321 2186
f 4159 3048 1589
f 4159 1589 3173
f 3048 3775 2880
f 3048 2880 1589
f 3775 3256 1355
f 3775 1355 2880
f 3256 4733 3634
f 3256 3634 1355
f 4733 2186 2848
f 4733 2848 3634
f 2186 3321 4086
f 2186 4086 2848
f 3173 1589 1188
f 3173 1188 3025
f 1589 2880 3163
f 1589 3163 1188
f 2880 1355 1577
f 2880 1577 3163
f 1355 3634 2951
f 1355 2951 1577
f 3634 2848 576
f 3634 576 2951
f 2848 4086 3976
f 2848 3976 576
f 2291 2957 4263
f 2291 4263 1020
f 2957 4552 4976
f 2957 4976 4263
f 4552 2268 983
f 4552 983 4976
f 2268 1950 3499
f 2268 3499 983
f 1950 2925 1140
f 1950 1140 3499
f 2925 3293 1751
f 2925 1751 1140
f 3293 635 4810
f 3293 4810 1751
f 635 3637 2749
f 635 2749 4810
f 4810 2749 1241
f 4810 1241 1872
f 1872 1241 1617
f 1872 1617 643
f 643 1617 3446
f 643 3446 1893
f 1893 3446 3244
f 1893 3244 3321
f 3321 3244 1597
f 3321 1597 4086
f 4086 1597 1812
f 4086 1812 3976
f 3976 1812 1042
f 3976 1042 1832
f 576 3976 1832
f 576 1832 554
f 2951 576 554
f 2951 554 1774
f 1577 2951 1774
f 1577 1774 975
f 3163 1577 975
f 3163 975 4275
f 1188 3163 4275
f 1188 4275 3191
f 3025 1188 3191
f 3025 3191 734
f 3896 3025 734
f 3896 734 2007
f 4573 3173 3025
f 4573 3025 3896
f 3278 4159 3173
f 3278 3173 4573
f 1102 3607 4159
f 1102 4159 3278
f 3879 840 3607
f 3879 3607 1102
f 1128 1643 840
f 1128 840 3879
f 1020 4263 1643
f 1020 1643 1128
f 4728 1365 1974
f 4728 1974 1602
f 1365 2035 4065
f 1365 4065 1974
f 2954 1602 4703
f 2954 4703 1622
f 1602 1974 3506
f 1602 3506 4703
f 1974 4065 2974
f 1974 2974 3506
f 1622 4703 4414
f 1622 4414 3405
f 4703 3506 1528
f 4703 1528 4414
f 3506 2974 3056
f 3506 3056 1528
f 3405 4414 3652
f 3405 3652 1133
f 4414 1528 1692
f 4414 1692 3652
f 1528 3056 2641
f 1528 2641 1692
f 1133 3652 649
f 1133 649 4237
f 3652 1692 1804
f 3652 1804 649
f 1692 2641 1856
f 1692 1856 1804
f 649 1804 730
f 649 730 1114
f 1804 1856 1461
f 1804 1461 730
f 2035 4467 1938
f 2035 1938 4065
f 4065 1938 3097
f 4065 3097 2974
f 2974 3097 1633
f 2974 1633 3056
f 3056 1633 3784
f 3056 3784 2641
f 2641 3784 2386
f 2641 2386 1856
f 1856 2386 1211
f 1856 1211 1461
f 1461 1211 755
f 1461 755 4261
f 730 1461 4261
f 730 4261 3510
f 1114 730 3510
f 1114 3510 1481
f 3479 1136 3764
f 3479 3764 2059
f 1136 2654 896
f 1136 896 3764
f 2654 3167 3508
f 2654 3508 896
f 3167 3466 1848
f 3167 1848 3508
f 3466 4639 3063
f 3466 3063 1848
f 4639 3411 2192
f 4639 2192 3063
f 2059 3764 3432
f 2059 3432 2314
f 3764 896 1387
f 3764 1387 3432
f 896 3508 2418
f 896 2418 1387
f 3508 1848 1409
f 3508 1409 2418
f 1848 3063 3995
f 1848 3995 1409
f 3063 2192 2130
f 3063 2130 3995
f 2314 3432 3146
f 2314 3146 2962
f 3432 1387 4345
f 3432 4345 3146
f 1387 2418 4898
f 1387 4898 4345
f 2418 1409 2288
f 2418 2288 4898
f 1409 3995 1010
f 1409 1010 2288
f 3995 2130 4734
f 3995 4734 1010
f 2962 3146 854
f 2962 854 1636
f 3146 4345 3577
f 3146 3577 854
f 4345 4898 1017
f 4345 1017 3577
f 4898 2288 3940
f 4898 3940 1017
f 2288 1010 1887
f 2288 1887 3940
f 1010 4734 2049
f 1010 2049 1887
f 1636 854 2309
f 1636 2309 2497
f 854 3577 2968
f 854 2968 2309
f 3577 1017 1792
f 3577 1792 2968
f 1017 3940 4325
f 1017 4325 1792
f 3940 1887 1997
f 3940 1997 4325
f 1887 2049 2547
f 1887 2547 1997
f 2497 2309 4478
f 2497 4478 4895
f 2309 2968 4833
f 2309 4833 4478
f 2968 1792 868
f 2968 868 4833
f 1792 4325 3378
f 1792 3378 868
f 4325 1997 1913
f 4325 1913 3378
f 1997 2547 1670
f 1997 1670 1913
f 3993 3403 3479
f 3993 3479 688
f 3403 1009 1136
f 3403 1136 3479
f 1009 753 2654
f 1009 2654 1136
f 753 719 3167
f 753 3167 2654
f 719 2377 3466
f 719 3466 3167
f 2377 3704 4639
f 2377 4639 3466
f 3704 3337 3411
f 3704 3411 4639
f 3337 4884 4291
f 3337 4291 3411
f 3411 4291 2891
f 3411 2891 2192
f 2192 2891 1375
f 2192 1375 2130
f 2130 1375 4992
f 2130 4992 4734
f 4734 4992 1037
f 4734 1037 2049
f 2049 1037 1954
f 2049 1954 2547
f 2547 1954 3808
f 2547 3808 1670
f 1670 3808 4949
f 1670 4949 909
f 1913 1670 909
f 1913 909 2271
f 3378 1913 2271
f 3378 2271 3367
f 868 3378 3367
f 868 3367 4125
f 4833 868 4125
f 4833 4125 955
f 4478 4833 955
f 4478 955 1582
f 4895 4478 1582
f 4895 1582 3198
f 4189 4895 3198
f 4189 3198 4873
f 2226 2497 4895
f 2226 4895 4189
f 1319 1636 2497
f 1319 2497 2226
f 2628 2962 1636
f 2628 1636 1319
f 4038 2314 2962
f 4038 2962 2628
f 2712 2059 2314
f 2712 2314 4038
f 688 3479 2059
f 688 2059 2712
f 1119 1904 1065
f 1119 1065 3838
f 1904 3029 832
f 1904 832 1065
f 3029 3956 2588
f 3029 2588 832
f 3956 1278 3693
f 3956 3693 2588
f 1278 2026 4371
f 1278 4371 3693
f 2026 3711 4664
f 2026 4664 4371
f 3838 1065 950
f 3838 950 546
f 1065 832 3514
f 1065 3514 950
f 832 2588 1303
f 832 1303 3514
f 2588 3693 2537
f 2588 2537 1303
f 3693 4371 2959
f 3693 2959 2537
f 4371 4664 1764
f 4371 1764 2959
f 546 950 4866
f 546 4866 1656
f 950 3514 4702
f 950 4702 4866
f 3514 1303 1203
f 3514 1203 4702
f 1303 2537 3453
f 1303 3453 1203
f 2537 2959 1898
f 2537 1898 3453
f 2959 1764 2913
f 2959 2913 1898
f 1656 4866 4003
f 1656 4003 5000
f 4866 4702 4576
f 4866 4576 4003
f 4702 1203 785
f 4702 785 4576
f 1203 3453 1572
f 1203 1572 785
f 3453 1898 2761
f 3453 2761 1572
f 1898 2913 3534
f 1898 3534 2761
f 5000 4003 4324
f 5000 4324 3141
f 4003 4576 2500
f 4003 2500 4324
f 4576 785 2145
f 4576 2145 2500
f 785 1572 4421
f 785 4421 2145
f 1572 2761 4271
f 1572 4271 4421
f 2761 3534 2601
f 2761 2601 4271
f 3141 4324 514
f 3141 514 3086
f 4324 2500 1118
f 4324 1118 514
f 2500 2145 2934
f 2500 2934 1118
f 2145 4421 4629
f 2145 4629 2934
f 4421 4271 1830
f 4421 1830 4629
f 4271 2601 2685
f 4271 2685 1830
f 4873 3198 1119
f 4873 1119 2368
f 3198 1582 1904
f 3198 1904 1119
f 1582 955 3029
f 1582 3029 1904
f 955 4125 3956
f 955 3956 3029
f 4125 3367 1278
f 4125 1278 3956
f 3367 2271 2026
f 3367 2026 1278
f 2271 909 3711
f 2271 3711 2026
f 909 4949 3079
f 909 3079 3711
f 3711 3079 2993
f 3711 2993 4664
f 4664 2993 4357
f 4664 4357 1764
f 1764 4357 4751
f 1764 4751 2913
f 2913 4751 3281
f 2913 3281 3534
f 3534 3281 1506
f 3534 1506 2601
f 2601 1506 3053
f 2601 3053 2685
f 2685 3053 3638
f 2685 3638 2750
f 1830 2685 2750
f 1830 2750 1240
f 4629 1830 1240
f 4629 1240 1616
f 2934 4629 1616
f 2934 1616 3447
f 1118 2934 3447
f 1118 3447 3243
f 514 1118 3243
f 514 3243 1596
f 3086 514 1596
f 3086 1596 4457
f 4768 3086 4457
f 4768 4457 1043
f 4967 3141 3086
f 4967 3086 4768
f 1198 5000 3141
f 1198 3141 4967
f 918 1656 5000
f 918 5000 1198
f 1351 546 1656
f 1351 1656 918
f 4601 3838 546
f 4601 546 1351
f 2368 1119 3838
f 2368 3838 4601
f 1253 2462 4191
f 1253 4191 2590
f 2462 3899 4696
f 2462 4696 4191
f 3899 3617 1297
f 3899 1297 4696
f 3617 1154 3387
f 3617 3387 1297
f 1154 769 1846
f 1154 1846 3387
f 769 2263 660
f 769 660 1846
f 2590 4191 3626
f 2590 3626 1455
f 4191 4696 518
f 4191 518 3626
f 4696 1297 4795
f 4696 4795 518
f 1297 3387 3259
f 1297 3259 4795
f 3387 1846 3682
f 3387 3682 3259
f 1846 660 4962
f 1846 4962 3682
f 1455 3626 2154
f 1455 2154 4436
f 3626 518 4745
f 3626 4745 2154
f 518 4795 3177
f 518 3177 4745
f 4795 3259 1498
f 4795 1498 3177
f 3259 3682 1226
f 3259 1226 1498
f 3682 4962 3773
f 3682 3773 1226
f 4436 2154 3078
f 4436 3078 3237
f 2154 4745 2644
f 2154 2644 3078
f 4745 3177 4401
f 4745 4401 2644
f 3177 1498 884
f 3177 884 4401
f 1498 1226 2443
f 1498 2443 884
f 1226 3773 4299
f 1226 4299 2443
f 3237 3078 3603
f 3237 3603 3859
f 3078 2644 1320
f 3078 1320 3603
f 2644 4401 3864
f 2644 3864 1320
f 4401 884 3820
f 4401 3820 3864
f 884 2443 4509
f 884 4509 3820
f 2443 4299 4686
f 2443 4686 4509
f 3859 3603 2390
f 3859 2390 1416
f 3603 1320 1353
f 3603 1353 2390
f 1320 3864 3240
f 1320 3240 1353
f 3864 3820 4290
f 3864 4290 3240
f 3820 4509 1542
f 3820 1542 4290
f 4509 4686 2517
f 4509 2517 1542
f 1659 2867 1253
f 1659 1253 4929
f 2867 1332 2462
f 2867 2462 1253
f 1332 3691 3899
f 1332 3899 2462
f 3691 1045 3617
f 3691 3617 3899
f 1045 967 1154
f 1045 1154 3617
f 967 2493 769
f 967 769 1154
f 2493 4332 2263
f 2493 2263 769
f 4332 2704 3543
f 4332 3543 2263
f 2263 3543 4166
f 2263 4166 660
f 660 4166 4182
f 660 4182 4962
f 4962 4182 4451
f 4962 4451 3773
f 3773 4451 789
f 3773 789 4299
f 4299 789 2272
f 4299 2272 4686
f 4686 2272 934
f 4686 934 2517
f 2517 934 4185
f 2517 4185 1532
f 1542 2517 1532
f 1542 1532 2121
f 4290 1542 2121
f 4290 2121 2864
f 3240 4290 2864
f 3240 2864 550
f 1353 3240 550
f 1353 550 1730
f 2390 1353 1730
f 2390 1730 2102
f 1416 2390 2102
f 1416 2102 4667
f 1435 1416 4667
f 1435 4667 765
f 3429 3859 1416
f 3429 1416 1435
f 4338 3237 3859
f 4338 3859 3429
f 1299 4436 3237
f 1299 3237 4338
f 1607 1455 4436
f 1607 4436 1299
f 1206 2590 1455
f 1206 1455 1607
f 4929 1253 2590
f 4929 2590 1206
f 900 4317 3731
f 900 3731 4098
f 4317 4359 2176
f 4317 2176 3731
f 4359 640 2018
f 4359 2018 2176
f 640 2869 4569
f 640 4569 2018
f 2869 1693 690
f 2869 690 4569
f 1693 4755 3582
f 1693 3582 690
f 4098 3731 2800
f 4098 2800 552
f 3731 2176 3536
f 3731 3536 2800
f 2176 2018 3201
f 2176 3201 3536
f 2018 4569 1749
f 2018 1749 3201
f 4569 690 526
f 4569 526 1749
f 690 3582 3051
f 690 3051 526
f 552 2800 1035
f 552 1035 1093
f 2800 3536 4163
f 2800 4163 1035
f 3536 3201 1545
f 3536 1545 4163
f 3201 1749 2512
f 3201 2512 1545
f 1749 526 2417
f 1749 2417 2512
f 526 3051 2718
f 526 2718 2417
f 1093 1035 2653
f 1093 2653 4340
f 1035 4163 4603
f 1035 4603 2653
f 4163 1545 995
f 4163 995 4603
f 1545 2512 3210
f 1545 3210 995
f 2512 2417 2887
f 2512 2887 3210
f 2417 2718 1640
f 2417 1640 2887
f 4340 2653 4456
f 4340 4456 3156
f 2653 4603 3402
f 2653 3402 4456
f 4603 995 3234
f 4603 3234 3402
f 995 3210 4758
f 995 4758 3234
f 3210 2887 3270
f 3210 3270 4758
f 2887 1640 3786
f 2887 3786 3270
f 3156 4456 4625
f 3156 4625 1987
f 4456 3402 2521
f 4456 2521 4625
f 3402 3234 775
f 3402 775 2521
f 3234 4758 4595
f 3234 4595 775
f 4758 3270 2920
f 4758 2920 4595
f 3270 3786 922
f 3270 922 2920
f 765 4667 900
f 765 900 1570
f 4667 2102 4317
f 4667 4317 900
f 2102 1730 4359
f 2102 4359 4317
f 1730 550 640
f 1730 640 4359
f 550 2864 2869
f 550 2869 640
f 2864 2121 1693
f 2864 1693 2869
f 2121 1532 4755
f 2121 4755 1693
f 1532 4185 4839
f 1532 4839 4755
f 4755 4839 2188
f 4755 2188 3582
f 3582 2188 2544
f 3582 2544 3051
f 3051 2544 2484
f 3051 2484 2718
f 2718 2484 3642
f 2718 3642 1640
f 1640 3642 3444
f 1640 3444 3786
f 3786 3444 2874
f 3786 2874 922
f 922 2874 1005
f 922 1005 4343
f 2920 922 4343
f 2920 4343 3042
f 4595 2920 3042
f 4595 3042 814
f 775 4595 814
f 775 814 1479
f 2521 775 1479
f 2521 1479 4161
f 4625 2521 4161
f 4625 4161 4993
f 1987 4625 4993
f 1987 4993 3058
f 858 1987 3058
f 858 3058 4612
f 3395 3156 1987
f 3395 1987 858
f 2719 4340 3156
f 2719 3156 3395
f 4713 1093 4340
f 4713 4340 2719
f 2571 552 1093
f 2571 1093 4713
f 3743 4098 552
f 3743 552 2571
f 1570 900 4098
f 1570 4098 3743
f 2899 990 1886
f 2899 1886 4756
f 990 4769 2804
f 990 2804 1886
f 4756 1886 3326
f 4756 3326 1454
f 1886 2804 4825
f 1886 4825 3326
f 2804 3011 4849
f 2804 4849 4825
f 3011 2087 3874
f 3011 3874 4849
f 2087 3138 748
f 2087 748 3874
f 3138 2470 2198
f 3138 2198 748
f 2470 3242 1680
f 2470 1680 2198
f 2198 1680 1004
f 2198 1004 4007
f 748 2198 4007
f 748 4007 709
f 3874 748 709
f 3874 709 3988
f 4849 3874 3988
f 4849 3988 4355
f 4825 4849 4355
f 4825 4355 3919
f 3326 4825 3919
f 3326 3919 2175
f 1454 3326 2175
f 1454 2175 4799
f 4047 1454 4799
f 4047 4799 3134
f 4879 4756 1454
f 4879 1454 4047
f 2457 2899 4756
f 2457 4756 4879
f 4741 1869 3199
f 4741 3199 3294
f 4979 1672 1869
f 4979 1869 4741
f 4843 4683 4406
f 4843 4406 3518
f 4683 3715 646
f 4683 646 4406
f 3715 2797 3283
f 3715 3283 646
f 2797 3661 856
f 2797 856 3283
f 3661 924 3003
f 3661 3003 856
f 924 3523 1951
f 924 1951 3003
f 3518 4406 602
f 3518 602 4251
f 4406 646 4415
f 4406 4415 602
f 646 3283 4725
f 646 4725 4415
f 3283 856 4002
f 3283 4002 4725
f 856 3003 4869
f 856 4869 4002
f 3003 1951 783
f 3003 783 4869
f 4251 602 3953
f 4251 3953 2610
f 602 4415 2524
f 602 2524 3953
f 4415 4725 4656
f 4415 4656 2524
f 4725 4002 2340
f 4725 2340 4656
f 4002 4869 3067
f 4002 3067 2340
f 4869 783 3277
f 4869 3277 3067
f 2610 3953 2015
f 2610 2015 2863
f 3953 2524 4823
f 3953 4823 2015
f 2524 4656 1229
f 2524 1229 4823
f 4656 2340 3165
f 4656 3165 1229
f 2340 3067 4901
f 2340 4901 3165
f 3067 3277 3400
f 3067 3400 4901
f 2863 2015 3502
f 2863 3502 1587
f 2015 4823 2327
f 2015 2327 3502
f 4823 1229 813
f 4823 813 2327
f 1229 3165 3914
f 1229 3914 813
f 3165 4901 3683
f 3165 3683 3914
f 4901 3400 557
f 4901 557 3683
f 1587 3502 4818
f 1587 4818 4809
f 3502 2327 4067
f 3502 4067 4818
f 2327 813 1630
f 2327 1630 4067
f 813 3914 3002
f 813 3002 1630
f 3914 3683 3869
f 3914 3869 3002
f 3683 557 1710
f 3683 1710 3869
f 755 1211 4843
f 755 4843 1540
f 1211 2386 4683
f 1211 4683 4843
f 2386 3784 3715
f 2386 3715 4683
f 3784 1633 2797
f 3784 2797 3715
f 1633 3097 3661
f 1633 3661 2797
f 3097 1938 924
f 3097 924 3661
f 1938 4467 3523
f 1938 3523 924
f 4467 624 4318
f 4467 4318 3523
f 3523 4318 563
f 3523 563 1951
f 1951 563 2320
f 1951 2320 783
f 783 2320 3220
f 783 3220 3277
f 3277 3220 3436
f 3277 3436 3400
f 3400 3436 2732
f 3400 2732 557
f 557 2732 2632
f 557 2632 1710
f 1710 2632 2625
f 1710 2625 4913
f 3869 1710 4913
f 3869 4913 3133
f 3002 3869 3133
f 3002 3133 2374
f 1630 3002 2374
f 1630 2374 1174
f 4067 1630 1174
f 4067 1174 2845
f 4818 4067 2845
f 4818 2845 4328
f 4809 4818 4328
f 4809 4328 4503
f 2821 4809 4503
f 2821 4503 2007
f 1336 1587 4809
f 1336 4809 2821
f 2643 2863 1587
f 2643 1587 1336
f 4372 2610 2863
f 4372 2863 2643
f 1158 4251 2610
f 1158 2610 4372
f 4583 3518 4251
f 4583 4251 1158
f 1540 4843 3518
f 1540 3518 4583
f 4589 1940 4005
f 4589 4005 4821
f 1940 1922 4408
f 1940 4408 4005
f 1922 3719 1834
f 1922 1834 4408
f 3719 5003 1463
f 3719 1463 1834
f 5003 2227 1824
f 5003 1824 1463
f 2227 1934 4676
f 2227 4676 1824
f 4821 4005 1006
f 4821 1006 4587
f 4005 4408 4561
f 4005 4561 1006
f 4408 1834 2730
f 4408 2730 4561
f 1834 1463 1990
f 1834 1990 2730
f 1463 1824 2170
f 1463 2170 1990
f 1824 4676 2532
f 1824 2532 2170
f 4587 1006 3222
f 4587 3222 4512
f 1006 4561 4214
f 1006 4214 3222
f 4561 2730 2165
f 4561 2165 4214
f 2730 1990 4248
f 2730 4248 2165
f 1990 2170 3501
f 1990 3501 4248
f 2170 2532 547
f 2170 547 3501
f 4512 3222 1465
f 4512 1465 4894
f 3222 4214 4592
f 3222 4592 1465
f 4214 2165 1701
f 4214 1701 4592
f 2165 4248 4385
f 2165 4385 1701
f 4248 3501 1255
f 4248 1255 4385
f 3501 547 3609
f 3501 3609 1255
f 4894 1465 3364
f 4894 3364 1050
f 1465 4592 3118
f 1465 3118 3364
f 4592 1701 3805
f 4592 3805 3118
f 1701 4385 3687
f 1701 3687 3805
f 4385 1255 4330
f 4385 4330 3687
f 1255 3609 586
f 1255 586 4330
f 1050 3364 2352
f 1050 2352 824
f 3364 3118 3733
f 3364 3733 2352
f 3118 3805 3979
f 3118 3979 3733
f 3805 3687 571
f 3805 571 3979
f 3687 4330 4863
f 3687 4863 571
f 4330 586 1828
f 4330 1828 4863
f 4009 4647 4589
f 4009 4589 1754
f 4647 3010 1940
f 4647 1940 4589
f 3010 2785 1922
f 3010 1922 1940
f 2785 1649 3719
f 2785 3719 1922
f 1649 3355 5003
f 1649 5003 3719
f 3355 1806 2227
f 3355 2227 5003
f 1806 845 1934
f 1806 1934 2227
f 845 3471 2362
f 845 2362 1934
f 1934 2362 4915
f 1934 4915 4676
f 4676 4915 3306
f 4676 3306 2532
f 2532 3306 4594
f 2532 4594 547
f 547 4594 1809
f 547 1809 3609
f 3609 1809 2927
f 3609 2927 586
f 586 2927 965
f 586 965 1828
f 1828 965 3134
f 1828 3134 2409
f 4863 1828 2409
f 4863 2409 1056
f 571 4863 1056
f 571 1056 2760
f 3979 571 2760
f 3979 2760 1288
f 3733 3979 1288
f 3733 1288 1282
f 2352 3733 1282
f 2352 1282 2598
f 824 2352 2598
f 824 2598 2795
f 3817 824 2795
f 3817 2795 3679
f 4966 1050 824
f 4966 824 3817
f 1504 4894 1050
f 1504 1050 4966
f 1104 4512 4894
f 1104 4894 1504
f 1723 4587 4512
f 1723 4512 1104
f 2367 4821 4587
f 2367 4587 1723
f 1754 4589 4821
f 1754 4821 2367
f 1293 1219 3103
f 1293 3103 3310
f 3310 3103 4142
f 3310 4142 671
f 671 4142 1445
f 671 1445 2053
f 2053 1445 3870
f 2053 3870 1901
f 1901 3870 3089
f 1901 3089 3315
f 3315 3089 4314
f 3315 4314 771
f 771 4314 2946
f 771 2946 2244
f 2244 2946 1442
f 2244 1442 1875
f 1875 1442 3554
f 1875 3554 1568
f 1568 3554 3456
f 1568 3456 2426
f 2426 3456 3095
f 2426 3095 2312
f 2312 3095 1438
f 2312 1438 1909
f 1909 1438 2052
f 1909 2052 2432
f 2432 2052 2210
f 2432 2210 4507
f 4507 2210 1022
f 4507 1022 3426
f 3426 1022 2890
f 3426 2890 3982
f 3180 751 1357
f 3180 1357 2630
f 2630 1357 1002
f 2630 1002 4831
f 4831 1002 2553
f 4831 2553 2836
f 2836 2553 3380
f 2836 3380 3087
f 3087 3380 4617
f 3087 4617 2128
f 2128 4617 1039
f 2128 1039 3504
f 3504 1039 1853
f 3504 1853 4891
f 4891 1853 665
f 4891 665 2709
f 4432 3969 850
f 4432 850 2211
f 2211 850 1928
f 2211 1928 3526
f 3526 1928 1507
f 3526 1507 3708
f 2709 665 4282
f 2709 4282 3489
f 3489 4282 4380
f 3489 4380 675
f 675 4380 3021
f 675 3021 1554
f 1554 3021 872
f 1554 872 3969
f 3969 872 2397
f 3969 2397 850
f 850 2397 2441
f 850 2441 1928
f 1928 2441 4313
f 1928 4313 1507
f 1507 4313 4744
f 1507 4744 4286
f 3708 1507 4286
f 3708 4286 2623
f 2681 4231 679
f 2681 679 4099
f 4231 577 4791
f 4231 4791 679
f 577 3782 4152
f 577 4152 4791
f 3782 981 520
f 3782 520 4152
f 981 926 2403
f 981 2403 520
f 926 3916 4814
f 926 4814 2403
f 4099 679 4234
f 4099 4234 1324
f 679 4791 3147
f 679 3147 4234
f 4791 4152 4887
f 4791 4887 3147
f 4152 520 4585
f 4152 4585 4887
f 520 2403 2668
f 520 2668 4585
f 2403 4814 3350
f 2403 3350 2668
f 1324 4234 2333
f 1324 2333 4837
f 4234 3147 3015
f 4234 3015 2333
f 3147 4887 3266
f 3147 3266 3015
f 4887 4585 503
f 4887 503 3266
f 4585 2668 4531
f 4585 4531 503
f 2668 3350 4022
f 2668 4022 4531
f 4837 2333 3084
f 4837 3084 4218
f 2333 3015 4651
f 2333 4651 3084
f 3015 3266 2985
f 3015 2985 4651
f 3266 503 3119
f 3266 3119 2985
f 503 4531 1175
f 503 1175 3119
f 4531 4022 4659
f 4531 4659 1175
f 4218 3084 2381
f 4218 2381 4927
f 3084 4651 1707
f 3084 1707 2381
f 4651 2985 642
f 4651 642 1707
f 2985 3119 745
f 2985 745 642
f 3119 1175 1406
f 3119 1406 745
f 1175 4659 501
f 1175 501 1406
f 4927 2381 3645
f 4927 3645 3314
f 2381 1707 4958
f 2381 4958 3645
f 1707 642 848
f 1707 848 4958
f 642 745 1515
f 642 1515 848
f 745 1406 4678
f 745 4678 1515
f 1406 501 3853
f 1406 3853 4678
f 3134 4799 2681
f 3134 2681 2409
f 4799 2175 4231
f 4799 4231 2681
f 2175 3919 577
f 2175 577 4231
f 3919 4355 3782
f 3919 3782 577
f 4355 3988 981
f 4355 981 3782
f 3988 709 926
f 3988 926 981
f 709 4007 3916
f 709 3916 926
f 4007 1004 4344
f 4007 4344 3916
f 3916 4344 3041
f 3916 3041 4814
f 4814 3041 815
f 4814 815 3350
f 3350 815 1478
f 3350 1478 4022
f 4022 1478 684
f 4022 684 4659
f 4659 684 4994
f 4659 4994 501
f 501 4994 3057
f 501 3057 3853
f 3853 3057 4611
f 3853 4611 3845
f 4678 3853 3845
f 4678 3845 534
f 1515 4678 534
f 1515 534 1249
f 848 1515 1249
f 848 1249 2919
f 4958 848 2919
f 4958 2919 4035
f 3645 4958 4035
f 3645 4035 714
f 3314 3645 714
f 3314 714 3157
f 2795 3314 3157
f 2795 3157 3679
f 2598 4927 3314
f 2598 3314 2795
f 1282 4218 4927
f 1282 4927 2598
f 1288 4837 4218
f 1288 4218 1282
f 2760 1324 4837
f 2760 4837 1288
f 1056 4099 1324
f 1056 1324 2760
f 2409 2681 4099
f 2409 4099 1056
f 565 4739 3295
f 565 3295 697
f 4739 658 3960
f 4739 3960 3295
f 658 3040 3250
f 658 3250 3960
f 3040 4132 3152
f 3040 3152 3250
f 4132 958 2515
f 4132 2515 3152
f 958 1823 499
f 958 499 2515
f 697 3295 2552
f 697 2552 1422
f 3295 3960 3702
f 3295 3702 2552
f 3960 3250 898
f 3960 898 3702
f 3250 3152 2530
f 3250 2530 898
f 3152 2515 2744
f 3152 2744 2530
f 2515 499 3697
f 2515 3697 2744
f 1422 2552 1603
f 1422 1603 796
f 2552 3702 4364
f 2552 4364 1603
f 3702 898 623
f 3702 623 4364
f 898 2530 594
f 898 594 623
f 2530 2744 3795
f 2530 3795 594
f 2744 3697 1627
f 2744 1627 3795
f 796 1603 4090
f 796 4090 2611
f 1603 4364 746
f 1603 746 4090
f 4364 623 3493
f 4364 3493 746
f 623 594 3759
f 623 3759 3493
f 594 3795 1259
f 594 1259 3759
f 3795 1627 521
f 3795 521 1259
f 2611 4090 3217
f 2611 3217 1535
f 4090 746 3596
f 4090 3596 3217
f 746 3493 1491
f 746 1491 3596
f 3493 3759 3352
f 3493 3352 1491
f 3759 1259 1543
f 3759 1543 3352
f 1259 521 818
f 1259 818 1543
f 1535 3217 1412
f 1535 1412 2945
f 3217 3596 3302
f 3217 3302 1412
f 3596 1491 1884
f 3596 1884 3302
f 1491 3352 4662
f 1491 4662 1884
f 3352 1543 2964
f 3352 2964 4662
f 1543 818 2662
f 1543 2662 2964
f 2007 734 565
f 2007 565 2821
f 734 3191 4739
f 734 4739 565
f 3191 4275 658
f 3191 658 4739
f 4275 975 3040
f 4275 3040 658
f 975 1774 4132
f 975 4132 3040
f 1774 554 958
f 1774 958 4132
f 554 1832 1823
f 554 1823 958
f 1832 1042 2594
f 1832 2594 1823
f 1823 2594 614
f 1823 614 499
f 499 614 1486
f 499 1486 3697
f 3697 1486 2458
f 3697 2458 1627
f 1627 2458 3072
f 1627 3072 521
f 521 3072 843
f 521 843 818
f 818 843 3971
f 818 3971 2662
f 2662 3971 2889
f 2662 2889 4304
f 2964 2662 4304
f 2964 4304 3196
f 4662 2964 3196
f 4662 3196 1668
f 1884 4662 1668
f 1884 1668 3965
f 3302 1884 3965
f 3302 3965 4393
f 1412 3302 4393
f 1412 4393 1770
f 2945 1412 1770
f 2945 1770 3586
f 1540 2945 3586
f 1540 3586 755
f 4583 1535 2945
f 4583 2945 1540
f 1158 2611 1535
f 1158 1535 4583
f 4372 796 2611
f 4372 2611 1158
f 2643 1422 796
f 2643 796 4372
f 1336 697 1422
f 1336 1422 2643
f 2821 565 697
f 2821 697 1336
f 1296 807 3897
f 1296 3897 2014
f 807 2789 3625
f 807 3625 3897
f 2789 2549 2356
f 2789 2356 3625
f 2549 3548 4246
f 2549 4246 2356
f 3548 2159 932
f 3548 932 4246
f 2159 3487 3766
f 2159 3766 932
f 4885 4292 1296
f 4885 1296 2485
f 4292 2892 807
f 4292 807 1296
f 2892 1376 2789
f 2892 2789 807
f 1376 4991 2549
f 1376 2549 2789
f 4991 1036 3548
f 4991 3548 2549
f 1036 1953 2159
f 1036 2159 3548
f 1953 3809 3487
f 1953 3487 2159
f 3809 4950 1212
f 3809 1212 3487
f 3487 1212 2452
f 3487 2452 3766
f 1254 2589 4192
f 1254 4192 2461
f 2589 1456 3627
f 2589 3627 4192
f 1456 4435 2153
f 1456 2153 3627
f 4435 3236 3077
f 4435 3077 2153
f 3236 3860 3604
f 3236 3604 3077
f 3860 1417 2391
f 3860 2391 3604
f 2461 4192 4695
f 2461 4695 3900
f 4192 3627 517
f 4192 517 4695
f 3627 2153 4746
f 3627 4746 517
f 2153 3077 2645
f 2153 2645 4746
f 3077 3604 1321
f 3077 1321 2645
f 3604 2391 1354
f 3604 1354 1321
f 3900 4695 1298
f 3900 1298 3616
f 4695 517 4794
f 4695 4794 1298
f 517 4746 3176
f 517 3176 4794
f 4746 2645 4402
f 4746 4402 3176
f 2645 1321 3865
f 2645 3865 4402
f 1321 1354 3239
f 1321 3239 3865
f 3616 1298 3388
f 3616 3388 1155
f 1298 4794 3260
f 1298 3260 3388
f 4794 3176 1499
f 4794 1499 3260
f 3176 4402 883
f 3176 883 1499
f 4402 3865 3819
f 4402 3819 883
f 3865 3239 4289
f 3865 4289 3819
f 1155 3388 1845
f 1155 1845 768
f 3388 3260 3681
f 3388 3681 1845
f 3260 1499 1225
f 3260 1225 3681
f 1499 883 2442
f 1499 2442 1225
f 883 3819 1049
f 883 1049 2442
f 3819 4289 1541
f 3819 1541 1049
f 768 1845 661
f 768 661 2264
f 1845 3681 4963
f 1845 4963 661
f 3681 1225 3774
f 3681 3774 4963
f 1225 2442 1634
f 1225 1634 3774
f 2442 1049 4685
f 2442 4685 1634
f 1049 1541 2518
f 1049 2518 4685
f 1658 4928 1254
f 1658 1254 2866
f 4928 1207 2589
f 4928 2589 1254
f 1207 1606 1456
f 1207 1456 2589
f 1606 1300 4435
f 1606 4435 1456
f 1300 4339 3236
f 1300 3236 4435
f 4339 3428 3860
f 4339 3860 3236
f 3428 1436 1417
f 3428 1417 3860
f 1436 764 4666
f 1436 4666 1417
f 1417 4666 2103
f 1417 2103 2391
f 2391 2103 1731
f 2391 1731 1354
f 1354 1731 551
f 1354 551 3239
f 3239 551 2865
f 3239 2865 4289
f 4289 2865 2120
f 4289 2120 1541
f 1541 2120 3263
f 1541 3263 2518
f 2518 3263 4184
f 2518 4184 935
f 4685 2518 935
f 4685 935 2273
f 1634 4685 2273
f 1634 2273 790
f 3774 1634 790
f 3774 790 4452
f 4963 3774 4452
f 4963 4452 4181
f 661 4963 4181
f 661 4181 4167
f 2264 661 4167
f 2264 4167 3544
f 1685 2264 3544
f 1685 3544 2703
f 724 768 2264
f 724 2264 1685
f 966 1155 768
f 966 768 724
f 1044 3616 1155
f 1044 1155 966
f 3692 3900 3616
f 3692 3616 1044
f 3043 2461 3900
f 3043 3900 3692
f 2866 1254 2461
f 2866 2461 3043
f 901 4097 3730
f 901 3730 4316
f 4097 553 2801
f 4097 2801 3730
f 553 1094 1034
f 553 1034 2801
f 1094 4341 2652
f 1094 2652 1034
f 4341 3155 4455
f 4341 4455 2652
f 3155 1988 4626
f 3155 4626 4455
f 4316 3730 2177
f 4316 2177 4358
f 3730 2801 3535
f 3730 3535 2177
f 2801 1034 4162
f 2801 4162 3535
f 1034 2652 4604
f 1034 4604 4162
f 2652 4455 3401
f 2652 3401 4604
f 4455 4626 2520
f 4455 2520 3401
f 4358 2177 2017
f 4358 2017 639
f 2177 3535 3200
f 2177 3200 2017
f 3535 4162 1546
f 3535 1546 3200
f 4162 4604 994
f 4162 994 1546
f 4604 3401 3235
f 4604 3235 994
f 3401 2520 776
f 3401 776 3235
f 639 2017 4568
f 639 4568 2868
f 2017 3200 1750
f 2017 1750 4568
f 3200 1546 2511
f 3200 2511 1750
f 1546 994 3209
f 1546 3209 2511
f 994 3235 4757
f 994 4757 3209
f 3235 776 4596
f 3235 4596 4757
f 2868 4568 689
f 2868 689 1694
f 4568 1750 525
f 4568 525 689
f 1750 2511 2416
f 1750 2416 525
f 2511 3209 2888
f 2511 2888 2416
f 3209 4757 3271
f 3209 3271 2888
f 4757 4596 2921
f 4757 2921 3271
f 1694 689 3581
f 1694 3581 4754
f 689 525 3052
f 689 3052 3581
f 525 2416 2717
f 525 2717 3052
f 2416 2888 1641
f 2416 1641 2717
f 2888 3271 3785
f 2888 3785 1641
f 3271 2921 921
f 3271 921 3785
f 764 1569 901
f 764 901 4666
f 1569 3744 4097
f 1569 4097 901
f 3744 2572 553
f 3744 553 4097
f 2572 4712 1094
f 2572 1094 553
f 4712 2720 4341
f 4712 4341 1094
f 2720 3396 3155
f 2720 3155 4341
f 3396 857 1988
f 3396 1988 3155
f 857 4611 3057
f 857 3057 1988
f 1988 3057 4994
f 1988 4994 4626
f 4626 4994 684
f 4626 684 2520
f 2520 684 1478
f 2520 1478 776
f 776 1478 815
f 776 815 4596
f 4596 815 3041
f 4596 3041 2921
f 2921 3041 4344
f 2921 4344 921
f 921 4344 1004
f 921 1004 2873
f 3785 921 2873
f 3785 2873 3445
f 1641 3785 3445
f 1641 3445 3641
f 2717 1641 3641
f 2717 3641 2483
f 3052 2717 2483
f 3052 2483 2543
f 3581 3052 2543
f 3581 2543 2189
f 4754 3581 2189
f 4754 2189 4838
f 3263 4754 4838
f 3263 4838 4184
f 2120 1694 4754
f 2120 4754 3263
f 2865 2868 1694
f 2865 1694 2120
f 551 639 2868
f 551 2868 2865
f 1731 4358 639
f 1731 639 551
f 2103 4316 4358
f 2103 4358 1731
f 4666 901 4316
f 4666 4316 2103
f 1120 3839 1066
f 1120 1066 1903
f 3839 2344 951
f 3839 951 1066
f 2344 1655 4867
f 2344 4867 951
f 1655 4999 4004
f 1655 4004 4867
f 4999 3142 4323
f 4999 4323 4004
f 3142 3085 513
f 3142 513 4323
f 1903 1066 833
f 1903 833 3030
f 1066 951 3515
f 1066 3515 833
f 951 4867 4701
f 951 4701 3515
f 4867 4004 4577
f 4867 4577 4701
f 4004 4323 2501
f 4004 2501 4577
f 4323 513 1117
f 4323 1117 2501
f 3030 833 2587
f 3030 2587 3955
f 833 3515 1304
f 833 1304 2587
f 3515 4701 1204
f 3515 1204 1304
f 4701 4577 786
f 4701 786 1204
f 4577 2501 2146
f 4577 2146 786
f 2501 1117 2933
f 2501 2933 2146
f 3955 2587 3694
f 3955 3694 1277
f 2587 1304 2536
f 2587 2536 3694
f 1304 1204 3452
f 1304 3452 2536
f 1204 786 1573
f 1204 1573 3452
f 786 2146 4422
f 786 4422 1573
f 2146 2933 4630
f 2146 4630 4422
f 1277 3694 4370
f 1277 4370 2027
f 3694 2536 2960
f 3694 2960 4370
f 2536 3452 1897
f 2536 1897 2960
f 3452 1573 2762
f 3452 2762 1897
f 1573 4422 4270
f 1573 4270 2762
f 4422 4630 1831
f 4422 1831 4270
f 2027 4370 4665
f 2027 4665 3710
f 4370 2960 1765
f 4370 1765 4665
f 2960 1897 2914
f 2960 2914 1765
f 1897 2762 3533
f 1897 3533 2914
f 2762 4270 2602
f 2762 2602 3533
f 4270 1831 2684
f 4270 2684 2602
f 4872 2369 1120
f 4872 1120 3197
f 2369 4602 3839
f 2369 3839 1120
f 4602 1352 2344
f 4602 2344 3839
f 1352 917 1655
f 1352 1655 2344
f 917 1199 4999
f 917 4999 1655
f 1199 4968 3142
f 1199 3142 4999
f 4968 4767 3085
f 4968 3085 3142
f 4767 1042 1812
f 4767 1812 3085
f 3085 1812 1597
f 3085 1597 513
f 513 1597 3244
f 513 3244 1117
f 1117 3244 3446
f 1117 3446 2933
f 2933 3446 1617
f 2933 1617 4630
f 4630 1617 1241
f 4630 1241 1831
f 1831 1241 2749
f 1831 2749 2684
f 2684 2749 3637
f 2684 3637 3054
f 2602 2684 3054
f 2602 3054 1505
f 3533 2602 1505
f 3533 1505 3282
f 2914 3533 3282
f 2914 3282 4752
f 1765 2914 4752
f 1765 4752 4356
f 4665 1765 4356
f 4665 4356 2992
f 3710 4665 2992
f 3710 2992 3080
f 910 3710 3080
f 910 3080 4950
f 2270 2027 3710
f 2270 3710 910
f 3368 1277 2027
f 3368 2027 2270
f 4124 3955 1277
f 4124 1277 3368
f 954 3030 3955
f 954 3955 4124
f 1581 1903 3030
f 1581 3030 954
f 3197 1120 1903
f 3197 1903 1581
f 1973 976 3948
f 1973 3948 3665
f 976 3906 2673
f 976 2673 3948
f 3906 978 1086
f 3906 1086 2673
f 978 2138 2861
f 978 2861 1086
f 2138 3045 1377
f 2138 1377 2861
f 3045 1244 2124
f 3045 2124 1377
f 3665 3948 1994
f 3665 1994 2648
f 3948 2673 3105
f 3948 3105 1994
f 2673 1086 2194
f 2673 2194 3105
f 1086 2861 1396
f 1086 1396 2194
f 2861 1377 1233
f 2861 1233 1396
f 1377 2124 3722
f 1377 3722 1233
f 2648 1994 3061
f 2648 3061 1711
f 1994 3105 4353
f 1994 4353 3061
f 3105 2194 4446
f 3105 4446 4353
f 2194 1396 3093
f 2194 3093 4446
f 1396 1233 3529
f 1396 3529 3093
f 1233 3722 2691
f 1233 2691 3529
f 1711 3061 4793
f 1711 4793 4342
f 3061 4353 4874
f 3061 4874 4793
f 4353 4446 3668
f 4353 3668 4874
f 4446 3093 1061
f 4446 1061 3668
f 3093 3529 3162
f 3093 3162 1061
f 3529 2691 4535
f 3529 4535 3162
f 4342 4793 2841
f 4342 2841 1083
f 4793 4874 2936
f 4793 2936 2841
f 4874 3668 766
f 4874 766 2936
f 3668 1061 1647
f 3668 1647 766
f 1061 3162 1329
f 1061 1329 1647
f 3162 4535 579
f 3162 579 1329
f 1083 2841 4482
f 1083 4482 2781
f 2841 2936 1599
f 2841 1599 4482
f 2936 766 2283
f 2936 2283 1599
f 766 1647 604
f 766 604 2283
f 1647 1329 2509
f 1647 2509 604
f 1329 579 791
f 1329 791 2509
f 666 2562 1973
f 666 1973 4718
f 2562 892 976
f 2562 976 1973
f 892 3020 3906
f 892 3906 976
f 3020 871 978
f 3020 978 3906
f 871 2398 2138
f 871 2138 978
f 2398 2440 3045
f 2398 3045 2138
f 2440 4312 1244
f 2440 1244 3045
f 4312 4743 1167
f 4312 1167 1244
f 1244 1167 1778
f 1244 1778 2124
f 2124 1778 2317
f 2124 2317 3722
f 3722 2317 2202
f 3722 2202 2691
f 2691 2202 2428
f 2691 2428 4535
f 4535 2428 4045
f 4535 4045 579
f 579 4045 1192
f 579 1192 791
f 791 1192 4611
f 791 4611 857
f 2509 791 857
f 2509 857 3396
f 604 2509 3396
f 604 3396 2720
f 2283 604 2720
f 2283 2720 4712
f 1599 2283 4712
f 1599 4712 2572
f 4482 1599 2572
f 4482 2572 3744
f 2781 4482 3744
f 2781 3744 1569
f 2475 2781 1569
f 2475 1569 764
f 4055 1083 2781
f 4055 2781 2475
f 2928 4342 1083
f 2928 1083 4055
f 1524 1711 4342
f 1524 4342 2928
f 2300 2648 1711
f 2300 1711 1524
f 1663 3665 2648
f 1663 2648 2300
f 4718 1973 3665
f 4718 3665 1663
f 3624 4802 3211
f 3624 3211 2247
f 4802 834 3340
f 4802 3340 3211
f 834 1201 1530
f 834 1530 3340
f 1201 2298 2726
f 1201 2726 1530
f 2298 4541 617
f 2298 617 2726
f 4541 2966 973
f 4541 973 617
f 2247 3211 1085
f 2247 1085 2748
f 3211 3340 3924
f 3211 3924 1085
f 3340 1530 1410
f 3340 1410 3924
f 1530 2726 693
f 1530 693 1410
f 2726 617 3621
f 2726 3621 693
f 617 973 3758
f 617 3758 3621
f 2748 1085 1976
f 2748 1976 4971
f 1085 3924 2472
f 1085 2472 1976
f 3924 1410 4095
f 3924 4095 2472
f 1410 693 2898
f 1410 2898 4095
f 693 3621 2437
f 693 2437 2898
f 3621 3758 3115
f 3621 3115 2437
f 4971 1976 3477
f 4971 3477 1301
f 1976 2472 3107
f 1976 3107 3477
f 2472 4095 1484
f 2472 1484 3107
f 4095 2898 3741
f 4095 3741 1484
f 2898 2437 2253
f 2898 2253 3741
f 2437 3115 1397
f 2437 1397 2253
f 1301 3477 1959
f 1301 1959 3987
f 3477 3107 2819
f 3477 2819 1959
f 3107 1484 4618
f 3107 4618 2819
f 1484 3741 2981
f 1484 2981 4618
f 3741 2253 2143
f 3741 2143 2981
f 2253 1397 3725
f 2253 3725 2143
f 3987 1959 2504
f 3987 2504 2983
f 1959 2819 539
f 1959 539 2504
f 2819 4618 4558
f 2819 4558 539
f 4618 2981 1316
f 4618 1316 4558
f 2981 2143 2506
f 2981 2506 1316
f 2143 3725 2010
f 2143 2010 2506
f 1441 3553 3624
f 1441 3624 629
f 3553 3457 4802
f 3553 4802 3624
f 3457 3094 834
f 3457 834 4802
f 3094 1437 1201
f 3094 1201 834
f 1437 2051 2298
f 1437 2298 1201
f 2051 2209 4541
f 2051 4541 2298
f 2209 1021 2966
f 2209 2966 4541
f 1021 2889 3971
f 1021 3971 2966
f 2966 3971 843
f 2966 843 973
f 973 843 3072
f 973 3072 3758
f 3758 3072 2458
f 3758 2458 3115
f 3115 2458 1486
f 3115 1486 1397
f 1397 1486 614
f 1397 614 3725
f 3725 614 2594
f 3725 2594 2010
f 2010 2594 1042
f 2010 1042 4767
f 2506 2010 4767
f 2506 4767 4968
f 1316 2506 4968
f 1316 4968 1199
f 4558 1316 1199
f 4558 1199 917
f 539 4558 917
f 539 917 1352
f 2504 539 1352
f 2504 1352 4602
f 2983 2504 4602
f 2983 4602 2369
f 970 2983 2369
f 970 2369 4872
f 1861 3987 2983
f 1861 2983 970
f 3935 1301 3987
f 3935 3987 1861
f 541 4971 1301
f 541 1301 3935
f 2758 2748 4971
f 2758 4971 541
f 3558 2247 2748
f 3558 2748 2758
f 629 3624 2247
f 629 2247 3558
f 2372 1517 4140
f 2372 4140 1911
f 1517 1618 4807
f 1517 4807 4140
f 1618 2070 3602
f 1618 3602 4807
f 2070 1510 3939
f 2070 3939 3602
f 1510 1147 2995
f 1510 2995 3939
f 4184 4838 2372
f 4184 2372 3789
f 4838 2189 1517
f 4838 1517 2372
f 2189 2543 1618
f 2189 1618 1517
f 2543 2483 2070
f 2543 2070 1618
f 2483 3641 1510
f 2483 1510 2070
f 3641 3445 1147
f 3641 1147 1510
f 3445 2873 4946
f 3445 4946 1147
f 2873 1004 1680
f 2873 1680 4946
f 4946 1680 3242
f 4946 3242 3966
f 3966 3242 3861
f 3966 3861 2896
f 3789 2372 1911
f 3789 1911 3454
f 2742 908 4042
f 2742 4042 4293
f 4293 4042 3599
f 4293 3599 3738
f 3738 3599 812
f 3738 812 1439
f 1439 812 2296
f 1439 2296 1269
f 2296 4646 1771
f 2296 1771 1269
f 3009 2786 996
f 3009 996 4742
f 1648 3354 4864
f 1648 4864 669
f 3354 1805 4845
f 3354 4845 4864
f 846 3470 902
f 846 902 3323
f 1269 1771 3331
f 1269 3331 1187
f 2061 1621 2626
f 2061 2626 1401
f 5006 2061 1401
f 5006 1401 1967
f 3363 5006 1967
f 3363 1967 4399
f 1676 3363 4399
f 1676 4399 3049
f 2626 1621 3203
f 2626 3203 2633
f 1621 4815 3568
f 1621 3568 3203
f 4319 3903 4981
f 4319 4981 625
f 2319 670 774
f 2319 774 564
f 3219 4433 670
f 3219 670 2319
f 2731 4526 4653
f 2731 4653 3437
f 1440 3929 4009
f 1440 4009 811
f 3737 1440 811
f 3737 811 3600
f 4294 3737 3600
f 4294 3600 4043
f 4431 2212 849
f 4431 849 3970
f 2212 3527 1929
f 2212 1929 849
f 3527 3709 1508
f 3527 1508 1929
f 3709 2622 4285
f 3709 4285 1508
f 1508 4285 4743
f 1508 4743 4312
f 1929 1508 4312
f 1929 4312 2440
f 849 1929 2440
f 849 2440 2398
f 3970 849 2398
f 3970 2398 871
f 1555 3970 871
f 1555 871 3020
f 676 1555 3020
f 676 3020 892
f 3488 676 892
f 3488 892 2562
f 2708 3488 2562
f 2708 2562 666
f 4009 3929 1772
f 4009 1772 4647
f 3929 4268 2965
f 3929 2965 1772
f 845 2336 1732
f 845 1732 3471
f 3355 1914 1880
f 3355 1880 1806
f 1649 2152 1914
f 1649 1914 3355
f 3010 3441 4096
f 3010 4096 2785
f 596 4400 1966
f 596 1966 5005
f 5005 1966 1402
f 5005 1402 2060
f 2060 1402 2625
f 2060 2625 1620
f 2625 2632 3204
f 2625 3204 1620
f 2732 3436 4221
f 2732 4221 3149
f 3220 2320 1930
f 3220 1930 1217
f 2320 563 4759
f 2320 4759 1930
f 4318 624 736
f 4318 736 1431
f 1620 3204 4865
f 1620 4865 3430
f 3112 4030 1611
f 3112 1611 596
f 1214 2480 1875
f 1214 1875 1568
f 507 549 4562
f 507 4562 512
f 4379 2639 2765
f 4379 2765 2433
f 4322 1807 2406
f 4322 2406 2388
f 3651 4087 675
f 3651 675 1554
f 4011 2778 600
f 4011 600 1348
f 4046 4975 3573
f 4046 3573 3767
f 4783 4379 2433
f 4783 2433 1910
f 4613 2722 3309
f 4613 3309 1294
f 1794 2046 3012
f 1794 3012 2086
f 527 3550 4072
f 527 4072 3349
f 4622 2446 4691
f 4622 4691 4294
f 4306 2025 1440
f 4306 1440 3737
f 3440 2141 3409
f 3440 3409 4736
f 2107 3814 4238
f 2107 4238 1134
f 2683 1744 2470
f 2683 2470 3138
f 1496 1968 3315
f 1496 3315 771
f 4572 3221 2708
f 4572 2708 4892
f 968 2171 1480
f 968 1480 1113
f 4211 4202 4203
f 4211 4203 4210
f 4208 4200 4201
f 4208 4201 4209
f 816 4171 2389
f 816 2389 2405
f 1699 3483 3448
f 1699 3448 3347
f 3000 3491 1293
f 3000 1293 3310
f 659 691 2061
f 659 2061 5006
f 2722 4442 672
f 2722 672 3309
f 597 4322 2388
f 597 2388 1718
f 3221 3856 3488
f 3221 3488 2708
f 634 507 512
f 634 512 3346
f 3978 634 3346
f 3978 3346 3449
f 1725 4925 1874
f 1725 1874 2245
f 1257 2357 1365
f 1257 1365 4728
f 3334 1600 1902
f 3334 1902 2054
f 3410 2727 2128
f 3410 2128 3504
f 2832 3832 3829
f 2832 3829 2834
f 2831 3831 3830
f 2831 3830 2833
f 3930 4046 3767
f 3930 3767 1717
f 1156 2261 2851
f 1156 2851 2953
f 4164 2943 2313
f 4164 2313 4122
f 1867 3927 4432
f 1867 4432 2211
f 3588 3381 2053
f 3588 2053 1901
f 4801 3335 3527
f 4801 3527 2212
f 1124 3881 2426
f 1124 2426 2312
f 1513 4130 530
f 1513 530 3050
f 2071 2292 3188
f 2071 3188 1029
f 1665 2107 1134
f 1665 1134 3406
f 4496 4206 4207
f 4496 4207 4493
f 4495 4204 4205
f 4495 4205 4494
f 1421 810 4575
f 1421 4575 4454
f 4076 1867 2211
f 4076 2211 3526
f 2859 2396 4986
f 2859 4986 3643
f 1292 1652 4293
f 1292 4293 3738
f 1961 1101 2013
f 1961 2013 4375
f 3308 1399 2129
f 3308 2129 3088
f 4391 2274 1369
f 4391 1369 619
f 2576 4708 3322
f 2576 3322 2954
f 2978 1496 771
f 2978 771 2244
f 3557 1123 1555
f 3557 1555 676
f 3856 3557 676
f 3856 676 3488
f 4039 1629 4700
f 4039 4700 4453
f 1059 2807 1818
f 1059 1818 1014
f 2600 3485 2456
f 2600 2456 2900
f 3394 4801 2212
f 3394 2212 4431
f 647 1292 3738
f 647 3738 1439
f 4485 2739 2846
f 4485 2846 4497
f 4498 4899 1018
f 4498 1018 4499
f 3822 2876 3484
f 3822 3484 3825
f 3824 2779 2875
f 3824 2875 3823
f 1779 597 1718
f 1779 1718 3768
f 3787 3112 596
f 3787 596 5005
f 1744 3861 3242
f 1744 3242 2470
f 4505 2683 3138
f 4505 3138 2087
f 4087 1850 3489
f 4087 3489 675
f 3723 3656 3873
f 3723 3873 4459
f 2991 4916 2471
f 2991 2471 3241
f 4987 1665 3406
f 4987 3406 1623
f 3656 527 3349
f 3656 3349 3873
f 662 1121 2432
f 662 2432 4507
f 4050 4076 3526
f 4050 3526 3708
f 1600 2444 3316
f 1600 3316 1902
f 1574 1015 990
f 1574 990 2899
f 3700 1490 3290
f 3700 3290 2577
f 654 4889 880
f 654 880 3407
f 1122 4302 2578
f 1122 2578 3291
f 4202 4492 4489
f 4202 4489 4203
f 4200 4491 4490
f 4200 4490 4201
f 4716 1766 2836
f 4716 2836 3087
f 1981 1780 4830
f 1981 4830 2631
f 4537 654 3407
f 4537 3407 851
f 549 3490 3747
f 549 3747 4562
f 3353 4505 2087
f 3353 2087 3011
f 3017 1942 1133
f 3017 1133 4237
f 3398 2030 1726
f 3398 1726 2411
f 3555 1574 2899
f 3555 2899 2457
f 3881 1214 1568
f 3881 1568 2426
f 2624 543 3348
f 2624 3348 4071
f 1942 4764 3405
f 1942 3405 1133
f 3832 4110 4108
f 3832 4108 3829
f 3831 4109 4107
f 3831 4107 3830
f 4764 4277 1622
f 4764 1622 3405
f 2118 3787 5005
f 2118 5005 2060
f 794 1662 3920
f 794 3920 1538
f 4193 4021 4387
f 4193 4387 1414
f 3926 3206 3421
f 3926 3421 4556
f 1850 4628 2709
f 1850 2709 3489
f 4628 1497 4891
f 4628 4891 2709
f 4110 4115 4116
f 4110 4116 4108
f 4109 4118 4117
f 4109 4117 4107
f 2332 1699 3347
f 2332 3347 511
f 707 3657 4158
f 707 4158 4729
f 1121 2791 1909
f 1121 1909 2432
f 3580 2494 2331
f 3580 2331 4404
f 2064 3308 3088
f 2064 3088 2837
f 510 4441 2630
f 510 2630 4831
f 2453 1989 1347
f 2453 1347 599
f 2383 706 4804
f 2383 4804 3644
f 2827 1349 4942
f 2827 4942 2830
f 2828 4707 4018
f 2828 4018 2829
f 2444 3714 770
f 2444 770 3316
f 2721 4797 2114
f 2721 2114 1660
f 4925 2066 1567
f 4925 1567 1874
f 1096 707 4729
f 1096 4729 1364
f 3418 3000 3310
f 3418 3310 671
f 2380 2127 1030
f 2380 1030 3189
f 2330 1514 2622
f 2330 2622 3709
f 1989 2413 2738
f 1989 2738 1347
f 3961 4652 1446
f 3961 1446 4123
f 2480 2978 2244
f 2480 2244 1875
f 3335 2330 3709
f 3335 3709 3527
f 1780 2064 2837
f 1780 2837 4830
f 4861 2332 511
f 4861 511 4563
f 825 4783 1910
f 825 1910 2311
f 3317 3811 852
f 3317 852 3408
f 1815 953 1415
f 1815 1415 1741
f 1766 510 4831
f 1766 4831 2836
f 3006 1748 1257
f 3006 1257 4728
f 4442 3334 2054
f 4442 2054 672
f 3438 662 4507
f 3438 4507 3426
f 3799 1794 2086
f 3799 2086 4886
f 4916 3799 4886
f 4916 4886 2471
f 1399 2019 3505
f 1399 3505 2129
f 3381 3418 671
f 3381 671 2053
f 4114 3836 3833
f 4114 3833 4112
f 4113 3835 3834
f 4113 3834 4111
f 2019 4572 4892
f 2019 4892 3505
f 2134 2813 4581
f 2134 4581 2877
f 2811 2096 4460
f 2811 4460 3872
f 4049 3854 4555
f 4049 4555 3422
f 3959 4861 4563
f 3959 4563 3748
f 4492 1077 1080
f 4492 1080 4489
f 4491 1079 1078
f 4491 1078 4490
f 3481 4050 3708
f 3481 3708 2623
f 3273 4778 2234
f 3273 2234 618
f 4582 1779 3768
f 4582 3768 3574
f 4921 4133 989
f 4921 989 4770
f 2413 1191 1519
f 2413 1519 2738
f 4797 3926 4556
f 4797 4556 2114
f 4171 3930 1717
f 4171 1717 2389
f 1497 3410 3504
f 1497 3504 4891
f 2066 4170 2425
f 2066 2425 1567
f 4905 4193 1414
f 4905 1414 3022
f 953 1452 3023
f 953 3023 1415
f 2743 683 1661
f 2743 1661 2113
f 1069 4496 4493
f 1069 4493 1072
f 1071 4495 4494
f 1071 4494 1070
f 4129 2728 3264
f 4129 3264 2878
f 3714 1725 2245
f 3714 2245 770
f 2727 4716 3087
f 2727 3087 2128
f 997 4461 656
f 997 656 4351
f 2791 1124 2312
f 2791 2312 1909
f 1015 2420 4769
f 1015 4769 990
f 1968 3588 1901
f 1968 1901 3315
f 543 2811 3872
f 543 3872 3348
f 2122 3301 1114
f 2122 1114 1481
f 4170 825 2311
f 4170 2311 2425
f 1708 3605 1651
f 1708 1651 1537
f 1074 4298 927
f 1074 927 1075
f 1076 3431 2573
f 1076 2573 1073
f 2901 3560 2412
f 2901 2412 1727
f 3836 2825 2823
f 3836 2823 3833
f 3835 2824 2826
f 3835 2826 3834
f 1041 3492 2663
f 1041 2663 4737
f 3854 2743 2113
f 3854 2113 4555
f 3482 659 5006
f 3482 5006 3363
f 1818 4011 1348
f 1818 1348 1014
f 2621 716 4376
f 2621 4376 2012
f 2127 2135 907
f 2127 907 1030
f 3735 3317 3408
f 3735 3408 879
f 4691 4306 3737
f 4691 3737 4294
f 4133 2600 2900
f 4133 2900 989
f 3264 3700 2577
f 3264 2577 2878
f 4302 2134 2877
f 4302 2877 2578
f 4130 3513 4403
f 4130 4403 530
f 3690 3911 3912
f 3911 3690 969
f 969 3690 3975
f 969 3975 3974
f 3974 3975 2977
f 3974 2977 2976
f 2976 2977 4259
f 2976 4259 4258
f 4258 4259 2664
f 4258 2664 4398
f 4398 2664 4605
f 4398 4605 1941
f 1941 4605 2150
f 1941 2150 2151
f 2151 2150 4998
f 2151 4998 2293
f 2293 4998 4118
f 4118 4998 3601
f 4118 3601 3828
f 3828 3601 2828
f 2828 3601 4707
f 3831 4113 4109
f 4113 3831 3835
f 3835 3831 2831
f 3835 2831 2824
f 2824 2831 2619
f 2824 2619 2620
f 2293 4104 839
f 4104 2293 4113
f 4113 2293 4109
f 4109 2293 4118
f 839 4104 3825
f 839 3825 3484
f 2834 3614 3615
f 3614 2834 2823
f 2823 2834 3833
f 3833 2834 3829
f 3833 3829 4112
f 4112 3829 4108
f 4112 4108 4116
f 4112 4116 4103
f 3821 2830 4942
f 2830 3821 3837
f 3837 3821 2546
f 3837 2546 4116
f 3824 1151 2779
f 1151 3824 2545
f 2545 3824 4103
f 2545 4103 4116
f 2545 4116 2546
f 2545 2546 2792
f 2545 2792 4544
f 4544 2792 1520
f 4544 1520 1521
f 1521 1520 4644
f 1521 4644 4645
f 4645 4644 2179
f 4645 2179 2178
f 2178 2179 3629
f 2178 3629 3628
f 3628 3629 1323
f 3628 1323 1322
f 1322 1323 4941
f 1322 4941 2220
f 2220 4941 3849
f 2220 3849 1176
f 4669 3465 3464
f 3465 4669 4668
f 4668 4669 4333
f 4668 4333 1686
f 1686 4333 2659
f 1686 2659 2660
f 2660 2659 1389
f 1389 2659 1388
f 1389 1388 1263
f 1389 1263 1262
f 1262 1263 3739
f 3739 1263 3740
f 3739 3740 1802
f 3739 1802 3525
f 3525 1802 3369
f 3525 3369 3370
f 3370 3369 4194
f 4194 3369 4784
f 3370 4194 4200
f 3370 4200 4208
f 4200 4194 4204
f 4194 4784 4498
f 4498 4784 4899
f 4204 4491 4200
f 4491 4204 4495
f 4491 4495 1071
f 4491 1071 1079
f 1079 1071 3028
f 1079 3028 3027
f 4208 4785 3370
f 4785 4208 4488
f 4785 4488 1075
f 4785 1075 927
f 4501 4497 2846
f 4497 4501 1383
f 4497 1383 4197
f 4197 1383 4210
f 1076 4502 3431
f 4502 1076 4500
f 4502 4500 3091
f 3091 4500 4210
f 3091 4210 1383
f 3091 1383 1112
f 3091 1112 1111
f 1111 1112 2424
f 1111 2424 2423
f 2423 2424 3705
f 2423 3705 2733
f 2733 3705 3472
f 2733 3472 3473
f 3473 3472 3762
f 3473 3762 3763
f 3763 3762 4334
f 3763 4334 4335
f 4335 4334 674
f 4335 674 673
f 673 674 1826
f 673 1826 1827
f 1072 4771 4772
f 4771 1072 1080
f 1080 1072 4493
f 1080 4493 4489
f 4489 4493 4207
f 4489 4207 4203
f 4203 4207 4210
f 4210 4207 4197
f 1177 1698 2930
f 1698 1177 4527
f 1698 4527 4083
f 4437 2365 1537
f 2365 4437 4062
f 2365 4062 2257
f 2257 4062 720
f 2908 3496 3016
f 3496 2908 558
f 558 2908 2460
f 2252 681 558
f 681 2252 3478
f 681 3478 941
f 4429 3673 3046
f 3673 4429 3512
f 3512 4429 1251
f 3973 915 3343
f 915 3973 4027
f 4027 3973 626
f 3579 1092 3937
f 1092 3579 4902
f 1092 4902 2200
f 2119 4614 1788
f 4614 2119 1927
f 1927 2119 3268
f 1927 3294 1266
f 3294 1927 3074
f 3294 3074 4741
f 4786 3035 3788
f 3035 4786 3921
f 3921 4786 3863
f 3273 1565 1305
f 1565 3273 1215
f 1215 3273 618
f 1571 1215 618
f 1215 1571 2522
f 2522 1571 1687
f 2522 1687 4918
f 1785 4454 4575
f 4454 1785 2280
f 2280 1785 2701
f 4434 2701 1150
f 2701 4434 1714
f 1714 4434 721
f 1059 717 3238
f 717 1059 2479
f 2479 1059 1014
f 3643 4736 3571
f 4736 3643 4986
f 4736 4986 3440
f 1682 1091 2201
f 1091 1682 3936
f 3936 1682 2068
f 3245 1926 3267
f 1926 3245 2246
f 2246 3245 3840
f 1926 4740 3073
f 4740 1926 1666
f 1666 1926 3218
f 3801 726 2406
f 726 3801 1815
f 726 1815 1741
f 949 4938 2232
f 4938 949 4582
f 4938 4582 3574
f 2773 4144 3425
f 4144 2773 1783
f 4144 1783 4187
f 3344 4711 4269
f 4711 3344 2608
f 4711 2608 2399
f 3771 2948 2519
f 2948 3771 2454
f 2948 2454 4247
f 1067 1858 919
f 1858 1067 4692
f 4692 1067 4670
f 1851 3695 828
f 3695 1851 3650
f 3650 1851 4397
f 4674 1789 1100
f 1789 4674 844
f 844 4674 828
f 1757 3915 1978
f 3915 1757 1451
f 1451 1757 2770
f 2361 3967 3470
f 3967 2361 1978
f 1978 2361 1757
f 3922 4508 3034
f 4508 3922 1679
f 1679 3922 3862
f 1216 4842 1566
f 4842 1216 1369
f 1369 1216 619
f 2523 619 1216
f 619 2523 1186
f 1186 2523 2558
f 2558 2523 562
f 2893 4134 2275
f 4134 2893 1286
f 1286 2893 2810
f 1306 1196 3677
f 1196 1306 938
f 938 1306 1995
f 1196 1221 620
f 1221 1196 4430
f 4430 1196 4274
f 1221 3556 2221
f 3556 1221 3561
f 3561 1221 1747
f 3186 2878 1447
f 2878 3186 4129
f 4129 3186 3736
f 2702 4453 2279
f 4453 2702 3889
f 4453 3889 4039
f 2738 718 2478
f 718 2738 1519
f 718 1519 4608
f 4835 2702 1713
f 2702 4835 4829
f 2702 4829 3925
f 2740 3179 1932
f 3179 2740 1981
f 3179 1981 2631
f 4238 1113 648
f 1113 4238 802
f 1113 802 968
f 1821 4438 1538
f 4438 1821 4061
f 4061 1821 1373
f 4061 1373 3318
f 4908 4295 2193
f 4295 4908 3274
f 4295 3274 2067
f 3435 3391 4881
f 3391 3435 3421
f 3391 3421 2975
f 4909 4524 3275
f 4524 4909 2140
f 2140 4909 1272
f 3434 2011 3422
f 2011 3434 1058
f 1058 3434 4880
f 1374 4288 2699
f 4288 1374 1533
f 1533 1374 3957
f 4186 2699 4061
f 2699 4186 1374
f 1374 4186 606
f 4021 725 4387
f 725 4021 2405
f 2405 4021 864
f 4975 3942 3573
f 3942 4975 2231
f 2231 4975 4388
f 2269 1673 4980
f 1673 2269 3984
f 3984 2269 3994
f 3984 3994 1457
f 3012 4770 2805
f 4770 3012 613
f 613 3012 2046
f 3098 4135 1285
f 4135 3098 4935
f 4135 4935 2276
f 1197 3888 3765
f 3888 1197 621
f 3888 621 1220
f 4549 4220 3439
f 4220 4549 3678
f 4220 3678 1197
f 3185 4581 2431
f 4581 3185 1448
f 4581 1448 2877
f 1220 3943 4506
f 3943 1220 2222
f 3943 2222 3178
f 1965 524 1379
f 524 1965 1327
f 1327 1965 4230
f 4164 1132 3224
f 1132 4164 4882
f 4882 4164 4122
f 2680 4564 4073
f 4564 2680 4145
f 4145 2680 4070
f 3272 2817 3619
f 2817 3272 876
f 876 3272 1937
f 2942 809 3127
f 809 2942 1557
f 1557 2942 4554
f 3215 4121 1239
f 4121 3215 4846
f 4846 3215 1594
f 3139 2994 1594
f 2994 3139 1847
f 1847 3139 1840
f 4715 3734 4287
f 3734 4715 4331
f 4331 4715 3311
f 2700 4241 4062
f 4241 2700 1690
f 4241 1690 3761
f 3734 2700 4287
f 2700 3734 1690
f 1690 3734 2002
f 2488 682 942
f 682 2488 3549
f 682 3549 559
f 1361 3674 3511
f 3674 1361 4081
f 3674 4081 3780
f 891 3495 559
f 3495 891 2110
f 3495 2110 2115
f 4615 916 4026
f 916 4615 2260
f 916 2260 3342
f 1223 4615 4026
f 4615 1223 2251
f 4615 2251 1992
f 1404 1223 2522
f 1223 1404 2251
f 2251 1404 1917
f 2772 4188 1784
f 4188 2772 712
f 712 2772 4580
f 3345 1857 2607
f 1857 3345 3689
f 3689 3345 3904
f 3772 4165 2455
f 4165 3772 1639
f 1639 3772 4303
f 1458 1674 3983
f 1674 1458 1817
f 1674 1817 4458
f 1674 4458 598
f 2104 523 1328
f 523 2104 1998
f 523 1998 2679
f 4123 1131 4883
f 1131 4123 1446
f 1131 1446 2057
f 2445 4565 4146
f 4565 2445 5007
f 4565 5007 4010
f 4978 4175 2605
f 4175 4978 3855
f 3855 4978 1190
f 1190 4978 1556
f 1859 1068 920
f 1068 1859 4953
f 1068 4953 4069
f 4671 4675 1099
f 4675 4671 1418
f 4675 1418 829
f 3954 1852 829
f 1852 3954 2400
f 1852 2400 631
f 4183 2362 3471
f 2362 4183 1763
f 2362 1763 1758
f 1534 1758 1763
f 1758 1534 1181
f 1758 1181 2771
f 2383 4737 2663
f 4737 2383 3572
f 3572 2383 3644
f 2486 3878 1295
f 3878 2486 3747
f 3878 3747 4841
f 2036 1697 4082
f 1697 2036 1224
f 1224 2036 4840
f 4945 3241 1681
f 3241 4945 1881
f 1881 4945 2214
f 2941 3890 838
f 3890 2941 3126
f 3890 3126 933
f 3214 1689 1593
f 1689 3214 3169
f 3169 3214 1238
f 3140 984 3630
f 984 3140 1593
f 984 1593 1477
f 4714 1688 3312
f 1688 4714 4288
f 1688 4288 1533
f 875 3618 2816
f 3618 875 1370
f 1370 875 2318
f 1114 4237 649
f 4237 1114 1337
f 1337 1114 3301
f 4273 2804 4769
f 2804 4273 3011
f 3011 4273 3353
f 4979 3382 1672
f 3382 4979 2606
f 3382 2606 1657
f 1657 2606 4174
f 4441 3180 2630
f 3180 4441 1931
f 1931 4441 2557
f 626 1222 4027
f 1222 626 4272
f 4272 626 4367
f 4272 2523 1222
f 2523 4272 4126
f 4126 4272 3280
f 2485 1178 3748
f 1178 2485 2014
f 2014 2485 1296
f 2262 4946 3966
f 4946 2262 1147
f 1147 2262 2995
f 4742 4646 3009
f 4646 4742 2323
f 4646 2323 1771
f 669 2786 1648
f 2786 669 1650
f 2786 1650 996
f 3323 1805 846
f 1805 3323 1675
f 1805 1675 4845
f 564 3903 4319
f 3903 564 2881
f 2881 564 774
f 3437 4433 3219
f 4433 3437 1608
f 1608 3437 4653
f 2633 4526 2731
f 4526 2633 2160
f 2160 2633 3203
f 3474 1806 1880
f 1806 3474 845
f 845 3474 2336
f 3463 2785 4096
f 2785 3463 1649
f 1649 3463 2152
f 1200 4647 1772
f 4647 1200 3441
f 4647 3441 3010
f 2632 2540 3204
f 2540 2632 3149
f 3149 2632 2732
f 3436 713 4221
f 713 3436 3220
f 713 3220 1217
f 563 2806 4759
f 2806 563 4318
f 2806 4318 1431
f 4487 4778 2022
f 4778 4487 2234
f 2234 4487 1571
f 1571 4487 1687
f 1687 4487 1562
f 1451 1151 3915
f 1151 1451 2779
f 2779 1451 4088
f 2779 4088 2875
f 2875 4088 2098
f 4941 3840 3849
f 3840 4941 2246
f 2246 4941 3532
f 4265 4466 625
f 4466 4265 4545
f 4466 4545 2034
f 2661 4398 1941
f 4398 2661 2446
f 2446 2661 2025
f 2446 2025 4306
f 2446 4306 4691
f 1557 2792 2546
f 2792 1557 1847
f 1847 1557 4554
f 1847 4554 4121
f 1847 4121 4846
f 1847 4846 2994
f 1686 3492 4668
f 3492 1686 2663
f 2663 1686 2383
f 2383 1686 706
f 2357 4784 3246
f 4784 2357 4899
f 4899 2357 1257
f 4899 1257 1018
f 1018 1257 1748
f 4736 3398 2411
f 3398 4736 3409
f 3398 3409 4480
f 3525 2460 2908
f 2460 3525 2252
f 2252 3525 3478
f 3478 3525 3046
f 3046 3525 4429
f 4429 3525 3370
f 1150 3974 4434
f 3974 1150 969
f 969 1150 1785
f 969 1785 4575
f 969 4575 810
f 2545 3915 1151
f 3915 2545 1675
f 3915 1675 1978
f 1978 1675 3967
f 3967 1675 902
f 902 1675 3323
f 4622 907 2135
f 907 4622 4294
f 907 4294 4043
f 1969 4116 4115
f 4116 1969 3827
f 4116 3827 3837
f 3828 4117 4118
f 4117 3828 3826
f 4117 3826 1970
f 891 1111 2110
f 1111 891 3549
f 1111 3549 2488
f 1111 2488 3780
f 1111 3780 4081
f 1111 4081 3091
f 4277 4198 3361
f 4198 4277 4205
f 4205 4277 4764
f 4205 4764 1942
f 4205 1942 3017
f 4205 3017 1337
f 4205 1337 3301
f 4205 3301 2122
f 4205 2122 2360
f 4205 2360 4635
f 4205 4635 3257
f 4205 3257 1370
f 4205 1370 2318
f 4205 2318 4494
f 4494 2318 2858
f 4494 2858 1250
f 4494 1250 1070
f 1070 1250 3928
f 1070 3928 3028
f 3028 3928 3027
f 3027 3928 4461
f 3027 4461 997
f 3027 997 3397
f 3027 3397 2639
f 3027 2639 4379
f 3027 4379 4783
f 3027 4783 825
f 3027 825 4170
f 3027 4170 1078
f 1078 4170 4490
f 4490 4170 2066
f 4490 2066 4201
f 4201 2066 4925
f 4201 4925 1725
f 4201 1725 4209
f 4209 1725 3714
f 4209 3714 2444
f 4209 2444 1600
f 4209 1600 3334
f 4209 3334 4442
f 4209 4442 2722
f 4209 2722 4613
f 4209 4613 2349
f 4209 2349 4508
f 4209 4508 1679
f 4209 1679 1962
f 4209 1962 4719
f 4209 4719 3339
f 4209 3339 4842
f 4209 4842 1369
f 4209 1369 2274
f 4209 2274 2023
f 1747 4334 3561
f 4334 1747 674
f 674 1747 4430
f 674 4430 4274
f 674 4274 2305
f 1041 3560 2161
f 3560 1041 4737
f 3560 4737 2412
f 4614 3912 1788
f 3912 4614 3690
f 3690 4614 2166
f 1690 1349 3761
f 1349 1690 4942
f 4942 1690 3821
f 3821 1690 2002
f 938 674 2305
f 674 938 1826
f 1826 938 1995
f 4500 1562 4487
f 1562 4500 1073
f 1073 4500 1076
f 4486 1075 4488
f 1075 4486 1074
f 1074 4486 3292
f 2660 3994 2269
f 3994 2660 2285
f 2285 2660 1379
f 1379 2660 1965
f 1965 2660 1389
f 1361 3091 4081
f 3091 1361 2599
f 3091 2599 2260
f 3091 2260 4615
f 3091 4615 1992
f 3091 1992 4502
f 1602 3006 4728
f 3006 1602 3322
f 3322 1602 2954
f 3739 4070 2680
f 4070 3739 1366
f 1366 3739 3016
f 3016 3739 2908
f 2908 3739 3525
f 2061 4815 1621
f 4815 2061 1137
f 1137 2061 691
f 3705 3482 3109
f 3482 3705 659
f 659 3705 691
f 691 3705 1137
f 1137 3705 2424
f 3695 1613 3194
f 1613 3695 4102
f 4102 3695 3650
f 4102 3650 4106
f 4998 3957 3601
f 3957 4998 3890
f 3957 3890 1533
f 1533 3890 1688
f 1688 3890 4917
f 4917 3890 933
f 2321 4197 4196
f 4197 2321 4485
f 4197 4485 4497
f 4498 4195 4194
f 4195 4498 4499
f 4195 4499 2322
f 2742 1029 908
f 1029 2742 1400
f 1029 1400 2071
f 1322 1191 3628
f 1191 1322 1519
f 1519 1322 4608
f 4608 1322 4835
f 4835 1322 4829
f 3465 3439 3464
f 3439 3465 4549
f 4549 3465 2031
f 2031 3465 3098
f 3098 3465 4935
f 4935 3465 4627
f 4627 3465 4468
f 4468 3465 4260
f 4260 3465 949
f 949 3465 4582
f 4582 3465 1779
f 1779 3465 597
f 597 3465 4322
f 4322 3465 1807
f 1807 3465 3801
f 3801 3465 1815
f 1815 3465 953
f 953 3465 1452
f 1452 3465 1605
f 1605 3465 531
f 531 3465 827
f 827 3465 3985
f 3985 3465 1177
f 1177 3465 4527
f 4527 3465 4834
f 4834 3465 1816
f 1816 3465 2452
f 2452 3465 3766
f 3766 3465 932
f 932 3465 4246
f 4246 3465 2356
f 2356 3465 3625
f 3625 3465 3897
f 3897 3465 2014
f 2014 3465 1178
f 1178 3465 3959
f 3959 3465 4861
f 4861 3465 2332
f 2332 3465 1699
f 1699 3465 3483
f 3483 3465 3800
f 3800 3465 2901
f 2901 3465 3560
f 3560 3465 2161
f 4467 1380 624
f 1380 4467 1317
f 1317 4467 2035
f 2424 4815 1137
f 4815 2424 3568
f 3568 2424 2160
f 2160 2424 4526
f 4526 2424 4653
f 4653 2424 1608
f 1608 2424 1112
f 3961 2733 4652
f 2733 3961 4222
f 2733 4222 4010
f 2733 4010 5007
f 2733 5007 2423
f 4544 1675 2545
f 1675 4544 1650
f 1675 1650 4845
f 4845 1650 4864
f 4864 1650 669
f 1059 2976 2807
f 2976 1059 3974
f 3974 1059 3238
f 3974 3238 721
f 3974 721 4434
f 2846 3546 4501
f 3546 2846 1096
f 1096 2846 707
f 707 2846 2739
f 707 2739 3657
f 2104 3473 1998
f 3473 2104 4223
f 3473 4223 2057
f 3473 2057 1446
f 3473 1446 4652
f 3473 4652 2733
f 4196 2261 2321
f 2261 4196 2851
f 2851 4196 2099
f 2099 4196 4199
f 4668 2161 3465
f 2161 4668 1041
f 1041 4668 3492
f 1612 2976 4258
f 2976 1612 2807
f 2807 1612 2778
f 2807 2778 4011
f 2807 4011 1818
f 2150 3890 4998
f 3890 2150 984
f 3890 984 838
f 838 984 3169
f 3169 984 1689
f 1689 984 1477
f 4129 3762 2728
f 3762 4129 4334
f 4334 4129 3736
f 4334 3736 3556
f 4334 3556 3561
f 3440 673 2141
f 673 3440 4335
f 4335 3440 4986
f 4335 4986 2396
f 4101 3475 1614
f 3475 4101 3954
f 3954 4101 2400
f 2400 4101 4105
f 2829 1373 2385
f 1373 2829 3318
f 3318 2829 4186
f 4186 2829 606
f 606 2829 4018
f 2576 2322 4708
f 2322 2576 4195
f 4195 2576 3361
f 4195 3361 4198
f 1421 969 810
f 969 1421 3911
f 3911 1421 2213
f 3370 1251 4429
f 1251 3370 1760
f 1760 3370 3973
f 3973 3370 626
f 626 3370 4367
f 4367 3370 4785
f 3969 3651 1554
f 3651 3969 4432
f 3651 4432 793
f 4485 3657 2739
f 3657 4485 4158
f 4158 4485 1156
f 1156 4485 2261
f 2261 4485 2321
f 2851 1623 2953
f 1623 2851 2099
f 1623 2099 4987
f 2178 1667 4645
f 1667 2178 1227
f 1667 1227 2812
f 2812 1227 1400
f 1400 1227 2071
f 2071 1227 2292
f 2331 1676 3049
f 1676 2331 1350
f 1350 2331 2494
f 1622 2576 2954
f 2576 1622 3361
f 3361 1622 4277
f 4453 2621 2012
f 2621 4453 4700
f 2621 4700 2001
f 2446 4258 4398
f 4258 2446 1612
f 1612 2446 4622
f 1612 4622 2135
f 1612 2135 2127
f 1612 2127 2380
f 4272 4298 3280
f 4298 4272 927
f 927 4272 4785
f 4785 4272 4367
f 1421 1101 2213
f 1101 1421 2013
f 2013 1421 4454
f 4707 606 4018
f 606 4707 1374
f 1374 4707 3601
f 1374 3601 3957
f 2220 4829 1322
f 4829 2220 3925
f 3925 2220 3889
f 3889 2220 4039
f 4039 2220 1629
f 2292 599 3188
f 599 2292 1227
f 599 1227 2453
f 4437 2624 4071
f 2624 4437 1651
f 1651 4437 1537
f 4645 952 1521
f 952 4645 1667
f 952 1667 647
f 647 1667 1292
f 1292 1667 1652
f 1389 4230 1965
f 4230 1389 1982
f 1982 1389 3224
f 3224 1389 4164
f 4164 1389 2943
f 2943 1389 1262
f 720 2384 2257
f 2384 720 2827
f 2827 720 4241
f 2827 4241 3761
f 2827 3761 1349
f 2035 3246 1317
f 3246 2035 2357
f 2357 2035 1365
f 3629 3285 1323
f 3285 3629 2763
f 2763 3629 1556
f 1556 3629 1190
f 1869 3975 3199
f 3975 1869 2977
f 2977 1869 1672
f 2977 1672 3382
f 1534 2293 839
f 2293 1534 3474
f 3474 1534 1763
f 3474 1763 4183
f 3474 4183 1732
f 3474 1732 2336
f 1639 4644 1520
f 4644 1639 993
f 993 1639 4303
f 993 4303 2402
f 993 2402 2627
f 1323 3532 4941
f 3532 1323 3218
f 3218 1323 1666
f 1666 1323 3285
f 3112 1263 4030
f 1263 3112 3787
f 1263 3787 2118
f 1263 2118 1095
f 1263 1095 3740
f 2445 2423 5007
f 2423 2445 1426
f 2423 1426 2115
f 2423 2115 2110
f 2423 2110 1111
f 3484 1534 839
f 1534 3484 1181
f 1181 3484 2915
f 2915 3484 2876
f 2915 2876 4997
f 2060 1095 2118
f 1095 2060 1620
f 1095 1620 3430
f 4206 2099 4199
f 2099 4206 4987
f 4987 4206 1665
f 1665 4206 2107
f 2107 4206 3814
f 3814 4206 802
f 802 4206 968
f 968 4206 2171
f 2171 4206 1333
f 1333 4206 4180
f 4180 4206 3458
f 3458 4206 3272
f 3272 4206 1937
f 1937 4206 4496
f 1937 4496 2155
f 2155 4496 1866
f 1866 4496 1069
f 1866 1069 2487
f 2487 1069 4772
f 2487 4772 4771
f 2487 4771 893
f 893 4771 4787
f 4787 4771 3438
f 3438 4771 662
f 662 4771 1121
f 1121 4771 2791
f 2791 4771 1124
f 1124 4771 3881
f 3881 4771 1077
f 3881 1077 4492
f 3881 4492 1214
f 1214 4492 4202
f 1214 4202 2480
f 2480 4202 2978
f 2978 4202 4211
f 2978 4211 1496
f 1496 4211 1968
f 1968 4211 3588
f 3588 4211 3381
f 3381 4211 3418
f 3418 4211 3000
f 3000 4211 3491
f 3491 4211 4961
f 4961 4211 3788
f 3788 4211 4786
f 4786 4211 3585
f 3585 4211 2808
f 2808 4211 3328
f 3328 4211 1305
f 1305 4211 3273
f 3273 4211 4778
f 4778 4211 2022
f 1652 2742 4293
f 2742 1652 1667
f 2742 1667 2812
f 562 3292 2558
f 3292 562 1074
f 1074 562 4126
f 1074 4126 3280
f 1074 3280 4298
f 1612 600 2778
f 600 1612 2380
f 600 2380 3189
f 993 2179 4644
f 2179 993 3689
f 3689 993 712
f 3689 712 4580
f 3689 4580 2401
f 3689 2401 1857
f 3474 2151 2293
f 2151 3474 3463
f 3463 3474 1880
f 3463 1880 1914
f 3463 1914 2152
f 794 4072 3550
f 4072 794 4438
f 4438 794 1538
f 4389 4537 851
f 4537 4389 1882
f 1882 4389 4460
f 4158 1601 4729
f 1601 4158 1156
f 1601 1156 2953
f 1217 1802 713
f 1802 1217 1930
f 1802 1930 4759
f 1802 4759 2806
f 1802 2806 3369
f 3762 3264 2728
f 3264 3762 3700
f 3700 3762 1490
f 1490 3762 2696
f 2696 3762 3472
f 1266 3690 2166
f 3690 1266 3975
f 3975 1266 3294
f 3975 3294 3199
f 3689 3629 2179
f 3629 3689 1190
f 1190 3689 3904
f 1190 3904 2219
f 1190 2219 3855
f 1262 2313 2943
f 2313 1262 2561
f 2561 1262 4073
f 4073 1262 2680
f 2680 1262 3739
f 3463 1941 2151
f 1941 3463 2661
f 2661 3463 4096
f 2661 4096 3441
f 2661 3441 1200
f 2661 1200 2965
f 2661 2965 4268
f 3605 3827 1969
f 3827 3605 1708
f 3827 1708 2365
f 3827 2365 2257
f 3827 2257 2384
f 655 3426 3982
f 3426 655 4787
f 3426 4787 3438
f 3248 852 3811
f 852 3248 4390
f 4390 3248 4459
f 4103 1613 4102
f 1613 4103 3823
f 3823 4103 3824
f 4101 3825 4104
f 3825 4101 3822
f 3822 4101 1614
f 4397 4106 3650
f 4106 4397 4114
f 4114 4397 3202
f 4114 3202 1403
f 4114 1403 2565
f 4114 2565 4692
f 4114 4692 4670
f 4114 4670 3485
f 4114 3485 2600
f 4114 2600 4133
f 4114 4133 4921
f 4114 4921 613
f 4114 613 2046
f 4114 2046 3836
f 3836 2046 1794
f 3836 1794 3799
f 3836 3799 2825
f 2825 3799 4916
f 2825 4916 3614
f 3614 4916 3615
f 3615 4916 2991
f 3615 2991 1881
f 3615 1881 2214
f 3615 2214 3227
f 3615 3227 2780
f 3615 2780 2835
f 3615 2835 4525
f 3615 4525 1797
f 3615 1797 2832
f 2832 1797 3832
f 3832 1797 2705
f 3832 2705 4110
f 4110 2705 1443
f 4110 1443 2658
f 4110 2658 4115
f 4115 2658 4151
f 4115 4151 2024
f 4115 2024 2092
f 4115 2092 4990
f 4115 4990 2233
f 4115 2233 2636
f 4115 2636 4889
f 4115 4889 654
f 4115 654 4537
f 4115 4537 1882
f 4115 1882 2096
f 4115 2096 2811
f 4115 2811 543
f 4115 543 2624
f 4115 2624 1651
f 4115 1651 3605
f 4115 3605 1969
f 2134 2659 2813
f 2659 2134 4302
f 2659 4302 1122
f 2659 1122 4032
f 2659 4032 1388
f 1101 3911 2213
f 3911 1101 3912
f 3912 1101 1961
f 3912 1961 784
f 3912 784 683
f 3912 683 2743
f 3912 2743 3854
f 3912 3854 4049
f 3912 4049 2011
f 3912 2011 1058
f 3912 1058 3898
f 3912 3898 502
f 3912 502 1331
f 3912 1331 2147
f 3912 2147 4524
f 3912 4524 2140
f 3912 2140 4684
f 3912 4684 1514
f 3912 1514 2330
f 3912 2330 3335
f 3912 3335 4801
f 3912 4801 3394
f 3912 3394 2741
f 3912 2741 1123
f 3912 1123 3557
f 3912 3557 3856
f 3912 3856 3221
f 3912 3221 4572
f 3912 4572 2019
f 3912 2019 1399
f 3912 1399 3308
f 3912 3308 2064
f 3912 2064 1780
f 3912 1780 1981
f 3912 1981 2740
f 3912 2740 4362
f 3912 4362 3520
f 3912 3520 3336
f 3912 3336 3968
f 3912 3968 4902
f 3912 4902 3579
f 3912 3579 2716
f 3912 2716 2119
f 3912 2119 1788
f 2859 4335 2396
f 4335 2859 3763
f 3763 2859 598
f 3763 598 4458
f 1511 2721 1660
f 2721 1511 4376
f 2721 4376 2809
f 1187 1439 1269
f 1439 1187 952
f 1439 952 647
f 3628 1227 2178
f 1227 3628 1191
f 1227 1191 2453
f 2453 1191 1989
f 1989 1191 2413
f 3291 4032 1122
f 4032 3291 3513
f 3513 3291 4403
f 2660 706 1686
f 706 2660 4804
f 4804 2660 4980
f 4980 2660 2269
f 2384 3837 3827
f 3837 2384 2827
f 3837 2827 2830
f 2828 3826 3828
f 3826 2828 2829
f 3826 2829 2385
f 1817 3763 4458
f 3763 1817 4374
f 3763 4374 2679
f 3763 2679 1998
f 3763 1998 3473
f 4480 673 1827
f 673 4480 3409
f 673 3409 2141
f 1176 1629 2220
f 1629 1176 4700
f 4700 1176 2001
f 3826 1662 1970
f 1662 3826 3920
f 3920 3826 1821
f 1821 3826 1373
f 1373 3826 2385
f 4333 2813 2659
f 2813 4333 4581
f 4581 4333 2431
f 2431 4333 3178
f 3178 4333 3943
f 2977 4711 4259
f 4711 2977 3382
f 4711 3382 4269
f 4269 3382 4309
f 4309 3382 1657
f 1383 3903 2881
f 3903 1383 4981
f 4981 1383 4265
f 4265 1383 4545
f 4545 1383 3546
f 3546 1383 4501
f 1073 1687 1562
f 1687 1073 4918
f 4918 1073 1404
f 1404 1073 1917
f 1917 1073 2573
f 1112 4433 1608
f 4433 1112 670
f 670 1112 774
f 774 1112 2881
f 2881 1112 1383
f 3970 2741 4431
f 2741 3970 1123
f 1123 3970 1555
f 3006 1018 1748
f 1018 3006 4499
f 4499 3006 3322
f 4499 3322 4708
f 4499 4708 2322
f 3472 3580 2696
f 3580 3472 2494
f 2494 3472 1350
f 1350 3472 781
f 781 3472 3109
f 3109 3472 3705
f 1789 2875 2098
f 2875 1789 3823
f 3823 1789 844
f 3823 844 3194
f 3823 3194 1613
f 3513 1388 4032
f 1388 3513 4130
f 1388 4130 1513
f 1388 1513 1611
f 1388 1611 4030
f 1388 4030 1263
f 3050 1611 1513
f 1611 3050 596
f 596 3050 4400
f 1676 3482 3363
f 3482 1676 3109
f 3109 1676 781
f 1521 1650 4544
f 1650 1521 952
f 1650 952 996
f 996 952 4742
f 4742 952 2323
f 2323 952 3331
f 3331 952 1187
f 3290 3580 4404
f 3580 3290 2696
f 2696 3290 1490
f 4605 984 2150
f 984 4605 2948
f 984 2948 3630
f 3630 2948 801
f 801 2948 4247
f 3546 2034 4545
f 2034 3546 1096
f 2034 1096 1364
f 2661 1440 2025
f 1440 2661 3929
f 3929 2661 4268
f 4210 2022 4211
f 2022 4210 4487
f 4487 4210 4500
f 4209 4488 4208
f 4488 4209 4486
f 4486 4209 2023
f 3430 3740 1095
f 3740 3430 4865
f 3740 4865 2540
f 3740 2540 3149
f 3740 3149 4221
f 3740 4221 713
f 3740 713 1802
f 2664 2948 4605
f 2948 2664 3672
f 2948 3672 2519
f 2519 3672 4031
f 4031 3672 4283
f 1847 1520 2792
f 1520 1847 1639
f 1639 1847 1840
f 1639 1840 737
f 1639 737 4165
f 3849 2001 1176
f 2001 3849 2621
f 2621 3849 716
f 716 3849 2809
f 2809 3849 2721
f 2721 3849 4797
f 4797 3849 3926
f 3926 3849 3206
f 3206 3849 2975
f 2975 3849 3391
f 3391 3849 1595
f 1595 3849 3455
f 3455 3849 3207
f 3207 3849 3070
f 3070 3849 2067
f 2067 3849 4295
f 4295 3849 1432
f 1432 3849 3481
f 3481 3849 4050
f 4050 3849 4076
f 4076 3849 1867
f 1867 3849 3927
f 3927 3849 793
f 793 3849 3651
f 3651 3849 4087
f 4087 3849 1850
f 1850 3849 4628
f 4628 3849 1497
f 1497 3849 3410
f 3410 3849 2727
f 2727 3849 4716
f 4716 3849 1766
f 1766 3849 510
f 510 3849 4441
f 4441 3849 2557
f 2557 3849 4890
f 4890 3849 542
f 542 3849 591
f 591 3849 3258
f 3258 3849 1682
f 1682 3849 2068
f 2068 3849 3659
f 3659 3849 3245
f 3245 3849 3840
f 1512 784 4375
f 784 1512 683
f 683 1512 1661
f 3822 4997 2876
f 4997 3822 4671
f 4671 3822 1418
f 1418 3822 3475
f 3475 3822 1614
f 4559 3978 3449
f 3978 4559 1726
f 3978 1726 863
f 3464 4828 4669
f 4828 3464 4220
f 4220 3464 3439
f 3431 1917 2573
f 1917 3431 2251
f 2251 3431 4502
f 2251 4502 1992
f 2002 2546 3821
f 2546 2002 1557
f 1557 2002 3734
f 1557 3734 4331
f 1557 4331 1334
f 1557 1334 809
f 4199 4207 4206
f 4207 4199 4196
f 4207 4196 4197
f 4194 4205 4204
f 4205 4194 4195
f 4205 4195 4198
f 1306 1826 1995
f 1826 1306 1827
f 1827 1306 3187
f 1827 3187 2810
f 1827 2810 2893
f 1827 2893 3589
f 1827 3589 1746
f 1827 1746 2465
f 1827 2465 4388
f 1827 4388 4975
f 1827 4975 4046
f 1827 4046 3930
f 1827 3930 4171
f 1827 4171 816
f 1827 816 864
f 1827 864 4021
f 1827 4021 4193
f 1827 4193 4905
f 1827 4905 3319
f 1827 3319 4245
f 1827 4245 3798
f 1827 3798 1745
f 1827 1745 4840
f 1827 4840 2036
f 1827 2036 1551
f 1827 1551 3810
f 1827 3810 1025
f 1827 1025 2451
f 1827 2451 4954
f 1827 4954 2886
f 1827 2886 913
f 1827 913 1252
f 1827 1252 3358
f 1827 3358 3878
f 1827 3878 4841
f 1827 4841 3490
f 1827 3490 549
f 1827 549 507
f 1827 507 634
f 1827 634 3978
f 1827 3978 863
f 1827 863 2030
f 1827 2030 3398
f 1827 3398 4480
f 1088 3800 1727
f 3800 1088 3483
f 3483 1088 3448
f 1431 3369 2806
f 3369 1431 736
f 3369 736 1380
f 3369 1380 1317
f 3369 1317 3246
f 3369 3246 4784
f 2765 4351 3427
f 4351 2765 3397
f 3397 2765 2639
f 4259 3672 2664
f 3672 4259 4711
f 3672 4711 4144
f 4144 4711 3425
f 3425 4711 4697
f 4697 4711 2399
f 4391 2023 2274
f 2023 4391 4486
f 4486 4391 1186
f 4486 1186 2558
f 4486 2558 3292
f 4111 2400 4105
f 2400 4111 631
f 631 4111 4474
f 4474 4111 1626
f 1626 4111 3415
f 3415 4111 4953
f 4953 4111 4069
f 4069 4111 3555
f 3555 4111 1574
f 1574 4111 1015
f 1015 4111 2420
f 2420 4111 4273
f 4273 4111 3353
f 3353 4111 3834
f 3353 3834 4505
f 4505 3834 2683
f 2683 3834 2826
f 2683 2826 1744
f 1744 2826 2620
f 1744 2620 2619
f 1744 2619 3861
f 3861 2619 2896
f 2896 2619 2262
f 2262 2619 2995
f 2995 2619 3939
f 3939 2619 3602
f 3602 2619 4807
f 4807 2619 4140
f 4140 2619 2833
f 4140 2833 3830
f 4140 3830 1911
f 1911 3830 4107
f 1911 4107 3454
f 3454 4107 3938
f 3938 4107 4117
f 3938 4117 1971
f 1971 4117 1502
f 1502 4117 2339
f 2339 4117 2335
f 2335 4117 1205
f 1205 4117 1193
f 1193 4117 3735
f 3735 4117 3317
f 3317 4117 3811
f 3811 4117 3248
f 3248 4117 3723
f 3723 4117 3656
f 3656 4117 527
f 527 4117 3550
f 3550 4117 794
f 794 4117 1662
f 1662 4117 1970
f 4669 3943 4333
f 3943 4669 4506
f 4506 4669 3888
f 3888 4669 3765
f 3765 4669 4828
f 4114 4102 4106
f 4102 4114 4112
f 4102 4112 4103
f 4111 4104 4113
f 4104 4111 4101
f 4101 4111 4105
f 5501 7532 6908
f 7142 7316 7361
f 5487 7118 5325
f 5502 6909 7533
f 7141 7362 7335
f 5488 5326 7117
f 7491 7500 7280
f 7686 6469 6315
f 7446 7489 7654
f 5190 6863 7057
f 7478 7468 7899
f 5975 7408 6123
f 7395 5790 5661
f 7499 7490 7279
f 7363 7356 7536
f 6468 7687 6314
f 7488 7445 7655
f 7134 5237 6094
f 6559 7663 5690
f 7662 6558 5689
f 6490 6009 5577
f 7369 5557 7537
f 6595 7949 7760
f 5791 7394 5662
f 5236 7133 6093
f 6864 5191 7056
f 7314 7319 5695
f 6010 6491 5578
f 7407 5976 6124
f 7467 7459 7898
f 7320 7315 5696
f 7950 6594 7761
f 5163 6478 7197
f 6888 5089 7594
f 7128 6623 6186
f 5088 6887 7595
f 5519 7127 6187
f 7285 7812 5609
f 7813 7286 5610
f 6479 5164 7196
f 6460 6969 6807
f 6272 6737 5084
f 6581 7547 7252
f 6981 6592 6134
f 6461 5094 6970
f 7045 7436 7494
f 5788 5744 7425
f 6269 5085 6736
f 6980 6133 6593
f 6580 7253 5654
f 7046 7464 7435
f 5789 7426 5745
f 6025 7373 7879
f 7305 7311 5335
f 7496 7431 5935
f 7366 7329 7729
f 6694 6548 7054
f 7372 6024 7878
f 7439 7443 6452
f 7309 7321 6467
f 6549 6695 7055
f 7444 7440 6453
f 7432 7495 5936
f 7313 7326 7728
f 7306 7310 6466
f 7312 7304 5336
f 7790 5494 5868
f 7897 7284 7820
f 6296 6905 5841
f 6319 6295 5840
f 6313 5874 7797
f 5493 7789 5869
f 6330 6142 6938
f 7801 7546 7798
f 5195 5659 6529
f 6143 6331 6937
f 5660 5194 6530
f 7283 5477 7819
f 7882 5100 5401
f 6701 6137 7302
f 5054 6700 7301
f 6683 6918 6384
f 6919 6682 6383
f 5099 5987 5400
f 7122 5824 6573
f 7122 6573 6100
f 5824 5137 8009
f 5824 8009 6573
f 6573 8009 7024
f 6573 7024 5670
f 6100 6573 5670
f 6100 5670 7004
f 6219 6428 7620
f 6219 7620 5637
f 6428 7501 5128
f 6428 5128 7620
f 7620 5128 5512
f 7620 5512 5394
f 5637 7620 5394
f 5637 5394 6702
f 7029 7267 7288
f 7029 7288 7690
f 7267 5093 5374
f 7267 5374 7288
f 7288 5374 6175
f 7288 6175 6354
f 7690 7288 6354
f 7690 6354 6412
f 7722 5768 6553
f 7722 6553 7652
f 5768 5604 7052
f 5768 7052 6553
f 6553 7052 7519
f 6553 7519 7908
f 7652 6553 7908
f 7652 7908 7708
f 5375 7504 5132
f 5375 5132 6044
f 7504 6218 6427
f 7504 6427 5132
f 5132 6427 7501
f 5132 7501 6477
f 6044 5132 6477
f 6044 6477 6838
f 5986 7263 7860
f 5986 7860 7935
f 7263 5486 6397
f 7263 6397 7860
f 7860 6397 5218
f 7860 5218 6449
f 7935 7860 6449
f 7935 6449 5996
f 6485 7613 6462
f 6485 6462 5999
f 7613 6741 6744
f 7613 6744 6462
f 6462 6744 6776
f 6462 6776 7601
f 5999 6462 7601
f 5999 7601 5993
f 5584 5310 7397
f 5584 7397 5065
f 5310 5178 6013
f 5310 6013 7397
f 7397 6013 5451
f 7397 5451 7896
f 5065 7397 7896
f 5065 7896 6734
f 7587 6034 6961
f 7587 6961 7550
f 6034 5985 7264
f 6034 7264 6961
f 6961 7264 5485
f 6961 5485 5633
f 7550 6961 5633
f 7550 5633 5528
f 5528 5633 7245
f 5528 7245 7874
f 5633 5485 6475
f 5633 6475 7245
f 7245 6475 6218
f 7245 6218 7504
f 7874 7245 7504
f 7874 7504 5375
f 5486 6476 6223
f 5486 6223 6397
f 6476 6219 5637
f 6476 5637 6223
f 6223 5637 6702
f 6223 6702 5781
f 6397 6223 5781
f 6397 5781 5218
f 6741 6063 7047
f 6741 7047 6744
f 6063 7029 7690
f 6063 7690 7047
f 7047 7690 6412
f 7047 6412 6090
f 6744 7047 6090
f 6744 6090 6776
f 5178 6320 5814
f 5178 5814 6013
f 6320 7722 7652
f 6320 7652 5814
f 5814 7652 7708
f 5814 7708 7070
f 6013 5814 7070
f 6013 7070 5451
f 6102 6381 7802
f 6102 7802 6403
f 6381 7721 5767
f 6381 5767 7802
f 7802 5767 5603
f 7802 5603 6873
f 6403 7802 6873
f 6403 6873 6687
f 7043 6192 6335
f 7043 6335 7727
f 6192 5585 5309
f 6192 5309 6335
f 6335 5309 5177
f 6335 5177 5073
f 7727 6335 5073
f 7727 5073 5144
f 5093 7919 7007
f 5093 7007 5374
f 7919 5986 7935
f 7919 7935 7007
f 7007 7935 5996
f 7007 5996 7698
f 5374 7007 7698
f 5374 7698 6175
f 5604 5198 6294
f 5604 6294 7052
f 5198 6485 5999
f 5198 5999 6294
f 6294 5999 5993
f 6294 5993 6081
f 7052 6294 6081
f 7052 6081 7519
f 7303 7088 7175
f 7303 7175 5570
f 7088 5584 5065
f 7088 5065 7175
f 7175 5065 6734
f 7175 6734 5299
f 5570 7175 5299
f 5570 5299 5154
f 5822 6944 6021
f 5822 6021 5663
f 6944 7028 7268
f 6944 7268 6021
f 6021 7268 5092
f 6021 5092 6626
f 5663 6021 6626
f 5663 6626 6815
f 7846 6570 6521
f 7846 6521 6416
f 6570 6484 7614
f 6570 7614 6521
f 6521 7614 6742
f 6521 6742 6779
f 6416 6521 6779
f 6416 6779 6747
f 7121 6099 6572
f 7121 6572 5823
f 6099 7005 5669
f 6099 5669 6572
f 6572 5669 7025
f 6572 7025 8010
f 5823 6572 8010
f 5823 8010 6262
f 6218 6724 7619
f 6218 7619 6427
f 6724 6703 5395
f 6724 5395 7619
f 7619 5395 5512
f 7619 5512 5128
f 6427 7619 5128
f 6427 5128 7501
f 7028 7691 7287
f 7028 7287 7268
f 7691 6411 6355
f 7691 6355 7287
f 7287 6355 6174
f 7287 6174 5373
f 7268 7287 5373
f 7268 5373 5092
f 7721 7653 6552
f 7721 6552 5767
f 7653 7709 7909
f 7653 7909 6552
f 6552 7909 7518
f 6552 7518 7051
f 5767 6552 7051
f 5767 7051 5603
f 5985 7936 7859
f 5985 7859 7264
f 7936 5995 6448
f 7936 6448 7859
f 7859 6448 5219
f 7859 5219 6398
f 7264 7859 6398
f 7264 6398 5485
f 6484 6000 6463
f 6484 6463 7614
f 6000 5992 7600
f 6000 7600 6463
f 6463 7600 6777
f 6463 6777 6743
f 7614 6463 6743
f 7614 6743 6742
f 6742 6743 7048
f 6742 7048 6064
f 6743 6777 6089
f 6743 6089 7048
f 7048 6089 6411
f 7048 6411 7691
f 6064 7048 7691
f 6064 7691 7028
f 5603 7051 6293
f 5603 6293 5199
f 7051 7518 6082
f 7051 6082 6293
f 6293 6082 5992
f 6293 5992 6000
f 5199 6293 6000
f 5199 6000 6484
f 5485 6398 6222
f 5485 6222 6475
f 6398 5219 5780
f 6398 5780 6222
f 6222 5780 6703
f 6222 6703 6724
f 6475 6222 6724
f 6475 6724 6218
f 5092 5373 7006
f 5092 7006 7918
f 5373 6174 7699
f 5373 7699 7006
f 7006 7699 5995
f 7006 5995 7936
f 7918 7006 7936
f 7918 7936 5985
f 5585 5066 7396
f 5585 7396 5309
f 5066 6735 7895
f 5066 7895 7396
f 7396 7895 5452
f 7396 5452 6014
f 5309 7396 6014
f 5309 6014 5177
f 5177 6014 5813
f 5177 5813 6321
f 6014 5452 7069
f 6014 7069 5813
f 5813 7069 7709
f 5813 7709 7653
f 6321 5813 7653
f 6321 7653 7721
f 7303 5570 7174
f 7303 7174 7087
f 5570 5154 5300
f 5570 5300 7174
f 7174 5300 6735
f 7174 6735 5066
f 7087 7174 5066
f 7087 5066 5585
f 6761 6751 7929
f 6761 7929 5421
f 6764 5481 7929
f 6764 7929 6751
f 7380 5421 7929
f 7380 7929 5481
f 5376 6045 5131
f 5376 5131 7505
f 6045 6838 6477
f 6045 6477 5131
f 5131 6477 7501
f 5131 7501 6428
f 7505 5131 6428
f 7505 6428 6219
f 5821 5664 6020
f 5821 6020 6943
f 5664 6814 6627
f 5664 6627 6020
f 6020 6627 5093
f 6020 5093 7267
f 6943 6020 7267
f 6943 7267 7029
f 6101 6404 7803
f 6101 7803 6382
f 6404 6686 6874
f 6404 6874 7803
f 7803 6874 5604
f 7803 5604 5768
f 6382 7803 5768
f 6382 5768 7722
f 6761 8017 7576
f 6761 7576 5834
f 7556 7955 7576
f 7556 7576 8017
f 7275 5834 7576
f 7275 7576 7955
f 6761 6358 5473
f 6761 5473 5056
f 5482 6809 5473
f 5482 5473 6358
f 5711 5056 5473
f 5711 5473 6809
f 5711 6717 7023
f 5711 7023 5978
f 6717 7043 7727
f 6717 7727 7023
f 7023 7727 5144
f 7023 5144 6008
f 5978 7023 6008
f 5978 6008 5229
f 7586 7551 6962
f 7586 6962 6035
f 7551 5529 5634
f 7551 5634 6962
f 6962 5634 5486
f 6962 5486 7263
f 6035 6962 7263
f 6035 7263 5986
f 7845 6415 6522
f 7845 6522 6571
f 6415 6748 6778
f 6415 6778 6522
f 6522 6778 6741
f 6522 6741 7613
f 6571 6522 7613
f 6571 7613 6485
f 7044 5792 6334
f 7044 6334 6193
f 5792 5145 5074
f 5792 5074 6334
f 6334 5074 5178
f 6334 5178 5310
f 6193 6334 5310
f 6193 5310 5584
f 5482 6877 6730
f 5482 6730 6809
f 6877 6664 7621
f 6877 7621 6730
f 6730 7621 7043
f 6730 7043 6717
f 6809 6730 6717
f 6809 6717 5711
f 6865 7921 6324
f 6865 6324 7418
f 7921 7415 5911
f 7921 5911 6324
f 6324 5911 5849
f 6324 5849 5087
f 7418 6324 5087
f 7418 5087 6645
f 7275 6339 7822
f 7275 7822 7847
f 6339 7587 7550
f 6339 7550 7822
f 7822 7550 5528
f 7822 5528 7675
f 7847 7822 7675
f 7847 7675 5448
f 5529 7875 7244
f 5529 7244 5634
f 7875 5376 7505
f 7875 7505 7244
f 7244 7505 6219
f 7244 6219 6476
f 5634 7244 6476
f 5634 6476 5486
f 6748 7095 5843
f 6748 5843 6778
f 7095 5821 6943
f 7095 6943 5843
f 5843 6943 7029
f 5843 7029 6063
f 6778 5843 6063
f 6778 6063 6741
f 5145 5058 6551
f 5145 6551 5074
f 5058 6101 6382
f 5058 6382 6551
f 6551 6382 7722
f 6551 7722 6320
f 5074 6551 6320
f 5074 6320 5178
f 7556 6146 6832
f 7556 6832 7955
f 6146 6815 7123
f 6146 7123 6832
f 6832 7123 7587
f 6832 7587 6339
f 7955 6832 6339
f 7955 6339 7275
f 5037 5021 5238
f 5037 5238 6155
f 5021 5047 5463
f 5021 5463 5238
f 5238 5463 7382
f 5238 7382 6781
f 6155 5238 6781
f 6155 6781 6834
f 7380 6088 6675
f 7380 6675 5678
f 6088 5822 5663
f 6088 5663 6675
f 6675 5663 6815
f 6675 6815 6146
f 5678 6675 6146
f 5678 6146 7556
f 6814 7124 5853
f 6814 5853 6627
f 7124 7586 6035
f 7124 6035 5853
f 5853 6035 5986
f 5853 5986 7919
f 6627 5853 7919
f 6627 7919 5093
f 6686 8034 7640
f 6686 7640 6874
f 8034 7845 6571
f 8034 6571 7640
f 7640 6571 6485
f 7640 6485 5198
f 6874 7640 5198
f 6874 5198 5604
f 6664 7622 5550
f 6664 5550 7034
f 7622 7044 6193
f 7622 6193 5550
f 5550 6193 5584
f 5550 5584 7088
f 7034 5550 7088
f 7034 7088 7303
f 6764 6769 7413
f 6764 7413 5481
f 6769 6747 7096
f 6769 7096 7413
f 7413 7096 5822
f 7413 5822 6088
f 5481 7413 6088
f 5481 6088 7380
f 6028 6890 6729
f 6028 6729 6665
f 6890 7388 5643
f 6890 5643 6729
f 6729 5643 5362
f 6729 5362 5083
f 6665 6729 5083
f 6665 5083 5171
f 6747 6779 5842
f 6747 5842 7096
f 6779 6742 6064
f 6779 6064 5842
f 5842 6064 7028
f 5842 7028 6944
f 7096 5842 6944
f 7096 6944 5822
f 6761 7184 5197
f 6761 5197 5655
f 5181 6692 5197
f 5181 5197 7184
f 7978 5655 5197
f 7978 5197 6692
f 6761 8018 7538
f 6761 7538 5422
f 7555 5677 7538
f 7555 7538 8018
f 7381 5422 7538
f 7381 7538 5677
f 6761 5668 6110
f 6761 6110 7827
f 6138 5731 6110
f 6138 6110 5668
f 6302 7827 6110
f 6302 6110 5731
f 5144 5073 6550
f 5144 6550 5057
f 5073 5177 6321
f 5073 6321 6550
f 6550 6321 7721
f 6550 7721 6381
f 5057 6550 6381
f 5057 6381 6102
f 6815 6626 5852
f 6815 5852 7123
f 6626 5092 7918
f 6626 7918 5852
f 5852 7918 5985
f 5852 5985 6034
f 7123 5852 6034
f 7123 6034 7587
f 6664 7034 5551
f 6664 5551 7621
f 7034 7303 7087
f 7034 7087 5551
f 5551 7087 5585
f 5551 5585 6192
f 7621 5551 6192
f 7621 6192 7043
f 6761 6392 7982
f 6761 7982 5833
f 5447 7848 7982
f 5447 7982 6392
f 7276 5833 7982
f 7276 7982 7848
f 6761 6750 5759
f 6761 5759 5257
f 6765 5182 5759
f 6765 5759 6750
f 6245 5257 5759
f 6245 5759 5182
f 6761 7146 6418
f 6761 6418 5055
f 5228 5977 6418
f 5228 6418 7146
f 5710 5055 6418
f 5710 6418 5977
f 6761 7828 6109
f 6761 6109 5667
f 6301 5730 6109
f 6301 6109 7828
f 6139 5667 6109
f 6139 6109 5730
f 6761 5056 6417
f 6761 6417 7145
f 5711 5978 6417
f 5711 6417 5056
f 5229 7145 6417
f 5229 6417 5978
f 6761 5656 5196
f 6761 5196 7184
f 7979 6693 5196
f 7979 5196 5656
f 5181 7184 5196
f 5181 5196 6693
f 6761 5655 5984
f 6761 5984 6392
f 7978 7725 5984
f 7978 5984 5655
f 5447 6392 5984
f 5447 5984 7725
f 6761 5422 7930
f 6761 7930 6750
f 7381 5480 7930
f 7381 7930 5422
f 6765 6750 7930
f 6765 7930 5480
f 6761 7827 5700
f 6761 5700 7146
f 6302 7743 5700
f 6302 5700 7827
f 5228 7146 5700
f 5228 5700 7743
f 6761 5834 7981
f 6761 7981 6391
f 7275 7847 7981
f 7275 7981 5834
f 5448 6391 7981
f 5448 7981 7847
f 6761 6391 5983
f 6761 5983 5656
f 5448 7726 5983
f 5448 5983 6391
f 7979 5656 5983
f 7979 5983 7726
f 6687 6873 7641
f 6687 7641 8033
f 6873 5603 5199
f 6873 5199 7641
f 7641 5199 6484
f 7641 6484 6570
f 8033 7641 6570
f 8033 6570 7846
f 6761 5833 7577
f 6761 7577 8018
f 7276 7956 7577
f 7276 7577 5833
f 7555 8018 7577
f 7555 7577 7956
f 6761 5257 6152
f 6761 6152 5668
f 6245 8011 6152
f 6245 6152 5257
f 6138 5668 6152
f 6138 6152 8011
f 6761 5055 5474
f 6761 5474 6358
f 5710 6808 5474
f 5710 5474 5055
f 5482 6358 5474
f 5482 5474 6808
f 6761 5421 7539
f 6761 7539 8017
f 7380 5678 7539
f 7380 7539 5421
f 7556 8017 7539
f 7556 7539 5678
f 6761 5256 5758
f 6761 5758 6751
f 6244 5183 5758
f 6244 5758 5256
f 6764 6751 5758
f 6764 5758 5183
f 6761 7145 5699
f 6761 5699 7828
f 5229 7742 5699
f 5229 5699 7145
f 6301 7828 5699
f 6301 5699 7742
f 7978 6692 6707
f 7978 6707 6725
f 6692 5181 5520
f 6692 5520 6707
f 6707 5520 6838
f 6707 6838 6045
f 6725 6707 6045
f 6725 6045 5376
f 7381 5677 6674
f 7381 6674 6087
f 5677 7555 6147
f 5677 6147 6674
f 6674 6147 6814
f 6674 6814 5664
f 6087 6674 5664
f 6087 5664 5821
f 6302 5731 6669
f 6302 6669 7242
f 5731 6138 7541
f 5731 7541 6669
f 6669 7541 6686
f 6669 6686 6404
f 7242 6669 6404
f 7242 6404 6101
f 6761 5667 6153
f 6761 6153 5256
f 6139 8012 6153
f 6139 6153 5667
f 6244 5256 6153
f 6244 6153 8012
f 7979 6726 6706
f 7979 6706 6693
f 6726 5375 6044
f 6726 6044 6706
f 6706 6044 6838
f 6706 6838 5520
f 6693 6706 5520
f 6693 5520 5181
f 5448 7675 6489
f 5448 6489 7726
f 7675 5528 7874
f 7675 7874 6489
f 6489 7874 5375
f 6489 5375 6726
f 7726 6489 6726
f 7726 6726 7979
f 7276 7848 7821
f 7276 7821 6338
f 7848 5447 7674
f 7848 7674 7821
f 7821 7674 5529
f 7821 5529 7551
f 6338 7821 7551
f 6338 7551 7586
f 6245 5182 5104
f 6245 5104 7602
f 5182 6765 6768
f 5182 6768 5104
f 5104 6768 6748
f 5104 6748 6415
f 7602 5104 6415
f 7602 6415 7845
f 5710 5977 7022
f 5710 7022 6716
f 5977 5228 6007
f 5977 6007 7022
f 7022 6007 5145
f 7022 5145 5792
f 6716 7022 5792
f 6716 5792 7044
f 7682 5687 6212
f 7682 6212 5158
f 5687 7800 5420
f 5687 5420 6212
f 6212 5420 5595
f 6212 5595 8031
f 5158 6212 8031
f 5158 8031 7983
f 7983 8031 6554
f 7983 6554 5639
f 8031 5595 6328
f 8031 6328 6554
f 6554 6328 5047
f 6554 5047 5021
f 5639 6554 5021
f 5639 5021 5037
f 6244 7603 5103
f 6244 5103 5183
f 7603 7846 6416
f 7603 6416 5103
f 5103 6416 6747
f 5103 6747 6769
f 5183 5103 6769
f 5183 6769 6764
f 5447 7725 6488
f 5447 6488 7674
f 7725 7978 6725
f 7725 6725 6488
f 6488 6725 5376
f 6488 5376 7875
f 7674 6488 7875
f 7674 7875 5529
f 6765 5480 7414
f 6765 7414 6768
f 5480 7381 6087
f 5480 6087 7414
f 7414 6087 5821
f 7414 5821 7095
f 6768 7414 7095
f 6768 7095 6748
f 5228 7743 5838
f 5228 5838 6007
f 7743 6302 7242
f 7743 7242 5838
f 5838 7242 6101
f 5838 6101 5058
f 6007 5838 5058
f 6007 5058 5145
f 6139 7540 6827
f 6139 6827 8012
f 7540 6687 8033
f 7540 8033 6827
f 6827 8033 7846
f 6827 7846 7603
f 8012 6827 7603
f 8012 7603 6244
f 6262 8010 5465
f 6262 5465 5567
f 8010 7025 6951
f 8010 6951 5465
f 5465 6951 7388
f 5465 7388 6890
f 5567 5465 6890
f 5567 6890 6028
f 6301 7243 6668
f 6301 6668 5730
f 7243 6102 6403
f 7243 6403 6668
f 6668 6403 6687
f 6668 6687 7540
f 5730 6668 7540
f 5730 7540 6139
f 7555 7956 6833
f 7555 6833 6147
f 7956 7276 6338
f 7956 6338 6833
f 6833 6338 7586
f 6833 7586 7124
f 6147 6833 7124
f 6147 7124 6814
f 6138 8011 6826
f 6138 6826 7541
f 8011 6245 7602
f 8011 7602 6826
f 6826 7602 7845
f 6826 7845 8034
f 7541 6826 8034
f 7541 8034 6686
f 5482 6808 6731
f 5482 6731 6877
f 6808 5710 6716
f 6808 6716 6731
f 6731 6716 7044
f 6731 7044 7622
f 6877 6731 7622
f 6877 7622 6664
f 5229 6008 5839
f 5229 5839 7742
f 6008 5144 5057
f 6008 5057 5839
f 5839 5057 6102
f 5839 6102 7243
f 7742 5839 7243
f 7742 7243 6301
f 7171 7610 7618
f 7171 7618 5456
f 7610 7563 7780
f 7610 7780 7618
f 7618 7780 6413
f 7618 6413 5061
f 5456 7618 5061
f 5456 5061 6602
f 5171 5083 5418
f 5171 5418 7579
f 5083 5362 5308
f 5083 5308 5418
f 5418 5308 7262
f 5418 7262 7181
f 7579 5418 7181
f 7579 7181 7623
f 7825 6852 6058
f 7825 6058 5406
f 6852 7415 7278
f 6852 7278 6058
f 6058 7278 6413
f 6058 6413 5472
f 5406 6058 5472
f 5406 5472 5232
f 6793 6047 5146
f 6793 5146 6037
f 6047 7005 7611
f 6047 7611 5146
f 5146 7611 7382
f 5146 7382 6285
f 6037 5146 6285
f 6037 6285 6577
f 7683 5157 6213
f 7683 6213 5688
f 5157 7984 8032
f 5157 8032 6213
f 6213 8032 5596
f 6213 5596 5419
f 5688 6213 5419
f 5688 5419 7799
f 6029 6666 6728
f 6029 6728 6889
f 6666 5172 6727
f 6666 6727 6728
f 6728 6727 5363
f 6728 5363 5642
f 6889 6728 5642
f 6889 5642 7389
f 6577 6285 6429
f 6577 6429 5600
f 6285 7382 5463
f 6285 5463 6429
f 6429 5463 5047
f 6429 5047 5027
f 5600 6429 5027
f 5600 5027 5012
f 7171 5455 7617
f 7171 7617 7610
f 5455 6603 5062
f 5455 5062 7617
f 7617 5062 6414
f 7617 6414 7779
f 7610 7617 7779
f 7610 7779 7563
f 5036 6154 5239
f 5036 5239 5022
f 6154 6835 6782
f 6154 6782 5239
f 5239 6782 7383
f 5239 7383 5464
f 5022 5239 5464
f 5022 5464 5046
f 5137 5566 5466
f 5137 5466 8009
f 5566 6029 6889
f 5566 6889 5466
f 5466 6889 7389
f 5466 7389 6952
f 8009 5466 6952
f 8009 6952 7024
f 5078 6791 6657
f 5078 6657 7565
f 6791 7025 5669
f 6791 5669 6657
f 6657 5669 7005
f 6657 7005 6047
f 7565 6657 6047
f 7565 6047 6793
f 6602 5061 5060
f 6602 5060 5110
f 5061 6413 7278
f 5061 7278 5060
f 5060 7278 7415
f 5060 7415 7921
f 5110 5060 7921
f 5110 7921 6865
f 6866 7417 6325
f 6866 6325 7920
f 7417 6646 5086
f 7417 5086 6325
f 6325 5086 5848
f 6325 5848 5912
f 7920 6325 5912
f 7920 5912 7416
f 7984 5638 6555
f 7984 6555 8032
f 5638 5036 5022
f 5638 5022 6555
f 6555 5022 5046
f 6555 5046 6329
f 8032 6555 6329
f 8032 6329 5596
f 5172 7578 5417
f 5172 5417 6727
f 7578 7623 7181
f 7578 7181 5417
f 5417 7181 7262
f 5417 7262 5307
f 6727 5417 5307
f 6727 5307 5363
f 5232 5472 6672
f 5232 6672 6205
f 5472 6413 7780
f 5472 7780 6672
f 6672 7780 7563
f 6672 7563 7714
f 6205 6672 7714
f 6205 7714 7185
f 6603 5111 5059
f 6603 5059 5062
f 5111 6866 7920
f 5111 7920 5059
f 5059 7920 7416
f 5059 7416 7277
f 5062 5059 7277
f 5062 7277 6414
f 6835 6615 5592
f 6835 5592 6782
f 6615 7122 6100
f 6615 6100 5592
f 5592 6100 7004
f 5592 7004 7612
f 6782 5592 7612
f 6782 7612 7383
f 6646 5910 6345
f 6646 6345 5086
f 5910 7683 5688
f 5910 5688 6345
f 6345 5688 7799
f 6345 7799 7266
f 5086 6345 7266
f 5086 7266 5848
f 5260 6066 7183
f 5260 7183 7650
f 6066 7388 6951
f 6066 6951 7183
f 7183 6951 7025
f 7183 7025 6791
f 7650 7183 6791
f 7650 6791 5078
f 6645 5087 6344
f 6645 6344 5909
f 5087 5849 7265
f 5087 7265 6344
f 6344 7265 7800
f 6344 7800 5687
f 5909 6344 5687
f 5909 5687 7682
f 6834 6781 5591
f 6834 5591 6616
f 6781 7382 7611
f 6781 7611 5591
f 5591 7611 7005
f 5591 7005 6099
f 6616 5591 6099
f 6616 6099 7121
f 5709 6684 5106
f 5709 5106 5364
f 6684 6561 6322
f 6684 6322 5106
f 5106 6322 5363
f 5106 5363 5307
f 5364 5106 5307
f 5364 5307 7262
f 6794 6036 5147
f 6794 5147 6046
f 6036 6576 6286
f 6036 6286 5147
f 5147 6286 7383
f 5147 7383 7612
f 6046 5147 7612
f 6046 7612 7004
f 6120 5467 5123
f 6120 5123 5724
f 5467 5063 8020
f 5467 8020 5123
f 5123 8020 5848
f 5123 5848 7266
f 5724 5123 7266
f 5724 7266 7799
f 5709 5364 5105
f 5709 5105 6685
f 5364 7262 5308
f 5364 5308 5105
f 5105 5308 5362
f 5105 5362 6323
f 6685 5105 6323
f 6685 6323 6560
f 6119 5725 5122
f 6119 5122 5468
f 5725 7800 7265
f 5725 7265 5122
f 5122 7265 5849
f 5122 5849 8019
f 5468 5122 8019
f 5468 8019 5064
f 5064 8019 7609
f 5064 7609 7147
f 8019 5849 5911
f 8019 5911 7609
f 7609 5911 7415
f 7609 7415 6852
f 7147 7609 6852
f 7147 6852 7825
f 5261 7651 7182
f 5261 7182 6065
f 7651 5077 6792
f 7651 6792 7182
f 7182 6792 7024
f 7182 7024 6952
f 6065 7182 6952
f 6065 6952 7389
f 5011 6200 5354
f 5011 5354 5028
f 6200 5216 5524
f 6200 5524 5354
f 5354 5524 5596
f 5354 5596 6329
f 5028 5354 6329
f 5028 6329 5046
f 7826 5407 6057
f 7826 6057 6851
f 5407 5233 5471
f 5407 5471 6057
f 6057 5471 6414
f 6057 6414 7277
f 6851 6057 7277
f 6851 7277 7416
f 6560 6323 6854
f 6560 6854 6377
f 6323 5362 5643
f 6323 5643 6854
f 6854 5643 7388
f 6854 7388 6066
f 6377 6854 6066
f 6377 6066 5260
f 6561 6378 6853
f 6561 6853 6322
f 6378 5261 6065
f 6378 6065 6853
f 6853 6065 7389
f 6853 7389 5642
f 6322 6853 5642
f 6322 5642 5363
f 6576 5599 6430
f 6576 6430 6286
f 5599 5011 5028
f 5599 5028 6430
f 6430 5028 5046
f 6430 5046 5464
f 6286 6430 5464
f 6286 5464 7383
f 5063 7148 7608
f 5063 7608 8020
f 7148 7826 6851
f 7148 6851 7608
f 7608 6851 7416
f 7608 7416 5912
f 8020 7608 5912
f 8020 5912 5848
f 5012 5027 5353
f 5012 5353 6201
f 5027 5047 6328
f 5027 6328 5353
f 5353 6328 5595
f 5353 5595 5523
f 6201 5353 5523
f 6201 5523 5217
f 5077 7564 7965
f 5077 7965 6792
f 7564 6794 6046
f 7564 6046 7965
f 7965 6046 7004
f 7965 7004 5670
f 6792 7965 5670
f 6792 5670 7024
f 5216 5736 6635
f 5216 6635 5524
f 5736 6120 5724
f 5736 5724 6635
f 6635 5724 7799
f 6635 7799 5419
f 5524 6635 5419
f 5524 5419 5596
f 5233 6204 6673
f 5233 6673 5471
f 6204 7185 7714
f 6204 7714 6673
f 6673 7714 7563
f 6673 7563 7779
f 5471 6673 7779
f 5471 7779 6414
f 5217 5523 6634
f 5217 6634 5737
f 5523 5595 5420
f 5523 5420 6634
f 6634 5420 7800
f 6634 7800 5725
f 5737 6634 5725
f 5737 5725 6119
f 6842 7854 7852
f 6842 7852 6840
f 7854 5682 5680
f 7854 5680 7852
f 7852 5680 5684
f 7852 5684 7856
f 6840 7852 7856
f 6840 7856 6844
f 6441 5498 5496
f 6441 5496 6439
f 5498 5118 5116
f 5498 5116 5496
f 5496 5116 5120
f 5496 5120 5500
f 6439 5496 5500
f 6439 5500 6443
f 5586 7378 7091
f 5586 7091 6667
f 7378 6656 5143
f 7378 5143 7091
f 7091 5143 6561
f 7091 6561 6684
f 6667 7091 6684
f 6667 6684 5709
f 7778 6361 6240
f 7778 6240 7297
f 6361 5754 7300
f 6361 7300 6240
f 6240 7300 6576
f 6240 6576 6036
f 7297 6240 6036
f 7297 6036 6794
f 7038 5820 5899
f 7038 5899 5611
f 5820 6988 7194
f 5820 7194 5899
f 5899 7194 5063
f 5899 5063 5467
f 5611 5899 5467
f 5611 5467 6120
f 6922 6267 6543
f 6922 6543 6696
f 6267 7817 7598
f 6267 7598 6543
f 6543 7598 5077
f 6543 5077 7651
f 6696 6543 7651
f 6696 7651 5261
f 5048 7531 7794
f 5048 7794 5035
f 7531 6016 7509
f 7531 7509 7794
f 7794 7509 5216
f 7794 5216 6200
f 5035 7794 6200
f 5035 6200 5011
f 5973 6207 8028
f 5973 8028 6196
f 6207 6235 7952
f 6207 7952 8028
f 8028 7952 5233
f 8028 5233 5407
f 6196 8028 5407
f 6196 5407 7826
f 6656 6681 6784
f 6656 6784 5143
f 6681 6922 6696
f 6681 6696 6784
f 6784 6696 5261
f 6784 5261 6378
f 5143 6784 6378
f 5143 6378 6561
f 5754 5511 5298
f 5754 5298 7300
f 5511 5048 5035
f 5511 5035 5298
f 5298 5035 5011
f 5298 5011 5599
f 7300 5298 5599
f 7300 5599 6576
f 6988 6641 5245
f 6988 5245 7194
f 6641 5973 6196
f 6641 6196 5245
f 5245 6196 7826
f 5245 7826 7148
f 7194 5245 7148
f 7194 7148 5063
f 7817 5918 5837
f 7817 5837 7598
f 5918 7778 7297
f 5918 7297 5837
f 5837 7297 6794
f 5837 6794 7564
f 7598 5837 7564
f 7598 7564 5077
f 6016 5431 6651
f 6016 6651 7509
f 5431 7038 5611
f 5431 5611 6651
f 6651 5611 6120
f 6651 6120 5736
f 7509 6651 5736
f 7509 5736 5216
f 6235 7419 7719
f 6235 7719 7952
f 7419 7402 5109
f 7419 5109 7719
f 7719 5109 7185
f 7719 7185 6204
f 7952 7719 6204
f 7952 6204 5233
f 5755 6362 6241
f 5755 6241 7299
f 6362 7777 7298
f 6362 7298 6241
f 6241 7298 6793
f 6241 6793 6037
f 7299 6241 6037
f 7299 6037 6577
f 6989 5819 5898
f 6989 5898 7195
f 5819 7037 5612
f 5819 5612 5898
f 5898 5612 6119
f 5898 6119 5468
f 7195 5898 5468
f 7195 5468 5064
f 7818 6268 6542
f 7818 6542 7599
f 6268 6923 6697
f 6268 6697 6542
f 6542 6697 5260
f 6542 5260 7650
f 7599 6542 7650
f 7599 7650 5078
f 6017 7530 7793
f 6017 7793 7508
f 7530 5049 5034
f 7530 5034 7793
f 7793 5034 5012
f 7793 5012 6201
f 7508 7793 6201
f 7508 6201 5217
f 6234 6206 8027
f 6234 8027 7951
f 6206 5974 6197
f 6206 6197 8027
f 8027 6197 7825
f 8027 7825 5406
f 7951 8027 5406
f 7951 5406 5232
f 6923 6680 6783
f 6923 6783 6697
f 6680 6655 5142
f 6680 5142 6783
f 6783 5142 6560
f 6783 6560 6377
f 6697 6783 6377
f 6697 6377 5260
f 5049 5510 5297
f 5049 5297 5034
f 5510 5755 7299
f 5510 7299 5297
f 5297 7299 6577
f 5297 6577 5600
f 5034 5297 5600
f 5034 5600 5012
f 5974 6642 5244
f 5974 5244 6197
f 6642 6989 7195
f 6642 7195 5244
f 5244 7195 5064
f 5244 5064 7147
f 6197 5244 7147
f 6197 7147 7825
f 7777 5917 5836
f 7777 5836 7298
f 5917 7818 7599
f 5917 7599 5836
f 5836 7599 5078
f 5836 5078 7565
f 7298 5836 7565
f 7298 7565 6793
f 7037 5432 6652
f 7037 6652 5612
f 5432 6017 7508
f 5432 7508 6652
f 6652 7508 5217
f 6652 5217 5737
f 5612 6652 5737
f 5612 5737 6119
f 6655 7379 7092
f 6655 7092 5142
f 7379 5586 6667
f 7379 6667 7092
f 7092 6667 5709
f 7092 5709 6685
f 5142 7092 6685
f 5142 6685 6560
f 7402 7420 7720
f 7402 7720 5109
f 7420 6234 7951
f 7420 7951 7720
f 7720 7951 5232
f 7720 5232 6205
f 5109 7720 6205
f 5109 6205 7185
f 5118 7774 7772
f 5118 7772 5116
f 7774 7695 7693
f 7774 7693 7772
f 7772 7693 7697
f 7772 7697 7776
f 5116 7772 7776
f 5116 7776 5120
f 5372 5314 5312
f 5372 5312 7112
f 5314 7968 7966
f 5314 7966 5312
f 5312 7966 7970
f 5312 7970 5316
f 7112 5312 5316
f 7112 5316 7114
f 6106 5223 5221
f 6106 5221 6104
f 5223 6074 6072
f 5223 6072 5221
f 5221 6072 6076
f 5221 6076 5225
f 6104 5221 5225
f 6104 5225 6108
f 7968 6310 6308
f 7968 6308 7966
f 6310 6423 6421
f 6310 6421 6308
f 6308 6421 6425
f 6308 6425 6312
f 7966 6308 6312
f 7966 6312 7970
f 7695 6994 6992
f 7695 6992 7693
f 6994 6073 6071
f 6994 6071 6992
f 6992 6071 6075
f 6992 6075 6996
f 7693 6992 6996
f 7693 6996 7697
f 6442 8024 8022
f 6442 8022 6440
f 8024 5039 5026
f 8024 5026 8022
f 8022 5026 5045
f 8022 5045 8026
f 6440 8022 8026
f 6440 8026 6444
f 7872 7806 7804
f 7872 7804 7871
f 7806 5681 5679
f 7806 5679 7804
f 7804 5679 5683
f 7804 5683 7808
f 7871 7804 7808
f 7871 7808 7873
f 6423 6787 6785
f 6423 6785 6421
f 6787 5038 5025
f 6787 5025 6785
f 6785 5025 5044
f 6785 5044 6789
f 6421 6785 6789
f 6421 6789 6425
f 5371 5890 5888
f 5371 5888 7111
f 5890 6842 6840
f 5890 6840 5888
f 5888 6840 6844
f 5888 6844 5892
f 7111 5888 5892
f 7111 5892 7113
f 5119 5497 5495
f 5119 5495 5117
f 5497 6442 6440
f 5497 6440 5495
f 5495 6440 6444
f 5495 6444 5499
f 5117 5495 5499
f 5117 5499 5121
f 5681 7853 7851
f 5681 7851 5679
f 7853 6841 6839
f 7853 6839 7851
f 7851 6839 6843
f 7851 6843 7855
f 5679 7851 7855
f 5679 7855 5683
f 7694 7773 7771
f 7694 7771 7692
f 7773 5119 5117
f 7773 5117 7771
f 7771 5117 5121
f 7771 5121 7775
f 7692 7771 7775
f 7692 7775 7696
f 7969 5313 5311
f 7969 5311 7967
f 5313 5371 7111
f 5313 7111 5311
f 5311 7111 7113
f 5311 7113 5315
f 7967 5311 5315
f 7967 5315 7971
f 6073 5222 5220
f 6073 5220 6071
f 5222 6105 6103
f 5222 6103 5220
f 5220 6103 6107
f 5220 6107 5224
f 6071 5220 5224
f 6071 5224 6075
f 6424 6309 6307
f 6424 6307 6422
f 6309 7969 7967
f 6309 7967 6307
f 6307 7967 7971
f 6307 7971 6311
f 6422 6307 6311
f 6422 6311 6426
f 6074 6995 6993
f 6074 6993 6072
f 6995 7694 7692
f 6995 7692 6993
f 6993 7692 7696
f 6993 7696 6997
f 6072 6993 6997
f 6072 6997 6076
f 5038 8023 8021
f 5038 8021 5025
f 8023 6441 6439
f 8023 6439 8021
f 8021 6439 6443
f 8021 6443 8025
f 5025 8021 8025
f 5025 8025 5044
f 6933 5284 5282
f 6933 5282 6932
f 5284 6106 6104
f 5284 6104 5282
f 5282 6104 6108
f 5282 6108 5286
f 6932 5282 5286
f 6932 5286 6934
f 6105 5283 5281
f 6105 5281 6103
f 5283 6933 6932
f 5283 6932 5281
f 5281 6932 6934
f 5281 6934 5285
f 6103 5281 5285
f 6103 5285 6107
f 5039 6788 6786
f 5039 6786 5026
f 6788 6424 6422
f 6788 6422 6786
f 6786 6422 6426
f 6786 6426 6790
f 5026 6786 6790
f 5026 6790 5045
f 6841 5889 5887
f 6841 5887 6839
f 5889 5372 7112
f 5889 7112 5887
f 5887 7112 7114
f 5887 7114 5891
f 6839 5887 5891
f 6839 5891 6843
f 5682 7807 7805
f 5682 7805 5680
f 7807 7872 7871
f 7807 7871 7805
f 7805 7871 7873
f 7805 7873 7809
f 5680 7805 7809
f 5680 7809 5684
f 6234 7420 7143
f 6234 7143 6342
f 7420 7402 6367
f 7420 6367 7143
f 7143 6367 7872
f 7143 7872 7807
f 6342 7143 7807
f 6342 7807 5682
f 5973 6641 6243
f 5973 6243 7781
f 6641 6988 7713
f 6641 7713 6243
f 6243 7713 5372
f 6243 5372 5889
f 7781 6243 5889
f 7781 5889 6841
f 5049 7530 6876
f 5049 6876 5052
f 7530 6017 5574
f 7530 5574 6876
f 6876 5574 6424
f 6876 6424 6788
f 5052 6876 6788
f 5052 6788 5039
f 6656 7378 5757
f 6656 5757 6575
f 7378 5586 6537
f 7378 6537 5757
f 5757 6537 6933
f 5757 6933 5283
f 6575 5757 5283
f 6575 5283 6105
f 5586 7379 5756
f 5586 5756 6537
f 7379 6655 6574
f 7379 6574 5756
f 5756 6574 6106
f 5756 6106 5284
f 6537 5756 5284
f 6537 5284 6933
f 5048 5511 7931
f 5048 7931 5053
f 5511 5754 6236
f 5511 6236 7931
f 7931 6236 6441
f 7931 6441 8023
f 5053 7931 8023
f 5053 8023 5038
f 6923 6268 6649
f 6923 6649 7036
f 6268 7818 7097
f 6268 7097 6649
f 6649 7097 7694
f 6649 7694 6995
f 7036 6649 6995
f 7036 6995 6074
f 6017 5432 6225
f 6017 6225 5574
f 5432 7037 7101
f 5432 7101 6225
f 6225 7101 7969
f 6225 7969 6309
f 5574 6225 6309
f 5574 6309 6424
f 6922 6681 6512
f 6922 6512 7035
f 6681 6656 6575
f 6681 6575 6512
f 6512 6575 6105
f 6512 6105 5222
f 7035 6512 5222
f 7035 5222 6073
f 7037 5819 7824
f 7037 7824 7101
f 5819 6989 7712
f 5819 7712 7824
f 7824 7712 5371
f 7824 5371 5313
f 7101 7824 5313
f 7101 5313 7969
f 7818 5917 6983
f 7818 6983 7097
f 5917 7777 5775
f 5917 5775 6983
f 6983 5775 5119
f 6983 5119 7773
f 7097 6983 7773
f 7097 7773 7694
f 6235 6207 6379
f 6235 6379 6343
f 6207 5973 7781
f 6207 7781 6379
f 6379 7781 6841
f 6379 6841 7853
f 6343 6379 7853
f 6343 7853 5681
f 7777 6362 5582
f 7777 5582 5775
f 6362 5755 6237
f 6362 6237 5582
f 5582 6237 6442
f 5582 6442 5497
f 5775 5582 5497
f 5775 5497 5119
f 6989 6642 6242
f 6989 6242 7712
f 6642 5974 7782
f 6642 7782 6242
f 6242 7782 6842
f 6242 6842 5890
f 7712 6242 5890
f 7712 5890 5371
f 6016 7531 6875
f 6016 6875 5573
f 7531 5048 5053
f 7531 5053 6875
f 6875 5053 5038
f 6875 5038 6787
f 5573 6875 6787
f 5573 6787 6423
f 7402 7419 7144
f 7402 7144 6367
f 7419 6235 6343
f 7419 6343 7144
f 7144 6343 5681
f 7144 5681 7806
f 6367 7144 7806
f 6367 7806 7872
f 5755 5510 7932
f 5755 7932 6237
f 5510 5049 5052
f 5510 5052 7932
f 7932 5052 5039
f 7932 5039 8024
f 6237 7932 8024
f 6237 8024 6442
f 7817 6267 6650
f 7817 6650 7098
f 6267 6922 7035
f 6267 7035 6650
f 6650 7035 6073
f 6650 6073 6994
f 7098 6650 6994
f 7098 6994 7695
f 7038 5431 6224
f 7038 6224 7102
f 5431 6016 5573
f 5431 5573 6224
f 6224 5573 6423
f 6224 6423 6310
f 7102 6224 6310
f 7102 6310 7968
f 6655 6680 6513
f 6655 6513 6574
f 6680 6923 7036
f 6680 7036 6513
f 6513 7036 6074
f 6513 6074 5223
f 6574 6513 5223
f 6574 5223 6106
f 6988 5820 7823
f 6988 7823 7713
f 5820 7038 7102
f 5820 7102 7823
f 7823 7102 7968
f 7823 7968 5314
f 7713 7823 5314
f 7713 5314 5372
f 7778 5918 6982
f 7778 6982 5776
f 5918 7817 7098
f 5918 7098 6982
f 6982 7098 7695
f 6982 7695 7774
f 5776 6982 7774
f 5776 7774 5118
f 5754 6361 5581
f 5754 5581 6236
f 6361 7778 5776
f 6361 5776 5581
f 5581 5776 5118
f 5581 5118 5498
f 6236 5581 5498
f 6236 5498 6441
f 5974 6206 6380
f 5974 6380 7782
f 6206 6234 6342
f 6206 6342 6380
f 6380 6342 5682
f 6380 5682 7854
f 7782 6380 7854
f 7782 7854 6842
f 6632 6305 6419
f 6632 6419 5231
f 6305 6834 6616
f 6305 6616 6419
f 6419 6616 7121
f 6419 7121 5180
f 5231 6419 5180
f 5231 5180 6907
f 7083 5851 5729
f 7083 5729 7186
f 5851 6645 5909
f 5851 5909 5729
f 5729 5909 7682
f 5729 7682 7905
f 7186 5729 7905
f 7186 7905 7894
f 7084 7187 5728
f 7084 5728 5850
f 7187 7893 7904
f 7187 7904 5728
f 5728 7904 7683
f 5728 7683 5910
f 5850 5728 5910
f 5850 5910 6646
f 6633 5230 6420
f 6633 6420 6306
f 5230 6906 5179
f 5230 5179 6420
f 6420 5179 7122
f 6420 7122 6615
f 6306 6420 6615
f 6306 6615 6835
f 5459 7842 6631
f 5459 6631 7605
f 7842 6161 5518
f 7842 5518 6631
f 6631 5518 6866
f 6631 6866 5111
f 7605 6631 5111
f 7605 5111 6603
f 7572 7835 6862
f 7572 6862 7191
f 7835 5994 5329
f 7835 5329 6862
f 6862 5329 7623
f 6862 7623 7578
f 7191 6862 7578
f 7191 7578 5172
f 6288 5101 7877
f 6288 7877 6607
f 5101 5013 5043
f 5101 5043 7877
f 7877 5043 5036
f 7877 5036 5638
f 6607 7877 5638
f 6607 5638 7984
f 6161 7815 6797
f 6161 6797 5518
f 7815 7084 5850
f 7815 5850 6797
f 6797 5850 6646
f 6797 6646 7417
f 5518 6797 7417
f 5518 7417 6866
f 5460 7604 6630
f 5460 6630 7841
f 7604 6602 5110
f 7604 5110 6630
f 6630 5110 6865
f 6630 6865 5517
f 7841 6630 5517
f 7841 5517 6160
f 7735 5272 6117
f 7735 6117 5885
f 5272 6715 7521
f 5272 7521 6117
f 6117 7521 6029
f 6117 6029 5566
f 5885 6117 5566
f 5885 5566 5137
f 5013 6676 5203
f 5013 5203 5043
f 6676 6633 6306
f 6676 6306 5203
f 5203 6306 6835
f 5203 6835 6154
f 5043 5203 6154
f 5043 6154 5036
f 5779 6965 6043
f 5779 6043 7764
f 6965 5459 7605
f 6965 7605 6043
f 6043 7605 6603
f 6043 6603 5455
f 7764 6043 5455
f 7764 5455 7171
f 6715 6954 6290
f 6715 6290 7521
f 6954 7572 7191
f 6954 7191 6290
f 6290 7191 5172
f 6290 5172 6666
f 7521 6290 6666
f 7521 6666 6029
f 7893 7843 6445
f 7893 6445 7904
f 7843 6288 6607
f 7843 6607 6445
f 6445 6607 7984
f 6445 7984 5157
f 7904 6445 5157
f 7904 5157 7683
f 7573 7190 6861
f 7573 6861 7836
f 7190 5171 7579
f 7190 7579 6861
f 6861 7579 7623
f 6861 7623 5329
f 7836 6861 5329
f 7836 5329 5994
f 5779 7764 6042
f 5779 6042 6966
f 7764 7171 5456
f 7764 5456 6042
f 6042 5456 6602
f 6042 6602 7604
f 6966 6042 7604
f 6966 7604 5460
f 7734 5886 6118
f 7734 6118 5273
f 5886 6262 5567
f 5886 5567 6118
f 6118 5567 6028
f 6118 6028 7520
f 5273 6118 7520
f 5273 7520 6714
f 6287 6606 7876
f 6287 7876 5102
f 6606 7983 5639
f 6606 5639 7876
f 7876 5639 5037
f 7876 5037 5042
f 5102 7876 5042
f 5102 5042 5014
f 7894 7905 5361
f 7894 5361 7844
f 7905 7682 5158
f 7905 5158 5361
f 5361 5158 7983
f 5361 7983 6606
f 7844 5361 6606
f 7844 6606 6287
f 6714 7520 6289
f 6714 6289 6953
f 7520 6028 6665
f 7520 6665 6289
f 6289 6665 5171
f 6289 5171 7190
f 6953 6289 7190
f 6953 7190 7573
f 5014 5042 5202
f 5014 5202 6677
f 5042 5037 6155
f 5042 6155 5202
f 5202 6155 6834
f 5202 6834 6305
f 6677 5202 6305
f 6677 6305 6632
f 6160 5517 6798
f 6160 6798 7816
f 5517 6865 7418
f 5517 7418 6798
f 6798 7418 6645
f 6798 6645 5851
f 7816 6798 5851
f 7816 5851 7083
f 6907 5180 7173
f 6907 7173 7606
f 5180 7121 5823
f 5180 5823 7173
f 7173 5823 6262
f 7173 6262 5886
f 7606 7173 5886
f 7606 5886 7734
f 6906 7607 7172
f 6906 7172 5179
f 7607 7735 5885
f 7607 5885 7172
f 7172 5885 5137
f 7172 5137 5824
f 5179 7172 5824
f 5179 5824 7122
f 5939 5948 7214
f 5939 7214 7202
f 5940 7203 7213
f 5940 7213 5947
f 5393 5450 6659
f 5393 6659 7150
f 6470 5393 7150
f 6470 7150 7562
f 5541 6470 7562
f 5541 7562 7870
f 5051 5541 7870
f 5051 7870 5041
f 6867 7281 6712
f 6867 6712 6283
f 6283 6712 7140
f 6283 7140 5275
f 6755 6767 6941
f 6755 6941 5226
f 5226 6941 5913
f 5226 5913 5356
f 5356 5913 6618
f 5356 6618 6497
f 6497 6618 6078
f 6497 6078 6396
f 6396 6078 6538
f 6396 6538 7281
f 7281 6538 7582
f 7281 7582 6712
f 6712 7582 6447
f 6712 6447 7140
f 7140 6447 5328
f 7140 5328 6067
f 5275 7140 6067
f 5275 6067 7292
f 7959 5275 7292
f 7959 7292 5576
f 6186 7959 5576
f 6186 5576 6202
f 7021 7042 7741
f 7021 7741 6402
f 6503 6534 7220
f 6503 7220 7231
f 6534 6188 7229
f 6534 7229 7220
f 6188 7217 7207
f 6188 7207 7229
f 5095 6638 7042
f 5095 7042 7021
f 6638 7986 7770
f 6638 7770 7042
f 7042 7770 7126
f 7042 7126 7741
f 7741 7126 5187
f 7741 5187 5457
f 5457 5187 5115
f 5457 5115 5398
f 5398 5115 7649
f 5398 7649 7410
f 7410 7649 5470
f 7410 5470 7569
f 7569 5470 6936
f 7569 6936 5675
f 5675 6936 5041
f 5675 5041 5017
f 6113 7254 7065
f 6113 7065 7246
f 7254 7391 6528
f 7254 6528 7065
f 6387 6337 6971
f 6387 6971 5334
f 7079 7768 7792
f 7079 7792 5388
f 5388 7792 7061
f 5388 7061 6708
f 5041 7870 6113
f 5041 6113 5017
f 7870 7562 7254
f 7870 7254 6113
f 7562 7150 7391
f 7562 7391 7254
f 7150 6659 6387
f 7150 6387 7391
f 6659 6599 6337
f 6659 6337 6387
f 6599 7679 7079
f 6599 7079 6337
f 7679 5320 7768
f 7679 7768 7079
f 5320 6837 6282
f 5320 6282 7768
f 7768 6282 6690
f 7768 6690 7792
f 6516 7657 5079
f 6516 5079 5526
f 5526 5079 7534
f 5526 7534 7941
f 5288 5625 5942
f 5288 5942 5954
f 5625 5698 5945
f 5625 5945 5942
f 5597 6233 6858
f 5597 6858 5610
f 6233 7523 6516
f 6233 6516 6858
f 7523 5714 7657
f 7523 7657 6516
f 5714 6465 5340
f 5714 5340 7657
f 7657 5340 7238
f 7657 7238 5079
f 5079 7238 5246
f 5079 5246 7534
f 7534 5246 5708
f 7534 5708 7132
f 7132 5708 6883
f 7132 6883 5294
f 5294 6883 7750
f 5294 7750 5358
f 5358 7750 7858
f 5358 7858 6566
f 6566 7858 6767
f 6566 6767 6755
f 6901 6831 6921
f 6901 6921 5341
f 6831 6400 6621
f 6831 6621 6921
f 6400 7785 7753
f 6400 7753 6621
f 7785 7280 5453
f 7785 5453 7753
f 7280 7500 7429
f 7280 7429 5453
f 5341 6921 5162
f 5341 5162 6589
f 6921 6621 5437
f 6921 5437 5162
f 6621 7753 5991
f 6621 5991 5437
f 7753 5453 6583
f 7753 6583 5991
f 5453 7429 7477
f 5453 7477 6583
f 6589 5162 7689
f 6589 7689 6903
f 5162 5437 7100
f 5162 7100 7689
f 5437 5991 6636
f 5437 6636 7100
f 5991 6583 5380
f 5991 5380 6636
f 6583 7477 7472
f 6583 7472 5380
f 6903 7689 6945
f 6903 6945 5397
f 7689 7100 5291
f 7689 5291 6945
f 7100 6636 5979
f 7100 5979 5291
f 6636 5380 6796
f 6636 6796 5979
f 5397 6945 6002
f 5397 6002 7627
f 6945 5291 6987
f 6945 6987 6002
f 5291 5979 7165
f 5291 7165 6987
f 5979 6796 5068
f 5979 5068 7165
f 6796 7899 6979
f 6796 6979 5068
f 7627 6002 7384
f 7627 7384 5440
f 6002 6987 5277
f 6002 5277 7384
f 6987 7165 5501
f 6987 5501 5277
f 5068 6979 7756
f 5068 7756 5521
f 6979 7259 7707
f 6979 7707 7756
f 5287 5803 6901
f 5287 6901 5254
f 5803 5636 6831
f 5803 6831 6901
f 5636 7274 6400
f 5636 6400 6831
f 7274 6855 7785
f 7274 7785 6400
f 5277 5501 6908
f 5277 6908 7711
f 6281 5440 7057
f 6281 7057 6836
f 6691 7627 5440
f 6691 5440 6281
f 7594 5397 7627
f 7594 7627 6691
f 5254 6901 5341
f 5254 5341 5608
f 7020 6401 7740
f 7020 7740 7041
f 6502 7230 7219
f 6502 7219 6533
f 5676 5018 5040
f 5676 5040 6935
f 7568 5676 6935
f 7568 6935 5469
f 7409 7568 5469
f 7409 5469 7648
f 5399 7409 7648
f 5399 7648 5114
f 5458 5399 5114
f 5458 5114 5186
f 7740 5458 5186
f 7740 5186 7125
f 7041 7740 7125
f 7041 7125 7769
f 6637 7041 7769
f 6637 7769 7985
f 5096 7020 7041
f 5096 7041 6637
f 6189 7228 7206
f 6189 7206 7225
f 6533 7219 7228
f 6533 7228 6189
f 6114 7247 7066
f 6114 7066 7255
f 7255 7066 6527
f 7255 6527 7390
f 6388 5333 6972
f 6388 6972 6336
f 7080 5387 7791
f 7080 7791 7767
f 5387 6709 7062
f 5387 7062 7791
f 5040 5018 6114
f 5040 6114 7869
f 7767 7791 6691
f 7767 6691 6281
f 5319 7767 6281
f 5319 6281 6836
f 7678 7080 7767
f 7678 7767 5319
f 6598 6336 7080
f 6598 7080 7678
f 6658 6388 6336
f 6658 6336 6598
f 7149 7390 6388
f 7149 6388 6658
f 7561 7255 7390
f 7561 7390 7149
f 7869 6114 7255
f 7869 7255 7561
f 5130 5695 7001
f 5130 7001 5569
f 5569 7001 5915
f 5569 5915 7933
f 7001 5416 5748
f 7001 5748 5915
f 5416 5808 7715
f 5416 7715 5748
f 5808 5212 7071
f 5808 7071 7715
f 5212 7537 7030
f 5212 7030 7071
f 5577 7933 6052
f 5577 6052 5548
f 7933 5915 6031
f 7933 6031 6052
f 5915 5748 6409
f 5915 6409 6031
f 5748 7715 5240
f 5748 5240 6409
f 7715 7071 5150
f 7715 5150 5240
f 7071 7030 5390
f 7071 5390 5150
f 5548 6052 7680
f 5548 7680 5127
f 6052 6031 6569
f 6052 6569 7680
f 6031 6409 7116
f 6031 7116 6569
f 6409 5240 6611
f 6409 6611 7116
f 5240 5150 7881
f 5240 7881 6611
f 5150 5390 6086
f 5150 6086 7881
f 5127 7680 7168
f 5127 7168 6353
f 7680 6569 6389
f 7680 6389 7168
f 6569 7116 7900
f 6569 7900 6389
f 7116 6611 5207
f 7116 5207 7900
f 6611 7881 7739
f 6611 7739 5207
f 7881 6086 7906
f 7881 7906 7739
f 7030 7963 7545
f 7030 7545 5390
f 5390 7545 6156
f 5390 6156 6086
f 6086 6156 5926
f 6086 5926 7906
f 7906 5926 6502
f 7906 6502 6533
f 7739 7906 6533
f 7739 6533 6189
f 7900 5207 7208
f 7900 7208 7215
f 7168 6389 7196
f 7168 7196 5096
f 6353 7168 5096
f 6353 5096 6637
f 7761 6353 6637
f 7761 6637 7985
f 7552 5579 5139
f 7552 5139 7078
f 5579 5583 5739
f 5579 5739 5139
f 5583 6578 5305
f 5583 5305 5739
f 6578 7317 7330
f 6578 7330 5305
f 7078 5139 5331
f 7078 5331 6608
f 5139 5739 6660
f 5139 6660 5331
f 5739 5305 5484
f 5739 5484 6660
f 5305 7330 7367
f 5305 7367 5484
f 6608 5331 5989
f 6608 5989 6519
f 5331 6660 7924
f 5331 7924 5989
f 6660 5484 7142
f 6660 7142 7924
f 5484 7367 7316
f 5484 7316 7142
f 6519 5989 6487
f 6519 6487 5563
f 5989 7924 7082
f 5989 7082 6487
f 5563 6487 6719
f 5563 6719 7033
f 6487 7082 5185
f 6487 5185 6719
f 7033 6719 5487
f 7033 5487 5712
f 5185 6298 7107
f 5185 7107 5766
f 6502 5926 7552
f 6502 7552 6169
f 5926 6156 5579
f 5926 5579 7552
f 6156 7545 5583
f 6156 5583 5579
f 7545 7963 6578
f 7545 6578 5583
f 7963 7343 7317
f 7963 7317 6578
f 6068 5712 6123
f 6068 6123 5327
f 7291 7033 5712
f 7291 5712 6068
f 5575 5563 7033
f 5575 7033 7291
f 6203 6519 5563
f 6203 5563 5575
f 6879 6608 6519
f 6879 6519 6203
f 6083 7078 6608
f 6083 6608 6879
f 6169 7552 7078
f 6169 7078 6083
f 5578 5549 6053
f 5578 6053 7934
f 5549 5126 7681
f 5549 7681 6053
f 5126 6352 7167
f 5126 7167 7681
f 5129 5568 7000
f 5129 7000 5696
f 5568 7934 5916
f 5568 5916 7000
f 7934 6053 6030
f 7934 6030 5916
f 6053 7681 6568
f 6053 6568 6030
f 7681 7167 6390
f 7681 6390 6568
f 7000 5916 5749
f 7000 5749 5415
f 5916 6030 6410
f 5916 6410 5749
f 6030 6568 7115
f 6030 7115 6410
f 6568 6390 7901
f 6568 7901 7115
f 5415 5749 7716
f 5415 7716 5807
f 5749 6410 5241
f 5749 5241 7716
f 6410 7115 6610
f 6410 6610 5241
f 7115 7901 5206
f 7115 5206 6610
f 5807 7716 7072
f 5807 7072 5213
f 7716 5241 5151
f 7716 5151 7072
f 5241 6610 7880
f 5241 7880 5151
f 6610 5206 7738
f 6610 7738 7880
f 5213 7072 7031
f 5213 7031 7536
f 7072 5151 5389
f 7072 5389 7031
f 5151 7880 6085
f 5151 6085 5389
f 7880 7738 7907
f 7880 7907 6085
f 7760 7986 6638
f 7760 6638 6352
f 6352 6638 5095
f 6352 5095 7167
f 7167 5095 7197
f 7167 7197 6390
f 7901 7216 7209
f 7901 7209 5206
f 7738 6188 6534
f 7738 6534 7907
f 7907 6534 6503
f 7907 6503 5925
f 6085 7907 5925
f 6085 5925 6157
f 5389 6085 6157
f 5389 6157 7544
f 7031 5389 7544
f 7031 7544 7964
f 6515 5527 5080
f 6515 5080 7656
f 5527 7942 7535
f 5527 7535 5080
f 5287 5970 5962
f 5287 5962 5626
f 6567 6754 6757
f 6567 6757 7857
f 5357 6567 7857
f 5357 7857 7751
f 5293 5357 7751
f 5293 7751 6882
f 7131 5293 6882
f 7131 6882 5707
f 7535 7131 5707
f 7535 5707 5247
f 5080 7535 5247
f 5080 5247 7239
f 7656 5080 7239
f 7656 7239 5339
f 5715 7656 5339
f 5715 5339 6464
f 7522 6515 7656
f 7522 7656 5715
f 6232 6857 6515
f 6232 6515 7522
f 5598 5609 6857
f 5598 6857 6232
f 5626 5962 5946
f 5626 5946 5697
f 6868 6284 6713
f 6868 6713 7282
f 6284 5274 7139
f 6284 7139 6713
f 6187 6203 5575
f 6187 5575 7960
f 7960 5575 7291
f 7960 7291 5274
f 5274 7291 6068
f 5274 6068 7139
f 7139 6068 5327
f 7139 5327 6446
f 6713 7139 6446
f 6713 6446 7583
f 7282 6713 7583
f 7282 7583 6539
f 6395 7282 6539
f 6395 6539 6077
f 6496 6395 6077
f 6496 6077 6617
f 5355 6496 6617
f 5355 6617 5914
f 5227 5355 5914
f 5227 5914 6942
f 6754 5227 6942
f 6754 6942 6757
f 5214 6221 6033
f 5214 6033 6480
f 6221 6228 6644
f 6221 6644 6033
f 6228 5478 7745
f 6228 7745 6644
f 6480 6033 5112
f 6480 5112 6317
f 6033 6644 6459
f 6033 6459 5112
f 6644 7745 5167
f 6644 5167 6459
f 6317 5112 6885
f 6317 6885 7655
f 5112 6459 5785
f 5112 5785 6885
f 6459 5167 5269
f 6459 5269 5785
f 6885 5785 5301
f 6885 5301 7737
f 5785 5269 6249
f 5785 6249 5301
f 7737 5301 5076
f 7737 5076 6601
f 5301 6249 7784
f 5301 7784 5076
f 5076 7784 6069
f 5076 6069 6314
f 6855 7274 6221
f 6855 6221 5214
f 7274 5636 6228
f 7274 6228 6221
f 5636 5803 5478
f 5636 5478 6228
f 5803 5287 5626
f 5803 5626 5478
f 5478 5626 5697
f 5478 5697 7745
f 7745 5697 7928
f 7745 7928 5167
f 5167 7928 5598
f 5167 5598 5269
f 5269 5598 6232
f 5269 6232 6249
f 6249 6232 7522
f 6249 7522 7784
f 7784 7522 5715
f 7784 5715 6069
f 6069 5715 6464
f 6069 6464 5661
f 5215 6481 6032
f 5215 6032 6220
f 6481 6316 5113
f 6481 5113 6032
f 6316 7654 6884
f 6316 6884 5113
f 6220 6032 6643
f 6220 6643 6229
f 6032 5113 6458
f 6032 6458 6643
f 5113 6884 5784
f 5113 5784 6458
f 6884 7736 5302
f 6884 5302 5784
f 7736 6600 5075
f 7736 5075 5302
f 6229 6643 7744
f 6229 7744 5479
f 6643 6458 5168
f 6643 5168 7744
f 6458 5784 5268
f 6458 5268 5168
f 5784 5302 6248
f 5784 6248 5268
f 5302 5075 7783
f 5302 7783 6248
f 5075 6315 6070
f 5075 6070 7783
f 6070 5662 6465
f 6070 6465 5714
f 7783 6070 5714
f 7783 5714 7523
f 6248 7783 7523
f 6248 7523 6233
f 5268 6248 6233
f 5268 6233 5597
f 5168 5268 5597
f 5168 5597 7927
f 7744 5168 7927
f 7744 7927 5698
f 5479 7744 5698
f 5479 5698 5625
f 5804 5479 5625
f 5804 5625 5288
f 5635 6229 5479
f 5635 5479 5804
f 7273 6220 6229
f 7273 6229 5635
f 6856 5215 6220
f 6856 6220 7273
f 6902 5342 6920
f 6902 6920 6830
f 5342 6588 5161
f 5342 5161 6920
f 6588 6904 7688
f 6588 7688 5161
f 6904 5396 6946
f 6904 6946 7688
f 5396 7626 6001
f 5396 6001 6946
f 7626 5439 7385
f 7626 7385 6001
f 6830 6920 6622
f 6830 6622 6399
f 6920 5161 5438
f 6920 5438 6622
f 5161 7688 7099
f 5161 7099 5438
f 7688 6946 5292
f 7688 5292 7099
f 6946 6001 6986
f 6946 6986 5292
f 6001 7385 5278
f 6001 5278 6986
f 6399 6622 7752
f 6399 7752 7786
f 6622 5438 5990
f 6622 5990 7752
f 5438 7099 5525
f 5438 5525 5990
f 7099 5292 5980
f 7099 5980 5525
f 5292 6986 7166
f 5292 7166 5980
f 6986 5278 5502
f 6986 5502 7166
f 7786 7752 5454
f 7786 5454 7279
f 7752 5990 6582
f 7752 6582 5454
f 5990 5525 5379
f 5990 5379 6582
f 5525 5980 6795
f 5525 6795 5379
f 5980 7166 5067
f 5980 5067 6795
f 7279 5454 7430
f 7279 7430 7499
f 5454 6582 7476
f 5454 7476 7430
f 6582 5379 7471
f 6582 7471 7476
f 6795 5067 6978
f 6795 6978 7898
f 5067 5522 7757
f 5067 7757 6978
f 6978 7757 7706
f 6978 7706 7258
f 5288 5255 6902
f 5288 6902 5804
f 5255 5607 5342
f 5255 5342 6902
f 7595 6690 7626
f 7595 7626 5396
f 6690 6282 5439
f 6690 5439 7626
f 6282 6837 7056
f 6282 7056 5439
f 5278 7710 6909
f 5278 6909 5502
f 7273 6399 7786
f 7273 7786 6856
f 5635 6830 6399
f 5635 6399 7273
f 5804 6902 6830
f 5804 6830 5635
f 6318 7077 5138
f 6318 5138 5580
f 7077 6609 5330
f 7077 5330 5138
f 6609 6520 5988
f 6609 5988 5330
f 6520 5562 6486
f 6520 6486 5988
f 5562 7032 6718
f 5562 6718 6486
f 7032 5713 5488
f 7032 5488 6718
f 5580 5138 5738
f 5580 5738 6663
f 5138 5330 6661
f 5138 6661 5738
f 5330 5988 7923
f 5330 7923 6661
f 5988 6486 7081
f 5988 7081 7923
f 6486 6718 5184
f 6486 5184 7081
f 6663 5738 5306
f 6663 5306 6579
f 5738 6661 5483
f 5738 5483 5306
f 6661 7923 7141
f 6661 7141 5483
f 5184 5765 7108
f 5184 7108 6297
f 6579 5306 5554
f 6579 5554 7318
f 5306 5483 7368
f 5306 7368 5554
f 5483 7141 7335
f 5483 7335 7368
f 6503 6168 6318
f 6503 6318 5925
f 6168 6084 7077
f 6168 7077 6318
f 6084 6878 6609
f 6084 6609 7077
f 6878 6202 6520
f 6878 6520 6609
f 6202 5576 5562
f 6202 5562 6520
f 5576 7292 7032
f 5576 7032 5562
f 7292 6067 5713
f 7292 5713 7032
f 6067 5328 6124
f 6067 6124 5713
f 7964 6579 7318
f 7964 7318 7342
f 7544 6663 6579
f 7544 6579 7964
f 6157 5580 6663
f 6157 6663 7544
f 5925 6318 5580
f 5925 5580 6157
f 7866 6770 6757
f 7866 6757 6942
f 7633 7866 6942
f 7633 6942 5914
f 6647 7633 5914
f 6647 5914 6617
f 5259 6647 6617
f 5259 6617 6077
f 5489 5259 6077
f 5489 6077 6539
f 5689 5489 6539
f 5689 6539 7583
f 5175 6093 7239
f 5175 7239 5247
f 6532 5175 5247
f 6532 5247 5707
f 5135 6532 5707
f 5135 5707 6882
f 7162 5135 6882
f 7162 6882 7751
f 6940 7162 7751
f 6940 7751 7857
f 6770 6940 7857
f 6770 7857 6757
f 6771 6767 7858
f 6771 7858 6939
f 6939 7858 7750
f 6939 7750 7161
f 7161 7750 6883
f 7161 6883 5136
f 5136 6883 5708
f 5136 5708 6531
f 6531 5708 5246
f 6531 5246 5176
f 5176 5246 7238
f 5176 7238 6094
f 5690 7582 6538
f 5690 6538 5490
f 5490 6538 6078
f 5490 6078 5258
f 5258 6078 6618
f 5258 6618 6648
f 6648 6618 5913
f 6648 5913 7632
f 7632 5913 6941
f 7632 6941 7865
f 7865 6941 6767
f 7865 6767 6771
f 6393 6346 5114
f 6393 5114 7648
f 5324 6393 7648
f 5324 7648 5469
f 6265 5324 5469
f 6265 5469 6935
f 5050 6265 6935
f 5050 6935 5040
f 5050 5040 7869
f 5050 7869 5540
f 5540 7869 7561
f 5540 7561 6471
f 6471 7561 7149
f 6471 7149 5392
f 5392 7149 6658
f 5392 6658 5449
f 5051 5041 6936
f 5051 6936 6266
f 6266 6936 5470
f 6266 5470 5323
f 5323 5470 7649
f 5323 7649 6394
f 6394 7649 5115
f 6394 5115 6347
f 7350 5552 5212
f 7350 5212 5808
f 5378 5188 6393
f 5378 6393 5324
f 7497 7455 6480
f 7497 6480 6317
f 6238 5189 6394
f 6238 6394 6347
f 5571 7887 5332
f 5571 5332 5450
f 5189 5377 5323
f 5189 5323 6394
f 5870 5515 7679
f 5870 7679 6599
f 6597 5571 5450
f 6597 5450 5393
f 5515 5265 5320
f 5515 5320 7679
f 7987 6165 5259
f 7987 5259 5489
f 6004 7704 6612
f 6004 6612 6601
f 5572 6596 5392
f 5572 5392 5449
f 5377 7591 6266
f 5377 6266 5323
f 5516 5871 6598
f 5516 6598 7678
f 5694 7526 6531
f 5694 6531 5176
f 7465 7448 5215
f 7465 5215 6856
f 5509 7705 6003
f 5509 6003 6600
f 6863 5764 6836
f 6863 6836 7057
f 7129 5717 6446
f 7129 6446 5327
f 6012 7950 7761
f 6012 7761 7985
f 5446 5904 5130
f 5446 5130 5569
f 7949 6011 7986
f 7949 7986 7760
f 8006 6158 7161
f 8006 7161 5136
f 6164 7988 5490
f 6164 5490 5258
f 7333 7350 5808
f 7333 5808 5416
f 7445 7497 6317
f 7445 6317 7655
f 7455 7447 5214
f 7455 5214 6480
f 6596 6406 6471
f 6596 6471 5392
f 7498 7446 7654
f 7498 7654 6316
f 7058 7886 5572
f 7058 5572 5449
f 5632 7659 7866
f 5632 7866 7633
f 7138 6159 7162
f 7138 7162 6940
f 6292 6523 7769
f 6292 7769 7125
f 6060 7664 6464
f 6060 6464 5339
f 6405 6597 5393
f 6405 5393 6470
f 6159 8005 5135
f 6159 5135 7162
f 6406 7198 5540
f 6406 5540 6471
f 7759 6914 6238
f 7759 6238 6347
f 6158 7137 6939
f 6158 6939 7161
f 5631 6806 6648
f 5631 6648 7632
f 5555 7334 5415
f 5555 5415 5807
f 7665 6059 5340
f 7665 5340 6465
f 7658 5631 7632
f 7658 7632 7865
f 6805 5632 7633
f 6805 7633 6647
f 6801 7109 5903
f 6801 5903 5129
f 5867 6292 7125
f 5867 7125 5186
f 7356 5553 5213
f 7356 5213 7536
f 6291 5866 5187
f 6291 5187 7126
f 5763 6864 7056
f 5763 7056 6837
f 5552 7369 7537
f 5552 7537 5212
f 5716 7130 5328
f 5716 5328 6447
f 5264 5516 7678
f 5264 7678 5319
f 6491 7512 5549
f 6491 5549 5578
f 7590 5378 5324
f 7590 5324 6265
f 7448 7456 6481
f 7448 6481 5215
f 7447 7466 6855
f 7447 6855 5214
f 6524 6291 7126
f 6524 7126 7770
f 5903 5445 5568
f 5903 5568 5129
f 7199 6405 6470
f 7199 6470 5541
f 7527 5693 5175
f 7527 5175 6532
f 6239 6913 7758
f 6239 7758 6346
f 7456 7498 6316
f 7456 6316 6481
f 5553 5555 5807
f 5553 5807 5213
f 7513 6490 5577
f 7513 5577 5548
f 5188 6239 6346
f 5188 6346 6393
f 5904 7110 6802
f 5904 6802 5130
f 7205 7212 6084
f 7205 6084 6168
f 5762 6130 5652
f 5762 5652 6402
f 5702 7011 7178
f 5702 7178 7942
f 6698 5702 7942
f 6698 7942 5527
f 5955 5967 5607
f 5955 5607 5255
f 5954 5955 5255
f 5954 5255 5288
f 7211 7224 6169
f 7211 6169 6083
f 6956 6811 5676
f 6956 5676 7568
f 5391 6131 6546
f 5391 6546 6868
f 6780 5505 5227
f 6780 5227 6754
f 6054 7010 5701
f 6054 5701 7941
f 7026 5242 6395
f 7026 6395 6496
f 5030 6810 5675
f 5030 5675 5017
f 5652 5365 7021
f 5652 7021 6402
f 5770 6150 5358
f 5770 5358 6566
f 5506 6766 6755
f 5506 6755 5226
f 5366 5653 6401
f 5366 6401 7020
f 6708 7014 6892
f 6708 6892 5388
f 5505 6299 5355
f 5505 5355 5227
f 5701 6699 5526
f 5701 5526 7941
f 5950 5944 6589
f 5950 6589 6903
f 5966 5956 5254
f 5966 5254 5608
f 5653 6127 5761
f 5653 5761 6401
f 6545 5367 5399
f 6545 5399 5458
f 7224 7230 6502
f 7224 6502 6169
f 6891 7015 6709
f 6891 6709 5387
f 7833 7787 5293
f 7833 5293 7131
f 5967 5969 5951
f 5967 5951 5607
f 7231 7205 6168
f 7231 6168 6503
f 6810 6955 7569
f 6810 7569 5675
f 5547 6547 6867
f 5547 6867 6283
f 6955 5263 7410
f 6955 7410 7569
f 5262 6956 7568
f 5262 7568 7409
f 5243 7027 6497
f 5243 6497 6396
f 6151 5769 6567
f 6151 6567 5357
f 5956 5970 5287
f 5956 5287 5254
f 7788 7834 7132
f 7788 7132 5294
f 6811 5029 5018
f 6811 5018 5676
f 6300 5506 5226
f 6300 5226 5356
f 5943 5949 6904
f 5943 6904 6588
f 6547 6132 6474
f 6547 6474 6867
f 5952 5968 5966
f 5952 5966 5608
f 6546 5546 6284
f 6546 6284 6868
f 5368 6544 5457
f 5368 5457 5398
f 6494 7660 7765
f 6494 7765 6270
f 7660 6370 6167
f 7660 6167 7765
f 7049 5628 5411
f 7049 5411 7135
f 7135 5411 5024
f 7135 5024 5019
f 5019 5024 6370
f 5019 6370 7660
f 5530 7049 7135
f 5530 7135 5295
f 5295 7135 5019
f 5295 5019 5031
f 5031 5019 7660
f 5031 7660 6494
f 6495 6271 7766
f 6495 7766 7661
f 7661 7766 6166
f 7661 6166 6371
f 7050 7136 5412
f 7050 5412 5627
f 7136 5020 5023
f 7136 5023 5412
f 5020 7661 6371
f 5020 6371 5023
f 5531 5296 7136
f 5531 7136 7050
f 5296 5032 5020
f 5296 5020 7136
f 5032 6495 7661
f 5032 7661 5020
f 6591 6585 6869
f 6591 6869 6540
f 6585 7733 5410
f 6585 5410 6869
f 7733 5920 7943
f 7733 7943 5410
f 5920 7514 5812
f 5920 5812 7943
f 7514 5425 7018
f 7514 7018 5812
f 5425 5091 7392
f 5425 7392 7018
f 5091 7507 7176
f 5091 7176 7392
f 7392 7176 5134
f 7392 5134 7053
f 7018 7392 7053
f 7018 7053 7270
f 5812 7018 7270
f 5812 7270 5719
f 7943 5812 5719
f 7943 5719 7016
f 5410 7943 7016
f 5410 7016 6023
f 6869 5410 6023
f 6869 6023 6562
f 6540 6869 6562
f 6540 6562 6472
f 7977 6540 6472
f 7977 6472 7570
f 5428 6591 6540
f 5428 6540 7977
f 6144 6041 6969
f 6144 6969 6460
f 5936 5589 5672
f 5936 5672 5435
f 5589 6163 6091
f 5589 6091 5672
f 6163 7867 8030
f 6163 8030 6091
f 7636 5565 5691
f 7636 5691 5382
f 5565 6950 7002
f 5565 7002 5691
f 6950 5435 5359
f 6950 5359 7002
f 5435 5672 5844
f 5435 5844 5359
f 5672 6091 7676
f 5672 7676 5844
f 6091 8030 5742
f 6091 5742 7676
f 8030 7054 7542
f 8030 7542 5742
f 5742 7542 7192
f 5742 7192 6340
f 7676 5742 6340
f 7676 6340 5153
f 5844 7676 5153
f 5844 5153 5461
f 5359 5844 5461
f 5359 5461 6136
f 7002 5359 6136
f 7002 6136 5413
f 5691 7002 5413
f 5691 5413 5686
f 5382 5691 5686
f 5382 5686 5209
f 7917 5382 5209
f 7917 5209 7570
f 7059 7636 5382
f 7059 5382 7917
f 6501 7510 5594
f 6501 5594 6530
f 6365 6845 7067
f 6365 7067 7302
f 6845 7251 6586
f 6845 6586 7067
f 7067 6586 8001
f 7067 8001 7510
f 7510 8001 6369
f 7510 6369 5594
f 5594 6369 7557
f 5594 7557 6357
f 6357 7557 5201
f 6357 5201 5732
f 5732 5201 5513
f 5732 5513 5508
f 5508 5513 7237
f 5508 7237 6373
f 6373 7237 6349
f 6373 6349 5443
f 7797 6373 5443
f 7797 5443 6628
f 5321 6027 6246
f 5321 6246 7992
f 6027 7339 7344
f 6027 7344 6246
f 7992 6246 6564
f 7992 6564 6498
f 6246 7344 7360
f 6246 7360 6564
f 6498 6564 6360
f 6498 6360 5352
f 5352 6360 8015
f 5352 8015 5895
f 6360 7728 6215
f 6360 6215 8015
f 7728 7326 7357
f 7728 7357 6215
f 5895 8015 7597
f 5895 7597 6006
f 8015 6215 5629
f 8015 5629 7597
f 6215 7357 7332
f 6215 7332 5629
f 6006 7597 5665
f 6006 5665 7946
f 7597 5629 5805
f 7597 5805 5665
f 7251 6893 5321
f 7251 5321 6586
f 6893 6457 6027
f 6893 6027 5321
f 6457 7307 7339
f 6457 7339 6027
f 5805 5337 7104
f 5805 7104 6098
f 7946 5665 6461
f 7946 6461 6145
f 7237 7946 6145
f 7237 6145 6349
f 5513 6006 7946
f 5513 7946 7237
f 5201 5895 6006
f 5201 6006 5513
f 7557 5352 5895
f 7557 5895 5201
f 6369 6498 5352
f 6369 5352 7557
f 8001 7992 6498
f 8001 6498 6369
f 6586 5321 7992
f 6586 7992 8001
f 7295 6999 6981
f 7295 6981 6209
f 7188 5884 5881
f 7188 5881 7953
f 7953 5881 5878
f 7953 5878 5166
f 7571 7976 6454
f 7571 6454 5208
f 7976 5427 6272
f 7976 6272 6454
f 5427 6829 6737
f 5427 6737 6272
f 7180 5868 6871
f 7180 6871 5234
f 6341 7180 5234
f 6341 5234 7193
f 5152 5166 7180
f 5152 7180 6341
f 5462 7953 5166
f 5462 5166 5152
f 6135 7188 7953
f 6135 7953 5462
f 5414 6209 7188
f 5414 7188 6135
f 5685 7295 6209
f 5685 6209 5414
f 5208 6454 7295
f 5208 7295 5685
f 7637 5381 5692
f 7637 5692 5564
f 5564 5692 7003
f 5564 7003 6949
f 6949 7003 5360
f 6949 5360 5436
f 5935 5436 5671
f 5935 5671 5590
f 5436 5360 5845
f 5436 5845 5671
f 5590 5671 6092
f 5590 6092 6162
f 5671 5845 7677
f 5671 7677 6092
f 6162 6092 8029
f 6162 8029 7868
f 6092 7677 5743
f 6092 5743 8029
f 7060 7916 5381
f 7060 5381 7637
f 7916 7571 5208
f 7916 5208 5381
f 5381 5208 5685
f 5381 5685 5692
f 5692 5685 5414
f 5692 5414 7003
f 7003 5414 6135
f 7003 6135 5360
f 5360 6135 5462
f 5360 5462 5845
f 5845 5462 5152
f 5845 5152 7677
f 7677 5152 6341
f 7677 6341 5743
f 5743 6341 7193
f 5743 7193 7543
f 8029 5743 7543
f 8029 7543 7055
f 6535 6194 6385
f 6535 6385 6662
f 6194 6557 7559
f 6194 7559 6385
f 5783 6096 6525
f 5783 6525 6210
f 6096 7249 7915
f 6096 7915 6525
f 7193 5234 5385
f 7193 5385 6061
f 6871 5901 6194
f 6871 6194 6535
f 5901 7386 6557
f 5901 6557 6194
f 7386 5173 5783
f 7386 5783 6557
f 5173 7517 6096
f 5173 6096 5783
f 7517 5841 7249
f 7517 7249 6096
f 5322 7991 6247
f 5322 6247 6026
f 7991 6499 6565
f 7991 6565 6247
f 6499 5351 6359
f 6499 6359 6565
f 5351 7814 8016
f 5351 8016 6359
f 7814 6005 7596
f 7814 7596 8016
f 6005 7945 5666
f 6005 5666 7596
f 6026 6247 7345
f 6026 7345 7338
f 6247 6565 7359
f 6247 7359 7345
f 6359 8016 6214
f 6359 6214 7729
f 8016 7596 5630
f 8016 5630 6214
f 7596 5666 5806
f 7596 5806 5630
f 7729 6214 7358
f 7729 7358 7366
f 6214 5630 7331
f 6214 7331 7358
f 7250 6587 5322
f 7250 5322 6894
f 6587 8002 7991
f 6587 7991 5322
f 8002 6368 6499
f 8002 6499 7991
f 6368 7558 5351
f 6368 5351 6499
f 7558 5200 7814
f 7558 7814 5351
f 5200 5514 6005
f 5200 6005 7814
f 5514 7236 7945
f 5514 7945 6005
f 7236 6348 6144
f 7236 6144 7945
f 7945 6144 6460
f 7945 6460 5666
f 5806 6097 7103
f 5806 7103 5338
f 6456 6026 7338
f 6456 7338 7308
f 6894 5322 6026
f 6894 6026 6456
f 7055 7543 7628
f 7055 7628 6549
f 6333 7593 6984
f 6333 6984 5772
f 7593 7891 7411
f 7593 7411 6984
f 6960 7503 7159
f 6960 7159 6121
f 7503 5835 5704
f 7503 5704 7159
f 5835 5276 5932
f 5835 5932 5704
f 7820 6185 7593
f 7820 7593 6333
f 6185 5491 7891
f 6185 7891 7593
f 5491 6230 6960
f 5491 6960 7891
f 6230 5832 7503
f 6230 7503 6960
f 5832 6628 5835
f 5832 5835 7503
f 5443 6349 7615
f 5443 7615 5317
f 6145 6461 6970
f 6145 6970 6040
f 6990 7585 7261
f 6990 7261 6654
f 7585 7493 7449
f 7585 7449 7261
f 6654 7261 7045
f 6654 7045 7635
f 7261 7449 7436
f 7261 7436 7045
f 7256 7451 7473
f 7256 7473 7838
f 7838 7473 7441
f 7838 7441 6614
f 6614 7441 7474
f 6614 7474 5893
f 7571 7916 6990
f 7571 6990 6473
f 7916 7060 7585
f 7916 7585 6990
f 7060 7433 7493
f 7060 7493 7585
f 5902 5893 5098
f 5902 5098 5133
f 7269 6614 5893
f 7269 5893 5902
f 5718 7838 6614
f 5718 6614 7269
f 7017 7256 7838
f 7017 7838 5718
f 6022 7635 7256
f 6022 7256 7017
f 6563 6654 7635
f 6563 7635 6022
f 6473 6990 6654
f 6473 6654 6563
f 5133 5098 6732
f 5133 6732 5170
f 6453 7440 7460
f 6453 7460 7164
f 5170 6732 5788
f 5170 5788 5816
f 7296 6208 6980
f 7296 6980 6998
f 7189 7954 5880
f 7189 5880 5877
f 7954 5165 5879
f 7954 5879 5880
f 7570 5209 6455
f 7570 6455 7977
f 5209 5686 7296
f 5209 7296 6455
f 5686 5413 6208
f 5686 6208 7296
f 5413 6136 7189
f 5413 7189 6208
f 6136 5461 7954
f 6136 7954 7189
f 5461 5153 5165
f 5461 5165 7954
f 5153 6340 7179
f 5153 7179 5165
f 6340 7192 5235
f 6340 5235 7179
f 7179 5235 6872
f 7179 6872 5869
f 5428 6269 6736
f 5428 6736 6828
f 7977 6455 6269
f 7977 6269 5428
f 6536 7980 6386
f 6536 6386 6195
f 6195 6386 7560
f 6195 7560 6556
f 5782 6211 6526
f 5782 6526 6095
f 6095 6526 7914
f 6095 7914 7248
f 7192 6062 5386
f 7192 5386 5235
f 7516 6095 7248
f 7516 7248 5840
f 5174 5782 6095
f 5174 6095 7516
f 7387 6556 5782
f 7387 5782 5174
f 5900 6195 6556
f 5900 6556 7387
f 6872 6536 6195
f 6872 6195 5900
f 6976 5204 5210
f 6976 5210 7940
f 7940 5210 5923
f 7940 5923 5266
f 5210 6670 7850
f 5210 7850 5923
f 5266 5923 5817
f 5266 5817 5747
f 5923 7850 5786
f 5923 5786 5817
f 5747 5817 7293
f 5747 7293 7862
f 5817 5786 5543
f 5817 5543 7293
f 7862 7293 5251
f 7862 5251 6493
f 7293 5543 7646
f 7293 7646 5251
f 6493 5251 5605
f 6493 5605 6226
f 7251 6845 6976
f 7251 6976 7040
f 6845 6365 5204
f 6845 5204 6976
f 6365 7989 5873
f 6365 5873 5204
f 6226 5605 6190
f 6226 6190 6375
f 7762 6226 6375
f 7762 6375 5544
f 7553 6493 6226
f 7553 6226 7762
f 6055 7862 6493
f 6055 6493 7553
f 7796 5747 7862
f 7796 7862 6055
f 7638 5266 5747
f 7638 5747 7796
f 6958 7940 5266
f 6958 5266 7638
f 7040 6976 7940
f 7040 7940 6958
f 8014 6350 5658
f 8014 5658 7961
f 7961 5658 5303
f 7961 5303 7718
f 5658 5753 5751
f 5658 5751 5303
f 5753 6384 7240
f 5753 7240 5751
f 7718 5303 6217
f 7718 6217 7754
f 5751 7240 7685
f 5751 7685 7423
f 7240 7290 6812
f 7240 6812 7685
f 7290 5810 5705
f 7290 5705 6812
f 5810 6804 7085
f 5810 7085 5705
f 7423 7685 5082
f 7423 5082 5403
f 6812 5705 7724
f 6812 7724 6149
f 5705 7085 5673
f 5705 5673 7724
f 5544 6375 8014
f 5544 8014 6605
f 6375 6190 6350
f 6375 6350 8014
f 6804 6749 6775
f 6804 6775 7085
f 6605 8014 7961
f 6605 7961 5922
f 6590 6541 6870
f 6590 6870 6584
f 6584 6870 5409
f 6584 5409 7732
f 7732 5409 7944
f 7732 7944 5919
f 5919 7944 5811
f 5919 5811 7515
f 7515 5811 7019
f 7515 7019 5426
f 5426 7019 7393
f 5426 7393 5090
f 5427 7976 6541
f 5427 6541 6590
f 7976 7571 6473
f 7976 6473 6541
f 6541 6473 6563
f 6541 6563 6870
f 6870 6563 6022
f 6870 6022 5409
f 5409 6022 7017
f 5409 7017 7944
f 7944 7017 5718
f 7944 5718 5811
f 5811 5718 7269
f 5811 7269 7019
f 7019 7269 5902
f 7019 5902 7393
f 7393 5902 5133
f 7393 5133 7177
f 5090 7393 7177
f 5090 7177 7506
f 5441 6800 5726
f 5441 5726 6141
f 5401 6019 7938
f 5401 7938 7580
f 6019 6141 6483
f 6019 6483 7938
f 6141 5726 7094
f 6141 7094 6483
f 8008 7863 6079
f 8008 6079 7730
f 7863 7529 8003
f 7863 8003 6079
f 7529 7580 7120
f 7529 7120 8003
f 7580 7938 7374
f 7580 7374 7120
f 6483 7094 7063
f 6483 7063 5587
f 7730 6079 7090
f 7730 7090 6115
f 6079 8003 5641
f 6079 5641 7090
f 7120 7374 5290
f 7120 5290 6711
f 7374 6886 5795
f 7374 5795 5290
f 7506 7177 6800
f 7506 6800 5441
f 7177 5133 5170
f 7177 5170 6800
f 6800 5170 5816
f 6800 5816 5726
f 7094 6517 6818
f 7094 6818 7063
f 6749 8008 7730
f 6749 7730 6775
f 7054 6548 7629
f 7054 7629 7542
f 7235 7810 5125
f 7235 5125 6327
f 6327 5125 7158
f 6327 7158 6466
f 6457 6893 7810
f 6457 7810 7235
f 6893 7251 7040
f 6893 7040 7810
f 7810 7040 6958
f 7810 6958 5125
f 5125 6958 7638
f 5125 7638 7158
f 7158 7638 7796
f 7158 7796 7566
f 7566 7796 6055
f 7566 6055 6963
f 6963 6055 7553
f 6963 7553 5160
f 5160 7553 7762
f 5160 7762 5847
f 5847 7762 5544
f 5847 5544 6689
f 6689 5544 6605
f 6689 6605 6704
f 6704 6605 5922
f 6704 5922 7878
f 6332 5771 6985
f 6332 6985 7592
f 7592 6985 7412
f 7592 7412 7892
f 6959 6122 7160
f 6959 7160 7502
f 7502 7160 5703
f 7502 5703 6977
f 6977 5703 5931
f 6977 5931 6376
f 5444 5318 7616
f 5444 7616 6348
f 5831 7502 6977
f 5831 6977 6629
f 6231 6959 7502
f 6231 7502 5831
f 5492 7892 6959
f 5492 6959 6231
f 6184 7592 7892
f 6184 7892 5492
f 7819 6332 7592
f 7819 7592 6184
f 6500 6529 5593
f 6500 5593 7511
f 7798 6629 5444
f 7798 5444 6372
f 6372 5444 6348
f 6372 6348 7236
f 5507 6372 7236
f 5507 7236 5514
f 5733 5507 5514
f 5733 5514 5200
f 6356 5733 5200
f 6356 5200 7558
f 5593 6356 7558
f 5593 7558 6368
f 7511 5593 6368
f 7511 6368 8002
f 7068 7511 8002
f 7068 8002 6587
f 6846 7068 6587
f 6846 6587 7250
f 6366 7301 7068
f 6366 7068 6846
f 6991 6653 7260
f 6991 7260 7584
f 6653 7634 7046
f 6653 7046 7260
f 7257 7837 7485
f 7257 7485 7452
f 7837 6613 7442
f 7837 7442 7485
f 6613 5894 7475
f 6613 7475 7442
f 7584 7260 7450
f 7584 7450 7492
f 7260 7046 7435
f 7260 7435 7450
f 7570 6472 6991
f 7570 6991 7917
f 6472 6562 6653
f 6472 6653 6991
f 6562 6023 7634
f 6562 7634 6653
f 6023 7016 7257
f 6023 7257 7634
f 7016 5719 7837
f 7016 7837 7257
f 5719 7270 6613
f 5719 6613 7837
f 7270 7053 5894
f 7270 5894 6613
f 7053 5134 5097
f 7053 5097 5894
f 7059 7584 7492
f 7059 7492 7434
f 7917 6991 7584
f 7917 7584 7059
f 7234 6326 5124
f 7234 5124 7811
f 6326 6467 7157
f 6326 7157 5124
f 5846 6688 5545
f 5846 5545 7763
f 5159 5846 7763
f 5159 7763 7554
f 6964 5159 7554
f 6964 7554 6056
f 7567 6964 6056
f 7567 6056 7795
f 7157 7567 7795
f 7157 7795 7639
f 5124 7157 7639
f 5124 7639 6957
f 7811 5124 6957
f 7811 6957 7039
f 6894 7811 7039
f 6894 7039 7250
f 6456 7234 7811
f 6456 7811 6894
f 6975 7939 5211
f 6975 5211 5205
f 7939 5267 5924
f 7939 5924 5211
f 5267 5746 5818
f 5267 5818 5924
f 5746 7861 7294
f 5746 7294 5818
f 7861 6492 5250
f 7861 5250 7294
f 6492 6227 5606
f 6492 5606 5250
f 5211 5924 7849
f 5211 7849 6671
f 5924 5818 5787
f 5924 5787 7849
f 5818 7294 5542
f 5818 5542 5787
f 7294 5250 7647
f 7294 7647 5542
f 7250 7039 6975
f 7250 6975 6846
f 7039 6957 7939
f 7039 7939 6975
f 6957 7639 5267
f 6957 5267 7939
f 7639 7795 5746
f 7639 5746 5267
f 7795 6056 7861
f 7795 7861 5746
f 6056 7554 6492
f 6056 6492 7861
f 7554 7763 6227
f 7554 6227 6492
f 7763 5545 6374
f 7763 6374 6227
f 6227 6374 6191
f 6227 6191 5606
f 6366 5205 5872
f 6366 5872 7990
f 6846 6975 5205
f 6846 5205 6366
f 6705 7879 5921
f 6705 5921 6604
f 6688 6705 6604
f 6688 6604 5545
f 8007 7731 6080
f 8007 6080 7864
f 7731 6116 7089
f 7731 7089 6080
f 7864 6080 8004
f 7864 8004 7528
f 6080 7089 5640
f 6080 5640 8004
f 7528 8004 7119
f 7528 7119 7581
f 5400 7581 7937
f 5400 7937 6018
f 7581 7119 7375
f 7581 7375 7937
f 7119 6710 5289
f 7119 5289 7375
f 6018 7937 6482
f 6018 6482 6140
f 7375 5289 5796
f 7375 5796 5760
f 5442 6140 5727
f 5442 5727 6799
f 6140 6482 7093
f 6140 7093 5727
f 6482 5588 7064
f 6482 7064 7093
f 6760 6774 7731
f 6760 7731 8007
f 7093 7064 6819
f 7093 6819 6518
f 6799 5727 5815
f 6799 5815 5169
f 7176 6799 5169
f 7176 5169 5134
f 7507 5442 6799
f 7507 6799 7176
f 8013 7962 5657
f 8013 5657 6351
f 7962 7717 5304
f 7962 5304 5657
f 7717 7755 6216
f 7717 6216 5304
f 5657 5304 5750
f 5657 5750 5752
f 5752 5750 7241
f 5752 7241 6383
f 5750 7424 7684
f 5750 7684 7241
f 7424 5402 5081
f 7424 5081 7684
f 7241 7684 6813
f 7241 6813 7289
f 7289 6813 5706
f 7289 5706 5809
f 6813 6148 7723
f 6813 7723 5706
f 5809 5706 7086
f 5809 7086 6803
f 5706 7723 5674
f 5706 5674 7086
f 5545 6604 8013
f 5545 8013 6374
f 6604 5921 7962
f 6604 7962 8013
f 6803 7086 6774
f 6803 6774 6760
f 6374 8013 6351
f 6374 6351 6191
f 5134 5169 6733
f 5134 6733 5097
f 5169 5815 5789
f 5169 5789 6733
f 6452 7163 7461
f 6452 7461 7439
f 7364 7323 6326
f 7364 6326 7234
f 7631 7336 7312
f 7631 7312 5336
f 6451 7701 7588
f 6451 7588 7867
f 7354 7346 6963
f 7354 6963 5160
f 7483 7496 5935
f 7483 5935 5590
f 7487 7470 5564
f 7487 5564 6949
f 7589 7700 6450
f 7589 6450 7868
f 7325 7347 6964
f 7325 6964 7567
f 7365 7307 6457
f 7365 6457 7235
f 7355 7349 5846
f 7355 5846 5159
f 7438 7433 7060
f 7438 7060 7637
f 7323 7309 6467
f 7323 6467 6326
f 7484 7457 6163
f 7484 6163 5589
f 7495 7484 5589
f 7495 5589 5936
f 7322 7365 7235
f 7322 7235 6327
f 7458 7483 5590
f 7458 5590 6162
f 5408 5799 7980
f 5408 7980 6536
f 7346 7324 7566
f 7346 7566 6963
f 7754 7993 5270
f 7754 5270 7718
f 7434 7437 7636
f 7434 7636 7059
f 7311 7337 7630
f 7311 7630 5335
f 7469 7486 6950
f 7469 6950 5565
f 7310 7322 6327
f 7310 6327 6466
f 7437 7469 5565
f 7437 5565 7636
f 5271 7994 7755
f 5271 7755 7717
f 6662 5800 6514
f 6662 6514 6535
f 7308 7364 7234
f 7308 7234 6456
f 7347 7355 5159
f 7347 5159 6964
f 5403 5927 6015
f 5403 6015 7423
f 7922 5928 5402
f 7922 5402 7424
f 7470 7438 7637
f 7470 7637 5564
f 7348 7354 5160
f 7348 5160 5847
f 5433 7948 6184
f 5433 6184 5492
f 5249 5740 7517
f 5249 7517 5173
f 7075 7076 6250
f 7075 6250 6251
f 5863 5858 5733
f 5863 5733 6356
f 5859 5862 6357
f 5859 6357 5732
f 5741 5248 5174
f 5741 5174 7516
f 5559 5558 7749
f 5559 7749 7748
f 7073 7074 5860
f 7073 5860 5861
f 5856 5859 5732
f 5856 5732 5508
f 5858 5857 5507
f 5858 5507 5733
f 5883 5882 7747
f 5883 7747 7746
f 7947 5434 5491
f 7947 5491 6185
f 7272 7903 6881
f 7272 6881 6938
f 6679 5141 6501
f 6679 6501 5825
f 6816 6639 6998
f 6816 6998 7840
f 7151 6264 7515
f 7151 7515 5426
f 5156 7625 6804
f 5156 6804 5810
f 5981 6948 7732
f 5981 7732 5919
f 6264 5981 5919
f 6264 5919 7515
f 5140 6678 5826
f 5140 5826 6500
f 6678 7902 6880
f 6678 6880 5826
f 5108 6947 7733
f 5108 7733 6585
f 7902 7271 6937
f 7902 6937 6880
f 5982 6263 7514
f 5982 7514 5920
f 7548 5778 7925
f 7548 7925 6580
f 6817 5777 7926
f 6817 7926 7839
f 5865 6829 5427
f 5865 5427 6590
f 6619 7169 8007
f 6619 8007 7864
f 7624 5155 5809
f 7624 5809 6803
f 6828 5864 6591
f 6828 6591 5428
f 6263 7152 5425
f 6263 5425 7514
f 7903 6679 5825
f 7903 5825 6881
f 6137 7989 6365
f 6137 6365 7302
f 6640 6817 7839
f 6640 7839 6999
f 7990 5054 7301
f 7990 7301 6366
f 6948 5107 6584
f 6948 6584 7732
f 6947 5982 5920
f 6947 5920 7733
f 5778 6816 7840
f 5778 7840 7925
f 7170 6620 7863
f 7170 7863 8008
f 5777 7549 6581
f 5777 6581 7926
f 6930 6260 6511
f 6260 6930 6126
f 6260 6126 7009
f 7009 6126 5650
f 7009 5650 7672
f 7672 5650 7222
f 7672 7222 5960
f 5960 7222 7214
f 5960 7214 5948
f 7221 5939 7202
f 5939 7221 5957
f 5957 7221 5644
f 5957 5644 7666
f 7666 5644 6128
f 7666 6128 7012
f 7012 6128 6929
f 7012 6929 6259
f 6259 6929 6508
f 6261 6931 6510
f 6931 6261 7008
f 6931 7008 6125
f 6125 7008 7673
f 6125 7673 5651
f 5651 7673 5961
f 5651 5961 7223
f 7223 5961 5947
f 7223 5947 7213
f 5941 7203 5940
f 7203 5941 7204
f 7204 5941 7667
f 7204 7667 5645
f 5645 7667 7013
f 5645 7013 6129
f 6129 7013 6258
f 6129 6258 6928
f 6928 6258 6509
f 5870 5450 5332
f 5450 5870 6659
f 6659 5870 6599
f 5457 6402 7741
f 6402 5457 6544
f 6402 6544 5762
f 7021 7197 5095
f 7197 7021 5647
f 5647 7021 5365
f 7197 5647 5163
f 5334 7391 6387
f 7391 5334 6255
f 7391 6255 6528
f 5388 6337 7079
f 6337 5388 6971
f 6971 5388 6892
f 7595 7792 6690
f 7792 7595 7671
f 7792 7671 7061
f 7671 7595 6887
f 7246 5017 6113
f 5017 7246 6506
f 5030 5017 6506
f 6858 7813 5610
f 7813 6858 7669
f 7669 6858 6899
f 6516 6899 6858
f 6899 6516 6699
f 6699 6516 5526
f 7534 6054 7941
f 6054 7534 7834
f 7834 7534 7132
f 7927 5945 5698
f 5945 7927 5963
f 5963 7927 5971
f 5597 5971 7927
f 5971 5597 5959
f 5959 5597 7286
f 7286 5597 5610
f 6796 7478 7899
f 7478 6796 5380
f 7478 5380 7472
f 6979 7482 7259
f 7482 6979 7899
f 7482 7899 7468
f 5501 5347 7532
f 5347 5501 7165
f 5347 7165 5521
f 5521 7165 5068
f 7785 7491 7280
f 7491 7785 6855
f 7491 6855 7466
f 7384 6821 5896
f 6821 7384 7711
f 7711 7384 5277
f 7057 5896 5190
f 5896 7057 5440
f 5896 5440 7384
f 5944 5341 6589
f 5341 5944 5952
f 5341 5952 5608
f 6401 5458 7740
f 5458 6401 6545
f 6545 6401 5761
f 7196 7020 5096
f 7020 7196 5646
f 7020 5646 5366
f 5646 7196 5164
f 7390 5333 6388
f 5333 7390 6254
f 6254 7390 6527
f 6336 5387 7080
f 5387 6336 6972
f 5387 6972 6891
f 5029 6507 5018
f 5018 7247 6114
f 7247 5018 6507
f 7791 7594 6691
f 7594 7791 7670
f 7670 7791 7062
f 7594 7670 6888
f 7319 7001 5695
f 7001 7319 5416
f 5416 7319 7333
f 5557 7030 7537
f 7030 5557 7963
f 7963 5557 7343
f 7739 7208 5207
f 7208 7739 7225
f 7225 7739 6189
f 7900 7196 6389
f 7196 7900 6479
f 6479 7900 7200
f 7200 7900 7215
f 7361 7924 7142
f 7924 7361 7082
f 7082 7361 7328
f 7341 7082 7328
f 7082 7341 5185
f 5185 7341 6298
f 5766 6719 5185
f 6719 5766 5487
f 5487 5766 7118
f 5325 5712 5487
f 5712 5325 6123
f 6123 5325 6433
f 6123 6433 5975
f 7000 7320 5696
f 7320 7000 5415
f 7320 5415 7334
f 7197 7901 6390
f 7901 7197 6478
f 7901 6478 7201
f 7901 7201 7216
f 7209 7738 5206
f 7738 7209 7217
f 7738 7217 6188
f 7031 7363 7536
f 7363 7031 7964
f 7363 7964 7342
f 7668 5609 7812
f 5609 7668 6857
f 6857 7668 6900
f 6698 6857 6900
f 6857 6698 6515
f 6515 6698 5527
f 7833 7942 7178
f 7942 7833 7535
f 7535 7833 7131
f 5958 7928 5972
f 7928 5958 5598
f 5598 5958 7285
f 5598 7285 5609
f 5953 5697 5946
f 5697 5953 7928
f 7928 5953 5972
f 7737 7655 6885
f 7655 7737 7488
f 7488 7737 7454
f 6314 6601 5076
f 6601 6314 6004
f 6004 6314 7687
f 5661 6314 6069
f 6314 5661 6468
f 6468 5661 5345
f 5345 5661 5790
f 7489 6884 7654
f 6884 7489 7736
f 7736 7489 7453
f 6003 5075 6600
f 5075 6003 6315
f 6315 6003 7686
f 6469 6070 6315
f 6070 6469 5662
f 5662 6469 5346
f 5662 5346 5791
f 5348 5502 7533
f 5502 5348 7166
f 7166 5348 5522
f 7166 5522 5067
f 7459 6795 7898
f 6795 7459 5379
f 5379 7459 7471
f 7481 6978 7258
f 6978 7481 7898
f 7898 7481 7467
f 5342 5943 6588
f 5943 5342 5951
f 5951 5342 5607
f 5897 7056 5191
f 7056 5897 5439
f 5439 5897 7385
f 6820 7385 5897
f 7385 6820 7710
f 7385 7710 5278
f 7490 7786 7279
f 7786 7490 6856
f 6856 7490 7465
f 5488 5184 6718
f 5184 5488 5765
f 5765 5488 7117
f 7081 7141 7923
f 7141 7081 7362
f 7362 7081 7327
f 5184 7327 7081
f 7327 5184 7340
f 7340 5184 6297
f 6124 5488 5713
f 5488 6124 5326
f 5326 6124 6434
f 6434 6124 5976
f 7239 6060 5339
f 6060 7239 6093
f 6060 6093 7133
f 6059 7238 5340
f 7238 6059 6094
f 6094 6059 7134
f 5867 6346 7758
f 6346 5867 5114
f 5114 5867 5186
f 5449 5871 7058
f 5871 5449 6658
f 5871 6658 6598
f 6347 5866 7759
f 5866 6347 5115
f 5866 5115 5187
f 5015 5613 5614
f 5613 5015 5016
f 5016 5015 6177
f 5016 6177 6176
f 5328 7407 6124
f 7407 5328 7130
f 7407 7130 7997
f 7711 6820 6821
f 6820 7711 6908
f 6820 6908 7532
f 6820 7532 5347
f 6820 5347 5348
f 6820 5348 7533
f 6820 7533 6909
f 6820 6909 7710
f 6436 5446 6435
f 5446 6436 5904
f 5904 6436 7110
f 7110 6436 7109
f 7109 6436 5903
f 5903 6436 5445
f 6011 5934 5933
f 5934 6011 6012
f 6012 6011 7949
f 6012 7949 7950
f 7950 7949 6595
f 7950 6595 6594
f 6594 6595 5383
f 5383 6595 5384
f 5383 5384 7995
f 5383 7995 7996
f 6298 7108 7107
f 7108 6298 7341
f 7108 7341 6297
f 6297 7341 7340
f 5050 5613 5016
f 5613 5050 7198
f 7198 5050 5540
f 7590 5016 6176
f 5016 7590 5050
f 5050 7590 6265
f 6165 6647 5259
f 6647 6165 6805
f 6805 6165 6912
f 7462 7454 7463
f 7454 7462 7488
f 7488 7462 7445
f 7445 7462 7497
f 7497 7462 7455
f 7455 7462 7447
f 7447 7462 7466
f 7466 7462 7491
f 7491 7462 7500
f 7500 7462 7429
f 7429 7462 7477
f 7477 7462 7472
f 7472 7462 7478
f 7478 7462 7468
f 7468 7462 7482
f 7482 7462 7453
f 7482 7453 7446
f 7482 7446 7498
f 7482 7498 7456
f 7482 7456 7448
f 7482 7448 7465
f 7482 7465 7499
f 7482 7499 7430
f 7482 7430 7476
f 7482 7476 7471
f 7482 7471 7467
f 7482 7467 7481
f 7467 7471 7459
f 7499 7465 7490
f 7446 7453 7489
f 7995 7513 7996
f 7513 7995 6490
f 6490 7995 6009
f 6009 7995 6435
f 6435 7995 6436
f 6436 7995 6010
f 6010 7995 6491
f 6491 7995 7512
f 7328 7340 7341
f 7340 7328 7361
f 7340 7361 7316
f 7340 7316 7367
f 7340 7367 7330
f 7340 7330 7317
f 7340 7317 7343
f 7340 7343 5557
f 7340 5557 7369
f 7340 7369 5552
f 7340 5552 7350
f 7340 7350 7333
f 7340 7333 7319
f 7340 7319 7314
f 7340 7314 7353
f 7340 7353 7327
f 7327 7353 7335
f 7335 7353 7368
f 7368 7353 5554
f 5554 7353 7318
f 7318 7353 7342
f 7342 7353 7356
f 7356 7353 5553
f 5553 7353 5555
f 5555 7353 7334
f 7334 7353 7315
f 7315 7353 5556
f 7334 7315 7320
f 7342 7356 7363
f 7327 7335 7362
f 6165 6911 6912
f 6911 6165 6164
f 6164 6165 7987
f 6164 7987 7988
f 7988 7987 5930
f 7988 5930 5929
f 7394 6465 5662
f 6465 7394 7665
f 7665 7394 6822
f 5383 7761 6594
f 7761 5383 6353
f 6353 5383 5127
f 5897 6821 6820
f 6821 5897 5896
f 5896 5897 5191
f 5896 5191 5190
f 5190 5191 6864
f 5190 6864 6863
f 6863 6864 5763
f 6863 5763 5764
f 5764 5763 5801
f 5764 5801 5802
f 5129 5556 6801
f 5556 5129 5696
f 5556 5696 7315
f 6823 7665 6822
f 7665 6823 7664
f 7665 7664 6059
f 6059 7664 6060
f 6059 6060 7134
f 7134 6060 7133
f 7134 7133 5237
f 5237 7133 5236
f 5237 5236 5798
f 5237 5798 5797
f 7137 6771 6939
f 6771 7137 6745
f 6745 7137 5615
f 7408 7997 7998
f 7997 7408 5975
f 7997 5975 6433
f 7997 6433 6434
f 7997 6434 5976
f 7997 5976 7407
f 6601 7454 7737
f 7454 6601 7463
f 7463 6601 6612
f 8005 6532 5135
f 6532 8005 7527
f 7527 8005 7885
f 5934 7769 6523
f 7769 5934 6012
f 7769 6012 7985
f 6177 7590 6176
f 7590 6177 7591
f 7590 7591 5378
f 5378 7591 5377
f 5378 5377 5189
f 5378 5189 5188
f 5188 5189 6239
f 6239 5189 6238
f 6239 6238 6914
f 6239 6914 6913
f 7705 6612 7704
f 6612 7705 7463
f 7463 7705 5509
f 7463 5509 7462
f 7408 5327 6123
f 5327 7408 7129
f 7129 7408 7998
f 5521 5348 5347
f 5348 5521 7756
f 5348 7756 7707
f 5348 7707 7706
f 5348 7706 7757
f 5348 7757 5522
f 5801 5320 5265
f 5320 5801 5763
f 5320 5763 6837
f 5346 6468 5345
f 6468 5346 7687
f 7687 5346 6004
f 6004 5346 7704
f 7704 5346 7705
f 7705 5346 6003
f 6003 5346 7686
f 7686 5346 6469
f 7988 5690 5490
f 5690 7988 6559
f 6559 7988 5929
f 5237 5176 6094
f 5176 5237 5694
f 5694 5237 5797
f 7770 5933 6524
f 5933 7770 6011
f 6011 7770 7986
f 7481 7259 7482
f 7259 7481 7707
f 7707 7481 7258
f 7707 7258 7706
f 5051 6177 5015
f 6177 5051 7591
f 7591 5051 6266
f 5571 7886 7887
f 7886 5571 5572
f 5572 5571 6597
f 5572 6597 6596
f 6596 6597 6406
f 6406 6597 6405
f 6406 6405 7199
f 6406 7199 7198
f 7198 7199 5614
f 7198 5614 5613
f 5578 6436 6010
f 6436 5578 7934
f 6436 7934 5445
f 5445 7934 5568
f 5717 7583 6446
f 7583 5717 5689
f 5689 5717 7662
f 5319 5802 5264
f 5802 5319 5764
f 5764 5319 6836
f 6435 5577 6009
f 5577 6435 7933
f 7933 6435 5446
f 7933 5446 5569
f 7664 5661 6464
f 5661 7664 7395
f 7395 7664 6823
f 8005 7884 7885
f 7884 8005 8006
f 8006 8005 6159
f 8006 6159 6158
f 6158 6159 7138
f 6158 7138 7137
f 7137 7138 5616
f 7137 5616 5615
f 6746 5615 5616
f 5615 6746 6745
f 6745 6746 6179
f 6745 6179 6178
f 5265 5802 5801
f 5802 5265 5264
f 5264 5265 5515
f 5264 5515 5516
f 5516 5515 5870
f 5516 5870 5871
f 5871 5870 7058
f 7058 5870 5332
f 7058 5332 7886
f 7886 5332 7887
f 6806 5258 6648
f 5258 6806 6164
f 6164 6806 6911
f 5693 5797 5798
f 5797 5693 5694
f 5694 5693 7526
f 7526 5693 7527
f 7526 7527 7884
f 7884 7527 7885
f 7659 6770 7866
f 6770 7659 6746
f 6746 7659 6179
f 6822 7395 6823
f 7395 6822 5790
f 5790 6822 5345
f 5345 6822 5346
f 5346 6822 5791
f 5791 6822 7394
f 7462 7736 7453
f 7736 7462 6600
f 6600 7462 5509
f 7659 6178 6179
f 6178 7659 7658
f 7658 7659 5632
f 7658 5632 5631
f 5631 5632 6805
f 5631 6805 6806
f 6806 6805 6912
f 6806 6912 6911
f 5690 6447 7582
f 6447 5690 5716
f 5716 5690 7663
f 5126 7995 5384
f 7995 5126 7512
f 7512 5126 5549
f 7199 5015 5614
f 5015 7199 5051
f 5051 7199 5541
f 6745 7865 6771
f 7865 6745 7658
f 7658 6745 6178
f 6558 5929 5930
f 5929 6558 6559
f 6559 6558 7662
f 6559 7662 7663
f 7663 7662 5717
f 7663 5717 5716
f 5716 5717 7129
f 5716 7129 7130
f 7130 7129 7998
f 7130 7998 7997
f 6914 7758 6913
f 7758 6914 7759
f 7758 7759 5866
f 7758 5866 5867
f 5867 5866 6291
f 5867 6291 6292
f 6292 6291 6524
f 6292 6524 6523
f 6523 6524 5933
f 6523 5933 5934
f 6746 6940 6770
f 6940 6746 7138
f 7138 6746 5616
f 7526 5136 6531
f 5136 7526 8006
f 8006 7526 7884
f 5693 6093 5175
f 6093 5693 5236
f 5236 5693 5798
f 7353 5130 6802
f 5130 7353 5695
f 5695 7353 7314
f 6802 5556 7353
f 5556 6802 7110
f 5556 7110 6801
f 6801 7110 7109
f 5325 6434 6433
f 6434 5325 7118
f 6434 7118 5766
f 6434 5766 7107
f 6434 7107 7108
f 6434 7108 5765
f 6434 5765 7117
f 6434 7117 5326
f 6558 5489 5689
f 5489 6558 7987
f 7987 6558 5930
f 7996 5127 5383
f 5127 7996 7513
f 5127 7513 5548
f 7760 5384 6595
f 5384 7760 6352
f 5384 6352 5126
f 6129 5648 5645
f 5648 6129 6132
f 5648 6132 7525
f 7525 6132 5547
f 5547 6132 6547
f 7222 6479 7200
f 6479 7222 5164
f 5164 7222 5646
f 5646 7222 5650
f 7214 7225 7206
f 7225 7214 7208
f 7208 7214 7215
f 7215 7214 7200
f 7200 7214 7222
f 5243 6867 6474
f 6867 5243 7281
f 7281 5243 6396
f 5644 5519 5649
f 5519 5644 7127
f 7127 5644 7227
f 7227 5644 7221
f 7960 5519 6187
f 5519 7960 5649
f 5649 7960 7524
f 6527 6260 6254
f 6260 6527 6511
f 6511 6527 7066
f 6511 7066 7247
f 6511 7247 6507
f 6125 6925 6931
f 6925 6125 5368
f 5368 6125 6544
f 6544 6125 5762
f 5762 6125 6130
f 6879 7211 6083
f 7211 6879 7210
f 7210 6879 7233
f 6929 6504 6508
f 6504 6929 6780
f 6780 6929 5505
f 5505 6929 6299
f 6299 6929 6927
f 6566 6505 5770
f 6505 6755 6766
f 6755 6505 6566
f 5963 5941 5940
f 5941 5963 5971
f 5941 5971 5959
f 5651 6130 6125
f 6130 5651 5647
f 6130 5647 5365
f 6130 5365 5652
f 7213 7201 7223
f 7201 7213 7216
f 7216 7213 7209
f 7209 7213 7207
f 7209 7207 7217
f 5366 6127 5653
f 6127 5366 6126
f 6126 5366 5646
f 6126 5646 5650
f 5367 6930 6924
f 6930 5367 6126
f 6126 5367 6545
f 6126 6545 5761
f 6126 5761 6127
f 5547 7959 7525
f 7959 5547 5275
f 5275 5547 6283
f 7203 7207 7213
f 7207 7203 7229
f 7229 7203 7220
f 7220 7203 7231
f 7231 7203 7205
f 7205 7203 7212
f 7212 7203 7218
f 6510 6255 6261
f 6255 6510 6528
f 6528 6510 7065
f 7065 6510 7246
f 7246 6510 6506
f 5952 5948 5968
f 5948 5952 5944
f 5948 5944 5950
f 5948 5950 5965
f 5948 5965 5960
f 7669 7013 7667
f 7013 7669 7010
f 7010 7669 6899
f 7010 6899 6699
f 7010 6699 5701
f 7223 5647 5651
f 5647 7223 7201
f 5647 7201 5163
f 5163 7201 6478
f 5969 5940 5947
f 5940 5969 5967
f 5940 5967 5955
f 5940 5955 5954
f 5940 5954 5942
f 5940 5942 5945
f 5940 5945 5963
f 7226 6878 7232
f 6878 7226 6202
f 6202 7226 7128
f 6202 7128 6186
f 7027 6928 6926
f 6928 7027 6129
f 6129 7027 5243
f 6129 5243 6474
f 6129 6474 6132
f 6150 6258 6256
f 6258 6150 6509
f 6509 6150 5770
f 6509 5770 6505
f 5946 5939 5953
f 5939 5946 5962
f 5939 5962 5970
f 5939 5970 5948
f 5948 5970 5956
f 5948 5956 5966
f 5948 5966 5968
f 6203 7233 6879
f 7233 6203 7227
f 7227 6203 7127
f 7127 6203 6187
f 6128 6546 6131
f 6546 6128 5546
f 5546 6128 7524
f 7524 6128 5649
f 5649 6128 5644
f 5964 5947 5961
f 5947 5964 5949
f 5947 5949 5943
f 5947 5943 5969
f 5969 5943 5951
f 6505 6928 6509
f 6928 6505 6766
f 6928 6766 5506
f 6928 5506 6300
f 6928 6300 6926
f 5294 6256 7788
f 6256 5294 6150
f 6150 5294 5358
f 6931 6506 6510
f 6506 6931 5030
f 5030 6931 6810
f 6810 6931 6955
f 6955 6931 5263
f 5263 6931 6925
f 5029 6511 6507
f 6511 5029 6930
f 6930 5029 6811
f 6930 6811 6956
f 6930 6956 5262
f 6930 5262 6924
f 6926 6497 7027
f 6497 6926 6300
f 6497 6300 5356
f 7015 7062 6709
f 7062 7015 7009
f 7062 7009 7670
f 7670 7009 7672
f 6904 7595 5396
f 7595 6904 5088
f 5088 6904 5964
f 5964 6904 5949
f 6128 6927 6929
f 6927 6128 7026
f 7026 6128 5242
f 5242 6128 5391
f 5391 6128 6131
f 6257 5293 7787
f 5293 6257 6151
f 5293 6151 5357
f 7218 6084 7212
f 6084 7218 6878
f 6878 7218 7232
f 7812 7666 7668
f 7666 7812 7285
f 7666 7285 5958
f 7666 5958 5957
f 7202 7211 7210
f 7211 7202 7224
f 7224 7202 7230
f 7230 7202 7214
f 7230 7214 7219
f 7219 7214 7228
f 7228 7214 7206
f 6261 7014 7008
f 7014 6261 6892
f 6892 6261 6971
f 6971 6261 5334
f 5334 6261 6255
f 7221 7233 7227
f 7233 7221 7210
f 7210 7221 7202
f 5089 5960 5965
f 5960 5089 6888
f 5960 6888 7670
f 5960 7670 7672
f 7014 7673 7008
f 7673 7014 7671
f 7671 7014 7061
f 7061 7014 6708
f 6259 7011 7012
f 7011 6259 7178
f 7178 6259 7833
f 7833 6259 7787
f 7787 6259 6257
f 7204 7218 7203
f 7218 7204 7232
f 7232 7204 7226
f 5367 7409 5399
f 7409 5367 6924
f 7409 6924 5262
f 5645 7226 7204
f 7226 5645 6623
f 6623 5645 5648
f 7226 6623 7128
f 5959 7667 5941
f 7667 5959 7813
f 7667 7813 7669
f 7813 5959 7286
f 5702 7012 7011
f 7012 5702 6698
f 7012 6698 6900
f 7012 6900 7668
f 7012 7668 7666
f 7671 5961 7673
f 5961 7671 5964
f 5964 7671 6887
f 5964 6887 5088
f 6754 6504 6780
f 6504 6567 5769
f 6567 6504 6754
f 6054 7013 7010
f 7013 6054 6258
f 6258 6054 7834
f 6258 7834 7788
f 6258 7788 6256
f 6496 6927 7026
f 6927 6496 6299
f 6299 6496 5355
f 5972 5957 5958
f 5957 5972 5953
f 5957 5953 5939
f 6891 7009 7015
f 7009 6891 6260
f 6260 6891 6972
f 6260 6972 5333
f 6260 5333 6254
f 7410 5368 5398
f 5368 7410 6925
f 6925 7410 5263
f 5648 6186 6623
f 6186 5648 7959
f 7959 5648 7525
f 6508 6257 6259
f 6257 6508 6151
f 6151 6508 5769
f 5769 6508 6504
f 7282 5391 6868
f 5391 7282 5242
f 5242 7282 6395
f 5274 7524 7960
f 7524 5274 5546
f 5546 5274 6284
f 7594 6903 5397
f 6903 7594 5089
f 6903 5089 5965
f 6903 5965 5950
f 7643 6896 7911
f 6896 7643 7154
f 7154 7643 5906
f 7154 5906 5828
f 5828 5906 6048
f 5828 6048 5720
f 5720 6048 5534
f 5720 5534 6275
f 6275 5534 5530
f 6275 5530 5295
f 6275 6494 6270
f 6494 6275 5295
f 7155 7912 6897
f 7912 7155 7644
f 7644 7155 5829
f 7644 5829 5907
f 5907 5829 5723
f 5907 5723 6051
f 6051 5723 6278
f 6051 6278 5537
f 5537 6278 6271
f 5537 6271 6495
f 5537 5296 5531
f 5296 5537 6495
f 7616 6144 6348
f 6144 7616 6041
f 6041 7616 8000
f 7588 8030 7867
f 8030 7588 7054
f 7054 7588 5344
f 7054 5344 6694
f 7510 7302 7067
f 7302 7510 6701
f 6701 7510 5774
f 5774 6501 5141
f 6501 5774 7510
f 5369 6938 6881
f 6938 5369 6720
f 6938 6720 6330
f 5429 6881 5825
f 6881 5429 7973
f 6881 7973 5369
f 6530 5825 6501
f 5825 6530 7075
f 5825 7075 6251
f 5825 6251 5429
f 7075 6530 5194
f 6357 6530 5594
f 6530 6357 5660
f 5660 6357 5855
f 5855 6357 5862
f 7313 6564 7360
f 6564 7313 6360
f 6360 7313 7728
f 7352 5629 7332
f 5629 7352 5805
f 5805 7352 5337
f 6098 5665 5805
f 5665 6098 6461
f 6461 6098 6431
f 6461 6431 5094
f 6999 5998 6640
f 5084 6454 6272
f 6454 5084 7295
f 7295 5084 5998
f 7295 5998 6999
f 6364 6999 7839
f 6999 6364 5559
f 6999 5559 7748
f 6999 7748 6981
f 6981 7748 6592
f 6407 7839 7926
f 7839 6407 6848
f 7839 6848 6364
f 7252 7926 6581
f 7926 7252 5069
f 7926 5069 6407
f 6134 6209 6981
f 6209 6134 7188
f 7188 6134 5876
f 7188 5876 5884
f 5883 5166 5878
f 5166 5883 7180
f 7180 5883 7746
f 7180 7746 7790
f 7180 7790 5868
f 5560 5868 5494
f 5868 5560 6871
f 6871 5560 5252
f 6871 5252 5901
f 7055 7868 8029
f 7868 7055 7589
f 7589 7055 5343
f 5343 7055 6695
f 6210 6557 5783
f 6557 6210 7559
f 7559 6210 7890
f 6535 5234 6871
f 5234 6535 5385
f 5385 6535 6514
f 6753 5621 6738
f 5621 6753 7249
f 5621 5841 6905
f 5841 5621 7249
f 6753 7915 7249
f 7915 6753 6763
f 7915 6763 5618
f 6359 7359 6565
f 7359 6359 7329
f 7329 6359 7729
f 5806 7331 5630
f 7331 5806 7351
f 7351 5806 5338
f 6460 5806 5666
f 5806 6460 6097
f 6097 6460 6432
f 6432 6460 6807
f 6061 7543 7193
f 7543 6061 7628
f 7628 6061 6824
f 6960 7411 7891
f 7411 6960 6121
f 7411 6121 6917
f 5443 5835 6628
f 5835 5443 5317
f 5835 5317 5276
f 5772 6753 6333
f 6753 5772 6763
f 6763 5772 6180
f 6145 7615 6349
f 7615 6145 6040
f 7615 6040 7999
f 7635 7451 7256
f 7451 7635 7494
f 7494 7635 7045
f 5893 6453 5098
f 6453 5893 7444
f 7444 5893 7474
f 6732 5744 5788
f 5744 6732 7702
f 7702 6732 5735
f 5098 5735 6732
f 5735 5098 7164
f 7164 5098 6453
f 5816 5349 5149
f 5349 5816 7425
f 7425 5816 5788
f 7296 6269 6455
f 6269 7296 5085
f 5085 7296 5997
f 5997 6998 6639
f 6998 5997 7296
f 7189 6980 6208
f 6980 7189 6133
f 6133 7189 5875
f 5875 7189 5877
f 7179 5879 5165
f 5879 7179 5882
f 5882 7179 7747
f 7747 7179 7789
f 7789 7179 5869
f 6980 7840 6998
f 7840 6980 7749
f 7840 7749 5558
f 7840 5558 6363
f 7749 6980 6593
f 6363 7925 7840
f 7925 6363 6847
f 7925 6847 6408
f 6408 6580 7925
f 6580 6408 5070
f 6580 5070 7253
f 6872 5493 5869
f 5493 6872 5561
f 5561 6872 5253
f 5253 6872 5900
f 7560 5782 6556
f 5782 7560 6211
f 6211 7560 7883
f 7914 6752 7248
f 6752 7914 6762
f 6762 7914 5617
f 7248 6319 5840
f 6319 7248 5622
f 5622 6752 6756
f 6752 5622 7248
f 5235 6536 6872
f 6536 5235 5386
f 6536 5386 5408
f 5204 6670 5210
f 6670 5204 6973
f 6973 5204 5873
f 5251 5532 5605
f 5532 5251 5539
f 5539 5251 7646
f 6190 5535 5602
f 5535 6190 5605
f 5535 5605 5532
f 5658 7575 5753
f 7575 5658 6350
f 7575 6350 5503
f 6384 7290 7240
f 7290 6384 5793
f 5793 6384 6918
f 6217 7423 6015
f 7423 6217 5751
f 5751 6217 5303
f 6915 6812 6149
f 6812 6915 5082
f 6812 5082 7685
f 6350 6049 5503
f 6049 6350 6190
f 6049 6190 5602
f 5673 6772 6183
f 6772 5673 6775
f 6775 5673 7085
f 6625 7718 5270
f 7718 6625 7961
f 7961 6625 5922
f 7938 6886 7374
f 6886 7938 5587
f 5587 7938 6483
f 8003 7888 5641
f 7888 8003 6711
f 6711 8003 7120
f 7094 5149 6517
f 5149 7094 5726
f 5149 5726 5816
f 6775 5620 6772
f 5620 6775 6115
f 6115 6775 7730
f 7542 6062 7192
f 6062 7542 7629
f 6062 7629 6825
f 7306 7566 7324
f 7566 7306 7158
f 7158 7306 6466
f 7631 6704 6039
f 6704 7631 6689
f 6689 7631 5336
f 6437 5922 6625
f 5922 6437 7372
f 5922 7372 7878
f 7892 6122 6959
f 6122 7892 7412
f 6122 7412 6910
f 6752 5771 6332
f 5771 6752 6762
f 5771 6762 6181
f 6977 5444 6629
f 5444 6977 5318
f 5318 6977 6376
f 6331 6880 6937
f 6880 6331 6721
f 6880 6721 5370
f 5370 5826 6880
f 5826 5370 7972
f 5826 7972 5430
f 5430 6500 5826
f 6500 5430 6250
f 6500 6250 7076
f 6500 7076 6529
f 6529 7076 5195
f 6500 5773 5140
f 7301 7511 7068
f 7511 7301 6700
f 7511 6700 5773
f 7511 5773 6500
f 5659 5593 6529
f 5593 5659 6356
f 6356 5659 5854
f 6356 5854 5863
f 7464 7257 7452
f 7257 7464 7634
f 7634 7464 7046
f 7443 5097 6452
f 5097 7443 5894
f 5894 7443 7475
f 7157 7325 7567
f 7325 7157 7321
f 7321 7157 6467
f 6671 5205 5211
f 5205 6671 6974
f 5205 6974 5872
f 5538 5606 5533
f 5606 5538 5250
f 5250 5538 7647
f 5536 6191 5601
f 6191 5536 5606
f 5606 5536 5533
f 5921 6438 6624
f 6438 5921 7373
f 7373 5921 7879
f 6688 6038 6705
f 6038 6688 7630
f 7630 6688 5335
f 7889 8004 5640
f 8004 7889 6710
f 8004 6710 7119
f 5588 7375 5760
f 7375 5588 7937
f 7937 5588 6482
f 6116 6773 5619
f 6773 6116 6774
f 6774 6116 7731
f 6518 5727 7093
f 5727 6518 5148
f 5727 5148 5815
f 7574 5657 5752
f 5657 7574 6351
f 6351 7574 5504
f 5750 7922 7424
f 7922 5750 6216
f 6216 5750 5304
f 5794 7241 7289
f 7241 5794 6383
f 6383 5794 6919
f 6813 6916 6148
f 6916 6813 5081
f 5081 6813 7684
f 7962 5271 7717
f 5271 7962 6624
f 6624 7962 5921
f 6774 6182 6773
f 6182 6774 5674
f 5674 6774 7086
f 6050 6351 5504
f 6351 6050 6191
f 6191 6050 5601
f 7703 5789 5745
f 5789 7703 6733
f 6733 7703 5734
f 5350 5815 5148
f 5815 5350 7426
f 5815 7426 5789
f 7163 6733 5734
f 6733 7163 5097
f 5097 7163 6452
f 6773 5620 5619
f 5620 6773 6772
f 6772 6773 6183
f 6183 6773 6182
f 6517 6819 6818
f 6819 6517 5149
f 6819 5149 5349
f 6819 5349 5350
f 6819 5350 5148
f 6819 5148 6518
f 7372 7105 6024
f 7105 7372 6437
f 7105 6437 6438
f 7105 6438 7106
f 7106 6438 6025
f 6025 6438 7373
f 5846 5335 6688
f 5335 5846 7305
f 7305 5846 7349
f 5928 6015 5927
f 6015 5928 7922
f 6015 7922 6216
f 6015 6216 6217
f 6217 6216 7755
f 6217 7755 7754
f 7754 7755 7993
f 7993 7755 7994
f 7432 6950 7486
f 6950 7432 5435
f 5435 7432 5936
f 7351 5337 7352
f 5337 7351 7104
f 7104 7351 7103
f 7103 7351 5338
f 7105 7878 6024
f 7878 7105 6704
f 6704 7105 6039
f 7473 7474 7441
f 7474 7473 7451
f 7474 7451 7444
f 7444 7451 7494
f 7444 7494 7440
f 7440 7494 7436
f 7440 7436 7460
f 7460 7436 7461
f 7461 7436 7449
f 7461 7449 7493
f 7461 7493 7433
f 7461 7433 7438
f 7461 7438 7470
f 7461 7470 7487
f 7461 7487 7431
f 7461 7431 7496
f 7461 7496 7483
f 7461 7483 7458
f 7461 7458 7480
f 7461 7480 7479
f 7461 7479 7457
f 7461 7457 7484
f 7461 7484 7495
f 7461 7495 7432
f 7461 7432 7486
f 7461 7486 7469
f 7461 7469 7437
f 7461 7437 7434
f 7461 7434 7492
f 7461 7492 7450
f 7461 7450 7435
f 7461 7435 7464
f 7461 7464 7439
f 7439 7464 7443
f 7443 7464 7452
f 7443 7452 7475
f 7475 7452 7485
f 7475 7485 7442
f 7994 5270 7993
f 5270 7994 6625
f 6625 7994 6437
f 6437 7994 6438
f 6438 7994 6624
f 6624 7994 5271
f 7348 7346 7354
f 7346 7348 7324
f 7324 7348 7304
f 7324 7304 7306
f 7306 7304 7312
f 7306 7312 7310
f 7310 7312 7336
f 7310 7336 7337
f 7310 7337 7322
f 7322 7337 7365
f 7365 7337 7307
f 7307 7337 7339
f 7339 7337 7344
f 7344 7337 7360
f 7360 7337 7313
f 7313 7337 7326
f 7326 7337 7357
f 7357 7337 7332
f 7332 7337 7352
f 7352 7337 7351
f 7351 7337 7331
f 7331 7337 7358
f 7358 7337 7366
f 7366 7337 7329
f 7329 7337 7359
f 7359 7337 7345
f 7345 7337 7338
f 7338 7337 7308
f 7308 7337 7364
f 7364 7337 7323
f 7323 7337 7309
f 7309 7337 7321
f 7321 7337 7311
f 7321 7311 7305
f 7321 7305 7349
f 7321 7349 7325
f 7325 7349 7347
f 7347 7349 7355
f 6917 6122 6910
f 6122 6917 6121
f 6122 6121 7160
f 7160 6121 7159
f 7160 7159 5703
f 5703 7159 5704
f 5703 5704 5931
f 5931 5704 5932
f 7064 6818 6819
f 6818 7064 7063
f 7063 7064 5588
f 7063 5588 5587
f 5587 5588 6886
f 6886 5588 5760
f 6886 5760 5796
f 6886 5796 5795
f 6061 6825 6824
f 6825 6061 6062
f 6062 6061 5385
f 6062 5385 5386
f 5386 5385 6514
f 5386 6514 5408
f 5408 6514 5799
f 5799 6514 5800
f 7479 6163 7457
f 6163 7479 7867
f 7867 7479 6451
f 6040 8000 7999
f 8000 6040 6970
f 8000 6970 5094
f 8000 5094 6431
f 8000 6431 6432
f 8000 6432 6807
f 8000 6807 6969
f 8000 6969 6041
f 5674 6183 6182
f 6183 5674 5673
f 5673 5674 7723
f 5673 7723 7724
f 7724 7723 6148
f 7724 6148 6149
f 6149 6148 6916
f 6149 6916 6915
f 6450 7479 7480
f 7479 6450 7700
f 7479 7700 7701
f 7479 7701 6451
f 7702 7425 5744
f 7425 7702 5349
f 5349 7702 5350
f 5350 7702 7703
f 5350 7703 5745
f 5350 5745 7426
f 7589 7701 7700
f 7701 7589 5343
f 7701 5343 5344
f 7701 5344 7588
f 7461 7164 7460
f 7164 7461 5735
f 5735 7461 7702
f 7702 7461 7703
f 7703 7461 5734
f 5734 7461 7163
f 6705 6025 7879
f 6025 6705 7106
f 7106 6705 6038
f 5640 7888 7889
f 7888 5640 5641
f 5641 5640 7089
f 5641 7089 7090
f 7090 7089 6115
f 6115 7089 6116
f 6115 6116 5620
f 5620 6116 5619
f 7868 7458 6162
f 7458 7868 7480
f 7480 7868 6450
f 6210 7883 7890
f 7883 6210 6211
f 6211 6210 6525
f 6211 6525 6526
f 6526 6525 7915
f 6526 7915 7914
f 7914 7915 5618
f 7914 5618 5617
f 6763 5617 5618
f 5617 6763 6762
f 6762 6763 6180
f 6762 6180 6181
f 5289 5795 5796
f 5795 5289 5290
f 5290 5289 6710
f 5290 6710 6711
f 6711 6710 7889
f 6711 7889 7888
f 6662 5799 5800
f 5799 6662 7980
f 7980 6662 6385
f 7980 6385 6386
f 6386 6385 7559
f 6386 7559 7560
f 7560 7559 7890
f 7560 7890 7883
f 6825 7628 6824
f 7628 6825 6549
f 6549 6825 6695
f 6695 6825 5343
f 5343 6825 5344
f 5344 6825 6694
f 6694 6825 6548
f 6548 6825 7629
f 5436 7487 6949
f 7487 5436 7431
f 7431 5436 5935
f 5772 6181 6180
f 6181 5772 5771
f 5771 5772 6984
f 5771 6984 6985
f 6985 6984 7411
f 6985 7411 7412
f 7412 7411 6910
f 6910 7411 6917
f 5276 5931 5932
f 5931 5276 6376
f 6376 5276 5317
f 6376 5317 5318
f 5318 5317 7616
f 7616 5317 7615
f 7616 7615 7999
f 7616 7999 8000
f 5081 6915 6916
f 6915 5081 5082
f 5082 5081 5403
f 5403 5081 5402
f 5403 5402 5928
f 5403 5928 5927
f 7304 6689 5336
f 6689 7304 5847
f 5847 7304 7348
f 7631 7337 7336
f 7337 7631 6039
f 7337 6039 7105
f 7337 7105 7106
f 7337 7106 6038
f 7337 6038 7630
f 7103 6098 7104
f 6098 7103 6431
f 6431 7103 6432
f 6432 7103 6097
f 7749 6592 7748
f 6592 7749 6134
f 6134 7749 5876
f 5876 7749 5875
f 5875 7749 6133
f 6133 7749 6593
f 5900 6850 5253
f 6850 5900 5476
f 5476 5900 7387
f 7747 7790 7746
f 7790 7747 5494
f 5494 7747 5560
f 5560 7747 5561
f 5561 7747 5493
f 5493 7747 7789
f 6295 7406 7405
f 7406 6295 6296
f 6296 6295 6905
f 6905 6295 6319
f 6905 6319 5621
f 5621 6319 5622
f 6185 7400 7947
f 7400 6185 7284
f 7284 6185 7820
f 5248 5071 5072
f 5071 5248 5249
f 5249 5248 5740
f 5740 5248 5741
f 5740 5741 7405
f 5740 7405 7406
f 7948 7400 7401
f 7400 7948 7947
f 7947 7948 5433
f 7947 5433 5434
f 5434 5433 6723
f 5434 6723 6722
f 6847 6364 6848
f 6364 6847 5559
f 5559 6847 5558
f 5558 6847 6363
f 5832 7974 5424
f 7974 5832 5192
f 5192 5832 6230
f 5476 6849 6850
f 6849 5476 5475
f 5475 5476 5071
f 5071 5476 5072
f 5860 5507 5857
f 5507 5860 6372
f 6372 5860 7074
f 6372 7074 7801
f 6372 7801 7798
f 6756 5621 5622
f 5621 6756 6738
f 6738 6756 6171
f 6738 6171 6170
f 7401 6184 7948
f 6184 7401 7283
f 6184 7283 7819
f 5477 6170 6171
f 6170 5477 7897
f 7897 5477 7283
f 7897 7283 7284
f 7284 7283 7401
f 7284 7401 7400
f 6253 7798 7546
f 7798 6253 6629
f 6629 6253 5423
f 6629 5423 5831
f 5875 5884 5876
f 5884 5875 5881
f 5881 5875 5878
f 5878 5875 5883
f 5883 5875 5882
f 5882 5875 5879
f 5879 5875 5880
f 5880 5875 5877
f 6373 5856 5508
f 5856 6373 5861
f 5861 6373 7073
f 7073 6373 5874
f 5874 6373 7797
f 7406 7517 5740
f 7517 7406 6296
f 7517 6296 5841
f 6407 6847 6848
f 6847 6407 6408
f 6408 6407 5070
f 5070 6407 5069
f 6849 5901 5252
f 5901 6849 5475
f 5901 5475 7386
f 5194 7076 7075
f 7076 5194 5660
f 7076 5660 5855
f 7076 5855 5854
f 7076 5854 5659
f 7076 5659 5195
f 6628 6313 7797
f 6313 6628 6252
f 6252 6628 5424
f 5424 6628 5832
f 7820 6170 7897
f 6170 7820 6333
f 6170 6333 6738
f 6738 6333 6753
f 5561 5252 5560
f 5252 5561 6849
f 6849 5561 6850
f 6850 5561 5253
f 7387 5072 5476
f 5072 7387 5248
f 5248 7387 5174
f 5424 6253 6252
f 6253 5424 7974
f 6253 7974 7975
f 6253 7975 5423
f 5071 7386 5475
f 7386 5071 5249
f 7386 5249 5173
f 6230 6722 5192
f 6722 6230 5434
f 5434 6230 5491
f 6723 6231 5193
f 6231 6723 5433
f 6231 5433 5492
f 5862 5854 5855
f 5854 5862 5859
f 5854 5859 5856
f 5854 5856 5861
f 5854 5861 5860
f 5854 5860 5857
f 5854 5857 5858
f 5854 5858 5863
f 7975 5831 5423
f 5831 7975 5193
f 5831 5193 6231
f 7422 7398 7399
f 7398 7422 7421
f 7421 7422 6142
f 7421 6142 6143
f 6143 6142 6330
f 6143 6330 6331
f 6331 6330 6720
f 6331 6720 6721
f 7252 5070 5069
f 5070 7252 7253
f 7253 7252 7547
f 7253 7547 5654
f 5654 7547 7377
f 5654 7377 7376
f 7376 7377 7404
f 7376 7404 7403
f 5429 7972 7973
f 7972 5429 6251
f 7972 6251 6250
f 7972 6250 5430
f 5874 7074 7073
f 7074 5874 6313
f 7074 6313 6252
f 7074 6252 6253
f 7074 6253 7546
f 7074 7546 7801
f 6739 5623 5624
f 5623 6739 6740
f 6740 6739 6172
f 6172 6739 6173
f 7516 7405 5741
f 7405 7516 6295
f 6295 7516 5840
f 7958 6172 6173
f 6172 7958 7957
f 7957 7958 7399
f 7957 7399 7398
f 5369 6721 6720
f 6721 5369 5370
f 5370 5369 7973
f 5370 7973 7972
f 5193 6722 6723
f 6722 5193 5192
f 5192 5193 7974
f 7974 5193 7975
f 6860 7403 7404
f 7403 6860 6859
f 6859 6860 5624
f 6859 5624 5623
f 6752 6171 6756
f 6171 6752 6332
f 6171 7819 5477
f 7819 6171 6332
f 7831 7376 7428
f 7376 7831 7548
f 7376 7548 6580
f 7376 6580 5654
f 6682 5752 6383
f 5752 6682 5908
f 5752 5908 7574
f 7377 7832 7427
f 7832 7377 7549
f 7549 7377 6581
f 6581 7377 7547
f 6639 6166 5997
f 6166 6639 6371
f 6371 6639 6816
f 6371 6816 5778
f 6371 5778 7548
f 6371 7548 7831
f 7625 7911 7910
f 7911 7625 7643
f 7643 7625 5156
f 7643 5156 7645
f 7169 6760 8007
f 6760 7169 6898
f 6758 6760 6898
f 6620 7154 7156
f 7154 6620 6896
f 6896 6620 7170
f 6896 7170 6895
f 5937 7580 7529
f 7580 5937 5401
f 5401 5937 7882
f 7625 7910 6804
f 6804 6759 6749
f 6759 6804 7910
f 6273 6270 6280
f 6270 6273 6276
f 6270 6276 6275
f 6860 7427 5279
f 7427 6860 7404
f 7427 7404 7377
f 6199 6275 6276
f 6275 6199 5721
f 6275 5721 5720
f 6050 5907 6051
f 5907 6050 5908
f 5908 6050 7574
f 7574 6050 5504
f 5100 6019 5401
f 6019 5100 5827
f 6019 5827 6112
f 5543 5539 7646
f 5539 5543 5530
f 5530 5543 5786
f 5530 5786 7850
f 5530 7850 6670
f 5530 6670 6973
f 5530 6973 7049
f 5827 6303 6112
f 6303 5827 5721
f 5721 5827 5720
f 5720 5827 5828
f 6897 7153 7155
f 7153 6897 6619
f 6619 6897 7169
f 7169 6897 6898
f 7581 5938 7528
f 5938 7581 5400
f 5938 5400 5987
f 6968 7422 7370
f 7422 6968 7272
f 7422 7272 6938
f 7422 6938 6142
f 5538 5537 5531
f 5537 5538 5536
f 5536 5538 5533
f 7428 6371 7831
f 6371 7428 5023
f 5023 7428 5280
f 5023 5280 5033
f 5530 5532 5539
f 5532 5530 5535
f 5535 5530 5534
f 7957 7371 5405
f 7371 7957 7398
f 7371 7398 7421
f 6167 6640 5998
f 6640 6167 6370
f 6640 6370 6817
f 6817 6370 5777
f 5777 6370 7549
f 7549 6370 7832
f 7575 6384 5753
f 6384 7575 5905
f 6384 5905 6683
f 6620 7529 7863
f 7529 6620 7156
f 7529 7156 5937
f 7155 5830 5829
f 5830 7155 5099
f 5099 7155 5987
f 5987 7155 5938
f 5938 7155 7153
f 5411 5010 5024
f 5010 5411 5404
f 5404 5411 7370
f 7370 5411 6968
f 6760 7624 6803
f 7624 6760 7913
f 7913 6760 6758
f 5425 6274 5091
f 6274 5425 6279
f 6279 5425 7152
f 7421 6967 7371
f 6967 7421 7271
f 7271 7421 6937
f 6937 7421 6143
f 5628 6968 5411
f 6968 5628 7272
f 7272 5628 7903
f 7903 5628 6679
f 6679 5628 5141
f 5141 5628 5774
f 6280 5090 6273
f 5090 6280 5426
f 5426 6280 7151
f 6974 5531 7050
f 5531 6974 5538
f 5538 6974 6671
f 5538 6671 7849
f 5538 7849 5787
f 5538 5787 5542
f 5538 5542 7647
f 7958 6173 5404
f 5404 6739 5010
f 6739 5404 6173
f 6859 5623 5280
f 5280 6740 5033
f 6740 5280 5623
f 6370 7427 7832
f 7427 6370 5024
f 7427 5024 5279
f 5279 5024 5010
f 5773 7050 5627
f 7050 5773 6700
f 7050 6700 6974
f 6974 6700 5054
f 6974 5054 7990
f 6974 7990 5872
f 7428 6859 5280
f 6859 7428 7403
f 7403 7428 7376
f 6739 5279 5010
f 5279 6739 5624
f 5279 5624 6860
f 6759 8008 6749
f 8008 6759 6895
f 8008 6895 7170
f 6112 6141 6019
f 6141 6112 5441
f 5441 6112 6303
f 6740 5405 5033
f 5405 6740 6172
f 5405 6172 7957
f 5442 5722 6304
f 5722 5442 7507
f 5722 7507 6198
f 5534 5602 5535
f 5602 5534 6049
f 6049 5534 6048
f 5938 7864 7528
f 7864 5938 7153
f 7864 7153 6619
f 5100 5828 5827
f 5828 5100 7154
f 7154 5100 7882
f 7154 7882 5937
f 7154 5937 7156
f 7766 5997 6166
f 5997 7766 5085
f 5085 7766 7830
f 5085 7830 6736
f 6736 7830 6828
f 6828 7830 5864
f 5405 5023 5033
f 5023 5405 5412
f 5412 5405 7371
f 5412 7371 6967
f 6280 6264 7151
f 6264 6280 6270
f 6264 6270 5981
f 5981 6270 6948
f 6948 6270 5107
f 5107 6270 7829
f 7829 6270 7765
f 6276 7506 6199
f 7506 6276 5090
f 5090 6276 6273
f 6111 5400 6018
f 5400 6111 5830
f 5400 5830 5099
f 6271 7830 7766
f 7830 6271 6279
f 7830 6279 5108
f 5108 6279 6947
f 6947 6279 5982
f 5982 6279 6263
f 6263 6279 7152
f 5536 6051 5537
f 6051 5536 6050
f 6050 5536 5601
f 7765 5865 7829
f 5865 7765 6829
f 6829 7765 6737
f 6737 7765 5084
f 5084 7765 5998
f 5998 7765 6167
f 5793 7643 7645
f 7643 5793 5906
f 5906 5793 6918
f 5906 6918 6683
f 5906 6683 5905
f 5442 6018 6140
f 6018 5442 6111
f 6111 5442 6304
f 6967 5627 5412
f 5627 6967 7271
f 5627 7271 7902
f 5627 7902 6678
f 5627 6678 5140
f 5627 5140 5773
f 6759 6896 6895
f 6896 6759 7911
f 7911 6759 7910
f 7644 7913 7912
f 7913 7644 7624
f 7624 7644 5155
f 5155 7644 7642
f 6591 5108 6585
f 5108 6591 7830
f 7830 6591 5864
f 5722 6278 5723
f 6278 5722 6277
f 6277 5722 6198
f 7370 7958 5404
f 7958 7370 7399
f 7399 7370 7422
f 5503 5905 7575
f 5905 5503 6049
f 5905 6049 6048
f 5905 6048 5906
f 5873 7049 6973
f 7049 5873 7989
f 7049 7989 6137
f 7049 6137 6701
f 7049 6701 5774
f 7049 5774 5628
f 6277 6271 6278
f 6271 6277 6279
f 6279 6277 6274
f 5907 7642 7644
f 7642 5907 5794
f 5794 5907 6919
f 6919 5907 6682
f 6682 5907 5908
f 7912 6898 6897
f 6898 7912 6758
f 6758 7912 7913
f 7507 6277 6198
f 6277 7507 5091
f 6277 5091 6274
f 7829 6584 5107
f 6584 7829 6590
f 6590 7829 5865
f 5155 7289 5809
f 7289 5155 7642
f 7289 7642 5794
f 5721 5441 6303
f 5441 5721 7506
f 7506 5721 6199
f 5830 5723 5829
f 5723 5830 5722
f 5722 5830 6111
f 5722 6111 6304
f 7290 5156 5810
f 5156 7290 7645
f 7645 7290 5793
f 9288 10505 9059
f 9644 9123 9969
f 9645 9970 9124
f 8141 9074 9889
f 8625 9554 10429
f 9075 9679 9888
f 10668 8626 10428
f 8193 9741 9615
f 9740 9190 9614
f 9718 10161 10057
f 10332 9429 8150
f 8737 10465 9656
f 8106 9271 9428
f 8934 10634 9655
f 10375 9982 10058
f 8285 9451 9544
f 8687 9608 10358
f 8687 10358 9570
f 9608 8808 8832
f 9608 8832 10358
f 10358 8832 8362
f 10358 8362 8198
f 9570 10358 8198
f 9570 8198 9166
f 9279 8972 10437
f 9279 10437 8898
f 8972 9100 9239
f 8972 9239 10437
f 10437 9239 8672
f 10437 8672 10361
f 8898 10437 10361
f 8898 10361 8186
f 9857 10030 9677
f 9857 9677 10520
f 10030 8037 8065
f 10030 8065 9677
f 9677 8065 8047
f 9677 8047 9094
f 10520 9677 9094
f 10520 9094 8714
f 9663 10347 10423
f 9663 10423 8602
f 10347 9189 9056
f 10347 9056 10423
f 10423 9056 9841
f 10423 9841 9999
f 8602 10423 9999
f 8602 9999 9949
f 9632 9643 8761
f 9632 8761 9298
f 9643 9636 9541
f 9643 9541 8761
f 8761 9541 10415
f 8761 10415 8263
f 9298 8761 8263
f 9298 8263 10562
f 10562 8263 8175
f 10562 8175 9500
f 8263 10415 9789
f 8263 9789 8175
f 8175 9789 8721
f 8175 8721 9137
f 9500 8175 9137
f 9500 9137 8428
f 9512 8405 8372
f 9512 8372 8656
f 8405 9042 9114
f 8405 9114 8372
f 8372 9114 8764
f 8372 8764 9720
f 8656 8372 9720
f 8656 9720 8856
f 8037 10327 10671
f 8037 10671 8065
f 10327 10462 9816
f 10327 9816 10671
f 10671 9816 10006
f 10671 10006 9586
f 8065 10671 9586
f 8065 9586 8047
f 8261 9149 8541
f 8261 8541 9746
f 9149 10638 9464
f 9149 9464 8541
f 8541 9464 8959
f 8541 8959 8425
f 9746 8541 8425
f 9746 8425 8798
f 10709 9743 8349
f 10709 8349 10558
f 9743 9432 8270
f 9743 8270 8349
f 8349 8270 10625
f 8349 10625 8392
f 10558 8349 8392
f 10558 8392 9049
f 9033 9589 8088
f 9033 8088 9386
f 9589 10549 8807
f 9589 8807 8088
f 8088 8807 9048
f 8088 9048 8725
f 9386 8088 8725
f 9386 8725 8386
f 9042 10664 9291
f 9042 9291 9114
f 10664 9279 8898
f 10664 8898 9291
f 9291 8898 8186
f 9291 8186 10350
f 9114 9291 10350
f 9114 10350 8764
f 10177 9144 9073
f 10177 9073 10650
f 9144 9857 10520
f 9144 10520 9073
f 9073 10520 8714
f 9073 8714 8974
f 10650 9073 8974
f 10650 8974 8569
f 9466 8132 10086
f 9466 10086 8585
f 8132 10561 8647
f 8132 8647 10086
f 10086 8647 8365
f 10086 8365 8522
f 8585 10086 8522
f 8585 8522 10099
f 8428 9137 9588
f 8428 9588 9776
f 9137 8721 10570
f 9137 10570 9588
f 9588 10570 10303
f 9588 10303 10633
f 9776 9588 10633
f 9776 10633 8296
f 8574 10045 10418
f 8574 10418 9153
f 10045 9512 8656
f 10045 8656 10418
f 10418 8656 8856
f 10418 8856 9611
f 9153 10418 9611
f 9153 9611 10186
f 8798 8425 9501
f 8798 9501 9973
f 8425 8959 9686
f 8425 9686 9501
f 9501 9686 9636
f 9501 9636 9643
f 9973 9501 9643
f 9973 9643 9632
f 9305 10168 9674
f 9305 9674 8417
f 9171 9305 8417
f 9171 8417 9159
f 8386 8725 8638
f 8386 8638 9476
f 8725 9048 8793
f 8725 8793 8638
f 8638 8793 10638
f 8638 10638 9149
f 9476 8638 9149
f 9476 9149 8261
f 9189 10298 9901
f 9189 9901 9056
f 10298 10177 10650
f 10298 10650 9901
f 9901 10650 8569
f 9901 8569 10070
f 9056 9901 10070
f 9056 10070 9841
f 10099 8522 9978
f 10099 9978 8675
f 8522 8365 8921
f 8522 8921 9978
f 9978 8921 10549
f 9978 10549 9589
f 8675 9978 9589
f 8675 9589 9033
f 8296 10633 8629
f 8296 8629 9882
f 10633 10303 10552
f 10633 10552 8629
f 8629 10552 8808
f 8629 8808 9608
f 9882 8629 9608
f 9882 9608 8687
f 10462 9546 9601
f 10462 9601 9816
f 9546 8574 9153
f 9546 9153 9601
f 9601 9153 10186
f 9601 10186 8750
f 9816 9601 8750
f 9816 8750 10006
f 9432 9684 9422
f 9432 9422 8270
f 9684 9663 8602
f 9684 8602 9422
f 9422 8602 9949
f 9422 9949 8403
f 8270 9422 8403
f 8270 8403 10625
f 10038 9987 9577
f 10038 9577 8733
f 9252 10038 8733
f 9252 8733 8917
f 10323 8284 9336
f 10323 9336 9309
f 8284 10539 9157
f 8284 9157 9336
f 9336 9157 8686
f 9336 8686 8474
f 9309 9336 8474
f 9309 8474 8273
f 9214 8167 9943
f 9214 9943 9634
f 8167 8280 10012
f 8167 10012 9943
f 9943 10012 9186
f 9943 9186 9418
f 9634 9943 9418
f 9634 9418 8049
f 8173 8682 9203
f 8173 9203 8896
f 8682 8256 9537
f 8682 9537 9203
f 9203 9537 9036
f 9203 9036 9868
f 8896 9203 9868
f 8896 9868 8406
f 10249 9861 9953
f 10249 9953 8608
f 9861 9450 10421
f 9861 10421 9953
f 9953 10421 8302
f 9953 8302 9323
f 8608 9953 9323
f 8608 9323 10104
f 8562 9894 9555
f 8562 9555 9566
f 9894 9693 9446
f 9894 9446 9555
f 9555 9446 9076
f 9555 9076 9614
f 8545 8471 9876
f 8545 9876 10103
f 8471 8399 8140
f 8471 8140 9876
f 9876 8140 10013
f 9876 10013 8166
f 10103 9876 8166
f 10103 8166 8603
f 9523 8723 8480
f 9523 8480 9818
f 8723 8042 8070
f 8723 8070 8480
f 8480 8070 8040
f 8480 8040 9312
f 9818 8480 9312
f 9818 9312 10344
f 9450 8221 8209
f 9450 8209 10421
f 8221 10323 9309
f 8221 9309 8209
f 8209 9309 8273
f 8209 8273 9173
f 10421 8209 9173
f 10421 9173 8302
f 8440 9486 9497
f 8440 9497 9409
f 9486 8266 9899
f 9486 9899 9497
f 9497 9899 10477
f 9497 10477 8538
f 9409 9497 8538
f 9409 8538 8891
f 8042 10004 9219
f 8042 9219 8070
f 10004 8173 8896
f 10004 8896 9219
f 9219 8896 8406
f 9219 8406 9404
f 8070 9219 9404
f 8070 9404 8040
f 10351 8673 8816
f 10351 8816 9557
f 8673 10249 8608
f 8673 8608 8816
f 8816 8608 10104
f 8816 10104 10640
f 9557 8816 10640
f 9557 10640 8712
f 8840 8981 9236
f 8840 9236 8434
f 8981 8107 9286
f 8981 9286 9236
f 9236 9286 8324
f 9236 8324 9490
f 8434 9236 9490
f 8434 9490 9467
f 8266 8833 8753
f 8266 8753 9899
f 8833 8545 10103
f 8833 10103 8753
f 8753 10103 8603
f 8753 8603 10466
f 9899 8753 10466
f 9899 10466 10477
f 10539 10034 8503
f 10539 8503 9157
f 10034 9523 9818
f 10034 9818 8503
f 8503 9818 10344
f 8503 10344 10455
f 9157 8503 10455
f 9157 10455 8686
f 8383 9532 8101
f 8383 8101 9455
f 9532 9340 9160
f 9532 9160 8101
f 8101 9160 9207
f 8101 9207 8238
f 9455 8101 8238
f 9455 8238 9758
f 8107 9054 10708
f 8107 10708 9286
f 9054 8880 9016
f 9054 9016 10708
f 10708 9016 9202
f 10708 9202 8536
f 9286 10708 8536
f 9286 8536 8324
f 8256 9430 9396
f 8256 9396 9537
f 9430 8440 9409
f 9430 9409 9396
f 9396 9409 8891
f 9396 8891 9222
f 9537 9396 9222
f 9537 9222 9036
f 8056 9571 9019
f 8056 9019 8058
f 9571 8562 9566
f 9571 9566 9019
f 8916 9253 8138
f 8916 8138 8939
f 9253 8310 10600
f 9253 10600 8138
f 8939 8138 8309
f 8939 8309 9822
f 8268 8808 10552
f 8268 10552 9163
f 9163 10552 10303
f 9163 10303 8606
f 9315 8959 9464
f 9315 9464 9044
f 9044 9464 10638
f 9044 10638 10659
f 10646 9044 10659
f 10646 10659 9823
f 8378 9217 8463
f 8378 8463 9759
f 9596 8378 9759
f 9596 9759 8129
f 8840 8797 10436
f 8840 10436 9267
f 8797 9438 8715
f 8797 8715 10436
f 9267 10436 10243
f 9267 10243 10234
f 8435 8839 8796
f 8435 8796 8580
f 8580 8796 9437
f 8580 9437 9401
f 10010 8916 8939
f 10010 8939 8937
f 8937 8939 9822
f 8937 9822 10647
f 9568 8097 10381
f 9568 10381 9493
f 8097 8204 8388
f 8097 8388 10381
f 9493 10381 10063
f 9493 10063 10305
f 9597 8129 9759
f 9597 9759 8379
f 8379 9759 8463
f 8379 8463 9218
f 8277 9991 8149
f 8277 8149 9428
f 9991 9674 10168
f 9991 10168 8149
f 8149 10168 10691
f 8149 10691 9808
f 9428 8149 9808
f 9428 9808 8106
f 8419 10549 8921
f 8419 8921 10048
f 10048 8921 8365
f 10048 8365 10457
f 8839 9268 10435
f 8839 10435 8796
f 9268 10233 10244
f 9268 10244 10435
f 8796 10435 8716
f 8796 8716 9437
f 9989 8356 10093
f 9989 10093 10589
f 8356 9511 8404
f 8356 8404 10093
f 10093 8404 9041
f 10093 9041 10247
f 10589 10093 10247
f 10589 10247 8452
f 8045 9725 8400
f 8045 8400 8068
f 9725 8998 10077
f 9725 10077 8400
f 8400 10077 8741
f 8400 8741 10196
f 8068 8400 10196
f 8068 10196 8051
f 8581 9400 9438
f 8581 9438 8797
f 8434 8581 8797
f 8434 8797 8840
f 8255 9538 9395
f 8255 9395 8872
f 9538 9035 9221
f 9538 9221 9395
f 9395 9221 8890
f 9395 8890 9408
f 8872 9395 9408
f 8872 9408 10031
f 9076 9446 8498
f 9076 8498 8483
f 9446 9693 8892
f 9446 8892 8498
f 8498 8892 9483
f 8498 9483 8810
f 8734 9359 9307
f 8734 9307 8883
f 9359 9188 10299
f 9359 10299 9307
f 9307 10299 10176
f 9307 10176 10612
f 8883 9307 10612
f 8883 10612 10151
f 8874 10183 10049
f 8874 10049 9302
f 9783 9834 10653
f 9783 10653 8229
f 9834 10543 8224
f 9834 8224 10653
f 10653 8224 8219
f 10653 8219 9960
f 8229 10653 9960
f 8229 9960 8290
f 8182 8439 10144
f 8182 10144 10127
f 8129 8873 10300
f 8129 10300 9596
f 8873 8558 8542
f 8873 8542 10300
f 10300 8542 8148
f 10300 8148 10334
f 9596 10300 10334
f 9596 10334 9103
f 10543 9321 9602
f 10543 9602 8224
f 9321 10182 9110
f 9321 9110 9602
f 9602 9110 10090
f 9602 10090 8361
f 8224 9602 8361
f 8224 8361 8219
f 8482 8190 8624
f 8482 8624 10180
f 8917 8940 8139
f 8917 8139 9252
f 8940 9823 8308
f 8940 8308 8139
f 9252 8139 9755
f 9252 9755 9233
f 8169 9625 9637
f 8169 9637 9542
f 8970 8169 9542
f 8970 9542 10416
f 8870 8943 8857
f 8870 8857 9518
f 8183 10110 10143
f 8183 10143 8438
f 9544 8731 10675
f 9544 10675 10188
f 9543 10189 10675
f 9543 10675 8731
f 9288 9543 8731
f 9288 8731 8874
f 8938 10646 9823
f 8938 9823 8940
f 10009 8938 8940
f 10009 8940 8917
f 9823 10659 8782
f 9823 8782 8308
f 10659 10638 8793
f 10659 8793 8782
f 8782 8793 9048
f 8782 9048 8118
f 8150 9429 9947
f 8150 9947 10167
f 9991 8150 10167
f 9991 10167 9674
f 9781 10499 8180
f 9781 8180 8879
f 10305 8824 8508
f 10305 8508 10062
f 8824 8800 8081
f 8824 8081 8508
f 8508 8081 8362
f 8508 8362 8925
f 9782 8880 8181
f 9782 8181 10498
f 8439 10058 10452
f 8439 10452 8943
f 10058 9982 10508
f 10058 10508 10452
f 10452 10508 10302
f 10452 10302 8700
f 8943 10452 8700
f 8943 8700 8857
f 8925 8362 8832
f 8925 8832 9230
f 9230 8832 8808
f 9230 8808 8268
f 9656 10325 9781
f 9656 9781 9869
f 9869 9781 8879
f 9869 8879 9015
f 10176 10651 9072
f 10176 9072 9143
f 10651 8570 8975
f 10651 8975 9072
f 9072 8975 8713
f 9072 8713 10519
f 9143 9072 10519
f 9143 10519 9858
f 9431 8269 9423
f 9431 9423 9683
f 8269 10626 8402
f 8269 8402 9423
f 9423 8402 9948
f 9423 9948 8601
f 9683 9423 8601
f 9683 8601 9662
f 10351 9557 8817
f 10351 8817 8674
f 9557 8712 10639
f 9557 10639 8817
f 8817 10639 10105
f 8817 10105 8607
f 8674 8817 8607
f 8674 8607 10248
f 8553 8418 10550
f 8553 10550 8806
f 8117 8553 8806
f 8117 8806 9047
f 9437 8716 10306
f 9437 10306 8730
f 10306 8970 10416
f 10306 10416 9790
f 8730 10306 9790
f 8730 9790 8720
f 8172 8895 9204
f 8172 9204 8681
f 8895 8407 9867
f 8895 9867 9204
f 9204 9867 9035
f 9204 9035 9538
f 8681 9204 9538
f 8681 9538 8255
f 9822 8309 8783
f 9822 8783 10660
f 8783 8117 9047
f 8783 9047 8792
f 10660 8783 8792
f 10660 8792 10637
f 9449 10422 8208
f 9449 8208 8222
f 10422 8303 9174
f 10422 9174 8208
f 8208 9174 8272
f 8208 8272 9308
f 8222 8208 9308
f 8222 9308 10322
f 8041 8069 9220
f 8041 9220 10003
f 8069 8039 9405
f 8069 9405 9220
f 9220 9405 8407
f 9220 8407 8895
f 10003 9220 8895
f 10003 8895 8172
f 9858 10519 9676
f 9858 9676 10029
f 10519 8713 9095
f 10519 9095 9676
f 9676 9095 8046
f 9676 8046 8066
f 10029 9676 8066
f 10029 8066 8038
f 10709 10558 8350
f 10709 8350 9744
f 10558 9049 8391
f 10558 8391 8350
f 8350 8391 10626
f 8350 10626 8269
f 9744 8350 8269
f 9744 8269 9431
f 9162 8605 10304
f 9162 10304 10551
f 8267 9162 10551
f 8267 10551 8809
f 9511 8657 8373
f 9511 8373 8404
f 8657 10483 9719
f 8657 9719 8373
f 8373 9719 8763
f 8373 8763 9113
f 8404 8373 9113
f 8404 9113 9041
f 9401 9437 8730
f 9401 8730 10578
f 10578 8730 8720
f 10578 8720 10569
f 8605 10578 10569
f 8605 10569 10304
f 8549 9316 8960
f 8549 8960 9687
f 9625 8549 9687
f 9625 9687 9637
f 8573 9154 10417
f 8573 10417 10046
f 9154 10187 9610
f 9154 9610 10417
f 10417 9610 10483
f 10417 10483 8657
f 10046 10417 8657
f 10046 8657 9511
f 10647 9822 10660
f 10647 10660 9043
f 9043 10660 10637
f 9043 10637 9465
f 9316 9043 9465
f 9316 9465 8960
f 10047 10456 8364
f 10047 8364 8920
f 8418 10047 8920
f 8418 8920 10550
f 10305 10063 8509
f 10305 8509 8824
f 8509 8924 8363
f 8509 8363 8080
f 8824 8509 8080
f 8824 8080 8800
f 9229 8267 8809
f 9229 8809 8831
f 8924 9229 8831
f 8924 8831 8363
f 9218 8463 10597
f 9218 10597 8206
f 8206 10597 10561
f 8206 10561 8646
f 10456 8206 8646
f 10456 8646 8364
f 10248 8607 9954
f 10248 9954 9862
f 8607 10105 9322
f 8607 9322 9954
f 9954 9322 8303
f 9954 8303 10422
f 9862 9954 10422
f 9862 10422 9449
f 9250 8444 9472
f 9250 9472 8494
f 8444 9941 8779
f 8444 8779 9472
f 9472 8779 8930
f 9472 8930 8353
f 8494 9472 8353
f 8494 8353 10203
f 9278 8897 10438
f 9278 10438 8973
f 8897 8187 10360
f 8897 10360 10438
f 10438 10360 8672
f 10438 8672 9239
f 8973 10438 9239
f 8973 9239 9100
f 9167 9672 8194
f 9167 8194 8199
f 9672 9788 9565
f 9672 9565 8194
f 8194 9565 8800
f 8194 8800 8080
f 8199 8194 8080
f 8199 8080 8363
f 10563 9499 8174
f 10563 8174 8264
f 9499 8429 9136
f 9499 9136 8174
f 8174 9136 8720
f 8174 8720 9790
f 8264 8174 9790
f 8264 9790 10416
f 8387 9475 8639
f 8387 8639 8724
f 9475 8262 9148
f 9475 9148 8639
f 8639 9148 10637
f 8639 10637 8792
f 8724 8639 8792
f 8724 8792 9047
f 10278 8158 8814
f 10278 8814 9387
f 8158 9250 8494
f 8158 8494 8814
f 8814 8494 10203
f 8814 10203 8358
f 9387 8814 8358
f 9387 8358 8598
f 9662 8601 10424
f 9662 10424 10346
f 8601 9948 9998
f 8601 9998 10424
f 10424 9998 9842
f 10424 9842 9057
f 10346 10424 9057
f 10346 9057 9188
f 8838 8371 9311
f 8838 9311 8530
f 8371 9864 10530
f 8371 10530 9311
f 9311 10530 8930
f 9311 8930 8779
f 8530 9311 8779
f 8530 8779 9941
f 8038 8066 10670
f 8038 10670 10326
f 8066 8046 9587
f 8066 9587 10670
f 10670 9587 10005
f 10670 10005 9815
f 10326 10670 9815
f 10326 9815 10463
f 10463 9815 9600
f 10463 9600 9545
f 9815 10005 8751
f 9815 8751 9600
f 9600 8751 10187
f 9600 10187 9154
f 9545 9600 9154
f 9545 9154 8573
f 8297 9881 8630
f 8297 8630 10632
f 9881 8688 9609
f 9881 9609 8630
f 8630 9609 8809
f 8630 8809 10551
f 10632 8630 10551
f 10632 10551 10304
f 8799 9972 9502
f 8799 9502 8426
f 9972 9633 9642
f 9972 9642 9502
f 9502 9642 9637
f 9502 9637 9687
f 8426 9502 9687
f 8426 9687 8960
f 10098 9658 9979
f 10098 9979 10085
f 9658 9034 9590
f 9658 9590 9979
f 9979 9590 10550
f 9979 10550 8920
f 10085 9979 8920
f 10085 8920 8364
f 9522 9817 8481
f 9522 8481 8722
f 9817 10345 9313
f 9817 9313 8481
f 8481 9313 8039
f 8481 8039 8069
f 8722 8481 8069
f 8722 8069 8041
f 10538 9158 8504
f 10538 8504 10033
f 9158 8685 10454
f 9158 10454 8504
f 8504 10454 10345
f 8504 10345 9817
f 10033 8504 9817
f 10033 9817 9522
f 9393 9723 8743
f 9393 8743 9355
f 9723 9574 9695
f 9723 9695 8743
f 8743 9695 9469
f 8743 9469 9509
f 9355 8743 9509
f 9355 9509 8884
f 9188 9057 9902
f 9188 9902 10299
f 9057 9842 10069
f 9057 10069 9902
f 9902 10069 8570
f 9902 8570 10651
f 10299 9902 10651
f 10299 10651 10176
f 8688 9569 10359
f 8688 10359 9609
f 9569 9167 8199
f 9569 8199 10359
f 10359 8199 8363
f 10359 8363 8831
f 9609 10359 8831
f 9609 8831 8809
f 9633 9297 8762
f 9633 8762 9642
f 9297 10563 8264
f 9297 8264 8762
f 8762 8264 10416
f 8762 10416 9542
f 9642 8762 9542
f 9642 9542 9637
f 9034 9385 8089
f 9034 8089 9590
f 9385 8387 8724
f 9385 8724 8089
f 8089 8724 9047
f 8089 9047 8806
f 9590 8089 8806
f 9590 8806 10550
f 8544 10102 8320
f 8544 8320 8472
f 10102 8604 8165
f 10102 8165 8320
f 8320 8165 10013
f 8320 10013 8140
f 8472 8320 8140
f 8472 8140 8399
f 8265 9900 8752
f 8265 8752 8834
f 9900 10478 10467
f 9900 10467 8752
f 8752 10467 8604
f 8752 8604 10102
f 8834 8752 10102
f 8834 10102 8544
f 8838 8551 8134
f 8838 8134 8092
f 8551 8526 9562
f 8551 9562 8134
f 8134 9562 8884
f 8134 8884 9509
f 8092 8134 9509
f 8092 9509 9469
f 9041 9113 9292
f 9041 9292 10663
f 9113 8763 10349
f 9113 10349 9292
f 9292 10349 8187
f 9292 8187 8897
f 10663 9292 8897
f 10663 8897 9278
f 8429 9775 8084
f 8429 8084 9136
f 9775 8297 10632
f 9775 10632 8084
f 8084 10632 10304
f 8084 10304 10569
f 9136 8084 10569
f 9136 10569 8720
f 8262 9745 8540
f 8262 8540 9148
f 9745 8799 8426
f 9745 8426 8540
f 8540 8426 8960
f 8540 8960 9465
f 9148 8540 9465
f 9148 9465 10637
f 9466 8584 10087
f 9466 10087 8132
f 8584 10098 10085
f 8584 10085 10087
f 10087 10085 8364
f 10087 8364 8646
f 8132 10087 8646
f 8132 8646 10561
f 10322 9308 9335
f 10322 9335 8283
f 9308 8272 8475
f 9308 8475 9335
f 9335 8475 8685
f 9335 8685 9158
f 8283 9335 9158
f 8283 9158 10538
f 10031 9408 9496
f 10031 9496 9487
f 9408 8890 8537
f 9408 8537 9496
f 9496 8537 10478
f 9496 10478 9900
f 9487 9496 9900
f 9487 9900 8265
f 8665 9145 9343
f 8665 9343 9440
f 9145 10587 10369
f 9145 10369 9343
f 9343 10369 9421
f 9343 9421 9703
f 9440 9343 9703
f 9440 9703 10016
f 9568 9493 10380
f 9568 10380 8096
f 9493 10305 10062
f 9493 10062 10380
f 8096 10380 9721
f 8096 9721 9579
f 8097 9568 9826
f 8097 9826 8467
f 8467 9826 9159
f 8467 9159 9172
f 9172 9159 8417
f 9172 8417 8754
f 8754 8417 9674
f 8754 9674 10167
f 9268 8839 8980
f 9268 8980 10532
f 10532 8980 8108
f 10532 8108 8485
f 8485 8108 9055
f 8485 9055 8366
f 8366 9055 8879
f 8366 8879 8180
f 9885 8366 8180
f 9885 8180 8078
f 9253 8916 8732
f 9253 8732 10037
f 10037 8732 9578
f 10037 9578 9988
f 9988 9578 8668
f 9988 8668 8652
f 8652 8668 8857
f 8652 8857 8700
f 8869 8539 8858
f 8869 8858 8944
f 8969 10415 9541
f 8969 9541 8170
f 8170 9541 9636
f 8170 9636 9624
f 8118 9048 8807
f 8118 8807 8554
f 8554 8807 10549
f 8554 10549 8419
f 9870 9016 8880
f 9870 8880 9782
f 9655 9870 9782
f 9655 9782 10324
f 9166 8198 9193
f 9166 9193 9673
f 8198 8362 8081
f 8198 8081 9193
f 9193 8081 8800
f 9193 8800 9565
f 9673 9193 9565
f 9673 9565 9788
f 8483 8075 8321
f 8483 8321 8889
f 9438 8729 10307
f 9438 10307 8715
f 8729 8721 9789
f 8729 9789 10307
f 10307 9789 10415
f 10307 10415 8969
f 8438 8944 10453
f 8438 10453 10057
f 8944 8858 8701
f 8944 8701 10453
f 10453 8701 8507
f 10453 8507 10603
f 10057 10453 10603
f 10057 10603 9718
f 10457 8365 8647
f 10457 8647 8205
f 8205 8647 10561
f 8205 10561 10597
f 9217 8205 10597
f 9217 10597 8463
f 8839 8435 9235
f 8839 9235 8980
f 8435 9399 9240
f 8435 9240 9235
f 9235 9240 9138
f 9235 9138 9287
f 8980 9235 9287
f 8980 9287 8108
f 8108 9287 10707
f 8108 10707 9055
f 9287 9138 10649
f 9287 10649 10707
f 10707 10649 10042
f 10707 10042 9015
f 9055 10707 9015
f 9055 9015 8879
f 8916 10010 8827
f 8916 8827 8732
f 10010 10133 10118
f 10010 10118 8827
f 8827 10118 10120
f 8827 10120 9216
f 8732 8827 9216
f 8732 9216 9578
f 9578 9216 8351
f 9578 8351 8668
f 8351 10442 8648
f 8351 8648 9518
f 8668 8351 9518
f 8668 9518 8857
f 8129 9597 10301
f 8129 10301 8873
f 9597 10609 8912
f 9597 8912 10301
f 10301 8912 8293
f 10301 8293 8543
f 8873 10301 8543
f 8873 8543 8558
f 8558 8543 8384
f 8558 8384 9266
f 8543 8293 8696
f 8543 8696 8384
f 8384 8696 8765
f 8384 8765 10188
f 9266 8384 10188
f 9266 10188 10675
f 9624 9636 9686
f 9624 9686 8550
f 8550 9686 8959
f 8550 8959 9315
f 8606 10303 10570
f 8606 10570 10577
f 10577 10570 8721
f 10577 8721 8729
f 9400 10577 8729
f 9400 8729 9438
f 9575 9065 9484
f 9575 9484 10487
f 9065 10559 10321
f 9065 10321 9484
f 9484 10321 9432
f 9484 9432 9743
f 10487 9484 9743
f 10487 9743 10709
f 10152 9821 9779
f 10152 9779 10613
f 9821 10426 10606
f 9821 10606 9779
f 9779 10606 9857
f 9779 9857 9144
f 10613 9779 9144
f 10613 9144 10177
f 8595 8852 9410
f 8595 9410 9739
f 8852 9990 8355
f 8852 8355 9410
f 9410 8355 9512
f 9410 9512 10045
f 9739 9410 10045
f 9739 10045 8574
f 9244 9765 10254
f 9244 10254 8547
f 9765 8735 9358
f 9765 9358 10254
f 10254 9358 9189
f 10254 9189 10347
f 8547 10254 10347
f 8547 10347 9663
f 8052 10594 8749
f 8052 8749 8060
f 10594 9890 9751
f 10594 9751 8749
f 8749 9751 10462
f 8749 10462 10327
f 8060 8749 10327
f 8060 10327 8037
f 8451 8771 8192
f 8451 8192 10246
f 8771 9237 8442
f 8771 8442 8192
f 8192 8442 9279
f 8192 9279 10664
f 10246 8192 10664
f 10246 10664 9042
f 10533 8484 8107
f 10533 8107 8981
f 9267 10533 8981
f 9267 8981 8840
f 10559 9909 10622
f 10559 10622 10321
f 9909 9244 8547
f 9909 8547 10622
f 10622 8547 9663
f 10622 9663 9684
f 10321 10622 9684
f 10321 9684 9432
f 10426 8218 9964
f 10426 9964 10606
f 8218 8052 8060
f 8218 8060 9964
f 9964 8060 8037
f 9964 8037 10030
f 10606 9964 10030
f 10606 10030 9857
f 9990 10590 10092
f 9990 10092 8355
f 10590 8451 10246
f 10590 10246 10092
f 10092 10246 9042
f 10092 9042 8405
f 8355 10092 8405
f 8355 8405 9512
f 8466 9171 9159
f 8466 9159 9826
f 8096 8466 9826
f 8096 9826 9568
f 8735 8882 9306
f 8735 9306 9358
f 8882 10152 10613
f 8882 10613 9306
f 9306 10613 10177
f 9306 10177 10298
f 9358 9306 10298
f 9358 10298 9189
f 9890 10507 10576
f 9890 10576 9751
f 10507 8595 9739
f 10507 9739 10576
f 10576 9739 8574
f 10576 8574 9546
f 9751 10576 9546
f 9751 9546 10462
f 9237 9616 10281
f 9237 10281 8442
f 9616 9107 9830
f 9616 9830 10281
f 10281 9830 9100
f 10281 9100 8972
f 8442 10281 8972
f 8442 8972 9279
f 8917 8733 8828
f 8917 8828 10009
f 8733 9577 9215
f 8733 9215 8828
f 8828 9215 10121
f 8828 10121 10109
f 10009 8828 10109
f 10009 10109 10134
f 10186 9611 8990
f 10186 8990 8478
f 9611 8856 10475
f 9611 10475 8990
f 8990 10475 8440
f 8990 8440 9430
f 8478 8990 9430
f 8478 9430 8256
f 9577 8667 8352
f 9577 8352 9215
f 8667 8858 8539
f 8667 8539 8352
f 8352 8539 8649
f 8352 8649 10441
f 8569 8974 8994
f 8569 8994 10287
f 8974 8714 9277
f 8974 9277 8994
f 8994 9277 9523
f 8994 9523 10034
f 10287 8994 10034
f 10287 10034 10539
f 8764 10350 10060
f 8764 10060 10450
f 10350 8186 8203
f 10350 8203 10060
f 10060 8203 8545
f 10060 8545 8833
f 10450 10060 8833
f 10450 8833 8266
f 9049 8392 9068
f 9049 9068 9814
f 8392 10625 10615
f 8392 10615 9068
f 9068 10615 10249
f 9068 10249 8673
f 9814 9068 8673
f 9814 8673 10351
f 8047 9586 10641
f 8047 10641 8061
f 9586 10006 8409
f 9586 8409 10641
f 10641 8409 8173
f 10641 8173 10004
f 8061 10641 10004
f 8061 10004 8042
f 8856 9720 10160
f 8856 10160 10475
f 9720 8764 10450
f 9720 10450 10160
f 10160 10450 8266
f 10160 8266 9486
f 10475 10160 9486
f 10475 9486 8440
f 9949 9999 8590
f 9949 8590 9872
f 9999 9841 8304
f 9999 8304 8590
f 8590 8304 10323
f 8590 10323 8221
f 9872 8590 8221
f 9872 8221 9450
f 8714 9094 8163
f 8714 8163 9277
f 9094 8047 8061
f 9094 8061 8163
f 8163 8061 8042
f 8163 8042 8723
f 9277 8163 8723
f 9277 8723 9523
f 8186 10361 8103
f 8186 8103 8203
f 10361 8672 8909
f 10361 8909 8103
f 8103 8909 8399
f 8103 8399 8471
f 8203 8103 8471
f 8203 8471 8545
f 10625 8403 10285
f 10625 10285 10615
f 8403 9949 9872
f 8403 9872 10285
f 10285 9872 9450
f 10285 9450 9861
f 10615 10285 9861
f 10615 9861 10249
f 10006 8750 9708
f 10006 9708 8409
f 8750 10186 8478
f 8750 8478 9708
f 9708 8478 8256
f 9708 8256 8682
f 8409 9708 8682
f 8409 8682 8173
f 8653 8701 8858
f 8653 8858 8667
f 9987 8653 8667
f 9987 8667 9577
f 9841 10070 9713
f 9841 9713 8304
f 10070 8569 10287
f 10070 10287 9713
f 9713 10287 10539
f 9713 10539 8284
f 8304 9713 8284
f 8304 8284 10323
f 9884 8079 8181
f 9884 8181 8367
f 8367 8181 8880
f 8367 8880 9054
f 8484 8367 9054
f 8484 9054 8107
f 8998 9050 8252
f 8998 8252 10077
f 9050 10704 10266
f 9050 10266 8252
f 8252 10266 8535
f 8252 8535 8654
f 10077 8252 8654
f 10077 8654 8741
f 8534 8521 9996
f 8534 9996 8124
f 8521 8111 9865
f 8521 9865 9996
f 9996 9865 8942
f 9996 8942 9473
f 8124 9996 9473
f 8124 9473 9420
f 8040 9404 9115
f 8040 9115 8074
f 9404 8406 8610
f 9404 8610 9115
f 9115 8610 8740
f 9115 8740 10197
f 8074 9115 10197
f 8074 10197 8050
f 9206 8237 9564
f 9206 9564 8318
f 8237 9757 8248
f 8237 8248 9564
f 9564 8248 9892
f 9564 9892 8864
f 8318 9564 8864
f 8318 8864 8996
f 9213 8777 9318
f 9213 9318 9635
f 8777 9339 9264
f 8777 9264 9318
f 9318 9264 8528
f 9318 8528 8291
f 9635 9318 8291
f 9635 8291 8048
f 9155 10283 9134
f 9155 9134 8131
f 10283 9206 8307
f 10283 8307 9134
f 9134 8307 8189
f 9134 8189 9644
f 8055 8116 8698
f 8055 8698 8057
f 8116 9155 8131
f 8116 8131 8698
f 8189 8307 9838
f 8189 9838 8875
f 8307 9206 8318
f 8307 8318 9838
f 9838 8318 8996
f 9838 8996 10703
f 8942 8861 8156
f 8942 8156 9473
f 8861 9799 9480
f 8861 9480 8156
f 8156 9480 10588
f 8156 10588 10368
f 9473 8156 10368
f 9473 10368 9420
f 9799 9648 9736
f 9799 9736 9480
f 9648 9892 8248
f 9648 8248 9736
f 9736 8248 9757
f 9736 9757 9412
f 9480 9736 9412
f 9480 9412 10588
f 9036 9222 8802
f 9036 8802 9120
f 9222 8891 10644
f 9222 10644 8802
f 8802 10644 8111
f 8802 8111 8521
f 9120 8802 8521
f 9120 8521 8534
f 8406 9868 8842
f 8406 8842 8610
f 9868 9036 9120
f 9868 9120 8842
f 8842 9120 8534
f 8842 8534 8655
f 8610 8842 8655
f 8610 8655 8740
f 8999 9051 8179
f 8999 8179 9724
f 9051 10705 8422
f 9051 8422 8179
f 8179 8422 8866
f 8179 8866 8433
f 9724 8179 8433
f 9724 8433 8054
f 8528 9264 10446
f 8528 10446 9133
f 9264 9339 9161
f 9264 9161 10446
f 10446 9161 9206
f 10446 9206 10283
f 9133 10446 10283
f 9133 10283 9155
f 8048 8291 9809
f 8048 9809 8064
f 8291 8528 9133
f 8291 9133 9809
f 9809 9133 9155
f 9809 9155 8116
f 8064 9809 8116
f 8064 8116 8055
f 8382 8780 9726
f 8382 9726 9454
f 8780 8666 9146
f 8780 9146 9726
f 9726 9146 10588
f 9726 10588 9412
f 9454 9726 9412
f 9454 9412 9757
f 8382 9454 8100
f 8382 8100 9531
f 9454 9757 8237
f 9454 8237 8100
f 8100 8237 9206
f 8100 9206 9161
f 9531 8100 9161
f 9531 9161 9339
f 8666 9439 9342
f 8666 9342 9146
f 9439 10017 9702
f 9439 9702 9342
f 9342 9702 9420
f 9342 9420 10368
f 9146 9342 10368
f 9146 10368 10588
f 8999 10078 8251
f 8999 8251 9051
f 10078 8740 8655
f 10078 8655 8251
f 8251 8655 8534
f 8251 8534 10265
f 9051 8251 10265
f 9051 10265 10705
f 8054 8067 8401
f 8054 8401 9724
f 8067 8050 10197
f 8067 10197 8401
f 8401 10197 8740
f 8401 8740 10078
f 9724 8401 10078
f 9724 10078 8999
f 10017 8679 9520
f 10017 9520 9702
f 8679 10705 10265
f 8679 10265 9520
f 9520 10265 8534
f 9520 8534 8124
f 9702 9520 8124
f 9702 8124 9420
f 9798 8258 9168
f 9798 9168 8076
f 8258 8830 10337
f 8258 10337 9168
f 9168 10337 8942
f 9168 8942 9865
f 8076 9168 9865
f 8076 9865 8111
f 10013 9064 10277
f 10013 10277 8166
f 9064 10146 9356
f 9064 9356 10277
f 10277 9356 10149
f 10277 10149 9717
f 8166 10277 9717
f 8166 9717 8603
f 8984 10468 8936
f 8984 8936 9828
f 10468 8996 8864
f 10468 8864 8936
f 8936 8864 9892
f 8936 9892 9433
f 9828 8936 9433
f 9828 9433 10158
f 8560 8841 10054
f 8560 10054 9550
f 8841 8160 10036
f 8841 10036 10054
f 10054 10036 9012
f 10054 9012 9394
f 9550 10054 9394
f 9550 9394 8851
f 8612 9294 9506
f 8612 9506 10021
f 10021 9506 9099
f 10021 9099 8984
f 8393 9039 8210
f 8393 8210 10616
f 9039 9108 8567
f 9039 8567 8210
f 10616 8210 9294
f 10616 9294 8612
f 10525 10703 8996
f 10525 8996 10468
f 9099 10525 10468
f 9099 10468 8984
f 8942 10337 9938
f 8942 9938 8861
f 10337 8830 8506
f 10337 8506 9938
f 9938 8506 8747
f 9938 8747 8826
f 8861 9938 8826
f 8861 8826 9799
f 9799 8826 8345
f 9799 8345 9648
f 8826 8747 9952
f 8826 9952 8345
f 8345 9952 10158
f 8345 10158 9433
f 9648 8345 9433
f 9648 9433 9892
f 10477 10268 10656
f 10477 10656 8538
f 10268 9798 8076
f 10268 8076 10656
f 10656 8076 8111
f 10656 8111 10644
f 8538 10656 10644
f 8538 10644 8891
f 8603 9717 9273
f 8603 9273 10466
f 9717 10149 9361
f 9717 9361 9273
f 9273 9361 9798
f 9273 9798 10268
f 10466 9273 10268
f 10466 10268 10477
f 8113 10630 9622
f 8113 9622 10271
f 10630 9341 10480
f 10630 10480 9622
f 9622 10480 8560
f 9622 8560 9550
f 10271 9622 9550
f 10271 9550 8851
f 8311 9182 10072
f 8311 10072 10201
f 9182 10378 9078
f 9182 9078 10072
f 10072 9078 10041
f 10072 10041 9498
f 10201 10072 9498
f 10201 9498 10257
f 8437 9536 10172
f 8437 10172 9248
f 9536 8493 8473
f 9536 8473 10172
f 10172 8473 10041
f 10172 10041 9078
f 9248 10172 9078
f 9248 9078 10378
f 9012 9539 8087
f 9012 8087 9394
f 9539 8612 10021
f 9539 10021 8087
f 8087 10021 8984
f 8087 8984 8904
f 9394 8087 8904
f 9394 8904 8851
f 8160 10059 8501
f 8160 8501 10036
f 10059 8393 10616
f 10059 10616 8501
f 8501 10616 8612
f 8501 8612 9539
f 10036 8501 9539
f 10036 9539 9012
f 8113 9844 9325
f 8113 9325 9008
f 9844 10158 9952
f 9844 9952 9325
f 9325 9952 8747
f 9325 8747 9290
f 9008 9325 9290
f 9008 9290 8231
f 8113 10271 9835
f 8113 9835 9844
f 10271 8851 8904
f 10271 8904 9835
f 9835 8904 8984
f 9835 8984 9828
f 9844 9835 9828
f 9844 9828 10158
f 8231 9290 10079
f 8231 10079 9599
f 9290 8747 8506
f 9290 8506 10079
f 10079 8506 8830
f 10079 8830 9352
f 9599 10079 9352
f 9599 9352 8311
f 8437 9248 9226
f 8437 9226 9209
f 9248 10378 8955
f 9248 8955 9226
f 9226 8955 9798
f 9226 9798 9361
f 9209 9226 9361
f 9209 9361 10149
f 8493 9536 8933
f 8493 8933 9351
f 9536 8437 9209
f 9536 9209 8933
f 8933 9209 10149
f 8933 10149 9356
f 9351 8933 9356
f 9351 9356 10146
f 8311 9352 9406
f 8311 9406 9182
f 9352 8830 8258
f 9352 8258 9406
f 9406 8258 9798
f 9406 9798 8955
f 9182 9406 8955
f 9182 8955 10378
f 8311 10201 10684
f 8311 10684 9599
f 10201 10257 9131
f 10201 9131 10684
f 10684 9131 9819
f 10684 9819 10261
f 9599 10684 10261
f 9599 10261 8231
f 9341 10630 9975
f 9341 9975 9364
f 10630 8113 9008
f 10630 9008 9975
f 9975 9008 8231
f 9975 8231 10261
f 9364 9975 10261
f 9364 10261 9819
f 9179 10689 8727
f 9179 8727 10264
f 10689 9293 8228
f 10689 8228 8727
f 8727 8228 9784
f 8727 9784 10459
f 10264 8727 10459
f 10264 10459 10698
f 8040 8074 8599
f 8040 8599 9312
f 8074 8050 8557
f 8074 8557 8599
f 8599 8557 8976
f 8599 8976 9104
f 9312 8599 9104
f 9312 9104 10344
f 9692 8893 10420
f 9692 10420 9507
f 8893 9482 10654
f 8893 10654 10420
f 10420 10654 10181
f 10420 10181 9109
f 9507 10420 9109
f 9507 9109 10091
f 9213 9635 9942
f 9213 9942 8168
f 9635 8048 9417
f 9635 9417 9942
f 9942 9417 9187
f 9942 9187 10011
f 8168 9942 10011
f 8168 10011 8281
f 8561 9567 9556
f 8561 9556 9895
f 9556 9615 9077
f 9556 9077 9445
f 9895 9556 9445
f 9895 9445 9692
f 8055 8057 9020
f 8055 9020 9572
f 9572 9020 9567
f 9572 9567 8561
f 9077 8482 8497
f 9077 8497 9445
f 8497 10447 9482
f 8497 9482 8893
f 9445 8497 8893
f 9445 8893 9692
f 9784 8228 10652
f 9784 10652 9833
f 8228 9293 9959
f 8228 9959 10652
f 10652 9959 8220
f 10652 8220 8223
f 9833 10652 8223
f 9833 8223 10542
f 10542 8223 9603
f 10542 9603 9320
f 8223 8220 8360
f 8223 8360 9603
f 9603 8360 10091
f 9603 10091 9109
f 9320 9603 9109
f 9320 9109 10181
f 8686 8597 8348
f 8686 8348 8474
f 8597 9179 10264
f 8597 10264 8348
f 8348 10264 10698
f 8348 10698 8161
f 8474 8348 8161
f 8474 8161 8273
f 10344 9104 8913
f 10344 8913 10455
f 9104 8976 9061
f 9104 9061 8913
f 8913 9061 9179
f 8913 9179 8597
f 10455 8913 8597
f 10455 8597 8686
f 9707 10628 8143
f 9707 8143 10673
f 10628 8054 8433
f 10628 8433 8143
f 8143 8433 8866
f 8143 8866 9027
f 10673 8143 9027
f 10673 9027 8867
f 9187 9561 8153
f 9187 8153 10011
f 9561 8561 9895
f 9561 9895 8153
f 8153 9895 9692
f 8153 9692 9003
f 10011 8153 9003
f 10011 9003 8281
f 8048 8064 10521
f 8048 10521 9417
f 8064 8055 9572
f 8064 9572 10521
f 10521 9572 8561
f 10521 8561 9561
f 9417 10521 9561
f 9417 9561 9187
f 8887 9529 9329
f 8887 9329 9082
f 9529 10091 8360
f 9529 8360 9329
f 9329 8360 8220
f 9329 8220 9896
f 9082 9329 9896
f 9082 9896 9362
f 8887 9660 9732
f 8887 9732 9529
f 9660 8281 9003
f 9660 9003 9732
f 9732 9003 9692
f 9732 9692 9507
f 9529 9732 9507
f 9529 9507 10091
f 9362 9896 8278
f 9362 8278 10373
f 9896 8220 9959
f 9896 9959 8278
f 8278 9959 9293
f 8278 9293 9045
f 10373 8278 9045
f 10373 9045 8927
f 9707 10673 9029
f 9707 9029 8637
f 10673 8867 9441
f 10673 9441 9029
f 9029 9441 9179
f 9029 9179 9061
f 8637 9029 9061
f 8637 9061 8976
f 8054 10628 9281
f 8054 9281 8067
f 10628 9707 8637
f 10628 8637 9281
f 9281 8637 8976
f 9281 8976 8557
f 8067 9281 8557
f 8067 8557 8050
f 8927 9045 8253
f 8927 8253 8579
f 9045 9293 10689
f 9045 10689 8253
f 8253 10689 9179
f 8253 9179 9441
f 8579 8253 9441
f 8579 9441 8867
f 8931 9620 9524
f 8931 9524 10531
f 9620 10698 10459
f 9620 10459 9524
f 9524 10459 9784
f 9524 9784 10015
f 10531 9524 10015
f 10531 10015 9863
f 8712 10640 8500
f 8712 8500 8651
f 10640 10104 8986
f 10640 8986 8500
f 8500 8986 10202
f 8500 10202 8357
f 8651 8500 8357
f 8651 8357 8598
f 9904 10501 8449
f 9904 8449 9402
f 10501 8151 10540
f 10501 10540 8449
f 8449 10540 10181
f 8449 10181 10654
f 9402 8449 10654
f 9402 10654 9482
f 10195 9141 8664
f 10195 8664 9853
f 9141 9846 9338
f 9141 9338 8664
f 8664 9338 9691
f 8664 9691 10313
f 9853 8664 10313
f 9853 10313 10648
f 10097 8576 9195
f 10097 9195 9419
f 8576 9904 8659
f 8576 8659 9195
f 9296 8200 9491
f 9296 9491 8684
f 8200 10097 9419
f 8200 9419 9491
f 8684 9491 10192
f 8684 10192 10697
f 8659 9904 9402
f 8659 9402 9514
f 9514 9402 9482
f 9514 9482 10447
f 9784 9833 8769
f 9784 8769 10015
f 9833 10542 8316
f 9833 8316 8769
f 8769 8316 9966
f 8769 9966 10270
f 10015 8769 10270
f 10015 10270 9863
f 10542 9320 9468
f 10542 9468 8316
f 9320 10181 10540
f 9320 10540 9468
f 9468 10540 8151
f 9468 8151 10431
f 8316 9468 10431
f 8316 10431 9966
f 8302 9173 9688
f 8302 9688 10076
f 9173 8273 8161
f 9173 8161 9688
f 9688 8161 10698
f 9688 10698 9620
f 10076 9688 9620
f 10076 9620 8931
f 10104 9323 8411
f 10104 8411 8986
f 9323 8302 10076
f 9323 10076 8411
f 8411 10076 8931
f 8411 8931 8354
f 8986 8411 8354
f 8986 8354 10202
f 9573 10073 9062
f 9573 9062 9722
f 10073 9846 9141
f 10073 9141 9062
f 9062 9141 10195
f 9062 10195 9849
f 9722 9062 9849
f 9722 9849 9393
f 8837 8552 8641
f 8837 8641 8531
f 8552 8526 10273
f 8552 10273 8641
f 8641 10273 8677
f 8641 8677 8091
f 8531 8641 8091
f 8531 8091 9940
f 9251 8443 10185
f 9251 10185 8159
f 8443 9940 8091
f 8443 8091 10185
f 10185 8091 8677
f 10185 8677 9225
f 8159 10185 9225
f 8159 9225 10278
f 9691 9338 8905
f 9691 8905 8154
f 9338 9846 8702
f 9338 8702 8905
f 8905 8702 9904
f 8905 9904 8576
f 8154 8905 8576
f 8154 8576 10097
f 10648 10313 10274
f 10648 10274 8658
f 10313 9691 8154
f 10313 8154 10274
f 10274 8154 10097
f 10274 10097 8200
f 8658 10274 8200
f 8658 8200 9296
f 9573 9696 10602
f 9573 10602 9448
f 9696 9470 9427
f 9696 9427 10602
f 10602 9427 9966
f 10602 9966 10431
f 9448 10602 10431
f 9448 10431 8151
f 9573 9448 8859
f 9573 8859 10073
f 9448 8151 10501
f 9448 10501 8859
f 8859 10501 9904
f 8859 9904 8702
f 10073 8859 8702
f 10073 8702 9846
f 9470 8093 8634
f 9470 8634 9427
f 8093 8837 8370
f 8093 8370 8634
f 8634 8370 9863
f 8634 9863 10270
f 9427 8634 10270
f 9427 10270 9966
f 9251 8495 9471
f 9251 9471 8443
f 8495 10202 8354
f 8495 8354 9471
f 9471 8354 8931
f 9471 8931 8778
f 8443 9471 8778
f 8443 8778 9940
f 10278 9387 8815
f 10278 8815 8159
f 9387 8598 8357
f 9387 8357 8815
f 8815 8357 10202
f 8815 10202 8495
f 8159 8815 8495
f 8159 8495 9251
f 8837 8531 9310
f 8837 9310 8370
f 8531 9940 8778
f 8531 8778 9310
f 9310 8778 8931
f 9310 8931 10531
f 8370 9310 10531
f 8370 10531 9863
f 8837 8093 8133
f 8837 8133 8552
f 8093 9470 9510
f 8093 9510 8133
f 8133 9510 8884
f 8133 8884 9562
f 8552 8133 9562
f 8552 9562 8526
f 9393 9355 8742
f 9393 8742 9722
f 9355 8884 9510
f 9355 9510 8742
f 8742 9510 9470
f 8742 9470 9696
f 9722 8742 9696
f 9722 9696 9573
f 9948 9873 8589
f 9948 8589 9998
f 9873 9449 8222
f 9873 8222 8589
f 8589 8222 10322
f 8589 10322 8305
f 9998 8589 8305
f 9998 8305 9842
f 8114 9843 9836
f 8114 9836 10272
f 9843 10157 9829
f 9843 9829 9836
f 9836 9829 8983
f 9836 8983 8903
f 10272 9836 8903
f 10272 8903 8850
f 10427 10607 9963
f 10427 9963 8217
f 10607 9858 10029
f 10607 10029 9963
f 9963 10029 8038
f 9963 8038 8059
f 8217 9963 8059
f 8217 8059 8053
f 8611 10020 9505
f 8611 9505 9295
f 10020 8983 9098
f 10020 9098 9505
f 8558 9266 8385
f 8558 8385 8542
f 9266 10675 10189
f 9266 10189 8385
f 8385 10189 8121
f 8385 8121 9852
f 8542 8385 9852
f 8542 9852 8148
f 8604 10467 9272
f 8604 9272 9716
f 10467 10478 10267
f 10467 10267 9272
f 9272 10267 9797
f 9272 9797 9360
f 9716 9272 9360
f 9716 9360 10150
f 9891 9752 10575
f 9891 10575 10506
f 9752 10463 9545
f 9752 9545 10575
f 10575 9545 8573
f 10575 8573 9738
f 10506 10575 9738
f 10506 9738 8594
f 9049 9814 9067
f 9049 9067 8391
f 9814 10351 8674
f 9814 8674 9067
f 9067 8674 10248
f 9067 10248 10614
f 8391 9067 10614
f 8391 10614 10626
f 8046 8062 10642
f 8046 10642 9587
f 8062 8041 10003
f 8062 10003 10642
f 10642 10003 8172
f 10642 8172 8408
f 9587 10642 8408
f 9587 8408 10005
f 10483 10476 10159
f 10483 10159 9719
f 10476 10031 9487
f 10476 9487 10159
f 10159 9487 8265
f 10159 8265 10451
f 9719 10159 10451
f 9719 10451 8763
f 8452 10247 8191
f 8452 8191 8772
f 10247 9041 10663
f 10247 10663 8191
f 8191 10663 9278
f 8191 9278 8441
f 8772 8191 8441
f 8772 8441 9238
f 8393 10617 8211
f 8393 8211 9039
f 10617 8611 9295
f 10617 9295 8211
f 9039 8211 8568
f 9039 8568 9108
f 8983 9829 8935
f 8983 8935 10469
f 9829 10157 9434
f 9829 9434 8935
f 8935 9434 9893
f 8935 9893 8863
f 10469 8935 8863
f 10469 8863 8997
f 9797 8077 9169
f 9797 9169 8257
f 8077 8112 8317
f 8077 8317 9169
f 9169 8317 8941
f 9169 8941 10336
f 8257 9169 10336
f 8257 10336 8829
f 9575 10487 9485
f 9575 9485 9066
f 10487 10709 9744
f 10487 9744 9485
f 9485 9744 9431
f 9485 9431 10320
f 9066 9485 10320
f 9066 10320 10560
f 10478 8537 10657
f 10478 10657 10267
f 8537 8890 10645
f 8537 10645 10657
f 10657 10645 8112
f 10657 8112 8077
f 10267 10657 8077
f 10267 8077 9797
f 8594 9738 9411
f 8594 9411 8853
f 9738 8573 10046
f 9738 10046 9411
f 9411 10046 9511
f 9411 9511 8356
f 8853 9411 8356
f 8853 8356 9989
f 10151 10612 9778
f 10151 9778 9820
f 10612 10176 9143
f 10612 9143 9778
f 9778 9143 9858
f 9778 9858 10607
f 9820 9778 10607
f 9820 10607 10427
f 9245 8548 10253
f 9245 10253 9764
f 8548 9662 10346
f 8548 10346 10253
f 10253 10346 9188
f 10253 9188 9359
f 9764 10253 9359
f 9764 9359 8734
f 10560 10320 10621
f 10560 10621 9910
f 10320 9431 9683
f 10320 9683 10621
f 10621 9683 9662
f 10621 9662 8548
f 9910 10621 8548
f 9910 8548 9245
f 8114 9007 9326
f 8114 9326 9843
f 9007 8230 9289
f 9007 9289 9326
f 9326 9289 8746
f 9326 8746 9951
f 9843 9326 9951
f 9843 9951 10157
f 8053 8059 8748
f 8053 8748 10593
f 8059 8038 10326
f 8059 10326 8748
f 8748 10326 10463
f 8748 10463 9752
f 10593 8748 9752
f 10593 9752 9891
f 8039 9313 8600
f 8039 8600 8073
f 9313 10345 9105
f 9313 9105 8600
f 8600 9105 8977
f 8600 8977 8556
f 8073 8600 8556
f 8073 8556 8051
f 9341 9364 9974
f 9341 9974 10631
f 9364 9819 10260
f 9364 10260 9974
f 9974 10260 8230
f 9974 8230 9007
f 10631 9974 9007
f 10631 9007 8114
f 9035 9119 8801
f 9035 8801 9221
f 9119 8535 8520
f 9119 8520 8801
f 8801 8520 8112
f 8801 8112 10645
f 9221 8801 10645
f 9221 10645 8890
f 8998 9725 8178
f 8998 8178 9050
f 9725 8045 8432
f 9725 8432 8178
f 8178 8432 8865
f 8178 8865 8423
f 9050 8178 8423
f 9050 8423 10704
f 8187 8202 8102
f 8187 8102 10360
f 8202 8544 8472
f 8202 8472 8102
f 8102 8472 8399
f 8102 8399 8909
f 10360 8102 8909
f 10360 8909 8672
f 9238 8441 10282
f 9238 10282 9617
f 8441 9278 8973
f 8441 8973 10282
f 10282 8973 9100
f 10282 9100 9830
f 9617 10282 9830
f 9617 9830 9107
f 9842 8305 9712
f 9842 9712 10069
f 8305 10322 8283
f 8305 8283 9712
f 9712 8283 10538
f 9712 10538 10288
f 10069 9712 10288
f 10069 10288 8570
f 10626 10614 10286
f 10626 10286 8402
f 10614 10248 9862
f 10614 9862 10286
f 10286 9862 9449
f 10286 9449 9873
f 8402 10286 9873
f 8402 9873 9948
f 8713 9276 8164
f 8713 8164 9095
f 9276 9522 8722
f 9276 8722 8164
f 8164 8722 8041
f 8164 8041 8062
f 9095 8164 8062
f 9095 8062 8046
f 8941 9474 8157
f 8941 8157 8862
f 9474 9421 10369
f 9474 10369 8157
f 8157 10369 10587
f 8157 10587 9481
f 8862 8157 9481
f 8862 9481 9800
f 8039 8073 9116
f 8039 9116 9405
f 8073 8051 10196
f 8073 10196 9116
f 9116 10196 8741
f 9116 8741 8609
f 9405 9116 8609
f 9405 8609 8407
f 9800 9481 9735
f 9800 9735 9649
f 9481 10587 9413
f 9481 9413 9735
f 9735 9413 9758
f 9735 9758 8247
f 9649 9735 8247
f 9649 8247 9893
f 8049 8063 9810
f 8049 9810 8292
f 8063 8056 8115
f 8063 8115 9810
f 9810 8115 9156
f 9810 9156 9132
f 8292 9810 9132
f 8292 9132 8527
f 9156 8130 9135
f 9156 9135 10284
f 9135 9645 8188
f 9135 8188 8306
f 10284 9135 8306
f 10284 8306 9207
f 10187 8479 8989
f 10187 8989 9610
f 8479 8255 8872
f 8479 8872 8989
f 8989 8872 10031
f 8989 10031 10476
f 9610 8989 10476
f 9610 10476 10483
f 8763 10451 10061
f 8763 10061 10349
f 10451 8265 8834
f 10451 8834 10061
f 10061 8834 8544
f 10061 8544 8202
f 10349 10061 8202
f 10349 8202 8187
f 8535 8125 9997
f 8535 9997 8520
f 8125 9421 9474
f 8125 9474 9997
f 9997 9474 8941
f 9997 8941 8317
f 8520 9997 8317
f 8520 8317 8112
f 10005 8408 9709
f 10005 9709 8751
f 8408 8172 8681
f 8408 8681 9709
f 9709 8681 8255
f 9709 8255 8479
f 8751 9709 8479
f 8751 8479 10187
f 9214 9634 9319
f 9214 9319 8776
f 9634 8049 8292
f 9634 8292 9319
f 9319 8292 8527
f 9319 8527 9265
f 8776 9319 9265
f 8776 9265 9340
f 9207 8319 9563
f 9207 9563 8238
f 8319 8997 8863
f 8319 8863 9563
f 9563 8863 9893
f 9563 9893 8247
f 8238 9563 8247
f 8238 8247 9758
f 8188 8876 9839
f 8188 9839 8306
f 9839 10702 8997
f 9839 8997 8319
f 8306 9839 8319
f 8306 8319 9207
f 8383 9455 9727
f 8383 9727 8781
f 9455 9758 9413
f 9455 9413 9727
f 9727 9413 10587
f 9727 10587 9145
f 8781 9727 9145
f 8781 9145 8665
f 8527 9132 10445
f 8527 10445 9265
f 9132 9156 10284
f 9132 10284 10445
f 10445 10284 9207
f 10445 9207 9160
f 9265 10445 9160
f 9265 9160 9340
f 8407 8609 8843
f 8407 8843 9867
f 8609 8741 8654
f 8609 8654 8843
f 8843 8654 8535
f 8843 8535 9119
f 9867 8843 9119
f 9867 9119 9035
f 8570 10288 8995
f 8570 8995 8975
f 10288 10538 10033
f 10288 10033 8995
f 8995 10033 9522
f 8995 9522 9276
f 8975 8995 9276
f 8975 9276 8713
f 8056 8058 8699
f 8056 8699 8115
f 8115 8699 8130
f 8115 8130 9156
f 8045 8068 9280
f 8045 9280 10629
f 8068 8051 8556
f 8068 8556 9280
f 9280 8556 8977
f 9280 8977 8636
f 10629 9280 8636
f 10629 8636 9706
f 8436 9208 9227
f 8436 9227 9249
f 9208 10150 9360
f 9208 9360 9227
f 9227 9360 9797
f 9227 9797 8956
f 9249 9227 8956
f 9249 8956 10379
f 8888 9081 9328
f 8888 9328 9528
f 9081 9363 9897
f 9081 9897 9328
f 9328 9897 8219
f 9328 8219 8361
f 9528 9328 8361
f 9528 8361 10090
f 8560 9551 10053
f 8560 10053 8841
f 9551 8850 8374
f 9551 8374 10053
f 10053 8374 9011
f 10053 9011 10035
f 8841 10053 10035
f 8841 10035 8160
f 9098 8983 10469
f 9098 10469 10526
f 10526 10469 8997
f 10526 8997 10702
f 8114 10272 9623
f 8114 9623 10631
f 10272 8850 9551
f 10272 9551 9623
f 9623 9551 8560
f 9623 8560 10480
f 10631 9623 10480
f 10631 10480 9341
f 8049 9418 10522
f 8049 10522 8063
f 9418 9186 9560
f 9418 9560 10522
f 10522 9560 8562
f 10522 8562 9571
f 8063 10522 9571
f 8063 9571 8056
f 8888 9528 9733
f 8888 9733 9661
f 9528 10090 9508
f 9528 9508 9733
f 9733 9508 9693
f 9733 9693 9002
f 9661 9733 9002
f 9661 9002 8280
f 9363 10374 8279
f 9363 8279 9897
f 10374 8926 9046
f 10374 9046 8279
f 8279 9046 8290
f 8279 8290 9960
f 9897 8279 9960
f 9897 9960 8219
f 9706 8636 9030
f 9706 9030 10674
f 8636 8977 9060
f 8636 9060 9030
f 9030 9060 9180
f 9030 9180 9442
f 10674 9030 9442
f 10674 9442 8868
f 8312 9181 9407
f 8312 9407 9353
f 9181 10379 8956
f 9181 8956 9407
f 9407 8956 9797
f 9407 9797 8257
f 9353 9407 8257
f 9353 8257 8829
f 9011 8374 8086
f 9011 8086 9540
f 8374 8850 8903
f 8374 8903 8086
f 8086 8903 8983
f 8086 8983 10020
f 9540 8086 10020
f 9540 10020 8611
f 10013 8165 10276
f 10013 10276 9064
f 8165 8604 9716
f 8165 9716 10276
f 10276 9716 10150
f 10276 10150 9357
f 9064 10276 9357
f 9064 9357 10146
f 10016 9703 9519
f 10016 9519 8680
f 9703 9421 8125
f 9703 8125 9519
f 9519 8125 8535
f 9519 8535 10266
f 8680 9519 10266
f 8680 10266 10704
f 8941 8862 9939
f 8941 9939 10336
f 8862 9800 8825
f 8862 8825 9939
f 9939 8825 8746
f 9939 8746 8505
f 10336 9939 8505
f 10336 8505 8829
f 9800 9649 8346
f 9800 8346 8825
f 9649 9893 9434
f 9649 9434 8346
f 8346 9434 10157
f 8346 10157 9951
f 8825 8346 9951
f 8825 9951 8746
f 8436 9249 10171
f 8436 10171 9535
f 9249 10379 8099
f 9249 8099 10171
f 10171 8099 10041
f 10171 10041 8473
f 9535 10171 8473
f 9535 8473 8493
f 8312 9164 10071
f 8312 10071 9181
f 9164 10257 9498
f 9164 9498 10071
f 10071 9498 10041
f 10071 10041 8099
f 9181 10071 8099
f 9181 8099 10379
f 8160 10035 8502
f 8160 8502 10059
f 10035 9011 9540
f 10035 9540 8502
f 8502 9540 8611
f 8502 8611 10617
f 10059 8502 10617
f 10059 10617 8393
f 8312 9598 10685
f 8312 10685 9164
f 9598 8230 10260
f 9598 10260 10685
f 10685 10260 9819
f 10685 9819 9131
f 9164 10685 9131
f 9164 9131 10257
f 8493 9351 8932
f 8493 8932 9535
f 9351 10146 9357
f 9351 9357 8932
f 8932 9357 10150
f 8932 10150 9208
f 9535 8932 9208
f 9535 9208 8436
f 8230 9598 10080
f 8230 10080 9289
f 9598 8312 9353
f 9598 9353 10080
f 10080 9353 8829
f 10080 8829 8505
f 9289 10080 8505
f 9289 8505 8746
f 9693 9508 10419
f 9693 10419 8892
f 9508 10090 9110
f 9508 9110 10419
f 10419 9110 10182
f 10419 10182 10655
f 8892 10419 10655
f 8892 10655 9483
f 9180 10263 8728
f 9180 8728 10690
f 10263 10699 10460
f 10263 10460 8728
f 8728 10460 9783
f 8728 9783 8229
f 10690 8728 8229
f 10690 8229 8290
f 8838 8530 8640
f 8838 8640 8551
f 8530 9941 8090
f 8530 8090 8640
f 8640 8090 8677
f 8640 8677 10273
f 8551 8640 10273
f 8551 10273 8526
f 10648 8658 10275
f 10648 10275 10312
f 8658 9296 8201
f 8658 8201 10275
f 10275 8201 10096
f 10275 10096 8155
f 10312 10275 8155
f 10312 8155 9690
f 8926 8578 8254
f 8926 8254 9046
f 8578 8868 9442
f 8578 9442 8254
f 8254 9442 9180
f 8254 9180 10690
f 9046 8254 10690
f 9046 10690 8290
f 8685 8475 8347
f 8685 8347 8596
f 8475 8272 8162
f 8475 8162 8347
f 8347 8162 10699
f 8347 10699 10263
f 8596 8347 10263
f 8596 10263 9180
f 10195 9853 8663
f 10195 8663 9142
f 9853 10648 10312
f 9853 10312 8663
f 8663 10312 9690
f 8663 9690 9337
f 9142 8663 9337
f 9142 9337 9845
f 8712 8651 8499
f 8712 8499 10639
f 8651 8598 8358
f 8651 8358 8499
f 8499 8358 10203
f 8499 10203 8985
f 10639 8499 8985
f 10639 8985 10105
f 8930 10530 9525
f 8930 9525 9621
f 10530 9864 10014
f 10530 10014 9525
f 9525 10014 9783
f 9525 9783 10460
f 9621 9525 10460
f 9621 10460 10699
f 9574 9723 9063
f 9574 9063 10074
f 9723 9393 9849
f 9723 9849 9063
f 9063 9849 10195
f 9063 10195 9142
f 10074 9063 9142
f 10074 9142 9845
f 9296 8684 9492
f 9296 9492 8201
f 8684 10697 10193
f 8684 10193 9492
f 8201 9492 8394
f 8201 8394 10096
f 9690 8155 8906
f 9690 8906 9337
f 8155 10096 8575
f 8155 8575 8906
f 8906 8575 9903
f 8906 9903 8703
f 9337 8906 8703
f 9337 8703 9845
f 9574 10074 8860
f 9574 8860 9447
f 10074 9845 8703
f 10074 8703 8860
f 8860 8703 9903
f 8860 9903 10502
f 9447 8860 10502
f 9447 10502 9147
f 10543 8315 8468
f 10543 8468 9321
f 8315 9965 10430
f 8315 10430 8468
f 8468 10430 9147
f 8468 9147 10541
f 9321 8468 10541
f 9321 10541 10182
f 10345 10454 8914
f 10345 8914 9105
f 10454 8685 8596
f 10454 8596 8914
f 8914 8596 9180
f 8914 9180 9060
f 9105 8914 9060
f 9105 9060 8977
f 9186 10012 8152
f 9186 8152 9560
f 10012 8280 9002
f 10012 9002 8152
f 8152 9002 9693
f 8152 9693 9894
f 9560 8152 9894
f 9560 9894 8562
f 10096 8394 9196
f 10096 9196 8575
f 8575 9196 8660
f 8575 8660 9903
f 9903 9403 8450
f 9903 8450 10502
f 9403 9483 10655
f 9403 10655 8450
f 8450 10655 10182
f 8450 10182 10541
f 10502 8450 10541
f 10502 10541 9147
f 9783 10014 8770
f 9783 8770 9834
f 10014 9864 10269
f 10014 10269 8770
f 8770 10269 9965
f 8770 9965 8315
f 9834 8770 8315
f 9834 8315 10543
f 9513 8810 9483
f 9513 9483 9403
f 8660 9513 9403
f 8660 9403 9903
f 10105 8985 8410
f 10105 8410 9322
f 8985 10203 8353
f 8985 8353 8410
f 8410 8353 8930
f 8410 8930 10075
f 9322 8410 10075
f 9322 10075 8303
f 9469 9426 8635
f 9469 8635 8092
f 9426 9965 10269
f 9426 10269 8635
f 8635 10269 9864
f 8635 9864 8371
f 8092 8635 8371
f 8092 8371 8838
f 9574 9447 10601
f 9574 10601 9695
f 9447 9147 10430
f 9447 10430 10601
f 10601 10430 9965
f 10601 9965 9426
f 9695 10601 9426
f 9695 9426 9469
f 9250 8158 10184
f 9250 10184 8444
f 8158 10278 9225
f 8158 9225 10184
f 10184 9225 8677
f 10184 8677 8090
f 8444 10184 8090
f 8444 8090 9941
f 9706 10674 8142
f 9706 8142 10629
f 10674 8868 9026
f 10674 9026 8142
f 8142 9026 8865
f 8142 8865 8432
f 10629 8142 8432
f 10629 8432 8045
f 8303 10075 9689
f 8303 9689 9174
f 10075 8930 9621
f 10075 9621 9689
f 9689 9621 10699
f 9689 10699 8162
f 9174 9689 8162
f 9174 8162 8272
f 8122 8708 8519
f 8122 8519 8768
f 8708 9340 9532
f 8708 9532 8519
f 8519 9532 8383
f 8519 8383 9986
f 8768 8519 9986
f 8768 9986 8177
f 10412 10043 9750
f 10412 9750 8120
f 10043 10016 8680
f 10043 8680 9750
f 9750 8680 10704
f 9750 10704 8412
f 8120 9750 8412
f 8120 8412 8877
f 8695 10536 9112
f 8695 9112 10572
f 10536 9214 8776
f 10536 8776 9112
f 9112 8776 9340
f 9112 9340 8708
f 10572 9112 8708
f 10572 8708 8122
f 10198 9231 9010
f 10198 9010 10557
f 9231 8280 8167
f 9231 8167 9010
f 9010 8167 9214
f 9010 9214 10536
f 10557 9010 10536
f 10557 10536 8695
f 8177 9986 9754
f 8177 9754 9803
f 9986 8383 8781
f 9986 8781 9754
f 9754 8781 8665
f 9754 8665 8958
f 9803 9754 8958
f 9803 8958 9728
f 9101 8756 9017
f 9101 9017 9811
f 8756 9363 9081
f 8756 9081 9017
f 9017 9081 8888
f 9017 8888 9014
f 9811 9017 9014
f 9811 9014 10514
f 8877 8412 10489
f 8877 10489 9037
f 8412 10704 8423
f 8412 8423 10489
f 10489 8423 8865
f 10489 8865 8795
f 9037 10489 8795
f 9037 8795 8185
f 8185 8795 8961
f 8185 8961 9995
f 8795 8865 9026
f 8795 9026 8961
f 8961 9026 8868
f 8961 8868 8533
f 9995 8961 8533
f 9995 8533 9993
f 9728 8958 10310
f 9728 10310 10364
f 8958 8665 9440
f 8958 9440 10310
f 10310 9440 10016
f 10310 10016 10043
f 10364 10310 10043
f 10364 10043 10412
f 8878 9038 10488
f 8878 10488 8413
f 9038 8184 8794
f 9038 8794 10488
f 10488 8794 8866
f 10488 8866 8422
f 8413 10488 8422
f 8413 8422 10705
f 8694 10571 9111
f 8694 9111 10537
f 10571 8123 8709
f 10571 8709 9111
f 9111 8709 9339
f 9111 9339 8777
f 10537 9111 8777
f 10537 8777 9213
f 8176 9804 8207
f 8176 8207 9985
f 9804 9729 8957
f 9804 8957 8207
f 8207 8957 8666
f 8207 8666 8780
f 9985 8207 8780
f 9985 8780 8382
f 8123 8767 8518
f 8123 8518 8709
f 8767 8176 9985
f 8767 9985 8518
f 8518 9985 8382
f 8518 8382 9531
f 8709 8518 9531
f 8709 9531 9339
f 9729 10363 10311
f 9729 10311 8957
f 10363 9324 10044
f 10363 10044 10311
f 10311 10044 10017
f 10311 10017 9439
f 8957 10311 9439
f 8957 9439 8666
f 9324 8119 9749
f 9324 9749 10044
f 8119 8878 8413
f 8119 8413 9749
f 9749 8413 10705
f 9749 10705 8679
f 10044 9749 8679
f 10044 8679 10017
f 8184 9994 8962
f 8184 8962 8794
f 9994 9992 8532
f 9994 8532 8962
f 8962 8532 8867
f 8962 8867 9027
f 8794 8962 9027
f 8794 9027 8866
f 10199 10556 9009
f 10199 9009 9232
f 10556 8694 10537
f 10556 10537 9009
f 9009 10537 9213
f 9009 9213 8168
f 9232 9009 8168
f 9232 8168 8281
f 9102 9812 9018
f 9102 9018 8755
f 9812 10515 9013
f 9812 9013 9018
f 9018 9013 8887
f 9018 8887 9082
f 8755 9018 9082
f 8755 9082 9362
f 10515 9681 8744
f 10515 8744 9013
f 9681 10199 9232
f 9681 9232 8744
f 8744 9232 8281
f 8744 8281 9660
f 9013 8744 9660
f 9013 9660 8887
f 10341 8465 10693
f 10341 10693 8718
f 8465 9102 8755
f 8465 8755 10693
f 10693 8755 9362
f 10693 9362 10373
f 8718 10693 10373
f 8718 10373 8927
f 9992 9654 9126
f 9992 9126 8532
f 9654 10341 8718
f 9654 8718 9126
f 9126 8718 8927
f 9126 8927 8579
f 8532 9126 8579
f 8532 8579 8867
f 10666 9494 9022
f 10666 9022 9748
f 9494 9184 10296
f 9494 10296 9022
f 9022 10296 10027
f 9022 10027 10504
f 9748 9022 10504
f 9748 10504 8690
f 9184 10082 8128
f 9184 8128 10296
f 10082 10339 9604
f 10082 9604 8128
f 8128 9604 9117
f 8128 9117 8565
f 10296 8128 8565
f 10296 8565 10027
f 10339 8945 8632
f 10339 8632 9604
f 8945 8803 10095
f 8945 10095 8632
f 8632 10095 10156
f 8632 10156 8213
f 9604 8632 8213
f 9604 8213 9117
f 8803 8476 8760
f 8803 8760 10095
f 8476 9976 9462
f 8476 9462 8760
f 8760 9462 9005
f 8760 9005 10528
f 10095 8760 10528
f 10095 10528 10156
f 8993 10101 9223
f 8993 9223 9504
f 10101 10510 10595
f 10101 10595 9223
f 9223 10595 9184
f 9223 9184 9494
f 9504 9223 9494
f 9504 9494 10666
f 10510 8250 9349
f 10510 9349 10595
f 8250 8901 8323
f 8250 8323 9349
f 9349 8323 10339
f 9349 10339 10082
f 10595 9349 10082
f 10595 10082 9184
f 8901 9435 9848
f 8901 9848 8323
f 9435 10623 10365
f 9435 10365 9848
f 9848 10365 8803
f 9848 8803 8945
f 8323 9848 8945
f 8323 8945 10339
f 10623 10166 10025
f 10623 10025 10365
f 10166 9282 8226
f 10166 8226 10025
f 10025 8226 9976
f 10025 9976 8476
f 10365 10025 8476
f 10365 8476 8803
f 8993 9504 9332
f 8993 9332 10567
f 9504 10666 10495
f 9504 10495 9332
f 9332 10495 8489
f 9332 8489 8513
f 10567 9332 8513
f 10567 8513 9255
f 9976 8226 10055
f 9976 10055 10169
f 8226 9282 8376
f 8226 8376 10055
f 10055 8376 9714
f 10055 9714 8845
f 10169 10055 8845
f 10169 8845 9983
f 10623 9435 10148
f 10623 10148 10555
f 9435 8901 10355
f 9435 10355 10148
f 10148 10355 9121
f 10148 9121 10067
f 10555 10148 10067
f 10555 10067 9582
f 9282 10166 8294
f 9282 8294 8376
f 10166 10623 10555
f 10166 10555 8294
f 8294 10555 9582
f 8294 9582 10524
f 8376 8294 10524
f 8376 10524 9714
f 8901 8250 9552
f 8901 9552 10355
f 8250 10510 9210
f 8250 9210 9552
f 9552 9210 9961
f 9552 9961 8919
f 10355 9552 8919
f 10355 8919 9121
f 10510 10101 8811
f 10510 8811 9210
f 10101 8993 10567
f 10101 10567 8811
f 8811 10567 9255
f 8811 9255 9906
f 9210 8811 9906
f 9210 9906 9961
f 10666 9748 8491
f 10666 8491 10495
f 9748 8690 10204
f 9748 10204 8491
f 8491 10204 9285
f 8491 9285 10619
f 10495 8491 10619
f 10495 10619 8489
f 9005 9462 9139
f 9005 9139 10610
f 9462 9976 10169
f 9462 10169 9139
f 9139 10169 9983
f 9139 9983 9533
f 10610 9139 9533
f 10610 9533 8693
f 9117 8213 8390
f 9117 8390 10316
f 8213 10156 8821
f 8213 8821 8390
f 8390 8821 8582
f 8390 8582 9652
f 10316 8390 9652
f 10316 9652 9303
f 10156 10528 10251
f 10156 10251 8821
f 10528 9005 10610
f 10528 10610 10251
f 10251 10610 8693
f 10251 8693 8818
f 8821 10251 8818
f 8821 8818 8582
f 10027 8565 8900
f 10027 8900 8517
f 8565 9117 10316
f 8565 10316 8900
f 8900 10316 9303
f 8900 9303 9824
f 8517 8900 9824
f 8517 9824 10449
f 8690 10504 10293
f 8690 10293 10204
f 10504 10027 8517
f 10504 8517 10293
f 10293 8517 10449
f 10293 10449 9345
f 10204 10293 9345
f 10204 9345 9285
f 8184 9038 10190
f 8184 10190 9489
f 9038 8878 10492
f 9038 10492 10190
f 10190 10492 9255
f 10190 9255 8513
f 9489 10190 8513
f 9489 8513 8489
f 8123 10571 8235
f 8123 8235 10065
f 10571 8694 8487
f 10571 8487 8235
f 8235 8487 9983
f 8235 9983 8845
f 10065 8235 8845
f 10065 8845 9714
f 9729 9804 8301
f 9729 8301 9968
f 9804 8176 9444
f 9804 9444 8301
f 8301 9444 9582
f 8301 9582 10067
f 9968 8301 10067
f 9968 10067 9121
f 8176 8767 8705
f 8176 8705 9444
f 8767 8123 10065
f 8767 10065 8705
f 8705 10065 9714
f 8705 9714 10524
f 9444 8705 10524
f 9444 10524 9582
f 9324 10363 8196
f 9324 8196 8109
f 10363 9729 9968
f 10363 9968 8196
f 8196 9968 9121
f 8196 9121 8919
f 8109 8196 8919
f 8109 8919 9961
f 8878 8119 8706
f 8878 8706 10492
f 8119 9324 8109
f 8119 8109 8706
f 8706 8109 9961
f 8706 9961 9906
f 10492 8706 9906
f 10492 9906 9255
f 9992 9994 9855
f 9992 9855 9176
f 9994 8184 9489
f 9994 9489 9855
f 9855 9489 8489
f 9855 8489 10619
f 9176 9855 10619
f 9176 10619 9285
f 8694 10556 9299
f 8694 9299 8487
f 10556 10199 9612
f 10556 9612 9299
f 9299 9612 8693
f 9299 8693 9533
f 8487 9299 9533
f 8487 9533 9983
f 10515 9812 10439
f 10515 10439 8214
f 9812 9102 10636
f 9812 10636 10439
f 10439 10636 9303
f 10439 9303 9652
f 8214 10439 9652
f 8214 9652 8582
f 10199 9681 9347
f 10199 9347 9612
f 9681 10515 8214
f 9681 8214 9347
f 9347 8214 8582
f 9347 8582 8818
f 9612 9347 8818
f 9612 8818 8693
f 9102 8465 9151
f 9102 9151 10636
f 8465 10341 9936
f 8465 9936 9151
f 9151 9936 10449
f 9151 10449 9824
f 10636 9151 9824
f 10636 9824 9303
f 10341 9654 9477
f 10341 9477 9936
f 9654 9992 9176
f 9654 9176 9477
f 9477 9176 9285
f 9477 9285 9345
f 9936 9477 9345
f 9936 9345 10449
f 10514 9014 8745
f 10514 8745 9682
f 9014 8888 9661
f 9014 9661 8745
f 8745 9661 8280
f 8745 8280 9231
f 9682 8745 9231
f 9682 9231 10198
f 10340 8717 10692
f 10340 10692 8464
f 8717 8926 10374
f 8717 10374 10692
f 10692 10374 9363
f 10692 9363 8756
f 8464 10692 8756
f 8464 8756 9101
f 9993 8533 9125
f 9993 9125 9653
f 8533 8868 8578
f 8533 8578 9125
f 9125 8578 8926
f 9125 8926 8717
f 9653 9125 8717
f 9653 8717 10340
f 10665 9747 9023
f 10665 9023 9495
f 9747 8689 10503
f 9747 10503 9023
f 9023 10503 10028
f 9023 10028 10297
f 9495 9023 10297
f 9495 10297 9183
f 9183 10297 8127
f 9183 8127 10081
f 10297 10028 8566
f 10297 8566 8127
f 8127 8566 9118
f 8127 9118 9605
f 10081 8127 9605
f 10081 9605 10338
f 10338 9605 8633
f 10338 8633 8946
f 9605 9118 8212
f 9605 8212 8633
f 8633 8212 10155
f 8633 10155 10094
f 8946 8633 10094
f 8946 10094 8804
f 8804 10094 8759
f 8804 8759 8477
f 10094 10155 10527
f 10094 10527 8759
f 8759 10527 9004
f 8759 9004 9463
f 8477 8759 9463
f 8477 9463 9977
f 8992 9503 9224
f 8992 9224 10100
f 9503 10665 9495
f 9503 9495 9224
f 9224 9495 9183
f 9224 9183 10596
f 10100 9224 10596
f 10100 10596 10511
f 10511 10596 9350
f 10511 9350 8249
f 10596 9183 10081
f 10596 10081 9350
f 9350 10081 10338
f 9350 10338 8322
f 8249 9350 8322
f 8249 8322 8902
f 8902 8322 9847
f 8902 9847 9436
f 8322 10338 8946
f 8322 8946 9847
f 9847 8946 8804
f 9847 8804 10366
f 9436 9847 10366
f 9436 10366 10624
f 10624 10366 10024
f 10624 10024 10165
f 10366 8804 8477
f 10366 8477 10024
f 10024 8477 9977
f 10024 9977 8225
f 10165 10024 8225
f 10165 8225 9283
f 8992 10568 9333
f 8992 9333 9503
f 10568 9254 8512
f 10568 8512 9333
f 9333 8512 8488
f 9333 8488 10496
f 9503 9333 10496
f 9503 10496 10665
f 9977 10170 10056
f 9977 10056 8225
f 10170 9984 8846
f 10170 8846 10056
f 10056 8846 9715
f 10056 9715 8377
f 8225 10056 8377
f 8225 8377 9283
f 10624 10554 10147
f 10624 10147 9436
f 10554 9581 10066
f 10554 10066 10147
f 10147 10066 9122
f 10147 9122 10354
f 9436 10147 10354
f 9436 10354 8902
f 9283 8377 8295
f 9283 8295 10165
f 8377 9715 10523
f 8377 10523 8295
f 8295 10523 9581
f 8295 9581 10554
f 10165 8295 10554
f 10165 10554 10624
f 8902 10354 9553
f 8902 9553 8249
f 10354 9122 8918
f 10354 8918 9553
f 9553 8918 9962
f 9553 9962 9211
f 8249 9553 9211
f 8249 9211 10511
f 10511 9211 8812
f 10511 8812 10100
f 9211 9962 9905
f 9211 9905 8812
f 8812 9905 9254
f 8812 9254 10568
f 10100 8812 10568
f 10100 10568 8992
f 10665 10496 8492
f 10665 8492 9747
f 10496 8488 10618
f 10496 10618 8492
f 8492 10618 9284
f 8492 9284 10205
f 9747 8492 10205
f 9747 10205 8689
f 9004 10611 9140
f 9004 9140 9463
f 10611 8692 9534
f 10611 9534 9140
f 9140 9534 9984
f 9140 9984 10170
f 9463 9140 10170
f 9463 10170 9977
f 9118 10317 8389
f 9118 8389 8212
f 10317 9304 9651
f 10317 9651 8389
f 8389 9651 8583
f 8389 8583 8822
f 8212 8389 8822
f 8212 8822 10155
f 10155 8822 10250
f 10155 10250 10527
f 8822 8583 8819
f 8822 8819 10250
f 10250 8819 8692
f 10250 8692 10611
f 10527 10250 10611
f 10527 10611 9004
f 10028 8516 8899
f 10028 8899 8566
f 8516 10448 9825
f 8516 9825 8899
f 8899 9825 9304
f 8899 9304 10317
f 8566 8899 10317
f 8566 10317 9118
f 8689 10205 10294
f 8689 10294 10503
f 10205 9284 9344
f 10205 9344 10294
f 10294 9344 10448
f 10294 10448 8516
f 10503 10294 8516
f 10503 8516 10028
f 8185 9488 10191
f 8185 10191 9037
f 9488 8488 8512
f 9488 8512 10191
f 10191 8512 9254
f 10191 9254 10493
f 9037 10191 10493
f 9037 10493 8877
f 8122 10064 8236
f 8122 8236 10572
f 10064 9715 8846
f 10064 8846 8236
f 8236 8846 9984
f 8236 9984 8486
f 10572 8236 8486
f 10572 8486 8695
f 9728 9967 8300
f 9728 8300 9803
f 9967 9122 10066
f 9967 10066 8300
f 8300 10066 9581
f 8300 9581 9443
f 9803 8300 9443
f 9803 9443 8177
f 8177 9443 8704
f 8177 8704 8768
f 9443 9581 10523
f 9443 10523 8704
f 8704 10523 9715
f 8704 9715 10064
f 8768 8704 10064
f 8768 10064 8122
f 10412 8110 8197
f 10412 8197 10364
f 8110 9962 8918
f 8110 8918 8197
f 8197 8918 9122
f 8197 9122 9967
f 10364 8197 9967
f 10364 9967 9728
f 8877 10493 8707
f 8877 8707 8120
f 10493 9254 9905
f 10493 9905 8707
f 8707 9905 9962
f 8707 9962 8110
f 8120 8707 8110
f 8120 8110 10412
f 9993 9175 9854
f 9993 9854 9995
f 9175 9284 10618
f 9175 10618 9854
f 9854 10618 8488
f 9854 8488 9488
f 9995 9854 9488
f 9995 9488 8185
f 8695 8486 9300
f 8695 9300 10557
f 8486 9984 9534
f 8486 9534 9300
f 9300 9534 8692
f 9300 8692 9613
f 10557 9300 9613
f 10557 9613 10198
f 10514 8215 10440
f 10514 10440 9811
f 8215 8583 9651
f 8215 9651 10440
f 10440 9651 9304
f 10440 9304 10635
f 9811 10440 10635
f 9811 10635 9101
f 10198 9613 9348
f 10198 9348 9682
f 9613 8692 8819
f 9613 8819 9348
f 9348 8819 8583
f 9348 8583 8215
f 9682 9348 8215
f 9682 8215 10514
f 9101 10635 9152
f 9101 9152 8464
f 10635 9304 9825
f 10635 9825 9152
f 9152 9825 10448
f 9152 10448 9937
f 8464 9152 9937
f 8464 9937 10340
f 10340 9937 9478
f 10340 9478 9653
f 9937 10448 9344
f 9937 9344 9478
f 9478 9344 9284
f 9478 9284 9175
f 9653 9478 9175
f 9653 9175 9993
f 9585 8987 8670
f 9585 8670 8396
f 8987 9166 9673
f 8987 9673 8670
f 8670 9673 9788
f 8670 9788 9006
f 8396 8670 9006
f 8396 9006 8523
f 8195 8288 10695
f 8195 10695 8710
f 8288 9618 10343
f 8288 10343 10695
f 10695 10343 10098
f 10695 10098 8584
f 8710 10695 8584
f 8710 8584 9466
f 10256 9024 9191
f 10256 9191 8662
f 9024 8964 8445
f 9024 8445 9191
f 9191 8445 8799
f 9191 8799 9745
f 8662 9191 9745
f 8662 9745 8262
f 9085 10382 8233
f 9085 8233 10701
f 10382 8967 10474
f 10382 10474 8233
f 8233 10474 8297
f 8233 8297 9775
f 10701 8233 9775
f 10701 9775 8429
f 8457 9875 8911
f 8457 8911 9607
f 9875 10410 8908
f 9875 8908 8911
f 8911 8908 8387
f 8911 8387 9385
f 9607 8911 9385
f 9607 9385 9034
f 9640 9032 8627
f 9640 8627 9627
f 9032 9331 8245
f 9032 8245 8627
f 8627 8245 10563
f 8627 10563 9297
f 9627 8627 9297
f 9627 9297 9633
f 8239 8775 9424
f 8239 9424 9592
f 8775 9584 8988
f 8775 8988 9424
f 9424 8988 9167
f 9424 9167 9569
f 9592 9424 9569
f 9592 9569 8688
f 9618 10599 9831
f 9618 9831 10343
f 10599 8457 9607
f 10599 9607 9831
f 9831 9607 9034
f 9831 9034 9658
f 10343 9831 9658
f 10343 9658 10098
f 8964 10319 8094
f 8964 8094 8445
f 10319 9640 9627
f 10319 9627 8094
f 8094 9627 9633
f 8094 9633 9972
f 8445 8094 9972
f 8445 9972 8799
f 8967 9392 10472
f 8967 10472 10474
f 9392 8239 9592
f 9392 9592 10472
f 10472 9592 8688
f 10472 8688 9881
f 10474 10472 9881
f 10474 9881 8297
f 10410 10604 8459
f 10410 8459 8908
f 10604 10256 8662
f 10604 8662 8459
f 8459 8662 8262
f 8459 8262 9475
f 8908 8459 9475
f 8908 9475 8387
f 9331 9256 10088
f 9331 10088 8245
f 9256 9085 10701
f 9256 10701 10088
f 10088 10701 8429
f 10088 8429 9499
f 8245 10088 9499
f 8245 9499 10563
f 9584 8395 8669
f 9584 8669 8988
f 8395 8523 9006
f 8395 9006 8669
f 8669 9006 9788
f 8669 9788 9672
f 8988 8669 9672
f 8988 9672 9167
f 8966 10473 10471
f 8966 10471 9391
f 10473 8296 9882
f 10473 9882 10471
f 10471 9882 8687
f 10471 8687 9591
f 9391 10471 9591
f 9391 9591 8240
f 9619 10342 9832
f 9619 9832 10598
f 10342 10099 8675
f 10342 8675 9832
f 9832 8675 9033
f 9832 9033 9606
f 10598 9832 9606
f 10598 9606 8458
f 10411 8907 8460
f 10411 8460 10605
f 8907 8386 9476
f 8907 9476 8460
f 8460 9476 8261
f 8460 8261 8661
f 10605 8460 8661
f 10605 8661 10255
f 8963 8446 8095
f 8963 8095 10318
f 8446 8798 9973
f 8446 9973 8095
f 8095 9973 9632
f 8095 9632 9626
f 10318 8095 9626
f 10318 9626 9641
f 9084 10700 8234
f 9084 8234 10383
f 10700 8428 9776
f 10700 9776 8234
f 8234 9776 8296
f 8234 8296 10473
f 10383 8234 10473
f 10383 10473 8966
f 8195 8710 10696
f 8195 10696 8289
f 8710 9466 8585
f 8710 8585 10696
f 10696 8585 10099
f 10696 10099 10342
f 8289 10696 10342
f 8289 10342 9619
f 8458 9606 8910
f 8458 8910 9874
f 9606 9033 9386
f 9606 9386 8910
f 8910 9386 8386
f 8910 8386 8907
f 9874 8910 8907
f 9874 8907 10411
f 10255 8661 9192
f 10255 9192 9025
f 8661 8261 9746
f 8661 9746 9192
f 9192 9746 8798
f 9192 8798 8446
f 9025 9192 8446
f 9025 8446 8963
f 9330 8246 10089
f 9330 10089 9257
f 8246 10562 9500
f 8246 9500 10089
f 10089 9500 8428
f 10089 8428 10700
f 9257 10089 10700
f 9257 10700 9084
f 9641 9626 8628
f 9641 8628 9031
f 9626 9632 9298
f 9626 9298 8628
f 8628 9298 10562
f 8628 10562 8246
f 9031 8628 8246
f 9031 8246 9330
f 8240 9591 9425
f 8240 9425 8774
f 9591 8687 9570
f 9591 9570 9425
f 9425 9570 9166
f 9425 9166 8987
f 8774 9425 8987
f 8774 8987 9585
f 8470 10163 8398
f 8470 8398 9806
f 10163 9238 9617
f 10163 9617 8398
f 8398 9617 9107
f 8398 9107 8242
f 9806 8398 8242
f 9806 8242 8773
f 8036 8044 9908
f 8036 9908 8136
f 8044 8053 10593
f 8044 10593 9908
f 9908 10593 9891
f 9908 9891 9270
f 8136 9908 9270
f 8136 9270 9177
f 10292 8586 10052
f 10292 10052 9795
f 8586 10560 9910
f 8586 9910 10052
f 10052 9910 9245
f 10052 9245 8431
f 9795 10052 8431
f 9795 8431 9593
f 9593 8431 10443
f 9593 10443 8275
f 8431 9245 9764
f 8431 9764 10443
f 10443 9764 8734
f 10443 8734 9801
f 8275 10443 9801
f 8275 9801 10432
f 9762 8259 10018
f 9762 10018 8244
f 8259 10151 9820
f 8259 9820 10018
f 10018 9820 10427
f 10018 10427 8416
f 8244 10018 8416
f 8244 8416 9516
f 10592 9456 10377
f 10592 10377 10022
f 9456 8594 8853
f 9456 8853 10377
f 10377 8853 9989
f 10377 9989 8929
f 10022 10377 8929
f 10022 8929 9886
f 8965 9459 10353
f 8965 10353 10535
f 9459 9575 9066
f 9459 9066 10353
f 10353 9066 10560
f 10353 10560 8586
f 10535 10353 8586
f 10535 8586 10292
f 9079 9258 10289
f 9079 10289 10544
f 9258 8452 8772
f 9258 8772 10289
f 10289 8772 9238
f 10289 9238 10163
f 10544 10289 10163
f 10544 10163 8470
f 9177 9270 10330
f 9177 10330 10547
f 9270 9891 10506
f 9270 10506 10330
f 10330 10506 8594
f 10330 8594 9456
f 10547 10330 9456
f 10547 9456 10592
f 9516 8416 10414
f 9516 10414 9559
f 8416 10427 8217
f 8416 8217 10414
f 10414 8217 8053
f 10414 8053 8044
f 9559 10414 8044
f 9559 8044 8036
f 8469 9805 8397
f 8469 8397 10164
f 9805 8773 8242
f 9805 8242 8397
f 8397 8242 9107
f 8397 9107 9616
f 10164 8397 9616
f 10164 9616 9237
f 9178 10546 10331
f 9178 10331 9269
f 10546 10591 9457
f 10546 9457 10331
f 10331 9457 8595
f 10331 8595 10507
f 9269 10331 10507
f 9269 10507 9890
f 10433 10329 9945
f 10433 9945 9802
f 10329 9761 8260
f 10329 8260 9945
f 9945 8260 10152
f 9945 10152 8882
f 9802 9945 8882
f 9802 8882 8735
f 9887 10512 9880
f 9887 9880 8928
f 10512 9080 9259
f 10512 9259 9880
f 9880 9259 8451
f 9880 8451 10590
f 8928 9880 10590
f 8928 10590 9990
f 9517 9558 10413
f 9517 10413 8415
f 9558 8035 8043
f 9558 8043 10413
f 10413 8043 8052
f 10413 8052 8218
f 8415 10413 8218
f 8415 8218 10426
f 10291 9796 10051
f 10291 10051 8587
f 9796 9594 8430
f 9796 8430 10051
f 10051 8430 9244
f 10051 9244 9909
f 8587 10051 9909
f 8587 9909 10559
f 9080 10545 10290
f 9080 10290 9259
f 10545 8469 10164
f 10545 10164 10290
f 10290 10164 9237
f 10290 9237 8771
f 9259 10290 8771
f 9259 8771 8451
f 8035 8135 9907
f 8035 9907 8043
f 8135 9178 9269
f 8135 9269 9907
f 9907 9269 9890
f 9907 9890 10594
f 8043 9907 10594
f 8043 10594 8052
f 9594 8274 10444
f 9594 10444 8430
f 8274 10433 9802
f 8274 9802 10444
f 10444 9802 8735
f 10444 8735 9765
f 8430 10444 9765
f 8430 9765 9244
f 10591 10023 10376
f 10591 10376 9457
f 10023 9887 8928
f 10023 8928 10376
f 10376 8928 9990
f 10376 9990 8852
f 9457 10376 8852
f 9457 8852 8595
f 9761 8243 10019
f 9761 10019 8260
f 8243 9517 8415
f 8243 8415 10019
f 10019 8415 10426
f 10019 10426 9821
f 8260 10019 9821
f 8260 9821 10152
f 8965 10534 10352
f 8965 10352 9459
f 10534 10291 8587
f 10534 8587 10352
f 10352 8587 10559
f 10352 10559 9065
f 9459 10352 9065
f 9459 9065 9575
f 10432 9801 9946
f 10432 9946 10328
f 9801 8734 8883
f 9801 8883 9946
f 9946 8883 10151
f 9946 10151 8259
f 10328 9946 8259
f 10328 8259 9762
f 9886 8929 9879
f 9886 9879 10513
f 8929 9989 10589
f 8929 10589 9879
f 9879 10589 8452
f 9879 8452 9258
f 10513 9879 9258
f 10513 9258 9079
f 10391 10395 8325
f 10391 8325 8326
f 10579 10580 8784
f 10579 8784 8785
f 9087 9086 9769
f 9087 9769 9770
f 9956 10220 10232
f 9956 10232 10498
f 8951 8950 10682
f 8951 10682 10683
f 10245 10242 8572
f 10245 8572 10324
f 10108 10122 10370
f 10108 10370 8869
f 10241 10208 10325
f 10241 10325 8571
f 10371 10125 10107
f 10371 10107 8870
f 10231 10222 9957
f 10231 9957 10499
f 8948 8947 9768
f 8948 9768 9767
f 10582 10581 8616
f 10582 8616 8617
f 9671 9670 8787
f 9671 8787 8788
f 9367 9368 9924
f 9367 9924 9920
f 10694 9666 10178
f 10694 10178 9885
f 10218 10233 9268
f 10218 9268 10532
f 10215 10218 10532
f 10215 10532 8485
f 9929 9931 9373
f 9929 9373 9376
f 9089 9088 9773
f 9089 9773 9774
f 10400 10402 10239
f 10400 10239 10236
f 10207 10216 8484
f 10207 8484 10533
f 10179 9667 9052
f 10179 9052 9884
f 10135 10140 9931
f 10135 9931 9929
f 10134 10141 8938
f 10134 8938 10009
f 10174 10678 9657
f 10174 9657 10442
f 9771 9772 9090
f 9771 9090 9091
f 8342 8340 10402
f 8342 10402 10400
f 8671 10679 10175
f 8671 10175 10441
f 10583 10586 8618
f 10583 8618 8619
f 8621 8620 10585
f 8621 10585 10584
f 10234 10207 10533
f 10234 10533 9267
f 10142 10133 10010
f 10142 10010 8937
f 10224 10214 10210
f 10224 10210 10219
f 9851 8286 10007
f 9851 10007 10200
f 10564 9911 9198
f 10564 9198 10553
f 8577 8456 10037
f 8577 10037 9988
f 9059 8915 9543
f 9059 9543 9288
f 10295 10173 8277
f 10295 8277 10481
f 8330 10392 10394
f 8330 10394 8329
f 8327 10393 10396
f 8327 10396 8328
f 9388 10252 8653
f 9388 8653 9987
f 9547 8844 9305
f 9547 9305 9171
f 10123 9921 9923
f 10123 9923 10124
f 9737 9263 10461
f 9737 10461 9260
f 8424 9547 9171
f 8424 9171 8466
f 8336 10403 10406
f 8336 10406 8335
f 9375 9926 9930
f 9375 9930 9372
f 9374 9927 9928
f 9374 9928 9371
f 9813 8204 8097
f 9813 8097 8467
f 8813 9827 10040
f 8813 10040 8104
f 9467 8968 8581
f 9467 8581 8434
f 10479 10574 9647
f 10479 9647 8854
f 10634 9756 9870
f 10634 9870 9655
f 8894 9130 9837
f 8894 9837 9807
f 9914 10114 10115
f 9914 10115 9917
f 10032 9971 9595
f 10032 9595 10193
f 10333 8369 9130
f 10333 9130 8894
f 9947 10026 8754
f 9947 8754 10167
f 9921 9365 9366
f 9921 9366 9923
f 9922 9369 9370
f 9922 9370 9925
f 8971 8593 8137
f 8971 8137 8567
f 10403 10228 10225
f 10403 10225 10406
f 9185 8462 10661
f 9185 10661 9871
f 8844 10691 10168
f 8844 10168 9305
f 9756 9202 9016
f 9756 9016 9870
f 9103 9526 8378
f 9103 8378 9596
f 9527 9860 8739
f 9527 8739 8650
f 10240 10397 10401
f 10240 10401 10235
f 10237 10398 10399
f 10237 10399 10238
f 8765 8285 9544
f 8765 9544 10188
f 9760 9399 8435
f 9760 8435 8580
f 10397 8344 8343
f 10397 8343 10401
f 10398 8341 8331
f 10398 8331 10399
f 10482 9813 8467
f 10482 8467 9172
f 10228 10240 10235
f 10228 10235 10225
f 8805 8515 10409
f 8805 10409 9787
f 10132 9933 9934
f 10132 9934 10145
f 9898 10485 8592
f 9898 8592 9694
f 8546 9301 9129
f 8546 9129 10669
f 8615 8678 10490
f 8615 10490 9878
f 10194 8145 8757
f 10194 8757 8881
f 8923 10008 9827
f 8923 9827 8813
f 9792 8758 8144
f 9792 8144 8820
f 10252 8507 8701
f 10252 8701 8653
f 10026 10482 9172
f 10026 9172 8754
f 10137 10132 10145
f 10137 10145 10138
f 10509 10706 9780
f 10509 9780 9850
f 8915 8121 10189
f 8915 10189 9543
f 9933 9381 9378
f 9933 9378 9934
f 9579 8424 8466
f 9579 8466 8096
f 8456 8310 9253
f 8456 9253 10037
f 8691 8591 10484
f 8691 10484 8171
f 9926 10137 10138
f 9926 10138 9930
f 9927 10136 10139
f 9927 10139 9928
f 10000 8613 9866
f 10000 9866 8876
f 10672 9127 9753
f 10672 9753 10192
f 9871 10661 9950
f 9871 9950 9458
f 10154 9700 10491
f 10154 10491 10470
f 8427 9859 8420
f 8427 8420 10620
f 10302 9698 8652
f 10302 8652 8700
f 9878 10490 9701
f 9878 9701 10458
f 8820 8144 10309
f 8820 10309 8529
f 8098 10362 10315
f 8098 10315 8568
f 8216 9388 9987
f 8216 9987 10038
f 10494 8823 10153
f 10494 10153 8875
f 10367 10609 9597
f 10367 9597 8379
f 10114 10123 10124
f 10114 10124 10115
f 10392 10224 10219
f 10392 10219 10394
f 9389 8979 8835
f 9389 8835 8719
f 9698 8577 9988
f 9698 9988 8652
f 10214 10387 10388
f 10214 10388 10210
f 10042 8276 9869
f 10042 9869 9015
f 8855 8381 9028
f 8855 9028 8564
f 9233 8216 10038
f 9233 10038 9252
f 8276 8737 9656
f 8276 9656 9869
f 8286 10008 10007
f 10008 8286 9827
f 9827 8286 10039
f 9827 10039 10040
f 10040 10039 9452
f 10040 9452 9453
f 9453 9452 10258
f 9453 10258 10259
f 10259 10258 10335
f 10259 10335 9263
f 9263 10335 8835
f 9263 8835 10461
f 10461 8835 8979
f 10461 8979 8978
f 8978 8979 9058
f 8978 9058 10706
f 10706 9058 10115
f 10115 9058 8232
f 10706 10115 10145
f 10145 10115 10124
f 10145 10124 10138
f 10115 8232 9917
f 9917 8232 9711
f 10124 9930 10138
f 9930 10124 9923
f 9930 9923 9372
f 9372 9923 9366
f 9372 9366 9243
f 9243 9366 9242
f 10145 9780 10706
f 9780 10145 9934
f 9780 9934 9378
f 9780 9378 10516
f 8375 9914 9346
f 9914 8375 9197
f 9914 9197 10114
f 10114 9197 10137
f 10137 9197 10132
f 9381 9911 10662
f 9911 9381 9933
f 9911 9933 9198
f 9198 9933 10132
f 9198 10132 9197
f 9198 9197 10425
f 9198 10425 9354
f 9354 10425 8592
f 9354 8592 8591
f 8591 8592 10485
f 8591 10485 10484
f 10484 10485 9000
f 10484 9000 9001
f 9001 9000 9793
f 9001 9793 9794
f 9794 9793 8461
f 9794 8461 8462
f 8462 8461 9028
f 8462 9028 10661
f 10661 9028 8381
f 10661 8381 9950
f 9365 9785 9786
f 9785 9365 9375
f 9375 9365 9921
f 9375 9921 9926
f 9926 9921 10137
f 10137 9921 10123
f 10137 10123 10114
f 10574 10225 9647
f 10225 10574 10406
f 10406 10574 8335
f 8335 10574 8271
f 10401 10219 10235
f 10219 10401 10394
f 10394 10401 8343
f 10394 8343 8329
f 8329 8343 8454
f 8329 8454 8455
f 10490 9700 9701
f 9700 10490 10491
f 10491 10490 8678
f 10491 8678 10308
f 10308 8678 9262
f 10308 9262 9261
f 9261 9262 8525
f 9261 8525 8524
f 8524 8525 8421
f 8421 8525 8420
f 8421 8420 9859
f 8421 9859 9860
f 9860 9859 9734
f 9860 9734 8739
f 8739 9734 9647
f 8739 9647 9646
f 9646 9647 10210
f 9646 10210 10573
f 10210 9647 10235
f 10235 9647 10225
f 10210 10235 10219
f 10573 10210 10388
f 10573 10388 10643
f 8344 10566 10565
f 10566 8344 8330
f 8330 8344 10392
f 10392 8344 10397
f 10392 10397 10224
f 10224 10397 10240
f 10409 8336 9685
f 8336 10409 10403
f 10403 10409 8515
f 10403 8515 10228
f 10228 8515 8514
f 8514 8515 8369
f 8369 8515 8368
f 8369 8368 9130
f 9130 8368 9129
f 9130 9129 9301
f 9130 9301 9837
f 9837 9301 9705
f 9837 9705 9704
f 9704 9705 9877
f 9704 9877 10548
f 10548 9877 9234
f 9234 9877 10309
f 9234 10309 8145
f 8145 10309 8144
f 8145 8144 8757
f 8757 8144 8758
f 10387 10408 9390
f 10408 10387 8514
f 8514 10387 10214
f 8514 10214 10224
f 8514 10224 10240
f 8514 10240 10228
f 9614 9566 9555
f 9566 9614 9665
f 9566 9665 8447
f 9665 9614 9190
f 8447 9019 9566
f 9019 8447 8784
f 9019 8784 10580
f 9019 10580 8313
f 8313 8058 9019
f 8058 8313 8622
f 8072 8058 8622
f 10372 8138 10600
f 8138 10372 8309
f 8309 10372 8453
f 8309 8453 9461
f 8309 9461 8631
f 10436 10229 10243
f 10229 10436 8715
f 10229 8715 10407
f 10407 8715 8337
f 8337 8715 9981
f 8359 8874 9302
f 8874 8359 9288
f 9288 8359 10505
f 8568 9302 9108
f 9302 8568 9851
f 9302 9851 10200
f 9851 8568 10315
f 8359 9302 10200
f 10063 8529 8991
f 8529 10063 8820
f 8820 10063 9792
f 9792 10063 10381
f 10381 8388 9792
f 10227 10435 10244
f 10435 10227 8716
f 8716 10227 10404
f 8716 10404 8333
f 8716 8333 9980
f 10375 8182 10348
f 8182 10375 8439
f 8439 10375 10058
f 9650 8498 8810
f 8498 9650 8483
f 8483 9650 9165
f 8483 9165 8075
f 8567 8564 8971
f 8564 8567 9108
f 8564 9108 8855
f 8855 9302 10049
f 9302 8855 9108
f 8189 9383 9644
f 9383 8189 9915
f 9915 8189 8182
f 9644 9383 9123
f 9915 8182 10111
f 10111 8182 10127
f 9077 8190 8482
f 8190 9077 10658
f 10658 9077 8571
f 10658 8571 9170
f 9170 8571 8836
f 8571 10465 8836
f 10465 8571 10325
f 10465 10325 9656
f 8308 9755 8139
f 9755 8308 9040
f 9040 8308 8496
f 8496 8308 8380
f 8380 8308 9659
f 8188 9916 8183
f 9916 8188 9384
f 9384 8188 9645
f 9384 9645 9124
f 8183 9916 10116
f 8183 10116 10110
f 8782 9659 8308
f 9659 8782 8726
f 8726 8782 8118
f 9991 10332 8150
f 10332 9991 10173
f 10173 9991 8277
f 10208 9781 10325
f 9781 10208 10231
f 9781 10231 10499
f 10391 10499 9957
f 10499 10391 8180
f 8180 10391 8326
f 8180 8326 8511
f 8180 8511 8078
f 8925 10062 8508
f 10062 8925 10162
f 10162 8925 10667
f 10667 8925 9228
f 9782 10245 10324
f 10245 9782 10232
f 10232 9782 10498
f 8181 9956 10498
f 9956 8181 10396
f 10396 8181 8328
f 8328 8181 8510
f 8510 8181 8079
f 9428 10481 8277
f 10481 9428 10434
f 10434 9428 9271
f 9669 8716 9980
f 8716 9669 10306
f 10306 9669 8644
f 10306 8644 8970
f 9150 8309 8631
f 8309 9150 8783
f 8783 9150 8117
f 8924 9479 9201
f 9479 8924 8991
f 8991 8924 8509
f 8991 8509 10063
f 8183 10161 9678
f 10161 8183 8438
f 10161 8438 10057
f 10062 10458 10380
f 10458 10062 9878
f 9878 10062 8615
f 8615 10062 10162
f 9721 10380 10458
f 10442 9889 8648
f 9889 10442 8146
f 8146 10442 8949
f 8949 10442 9657
f 8889 9076 8483
f 9076 8889 9327
f 9076 9327 8572
f 8572 9327 9763
f 8572 9763 8414
f 8934 8572 8414
f 8572 8934 10324
f 10324 8934 9655
f 10307 9981 8715
f 9981 10307 9668
f 9668 10307 8645
f 8645 10307 8969
f 9216 10442 8351
f 10442 9216 9376
f 10442 9376 10174
f 9376 9216 9929
f 9929 9216 10135
f 10135 9216 10120
f 10441 9215 8352
f 9215 10441 9371
f 9371 10441 10175
f 9215 9371 9928
f 9215 9928 10139
f 9215 10139 10121
f 8147 8649 9888
f 8649 8147 10441
f 10441 8147 8952
f 10441 8952 8671
f 9644 8131 9134
f 8131 9644 10676
f 8131 10676 9247
f 10676 9644 9969
f 9247 8698 8131
f 8698 9247 8948
f 8698 8948 9767
f 8698 9767 9398
f 9398 8057 8698
f 8057 9398 9093
f 8071 8057 9093
f 9314 9838 10703
f 9838 9314 8875
f 8875 9314 10517
f 8875 10517 10494
f 9506 9053 8126
f 9053 9506 9294
f 9053 9294 9096
f 9099 9694 9334
f 9694 9099 9898
f 9898 9099 9506
f 9898 9506 8126
f 9294 9106 9096
f 9106 9294 8210
f 9106 8210 8137
f 8137 8210 8567
f 9567 9615 9556
f 9615 9567 9664
f 9664 9567 8448
f 9615 9664 8193
f 8057 8314 9020
f 8314 8057 8623
f 8623 8057 8071
f 9020 8448 9567
f 8448 9020 8785
f 8785 9020 10579
f 10579 9020 8314
f 8497 9521 10447
f 9521 8497 8482
f 9521 8482 9675
f 9675 8482 10180
f 9807 8659 8894
f 8659 9807 9195
f 9195 9807 9128
f 8227 9195 9128
f 9195 8227 9419
f 9419 8227 9583
f 9576 9419 9583
f 9419 9576 9491
f 9491 9576 10672
f 9491 10672 10192
f 9098 9699 9505
f 9699 9098 10262
f 10262 9098 8922
f 9505 8697 9295
f 8697 9505 10686
f 10686 9505 9699
f 9295 8568 8211
f 8568 9295 8098
f 8098 9295 8282
f 8282 9295 8697
f 8130 9645 9135
f 9645 8130 10677
f 10677 8130 9246
f 9645 10677 9970
f 9839 9742 10702
f 9742 9839 8876
f 9742 8876 9958
f 9958 8876 9866
f 8058 9397 8699
f 9397 8058 9092
f 9092 8058 8072
f 8699 9246 8130
f 9246 8699 8947
f 8947 8699 9768
f 9768 8699 9397
f 10193 8394 9492
f 8394 10193 9595
f 8394 9595 10500
f 8394 10500 9021
f 9021 9196 8394
f 9196 9021 9241
f 9196 9241 10084
f 10084 8660 9196
f 8660 10084 8559
f 8660 8559 8555
f 9665 8193 9664
f 8193 9665 9741
f 9741 9665 8338
f 8338 9665 8339
f 8339 9665 9740
f 9740 9665 9190
f 9383 9346 9384
f 9346 9383 9915
f 9346 9915 9414
f 9414 9915 9913
f 9384 9346 9711
f 9711 9346 9914
f 9711 9914 9917
f 9384 9711 9415
f 9384 9415 9912
f 9384 9912 9916
f 8511 9670 9671
f 9670 8511 10566
f 10566 8511 8326
f 10566 8326 8325
f 9670 10566 8330
f 9670 8330 8455
f 8455 8330 8329
f 9670 8455 8327
f 9670 8327 8328
f 9670 8328 8510
f 8079 9670 8510
f 9670 8079 8787
f 8787 8079 8626
f 8626 8079 10428
f 10386 10213 10209
f 10213 10386 9069
f 9069 10386 10389
f 9957 10395 10391
f 10395 9957 10222
f 10395 10222 10223
f 8623 8072 8622
f 8072 8623 8071
f 8072 8071 9092
f 9092 8071 9093
f 9924 10371 9920
f 10371 9924 10125
f 10125 9924 10126
f 10682 8649 9199
f 8649 10682 8950
f 8649 8950 9075
f 8649 9075 9888
f 10126 10107 10125
f 10107 10126 10144
f 10144 10126 10127
f 10127 10126 10111
f 10111 10126 10106
f 10111 10106 10113
f 10113 9915 10111
f 9915 10113 8642
f 9915 8642 9913
f 9518 10371 8870
f 10371 9518 9920
f 9920 9518 9367
f 9367 9518 9200
f 9200 9518 8648
f 9925 8869 10370
f 8869 9925 8539
f 8539 9925 9370
f 8539 9370 9199
f 8539 9199 8649
f 9076 8339 9614
f 8339 9076 10384
f 10384 9076 8572
f 9614 8339 9740
f 10384 8572 10211
f 10211 8572 10242
f 10682 9200 10683
f 9200 10682 9786
f 9200 9786 9367
f 9367 9786 9368
f 9786 10682 9365
f 9365 10682 9242
f 9365 9242 9366
f 9242 10682 9369
f 9369 10682 9370
f 9370 10682 9199
f 9247 8947 8948
f 8947 9247 9246
f 9246 9247 10677
f 10677 9247 10676
f 8626 8788 8787
f 8788 8626 8625
f 8625 8626 10668
f 8625 10668 9554
f 9554 10668 10582
f 10582 10668 10581
f 10108 8438 10143
f 8438 10108 8944
f 8944 10108 8869
f 9679 9770 9769
f 9770 9679 8141
f 8141 9679 9075
f 8141 9075 9074
f 9074 9075 8950
f 9074 8950 8951
f 8448 9665 9664
f 9665 8448 8447
f 8447 8448 8785
f 8447 8785 8784
f 9398 9092 9093
f 9092 9398 9397
f 9397 9398 9767
f 9397 9767 9768
f 8338 9390 10386
f 9390 8338 8339
f 10386 9390 8298
f 10386 8298 10389
f 9390 8339 10643
f 9390 10643 10387
f 10387 10643 10388
f 10643 8339 8299
f 8299 8339 10385
f 10385 8339 10384
f 9969 10677 10676
f 10677 9969 9123
f 10677 9123 9383
f 10677 9383 9384
f 10677 9384 9124
f 10677 9124 9970
f 8943 10144 8439
f 10144 8943 10107
f 10107 8943 8870
f 8314 10580 10579
f 10580 8314 8313
f 8313 8314 8622
f 8622 8314 8623
f 8648 10683 9200
f 10683 8648 8951
f 8951 8648 9074
f 9074 8648 9889
f 10213 10206 10209
f 10231 10223 10222
f 10223 10231 10208
f 10223 10208 10241
f 10223 10241 10209
f 10223 10209 10206
f 9077 10386 8571
f 10386 9077 8338
f 8338 9077 9615
f 8338 9615 9741
f 8571 10386 10209
f 8571 10209 10241
f 9629 8617 8616
f 8617 9629 9628
f 9628 9629 9087
f 9087 9629 9086
f 9671 8078 8511
f 8078 9671 8788
f 8078 8788 8625
f 8078 8625 10429
f 8549 9774 10001
f 9774 8549 9089
f 9089 8549 9631
f 9631 8549 9625
f 9667 10178 9666
f 10178 9667 10565
f 10178 10565 8342
f 8342 10565 8340
f 10565 9667 8344
f 8344 9667 8454
f 8344 8454 8343
f 8454 9667 8341
f 8341 9667 8331
f 8331 9667 10179
f 10647 10681 10356
f 10681 10647 9043
f 10681 9043 8082
f 8082 9043 9316
f 10130 8938 10141
f 8938 10130 10646
f 10646 10130 9935
f 10646 9935 9382
f 10646 9382 10357
f 10405 8333 10404
f 8333 10405 8614
f 8333 8614 8332
f 9548 8789 8786
f 8789 9548 9549
f 9549 9548 10585
f 10585 9548 10584
f 9980 9668 9669
f 9668 9980 8333
f 9668 8333 9685
f 9685 8333 9212
f 9212 8333 8332
f 9668 9685 8336
f 9668 8336 8271
f 8271 8336 8335
f 9668 8271 10279
f 9668 10279 8334
f 9668 8334 8337
f 9668 8337 9981
f 9884 10428 8079
f 10428 9884 9549
f 9549 9884 8789
f 8789 9884 9052
f 8791 8970 8644
f 8970 8791 9274
f 8970 9274 8169
f 10230 10404 10227
f 10404 10230 8885
f 10404 8885 10405
f 9639 9086 9629
f 9769 9888 9679
f 9888 9769 8147
f 8147 9769 9086
f 8147 9086 9772
f 9772 9086 9090
f 9090 9086 9639
f 9638 8620 8621
f 8620 9638 9639
f 9639 9638 9090
f 9090 9638 9091
f 9932 10131 10129
f 10131 9932 8848
f 8848 9932 9919
f 10680 10646 10357
f 10646 10680 9044
f 9044 10680 8083
f 9044 8083 9315
f 10133 10120 10118
f 10120 10133 10135
f 10135 10133 10140
f 10140 10133 10142
f 10140 10142 10129
f 10140 10129 10131
f 8170 10586 9275
f 10586 8170 8618
f 8618 8170 9630
f 9630 8170 9624
f 8937 10129 10142
f 10129 8937 10647
f 10129 10647 9932
f 9932 10647 9379
f 9379 10647 10356
f 10178 8366 9885
f 8366 10178 8342
f 8366 8342 8485
f 8485 8342 10400
f 8485 10400 10236
f 8485 10236 10215
f 8969 8790 8645
f 8790 8969 9275
f 9275 8969 8170
f 8083 8954 8953
f 8954 8083 8082
f 8082 8083 10680
f 8082 10680 10681
f 9624 9088 9630
f 9773 8550 10002
f 8550 9773 9088
f 8550 9088 9624
f 8146 8141 9889
f 8141 8146 9770
f 9770 8146 9087
f 9087 8146 9628
f 9628 8146 9771
f 9628 9771 9091
f 9638 9628 9091
f 9638 8617 9628
f 10582 10429 9554
f 10429 10582 9548
f 9548 10582 8617
f 9548 8617 10584
f 10584 8617 8621
f 8621 8617 9638
f 10680 10356 10681
f 10356 10680 9379
f 9379 10680 10662
f 9379 10662 8490
f 9379 8490 9377
f 10662 10680 9381
f 9381 10680 10516
f 9381 10516 9378
f 10516 10680 10068
f 10068 10680 9380
f 9380 10680 9382
f 9382 10680 10357
f 8949 8671 8952
f 8671 8949 9657
f 8671 9657 10679
f 10679 9657 10678
f 9275 8791 8790
f 8791 9275 9274
f 9274 9275 10583
f 10583 9275 10586
f 9548 8078 10429
f 8078 9548 9885
f 9885 9548 8786
f 9885 8786 10694
f 10694 9667 9666
f 9667 10694 9052
f 9052 10694 8786
f 9052 8786 8789
f 10002 9774 9773
f 9774 10002 10001
f 10001 10002 8953
f 10001 8953 8954
f 8953 9315 8083
f 9315 8953 10002
f 9315 10002 8550
f 8146 9772 9771
f 9772 8146 8147
f 8147 8146 8949
f 8147 8949 8952
f 9549 10668 10428
f 10668 9549 10581
f 10581 9549 8616
f 8616 9549 9629
f 9629 9549 10585
f 9629 10585 8620
f 9639 9629 8620
f 10174 10679 10678
f 10679 10174 9785
f 9785 10174 9376
f 9785 9376 9373
f 10679 9785 9375
f 10679 9375 9243
f 9243 9375 9372
f 10679 9243 9374
f 10679 9374 9371
f 10679 9371 10175
f 8645 9669 9668
f 9669 8645 8644
f 8644 8645 8790
f 8644 8790 8791
f 9625 8619 9631
f 10583 8169 9274
f 8169 10583 8619
f 8169 8619 9625
f 10215 10233 10218
f 10233 10215 10236
f 10233 10236 10239
f 10233 10239 10244
f 10244 10239 10227
f 10227 10239 10230
f 9379 9919 9932
f 9919 9379 9097
f 9097 9379 9377
f 9630 8619 8618
f 8619 9630 9631
f 9631 9630 9088
f 9631 9088 9089
f 9316 8954 8082
f 8954 9316 10001
f 10001 9316 8549
f 8484 9884 8367
f 9884 8484 8331
f 9884 8331 10179
f 8331 8484 10399
f 10399 8484 10238
f 10238 8484 10216
f 10113 9697 8642
f 9697 10113 8738
f 8738 10113 10106
f 10211 10217 10212
f 10217 10211 10221
f 10221 10211 10242
f 10221 10242 10245
f 10221 10245 10220
f 10220 10245 10232
f 10481 8881 10295
f 10194 10192 9753
f 10192 10194 10697
f 10697 10194 8881
f 10697 8881 10481
f 8190 8298 8624
f 8298 8190 10389
f 10389 8190 10658
f 10389 10658 9069
f 9883 8810 9513
f 8810 9883 9730
f 8810 9730 9650
f 8739 9883 8650
f 9883 8739 9730
f 9730 8739 9646
f 9453 8104 10040
f 8104 9453 8588
f 8588 9453 9680
f 10335 8719 8835
f 8719 10335 10262
f 8719 10262 8922
f 10525 8711 9777
f 8711 10525 9334
f 9334 10525 9099
f 9452 10686 10258
f 10686 9452 8282
f 10686 8282 8697
f 10564 8117 9150
f 8117 10564 10553
f 8117 10553 8553
f 8553 10553 9731
f 9058 9958 8232
f 9958 9058 10529
f 9958 10529 9742
f 8971 8461 8593
f 8461 8971 9028
f 9028 8971 8564
f 8982 9400 10687
f 9400 8982 10577
f 10577 8982 8606
f 9925 10119 9922
f 10119 9925 10370
f 10119 10370 10122
f 8267 10669 9791
f 10669 8267 8546
f 8546 8267 9229
f 8546 9229 10518
f 10258 10262 10335
f 10262 10258 10686
f 10262 10686 9699
f 8979 10529 9058
f 10529 8979 9389
f 10529 9389 8085
f 8711 8592 10425
f 8592 8711 9694
f 9694 8711 9334
f 9580 8337 8334
f 8337 9580 10390
f 8337 10390 10407
f 9261 9021 10500
f 9021 9261 9241
f 9241 9261 8524
f 9678 10117 10280
f 10117 9678 10119
f 10119 9678 10161
f 10119 10161 9718
f 10119 9718 10603
f 10119 10603 9922
f 9922 10603 8507
f 9922 8507 9369
f 9369 8507 9242
f 9242 8507 9243
f 9243 8507 10252
f 9243 10252 9388
f 9243 9388 9374
f 9374 9388 9927
f 9927 9388 10136
f 10136 9388 10128
f 10128 9388 8216
f 10128 8216 9233
f 10128 9233 9755
f 10128 9755 9040
f 10128 9040 8849
f 8766 9859 8427
f 9859 8766 8871
f 9859 8871 9734
f 10509 8978 10706
f 8978 10509 10497
f 10497 10509 8736
f 9877 8529 10309
f 8529 9877 8991
f 8991 9877 9479
f 9229 10486 10518
f 10486 9229 8924
f 10486 8924 9201
f 10314 8885 9955
f 8885 10314 10405
f 10405 10314 8614
f 9526 8923 8378
f 9217 8104 8588
f 8104 9217 8813
f 8813 9217 8923
f 8923 9217 8378
f 10434 9700 10154
f 9700 10434 9701
f 9701 10434 9271
f 9701 9271 8106
f 9701 8106 9808
f 9701 9808 10691
f 9701 10691 8844
f 9701 8844 9547
f 9701 9547 8424
f 9701 8424 9579
f 9701 9579 9721
f 9701 9721 10458
f 8691 8418 9460
f 8418 8691 8171
f 8418 8171 10047
f 10047 8171 8847
f 8643 9916 9912
f 9916 8643 10112
f 9916 10112 10116
f 8368 9515 10464
f 9515 8368 8805
f 8805 8368 8515
f 10000 9415 8613
f 9415 10000 9912
f 9912 10000 9944
f 9912 9944 8643
f 9580 9317 9205
f 9317 9580 8334
f 9317 8334 10279
f 9129 9791 10669
f 9791 9129 10464
f 10464 9129 8368
f 8286 10362 10039
f 10362 8286 10315
f 10315 8286 9851
f 9583 10548 9576
f 10548 9583 8227
f 10548 8227 9704
f 10688 8419 10048
f 8419 10688 9737
f 8419 9737 9260
f 8419 9260 10608
f 8271 9317 10279
f 9317 8271 10687
f 10687 8271 10574
f 10687 10574 8982
f 8982 10574 10479
f 8736 8118 8554
f 8118 8736 10509
f 8118 10509 9850
f 8118 9850 8726
f 8886 10407 10390
f 10407 8886 10226
f 10407 10226 10229
f 10221 9763 10217
f 9763 10221 8414
f 8414 10221 8934
f 8934 10221 10634
f 10634 10221 9756
f 9756 10221 10393
f 9756 10393 9202
f 9202 10393 8327
f 9202 8327 8455
f 9202 8455 8454
f 9202 8454 8536
f 8536 8454 8324
f 8324 8454 8341
f 8324 8341 10398
f 8324 10398 10237
f 8324 10237 10226
f 8324 10226 9490
f 9490 10226 9467
f 9467 10226 8968
f 8968 10226 8683
f 8683 10226 8886
f 9898 9000 10485
f 9000 9898 9053
f 9053 9898 8126
f 9416 9453 10259
f 9453 9416 9680
f 9680 9416 10050
f 9128 9704 8227
f 9704 9128 9807
f 9704 9807 9837
f 10333 9514 9194
f 9514 10333 8894
f 9514 8894 8659
f 10702 8085 10526
f 8085 10702 10529
f 10529 10702 9742
f 9737 10259 9263
f 10259 9737 9416
f 9416 9737 10688
f 9001 8171 10484
f 8171 9001 8287
f 8171 8287 8847
f 10008 10200 10007
f 10200 10008 8359
f 8359 10008 10505
f 10505 10008 9059
f 9059 10008 8915
f 8915 10008 8121
f 8121 10008 9852
f 9852 10008 8148
f 8148 10008 10334
f 10334 10008 9103
f 9103 10008 9526
f 9526 10008 8923
f 10032 10308 9971
f 10308 10032 10491
f 10491 10032 10470
f 10153 8189 8875
f 8189 10153 9697
f 8189 9697 8182
f 8182 9697 8738
f 8182 8738 10348
f 9053 9793 9000
f 9793 9053 9106
f 9106 9053 9096
f 10385 8321 8299
f 8321 10385 8889
f 8889 10385 9327
f 9327 10385 9070
f 9194 8369 10333
f 8369 9194 9530
f 8369 9530 8514
f 8145 9127 9234
f 9127 8145 9753
f 9753 8145 10194
f 10049 8381 8855
f 8381 10049 9950
f 9950 10049 10183
f 9950 10183 9451
f 9950 9451 8285
f 9950 8285 8765
f 9950 8765 8696
f 9950 8696 8293
f 9950 8293 8912
f 9950 8912 10609
f 9950 10609 10367
f 9950 10367 9458
f 10390 8683 8886
f 8683 10390 9205
f 9205 10390 9580
f 10212 9327 9070
f 9327 10212 9763
f 9763 10212 10217
f 10238 10226 10237
f 10226 10238 10229
f 10229 10238 10243
f 10243 10238 10234
f 10234 10238 10207
f 10207 10238 10216
f 10434 10697 10481
f 10697 10434 10154
f 10697 10470 10193
f 10470 10697 10154
f 10193 10470 10032
f 8287 10047 8847
f 10047 8287 10456
f 10456 8287 10083
f 8555 9513 8660
f 9513 8555 9527
f 9513 9527 8650
f 9513 8650 9883
f 9234 9576 10548
f 9576 9234 10672
f 10672 9234 9127
f 9521 8514 9530
f 8514 9521 9675
f 8514 9675 10408
f 9935 8849 9918
f 8849 9935 10128
f 10128 9935 10130
f 9401 9760 8580
f 9760 9401 9955
f 9955 9401 10314
f 10314 9401 8241
f 8241 9401 9071
f 10180 10408 9675
f 10408 10180 9390
f 9390 10180 8624
f 9390 8624 8298
f 9794 8287 9001
f 8287 9794 9766
f 8287 9766 10083
f 9659 10068 8380
f 10068 9659 10516
f 10516 9659 9780
f 9780 9659 8726
f 9780 8726 9850
f 8380 8105 8496
f 8105 8380 9380
f 9380 8380 10068
f 8188 10000 8876
f 10000 8188 9944
f 9944 8188 8183
f 9944 8183 10280
f 10280 8183 9678
f 10627 9734 8871
f 9734 10627 8854
f 9734 8854 9647
f 8137 9793 9106
f 9793 8137 8461
f 8461 8137 8593
f 8421 8555 8559
f 8555 8421 9527
f 9527 8421 9860
f 10130 10136 10128
f 10136 10130 10139
f 10139 10130 10141
f 10139 10141 10134
f 10139 10134 10109
f 10139 10109 10121
f 8524 10084 9241
f 10084 8524 8559
f 8559 8524 8421
f 9071 9212 8241
f 9212 9071 9685
f 9685 9071 10409
f 10409 9071 8563
f 10409 8563 9787
f 9346 10517 8375
f 10517 9346 10494
f 10494 9346 8823
f 8823 9346 9414
f 9877 9201 9479
f 9201 9877 10486
f 10486 9877 9705
f 9919 10372 8848
f 10372 9919 8453
f 8453 9919 9097
f 9382 8105 9380
f 8105 9382 9918
f 9918 9382 9935
f 10497 10461 8978
f 10461 10497 9260
f 9260 10497 10608
f 10643 9165 10573
f 9165 10643 8075
f 8075 10643 8321
f 8321 10643 8299
f 8591 9856 9354
f 9856 8591 8691
f 9856 8691 9460
f 8496 8849 9040
f 8849 8496 9918
f 9918 8496 8105
f 8268 8676 9230
f 8676 8268 10620
f 10620 8268 8427
f 8427 8268 8766
f 10517 9197 8375
f 9197 10517 9083
f 9083 10517 9314
f 8606 10627 9163
f 10627 8606 8854
f 8854 8606 10479
f 10479 8606 8982
f 10050 10048 10457
f 10048 10050 9416
f 10048 9416 10688
f 9217 10457 8205
f 10457 9217 8588
f 10457 8588 9680
f 10457 9680 10050
f 8605 9787 8563
f 9787 8605 8805
f 8805 8605 9162
f 8805 9162 9515
f 9710 8462 9185
f 8462 9710 9794
f 9794 9710 9766
f 9162 10464 9515
f 10464 9162 8267
f 10464 8267 9791
f 9766 10456 10083
f 10456 9766 9710
f 10456 9710 8206
f 8206 9710 9218
f 10662 9461 8490
f 9461 10662 8631
f 8631 10662 9911
f 8631 9911 9150
f 9150 9911 10564
f 9595 9261 10500
f 9261 9595 10308
f 10308 9595 9971
f 9083 10425 9197
f 10425 9083 8711
f 8711 9083 9777
f 8758 8881 8757
f 8881 8758 10295
f 10295 8758 10173
f 10173 8758 10332
f 10332 8758 9429
f 9429 8758 9947
f 9947 8758 10026
f 10026 8758 10482
f 10482 8758 9813
f 9813 8758 8204
f 8204 8758 8388
f 8388 8758 9792
f 9451 8731 9544
f 8731 9451 10183
f 8731 10183 8874
f 9230 9228 8925
f 9228 9230 9840
f 9840 9230 8676
f 9646 9650 9730
f 9650 9646 9165
f 9165 9646 10573
f 9856 8553 9731
f 8553 9856 8418
f 8418 9856 9460
f 9354 10553 9198
f 10553 9354 9856
f 10553 9856 9731
f 10280 8643 9944
f 8643 10280 10112
f 10112 10280 10117
f 10039 8282 9452
f 8282 10039 8098
f 8098 10039 10362
f 10126 8738 10106
f 8738 10126 10348
f 10348 10126 10375
f 10375 10126 9982
f 9982 10126 10508
f 10508 10126 9924
f 10508 9924 10302
f 10302 9924 9368
f 10302 9368 9786
f 10302 9786 9785
f 10302 9785 9698
f 9698 9785 8577
f 8577 9785 9373
f 8577 9373 9931
f 8577 9931 10140
f 8577 10140 10131
f 8577 10131 8456
f 8456 10131 8310
f 8310 10131 10600
f 10600 10131 10372
f 10372 10131 8848
f 10526 8922 9098
f 8922 10526 8719
f 8719 10526 9389
f 9389 10526 8085
f 9170 9069 10658
f 9069 9170 10213
f 10213 9170 10206
f 9913 8823 9414
f 8823 9913 10153
f 10153 9913 9697
f 9697 9913 8642
f 10117 10116 10112
f 10116 10117 10119
f 10116 10119 10110
f 10110 10119 10143
f 10143 10119 10122
f 10143 10122 10108
f 8836 10206 9170
f 10206 8836 10223
f 10223 8836 10465
f 10223 10465 8737
f 10223 8737 8276
f 10223 8276 10395
f 10395 8276 10042
f 10395 10042 8325
f 8325 10042 10566
f 10566 10042 10565
f 10565 10042 10649
f 10565 10649 9138
f 10565 9138 8340
f 8340 9138 10402
f 10402 9138 10239
f 10239 9138 10230
f 10230 9138 9240
f 10230 9240 9399
f 10230 9399 9760
f 10230 9760 9955
f 10230 9955 8885
f 10221 10396 10393
f 10396 10221 9956
f 9956 10221 10220
f 9530 10447 9521
f 10447 9530 9514
f 9514 9530 9194
f 10162 8678 8615
f 8678 10162 9262
f 9262 10162 10667
f 8379 9458 10367
f 9185 9218 9710
f 9218 9185 9871
f 9218 9871 9458
f 9218 9458 8379
f 9228 9262 10667
f 9262 9228 9840
f 9262 9840 8525
f 8676 8525 9840
f 8525 8676 10620
f 8525 10620 8420
f 9705 10518 10486
f 10518 9705 8546
f 8546 9705 9301
f 9866 8232 9958
f 8232 9866 9711
f 9711 9866 8613
f 9711 8613 9415
f 10703 9083 9314
f 9083 10703 10525
f 9083 10525 9777
f 10384 9070 10385
f 9070 10384 10212
f 10212 10384 10211
f 8241 8614 10314
f 8614 8241 8332
f 8332 8241 9212
f 9163 8766 8268
f 8766 9163 8871
f 8871 9163 10627
f 9377 8453 9097
f 8453 9377 9461
f 9461 9377 8490
f 10608 8554 8419
f 8554 10608 10497
f 8554 10497 8736
f 10578 9071 9401
f 9071 10578 8563
f 8563 10578 8605
f 8683 8581 8968
f 8581 8683 9400
f 9400 8683 9205
f 9400 9205 9317
f 9400 9317 10687