# https://github.com/mikedh/trimesh
mtllib material0.mtl
usemtl material0
v 0.00520696 0.01194513 0.02334668
v -0.00510531 0.01758364 0.01988422
v 0.00501556 -0.08852460 0.01616952
v 0.00501556 -0.08852460 0.01616952
v 0.00592609 0.01450912 0.02210463
v 0.00579651 0.01049286 0.02197445
v -0.00314694 0.00428902 0.02234456
v 0.00051722 0.08558135 0.01787072
v 0.00066503 0.08568484 0.01521061
v 0.00066503 0.08568484 0.01521061
v -0.00036577 -0.04253372 0.02564145
v 0.00475873 -0.03654301 0.01139826
v 0.00475873 -0.03654301 0.01139826
v 0.01262445 -0.07811935 0.01273634
v -0.00544932 -0.03761568 0.01222835
v 0.00312829 -0.03618152 0.01000288
v -0.00771968 -0.07812419 0.00557394
v 0.00543430 -0.03691556 0.01220519
v -0.00998451 -0.08248684 0.01819311
v 0.00119725 0.00911175 0.02377279
v 0.00001653 -0.08686894 0.02352284
v 0.00275109 -0.03971501 0.00861672
v -0.00128996 0.01049114 0.02428850
v -0.01219935 -0.07812535 0.01914777
v -0.00319865 0.00550254 0.00995431
v -0.00213651 -0.03618264 0.02276577
v -0.00026462 0.08999989 0.01617827
v -0.00026462 0.08999989 0.01617827
v -0.01375352 -0.07444006 0.01172910
v 0.00167551 0.08558165 0.01673109
v 0.00167551 0.08558165 0.01673109
v -0.00551753 0.01343171 0.00863163
v 0.00477273 -0.03654901 0.02094210
v 0.00477273 -0.03654901 0.02094210
v -0.00307305 -0.04583533 0.00532472
v -0.00012632 0.08999993 0.01630178
v -0.00012632 0.08999993 0.01630178
v -0.00592490 0.00749117 0.01189818
v 0.00158977 0.01819251 0.01535464
v -0.00292089 0.01564146 0.01050230
v -0.00292089 0.01564146 0.01050230
v 0.00093172 0.08568489 0.01687853
v 0.00093172 0.08568489 0.01687853
v 0.00663720 -0.03675883 0.01510901
v -0.00350480 -0.08111116 0.02703239
v 0.00600960 0.01582248 0.01420896
v -0.00276743 -0.03969879 0.02374440
v -0.01293950 -0.05785651 0.00677700
v -0.01293950 -0.05785651 0.00677700
v 0.00629596 -0.04587242 0.02558130
v 0.00639042 -0.03680277 0.01408146
v 0.00491884 0.00550448 0.01122778
v -0.00049140 -0.08982011 0.01771708
v -0.00028126 -0.08999660 0.01575273
v 0.00144794 0.01819247 0.01724027
v 0.00942250 -0.06646114 0.02910459
v -0.00659476 0.01343137 0.02277338
v -0.00117096 0.08568439 0.01654866
v -0.00117096 0.08568439 0.01654866
v 0.00773995 -0.08442023 0.01053745
v 0.00773995 -0.08442023 0.01053745
v 0.00096011 -0.08981967 0.01748519
v 0.00562206 0.01582236 0.01904123
v 0.00698914 -0.03752643 0.01844657
v 0.00698914 -0.03752643 0.01844657
v 0.00911132 -0.08431687 0.01911573
v 0.01295630 -0.06645943 0.02556045
v 0.01295630 -0.06645943 0.02556045
v 0.00053798 0.01819227 0.01445361
v 0.01520813 -0.05772235 0.02112008
v 0.00441355 0.01758598 0.01173171
v -0.00000947 0.01582098 0.02251912
v -0.01250104 -0.07812538 0.01318792
v -0.01250104 -0.07812538 0.01318792
v -0.00444685 -0.07472743 0.02993759
v 0.00057123 0.01794830 0.01435094
v 0.00000546 -0.08996766 0.01535698
v 0.00033156 0.08568475 0.01730225
v 0.00033156 0.08568475 0.01730225
v 0.00620682 0.00550478 0.01299508
v -0.00784874 0.01048963 0.01364564
v 0.00627844 0.01564363 0.01716539
v 0.00627844 0.01564363 0.01716539
v -0.00204800 -0.08954007 0.01767421
v -0.00408375 -0.03628830 0.01058144
v -0.00650569 0.00749102 0.01288317
v -0.00473840 -0.07065535 0.03083946
v -0.00412643 0.00550224 0.02185204
v -0.00205462 -0.08953893 0.01468395
v -0.00316503 0.00428908 0.01001948
v -0.00030470 0.01819206 0.01439286
v -0.01208524 -0.07812529 0.01318731
v 0.00849103 -0.07431881 0.00447260
v -0.00675247 -0.03733812 0.01618736
v -0.00349912 0.00911063 0.02303604
v 0.00242230 -0.08953941 0.01538802
v -0.00048800 -0.08996784 0.01549786
v -0.01058343 -0.07812490 0.00843174
v -0.01058343 -0.07812490 0.00843174
v -0.01122757 -0.08111298 0.01969314
v -0.00141503 0.01194363 0.00743908
v 0.00683056 -0.03609322 0.01508370
v 0.00018245 0.09000000 0.01624876
v 0.00018245 0.09000000 0.01624876
v 0.00209077 -0.03718971 0.02259197
v 0.00590866 0.01450919 0.01023293
v 0.00655834 0.01343461 0.00958159
v 0.01400013 -0.07505714 0.01611597
v -0.00108794 0.00428951 0.02301023
v -0.00414307 0.00550231 0.01051492
v -0.00109469 0.08558099 0.01472463
v -0.00307877 -0.03653232 0.01016871
v -0.00307877 -0.03653232 0.01016871
v 0.00074333 0.08568485 0.01561024
v 0.00074333 0.08568485 0.01561024
v -0.01614633 -0.06213838 0.01620852
v 0.01020016 -0.08286442 0.01384150
v -0.00263062 0.01450714 0.00817805
v 0.00131770 -0.08981966 0.01712649
v 0.01095328 -0.04954597 0.00856141
v 0.01095328 -0.04954597 0.00856141
v -0.00787518 -0.04253675 0.02145515
v -0.00787518 -0.04253675 0.02145515
v -0.00515501 0.00749130 0.02133077
v 0.01446627 -0.07450331 0.01616317
v 0.00000708 -0.09000000 0.01645361
v 0.00939823 -0.05773789 0.02911626
v 0.01534971 -0.06213077 0.01114870
v -0.01094805 -0.08111286 0.01179720
v 0.00565831 0.00550460 0.02028753
v -0.00761252 0.00910967 0.01739187
v 0.01305056 -0.06213130 0.00664338
v 0.01305056 -0.06213130 0.00664338
v 0.00544449 -0.03695623 0.01220245
v -0.00029946 0.01819204 0.01796299
v 0.00078853 -0.08953952 0.01375821
v 0.00755567 -0.03971212 0.01893983
v -0.00549536 0.01343163 0.02373947
v -0.00094693 -0.08982013 0.01486846
v 0.00542975 0.00911278 0.02160839
v 0.00368748 0.01758575 0.02126360
v 0.00601128 -0.03654950 0.01923212
v 0.00601128 -0.03654950 0.01923212
v 0.00488180 0.00429095 0.02106087
v -0.00921572 0.01343077 0.01764807
v -0.00025357 0.08999989 0.01610779
v -0.00025357 0.08999989 0.01610779
v 0.00179239 0.01819256 0.01617485
v 0.00179239 0.01819256 0.01617485
v 0.00282277 0.01758560 0.01057950
v -0.00674241 -0.08111182 0.00691533
v 0.00225832 -0.03752641 0.00918097
v 0.00225832 -0.03752641 0.00918097
v -0.00602366 -0.03653044 0.01312225
v -0.00602366 -0.03653044 0.01312225
v -0.01086766 -0.08111289 0.02059550
v -0.00148665 0.01819178 0.01511474
v -0.01263363 -0.07812545 0.01914841
v -0.01263363 -0.07812545 0.01914841
v -0.00824783 0.01048952 0.01618954
v -0.00331105 0.00749173 0.02266637
v -0.00114991 0.01794788 0.01462613
v 0.00470165 -0.05355798 0.00195217
v -0.00100289 0.08568444 0.01547729
v -0.00100289 0.08568444 0.01547729
v 0.00026599 0.01819218 0.01796216
v 0.00919596 -0.08110809 0.02308240
v 0.00919596 -0.08110809 0.02308240
v -0.00257230 0.01049093 0.00835369
v 0.00080513 -0.08996774 0.01643513
v 0.01137828 -0.08110754 0.01968002
v 0.00474245 -0.07065841 0.00151375
v -0.00227622 -0.03760198 0.02317725
v -0.00227622 -0.03760198 0.02317725
v -0.00569091 0.00550192 0.01206730
v 0.00518589 0.01194521 0.00899298
v -0.00455506 -0.05357299 0.00190037
v 0.00222733 0.00749314 0.00923611
v 0.00206600 -0.08953887 0.01766853
v -0.00805863 -0.04954822 0.02680918
v -0.00184411 0.01794770 0.01677339
v 0.00306640 -0.03654763 0.02218566
v 0.00306640 -0.03654763 0.02218566
v -0.00384049 0.01450685 0.00870349
v 0.00422259 0.01343396 0.02447040
v 0.00444790 0.01582212 0.01169767
v 0.00735059 -0.08685158 0.01616563
v 0.00995641 -0.08381044 0.01612877
v -0.00162848 0.01819172 0.01700037
v -0.00174324 0.01819171 0.01562018
v 0.01333900 -0.07623701 0.01405269
v 0.01333900 -0.07623701 0.01405269
v -0.00850899 -0.07432355 0.00449313
v -0.00100664 0.01564185 0.02247467
v -0.00100664 0.01564185 0.02247467
v 0.00098001 0.01582122 0.02242428
v 0.00476825 -0.08852474 0.01462190
v 0.00476825 -0.08852474 0.01462190
v 0.00683116 0.00911317 0.01267538
v 0.00285409 0.01343374 0.00729309
v -0.00216821 0.00428933 0.00958656
v 0.00448925 -0.03970635 0.02285877
v -0.00621856 0.01758339 0.01716872
v -0.00403455 -0.07812344 0.02866880
v -0.00000450 0.01343294 0.02551462
v 0.00657545 -0.03610370 0.01402756
v 0.00641411 -0.03701389 0.01825281
v 0.00002436 -0.06646373 0.03217343
v -0.00684310 -0.03628888 0.01727065
v -0.00784127 0.01048960 0.01873226
v -0.00108212 0.01819186 0.01764480
v 0.01277148 -0.04954986 0.01231833
v 0.00939364 -0.04585671 0.00990628
v 0.00939364 -0.04585671 0.00990628
v -0.00940216 -0.05781687 0.02911574
v 0.00594088 -0.08684296 0.01185019
v 0.00594088 -0.08684296 0.01185019
v 0.00594088 -0.08684296 0.01185019
v -0.00668327 0.00550167 0.01402202
v -0.00274677 0.01194321 0.02461837
v 0.00051762 0.08558139 0.01446684
v 0.00051762 0.08558139 0.01446684
v 0.00176612 0.01819255 0.01645761
v 0.00135367 0.01194430 0.00743501
v 0.00294477 -0.08852493 0.01211992
v 0.00294477 -0.08852493 0.01211992
v -0.00079126 -0.08996806 0.01643755
v -0.00002809 0.01582106 0.00983585
v -0.00668637 -0.03969726 0.02067797
v -0.00668637 -0.03969726 0.02067797
v 0.00026753 -0.08996771 0.01697542
v 0.00658114 0.00429138 0.01831027
v 0.00623092 0.01582252 0.01715795
v -0.00500287 -0.08852706 0.01618422
v -0.00500287 -0.08852706 0.01618422
v 0.00304875 -0.03654006 0.01015972
v 0.00304875 -0.03654006 0.01015972
v -0.00105583 -0.03704322 0.02283432
v 0.00640628 -0.03695644 0.01408219
v 0.00193204 0.01582152 0.01014336
v 0.00841500 0.01194596 0.01342378
v -0.00631268 0.01758337 0.01618674
v 0.00165726 0.08558165 0.01562513
v -0.00830773 0.01450572 0.01750285
v -0.00519371 0.01564090 0.01242925
v -0.00519371 0.01564090 0.01242925
v -0.00016335 -0.08999333 0.01670289
v 0.00449058 -0.07472493 0.02992680
v -0.00622145 0.01758340 0.01520449
v -0.00876031 0.01194182 0.01480595
v -0.00373412 0.01049056 0.02349830
v 0.00131490 -0.08981975 0.01522341
v 0.00601535 0.01582246 0.01812832
v -0.00750366 0.01450595 0.01237742
v -0.00594559 0.01450626 0.02212206
v 0.00142082 0.08558158 0.01723276
v 0.00050098 -0.08996778 0.01685541
v 0.00600229 -0.03654565 0.01310459
v 0.00600229 -0.03654565 0.01310459
v 0.00887745 -0.04253691 0.01943929
v -0.00478511 -0.03653094 0.01141227
v -0.00478511 -0.03653094 0.01141227
v 0.00000894 -0.08981979 0.01775658
v 0.00371627 0.01582189 0.02130252
v 0.00374468 0.01564300 0.02134145
v 0.00374468 0.01564300 0.02134145
v 0.00002296 -0.07812247 0.02930058
v 0.00699465 -0.08685642 0.01843612
v -0.00396177 -0.03756069 0.01073456
v 0.00372951 0.01564306 0.01100252
v 0.00372951 0.01564306 0.01100252
v -0.00254932 0.01049084 0.02400872
v -0.00406797 -0.03621831 0.02178515
v -0.00596302 0.01450633 0.01025036
v 0.01087754 -0.04586259 0.01311461
v 0.00114718 0.08568495 0.01617617
v 0.00114718 0.08568495 0.01617617
v 0.00558721 0.00429118 0.01209387
v 0.00046792 -0.08999849 0.01601712
v -0.01023563 -0.08294783 0.01843434
v 0.00329653 0.00749332 0.02265667
v 0.01169415 -0.07436884 0.00766758
v 0.01169415 -0.07436884 0.00766758
v 0.00624879 0.01194538 0.02242573
v -0.00732738 0.01048971 0.01991557
v -0.00084222 0.01819193 0.01456838
v 0.00541378 0.00911284 0.01073054
v -0.00396124 -0.03733875 0.02164258
v 0.00665769 -0.03654773 0.01511170
v 0.00665769 -0.03654773 0.01511170
v -0.00314083 -0.03620059 0.02235148
v 0.01599764 -0.06645600 0.01615339
v 0.01375308 -0.07443241 0.01169588
v -0.00105211 -0.03654283 0.02284417
v -0.00105211 -0.03654283 0.02284417
v 0.00939908 -0.05776660 0.00323954
v -0.00306200 -0.03751789 0.01018021
v -0.00595658 -0.03761696 0.02050795
v -0.00595658 -0.03761696 0.02050795
v -0.00595658 -0.03761696 0.02050795
v 0.00632286 0.01582254 0.01616818
v 0.00632286 0.01582254 0.01616818
v 0.01346015 -0.07531494 0.01609449
v -0.00626612 0.01194237 0.02244411
v -0.01144553 -0.08111303 0.01914664
v -0.01144553 -0.08111303 0.01914664
v 0.00950721 -0.06213228 0.02924689
v -0.00372589 0.01758402 0.01109140
v -0.01006187 -0.08329016 0.01612897
v -0.01006187 -0.08329016 0.01612897
v -0.00196960 0.01582051 0.02221162
v 0.00005308 0.08999996 0.01605408
v 0.00005308 0.08999996 0.01605408
v -0.01235424 -0.07812535 0.01142718
v -0.00208218 -0.03654137 0.02259847
v -0.00208218 -0.03654137 0.02259847
v -0.00522159 0.01194262 0.02336199
v -0.00120928 0.00911117 0.02377633
v -0.00845071 0.01194187 0.01893116
v 0.00000667 -0.08999999 0.01617687
v -0.00002211 0.01794815 0.01425786
v 0.00108875 0.08568494 0.01581076
v 0.00108875 0.08568494 0.01581076
v -0.00005636 0.08999994 0.01615085
v 0.00923531 -0.08110799 0.00932947
v 0.00923531 -0.08110799 0.00932947
v -0.00398174 -0.03718835 0.01072375
v 0.00283920 0.01758554 0.02176713
v -0.00181634 0.08558082 0.01618052
v -0.00181634 0.08558082 0.01618052
v 0.00405470 -0.08852486 0.01322646
v 0.00405470 -0.08852486 0.01322646
v -0.00000583 0.00428977 0.02311074
v -0.00636043 0.01581949 0.01618680
v -0.01050566 -0.08248694 0.01425169
v -0.01050566 -0.08248694 0.01425169
v -0.01050566 -0.08248694 0.01425169
v 0.00548112 0.01343427 0.02372336
v 0.00688885 0.00550492 0.01726071
v -0.00000997 0.01758485 0.02247095
v -0.01521997 -0.06646000 0.01125577
v -0.00402381 0.01194290 0.02406823
v 0.00101930 0.08558151 0.01472153
v -0.00010931 0.08999993 0.01607820
v -0.00010931 0.08999993 0.01607820
v -0.00517011 0.00749136 0.01103922
v 0.00000048 0.08999996 0.01609543
v 0.00606123 0.01564358 0.01814313
v 0.00606123 0.01564358 0.01814313
v -0.00101758 0.01582082 0.00993069
v -0.00003629 0.08999994 0.01640593
v -0.00003629 0.08999994 0.01640593
v -0.01427695 -0.05357717 0.02071955
v 0.00211683 0.00429036 0.00958028
v 0.00886618 0.01343511 0.01904978
v 0.00127876 0.01049176 0.02428473
v -0.01599411 -0.05785892 0.01617719
v 0.00500905 -0.06213338 0.03155340
v -0.00016528 -0.08999323 0.01565013
v -0.00395773 -0.03726276 0.02163663
v -0.01374269 -0.07458228 0.02066540
v -0.00586001 -0.04253530 0.02362665
v 0.00478555 -0.07065279 0.03082545
v -0.00163088 0.01819174 0.01535937
v -0.00404695 0.01194299 0.00829852
v 0.00352918 -0.08110934 0.00527475
v -0.00660686 0.00428821 0.01832963
v 0.00699093 -0.04585046 0.00731353
v -0.01540805 -0.07066102 0.01619927
v -0.01168376 -0.07464585 0.02469370
v -0.01168376 -0.07464585 0.02469370
v -0.01217289 -0.05357121 0.02490676
v -0.01217289 -0.05357121 0.02490676
v -0.00174160 0.01819170 0.01673989
v 0.00394565 -0.03705202 0.01071774
v 0.00430988 -0.03751659 0.01022416
v 0.00430988 -0.03751659 0.01022416
v 0.00754376 0.01343478 0.02165463
v 0.01520749 -0.06645463 0.01121130
v -0.01318744 -0.07624342 0.01836188
v -0.00697635 -0.04585512 0.02507640
v 0.00664431 0.00550488 0.01400245
v -0.00001609 -0.03653573 0.00942867
v -0.00001609 -0.03653573 0.00942867
v 0.00449511 0.01564319 0.02067810
v 0.00449511 0.01564319 0.02067810
v -0.01207435 -0.05358183 0.00729943
v -0.01207435 -0.05358183 0.00729943
v 0.00108725 0.00550349 0.02307937
v -0.00518269 0.01564086 0.01994089
v -0.00518269 0.01564086 0.01994089
v -0.00591232 0.00749112 0.02047401
v 0.00068500 -0.08996771 0.01568233
v -0.00560185 -0.03625130 0.02025558
v -0.00451936 0.01564101 0.02069133
v -0.00451936 0.01564101 0.02069133
v -0.00153367 -0.08982034 0.01567887
v -0.00277154 0.01194330 0.00774462
v 0.01351888 -0.07599501 0.01865892
v -0.00153491 -0.08852567 0.02094407
v -0.00153491 -0.08852567 0.02094407
v -0.00524266 0.01194270 0.00900829
v -0.00081450 0.08568447 0.01674557
v -0.00081450 0.08568447 0.01674557
v -0.00659402 -0.03630514 0.01404736
v 0.00734725 -0.03751660 0.01617304
v 0.00734725 -0.03751660 0.01617304
v 0.00577947 0.01049292 0.01036345
v -0.00618317 0.00428834 0.01304649
v 0.00106719 -0.03621721 0.00933653
v 0.00000591 -0.08999550 0.01566850
v 0.00622802 0.01582253 0.01517869
v -0.00437942 -0.04955189 0.02877988
v 0.00214251 -0.03611719 0.02275933
v 0.00027869 -0.03971300 0.00813426
v -0.00624874 0.00550178 0.01301336
v -0.00843358 0.01450570 0.01618984
v 0.00594600 -0.03753995 0.02049813
v 0.00594600 -0.03753995 0.02049813
v 0.00594600 -0.03753995 0.02049813
v -0.01415635 -0.07501839 0.01614808
v -0.00874227 -0.05357846 0.00400443
v -0.00007355 0.08999993 0.01626047
v 0.00378159 0.01450868 0.00869230
v 0.00162513 -0.08981974 0.01617449
v -0.00432209 -0.08684238 0.01024128
v -0.00432209 -0.08684238 0.01024128
v -0.00511616 0.01758368 0.01248577
v 0.00872941 -0.05353531 0.02833736
v 0.00080443 -0.08996772 0.01591624
v -0.00935535 0.01343075 0.01619119
v -0.00289906 0.01582036 0.01054508
v 0.00226385 -0.08683840 0.00918753
v -0.00222179 -0.03971039 0.00843943
v -0.00001871 -0.03706427 0.00942897
v -0.00734695 0.00910973 0.01857095
v -0.00667695 -0.08111192 0.02542392
v -0.00077623 -0.08953888 0.01859800
v 0.00616713 -0.03607705 0.01931146
v 0.00717253 0.00749429 0.01730530
v -0.00626559 0.01581951 0.01717629
v -0.00116574 0.00749233 0.00899148
v 0.00288342 0.01564279 0.02185269
v 0.00288342 0.01564279 0.02185269
v -0.00008320 0.08999994 0.01632202
v -0.00008320 0.08999994 0.01632202
v -0.00661315 0.00428823 0.01404458
v -0.00000355 -0.03697326 0.02291503
v 0.00692455 0.00749422 0.01842156
v -0.00445197 0.01758379 0.02062332
v 0.00614194 0.00429131 0.01302840
v 0.00286150 0.01582168 0.02180991
v 0.00493335 0.00550443 0.02111256
v 0.00621614 0.00550474 0.01934149
v -0.01464683 -0.07065990 0.02096013
v -0.00940132 -0.05784558 0.00323901
v 0.00808974 0.01049345 0.01488120
v 0.00957539 -0.08435313 0.01615852
v -0.00016048 0.08999992 0.01608823
v -0.00016048 0.08999992 0.01608823
v -0.00002619 0.00428984 0.00924408
v 0.00564621 0.00550465 0.01205066
v -0.00003082 0.01450777 0.00776237
v -0.00296270 -0.08445515 0.00707707
v 0.00259369 0.01450831 0.02417694
v -0.00107973 -0.03616490 0.02301783
v 0.00370121 0.01582194 0.01104153
v -0.00116100 0.08568439 0.01581406
v -0.00116100 0.08568439 0.01581406
v 0.00658147 -0.03607697 0.01830699
v -0.00845875 0.01194190 0.01344855
v 0.00026075 0.01819220 0.01439203
v -0.00981859 -0.08380034 0.01614498
v -0.00567882 0.00550188 0.02030418
v 0.00208863 -0.03654664 0.02259235
v 0.00208863 -0.03654664 0.02259235
v -0.01259794 -0.04953427 0.01179806
v 0.00398810 0.01194493 0.00828672
v -0.00667692 0.00550165 0.01835241
v -0.01521122 -0.05786111 0.01123519
v -0.00661409 0.01343145 0.00960093
v 0.00026529 -0.08996762 0.01537725
v 0.00002272 -0.07473744 0.03063988
v 0.00407564 -0.07812149 0.02864654
v -0.00154882 -0.08852557 0.01141444
v -0.00154882 -0.08852557 0.01141444
v -0.00547167 -0.03653057 0.01221852
v -0.00547167 -0.03653057 0.01221852
v 0.00907818 -0.07065207 0.02863030
v -0.00697760 -0.08686027 0.01845815
v 0.01497125 -0.05353262 0.01625470
v 0.00355787 -0.08110946 0.02705839
v 0.00011481 0.08999998 0.01617771
v 0.00011481 0.08999998 0.01617771
v -0.00000206 -0.05777398 0.03217033
v -0.00903746 -0.07065693 0.02865693
v -0.00038785 -0.08999782 0.01587228
v 0.00000646 -0.08999999 0.01603126
v 0.00196474 0.01564257 0.02225167
v 0.00196474 0.01564257 0.02225167
v -0.00057669 0.01819198 0.01790140
v 0.00442659 0.01758593 0.02061029
v -0.00425900 0.01343202 0.00788456
v 0.00000786 -0.08996779 0.01699632
v -0.00002812 0.01564216 0.00978768
v -0.00002812 0.01564216 0.00978768
v 0.00446104 0.01582207 0.02064419
v -0.00161195 -0.08982045 0.01617924
v -0.00039943 0.08568457 0.01730332
v -0.00039943 0.08568457 0.01730332
v -0.00667317 -0.03653088 0.01513127
v -0.00667317 -0.03653088 0.01513127
v 0.00316605 0.00550399 0.02240057
v -0.00947461 -0.04254027 0.01582594
v -0.00432778 -0.03761180 0.02213406
v -0.00432778 -0.03761180 0.02213406
v -0.00560589 -0.08424867 0.02392051
v 0.00545894 0.01343435 0.00861551
v 0.00557880 0.01758622 0.01901950
v -0.00642619 -0.03730054 0.01410155
v -0.00045523 -0.08999868 0.01601832
v 0.01129739 -0.04586750 0.01662446
v 0.01520846 -0.05773332 0.01123605
v -0.01534972 -0.06213822 0.02120609
v -0.00378216 0.01564125 0.01101354
v -0.00378216 0.01564125 0.01101354
v 0.00663387 0.01049312 0.01133002
v -0.00745980 -0.04254348 0.01033169
v -0.00745980 -0.04254348 0.01033169
v -0.00665006 -0.03761357 0.01513729
v -0.00130166 -0.08982034 0.01713033
v 0.01339513 -0.07599237 0.01373318
v -0.00561923 0.00428843 0.02026098
v -0.00802553 0.01450582 0.01358882
v 0.00618303 0.01758637 0.01715051
v 0.00017696 -0.08999318 0.01565002
v -0.00009025 -0.05354784 0.03114858
v -0.00001229 -0.08111019 0.00471980
v 0.00213911 0.00550382 0.00951046
v -0.00695811 0.00749091 0.01393333
v 0.01347713 -0.07623701 0.01832274
v 0.01347713 -0.07623701 0.01832274
v 0.00492198 -0.06645329 0.00095582
v 0.00419822 0.01343406 0.00787215
v -0.00114464 0.00749225 0.02336676
v -0.00208226 -0.03711599 0.02258968
v -0.00129919 0.01819182 0.01490142
v -0.00018072 0.08999991 0.01613135
v -0.00018072 0.08999991 0.01613135
v -0.00180483 0.01819169 0.01589740
v -0.00640404 -0.03762581 0.01410869
v 0.00731961 0.00911326 0.01854942
v 0.00228589 -0.08686756 0.02315974
v -0.01520552 -0.06646303 0.02114225
v -0.00938270 -0.06646446 0.02913208
v -0.01307475 -0.06213758 0.00669374
v -0.01307475 -0.06213758 0.00669374
v 0.00254784 -0.08953940 0.01617314
v 0.01052154 -0.07811991 0.02402411
v 0.01052154 -0.07811991 0.02402411
v 0.00286674 0.01564285 0.01049380
v 0.00286674 0.01564285 0.01049380
v -0.00649599 0.00749099 0.01949074
v 0.00729238 0.01049327 0.01243937
v 0.00105929 -0.03654550 0.02284107
v 0.00105929 -0.03654550 0.02284107
v -0.00012651 0.08999993 0.01618787
v 0.00561363 0.01582239 0.01329721
v 0.00125496 0.01049185 0.00806645
v -0.01069243 -0.08111280 0.01318524
v -0.00453258 0.01564107 0.01167688
v -0.00453258 0.01564107 0.01167688
v 0.00904151 -0.07065685 0.00369627
v 0.00010732 0.08999998 0.01613092
v 0.00010732 0.08999998 0.01613092
v 0.00493781 0.01450888 0.02297823
v 0.00745553 0.01450955 0.01235546
v 0.00615116 0.00429127 0.01930836
v -0.01252821 -0.07805035 0.01279812
v 0.00284495 0.01582174 0.01053665
v -0.00694936 0.00428814 0.01618760
v 0.00404055 -0.07812135 0.00368998
v 0.00040014 -0.08999765 0.01587142
v 0.00034091 -0.04254519 0.00671710
v 0.00787290 0.01194579 0.02018341
v -0.00681918 0.01450606 0.02113376
v -0.00477111 -0.03653693 0.02095612
v -0.00477111 -0.03653693 0.02095612
v -0.00875624 0.01194180 0.01757465
v -0.00375384 0.01582015 0.01105247
v 0.00491782 0.01450895 0.00936225
v -0.00106075 -0.03740694 0.00952453
v -0.00909711 -0.08437631 0.01322859
v -0.01299626 -0.07624335 0.01409135
v 0.00324759 -0.04254466 0.00728940
v 0.00971960 -0.08326854 0.01609994
v -0.00889413 0.01343084 0.01907585
v -0.00288251 0.01582030 0.02181834
v 0.01102704 -0.08110762 0.01911366
v -0.00702303 0.00550158 0.01618772
v 0.00917930 0.01343521 0.01470689
v 0.00348490 0.00911231 0.02302578
v -0.00000853 -0.03734152 0.00943933
v 0.00666079 -0.03654906 0.01722310
v 0.00666079 -0.03654906 0.01722310
v -0.00405117 -0.08852622 0.01323803
v -0.00405117 -0.08852622 0.01323803
v 0.00029440 -0.08999655 0.01660027
v 0.00242506 -0.08953925 0.01695878
v 0.01378338 -0.07531466 0.01609401
v 0.01378338 -0.07531466 0.01609401
v -0.00153212 -0.08982041 0.01667936
v 0.00235479 0.00911212 0.00884068
v -0.00183110 0.01819169 0.01618017
v -0.01292684 -0.06646400 0.02559829
v -0.01292684 -0.06646400 0.02559829
v -0.00000665 -0.08683827 0.00883159
v -0.00789681 0.01194200 0.02020656
v 0.00678224 0.01450939 0.01122121
v 0.00017818 -0.08999326 0.01670223
v 0.00007739 -0.05356592 0.00119321
v -0.00067345 -0.08996792 0.01568409
v -0.00219128 0.00550278 0.00951682
v 0.00545930 -0.03654937 0.02013585
v 0.00545930 -0.03654937 0.02013585
v 0.00313302 0.00429053 0.02233535
v 0.00046835 -0.08999850 0.01633521
v -0.00666887 0.01048987 0.02102493
v -0.00642747 -0.03653055 0.01410120
v -0.00642747 -0.03653055 0.01410120
v -0.00570243 0.01564078 0.01329201
v -0.00570243 0.01564078 0.01329201
v -0.00099221 0.01758461 0.02237971
v 0.00806311 -0.04954198 0.00555022
v -0.00000542 0.01049145 0.02440781
v -0.00749247 0.01450590 0.01999951
v -0.00546003 -0.03653556 0.02015188
v -0.00546003 -0.03653556 0.02015188
v -0.00626849 0.01581952 0.01519704
v 0.00396966 -0.03712608 0.02163062
v 0.00257550 -0.04253375 0.02528753
v -0.00083749 0.01819191 0.01778904
v 0.01017822 -0.08248199 0.01816352
v -0.00544812 0.00911017 0.02162436
v -0.01498411 -0.05358115 0.01608709
v 0.00271107 0.01194462 0.00773657
v 0.00773296 -0.03971589 0.01396694
v -0.00486494 0.01049037 0.00952609
v 0.00068633 -0.08996775 0.01666932
v 0.01465088 -0.07065387 0.01139308
v 0.00821283 0.01049347 0.01616538
v 0.00821283 0.01049347 0.01616538
v 0.00622754 0.00911298 0.02070048
v 0.00560077 -0.03607995 0.02023874
v 0.00665067 0.00550485 0.01833285
v 0.00386361 -0.04955696 0.02894893
v 0.00098764 0.01564233 0.02247174
v 0.00098764 0.01564233 0.02247174
v 0.00757818 0.00911334 0.01496303
v -0.00664928 -0.03755596 0.01724535
v -0.00563118 0.00428848 0.01211034
v -0.00515474 0.01581981 0.01245750
v 0.00496992 -0.06213321 0.00078216
v -0.00131949 0.01450736 0.02447061
v -0.00228126 0.00749206 0.00924273
v 0.00454220 -0.05354079 0.03044142
v 0.00108645 -0.03613176 0.02301457
v -0.00058337 0.08558109 0.01787234
v -0.00058337 0.08558109 0.01787234
v 0.00406754 0.00429076 0.02178061
v -0.00545657 -0.03735820 0.02015191
v 0.00049110 -0.08999883 0.01617615
v -0.00686550 0.00910984 0.01967951
v -0.00484539 0.01049029 0.02284304
v 0.01536243 -0.06213082 0.02114688
v 0.00513655 0.00749377 0.02131566
v -0.00333009 0.00749180 0.00969823
v -0.00293661 -0.08423397 0.02527568
v -0.01343478 -0.07602564 0.01374007
v -0.00640250 -0.03751202 0.01827290
v -0.00003684 0.08999994 0.01602649
v -0.00003684 0.08999994 0.01602649
v 0.00731261 0.00911328 0.01378396
v -0.00013635 0.08999991 0.01625061
v -0.00013635 0.08999991 0.01625061
v -0.00121834 0.08568438 0.01617964
v -0.00121834 0.08568438 0.01617964
v 0.00798860 0.01450963 0.01876615
v 0.00054303 0.01819225 0.01789976
v -0.00600048 -0.03762652 0.01313102
v 0.00781374 0.01049336 0.01870928
v 0.01063172 -0.04955749 0.02424057
v 0.01063172 -0.04955749 0.02424057
v -0.00102512 0.01564192 0.00988324
v -0.00102512 0.01564192 0.00988324
v 0.00633281 -0.03970936 0.02114213
v 0.00633281 -0.03970936 0.02114213
v -0.00198731 0.01582058 0.01014911
v -0.00148539 -0.08953954 0.01823671
v 0.00154732 -0.08852521 0.01141032
v 0.00154732 -0.08852521 0.01141032
v 0.01171475 -0.07463934 0.02466544
v 0.01171475 -0.07463934 0.02466544
v -0.00038681 -0.08999784 0.01648231
v -0.00600751 0.01758346 0.01424150
v 0.00938467 -0.06645320 0.00322146
v -0.00692987 -0.03629696 0.01618759
v -0.00002844 0.01758492 0.00988403
v 0.00137933 0.01194420 0.02491585
v -0.00628138 -0.04583315 0.00680863
v 0.00273584 0.01194453 0.02461032
v 0.01541211 -0.07065276 0.01615394
v -0.00496974 -0.03969757 0.02252153
v 0.00514521 0.01564339 0.01241407
v 0.00514521 0.01564339 0.01241407
v 0.00297691 -0.08423802 0.02526725
v 0.00002468 -0.07065393 0.03158668
v 0.00716664 0.01194561 0.02138119
v -0.00294446 -0.08852584 0.01212800
v -0.00294446 -0.08852584 0.01212800
v -0.00083282 -0.08996805 0.01617810
v 0.00050464 -0.08981993 0.01463665
v 0.00543724 -0.03669911 0.02012601
v -0.00494402 -0.05779561 0.03138746
v 0.01307474 -0.06213141 0.02566105
v 0.01307474 -0.06213141 0.02566105
v -0.00018806 0.08999991 0.01617816
v -0.00018806 0.08999991 0.01617816
v -0.00210101 -0.03653330 0.00976203
v -0.00210101 -0.03653330 0.00976203
v -0.00067167 -0.08996803 0.01667139
v -0.00001648 0.01794813 0.01809716
v 0.00762053 -0.04955785 0.02713073
v 0.00207017 -0.03719880 0.00976469
v -0.00561721 0.01758355 0.01333552
v 0.01426409 -0.05353661 0.01162224
v 0.00145238 0.01343329 0.02537498
v 0.00646243 0.00749414 0.01286413
v -0.00355210 -0.08111104 0.00528516
v 0.00049912 -0.08996767 0.01549669
v -0.01083885 -0.08111288 0.01914575
v -0.00734070 -0.08685562 0.01618879
v 0.01260242 -0.04955592 0.02056135
v 0.00142537 0.01343339 0.00697569
v 0.01466488 -0.07065204 0.02091703
v 0.00005325 0.08999997 0.01616806
v 0.00000627 -0.08999999 0.01590015
v 0.01094915 -0.08110759 0.01174300
v 0.00000292 -0.08953936 0.01369596
v -0.01466083 -0.07066173 0.01143618
v 0.00394916 -0.03697569 0.01071178
v -0.00375559 0.01049064 0.00886759
v -0.00489946 0.00428860 0.02107523
v -0.00001517 -0.03753992 0.00882280
v -0.00001517 -0.03753992 0.00882280
v 0.00104867 -0.03690784 0.02282984
v 0.00346478 0.00911238 0.00931887
v 0.00872054 0.01194602 0.01478029
v -0.00099923 0.01582074 0.02242719
v 0.00481039 0.01049270 0.00951189
v -0.00073620 0.08568449 0.01714521
v -0.00073620 0.08568449 0.01714521
v 0.00390462 -0.04584442 0.00559016
v -0.00446500 0.01758384 0.01174474
v -0.01094880 -0.04954423 0.02379800
v -0.01094880 -0.04954423 0.02379800
v 0.01216003 -0.05354257 0.00743503
v 0.01216003 -0.05354257 0.00743503
v 0.00000723 -0.09000000 0.01655717
v -0.00623942 0.00550175 0.01935977
v 0.01115591 -0.08110755 0.01315317
v 0.01115591 -0.08110755 0.01315317
v -0.00101042 0.01758468 0.00997815
v 0.00627427 0.01758640 0.01616826
v 0.00627427 0.01758640 0.01616826
v -0.00756406 0.01343114 0.02167681
v -0.00768177 -0.07812431 0.02682047
v -0.01229285 -0.07812538 0.02101838
v 0.00126049 0.01819242 0.01745360
v -0.00290422 0.01564140 0.02186119
v -0.00290422 0.01564140 0.02186119
v 0.00885771 0.01343514 0.01327911
v 0.00193437 0.01758532 0.02216007
v -0.00011916 0.08999993 0.01614100
v -0.00596390 -0.03758843 0.01186009
v -0.00596390 -0.03758843 0.01186009
v -0.00596390 -0.03758843 0.01186009
v 0.00691734 0.00429147 0.01616725
v 0.00691734 0.00429147 0.01616725
v 0.00641509 -0.03654940 0.01825317
v 0.00641509 -0.03654940 0.01825317
v -0.00111985 0.00550304 0.00927549
v 0.00482994 0.01049262 0.02282884
v 0.00558930 -0.03613080 0.01209877
v 0.01421228 -0.05353101 0.02087896
v -0.00148352 0.01819177 0.01724458
v -0.00604717 0.01581956 0.01814602
v 0.00545938 -0.03706550 0.02013545
v -0.00002240 -0.06645392 0.00018012
v -0.00922000 0.01343079 0.01473390
v -0.01536243 -0.06213817 0.01120791
v 0.01245572 -0.07065528 0.00710045
v 0.01245572 -0.07065528 0.00710045
v -0.00180400 0.01819169 0.01646285
v 0.00583516 -0.04254362 0.00873190
v -0.00061518 0.01794801 0.01435268
v 0.00605543 0.01564360 0.01419401
v 0.00605543 0.01564360 0.01419401
v 0.00493993 -0.05775409 0.03138774
v -0.00700319 -0.03761695 0.01845811
v -0.00700319 -0.03761695 0.01845811
v -0.00003696 0.08999995 0.01594993
v -0.00003696 0.08999995 0.01594993
v 0.00019138 0.09000000 0.01617760
v 0.00019138 0.09000000 0.01617760
v 0.00019138 0.09000000 0.01617760
v -0.00049594 -0.08982009 0.01463806
v 0.00433198 -0.08686482 0.02211314
v 0.00433198 -0.08686482 0.02211314
v -0.00431337 0.00749157 0.01028190
v -0.00129544 0.01819180 0.01745735
v -0.00491382 0.00428866 0.01129397
v -0.00291658 0.01343235 0.00730156
v 0.00495340 -0.03971623 0.00983958
v -0.00079224 -0.08996799 0.01591846
v -0.00720234 0.01194222 0.01097373
v 0.00227016 -0.03757257 0.02317350
v 0.00227016 -0.03757257 0.02317350
v 0.00001038 0.08999996 0.01632189
v 0.00001038 0.08999996 0.01632189
v 0.00104374 -0.03727156 0.00952005
v 0.01051538 -0.08248189 0.01422083
v 0.01051538 -0.08248189 0.01422083
v 0.01051538 -0.08248189 0.01422083
v -0.00260036 -0.04254517 0.00707102
v 0.00918358 0.01343520 0.01762106
v -0.00123159 0.00911126 0.00858210
v -0.00887790 -0.05356383 0.02823884
v -0.01062526 -0.08248699 0.01819406
v -0.01062526 -0.08248699 0.01819406
v -0.00208700 -0.03746622 0.00977353
v 0.00295693 -0.08852485 0.02022558
v 0.00295693 -0.08852485 0.02022558
v -0.00376699 0.01564119 0.02135247
v -0.00376699 0.01564119 0.02135247
v 0.01085954 -0.08248183 0.01816252
v 0.01085954 -0.08248183 0.01816252
v -0.00018199 0.08999991 0.01622540
v -0.00018199 0.08999991 0.01622540
v -0.00318037 0.00550247 0.02240989
v -0.00908863 -0.08430443 0.01914168
v 0.00486745 0.00429101 0.01127961
v -0.01123662 -0.08111294 0.01318604
v -0.01123662 -0.08111294 0.01318604
v -0.01295433 -0.06645823 0.00679309
v -0.01295433 -0.06645823 0.00679309
v -0.00953666 -0.08328958 0.01612820
v -0.00772573 -0.08427294 0.02180688
v -0.00772573 -0.08427294 0.02180688
v -0.01521154 -0.05785014 0.02111923
v 0.00431995 -0.03755585 0.02212693
v 0.00431995 -0.03755585 0.02212693
v 0.00144482 0.01819248 0.01511044
v -0.00617396 0.00428831 0.01932645
v -0.01262260 -0.07804336 0.01955782
v 0.00040095 -0.08999767 0.01648099
v 0.00681365 0.00429145 0.01508543
v -0.00848063 -0.07469587 0.02788868
v -0.00609291 0.01564065 0.01816097
v -0.00609291 0.01564065 0.01816097
v -0.00002749 0.00749260 0.00888238
v 0.00559917 0.00429113 0.02024451
v -0.00691824 0.00550160 0.01728098
v -0.00758017 0.01343121 0.01070033
v -0.00831112 0.01343097 0.02041828
v -0.00195521 0.01758438 0.02216578
v -0.00157066 0.01794776 0.01730813
v -0.00495144 0.00550205 0.02112707
v -0.00029503 -0.03970080 0.02422685
v 0.00053208 0.08568480 0.01695683
v 0.00053208 0.08568480 0.01695683
v -0.00027129 -0.04955490 0.02951719
v -0.00184586 0.01794771 0.01558698
v -0.00184586 0.01794771 0.01558698
v -0.00241415 -0.08953941 0.01539424
v -0.00937906 -0.04584885 0.02248365
v -0.00937906 -0.04584885 0.02248365
v -0.00000102 -0.05780948 0.00018494
v -0.00210285 -0.03712472 0.00976240
v -0.00003191 0.01343305 0.00684033
v 0.01221324 -0.07811944 0.01315164
v -0.00640855 0.01564059 0.01618687
v -0.00640855 0.01564059 0.01618687
v -0.00289051 0.01343225 0.02506187
v -0.00429605 0.00749150 0.02208557
v -0.00396486 -0.03653839 0.02164268
v -0.00396486 -0.03653839 0.02164268
v 0.00174522 0.08558167 0.01617530
v 0.00174522 0.08558167 0.01617530
v 0.00174522 0.08558167 0.01617530
v -0.00286119 0.01758417 0.02177550
v 0.00589135 0.00749396 0.02045668
v -0.00172999 0.08558084 0.01563010
v -0.00172999 0.08558084 0.01563010
v -0.00172999 0.08558084 0.01563010
v 0.01235484 -0.07811940 0.01139910
v -0.00003640 0.08999994 0.01632936
v -0.00003640 0.08999994 0.01632936
v 0.00842305 0.01194593 0.01890639
v 0.00103973 -0.03653712 0.00951020
v 0.00103973 -0.03653712 0.00951020
v 0.00672656 -0.08110858 0.00689443
v -0.00497474 0.01450657 0.00937678
v -0.00138937 0.01194353 0.02491992
v -0.00146178 0.01343259 0.02537926
v -0.00631299 0.01564061 0.01718388
v -0.00631299 0.01564061 0.01718388
v 0.00000740 -0.08999556 0.01668450
v 0.00931894 0.01343524 0.01616377
v 0.00931894 0.01343524 0.01616377
v -0.00772783 0.00910965 0.01618877
v -0.00148879 0.01343269 0.00697997
v 0.00596910 0.01758631 0.01811351
v 0.00295082 -0.08445919 0.00706864
v 0.00314777 0.00550406 0.00994500
v 0.00886504 -0.05354993 0.00410295
v 0.01293703 -0.05774782 0.00677773
v 0.01293703 -0.05774782 0.00677773
v 0.00130690 0.01450799 0.02446676
v 0.00809351 0.01049344 0.01744992
v -0.00565120 0.01581965 0.01905778
v -0.01245167 -0.07065849 0.02525275
v -0.01245167 -0.07065849 0.02525275
v 0.00154680 -0.08981970 0.01667483
v 0.00947393 -0.06213214 0.00307131
v 0.00150495 -0.08953839 0.01823288
v -0.00907412 -0.07066170 0.00372291
v 0.00153208 0.01794852 0.01504688
v -0.00476412 -0.03759355 0.01142293
v 0.00752765 0.01343484 0.01067815
v 0.01295144 -0.07623710 0.01405326
v 0.01099445 -0.08127448 0.01271214
v 0.00149746 -0.08953948 0.01411847
v 0.00251432 0.01049215 0.00834622
v 0.00511719 0.01582223 0.01989749
v 0.01230782 -0.07811947 0.02099212
v -0.01362570 -0.07533868 0.01613425
v -0.00600180 0.01758343 0.01813108
v 0.00095380 0.01758516 0.00997527
v -0.00287761 0.01758423 0.01058787
v 0.01033734 -0.08326788 0.01609903
v 0.01033734 -0.08326788 0.01609903
v -0.00109042 0.08558098 0.01763428
v -0.01062724 -0.04953271 0.00811884
v -0.01062724 -0.04953271 0.00811884
v -0.00454023 0.00911038 0.02242217
v 0.01292881 -0.06645366 0.00675526
v 0.01292881 -0.06645366 0.00675526
v -0.00045467 -0.08999867 0.01633668
v 0.01057589 -0.07811981 0.00841254
v 0.01057589 -0.07811981 0.00841254
v -0.00495475 0.01450650 0.02299275
v -0.00001670 0.01819211 0.01798925
v 0.00369912 0.01049243 0.00885664
v 0.00909583 -0.04254045 0.01359135
v -0.01422514 -0.05358275 0.01146283
v -0.00000942 0.08999996 0.01615822
v -0.00731185 0.00749081 0.01618815
v 0.00452420 0.00911256 0.02240886
v 0.00743495 -0.04253543 0.02202686
v 0.00743495 -0.04253543 0.02202686
v -0.00060982 0.01794799 0.01800407
v 0.00191680 0.01758539 0.01018920
v -0.00448019 -0.07428974 0.00243448
v -0.00398088 -0.03653152 0.01072335
v -0.00398088 -0.03653152 0.01072335
v 0.00698529 -0.03751143 0.01390011
v 0.00698529 -0.03751143 0.01390011
v 0.00596339 0.01758634 0.01422393
v 0.00000430 -0.08981986 0.01459714
v -0.01363072 -0.07599250 0.01871049
v -0.00890231 -0.04254200 0.01291926
v 0.01307024 -0.07623710 0.01832333
v -0.00058174 0.01819200 0.01445526
v 0.00944975 -0.04253864 0.01653261
v 0.00110677 0.01794842 0.01462282
v -0.00642135 -0.03653316 0.01827202
v -0.00642135 -0.03653316 0.01827202
v -0.00475571 -0.08852691 0.01773187
v -0.00475571 -0.08852691 0.01773187
v -0.01339718 -0.07624344 0.01409194
v -0.01339718 -0.07624344 0.01409194
v -0.00546409 0.00911023 0.01074651
v -0.00774930 -0.03969790 0.01839418
v 0.00598614 -0.03685545 0.01310551
v -0.00001233 -0.07427724 0.00172139
v 0.00170289 0.01819254 0.01561512
v -0.00003385 0.08568466 0.01736067
v -0.00003385 0.08568466 0.01736067
v -0.00496595 0.00550210 0.01124229
v 0.00010888 0.08999998 0.01622498
v 0.00010888 0.08999998 0.01622498
v -0.00455854 0.00911045 0.00994605
v 0.00639196 -0.03668898 0.01824568
v 0.00715133 0.01194567 0.01095266
v 0.00380356 0.01450860 0.02365151
v 0.00587876 0.00749401 0.01188085
v 0.00372059 0.01049235 0.02348735
v -0.01396693 -0.07533898 0.01613475
v -0.01396693 -0.07533898 0.01613475
v -0.00002057 -0.06213440 0.00000000
v -0.00668307 0.01048992 0.01134957
v -0.00315821 -0.03627768 0.01001233
v -0.00683370 0.01450611 0.01124120
v 0.00993486 -0.08248202 0.01422168
v 0.00993486 -0.08248202 0.01422168
v 0.00194974 0.01582145 0.02220586
v -0.00003732 0.08568467 0.01499514
v -0.00003732 0.08568467 0.01499514
v 0.00746672 0.01450950 0.01997755
v 0.00411047 0.00550423 0.02183995
v 0.01064516 -0.08110768 0.01315392
v -0.00831159 0.01450574 0.01487646
v -0.00609871 0.01564068 0.01421185
v -0.00609871 0.01564068 0.01421185
v -0.00000661 -0.08446287 0.00660458
v -0.00720275 0.00749083 0.01732641
v -0.00631592 0.01564062 0.01518959
v -0.00631592 0.01564062 0.01518959
v 0.00621423 0.00911303 0.01163608
v -0.00684567 0.00428816 0.01726942
v -0.01112853 -0.08111291 0.01266583
v 0.01333973 -0.04955329 0.01645323
v -0.00000607 0.00749252 0.02347250
v 0.00304992 -0.03679689 0.02217415
v 0.00431323 -0.08684001 0.01022767
v 0.00431323 -0.08684001 0.01022767
v 0.00674965 -0.08110868 0.02543549
v -0.00002849 0.00911155 0.00846679
v 0.00427982 0.00749356 0.02207298
v -0.00887413 -0.04583290 0.00921134
v -0.00887413 -0.04583290 0.00921134
v 0.00426249 0.00749363 0.01026932
v -0.00832354 0.01343102 0.01196105
v 0.00154533 -0.08981972 0.01567439
v -0.00214885 0.00428925 0.02277455
v -0.00042223 -0.04586636 0.02748506
v 0.01599103 -0.05772455 0.01617808
v -0.00565963 0.01581968 0.01331376
v 0.00237632 0.00911204 0.02350723
v 0.00003606 0.08999996 0.01627766
v 0.00003606 0.08999996 0.01627766
v 0.00775607 -0.08428352 0.02178481
v 0.00775607 -0.08428352 0.02178481
v -0.01128281 -0.04583806 0.01576546
v -0.00094300 -0.08982020 0.01748795
v -0.00774186 -0.08440965 0.01055951
v -0.00774186 -0.08440965 0.01055951
v -0.00812851 0.01048955 0.01490501
v -0.00000104 -0.08852562 0.01116748
v -0.00000104 -0.08852562 0.01116748
v -0.00385913 -0.04953324 0.00341048
v -0.00109958 0.00550296 0.02308258
v -0.00890260 0.01343087 0.01330518
v 0.00827465 0.01450971 0.01747851
v 0.01041210 -0.08295149 0.01840649
v -0.00373877 0.01582009 0.02131346
v -0.00241066 0.00911097 0.00884767
v 0.00448187 0.01564324 0.01166365
v 0.00448187 0.01564324 0.01166365
v -0.00888891 0.01194178 0.01619049
v 0.00002082 -0.08423030 0.02573974
v 0.00084582 -0.08996774 0.01617563
v 0.00001367 -0.08852574 0.02118653
v 0.00001367 -0.08852574 0.02118653
v 0.00080351 0.01819231 0.01778663
v 0.00180553 0.01794858 0.01558162
v 0.00681683 0.00429144 0.01724936
v 0.00565646 0.01564351 0.01327533
v 0.00565646 0.01564351 0.01327533
v -0.00547147 -0.03724894 0.01221892
v -0.00078325 -0.08953897 0.01375833
v -0.00700703 -0.03760195 0.01391165
v -0.00700703 -0.03760195 0.01391165
v -0.00006371 0.08999994 0.01619776
v -0.00562809 -0.08443681 0.00843985
v 0.00450589 0.00911263 0.00993275
v -0.00478150 -0.07066097 0.00152775
v -0.00408309 0.00428879 0.02179258
v -0.00197278 0.01758445 0.01019491
v 0.00445725 -0.07428726 0.00242368
v 0.00288016 0.01343364 0.02505339
v 0.00095625 -0.08981981 0.01486578
v 0.01061209 -0.04587098 0.02009227
v 0.00488256 -0.03614675 0.01127362
v -0.00351924 0.00911070 0.00932912
v 0.00407120 -0.03609381 0.02177291
v 0.00000348 -0.03614780 0.02310145
v 0.00212396 -0.03619947 0.00958859
v 0.00506689 0.01758613 0.01247082
v -0.00733832 0.01048975 0.01246084
v -0.00305756 -0.03718977 0.02218715
v -0.00198437 0.01564162 0.02225746
v -0.00198437 0.01564162 0.02225746
v -0.00148883 0.08558089 0.01723703
v -0.00207875 -0.03730152 0.02259826
v -0.00114535 0.01794786 0.01773219
v -0.00641836 -0.03735799 0.01827217
v 0.00409383 0.00550429 0.01050282
v 0.00667003 -0.03971653 0.01168314
v 0.00667003 -0.03971653 0.01168314
v 0.00314566 -0.03610443 0.02234202
v 0.00827471 0.01343501 0.01193668
v 0.01264612 -0.07811933 0.01315100
v 0.01264612 -0.07811933 0.01315100
v 0.00102356 0.08558149 0.01763118
v -0.00924251 -0.08111244 0.00935402
v -0.00924251 -0.08111244 0.00935402
v -0.00002201 0.01819213 0.01436576
v -0.00560884 0.01758352 0.01903593
v 0.00327750 0.00749339 0.00968853
v 0.00627551 0.01564365 0.01517111
v 0.00627551 0.01564365 0.01517111
v 0.00803813 -0.03971437 0.01646742
v -0.01361079 -0.07624351 0.01836250
v -0.01361079 -0.07624351 0.01836250
v 0.00544765 -0.03654438 0.01220249
v 0.00544765 -0.03654438 0.01220249
v 0.00769349 0.00911336 0.01616613
v 0.00769349 0.00911336 0.01616613
v -0.00371094 0.01758396 0.02127446
v -0.00757201 -0.03970167 0.01342129
v -0.00561331 -0.03630216 0.01211561
v -0.00496449 -0.06645503 0.00097027
v 0.00438389 -0.04953830 0.00357952
v -0.00060325 0.08568454 0.01539899
v -0.00060325 0.08568454 0.01539899
v -0.00673249 -0.03759009 0.01619150
v 0.00406346 -0.08852461 0.01911547
v 0.00406346 -0.08852461 0.01911547
v -0.00149244 -0.08953875 0.01412002
v 0.00206667 -0.03701291 0.00975611
v 0.00006310 0.08999998 0.01610526
v 0.00006310 0.08999998 0.01610526
v -0.00684884 0.00428817 0.01510549
v 0.00872461 0.01194601 0.01754899
v 0.00786110 0.01194583 0.01214836
v 0.01230026 -0.07811946 0.01911180
v -0.00293182 -0.08852386 0.02023341
v -0.00293182 -0.08852386 0.02023341
v 0.00215868 0.00550375 0.02283808
v 0.00206980 -0.03653857 0.00975590
v 0.00206980 -0.03653857 0.00975590
v 0.00716919 0.00749430 0.01502848
v 0.00113218 0.00749280 0.02336342
v -0.00735394 0.00910976 0.01380549
v -0.00684615 -0.03630242 0.01510427
v -0.00914444 -0.08111250 0.02308569
v -0.00914444 -0.08111250 0.02308569
v -0.00238913 0.00911089 0.02351422
v 0.00220545 -0.03970341 0.02392169
v -0.00695149 0.00749088 0.01844193
v 0.00367253 0.01758580 0.01108054
v -0.01294011 -0.05783565 0.02557755
v -0.01294011 -0.05783565 0.02557755
v -0.00149193 0.08558090 0.01512305
v -0.00404225 -0.08852627 0.01912742
v -0.00404225 -0.08852627 0.01912742
v 0.00699043 0.00550495 0.01616715
v 0.00699043 0.00550495 0.01616715
v 0.00684142 0.00911314 0.01965939
v 0.00647213 0.00749410 0.01947171
v 0.00224770 0.00749307 0.02311219
v -0.00956121 -0.08434004 0.01616192
v -0.01059751 -0.04583459 0.01229765
v 0.00474851 -0.03698163 0.01140268
v 0.00003420 0.08999997 0.01595886
v 0.00003420 0.08999997 0.01595886
v -0.00240982 -0.08954029 0.01696594
v 0.00104341 0.01819239 0.01471021
v -0.00134383 0.01450746 0.00788822
v -0.00003817 0.08558125 0.01439712
v -0.00003817 0.08558125 0.01439712
v 0.00618015 0.01758638 0.01518629
v 0.00798097 0.01450967 0.01356532
v 0.00598840 -0.03668826 0.01922335
v 0.00043681 -0.04583922 0.00490486
v 0.00096916 0.01564240 0.00988032
v 0.00096916 0.01564240 0.00988032
v -0.00107167 -0.03653445 0.00951330
v -0.00107167 -0.03653445 0.00951330
v -0.00476036 -0.08852677 0.01463587
v -0.00476036 -0.08852677 0.01463587
v -0.00449860 0.01581997 0.01171080
v -0.00193894 0.01794768 0.01618032
v 0.00780627 0.01049339 0.01362266
v -0.00227600 -0.08683965 0.00919468
v 0.00079653 -0.08953838 0.01859593
v 0.00170454 0.01819254 0.01673484
v -0.00000936 0.01564209 0.02256730
v -0.00000936 0.01564209 0.02256730
v -0.00950721 -0.06213671 0.00310790
v 0.00405543 -0.03616380 0.01056920
v 0.00657485 0.00429140 0.01402522
v -0.00634915 -0.03970444 0.01121898
v -0.00634915 -0.03970444 0.01121898
v -0.00217172 0.00550271 0.02284443
v 0.00828712 0.01343496 0.02039391
v -0.00569393 0.01564074 0.01907964
v -0.00569393 0.01564074 0.01907964
v -0.00003295 0.08558123 0.01795869
v -0.00003295 0.08558123 0.01795869
v 0.00190035 0.01794860 0.01617469
v 0.00004588 0.08999997 0.01621504
v 0.00029324 -0.08999649 0.01575226
v -0.00605292 0.01581958 0.01422667
v -0.00947394 -0.06213685 0.02928348
v -0.00801790 0.01450578 0.01878965
v 0.00000663 -0.03725017 0.02292539
v -0.00496993 -0.06213578 0.03157264
v -0.00110800 0.00428958 0.00934777
v -0.00601466 -0.03653429 0.01924978
v -0.00601466 -0.03653429 0.01924978
v -0.00409956 0.00428886 0.01057421
v -0.00260713 0.01450705 0.02418458
v -0.00327245 -0.04253425 0.02506915
v 0.00683361 -0.03607969 0.01725009
v 0.00727829 0.00749432 0.01616673
v 0.00727829 0.00749432 0.01616673
v 0.00206039 -0.08953944 0.01468005
v 0.00027577 -0.04953529 0.00284222
v -0.00667007 -0.03653221 0.01724268
v -0.00667007 -0.03653221 0.01724268
v -0.00494302 -0.05782937 0.00096754
v 0.00910285 -0.08438873 0.01320265
v 0.00698749 -0.08684694 0.01389627
v -0.00812474 0.01048953 0.01747373
v 0.00758171 0.00911333 0.01736957
v 0.00566495 0.01564348 0.01906296
v 0.00566495 0.01564348 0.01906296
v -0.00253613 -0.08954000 0.01618060
v -0.00599822 -0.03745933 0.01924886
v 0.00885321 0.01194605 0.01616445
v 0.00885321 0.01194605 0.01616445
v 0.00008722 0.08999998 0.01626763
v 0.00008722 0.08999998 0.01626763
v -0.00658799 -0.03627841 0.01832680
v -0.00617082 -0.03626578 0.01933001
v 0.00730332 0.01049323 0.01989410
v 0.00001020 -0.08953857 0.01865989
v -0.00001602 -0.03623431 0.00925291
v 0.00510624 0.01582228 0.01244244
v -0.00433785 -0.03757254 0.01023129
v -0.00433785 -0.03757254 0.01023129
v 0.01376391 -0.07457462 0.02063218
v 0.00105593 0.00429010 0.00934459
v -0.00675470 -0.03653144 0.01618709
v -0.00675470 -0.03653144 0.01618709
v -0.00489510 -0.03623535 0.02108074
v -0.01247831 -0.07066196 0.00713712
v -0.01247831 -0.07066196 0.00713712
v 0.00180727 0.01794858 0.01676803
v 0.00827080 0.01450973 0.01485212
v 0.00562011 -0.08444450 0.00842381
v -0.00942053 -0.06645653 0.00324895
v 0.00401126 0.01194484 0.02405643
v 0.00839665 0.01450975 0.01616513
v 0.00839665 0.01450975 0.01616513
v 0.00096167 0.01582129 0.00992779
v 0.00593869 -0.03751142 0.01185027
v 0.00593869 -0.03751142 0.01185027
v 0.00593869 -0.03751142 0.01185027
v -0.00010676 0.08999992 0.01639488
v -0.00010676 0.08999992 0.01639488
v 0.00512144 0.00749383 0.01102411
v 0.00253730 0.01049206 0.02400126
v -0.01017156 -0.08293508 0.01400902
v -0.00228806 -0.03755582 0.00918472
v -0.00228806 -0.03755582 0.00918472
v -0.00406929 -0.07812330 0.00370340
v -0.00157398 0.01794777 0.01505144
v -0.00000483 0.01194387 0.02504852
v -0.00174499 0.08558083 0.01673611
v -0.00628448 0.01194244 0.00992920
v -0.00790860 0.01194204 0.01217151
v -0.00490889 -0.03629653 0.01128834
v 0.00475204 -0.03672123 0.02093144
v 0.01088649 -0.08110766 0.02059995
v -0.01333525 -0.04953691 0.01590618
v -0.00698476 -0.08685078 0.01391830
v -0.00594462 -0.08684622 0.01186893
v -0.00594462 -0.08684622 0.01186893
v -0.00594462 -0.08684622 0.01186893
v -0.00025187 -0.08996783 0.01697619
v 0.01168157 -0.08110747 0.01911269
v 0.01168157 -0.08110747 0.01911269
v 0.00106698 0.00550357 0.00927228
v -0.00761605 -0.04953236 0.00522868
v 0.00477266 -0.08852441 0.01771782
v 0.00477266 -0.08852441 0.01771782
v 0.00159218 0.01819250 0.01699565
v 0.00001042 0.08999996 0.01603243
v 0.00001042 0.08999996 0.01603243
v -0.00544639 -0.03739922 0.02014917
v 0.00308763 -0.04587024 0.02706521
v -0.00306113 -0.03653987 0.02219466
v -0.00306113 -0.03653987 0.02219466
v -0.01599567 -0.06646165 0.01620015
v -0.00476059 -0.03733315 0.02095168
v -0.00003087 0.01194396 0.00730641
v -0.00001561 -0.07812232 0.00305187
v -0.00617967 -0.03630505 0.01304290
v 0.01248236 -0.07065180 0.02521608
v 0.01248236 -0.07065180 0.02521608
v -0.00000585 0.00911146 0.02388811
v -0.00004651 0.08999994 0.01608805
v 0.00515624 0.01564335 0.01992571
v 0.00515624 0.01564335 0.01992571
v 0.00057659 0.01794828 0.01800233
v 0.00489635 -0.03608558 0.02106602
v 0.00691733 -0.03608515 0.01616677
v 0.00691733 -0.03608515 0.01616677
v -0.01086296 -0.04584298 0.01927532
v 0.00107598 0.00429003 0.02300705
v -0.00225397 -0.08686881 0.02316690
v -0.00000602 0.00550323 0.02318412
v 0.00494093 -0.05778786 0.00096782
v 0.00663798 -0.03670121 0.01721708
v 0.00691793 0.00749424 0.01391296
v 0.01273558 -0.07811935 0.01911116
v 0.01273558 -0.07811935 0.01911116
v 0.00111133 0.01794840 0.01772888
v 0.00079879 0.01819233 0.01456597
v -0.00027986 -0.08999665 0.01660128
v -0.00990435 -0.08248680 0.01425081
v -0.00990435 -0.08248680 0.01425081
v -0.00002659 0.00550330 0.00917070
v -0.00805447 -0.03969943 0.01589369
v -0.00002063 -0.07065983 0.00076653
v 0.01293641 -0.05772695 0.02557827
v 0.01293641 -0.05772695 0.02557827
v -0.00593100 -0.08686425 0.02050423
v -0.00593100 -0.08686425 0.02050423
v -0.00593100 -0.08686425 0.02050423
v -0.00215505 -0.03626492 0.00959502
v 0.01206149 -0.05353194 0.02504236
v 0.01206149 -0.05353194 0.02504236
v 0.00674233 -0.03654851 0.01616728
v 0.00674233 -0.03654851 0.01616728
v 0.00674233 -0.03654851 0.01616728
v 0.00674233 -0.03654851 0.01616728
v 0.00207492 -0.03684856 0.02258083
v 0.00851938 -0.07469113 0.02786815
v -0.00492002 -0.06646437 0.03139772
v -0.00130458 -0.08982023 0.01522716
v 0.00111108 0.00749288 0.00898813
v -0.00000611 0.01450768 0.02459259
v -0.00000272 -0.03758846 0.02353542
v -0.00000272 -0.03758846 0.02353542
v -0.00448547 0.01581992 0.02065732
v 0.00657768 0.01343454 0.02275404
v 0.00672041 -0.03672469 0.01616287
v 0.00672041 -0.03672469 0.01616287
v -0.00471451 -0.05355578 0.03038962
v 0.00664807 0.01049307 0.02100538
v -0.00423464 0.01343193 0.02448282
v 0.00564230 -0.08425637 0.02390448
v -0.00059376 0.08558112 0.01446847
v 0.00496646 -0.06646263 0.03138327
v 0.00311492 0.00429060 0.01001026
v -0.01305056 -0.06213768 0.02571141
v -0.01305056 -0.06213768 0.02571141
v 0.00304548 -0.03712501 0.01016722
v 0.00394968 -0.03675410 0.02161980
v 0.00640897 -0.03654678 0.01408235
v 0.00640897 -0.03654678 0.01408235
v 0.00769647 -0.07812048 0.00555155
v 0.00000611 -0.08999999 0.01579665
v -0.00761605 0.00910969 0.01498534
v -0.00581447 0.01049006 0.02199150
v 0.01268412 -0.07811937 0.01953553
v -0.00430335 -0.08686720 0.02212676
v -0.00430335 -0.08686720 0.02212676
v 0.00396850 -0.03654842 0.02163103
v 0.00396850 -0.03654842 0.02163103
v 0.00785032 -0.04254217 0.01090340
v 0.00785032 -0.04254217 0.01090340
v 0.00002150 -0.08111031 0.02760328
v 0.01614633 -0.06213061 0.01614627
v 0.00000371 -0.03654421 0.02292570
v 0.00000371 -0.03654421 0.02292570
v 0.00507775 0.01758609 0.01986927
v 0.00156147 -0.08852514 0.02093939
v 0.00156147 -0.08852514 0.02093939
v 0.00097200 0.01758509 0.02237683
v 0.00000688 -0.08999999 0.01632247
v -0.01049546 -0.07812497 0.02406636
v -0.01049546 -0.07812497 0.02406636
v -0.00381853 0.01450677 0.02366270
v -0.00624858 0.00910998 0.02071880
v 0.00110087 0.08568493 0.01654532
v 0.00110087 0.08568493 0.01654532
v 0.00128256 0.01450809 0.00788437
v 0.00623042 0.01194545 0.00991083
v -0.00736515 -0.03761178 0.01618518
v -0.00736515 -0.03761178 0.01618518
v -0.00002670 0.08999995 0.01626782
v 0.00679677 0.01450934 0.02111377
v -0.00514381 0.01581976 0.01991255
v -0.00048570 -0.08996798 0.01685690
v 0.00595450 -0.08686097 0.02048549
v 0.00595450 -0.08686097 0.02048549
v 0.00595450 -0.08686097 0.02048549
v 0.00615827 -0.03611633 0.01302435
v -0.00226089 0.00749198 0.02311881
v 0.00125674 0.01819243 0.01489767
v -0.00047793 -0.08999901 0.01617757
v -0.00718704 0.01194216 0.02140226
v -0.00040634 0.08568459 0.01504253
v -0.00040634 0.08568459 0.01504253
v 0.00772664 -0.07812060 0.02677843
v -0.00108642 0.01819188 0.01471334
v -0.01445592 -0.07451137 0.01616916
v -0.00131376 0.01049123 0.00807022
v -0.01170436 -0.07437535 0.00769584
v -0.01170436 -0.07437535 0.00769584
v 0.00104772 0.01819237 0.01764168
v -0.00109899 -0.03625035 0.00933978
v -0.00626188 0.00911003 0.01165440
v 0.01522194 -0.06645766 0.02109777
v -0.00450559 -0.03970744 0.00950235
v 0.00213619 0.00429029 0.02276826
v 0.00194690 0.01564263 0.01009753
v 0.00194690 0.01564263 0.01009753
v -0.00002958 0.01049154 0.00794713
v -0.00200222 0.01564168 0.01010332
v -0.00200222 0.01564168 0.01010332
v -0.00583151 0.01049013 0.01038049
v 0.00176530 0.01819255 0.01589216
v 0.00526344 -0.04253433 0.02404202
v -0.00008409 0.08999993 0.01603256
v -0.00008409 0.08999993 0.01603256
v 0.00153539 0.01794851 0.01730357
v -0.00687575 0.00910988 0.01269550
v -0.00692145 0.00550161 0.01509415
v -0.00912068 -0.04253845 0.01876720
v 0.00257020 0.01450840 0.00817042
v 0.00557043 0.01758625 0.01331910
v 0.00050917 -0.08981977 0.01771563
v -0.00001682 0.08999995 0.01620515
v -0.00500905 -0.06213561 0.00080139
v -0.00025438 -0.08996769 0.01537783
v 0.00117494 0.00911184 0.00857857
v -0.00720609 0.00749084 0.01504958
v 0.00033183 0.08568477 0.01504145
v 0.00033183 0.08568477 0.01504145
v 0.00002057 -0.06213459 0.03235479
v -0.00389004 -0.04586115 0.02679977
v 0.00141771 0.08558161 0.01511878
v 0.00888871 -0.04587268 0.02317859
v 0.00888871 -0.04587268 0.02317859
v 0.00405107 0.00429082 0.01056225
v -0.01276699 -0.04954034 0.02004108
v 0.00637107 0.01564366 0.01616811
v 0.00637107 0.01564366 0.01616811
v 0.00637107 0.01564366 0.01616811
v 0.00637107 0.01564366 0.01616811
v 0.00688564 0.00550493 0.01507388
v 0.00395248 -0.03654155 0.01071170
v 0.00395248 -0.03654155 0.01071170
v 0.00674039 -0.03697631 0.01616701
v -0.00528830 -0.04254458 0.00831653
vt 0.38527700 0.05890800
vt 0.86407100 0.62294400
vt 0.59046900 0.49533000
vt 0.83762300 0.84172100
vt 0.39587600 0.03807800
vt 0.39587600 0.07070800
vt 0.31108600 0.12109400
vt 0.73167800 0.40772200
vt 0.89764100 0.72565000
vt 0.76458800 0.40202800
vt 0.13986500 0.90670400
vt 0.07791200 0.45281400
vt 0.96288800 0.66061900
vt 0.55948800 0.60415900
vt 0.92549000 0.68118800
vt 0.09911000 0.45148300
vt 0.07192400 0.59031300
vt 0.92549000 0.65874900
vt 0.63122200 0.24856900
vt 0.35348100 0.08192000
vt 0.14163700 0.50615900
vt 0.17177100 0.93734300
vt 0.33228300 0.07070800
vt 0.59058500 0.22853700
vt 0.16270300 0.11123500
vt 0.32168400 0.45148300
vt 0.97425600 0.71524000
vt 0.90309100 0.57053200
vt 0.42645600 0.63347800
vt 0.74618800 0.40771100
vt 0.91009900 0.72936900
vt 0.17330100 0.04681000
vt 0.39587600 0.45281400
vt 0.96288800 0.71671500
vt 0.10791600 0.87392100
vt 0.97299500 0.71589200
vt 0.90542700 0.57053200
vt 0.19449900 0.09507300
vt 0.87449200 0.47805100
vt 0.82367500 0.54704800
vt 0.16270300 0.02886200
vt 0.90932000 0.72565000
vt 0.74045400 0.40205500
vt 0.92549000 0.65313900
vt 0.17261800 0.56740700
vt 0.84387300 0.47115100
vt 0.16794000 0.93734300
vt 0.47349000 0.78013700
vt 0.01811000 0.77357900
vt 0.07188200 0.87988000
vt 0.92549000 0.65500900
vt 0.07791200 0.11123500
vt 0.88575100 0.85409900
vt 0.88409700 0.83859800
vt 0.87449300 0.70574000
vt 0.05925700 0.69263700
vt 0.28988800 0.04681000
vt 0.90387000 0.72565000
vt 0.70833800 0.40207900
vt 0.54091700 0.53765500
vt 0.22008700 0.51674800
vt 0.87403200 0.85228000
vt 0.84387300 0.71263900
vt 0.58047600 0.02783800
vt 0.61063700 0.96823600
vt 0.61494200 0.54727200
vt 0.67492000 0.70533100
vt 0.01518000 0.68969800
vt 0.87449200 0.51254900
vt 0.63092800 0.77923900
vt 0.86407000 0.49185000
vt 0.84387300 0.66434200
vt 0.41394300 0.60220000
vt 0.51151200 0.22803900
vt 0.17884500 0.62627100
vt 0.77252800 0.99054200
vt 0.88183000 0.83516100
vt 0.90776300 0.72565000
vt 0.73245900 0.40206100
vt 0.05671500 0.11123500
vt 0.21569700 0.07070800
vt 0.43827100 0.02886200
vt 0.82367600 0.72643900
vt 0.89847400 0.85394800
vt 0.17330100 0.45148300
vt 0.20509800 0.09507300
vt 0.18093400 0.65991800
vt 0.30048700 0.11123500
vt 0.89889500 0.82933100
vt 0.16270300 0.12109400
vt 0.87449200 0.53324800
vt 0.51153300 0.23163900
vt 0.21679700 0.62251800
vt 0.55257000 0.19527400
vt 0.31108600 0.08192000
vt 0.86163200 0.83507400
vt 0.88573800 0.83627900
vt 0.03494200 0.58043100
vt 0.45818900 0.59488600
vt 0.35641500 0.57572800
vt 0.14150500 0.05890800
vt 0.03551700 0.45148300
vt 0.97276100 0.71869400
vt 0.91009900 0.57053200
vt 0.63013000 0.08852200
vt 0.07791200 0.03807800
vt 0.07791200 0.04681000
vt 0.59019100 0.63437500
vt 0.33228300 0.12109400
vt 0.17330100 0.11123500
vt 0.78482700 0.40761200
vt 0.16270300 0.45281400
vt 0.96288800 0.67557800
vt 0.89686200 0.72565000
vt 0.76054500 0.40017400
vt 0.38756000 0.74148600
vt 0.57097800 0.56142200
vt 0.15210400 0.03807800
vt 0.87110300 0.84937300
vt 0.52016500 0.85967600
vt 0.25399000 0.84879900
vt 0.33635800 0.92632100
vt 0.21842100 0.92115800
vt 0.28988800 0.09507300
vt 0.59055800 0.64186800
vt 0.88182800 0.84388500
vt 0.05910900 0.76602000
vt 0.54718000 0.74323200
vt 0.42447000 0.57210500
vt 0.40647500 0.11123500
vt 0.24749300 0.08192000
vt 0.26975300 0.72919400
vt 0.50282900 0.74384700
vt 0.50463500 0.04774600
vt 0.87449300 0.65744200
vt 0.87528000 0.82144500
vt 0.61333700 0.94960300
vt 0.30048700 0.04681000
vt 0.88956700 0.83097500
vt 0.39587600 0.08192000
vt 0.86407000 0.69194000
vt 0.41707400 0.45281400
vt 0.96288800 0.72045500
vt 0.39587600 0.12109400
vt 0.24749300 0.04681000
vt 0.97478600 0.71562200
vt 0.90231300 0.57053200
vt 0.87449300 0.73333800
vt 0.87449200 0.45735200
vt 0.86407000 0.50565000
vt 0.07962300 0.55892100
vt 0.46668500 0.08581700
vt 0.16539400 0.95925800
vt 0.20509800 0.45281400
vt 0.96288800 0.68305700
vt 0.34717100 0.57440700
vt 0.87449300 0.56774700
vt 0.35913800 0.60338800
vt 0.59058500 0.22467300
vt 0.23689400 0.07070800
vt 0.31108600 0.09507300
vt 0.78806000 0.99047000
vt 0.18258700 0.79955700
vt 0.90153400 0.72565000
vt 0.78885900 0.40192100
vt 0.87449300 0.67124100
vt 0.65433000 0.56984000
vt 0.04946800 0.55053600
vt 0.15210400 0.07070800
vt 0.87545800 0.84370000
vt 0.62027100 0.58041400
vt 0.18113100 0.66015800
vt 0.16320400 0.95730000
vt 0.63845300 0.14166400
vt 0.19449900 0.11123500
vt 0.08851100 0.05890800
vt 0.10535900 0.80076300
vt 0.10970900 0.09507300
vt 0.86470000 0.85403200
vt 0.21293300 0.84326300
vt 0.70523600 0.99053500
vt 0.96288800 0.71297500
vt 0.37467800 0.45281400
vt 0.16270300 0.03807800
vt 0.37467800 0.04681000
vt 0.84387300 0.49185000
vt 0.59056200 0.51977200
vt 0.59034400 0.55205700
vt 0.87449300 0.61604400
vt 0.87449300 0.58154600
vt 0.57339800 0.62408900
vt 0.53521100 0.45161200
vt 0.06614100 0.62316800
vt 0.82367500 0.65744200
vt 0.33228300 0.02886200
vt 0.84387300 0.67124100
vt 0.57697600 0.49388600
vt 0.83968300 0.82802800
vt 0.05671500 0.08192000
vt 0.10970900 0.04681000
vt 0.15210400 0.12109400
vt 0.09096900 0.94377500
vt 0.86407100 0.60224500
vt 0.17602900 0.59581800
vt 0.34288200 0.04681000
vt 0.04611600 0.45148300
vt 0.57777100 0.03616200
vt 0.14140300 0.69506800
vt 0.24749300 0.45148300
vt 0.25809200 0.07070800
vt 0.87449300 0.63674300
vt 0.55534000 0.85313000
vt 0.24233600 0.88730100
vt 0.53158100 0.89537700
vt 0.22262100 0.76823100
vt 0.82537100 0.79981900
vt 0.55282100 0.51125600
vt 0.20355400 0.48884900
vt 0.21569700 0.11123500
vt 0.32168400 0.05890800
vt 0.77033000 0.40765700
vt 0.89842000 0.72936900
vt 0.87449300 0.72643900
vt 0.12030700 0.05890800
vt 0.85581300 0.80572400
vt 0.17117600 0.47319500
vt 0.88809500 0.84370900
vt 0.84387300 0.52634900
vt 0.20780000 0.94679500
vt 0.34244800 0.95073900
vt 0.87973000 0.84794800
vt 0.42767300 0.12109400
vt 0.84387300 0.72643900
vt 0.38602400 0.49335700
vt 0.92530400 0.84237500
vt 0.96288800 0.66435900
vt 0.09911000 0.45281400
vt 0.92549000 0.70549600
vt 0.52736900 0.03616200
vt 0.84387300 0.51254900
vt 0.04611600 0.05890800
vt 0.86407100 0.59534500
vt 0.75582100 0.40771100
vt 0.24749300 0.03807800
vt 0.82367500 0.56774700
vt 0.19449900 0.02886200
vt 0.88299000 0.84525400
vt 0.10453100 0.62616600
vt 0.86407100 0.58844600
vt 0.22629500 0.05890800
vt 0.31108600 0.07070800
vt 0.87109100 0.83383900
vt 0.84387300 0.71953900
vt 0.20509800 0.03807800
vt 0.28988800 0.03807800
vt 0.74133700 0.40772700
vt 0.87787800 0.84701400
vt 0.05671500 0.45281400
vt 0.96288800 0.65687900
vt 0.61719900 0.92248900
vt 0.18390000 0.45281400
vt 0.96288800 0.67931800
vt 0.88173300 0.85444900
vt 0.84387300 0.69194000
vt 0.38527700 0.02886200
vt 0.82367600 0.69194000
vt 0.14166300 0.59762700
vt 0.60992300 0.51776200
vt 0.92549000 0.67744800
vt 0.82367500 0.49875000
vt 0.08851100 0.02886200
vt 0.32168400 0.07070800
vt 0.30048700 0.45148300
vt 0.18390000 0.03807800
vt 0.56084200 0.88914100
vt 0.75274100 0.40157900
vt 0.89530500 0.72565000
vt 0.06731300 0.12109400
vt 0.87818100 0.84049000
vt 0.36801800 0.55828600
vt 0.37467800 0.09507300
vt 0.51230200 0.63094600
vt 0.25651400 0.61546200
vt 0.39587600 0.05890800
vt 0.26869100 0.07070800
vt 0.87449300 0.54704800
vt 0.07791200 0.08192000
vt 0.61951800 0.16236300
vt 0.03551700 0.45281400
vt 0.96288800 0.65313900
vt 0.31108600 0.45148300
vt 0.58962800 0.70706900
vt 0.55033200 0.63576900
vt 0.96288800 0.70549600
vt 0.33228300 0.45281400
vt 0.22433000 0.76577400
vt 0.92549000 0.67557800
vt 0.34496800 0.97015900
vt 0.60568400 0.18676800
vt 0.20166500 0.96515200
vt 0.84387300 0.73333800
vt 0.84387300 0.45735200
vt 0.55247000 0.45327000
vt 0.28988800 0.05890800
vt 0.61687700 0.23556900
vt 0.36201300 0.57652800
vt 0.05819800 0.72934500
vt 0.86407100 0.55394700
vt 0.38712500 0.55519200
vt 0.64963200 0.24805400
vt 0.84387300 0.65054200
vt 0.89764100 0.57053200
vt 0.97456200 0.71841100
vt 0.42819500 0.60134500
vt 0.32168400 0.45281400
vt 0.96288800 0.70362600
vt 0.30048700 0.05890800
vt 0.33228300 0.08192000
vt 0.25809200 0.05890800
vt 0.88184600 0.84167600
vt 0.77770500 0.99052200
vt 0.89608400 0.72565000
vt 0.75659600 0.40204300
vt 0.97403200 0.71709700
vt 0.23447000 0.54811200
vt 0.52836600 0.56624000
vt 0.48658900 0.16165700
vt 0.86407000 0.68504100
vt 0.90309100 0.72936900
vt 0.70273300 0.40763300
vt 0.56431800 0.48924100
vt 0.84592100 0.81561000
vt 0.34288200 0.12109400
vt 0.84387300 0.59534500
vt 0.66633700 0.24471300
vt 0.46972100 0.24529500
vt 0.40263600 0.56235700
vt 0.38527700 0.04681000
vt 0.43827100 0.11123500
vt 0.86407100 0.66434200
vt 0.42943100 0.70446400
vt 0.31108600 0.05890800
vt 0.76548000 0.40768800
vt 0.97471400 0.71695200
vt 0.90075500 0.57053200
vt 0.18390000 0.09507300
vt 0.97434800 0.71780100
vt 0.82367600 0.71953900
vt 0.42767300 0.02886200
vt 0.84387300 0.53324800
vt 0.90698400 0.57053200
vt 0.97198800 0.71621800
vt 0.34868000 0.81563900
vt 0.10970900 0.12109400
vt 0.42767300 0.04681000
vt 0.35348100 0.07070800
vt 0.38796900 0.77727800
vt 0.10028500 0.72947000
vt 0.88303600 0.83806600
vt 0.92549000 0.69988600
vt 0.34575100 0.63383000
vt 0.19478900 0.91239300
vt 0.10233600 0.65962100
vt 0.87449300 0.57464600
vt 0.16270300 0.05890800
vt 0.17243300 0.56535500
vt 0.25809200 0.12109400
vt 0.21196600 0.87846400
vt 0.38673300 0.66959100
vt 0.30736900 0.62958300
vt 0.25761600 0.61428600
vt 0.30824500 0.82080900
vt 0.25912200 0.81397600
vt 0.87449300 0.60914500
vt 0.92549000 0.66248900
vt 0.18757900 0.96357900
vt 0.47951200 0.06064300
vt 0.40647500 0.04681000
vt 0.54752500 0.70654600
vt 0.56850600 0.21955000
vt 0.20570400 0.88031700
vt 0.04611600 0.11123500
vt 0.13090600 0.45281400
vt 0.96288800 0.66996800
vt 0.82367600 0.69884000
vt 0.39587600 0.02886200
vt 0.02652400 0.81375300
vt 0.46937900 0.81991200
vt 0.35348100 0.11123500
vt 0.82367500 0.62294400
vt 0.27928900 0.02886200
vt 0.27928900 0.09507300
vt 0.87641700 0.83772900
vt 0.27928900 0.45148300
vt 0.82367500 0.62984400
vt 0.28988800 0.02886200
vt 0.89430200 0.83762500
vt 0.15210400 0.05890800
vt 0.60998000 0.62687600
vt 0.15674100 0.47774200
vt 0.89514000 0.88250200
vt 0.17330100 0.05890800
vt 0.90464800 0.72565000
vt 0.71227700 0.40019400
vt 0.21569700 0.45148300
vt 0.59146000 0.96710500
vt 0.55257000 0.02341800
vt 0.07791200 0.07070800
vt 0.20509800 0.12109400
vt 0.12030700 0.45148300
vt 0.88185600 0.83802500
vt 0.84387300 0.46425200
vt 0.17855700 0.83775100
vt 0.36408000 0.45148300
vt 0.14390500 0.93529900
vt 0.20509800 0.11123500
vt 0.23689400 0.03807800
vt 0.62971800 0.97152000
vt 0.60564900 0.04066500
vt 0.07651800 0.97245800
vt 0.38669400 0.63258700
vt 0.06715000 0.80539500
vt 0.97320800 0.71650300
vt 0.09911000 0.03807800
vt 0.86855100 0.84162100
vt 0.92380000 0.78521800
vt 0.10011500 0.49829500
vt 0.86407100 0.56774700
vt 0.06238200 0.80331900
vt 0.87546400 0.83958500
vt 0.23689400 0.04681000
vt 0.84387300 0.54704800
vt 0.16260900 0.50458900
vt 0.11670000 0.93573700
vt 0.47101900 0.11372300
vt 0.25809200 0.08192000
vt 0.20386100 0.56100600
vt 0.88812400 0.86146100
vt 0.41707400 0.45148300
vt 0.43827100 0.09507300
vt 0.84387300 0.60224500
vt 0.14150500 0.09507300
vt 0.82367500 0.68504100
vt 0.37467800 0.02886200
vt 0.90620600 0.57053200
vt 0.97274500 0.71617000
vt 0.21569700 0.12109400
vt 0.92549000 0.70736600
vt 0.42767300 0.09507300
vt 0.86407100 0.62984400
vt 0.05671500 0.12109400
vt 0.84387300 0.68504100
vt 0.39587600 0.11123500
vt 0.41707400 0.11123500
vt 0.34559800 0.66903500
vt 0.06233300 0.76850700
vt 0.03551700 0.07070800
vt 0.59012200 0.54524700
vt 0.97474300 0.71648200
vt 0.90153400 0.57053200
vt 0.13090600 0.12109400
vt 0.06731300 0.11123500
vt 0.13090600 0.03807800
vt 0.11545300 0.53436000
vt 0.36408000 0.03807800
vt 0.33228300 0.45148300
vt 0.84387300 0.49875000
vt 0.90231300 0.72565000
vt 0.79276000 0.40133900
vt 0.42767300 0.45148300
vt 0.21569700 0.05890800
vt 0.87449200 0.51944900
vt 0.38692000 0.54899900
vt 0.27928900 0.11123500
vt 0.36408000 0.45281400
vt 0.96288800 0.71110600
vt 0.42390400 0.85248700
vt 0.09911000 0.05890800
vt 0.25809200 0.11123500
vt 0.42973600 0.77780300
vt 0.18390000 0.04681000
vt 0.87976700 0.83531700
vt 0.14164700 0.62765700
vt 0.10733100 0.59582000
vt 0.12655800 0.47817900
vt 0.89561600 0.79965300
vt 0.19449900 0.45281400
vt 0.96288800 0.68118800
vt 0.06210400 0.65651300
vt 0.36724500 0.51531000
vt 0.58991200 0.81477300
vt 0.11068700 0.56744000
vt 0.97346100 0.71842000
vt 0.89530500 0.57053200
vt 0.14072900 0.76424200
vt 0.22156800 0.65702300
vt 0.88493600 0.83943300
vt 0.88185400 0.84051200
vt 0.82367500 0.67814100
vt 0.36408000 0.02886200
vt 0.87449300 0.65054300
vt 0.86407000 0.69884000
vt 0.16270300 0.04681000
vt 0.88177700 0.84810600
vt 0.13090600 0.02886200
vt 0.82367500 0.52634900
vt 0.84387300 0.69884000
vt 0.89489500 0.84169100
vt 0.72016500 0.40139200
vt 0.90620600 0.72565000
vt 0.96288800 0.68679700
vt 0.22629500 0.45281400
vt 0.37467800 0.11123500
vt 0.38722200 0.92162800
vt 0.18272100 0.95937400
vt 0.62548900 0.16670100
vt 0.19343300 0.52705400
vt 0.08851100 0.04681000
vt 0.86407000 0.71263900
vt 0.52736900 0.19128300
vt 0.88547000 0.84049100
vt 0.59067700 0.88694200
vt 0.54825200 0.77968900
vt 0.34499500 0.74223100
vt 0.82367500 0.55394700
vt 0.17330100 0.02886200
vt 0.06731300 0.07070800
vt 0.43967300 0.92987300
vt 0.06693600 0.91920800
vt 0.92549000 0.68679700
vt 0.89228900 0.84935400
vt 0.57027100 0.62567200
vt 0.27928900 0.12109400
vt 0.21569700 0.03807800
vt 0.86407000 0.72643900
vt 0.88066800 0.83806600
vt 0.14027500 0.79931800
vt 0.14165100 0.56737000
vt 0.10970900 0.11123500
vt 0.21569700 0.09507300
vt 0.56974800 0.45447200
vt 0.60654800 0.62528800
vt 0.18266600 0.69467400
vt 0.09911000 0.04681000
vt 0.33228300 0.09507300
vt 0.92549000 0.70362600
vt 0.87449300 0.56084700
vt 0.97444700 0.71613600
vt 0.90231300 0.57053200
vt 0.87449300 0.58844600
vt 0.92549000 0.68492700
vt 0.42767300 0.08192000
vt 0.12084100 0.50414300
vt 0.34474000 0.70547800
vt 0.22416600 0.69371900
vt 0.47452600 0.74108100
vt 0.01492600 0.73331700
vt 0.86061200 0.84162300
vt 0.03714300 0.58089300
vt 0.66277600 0.59909900
vt 0.82367500 0.50565000
vt 0.09911000 0.02886200
vt 0.26869100 0.09507300
vt 0.05671500 0.07070800
vt 0.96288800 0.70923600
vt 0.35348100 0.45281400
vt 0.97388900 0.71635800
vt 0.84387300 0.47805100
vt 0.12030700 0.07070800
vt 0.48533600 0.24283400
vt 0.82367500 0.56084700
vt 0.18390000 0.02886200
vt 0.22117400 0.65702800
vt 0.89608400 0.57053200
vt 0.97384400 0.71854900
vt 0.38527700 0.03807800
vt 0.05671500 0.03807800
vt 0.41707400 0.12109400
vt 0.41697800 0.60274900
vt 0.84387300 0.50565000
vt 0.23689400 0.12109400
vt 0.17600800 0.59565500
vt 0.87873300 0.83943200
vt 0.14467000 0.90550800
vt 0.41707400 0.05890800
vt 0.27928900 0.03807800
vt 0.28988800 0.45281400
vt 0.96288800 0.69801600
vt 0.24749300 0.05890800
vt 0.84387300 0.55394700
vt 0.08851100 0.03807800
vt 0.92549000 0.67183800
vt 0.41102600 0.54459400
vt 0.53430800 0.22240800
vt 0.17654000 0.90723300
vt 0.64917600 0.41851700
vt 0.25809200 0.04681000
vt 0.84387300 0.64364300
vt 0.61570400 0.43018900
vt 0.23689400 0.11123500
vt 0.03551700 0.04681000
vt 0.37467800 0.08192000
vt 0.92549000 0.66996800
vt 0.43827100 0.45281400
vt 0.96288800 0.72419500
vt 0.41158300 0.48667800
vt 0.91780000 0.81606300
vt 0.87956200 0.84472900
vt 0.86166800 0.84815400
vt 0.59002100 0.63089100
vt 0.55249100 0.45608600
vt 0.89419400 0.84572900
vt 0.10970900 0.08192000
vt 0.87449300 0.59534500
vt 0.26923600 0.69125500
vt 0.30085100 0.70472800
vt 0.14168200 0.50662900
vt 0.26869100 0.05890800
vt 0.06731300 0.03807800
vt 0.88062900 0.84525800
vt 0.14391900 0.79893200
vt 0.88720000 0.83775600
vt 0.15210400 0.11123500
vt 0.96288800 0.71858500
vt 0.40647500 0.45281400
vt 0.37467800 0.12109400
vt 0.87817000 0.84284000
vt 0.27928900 0.07070800
vt 0.21569700 0.45281400
vt 0.96288800 0.68492700
vt 0.20509800 0.02886200
vt 0.82367500 0.57464600
vt 0.86407100 0.65744200
vt 0.21777100 0.84047500
vt 0.34288200 0.07070800
vt 0.26869100 0.03807800
vt 0.96288800 0.69614700
vt 0.27928900 0.45281400
vt 0.84387300 0.58844600
vt 0.61854700 0.06578800
vt 0.10790400 0.90859200
vt 0.87449300 0.64364300
vt 0.63136100 0.42254400
vt 0.28988800 0.08192000
vt 0.38826000 0.81388700
vt 0.10970900 0.05890800
vt 0.56922000 0.94997600
vt 0.17330100 0.07070800
vt 0.87640500 0.84555000
vt 0.54907400 0.67040600
vt 0.44887000 0.07070800
vt 0.02491800 0.07070800
vt 0.40647500 0.08192000
vt 0.40647500 0.45148300
vt 0.42767300 0.11123500
vt 0.10085300 0.83695000
vt 0.82367500 0.67124100
vt 0.35348100 0.02886200
vt 0.03551700 0.08192000
vt 0.92549000 0.69053700
vt 0.19449900 0.12109400
vt 0.84387300 0.56774700
vt 0.18338600 0.72955800
vt 0.33228300 0.03807800
vt 0.15210400 0.09507300
vt 0.10124900 0.80004700
vt 0.35348100 0.45148300
vt 0.72207000 0.40769200
vt 0.90620600 0.72936900
vt 0.38527700 0.12109400
vt 0.60053400 0.17961400
vt 0.87798700 0.84166500
vt 0.26869100 0.08192000
vt 0.30048700 0.07070800
vt 0.63180700 0.74310100
vt 0.39587600 0.09507300
vt 0.16270300 0.09507300
vt 0.16758700 0.53345200
vt 0.40647000 0.62404500
vt 0.92549000 0.69240700
vt 0.97496800 0.71777200
vt 0.89919800 0.57053200
vt 0.04611600 0.08192000
vt 0.97341700 0.71601800
vt 0.90464800 0.57053200
vt 0.90309100 0.72565000
vt 0.70446200 0.40149300
vt 0.42767300 0.03807800
vt 0.87449300 0.67814100
vt 0.92549000 0.68305700
vt 0.42767300 0.07070800
vt 0.02908600 0.84997900
vt 0.66051800 0.85816800
vt 0.82367500 0.53324800
vt 0.14150500 0.02886200
vt 0.06883800 0.95194200
vt 0.63435500 0.95337400
vt 0.84387300 0.54014800
vt 0.89386900 0.85849600
vt 0.15679100 0.47809100
vt 0.86823000 0.79947200
vt 0.02653200 0.61453000
vt 0.66750800 0.63199300
vt 0.88490400 0.84389100
vt 0.86407100 0.58154600
vt 0.22406100 0.69289600
vt 0.23689400 0.45148300
vt 0.86407000 0.52634900
vt 0.35348100 0.05890800
vt 0.07934900 0.87921300
vt 0.36408000 0.05890800
vt 0.58977400 0.67157900
vt 0.18758400 0.93975800
vt 0.82367500 0.48495100
vt 0.06731300 0.02886200
vt 0.11567100 0.53345400
vt 0.14157400 0.66073900
vt 0.40647500 0.05890800
vt 0.11225500 0.47331700
vt 0.90792100 0.80602600
vt 0.88843600 0.84166400
vt 0.87773200 0.82902200
vt 0.92549000 0.71858500
vt 0.18094700 0.76544200
vt 0.67556700 0.74366500
vt 0.01337700 0.72924200
vt 0.97409500 0.71588200
vt 0.90309100 0.57053200
vt 0.96288800 0.67370800
vt 0.15210400 0.45281400
vt 0.88714100 0.84554800
vt 0.72594000 0.99059400
vt 0.06579200 0.84145700
vt 0.92549000 0.66622900
vt 0.86407100 0.57464600
vt 0.55061100 0.81671100
vt 0.35348100 0.04681000
vt 0.05671500 0.09507300
vt 0.11083200 0.56534100
vt 0.87790100 0.83625800
vt 0.61684600 0.24082300
vt 0.38622500 0.51725900
vt 0.62522800 0.85244600
vt 0.12030700 0.04681000
vt 0.63039700 0.67075800
vt 0.97366600 0.71794400
vt 0.88185900 0.83945900
vt 0.55239900 0.57484400
vt 0.88183300 0.82092900
vt 0.42771200 0.66826200
vt 0.48659300 0.06578800
vt 0.16270300 0.07070800
vt 0.28988800 0.12109400
vt 0.46226600 0.11372300
vt 0.14280600 0.95706000
vt 0.92549000 0.70923600
vt 0.09911000 0.08192000
vt 0.03551700 0.05890800
vt 0.84387300 0.65744200
vt 0.08851100 0.07070800
vt 0.90542700 0.72565000
vt 0.71620400 0.40206100
vt 0.18220200 0.87362600
vt 0.86407100 0.56084700
vt 0.31768600 0.85841400
vt 0.24839900 0.85338600
vt 0.26215500 0.80906000
vt 0.51016700 0.82223800
vt 0.88182000 0.84471500
vt 0.26869100 0.11123500
vt 0.56382700 0.57617900
vt 0.48526900 0.43168100
vt 0.86407000 0.53324800
vt 0.86407000 0.73333800
vt 0.86407000 0.45735200
vt 0.27928900 0.04681000
vt 0.21112800 0.59015500
vt 0.34337000 0.60197900
vt 0.87449300 0.69884000
vt 0.31108600 0.02886200
vt 0.82367500 0.64364300
vt 0.04611600 0.04681000
vt 0.86407000 0.67814100
vt 0.97424200 0.71661200
vt 0.08187000 0.96187700
vt 0.49949000 0.18678000
vt 0.42462600 0.97569500
vt 0.44887000 0.12109400
vt 0.02491800 0.12109400
vt 0.96288800 0.72232500
vt 0.42767300 0.45281400
vt 0.14150500 0.11123500
vt 0.38527700 0.07070800
vt 0.06731300 0.45148300
vt 0.62915400 0.81603000
vt 0.87449300 0.62294400
vt 0.84387300 0.60914500
vt 0.60050500 0.04774600
vt 0.14237900 0.69554500
vt 0.22629500 0.04681000
vt 0.43019100 0.74119600
vt 0.26318900 0.65174200
vt 0.50711600 0.66688000
vt 0.87449300 0.60224500
vt 0.20151700 0.91227900
vt 0.78288300 0.99049700
vt 0.82367500 0.47115100
vt 0.04611600 0.02886200
vt 0.10056400 0.76445300
vt 0.36497200 0.96876200
vt 0.58047600 0.19960700
vt 0.97557000 0.71808500
vt 0.89919800 0.57053200
vt 0.97330100 0.71906100
vt 0.91087700 0.57053200
vt 0.89530500 0.57053200
vt 0.88589700 0.82906200
vt 0.84038200 0.89829900
vt 0.10022300 0.49795300
vt 0.17330100 0.09507300
vt 0.87449300 0.62984400
vt 0.18390000 0.12109400
vt 0.15210400 0.04681000
vt 0.19396100 0.94207500
vt 0.88813000 0.83961200
vt 0.19449900 0.05890800
vt 0.11973700 0.96027000
vt 0.63845400 0.08581700
vt 0.90776300 0.57053200
vt 0.97254900 0.71695400
vt 0.92549000 0.66809800
vt 0.66694700 0.42525400
vt 0.47075200 0.42624300
vt 0.57419200 0.56514000
vt 0.11348100 0.90649700
vt 0.43827100 0.04681000
vt 0.14150500 0.08192000
vt 0.21789700 0.80563100
vt 0.37002800 0.56304700
vt 0.63121700 0.24304000
vt 0.92549000 0.67370800
vt 0.11220800 0.47284000
vt 0.85618600 0.87739800
vt 0.82367500 0.63674300
vt 0.30048700 0.02886200
vt 0.63136500 0.42842200
vt 0.60652800 0.56706300
vt 0.97371100 0.71573900
vt 0.90387000 0.57053200
vt 0.31108600 0.11123500
vt 0.36209800 0.54426900
vt 0.07791200 0.12109400
vt 0.41304000 0.57552500
vt 0.48533800 0.23813000
vt 0.47307500 0.70241300
vt 0.01543000 0.69315800
vt 0.64962000 0.25258000
vt 0.33701100 0.53462200
vt 0.21887900 0.51612100
vt 0.34638500 0.77861300
vt 0.62562800 0.06064300
vt 0.09779900 0.96511600
vt 0.87449300 0.48495100
vt 0.26869100 0.12109400
vt 0.35583700 0.60389100
vt 0.87871300 0.84389700
vt 0.03551700 0.12109400
vt 0.21709100 0.62185900
vt 0.25809200 0.02886200
vt 0.82367500 0.60914500
vt 0.13090600 0.09507300
vt 0.40647500 0.12109400
vt 0.24749300 0.11123500
vt 0.19449900 0.04681000
vt 0.26869100 0.04681000
vt 0.86407100 0.65054200
vt 0.71041200 0.99055400
vt 0.28988800 0.11123500
vt 0.14073100 0.93647300
vt 0.90854100 0.72565000
vt 0.73640800 0.40019600
vt 0.13983600 0.83588600
vt 0.69488400 0.99048800
vt 0.79841300 0.99040700
vt 0.90179700 0.83527400
vt 0.23457100 0.89019500
vt 0.32873600 0.89431900
vt 0.14335900 0.76418000
vt 0.47501100 0.13892500
vt 0.13090600 0.04681000
vt 0.51273600 0.43910800
vt 0.82367500 0.59534500
vt 0.23689400 0.02886200
vt 0.32168400 0.04681000
vt 0.30048700 0.09507300
vt 0.96288800 0.69988600
vt 0.30048700 0.45281400
vt 0.75101700 0.40770500
vt 0.91087700 0.72936900
vt 0.89530500 0.72936900
vt 0.86407100 0.64364300
vt 0.40647500 0.09507300
vt 0.79449400 0.40753100
vt 0.90231200 0.72936900
vt 0.69793100 0.40760900
vt 0.54867800 0.60384600
vt 0.90698400 0.57053200
vt 0.97258900 0.71653200
vt 0.42767300 0.05890800
vt 0.96288800 0.66809800
vt 0.12030700 0.45281400
vt 0.20355700 0.55907000
vt 0.17330100 0.03807800
vt 0.33228300 0.05890800
vt 0.33228300 0.04681000
vt 0.82367500 0.60224500
vt 0.24749300 0.02886200
vt 0.88181200 0.84529900
vt 0.44887000 0.04681000
vt 0.02491800 0.04681000
vt 0.23689400 0.08192000
vt 0.14150500 0.04681000
vt 0.86407000 0.71953900
vt 0.16788300 0.53439800
vt 0.09911000 0.11123500
vt 0.22109200 0.80274800
vt 0.26834400 0.76889000
vt 0.50481400 0.78300200
vt 0.35348100 0.03807800
vt 0.43827100 0.07070800
vt 0.84387300 0.61604400
vt 0.26471500 0.65171700
vt 0.30304800 0.66641600
vt 0.86921000 0.84570100
vt 0.22519400 0.72935600
vt 0.86940800 0.85867000
vt 0.06217000 0.65837900
vt 0.76217400 0.99057500
vt 0.92549000 0.67931800
vt 0.06731300 0.04681000
vt 0.53519800 0.44824300
vt 0.56046100 0.57429800
vt 0.86935200 0.82445000
vt 0.10970900 0.07070800
vt 0.84387300 0.70574000
vt 0.63279300 0.60511400
vt 0.55068100 0.21728200
vt 0.86407100 0.60914500
vt 0.86407000 0.51944900
vt 0.86407100 0.54704800
vt 0.59056500 0.55886500
vt 0.64916100 0.42384000
vt 0.71724100 0.40769700
vt 0.03715600 0.85264500
vt 0.46019700 0.85871200
vt 0.30048700 0.08192000
vt 0.26783900 0.68989200
vt 0.50377000 0.70485600
vt 0.88545200 0.84283700
vt 0.51897900 0.59741000
vt 0.24742200 0.58078700
vt 0.30048700 0.03807800
vt 0.87449300 0.66434200
vt 0.09911000 0.07070800
vt 0.56480000 0.92287000
vt 0.42810600 0.81525300
vt 0.97387500 0.71746000
vt 0.23689400 0.09507300
vt 0.38527700 0.08192000
vt 0.64223500 0.92737800
vt 0.05713600 0.92319700
vt 0.72076400 0.99058400
vt 0.86407000 0.51254900
vt 0.10457100 0.62719200
vt 0.96288800 0.67744800
vt 0.17330100 0.45281400
vt 0.57248600 0.96855900
vt 0.52466400 0.02783800
vt 0.86407000 0.47115100
vt 0.88181900 0.82870300
vt 0.36604500 0.62536900
vt 0.41390500 0.92407900
vt 0.56972900 0.45088700
vt 0.87449300 0.54014800
vt 0.59100600 0.92102100
vt 0.76735100 0.99056000
vt 0.25809200 0.45281400
vt 0.96288800 0.69240700
vt 0.92254600 0.85565900
vt 0.37289400 0.49184600
vt 0.40338100 0.62258700
vt 0.53429400 0.21891900
vt 0.18390000 0.08192000
vt 0.36359800 0.94971700
vt 0.92549000 0.65687900
vt 0.14180100 0.62836800
vt 0.87449200 0.47115100
vt 0.90698400 0.72565000
vt 0.72861100 0.40158800
vt 0.18390000 0.11123500
vt 0.97310200 0.71817600
vt 0.91009800 0.57053200
vt 0.17330100 0.08192000
vt 0.92549000 0.72232500
vt 0.06731300 0.05890800
vt 0.37467800 0.03807800
vt 0.06731300 0.09507300
vt 0.37467800 0.07070800
vt 0.38721400 0.62811700
vt 0.55065800 0.21430900
vt 0.14283300 0.72998100
vt 0.19449900 0.07070800
vt 0.16270300 0.45148300
vt 0.19449900 0.03807800
vt 0.66693000 0.42026800
vt 0.47072300 0.42125200
vt 0.84387300 0.67814100
vt 0.89919800 0.72565000
vt 0.77683900 0.40140000
vt 0.41707400 0.03807800
vt 0.38527700 0.11123500
vt 0.48527100 0.42726600
vt 0.22629500 0.03807800
vt 0.82367500 0.58154600
vt 0.21569700 0.02886200
vt 0.14166400 0.53650200
vt 0.24749300 0.09507300
vt 0.82367500 0.58844600
vt 0.22629500 0.02886200
vt 0.06731300 0.08192000
vt 0.24749300 0.12109400
vt 0.41732100 0.57424400
vt 0.59027100 0.85084300
vt 0.34288200 0.09507300
vt 0.92549000 0.71297600
vt 0.18333800 0.49827800
vt 0.84003000 0.78516000
vt 0.07941100 0.56111700
vt 0.13090600 0.08192000
vt 0.38527700 0.09507300
vt 0.44865600 0.89604300
vt 0.05093500 0.88897100
vt 0.08851100 0.09507300
vt 0.20509800 0.04681000
vt 0.86920000 0.83753300
vt 0.32168400 0.12109400
vt 0.13961600 0.87340500
vt 0.58966200 0.77849300
vt 0.84387300 0.57464600
vt 0.36408000 0.08192000
vt 0.97284200 0.71735000
vt 0.90854100 0.57053200
vt 0.64056400 0.53793100
vt 0.06422100 0.51612000
vt 0.38803000 0.88710100
vt 0.88938200 0.85223400
vt 0.43584400 0.53462700
vt 0.06344600 0.51647800
vt 0.22629500 0.07070800
vt 0.88195600 0.79738000
vt 0.14165200 0.47973300
vt 0.10611200 0.83709200
vt 0.33228300 0.11123500
vt 0.21569700 0.04681000
vt 0.43827100 0.03807800
vt 0.60868200 0.56199700
vt 0.84387300 0.63674300
vt 0.15210400 0.08192000
vt 0.07791200 0.02886200
vt 0.82367500 0.49185000
vt 0.23689400 0.05890800
vt 0.14163500 0.53555400
vt 0.87513400 0.84164400
vt 0.88204200 0.88497700
vt 0.14167000 0.47930500
vt 0.87449300 0.68504100
vt 0.75699800 0.99058700
vt 0.43827100 0.12109400
vt 0.82367500 0.47805100
vt 0.05671500 0.02886200
vt 0.50463500 0.17969900
vt 0.88837300 0.82151600
vt 0.52466400 0.19960700
vt 0.40474100 0.97114300
vt 0.97367900 0.71684300
vt 0.08931800 0.52781800
vt 0.08851100 0.08192000
vt 0.10276200 0.66082300
vt 0.30048700 0.12109400
vt 0.86407100 0.54014800
vt 0.17887800 0.62682900
vt 0.36408000 0.04681000
vt 0.87403300 0.83090400
vt 0.62055800 0.88861600
vt 0.07791200 0.45148300
vt 0.16270300 0.08192000
vt 0.38527700 0.45148300
vt 0.34288200 0.45148300
vt 0.10970900 0.45148300
vt 0.86407100 0.48495100
vt 0.20509800 0.07070800
vt 0.92549000 0.70175600
vt 0.82367500 0.65054200
vt 0.32168400 0.02886200
vt 0.71240000 0.40769100
vt 0.63005900 0.13897700
vt 0.71558800 0.99057100
vt 0.57777100 0.19128300
vt 0.08851100 0.11123500
vt 0.54801700 0.95417800
vt 0.21620000 0.94975100
vt 0.37467800 0.45148300
vt 0.05671500 0.04681000
vt 0.51275700 0.44285900
vt 0.56284000 0.60425700
vt 0.73649700 0.40773400
vt 0.44866000 0.56339600
vt 0.04871500 0.54759600
vt 0.87449200 0.52634900
vt 0.86407100 0.61604400
vt 0.09911000 0.09507300
vt 0.82367500 0.46425200
vt 0.03551700 0.02886200
vt 0.59128000 0.94842200
vt 0.56848600 0.21582100
vt 0.36965800 0.62386300
vt 0.96288800 0.65874900
vt 0.06731300 0.45281400
vt 0.44887000 0.08192000
vt 0.02491800 0.08192000
vt 0.86407100 0.63674300
vt 0.40866800 0.95187300
vt 0.19449900 0.45148300
vt 0.10195300 0.69562200
vt 0.18306900 0.83612100
vt 0.90075500 0.72565000
vt 0.78481100 0.40000100
vt 0.92549000 0.68866700
vt 0.84617200 0.86760800
vt 0.61694200 0.48875500
vt 0.89425600 0.82458200
vt 0.47501000 0.08852200
vt 0.89686200 0.57053200
vt 0.97413900 0.71828500
vt 0.22629500 0.12109400
vt 0.43827100 0.05890800
vt 0.05671500 0.05890800
vt 0.59056300 0.44348000
vt 0.90668200 0.87628000
vt 0.17110400 0.47294100
vt 0.36408000 0.11123500
vt 0.10970900 0.45281400
vt 0.96288800 0.66622900
vt 0.03551700 0.09507300
vt 0.35348100 0.09507300
vt 0.21569700 0.08192000
vt 0.22629500 0.45148300
vt 0.23366300 0.55030800
vt 0.32254900 0.56576300
vt 0.32168400 0.08192000
vt 0.11304600 0.93867700
vt 0.25809200 0.09507300
vt 0.86407000 0.49875000
vt 0.26754600 0.77310100
vt 0.30323600 0.78198900
vt 0.78966600 0.40757700
vt 0.36047100 0.48714700
vt 0.91594000 0.86716800
vt 0.44887000 0.11123500
vt 0.02491800 0.11123500
vt 0.41707400 0.08192000
vt 0.41707400 0.09507300
vt 0.36408000 0.09507300
vt 0.38670200 0.54244700
vt 0.41843500 0.88949900
vt 0.92549000 0.66061900
vt 0.89841900 0.57053200
vt 0.97534900 0.71864400
vt 0.90152500 0.84821300
vt 0.87449200 0.49875000
vt 0.14150500 0.03807800
vt 0.89919800 0.72936900
vt 0.77515800 0.40763700
vt 0.86407000 0.46425200
vt 0.04611600 0.03807800
vt 0.92549000 0.72045500
vt 0.14479300 0.87238800
vt 0.82367500 0.51944900
vt 0.12030700 0.02886200
vt 0.14150500 0.45281400
vt 0.96288800 0.67183800
vt 0.92372200 0.82869400
vt 0.39915400 0.49162000
vt 0.84387300 0.56084700
vt 0.70006000 0.99051300
vt 0.04611600 0.07070800
vt 0.12077800 0.50460200
vt 0.87528900 0.86159600
vt 0.87449300 0.71953900
vt 0.82367600 0.66434200
vt 0.34288200 0.02886200
vt 0.06009700 0.73183400
vt 0.08851100 0.45148300
vt 0.04611600 0.12109400
vt 0.07692200 0.94382800
vt 0.43050000 0.95667300
vt 0.32168400 0.11123500
vt 0.41707400 0.04681000
vt 0.82367500 0.61604400
vt 0.26869100 0.02886200
vt 0.72687300 0.40770200
vt 0.90698400 0.72936900
vt 0.75182100 0.99059600
vt 0.97331300 0.71769000
vt 0.87959200 0.83859700
vt 0.84387300 0.58154600
vt 0.22459800 0.73104900
vt 0.25809200 0.03807800
vt 0.63412200 0.11372200
vt 0.18207100 0.73027000
vt 0.14150500 0.12109400
vt 0.26869100 0.45281400
vt 0.96288800 0.69427700
vt 0.17330100 0.12109400
vt 0.32168400 0.03807800
vt 0.17114700 0.90775900
vt 0.43827100 0.45148300
vt 0.44887000 0.09507300
vt 0.02491800 0.09507300
vt 0.86464300 0.82915200
vt 0.14445100 0.83517400
vt 0.96288800 0.69053700
vt 0.24749300 0.45281400
vt 0.10351500 0.76552600
vt 0.56574400 0.54743600
vt 0.57134400 0.51781900
vt 0.24749300 0.07070800
vt 0.43827100 0.08192000
vt 0.82367600 0.71263900
vt 0.41707400 0.02886200
vt 0.90268700 0.84178400
vt 0.92549000 0.69427700
vt 0.44887000 0.05890800
vt 0.02491800 0.05890800
vt 0.97281300 0.71782000
vt 0.90932000 0.57053200
vt 0.25809200 0.45148300
vt 0.26869100 0.45148300
vt 0.41707400 0.07070800
vt 0.88173100 0.86206000
vt 0.13090600 0.45148300
vt 0.84387300 0.48495100
vt 0.47951000 0.16680300
vt 0.10054500 0.95747200
vt 0.63012400 0.63619700
vt 0.12030700 0.12109400
vt 0.23689400 0.45281400
vt 0.96288800 0.68866700
vt 0.28988800 0.45148300
vt 0.46968700 0.66470300
vt 0.01906200 0.65385600
vt 0.74664500 0.99060100
vt 0.03551700 0.03807800
vt 0.19406200 0.52793900
vt 0.06010000 0.69489200
vt 0.37467800 0.05890800
vt 0.44887000 0.03807800
vt 0.02491800 0.03807800
vt 0.84387300 0.51944900
vt 0.20897200 0.97044700
vt 0.49949000 0.04066500
vt 0.55342400 0.97262900
vt 0.90620600 0.57053200
vt 0.97222300 0.71567400
vt 0.07791200 0.09507300
vt 0.36408000 0.07070800
vt 0.40462600 0.55814400
vt 0.46668200 0.14162900
vt 0.12076500 0.95644500
vt 0.10726400 0.59578000
vt 0.79323700 0.99044000
vt 0.34288200 0.05890800
vt 0.70756100 0.40766800
vt 0.18390000 0.05890800
vt 0.20509800 0.05890800
vt 0.18390000 0.45148300
vt 0.92549000 0.71671500
vt 0.62945400 0.57792400
vt 0.38832400 0.85044700
vt 0.40517400 0.51515300
vt 0.08004100 0.48886100
vt 0.42352300 0.50833200
vt 0.93864100 0.80004400
vt 0.88382000 0.84794100
vt 0.61460800 0.58195000
vt 0.61567000 0.43585700
vt 0.12030700 0.11123500
vt 0.07214200 0.84259000
vt 0.60405300 0.49361800
vt 0.83985600 0.85533900
vt 0.87449300 0.71263900
vt 0.97482200 0.71814300
vt 0.89842000 0.57053200
vt 0.92549000 0.69614700
vt 0.10191800 0.87479700
vt 0.31108600 0.45281400
vt 0.96288800 0.70175600
vt 0.38711600 0.70538200
vt 0.92549000 0.69801600
vt 0.13090600 0.05890800
vt 0.14168700 0.59745900
vt 0.20509800 0.45148300
vt 0.67210100 0.66773400
vt 0.01975000 0.65120000
vt 0.34288200 0.08192000
vt 0.97450400 0.71743800
vt 0.82367600 0.70574000
vt 0.40647500 0.02886200
vt 0.73111600 0.99060000
vt 0.39587600 0.45148300
vt 0.44887000 0.45148300
vt 0.02491800 0.45148300
vt 0.35795600 0.88862300
vt 0.35348100 0.12109400
vt 0.16242800 0.50417500
vt 0.34288200 0.11123500
vt 0.18319900 0.76427400
vt 0.92549000 0.72419500
vt 0.04611600 0.09507300
vt 0.59056300 0.44735300
vt 0.61699000 0.60724600
vt 0.73629200 0.99060300
vt 0.87449200 0.50564900
vt 0.88405500 0.84472300
vt 0.66635500 0.24987700
vt 0.46975000 0.25047100
vt 0.13090600 0.11123500
vt 0.38600900 0.94953500
vt 0.14203000 0.66139400
vt 0.67383000 0.78198700
vt 0.01477600 0.76912700
vt 0.93448300 0.88118000
vt 0.34897900 0.50878600
vt 0.20295700 0.48888600
vt 0.15210400 0.45148300
vt 0.66939200 0.82067100
vt 0.02087000 0.80964700
vt 0.44887000 0.45281400
vt 0.96288800 0.72606500
vt 0.96288800 0.65127000
vt 0.02491800 0.45281400
vt 0.92549000 0.71110600
vt 0.06653900 0.62178200
vt 0.18204600 0.69488800
vt 0.89246600 0.83393100
vt 0.12030700 0.09507300
vt 0.34288200 0.03807800
vt 0.64287400 0.11372200
vt 0.14182000 0.95781800
vt 0.84387300 0.62984400
vt 0.39587600 0.04681000
vt 0.92549000 0.72606500
vt 0.92549000 0.65127000
vt 0.17922500 0.80106600
vt 0.40647500 0.07070800
vt 0.31108600 0.04681000
vt 0.08977800 0.52706200
vt 0.77998700 0.40763000
vt 0.10089900 0.69434300
vt 0.09911000 0.12109400
vt 0.27042300 0.73204700
vt 0.30086500 0.74346700
vt 0.92549000 0.66435900
vt 0.92549000 0.71484500
vt 0.96288800 0.65500900
vt 0.04611600 0.45281400
vt 0.21102900 0.59021300
vt 0.88186000 0.83861900
vt 0.22629500 0.08192000
vt 0.28988800 0.07070800
vt 0.62055600 0.60676500
vt 0.18302900 0.49802600
vt 0.92099300 0.89553400
vt 0.38527700 0.45281400
vt 0.96288800 0.71484500
vt 0.53971100 0.92803100
vt 0.22709500 0.92098100
vt 0.14165300 0.56947400
vt 0.58957500 0.74293300
vt 0.34288200 0.45281400
vt 0.96288800 0.70736600
vt 0.86407000 0.70574000
vt 0.86861700 0.88327400
vt 0.12658800 0.47768500
vt 0.86407000 0.67124100
vt 0.88183700 0.84283800
vt 0.31267400 0.59520100
vt 0.24633100 0.58041000
vt 0.31108600 0.03807800
vt 0.27928900 0.08192000
vt 0.74435400 0.40152800
vt 0.91009900 0.72565000
vt 0.12030700 0.03807800
vt 0.07791200 0.05890800
vt 0.38488100 0.96879900
vt 0.55257000 0.20402700
vt 0.97305100 0.71686500
vt 0.40647500 0.03807800
vt 0.84387300 0.62294400
vt 0.88566800 0.84700500
vt 0.08023700 0.48874000
vt 0.82550800 0.88360800
vt 0.62873500 0.51120900
vt 0.05671500 0.45148300
vt 0.32168400 0.09507300
vt 0.87449200 0.49185000
vt 0.88564700 0.84166500
vt 0.27928900 0.05890800
vt 0.89997700 0.72565000
vt 0.78076200 0.40194600
vt 0.07231300 0.59026600
vt 0.87449300 0.55394700
vt 0.38587200 0.63965700
vt 0.14150500 0.07070800
vt 0.46470400 0.62877600
vt 0.02534000 0.61627200
vt 0.87449300 0.69194000
vt 0.14150500 0.45148300
vt 0.19449900 0.08192000
vt 0.63160100 0.70670000
vt 0.09690700 0.93737500
vt 0.36408000 0.12109400
vt 0.82367500 0.51254900
vt 0.10970900 0.02886200
vt 0.13090600 0.07070800
vt 0.82367500 0.54014800
vt 0.15210400 0.02886200
vt 0.18390000 0.07070800
vt 0.87449200 0.46425200
vt 0.08283800 0.91396000
vt 0.97502000 0.71735100
vt 0.89997700 0.57053200
vt 0.74146800 0.99060400
vt 0.20509800 0.08192000
vt 0.22629500 0.11123500
vt 0.36091700 0.92238700
vt 0.10970900 0.03807800
vt 0.86407000 0.47805100
vt 0.87769800 0.85413600
vt 0.97352200 0.71720500
vt 0.10219500 0.73071600
vt 0.88388600 0.83532900
vt 0.12030700 0.08192000
vt 0.22629500 0.09507300
vt 0.76848000 0.40149200
vt 0.89841900 0.72565000
vt 0.14111600 0.72975600
vt 0.17680200 0.87492600
vt 0.76064000 0.40770900
vt 0.65002300 0.89432400
vt 0.04113300 0.88910300
vt 0.08851100 0.12109400
vt 0.35304800 0.85230400
vt 0.82367600 0.73333800
vt 0.82367500 0.45735200
vt 0.44887000 0.02886200
vt 0.02491800 0.02886200
vt 0.03551700 0.11123500
vt 0.08851100 0.45281400
vt 0.96288800 0.66248900
vt 0.55257000 0.03217100
vt 0.09004500 0.91084800
f 47/47 713/713 362/362
f 362/362 1226/1226 47/47
f 713/713 229/229 123/123
f 123/123 362/362 713/713
f 230/230 994/994 1446/1446
f 1446/1446 122/122 230/230
f 994/994 1338/1338 514/514
f 514/514 1446/1446 994/994
f 1338/1338 1132/1132 982/982
f 982/982 514/514 1338/1338
f 1132/1132 1206/1206 528/528
f 528/528 982/982 1132/1132
f 1205/1205 1431/1431 1472/1472
f 1472/1472 529/529 1205/1205
f 1431/1431 434/434 835/835
f 835/835 1472/1472 1431/1431
f 434/434 415/415 584/584
f 584/584 835/835 434/434
f 1226/1226 11/11 879/879
f 879/879 47/47 1226/1226
f 1226/1226 362/362 381/381
f 381/381 1458/1458 1226/1226
f 362/362 123/123 886/886
f 886/886 381/381 362/362
f 122/122 1446/1446 1323/1323
f 1323/1323 887/887 122/122
f 1446/1446 514/514 1055/1055
f 1055/1055 1323/1323 1446/1446
f 514/514 982/982 1175/1175
f 1175/1175 1055/1055 514/514
f 982/982 528/528 1041/1041
f 1041/1041 1175/1175 982/982
f 529/529 1472/1472 710/710
f 710/710 1042/1042 529/529
f 1472/1472 835/835 35/35
f 35/35 710/710 1472/1472
f 835/835 584/584 1187/1187
f 1187/1187 35/35 835/835
f 1458/1458 1047/1047 11/11
f 11/11 1226/1226 1458/1458
f 1458/1458 381/381 180/180
f 180/180 413/413 1458/1458
f 381/381 886/886 766/766
f 766/766 180/180 381/381
f 887/887 1323/1323 1463/1463
f 1463/1463 765/765 887/887
f 1323/1323 1055/1055 1289/1289
f 1289/1289 1463/1463 1323/1323
f 1055/1055 1175/1175 477/477
f 477/477 1289/1289 1055/1055
f 1175/1175 1041/1041 955/955
f 955/955 477/477 1175/1175
f 1042/1042 710/710 1298/1298
f 1298/1298 954/954 1042/1042
f 710/710 35/35 1062/1062
f 1062/1062 1298/1298 710/710
f 35/35 1187/1187 1231/1231
f 1231/1231 1062/1062 35/35
f 413/413 882/882 1047/1047
f 1047/1047 1458/1458 413/413
f 413/413 180/180 838/838
f 838/838 1364/1364 413/413
f 180/180 766/766 373/373
f 373/373 838/838 180/180
f 765/765 1463/1463 353/353
f 353/353 372/372 765/765
f 1463/1463 1289/1289 645/645
f 645/645 353/353 1463/1463
f 1289/1289 477/477 966/966
f 966/966 645/645 1289/1289
f 477/477 955/955 388/388
f 388/388 966/966 477/477
f 954/954 1298/1298 422/422
f 422/422 387/387 954/954
f 1298/1298 1062/1062 177/177
f 177/177 422/422 1298/1298
f 1062/1062 1231/1231 621/621
f 621/621 177/177 1062/1062
f 1364/1364 537/537 882/882
f 882/882 413/413 1364/1364
f 1364/1364 838/838 215/215
f 215/215 724/724 1364/1364
f 838/838 373/373 1164/1164
f 1164/1164 215/215 838/838
f 372/372 353/353 860/860
f 860/860 1165/1165 372/372
f 353/353 645/645 357/357
f 357/357 860/860 353/353
f 645/645 966/966 480/480
f 480/480 357/357 645/645
f 966/966 388/388 48/48
f 48/48 480/480 966/966
f 387/387 422/422 456/456
f 456/456 49/49 387/387
f 422/422 177/177 1234/1234
f 1234/1234 456/456 422/422
f 177/177 621/621 888/888
f 888/888 1234/1234 177/177
f 724/724 495/495 537/537
f 537/537 1364/1364 724/724
f 724/724 215/215 1217/1217
f 1217/1217 1220/1220 724/724
f 215/215 1164/1164 1371/1371
f 1371/1371 1217/1217 215/215
f 1165/1165 860/860 524/524
f 524/524 1372/1372 1165/1165
f 860/860 357/357 116/116
f 116/116 524/524 860/860
f 357/357 480/480 801/801
f 801/801 116/116 357/357
f 480/480 48/48 556/556
f 556/556 801/801 480/480
f 49/49 456/456 1202/1202
f 1202/1202 557/557 49/49
f 456/456 1234/1234 1451/1451
f 1451/1451 1202/1202 456/456
f 1234/1234 888/888 1011/1011
f 1011/1011 1451/1451 1234/1234
f 1220/1220 1457/1457 495/495
f 495/495 724/724 1220/1220
f 1220/1220 1217/1217 555/555
f 555/555 1354/1354 1220/1220
f 1217/1217 1371/1371 615/615
f 615/615 555/555 1217/1217
f 1372/1372 524/524 554/554
f 554/554 616/616 1372/1372
f 524/524 116/116 1308/1308
f 1308/1308 554/554 524/524
f 116/116 801/801 341/341
f 341/341 1308/1308 116/116
f 801/801 556/556 855/855
f 855/855 341/341 801/801
f 557/557 1202/1202 1265/1265
f 1265/1265 856/856 557/557
f 1202/1202 1451/1451 1134/1134
f 1134/1134 1265/1265 1202/1202
f 1451/1451 1011/1011 799/799
f 799/799 1134/1134 1451/1451
f 1354/1354 208/208 1457/1457
f 1457/1457 1220/1220 1354/1354
f 1354/1354 555/555 496/496
f 496/496 87/87 1354/1354
f 555/555 615/615 932/932
f 932/932 496/496 555/555
f 616/616 554/554 455/455
f 455/455 933/933 616/616
f 554/554 1308/1308 369/369
f 369/369 455/455 554/554
f 1308/1308 341/341 750/750
f 750/750 369/369 1308/1308
f 341/341 855/855 1260/1260
f 1260/1260 750/750 341/341
f 856/856 1265/1265 937/937
f 937/937 1261/1261 856/856
f 1265/1265 1134/1134 1088/1088
f 1088/1088 937/937 1265/1265
f 1134/1134 799/799 1339/1339
f 1339/1339 1088/1088 1134/1134
f 87/87 717/717 208/208
f 208/208 1354/1354 87/87
f 87/87 496/496 868/868
f 868/868 75/75 87/87
f 496/496 932/932 371/371
f 371/371 868/868 496/496
f 933/933 455/455 361/361
f 361/361 370/370 933/933
f 455/455 369/369 1423/1423
f 1423/1423 361/361 455/455
f 369/369 750/750 29/29
f 29/29 1423/1423 369/369
f 750/750 1260/1260 1425/1425
f 1425/1425 29/29 750/750
f 1261/1261 937/937 193/193
f 193/193 1426/1426 1261/1261
f 937/937 1088/1088 974/974
f 974/974 193/193 937/937
f 1088/1088 1339/1339 996/996
f 996/996 974/974 1088/1088
f 75/75 483/483 717/717
f 717/717 87/87 75/75
f 204/204 75/75 868/868
f 868/868 777/777 204/204
f 777/777 868/868 371/371
f 371/371 1398/1398 777/777
f 1397/1397 370/370 361/361
f 361/361 778/778 1397/1397
f 314/314 29/29 1425/1425
f 1425/1425 99/99 314/314
f 98/98 1426/1426 193/193
f 193/193 17/17 98/98
f 17/17 193/193 974/974
f 974/974 1280/1280 17/17
f 1280/1280 974/974 996/996
f 996/996 1311/1311 1280/1280
f 204/204 267/267 483/483
f 483/483 75/75 204/204
f 45/45 204/204 777/777
f 777/777 437/437 45/45
f 437/437 777/777 1398/1398
f 1398/1398 1158/1158 437/437
f 1159/1159 1397/1397 778/778
f 778/778 156/156 1159/1159
f 129/129 314/314 99/99
f 99/99 1117/1117 129/129
f 1118/1118 98/98 17/17
f 17/17 151/151 1118/1118
f 151/151 17/17 1280/1280
f 1280/1280 739/739 151/151
f 739/739 1280/1280 1311/1311
f 1311/1311 538/538 739/739
f 45/45 1388/1388 267/267
f 267/267 204/204 45/45
f 45/45 437/437 517/517
f 517/517 678/678 45/45
f 437/437 1158/1158 859/859
f 859/859 517/517 437/437
f 1159/1159 156/156 851/851
f 851/851 858/858 1159/1159
f 129/129 1117/1117 1057/1057
f 1057/1057 593/593 129/129
f 1118/1118 151/151 1086/1086
f 1086/1086 1058/1058 1118/1118
f 151/151 739/739 464/464
f 464/464 1086/1086 151/151
f 739/739 538/538 1026/1026
f 1026/1026 464/464 739/739
f 678/678 1072/1072 1388/1388
f 1388/1388 45/45 678/678
f 678/678 517/517 1382/1382
f 1382/1382 1325/1325 678/678
f 517/517 859/859 1344/1344
f 1344/1344 1382/1382 517/517
f 858/858 851/851 490/490
f 490/490 1343/1343 858/858
f 490/490 851/851 1174/1174
f 1174/1174 742/742 490/490
f 742/742 1174/1174 593/593
f 593/593 1290/1290 742/742
f 593/593 1057/1057 1292/1292
f 1292/1292 1290/1290 593/593
f 1058/1058 1086/1086 427/427
f 427/427 1291/1291 1058/1058
f 1086/1086 464/464 1197/1197
f 1197/1197 427/427 1086/1086
f 464/464 1026/1026 617/617
f 617/617 1197/1197 464/464
f 1325/1325 21/21 1072/1072
f 1072/1072 678/678 1325/1325
f 1325/1325 1382/1382 1150/1150
f 1150/1150 400/400 1325/1325
f 1383/1383 1342/1342 1168/1168
f 1168/1168 1149/1149 1383/1383
f 1343/1343 490/490 990/990
f 990/990 1167/1167 1343/1343
f 490/490 742/742 234/234
f 234/234 990/990 490/490
f 742/742 1290/1290 1193/1193
f 1193/1193 234/234 742/742
f 1290/1290 1292/1292 606/606
f 606/606 1193/1193 1290/1290
f 1293/1293 426/426 720/720
f 720/720 607/607 1293/1293
f 427/427 1197/1197 485/485
f 485/485 719/719 427/427
f 1197/1197 617/617 1061/1061
f 1061/1061 485/485 1197/1197
f 400/400 1075/1075 21/21
f 21/21 1325/1325 400/400
f 401/401 1149/1149 699/699
f 699/699 438/438 401/401
f 1149/1149 1168/1168 84/84
f 84/84 699/699 1149/1149
f 1168/1168 989/989 1179/1179
f 1179/1179 84/84 1168/1168
f 989/989 235/235 1241/1241
f 1241/1241 1179/1179 989/989
f 235/235 1192/1192 885/885
f 885/885 1241/1241 235/235
f 1192/1192 607/607 89/89
f 89/89 885/885 1192/1192
f 607/607 720/720 1141/1141
f 1141/1141 89/89 607/607
f 720/720 486/486 1082/1082
f 1082/1082 1141/1141 720/720
f 486/486 1060/1060 749/749
f 749/749 1082/1082 486/486
f 438/438 1250/1250 1074/1074
f 1074/1074 401/401 438/438
f 1089/1089 273/273 291/291
f 291/291 7/7 1089/1089
f 533/533 394/394 1259/1259
f 1259/1259 753/753 533/533
f 367/367 1247/1247 1248/1248
f 1248/1248 864/864 367/367
f 581/581 707/707 209/209
f 209/209 1031/1031 581/581
f 447/447 405/405 1157/1157
f 1157/1157 1145/1145 447/447
f 661/661 1133/1133 1312/1312
f 1312/1312 409/409 661/661
f 1224/1224 85/85 1286/1286
f 1286/1286 822/822 1224/1224
f 201/201 1345/1345 1013/1013
f 1013/1013 90/90 201/201
f 461/461 1251/1251 1428/1428
f 1428/1428 1221/1221 461/461
f 1046/1046 26/26 466/466
f 466/466 109/109 1046/1046
f 88/88 1089/1089 7/7
f 7/7 850/850 88/88
f 474/474 533/533 753/753
f 753/753 878/878 474/474
f 479/479 367/367 864/864
f 864/864 770/770 479/479
f 600/600 581/581 1031/1031
f 1031/1031 873/873 600/600
f 219/219 447/447 1145/1145
f 1145/1145 1445/1445 219/219
f 175/175 661/661 409/409
f 409/409 416/416 175/175
f 110/110 1224/1224 822/822
f 822/822 1000/1000 110/110
f 623/623 201/201 90/90
f 90/90 25/25 623/623
f 1337/1337 461/461 1221/1221
f 1221/1221 792/792 1337/1337
f 1207/1207 1046/1046 109/109
f 109/109 1063/1063 1207/1207
f 674/674 251/251 342/342
f 342/342 317/317 674/674
f 628/628 1380/1380 304/304
f 304/304 1418/1418 628/628
f 210/210 285/285 618/618
f 618/618 319/319 210/210
f 160/160 1237/1237 589/589
f 589/589 1071/1071 160/160
f 81/81 1059/1059 250/250
f 250/250 471/471 81/81
f 1012/1012 1101/1101 1285/1285
f 1285/1285 826/826 1012/1012
f 648/648 1438/1438 1284/1284
f 1284/1284 402/402 648/648
f 169/169 752/752 365/365
f 365/365 398/398 169/169
f 1435/1435 1424/1424 101/101
f 101/101 1310/1310 1435/1435
f 272/272 23/23 914/914
f 914/914 220/220 272/272
f 956/956 95/95 251/251
f 251/251 674/674 956/956
f 1400/1400 644/644 1380/1380
f 1380/1380 628/628 1400/1400
f 436/436 673/673 285/285
f 285/285 210/210 436/436
f 921/921 131/131 1237/1237
f 1237/1237 160/160 921/921
f 1156/1156 1379/1379 1059/1059
f 1059/1059 81/81 1156/1156
f 1429/1429 1444/1444 1101/1101
f 1101/1101 1012/1012 1429/1429
f 1003/1003 993/993 1438/1438
f 1438/1438 648/648 1003/1003
f 1068/1068 1096/1096 752/752
f 752/752 169/169 1068/1068
f 1039/1039 837/837 1424/1424
f 1424/1424 1435/1435 1039/1039
f 1160/1160 318/318 23/23
f 23/23 272/272 1160/1160
f 895/895 161/161 95/95
f 95/95 956/956 895/895
f 392/392 124/124 644/644
f 644/644 1400/1400 392/392
f 1162/1162 563/563 673/673
f 673/673 436/436 1162/1162
f 968/968 1027/1027 131/131
f 131/131 921/921 968/968
f 540/540 1454/1454 1379/1379
f 1379/1379 1156/1156 540/540
f 38/38 86/86 1444/1444
f 1444/1444 1429/1429 38/38
f 820/820 346/346 993/993
f 993/993 1003/1003 820/820
f 665/665 677/677 1096/1096
f 1096/1096 1068/1068 665/665
f 871/871 442/442 837/837
f 837/837 1039/1039 871/871
f 1415/1415 545/545 318/318
f 318/318 1160/1160 1415/1415
f 895/895 88/88 850/850
f 850/850 161/161 895/895
f 1415/1415 1207/1207 1063/1063
f 1063/1063 545/545 1415/1415
f 871/871 1337/1337 792/792
f 792/792 442/442 871/871
f 665/665 623/623 25/25
f 25/25 677/677 665/665
f 820/820 110/110 1000/1000
f 1000/1000 346/346 820/820
f 38/38 175/175 416/416
f 416/416 86/86 38/38
f 540/540 219/219 1445/1445
f 1445/1445 1454/1454 540/540
f 968/968 600/600 873/873
f 873/873 1027/1027 968/968
f 1162/1162 479/479 770/770
f 770/770 563/563 1162/1162
f 392/392 474/474 878/878
f 878/878 124/124 392/392
f 1107/1107 972/972 668/668
f 668/668 953/953 1107/1107
f 1107/1107 953/953 1105/1105
f 1105/1105 877/877 1107/1107
f 877/877 1105/1105 1283/1283
f 1283/1283 181/181 877/877
f 181/181 1283/1283 330/330
f 330/330 1195/1195 181/181
f 1195/1195 330/330 905/905
f 905/905 883/883 1195/1195
f 884/884 903/903 1166/1166
f 1166/1166 1281/1281 884/884
f 1281/1281 1166/1166 111/111
f 111/111 162/162 1281/1281
f 162/162 111/111 1368/1368
f 1368/1368 806/806 162/162
f 806/806 1368/1368 1183/1183
f 1183/1183 321/321 806/806
f 732/732 1211/1211 668/668
f 668/668 972/972 732/732
f 26/26 315/315 295/295
f 295/295 466/466 26/26
f 546/546 238/238 294/294
f 294/294 316/316 546/546
f 360/360 1102/1102 1307/1307
f 1307/1307 896/896 360/360
f 273/273 897/897 1306/1306
f 1306/1306 291/291 273/273
f 1304/1304 1309/1309 588/588
f 588/588 637/637 1304/1304
f 394/394 638/638 587/587
f 587/587 1259/1259 394/394
f 680/680 1242/1242 1223/1223
f 1223/1223 988/988 680/680
f 1247/1247 987/987 1222/1222
f 1222/1222 1248/1248 1247/1247
f 1138/1138 660/660 1232/1232
f 1232/1232 1258/1258 1138/1138
f 707/707 1257/1257 1233/1233
f 1233/1233 209/209 707/707
f 551/551 530/530 511/511
f 511/511 630/630 551/551
f 405/405 629/629 512/512
f 512/512 1157/1157 405/405
f 15/15 690/690 155/155
f 155/155 488/488 15/15
f 1133/1133 487/487 154/154
f 154/154 1312/1312 1133/1133
f 269/269 939/939 262/262
f 262/262 975/975 269/269
f 85/85 976/976 261/261
f 261/261 1286/1286 85/85
f 841/841 297/297 113/113
f 113/113 729/729 841/841
f 1345/1345 730/730 112/112
f 112/112 1013/1013 1345/1345
f 603/603 592/592 1191/1191
f 1191/1191 384/384 603/603
f 1251/1251 383/383 1190/1190
f 1190/1190 1428/1428 1251/1251
f 173/173 515/515 713/713
f 713/713 47/47 173/173
f 174/174 1106/1106 288/288
f 288/288 516/516 174/174
f 515/515 300/300 229/229
f 229/229 713/713 515/515
f 516/516 288/288 671/671
f 671/671 299/299 516/516
f 298/298 810/810 994/994
f 994/994 230/230 298/298
f 299/299 671/671 1108/1108
f 1108/1108 811/811 299/299
f 810/810 1405/1405 1338/1338
f 1338/1338 994/994 810/810
f 811/811 1108/1108 94/94
f 94/94 1406/1406 811/811
f 1405/1405 1084/1084 1132/1132
f 1132/1132 1338/1338 1405/1405
f 1406/1406 94/94 520/520
f 520/520 1083/1083 1406/1406
f 1084/1084 787/787 1206/1206
f 1206/1206 1132/1132 1084/1084
f 1083/1083 520/520 1081/1081
f 1081/1081 786/786 1083/1083
f 785/785 1254/1254 1431/1431
f 1431/1431 1205/1205 785/785
f 786/786 1081/1081 327/327
f 327/327 1253/1253 786/786
f 1254/1254 1279/1279 434/434
f 434/434 1431/1431 1254/1254
f 1253/1253 327/327 889/889
f 889/889 1278/1278 1253/1253
f 1279/1279 755/755 415/415
f 415/415 434/434 1279/1279
f 1278/1278 889/889 435/435
f 435/435 754/754 1278/1278
f 174/174 1358/1358 1219/1219
f 1219/1219 1106/1106 174/174
f 47/47 879/879 1359/1359
f 1359/1359 173/173 47/47
f 317/317 342/342 1366/1366
f 1366/1366 138/138 317/317
f 962/962 138/138 1366/1366
f 1366/1366 1399/1399 962/962
f 1418/1418 304/304 57/57
f 57/57 776/776 1418/1418
f 586/586 776/776 57/57
f 57/57 255/255 586/586
f 319/319 618/618 875/875
f 875/875 597/597 319/319
f 1218/1218 597/597 875/875
f 875/875 636/636 1218/1218
f 1071/1071 589/589 145/145
f 145/145 431/431 1071/1071
f 417/417 431/431 145/145
f 145/145 244/244 417/417
f 471/471 250/250 800/800
f 800/800 1064/1064 471/471
f 534/534 1064/1064 800/800
f 800/800 1023/1023 534/534
f 826/826 1285/1285 1044/1044
f 1044/1044 874/874 826/826
f 1014/1014 874/874 1044/1044
f 1044/1044 254/254 1014/1014
f 402/402 1284/1284 481/481
f 481/481 32/32 402/402
f 913/913 32/32 481/481
f 481/481 274/274 913/913
f 398/398 365/365 503/503
f 503/503 823/823 398/398
f 118/118 823/823 503/503
f 503/503 184/184 118/118
f 1310/1310 101/101 922/922
f 922/922 890/890 1310/1310
f 463/463 890/890 922/922
f 922/922 1181/1181 463/463
f 1225/1225 894/894 915/915
f 915/915 664/664 1225/1225
f 220/220 914/914 915/915
f 915/915 894/894 220/220
f 962/962 1399/1399 780/780
f 780/780 845/845 962/962
f 586/586 255/255 396/396
f 396/396 391/391 586/586
f 1218/1218 636/636 1210/1210
f 1210/1210 869/869 1218/1218
f 417/417 244/244 917/917
f 917/917 893/893 417/417
f 534/534 1023/1023 1029/1029
f 1029/1029 1025/1025 534/534
f 1014/1014 254/254 631/631
f 631/631 246/246 1014/1014
f 913/913 274/274 572/572
f 572/572 526/526 913/913
f 118/118 184/184 41/41
f 41/41 1437/1437 118/118
f 463/463 1181/1181 695/695
f 695/695 505/505 463/463
f 1225/1225 664/664 195/195
f 195/195 1104/1104 1225/1225
f 1103/1103 194/194 759/759
f 759/759 311/311 1103/1103
f 844/844 781/781 598/598
f 598/598 1067/1067 844/844
f 390/390 395/395 1360/1360
f 1360/1360 1409/1409 390/390
f 870/870 1209/1209 931/931
f 931/931 797/797 870/870
f 892/892 916/916 441/441
f 441/441 334/334 892/892
f 1024/1024 1028/1028 639/639
f 639/639 1216/1216 1024/1024
f 245/245 632/632 1049/1049
f 1049/1049 662/662 245/245
f 525/525 571/571 1194/1194
f 1194/1194 590/590 525/525
f 1436/1436 40/40 432/432
f 432/432 698/698 1436/1436
f 506/506 694/694 350/350
f 350/350 228/228 506/506
f 876/876 633/633 135/135
f 135/135 501/501 876/876
f 1131/1131 901/901 642/642
f 642/642 211/211 1131/1131
f 2/2 450/450 821/821
f 821/821 796/796 2/2
f 948/948 1120/1120 189/189
f 189/189 374/374 948/948
f 242/242 203/203 804/804
f 804/804 614/614 242/242
f 705/705 249/249 550/550
f 550/550 190/190 705/705
f 428/428 735/735 364/364
f 364/364 157/157 428/428
f 308/308 764/764 547/547
f 547/547 1422/1422 308/308
f 1090/1090 950/950 286/286
f 286/286 984/984 1090/1090
f 708/708 773/773 91/91
f 91/91 1119/1119 708/708
f 641/641 1440/1440 202/202
f 202/202 1161/1161 641/641
f 1440/1440 971/971 696/696
f 696/696 202/202 1440/1440
f 970/970 260/260 137/137
f 137/137 697/697 970/970
f 260/260 985/985 1124/1124
f 1124/1124 137/137 260/260
f 985/985 965/965 647/647
f 647/647 1124/1124 985/985
f 965/965 1386/1386 1110/1110
f 1110/1110 647/647 965/965
f 1387/1387 805/805 824/824
f 824/824 1111/1111 1387/1387
f 805/805 595/595 22/22
f 22/22 824/824 805/805
f 595/595 584/584 415/415
f 415/415 22/22 595/595
f 1161/1161 879/879 11/11
f 11/11 641/641 1161/1161
f 1305/1305 50/50 1440/1440
f 1440/1440 641/641 1305/1305
f 50/50 1461/1461 971/971
f 971/971 1440/1440 50/50
f 1460/1460 1094/1094 260/260
f 260/260 970/970 1460/1460
f 1094/1094 522/522 985/985
f 985/985 260/260 1094/1094
f 522/522 275/275 965/965
f 965/965 985/985 522/522
f 275/275 214/214 1386/1386
f 1386/1386 965/965 275/275
f 213/213 368/368 805/805
f 805/805 1387/1387 213/213
f 368/368 763/763 595/595
f 595/595 805/805 368/368
f 763/763 1187/1187 584/584
f 584/584 595/595 763/763
f 641/641 11/11 1047/1047
f 1047/1047 1305/1305 641/641
f 656/656 733/733 50/50
f 50/50 1305/1305 656/656
f 733/733 692/692 1461/1461
f 1461/1461 50/50 733/733
f 693/693 743/743 1094/1094
f 1094/1094 1460/1460 693/693
f 743/743 1033/1033 522/522
f 522/522 1094/1094 743/743
f 1033/1033 212/212 275/275
f 275/275 522/522 1033/1033
f 212/212 120/120 214/214
f 214/214 275/275 212/212
f 121/121 634/634 368/368
f 368/368 213/213 121/121
f 634/634 1135/1135 763/763
f 763/763 368/368 634/634
f 1135/1135 1231/1231 1187/1187
f 1187/1187 763/763 1135/1135
f 1305/1305 1047/1047 882/882
f 882/882 656/656 1305/1305
f 666/666 429/429 733/733
f 733/733 656/656 666/666
f 429/429 1347/1347 692/692
f 692/692 733/733 429/429
f 1346/1346 795/795 743/743
f 743/743 693/693 1346/1346
f 795/795 491/491 1033/1033
f 1033/1033 743/743 795/795
f 491/491 736/736 212/212
f 212/212 1033/1033 491/491
f 736/736 768/768 120/120
f 120/120 212/212 736/736
f 767/767 926/926 634/634
f 634/634 121/121 767/767
f 926/926 163/163 1135/1135
f 1135/1135 634/634 926/926
f 163/163 621/621 1231/1231
f 1231/1231 1135/1135 163/163
f 656/656 882/882 537/537
f 537/537 666/666 656/656
f 809/809 127/127 429/429
f 429/429 666/666 809/809
f 127/127 1341/1341 1347/1347
f 1347/1347 429/429 127/127
f 1340/1340 70/70 795/795
f 795/795 1346/1346 1340/1340
f 70/70 1048/1048 491/491
f 491/491 795/795 70/70
f 1048/1048 523/523 736/736
f 736/736 491/491 1048/1048
f 523/523 928/928 768/768
f 768/768 736/736 523/523
f 927/927 296/296 926/926
f 926/926 767/767 927/927
f 296/296 1327/1327 163/163
f 163/163 926/926 296/296
f 1327/1327 888/888 621/621
f 621/621 163/163 1327/1327
f 666/666 537/537 495/495
f 495/495 809/809 666/666
f 358/358 307/307 127/127
f 127/127 809/809 358/358
f 307/307 726/726 1341/1341
f 1341/1341 127/127 307/307
f 725/725 675/675 70/70
f 70/70 1340/1340 725/725
f 675/675 1389/1389 1048/1048
f 1048/1048 70/70 675/675
f 1389/1389 128/128 523/523
f 523/523 1048/1048 1389/1389
f 128/128 133/133 928/928
f 928/928 523/523 128/128
f 132/132 935/935 296/296
f 296/296 927/927 132/132
f 935/935 663/663 1327/1327
f 1327/1327 296/296 935/935
f 663/663 1011/1011 888/888
f 888/888 1327/1327 663/663
f 809/809 495/495 1457/1457
f 1457/1457 358/358 809/809
f 1369/1369 56/56 307/307
f 307/307 358/358 1369/1369
f 56/56 68/68 726/726
f 726/726 307/307 56/56
f 67/67 1430/1430 675/675
f 675/675 725/725 67/67
f 1430/1430 292/292 1389/1389
f 1389/1389 675/675 1430/1430
f 292/292 379/379 128/128
f 128/128 1389/1389 292/292
f 379/379 958/958 133/133
f 133/133 128/128 379/379
f 957/957 706/706 935/935
f 935/935 132/132 957/957
f 706/706 543/543 663/663
f 663/663 935/935 706/706
f 543/543 799/799 1011/1011
f 1011/1011 663/663 543/543
f 358/358 1457/1457 208/208
f 208/208 1369/1369 358/358
f 363/363 489/489 56/56
f 56/56 1369/1369 363/363
f 489/489 1314/1314 68/68
f 68/68 56/56 489/489
f 1313/1313 745/745 1430/1430
f 1430/1430 67/67 1313/1313
f 745/745 712/712 292/292
f 292/292 1430/1430 745/745
f 712/712 650/650 379/379
f 379/379 292/292 712/712
f 650/650 803/803 958/958
f 958/958 379/379 650/650
f 802/802 573/573 706/706
f 706/706 957/957 802/802
f 573/573 172/172 543/543
f 543/543 706/706 573/573
f 172/172 1339/1339 799/799
f 799/799 543/543 172/172
f 1369/1369 208/208 717/717
f 717/717 363/363 1369/1369
f 248/248 1353/1353 489/489
f 489/489 363/363 248/248
f 1353/1353 702/702 1314/1314
f 1314/1314 489/489 1353/1353
f 703/703 1255/1255 745/745
f 745/745 1313/1313 703/703
f 1255/1255 125/125 712/712
f 712/712 745/745 1255/1255
f 125/125 293/293 650/650
f 650/650 712/712 125/125
f 293/293 282/282 803/803
f 803/803 650/650 293/293
f 283/283 93/93 573/573
f 573/573 802/802 283/283
f 93/93 1091/1091 172/172
f 172/172 573/573 93/93
f 1091/1091 996/996 1339/1339
f 1339/1339 172/172 1091/1091
f 363/363 717/717 483/483
f 483/483 248/248 363/363
f 484/484 1421/1421 1353/1353
f 1353/1353 248/248 484/484
f 1421/1421 559/559 702/702
f 702/702 1353/1353 1421/1421
f 560/560 946/946 1255/1255
f 1255/1255 703/703 560/560
f 906/906 960/960 282/282
f 282/282 293/293 906/906
f 961/961 1377/1377 93/93
f 93/93 283/283 961/961
f 1377/1377 582/582 1091/1091
f 1091/1091 93/93 1377/1377
f 582/582 1311/1311 996/996
f 996/996 1091/1091 582/582
f 484/484 248/248 483/483
f 483/483 267/267 484/484
f 492/492 1038/1038 1421/1421
f 1421/1421 484/484 492/492
f 1038/1038 168/168 559/559
f 559/559 1421/1421 1038/1038
f 167/167 1288/1288 946/946
f 946/946 560/560 167/167
f 748/748 326/326 960/960
f 960/960 906/906 748/748
f 325/325 912/912 1377/1377
f 1377/1377 961/961 325/325
f 912/912 366/366 582/582
f 582/582 1377/1377 912/912
f 366/366 538/538 1311/1311
f 1311/1311 582/582 366/366
f 492/492 484/484 267/267
f 267/267 1388/1388 492/492
f 716/716 1367/1367 1038/1038
f 1038/1038 492/492 716/716
f 1367/1367 1054/1054 168/168
f 168/168 1038/1038 1367/1367
f 1053/1053 66/66 1288/1288
f 1288/1288 167/167 1053/1053
f 1235/1235 60/60 326/326
f 326/326 748/748 1235/1235
f 61/61 1264/1264 912/912
f 912/912 325/325 61/61
f 1264/1264 924/924 366/366
f 366/366 912/912 1264/1264
f 924/924 1026/1026 538/538
f 538/538 366/366 924/924
f 492/492 1388/1388 1072/1072
f 1072/1072 716/716 492/492
f 553/553 819/819 1367/1367
f 1367/1367 716/716 553/553
f 819/819 1411/1411 1054/1054
f 1054/1054 1367/1367 819/819
f 1413/1413 268/268 66/66
f 66/66 1053/1053 1413/1413
f 268/268 187/187 458/458
f 458/458 66/66 268/268
f 187/187 1236/1236 1235/1235
f 1235/1235 458/458 187/187
f 1236/1236 217/217 60/60
f 60/60 1235/1235 1236/1236
f 218/218 1036/1036 1264/1264
f 1264/1264 61/61 218/218
f 1036/1036 433/433 924/924
f 924/924 1264/1264 1036/1036
f 433/433 617/617 1026/1026
f 1026/1026 924/924 433/433
f 716/716 1072/1072 21/21
f 21/21 553/553 716/716
f 1394/1394 842/842 819/819
f 819/819 553/553 1394/1394
f 843/843 1139/1139 1412/1412
f 1412/1412 818/818 843/843
f 1140/1140 1299/1299 268/268
f 268/268 1413/1413 1140/1140
f 1299/1299 3/3 187/187
f 187/187 268/268 1299/1299
f 3/3 197/197 1236/1236
f 1236/1236 187/187 3/3
f 197/197 331/331 217/217
f 217/217 1236/1236 197/197
f 332/332 225/225 1037/1037
f 1037/1037 216/216 332/332
f 226/226 700/700 433/433
f 433/433 1036/1036 226/226
f 700/700 1061/1061 617/617
f 617/617 433/433 700/700
f 553/553 21/21 1075/1075
f 1075/1075 1394/1394 553/553
f 1198/1198 936/936 843/843
f 843/843 1393/1393 1198/1198
f 936/936 179/179 1139/1139
f 1139/1139 843/843 936/936
f 179/179 609/609 1300/1300
f 1300/1300 1139/1139 179/179
f 609/609 558/558 4/4
f 4/4 1300/1300 609/609
f 558/558 96/96 198/198
f 198/198 4/4 558/558
f 96/96 1230/1230 332/332
f 332/332 198/198 96/96
f 1230/1230 943/943 225/225
f 225/225 332/332 1230/1230
f 943/943 136/136 701/701
f 701/701 225/225 943/943
f 136/136 749/749 1060/1060
f 1060/1060 701/701 136/136
f 1393/1393 1074/1074 1250/1250
f 1250/1250 1198/1198 1393/1393
f 626/626 670/670 1021/1021
f 1021/1021 513/513 626/626
f 144/144 872/872 130/130
f 130/130 453/453 144/144
f 578/578 232/232 655/655
f 655/655 454/454 578/578
f 1078/1078 788/788 1169/1169
f 1169/1169 339/339 1078/1078
f 867/867 1204/1204 382/382
f 382/382 1468/1468 867/867
f 451/451 278/278 462/462
f 462/462 80/80 451/451
f 852/852 1462/1462 1109/1109
f 1109/1109 52/52 852/852
f 1370/1370 354/354 539/539
f 539/539 925/925 1370/1370
f 1256/1256 461/461 1337/1337
f 1337/1337 1297/1297 1256/1256
f 1324/1324 1432/1432 1151/1151
f 1151/1151 389/389 1324/1324
f 667/667 414/414 1432/1432
f 1432/1432 1324/1324 667/667
f 410/410 1251/1251 461/461
f 461/461 1256/1256 410/410
f 16/16 1099/1099 354/354
f 354/354 1370/1370 16/16
f 1095/1095 1203/1203 1462/1462
f 1462/1462 852/852 1095/1095
f 1414/1414 794/794 278/278
f 278/278 451/451 1414/1414
f 102/102 206/206 1204/1204
f 1204/1204 867/867 102/102
f 1227/1227 1321/1321 788/788
f 788/788 1078/1078 1227/1227
f 439/439 470/470 232/232
f 232/232 578/578 439/439
f 1320/1320 654/654 872/872
f 872/872 144/144 1320/1320
f 1112/1112 1097/1097 670/670
f 670/670 626/626 1112/1112
f 1/1 1266/1266 1008/1008
f 1008/1008 793/793 1/1
f 718/718 284/284 6/6
f 6/6 1365/1365 718/718
f 909/909 585/585 1249/1249
f 1249/1249 691/691 909/909
f 1243/1243 1146/1146 930/930
f 930/930 651/651 1243/1243
f 241/241 758/758 457/457
f 457/457 1196/1196 241/241
f 1005/1005 1147/1147 564/564
f 564/564 527/527 1005/1005
f 176/176 1404/1404 408/408
f 408/408 760/760 176/176
f 646/646 478/478 964/964
f 964/964 944/944 646/646
f 1310/1310 224/224 569/569
f 569/569 1435/1435 1310/1310
f 711/711 709/709 356/356
f 356/356 1276/1276 711/711
f 793/793 1008/1008 602/602
f 602/602 969/969 793/793
f 1365/1365 6/6 140/140
f 140/140 653/653 1365/1365
f 691/691 1249/1249 1171/1171
f 1171/1171 552/552 691/691
f 651/651 930/930 1238/1238
f 1238/1238 1129/1129 651/651
f 1196/1196 457/457 659/659
f 659/659 683/683 1196/1196
f 527/527 564/564 199/199
f 199/199 1030/1030 527/527
f 760/760 408/408 287/287
f 287/287 1087/1087 760/760
f 944/944 964/964 757/757
f 757/757 613/613 944/944
f 1435/1435 569/569 1453/1453
f 1453/1453 1039/1039 1435/1435
f 1276/1276 356/356 20/20
f 20/20 1050/1050 1276/1276
f 969/969 602/602 281/281
f 281/281 1040/1040 969/969
f 653/653 140/140 676/676
f 676/676 902/902 653/653
f 552/552 1171/1171 1172/1172
f 1172/1172 449/449 552/552
f 1129/1129 1238/1238 440/440
f 440/440 1228/1228 1129/1129
f 683/683 659/659 1154/1154
f 1154/1154 1329/1329 683/683
f 1030/1030 199/199 738/738
f 738/738 1007/1007 1030/1030
f 1087/1087 287/287 1275/1275
f 1275/1275 1043/1043 1087/1087
f 613/613 757/757 1121/1121
f 1121/1121 178/178 613/613
f 1039/1039 1453/1453 1356/1356
f 1356/1356 871/871 1039/1039
f 1050/1050 20/20 1155/1155
f 1155/1155 1173/1173 1050/1050
f 513/513 1021/1021 1040/1040
f 1040/1040 281/281 513/513
f 389/389 1151/1151 1173/1173
f 1173/1173 1155/1155 389/389
f 1297/1297 1337/1337 871/871
f 871/871 1356/1356 1297/1297
f 925/925 539/539 178/178
f 178/178 1121/1121 925/925
f 52/52 1109/1109 1043/1043
f 1043/1043 1275/1275 52/52
f 80/80 462/462 1007/1007
f 1007/1007 738/738 80/80
f 1468/1468 382/382 1329/1329
f 1329/1329 1154/1154 1468/1468
f 339/339 1169/1169 1228/1228
f 1228/1228 440/440 339/339
f 454/454 655/655 449/449
f 449/449 1172/1172 454/454
f 453/453 130/130 902/902
f 902/902 676/676 453/453
f 1384/1384 1097/1097 1112/1112
f 1112/1112 183/183 1384/1384
f 625/625 654/654 1320/1320
f 1320/1320 33/33 625/625
f 791/791 470/470 439/439
f 439/439 142/142 791/791
f 1348/1348 1321/1321 1227/1227
f 1227/1227 604/604 1348/1348
f 1376/1376 206/206 102/102
f 102/102 289/289 1376/1376
f 1128/1128 794/794 1414/1414
f 1414/1414 258/258 1128/1128
f 1469/1469 1203/1203 1095/1095
f 1095/1095 12/12 1469/1469
f 1152/1152 1099/1099 16/16
f 16/16 237/237 1152/1152
f 911/911 383/383 1251/1251
f 1251/1251 410/410 911/911
f 475/475 414/414 667/667
f 667/667 566/566 475/475
f 1385/1385 182/182 1035/1035
f 1035/1035 1374/1374 1385/1385
f 624/624 34/34 1287/1287
f 1287/1287 723/723 624/624
f 790/790 143/143 1186/1186
f 1186/1186 1004/1004 790/790
f 1349/1349 605/605 1328/1328
f 1328/1328 1362/1362 1349/1349
f 1375/1375 290/290 44/44
f 44/44 51/51 1375/1375
f 1127/1127 259/259 995/995
f 995/995 18/18 1127/1127
f 1470/1470 13/13 1176/1176
f 1176/1176 375/375 1470/1470
f 1153/1153 236/236 1373/1373
f 1373/1373 734/734 1153/1153
f 384/384 910/910 831/831
f 831/831 603/603 384/384
f 476/476 565/565 756/756
f 756/756 1352/1352 476/476
f 1161/1161 202/202 862/862
f 862/862 827/827 1161/1161
f 202/202 696/696 420/420
f 420/420 862/862 202/202
f 697/697 137/137 65/65
f 65/65 418/418 697/697
f 137/137 1124/1124 406/406
f 406/406 65/65 137/137
f 1124/1124 647/647 977/977
f 977/977 406/406 1124/1124
f 647/647 1110/1110 1272/1272
f 1272/1272 977/977 647/647
f 1111/1111 824/824 376/376
f 376/376 1270/1270 1111/1111
f 824/824 22/22 153/153
f 153/153 376/376 824/824
f 22/22 415/415 755/755
f 755/755 153/153 22/22
f 827/827 1359/1359 879/879
f 879/879 1161/1161 827/827
f 828/828 861/861 640/640
f 640/640 105/105 828/828
f 861/861 419/419 798/798
f 798/798 640/640 861/861
f 419/419 64/64 207/207
f 207/207 798/798 419/419
f 64/64 407/407 1471/1471
f 1471/1471 207/207 64/64
f 407/407 978/978 239/239
f 239/239 1471/1471 407/407
f 978/978 1271/1271 134/134
f 134/134 239/239 978/978
f 1271/1271 377/377 751/751
f 751/751 134/134 1271/1271
f 377/377 152/152 1142/1142
f 1142/1142 751/751 377/377
f 152/152 754/754 435/435
f 435/435 1142/1142 152/152
f 828/828 105/105 1219/1219
f 1219/1219 1358/1358 828/828
f 338/338 185/185 1266/1266
f 1266/1266 1/1 338/338
f 378/378 1361/1361 284/284
f 284/284 718/718 378/378
f 355/355 1208/1208 585/585
f 585/585 909/909 355/355
f 919/919 836/836 1146/1146
f 1146/1146 1243/1243 919/919
f 782/782 601/601 758/758
f 758/758 241/241 782/782
f 940/940 1113/1113 1147/1147
f 1147/1147 1005/1005 940/940
f 518/518 107/107 1404/1404
f 1404/1404 176/176 518/518
f 200/200 544/544 478/478
f 478/478 646/646 200/200
f 890/890 744/744 224/224
f 224/224 1310/1310 890/890
f 1092/1092 737/737 709/709
f 709/709 711/711 1092/1092
f 338/338 576/576 1006/1006
f 1006/1006 185/185 338/338
f 378/378 1408/1408 5/5
f 5/5 1361/1361 378/378
f 355/355 688/688 1020/1020
f 1020/1020 1208/1208 355/355
f 919/919 1267/1267 1065/1065
f 1065/1065 836/836 919/919
f 782/782 1185/1185 1263/1263
f 1263/1263 601/601 782/782
f 940/940 619/619 577/577
f 577/577 1113/1113 940/940
f 518/518 591/591 106/106
f 106/106 107/107 518/518
f 200/200 1447/1447 424/424
f 424/424 544/544 200/200
f 744/744 890/890 463/463
f 463/463 1403/1403 744/744
f 1092/1092 465/465 929/929
f 929/929 737/737 1092/1092
f 265/265 444/444 1006/1006
f 1006/1006 576/576 265/265
f 1318/1318 386/386 5/5
f 5/5 1408/1408 1318/1318
f 349/349 1240/1240 1020/1020
f 1020/1020 688/688 349/349
f 1466/1466 82/82 1065/1065
f 1065/1065 1267/1267 1466/1466
f 808/808 1123/1123 1263/1263
f 1263/1263 1185/1185 808/808
f 715/715 1080/1080 577/577
f 577/577 619/619 715/715
f 271/271 1069/1069 106/106
f 106/106 591/591 271/271
f 1434/1434 562/562 424/424
f 424/424 1447/1447 1434/1434
f 505/505 1189/1189 1403/1403
f 1403/1403 463/463 505/505
f 500/500 658/658 929/929
f 929/929 465/465 500/500
f 266/266 264/264 452/452
f 452/452 443/443 266/266
f 1317/1317 945/945 507/507
f 507/507 385/385 1317/1317
f 348/348 253/253 63/63
f 63/63 1239/1239 348/348
f 1464/1464 301/301 233/233
f 233/233 83/83 1464/1464
f 807/807 46/46 412/412
f 412/412 1122/1122 807/807
f 714/714 1252/1252 568/568
f 568/568 1079/1079 714/714
f 270/270 467/467 186/186
f 186/186 1070/1070 270/270
f 1433/1433 240/240 580/580
f 580/580 561/561 1433/1433
f 506/506 228/228 1269/1269
f 1269/1269 1188/1188 506/506
f 499/499 1017/1017 196/196
f 196/196 657/657 499/499
f 8/8 1211/1211 732/732
f 732/732 1319/1319 8/8
f 1183/1183 221/221 76/76
f 76/76 321/321 1183/1183
f 221/221 343/343 986/986
f 986/986 76/76 221/221
f 343/343 1459/1459 938/938
f 938/938 986/986 343/343
f 1459/1459 243/243 1077/1077
f 1077/1077 938/938 1459/1459
f 243/243 898/898 1213/1213
f 1213/1213 1077/1077 243/243
f 898/898 30/30 1262/1262
f 1262/1262 1213/1213 898/898
f 30/30 256/256 1443/1443
f 1443/1443 1262/1262 30/30
f 256/256 1116/1116 1332/1332
f 1332/1332 1443/1443 256/256
f 1116/1116 8/8 1319/1319
f 1319/1319 1332/1332 1116/1116
f 1427/1427 1076/1076 328/328
f 328/328 141/141 1427/1427
f 55/55 779/779 502/502
f 502/502 1392/1392 55/55
f 1199/1199 1301/1301 519/519
f 519/519 923/923 1199/1199
f 148/148 223/223 535/535
f 535/535 774/774 148/148
f 997/997 1439/1439 1184/1184
f 1184/1184 979/979 997/997
f 863/863 39/39 1448/1448
f 1448/1448 1100/1100 863/863
f 1180/1180 1416/1416 71/71
f 71/71 1163/1163 1180/1180
f 69/69 1333/1333 150/150
f 150/150 973/973 69/69
f 1119/1119 472/472 949/949
f 949/949 708/708 1119/1119
f 689/689 166/166 1395/1395
f 1395/1395 783/783 689/689
f 548/548 146/146 27/27
f 27/27 727/727 548/548
f 446/446 1274/1274 352/352
f 352/352 908/908 446/446
f 762/762 953/953 668/668
f 668/668 509/509 762/762
f 1019/1019 1183/1183 1368/1368
f 1368/1368 1420/1420 1019/1019
f 1420/1420 1368/1368 111/111
f 111/111 1137/1137 1420/1420
f 1137/1137 111/111 1166/1166
f 1166/1166 165/165 1137/1137
f 165/165 1166/1166 903/903
f 903/903 469/469 165/165
f 687/687 330/330 1283/1283
f 1283/1283 59/59 687/687
f 59/59 1283/1283 1105/1105
f 1105/1105 404/404 59/59
f 404/404 1105/1105 953/953
f 953/953 762/762 404/404
f 79/79 8/8 1116/1116
f 1116/1116 881/881 79/79
f 881/881 1116/1116 256/256
f 256/256 43/43 881/881
f 43/43 256/256 30/30
f 30/30 1401/1401 43/43
f 1001/1001 103/103 814/814
f 814/814 493/493 1001/1001
f 276/276 898/898 243/243
f 243/243 323/323 276/276
f 323/323 243/243 1459/1459
f 1459/1459 115/115 323/323
f 115/115 1459/1459 343/343
f 343/343 10/10 115/115
f 10/10 343/343 221/221
f 221/221 1455/1455 10/10
f 1302/1302 1178/1178 812/812
f 812/812 681/681 1302/1302
f 999/999 1211/1211 8/8
f 8/8 79/79 999/999
f 784/784 548/548 727/727
f 727/727 567/567 784/784
f 329/329 28/28 147/147
f 147/147 904/904 329/329
f 686/686 728/728 28/28
f 28/28 329/329 686/686
f 904/904 147/147 549/549
f 549/549 468/468 904/904
f 1212/1212 351/351 1273/1273
f 1273/1273 669/669 1212/1212
f 998/998 907/907 351/351
f 351/351 1212/1212 998/998
f 669/669 1273/1273 445/445
f 445/445 510/510 669/669
f 899/899 815/815 104/104
f 104/104 31/31 899/899
f 277/277 494/494 816/816
f 816/816 900/900 277/277
f 31/31 104/104 1002/1002
f 1002/1002 1402/1402 31/31
f 1182/1182 813/813 1177/1177
f 1177/1177 222/222 1182/1182
f 1018/1018 682/682 813/813
f 813/813 1182/1182 1018/1018
f 222/222 1177/1177 1303/1303
f 1303/1303 1456/1456 222/222
f 58/58 849/849 728/728
f 728/728 686/686 58/58
f 403/403 685/685 849/849
f 849/849 58/58 403/403
f 761/761 37/37 685/685
f 685/685 403/403 761/761
f 510/510 445/445 37/37
f 37/37 761/761 510/510
f 78/78 829/829 907/907
f 907/907 998/998 78/78
f 880/880 1052/1052 829/829
f 829/829 78/78 880/880
f 42/42 1246/1246 1052/1052
f 1052/1052 880/880 42/42
f 1402/1402 1002/1002 1246/1246
f 1246/1246 42/42 1402/1402
f 322/322 574/574 494/494
f 494/494 277/277 322/322
f 114/114 1143/1143 574/574
f 574/574 322/322 114/114
f 9/9 312/312 1143/1143
f 1143/1143 114/114 9/9
f 1456/1456 1303/1303 312/312
f 312/312 9/9 1456/1456
f 1419/1419 1442/1442 682/682
f 682/682 1018/1018 1419/1419
f 1136/1136 345/345 1442/1442
f 1442/1442 1419/1419 1136/1136
f 164/164 460/460 345/345
f 345/345 1136/1136 164/164
f 468/468 549/549 460/460
f 460/460 164/164 468/468
f 1085/1085 324/324 784/784
f 784/784 567/567 1085/1085
f 1214/1214 746/746 967/967
f 967/967 1450/1450 1214/1214
f 1450/1450 967/967 324/324
f 324/324 1085/1085 1450/1450
f 1001/1001 493/493 746/746
f 746/746 1214/1214 1001/1001
f 575/575 1144/1144 746/746
f 746/746 493/493 575/575
f 313/313 1302/1302 347/347
f 347/347 1144/1144 313/313
f 1302/1302 681/681 1316/1316
f 1316/1316 347/347 1302/1302
f 1441/1441 344/344 1316/1316
f 1316/1316 681/681 1441/1441
f 459/459 548/548 784/784
f 784/784 344/344 459/459
f 684/684 567/567 727/727
f 727/727 848/848 684/684
f 446/446 423/423 684/684
f 684/684 36/36 446/446
f 908/908 1407/1407 423/423
f 423/423 446/446 908/908
f 830/830 1051/1051 1407/1407
f 1407/1407 908/908 830/830
f 1245/1245 1001/1001 1214/1214
f 1214/1214 1051/1051 1245/1245
f 1051/1051 1214/1214 1450/1450
f 1450/1450 1407/1407 1051/1051
f 1407/1407 1450/1450 1085/1085
f 1085/1085 423/423 1407/1407
f 423/423 1085/1085 567/567
f 567/567 684/684 423/423
f 1316/1316 344/344 784/784
f 784/784 324/324 1316/1316
f 967/967 347/347 1316/1316
f 1316/1316 324/324 967/967
f 746/746 1144/1144 347/347
f 347/347 967/967 746/746
f 438/438 699/699 1056/1056
f 1056/1056 53/53 438/438
f 699/699 84/84 531/531
f 531/531 1056/1056 699/699
f 84/84 1179/1179 612/612
f 612/612 531/531 84/84
f 1179/1179 1241/1241 508/508
f 508/508 612/612 1179/1179
f 1241/1241 885/885 397/397
f 397/397 508/508 1241/1241
f 885/885 89/89 1355/1355
f 1355/1355 397/397 885/885
f 89/89 1141/1141 139/139
f 139/139 1355/1355 89/89
f 1141/1141 1082/1082 817/817
f 817/817 139/139 1141/1141
f 1082/1082 749/749 980/980
f 980/980 817/817 1082/1082
f 53/53 263/263 1250/1250
f 1250/1250 438/438 53/53
f 1449/1449 62/62 936/936
f 936/936 1198/1198 1449/1449
f 62/62 119/119 179/179
f 179/179 936/936 62/62
f 119/119 934/934 609/609
f 609/609 179/179 119/119
f 934/934 425/425 558/558
f 558/558 609/609 934/934
f 425/425 1045/1045 96/96
f 96/96 558/558 425/425
f 1045/1045 252/252 1230/1230
f 1230/1230 96/96 1045/1045
f 252/252 1093/1093 943/943
f 943/943 1230/1230 252/252
f 1093/1093 722/722 136/136
f 136/136 943/943 1093/1093
f 722/722 980/980 749/749
f 749/749 136/136 722/722
f 1198/1198 1250/1250 263/263
f 263/263 1449/1449 1198/1198
f 53/53 1056/1056 1410/1410
f 1410/1410 1294/1294 53/53
f 1056/1056 531/531 731/731
f 731/731 1410/1410 1056/1056
f 531/531 612/612 227/227
f 227/227 731/731 531/531
f 612/612 508/508 721/721
f 721/721 227/227 612/612
f 508/508 397/397 825/825
f 825/825 721/721 508/508
f 397/397 1355/1355 622/622
f 622/622 825/825 397/397
f 1355/1355 139/139 97/97
f 97/97 622/622 1355/1355
f 139/139 817/817 1452/1452
f 1452/1452 97/97 139/139
f 817/817 980/980 77/77
f 77/77 1452/1452 817/817
f 1294/1294 504/504 263/263
f 263/263 53/53 1294/1294
f 231/231 257/257 62/62
f 62/62 1449/1449 231/231
f 257/257 649/649 119/119
f 119/119 62/62 257/257
f 649/649 170/170 934/934
f 934/934 119/119 649/649
f 170/170 1073/1073 425/425
f 425/425 934/934 170/170
f 1073/1073 430/430 1045/1045
f 1045/1045 425/425 1073/1073
f 430/430 393/393 252/252
f 252/252 1045/1045 430/430
f 393/393 740/740 1093/1093
f 1093/1093 252/252 393/393
f 740/740 482/482 722/722
f 722/722 1093/1093 740/740
f 482/482 77/77 980/980
f 980/980 722/722 482/482
f 1449/1449 263/263 504/504
f 504/504 231/231 1449/1449
f 1294/1294 1410/1410 1334/1334
f 1334/1334 247/247 1294/1294
f 1410/1410 731/731 704/704
f 704/704 1334/1334 1410/1410
f 731/731 227/227 959/959
f 959/959 704/704 731/731
f 227/227 721/721 1417/1417
f 1417/1417 959/959 227/227
f 721/721 825/825 521/521
f 521/521 1417/1417 721/721
f 825/825 622/622 497/497
f 497/497 521/521 825/825
f 622/622 97/97 54/54
f 54/54 497/497 622/622
f 97/97 1452/1452 359/359
f 359/359 54/54 97/97
f 1452/1452 77/77 411/411
f 411/411 359/359 1452/1452
f 247/247 918/918 504/504
f 504/504 1294/1294 247/247
f 620/620 608/608 257/257
f 257/257 231/231 620/620
f 608/608 866/866 649/649
f 649/649 257/257 608/608
f 866/866 627/627 170/170
f 170/170 649/649 866/866
f 627/627 672/672 1073/1073
f 1073/1073 170/170 627/627
f 672/672 279/279 430/430
f 430/430 1073/1073 672/672
f 279/279 583/583 393/393
f 393/393 430/430 279/279
f 583/583 1215/1215 740/740
f 740/740 393/393 583/583
f 1215/1215 536/536 482/482
f 482/482 740/740 1215/1215
f 536/536 411/411 77/77
f 77/77 482/482 536/536
f 231/231 504/504 918/918
f 918/918 620/620 231/231
f 247/247 1334/1334 769/769
f 769/769 918/918 247/247
f 704/704 126/126 769/769
f 769/769 1334/1334 704/704
f 959/959 1396/1396 126/126
f 126/126 704/704 959/959
f 959/959 1417/1417 320/320
f 320/320 1396/1396 959/959
f 1417/1417 521/521 498/498
f 498/498 320/320 1417/1417
f 497/497 747/747 498/498
f 498/498 521/521 497/497
f 54/54 1378/1378 747/747
f 747/747 497/497 54/54
f 359/359 411/411 1378/1378
f 1378/1378 54/54 359/359
f 1215/1215 1378/1378 411/411
f 411/411 536/536 1215/1215
f 583/583 747/747 1378/1378
f 1378/1378 1215/1215 583/583
f 279/279 498/498 747/747
f 747/747 583/583 279/279
f 320/320 498/498 279/279
f 279/279 672/672 320/320
f 1396/1396 320/320 672/672
f 672/672 627/627 1396/1396
f 866/866 126/126 1396/1396
f 1396/1396 627/627 866/866
f 608/608 769/769 126/126
f 126/126 866/866 608/608
f 620/620 918/918 769/769
f 769/769 608/608 620/620
f 1138/1138 1258/1258 511/511
f 511/511 530/530 1138/1138
f 707/707 1157/1157 512/512
f 512/512 1257/1257 707/707
f 581/581 1145/1145 1157/1157
f 1157/1157 707/707 581/581
f 600/600 1445/1445 1145/1145
f 1145/1145 581/581 600/600
f 968/968 1454/1454 1445/1445
f 1445/1445 600/600 968/968
f 968/968 921/921 1379/1379
f 1379/1379 1454/1454 968/968
f 921/921 160/160 1059/1059
f 1059/1059 1379/1379 921/921
f 160/160 1071/1071 250/250
f 250/250 1059/1059 160/160
f 1071/1071 431/431 800/800
f 800/800 250/250 1071/1071
f 417/417 1023/1023 800/800
f 800/800 431/431 417/417
f 417/417 893/893 1029/1029
f 1029/1029 1023/1023 417/417
f 892/892 334/334 639/639
f 639/639 1028/1028 892/892
f 242/242 614/614 550/550
f 550/550 249/249 242/242
f 551/551 630/630 155/155
f 155/155 690/690 551/551
f 405/405 1312/1312 154/154
f 154/154 629/629 405/405
f 447/447 409/409 1312/1312
f 1312/1312 405/405 447/447
f 219/219 416/416 409/409
f 409/409 447/447 219/219
f 540/540 86/86 416/416
f 416/416 219/219 540/540
f 540/540 1156/1156 1444/1444
f 1444/1444 86/86 540/540
f 1156/1156 81/81 1101/1101
f 1101/1101 1444/1444 1156/1156
f 81/81 471/471 1285/1285
f 1285/1285 1101/1101 81/81
f 471/471 1064/1064 1044/1044
f 1044/1044 1285/1285 471/471
f 534/534 254/254 1044/1044
f 1044/1044 1064/1064 534/534
f 534/534 1025/1025 631/631
f 631/631 254/254 534/534
f 1024/1024 1216/1216 1049/1049
f 1049/1049 632/632 1024/1024
f 705/705 190/190 364/364
f 364/364 735/735 705/705
f 15/15 488/488 262/262
f 262/262 939/939 15/15
f 1133/1133 1286/1286 261/261
f 261/261 487/487 1133/1133
f 661/661 822/822 1286/1286
f 1286/1286 1133/1133 661/661
f 175/175 1000/1000 822/822
f 822/822 661/661 175/175
f 38/38 346/346 1000/1000
f 1000/1000 175/175 38/38
f 38/38 1429/1429 993/993
f 993/993 346/346 38/38
f 1429/1429 1012/1012 1438/1438
f 1438/1438 993/993 1429/1429
f 1012/1012 826/826 1284/1284
f 1284/1284 1438/1438 1012/1012
f 826/826 874/874 481/481
f 481/481 1284/1284 826/826
f 1014/1014 274/274 481/481
f 481/481 874/874 1014/1014
f 1014/1014 246/246 572/572
f 572/572 274/274 1014/1014
f 245/245 662/662 1194/1194
f 1194/1194 571/571 245/245
f 428/428 157/157 547/547
f 547/547 764/764 428/428
f 269/269 975/975 113/113
f 113/113 297/297 269/269
f 85/85 1013/1013 112/112
f 112/112 976/976 85/85
f 1224/1224 90/90 1013/1013
f 1013/1013 85/85 1224/1224
f 110/110 25/25 90/90
f 90/90 1224/1224 110/110
f 820/820 677/677 25/25
f 25/25 110/110 820/820
f 820/820 1003/1003 1096/1096
f 1096/1096 677/677 820/820
f 1003/1003 648/648 752/752
f 752/752 1096/1096 1003/1003
f 648/648 402/402 365/365
f 365/365 752/752 648/648
f 402/402 32/32 503/503
f 503/503 365/365 402/402
f 913/913 184/184 503/503
f 503/503 32/32 913/913
f 913/913 526/526 41/41
f 41/41 184/184 913/913
f 525/525 590/590 432/432
f 432/432 40/40 525/525
f 308/308 1422/1422 286/286
f 286/286 950/950 308/308
f 841/841 729/729 1191/1191
f 1191/1191 592/592 841/841
f 1345/1345 1428/1428 1190/1190
f 1190/1190 730/730 1345/1345
f 201/201 1221/1221 1428/1428
f 1428/1428 1345/1345 201/201
f 623/623 792/792 1221/1221
f 1221/1221 201/201 623/623
f 665/665 442/442 792/792
f 792/792 623/623 665/665
f 665/665 1068/1068 837/837
f 837/837 442/442 665/665
f 1068/1068 169/169 1424/1424
f 1424/1424 837/837 1068/1068
f 169/169 398/398 101/101
f 101/101 1424/1424 169/169
f 398/398 823/823 922/922
f 922/922 101/101 398/398
f 118/118 1181/1181 922/922
f 922/922 823/823 118/118
f 118/118 1437/1437 695/695
f 695/695 1181/1181 118/118
f 1436/1436 698/698 350/350
f 350/350 694/694 1436/1436
f 1090/1090 984/984 91/91
f 91/91 773/773 1090/1090
f 680/680 988/988 1232/1232
f 1232/1232 660/660 680/680
f 1247/1247 209/209 1233/1233
f 1233/1233 987/987 1247/1247
f 367/367 1031/1031 209/209
f 209/209 1247/1247 367/367
f 479/479 873/873 1031/1031
f 1031/1031 367/367 479/479
f 1162/1162 1027/1027 873/873
f 873/873 479/479 1162/1162
f 1162/1162 436/436 131/131
f 131/131 1027/1027 1162/1162
f 436/436 210/210 1237/1237
f 1237/1237 131/131 436/436
f 210/210 319/319 589/589
f 589/589 1237/1237 210/210
f 319/319 597/597 145/145
f 145/145 589/589 319/319
f 1218/1218 244/244 145/145
f 145/145 597/597 1218/1218
f 1218/1218 869/869 917/917
f 917/917 244/244 1218/1218
f 870/870 797/797 441/441
f 441/441 916/916 870/870
f 948/948 374/374 804/804
f 804/804 203/203 948/948
f 1304/1304 637/637 1223/1223
f 1223/1223 1242/1242 1304/1304
f 394/394 1248/1248 1222/1222
f 1222/1222 638/638 394/394
f 533/533 864/864 1248/1248
f 1248/1248 394/394 533/533
f 474/474 770/770 864/864
f 864/864 533/533 474/474
f 392/392 563/563 770/770
f 770/770 474/474 392/392
f 392/392 1400/1400 673/673
f 673/673 563/563 392/392
f 1400/1400 628/628 285/285
f 285/285 673/673 1400/1400
f 628/628 1418/1418 618/618
f 618/618 285/285 628/628
f 1418/1418 776/776 875/875
f 875/875 618/618 1418/1418
f 586/586 636/636 875/875
f 875/875 776/776 586/586
f 586/586 391/391 1210/1210
f 1210/1210 636/636 586/586
f 390/390 1409/1409 931/931
f 931/931 1209/1209 390/390
f 2/2 796/796 189/189
f 189/189 1120/1120 2/2
f 360/360 896/896 588/588
f 588/588 1309/1309 360/360
f 273/273 1259/1259 587/587
f 587/587 897/897 273/273
f 1089/1089 753/753 1259/1259
f 1259/1259 273/273 1089/1089
f 88/88 878/878 753/753
f 753/753 1089/1089 88/88
f 895/895 124/124 878/878
f 878/878 88/88 895/895
f 895/895 956/956 644/644
f 644/644 124/124 895/895
f 956/956 674/674 1380/1380
f 1380/1380 644/644 956/956
f 674/674 317/317 304/304
f 304/304 1380/1380 674/674
f 317/317 138/138 57/57
f 57/57 304/304 317/317
f 962/962 255/255 57/57
f 57/57 138/138 962/962
f 962/962 845/845 396/396
f 396/396 255/255 962/962
f 844/844 1067/1067 1360/1360
f 1360/1360 395/395 844/844
f 1131/1131 211/211 821/821
f 821/821 450/450 1131/1131
f 546/546 316/316 1307/1307
f 1307/1307 1102/1102 546/546
f 26/26 291/291 1306/1306
f 1306/1306 315/315 26/26
f 1046/1046 7/7 291/291
f 291/291 26/26 1046/1046
f 1207/1207 850/850 7/7
f 7/7 1046/1046 1207/1207
f 1415/1415 161/161 850/850
f 850/850 1207/1207 1415/1415
f 1415/1415 1160/1160 95/95
f 95/95 161/161 1415/1415
f 1160/1160 272/272 251/251
f 251/251 95/95 1160/1160
f 272/272 220/220 342/342
f 342/342 251/251 272/272
f 220/220 894/894 1366/1366
f 1366/1366 342/342 220/220
f 1225/1225 1399/1399 1366/1366
f 1366/1366 894/894 1225/1225
f 1225/1225 1104/1104 780/780
f 780/780 1399/1399 1225/1225
f 1103/1103 311/311 598/598
f 598/598 781/781 1103/1103
f 876/876 501/501 642/642
f 642/642 901/901 876/876
f 448/448 1391/1391 294/294
f 294/294 238/238 448/448
f 1098/1098 466/466 295/295
f 295/295 1390/1390 1098/1098
f 333/333 109/109 466/466
f 466/466 1098/1098 333/333
f 1326/1326 1063/1063 109/109
f 109/109 333/333 1326/1326
f 1034/1034 545/545 1063/1063
f 1063/1063 1326/1326 1034/1034
f 1034/1034 1315/1315 318/318
f 318/318 545/545 1034/1034
f 1315/1315 635/635 23/23
f 23/23 318/318 1315/1315
f 635/635 1282/1282 914/914
f 914/914 23/23 635/635
f 1282/1282 205/205 915/915
f 915/915 914/914 1282/1282
f 1357/1357 664/664 915/915
f 915/915 205/205 1357/1357
f 1357/1357 1201/1201 195/195
f 195/195 664/664 1357/1357
f 1200/1200 72/72 759/759
f 759/759 194/194 1200/1200
f 340/340 963/963 135/135
f 135/135 633/633 340/340
f 166/166 963/963 340/340
f 340/340 1395/1395 166/166
f 657/657 196/196 72/72
f 72/72 1200/1200 657/657
f 658/658 1201/1201 1357/1357
f 1357/1357 929/929 658/658
f 205/205 737/737 929/929
f 929/929 1357/1357 205/205
f 737/737 205/205 1282/1282
f 1282/1282 709/709 737/737
f 709/709 1282/1282 635/635
f 635/635 356/356 709/709
f 356/356 635/635 1315/1315
f 1315/1315 20/20 356/356
f 20/20 1315/1315 1034/1034
f 1034/1034 1155/1155 20/20
f 1326/1326 389/389 1155/1155
f 1155/1155 1034/1034 1326/1326
f 333/333 1324/1324 389/389
f 389/389 1326/1326 333/333
f 1098/1098 667/667 1324/1324
f 1324/1324 333/333 1098/1098
f 1390/1390 566/566 667/667
f 667/667 1098/1098 1390/1390
f 565/565 1391/1391 448/448
f 448/448 756/756 565/565
f 689/689 783/783 328/328
f 328/328 1076/1076 689/689
f 1017/1017 499/499 443/443
f 443/443 452/452 1017/1017
f 500/500 465/465 1006/1006
f 1006/1006 444/444 500/500
f 1092/1092 185/185 1006/1006
f 1006/1006 465/465 1092/1092
f 1092/1092 711/711 1266/1266
f 1266/1266 185/185 1092/1092
f 1266/1266 711/711 1276/1276
f 1276/1276 1008/1008 1266/1266
f 1008/1008 1276/1276 1050/1050
f 1050/1050 602/602 1008/1008
f 602/602 1050/1050 1173/1173
f 1173/1173 281/281 602/602
f 1151/1151 513/513 281/281
f 281/281 1173/1173 1151/1151
f 1432/1432 626/626 513/513
f 513/513 1151/1151 1432/1432
f 414/414 1112/1112 626/626
f 626/626 1432/1432 414/414
f 475/475 183/183 1112/1112
f 1112/1112 414/414 475/475
f 476/476 1352/1352 1035/1035
f 1035/1035 182/182 476/476
f 1427/1427 141/141 502/502
f 502/502 779/779 1427/1427
f 264/264 266/266 385/385
f 385/385 507/507 264/264
f 265/265 576/576 5/5
f 5/5 386/386 265/265
f 338/338 1361/1361 5/5
f 5/5 576/576 338/338
f 338/338 1/1 284/284
f 284/284 1361/1361 338/338
f 284/284 1/1 793/793
f 793/793 6/6 284/284
f 6/6 793/793 969/969
f 969/969 140/140 6/6
f 140/140 969/969 1040/1040
f 1040/1040 676/676 140/140
f 1021/1021 453/453 676/676
f 676/676 1040/1040 1021/1021
f 670/670 144/144 453/453
f 453/453 1021/1021 670/670
f 1097/1097 1320/1320 144/144
f 144/144 670/670 1097/1097
f 1384/1384 33/33 1320/1320
f 1320/1320 1097/1097 1384/1384
f 1385/1385 1374/1374 1287/1287
f 1287/1287 34/34 1385/1385
f 1199/1199 923/923 535/535
f 535/535 223/223 1199/1199
f 253/253 348/348 83/83
f 83/83 233/233 253/253
f 349/349 688/688 1065/1065
f 1065/1065 82/82 349/349
f 355/355 836/836 1065/1065
f 1065/1065 688/688 355/355
f 355/355 909/909 1146/1146
f 1146/1146 836/836 355/355
f 1146/1146 909/909 691/691
f 691/691 930/930 1146/1146
f 930/930 691/691 552/552
f 552/552 1238/1238 930/930
f 1238/1238 552/552 449/449
f 449/449 440/440 1238/1238
f 655/655 339/339 440/440
f 440/440 449/449 655/655
f 232/232 1078/1078 339/339
f 339/339 655/655 232/232
f 470/470 1227/1227 1078/1078
f 1078/1078 232/232 470/470
f 791/791 604/604 1227/1227
f 1227/1227 470/470 791/791
f 790/790 1004/1004 1328/1328
f 1328/1328 605/605 790/790
f 55/55 1392/1392 519/519
f 519/519 1301/1301 55/55
f 945/945 1317/1317 1239/1239
f 1239/1239 63/63 945/945
f 1318/1318 1408/1408 1020/1020
f 1020/1020 1240/1240 1318/1318
f 378/378 1208/1208 1020/1020
f 1020/1020 1408/1408 378/378
f 378/378 718/718 585/585
f 585/585 1208/1208 378/378
f 585/585 718/718 1365/1365
f 1365/1365 1249/1249 585/585
f 1249/1249 1365/1365 653/653
f 653/653 1171/1171 1249/1249
f 1171/1171 653/653 902/902
f 902/902 1172/1172 1171/1171
f 130/130 454/454 1172/1172
f 1172/1172 902/902 130/130
f 872/872 578/578 454/454
f 454/454 130/130 872/872
f 654/654 439/439 578/578
f 578/578 872/872 654/654
f 625/625 142/142 439/439
f 439/439 654/654 625/625
f 624/624 723/723 1186/1186
f 1186/1186 143/143 624/624
f 149/149 775/775 1184/1184
f 1184/1184 1439/1439 149/149
f 302/302 1465/1465 1122/1122
f 1122/1122 412/412 302/302
f 1467/1467 1268/1268 1263/1263
f 1263/1263 1123/1123 1467/1467
f 920/920 601/601 1263/1263
f 1263/1263 1268/1268 920/920
f 920/920 1244/1244 758/758
f 758/758 601/601 920/920
f 758/758 1244/1244 652/652
f 652/652 457/457 758/758
f 457/457 652/652 1130/1130
f 1130/1130 659/659 457/457
f 659/659 1130/1130 1229/1229
f 1229/1229 1154/1154 659/659
f 1170/1170 1468/1468 1154/1154
f 1154/1154 1229/1229 1170/1170
f 789/789 867/867 1468/1468
f 1468/1468 1170/1170 789/789
f 1322/1322 102/102 867/867
f 867/867 789/789 1322/1322
f 1351/1351 289/289 102/102
f 102/102 1322/1322 1351/1351
f 1350/1350 1363/1363 44/44
f 44/44 290/290 1350/1350
f 997/997 979/979 1448/1448
f 1448/1448 39/39 997/997
f 46/46 807/807 1079/1079
f 1079/1079 568/568 46/46
f 808/808 1185/1185 577/577
f 577/577 1080/1080 808/808
f 782/782 1113/1113 577/577
f 577/577 1185/1185 782/782
f 782/782 241/241 1147/1147
f 1147/1147 1113/1113 782/782
f 1147/1147 241/241 1196/1196
f 1196/1196 564/564 1147/1147
f 564/564 1196/1196 683/683
f 683/683 199/199 564/564
f 199/199 683/683 1329/1329
f 1329/1329 738/738 199/199
f 382/382 80/80 738/738
f 738/738 1329/1329 382/382
f 1204/1204 451/451 80/80
f 80/80 382/382 1204/1204
f 206/206 1414/1414 451/451
f 451/451 1204/1204 206/206
f 1376/1376 258/258 1414/1414
f 1414/1414 206/206 1376/1376
f 1375/1375 51/51 995/995
f 995/995 259/259 1375/1375
f 863/863 1100/1100 71/71
f 71/71 1416/1416 863/863
f 1252/1252 714/714 1070/1070
f 1070/1070 186/186 1252/1252
f 715/715 619/619 106/106
f 106/106 1069/1069 715/715
f 940/940 107/107 106/106
f 106/106 619/619 940/940
f 940/940 1005/1005 1404/1404
f 1404/1404 107/107 940/940
f 1404/1404 1005/1005 527/527
f 527/527 408/408 1404/1404
f 408/408 527/527 1030/1030
f 1030/1030 287/287 408/408
f 287/287 1030/1030 1007/1007
f 1007/1007 1275/1275 287/287
f 462/462 52/52 1275/1275
f 1275/1275 1007/1007 462/462
f 278/278 852/852 52/52
f 52/52 462/462 278/278
f 794/794 1095/1095 852/852
f 852/852 278/278 794/794
f 1128/1128 12/12 1095/1095
f 1095/1095 794/794 1128/1128
f 1127/1127 18/18 1176/1176
f 1176/1176 13/13 1127/1127
f 1180/1180 1163/1163 150/150
f 150/150 1333/1333 1180/1180
f 467/467 270/270 561/561
f 561/561 580/580 467/467
f 271/271 591/591 424/424
f 424/424 562/562 271/271
f 518/518 544/544 424/424
f 424/424 591/591 518/518
f 518/518 176/176 478/478
f 478/478 544/544 518/518
f 478/478 176/176 760/760
f 760/760 964/964 478/478
f 964/964 760/760 1087/1087
f 1087/1087 757/757 964/964
f 757/757 1087/1087 1043/1043
f 1043/1043 1121/1121 757/757
f 1109/1109 925/925 1121/1121
f 1121/1121 1043/1043 1109/1109
f 1462/1462 1370/1370 925/925
f 925/925 1109/1109 1462/1462
f 1203/1203 16/16 1370/1370
f 1370/1370 1462/1462 1203/1203
f 1469/1469 237/237 16/16
f 16/16 1203/1203 1469/1469
f 1470/1470 375/375 1373/1373
f 1373/1373 236/236 1470/1470
f 69/69 973/973 949/949
f 949/949 472/472 69/69
f 240/240 1433/1433 1188/1188
f 1188/1188 1269/1269 240/240
f 1434/1434 1447/1447 1403/1403
f 1403/1403 1189/1189 1434/1434
f 200/200 744/744 1403/1403
f 1403/1403 1447/1447 200/200
f 200/200 646/646 224/224
f 224/224 744/744 200/200
f 224/224 646/646 944/944
f 944/944 569/569 224/224
f 569/569 944/944 613/613
f 613/613 1453/1453 569/569
f 1453/1453 613/613 178/178
f 178/178 1356/1356 1453/1453
f 539/539 1297/1297 1356/1356
f 1356/1356 178/178 539/539
f 354/354 1256/1256 1297/1297
f 1297/1297 539/539 354/354
f 1099/1099 410/410 1256/1256
f 1256/1256 354/354 1099/1099
f 1152/1152 911/911 410/410
f 410/410 1099/1099 1152/1152
f 1153/1153 734/734 831/831
f 831/831 910/910 1153/1153
f 72/72 340/340 633/633
f 633/633 759/759 72/72
f 876/876 311/311 759/759
f 759/759 633/633 876/876
f 311/311 876/876 901/901
f 901/901 598/598 311/311
f 1131/1131 1067/1067 598/598
f 598/598 901/901 1131/1131
f 1067/1067 1131/1131 450/450
f 450/450 1360/1360 1067/1067
f 2/2 1409/1409 1360/1360
f 1360/1360 450/450 2/2
f 1409/1409 2/2 1120/1120
f 1120/1120 931/931 1409/1409
f 948/948 797/797 931/931
f 931/931 1120/1120 948/948
f 797/797 948/948 203/203
f 203/203 441/441 797/797
f 242/242 334/334 441/441
f 441/441 203/203 242/242
f 334/334 242/242 249/249
f 249/249 639/639 334/334
f 705/705 1216/1216 639/639
f 639/639 249/249 705/705
f 1216/1216 705/705 735/735
f 735/735 1049/1049 1216/1216
f 428/428 662/662 1049/1049
f 1049/1049 735/735 428/428
f 662/662 428/428 764/764
f 764/764 1194/1194 662/662
f 308/308 590/590 1194/1194
f 1194/1194 764/764 308/308
f 590/590 308/308 950/950
f 950/950 432/432 590/590
f 1090/1090 698/698 432/432
f 432/432 950/950 1090/1090
f 698/698 1090/1090 773/773
f 773/773 350/350 698/698
f 708/708 228/228 350/350
f 350/350 773/773 708/708
f 708/708 949/949 1269/1269
f 1269/1269 228/228 708/708
f 973/973 240/240 1269/1269
f 1269/1269 949/949 973/973
f 973/973 150/150 580/580
f 580/580 240/240 973/973
f 1163/1163 467/467 580/580
f 580/580 150/150 1163/1163
f 1163/1163 71/71 186/186
f 186/186 467/467 1163/1163
f 1100/1100 1252/1252 186/186
f 186/186 71/71 1100/1100
f 1100/1100 1448/1448 568/568
f 568/568 1252/1252 1100/1100
f 979/979 46/46 568/568
f 568/568 1448/1448 979/979
f 979/979 1184/1184 412/412
f 412/412 46/46 979/979
f 775/775 302/302 412/412
f 412/412 1184/1184 775/775
f 774/774 535/535 233/233
f 233/233 301/301 774/774
f 923/923 253/253 233/233
f 233/233 535/535 923/923
f 923/923 519/519 63/63
f 63/63 253/253 923/923
f 1392/1392 945/945 63/63
f 63/63 519/519 1392/1392
f 1392/1392 502/502 507/507
f 507/507 945/945 1392/1392
f 141/141 264/264 507/507
f 507/507 502/502 141/141
f 141/141 328/328 452/452
f 452/452 264/264 141/141
f 783/783 1017/1017 452/452
f 452/452 328/328 783/783
f 783/783 1395/1395 196/196
f 196/196 1017/1017 783/783
f 1395/1395 340/340 72/72
f 72/72 196/196 1395/1395
f 92/92 594/594 992/992
f 992/992 74/74 92/92
f 73/73 991/991 679/679
f 679/679 579/579 73/73
f 1336/1336 570/570 854/854
f 854/854 336/336 1336/1336
f 337/337 853/853 1032/1032
f 1032/1032 1277/1277 337/337
f 741/741 19/19 840/840
f 840/840 305/305 741/741
f 306/306 839/839 280/280
f 280/280 100/100 306/306
f 14/14 532/532 191/191
f 191/191 1115/1115 14/14
f 1114/1114 192/192 941/941
f 941/941 891/891 1114/1114
f 171/171 1066/1066 847/847
f 847/847 1295/1295 171/171
f 1296/1296 846/846 643/643
f 643/643 599/599 1296/1296
f 983/983 303/303 611/611
f 611/611 541/541 983/983
f 542/542 610/610 108/108
f 108/108 399/399 542/542
f 981/981 421/421 1009/1009
f 1009/1009 1126/1126 981/981
f 1125/1125 1010/1010 947/947
f 947/947 380/380 1125/1125
f 29/29 679/679 421/421
f 421/421 1423/1423 29/29
f 314/314 579/579 679/679
f 679/679 29/29 314/314
f 1423/1423 421/421 981/981
f 981/981 361/361 1423/1423
f 129/129 1032/1032 579/579
f 579/579 314/314 129/129
f 593/593 1277/1277 1032/1032
f 1032/1032 129/129 593/593
f 593/593 1174/1174 473/473
f 473/473 1277/1277 593/593
f 1174/1174 851/851 280/280
f 280/280 473/473 1174/1174
f 156/156 100/100 280/280
f 280/280 851/851 156/156
f 156/156 778/778 865/865
f 865/865 100/100 156/156
f 778/778 361/361 981/981
f 981/981 865/865 778/778
f 947/947 594/594 941/941
f 941/941 303/303 947/947
f 293/293 125/125 108/108
f 108/108 532/532 293/293
f 906/906 293/293 532/532
f 532/532 14/14 906/906
f 92/92 891/891 941/941
f 941/941 594/594 92/92
f 380/380 947/947 303/303
f 303/303 983/983 380/380
f 125/125 1255/1255 399/399
f 399/399 108/108 125/125
f 748/748 906/906 14/14
f 14/14 942/942 748/748
f 570/570 1022/1022 891/891
f 891/891 92/92 570/570
f 748/748 942/942 117/117
f 117/117 1235/1235 748/748
f 1336/1336 1016/1016 1022/1022
f 1022/1022 570/570 1336/1336
f 1235/1235 117/117 188/188
f 188/188 458/458 1235/1235
f 1335/1335 857/857 596/596
f 596/596 1015/1015 1335/1335
f 458/458 188/188 1066/1066
f 1066/1066 66/66 458/458
f 857/857 19/19 643/643
f 643/643 596/596 857/857
f 66/66 1066/1066 171/171
f 171/171 1288/1288 66/66
f 741/741 599/599 643/643
f 643/643 19/19 741/741
f 1288/1288 171/171 1381/1381
f 1381/1381 946/946 1288/1288
f 741/741 24/24 1148/1148
f 1148/1148 599/599 741/741
f 946/946 1381/1381 399/399
f 399/399 1255/1255 946/946
f 24/24 380/380 983/983
f 983/983 1148/1148 24/24
f 570/570 92/92 74/74
f 74/74 854/854 570/570
f 853/853 73/73 579/579
f 579/579 1032/1032 853/853
f 473/473 280/280 839/839
f 839/839 309/309 473/473
f 310/310 840/840 19/19
f 19/19 857/857 310/310
f 942/942 14/14 1115/1115
f 1115/1115 771/771 942/942
f 772/772 1114/1114 891/891
f 891/891 1022/1022 772/772
f 117/117 942/942 771/771
f 771/771 834/834 117/117
f 833/833 772/772 1022/1022
f 1022/1022 1016/1016 833/833
f 596/596 643/643 846/846
f 846/846 952/952 596/596
f 951/951 847/847 1066/1066
f 1066/1066 188/188 951/951
f 303/303 941/941 192/192
f 192/192 611/611 303/303
f 610/610 191/191 532/532
f 532/532 108/108 610/610
f 1148/1148 983/983 541/541
f 541/541 1330/1330 1148/1148
f 1331/1331 542/542 399/399
f 399/399 1381/1381 1331/1331
f 421/421 679/679 991/991
f 991/991 1009/1009 421/421
f 1010/1010 992/992 594/594
f 594/594 947/947 1010/1010
f 865/865 981/981 1126/1126
f 1126/1126 158/158 865/865
f 159/159 1125/1125 380/380
f 380/380 24/24 159/159
f 857/857 1335/1335 335/335
f 335/335 310/310 857/857
f 309/309 337/337 1277/1277
f 1277/1277 473/473 309/309
f 188/188 117/117 834/834
f 834/834 951/951 188/188
f 952/952 832/832 1015/1015
f 1015/1015 596/596 952/952
f 24/24 741/741 305/305
f 305/305 159/159 24/24
f 158/158 306/306 100/100
f 100/100 865/865 158/158
f 1381/1381 171/171 1295/1295
f 1295/1295 1331/1331 1381/1381
f 1330/1330 1296/1296 599/599
f 599/599 1148/1148 1330/1330