# https://github.com/mikedh/trimesh
mtllib material0.mtl
usemtl material0
v 0.00000000 0.08239118 0.01311049
v 0.00000000 0.08239118 0.00780428
v 0.00000000 0.08239118 0.00780428
v 0.00000000 0.00302113 0.01327355
v 0.00000000 0.08255042 0.00780411
v 0.00000000 0.08255042 0.00780411
v 0.00000000 0.08255042 0.00780411
v 0.00000000 0.08255042 0.01311065
v 0.00000000 0.08255042 0.01311065
v 0.00000000 0.00302102 0.00764127
v 0.00000000 0.00302102 0.00764127
v -0.00234955 -0.02387974 0.00065496
v 0.00199125 0.07982973 0.01244873
v 0.00199125 0.07982973 0.01244873
v 0.00693277 -0.02391623 0.01660172
v -0.00257520 -0.08964702 0.01339115
v -0.00276198 0.00302121 0.01100675
v 0.00051763 0.08252859 0.00785519
v 0.00051763 0.08252859 0.01305958
v 0.00848033 -0.01306319 0.00444018
v 0.00848033 -0.02358150 0.00444018
v 0.00278180 -0.00008917 0.00124646
v 0.00179151 0.00339653 0.00384757
v -0.00848033 -0.01306319 0.00444018
v -0.00848033 -0.02358150 0.00444018
v -0.00619939 -0.02387018 0.00250896
v -0.00199125 0.07982970 0.00846597
v -0.00199125 0.07982970 0.00846597
v -0.00245121 0.07982992 0.00944200
v 0.00145276 0.08679720 0.00949353
v -0.00177882 -0.01609792 0.01940054
v -0.00177882 -0.01609792 0.01940054
v -0.00614249 -0.00009279 0.00251114
v -0.00279351 0.00169101 0.00126298
v -0.00279351 0.00169101 0.00126298
v 0.00513793 -0.02150138 0.00249255
v 0.00513793 -0.02150138 0.00249255
v 0.01007945 -0.02391420 0.01034811
v -0.00353451 0.00299262 0.00320040
v -0.00064598 0.00339653 0.00363687
v -0.00544647 0.00169117 0.00254048
v -0.00544647 0.00169117 0.00254048
v -0.00399344 -0.02381443 0.00216570
v -0.00399344 -0.02074852 0.00216570
v -0.00399344 -0.02074852 0.00216570
v 0.00399289 -0.02074852 0.00216544
v 0.00399289 -0.02074852 0.00216544
v 0.00399289 -0.02074852 0.00216544
v 0.00399289 -0.02394378 0.00216544
v 0.00248650 -0.01275856 0.02059549
v 0.00248650 -0.01275856 0.02059549
v 0.00248650 -0.01275856 0.02059549
v -0.00478856 0.00365699 0.00732647
v -0.00018171 0.08679720 0.00995974
v -0.00018171 0.08679720 0.01095503
v -0.00048513 -0.08743079 0.00182321
v 0.00348947 -0.02054683 0.01888148
v 0.00348947 -0.02054683 0.01888148
v -0.00958551 0.00169117 0.00977958
v -0.00958551 0.00169117 0.00977958
v -0.00958551 -0.08660985 0.00977958
v -0.00958551 -0.08660985 0.00977958
v -0.00099846 0.00379325 0.00691716
v 0.00789353 -0.08743077 0.00692511
v 0.00851027 -0.02389511 0.01515450
v 0.00712890 -0.01609775 0.01614249
v 0.00712890 -0.01609775 0.01614249
v 0.00712890 -0.02054694 0.01614249
v 0.00712890 -0.02054694 0.01614249
v -0.00113720 -0.08991690 0.00887453
v 0.00797358 -0.00013466 0.01548074
v 0.00054224 0.08679720 0.01137786
v 0.00511707 -0.01275695 0.00248951
v -0.00400820 -0.02388662 0.02013396
v -0.00400820 -0.02388662 0.02013396
v 0.00147230 0.00169117 0.01995337
v 0.00147230 0.00169117 0.01995337
v 0.00390800 -0.08964702 0.01029718
v -0.00602917 0.00339653 0.01372582
v -0.00936214 -0.00007866 0.00938858
v 0.00360458 -0.00009809 0.00191556
v 0.00127943 -0.08837024 0.01762440
v -0.00836119 -0.00009766 0.01521874
v 0.00245115 0.07982978 0.01147279
v 0.00506649 -0.08556194 0.01962433
v 0.00506649 -0.08556194 0.01962433
v 0.00506649 0.00064325 0.01962433
v 0.00506649 0.00064325 0.01962433
v 0.00506649 -0.00012256 0.01962433
v 0.00441087 -0.02054684 0.01843796
v 0.00441087 -0.02054684 0.01843796
v 0.00441087 -0.01609783 0.01843796
v 0.00441087 -0.01609783 0.01843796
v 0.00753343 -0.01567100 0.01584775
v 0.00753343 -0.01567100 0.01584775
v 0.00753343 -0.02097368 0.01584775
v 0.00753343 -0.02097368 0.01584775
v -0.00198216 -0.08791129 0.00314747
v -0.00276204 0.07982983 0.01100630
v -0.00276204 0.07982983 0.01100630
v 0.00058695 -0.08556206 0.00000001
v 0.00058695 -0.08556206 0.00000001
v -0.00281616 0.07982975 0.01045730
v -0.00281616 0.07982975 0.01045730
v 0.00260182 0.07982975 0.00937971
v 0.00260182 0.07982975 0.00937971
v 0.00912978 -0.00012025 0.00884408
v 0.00567941 -0.08837024 0.01501659
v 0.00241657 -0.01306335 0.02053810
v 0.00241657 -0.01306335 0.02053810
v -0.01004243 -0.00010632 0.01030550
v -0.00386744 -0.08964702 0.01096930
v 0.00647606 -0.01276126 0.01769333
v 0.00208114 -0.08622898 0.02027896
v 0.00208114 -0.08622898 0.02027896
v -0.00405421 0.00339653 0.00492976
v -0.00051769 -0.08904096 0.00440968
v 0.00279393 0.00169117 0.00126307
v 0.00279393 0.00169117 0.00126307
v -0.00199130 0.00302108 0.01244868
v -0.00131968 -0.08837024 0.01761521
v -0.00000006 -0.02054694 0.01957559
v -0.00000006 -0.02054694 0.01957559
v 0.00447311 0.00365699 0.01400559
v 0.00235150 -0.01275261 0.00065763
v 0.00897247 -0.00011999 0.00840934
v 0.00897247 0.00209739 0.00840936
v 0.00897247 0.00209739 0.00840936
v 0.00897247 -0.08701607 0.00840936
v 0.00897247 -0.08701607 0.00840936
v 0.00161965 -0.01276677 0.02003213
v -0.00663883 -0.01275856 0.00240197
v -0.00663883 -0.01275856 0.00240197
v -0.00663883 -0.01275856 0.00240197
v 0.00913027 0.00200207 0.00884065
v 0.00913027 0.00200207 0.00884065
v 0.00913027 -0.08692075 0.00884065
v 0.00913027 -0.08692075 0.00884065
v 0.00128498 -0.08991690 0.01193398
v -0.00520029 -0.08743077 0.00354783
v -0.00475508 -0.08904096 0.01422738
v 0.00149005 -0.00005121 0.01996286
v -0.00144498 0.08617788 0.01270245
v -0.00144498 0.08617788 0.01270245
v -0.00144498 0.08617788 0.01270245
v -0.00144498 0.08617788 0.00821231
v -0.00144498 0.08617788 0.00821231
v -0.00144498 0.08617788 0.00821231
v -0.00644825 -0.08743093 0.00469516
v 0.00500419 -0.00009061 0.00247195
v -0.00846950 0.00245859 0.01289738
v 0.00836156 -0.00013289 0.01521859
v -0.00344107 -0.08964702 0.01229747
v -0.00807003 0.00299262 0.01012453
v -0.00216033 -0.08743090 0.00208374
v -0.00544680 -0.08660967 0.00254075
v -0.00544680 -0.08660967 0.00254075
v -0.00834219 0.00169101 0.01522692
v -0.00834219 0.00169101 0.01522692
v -0.00834219 -0.08660967 0.01522692
v -0.00834219 -0.08660967 0.01522692
v -0.00215881 -0.02388612 0.00024447
v -0.00215881 -0.02388612 0.00024447
v -0.00215881 -0.02388612 0.00024447
v -0.00535151 -0.08904096 0.01331683
v -0.00662386 -0.02390072 0.01723362
v 0.00068322 -0.08837024 0.00321213
v 0.00030890 0.00379325 0.00679484
v 0.00376766 0.00365699 0.01474866
v 0.00281626 0.00302124 0.01045748
v -0.00620000 -0.01377897 0.00250872
v -0.00620000 -0.01377897 0.00250872
v 0.00357403 0.00379325 0.00962721
v 0.00163843 -0.02203537 0.02004217
v 0.00163843 -0.02203537 0.02004217
v 0.00163843 -0.01460932 0.02004217
v 0.00163843 -0.01460932 0.02004217
v 0.00735297 -0.08791131 0.00877903
v -0.00107780 0.00302111 0.00785551
v -0.00000774 0.00389867 0.01045805
v 0.00101532 0.08459088 0.00800614
v 0.00101532 0.08459088 0.00800614
v 0.00101532 0.08459088 0.01290863
v 0.00101532 0.08459088 0.01290863
v 0.00647219 -0.02203537 0.01771433
v 0.00647219 -0.02203537 0.01771433
v 0.00647219 -0.01460932 0.01771433
v 0.00647219 -0.01460932 0.01771433
v 0.00048473 -0.08743093 0.00182326
v -0.00718827 0.00245859 0.00535693
v -0.00280860 -0.08964702 0.00774930
v -0.00375238 -0.08743092 0.00266599
v 0.00071344 -0.08791129 0.00291446
v 0.00054953 0.07982976 0.00769530
v 0.00054953 0.07982976 0.00769530
v -0.00368148 0.00379325 0.01030607
v 0.00912896 -0.01377854 0.00618128
v 0.00912896 -0.01377854 0.00618128
v 0.00912896 -0.02286615 0.00618128
v 0.00912896 -0.02286615 0.00618128
v 0.00475082 0.00365699 0.00729276
v -0.00156445 0.00302111 0.00811577
v -0.00752474 0.00200207 0.01587532
v -0.00752474 0.00200207 0.01587532
v -0.00752474 -0.08692075 0.01587532
v -0.00752474 -0.08692075 0.01587532
v 0.00310083 -0.08904096 0.01568171
v -0.00719541 0.00209739 0.01619547
v -0.00719541 0.00209739 0.01619547
v -0.00719541 -0.08701607 0.01619547
v -0.00719541 -0.08701607 0.01619547
v -0.00585978 0.00299262 0.00490239
v 0.00912869 -0.02390183 0.00618228
v -0.00185442 -0.08991690 0.01105561
v 0.00268230 -0.02203537 0.00111084
v 0.00268230 -0.02203537 0.00111084
v 0.00580486 0.00299262 0.00486116
v 0.00213646 -0.02387700 0.02030855
v -0.00566843 0.00365699 0.01124523
v 0.00199134 0.07982978 0.00846604
v 0.00199134 0.07982978 0.00846604
v 0.00442856 -0.08692075 0.00231099
v 0.00442856 -0.08692075 0.00231099
v 0.00691914 -0.08837024 0.01273217
v -0.00064485 -0.08791129 0.00290966
v -0.00588292 -0.02054677 0.01742416
v -0.00588292 -0.02054677 0.01742416
v -0.00588292 -0.01609775 0.01742416
v -0.00588292 -0.01609775 0.01742416
v -0.00263533 0.08258569 0.01027576
v -0.00263533 0.08258569 0.01027576
v -0.00263533 0.08258569 0.01063901
v -0.00263533 0.08258569 0.01063901
v 0.00349316 0.00379325 0.01158190
v -0.00797327 -0.00009339 0.01548094
v 0.00268279 -0.01460932 0.00111099
v 0.00268279 -0.01460932 0.00111099
v -0.00502986 -0.02358130 0.01955805
v -0.00502986 -0.01306340 0.01955805
v -0.00187604 0.08378274 0.01233348
v 0.01036570 -0.01306335 0.01057004
v 0.01036570 -0.01306335 0.01057004
v 0.01036570 -0.02358132 0.01057004
v 0.01036570 -0.02358132 0.01057004
v 0.00265306 0.08239108 0.01045743
v -0.00752577 -0.00009147 0.01587206
v -0.00313848 -0.08677692 0.00157986
v -0.00313848 -0.08677692 0.00157986
v -0.00506645 -0.02388662 0.01962433
v -0.00506645 -0.02388662 0.01962433
v -0.00506645 -0.01275807 0.01962433
v -0.00506645 -0.01275807 0.01962433
v 0.00101526 0.07982983 0.00800627
v 0.00613670 0.00131030 0.00251161
v 0.00613670 0.00131030 0.00251161
v 0.00360800 0.00200207 0.00191583
v 0.00360800 0.00200207 0.00191583
v 0.00854190 -0.08556206 0.00439628
v 0.00854190 -0.08556206 0.00439628
v 0.00854190 0.00064337 0.00439628
v 0.00854190 0.00064337 0.00439628
v 0.00102441 0.00185825 0.01981747
v 0.00102441 0.00185825 0.01981747
v -0.00281628 0.00302123 0.01045737
v 0.00058759 0.00064325 0.00000000
v 0.00058759 0.00064325 0.00000000
v 0.00058759 -0.00012256 0.00000000
v -0.00881060 0.00245855 0.01020999
v 0.00219690 -0.01306335 0.00032653
v 0.00219690 -0.01306335 0.00032653
v 0.00058225 0.00339653 0.00363253
v 0.00443133 -0.00009229 0.00231373
v 0.00557942 -0.08743090 0.01706457
v 0.00970905 -0.02203537 0.00992178
v 0.00970905 -0.02203537 0.00992178
v 0.00970905 -0.01460932 0.00992178
v 0.00970905 -0.01460932 0.00992178
v -0.00047817 -0.01277167 0.01970980
v 0.00852561 -0.08743079 0.01190584
v -0.00719547 -0.01589617 0.01619540
v -0.00719547 -0.01589617 0.01619540
v -0.00719547 -0.02074852 0.01619540
v -0.00719547 -0.02074852 0.01619540
v -0.00213654 -0.02387657 0.02030843
v -0.00058288 -0.01306319 0.00007553
v -0.00358042 -0.02381102 0.00191359
v -0.00128500 -0.08991690 0.01192490
v -0.00033970 0.08999998 0.01079704
v -0.00171954 0.00245842 0.01910209
v 0.00227743 -0.02054676 0.00162802
v 0.00227743 -0.02054676 0.00162802
v 0.00147392 0.07982966 0.01266344
v 0.00903105 -0.01276585 0.01493035
v 0.00753304 -0.02391830 0.01584897
v 0.00000004 0.00245856 0.01927153
v -0.00947668 -0.01275814 0.01483432
v -0.00947668 -0.01275814 0.01483432
v -0.00947668 -0.01275814 0.01483432
v -0.00947668 -0.02388654 0.01483432
v -0.00947668 -0.02388654 0.01483432
v -0.00947668 -0.02388654 0.01483432
v -0.00889882 -0.00010555 0.00735559
v -0.01003852 0.00131039 0.01030100
v -0.01003852 0.00131039 0.01030100
v -0.01003852 -0.08622906 0.01030100
v -0.01003852 -0.08622906 0.01030100
v -0.00110003 -0.08904096 0.01642873
v 0.00168711 -0.08743077 0.01893904
v 0.00912683 -0.01273840 0.00886452
v -0.00800001 0.00299262 0.01156947
v 0.00637476 -0.01306335 0.01863191
v 0.00637476 -0.01306335 0.01863191
v 0.00637476 -0.02358132 0.01863191
v 0.00637476 -0.02358132 0.01863191
v 0.00471209 0.00299262 0.00391324
v -0.00187610 0.07982979 0.01233336
v -0.00638003 -0.00013218 0.01821433
v 0.00048260 -0.01567100 0.01970810
v 0.00048260 -0.01567100 0.01970810
v 0.00048260 -0.02097368 0.01970810
v 0.00048260 -0.02097368 0.01970810
v 0.00090418 0.08999999 0.00991046
v 0.00090418 0.08999999 0.00991046
v 0.00090418 0.08999999 0.00991046
v 0.00090418 0.08999999 0.01100431
v 0.00090418 0.08999999 0.01100431
v 0.00090418 0.08999999 0.01100431
v 0.00753200 -0.01277853 0.01585226
v 0.00657221 0.00245859 0.00458440
v -0.00142049 0.00299262 0.01840260
v 0.00101521 0.08378279 0.00800618
v 0.00101521 0.08378279 0.01290859
v 0.00819726 0.00131030 0.00464081
v 0.00819726 -0.08622898 0.00464081
v 0.00536362 0.00339653 0.01471061
v -0.00024876 0.08999996 0.01070616
v -0.00281634 0.00299262 0.01802267
v 0.00260165 0.00302110 0.01153519
v 0.00245375 0.00365699 0.00530014
v -0.00162098 -0.08991690 0.00937695
v 0.00442899 0.00200207 0.00231123
v 0.00442899 0.00200207 0.00231123
v 0.00303999 -0.01274066 0.00148931
v 0.00400817 0.00064325 0.02013398
v 0.00400817 0.00064325 0.02013398
v 0.00400817 -0.00012256 0.02013398
v 0.00498397 -0.08677692 0.00246860
v 0.00498397 -0.08677692 0.00246860
v -0.00705269 -0.08743093 0.00545313
v -0.00620039 -0.02286615 0.00250891
v -0.00620039 -0.02286615 0.00250891
v -0.00903403 -0.02389058 0.01492907
v -0.00768315 -0.08743077 0.01442652
v 0.00145050 0.08679720 0.01142348
v 0.00486200 -0.08622902 0.01925458
v 0.00486200 0.00131034 0.01925458
v -0.00000862 -0.08964702 0.01436476
v -0.00929017 -0.01306323 0.00585816
v -0.00929017 -0.01306323 0.00585816
v -0.00929017 -0.02358144 0.00585816
v -0.00929017 -0.02358144 0.00585816
v 0.00637041 -0.01275097 0.01826653
v -0.00999181 -0.01306319 0.01333599
v -0.00999181 -0.02358150 0.01333599
v 0.00897839 -0.02391321 0.00673238
v 0.00933059 0.00064328 0.00577713
v 0.00933059 0.00064328 0.00577713
v 0.00933059 0.00064328 0.00577713
v 0.00933059 -0.00012254 0.00577713
v 0.00933059 -0.00012254 0.00577713
v 0.00933059 -0.08556195 0.00577713
v 0.00933059 -0.08556195 0.00577713
v 0.00933059 -0.08556195 0.00577713
v -0.00384654 0.00131030 0.01974349
v 0.00912781 -0.01273844 0.00618552
v 0.00876188 -0.02054683 0.01298147
v 0.00876188 -0.02054683 0.01298147
v 0.00876188 -0.01609781 0.01298147
v 0.00876188 -0.01609781 0.01298147
v -0.00140170 -0.08991690 0.00910397
v 0.00444548 -0.01272312 0.00232879
v -0.00780997 -0.02388656 0.00347844
v -0.00780997 -0.02388656 0.00347844
v 0.00256478 -0.08964702 0.01340932
v 0.00001245 0.00365699 0.01617317
v 0.00804528 0.00245842 0.00685721
v 0.00891206 -0.02391824 0.00792935
v 0.00238639 0.00131039 0.00070537
v 0.00238639 0.00131039 0.00070537
v -0.00354618 -0.08904096 0.00553409
v 0.00889758 -0.08677605 0.00737326
v 0.00889758 -0.08677605 0.00737326
v 0.00889758 0.00185738 0.00737326
v 0.00889758 0.00185738 0.00737326
v -0.00426355 0.00245842 0.01817161
v 0.00711140 0.00299262 0.01425665
v -0.00529985 0.00245855 0.00341470
v 0.00676121 -0.08743092 0.01584925
v -0.00167718 -0.08964702 0.00693336
v 0.00242118 0.00379325 0.01321843
v 0.00970539 -0.02394358 0.00991757
v 0.00638004 -0.00011854 0.01821428
v 0.00936234 -0.00012063 0.00938891
v 0.00187611 0.08378274 0.01233341
v 0.00187611 0.08378274 0.00858136
v -0.00238616 0.00131030 0.00070542
v -0.00238616 0.00131030 0.00070542
v 0.00710656 -0.08837024 0.00886419
v -0.00267433 0.00379325 0.00792652
v -0.00898960 -0.02054684 0.01198456
v -0.00898960 -0.02054684 0.01198456
v -0.00898960 -0.01609783 0.01198456
v -0.00898960 -0.01609783 0.01198456
v 0.00357919 -0.01567100 0.00191350
v 0.00357919 -0.01567100 0.00191350
v -0.00663929 -0.02388654 0.00240228
v -0.00663929 -0.02388654 0.00240228
v -0.00663929 -0.02388654 0.00240228
v -0.00663929 -0.08556195 0.00240228
v -0.00663929 -0.08556195 0.00240228
v -0.00663929 -0.08556195 0.00240228
v 0.00224508 0.08617782 0.00901240
v 0.00224508 0.08617782 0.00901240
v 0.00224508 0.08617782 0.00901240
v 0.00224508 0.08617782 0.01190237
v 0.00224508 0.08617782 0.01190237
v 0.00224508 0.08617782 0.01190237
v 0.00859313 0.00245856 0.00849597
v -0.00545003 -0.08791129 0.00520284
v 0.00889883 -0.00011987 0.00735546
v -0.00050775 -0.08991690 0.00857413
v -0.00000002 -0.08701607 0.01966063
v -0.00000002 -0.08701607 0.01966063
v -0.00092045 0.08679720 0.00991513
v -0.00265326 0.08255042 0.01045737
v -0.00265326 0.08255042 0.01045737
v 0.00655130 -0.01306323 0.00242366
v 0.00655130 -0.01306323 0.00242366
v -0.00395611 -0.01609775 0.00224210
v -0.00395611 -0.01609775 0.00224210
v -0.00395611 -0.01609775 0.00224210
v -0.00891135 -0.01567100 0.00792828
v -0.00891135 -0.01567100 0.00792828
v -0.00891135 -0.02097368 0.00792828
v -0.00891135 -0.02097368 0.00792828
v 0.00592922 -0.08904096 0.00912853
v -0.00638113 0.00131039 0.01820837
v -0.00638113 0.00131039 0.01820837
v -0.00638113 -0.08622906 0.01820837
v -0.00638113 -0.08622906 0.01820837
v -0.00260980 -0.08904096 0.00497911
v -0.00570111 -0.08837024 0.01497638
v 0.00397914 -0.02358150 0.02006411
v 0.00810114 -0.01609774 0.01464255
v 0.00810114 -0.01609774 0.01464255
v 0.00810114 -0.02054676 0.01464255
v 0.00810114 -0.02054676 0.01464255
v -0.00117278 0.08848863 0.00929372
v -0.00117278 0.08848863 0.01162104
v -0.00868951 0.00245842 0.01193368
v -0.00178800 -0.08991690 0.00968470
v -0.00325551 -0.08791129 0.00362025
v -0.00245124 0.08459088 0.01147270
v -0.00245124 0.08459088 0.01147270
v -0.00245124 0.08459088 0.00944207
v -0.00245124 0.08459088 0.00944207
v 0.00371586 -0.08964702 0.01167883
v -0.00679916 -0.02054683 0.00438177
v -0.00679916 -0.02054683 0.00438177
v 0.00358397 -0.01273453 0.00191389
v -0.00897642 0.00131030 0.01495387
v -0.00897642 0.00131030 0.01495387
v -0.00897642 -0.08622898 0.01495387
v -0.00897642 -0.08622898 0.01495387
v -0.00213742 -0.02286572 0.02030891
v -0.00213742 -0.02286572 0.02030891
v -0.00049762 0.08999995 0.01027573
v -0.00049762 0.08999995 0.01027573
v -0.00049762 0.08999995 0.01063904
v -0.00049762 0.08999995 0.01063904
v 0.00849576 -0.01277253 0.01516076
v 0.00864442 -0.08743090 0.01021466
v 0.00513230 -0.02388895 0.00249167
v 0.00051096 -0.02054683 0.00135351
v 0.00051096 -0.02054683 0.00135351
v 0.00830975 -0.08743093 0.01285136
v -0.00399297 0.00209739 0.00216548
v -0.00399297 0.00209739 0.00216548
v -0.00201011 -0.08964702 0.01380477
v 0.00911479 -0.01609792 0.01020157
v 0.00911479 -0.01609792 0.01020157
v 0.00911479 -0.02054677 0.01020157
v 0.00911479 -0.02054677 0.01020157
v 0.00002077 0.00299262 0.01852719
v -0.00208635 -0.00008717 0.02028175
v 0.00563468 -0.02203537 0.00253256
v 0.00563468 -0.02203537 0.00253256
v 0.00969493 -0.01274716 0.00990553
v 0.00245113 0.07982970 0.00944208
v 0.00890792 -0.02391855 0.00722595
v 0.00721399 -0.08837024 0.01146110
v 0.00333518 0.00365699 0.00582255
v -0.00359530 0.00379325 0.00965255
v -0.00051162 -0.02054684 0.00135335
v -0.00051162 -0.02054684 0.00135335
v 0.00693573 -0.01277521 0.01659997
v -0.00215828 -0.01275814 0.00024432
v -0.00215828 -0.01275814 0.00024432
v -0.00215828 -0.01275814 0.00024432
v -0.00215828 0.00064328 0.00024433
v -0.00215828 0.00064328 0.00024433
v -0.00215828 0.00064328 0.00024433
v -0.00215828 -0.00012254 0.00024433
v -0.00215828 -0.00012254 0.00024433
v -0.00239232 0.00339653 0.01688065
v -0.00775313 -0.01306340 0.00352843
v 0.00163896 -0.08991690 0.00938847
v 0.00085881 -0.08991690 0.00870199
v 0.00943061 -0.02150138 0.00950846
v 0.00943061 -0.02150138 0.00950846
v 0.00943061 -0.01514329 0.00950846
v 0.00943061 -0.01514329 0.00950846
v -0.00148998 -0.00005121 0.01996284
v 0.00056378 0.00131034 0.00042185
v -0.00689119 0.00245856 0.01595289
v -0.00390128 -0.08791129 0.01694813
v -0.00115302 -0.01276945 0.01985648
v 0.00186053 -0.08991690 0.01106874
v 0.00260229 0.07982983 0.01097493
v 0.00897244 -0.01589617 0.00840927
v 0.00897244 -0.01589617 0.00840927
v 0.00897244 -0.02074852 0.00840927
v 0.00897244 -0.02074852 0.00840927
v 0.00897244 -0.01273605 0.00840929
v 0.00897244 -0.02394078 0.00840927
v -0.00033960 0.08999998 0.01011778
v 0.00577288 -0.08904096 0.01235524
v 0.00033965 0.08999998 0.01079695
v -0.00568669 0.00245855 0.01719158
v -0.00556929 -0.08904096 0.00805266
v 0.00743632 -0.02054683 0.00518075
v 0.00743632 -0.02054683 0.00518075
v 0.00743632 -0.01609781 0.00518075
v 0.00743632 -0.01609781 0.00518075
v 0.00808507 -0.02150138 0.01540396
v 0.00808507 -0.02150138 0.01540396
v 0.00808507 -0.01514329 0.01540396
v 0.00808507 -0.01514329 0.01540396
v 0.00719542 -0.00013557 0.01619547
v -0.00199160 0.07982978 0.01244834
v -0.00199160 0.07982978 0.01244834
v 0.00693165 -0.01567100 0.01660236
v 0.00693165 -0.01567100 0.01660236
v 0.00693165 -0.02097368 0.01660236
v 0.00693165 -0.02097368 0.01660236
v 0.00601885 -0.08904096 0.01129490
v -0.00016301 -0.08991690 0.00851283
v 0.00935334 -0.08677692 0.00937316
v 0.00935334 -0.08677692 0.00937316
v 0.00935334 0.00185825 0.00937316
v 0.00935334 0.00185825 0.00937316
v -0.00851526 -0.02203537 0.01515236
v -0.00851526 -0.02203537 0.01515236
v -0.00851526 -0.01460932 0.01515236
v -0.00851526 -0.01460932 0.01515236
v -0.00227776 -0.02054677 0.00162808
v -0.00227776 -0.02054677 0.00162808
v -0.00888957 -0.01609775 0.00842832
v -0.00888957 -0.01609775 0.00842832
v -0.00888957 -0.02054694 0.00842832
v -0.00888957 -0.02054694 0.00842832
v 0.00548292 -0.02054677 0.00317162
v 0.00548292 -0.02054677 0.00317162
v -0.00241650 -0.01306323 0.02053809
v -0.00241650 -0.01306323 0.02053809
v -0.00152608 -0.08991690 0.01167095
v -0.00543691 0.00365699 0.01224333
v 0.00147222 -0.08660967 0.01995334
v 0.00147222 -0.08660967 0.01995334
v -0.00374984 -0.08837024 0.01669335
v -0.00854194 -0.02388656 0.00439630
v -0.00854194 -0.02388656 0.00439630
v -0.00854194 -0.01275813 0.00439630
v -0.00854194 -0.01275813 0.00439630
v 0.00264471 -0.08791129 0.01756062
v -0.00135989 0.08679722 0.01242473
v -0.00135989 0.08679722 0.01242473
v -0.00135989 0.08679722 0.00849003
v -0.00135989 0.08679722 0.00849003
v 0.00387056 -0.08791129 0.01697560
v 0.00106818 -0.08904096 0.01643640
v -0.00056324 0.00131030 0.00042193
v -0.00107782 0.00302111 0.01305924
v -0.00348940 -0.02054684 0.01888171
v -0.00348940 -0.02054684 0.01888171
v 0.00101530 0.07982967 0.01290860
v -0.00418313 -0.08743079 0.01802611
v -0.00096603 0.08679720 0.00900678
v 0.00670773 -0.08837024 0.00762181
v 0.00911217 0.00131030 0.00624278
v 0.00911217 0.00131030 0.00624278
v 0.00911217 -0.08622898 0.00624278
v 0.00911217 -0.08622898 0.00624278
v 0.00260174 0.00302128 0.00937967
v 0.00302332 -0.02150138 0.00147426
v 0.00302332 -0.02150138 0.00147426
v 0.00213366 -0.01276255 0.02030689
v 0.00204904 -0.08791129 0.00316172
v -0.00780961 0.00064325 0.00347797
v -0.00780961 0.00064325 0.00347797
v -0.00780961 -0.01275807 0.00347801
v -0.00780961 -0.01275807 0.00347801
v -0.00780961 -0.00012256 0.00347797
v 0.00201931 0.00365699 0.01580165
v 0.00049767 0.08679720 0.01045749
v -0.00513835 -0.02150138 0.00249281
v -0.00513835 -0.02150138 0.00249281
v 0.00395643 -0.01609775 0.00224226
v 0.00395643 -0.01609775 0.00224226
v -0.00360756 0.00200207 0.00191564
v -0.00360756 0.00200207 0.00191564
v 0.00072561 0.08999994 0.00973186
v 0.00072561 0.08999994 0.00973186
v 0.00072561 0.08999994 0.01118291
v 0.00072561 0.08999994 0.01118291
v -0.00636981 -0.02389151 0.01826977
v 0.00048443 0.00365699 0.00476413
v 0.00619897 -0.02388950 0.00250877
v 0.00808044 -0.02389746 0.01540715
v -0.00177897 -0.02054677 0.01940054
v -0.00177897 -0.02054677 0.01940054
v -0.00035033 -0.08991690 0.01237909
v -0.00120721 0.00339653 0.01720322
v 0.00663885 -0.08556213 0.00240198
v 0.00663885 -0.08556213 0.00240198
v 0.00663885 -0.08556213 0.00240198
v -0.00161964 -0.01276677 0.02003213
v -0.00627985 0.00299263 0.01546536
v -0.00156475 0.07982976 0.01279872
v -0.00156475 0.07982976 0.01279872
v -0.00903497 -0.01377854 0.01492866
v -0.00903497 -0.01377854 0.01492866
v -0.00903497 -0.02286615 0.01492866
v -0.00903497 -0.02286615 0.01492866
v -0.01008014 -0.01377897 0.01034891
v -0.01008014 -0.01377897 0.01034891
v -0.01008014 -0.02286572 0.01034891
v -0.01008014 -0.02286572 0.01034891
v 0.00166988 0.08679716 0.00880001
v 0.00166988 0.08679716 0.01211476
v 0.00000007 -0.02074852 0.01966062
v 0.00000007 -0.02074852 0.01966062
v 0.00000007 0.07982969 0.01311052
v -0.00128753 0.00379325 0.01390502
v 0.00053143 -0.08991690 0.00857780
v 0.00199132 0.00302119 0.01244861
v -0.00313622 0.00185738 0.00157803
v -0.00313622 0.00185738 0.00157803
v -0.01032589 -0.02388662 0.01221170
v -0.01032589 -0.02388662 0.01221170
v -0.01032589 -0.01275807 0.01221170
v -0.01032589 -0.01275807 0.01221170
v 0.00336811 0.00379325 0.00900101
v -0.00477373 0.00299262 0.00394676
v 0.00323623 0.00379325 0.01218896
v -0.00070586 -0.08964702 0.01429953
v 0.00444835 -0.02097368 0.00233207
v 0.00444835 -0.02097368 0.00233207
v 0.00268554 -0.02391548 0.00111528
v -0.00323941 0.00379325 0.01221184
v 0.00058757 -0.01275807 0.00000001
v 0.00058757 -0.01275807 0.00000001
v -0.00116812 -0.02386172 0.01986105
v 0.00054945 0.00302111 0.01321937
v -0.00399337 -0.08701607 0.00216566
v -0.00399337 -0.08701607 0.00216566
v 0.00400821 -0.02388656 0.02013394
v 0.00400821 -0.02388656 0.02013394
v 0.00897412 -0.01273606 0.00674798
v 0.00959925 -0.00012101 0.00979538
v -0.00018164 0.08258569 0.00782204
v -0.00018164 0.08258569 0.00782204
v -0.00018164 0.08258569 0.01309273
v -0.00018164 0.08258569 0.01309273
v 0.00384659 0.00131034 0.01974358
v 0.00667260 -0.00012999 0.01711110
v 0.00637605 -0.02388612 0.01872236
v 0.00637605 -0.02388612 0.01872236
v 0.00637605 -0.02388612 0.01872236
v 0.00637605 -0.01275856 0.01872236
v 0.00637605 -0.01275856 0.01872236
v 0.00637605 -0.01275856 0.01872236
v -0.00695660 0.00200207 0.01658776
v -0.00695660 0.00200207 0.01658776
v -0.00695660 -0.08692075 0.01658776
v -0.00695660 -0.08692075 0.01658776
v 0.00843106 -0.08743092 0.00853296
v 0.00068716 0.00299262 0.00241886
v 0.00749490 0.00131030 0.00376008
v -0.00375274 0.00365699 0.01477524
v 0.00357873 -0.02097368 0.00191331
v 0.00357873 -0.02097368 0.00191331
v -0.00497630 0.00339653 0.00574114
v 0.00116820 -0.02386216 0.01986109
v 0.00893573 -0.00011991 0.00688869
v -0.00303918 -0.01275359 0.00148885
v -0.00613659 0.00131039 0.00251139
v -0.00613659 0.00131039 0.00251139
v 0.00679888 -0.02054684 0.00438116
v 0.00679888 -0.02054684 0.00438116
v 0.00000001 -0.00001713 0.01966063
v 0.00749463 -0.08622902 0.00375961
v 0.01025127 -0.02358130 0.01219897
v 0.01025127 -0.01306340 0.01219897
v -0.00276196 0.07982976 0.00990769
v -0.00276196 0.07982976 0.00990769
v 0.00662174 -0.02150138 0.01723893
v 0.00662174 -0.02150138 0.01723893
v 0.00662174 -0.01514329 0.01723893
v 0.00662174 -0.01514329 0.01723893
v 0.00163372 -0.02386809 0.02003964
v 0.00187614 0.08607185 0.00858137
v 0.00187614 0.08607185 0.00858137
v 0.00187614 0.08607185 0.01233340
v 0.00187614 0.08607185 0.01233340
v -0.00898194 -0.00010969 0.01495150
v 0.00683520 0.00339653 0.01012650
v 0.00051993 0.08335367 0.01304121
v 0.00051993 0.08335367 0.01304121
v 0.00051993 0.08335367 0.00787356
v 0.00051993 0.08335367 0.00787356
v -0.00260187 0.07982967 0.01153501
v -0.00260187 0.07982967 0.01153501
v -0.00058699 -0.01275813 0.00000000
v -0.00058699 -0.01275813 0.00000000
v -0.00214828 -0.08904096 0.01613545
v -0.00168706 -0.08743090 0.01893906
v -0.00693275 -0.02390170 0.01660172
v 0.00503454 0.00365699 0.01314849
v 0.00196735 0.08679717 0.01181728
v 0.00196735 0.08679717 0.01181728
v 0.00196735 0.08679717 0.00909749
v 0.00196735 0.08679717 0.00909749
v 0.00107769 0.00302113 0.00785564
v 0.00305369 0.00379325 0.00842165
v -0.00721052 -0.08837024 0.01141013
v 0.00045562 0.00200207 0.01971849
v 0.00045562 0.00200207 0.01971849
v 0.00045562 -0.08692075 0.01971849
v 0.00045562 -0.08692075 0.01971849
v -0.00208146 -0.08622906 0.02027900
v -0.00208146 -0.08622906 0.02027900
v -0.00708473 -0.08837024 0.00881403
v 0.00650635 0.00169117 0.01752908
v 0.00650635 0.00169117 0.01752908
v 0.00650635 -0.08660985 0.01752908
v 0.00650635 -0.08660985 0.01752908
v 0.00248651 -0.02388654 0.02059554
v 0.00248651 -0.02388654 0.02059554
v 0.00248651 -0.02388654 0.02059554
v 0.00248651 -0.00012238 0.02059549
v 0.00248651 -0.00012238 0.02059549
v 0.00248651 0.00064344 0.02059549
v 0.00248651 0.00064344 0.02059549
v 0.00248651 0.00064344 0.02059549
v 0.00248651 -0.08556195 0.02059554
v 0.00248651 -0.08556195 0.02059554
v 0.00248651 -0.08556195 0.02059554
v -0.00117351 -0.02150138 0.01986270
v -0.00117351 -0.02150138 0.01986270
v -0.00117351 -0.01514329 0.01986270
v -0.00117351 -0.01514329 0.01986270
v 0.00619608 -0.01275668 0.00250909
v -0.00912782 -0.01275197 0.00618547
v 0.00397918 -0.01306340 0.02006403
v -0.00933060 -0.01275814 0.00577712
v -0.00933060 -0.01275814 0.00577712
v -0.00933060 -0.01275814 0.00577712
v -0.00933060 -0.02388654 0.00577712
v -0.00933060 -0.02388654 0.00577712
v -0.00933060 -0.02388654 0.00577712
v 0.00213735 -0.02286615 0.02030903
v 0.00213735 -0.02286615 0.02030903
v 0.00528355 -0.08837024 0.00544760
v -0.00897840 -0.02389679 0.00673233
v 0.00614271 -0.00011283 0.00251134
v 0.00444878 -0.01567100 0.00233231
v 0.00444878 -0.01567100 0.00233231
v -0.00001627 -0.08904096 0.01653013
v 0.00234166 0.00302116 0.01202192
v 0.00650254 -0.00012620 0.01754973
v -0.00743874 0.00299262 0.00731291
v -0.00234856 -0.01377854 0.00065395
v -0.00234856 -0.01377854 0.00065395
v -0.00637603 -0.08556213 0.01872237
v -0.00637603 -0.08556213 0.01872237
v -0.00637603 -0.08556213 0.01872237
v -0.00637603 -0.00012238 0.01872237
v -0.00637603 -0.00012238 0.01872237
v -0.00637603 0.00064344 0.01872237
v -0.00637603 0.00064344 0.01872237
v -0.00637603 0.00064344 0.01872237
v -0.00045871 -0.00002353 0.01971730
v 0.00018166 0.08999995 0.00995975
v 0.00018166 0.08999995 0.00995975
v 0.00018166 0.08999995 0.01095502
v 0.00018166 0.08999995 0.01095502
v 0.00287503 0.00379325 0.01274037
v 0.00260211 0.08252871 0.00993990
v -0.00220600 0.08378283 0.01193147
v -0.00220600 0.08378283 0.00898330
v 0.00156456 0.00302116 0.01279900
v 0.00366482 0.00379325 0.01028012
v -0.00781000 -0.08556206 0.00347849
v -0.00781000 -0.08556206 0.00347849
v -0.00054866 0.07982971 0.00769536
v -0.00054866 0.07982971 0.00769536
v -0.00260166 0.07982976 0.00937949
v -0.00260166 0.07982976 0.00937949
v -0.00832306 -0.01609774 0.00673300
v -0.00832306 -0.01609774 0.00673300
v -0.00832306 -0.02054676 0.00673300
v -0.00832306 -0.02054676 0.00673300
v -0.00107773 0.07982986 0.01305921
v -0.00107773 0.07982986 0.01305921
v 0.00636962 -0.01377897 0.01827077
v 0.00636962 -0.01377897 0.01827077
v 0.00636962 -0.02286572 0.01827077
v 0.00636962 -0.02286572 0.01827077
v -0.00101522 0.07982979 0.01290862
v 0.00258381 0.08335367 0.01097730
v 0.00258381 0.08335367 0.01097730
v 0.00258381 0.08335367 0.00993747
v 0.00258381 0.08335367 0.00993747
v 0.01043722 -0.08556213 0.01062546
v 0.01043722 -0.08556213 0.01062546
v 0.01043722 -0.08556213 0.01062546
v 0.01043722 -0.02388612 0.01062545
v 0.01043722 -0.02388612 0.01062545
v 0.01043722 -0.02388612 0.01062545
v 0.01043722 -0.01275856 0.01062545
v 0.01043722 -0.01275856 0.01062545
v 0.01043722 -0.01275856 0.01062545
v 0.01043722 -0.00012238 0.01062546
v 0.01043722 -0.00012238 0.01062546
v 0.01043722 0.00064344 0.01062546
v 0.01043722 0.00064344 0.01062546
v 0.01043722 0.00064344 0.01062546
v 0.00473869 -0.08904096 0.01426094
v -0.00330939 -0.08743079 0.01844689
v -0.00276202 0.00302103 0.00990796
v 0.00051758 0.07982973 0.01305971
v -0.00513292 -0.02383877 0.00249197
v -0.00049405 0.00245859 0.00165728
v -0.00970546 -0.02390812 0.00991766
v -0.01006453 -0.02388656 0.01335680
v -0.01006453 -0.02388656 0.01335680
v -0.01006453 -0.00012245 0.01335675
v -0.01006453 -0.08556206 0.01335675
v -0.01006453 -0.08556206 0.01335675
v -0.01006453 0.00064337 0.01335675
v -0.01006453 0.00064337 0.01335675
v -0.01006453 -0.01275813 0.01335680
v -0.01006453 -0.01275813 0.01335680
v 0.01032592 -0.08556194 0.01221166
v 0.01032592 -0.08556194 0.01221166
v 0.01032592 0.00064325 0.01221166
v 0.01032592 0.00064325 0.01221166
v 0.01032592 -0.00012256 0.01221167
v -0.00527090 0.00365699 0.00823044
v -0.00783086 0.00245842 0.01450283
v -0.00199129 0.00302124 0.00846601
v 0.00947666 0.00064328 0.01483432
v 0.00947666 0.00064328 0.01483432
v 0.00947666 0.00064328 0.01483432
v 0.00947666 -0.00012254 0.01483432
v 0.00947666 -0.00012254 0.01483432
v 0.00947666 -0.08556195 0.01483432
v 0.00947666 -0.08556195 0.01483432
v 0.00947666 -0.08556195 0.01483432
v -0.00000005 0.07982961 0.00780419
v -0.00000005 0.07982961 0.00780419
v -0.00000005 -0.01277242 0.01966062
v 0.00666666 -0.08791129 0.01407173
v -0.00324715 -0.08964702 0.00829525
v -0.00890680 -0.01274523 0.00724186
v -0.00523763 -0.08837024 0.00541041
v 0.00135894 0.08848860 0.00947990
v 0.00135894 0.08848860 0.00947990
v 0.00135894 0.08848860 0.01143487
v 0.00135894 0.08848860 0.01143487
v -0.00505010 -0.08904096 0.00709597
v 0.00053942 0.08679720 0.00953408
v -0.00498682 -0.08677605 0.00246925
v -0.00498682 -0.08677605 0.00246925
v 0.00775349 -0.01306319 0.00352874
v 0.00662979 -0.01276831 0.01721872
v 0.00398369 -0.08904096 0.01504502
v -0.00096393 0.08679720 0.01191007
v 0.00892750 0.00200207 0.00795226
v 0.00892750 0.00200207 0.00795226
v 0.00892750 -0.08692075 0.00795226
v 0.00892750 -0.08692075 0.00795226
v 0.00667935 -0.08677692 0.01709417
v 0.00667935 -0.08677692 0.01709417
v 0.00667935 0.00185825 0.01709417
v 0.00667935 0.00185825 0.01709417
v -0.00302378 -0.02150138 0.00147441
v -0.00302378 -0.02150138 0.00147441
v 0.00719545 -0.01277838 0.01619541
v 0.00719545 -0.02391818 0.01619540
v -0.00965847 0.00131030 0.01323975
v -0.00965847 -0.08622898 0.01323975
v -0.00890832 -0.02150138 0.00722029
v -0.00890832 -0.02150138 0.00722029
v -0.00890832 -0.01514329 0.00722029
v -0.00890832 -0.01514329 0.00722029
v -0.00852563 -0.08743079 0.01190584
v -0.00054692 0.09000000 0.00955321
v -0.00054692 0.09000000 0.00955321
v -0.00054692 0.09000000 0.00955321
v -0.00054692 0.09000000 0.01136156
v -0.00054692 0.09000000 0.01136156
v -0.00054692 0.09000000 0.01136156
v 0.00530026 0.00245842 0.00341501
v 0.00188926 0.00379325 0.01360778
v -0.00563509 -0.02203537 0.00253286
v -0.00563509 -0.02203537 0.00253286
v 0.00097749 0.08848860 0.01181634
v 0.00097749 0.08848860 0.01181634
v 0.00097749 0.08848860 0.00909843
v 0.00097749 0.08848860 0.00909843
v 0.00015797 0.08999995 0.01029940
v -0.00049764 0.08679720 0.01027568
v -0.00049764 0.08679720 0.01063908
v -0.00049764 0.08999996 0.01045729
v -0.00049764 0.08999996 0.01045729
v -0.00942775 -0.02391573 0.00950345
v 0.00897983 -0.02203537 0.00672709
v 0.00897983 -0.02203537 0.00672709
v 0.00897983 -0.01460932 0.00672709
v 0.00897983 -0.01460932 0.00672709
v -0.00938811 -0.01306323 0.01485323
v -0.00938811 -0.01306323 0.01485323
v -0.00938811 -0.02358144 0.01485323
v -0.00938811 -0.02358144 0.01485323
v -0.00897416 -0.01274728 0.00674785
v -0.00215879 -0.08556213 0.00024447
v -0.00215879 -0.08556213 0.00024447
v -0.00215879 -0.08556213 0.00024447
v -0.00400824 -0.00012245 0.02013391
v -0.00400824 0.00064337 0.02013390
v -0.00400824 0.00064337 0.02013390
v -0.00444507 -0.01273526 0.00232857
v 0.00941970 -0.01274293 0.00948935
v 0.00058336 -0.01306340 0.00007562
v -0.00854191 -0.00012245 0.00439628
v 0.00276214 0.00302122 0.01100679
v 0.00234895 -0.01377897 0.00065414
v 0.00234895 -0.01377897 0.00065414
v 0.00234133 0.07982976 0.01202218
v 0.00234133 0.07982976 0.01202218
v 0.00245111 0.08378275 0.01147272
v 0.00245111 0.08378275 0.00944205
v -0.00893022 0.00169101 0.00690889
v -0.00893022 0.00169101 0.00690889
v -0.00893022 -0.08660967 0.00690889
v -0.00893022 -0.08660967 0.00690889
v 0.00570071 0.00365699 0.01018146
v -0.00442400 -0.08791129 0.00431278
v 0.00187602 0.07982985 0.00858134
v -0.00619569 -0.01275253 0.00250891
v 0.00795877 -0.08677605 0.01549092
v 0.00795877 -0.08677605 0.01549092
v 0.00795877 0.00185738 0.01549092
v 0.00795877 0.00185738 0.01549092
v 0.00102677 -0.08677605 0.01981818
v 0.00102677 -0.08677605 0.01981818
v -0.00350080 0.00339653 0.01635166
v -0.00193113 -0.08991690 0.01071397
v -0.00219642 -0.01306323 0.00032645
v -0.00219642 -0.01306323 0.00032645
v -0.00187624 0.08378287 0.00858132
v 0.00671082 0.00299262 0.00598899
v -0.00092331 0.08679720 0.01099678
v -0.00647318 -0.02389691 0.01770899
v -0.00605923 -0.08904096 0.01016481
v -0.00655094 -0.01306335 0.00242334
v -0.00655094 -0.01306335 0.00242334
v -0.00312343 -0.00006599 0.00156629
v -0.00912614 -0.01567100 0.00886926
v -0.00912614 -0.01567100 0.00886926
v -0.00912614 -0.02097368 0.00886926
v -0.00912614 -0.02097368 0.00886926
v 0.00371605 -0.08837024 0.01671974
v 0.00107757 0.07982970 0.01305922
v 0.00107757 0.07982970 0.01305922
v -0.00234154 0.07982982 0.00889266
v -0.00234154 0.07982982 0.00889266
v -0.00234154 0.00302123 0.01202191
v 0.00129637 0.00379325 0.01389588
v 0.00318622 -0.08837024 0.00391244
v -0.00147399 0.08378278 0.00825143
v -0.00147399 0.08378278 0.01266334
v 0.00103260 0.00365699 0.01607773
v 0.00603663 0.00339653 0.01368318
v -0.00425198 -0.08837024 0.00455539
v -0.00048142 -0.02385667 0.01970855
v 0.00990934 -0.08622902 0.01214101
v 0.00990934 0.00131034 0.01214101
v 0.00548317 -0.01609792 0.00317184
v 0.00548317 -0.01609792 0.00317184
v -0.00548317 -0.02054676 0.00317184
v -0.00548317 -0.02054676 0.00317184
v -0.00990934 -0.08622902 0.01214101
v -0.00990934 0.00131034 0.01214101
v 0.00048142 -0.02385711 0.01970855
v -0.00292169 0.00365699 0.01537456
v 0.00191082 -0.08991690 0.01003078
v 0.00147399 0.08378278 0.00825143
v 0.00147399 0.08378278 0.01266334
v 0.00234917 -0.02390016 0.00065478
v -0.00171794 -0.08991690 0.01137806
v 0.00000011 0.08679720 0.01095506
v 0.00000011 0.08679720 0.00995970
v 0.00000011 0.08999996 0.01095504
v 0.00000011 0.08999996 0.01095504
v 0.00000011 0.08999996 0.00995973
v 0.00000011 0.08999996 0.00995973
v 0.00912614 -0.01567100 0.00886926
v 0.00912614 -0.01567100 0.00886926
v 0.00912614 -0.02097368 0.00886926
v 0.00912614 -0.02097368 0.00886926
v 0.00655094 -0.02358132 0.00242334
v 0.00655094 -0.02358132 0.00242334
v 0.00647318 -0.02389843 0.01770898
v -0.00102067 -0.08964702 0.00668961
v 0.00092331 0.08679720 0.00991799
v 0.00036908 -0.08964702 0.00656948
v 0.00208665 -0.00008717 0.02028177
v 0.00219642 -0.02358144 0.00032645
v 0.00219642 -0.02358144 0.00032645
v 0.00410915 0.00365699 0.00649395
v 0.01004248 -0.00012175 0.01030555
v -0.00102677 0.00185738 0.01981818
v -0.00102677 0.00185738 0.01981818
v -0.00795877 -0.08677605 0.01549092
v -0.00795877 -0.08677605 0.01549092
v -0.00795877 0.00185738 0.01549092
v -0.00795877 0.00185738 0.01549092
v 0.00215983 -0.08743077 0.00208361
v -0.00558407 0.00365699 0.00920602
v -0.00051753 0.08252874 0.00785524
v -0.00051753 0.08252874 0.01305953
v 0.00152785 -0.08991690 0.01168176
v -0.00546667 -0.00005834 0.00253963
v 0.00276208 0.07982989 0.01100689
v 0.00276208 0.07982989 0.01100689
v 0.00157587 0.00379325 0.00713969
v -0.00068753 -0.08991690 0.01228474
v -0.00101534 0.07982967 0.00800611
v -0.00189737 -0.08991690 0.01001732
v 0.00893022 0.00169101 0.00690889
v 0.00893022 0.00169101 0.00690889
v 0.00893022 -0.08660967 0.00690889
v 0.00893022 -0.08660967 0.00690889
v -0.00245111 0.08378275 0.01147272
v -0.00245111 0.08378275 0.00944205
v 0.00107779 0.00302119 0.01305924
v -0.00234895 -0.02286572 0.00065414
v -0.00234895 -0.02286572 0.00065414
v 0.00854191 -0.00012245 0.00439628
v -0.00058336 -0.02358130 0.00007562
v 0.00260172 0.07982983 0.01153509
v 0.00260172 0.07982983 0.01153509
v -0.00500115 -0.00003890 0.00247128
v 0.00400824 -0.08556206 0.02013390
v 0.00400824 -0.08556206 0.02013390
v 0.00215879 -0.00012238 0.00024447
v 0.00215879 -0.00012238 0.00024447
v 0.00215879 0.00064344 0.00024447
v 0.00215879 0.00064344 0.00024447
v 0.00215879 0.00064344 0.00024447
v -0.00503088 0.00365699 0.01318405
v 0.00283804 -0.08964702 0.00776925
v 0.00938811 -0.01306323 0.01485323
v 0.00938811 -0.01306323 0.01485323
v 0.00938811 -0.02358144 0.01485323
v 0.00938811 -0.02358144 0.01485323
v -0.00897983 -0.02203537 0.00672709
v -0.00897983 -0.02203537 0.00672709
v -0.00897983 -0.01460932 0.00672709
v -0.00897983 -0.01460932 0.00672709
v -0.00667678 -0.08791129 0.01402456
v -0.00075946 0.00299262 0.00242397
v 0.00049764 0.08679720 0.01027568
v 0.00049764 0.08679720 0.01063908
v 0.00049764 0.08999996 0.01045748
v 0.00049764 0.08999996 0.01045748
v -0.00679342 0.00339653 0.01140167
v -0.00015797 0.08999995 0.01061537
v -0.00097749 0.08848860 0.01181634
v -0.00097749 0.08848860 0.01181634
v -0.00097749 0.08848860 0.00909843
v -0.00097749 0.08848860 0.00909843
v 0.00563509 -0.01460932 0.00253286
v 0.00563509 -0.01460932 0.00253286
v 0.00382452 0.00245856 0.00251622
v -0.00234160 0.00302110 0.00889275
v 0.00054692 0.09000000 0.00955321
v 0.00054692 0.09000000 0.00955321
v 0.00054692 0.09000000 0.00955321
v 0.00054692 0.09000000 0.01136156
v 0.00054692 0.09000000 0.01136156
v 0.00054692 0.09000000 0.01136156
v 0.00678443 0.00339653 0.01135369
v 0.00890832 -0.02150138 0.00722029
v 0.00890832 -0.02150138 0.00722029
v 0.00890832 -0.01514329 0.00722029
v 0.00890832 -0.01514329 0.00722029
v 0.00965847 0.00131030 0.01323975
v 0.00965847 -0.08622898 0.01323975
v -0.00358118 -0.08964702 0.00891074
v -0.00719545 -0.01276260 0.01619541
v -0.00719545 -0.02389722 0.01619540
v 0.00302378 -0.01514329 0.00147441
v 0.00302378 -0.01514329 0.00147441
v -0.00667935 -0.08677692 0.01709417
v -0.00667935 -0.08677692 0.01709417
v -0.00667935 0.00185825 0.01709417
v -0.00667935 0.00185825 0.01709417
v -0.00892750 0.00200207 0.00795226
v -0.00892750 0.00200207 0.00795226
v -0.00892750 -0.08692075 0.00795226
v -0.00892750 -0.08692075 0.00795226
v 0.00360240 -0.08964702 0.00893614
v 0.00096393 0.08679720 0.00900470
v -0.00065148 0.00379325 0.01407814
v -0.00669231 0.00339653 0.00895718
v 0.00451798 0.00339653 0.01560137
v -0.00775349 -0.02358150 0.00352874
v 0.00498682 0.00185738 0.00246925
v 0.00498682 0.00185738 0.00246925
v -0.00053942 0.08679720 0.01138069
v -0.00135894 0.08848860 0.00947990
v -0.00135894 0.08848860 0.00947990
v -0.00135894 0.08848860 0.01143487
v -0.00135894 0.08848860 0.01143487
v 0.00234148 0.07982982 0.00889274
v 0.00234148 0.07982982 0.00889274
v 0.00890680 -0.01273502 0.00724196
v -0.00947666 0.00064328 0.01483432
v -0.00947666 0.00064328 0.01483432
v -0.00947666 0.00064328 0.01483432
v -0.00947666 -0.00012254 0.01483432
v -0.00947666 -0.00012254 0.01483432
v -0.00947666 -0.08556195 0.01483432
v -0.00947666 -0.08556195 0.01483432
v -0.00947666 -0.08556195 0.01483432
v -0.00593252 -0.08791129 0.01516080
v 0.00783086 0.00245842 0.01450283
v -0.01032592 -0.08556194 0.01221166
v -0.01032592 -0.08556194 0.01221166
v -0.01032592 0.00064325 0.01221166
v -0.01032592 0.00064325 0.01221166
v -0.01032592 -0.00012256 0.01221167
v 0.01006453 -0.02388656 0.01335680
v 0.01006453 -0.02388656 0.01335680
v 0.01006453 -0.00012245 0.01335675
v 0.01006453 -0.08556206 0.01335675
v 0.01006453 -0.08556206 0.01335675
v 0.01006453 0.00064337 0.01335675
v 0.01006453 0.00064337 0.01335675
v 0.01006453 -0.01275813 0.01335680
v 0.01006453 -0.01275813 0.01335680
v 0.00187618 0.07982988 0.01233337
v -0.00002054 -0.08837024 0.01773677
v -0.00647607 -0.01275884 0.01769330
v -0.00300207 0.00339653 0.00429609
v -0.00912980 -0.00006919 0.00884400
v -0.00051758 0.07982982 0.00785514
v -0.00260184 0.00302116 0.00937969
v -0.00260184 0.00302120 0.01153515
v -0.00267960 -0.08791129 0.01754180
v 0.00276202 0.07982971 0.00990806
v 0.00276202 0.07982971 0.00990806
v -0.01043722 -0.08556213 0.01062546
v -0.01043722 -0.08556213 0.01062546
v -0.01043722 -0.08556213 0.01062546
v -0.01043722 -0.02388612 0.01062545
v -0.01043722 -0.02388612 0.01062545
v -0.01043722 -0.02388612 0.01062545
v -0.01043722 -0.01275856 0.01062545
v -0.01043722 -0.01275856 0.01062545
v -0.01043722 -0.01275856 0.01062545
v -0.01043722 -0.00012238 0.01062546
v -0.01043722 -0.00012238 0.01062546
v -0.01043722 0.00064344 0.01062546
v -0.01043722 0.00064344 0.01062546
v -0.01043722 0.00064344 0.01062546
v -0.00258381 0.08335367 0.01097730
v -0.00258381 0.08335367 0.01097730
v -0.00258381 0.08335367 0.00993747
v -0.00258381 0.08335367 0.00993747
v -0.00636962 -0.01377897 0.01827077
v -0.00636962 -0.01377897 0.01827077
v -0.00636962 -0.02286572 0.01827077
v -0.00636962 -0.02286572 0.01827077
v 0.00561368 -0.01275634 0.00253375
v 0.00331902 -0.08791129 0.00364347
v 0.00832306 -0.01609774 0.00673300
v 0.00832306 -0.01609774 0.00673300
v 0.00832306 -0.02054676 0.00673300
v 0.00832306 -0.02054676 0.00673300
v 0.00149321 0.00365699 0.00494352
v 0.00430397 -0.08837024 0.00458564
v -0.00605477 -0.08837024 0.00642768
v 0.00781000 -0.00012245 0.00347849
v 0.00781000 0.00064337 0.00347849
v 0.00781000 0.00064337 0.00347849
v -0.00364957 0.00379325 0.01096449
v 0.00265883 -0.08904096 0.00499773
v 0.00942769 -0.02396539 0.00950335
v -0.00018166 0.08999995 0.00995975
v -0.00018166 0.08999995 0.00995975
v -0.00018166 0.08999995 0.01095502
v -0.00018166 0.08999995 0.01095502
v 0.00045871 -0.00002353 0.01971730
v 0.00637603 -0.08556213 0.01872237
v 0.00637603 -0.08556213 0.01872237
v 0.00637603 -0.08556213 0.01872237
v 0.00637603 -0.00012238 0.01872237
v 0.00637603 -0.00012238 0.01872237
v 0.00637603 0.00064344 0.01872237
v 0.00637603 0.00064344 0.01872237
v 0.00637603 0.00064344 0.01872237
v -0.00851028 -0.02389404 0.01515450
v -0.00789355 -0.08743077 0.00692511
v 0.00234856 -0.02286615 0.00065395
v 0.00234856 -0.02286615 0.00065395
v -0.00444878 -0.02097368 0.00233231
v -0.00444878 -0.02097368 0.00233231
v -0.00147411 0.07982972 0.00825149
v -0.00147411 0.07982970 0.01266328
v -0.00213735 -0.01377854 0.02030903
v -0.00213735 -0.01377854 0.02030903
v 0.00933060 -0.01275814 0.00577712
v 0.00933060 -0.01275814 0.00577712
v 0.00933060 -0.01275814 0.00577712
v 0.00933060 -0.02388654 0.00577712
v 0.00933060 -0.02388654 0.00577712
v 0.00933060 -0.02388654 0.00577712
v -0.00397918 -0.02358130 0.02006403
v 0.00117351 -0.02150138 0.01986270
v 0.00117351 -0.02150138 0.01986270
v 0.00117351 -0.01514329 0.01986270
v 0.00117351 -0.01514329 0.01986270
v 0.00034713 -0.08991690 0.01238156
v -0.00248651 -0.08556213 0.02059549
v -0.00248651 -0.08556213 0.02059549
v -0.00248651 -0.08556213 0.02059549
v -0.00248651 -0.01275814 0.02059554
v -0.00248651 -0.01275814 0.02059554
v -0.00248651 -0.01275814 0.02059554
v -0.00248651 0.00064328 0.02059554
v -0.00248651 0.00064328 0.02059554
v -0.00248651 0.00064328 0.02059554
v -0.00248651 -0.00012254 0.02059554
v -0.00248651 -0.00012254 0.02059554
v -0.00399290 -0.01269700 0.00216544
v -0.00650635 0.00169117 0.01752908
v -0.00650635 0.00169117 0.01752908
v -0.00650635 -0.08660985 0.01752908
v -0.00650635 -0.08660985 0.01752908
v 0.00399343 -0.01272547 0.00216570
v -0.00755991 -0.08791129 0.01009128
v 0.00208146 0.00131039 0.02027900
v 0.00208146 0.00131039 0.02027900
v -0.00045562 0.00200207 0.01971849
v -0.00045562 0.00200207 0.01971849
v -0.00045562 -0.08692075 0.01971849
v -0.00045562 -0.08692075 0.01971849
v -0.01007946 -0.02389686 0.01034813
v -0.00196735 0.08679717 0.01181728
v -0.00196735 0.08679717 0.01181728
v -0.00196735 0.08679717 0.00909749
v -0.00196735 0.08679717 0.00909749
v 0.00740083 0.00299262 0.00726047
v 0.00058699 -0.02388656 0.00000000
v 0.00058699 -0.02388656 0.00000000
v 0.00448258 -0.08791129 0.00434426
v 0.00327274 -0.08964702 0.00831829
v 0.00051762 0.07982971 0.00785511
v 0.00589673 -0.08791131 0.01515947
v -0.00051993 0.08335367 0.01304121
v -0.00051993 0.08335367 0.01304121
v -0.00051993 0.08335367 0.00787356
v -0.00051993 0.08335367 0.00787356
v 0.00115875 -0.08991690 0.00888264
v 0.00214294 0.00379325 0.00747578
v -0.00187614 0.08607185 0.00858137
v -0.00187614 0.08607185 0.00858137
v -0.00187614 0.08607185 0.01233340
v -0.00187614 0.08607185 0.01233340
v -0.00529526 0.00299262 0.01655345
v -0.00163372 -0.02386766 0.02003964
v -0.00662174 -0.02150138 0.01723893
v -0.00662174 -0.02150138 0.01723893
v -0.00662174 -0.01514329 0.01723893
v -0.00662174 -0.01514329 0.01723893
v -0.00750377 -0.08791129 0.01144841
v -0.01025127 -0.02358130 0.01219897
v -0.01025127 -0.01306340 0.01219897
v -0.00783082 0.00299263 0.00866996
v 0.00133409 -0.08791129 0.01791735
v -0.00749463 0.00131034 0.00375961
v 0.00720491 -0.08791129 0.01282463
v -0.00561316 -0.01274586 0.00253346
v -0.00679888 -0.01609783 0.00438116
v -0.00679888 -0.01609783 0.00438116
v 0.00613659 -0.08622906 0.00251139
v 0.00613659 -0.08622906 0.00251139
v -0.00265325 0.07982986 0.01045741
v -0.00903103 -0.01275985 0.01493036
v 0.00346762 0.00299262 0.00317564
v -0.00695363 -0.00009640 0.01658950
v -0.00062160 -0.08837024 0.00320751
v -0.00357873 -0.01567100 0.00191331
v -0.00357873 -0.01567100 0.00191331
v -0.00238261 -0.00011158 0.00070057
v -0.00287433 0.00379325 0.01276069
v -0.00400565 -0.08904096 0.01501679
v -0.00749490 -0.08622898 0.00376008
v -0.00912632 -0.02390516 0.00886800
v -0.00692467 -0.08837024 0.01268324
v -0.00257625 -0.08837024 0.01726364
v -0.00843106 -0.08743092 0.00853296
v -0.00245123 0.07982971 0.01147267
v 0.00220185 0.00245855 0.00192277
v 0.00695660 0.00200207 0.01658776
v 0.00695660 0.00200207 0.01658776
v 0.00695660 -0.08692075 0.01658776
v 0.00695660 -0.08692075 0.01658776
v -0.00637605 -0.02388612 0.01872236
v -0.00637605 -0.02388612 0.01872236
v -0.00637605 -0.02388612 0.01872236
v -0.00637605 -0.01275856 0.01872236
v -0.00637605 -0.01275856 0.01872236
v -0.00637605 -0.01275856 0.01872236
v -0.00384659 -0.08622902 0.01974358
v 0.00018164 0.08258569 0.00782204
v 0.00018164 0.08258569 0.00782204
v 0.00018164 0.08258569 0.01309273
v 0.00018164 0.08258569 0.01309273
v 0.00242217 0.00339653 0.01686363
v 0.00171243 -0.08964702 0.00694534
v -0.00399296 -0.00000456 0.00216546
v -0.00400821 -0.01275813 0.02013394
v -0.00400821 -0.01275813 0.02013394
v 0.00399337 0.00209739 0.00216566
v 0.00399337 0.00209739 0.00216566
v 0.00399337 -0.00009703 0.00216567
v -0.00058757 -0.02388662 0.00000001
v -0.00058757 -0.02388662 0.00000001
v 0.00607152 -0.08904096 0.01020768
v 0.00199678 -0.08964702 0.01381893
v -0.00358358 -0.01270290 0.00191370
v 0.00752580 -0.00013547 0.01587199
v -0.00415256 0.00365699 0.00652315
v 0.00519988 -0.08743090 0.00354752
v -0.00312950 -0.08837024 0.00389012
v -0.00444835 -0.01567100 0.00233207
v -0.00444835 -0.01567100 0.00233207
v 0.00523953 0.00365699 0.00819329
v -0.00137153 -0.08791129 0.01790778
v 0.00156426 0.07982981 0.01279911
v 0.00156426 0.07982981 0.01279911
v -0.00443082 -0.00001875 0.00231341
v -0.00726446 -0.08837024 0.01010642
v 0.00911376 -0.00012022 0.00623695
v -0.00338336 0.00365699 0.00584629
v -0.00511617 -0.01274088 0.00248916
v -0.00892561 -0.00006753 0.00794946
v -0.00849564 -0.01276131 0.01516082
v 0.01032589 -0.02388662 0.01221170
v 0.01032589 -0.02388662 0.01221170
v 0.01032589 -0.01275807 0.01221170
v 0.01032589 -0.01275807 0.01221170
v 0.00313622 -0.08677605 0.00157803
v 0.00313622 -0.08677605 0.00157803
v -0.00269496 -0.01275378 0.00112816
v 0.00891403 -0.01273514 0.00793226
v -0.00000007 -0.01589617 0.01966062
v -0.00000007 -0.01589617 0.01966062
v -0.00000007 -0.01589617 0.01966062
v -0.00166988 0.08679716 0.00880001
v -0.00166988 0.08679716 0.01211476
v 0.01008014 -0.01377897 0.01034891
v 0.01008014 -0.01377897 0.01034891
v 0.01008014 -0.02286572 0.01034891
v 0.01008014 -0.02286572 0.01034891
v -0.00305735 -0.08964702 0.01288327
v 0.00104102 -0.00003538 0.01982251
v 0.00054931 0.00302110 0.00769524
v 0.00903497 -0.01377854 0.01492866
v 0.00903497 -0.01377854 0.01492866
v 0.00903497 -0.02286615 0.01492866
v 0.00903497 -0.02286615 0.01492866
v 0.00631873 0.00299262 0.01546678
v -0.00663885 -0.00012238 0.00240198
v -0.00663885 -0.00012238 0.00240198
v -0.00663885 0.00064344 0.00240198
v -0.00663885 0.00064344 0.00240198
v -0.00663885 0.00064344 0.00240198
v -0.00033120 -0.08964702 0.00656701
v 0.00195659 -0.08991690 0.01037791
v 0.00634541 -0.08791129 0.00630649
v 0.00177897 -0.01609792 0.01940054
v 0.00177897 -0.01609792 0.01940054
v -0.00808044 -0.02389611 0.01540715
v 0.00636981 -0.02389229 0.01826977
v 0.00363757 0.00379325 0.01093873
v 0.00000014 0.07982989 0.00764125
v 0.00000014 0.07982989 0.00764125
v 0.00000014 0.07982989 0.00764125
v 0.00000014 0.07982989 0.00764125
v -0.00072561 0.08999994 0.00973186
v -0.00072561 0.08999994 0.00973186
v -0.00072561 0.08999994 0.01118291
v -0.00072561 0.08999994 0.01118291
v -0.01007730 -0.01274723 0.01034563
v -0.00302789 -0.02383990 0.00147820
v 0.00360756 -0.08692075 0.00191564
v 0.00360756 -0.08692075 0.00191564
v -0.00395643 -0.02054694 0.00224226
v -0.00395643 -0.02054694 0.00224226
v -0.00395643 -0.02054694 0.00224226
v 0.00513835 -0.01514329 0.00249281
v 0.00513835 -0.01514329 0.00249281
v -0.00049767 0.08679720 0.01045749
v -0.00339382 0.00379325 0.00902491
v -0.00360422 -0.00004106 0.00191537
v 0.00780961 -0.02388662 0.00347801
v 0.00780961 -0.02388662 0.00347801
v 0.00780961 -0.08556194 0.00347797
v 0.00780961 -0.08556194 0.00347797
v -0.00302332 -0.01514329 0.00147426
v -0.00302332 -0.01514329 0.00147426
v -0.00911217 0.00131030 0.00624278
v -0.00911217 0.00131030 0.00624278
v -0.00911217 -0.08622898 0.00624278
v -0.00911217 -0.08622898 0.00624278
v 0.00096603 0.08679720 0.01190798
v 0.00418313 -0.08743079 0.01802611
v 0.00196623 -0.08837024 0.00344965
v 0.00381644 -0.08964702 0.00960291
v 0.00559652 -0.08904096 0.00809213
v 0.00348940 -0.01609783 0.01888171
v 0.00348940 -0.01609783 0.01888171
v 0.00359128 -0.08904096 0.00555932
v -0.00767313 0.00299262 0.01297867
v -0.00161478 0.00379325 0.00715096
v 0.00056324 -0.08622898 0.00042193
v 0.00135989 0.08679722 0.01242473
v 0.00135989 0.08679722 0.01242473
v 0.00135989 0.08679722 0.00849003
v 0.00135989 0.08679722 0.00849003
v 0.00854194 -0.02388656 0.00439630
v 0.00854194 -0.02388656 0.00439630
v 0.00854194 -0.01275813 0.00439630
v 0.00854194 -0.01275813 0.00439630
v 0.00387411 -0.08964702 0.01099666
v -0.00651589 0.00339653 0.01259814
v -0.00147222 0.00169101 0.01995334
v -0.00147222 0.00169101 0.01995334
v 0.00241650 -0.02358144 0.02053809
v 0.00241650 -0.02358144 0.02053809
v -0.00548292 -0.01609792 0.00317162
v -0.00548292 -0.01609792 0.00317162
v 0.00757758 -0.08791129 0.01014478
v 0.00888957 -0.01609775 0.00842832
v 0.00888957 -0.01609775 0.00842832
v 0.00888957 -0.02054694 0.00842832
v 0.00888957 -0.02054694 0.00842832
v 0.00628235 0.00339653 0.00774320
v 0.00227776 -0.01609792 0.00162808
v 0.00227776 -0.01609792 0.00162808
v 0.00851526 -0.02203537 0.01515236
v 0.00851526 -0.02203537 0.01515236
v 0.00851526 -0.01460932 0.01515236
v 0.00851526 -0.01460932 0.01515236
v -0.00935334 -0.08677692 0.00937316
v -0.00935334 -0.08677692 0.00937316
v -0.00935334 0.00185825 0.00937316
v -0.00935334 0.00185825 0.00937316
v 0.01007731 -0.01275304 0.01034565
v -0.00693165 -0.01567100 0.01660236
v -0.00693165 -0.01567100 0.01660236
v -0.00693165 -0.02097368 0.01660236
v -0.00693165 -0.02097368 0.01660236
v -0.00199699 0.00365699 0.01581585
v -0.00138025 -0.08964702 0.01411084
v -0.00444793 -0.02382306 0.00233139
v -0.00379993 -0.08964702 0.00957599
v -0.00719542 -0.00009122 0.01619547
v -0.00808507 -0.02150138 0.01540396
v -0.00808507 -0.02150138 0.01540396
v -0.00808507 -0.01514329 0.01540396
v -0.00808507 -0.01514329 0.01540396
v -0.00743632 -0.02054683 0.00518075
v -0.00743632 -0.02054683 0.00518075
v -0.00743632 -0.01609784 0.00518075
v -0.00743632 -0.01609784 0.00518075
v 0.00806749 -0.01277634 0.01541606
v 0.00568669 0.00245855 0.01719158
v 0.00651536 0.00339653 0.01255208
v -0.00897244 -0.01272229 0.00840929
v -0.00897244 -0.01589617 0.00840927
v -0.00897244 -0.01589617 0.00840927
v -0.00897244 -0.02074852 0.00840927
v -0.00897244 -0.02074852 0.00840927
v -0.00897244 -0.02389697 0.00840927
v -0.00054929 0.00302107 0.01321934
v -0.00260229 0.07982975 0.00993976
v 0.00689119 0.00245856 0.01595289
v 0.00305050 -0.08964702 0.01290487
v -0.00056378 -0.08622902 0.00042185
v -0.00190627 -0.08837024 0.00343596
v 0.00024888 0.08999996 0.01020861
v -0.00943061 -0.02150138 0.00950846
v -0.00943061 -0.02150138 0.00950846
v -0.00943061 -0.01514329 0.00950846
v -0.00943061 -0.01514329 0.00950846
v 0.00234152 0.00302105 0.00889279
v -0.00107760 0.07982984 0.00785552
v -0.00107760 0.07982984 0.00785552
v 0.00018713 -0.08991690 0.00851406
v 0.00180379 -0.08991690 0.00969739
v -0.00891402 -0.01274544 0.00793225
v 0.00775313 -0.02358130 0.00352843
v 0.00805197 0.00299262 0.01006754
v 0.00215828 -0.02388654 0.00024432
v 0.00215828 -0.02388654 0.00024432
v 0.00215828 -0.02388654 0.00024432
v 0.00215828 -0.08556195 0.00024433
v 0.00215828 -0.08556195 0.00024433
v 0.00215828 -0.08556195 0.00024433
v -0.00911375 -0.00011402 0.00623697
v 0.00051162 -0.01609783 0.00135335
v 0.00051162 -0.01609783 0.00135335
v -0.00051755 0.07982973 0.01305955
v 0.00281619 0.07982971 0.01045748
v 0.00281619 0.07982971 0.01045748
v -0.00217946 0.00379325 0.00749106
v -0.00890792 -0.02389885 0.00722590
v 0.00666603 0.00339653 0.00890998
v -0.00412192 0.00299262 0.01739962
v -0.00641609 -0.08837024 0.01388486
v 0.00057081 -0.08904096 0.00441353
v 0.00555959 0.00365699 0.00916663
v -0.00563468 -0.01460932 0.00253256
v -0.00563468 -0.01460932 0.00253256
v 0.00312542 -0.00007852 0.00156785
v -0.00911479 -0.01609792 0.01020157
v -0.00911479 -0.01609792 0.01020157
v -0.00911479 -0.02054677 0.01020157
v -0.00911479 -0.02054677 0.01020157
v -0.00436843 -0.08904096 0.00624736
v 0.00399297 -0.08701607 0.00216548
v 0.00399297 -0.08701607 0.00216548
v -0.00830975 -0.08743093 0.01285136
v -0.00737283 -0.08791129 0.00874593
v -0.00051096 -0.01609784 0.00135351
v -0.00051096 -0.01609784 0.00135351
v -0.00156452 0.07982979 0.00811584
v -0.00156452 0.07982979 0.00811584
v 0.00220604 0.07982989 0.00898328
v 0.00220604 0.08378280 0.00898352
v 0.00220604 0.08378280 0.01193125
v 0.00477438 -0.08837024 0.01595651
v -0.00864442 -0.08743090 0.01021466
v 0.00440845 -0.08904096 0.00627838
v 0.00049762 0.08999995 0.01027573
v 0.00049762 0.08999995 0.01027573
v 0.00049762 0.08999995 0.01063904
v 0.00049762 0.08999995 0.01063904
v -0.00000172 -0.08991690 0.01241170
v 0.00213742 -0.01377897 0.02030891
v 0.00213742 -0.01377897 0.02030891
v 0.00897642 0.00131030 0.01495387
v 0.00897642 0.00131030 0.01495387
v 0.00897642 -0.08622898 0.01495387
v 0.00897642 -0.08622898 0.01495387
v 0.00785273 0.00299262 0.00863470
v 0.00679916 -0.01609784 0.00438177
v 0.00679916 -0.01609784 0.00438177
v -0.00227960 -0.08964702 0.00729041
v 0.00245124 0.08459088 0.01147270
v 0.00245124 0.08459088 0.01147270
v 0.00245124 0.08459088 0.00944207
v 0.00245124 0.08459088 0.00944207
v -0.00220135 0.00245842 0.00192263
v 0.00912633 -0.02397710 0.00886797
v 0.00868951 0.00245842 0.01193368
v 0.00492733 0.00339653 0.00570613
v 0.00117278 0.08848863 0.00929372
v 0.00117278 0.08848863 0.01162104
v -0.00810114 -0.01609774 0.01464255
v -0.00810114 -0.01609774 0.01464255
v -0.00810114 -0.02054676 0.01464255
v -0.00810114 -0.02054676 0.01464255
v -0.00397914 -0.01306319 0.02006411
v -0.00241710 0.00379325 0.01323554
v 0.00638113 0.00131039 0.01820837
v 0.00638113 0.00131039 0.01820837
v 0.00638113 -0.08622906 0.01820837
v 0.00638113 -0.08622906 0.01820837
v 0.00105767 -0.08964702 0.00669696
v 0.00891135 -0.01567100 0.00792828
v 0.00891135 -0.01567100 0.00792828
v 0.00891135 -0.02097368 0.00792828
v 0.00891135 -0.02097368 0.00792828
v -0.00662982 -0.01276039 0.01721865
v 0.00395611 -0.02054694 0.00224210
v 0.00395611 -0.02054694 0.00224210
v 0.00395611 -0.02054694 0.00224210
v -0.00655130 -0.02358144 0.00242366
v -0.00655130 -0.02358144 0.00242366
v 0.00265326 0.08255042 0.01045737
v 0.00265326 0.08255042 0.01045737
v 0.00092045 0.08679720 0.01099964
v -0.00083599 -0.08991690 0.00869600
v 0.00294295 0.00339653 0.00427508
v 0.00000002 0.08999998 0.01045736
v 0.00000002 0.00209739 0.01966063
v 0.00000002 0.00209739 0.01966063
v -0.00859313 0.00245856 0.00849597
v 0.00100098 -0.08991690 0.01213878
v 0.00508410 -0.08904096 0.00713179
v 0.00892556 -0.00011991 0.00794939
v -0.00224508 0.08617782 0.00901240
v -0.00224508 0.08617782 0.00901240
v -0.00224508 0.08617782 0.00901240
v -0.00224508 0.08617782 0.01190237
v -0.00224508 0.08617782 0.01190237
v -0.00224508 0.08617782 0.01190237
v 0.00663929 -0.01275814 0.00240228
v 0.00663929 -0.01275814 0.00240228
v 0.00663929 -0.01275814 0.00240228
v 0.00663929 0.00064328 0.00240228
v 0.00663929 0.00064328 0.00240228
v 0.00663929 0.00064328 0.00240228
v 0.00663929 -0.00012254 0.00240228
v 0.00663929 -0.00012254 0.00240228
v -0.00357919 -0.02097368 0.00191350
v -0.00357919 -0.02097368 0.00191350
v 0.00898960 -0.02054684 0.01198456
v 0.00898960 -0.02054684 0.01198456
v 0.00898960 -0.01609783 0.01198456
v 0.00898960 -0.01609783 0.01198456
v -0.00100246 -0.08991690 0.01213171
v 0.00285424 0.00299262 0.01800263
v 0.00115269 -0.01276945 0.01985638
v 0.00238616 -0.08622898 0.00070542
v 0.00238616 -0.08622898 0.00070542
v -0.00480275 -0.08837024 0.01592267
v 0.00532272 0.00299262 0.01651592
v -0.00676121 -0.08743092 0.01584925
v -0.00382417 0.00245856 0.00251605
v -0.00577578 -0.08904096 0.01231443
v 0.00426355 0.00245842 0.01817161
v -0.00889758 -0.08677605 0.00737326
v -0.00889758 -0.08677605 0.00737326
v -0.00889758 0.00185738 0.00737326
v -0.00889758 0.00185738 0.00737326
v -0.00238639 -0.08622906 0.00070537
v -0.00238639 -0.08622906 0.00070537
v -0.00893570 -0.00010700 0.00688884
v -0.00891206 -0.02389873 0.00792934
v -0.00804528 0.00245842 0.00685721
v 0.00780997 -0.01275813 0.00347844
v 0.00780997 -0.01275813 0.00347844
v 0.00211145 0.00299262 0.00267213
v -0.00806739 -0.01276213 0.01541613
v -0.00876188 -0.02054683 0.01298147
v -0.00876188 -0.02054683 0.01298147
v -0.00876188 -0.01609784 0.01298147
v -0.00876188 -0.01609784 0.01298147
v -0.00260213 0.07982989 0.01097500
v 0.00294088 0.00365699 0.01535383
v 0.00384654 -0.08622898 0.01974349
v -0.00933059 0.00064328 0.00577713
v -0.00933059 0.00064328 0.00577713
v -0.00933059 0.00064328 0.00577713
v -0.00933059 -0.00012254 0.00577713
v -0.00933059 -0.00012254 0.00577713
v -0.00933059 -0.08556195 0.00577713
v -0.00933059 -0.08556195 0.00577713
v -0.00933059 -0.08556195 0.00577713
v 0.00799218 0.00299262 0.01151293
v 0.00999181 -0.01306319 0.01333599
v 0.00999181 -0.02358150 0.01333599
v -0.00637041 -0.01275658 0.01826654
v -0.00650256 -0.00011374 0.01754959
v 0.00929017 -0.01306323 0.00585816
v 0.00929017 -0.01306323 0.00585816
v 0.00929017 -0.02358144 0.00585816
v 0.00929017 -0.02358144 0.00585816
v -0.00486200 -0.08622902 0.01925458
v -0.00486200 0.00131034 0.01925458
v -0.00145050 0.08679720 0.00949129
v 0.00768315 -0.08743077 0.01442652
v 0.00903403 -0.02389114 0.01492907
v 0.00620039 -0.01377854 0.00250891
v 0.00620039 -0.01377854 0.00250891
v 0.00260212 0.07982981 0.00993975
v -0.00220599 0.07982979 0.00898341
v -0.00220599 0.07982978 0.01193147
v 0.00705269 -0.08743093 0.00545313
v 0.00193964 -0.08991690 0.01072765
v -0.00498397 0.00185825 0.00246860
v -0.00498397 0.00185825 0.00246860
v -0.00400817 -0.08556194 0.02013398
v -0.00400817 -0.08556194 0.02013398
v -0.00442899 -0.08692075 0.00231123
v -0.00442899 -0.08692075 0.00231123
v -0.00667714 -0.08837024 0.00757451
v -0.00278156 -0.00006077 0.00124664
v -0.00213357 -0.01276255 0.02030700
v 0.00695359 -0.00013340 0.01658952
v 0.00698484 -0.08791129 0.00750486
v 0.00302751 -0.02392752 0.00147812
v -0.00100834 0.00365699 0.01608494
v 0.00565836 0.00365699 0.01120520
v -0.00573870 0.00339653 0.00670411
v 0.00265320 0.07982988 0.01045734
v -0.00720621 -0.08791129 0.01277370
v -0.00694854 -0.08791129 0.00745562
v -0.00819726 0.00131030 0.00464081
v -0.00819726 -0.08622898 0.00464081
v 0.00497225 -0.08791129 0.01618111
v -0.00753200 -0.01276261 0.01585229
v -0.00090418 0.08999999 0.00991046
v -0.00090418 0.08999999 0.00991046
v -0.00090418 0.08999999 0.00991046
v -0.00090418 0.08999999 0.01100431
v -0.00090418 0.08999999 0.01100431
v -0.00090418 0.08999999 0.01100431
v -0.00048260 -0.01567100 0.01970810
v -0.00048260 -0.01567100 0.01970810
v -0.00048260 -0.02097368 0.01970810
v -0.00048260 -0.02097368 0.01970810
v 0.00767525 0.00299262 0.01292443
v 0.00546750 -0.00010142 0.00253988
v -0.00637476 -0.01306335 0.01863191
v -0.00637476 -0.01306335 0.01863191
v -0.00637476 -0.02358132 0.01863191
v -0.00637476 -0.02358132 0.01863191
v 0.00444749 -0.02388385 0.00233114
v 0.00276194 0.00302119 0.00990795
v -0.00235111 -0.01275538 0.00065744
v -0.00912683 -0.01271730 0.00886449
v -0.00389638 -0.08964702 0.01026961
v 0.00330930 -0.08743093 0.01844686
v 0.01003852 0.00131039 0.01030100
v 0.01003852 0.00131039 0.01030100
v 0.01003852 -0.08622906 0.01030100
v 0.01003852 -0.08622906 0.01030100
v 0.00947668 -0.01275814 0.01483432
v 0.00947668 -0.01275814 0.01483432
v 0.00947668 -0.01275814 0.01483432
v 0.00947668 -0.02388654 0.01483432
v 0.00947668 -0.02388654 0.01483432
v 0.00947668 -0.02388654 0.01483432
v -0.00000004 -0.08743092 0.01910528
v -0.00753304 -0.02389734 0.01584896
v 0.00001646 0.00339653 0.01730900
v 0.00146111 0.00299262 0.01839242
v -0.00227743 -0.01609792 0.00162802
v -0.00227743 -0.01609792 0.00162802
v 0.00751184 -0.08791129 0.01150148
v -0.00675774 0.00299262 0.00603659
v 0.00049445 0.00245842 0.00165723
v -0.00959900 -0.00008828 0.00979510
v 0.00033970 0.08999998 0.01011774
v 0.00058288 -0.02358150 0.00007553
v 0.00719547 -0.01589617 0.01619540
v 0.00719547 -0.01589617 0.01619540
v 0.00719547 -0.02074852 0.01619540
v 0.00719547 -0.02074852 0.01619540
v -0.00534892 0.00339653 0.01474847
v 0.00147407 0.07982971 0.00825129
v 0.00550230 -0.08791129 0.00524154
v -0.00337292 0.00245859 0.01860044
v -0.00308351 0.00379325 0.00844334
v -0.00250565 0.00365699 0.00531768
v -0.00657200 0.00245842 0.00458405
v 0.00047817 -0.01277167 0.01970980
v -0.00970905 -0.02203537 0.00992178
v -0.00970905 -0.02203537 0.00992178
v -0.00970905 -0.01460932 0.00992178
v -0.00970905 -0.01460932 0.00992178
v -0.00557942 -0.08743090 0.01706457
v 0.00156451 0.00302115 0.00811589
v 0.00343835 -0.08964702 0.01232179
v -0.00219690 -0.02358132 0.00032653
v -0.00219690 -0.02358132 0.00032653
v 0.00881060 0.00245855 0.01020999
v -0.00058759 -0.08556194 0.00000000
v -0.00058759 -0.08556194 0.00000000
v -0.00102441 -0.08677692 0.01981747
v -0.00102441 -0.08677692 0.01981747
v -0.00854190 -0.08556206 0.00439628
v -0.00854190 -0.08556206 0.00439628
v -0.00854190 0.00064337 0.00439628
v -0.00854190 0.00064337 0.00439628
v -0.00360800 -0.08692075 0.00191583
v -0.00360800 -0.08692075 0.00191583
v 0.00136478 -0.08964702 0.01412054
v -0.00613670 -0.08622898 0.00251161
v -0.00613670 -0.08622898 0.00251161
v -0.00101526 0.08378285 0.00800620
v -0.00101526 0.08378285 0.01290857
v 0.00506645 -0.02388662 0.01962433
v 0.00506645 -0.02388662 0.01962433
v 0.00506645 -0.01275807 0.01962433
v 0.00506645 -0.01275807 0.01962433
v 0.00313848 0.00185825 0.00157986
v 0.00313848 0.00185825 0.00157986
v 0.00543390 0.00365699 0.01220492
v -0.00969484 -0.01273520 0.00990542
v 0.00640208 -0.08837024 0.01393018
v -0.00265306 0.08239108 0.01045743
v -0.01036570 -0.01306335 0.01057004
v -0.01036570 -0.01306335 0.01057004
v -0.01036570 -0.02358132 0.01057004
v -0.01036570 -0.02358132 0.01057004
v 0.00068906 -0.08964702 0.01430445
v 0.00502986 -0.02358130 0.01955805
v 0.00502986 -0.01306340 0.01955805
v -0.00268279 -0.02203537 0.00111099
v -0.00268279 -0.02203537 0.00111099
v -0.00941963 -0.01272652 0.00948922
v 0.00211846 -0.08904096 0.01615053
v -0.00218193 0.00299262 0.00268730
v -0.00001915 -0.08791129 0.01803432
v -0.00601424 -0.08904096 0.01125238
v 0.00263533 0.08258569 0.01027576
v 0.00263533 0.08258569 0.01027576
v 0.00263533 0.08258569 0.01063901
v 0.00263533 0.08258569 0.01063901
v 0.00588292 -0.01609792 0.01742416
v 0.00588292 -0.01609792 0.01742416
v 0.00588292 -0.02054677 0.01742416
v 0.00588292 -0.02054677 0.01742416
v 0.00000524 0.00379325 0.01413490
v -0.00442856 0.00200207 0.00231099
v -0.00442856 0.00200207 0.00231099
v -0.00154766 0.00365699 0.00495427
v -0.00194560 -0.08991690 0.01036413
v -0.00631689 0.00339653 0.00778774
v -0.00000010 0.07982982 0.01327364
v -0.00000010 0.07982982 0.01327364
v -0.00590931 -0.08904096 0.00908669
v 0.00337301 0.00245842 0.01860048
v -0.00035029 0.00379325 0.00679718
v 0.00171948 0.00245855 0.01910210
v -0.00268230 -0.01460932 0.00111084
v -0.00268230 -0.01460932 0.00111084
v 0.00172177 -0.08991690 0.01139022
v -0.00156470 0.00302107 0.01279895
v -0.00912869 -0.02389242 0.00618228
v 0.00095790 0.00379325 0.00691025
v 0.00719541 0.00209739 0.01619547
v 0.00719541 0.00209739 0.01619547
v 0.00719541 -0.08701607 0.01619547
v 0.00719541 -0.08701607 0.01619547
v 0.00068498 -0.08991690 0.01228960
v 0.00752474 0.00200207 0.01587532
v 0.00752474 0.00200207 0.01587532
v 0.00752474 -0.08692075 0.01587532
v 0.00752474 -0.08692075 0.01587532
v 0.00562927 -0.02389027 0.00253278
v 0.00231231 -0.08964702 0.00730664
v -0.00667269 -0.00010458 0.01711088
v -0.00371403 -0.08964702 0.01165257
v -0.00446341 0.00365699 0.01403717
v 0.00264088 0.00379325 0.00790773
v -0.00158937 -0.08904096 0.00460024
v -0.00912896 -0.01377854 0.00618128
v -0.00912896 -0.01377854 0.00618128
v -0.00912896 -0.02286615 0.00618128
v -0.00912896 -0.02286615 0.00618128
v 0.00718827 0.00245859 0.00535693
v -0.00562980 -0.02385241 0.00253307
v -0.00630066 -0.08791129 0.00626179
v -0.00647219 -0.02203537 0.01771433
v -0.00647219 -0.02203537 0.01771433
v -0.00647219 -0.01460932 0.01771433
v -0.00647219 -0.01460932 0.01771433
v -0.00101532 0.08459088 0.00800614
v -0.00101532 0.08459088 0.00800614
v -0.00101532 0.08459088 0.01290863
v -0.00101532 0.08459088 0.01290863
v 0.00644803 -0.08743079 0.00469483
v 0.00142162 -0.08991690 0.00911394
v -0.00163843 -0.02203537 0.02004217
v -0.00163843 -0.02203537 0.02004217
v -0.00163843 -0.01460932 0.02004217
v -0.00163843 -0.01460932 0.02004217
v -0.00685287 0.00339653 0.01017488
v 0.00253845 -0.08837024 0.01728172
v 0.00620000 -0.02286572 0.00250872
v 0.00620000 -0.02286572 0.00250872
v 0.00269550 -0.01274586 0.00112838
v 0.00415539 0.00299262 0.01737036
v -0.00312729 -0.08904096 0.01565970
v -0.00709987 0.00299262 0.01430688
v 0.00662386 -0.02390279 0.01723361
v 0.00215881 -0.01275856 0.00024447
v 0.00215881 -0.01275856 0.00024447
v 0.00215881 -0.01275856 0.00024447
v -0.00054981 0.07982978 0.01321927
v -0.00054981 0.07982978 0.01321927
v 0.00834219 0.00169101 0.01522692
v 0.00834219 0.00169101 0.01522692
v 0.00834219 -0.08660967 0.01522692
v 0.00834219 -0.08660967 0.01522692
v 0.00000518 -0.09000000 0.01045865
v 0.00544680 0.00169101 0.00254075
v 0.00544680 0.00169101 0.00254075
v 0.00066156 0.00379325 0.01407350
v -0.00499733 -0.08791129 0.01614587
v -0.00268590 -0.02384052 0.00111524
v 0.00846950 0.00245859 0.01289738
v 0.00144498 0.08617788 0.01270245
v 0.00144498 0.08617788 0.01270245
v 0.00144498 0.08617788 0.01270245
v 0.00144498 0.08617788 0.00821231
v 0.00144498 0.08617788 0.00821231
v 0.00144498 0.08617788 0.00821231
v -0.00913027 0.00200207 0.00884065
v -0.00913027 0.00200207 0.00884065
v -0.00913027 -0.08692075 0.00884065
v -0.00913027 -0.08692075 0.00884065
v 0.00663883 -0.02388612 0.00240197
v 0.00663883 -0.02388612 0.00240197
v 0.00663883 -0.02388612 0.00240197
v -0.00571802 0.00365699 0.01022183
v -0.00185369 0.00339653 0.00386046
v -0.00897247 -0.00006280 0.00840934
v -0.00897247 0.00209739 0.00840936
v -0.00897247 0.00209739 0.00840936
v -0.00897247 -0.08701607 0.00840936
v -0.00897247 -0.08701607 0.00840936
v -0.00054932 0.00302115 0.00769523
v -0.00054017 0.00365699 0.00476775
v 0.00000006 -0.01609775 0.01957559
v 0.00000006 -0.01609775 0.01957559
v 0.00000006 -0.01609775 0.01957559
v 0.00000006 -0.02385551 0.01966062
v 0.00199130 0.00302105 0.00846608
v -0.00279393 -0.08660985 0.00126307
v -0.00279393 -0.08660985 0.00126307
v -0.00208114 0.00131030 0.02027896
v -0.00208114 0.00131030 0.02027896
v -0.00241657 -0.02358132 0.02053810
v -0.00241657 -0.02358132 0.02053810
v -0.00693576 -0.01276188 0.01659997
v -0.00350063 0.00379325 0.01160662
v 0.00609348 -0.08837024 0.00647062
v 0.00898201 -0.00012788 0.01495147
v 0.00358003 -0.02394642 0.00191341
v -0.00187607 0.07982970 0.00858141
v -0.00058695 -0.00012245 0.00000001
v -0.00058695 0.00064337 0.00000001
v -0.00058695 0.00064337 0.00000001
v -0.00449701 0.00339653 0.01563323
v -0.00753343 -0.01567100 0.01584775
v -0.00753343 -0.01567100 0.01584775
v -0.00753343 -0.02097368 0.01584775
v -0.00753343 -0.02097368 0.01584775
v -0.00441087 -0.02054684 0.01843796
v -0.00441087 -0.02054684 0.01843796
v -0.00441087 -0.01609783 0.01843796
v -0.00441087 -0.01609783 0.01843796
v -0.00506649 -0.08556194 0.01962433
v -0.00506649 -0.08556194 0.01962433
v -0.00506649 0.00064325 0.01962433
v -0.00506649 0.00064325 0.01962433
v -0.00506649 -0.00012256 0.01962433
v 0.00107774 0.07982978 0.00785561
v 0.00107774 0.07982978 0.00785561
v 0.00727713 -0.08837024 0.01015781
v 0.00164111 -0.08904096 0.00461166
v 0.00238288 -0.00010728 0.00070056
v 0.00534154 -0.08904096 0.01335463
v -0.00104310 -0.00003544 0.01982314
v 0.00054944 0.07982988 0.01321934
v 0.00054944 0.07982988 0.01321934
v -0.00147230 -0.08660985 0.01995337
v -0.00147230 -0.08660985 0.01995337
v 0.00400820 -0.01275807 0.02013396
v 0.00400820 -0.01275807 0.02013396
v -0.00054224 0.08679720 0.00953691
v 0.00220601 0.07982979 0.01193132
v 0.00375205 -0.08743092 0.00266583
v -0.00260210 0.08252864 0.00993972
v -0.00260210 0.08252864 0.01097505
v 0.00123936 0.00339653 0.01719457
v -0.00712890 -0.01609775 0.01614249
v -0.00712890 -0.01609775 0.01614249
v -0.00712890 -0.02054694 0.01614249
v -0.00712890 -0.02054694 0.01614249
v -0.00188244 0.00379325 0.01362110
v 0.00958551 0.00169117 0.00977958
v 0.00958551 0.00169117 0.00977958
v 0.00958551 -0.08660985 0.00977958
v 0.00958551 -0.08660985 0.00977958
v -0.00348947 -0.01609784 0.01888148
v -0.00348947 -0.01609784 0.01888148
v -0.00234165 0.07982975 0.01202159
v -0.00234165 0.07982975 0.01202159
v 0.00018171 0.08679720 0.00995974
v 0.00018171 0.08679720 0.01095503
v 0.00260216 0.08252869 0.01097491
v 0.00399954 0.00339653 0.00490129
v 0.00156461 0.07982978 0.00811590
v 0.00156461 0.07982978 0.00811590
v -0.00248650 -0.02388612 0.02059549
v -0.00248650 -0.02388612 0.02059549
v -0.00248650 -0.02388612 0.02059549
v -0.00399289 -0.01589617 0.00216544
v -0.00399289 -0.01589617 0.00216544
v 0.00399344 -0.01589617 0.00216570
v 0.00399344 -0.01589617 0.00216570
v 0.00544647 -0.08660985 0.00254048
v 0.00544647 -0.08660985 0.00254048
v 0.00569652 0.00339653 0.00666369
v 0.00352688 0.00339653 0.01632681
v -0.00513793 -0.01514329 0.00249255
v -0.00513793 -0.01514329 0.00249255
v 0.00279351 -0.08660967 0.00126298
v 0.00279351 -0.08660967 0.00126298
v 0.00177882 -0.02054676 0.01940054
v 0.00177882 -0.02054676 0.01940054
v -0.00145276 0.08679720 0.01142124
vt 0.66839200 0.77924700
vt 0.74872500 0.77941500
vt 0.58805900 0.77959500
vt 0.91148500 0.00551300
vt 0.74872500 0.77791300
vt 0.65173700 0.45477400
vt 0.58805900 0.77809600
vt 0.66839200 0.77773500
vt 0.62620000 0.45546400
vt 0.82866200 0.00551200
vt 0.99430800 0.00551200
vt 0.59712100 0.05070400
vt 0.64819300 0.80575400
vt 0.93219200 0.72571100
vt 0.59688700 0.39122300
vt 0.71959700 0.61091000
vt 0.87525000 0.00551400
vt 0.59316600 0.77834000
vt 0.66310500 0.77798800
vt 0.78318600 0.19393800
vt 0.73451400 0.05189300
vt 0.51635400 0.95183200
vt 0.90485300 0.94697400
vt 0.78353800 0.35845300
vt 0.73406400 0.42464600
vt 0.59721200 0.00839700
vt 0.84936600 0.72571200
vt 0.72867800 0.80575400
vt 0.71858400 0.80421800
vt 0.69041100 0.41431100
vt 0.32874000 0.77106300
vt 0.81584900 0.52762700
vt 0.15403200 0.93425700
vt 0.17075600 0.96900500
vt 0.86345400 0.97500100
vt 0.61942000 0.10037500
vt 0.75741600 0.01758900
vt 0.59685900 0.28957400
vt 0.85810100 0.95328700
vt 0.88359300 0.94884300
vt 0.17075900 0.94078800
vt 0.83840800 0.96296900
vt 0.59773500 0.02955000
vt 0.62648200 0.02955000
vt 0.76641100 0.46812700
vt 0.62648000 0.08919000
vt 0.76640900 0.54480300
vt 0.76642000 0.00808300
vt 0.59651900 0.08918900
vt 0.00484700 0.86236900
vt 0.77999500 0.02559800
vt 0.44814800 0.87563800
vt 0.84755300 0.91660300
vt 0.65018300 0.41262300
vt 0.62464600 0.49761700
vt 0.70322700 0.71277400
vt 0.27845900 0.81277900
vt 0.76486200 0.20454700
vt 0.79988000 0.89560700
vt 0.76323200 0.88980100
vt 0.00894100 0.19440200
vt 0.78800300 0.64089200
vt 0.88049800 0.92005600
vt 0.62788100 0.66742800
vt 0.59706900 0.37088000
vt 0.23535000 0.77106200
vt 0.81598400 0.08439200
vt 0.76822500 0.16143400
vt 0.23535000 0.81278000
vt 0.70792700 0.64814600
vt 0.33631000 0.94593900
vt 0.63220000 0.49681600
vt 0.39757200 0.97710700
vt 0.73083900 0.27077600
vt 0.58227000 0.43643600
vt 0.90283100 0.80093300
vt 0.58363800 0.88693400
vt 0.66639300 0.63676500
vt 0.83639400 0.86089200
vt 0.74662500 0.89397400
vt 0.51626900 0.96179700
vt 0.68706000 0.57376000
vt 0.70410000 0.85523200
vt 0.63802100 0.80420600
vt 0.00505700 0.73664400
vt 0.64870800 0.54655800
vt 0.13054400 0.83661400
vt 0.93794200 0.80005300
vt 0.12336400 0.83660400
vt 0.26887000 0.81277900
vt 0.76489500 0.19496600
vt 0.26887000 0.77106300
vt 0.81287700 0.05083800
vt 0.19442200 0.95113900
vt 0.81115900 0.08840100
vt 0.62447100 0.38211900
vt 0.76335700 0.15746900
vt 0.71643300 0.70007600
vt 0.87525000 0.72571300
vt 0.70391400 0.80575400
vt 0.69349000 0.73680500
vt 0.00552200 0.59745200
vt 0.70870900 0.80575400
vt 0.87007300 0.72571100
vt 0.61826500 0.80575400
vt 0.96325100 0.72571200
vt 0.70018100 0.97072900
vt 0.64953800 0.59650200
vt 0.44529000 0.87648600
vt 0.78295500 0.02529000
vt 0.74639600 0.88322100
vt 0.73039400 0.63082200
vt 0.21904500 0.97118500
vt 0.67777300 0.54270100
vt 0.01249600 0.12841900
vt 0.85380300 0.93763500
vt 0.70313200 0.68581300
vt 0.91508400 0.97487500
vt 0.53304800 0.95202400
vt 0.89077900 0.00551400
vt 0.70942600 0.57363700
vt 0.31198100 0.81278000
vt 0.76793300 0.23810900
vt 0.92790500 0.85839700
vt 0.39761300 0.94500200
vt 0.70023800 0.96639900
vt 0.72062000 0.96644100
vt 0.97114500 0.90785700
vt 0.61669200 0.65449600
vt 0.00518400 0.26831300
vt 0.44807100 0.88537600
vt 0.41525200 0.86332000
vt 0.03526900 0.92949200
vt 0.78116200 0.33268200
vt 0.97301200 0.90390400
vt 0.71971600 0.97074500
vt 0.61481100 0.65056400
vt 0.00607700 0.27261900
vt 0.68793200 0.62321900
vt 0.74568000 0.69716800
vt 0.73816600 0.60338600
vt 0.56730000 0.88674600
vt 0.68323100 0.74342500
vt 0.60832600 0.48798800
vt 0.91841600 0.77817600
vt 0.82427500 0.77785000
vt 0.73390900 0.74388000
vt 0.63385600 0.42226000
vt 0.75680200 0.68676300
vt 0.51633900 0.97604000
vt 0.81297900 0.86757900
vt 0.33616900 0.94154400
vt 0.72680000 0.61988700
vt 0.81803500 0.89235600
vt 0.71825200 0.71047400
vt 0.74980000 0.70864800
vt 0.00893100 0.01543500
vt 0.72087100 0.85499600
vt 0.81123800 0.84523500
vt 0.77626900 0.59041700
vt 0.00900900 0.34122200
vt 0.59706200 0.05494800
vt 0.73229100 0.48610100
vt 0.58382900 0.57152900
vt 0.74322300 0.61099400
vt 0.59505700 0.31587200
vt 0.69299400 0.69743700
vt 0.89184800 0.92109200
vt 0.92176100 0.85194900
vt 0.95289600 0.00551400
vt 0.02570200 0.93372600
vt 0.79146300 0.33078800
vt 0.92013700 0.89644900
vt 0.61441100 0.13315200
vt 0.75100000 0.22512800
vt 0.79918000 0.02058800
vt 0.43079400 0.88517700
vt 0.63333100 0.65057500
vt 0.83901500 0.00551300
vt 0.88903100 0.88930100
vt 0.59811000 0.75886000
vt 0.66367000 0.43683700
vt 0.65799300 0.75843500
vt 0.63813200 0.47340400
vt 0.61453100 0.40253100
vt 0.75119900 0.17428700
vt 0.79903900 0.07143000
vt 0.20191600 0.97134200
vt 0.69456200 0.71280000
vt 0.82466800 0.93527400
vt 0.72179800 0.65741900
vt 0.73265200 0.70525300
vt 0.69254200 0.70219800
vt 0.59279400 0.80575400
vt 0.98913200 0.72571200
vt 0.85714500 0.89068900
vt 0.57180800 0.94492200
vt 0.79135000 0.17721800
vt 0.74268900 0.06861700
vt 0.60669300 0.24726000
vt 0.93042700 0.91671200
vt 0.84419100 0.00551300
vt 0.81977900 0.83971600
vt 0.72376200 0.84518700
vt 0.00608800 0.33142200
vt 0.76764800 0.58490600
vt 0.67226800 0.59172700
vt 0.82318700 0.83696000
vt 0.72464400 0.84087800
vt 0.00519200 0.32711600
vt 0.76420800 0.58214800
vt 0.83762600 0.93831000
vt 0.59698200 0.24726800
vt 0.71369700 0.63023900
vt 0.61441300 0.07333300
vt 0.75145100 0.53188300
vt 0.94031400 0.93843900
vt 0.59714300 0.12785600
vt 0.83983100 0.88256900
vt 0.97360400 0.72571200
vt 0.60806200 0.80575400
vt 0.00601200 0.09348800
vt 0.65813000 0.71018900
vt 0.63905600 0.61616100
vt 0.70457500 0.70219700
vt 0.37185000 0.81277800
vt 0.76541100 0.29797900
vt 0.37185000 0.77106200
vt 0.81572900 0.48455500
vt 0.67857500 0.45518900
vt 0.71065600 0.77774500
vt 0.70668500 0.77747300
vt 0.68184500 0.45519000
vt 0.91940100 0.87948400
vt 0.70412800 0.85084100
vt 0.80017100 0.25064300
vt 0.38020400 0.95026700
vt 0.73372500 0.28172400
vt 0.78400500 0.50073300
vt 0.68857100 0.76616400
vt 0.57840400 0.99064900
vt 0.78373500 0.14391200
vt 0.59997900 0.29297000
vt 0.73529000 0.10228000
vt 0.62807500 0.77938700
vt 0.70413100 0.84526700
vt 0.00736300 0.03926200
vt 0.72781500 0.71735100
vt 0.73078800 0.28177100
vt 0.58226100 0.44744900
vt 0.78106800 0.50067900
vt 0.14225500 0.84755500
vt 0.59795200 0.80421800
vt 0.94742500 0.96397800
vt 0.52947400 0.98671500
vt 0.92233500 0.96776700
vt 0.53596200 0.96182700
vt 0.61620700 0.69461000
vt 0.00491200 0.64584100
vt 0.26842500 0.89716900
vt 0.97206700 0.94807400
vt 0.89852900 0.80269000
vt 0.58520400 0.89132300
vt 0.87007400 0.00551400
vt 0.13212100 0.89714400
vt 0.89485600 0.99084300
vt 0.12494000 0.89714400
vt 0.80989300 0.89162800
vt 0.39470000 0.94157600
vt 0.78396400 0.25538700
vt 0.89430500 0.94886500
vt 0.51632400 0.97046700
vt 0.64791900 0.57620500
vt 0.61447600 0.28428100
vt 0.75151700 0.09760500
vt 0.56524700 0.98192200
vt 0.80001600 0.14839900
vt 0.44802300 0.90554300
vt 0.62194300 0.62279100
vt 0.55592600 0.84132400
vt 0.81587500 0.46775300
vt 0.62416500 0.32682100
vt 0.76551200 0.31476400
vt 0.59714700 0.17016200
vt 0.78316000 0.28149400
vt 0.59776700 0.03408700
vt 0.70898300 0.62314600
vt 0.76748900 0.95763600
vt 0.87341500 0.81162600
vt 0.06532800 0.81277800
vt 0.76622000 0.52799800
vt 0.65330300 0.80420600
vt 0.21748800 0.93453100
vt 0.59686000 0.38215100
vt 0.88894700 0.80999100
vt 0.78171900 0.44980700
vt 0.58541600 0.86664300
vt 0.27932700 0.82246400
vt 0.59714200 0.35221900
vt 0.73143100 0.33285700
vt 0.58373600 0.47150200
vt 0.74631400 0.91376900
vt 0.79437700 0.89068400
vt 0.75968000 0.88331400
vt 0.01250200 0.18792000
vt 0.79349100 0.63592800
vt 0.70739000 0.58515600
vt 0.68267200 0.55904100
vt 0.58403800 0.97063300
vt 0.81865900 0.87966200
vt 0.21463100 0.98019900
vt 0.78284200 0.06663800
vt 0.60004200 0.41123400
vt 0.73497400 0.17896800
vt 0.93074600 0.94683200
vt 0.68846300 0.80420600
vt 0.70368300 0.82029300
vt 0.42083800 0.89648700
vt 0.81130000 0.01165300
vt 0.62436600 0.14446200
vt 0.76306200 0.23414600
vt 0.69441900 0.38486000
vt 0.87393500 0.73879900
vt 0.75917600 0.96929900
vt 0.76943200 0.96929900
vt 0.97556600 0.73912900
vt 0.70789100 0.38460100
vt 0.22085600 0.95120600
vt 0.94823700 0.94188300
vt 0.87641800 0.81935900
vt 0.59811800 0.76648600
vt 0.65804500 0.76611000
vt 0.96611900 0.94381800
vt 0.62209900 0.69029000
vt 0.93585800 0.85207600
vt 0.76663700 0.95848800
vt 0.86415800 0.82276600
vt 0.94254300 0.00551300
vt 0.91051100 0.93406400
vt 0.71186600 0.64400700
vt 0.93003400 0.96404500
vt 0.53596200 0.97044000
vt 0.39772600 0.95514700
vt 0.13053000 0.84762800
vt 0.92798500 0.79533100
vt 0.12334900 0.84761800
vt 0.00736000 0.09890200
vt 0.65269300 0.70921400
vt 0.76217700 0.67994600
vt 0.74246100 0.45217600
vt 0.60662600 0.00838800
vt 0.59710200 0.34797500
vt 0.76761300 0.59908100
vt 0.71303500 0.41387100
vt 0.65226400 0.55294700
vt 0.93447100 0.80653000
vt 0.69837300 0.60304900
vt 0.62477100 0.92804800
vt 0.78446200 0.37368800
vt 0.59998500 0.23220600
vt 0.73472700 0.40940600
vt 0.21756600 0.97677800
vt 0.78387200 0.43488100
vt 0.73364700 0.34777500
vt 0.59687400 0.25261400
vt 0.97988300 0.93535400
vt 0.26841400 0.91208000
vt 0.70704500 0.94100400
vt 0.26123300 0.91207500
vt 0.69986500 0.94098700
vt 0.00492200 0.66075100
vt 0.01882400 0.24291000
vt 0.60827900 0.68199600
vt 0.85266300 0.80221500
vt 0.58156100 0.94498500
vt 0.20182800 0.81277900
vt 0.76516800 0.12787100
vt 0.81331400 0.11797600
vt 0.20182800 0.77106300
vt 0.71008300 0.64625400
vt 0.39788900 0.97063200
vt 0.73122400 0.43560100
vt 0.58525700 0.54915200
vt 0.67724700 0.61108500
vt 0.88910400 0.83964400
vt 0.96143600 0.92156200
vt 0.59682600 0.26388400
vt 0.91150900 0.98133400
vt 0.52947700 0.94554800
vt 0.72842600 0.67628300
vt 0.61655300 0.66438100
vt 0.00743700 0.25857000
vt 0.71839300 0.95669200
vt 0.97141500 0.91776000
vt 0.85069700 0.82009800
vt 0.95168300 0.85575100
vt 0.84153900 0.95267000
vt 0.63729300 0.58718500
vt 0.71251000 0.66418600
vt 0.91006700 0.86529600
vt 0.59658300 0.28422600
vt 0.33601600 0.97646700
vt 0.70006300 0.97626600
vt 0.64814000 0.76616300
vt 0.60794900 0.76646100
vt 0.16718500 0.97547900
vt 0.86705900 0.98146400
vt 0.63773200 0.64928600
vt 0.86593100 0.91132600
vt 0.43172200 0.81277900
vt 0.76446400 0.35790600
vt 0.81464600 0.42462000
vt 0.43172200 0.77106300
vt 0.37024800 0.96157700
vt 0.81226500 0.24167600
vt 0.59705900 0.00415300
vt 0.73212500 0.45045800
vt 0.58523900 0.56406300
vt 0.00693800 0.56336000
vt 0.01875600 0.00413800
vt 0.76430400 0.71318300
vt 0.87671600 0.77760200
vt 0.68400500 0.42229800
vt 0.61318300 0.74387100
vt 0.64269800 0.74345100
vt 0.71975500 0.42161400
vt 0.97217900 0.77788400
vt 0.96642100 0.90678800
vt 0.74720400 0.68166900
vt 0.70006400 0.95650600
vt 0.70278500 0.65063400
vt 0.00511600 0.14900100
vt 0.69784900 0.55092500
vt 0.67420400 0.49618300
vt 0.68021000 0.45483300
vt 0.70870900 0.77792400
vt 0.39469800 0.99067300
vt 0.78396700 0.22005000
vt 0.54187300 0.77106200
vt 0.00546100 0.77106200
vt 0.81714800 0.31440500
vt 0.60037900 0.90797400
vt 0.81289200 0.38716300
vt 0.62299000 0.21217000
vt 0.76291200 0.39544100
vt 0.64905400 0.64666700
vt 0.71721000 0.82031200
vt 0.82897700 0.81609500
vt 0.01256100 0.30652800
vt 0.75813300 0.56123200
vt 0.72060200 0.68094600
vt 0.74732800 0.59604900
vt 0.73407000 0.20507200
vt 0.21859000 0.77106200
vt 0.81403300 0.10121300
vt 0.21859000 0.81277800
vt 0.76608300 0.14462500
vt 0.81880600 0.75442200
vt 0.92343100 0.75464600
vt 0.81104200 0.87619500
vt 0.71321900 0.64147800
vt 0.72775500 0.69584500
vt 0.69214000 0.47277300
vt 0.69845900 0.75847900
vt 0.71881200 0.75883900
vt 0.66827500 0.47276900
vt 0.66789100 0.62539700
vt 0.50834700 0.81277900
vt 0.76493900 0.43460200
vt 0.39778200 0.96161800
vt 0.71731800 0.86147900
vt 0.80413300 0.84731300
vt 0.01258300 0.34769500
vt 0.78340900 0.59244900
vt 0.60662500 0.17017200
vt 0.74201800 0.25415800
vt 0.67859000 0.52464900
vt 0.76260100 0.95615500
vt 0.68180900 0.52465100
vt 0.76600700 0.95615500
vt 0.21929300 0.94016000
vt 0.62092500 0.63792600
vt 0.59703300 0.10032100
vt 0.76523400 0.51124900
vt 0.04856600 0.81277900
vt 0.62379400 0.61433700
vt 0.85273600 0.96519800
vt 0.17456700 0.95489700
vt 0.71490900 0.60753500
vt 0.81471600 0.14428000
vt 0.17548000 0.77106300
vt 0.17548000 0.81277800
vt 0.76626400 0.10155300
vt 0.88914000 0.81821900
vt 0.56696000 0.92167800
vt 0.61441300 0.10504800
vt 0.75148300 0.02101900
vt 0.58255800 0.98176400
vt 0.61822200 0.80421800
vt 0.59682300 0.25728900
vt 0.63662600 0.62707100
vt 0.91816100 0.92951000
vt 0.85790500 0.89636100
vt 0.03897800 0.81277900
vt 0.76523100 0.50166800
vt 0.22108900 0.96016200
vt 0.00646200 0.87121900
vt 0.03527000 0.98028700
vt 0.78098900 0.29641800
vt 0.13212100 0.87122000
vt 0.16093000 0.98030100
vt 0.86893800 0.98918600
vt 0.15374900 0.98030000
vt 0.12494100 0.87122000
vt 0.86809400 0.83328500
vt 0.78345000 0.34757900
vt 0.68517600 0.64407100
vt 0.69159300 0.64964800
vt 0.61948400 0.27960900
vt 0.75746900 0.09420800
vt 0.80600700 0.15172600
vt 0.56120400 0.97710600
vt 0.56729900 0.91533700
vt 0.89448000 0.98353500
vt 0.82698600 0.83998100
vt 0.73280300 0.57726100
vt 0.44804400 0.91201900
vt 0.68327100 0.63033500
vt 0.63292900 0.80420600
vt 0.55522100 0.96609900
vt 0.81517200 0.16105800
vt 0.62654600 0.26842500
vt 0.76652600 0.08475800
vt 0.58426900 0.96615900
vt 0.59661300 0.26842000
vt 0.76112000 0.95763700
vt 0.65018400 0.61972500
vt 0.76748800 0.96400600
vt 0.83790800 0.82881900
vt 0.74528400 0.65512800
vt 0.12519700 0.81277900
vt 0.76530300 0.05120800
vt 0.81397500 0.19460700
vt 0.12519700 0.77106300
vt 0.61951700 0.37548500
vt 0.75722300 0.15189500
vt 0.80509000 0.09404600
vt 0.19859800 0.94464100
vt 0.33647600 0.95583200
vt 0.89077900 0.72571100
vt 0.68844900 0.80575400
vt 0.19466600 0.96016200
vt 0.81111000 0.08043300
vt 0.62447800 0.39121300
vt 0.76332800 0.16536600
vt 0.64817700 0.62858800
vt 0.69996400 0.65115100
vt 0.00742500 0.27803300
vt 0.61216600 0.64573100
vt 0.71835500 0.97615500
vt 0.97563700 0.89905300
vt 0.75059300 0.32773200
vt 0.61294900 0.34251200
vt 0.56803400 0.85714800
vt 0.80090200 0.45485100
vt 0.02221800 0.81277800
vt 0.76621900 0.48492600
vt 0.46524200 0.77106200
vt 0.81780900 0.39107700
vt 0.46524200 0.81278000
vt 0.76776300 0.39145900
vt 0.09884900 0.81277800
vt 0.76625200 0.02488400
vt 0.44528800 0.92558300
vt 0.78486200 0.52684700
vt 0.71097300 0.62521300
vt 0.84182700 0.87389400
vt 0.00892600 0.13489300
vt 0.68385200 0.54690100
vt 0.73039000 0.58139600
vt 0.73112900 0.42461200
vt 0.58527000 0.53814500
vt 0.41532900 0.83739600
vt 0.78060200 0.35853700
vt 0.67453700 0.57235600
vt 0.60911300 0.49437200
vt 0.91960000 0.77187100
vt 0.82297100 0.77157000
vt 0.63463700 0.41586900
vt 0.66371500 0.57765300
vt 0.68922100 0.58525100
vt 0.88415000 0.98356800
vt 0.90113200 0.00551400
vt 0.34550100 0.81277900
vt 0.76456100 0.27165000
vt 0.65841200 0.80420600
vt 0.73566500 0.56681400
vt 0.64042400 0.41438900
vt 0.64115600 0.65991000
vt 0.97499700 0.92912900
vt 0.71328900 0.94584100
vt 0.01256800 0.24773100
vt 0.61309200 0.67573700
vt 0.96325000 0.00551400
vt 0.61942000 0.07800600
vt 0.75739000 0.53530700
vt 0.44811000 0.87991100
vt 0.68068900 0.70007000
vt 0.54095600 0.84876600
vt 0.81332700 0.95712700
vt 0.41529900 0.84840900
vt 0.78051300 0.34754300
vt 0.53377600 0.84874500
vt 0.90654800 0.84283700
vt 0.70169000 0.41232600
vt 0.61942300 0.01836600
vt 0.75731000 0.45872300
vt 0.08209200 0.77106200
vt 0.81714800 0.23772900
vt 0.85617800 0.96790500
vt 0.17367300 0.95920400
vt 0.87156600 0.73879000
vt 0.75750100 0.96762500
vt 0.77110700 0.96762500
vt 0.97793400 0.73915700
vt 0.59707200 0.30566900
vt 0.89341300 0.93876200
vt 0.59702800 0.11034300
vt 0.59705000 0.37555500
vt 0.32874100 0.81277800
vt 0.76563400 0.25490800
vt 0.70129800 0.61947800
vt 0.87843000 0.83043400
vt 0.00489400 0.61991800
vt 0.01875100 0.11458700
vt 0.63371500 0.71352500
vt 0.44806900 0.91669500
vt 0.83365200 0.84527900
vt 0.89595800 0.72571200
vt 0.68334200 0.80575400
vt 0.57583700 0.86243300
vt 0.79204300 0.45160600
vt 0.60670800 0.34797900
vt 0.74174800 0.33101500
vt 0.61819600 0.88231700
vt 0.79200300 0.40727500
vt 0.60663000 0.18648600
vt 0.74189400 0.37534600
vt 0.87151900 0.77129600
vt 0.97747300 0.77165900
vt 0.62647700 0.14900900
vt 0.76590900 0.23810900
vt 0.66839200 0.80420600
vt 0.87785900 0.85940300
vt 0.69427700 0.65065000
vt 0.93219200 0.00551400
vt 0.86034400 0.97157100
vt 0.17231600 0.96464000
vt 0.73074900 0.35871900
vt 0.58373300 0.49742600
vt 0.78092800 0.42394800
vt 0.27931500 0.84838800
vt 0.91836000 0.90188700
vt 0.84716100 0.94671200
vt 0.91716000 0.87421900
vt 0.70412300 0.60353900
vt 0.62436900 0.09373700
vt 0.76356500 0.01203500
vt 0.59678400 0.07338400
vt 0.86094500 0.87413800
vt 0.00646300 0.89714300
vt 0.78022900 0.27055800
vt 0.59728600 0.16014100
vt 0.91666200 0.00551300
vt 0.00512100 0.02954300
vt 0.73543000 0.71098700
vt 0.73113200 0.20511900
vt 0.58336200 0.74749200
vt 0.58216600 0.95062800
vt 0.69993100 0.98069400
vt 0.74666000 0.77760900
vt 0.65010200 0.45441700
vt 0.67041400 0.77746000
vt 0.62456500 0.45582100
vt 0.92515100 0.80207700
vt 0.33629300 0.96570100
vt 0.59718500 0.41208400
vt 0.73201500 0.17927300
vt 0.58335900 0.72156900
vt 0.00490200 0.82153600
vt 0.77988500 0.06631300
vt 0.21748800 0.98105200
vt 0.82510500 0.83302100
vt 0.72373900 0.83657400
vt 0.00608400 0.32281000
vt 0.76222700 0.57820900
vt 0.62285300 0.65304400
vt 0.89528700 0.96005100
vt 0.95971600 0.95191600
vt 0.85641500 0.85185900
vt 0.62436900 0.08464400
vt 0.76354800 0.54085400
vt 0.84575200 0.93056200
vt 0.59728200 0.13787600
vt 0.69993800 0.95211100
vt 0.03531500 0.96587100
vt 0.83113500 0.96420100
vt 0.16718800 0.93431200
vt 0.11560900 0.81277900
vt 0.76528700 0.04162700
vt 0.56761900 0.90104200
vt 0.62854700 0.69829000
vt 0.73442700 0.11750900
vt 0.78269500 0.12869400
vt 0.86489600 0.72571100
vt 0.71342600 0.80575400
vt 0.61953400 0.39785500
vt 0.75715000 0.17088700
vt 0.80496900 0.07486900
vt 0.19830300 0.96665700
vt 0.59722600 0.13320100
vt 0.87140800 0.77865600
vt 0.60785500 0.74489500
vt 0.97747000 0.77902100
vt 0.64807200 0.74444200
vt 0.70400300 0.86156900
vt 0.94877500 0.89206700
vt 0.63204000 0.46239900
vt 0.66295700 0.77014700
vt 0.59325700 0.77054300
vt 0.65757600 0.44783900
vt 0.69869800 0.80575400
vt 0.88042600 0.72571200
vt 0.00646200 0.88613000
vt 0.78022300 0.28155200
vt 0.71619100 0.58756200
vt 0.71318500 0.55874600
vt 0.59476800 0.32233100
vt 0.93279300 0.86584200
vt 0.97352900 0.77161300
vt 0.71885000 0.41524000
vt 0.87546400 0.77131100
vt 0.68466800 0.41590100
vt 0.98395500 0.00551300
vt 0.91564100 0.90692100
vt 0.76048500 0.62669000
vt 0.89321400 0.80418600
vt 0.58655200 0.89673700
vt 0.69354900 0.55003200
vt 0.00601000 0.14469400
vt 0.71776300 0.54230600
vt 0.01249500 0.16958600
vt 0.75953200 0.64903200
vt 0.94939600 0.82323000
vt 0.35299500 0.96996100
vt 0.00904400 0.40124200
vt 0.63759600 0.56977300
vt 0.59705400 0.12361200
vt 0.73184200 0.21998800
vt 0.58336700 0.76240300
vt 0.56663200 0.87563800
vt 0.12333100 0.86252800
vt 0.13051200 0.86253800
vt 0.57381300 0.87563800
vt 0.91384600 0.79052400
vt 0.00506400 0.76256800
vt 0.67267600 0.53660800
vt 0.01875100 0.12359600
vt 0.61941800 0.16019400
vt 0.75684300 0.24755300
vt 0.80703900 0.53496000
vt 0.42578600 0.91221900
vt 0.39757300 0.98724800
vt 0.62770000 0.92463100
vt 0.78212000 0.04052800
vt 0.41537100 0.82248600
vt 0.62762900 0.92890600
vt 0.78149700 0.37339600
vt 0.59712600 0.23306000
vt 0.73176900 0.40974900
vt 0.58528900 0.52323400
vt 0.60662200 0.12784600
vt 0.74215800 0.22183900
vt 0.65347300 0.67843800
vt 0.59604300 0.22332800
vt 0.51612900 0.98676900
vt 0.37024800 0.97067000
vt 0.81226700 0.23378000
vt 0.69830000 0.58440600
vt 0.93736800 0.00551300
vt 0.33615100 0.97011500
vt 0.82366500 0.91718100
vt 0.02570300 0.97605100
vt 0.79131200 0.29822900
vt 0.00394700 0.46192000
vt 0.75973300 0.55342300
vt 0.01881200 0.30170500
vt 0.26070100 0.86271900
vt 0.70376200 0.81552900
vt 0.82728400 0.80836200
vt 0.26788200 0.86273400
vt 0.71094300 0.81550900
vt 0.56755800 0.90537600
vt 0.65334600 0.38495900
vt 0.75963800 0.96252400
vt 0.76897000 0.96252400
vt 0.62780900 0.52528600
vt 0.91401500 0.86943800
vt 0.62282500 0.77819300
vt 0.69351800 0.76616300
vt 0.72372700 0.76646500
vt 0.92701400 0.00551300
vt 0.92091400 0.89078000
vt 0.77492800 0.70259900
vt 0.00695500 0.54844900
vt 0.74402600 0.80575400
vt 0.83383800 0.72571200
vt 0.71853900 0.80575400
vt 0.85972000 0.72571200
vt 0.48200200 0.77106200
vt 0.81545100 0.37428400
vt 0.48200200 0.81277800
vt 0.76569700 0.40827100
vt 0.90113300 0.72571100
vt 0.67822900 0.80575400
vt 0.20792700 0.97680300
vt 0.79019900 0.06814900
vt 0.60674900 0.40784200
vt 0.74233900 0.17750700
vt 0.67828200 0.80420600
vt 0.70821000 0.44742100
vt 0.63333800 0.77025700
vt 0.69653300 0.44764800
vt 0.62266700 0.77040400
vt 0.00403600 0.67034900
vt 0.59688800 0.63365900
vt 0.01881200 0.29372000
vt 0.59712100 0.29381800
vt 0.73233100 0.10258400
vt 0.58234300 0.67131200
vt 0.78077300 0.14364300
vt 0.58126000 0.99150400
vt 0.28037000 0.87065300
vt 0.69974400 0.99179500
vt 0.39885300 0.87092300
vt 0.70692500 0.99181300
vt 0.99086400 0.88678800
vt 0.40603400 0.87093900
vt 0.65867500 0.60372900
vt 0.72779300 0.56311100
vt 0.86489600 0.00551400
vt 0.66355500 0.80420600
vt 0.59750600 0.01841700
vt 0.88484800 0.96833600
vt 0.59612400 0.19203700
vt 0.73071000 0.34772500
vt 0.58373500 0.48641300
vt 0.39779900 0.83743400
vt 0.79649400 0.60668600
vt 0.00543200 0.48634900
vt 0.40497900 0.83743800
vt 0.79119300 0.86157200
vt 0.78093400 0.43494200
vt 0.27932000 0.83737400
vt 0.00401300 0.68525900
vt 0.59832100 0.61885000
vt 0.98927600 0.87194300
vt 0.40599800 0.88584900
vt 0.39881700 0.88583200
vt 0.84334500 0.90875900
vt 0.81857500 0.85314800
vt 0.84936800 0.00551200
vt 0.98180600 0.84709100
vt 0.34322500 0.93043300
vt 0.40593900 0.91177300
vt 0.33604500 0.93042300
vt 0.39875900 0.91175600
vt 0.00397000 0.71118200
vt 0.60548400 0.59398200
vt 0.01884000 0.36172100
vt 0.74872500 0.80421800
vt 0.58805900 0.80421800
vt 0.44801700 0.90103600
vt 0.63914700 0.60361100
vt 0.72538500 0.65289900
vt 0.62779400 0.91449000
vt 0.74376100 0.67834900
vt 0.87403400 0.75413900
vt 0.68923800 0.39939800
vt 0.97522700 0.75446500
vt 0.71362900 0.39892900
vt 0.74096500 0.66315900
vt 0.65773700 0.41342300
vt 0.74518000 0.70895400
vt 0.00737100 0.01980000
vt 0.78318100 0.20480900
vt 0.22013200 0.96650600
vt 0.66491900 0.59710500
vt 0.61488600 0.49585000
vt 0.71973600 0.96213200
vt 0.97112900 0.91222900
vt 0.61676600 0.65885400
vt 0.00607900 0.26400600
vt 0.00747400 0.39685500
vt 0.63631800 0.57423300
vt 0.95071800 0.82769400
vt 0.35456800 0.96557400
vt 0.61942200 0.04073600
vt 0.75739300 0.47761900
vt 0.22126600 0.95568600
vt 0.59686500 0.38668700
vt 0.79828100 0.86351100
vt 0.78938900 0.60868000
vt 0.61774500 0.21866800
vt 0.75680400 0.40104200
vt 0.80668700 0.38166800
vt 0.60530700 0.91462700
vt 0.77524000 0.62175700
vt 0.82116700 0.73907200
vt 0.64500100 0.38502500
vt 0.75582600 0.95569300
vt 0.77278200 0.95569300
vt 0.61946400 0.52521900
vt 0.92077300 0.73934500
vt 0.93693900 0.95246300
vt 0.90544200 0.86192600
vt 0.61441500 0.01369400
vt 0.75134200 0.45535200
vt 0.98028500 0.75452400
vt 0.63839900 0.51078400
vt 0.66393300 0.39946100
vt 0.86897600 0.75411900
vt 0.76282300 0.96230200
vt 0.67865000 0.49698400
vt 0.68175900 0.49698400
vt 0.68019800 0.52465100
vt 0.76430300 0.95615500
vt 0.59624200 0.19673100
vt 0.61448200 0.25256700
vt 0.75154900 0.07186000
vt 0.56467900 0.95040800
vt 0.80020500 0.17396800
vt 0.78468200 0.45012200
vt 0.58255300 0.86580100
vt 0.60000300 0.35136800
vt 0.73439300 0.33253000
vt 0.62776100 0.91916600
vt 0.71930400 0.73494100
vt 0.00552100 0.57152900
vt 0.01875300 0.05494800
vt 0.26075600 0.83679600
vt 0.84976200 0.79546300
vt 0.26793700 0.83681100
vt 0.03548700 0.95038200
vt 0.58339200 0.97697200
vt 0.78316500 0.27061900
vt 0.53380800 0.83773200
vt 0.94772000 0.00551400
vt 0.38799000 0.94496200
vt 0.79132300 0.25389800
vt 0.64308900 0.80575400
vt 0.93736600 0.72571100
vt 0.63824100 0.76617800
vt 0.61777800 0.76639700
vt 0.80611200 0.92271500
vt 0.76314700 0.91801700
vt 0.00898300 0.22261800
vt 0.78187700 0.66813300
vt 0.93863100 0.89160100
vt 0.73813200 0.68963300
vt 0.60806800 0.80421800
vt 0.03532600 0.93376600
vt 0.00746700 0.37739200
vt 0.62446000 0.58937100
vt 0.96272400 0.84269400
vt 0.35458800 0.94611100
vt 0.00736600 0.13925800
vt 0.68816100 0.54859800
vt 0.85843500 0.83792200
vt 0.71434500 0.63303600
vt 0.03241000 0.97943700
vt 0.78395200 0.29673600
vt 0.72863500 0.76645700
vt 0.94824800 0.92850900
vt 0.68620500 0.49618400
vt 0.59553100 0.31118300
vt 0.74931800 0.63740400
vt 0.03241100 0.93034000
vt 0.78411600 0.33234000
vt 0.15428200 0.96480200
vt 0.60040500 0.89888100
vt 0.81293000 0.39502900
vt 0.62319400 0.20314700
vt 0.76287200 0.38750400
vt 0.66621700 0.58173500
vt 0.92183800 0.72571100
vt 0.65844300 0.80575400
vt 0.72361300 0.80575400
vt 0.85454200 0.72571200
vt 0.88560200 0.00551300
vt 0.90029000 0.85943500
vt 0.67149200 0.69153300
vt 0.73354600 0.76644000
vt 0.68362600 0.76615400
vt 0.89797200 0.84045200
vt 0.94174200 0.86105300
vt 0.73533000 0.68574100
vt 0.59733400 0.15354500
vt 0.60551200 0.62005600
vt 0.98207600 0.87322900
vt 0.81494400 0.22092800
vt 0.09885300 0.77106400
vt 0.52510800 0.81277800
vt 0.76607300 0.45133800
vt 0.79173300 0.61878300
vt 0.79601700 0.87359100
vt 0.59733000 0.14447300
vt 0.86362300 0.84663600
vt 0.68291800 0.63883000
vt 0.60303800 0.76647900
vt 0.65308700 0.76614300
vt 0.59692800 0.06803700
vt 0.71256100 0.62760400
vt 0.62620000 0.49761600
vt 0.65173700 0.41262500
vt 0.76897000 0.96082200
vt 0.62620000 0.52528600
vt 0.65173700 0.38495700
vt 0.75963800 0.96082200
vt 0.81225000 0.15717300
vt 0.55704500 0.97061100
vt 0.62443400 0.27297200
vt 0.76364900 0.08868900
vt 0.59991700 0.11373900
vt 0.73528200 0.02578500
vt 0.59706200 0.40249400
vt 0.70711100 0.66621500
vt 0.69570500 0.41324200
vt 0.69567500 0.66726200
vt 0.56696300 0.88040300
vt 0.59991700 0.06464200
vt 0.73523600 0.52713400
vt 0.92486900 0.92366100
vt 0.69977100 0.98704900
vt 0.87932000 0.80269900
vt 0.58519500 0.91078600
vt 0.77220200 0.58816100
vt 0.00744700 0.33685800
vt 0.72242000 0.85062700
vt 0.81527500 0.84296500
vt 0.67953400 0.71059800
vt 0.84060700 0.90028600
vt 0.74348500 0.77819600
vt 0.67361200 0.77804400
vt 0.68595900 0.62529900
vt 0.15435500 0.94060000
vt 0.94772100 0.72571300
vt 0.63282300 0.80575400
vt 0.90283800 0.91807400
vt 0.70406600 0.62023200
vt 0.73881700 0.80421800
vt 0.71410200 0.63874700
vt 0.71684400 0.95232400
vt 0.97217300 0.92231600
vt 0.61584500 0.66892700
vt 0.00899700 0.25420500
vt 0.69847400 0.76615400
vt 0.71880800 0.76646500
vt 0.92183800 0.00551400
vt 0.74260800 0.48429600
vt 0.60663000 0.05071300
vt 0.26124500 0.89716400
vt 0.73444900 0.50101700
vt 0.94254500 0.72571200
vt 0.63797200 0.80575400
vt 0.15453700 0.94501200
vt 0.00505900 0.74765700
vt 0.65856000 0.54164200
vt 0.51604200 0.94072800
vt 0.12494200 0.91205300
vt 0.13212300 0.91205300
vt 0.52322300 0.94072800
vt 0.90968100 0.98903500
vt 0.84533000 0.86570900
vt 0.67531000 0.65749900
vt 0.21470400 0.93110200
vt 0.78306800 0.10256800
vt 0.60000300 0.36213700
vt 0.73510300 0.14362900
vt 0.75089600 0.40451700
vt 0.61346800 0.22335000
vt 0.80071800 0.37829600
vt 0.61030100 0.91931400
vt 0.75776700 0.60313700
vt 0.88257700 0.96003400
vt 0.70013500 0.41235500
vt 0.70324300 0.41229500
vt 0.70115500 0.38466300
vt 0.76430500 0.96548700
vt 0.82978200 0.88119100
vt 0.76578600 0.95934000
vt 0.92084200 0.75468500
vt 0.61400100 0.51078400
vt 0.82139600 0.75441000
vt 0.63954100 0.39946100
vt 0.80017700 0.22480400
vt 0.38020200 0.98198100
vt 0.92365800 0.96068400
vt 0.85454400 0.00551200
vt 0.75582600 0.96594900
vt 0.65847300 0.38502500
vt 0.86919700 0.73878000
vt 0.77278200 0.96594900
vt 0.98030300 0.73918400
vt 0.63293600 0.52521900
vt 0.94829500 0.88136000
vt 0.61948800 0.25724000
vt 0.75749300 0.07527600
vt 0.80614600 0.17054700
vt 0.56079900 0.95509000
vt 0.97977200 0.86316500
vt 0.60770100 0.60999500
vt 0.72811800 0.64781500
vt 0.58530800 0.84124600
vt 0.59475500 0.32683500
vt 0.80610900 0.24722100
vt 0.37519700 0.95493900
vt 0.00742900 0.31739500
vt 0.75999900 0.57310300
vt 0.72237600 0.83116400
vt 0.82724900 0.82792900
vt 0.80711700 0.91259600
vt 0.76609200 0.90822500
vt 0.00605200 0.21282100
vt 0.78084800 0.65799600
vt 0.66896800 0.64794000
vt 0.66305000 0.41438900
vt 0.88337700 0.85788800
vt 0.83070400 0.90253300
vt 0.92844300 0.84431300
vt 0.73416100 0.43551600
vt 0.93550000 0.96307000
vt 0.53460500 0.97587600
vt 0.62019900 0.49681600
vt 0.66800500 0.51014400
vt 0.81633800 0.75443300
vt 0.69240100 0.51015200
vt 0.92589900 0.75460900
vt 0.96842800 0.72571200
vt 0.61317000 0.80575400
vt 0.58312300 0.95531700
vt 0.79618600 0.84742900
vt 0.71107600 0.86631800
vt 0.40498600 0.82252700
vt 0.70389500 0.86633700
vt 0.39780500 0.82252400
vt 0.00543500 0.47143800
vt 0.01884000 0.35251500
vt 0.79139000 0.59251600
vt 0.75106300 0.59302900
vt 0.95945600 0.85288000
vt 0.00543200 0.49736200
vt 0.79896000 0.61747100
vt 0.78880800 0.87233300
vt 0.40497300 0.84845100
vt 0.39779200 0.84844800
vt 0.73143800 0.12842900
vt 0.58229600 0.69723600
vt 0.39879400 0.89684600
vt 0.00399400 0.69627200
vt 0.60062200 0.60811500
vt 0.98684700 0.86119900
vt 0.40597400 0.89686200
vt 0.77958000 0.11780900
vt 0.28031500 0.89657600
vt 0.64820200 0.80420600
vt 0.69823600 0.57267800
vt 0.58530200 0.82558700
vt 0.86300700 0.94315200
vt 0.74669700 0.89952600
vt 0.74392100 0.80421800
vt 0.85972000 0.00551400
vt 0.88042800 0.00551300
vt 0.72189200 0.57208000
vt 0.62339900 0.80575400
vt 0.95807400 0.72571100
vt 0.00542800 0.51227200
vt 0.80059700 0.63237400
vt 0.01874900 0.18309100
vt 0.59705700 0.18226600
vt 0.73157100 0.37357200
vt 0.58373600 0.51233600
vt 0.62777600 0.87811100
vt 0.78168800 0.40909200
vt 0.27930300 0.86329800
vt 0.74626000 0.87845500
vt 0.39778600 0.86335700
vt 0.75344100 0.87847600
vt 0.78727400 0.88719000
vt 0.40496700 0.86336100
vt 0.70336900 0.77021300
vt 0.68604900 0.46176800
vt 0.67437000 0.46176700
vt 0.71393900 0.77051400
vt 0.57572200 0.82010800
vt 0.79211700 0.48398900
vt 0.60669100 0.30565400
vt 0.74179700 0.29848800
vt 0.39757700 0.98178300
vt 0.66939100 0.69584400
vt 0.14195900 0.77106200
vt 0.81496900 0.17786000
vt 0.14195900 0.81277800
vt 0.76631300 0.06795600
vt 0.90217200 0.93718400
vt 0.66188600 0.68578700
vt 0.75074100 0.66958300
vt 0.26125200 0.88615700
vt 0.26843300 0.88616200
vt 0.96526400 0.95673300
vt 0.85740800 0.88497400
vt 0.67655800 0.68099500
vt 0.59638000 0.27955000
vt 0.65012800 0.38495900
vt 0.75963800 0.95911800
vt 0.76897000 0.95911800
vt 0.62459100 0.52528600
vt 0.56755900 0.89670800
vt 0.00505100 0.72173400
vt 0.01887700 0.41253100
vt 0.63620900 0.55470500
vt 0.33597200 0.98123100
vt 0.12338500 0.82169500
vt 0.13056600 0.82170400
vt 0.95061100 0.80807200
vt 0.34315300 0.98124200
vt 0.59556500 0.34247500
vt 0.76975700 0.66674400
vt 0.74259600 0.52862700
vt 0.60662400 0.06802800
vt 0.62437100 0.02500400
vt 0.76351600 0.46421400
vt 0.73374500 0.80421800
vt 0.68337000 0.80420600
vt 0.43858100 0.92219700
vt 0.79222700 0.52832000
vt 0.78103000 0.17902000
vt 0.14275500 0.91199400
vt 0.58138600 0.94071000
vt 0.59712600 0.24302300
vt 0.73236400 0.06682000
vt 0.58322400 0.66036800
vt 0.73377800 0.27085100
vt 0.61941800 0.13782400
vt 0.75692600 0.22857500
vt 0.80512700 0.01718200
vt 0.42578700 0.88984900
vt 0.69558500 0.61949900
vt 0.00397800 0.42108700
vt 0.72272000 0.53610800
vt 0.01874900 0.17440600
vt 0.44814900 0.92643300
vt 0.78189900 0.52653700
vt 0.14230900 0.82163100
vt 0.57380900 0.92644700
vt 0.26796800 0.82190000
vt 0.86393400 0.79055500
vt 0.56662800 0.92644600
vt 0.26078700 0.82188500
vt 0.03584600 0.95489000
vt 0.72079800 0.82677900
vt 0.82855700 0.82346700
vt 0.00899400 0.31300600
vt 0.75863300 0.56863400
vt 0.39786700 0.96612600
vt 0.76581000 0.63811500
vt 0.90885600 0.79666700
vt 0.58006700 0.88045800
vt 0.88466500 0.80419500
vt 0.58655200 0.90535000
vt 0.00601000 0.15330700
vt 0.70213000 0.54994800
vt 0.59696100 0.18650900
vt 0.69729200 0.49374100
vt 0.92765400 0.77175200
vt 0.81491500 0.77160600
vt 0.66310400 0.49373500
vt 0.95431800 0.91734000
vt 0.73150700 0.51195000
vt 0.58382500 0.59745200
vt 0.65905000 0.68964900
vt 0.67170600 0.65300700
vt 0.59289800 0.80421800
vt 0.64579500 0.59383700
vt 0.62036000 0.46239900
vt 0.67375000 0.77019200
vt 0.74334000 0.77041700
vt 0.64589800 0.44783900
vt 0.68913000 0.64818500
vt 0.90775400 0.91514700
vt 0.72857800 0.74489400
vt 0.81897400 0.77894900
vt 0.92373800 0.77917300
vt 0.68860300 0.74444100
vt 0.84238000 0.83569000
vt 0.59723000 0.16481600
vt 0.61748000 0.31581300
vt 0.75654800 0.30524100
vt 0.80688500 0.47727200
vt 0.56295600 0.83012000
vt 0.76523100 0.62604600
vt 0.73368500 0.35864900
vt 0.78386400 0.42400600
vt 0.82011200 0.90521300
vt 0.68614100 0.56905100
vt 0.81880000 0.95227600
vt 0.63449000 0.61472700
vt 0.03538900 0.93923200
vt 0.81423500 0.34796300
vt 0.50835200 0.77106200
vt 0.64083800 0.71016400
vt 0.01249700 0.10976700
vt 0.70870900 0.80421200
vt 0.58538900 0.86236900
vt 0.91978000 0.95338100
vt 0.70406200 0.83659700
vt 0.70417700 0.69742900
vt 0.00795900 0.95943400
vt 0.81226400 0.31045600
vt 0.15385300 0.97553300
vt 0.86410400 0.86936600
vt 0.73182300 0.59681700
vt 0.76937800 0.69777200
vt 0.59576100 0.20319400
vt 0.75795600 0.61576000
vt 0.72025200 0.57657800
vt 0.77465100 0.65220400
vt 0.69867300 0.80420600
vt 0.90898100 0.96599700
vt 0.95287600 0.83278100
vt 0.35592400 0.96016200
vt 0.00612100 0.39144200
vt 0.63419200 0.57933400
vt 0.59712100 0.30142500
vt 0.73148900 0.29662900
vt 0.58225400 0.46235900
vt 0.78180500 0.48582200
vt 0.14221800 0.86246500
vt 0.58527800 0.81584800
vt 0.73414400 0.54760900
vt 0.58998700 0.77777700
vt 0.65337200 0.45441700
vt 0.66630600 0.77739300
vt 0.62783500 0.45582100
vt 0.91012600 0.83334600
vt 0.68461000 0.66421700
vt 0.15485800 0.95489600
vt 0.78109200 0.51167300
vt 0.14227800 0.83654100
vt 0.92577000 0.96505200
vt 0.53685600 0.96613300
vt 0.51627900 0.96613200
vt 0.73151300 0.50095600
vt 0.58382400 0.58643900
vt 0.64782200 0.63766800
vt 0.68189800 0.60768300
vt 0.03579000 0.95939600
vt 0.33640200 0.95150000
vt 0.85309400 0.92356800
vt 0.65210400 0.69749100
vt 0.72570000 0.69151100
vt 0.00796000 0.95034100
vt 0.81229800 0.31838500
vt 0.93465900 0.90888400
vt 0.71023800 0.56890900
vt 0.92701200 0.72571200
vt 0.65330800 0.80575400
vt 0.15472500 0.95056200
vt 0.76102300 0.63789800
vt 0.69987500 0.94575400
vt 0.85978800 0.92943400
vt 0.03543500 0.94391100
vt 0.74668700 0.90819500
vt 0.58536200 0.85690400
vt 0.73149000 0.11743500
vt 0.58231400 0.68622200
vt 0.77976000 0.12880200
vt 0.28034100 0.88556300
vt 0.67002700 0.71753600
vt 0.00736900 0.07943900
vt 0.03531200 0.97054700
vt 0.58393000 0.96167800
vt 0.41872700 0.90103400
vt 0.81417200 0.00771600
vt 0.81608300 0.54442800
vt 0.81886000 0.77158800
vt 0.92371000 0.77181100
vt 0.57179500 0.98743800
vt 0.79111700 0.14528400
vt 0.74265500 0.10082200
vt 0.60669000 0.28958500
vt 0.72359800 0.61507800
vt 0.56744800 0.89115900
vt 0.98913300 0.00551300
vt 0.20799200 0.93447800
vt 0.79040400 0.10095900
vt 0.74245700 0.14515300
vt 0.60671300 0.36551700
vt 0.94467400 0.84507300
vt 0.15375400 0.92949200
vt 0.53373500 0.86365500
vt 0.54091600 0.86367500
vt 0.82398200 0.96757500
vt 0.16093500 0.92949200
vt 0.70144000 0.66725900
vt 0.68252500 0.63599300
vt 0.64251300 0.67235200
vt 0.29522000 0.77106300
vt 0.81393400 0.02451500
vt 0.59463000 0.33779400
vt 0.59712400 0.40784000
vt 0.92066600 0.88506400
vt 0.74872500 0.80575400
vt 0.82866200 0.72571300
vt 0.99430900 0.72571300
vt 0.58805900 0.80575400
vt 0.75750100 0.95401700
vt 0.81879800 0.73908300
vt 0.92314200 0.73931000
vt 0.77110700 0.95401700
vt 0.62786900 0.88238600
vt 0.59749500 0.04068300
vt 0.66583700 0.71388500
vt 0.00601200 0.08487600
vt 0.76843300 0.46812700
vt 0.54186900 0.81278000
vt 0.00545800 0.81277900
vt 0.80611300 0.22823000
vt 0.37519600 0.97730800
vt 0.68020500 0.49698300
vt 0.85966500 0.90180600
vt 0.15451600 0.95923000
vt 0.73156800 0.04096100
vt 0.58320600 0.63444400
vt 0.00490500 0.63482800
vt 0.62310300 0.70312300
vt 0.80610600 0.30490900
vt 0.01290700 0.96607200
vt 0.80331200 0.92956300
vt 0.75955700 0.92448100
vt 0.01256300 0.22908800
vt 0.78471000 0.67495700
vt 0.63751400 0.49585000
vt 0.66040500 0.56752800
vt 0.68198300 0.69545300
vt 0.66717800 0.64246700
vt 0.65189800 0.65529100
vt 0.81290000 0.04125500
vt 0.27846000 0.77106200
vt 0.66873500 0.67635400
vt 0.82150100 0.86727600
vt 0.87514300 0.91803800
vt 0.69380200 0.72947400
vt 0.64328700 0.49437200
vt 0.98158400 0.77170600
vt 0.66883700 0.41586900
vt 0.86740900 0.77127900
vt 0.73157700 0.05195500
vt 0.58321400 0.64545700
vt 0.78025200 0.19387700
vt 0.14276600 0.89708300
vt 0.66662500 0.63101300
vt 0.83218400 0.87075100
vt 0.87502900 0.80095700
vt 0.58363500 0.91515100
vt 0.59991400 0.12446100
vt 0.73480300 0.22031700
vt 0.52511200 0.77106300
vt 0.81507900 0.33121400
vt 0.63137000 0.63849100
vt 0.15871900 0.77106200
vt 0.81719200 0.16105800
vt 0.76854800 0.08475800
vt 0.15871900 0.81278000
vt 0.94398000 0.91288900
vt 0.06533200 0.77106300
vt 0.81493500 0.25452800
vt 0.61450700 0.37081700
vt 0.75129800 0.14844600
vt 0.79920600 0.09756300
vt 0.20230900 0.93995900
vt 0.00738000 0.19879300
vt 0.78534800 0.64472100
vt 0.80255400 0.89941000
vt 0.76478600 0.89419400
vt 0.58140800 0.98740900
vt 0.81302500 0.47171000
vt 0.55802500 0.83677100
vt 0.62211900 0.32230900
vt 0.76267600 0.31081700
vt 0.87164900 0.84278800
vt 0.70969600 0.60505100
vt 0.59765400 0.02501400
vt 0.72989900 0.64232100
vt 0.70412200 0.84093200
vt 0.61699200 0.33783000
vt 0.75652200 0.32429000
vt 0.80684500 0.45826900
vt 0.56301500 0.85248900
vt 0.49876400 0.81277900
vt 0.76485800 0.42502700
vt 0.49876400 0.77106300
vt 0.81432200 0.35754400
vt 0.22031600 0.94484500
vt 0.94005200 0.82862000
vt 0.94592700 0.87091600
vt 0.62804100 0.90351000
vt 0.59828100 0.90342200
vt 0.81578700 0.39107700
vt 0.62484400 0.20765900
vt 0.76574300 0.39143900
vt 0.59540100 0.20769900
vt 0.90630800 0.00551300
vt 0.71353000 0.80421800
vt 0.95101400 0.83974400
vt 0.67327700 0.61526500
vt 0.70411800 0.72944000
vt 0.71519200 0.69544600
vt 0.76197100 0.96315500
vt 0.61885900 0.19665100
vt 0.75670000 0.38197800
vt 0.80678100 0.40058100
vt 0.60537400 0.89225700
vt 0.96842700 0.00551200
vt 0.83901400 0.72571200
vt 0.73884800 0.80575400
vt 0.69709800 0.65115700
vt 0.68381100 0.64155200
vt 0.62781100 0.90801600
vt 0.73450500 0.04101800
vt 0.96000900 0.89257000
vt 0.59705600 0.06379300
vt 0.73227400 0.52681600
vt 0.58382500 0.61236300
vt 0.00552300 0.61236200
vt 0.67862000 0.73509700
vt 0.01875300 0.06377700
vt 0.74620200 0.92449600
vt 0.81394600 0.27127000
vt 0.04857200 0.77106300
vt 0.67319400 0.80420600
vt 0.95289700 0.72571100
vt 0.62807500 0.80575400
vt 0.87023500 0.91509700
vt 0.59532900 0.21865200
vt 0.94731500 0.90269600
vt 0.85269900 0.82826300
vt 0.75354600 0.60542600
vt 0.69403400 0.68579700
vt 0.93742800 0.90042200
vt 0.80028200 0.32745600
vt 0.01791600 0.93903100
vt 0.51645400 0.95624500
vt 0.44848100 0.77106300
vt 0.81561500 0.40787800
vt 0.44848100 0.81277800
vt 0.76550300 0.37464400
vt 0.73528400 0.67028600
vt 0.00511800 0.08918200
vt 0.66238400 0.71119500
vt 0.77325100 0.61328100
vt 0.76420400 0.65011400
vt 0.03898400 0.77106300
vt 0.81395000 0.28085100
vt 0.73375000 0.80575400
vt 0.84419100 0.72571200
vt 0.61315300 0.80421800
vt 0.61286000 0.76643200
vt 0.64319300 0.76617500
vt 0.65719300 0.58836100
vt 0.77644400 0.63696000
vt 0.66189600 0.67036400
vt 0.69954500 0.38469400
vt 0.76260100 0.96548700
vt 0.70276300 0.38463400
vt 0.76600700 0.96548700
vt 0.69844000 0.61923000
vt 0.43858000 0.87987200
vt 0.79032200 0.02381900
vt 0.97386700 0.84700500
vt 0.34947300 0.93526400
vt 0.01258900 0.36654900
vt 0.61340300 0.59380200
vt 0.95828700 0.90521200
vt 0.11561500 0.77106300
vt 0.81396600 0.20418200
vt 0.71745400 0.66121600
vt 0.71408900 0.43630300
vt 0.63824100 0.75849600
vt 0.61772000 0.75877400
vt 0.69022800 0.43676400
vt 0.86953400 0.96609100
vt 0.59627200 0.27295600
vt 0.96708600 0.87589100
vt 0.93219200 0.93067100
vt 0.87156500 0.75412900
vt 0.97769500 0.75449400
vt 0.40537100 0.77106200
vt 0.81566500 0.45095000
vt 0.40537100 0.81277800
vt 0.76537400 0.33157200
vt 0.78402900 0.51160700
vt 0.86806500 0.86523600
vt 0.94895200 0.81584100
vt 0.34941400 0.97643100
vt 0.01262000 0.40771600
vt 0.63796000 0.56241600
vt 0.69000400 0.66623800
vt 0.81230600 0.16500400
vt 0.55687500 0.96158800
vt 0.62443500 0.26387900
vt 0.76365800 0.08081600
vt 0.58530000 0.83026600
vt 0.76843300 0.54480300
vt 0.76844300 0.00808300
vt 0.08208900 0.81278000
vt 0.59991900 0.00500200
vt 0.73508900 0.45074900
vt 0.70250600 0.45446800
vt 0.62807500 0.77788000
vt 0.70770400 0.41300800
vt 0.70546700 0.64962100
vt 0.91490300 0.94321700
vt 0.76430400 0.96082100
vt 0.88894200 0.80514000
vt 0.58744600 0.90104300
vt 0.81181500 0.90712500
vt 0.69024400 0.62152500
vt 0.65620400 0.66328600
vt 0.70018200 0.96206700
vt 0.72324400 0.74390700
vt 0.81366600 0.77789800
vt 0.66232300 0.48734400
vt 0.69397600 0.74344000
vt 0.69808000 0.48735800
vt 0.92902500 0.77801800
vt 0.78100500 0.21973100
vt 0.39755900 0.99152300
vt 0.14278300 0.87116500
vt 0.95463800 0.96731600
vt 0.52321900 0.99153700
vt 0.26844200 0.87125100
vt 0.51603800 0.99153600
vt 0.26126200 0.87124600
vt 0.62437100 0.03409800
vt 0.76355000 0.47207400
vt 0.19224000 0.81277900
vt 0.76520500 0.11829000
vt 0.19223900 0.77106300
vt 0.81346200 0.12755600
vt 0.70665600 0.62146600
vt 0.91410100 0.82283700
vt 0.44804600 0.89005500
vt 0.67673700 0.72739100
vt 0.01249900 0.06860000
vt 0.73951600 0.58795000
vt 0.93585700 0.83583200
vt 0.75923200 0.58617500
vt 0.85483400 0.96082700
vt 0.74683700 0.61938500
vt 0.92723000 0.81994800
vt 0.00741700 0.21825600
vt 0.78112000 0.66356500
vt 0.80685200 0.91814300
vt 0.76472000 0.91365700
vt 0.72113400 0.72724700
vt 0.01250000 0.05012800
vt 0.74628700 0.91816000
vt 0.59562600 0.21219900
vt 0.81687000 0.92190800
vt 0.78024400 0.20486600
vt 0.14277300 0.88607500
vt 0.90781000 0.95783800
vt 0.58534100 0.85222800
vt 0.42213300 0.81277900
vt 0.76443800 0.34832400
vt 0.42213300 0.77106300
vt 0.81466100 0.43420200
vt 0.70381600 0.80420600
vt 0.91456100 0.84671200
vt 0.66151600 0.54836500
vt 0.54103000 0.82284200
vt 0.79845300 0.93585000
vt 0.75328800 0.92928500
vt 0.74610800 0.92926300
vt 0.53384900 0.82282200
vt 0.00698700 0.52253100
vt 0.01882400 0.23390100
vt 0.78960200 0.68120200
vt 0.95942400 0.87986900
vt 0.78251800 0.11782100
vt 0.73437600 0.12838400
vt 0.58530800 0.82012200
vt 0.70387400 0.82663000
vt 0.57852300 0.94155200
vt 0.78399100 0.17870500
vt 0.59998700 0.24387300
vt 0.73532700 0.06713400
vt 0.74352400 0.55200700
vt 0.84336900 0.80672500
vt 0.66889100 0.49521700
vt 0.62919000 0.60014500
vt 0.59710200 0.36553400
vt 0.38799100 0.98728700
vt 0.79132500 0.22154600
vt 0.62329600 0.80421800
vt 0.72363300 0.80421800
vt 0.69356000 0.80420600
vt 0.63554300 0.68049000
vt 0.68264400 0.63313000
vt 0.17232600 0.94517700
vt 0.84304300 0.96324900
vt 0.00396900 0.43599700
vt 0.73693400 0.54082200
vt 0.00601500 0.02523600
vt 0.73969800 0.70995900
vt 0.75606200 0.65971400
vt 0.15433000 0.96919200
vt 0.44810800 0.92215900
vt 0.33643900 0.96016200
vt 0.63677900 0.66178800
vt 0.59667100 0.07805900
vt 0.88023300 0.84042500
vt 0.93824500 0.88271000
vt 0.83908700 0.92217900
vt 0.62807500 0.80421200
vt 0.76253700 0.61426400
vt 0.76045700 0.66162100
vt 0.81233100 0.94422800
vt 0.77580400 0.68967500
vt 0.65399100 0.58478600
vt 0.58531900 0.84575300
vt 0.67346200 0.52458100
vt 0.75917600 0.95234300
vt 0.81643000 0.73909300
vt 0.76943200 0.95234300
vt 0.92551000 0.73927400
vt 0.68693600 0.52458500
vt 0.42083700 0.90558100
vt 0.81321200 0.54049000
vt 0.62436600 0.15355600
vt 0.76302900 0.24203800
vt 0.95662000 0.86747800
vt 0.51623700 0.98043200
vt 0.78476100 0.48549800
vt 0.58242200 0.81670400
vt 0.59997900 0.30227100
vt 0.73444500 0.29696100
vt 0.59708100 0.09372600
vt 0.95807400 0.00551400
vt 0.03529700 0.97601200
vt 0.62810100 0.89900300
vt 0.73067000 0.63659500
vt 0.66818300 0.56368800
vt 0.98377800 0.89030700
vt 0.71319100 0.98700800
vt 0.01256000 0.28889900
vt 0.60398500 0.63709500
vt 0.78011100 0.10293300
vt 0.21756600 0.93025700
vt 0.28028100 0.91148600
vt 0.59714200 0.36129000
vt 0.73214200 0.14329900
vt 0.58227100 0.71214600
vt 0.69791100 0.55730300
vt 0.59420000 0.33133600
vt 0.88912000 0.82949300
vt 0.90185700 0.81939900
vt 0.81493600 0.29760100
vt 0.02222200 0.77106300
vt 0.63187800 0.62646400
vt 0.82971800 0.92836800
vt 0.89367800 0.96830900
vt 0.74654800 0.88956100
vt 0.76111900 0.96400600
vt 0.73444400 0.51189200
vt 0.19285400 0.95565000
vt 0.81395700 0.08439200
vt 0.62658500 0.38666400
vt 0.76620200 0.16143400
vt 0.84232000 0.85194400
vt 0.60300400 0.80421800
vt 0.65000900 0.68173000
vt 0.85864100 0.81624400
vt 0.86237000 0.90684800
vt 0.86742600 0.93400800
vt 0.83019500 0.94215600
vt 0.44802400 0.89652800
vt 0.75075100 0.37857400
vt 0.61366200 0.19196700
vt 0.80084700 0.40401000
vt 0.61039500 0.88760000
vt 0.74836000 0.57528900
vt 0.97877900 0.00551300
vt 0.67012800 0.62009100
vt 0.59992000 0.05410000
vt 0.73524800 0.48578500
vt 0.96827800 0.89130700
vt 0.00552300 0.58643800
vt 0.70449200 0.73674000
vt 0.00735800 0.15872100
vt 0.70746700 0.54841900
vt 0.00696800 0.53744200
vt 0.78175500 0.69394300
vt 0.54098900 0.83775300
vt 0.80640100 0.94856200
vt 0.00601400 0.03384900
vt 0.73198000 0.71369600
vt 0.68707800 0.60515600
vt 0.01250100 0.00896000
vt 0.75709100 0.70984700
vt 0.73846600 0.76640800
vt 0.67867100 0.76613200
vt 0.73118000 0.19412500
vt 0.58335800 0.73647900
vt 0.00488600 0.83644600
vt 0.77915100 0.05145400
vt 0.91819700 0.97142300
vt 0.53461400 0.95641300
vt 0.93628000 0.87403100
vt 0.62796700 0.88785300
vt 0.64339600 0.60584700
vt 0.70870900 0.77943100
vt 0.62491500 0.87895100
vt 0.78464500 0.40877300
vt 0.59991600 0.18311000
vt 0.73453000 0.37387900
vt 0.69262900 0.60359400
vt 0.73411700 0.19419700
vt 0.78208800 0.05140200
vt 0.61441500 0.04540800
vt 0.75145600 0.48104100
vt 0.62803400 0.89253300
vt 0.68045900 0.58774800
vt 0.87005100 0.95778300
vt 0.69818000 0.56787900
vt 0.74890400 0.62828200
vt 0.70086500 0.45414300
vt 0.62600000 0.77760100
vt 0.70413400 0.45408000
vt 0.63003500 0.77753800
vt 0.81381700 0.06758500
vt 0.25211100 0.77106300
vt 0.25211100 0.81277800
vt 0.76594800 0.17822900
vt 0.88907700 0.85738300
vt 0.84847600 0.96420500
vt 0.17367400 0.95059100
vt 0.87575700 0.93715000
vt 0.71448100 0.63590300
vt 0.83401000 0.91274100
vt 0.66839200 0.80575400
vt 0.91148500 0.72571200
vt 0.74810000 0.64645000
vt 0.91926400 0.81614100
vt 0.88612600 0.92108400
vt 0.90447400 0.81157800
vt 0.80016700 0.30148500
vt 0.01791400 0.97074500
vt 0.68438800 0.62769600
vt 0.89595600 0.00551300
vt 0.59706400 0.22881600
vt 0.89747900 0.92007800
vt 0.95480400 0.83671400
vt 0.35682400 0.95585700
vt 0.00522400 0.38713700
vt 0.63229200 0.58327300
vt 0.69282300 0.62027200
vt 0.95821500 0.83946000
vt 0.35593700 0.95154900
vt 0.00611500 0.38282900
vt 0.62892400 0.58606600
vt 0.59702000 0.10499700
vt 0.67965800 0.66127700
vt 0.70397100 0.83104300
vt 0.72909000 0.62519200
vt 0.85024900 0.85828400
vt 0.91206700 0.91138900
vt 0.71208700 0.68417100
vt 0.61807400 0.92464200
vt 0.79183500 0.37511700
vt 0.60668700 0.22881100
vt 0.74207100 0.40785000
vt 0.95371300 0.93496300
vt 0.59737800 0.01374300
vt 0.75471700 0.67223900
vt 0.75062800 0.30178800
vt 0.61294200 0.31112900
vt 0.56795000 0.82543400
vt 0.80095600 0.48071000
vt 0.73841900 0.75879100
vt 0.63980400 0.43683700
vt 0.67870700 0.75845100
vt 0.61426800 0.47340400
vt 0.64096000 0.68722000
vt 0.68696800 0.64630600
vt 0.61441000 0.16486600
vt 0.75088600 0.25094700
vt 0.80109000 0.53155100
vt 0.43079300 0.91689100
vt 0.82927900 0.89189600
vt 0.67627700 0.57681400
vt 0.74264000 0.02428600
vt 0.60662700 0.11035300
vt 0.39767700 0.95046800
vt 0.92554600 0.82837100
vt 0.72441400 0.59150000
vt 0.82647800 0.85556900
vt 0.59701700 0.39781800
vt 0.00645800 0.91205300
vt 0.78100600 0.25570300
vt 0.39755800 0.94072800
vt 0.67308400 0.80575400
vt 0.90630700 0.72571200
vt 0.96676400 0.84495100
vt 0.35303400 0.94174400
vt 0.62045800 0.59167400
vt 0.00902400 0.37302600
vt 0.69849200 0.63522700
vt 0.94012300 0.96277300
vt 0.53304400 0.98024100
vt 0.89477600 0.85790400
vt 0.74264000 0.58430500
vt 0.59748900 0.04535900
vt 0.96508800 0.86729600
vt 0.64407400 0.48798800
vt 0.98278800 0.77800700
vt 0.65344200 0.74341700
vt 0.66961900 0.42226000
vt 0.60251700 0.74391700
vt 0.86610600 0.77755900
vt 0.80520100 0.90426000
vt 0.76611800 0.89961200
vt 0.00604000 0.20420800
vt 0.78273100 0.64962100
vt 0.59705900 0.11458700
vt 0.73232500 0.02610500
vt 0.58320100 0.61953400
vt 0.83942000 0.89146000
vt 0.87305100 0.94692700
vt 0.74674400 0.90386100
vt 0.80708500 0.90821400
vt 0.76699900 0.90392100
vt 0.00515200 0.20851600
vt 0.78087600 0.65360400
vt 0.83383800 0.00551300
vt 0.88451400 0.93874500
vt 0.31198000 0.77106200
vt 0.81619400 0.00771600
vt 0.81810700 0.54442800
vt 0.59734400 0.14900800
vt 0.97360200 0.00551200
vt 0.72470100 0.72079800
vt 0.00892900 0.04365100
vt 0.58006400 0.92162500
vt 0.86897700 0.79669800
vt 0.59991500 0.17355800
vt 0.73464700 0.25561200
vt 0.58530200 0.83673800
vt 0.85869000 0.87939700
vt 0.64650100 0.66971900
vt 0.33598800 0.93518900
vt 0.59649500 0.08465400
vt 0.72868500 0.80421800
vt 0.12494100 0.88613100
vt 0.13212200 0.88613100
vt 0.88383600 0.99091000
vt 0.84974800 0.84419900
vt 0.81300900 0.46380900
vt 0.55804900 0.84586500
vt 0.62148300 0.33133200
vt 0.76266300 0.31872400
vt 0.76450900 0.28123300
vt 0.35509100 0.81277900
vt 0.81478800 0.50129900
vt 0.35509100 0.77106300
vt 0.00396000 0.44701100
vt 0.74695600 0.54548200
vt 0.26791200 0.84782500
vt 0.83986000 0.80030200
vt 0.26073200 0.84780900
vt 0.59790800 0.80575400
vt 0.98395600 0.72571200
vt 0.63615800 0.63823900
vt 0.68507400 0.68420200
vt 0.51618400 0.94549300
vt 0.65370600 0.61134600
vt 0.56744600 0.91094600
vt 0.91666300 0.72571200
vt 0.66365400 0.80575400
vt 0.00892500 0.16310900
vt 0.71176500 0.54662700
vt 0.00487200 0.84745900
vt 0.77918000 0.04046000
vt 0.64573800 0.41342300
vt 0.64310900 0.80420600
vt 0.66512800 0.70546500
vt 0.71383700 0.77831200
vt 0.70348200 0.77805300
vt 0.89980400 0.83047200
vt 0.38861100 0.77106200
vt 0.81789900 0.46775300
vt 0.38861100 0.81278000
vt 0.76753900 0.31478400
vt 0.87270000 0.86187900
vt 0.71677800 0.98054000
vt 0.97829500 0.89524500
vt 0.00899000 0.28242200
vt 0.60948800 0.64196000
vt 0.34550300 0.77106300
vt 0.81481700 0.51088000
vt 0.69356100 0.80575400
vt 0.88560500 0.72571100
vt 0.65329100 0.41262300
vt 0.62775400 0.49761700
vt 0.63323500 0.77810900
vt 0.92412400 0.93772800
vt 0.97878000 0.72571200
vt 0.60298400 0.80575400
vt 0.59705700 0.17440600
vt 0.73168600 0.25591500
vt 0.58228500 0.42152600
vt 0.00584800 0.95488800
vt 0.81512300 0.31440500
vt 0.36813700 0.96612400
vt 0.81512500 0.23772900
vt 0.64807400 0.70893200
vt 0.00892700 0.10329100
vt 0.93888200 0.92230900
vt 0.91977300 0.83800700
vt 0.80619000 0.32398300
vt 0.01290800 0.94370300
vt 0.67313700 0.72095200
vt 0.00892900 0.07507400
vt 0.29522100 0.81277800
vt 0.76578400 0.22130000
vt 0.69151900 0.49521800
f 1775/1775 978/978 308/308
f 1775/1775 737/737 1812/1812
f 192/192 894/894 140/140
f 192/192 155/155 248/248
f 2007/2007 1389/1389 1051/1051
f 2007/2007 1370/1370 348/348
f 1204/1204 231/231 2008/2008
f 1711/1711 1287/1287 1145/1145
f 697/697 391/391 64/64
f 697/697 482/482 559/559
f 1105/1105 589/589 598/598
f 1238/1238 1673/1673 1337/1337
f 1493/1493 1581/1581 1337/1337
f 1053/1053 681/681 1297/1297
f 398/398 974/974 1712/1712
f 398/398 273/273 905/905
f 1137/1137 1466/1466 931/931
f 353/353 1047/1047 1668/1668
f 1129/1129 1803/1803 1668/1668
f 1929/1929 1720/1720 1416/1416
f 1929/1929 1416/1416 1019/1019
f 1929/1929 1019/1019 1538/1538
f 1929/1929 528/528 1720/1720
f 1929/1929 1538/1538 517/517
f 1929/1929 517/517 1906/1906
f 1929/1929 1870/1870 528/528
f 1929/1929 1906/1906 1299/1299
f 1929/1929 1299/1299 518/518
f 1929/1929 1055/1055 1870/1870
f 1929/1929 518/518 655/655
f 1929/1929 655/655 1537/1537
f 1929/1929 139/139 1055/1055
f 1929/1929 1537/1537 557/557
f 1929/1929 557/557 431/431
f 1929/1929 1638/1638 139/139
f 1929/1929 431/431 1632/1632
f 1929/1929 1632/1632 70/70
f 1929/1929 1878/1878 1638/1638
f 1929/1929 70/70 380/380
f 1929/1929 380/380 340/340
f 1929/1929 1258/1258 1878/1878
f 1929/1929 340/340 461/461
f 1929/1929 461/461 1062/1062
f 1929/1929 1587/1587 1258/1258
f 1929/1929 1062/1062 1860/1860
f 1929/1929 1860/1860 980/980
f 1929/1929 632/632 1587/1587
f 1929/1929 980/980 214/214
f 1929/1929 214/214 1023/1023
f 1929/1929 1060/1060 632/632
f 1929/1929 1023/1023 576/576
f 1929/1929 576/576 287/287
f 1929/1929 1661/1661 1060/1060
f 1929/1929 287/287 1661/1661
f 809/809 1849/1849 834/834
f 889/889 743/743 30/30
f 295/295 1045/1045 289/289
f 295/295 1867/1867 262/262
f 1108/1108 1142/1142 925/925
f 1108/1108 1339/1339 1828/1828
f 930/930 1464/1464 1453/1453
f 1296/1296 683/683 1054/1054
f 1669/1669 657/657 1602/1602
f 1669/1669 397/397 1722/1722
f 1147/1147 1284/1284 2047/2047
f 2009/2009 232/232 1201/1201
f 899/899 586/586 1103/1103
f 1637/1637 1674/1674 1680/1680
f 1637/1637 268/268 1494/1494
f 386/386 394/394 428/428
f 561/561 1808/1808 428/428
f 730/730 1351/1351 18/18
f 525/525 1050/1050 871/871
f 525/525 539/539 1131/1131
f 19/19 1353/1353 729/729
f 354/354 741/741 891/891
f 832/832 1851/1851 2026/2026
f 1161/1161 975/975 1525/1525
f 906/906 1515/1515 1525/1525
f 180/180 1221/1221 196/196
f 180/180 196/196 503/503
f 180/180 503/503 1441/1441
f 180/180 1970/1970 1221/1221
f 180/180 1441/1441 1795/1795
f 180/180 1795/1795 409/409
f 180/180 670/670 1970/1970
f 180/180 409/409 1554/1554
f 180/180 1554/1554 1462/1462
f 180/180 1331/1331 670/670
f 180/180 1462/1462 63/63
f 180/180 63/63 1866/1866
f 180/180 1613/1613 1331/1331
f 180/180 1866/1866 168/168
f 180/180 168/168 1873/1873
f 180/180 2015/2015 1613/1613
f 180/180 1873/1873 1059/1059
f 180/180 1059/1059 1300/1300
f 180/180 654/654 2015/2015
f 180/180 1300/1300 1888/1888
f 180/180 1888/1888 745/745
f 180/180 1138/1138 654/654
f 180/180 745/745 663/663
f 180/180 663/663 173/173
f 180/180 1856/1856 1138/1138
f 180/180 173/173 813/813
f 180/180 813/813 1422/1422
f 180/180 1932/1932 1856/1856
f 180/180 1422/1422 234/234
f 180/180 234/234 665/665
f 180/180 1001/1001 1932/1932
f 180/180 665/665 808/808
f 180/180 808/808 400/400
f 180/180 926/926 1001/1001
f 180/180 400/400 926/926
f 678/678 1825/1825 85/85
f 678/678 85/85 1077/1077
f 1477/1477 453/453 677/677
f 1477/1477 677/677 759/759
f 783/783 58/58 453/453
f 783/783 453/453 1477/1477
f 175/175 2046/2046 58/58
f 175/175 58/58 783/783
f 1255/1255 321/321 2046/2046
f 1255/1255 2046/2046 175/175
f 2046/2046 321/321 652/652
f 2046/2046 652/652 123/123
f 123/123 652/652 1752/1752
f 123/123 1752/1752 631/631
f 1752/1752 770/770 1908/1908
f 1752/1752 1908/1908 631/631
f 476/476 595/595 631/631
f 476/476 631/631 1908/1908
f 1968/1968 1253/1253 595/595
f 1968/1968 595/595 476/476
f 2031/2031 74/74 1253/1253
f 2031/2031 1253/1253 1968/1968
f 865/865 1170/1170 1168/1168
f 865/865 1168/1168 1386/1386
f 1445/1445 259/259 1469/1469
f 1445/1445 1469/1469 1444/1444
f 752/752 1261/1261 2030/2030
f 752/752 2030/2030 284/284
f 1756/1756 1205/1205 1703/1703
f 1756/1756 1703/1703 1349/1349
f 475/475 1907/1907 1306/1306
f 475/475 1306/1306 284/284
f 1907/1907 769/769 673/673
f 1907/1907 673/673 1306/1306
f 769/769 1751/1751 1008/1008
f 769/769 1008/1008 673/673
f 1751/1751 651/651 1961/1961
f 1751/1751 1961/1961 1008/1008
f 651/651 320/320 1017/1017
f 651/651 1017/1017 1961/1961
f 320/320 1254/1254 704/704
f 320/320 704/704 1017/1017
f 1254/1254 174/174 721/721
f 1254/1254 721/721 704/704
f 174/174 782/782 218/218
f 174/174 218/218 721/721
f 782/782 1476/1476 758/758
f 782/782 758/758 218/218
f 297/297 1324/1324 641/641
f 297/297 641/641 944/944
f 109/109 1588/1588 607/607
f 109/109 607/607 52/52
f 1262/1262 1729/1729 1245/1245
f 1262/1262 1245/1245 574/574
f 1086/1086 1405/1405 293/293
f 1086/1086 293/293 1770/1770
f 1705/1705 197/197 375/375
f 1705/1705 375/375 1249/1249
f 269/269 959/959 125/125
f 269/269 125/125 1922/1922
f 1648/1648 773/773 1714/1714
f 1648/1648 1714/1714 437/437
f 988/988 171/171 972/972
f 988/988 972/972 133/133
f 508/508 1761/1761 793/793
f 508/508 793/793 981/981
f 1809/1809 102/102 1290/1290
f 1809/1809 1290/1290 1364/1364
f 383/383 582/582 1813/1813
f 383/383 1813/1813 815/815
f 660/660 857/857 860/860
f 660/660 860/860 1162/1162
f 1723/1723 1987/1987 250/250
f 1723/1723 250/250 75/75
f 299/299 352/352 473/473
f 299/299 473/473 1158/1158
f 1898/1898 1207/1207 626/626
f 1898/1898 626/626 986/986
f 1307/1307 1898/1898 986/986
f 1307/1307 986/986 166/166
f 1499/1499 1307/1307 166/166
f 1499/1499 166/166 738/738
f 282/282 1499/1499 738/738
f 282/282 738/738 1125/1125
f 1078/1078 1691/1691 114/114
f 1078/1078 114/114 767/767
f 114/114 1691/1691 1764/1764
f 114/114 1764/1764 308/308
f 579/579 114/114 308/308
f 579/579 308/308 978/978
f 433/433 749/749 978/978
f 433/433 978/978 1775/1775
f 1282/1282 433/433 1775/1775
f 1282/1282 1775/1775 1812/1812
f 1812/1812 737/737 751/751
f 1812/1812 751/751 2002/2002
f 1350/1350 751/751 737/737
f 1350/1350 737/737 850/850
f 1350/1350 1724/1724 1260/1260
f 1350/1350 1260/1260 751/751
f 1821/1821 1333/1333 149/149
f 1821/1821 149/149 140/140
f 156/156 1821/1821 140/140
f 156/156 140/140 894/894
f 676/676 1726/1726 894/894
f 676/676 894/894 192/192
f 1981/1981 282/282 1125/1125
f 1981/1981 1125/1125 1776/1776
f 1506/1506 1981/1981 1776/1776
f 1506/1506 1776/1776 1420/1420
f 563/563 1506/1506 1420/1420
f 563/563 1420/1420 1237/1237
f 643/643 563/563 1237/1237
f 643/643 1237/1237 352/352
f 1818/1818 676/676 192/192
f 1818/1818 192/192 248/248
f 248/248 155/155 1676/1676
f 248/248 1676/1676 1963/1963
f 1527/1527 1676/1676 155/155
f 1527/1527 155/155 56/56
f 1527/1527 1810/1810 948/948
f 1527/1527 948/948 1676/1676
f 797/797 449/449 626/626
f 797/797 626/626 1344/1344
f 250/250 1987/1987 795/795
f 250/250 795/795 1346/1346
f 301/301 1157/1157 860/860
f 301/301 860/860 857/857
f 880/880 1592/1592 1713/1713
f 880/880 1713/1713 1772/1772
f 1616/1616 1230/1230 687/687
f 1616/1616 687/687 1421/1421
f 756/756 1616/1616 1421/1421
f 756/756 1421/1421 1036/1036
f 904/904 756/756 1036/1036
f 904/904 1036/1036 1919/1919
f 1342/1342 904/904 1919/1919
f 1342/1342 1919/1919 15/15
f 814/814 1333/1333 1821/1821
f 814/814 1821/1821 421/421
f 1628/1628 1141/1141 382/382
f 1628/1628 382/382 417/417
f 350/350 469/469 1141/1141
f 350/350 1141/1141 1628/1628
f 928/928 1014/1014 469/469
f 928/928 469/469 350/350
f 617/617 1242/1242 1014/1014
f 617/617 1014/1014 928/928
f 1014/1014 1242/1242 45/45
f 1014/1014 45/45 1435/1435
f 1806/1806 1071/1071 12/12
f 1806/1806 12/12 162/162
f 351/351 1627/1627 416/416
f 351/351 416/416 26/26
f 1435/1435 45/45 1656/1656
f 1435/1435 1656/1656 567/567
f 1656/1656 909/909 1842/1842
f 1656/1656 1842/1842 567/567
f 1070/1070 505/505 567/567
f 1070/1070 567/567 1842/1842
f 1807/1807 1073/1073 505/505
f 1807/1807 505/505 1070/1070
f 163/163 1363/1363 1073/1073
f 163/163 1073/1073 1807/1807
f 1071/1071 1841/1841 1934/1934
f 1071/1071 1934/1934 12/12
f 1841/1841 908/908 1432/1432
f 1841/1841 1432/1432 1934/1934
f 1817/1817 247/247 1432/1432
f 1817/1817 1432/1432 286/286
f 675/675 1817/1817 286/286
f 675/675 286/286 43/43
f 1725/1725 675/675 43/43
f 1725/1725 43/43 1503/1503
f 1241/1241 616/616 853/853
f 1241/1241 853/853 1503/1503
f 616/616 927/927 1895/1895
f 616/616 1895/1895 853/853
f 927/927 351/351 26/26
f 927/927 26/26 1895/1895
f 934/934 1440/1440 435/435
f 934/934 435/435 230/230
f 1020/1020 405/405 723/723
f 1020/1020 723/723 1940/1940
f 18/18 331/331 181/181
f 18/18 181/181 730/730
f 932/932 1606/1606 622/622
f 932/932 622/622 1112/1112
f 889/889 30/30 1038/1038
f 889/889 1038/1038 322/322
f 424/424 723/723 405/405
f 424/424 405/405 1578/1578
f 1096/1096 1038/1038 833/833
f 1096/1096 833/833 1848/1848
f 742/742 888/888 1606/1606
f 742/742 1606/1606 649/649
f 1467/1467 1941/1941 722/722
f 1467/1467 722/722 649/649
f 422/422 742/742 649/649
f 422/422 649/649 722/722
f 1664/1664 1463/1463 189/189
f 1664/1664 189/189 1051/1051
f 2043/2043 1664/1664 1051/1051
f 2043/2043 1051/1051 1389/1389
f 1570/1570 1433/1433 1389/1389
f 1570/1570 1389/1389 2007/2007
f 1876/1876 1342/1342 15/15
f 1876/1876 15/15 911/911
f 1881/1881 1876/1876 911/911
f 1881/1881 911/911 294/294
f 973/973 1881/1881 294/294
f 973/973 294/294 629/629
f 1928/1928 973/973 629/629
f 1928/1928 629/629 65/65
f 223/223 1570/1570 2007/2007
f 223/223 2007/2007 348/348
f 348/348 1370/1370 1321/1321
f 348/348 1321/1321 2037/2037
f 712/712 1321/1321 1370/1370
f 712/712 1370/1370 1905/1905
f 712/712 1446/1446 636/636
f 712/712 636/636 1321/1321
f 1592/1592 1928/1928 65/65
f 1592/1592 65/65 1713/1713
f 689/689 1229/1229 85/85
f 689/689 85/85 1825/1825
f 878/878 1774/1774 1168/1168
f 878/878 1168/1168 1170/1170
f 360/360 1892/1892 1872/1872
f 360/360 1872/1872 779/779
f 1800/1800 647/647 1283/1283
f 1800/1800 1283/1283 855/855
f 1530/1530 1800/1800 855/855
f 1530/1530 855/855 938/938
f 993/993 1530/1530 938/938
f 993/993 938/938 1334/1334
f 1520/1520 993/993 1334/1334
f 1520/1520 1334/1334 1522/1522
f 101/101 1463/1463 1664/1664
f 101/101 1664/1664 1546/1546
f 1042/1042 1786/1786 1289/1289
f 1042/1042 1289/1289 1543/1543
f 1239/1239 484/484 1786/1786
f 1239/1239 1786/1786 1042/1042
f 216/216 291/291 484/484
f 216/216 484/484 1239/1239
f 606/606 702/702 291/291
f 606/606 291/291 216/216
f 291/291 702/702 47/47
f 291/291 47/47 1624/1624
f 1322/1322 635/635 1946/1946
f 1322/1322 1946/1946 628/628
f 1547/1547 1665/1665 1022/1022
f 1547/1547 1022/1022 1542/1542
f 1625/1625 48/48 668/668
f 1625/1625 668/668 573/573
f 668/668 37/37 497/497
f 668/668 497/497 573/573
f 1913/1913 710/710 573/573
f 1913/1913 573/573 497/497
f 1035/1035 1540/1540 710/710
f 1035/1035 710/710 1913/1913
f 1947/1947 1443/1443 1540/1540
f 1947/1947 1540/1540 1035/1035
f 2038/2038 1322/1322 628/628
f 2038/2038 628/628 1883/1883
f 496/496 36/36 483/483
f 496/496 483/483 1883/1883
f 36/36 667/667 1759/1759
f 36/36 1759/1759 483/483
f 667/667 46/46 49/49
f 667/667 49/49 1759/1759
f 46/46 701/701 1973/1973
f 46/46 1973/1973 49/49
f 1390/1390 1434/1434 1973/1973
f 1390/1390 1973/1973 1732/1732
f 2044/2044 1390/1390 1732/1732
f 2044/2044 1732/1732 669/669
f 1665/1665 2044/2044 669/669
f 1665/1665 669/669 1022/1022
f 1096/1096 615/615 1098/1098
f 1096/1096 1098/1098 1583/1583
f 1902/1902 598/598 589/589
f 1902/1902 589/589 148/148
f 1902/1902 1298/1298 2005/2005
f 1902/1902 2005/2005 598/598
f 436/436 1833/1833 2008/2008
f 436/436 2008/2008 231/231
f 811/811 1641/1641 465/465
f 811/811 465/465 1068/1068
f 1204/1204 2008/2008 1068/1068
f 1204/1204 1068/1068 465/465
f 466/466 1643/1643 1287/1287
f 466/466 1287/1287 1711/1711
f 1641/1641 811/811 983/983
f 1641/1641 983/983 1301/1301
f 444/444 1520/1520 1522/1522
f 444/444 1522/1522 1679/1679
f 1708/1708 21/21 1468/1468
f 1708/1708 1468/1468 1251/1251
f 199/199 542/542 21/21
f 199/199 21/21 1708/1708
f 940/940 1214/1214 542/542
f 940/940 542/542 199/199
f 1118/1118 1622/1622 1214/1214
f 1118/1118 1214/1214 940/940
f 1214/1214 1622/1622 533/533
f 1214/1214 533/533 1483/1483
f 1483/1483 533/533 1033/1033
f 1483/1483 1033/1033 493/493
f 1033/1033 520/520 275/275
f 1033/1033 275/275 493/493
f 1400/1400 1658/1658 493/493
f 1400/1400 493/493 275/275
f 244/244 713/713 1658/1658
f 244/244 1658/1658 1400/1400
f 839/839 1385/1385 713/713
f 839/839 713/713 244/244
f 914/914 444/444 1679/1679
f 914/914 1679/1679 1555/1555
f 1091/1091 914/914 1555/1555
f 1091/1091 1555/1555 785/785
f 1767/1767 837/837 838/838
f 1767/1767 838/838 38/38
f 200/200 1707/1707 1250/1250
f 200/200 1250/1250 213/213
f 2018/2018 1767/1767 38/38
f 2018/2018 38/38 401/401
f 558/558 2018/2018 401/401
f 558/558 401/401 1223/1223
f 138/138 558/558 1223/1223
f 138/138 1223/1223 1603/1603
f 130/130 138/138 1603/1603
f 130/130 1603/1603 535/535
f 903/903 130/130 535/535
f 903/903 535/535 387/387
f 392/392 903/903 387/387
f 392/392 387/387 500/500
f 1066/1066 392/392 500/500
f 1066/1066 500/500 365/365
f 602/602 1066/1066 365/365
f 602/602 365/365 213/213
f 1834/1834 645/645 1431/1431
f 1834/1834 1431/1431 1193/1193
f 777/777 774/774 1890/1890
f 777/777 1890/1890 358/358
f 1926/1926 1591/1591 1972/1972
f 1926/1926 1972/1972 152/152
f 976/976 1926/1926 152/152
f 976/976 152/152 71/71
f 1826/1826 2003/2003 346/346
f 1826/1826 346/346 89/89
f 1173/1173 868/868 869/869
f 1173/1173 869/869 1169/1169
f 1682/1682 1471/1471 1072/1072
f 1682/1682 1072/1072 1218/1218
f 265/265 1976/1976 1975/1975
f 265/265 1975/1975 267/267
f 609/609 1815/1815 957/957
f 609/609 957/957 613/613
f 1165/1165 861/861 858/858
f 1165/1165 858/858 1166/1166
f 1892/1892 1091/1091 785/785
f 1892/1892 785/785 1872/1872
f 647/647 1836/1836 1190/1190
f 647/647 1190/1190 1283/1283
f 660/660 1162/1162 1187/1187
f 660/660 1187/1187 1192/1192
f 781/781 1697/1697 1813/1813
f 781/781 1813/1813 582/582
f 1359/1359 252/252 1991/1991
f 1359/1359 1991/1991 951/951
f 1642/1642 1302/1302 1396/1396
f 1642/1642 1396/1396 1286/1286
f 1146/1146 458/458 1428/1428
f 1146/1146 1428/1428 1745/1745
f 588/588 1104/1104 458/458
f 588/588 458/458 1396/1396
f 54/54 1025/1025 1028/1028
f 54/54 1028/1028 1224/1224
f 258/258 334/334 603/603
f 258/258 603/603 373/373
f 603/603 334/334 1719/1719
f 603/603 1719/1719 64/64
f 1065/1065 603/603 64/64
f 1065/1065 64/64 391/391
f 129/129 902/902 391/391
f 129/129 391/391 697/697
f 137/137 129/129 697/697
f 137/137 697/697 559/559
f 559/559 482/482 1768/1768
f 559/559 1768/1768 2019/2019
f 1009/1009 1768/1768 482/482
f 1009/1009 482/482 279/279
f 1009/1009 866/866 836/836
f 1009/1009 836/836 1768/1768
f 1105/1105 598/598 2005/2005
f 1105/1105 2005/2005 920/920
f 361/361 780/780 581/581
f 361/361 581/581 25/25
f 1893/1893 361/361 25/25
f 1893/1893 25/25 1511/1511
f 1090/1090 1893/1893 1511/1511
f 1090/1090 1511/1511 823/823
f 915/915 1090/1090 823/823
f 915/915 823/823 445/445
f 823/823 571/571 1521/1521
f 823/823 1521/1521 445/445
f 571/571 1567/1567 994/994
f 571/571 994/994 1521/1521
f 994/994 1567/1567 1799/1799
f 994/994 1799/1799 1531/1531
f 648/648 1799/1799 1567/1567
f 648/648 1567/1567 411/411
f 1837/1837 648/648 411/411
f 1837/1837 411/411 1312/1312
f 1191/1191 1837/1837 1312/1312
f 1191/1191 1312/1312 659/659
f 54/54 682/682 6/6
f 54/54 6/6 1025/1025
f 1880/1880 976/976 71/71
f 1880/1880 71/71 1368/1368
f 1875/1875 1880/1880 1368/1368
f 1875/1875 1368/1368 549/549
f 1264/1264 1359/1359 951/951
f 1264/1264 951/951 1269/1269
f 2003/2003 50/50 762/762
f 2003/2003 762/762 346/346
f 1341/1341 1875/1875 549/549
f 1341/1341 549/549 1730/1730
f 907/907 1341/1341 1730/1730
f 907/907 1730/1730 686/686
f 755/755 907/907 686/686
f 755/755 686/686 791/791
f 1615/1615 755/755 791/791
f 1615/1615 791/791 402/402
f 692/692 362/362 826/826
f 692/692 826/826 311/311
f 564/564 641/641 1324/1324
f 564/564 1324/1324 1384/1384
f 671/671 1920/1920 1080/1080
f 671/671 1080/1080 267/267
f 1509/1509 564/564 1384/1384
f 1509/1509 1384/1384 1684/1684
f 1980/1980 1509/1509 1684/1684
f 1980/1980 1684/1684 1742/1742
f 280/280 1980/1980 1742/1742
f 280/280 1742/1742 1124/1124
f 1498/1498 280/280 1124/1124
f 1498/1498 1124/1124 1969/1969
f 1310/1310 1498/1498 1969/1969
f 1310/1310 1969/1969 1623/1623
f 1899/1899 1310/1310 1623/1623
f 1899/1899 1623/1623 1178/1178
f 1271/1271 447/447 317/317
f 1271/1271 317/317 1704/1704
f 1063/1063 601/601 1380/1380
f 1063/1063 1380/1380 705/705
f 393/393 1063/1063 705/705
f 393/393 705/705 430/430
f 54/54 1224/1224 920/920
f 54/54 920/920 2005/2005
f 54/54 2005/2005 1298/1298
f 54/54 1298/1298 682/682
f 840/840 835/835 865/865
f 840/840 865/865 1386/1386
f 371/371 1252/1252 1469/1469
f 371/371 1469/1469 259/259
f 1545/1545 1544/1544 1290/1290
f 1545/1545 1290/1290 102/102
f 1145/1145 1743/1743 434/434
f 1145/1145 434/434 1711/1711
f 1104/1104 919/919 1428/1428
f 1104/1104 1428/1428 458/458
f 1053/1053 1297/1297 1901/1901
f 1053/1053 1901/1901 1822/1822
f 466/466 1711/1711 434/434
f 466/466 434/434 1203/1203
f 1814/1814 1699/1699 1452/1452
f 1814/1814 1452/1452 1740/1740
f 1452/1452 1238/1238 349/349
f 1452/1452 349/349 1740/1740
f 968/968 1673/1673 1238/1238
f 968/968 1238/1238 1452/1452
f 1955/1955 1337/1337 1673/1673
f 1955/1955 1673/1673 1135/1135
f 1945/1945 1493/1493 1337/1337
f 1945/1945 1337/1337 1955/1955
f 1493/1493 62/62 306/306
f 1493/1493 306/306 1581/1581
f 1015/1015 918/918 1581/1581
f 1015/1015 1581/1581 306/306
f 1015/1015 306/306 1188/1188
f 1015/1015 1188/1188 1163/1163
f 147/147 1003/1003 1822/1822
f 147/147 1822/1822 1901/1901
f 1089/1089 1702/1702 1167/1167
f 1089/1089 1167/1167 1773/1773
f 1407/1407 377/377 1702/1702
f 1407/1407 1702/1702 1089/1089
f 1489/1489 457/457 377/377
f 1489/1489 377/377 1407/1407
f 546/546 97/97 457/457
f 546/546 457/457 1489/1489
f 457/457 97/97 1790/1790
f 457/457 1790/1790 68/68
f 68/68 1790/1790 555/555
f 68/68 555/555 1855/1855
f 555/555 718/718 186/186
f 555/555 186/186 1855/1855
f 829/829 91/91 1855/1855
f 829/829 1855/1855 186/186
f 314/314 1839/1839 91/91
f 314/314 91/91 829/829
f 688/688 1824/1824 1839/1839
f 688/688 1839/1839 314/314
f 1444/1444 1948/1948 634/634
f 1444/1444 634/634 1445/1445
f 298/298 864/864 858/858
f 298/298 858/858 1156/1156
f 252/252 1348/1348 798/798
f 252/252 798/798 1991/1991
f 900/900 393/393 430/430
f 900/900 430/430 1640/1640
f 127/127 900/900 1640/1640
f 127/127 1640/1640 126/126
f 136/136 127/127 126/126
f 136/136 126/126 107/107
f 560/560 136/136 107/107
f 560/560 107/107 403/403
f 2016/2016 560/560 403/403
f 2016/2016 403/403 680/680
f 1766/1766 2016/2016 680/680
f 1766/1766 680/680 1044/1044
f 842/842 1496/1496 1398/1398
f 842/842 1398/1398 241/241
f 1093/1093 1890/1890 774/774
f 1093/1093 774/774 947/947
f 917/917 1093/1093 947/947
f 917/917 947/947 886/886
f 442/442 917/917 886/886
f 442/442 886/886 1539/1539
f 875/875 1173/1173 1169/1169
f 875/875 1169/1169 877/877
f 87/87 1234/1234 1233/1233
f 87/87 1233/1233 89/89
f 1518/1518 442/442 1539/1539
f 1518/1518 1539/1539 1517/1517
f 991/991 1518/1518 1517/1517
f 991/991 1517/1517 1762/1762
f 1533/1533 991/991 1762/1762
f 1533/1533 1762/1762 1843/1843
f 1802/1802 1533/1533 1843/1843
f 1802/1802 1843/1843 1831/1831
f 60/60 304/304 111/111
f 60/60 111/111 1784/1784
f 34/34 1728/1728 1330/1330
f 34/34 1330/1330 406/406
f 934/934 434/434 1743/1743
f 934/934 1743/1743 477/477
f 681/681 1053/1053 2/2
f 681/681 2/2 5/5
f 934/934 230/230 1203/1203
f 934/934 1203/1203 434/434
f 934/934 477/477 936/936
f 934/934 936/936 1440/1440
f 419/419 418/418 383/383
f 419/419 383/383 815/815
f 888/888 323/323 622/622
f 888/888 622/622 1606/1606
f 1467/1467 649/649 1606/1606
f 1467/1467 1606/1606 932/932
f 2024/2024 804/804 1028/1028
f 2024/2024 1028/1028 1025/1025
f 931/931 1111/1111 893/893
f 931/931 893/893 1137/1137
f 1171/1171 1122/1122 1593/1593
f 1171/1171 1593/1593 879/879
f 1593/1593 1122/1122 486/486
f 1593/1593 486/486 1712/1712
f 1927/1927 1593/1593 1712/1712
f 1927/1927 1712/1712 974/974
f 1877/1877 1882/1882 974/974
f 1877/1877 974/974 398/398
f 1343/1343 1877/1877 398/398
f 1343/1343 398/398 905/905
f 905/905 273/273 1617/1617
f 905/905 1617/1617 757/757
f 355/355 1617/1617 273/273
f 355/355 273/273 1454/1454
f 355/355 86/86 1231/1231
f 355/355 1231/1231 1617/1617
f 946/946 300/300 856/856
f 946/946 856/856 364/364
f 644/644 946/946 364/364
f 644/644 364/364 1686/1686
f 562/562 644/644 1686/1686
f 562/562 1686/1686 1611/1611
f 1507/1507 562/562 1611/1611
f 1507/1507 1611/1611 1982/1982
f 1611/1611 2014/2014 283/283
f 1611/1611 283/283 1982/1982
f 2014/2014 227/227 1500/1500
f 2014/2014 1500/1500 283/283
f 1500/1500 227/227 1897/1897
f 1500/1500 1897/1897 1308/1308
f 1208/1208 1897/1897 227/227
f 1208/1208 227/227 1983/1983
f 1758/1758 1208/1208 1983/1983
f 1758/1758 1983/1983 238/238
f 1345/1345 1758/1758 238/238
f 1345/1345 238/238 249/249
f 2024/2024 1025/1025 6/6
f 2024/2024 6/6 1352/1352
f 1364/1364 164/164 949/949
f 1364/1364 949/949 1809/1809
f 658/658 990/990 1728/1728
f 658/658 1728/1728 34/34
f 662/662 1195/1195 1197/1197
f 662/662 1197/1197 1166/1166
f 41/41 1056/1056 1076/1076
f 41/41 1076/1076 1721/1721
f 708/708 33/33 1056/1056
f 708/708 1056/1056 41/41
f 2042/2042 1372/1372 954/954
f 2042/2042 954/954 1382/1382
f 1649/1649 1682/1682 1218/1218
f 1649/1649 1218/1218 1654/1654
f 1372/1372 2033/2033 1270/1270
f 1372/1372 1270/1270 954/954
f 488/488 1357/1357 1442/1442
f 488/488 1442/1442 621/621
f 621/621 1442/1442 990/990
f 621/621 990/990 658/658
f 1931/1931 1754/1754 786/786
f 1931/1931 786/786 255/255
f 1143/1143 150/150 1754/1754
f 1143/1143 1754/1754 1931/1931
f 776/776 583/583 957/957
f 776/776 957/957 1696/1696
f 611/611 132/132 1411/1411
f 611/611 1411/1411 613/613
f 119/119 22/22 1563/1563
f 119/119 1563/1563 1829/1829
f 389/389 1996/1996 22/22
f 389/389 22/22 119/119
f 1127/1127 414/414 470/470
f 1127/1127 470/470 343/343
f 414/414 2035/2035 1275/1275
f 414/414 1275/1275 470/470
f 1361/1361 1362/1362 272/272
f 1361/1361 272/272 342/342
f 342/342 272/272 150/150
f 342/342 150/150 1143/1143
f 507/507 734/734 1975/1975
f 507/507 1975/1975 514/514
f 2024/2024 893/893 1111/1111
f 2024/2024 1111/1111 804/804
f 2024/2024 1352/1352 731/731
f 2024/2024 731/731 893/893
f 1351/1351 7/7 3/3
f 1351/1351 3/3 18/18
f 182/182 1939/1939 1466/1466
f 182/182 1466/1466 1137/1137
f 1910/1910 1245/1245 1729/1729
f 1910/1910 1729/1729 637/637
f 367/367 260/260 1072/1072
f 367/367 1072/1072 369/369
f 868/868 848/848 845/845
f 868/868 845/845 869/869
f 772/772 1910/1910 637/637
f 772/772 637/637 527/527
f 1749/1749 772/772 527/527
f 1749/1749 527/527 278/278
f 859/859 1159/1159 474/474
f 859/859 474/474 913/913
f 474/474 353/353 1571/1571
f 474/474 1571/1571 913/913
f 160/160 1047/1047 353/353
f 160/160 353/353 474/474
f 211/211 1668/1668 1047/1047
f 211/211 1047/1047 206/206
f 696/696 1129/1129 1668/1668
f 696/696 1668/1668 211/211
f 1129/1129 1274/1274 450/450
f 1129/1129 450/450 1803/1803
f 1709/1709 597/597 1803/1803
f 1709/1709 1803/1803 450/450
f 1709/1709 450/450 796/796
f 1709/1709 796/796 1988/1988
f 1350/1350 850/850 597/597
f 1350/1350 597/597 1709/1709
f 1709/1709 1988/1988 1724/1724
f 1709/1709 1724/1724 1350/1350
f 1393/1393 1749/1749 278/278
f 1393/1393 278/278 883/883
f 1253/1253 74/74 249/249
f 1253/1253 249/249 238/238
f 238/238 1983/1983 595/595
f 238/238 595/595 1253/1253
f 1686/1686 364/364 1312/1312
f 1686/1686 1312/1312 411/411
f 659/659 1312/1312 364/364
f 659/659 364/364 856/856
f 318/318 1393/1393 883/883
f 318/318 883/883 1798/1798
f 1015/1015 1163/1163 859/859
f 1015/1015 859/859 913/913
f 913/913 1571/1571 918/918
f 913/913 918/918 1015/1015
f 1740/1740 349/349 149/149
f 1740/1740 149/149 1333/1333
f 1333/1333 814/814 1814/1814
f 1333/1333 1814/1814 1740/1740
f 1257/1257 318/318 1798/1798
f 1257/1257 1798/1798 1663/1663
f 25/25 581/581 382/382
f 25/25 382/382 1141/1141
f 1141/1141 469/469 1511/1511
f 1141/1141 1511/1511 25/25
f 505/505 1073/1073 1786/1786
f 505/505 1786/1786 484/484
f 1289/1289 1786/1786 1073/1073
f 1289/1289 1073/1073 1363/1363
f 177/177 1257/1257 1663/1663
f 177/177 1663/1663 131/131
f 1463/1463 101/101 1810/1810
f 1463/1463 1810/1810 1527/1527
f 1527/1527 56/56 189/189
f 1527/1527 189/189 1463/1463
f 712/712 1905/1905 1719/1719
f 712/712 1719/1719 334/334
f 334/334 258/258 1446/1446
f 334/334 1446/1446 712/712
f 1588/1588 177/177 131/131
f 1588/1588 131/131 607/607
f 710/710 1540/1540 21/21
f 710/710 21/21 542/542
f 1468/1468 21/21 1540/1540
f 1468/1468 1540/1540 1443/1443
f 1658/1658 713/713 1702/1702
f 1658/1658 1702/1702 377/377
f 1167/1167 1702/1702 713/713
f 1167/1167 713/713 1385/1385
f 2032/2032 1259/1259 1723/1723
f 2032/2032 1723/1723 75/75
f 1122/1122 1171/1171 866/866
f 1122/1122 866/866 1009/1009
f 1009/1009 279/279 486/486
f 1009/1009 486/486 1122/1122
f 1764/1764 1691/1691 355/355
f 1764/1764 355/355 1454/1454
f 86/86 355/355 1691/1691
f 86/86 1691/1691 1078/1078
f 766/766 760/760 678/678
f 766/766 678/678 1077/1077
f 453/453 58/58 91/91
f 453/453 91/91 1839/1839
f 1839/1839 1824/1824 677/677
f 1839/1839 677/677 453/453
f 308/308 1764/1764 585/585
f 308/308 585/585 1315/1315
f 1775/1775 308/308 1315/1315
f 1775/1775 1315/1315 1846/1846
f 1764/1764 1454/1454 590/590
f 1764/1764 590/590 585/585
f 737/737 1775/1775 1846/1846
f 737/737 1846/1846 1375/1375
f 1454/1454 273/273 1741/1741
f 1454/1454 1741/1741 590/590
f 850/850 737/737 1375/1375
f 850/850 1375/1375 1184/1184
f 273/273 398/398 1294/1294
f 273/273 1294/1294 1741/1741
f 597/597 850/850 1184/1184
f 597/597 1184/1184 526/526
f 398/398 1712/1712 884/884
f 398/398 884/884 1294/1294
f 1803/1803 597/597 526/526
f 1803/1803 526/526 1933/1933
f 1712/1712 486/486 1317/1317
f 1712/1712 1317/1317 884/884
f 1668/1668 1803/1803 1933/1933
f 1668/1668 1933/1933 1160/1160
f 486/486 279/279 1781/1781
f 486/486 1781/1781 1317/1317
f 353/353 1668/1668 1160/1160
f 353/353 1160/1160 1094/1094
f 279/279 482/482 1480/1480
f 279/279 1480/1480 1781/1781
f 1571/1571 353/353 1094/1094
f 1571/1571 1094/1094 1737/1737
f 482/482 697/697 178/178
f 482/482 178/178 1480/1480
f 918/918 1571/1571 1737/1737
f 918/918 1737/1737 1311/1311
f 697/697 64/64 1731/1731
f 697/697 1731/1731 178/178
f 1581/1581 918/918 1311/1311
f 1581/1581 1311/1311 1276/1276
f 64/64 1719/1719 1417/1417
f 64/64 1417/1417 1731/1731
f 1337/1337 1581/1581 1276/1276
f 1337/1337 1276/1276 1572/1572
f 1719/1719 1905/1905 1793/1793
f 1719/1719 1793/1793 1417/1417
f 1238/1238 1337/1337 1572/1572
f 1238/1238 1572/1572 1738/1738
f 1905/1905 1370/1370 1291/1291
f 1905/1905 1291/1291 1793/1793
f 349/349 1238/1238 1738/1738
f 349/349 1738/1738 1896/1896
f 1370/1370 2007/2007 1210/1210
f 1370/1370 1210/1210 1291/1291
f 149/149 349/349 1896/1896
f 149/149 1896/1896 429/429
f 2007/2007 1051/1051 608/608
f 2007/2007 608/608 1210/1210
f 140/140 149/149 429/429
f 140/140 429/429 970/970
f 1051/1051 189/189 193/193
f 1051/1051 193/193 608/608
f 192/192 140/140 970/970
f 192/192 970/970 462/462
f 189/189 56/56 225/225
f 189/189 225/225 193/193
f 155/155 192/192 462/462
f 155/155 462/462 98/98
f 56/56 155/155 98/98
f 56/56 98/98 225/225
f 501/501 1994/1994 1365/1365
f 501/501 1365/1365 556/556
f 1994/1994 501/501 1781/1781
f 1994/1994 1781/1781 1480/1480
f 408/408 1994/1994 1480/1480
f 408/408 1480/1480 178/178
f 1994/1994 408/408 446/446
f 1994/1994 446/446 1365/1365
f 599/599 408/408 178/178
f 599/599 178/178 1731/1731
f 408/408 599/599 1457/1457
f 408/408 1457/1457 446/446
f 224/224 501/501 556/556
f 224/224 556/556 537/537
f 501/501 224/224 1317/1317
f 501/501 1317/1317 1781/1781
f 1971/1971 599/599 1731/1731
f 1971/1971 1731/1731 1417/1417
f 599/599 1971/1971 1639/1639
f 599/599 1639/1639 1457/1457
f 784/784 1971/1971 1417/1417
f 784/784 1417/1417 1793/1793
f 1971/1971 784/784 1582/1582
f 1971/1971 1582/1582 1639/1639
f 1832/1832 224/224 537/537
f 1832/1832 537/537 1997/1997
f 224/224 1832/1832 884/884
f 224/224 884/884 1317/1317
f 1216/1216 784/784 1793/1793
f 1216/1216 1793/1793 1291/1291
f 784/784 1216/1216 1460/1460
f 784/784 1460/1460 1582/1582
f 1002/1002 1216/1216 1291/1291
f 1002/1002 1291/1291 1210/1210
f 1216/1216 1002/1002 1222/1222
f 1216/1216 1222/1222 1460/1460
f 108/108 1832/1832 1997/1997
f 108/108 1997/1997 849/849
f 1832/1832 108/108 1294/1294
f 1832/1832 1294/1294 884/884
f 1455/1455 1002/1002 1210/1210
f 1455/1455 1210/1210 608/608
f 1002/1002 1455/1455 1995/1995
f 1002/1002 1995/1995 1222/1222
f 167/167 1455/1455 608/608
f 167/167 608/608 193/193
f 1455/1455 167/167 1559/1559
f 1455/1455 1559/1559 1995/1995
f 1580/1580 108/108 849/849
f 1580/1580 849/849 898/898
f 108/108 1580/1580 1741/1741
f 108/108 1741/1741 1294/1294
f 1327/1327 167/167 193/193
f 1327/1327 193/193 225/225
f 167/167 1327/1327 117/117
f 167/167 117/117 1559/1559
f 1528/1528 1327/1327 225/225
f 1528/1528 225/225 98/98
f 1327/1327 1528/1528 1889/1889
f 1327/1327 1889/1889 117/117
f 995/995 1580/1580 898/898
f 995/995 898/898 207/207
f 1580/1580 995/995 590/590
f 1580/1580 590/590 1741/1741
f 1371/1371 1528/1528 98/98
f 1371/1371 98/98 462/462
f 1528/1528 1371/1371 451/451
f 1528/1528 451/451 1889/1889
f 1007/1007 1371/1371 462/462
f 1007/1007 462/462 970/970
f 1371/1371 1007/1007 390/390
f 1371/1371 390/390 451/451
f 1912/1912 995/995 207/207
f 1912/1912 207/207 1844/1844
f 995/995 1912/1912 585/585
f 995/995 585/585 590/590
f 887/887 1007/1007 970/970
f 887/887 970/970 429/429
f 1007/1007 887/887 1568/1568
f 1007/1007 1568/1568 390/390
f 1217/1217 887/887 429/429
f 1217/1217 429/429 1896/1896
f 887/887 1217/1217 892/892
f 887/887 892/892 1568/1568
f 82/82 1912/1912 1844/1844
f 82/82 1844/1844 591/591
f 1912/1912 82/82 1315/1315
f 1912/1912 1315/1315 585/585
f 1727/1727 1217/1217 1896/1896
f 1727/1727 1896/1896 1738/1738
f 1217/1217 1727/1727 540/540
f 1217/1217 540/540 892/892
f 753/753 1727/1727 1738/1738
f 753/753 1738/1738 1572/1572
f 1727/1727 753/753 1864/1864
f 1727/1727 1864/1864 540/540
f 1177/1177 82/82 591/591
f 1177/1177 591/591 789/789
f 82/82 1177/1177 1846/1846
f 82/82 1846/1846 1315/1315
f 1379/1379 753/753 1572/1572
f 1379/1379 1572/1572 1276/1276
f 753/753 1379/1379 987/987
f 753/753 987/987 1864/1864
f 746/746 1379/1379 1276/1276
f 746/746 1276/1276 1311/1311
f 1379/1379 746/746 1847/1847
f 1379/1379 1847/1847 987/987
f 121/121 1177/1177 789/789
f 121/121 789/789 307/307
f 1177/1177 121/121 1375/1375
f 1177/1177 1375/1375 1846/1846
f 1335/1335 746/746 1311/1311
f 1335/1335 1311/1311 1737/1737
f 746/746 1335/1335 1670/1670
f 746/746 1670/1670 1847/1847
f 1558/1558 1335/1335 1737/1737
f 1558/1558 1737/1737 1094/1094
f 1335/1335 1558/1558 165/165
f 1335/1335 165/165 1670/1670
f 1336/1336 121/121 307/307
f 1336/1336 307/307 736/736
f 121/121 1336/1336 1184/1184
f 121/121 1184/1184 1375/1375
f 452/452 1558/1558 1094/1094
f 452/452 1094/1094 1160/1160
f 1558/1558 452/452 141/141
f 1558/1558 141/141 165/165
f 1666/1666 452/452 1160/1160
f 1666/1666 1160/1160 1933/1933
f 452/452 1666/1666 1332/1332
f 452/452 1332/1332 141/141
f 580/580 1336/1336 736/736
f 580/580 736/736 1917/1917
f 1336/1336 580/580 526/526
f 1336/1336 526/526 1184/1184
f 580/580 1666/1666 1933/1933
f 580/580 1933/1933 526/526
f 1666/1666 580/580 1917/1917
f 1666/1666 1917/1917 1332/1332
f 556/556 1365/1365 78/78
f 556/556 78/78 1472/1472
f 1365/1365 446/446 1456/1456
f 1365/1365 1456/1456 78/78
f 446/446 1457/1457 1136/1136
f 446/446 1136/1136 1456/1456
f 537/537 556/556 1472/1472
f 537/537 1472/1472 467/467
f 1457/1457 1639/1639 1292/1292
f 1457/1457 1292/1292 1136/1136
f 1639/1639 1582/1582 1085/1085
f 1639/1639 1085/1085 1292/1292
f 1997/1997 537/537 467/467
f 1997/1997 467/467 1805/1805
f 1582/1582 1460/1460 1884/1884
f 1582/1582 1884/1884 1085/1085
f 1460/1460 1222/1222 1356/1356
f 1460/1460 1356/1356 1884/1884
f 849/849 1997/1997 1805/1805
f 849/849 1805/1805 1526/1526
f 1222/1222 1995/1995 1618/1618
f 1222/1222 1618/1618 1356/1356
f 1995/1995 1559/1559 1039/1039
f 1995/1995 1039/1039 1618/1618
f 898/898 849/849 1526/1526
f 898/898 1526/1526 384/384
f 1559/1559 117/117 1415/1415
f 1559/1559 1415/1415 1039/1039
f 117/117 1889/1889 1037/1037
f 117/117 1037/1037 1415/1415
f 207/207 898/898 384/384
f 207/207 384/384 1366/1366
f 1889/1889 451/451 399/399
f 1889/1889 399/399 1037/1037
f 451/451 390/390 1597/1597
f 451/451 1597/1597 399/399
f 1844/1844 207/207 1366/1366
f 1844/1844 1366/1366 1819/1819
f 390/390 1568/1568 191/191
f 390/390 191/191 1597/1597
f 1568/1568 892/892 885/885
f 1568/1568 885/885 191/191
f 591/591 1844/1844 1819/1819
f 591/591 1819/1819 1838/1838
f 892/892 540/540 1123/1123
f 892/892 1123/1123 885/885
f 540/540 1864/1864 1504/1504
f 540/540 1504/1504 1123/1123
f 789/789 591/591 1838/1838
f 789/789 1838/1838 357/357
f 1864/1864 987/987 1763/1763
f 1864/1864 1763/1763 1504/1504
f 987/987 1847/1847 112/112
f 987/987 112/112 1763/1763
f 307/307 789/789 357/357
f 307/307 357/357 666/666
f 1847/1847 1670/1670 1886/1886
f 1847/1847 1886/1886 112/112
f 1670/1670 165/165 153/153
f 1670/1670 153/153 1886/1886
f 736/736 307/307 666/666
f 736/736 666/666 1502/1502
f 165/165 141/141 1402/1402
f 165/165 1402/1402 153/153
f 141/141 1332/1332 16/16
f 141/141 16/16 1402/1402
f 1917/1917 736/736 1502/1502
f 1917/1917 1502/1502 489/489
f 1332/1332 1917/1917 489/489
f 1332/1332 489/489 16/16
f 1472/1472 78/78 1416/1416
f 1472/1472 1416/1416 1720/1720
f 78/78 1456/1456 1019/1019
f 78/78 1019/1019 1416/1416
f 1456/1456 1136/1136 1538/1538
f 1456/1456 1538/1538 1019/1019
f 467/467 1472/1472 1720/1720
f 467/467 1720/1720 528/528
f 1136/1136 1292/1292 517/517
f 1136/1136 517/517 1538/1538
f 1292/1292 1085/1085 1906/1906
f 1292/1292 1906/1906 517/517
f 1805/1805 467/467 528/528
f 1805/1805 528/528 1870/1870
f 1085/1085 1884/1884 1299/1299
f 1085/1085 1299/1299 1906/1906
f 1884/1884 1356/1356 518/518
f 1884/1884 518/518 1299/1299
f 1526/1526 1805/1805 1870/1870
f 1526/1526 1870/1870 1055/1055
f 1356/1356 1618/1618 655/655
f 1356/1356 655/655 518/518
f 1618/1618 1039/1039 1537/1537
f 1618/1618 1537/1537 655/655
f 384/384 1526/1526 1055/1055
f 384/384 1055/1055 139/139
f 1039/1039 1415/1415 557/557
f 1039/1039 557/557 1537/1537
f 1415/1415 1037/1037 431/431
f 1415/1415 431/431 557/557
f 1366/1366 384/384 139/139
f 1366/1366 139/139 1638/1638
f 1037/1037 399/399 1632/1632
f 1037/1037 1632/1632 431/431
f 399/399 1597/1597 70/70
f 399/399 70/70 1632/1632
f 1819/1819 1366/1366 1638/1638
f 1819/1819 1638/1638 1878/1878
f 1597/1597 191/191 380/380
f 1597/1597 380/380 70/70
f 191/191 885/885 340/340
f 191/191 340/340 380/380
f 1838/1838 1819/1819 1878/1878
f 1838/1838 1878/1878 1258/1258
f 885/885 1123/1123 461/461
f 885/885 461/461 340/340
f 1123/1123 1504/1504 1062/1062
f 1123/1123 1062/1062 461/461
f 357/357 1838/1838 1258/1258
f 357/357 1258/1258 1587/1587
f 1504/1504 1763/1763 1860/1860
f 1504/1504 1860/1860 1062/1062
f 1763/1763 112/112 980/980
f 1763/1763 980/980 1860/1860
f 666/666 357/357 1587/1587
f 666/666 1587/1587 632/632
f 112/112 1886/1886 214/214
f 112/112 214/214 980/980
f 1886/1886 153/153 1023/1023
f 1886/1886 1023/1023 214/214
f 1502/1502 666/666 632/632
f 1502/1502 632/632 1060/1060
f 153/153 1402/1402 576/576
f 153/153 576/576 1023/1023
f 1402/1402 16/16 287/287
f 1402/1402 287/287 576/576
f 489/489 1502/1502 1060/1060
f 489/489 1060/1060 1661/1661
f 16/16 489/489 1661/1661
f 16/16 1661/1661 287/287
f 953/953 1266/1266 1269/1269
f 953/953 1269/1269 951/951
f 575/575 1612/1612 1358/1358
f 575/575 1358/1358 1263/1263
f 1246/1246 2021/2021 1612/1612
f 1246/1246 1612/1612 575/575
f 1909/1909 32/32 2021/2021
f 1909/1909 2021/2021 1246/1246
f 771/771 1750/1750 32/32
f 771/771 32/32 1909/1909
f 32/32 1750/1750 1395/1395
f 32/32 1395/1395 1960/1960
f 1959/1959 1394/1394 319/319
f 1959/1959 319/319 1419/1419
f 319/319 1256/1256 176/176
f 319/319 176/176 1419/1419
f 1589/1589 1458/1458 1419/1419
f 1589/1589 1419/1419 176/176
f 110/110 775/775 1458/1458
f 110/110 1458/1458 1589/1589
f 51/51 2004/2004 775/775
f 51/51 775/775 110/110
f 763/763 344/344 346/346
f 763/763 346/346 762/762
f 2026/2026 245/245 1736/1736
f 2026/2026 1736/1736 529/529
f 182/182 1137/1137 893/893
f 182/182 893/893 731/731
f 1630/1630 1849/1849 809/809
f 1630/1630 809/809 245/245
f 1029/1029 805/805 1785/1785
f 1029/1029 1785/1785 1529/1529
f 1225/1225 1029/1029 1529/1529
f 1225/1225 1529/1529 933/933
f 1586/1586 538/538 1634/1634
f 1586/1586 1634/1634 933/933
f 478/478 536/536 1634/1634
f 478/478 1634/1634 1101/1101
f 937/937 478/478 1101/1101
f 937/937 1101/1101 336/336
f 480/480 937/937 336/336
f 480/480 336/336 288/288
f 1099/1099 1586/1586 933/933
f 1099/1099 933/933 1529/1529
f 536/536 1225/1225 933/933
f 536/536 933/933 1634/1634
f 538/538 806/806 1101/1101
f 538/538 1101/1101 1634/1634
f 806/806 1026/1026 336/336
f 806/806 336/336 1101/1101
f 1584/1584 1099/1099 1529/1529
f 1584/1584 1529/1529 1785/1785
f 1026/1026 1226/1226 288/288
f 1026/1026 288/288 336/336
f 1021/1021 1938/1938 725/725
f 1021/1021 725/725 404/404
f 624/624 1113/1113 806/806
f 624/624 806/806 538/538
f 325/325 624/624 538/538
f 325/325 538/538 1586/1586
f 1430/1430 1746/1746 480/480
f 1430/1430 480/480 288/288
f 245/245 809/809 1716/1716
f 245/245 1716/1716 1736/1736
f 809/809 964/964 499/499
f 809/809 499/499 1716/1716
f 964/964 1578/1578 1577/1577
f 964/964 1577/1577 499/499
f 1578/1578 405/405 971/971
f 1578/1578 971/971 1577/1577
f 405/405 1020/1020 1792/1792
f 405/405 1792/1792 971/971
f 1020/1020 331/331 253/253
f 1020/1020 253/253 1792/1792
f 331/331 18/18 1293/1293
f 331/331 1293/1293 253/253
f 18/18 3/3 882/882
f 18/18 882/882 1293/1293
f 2/2 1053/1053 1181/1181
f 2/2 1181/1181 881/881
f 952/952 374/374 1966/1966
f 952/952 1966/1966 1267/1267
f 1966/1966 374/374 1794/1794
f 1966/1966 1794/1794 289/289
f 1474/1474 1966/1966 289/289
f 1474/1474 289/289 1045/1045
f 1635/1635 1279/1279 1045/1045
f 1635/1635 1045/1045 295/295
f 747/747 1635/1635 295/295
f 747/747 295/295 262/262
f 262/262 1867/1867 1277/1277
f 262/262 1277/1277 76/76
f 685/685 1277/1277 1867/1867
f 685/685 1867/1867 1865/1865
f 685/685 345/345 765/765
f 685/685 765/765 1277/1277
f 254/254 699/699 329/329
f 254/254 329/329 925/925
f 1930/1930 254/254 925/925
f 1930/1930 925/925 1142/1142
f 1360/1360 341/341 1142/1142
f 1360/1360 1142/1142 1108/1108
f 1013/1013 1436/1436 439/439
f 1013/1013 439/439 1478/1478
f 485/485 290/290 1486/1486
f 485/485 1486/1486 1550/1550
f 468/468 1013/1013 1478/1478
f 468/468 1478/1478 1320/1320
f 290/290 1626/1626 618/618
f 290/290 618/618 1486/1486
f 256/256 1360/1360 1108/1108
f 256/256 1108/1108 1828/1828
f 1828/1828 1339/1339 388/388
f 1828/1828 388/388 118/118
f 524/524 388/388 1339/1339
f 524/524 1339/1339 1783/1783
f 524/524 266/266 1083/1083
f 524/524 1083/1083 388/388
f 1081/1081 265/265 267/267
f 1081/1081 267/267 1080/1080
f 1510/1510 468/468 1320/1320
f 1510/1510 1320/1320 1512/1512
f 1626/1626 572/572 1012/1012
f 1626/1626 1012/1012 618/618
f 822/822 1510/1510 1512/1512
f 822/822 1512/1512 820/820
f 572/572 709/709 1595/1595
f 572/572 1595/1595 1012/1012
f 570/570 822/822 820/820
f 570/570 820/820 568/568
f 709/709 541/541 544/544
f 709/709 544/544 1595/1595
f 1219/1219 1652/1652 1654/1654
f 1219/1219 1654/1654 1218/1218
f 1220/1220 699/699 254/254
f 1220/1220 254/254 1650/1650
f 438/438 896/896 1681/1681
f 438/438 1681/1681 1647/1647
f 1715/1715 1596/1596 896/896
f 1715/1715 896/896 438/438
f 1106/1106 1011/1011 1596/1596
f 1106/1106 1596/1596 1715/1715
f 1438/1438 788/788 1011/1011
f 1438/1438 1011/1011 1106/1106
f 1011/1011 788/788 2036/2036
f 1011/1011 2036/2036 619/619
f 834/834 1600/1600 964/964
f 834/834 964/964 809/809
f 740/740 650/650 1607/1607
f 740/740 1607/1607 890/890
f 619/619 2036/2036 415/415
f 619/619 415/415 1487/1487
f 415/415 1126/1126 236/236
f 415/415 236/236 1487/1487
f 960/960 1549/1549 1487/1487
f 960/960 1487/1487 236/236
f 270/270 956/956 1549/1549
f 270/270 1549/1549 960/960
f 1921/1921 672/672 956/956
f 1921/1921 956/956 270/270
f 1465/1465 650/650 724/724
f 1465/1465 724/724 1937/1937
f 427/427 724/724 650/650
f 427/427 650/650 740/740
f 890/890 1607/1607 625/625
f 890/890 625/625 326/326
f 1465/1465 929/929 1607/1607
f 1465/1465 1607/1607 650/650
f 2025/2025 1024/1024 1027/1027
f 2025/2025 1027/1027 807/807
f 930/930 1453/1453 72/72
f 930/930 72/72 1115/1115
f 935/935 233/233 435/435
f 935/935 435/435 1440/1440
f 935/935 1440/1440 936/936
f 935/935 936/936 479/479
f 935/935 985/985 1202/1202
f 935/935 1202/1202 233/233
f 683/683 8/8 1/1
f 683/683 1/1 1054/1054
f 935/935 479/479 1748/1748
f 935/935 1748/1748 985/985
f 143/143 1903/1903 1823/1823
f 143/143 1823/1823 1004/1004
f 463/463 1202/1202 985/985
f 463/463 985/985 2047/2047
f 1054/1054 1823/1823 1903/1903
f 1054/1054 1903/1903 1296/1296
f 1102/1102 459/459 1429/1429
f 1102/1102 1429/1429 924/924
f 1147/1147 2047/2047 985/985
f 1147/1147 985/985 1748/1748
f 407/407 592/592 854/854
f 407/407 854/854 1602/1602
f 35/35 407/407 1602/1602
f 35/35 1602/1602 657/657
f 487/487 620/620 657/657
f 487/487 657/657 1669/1669
f 1285/1285 1148/1148 459/459
f 1285/1285 459/459 1397/1397
f 922/922 1430/1430 288/288
f 922/922 288/288 1226/1226
f 1744/1744 1427/1427 536/536
f 1744/1744 536/536 478/478
f 1427/1427 921/921 1225/1225
f 1427/1427 1225/1225 536/536
f 1857/1857 487/487 1669/1669
f 1857/1857 1669/1669 1722/1722
f 1722/1722 397/397 707/707
f 1722/1722 707/707 42/42
f 1316/1316 707/707 397/397
f 1316/1316 397/397 1797/1797
f 1316/1316 610/610 1413/1413
f 1316/1316 1413/1413 707/707
f 1412/1412 609/609 613/613
f 1412/1412 613/613 1411/1411
f 1584/1584 1785/1785 623/623
f 1584/1584 623/623 324/324
f 1110/1110 623/623 1785/1785
f 1110/1110 1785/1785 805/805
f 1004/1004 240/240 1304/1304
f 1004/1004 1304/1304 143/143
f 566/566 504/504 1573/1573
f 566/566 1573/1573 1780/1780
f 1437/1437 566/566 1780/1780
f 1437/1437 1780/1780 440/440
f 504/504 485/485 1550/1550
f 504/504 1550/1550 1573/1573
f 1976/1976 510/510 514/514
f 1976/1976 514/514 1975/1975
f 1977/1977 592/592 407/407
f 1977/1977 407/407 512/512
f 982/982 285/285 735/735
f 982/982 735/735 509/509
f 794/794 1574/1574 285/285
f 794/794 285/285 982/982
f 1868/1868 1779/1779 1574/1574
f 1868/1868 1574/1574 794/794
f 1447/1447 1329/1329 1779/1779
f 1447/1447 1779/1779 1868/1868
f 1779/1779 1329/1329 2034/2034
f 1779/1779 2034/2034 441/441
f 1644/1644 1304/1304 240/240
f 1644/1644 240/240 810/810
f 463/463 2047/2047 1284/1284
f 463/463 1284/1284 1645/1645
f 441/441 2034/2034 1373/1373
f 441/441 1373/1373 1479/1479
f 1373/1373 2041/2041 1561/1561
f 1373/1373 1561/1561 1479/1479
f 172/172 1319/1319 1479/1479
f 172/172 1479/1479 1561/1561
f 989/989 516/516 1319/1319
f 989/989 1319/1319 172/172
f 134/134 612/612 516/516
f 134/134 516/516 989/989
f 1201/1201 464/464 1067/1067
f 1201/1201 1067/1067 2009/2009
f 810/810 1067/1067 464/464
f 810/810 464/464 1644/1644
f 436/436 232/232 2009/2009
f 436/436 2009/2009 1833/1833
f 106/106 604/604 1760/1760
f 106/106 1760/1760 1186/1186
f 1149/1149 1534/1534 604/604
f 1149/1149 604/604 106/106
f 220/220 1962/1962 1534/1534
f 220/220 1534/1534 1149/1149
f 2033/2033 1328/1328 1367/1367
f 2033/2033 1367/1367 1270/1270
f 1328/1328 1448/1448 706/706
f 1328/1328 706/706 1367/1367
f 2028/2028 1804/1804 1962/1962
f 2028/2028 1962/1962 220/220
f 1993/1993 744/744 1804/1804
f 1993/1993 1804/1804 2028/2028
f 195/195 1404/1404 744/744
f 195/195 744/744 1993/1993
f 1425/1425 11/11 1404/1404
f 1425/1425 1404/1404 195/195
f 1424/1424 817/817 1956/1956
f 1424/1424 1956/1956 10/10
f 817/817 1535/1535 179/179
f 817/817 179/179 1956/1956
f 1535/1535 1576/1576 202/202
f 1535/1535 202/202 179/179
f 1576/1576 27/27 872/872
f 1576/1576 872/872 202/202
f 1815/1815 1692/1692 1696/1696
f 1815/1815 1696/1696 957/957
f 359/359 24/24 584/584
f 359/359 584/584 778/778
f 1891/1891 1513/1513 24/24
f 1891/1891 24/24 359/359
f 1092/1092 821/821 1513/1513
f 1092/1092 1513/1513 1891/1891
f 916/916 443/443 821/821
f 916/916 821/821 1092/1092
f 821/821 443/443 1519/1519
f 821/821 1519/1519 569/569
f 569/569 1519/1519 992/992
f 569/569 992/992 1565/1565
f 992/992 1532/1532 1801/1801
f 992/992 1801/1801 1565/1565
f 646/646 412/412 1565/1565
f 646/646 1565/1565 1801/1801
f 1835/1835 1313/1313 412/412
f 1835/1835 412/412 646/646
f 1194/1194 661/661 1313/1313
f 1194/1194 1313/1313 1835/1835
f 1200/1200 1165/1165 1166/1166
f 1200/1200 1166/1166 1197/1197
f 55/55 684/684 1295/1295
f 55/55 1295/1295 1144/1144
f 27/27 999/999 1109/1109
f 27/27 1109/1109 872/872
f 999/999 819/819 1182/1182
f 999/999 1182/1182 1109/1109
f 819/819 715/715 851/851
f 819/819 851/851 1182/1182
f 715/715 104/104 264/264
f 715/715 264/264 851/851
f 104/104 99/99 17/17
f 104/104 17/17 264/264
f 99/99 733/733 1183/1183
f 99/99 1183/1183 17/17
f 733/733 2023/2023 1000/1000
f 733/733 1000/1000 1183/1183
f 2023/2023 550/550 120/120
f 2023/2023 120/120 1000/1000
f 550/550 639/639 1871/1871
f 550/550 1871/1871 120/120
f 639/639 824/824 593/593
f 639/639 593/593 1871/1871
f 824/824 1924/1924 1523/1523
f 824/824 1523/1523 593/593
f 1924/1924 1863/1863 4/4
f 1924/1924 4/4 1523/1523
f 1999/1999 674/674 4/4
f 1999/1999 4/4 1863/1863
f 996/996 1069/1069 674/674
f 996/996 674/674 1999/1999
f 1376/1376 812/812 1069/1069
f 1376/1376 1069/1069 996/996
f 14/14 656/656 812/812
f 14/14 812/812 1376/1376
f 962/962 790/790 656/656
f 962/962 656/656 14/14
f 1074/1074 338/338 790/790
f 1074/1074 790/790 962/962
f 1057/1057 958/958 338/338
f 1057/1057 338/338 1074/1074
f 1186/1186 1760/1760 170/170
f 1186/1186 170/170 1552/1552
f 55/55 1144/1144 923/923
f 55/55 923/923 1227/1227
f 55/55 1024/1024 9/9
f 55/55 9/9 684/684
f 1103/1103 923/923 1144/1144
f 1103/1103 1144/1144 899/899
f 55/55 1227/1227 1027/1027
f 55/55 1027/1027 1024/1024
f 587/587 1397/1397 459/459
f 587/587 459/459 1102/1102
f 1148/1148 1747/1747 1429/1429
f 1148/1148 1429/1429 459/459
f 1646/1646 1285/1285 1397/1397
f 1646/1646 1397/1397 1303/1303
f 587/587 145/145 1303/1303
f 587/587 1303/1303 1397/1397
f 1816/1816 1739/1739 1449/1449
f 1816/1816 1449/1449 1693/1693
f 1449/1449 1739/1739 190/190
f 1449/1449 190/190 1680/1680
f 965/965 1449/1449 1680/1680
f 965/965 1680/1680 1674/1674
f 1952/1952 1132/1132 1674/1674
f 1952/1952 1674/1674 1637/1637
f 1942/1942 1952/1952 1637/1637
f 1942/1942 1637/1637 1494/1494
f 1494/1494 268/268 303/303
f 1494/1494 303/303 59/59
f 1016/1016 303/303 268/268
f 1016/1016 268/268 460/460
f 1016/1016 1164/1164 1199/1199
f 1016/1016 1199/1199 303/303
f 1471/1471 1248/1248 369/369
f 1471/1471 369/369 1072/1072
f 1706/1706 1247/1247 1470/1470
f 1706/1706 1470/1470 20/20
f 198/198 1706/1706 20/20
f 198/198 20/20 543/543
f 942/942 198/198 543/543
f 942/942 543/543 1212/1212
f 1119/1119 942/942 1212/1212
f 1119/1119 1212/1212 1619/1619
f 1212/1212 1482/1482 531/531
f 1212/1212 531/531 1619/1619
f 1482/1482 490/490 1030/1030
f 1482/1482 1030/1030 531/531
f 1030/1030 490/490 277/277
f 1030/1030 277/277 521/521
f 1399/1399 277/277 490/490
f 1399/1399 490/490 1660/1660
f 242/242 1399/1399 1660/1660
f 242/242 1660/1660 714/714
f 841/841 242/242 714/714
f 841/841 714/714 1387/1387
f 843/843 1388/1388 869/869
f 843/843 869/869 845/845
f 810/810 240/240 316/316
f 810/810 316/316 1718/1718
f 1552/1552 170/170 958/958
f 1552/1552 958/958 1057/1057
f 1736/1736 1553/1553 1058/1058
f 1736/1736 1058/1058 529/529
f 529/529 1058/1058 1075/1075
f 529/529 1075/1075 84/84
f 971/971 1792/1792 2029/2029
f 971/971 2029/2029 221/221
f 1792/1792 253/253 1992/1992
f 1792/1792 1992/1992 2029/2029
f 1551/1551 1923/1923 825/825
f 1551/1551 825/825 830/830
f 653/653 1862/1862 1923/1923
f 653/653 1923/1923 1551/1551
f 84/84 1075/1075 961/961
f 84/84 961/961 2006/2006
f 2006/2006 961/961 13/13
f 2006/2006 13/13 1176/1176
f 971/971 221/221 1150/1150
f 971/971 1150/1150 1577/1577
f 1577/1577 1150/1150 105/105
f 1577/1577 105/105 499/499
f 499/499 105/105 1185/1185
f 499/499 1185/1185 1716/1716
f 1716/1716 1185/1185 1553/1553
f 1716/1716 1553/1553 1736/1736
f 1974/1974 1717/1717 998/998
f 1974/1974 998/998 28/28
f 1181/1181 816/816 1423/1423
f 1181/1181 1423/1423 881/881
f 1061/1061 1536/1536 816/816
f 1061/1061 816/816 1181/1181
f 1243/1243 1575/1575 1536/1536
f 1243/1243 1536/1536 1061/1061
f 1974/1974 28/28 1575/1575
f 1974/1974 1575/1575 1243/1243
f 882/882 1426/1426 194/194
f 882/882 194/194 1293/1293
f 1293/1293 194/194 1992/1992
f 1293/1293 1992/1992 253/253
f 184/184 1453/1453 1464/1464
f 184/184 1464/1464 1936/1936
f 1578/1578 964/964 1600/1600
f 1578/1578 1600/1600 424/424
f 2025/2025 72/72 728/728
f 2025/2025 728/728 1354/1354
f 2025/2025 807/807 1115/1115
f 2025/2025 1115/1115 72/72
f 2025/2025 1354/1354 9/9
f 2025/2025 9/9 1024/1024
f 1689/1689 1323/1323 1833/1833
f 1689/1689 1833/1833 2009/2009
f 2009/2009 1067/1067 1338/1338
f 2009/2009 1338/1338 1689/1689
f 1067/1067 810/810 1718/1718
f 1067/1067 1718/1718 1338/1338
f 1004/1004 1244/1244 316/316
f 1004/1004 316/316 240/240
f 261/261 366/366 600/600
f 261/261 600/600 333/333
f 600/600 386/386 1894/1894
f 600/600 1894/1894 333/333
f 1064/1064 394/394 386/386
f 1064/1064 386/386 600/600
f 128/128 428/428 394/394
f 128/128 394/394 901/901
f 135/135 561/561 428/428
f 135/135 428/428 128/128
f 561/561 2017/2017 1765/1765
f 561/561 1765/1765 1808/1808
f 1010/1010 1604/1604 1808/1808
f 1010/1010 1808/1808 1765/1765
f 1010/1010 1765/1765 847/847
f 1010/1010 847/847 867/867
f 861/861 1154/1154 1156/1156
f 861/861 1156/1156 858/858
f 943/943 363/363 863/863
f 943/943 863/863 296/296
f 642/642 1688/1688 363/363
f 642/642 363/363 943/943
f 565/565 1609/1609 1688/1688
f 565/565 1688/1688 642/642
f 1508/1508 1979/1979 1609/1609
f 1508/1508 1609/1609 565/565
f 1609/1609 1979/1979 281/281
f 1609/1609 281/281 2012/2012
f 2012/2012 281/281 1497/1497
f 2012/2012 1497/1497 229/229
f 1497/1497 1309/1309 1900/1900
f 1497/1497 1900/1900 229/229
f 1206/1206 1985/1985 229/229
f 1206/1206 229/229 1900/1900
f 1755/1755 239/239 1985/1985
f 1755/1755 1985/1985 1206/1206
f 1347/1347 251/251 239/239
f 1347/1347 239/239 1755/1755
f 801/801 1989/1989 1991/1991
f 801/801 1991/1991 798/798
f 1053/1053 1822/1822 1061/1061
f 1053/1053 1061/1061 1181/1181
f 1176/1176 13/13 1377/1377
f 1176/1176 1377/1377 292/292
f 292/292 1377/1377 997/997
f 292/292 997/997 596/596
f 596/596 997/997 2000/2000
f 596/596 2000/2000 852/852
f 852/852 2000/2000 1862/1862
f 852/852 1862/1862 653/653
f 1689/1689 100/100 103/103
f 1689/1689 103/103 1323/1323
f 1338/1338 732/732 100/100
f 1338/1338 100/100 1689/1689
f 1718/1718 2022/2022 732/732
f 1718/1718 732/732 1338/1338
f 316/316 551/551 2022/2022
f 316/316 2022/2022 1718/1718
f 1244/1244 640/640 551/551
f 1244/1244 551/551 316/316
f 830/830 825/825 640/640
f 830/830 640/640 1244/1244
f 29/29 818/818 998/998
f 29/29 998/998 1717/1717
f 1524/1524 716/716 818/818
f 1524/1524 818/818 29/29
f 1323/1323 103/103 716/716
f 1323/1323 716/716 1524/1524
f 588/588 1396/1396 1302/1302
f 588/588 1302/1302 146/146
f 1286/1286 1396/1396 458/458
f 1286/1286 458/458 1146/1146
f 1096/1096 1848/1848 1629/1629
f 1096/1096 1629/1629 615/615
f 1601/1601 833/833 1038/1038
f 1601/1601 1038/1038 30/30
f 1940/1940 181/181 331/331
f 1940/1940 331/331 1020/1020
f 1096/1096 1583/1583 322/322
f 1096/1096 322/322 1038/1038
f 1822/1822 1003/1003 1243/1243
f 1822/1822 1243/1243 1061/1061
f 1003/1003 983/983 1974/1974
f 1003/1003 1974/1974 1243/1243
f 983/983 811/811 1717/1717
f 983/983 1717/1717 1974/1974
f 811/811 1068/1068 29/29
f 811/811 29/29 1717/1717
f 1068/1068 2008/2008 1524/1524
f 1068/1068 1524/1524 29/29
f 1323/1323 1524/1524 2008/2008
f 1323/1323 2008/2008 1833/1833
f 1904/1904 899/899 1144/1144
f 1904/1904 1144/1144 1295/1295
f 1904/1904 144/144 586/586
f 1904/1904 586/586 899/899
f 1601/1601 30/30 743/743
f 1601/1601 743/743 423/423
f 862/862 912/912 472/472
f 862/862 472/472 1152/1152
f 472/472 912/912 151/151
f 472/472 151/151 871/871
f 159/159 472/472 871/871
f 159/159 871/871 1050/1050
f 208/208 203/203 1050/1050
f 208/208 1050/1050 525/525
f 693/693 208/208 525/525
f 693/693 525/525 1131/1131
f 1131/1131 539/539 448/448
f 1131/1131 448/448 1272/1272
f 1710/1710 448/448 539/539
f 1710/1710 539/539 395/395
f 1710/1710 1990/1990 800/800
f 1710/1710 800/800 448/448
f 1175/1175 1771/1771 877/877
f 1175/1175 877/877 1169/1169
f 1087/1087 1769/1769 1174/1174
f 1087/1087 1174/1174 1701/1701
f 1406/1406 1087/1087 1701/1701
f 1406/1406 1701/1701 378/378
f 1490/1490 1406/1406 378/378
f 1490/1490 378/378 455/455
f 547/547 1490/1490 455/455
f 547/547 455/455 95/95
f 455/455 67/67 1788/1788
f 455/455 1788/1788 95/95
f 67/67 1852/1852 553/553
f 67/67 553/553 1788/1788
f 553/553 1852/1852 187/187
f 553/553 187/187 719/719
f 827/827 187/187 1852/1852
f 827/827 1852/1852 93/93
f 312/312 827/827 93/93
f 312/312 93/93 1840/1840
f 691/691 312/312 1840/1840
f 691/691 1840/1840 1827/1827
f 690/690 1826/1826 89/89
f 690/690 89/89 1233/1233
f 1004/1004 1823/1823 830/830
f 1004/1004 830/830 1244/1244
f 1003/1003 147/147 1301/1301
f 1003/1003 1301/1301 983/983
f 1097/1097 615/615 1629/1629
f 1097/1097 1629/1629 1850/1850
f 1097/1097 1585/1585 1098/1098
f 1097/1097 1098/1098 615/615
f 1097/1097 1850/1850 831/831
f 1097/1097 831/831 1631/1631
f 1353/1353 19/19 1/1
f 1353/1353 1/1 8/8
f 1097/1097 1631/1631 327/327
f 1097/1097 327/327 1585/1585
f 1938/1938 1021/1021 332/332
f 1938/1938 332/332 183/183
f 1598/1598 354/354 1631/1631
f 1598/1598 1631/1631 831/831
f 19/19 729/729 183/183
f 19/19 183/183 332/332
f 929/929 1114/1114 625/625
f 929/929 625/625 1607/1607
f 891/891 327/327 1631/1631
f 891/891 1631/1631 354/354
f 425/425 1579/1579 404/404
f 425/425 404/404 725/725
f 1598/1598 426/426 741/741
f 1598/1598 741/741 354/354
f 832/832 2026/2026 963/963
f 832/832 963/963 1599/1599
f 1579/1579 425/425 1599/1599
f 1579/1579 1599/1599 963/963
f 1630/1630 245/245 2026/2026
f 1630/1630 2026/2026 1851/1851
f 184/184 728/728 72/72
f 184/184 72/72 1453/1453
f 1823/1823 1054/1054 1551/1551
f 1823/1823 1551/1551 830/830
f 1054/1054 1/1 653/653
f 1054/1054 653/653 1551/1551
f 1/1 19/19 852/852
f 1/1 852/852 653/653
f 19/19 332/332 596/596
f 19/19 596/596 852/852
f 332/332 1021/1021 292/292
f 332/332 292/292 596/596
f 1021/1021 404/404 1176/1176
f 1021/1021 1176/1176 292/292
f 404/404 1579/1579 2006/2006
f 404/404 2006/2006 1176/1176
f 1579/1579 963/963 84/84
f 1579/1579 84/84 2006/2006
f 963/963 2026/2026 529/529
f 963/963 529/529 84/84
f 1172/1172 873/873 1590/1590
f 1172/1172 1590/1590 1121/1121
f 1590/1590 1161/1161 1935/1935
f 1590/1590 1935/1935 1121/1121
f 1925/1925 975/975 1161/1161
f 1925/1925 1161/1161 1590/1590
f 1874/1874 1525/1525 975/975
f 1874/1874 975/975 1879/1879
f 1340/1340 906/906 1525/1525
f 1340/1340 1525/1525 1874/1874
f 906/906 754/754 1614/1614
f 906/906 1614/1614 1515/1515
f 356/356 1671/1671 1515/1515
f 356/356 1515/1515 1614/1614
f 356/356 1614/1614 1235/1235
f 356/356 1235/1235 88/88
f 685/685 1865/1865 1671/1671
f 685/685 1671/1671 356/356
f 356/356 88/88 345/345
f 356/356 345/345 685/685
f 87/87 89/89 346/346
f 87/87 346/346 344/344
f 775/775 2004/2004 1827/1827
f 775/775 1827/1827 1840/1840
f 1840/1840 93/93 1458/1458
f 1840/1840 1458/1458 775/775
f 378/378 1701/1701 714/714
f 378/378 714/714 1660/1660
f 1387/1387 714/714 1701/1701
f 1387/1387 1701/1701 1174/1174
f 1175/1175 1169/1169 869/869
f 1175/1175 869/869 1388/1388
f 1010/1010 867/867 1172/1172
f 1010/1010 1172/1172 1121/1121
f 1121/1121 1935/1935 1604/1604
f 1121/1121 1604/1604 1010/1010
f 333/333 1894/1894 329/329
f 333/333 329/329 699/699
f 699/699 1220/1220 261/261
f 699/699 261/261 333/333
f 1219/1219 1218/1218 1072/1072
f 1219/1219 1072/1072 260/260
f 20/20 1470/1470 1681/1681
f 20/20 1681/1681 896/896
f 896/896 1596/1596 543/543
f 896/896 543/543 20/20
f 1549/1549 956/956 285/285
f 1549/1549 285/285 1574/1574
f 735/735 285/285 956/956
f 735/735 956/956 672/672
f 671/671 267/267 1975/1975
f 671/671 1975/1975 734/734
f 592/592 1977/1977 266/266
f 592/592 266/266 524/524
f 524/524 1783/1783 854/854
f 524/524 854/854 592/592
f 1316/1316 1797/1797 190/190
f 1316/1316 190/190 1739/1739
f 1739/1739 1816/1816 610/610
f 1739/1739 610/610 1316/1316
f 611/611 613/613 957/957
f 611/611 957/957 583/583
f 1319/1319 516/516 24/24
f 1319/1319 24/24 1513/1513
f 584/584 24/24 516/516
f 584/584 516/516 612/612
f 412/412 1313/1313 363/363
f 412/412 363/363 1688/1688
f 863/863 363/363 1313/1313
f 863/863 1313/1313 661/661
f 662/662 1166/1166 858/858
f 662/662 858/858 864/864
f 912/912 862/862 1164/1164
f 912/912 1164/1164 1016/1016
f 1016/1016 460/460 151/151
f 1016/1016 151/151 912/912
f 1794/1794 374/374 1710/1710
f 1794/1794 1710/1710 395/395
f 1990/1990 1710/1710 374/374
f 1990/1990 374/374 952/952
f 953/953 951/951 1991/1991
f 953/953 1991/1991 1989/1989
f 1612/1612 2021/2021 1985/1985
f 1612/1612 1985/1985 239/239
f 239/239 251/251 1358/1358
f 239/239 1358/1358 1612/1612
f 289/289 1794/1794 337/337
f 289/289 337/337 330/330
f 295/295 289/289 330/330
f 295/295 330/330 494/494
f 1794/1794 395/395 1557/1557
f 1794/1794 1557/1557 337/337
f 1867/1867 295/295 494/494
f 1867/1867 494/494 1778/1778
f 395/395 539/539 1305/1305
f 395/395 1305/1305 1557/1557
f 1865/1865 1867/1867 1778/1778
f 1865/1865 1778/1778 1662/1662
f 539/539 525/525 638/638
f 539/539 638/638 1305/1305
f 1671/1671 1865/1865 1662/1662
f 1671/1671 1662/1662 1916/1916
f 525/525 871/871 1918/1918
f 525/525 1918/1918 638/638
f 1515/1515 1671/1671 1916/1916
f 1515/1515 1916/1916 1667/1667
f 871/871 151/151 1461/1461
f 871/871 1461/1461 1918/1918
f 1525/1525 1515/1515 1667/1667
f 1525/1525 1667/1667 1409/1409
f 151/151 460/460 310/310
f 151/151 310/310 1461/1461
f 1161/1161 1525/1525 1409/1409
f 1161/1161 1409/1409 396/396
f 460/460 268/268 154/154
f 460/460 154/154 310/310
f 1935/1935 1161/1161 396/396
f 1935/1935 396/396 1753/1753
f 268/268 1637/1637 1314/1314
f 268/268 1314/1314 154/154
f 1604/1604 1935/1935 1753/1753
f 1604/1604 1753/1753 1700/1700
f 1637/1637 1680/1680 792/792
f 1637/1637 792/792 1314/1314
f 1808/1808 1604/1604 1700/1700
f 1808/1808 1700/1700 1541/1541
f 1680/1680 190/190 1782/1782
f 1680/1680 1782/1782 792/792
f 428/428 1808/1808 1541/1541
f 428/428 1541/1541 1594/1594
f 190/190 1797/1797 212/212
f 190/190 212/212 1782/1782
f 386/386 428/428 1594/1594
f 386/386 1594/1594 1288/1288
f 1797/1797 397/397 664/664
f 1797/1797 664/664 212/212
f 1894/1894 386/386 1288/1288
f 1894/1894 1288/1288 984/984
f 397/397 1669/1669 39/39
f 397/397 39/39 664/664
f 329/329 1894/1894 984/984
f 329/329 984/984 217/217
f 1669/1669 1602/1602 1845/1845
f 1669/1669 1845/1845 39/39
f 925/925 329/329 217/217
f 925/925 217/217 315/315
f 1602/1602 854/854 1095/1095
f 1602/1602 1095/1095 1845/1845
f 1108/1108 925/925 315/315
f 1108/1108 315/315 1325/1325
f 854/854 1783/1783 698/698
f 854/854 698/698 1095/1095
f 1339/1339 1108/1108 1325/1325
f 1339/1339 1325/1325 1683/1683
f 1783/1783 1339/1339 1683/1683
f 1783/1783 1683/1683 698/698
f 1100/1100 1911/1911 1949/1949
f 1100/1100 1949/1949 219/219
f 1911/1911 1100/1100 310/310
f 1911/1911 310/310 154/154
f 1139/1139 1911/1911 154/154
f 1139/1139 154/154 1314/1314
f 1911/1911 1139/1139 1052/1052
f 1911/1911 1052/1052 1949/1949
f 1861/1861 1139/1139 1314/1314
f 1861/1861 1314/1314 792/792
f 1139/1139 1861/1861 870/870
f 1139/1139 870/870 1052/1052
f 1473/1473 1100/1100 219/219
f 1473/1473 219/219 577/577
f 1100/1100 1473/1473 1461/1461
f 1100/1100 1461/1461 310/310
f 1735/1735 1861/1861 792/792
f 1735/1735 792/792 1782/1782
f 1861/1861 1735/1735 53/53
f 1861/1861 53/53 870/870
f 703/703 1735/1735 1782/1782
f 703/703 1782/1782 212/212
f 1735/1735 703/703 1369/1369
f 1735/1735 1369/1369 53/53
f 79/79 1473/1473 577/577
f 79/79 577/577 1084/1084
f 1473/1473 79/79 1918/1918
f 1473/1473 1918/1918 1461/1461
f 116/116 703/703 212/212
f 116/116 212/212 664/664
f 703/703 116/116 1381/1381
f 703/703 1381/1381 1369/1369
f 1179/1179 116/116 664/664
f 1179/1179 664/664 39/39
f 116/116 1179/1179 1796/1796
f 116/116 1796/1796 1381/1381
f 1791/1791 79/79 1084/1084
f 1791/1791 1084/1084 1887/1887
f 79/79 1791/1791 638/638
f 79/79 638/638 1918/1918
f 1950/1950 1179/1179 39/39
f 1950/1950 39/39 1845/1845
f 1179/1179 1950/1950 1859/1859
f 1179/1179 1859/1859 1796/1796
f 40/40 1950/1950 1845/1845
f 40/40 1845/1845 1095/1095
f 1950/1950 40/40 1957/1957
f 1950/1950 1957/1957 1859/1859
f 1978/1978 1791/1791 1887/1887
f 1978/1978 1887/1887 700/700
f 1791/1791 1978/1978 1305/1305
f 1791/1791 1305/1305 638/638
f 271/271 40/40 1095/1095
f 271/271 1095/1095 698/698
f 40/40 271/271 627/627
f 40/40 627/627 1957/1957
f 23/23 271/271 698/698
f 23/23 698/698 1683/1683
f 271/271 23/23 1215/1215
f 271/271 1215/1215 627/627
f 979/979 1978/1978 700/700
f 979/979 700/700 1018/1018
f 1978/1978 979/979 1557/1557
f 1978/1978 1557/1557 1305/1305
f 1633/1633 23/23 1683/1683
f 1633/1633 1683/1683 1325/1325
f 23/23 1633/1633 339/339
f 23/23 339/339 1215/1215
f 2027/2027 1633/1633 1325/1325
f 2027/2027 1325/1325 315/315
f 1633/1633 2027/2027 502/502
f 1633/1633 502/502 339/339
f 515/515 979/979 1018/1018
f 515/515 1018/1018 1501/1501
f 979/979 515/515 337/337
f 979/979 337/337 1557/1557
f 1605/1605 2027/2027 315/315
f 1605/1605 315/315 217/217
f 2027/2027 1605/1605 1043/1043
f 2027/2027 1043/1043 502/502
f 2039/2039 1605/1605 217/217
f 2039/2039 217/217 984/984
f 1605/1605 2039/2039 201/201
f 1605/1605 201/201 1043/1043
f 633/633 515/515 1501/1501
f 633/633 1501/1501 1733/1733
f 515/515 633/633 330/330
f 515/515 330/330 337/337
f 1485/1485 2039/2039 984/984
f 1485/1485 984/984 1288/1288
f 2039/2039 1485/1485 1374/1374
f 2039/2039 1374/1374 201/201
f 1556/1556 1485/1485 1288/1288
f 1556/1556 1288/1288 1594/1594
f 1485/1485 1556/1556 1560/1560
f 1485/1485 1560/1560 1374/1374
f 1777/1777 633/633 1733/1733
f 1777/1777 1733/1733 385/385
f 633/633 1777/1777 494/494
f 633/633 494/494 330/330
f 727/727 1556/1556 1594/1594
f 727/727 1594/1594 1541/1541
f 1556/1556 727/727 969/969
f 1556/1556 969/969 1560/1560
f 1116/1116 727/727 1541/1541
f 1116/1116 1541/1541 1700/1700
f 727/727 1116/1116 1734/1734
f 727/727 1734/1734 969/969
f 2010/2010 1777/1777 385/385
f 2010/2010 385/385 1005/1005
f 1777/1777 2010/2010 1778/1778
f 1777/1777 1778/1778 494/494
f 1516/1516 1116/1116 1700/1700
f 1516/1516 1700/1700 1753/1753
f 1116/1116 1516/1516 1830/1830
f 1116/1116 1830/1830 1734/1734
f 1006/1006 1516/1516 1753/1753
f 1006/1006 1753/1753 396/396
f 1516/1516 1006/1006 739/739
f 1516/1516 739/739 1830/1830
f 1355/1355 2010/2010 1005/1005
f 1355/1355 1005/1005 614/614
f 2010/2010 1355/1355 1662/1662
f 2010/2010 1662/1662 1778/1778
f 335/335 1006/1006 396/396
f 335/335 396/396 1409/1409
f 1006/1006 335/335 124/124
f 1006/1006 124/124 739/739
f 1140/1140 335/335 1409/1409
f 1140/1140 1409/1409 1667/1667
f 335/335 1140/1140 169/169
f 335/335 169/169 124/124
f 2040/2040 1355/1355 614/614
f 2040/2040 614/614 1690/1690
f 1355/1355 2040/2040 1916/1916
f 1355/1355 1916/1916 1662/1662
f 2040/2040 1140/1140 1667/1667
f 2040/2040 1667/1667 1916/1916
f 1140/1140 2040/2040 1690/1690
f 1140/1140 1690/1690 169/169
f 219/219 1949/1949 196/196
f 219/219 196/196 1221/1221
f 1949/1949 1052/1052 503/503
f 1949/1949 503/503 196/196
f 1052/1052 870/870 1441/1441
f 1052/1052 1441/1441 503/503
f 577/577 219/219 1221/1221
f 577/577 1221/1221 1970/1970
f 870/870 53/53 1795/1795
f 870/870 1795/1795 1441/1441
f 53/53 1369/1369 409/409
f 53/53 409/409 1795/1795
f 1084/1084 577/577 1970/1970
f 1084/1084 1970/1970 670/670
f 1369/1369 1381/1381 1554/1554
f 1369/1369 1554/1554 409/409
f 1381/1381 1796/1796 1462/1462
f 1381/1381 1462/1462 1554/1554
f 1887/1887 1084/1084 670/670
f 1887/1887 670/670 1331/1331
f 1796/1796 1859/1859 63/63
f 1796/1796 63/63 1462/1462
f 1859/1859 1957/1957 1866/1866
f 1859/1859 1866/1866 63/63
f 700/700 1887/1887 1331/1331
f 700/700 1331/1331 1613/1613
f 1957/1957 627/627 168/168
f 1957/1957 168/168 1866/1866
f 627/627 1215/1215 1873/1873
f 627/627 1873/1873 168/168
f 1018/1018 700/700 1613/1613
f 1018/1018 1613/1613 2015/2015
f 1215/1215 339/339 1059/1059
f 1215/1215 1059/1059 1873/1873
f 339/339 502/502 1300/1300
f 339/339 1300/1300 1059/1059
f 1501/1501 1018/1018 2015/2015
f 1501/1501 2015/2015 654/654
f 502/502 1043/1043 1888/1888
f 502/502 1888/1888 1300/1300
f 1043/1043 201/201 745/745
f 1043/1043 745/745 1888/1888
f 1733/1733 1501/1501 654/654
f 1733/1733 654/654 1138/1138
f 201/201 1374/1374 663/663
f 201/201 663/663 745/745
f 1374/1374 1560/1560 173/173
f 1374/1374 173/173 663/663
f 385/385 1733/1733 1138/1138
f 385/385 1138/1138 1856/1856
f 1560/1560 969/969 813/813
f 1560/1560 813/813 173/173
f 969/969 1734/1734 1422/1422
f 969/969 1422/1422 813/813
f 1005/1005 385/385 1856/1856
f 1005/1005 1856/1856 1932/1932
f 1734/1734 1830/1830 234/234
f 1734/1734 234/234 1422/1422
f 1830/1830 739/739 665/665
f 1830/1830 665/665 234/234
f 614/614 1005/1005 1932/1932
f 614/614 1932/1932 1001/1001
f 739/739 124/124 808/808
f 739/739 808/808 665/665
f 124/124 169/169 400/400
f 124/124 400/400 808/808
f 1690/1690 614/614 1001/1001
f 1690/1690 1001/1001 926/926
f 169/169 1690/1690 926/926
f 169/169 926/926 400/400
f 57/57 2045/2045 1418/1418
f 57/57 1418/1418 1459/1459
f 2045/2045 122/122 1958/1958
f 2045/2045 1958/1958 1418/1418
f 90/90 57/57 1459/1459
f 90/90 1459/1459 92/92
f 122/122 630/630 31/31
f 122/122 31/31 1958/1958
f 1854/1854 90/90 92/92
f 1854/1854 92/92 1853/1853
f 630/630 594/594 2020/2020
f 630/630 2020/2020 31/31
f 69/69 1854/1854 1853/1853
f 69/69 1853/1853 66/66
f 594/594 1984/1984 1986/1986
f 594/594 1986/1986 2020/2020
f 456/456 69/69 66/66
f 456/456 66/66 454/454
f 1984/1984 226/226 228/228
f 1984/1984 228/228 1986/1986
f 376/376 456/456 454/454
f 376/376 454/454 379/379
f 226/226 2013/2013 2011/2011
f 226/226 2011/2011 228/228
f 1657/1657 376/376 379/379
f 1657/1657 379/379 1659/1659
f 2013/2013 1610/1610 1608/1608
f 2013/2013 1608/1608 2011/2011
f 492/492 1657/1657 1659/1659
f 492/492 1659/1659 491/491
f 1610/1610 1685/1685 1687/1687
f 1610/1610 1687/1687 1608/1608
f 1484/1484 492/492 491/491
f 1484/1484 491/491 1481/1481
f 1685/1685 410/410 413/413
f 1685/1685 413/413 1687/1687
f 1213/1213 1484/1484 1481/1481
f 1213/1213 1481/1481 1211/1211
f 410/410 1566/1566 1564/1564
f 410/410 1564/1564 413/413
f 541/541 1213/1213 1211/1211
f 541/541 1211/1211 544/544
f 1566/1566 570/570 568/568
f 1566/1566 568/568 1564/1564
f 846/846 1766/1766 1044/1044
f 846/846 1044/1044 844/844
f 276/276 1398/1398 1496/1496
f 276/276 1496/1496 498/498
f 522/522 276/276 498/498
f 522/522 498/498 955/955
f 1031/1031 522/522 955/955
f 1031/1031 955/955 309/309
f 530/530 1031/1031 309/309
f 530/530 309/309 534/534
f 1620/1620 530/530 534/534
f 1620/1620 534/534 1392/1392
f 1120/1120 1620/1620 1392/1392
f 1120/1120 1392/1392 1151/1151
f 941/941 1120/1120 1151/1151
f 941/941 1151/1151 679/679
f 197/197 941/941 679/679
f 197/197 679/679 375/375
f 601/601 368/368 370/370
f 601/601 370/370 1380/1380
f 844/844 1044/1044 1496/1496
f 844/844 1496/1496 842/842
f 1044/1044 680/680 498/498
f 1044/1044 498/498 1496/1496
f 680/680 403/403 955/955
f 680/680 955/955 498/498
f 403/403 107/107 309/309
f 403/403 309/309 955/955
f 107/107 126/126 534/534
f 107/107 534/534 309/309
f 126/126 1640/1640 1392/1392
f 126/126 1392/1392 534/534
f 1640/1640 430/430 1151/1151
f 1640/1640 1151/1151 1392/1392
f 430/430 705/705 679/679
f 430/430 679/679 1151/1151
f 705/705 1380/1380 375/375
f 705/705 375/375 679/679
f 1380/1380 370/370 1249/1249
f 1380/1380 1249/1249 375/375
f 1591/1591 874/874 876/876
f 1591/1591 876/876 1972/1972
f 1405/1405 1491/1491 481/481
f 1405/1405 481/481 293/293
f 1491/1491 548/548 1514/1514
f 1491/1491 1514/1514 481/481
f 548/548 94/94 328/328
f 548/548 328/328 1514/1514
f 94/94 1787/1787 910/910
f 94/94 910/910 328/328
f 1787/1787 552/552 506/506
f 1787/1787 506/506 910/910
f 552/552 720/720 897/897
f 552/552 897/897 506/506
f 720/720 188/188 113/113
f 720/720 113/113 897/897
f 188/188 826/826 362/362
f 188/188 362/362 113/113
f 1232/1232 402/402 362/362
f 1232/1232 362/362 692/692
f 1770/1770 293/293 1972/1972
f 1770/1770 1972/1972 876/876
f 293/293 481/481 152/152
f 293/293 152/152 1972/1972
f 481/481 1514/1514 71/71
f 481/481 71/71 152/152
f 1514/1514 328/328 1368/1368
f 1514/1514 1368/1368 71/71
f 328/328 910/910 549/549
f 328/328 549/549 1368/1368
f 910/910 506/506 1730/1730
f 910/910 1730/1730 549/549
f 506/506 897/897 686/686
f 506/506 686/686 1730/1730
f 897/897 113/113 791/791
f 897/897 791/791 686/686
f 113/113 362/362 402/402
f 113/113 402/402 791/791
f 1236/1236 1615/1615 402/402
f 1236/1236 402/402 1232/1232
f 1265/1265 1965/1965 495/495
f 1265/1265 495/495 1268/1268
f 1965/1965 1475/1475 523/523
f 1965/1965 523/523 495/495
f 1475/1475 1046/1046 1998/1998
f 1475/1475 1998/1998 523/523
f 1046/1046 1280/1280 803/803
f 1046/1046 803/803 1998/1998
f 1280/1280 1636/1636 711/711
f 1280/1280 711/711 803/803
f 1636/1636 748/748 1228/1228
f 1636/1636 1228/1228 711/711
f 748/748 263/263 1403/1403
f 748/748 1403/1403 1228/1228
f 263/263 77/77 142/142
f 263/263 142/142 1403/1403
f 77/77 1278/1278 1040/1040
f 77/77 1040/1040 142/142
f 1268/1268 495/495 1729/1729
f 1268/1268 1729/1729 1262/1262
f 495/495 523/523 637/637
f 495/495 637/637 1729/1729
f 523/523 1998/1998 527/527
f 523/523 527/527 637/637
f 1998/1998 803/803 278/278
f 1998/1998 278/278 527/527
f 803/803 711/711 883/883
f 803/803 883/883 278/278
f 711/711 1228/1228 1798/1798
f 711/711 1798/1798 883/883
f 1228/1228 1403/1403 1663/1663
f 1228/1228 1663/1663 1798/1798
f 1403/1403 142/142 131/131
f 1403/1403 131/131 1663/1663
f 142/142 1040/1040 607/607
f 142/142 607/607 131/131
f 1153/1153 471/471 726/726
f 1153/1153 726/726 1155/1155
f 471/471 158/158 83/83
f 471/471 83/83 726/726
f 158/158 1049/1049 235/235
f 158/158 235/235 83/83
f 1049/1049 204/204 246/246
f 1049/1049 246/246 235/235
f 204/204 209/209 1505/1505
f 204/204 1505/1505 246/246
f 209/209 694/694 1326/1326
f 209/209 1326/1326 1505/1505
f 694/694 1130/1130 1885/1885
f 694/694 1885/1885 1326/1326
f 1130/1130 1271/1271 1704/1704
f 1130/1130 1704/1704 1885/1885
f 1205/1205 1899/1899 1178/1178
f 1205/1205 1178/1178 1703/1703
f 447/447 802/802 799/799
f 447/447 799/799 317/317
f 1155/1155 726/726 1324/1324
f 1155/1155 1324/1324 297/297
f 726/726 83/83 1384/1384
f 726/726 1384/1384 1324/1324
f 83/83 235/235 1684/1684
f 83/83 1684/1684 1384/1384
f 235/235 246/246 1742/1742
f 235/235 1742/1742 1684/1684
f 246/246 1505/1505 1124/1124
f 246/246 1124/1124 1742/1742
f 1505/1505 1326/1326 1969/1969
f 1505/1505 1969/1969 1124/1124
f 1326/1326 1885/1885 1623/1623
f 1326/1326 1623/1623 1969/1969
f 1885/1885 1704/1704 1178/1178
f 1885/1885 1178/1178 1623/1623
f 1704/1704 317/317 1703/1703
f 1704/1704 1703/1703 1178/1178
f 317/317 799/799 1349/1349
f 317/317 1349/1349 1703/1703
f 1189/1189 305/305 1283/1283
f 1189/1189 1283/1283 1190/1190
f 305/305 61/61 855/855
f 305/305 855/855 1283/1283
f 61/61 1492/1492 938/938
f 61/61 938/938 855/855
f 1451/1451 1698/1698 779/779
f 1451/1451 779/779 1872/1872
f 967/967 1451/1451 1872/1872
f 967/967 1872/1872 785/785
f 1672/1672 967/967 785/785
f 1672/1672 785/785 1555/1555
f 1134/1134 1672/1672 1555/1555
f 1134/1134 1555/1555 1679/1679
f 1954/1954 1134/1134 1679/1679
f 1954/1954 1679/1679 1522/1522
f 1944/1944 1954/1954 1522/1522
f 1944/1944 1522/1522 1334/1334
f 1492/1492 1944/1944 1334/1334
f 1492/1492 1334/1334 938/938
f 1695/1695 1548/1548 774/774
f 1695/1695 774/774 777/777
f 1450/1450 966/966 1678/1678
f 1450/1450 1678/1678 1548/1548
f 966/966 1675/1675 302/302
f 966/966 302/302 1678/1678
f 1675/1675 1133/1133 1383/1383
f 1675/1675 1383/1383 302/302
f 304/304 1198/1198 1196/1196
f 304/304 1196/1196 111/111
f 645/645 1802/1802 1831/1831
f 645/645 1831/1831 1431/1431
f 1495/1495 60/60 1784/1784
f 1495/1495 1784/1784 80/80
f 1943/1943 1495/1495 80/80
f 1943/1943 80/80 1180/1180
f 1953/1953 1943/1943 1180/1180
f 1953/1953 1180/1180 1951/1951
f 1133/1133 1953/1953 1951/1951
f 1133/1133 1951/1951 1383/1383
f 1694/1694 1450/1450 1548/1548
f 1694/1694 1548/1548 1695/1695
f 947/947 774/774 1548/1548
f 947/947 1548/1548 1678/1678
f 886/886 947/947 1678/1678
f 886/886 1678/1678 302/302
f 1193/1193 1431/1431 111/111
f 1193/1193 111/111 1196/1196
f 1431/1431 1831/1831 1784/1784
f 1431/1431 1784/1784 111/111
f 1831/1831 1843/1843 80/80
f 1831/1831 80/80 1784/1784
f 1843/1843 1762/1762 1180/1180
f 1843/1843 1180/1180 80/80
f 1762/1762 1517/1517 1951/1951
f 1762/1762 1951/1951 1180/1180
f 1517/1517 1539/1539 1383/1383
f 1517/1517 1383/1383 1951/1951
f 1539/1539 886/886 302/302
f 1539/1539 302/302 1383/1383
f 708/708 1414/1414 1410/1410
f 708/708 1410/1410 33/33
f 171/171 1562/1562 1318/1318
f 171/171 1318/1318 972/972
f 1562/1562 2042/2042 1382/1382
f 1562/1562 1382/1382 1318/1318
f 1858/1858 1721/1721 1076/1076
f 1858/1858 1076/1076 1378/1378
f 488/488 1858/1858 1378/1378
f 488/488 1378/1378 1357/1357
f 511/511 406/406 1330/1330
f 511/511 1330/1330 513/513
f 1869/1869 793/793 1761/1761
f 1869/1869 1761/1761 1391/1391
f 1448/1448 1869/1869 1391/1391
f 1448/1448 1391/1391 706/706
f 513/513 1330/1330 1761/1761
f 513/513 1761/1761 508/508
f 1330/1330 1728/1728 1391/1391
f 1330/1330 1391/1391 1761/1761
f 1728/1728 990/990 706/706
f 1728/1728 706/706 1391/1391
f 990/990 1442/1442 1367/1367
f 990/990 1367/1367 706/706
f 1442/1442 1357/1357 1270/1270
f 1442/1442 1270/1270 1367/1367
f 33/33 1410/1410 133/133
f 33/33 133/133 972/972
f 1056/1056 33/33 972/972
f 1056/1056 972/972 1318/1318
f 1076/1076 1056/1056 1318/1318
f 1076/1076 1318/1318 1382/1382
f 1378/1378 1076/1076 1382/1382
f 1378/1378 1382/1382 954/954
f 1357/1357 1378/1378 954/954
f 1357/1357 954/954 1270/1270
f 420/420 1820/1820 26/26
f 420/420 26/26 416/416
f 1820/1820 157/157 1895/1895
f 1820/1820 1895/1895 26/26
f 157/157 895/895 853/853
f 157/157 853/853 1895/1895
f 895/895 1725/1725 1503/1503
f 895/895 1503/1503 853/853
f 44/44 1241/1241 1503/1503
f 44/44 1503/1503 43/43
f 1677/1677 950/950 162/162
f 1677/1677 162/162 12/12
f 1964/1964 1677/1677 12/12
f 1964/1964 12/12 1934/1934
f 247/247 1964/1964 1934/1934
f 247/247 1934/1934 1432/1432
f 908/908 1655/1655 286/286
f 908/908 286/286 1432/1432
f 1655/1655 44/44 43/43
f 1655/1655 43/43 286/286
f 1240/1240 1041/1041 1542/1542
f 1240/1240 1542/1542 1022/1022
f 215/215 1240/1240 1022/1022
f 215/215 1022/1022 669/669
f 605/605 215/215 669/669
f 605/605 669/669 1732/1732
f 1034/1034 1914/1914 628/628
f 1034/1034 628/628 1946/1946
f 1914/1914 496/496 1883/1883
f 1914/1914 1883/1883 628/628
f 347/347 2038/2038 1883/1883
f 347/347 1883/1883 483/483
f 222/222 347/347 483/483
f 222/222 483/483 1759/1759
f 1569/1569 222/222 1759/1759
f 1569/1569 1759/1759 49/49
f 1434/1434 1569/1569 49/49
f 1434/1434 49/49 1973/1973
f 701/701 605/605 1732/1732
f 701/701 1732/1732 1973/1973
f 389/389 1082/1082 1079/1079
f 389/389 1079/1079 1996/1996
f 959/959 237/237 1915/1915
f 959/959 1915/1915 125/125
f 237/237 1127/1127 343/343
f 237/237 343/343 1915/1915
f 257/257 1829/1829 1563/1563
f 257/257 1563/1563 81/81
f 1653/1653 786/786 773/773
f 1653/1653 773/773 1648/1648
f 1107/1107 1714/1714 773/773
f 1107/1107 773/773 1209/1209
f 1439/1439 1107/1107 1209/1209
f 1439/1439 1209/1209 73/73
f 787/787 1439/1439 73/73
f 787/787 73/73 381/381
f 2035/2035 787/787 381/381
f 2035/2035 381/381 1275/1275
f 1361/1361 257/257 81/81
f 1361/1361 81/81 1362/1362
f 1651/1651 255/255 786/786
f 1651/1651 786/786 1653/1653
f 1209/1209 773/773 786/786
f 1209/1209 786/786 1754/1754
f 73/73 1209/1209 1754/1754
f 73/73 1754/1754 150/150
f 1922/1922 125/125 1996/1996
f 1922/1922 1996/1996 1079/1079
f 125/125 1915/1915 22/22
f 125/125 22/22 1996/1996
f 1915/1915 343/343 1563/1563
f 1915/1915 1563/1563 22/22
f 343/343 470/470 81/81
f 343/343 81/81 1563/1563
f 470/470 1275/1275 1362/1362
f 470/470 1362/1362 81/81
f 1275/1275 381/381 272/272
f 1275/1275 272/272 1362/1362
f 381/381 73/73 150/150
f 381/381 150/150 272/272
f 372/372 602/602 213/213
f 372/372 213/213 1250/1250
f 939/939 200/200 213/213
f 939/939 213/213 365/365
f 1117/1117 939/939 365/365
f 1117/1117 365/365 500/500
f 1621/1621 1117/1117 500/500
f 1621/1621 500/500 387/387
f 243/243 1401/1401 38/38
f 243/243 38/38 838/838
f 1401/1401 274/274 401/401
f 1401/1401 401/401 38/38
f 274/274 519/519 1223/1223
f 274/274 1223/1223 401/401
f 519/519 1032/1032 1603/1603
f 519/519 1603/1603 1223/1223
f 1032/1032 532/532 535/535
f 1032/1032 535/535 1603/1603
f 532/532 1621/1621 387/387
f 532/532 387/387 535/535
f 313/313 828/828 1421/1421
f 313/313 1421/1421 687/687
f 828/828 185/185 1036/1036
f 828/828 1036/1036 1421/1421
f 185/185 717/717 1919/1919
f 185/185 1919/1919 1036/1036
f 1408/1408 1088/1088 1772/1772
f 1408/1408 1772/1772 1713/1713
f 1488/1488 1408/1408 1713/1713
f 1488/1488 1713/1713 65/65
f 545/545 1488/1488 65/65
f 545/545 65/65 629/629
f 96/96 545/545 629/629
f 96/96 629/629 294/294
f 1789/1789 96/96 294/294
f 1789/1789 294/294 911/911
f 554/554 1789/1789 911/911
f 554/554 911/911 15/15
f 717/717 554/554 15/15
f 717/717 15/15 1919/1919
f 1967/1967 475/475 284/284
f 1967/1967 284/284 2030/2030
f 2001/2001 752/752 284/284
f 2001/2001 284/284 1306/1306
f 1811/1811 2001/2001 1306/1306
f 1811/1811 1306/1306 673/673
f 1281/1281 1811/1811 673/673
f 1281/1281 673/673 1008/1008
f 768/768 115/115 218/218
f 768/768 218/218 758/758
f 115/115 578/578 721/721
f 115/115 721/721 218/218
f 578/578 977/977 704/704
f 578/578 704/704 721/721
f 977/977 750/750 1017/1017
f 977/977 1017/1017 704/704
f 750/750 432/432 1961/1961
f 750/750 1961/1961 1017/1017
f 432/432 1281/1281 1008/1008
f 432/432 1008/1008 1961/1961
f 945/945 643/643 352/352
f 945/945 352/352 299/299
f 161/161 473/473 352/352
f 161/161 352/352 1237/1237
f 1048/1048 161/161 1237/1237
f 1048/1048 1237/1237 1420/1420
f 1207/1207 1757/1757 1344/1344
f 1207/1207 1344/1344 626/626
f 449/449 1273/1273 986/986
f 449/449 986/986 626/626
f 1273/1273 1128/1128 166/166
f 1273/1273 166/166 986/986
f 1128/1128 695/695 738/738
f 1128/1128 738/738 166/166
f 205/205 1048/1048 1420/1420
f 205/205 1420/1420 1776/1776
f 210/210 205/205 1776/1776
f 210/210 1776/1776 1125/1125
f 695/695 210/210 1125/1125
f 695/695 1125/1125 738/738
f 1040/1040 52/52 607/607
f 52/52 1040/1040 761/761
f 761/761 1040/1040 764/764
f 764/764 1040/1040 1278/1278