# https://github.com/mikedh/trimesh
mtllib material0.mtl
usemtl material0
v -0.01130316 0.04236071 0.00370048
v -0.00814787 -0.08693479 0.01314157
v -0.00197892 0.05569168 0.00450461
v -0.00197892 0.05569168 0.00450461
v 0.00041702 0.07963825 0.01628370
v 0.00041702 0.07963825 0.01628370
v -0.01619422 0.06285642 0.01728124
v -0.01619422 0.06285642 0.01728124
v -0.00320245 0.06054740 0.00457043
v -0.00320245 0.06054740 0.00457043
v -0.00320245 0.06054740 0.00457043
v -0.01512872 -0.05871114 0.00736276
v -0.02234049 -0.06945169 0.00369451
v -0.00477083 0.08989653 0.01530807
v -0.00477083 0.08989653 0.01530807
v -0.01738824 -0.01477332 0.00139035
v -0.01426426 0.03622587 0.01715504
v -0.01426426 0.03622587 0.01715504
v 0.00877925 0.05253277 0.01002187
v 0.00877925 0.05253277 0.01002187
v -0.01027204 -0.00829506 0.00567026
v -0.01027204 -0.00829506 0.00567026
v 0.00891586 0.08303192 0.01229744
v -0.03131538 -0.05309074 0.00804246
v 0.01206413 0.07511398 0.00383771
v 0.01206413 0.07511398 0.00383771
v 0.01680995 -0.03562426 0.00500451
v -0.00010349 0.07750434 0.01650813
v -0.00010349 0.07750434 0.01650813
v 0.00017116 0.04171641 0.01925762
v 0.00175268 0.04243278 0.00428923
v 0.00175268 0.04243278 0.00428923
v -0.01411397 -0.00198824 0.00490906
v -0.01411397 -0.00198824 0.00490906
v -0.01536168 -0.05146958 0.01036291
v -0.01536168 -0.05146958 0.01036291
v -0.01084427 0.05153464 0.01096408
v -0.01084427 0.05153464 0.01096408
v -0.00302415 0.06880451 0.01664134
v -0.00302415 0.06880451 0.01664134
v -0.00752483 0.04714839 0.01950674
v -0.01641369 -0.04402702 0.00710944
v 0.00018478 0.03970119 0.01875081
v -0.01752293 -0.08398458 0.00359471
v 0.02604089 -0.02413385 0.00493451
v 0.00049093 0.08448539 0.01628578
v 0.00049093 0.08448539 0.01628578
v -0.00187730 -0.00135970 0.00803390
v -0.00187730 -0.00135970 0.00803390
v -0.00944651 -0.08260877 0.00488002
v -0.01393423 -0.01537373 0.01652281
v 0.01284322 -0.01483901 0.00426430
v 0.01247857 -0.07503510 0.00436433
v 0.02887240 -0.03303982 0.01574433
v -0.01830928 -0.02685138 0.00251442
v -0.01884905 -0.07741774 0.01824600
v 0.01696503 0.00330553 0.01572888
v 0.01696503 0.00330553 0.01572888
v -0.00651332 0.04787610 0.01076755
v -0.00651332 0.04787610 0.01076755
v 0.00805775 0.00173155 0.02026890
v 0.00074644 0.04735105 0.00434446
v 0.00074644 0.04735105 0.00434446
v 0.00936299 -0.08448630 0.01296300
v -0.02260807 -0.08480878 0.01116608
v -0.02260807 -0.08480878 0.01116608
v -0.01609662 0.00528983 0.00658207
v 0.00641431 0.00810989 0.01671878
v 0.00641431 0.00810989 0.01671878
v 0.00907771 -0.08447945 0.00715540
v -0.00400405 0.03972096 0.01640697
v 0.01236584 0.07510767 0.00526682
v 0.00284307 0.05359978 0.01633521
v 0.00284307 0.05359978 0.01633521
v -0.02439675 -0.06069129 0.01829844
v -0.00222671 -0.00268699 0.00810155
v -0.00222671 -0.00268699 0.00810155
v -0.00051074 0.07761650 0.00445834
v -0.00051074 0.07761650 0.00445834
v -0.01686029 0.06285323 0.01279853
v 0.01624989 -0.05093456 0.01337224
v -0.01563820 -0.03672087 0.01000746
v -0.01563820 -0.03672087 0.01000746
v 0.03057779 -0.06030162 0.01246174
v 0.00794915 -0.00900674 0.01207547
v 0.00794915 -0.00900674 0.01207547
v 0.00794915 -0.00900674 0.01207547
v 0.00794915 -0.00900674 0.01207547
v -0.00662180 -0.00493218 0.00917838
v 0.02602942 -0.03364987 0.01755552
v 0.00123144 0.04113571 0.00185334
v 0.00123144 0.04113571 0.00185334
v -0.00111087 0.08633604 0.00469949
v -0.00111087 0.08633604 0.00469949
v -0.01071283 0.04679914 0.00322985
v -0.01071283 0.04679914 0.00322985
v 0.00003022 0.04783517 0.01876799
v -0.01624535 -0.03659685 0.00690186
v -0.01634668 -0.09000000 0.01088101
v -0.01634668 -0.09000000 0.01088101
v 0.01411882 0.07140782 0.01205141
v 0.01535746 -0.03613333 0.01068957
v 0.01535746 -0.03613333 0.01068957
v -0.00640672 -0.00623514 0.00720909
v 0.00962588 -0.08207084 0.01319100
v 0.02086497 -0.08798586 0.01213582
v -0.00050493 0.08438826 0.01653597
v -0.00050493 0.08438826 0.01653597
v 0.01774128 -0.08889135 0.00669979
v -0.00343867 0.05011621 0.00455329
v -0.00343867 0.05011621 0.00455329
v 0.01220138 0.05016659 0.01289180
v -0.01464608 0.01490327 0.01293059
v -0.00475813 0.04826063 0.01068179
v -0.00475813 0.04826063 0.01068179
v 0.01610325 -0.04340955 0.00730840
v -0.00195848 0.04779611 0.01936940
v 0.00010773 0.08003754 0.01629936
v 0.00010773 0.08003754 0.01629936
v -0.00288342 -0.00088985 0.01119005
v -0.01948728 -0.04416865 0.01771127
v -0.01023702 -0.08851183 0.00766579
v 0.03206800 -0.04321680 0.01278529
v -0.00519441 0.08990258 0.00863589
v -0.00519441 0.08990258 0.00863589
v 0.01336696 0.01155470 0.01576870
v 0.01336696 0.01155470 0.01576870
v -0.01308220 0.07607563 0.00899984
v 0.00032785 0.03945778 0.01645205
v 0.00032785 0.03945778 0.01645205
v 0.00070942 0.03949375 0.01040289
v 0.00070942 0.03949375 0.01040289
v 0.00765769 0.05313683 0.01609817
v 0.00765769 0.05313683 0.01609817
v 0.00165685 0.04379759 0.01877115
v -0.02218819 0.00690988 0.00861145
v -0.02218819 0.00690988 0.00861145
v 0.01361095 0.01188662 0.01431317
v -0.02018803 -0.08441218 0.00541705
v 0.01928980 -0.01346136 0.01863648
v 0.01854719 -0.08568745 0.01640370
v 0.02258170 -0.06859504 0.00226461
v 0.01015976 0.05140911 0.00995274
v 0.01015976 0.05140911 0.00995274
v -0.00963252 0.04598660 0.01872785
v -0.00963252 0.04598660 0.01872785
v -0.00107141 0.04915038 0.00443587
v -0.00107141 0.04915038 0.00443587
v -0.01308047 -0.08941997 0.00758737
v -0.00962838 0.04118358 0.01694314
v -0.00962838 0.04118358 0.01694314
v 0.00131014 0.04155717 0.01874318
v 0.00331912 0.00440031 0.00918927
v 0.00331912 0.00440031 0.00918927
v -0.00044434 0.08199952 0.00446025
v -0.00044434 0.08199952 0.00446025
v 0.00071493 0.04017056 0.00433754
v 0.00071493 0.04017056 0.00433754
v 0.01801192 -0.08762247 0.01490604
v 0.01457848 -0.08750781 0.00414598
v -0.00107435 0.08343394 0.00469427
v -0.00107435 0.08343394 0.00469427
v 0.00861454 -0.00794324 0.00901698
v 0.00861454 -0.00794324 0.00901698
v 0.00344126 0.07251935 0.01612675
v 0.00344126 0.07251935 0.01612675
v -0.00395085 0.03758686 0.01666001
v -0.00395085 0.03758686 0.01666001
v -0.00395085 0.03758686 0.01666001
v -0.01630098 -0.08954089 0.00796659
v -0.02985808 -0.02466627 0.01031702
v -0.02985808 -0.02466627 0.01031702
v 0.01586032 -0.08291462 0.01770459
v -0.02095410 -0.06010093 0.01876233
v -0.00403868 0.03698489 0.00378416
v -0.00403868 0.03698489 0.00378416
v 0.01601169 0.00656819 0.00679227
v 0.00177245 0.00153174 0.00901104
v 0.00177245 0.00153174 0.00901104
v -0.02992953 -0.06144221 0.00813201
v 0.01409324 0.00059315 0.01221314
v 0.01409324 0.00059315 0.01221314
v 0.00016376 0.04809354 0.01647029
v 0.00016376 0.04809354 0.01647029
v 0.01610420 0.05319977 0.00505735
v 0.01579643 0.01690316 0.00956972
v -0.01297326 0.03348970 0.01708840
v -0.01297326 0.03348970 0.01708840
v -0.00739977 0.04747304 0.00155692
v -0.00739977 0.04747304 0.00155692
v -0.00739977 0.04747304 0.00155692
v -0.01037616 0.05267510 0.00635746
v -0.00912095 -0.08480881 0.00520405
v 0.01364610 -0.02724358 0.01106867
v 0.01364610 -0.02724358 0.01106867
v -0.02744618 -0.07075947 0.01127790
v -0.02744618 -0.07075947 0.01127790
v 0.00084259 0.04800392 0.01642687
v 0.00084259 0.04800392 0.01642687
v -0.02383373 -0.02566456 0.01737649
v 0.00239081 0.00059121 0.00692116
v -0.01007541 0.04718036 0.00487583
v -0.01007541 0.04718036 0.00487583
v -0.01007541 0.04718036 0.00487583
v -0.00567606 0.00605530 0.01447889
v -0.01277354 -0.08942733 0.01383573
v -0.01090639 0.08054179 0.01252693
v -0.00769764 0.04206086 0.01659116
v 0.00016675 0.08393355 0.01630105
v 0.00016675 0.08393355 0.01630105
v -0.00415502 0.04766617 0.01642376
v -0.02247107 -0.01370790 0.01518093
v 0.01015261 -0.08444154 0.00471223
v -0.01115837 0.01173675 0.00123000
v 0.01204748 -0.00590244 0.01997016
v 0.02236667 -0.05146546 0.00196468
v -0.01581545 -0.08826789 0.01615042
v -0.00795304 0.04156119 0.01965650
v 0.00202706 -0.00044973 0.01720779
v -0.01419344 0.07136560 0.01574906
v -0.00897948 0.04355609 0.01690410
v -0.00897948 0.04355609 0.01690410
v -0.01938885 -0.08907178 0.01102725
v -0.01938885 -0.08907178 0.01102725
v -0.03199509 -0.05315505 0.01120848
v -0.03199509 -0.05315505 0.01120848
v -0.00025609 0.08977192 0.01653009
v -0.00025609 0.08977192 0.01653009
v -0.00025609 0.08977192 0.01653009
v 0.01164263 -0.08809469 0.00700445
v -0.01906404 0.00387775 0.01189985
v -0.01906404 0.00387775 0.01189985
v -0.01710852 -0.03629136 0.01569451
v -0.01387583 -0.06709543 0.01619514
v -0.00913002 0.04135770 0.01925577
v -0.00345891 0.03735789 0.00412210
v -0.00345891 0.03735789 0.00412210
v 0.01041730 -0.08608482 0.00539297
v -0.00841296 0.00684210 0.00000000
v -0.00675225 0.00608790 0.00416907
v -0.00675225 0.00608790 0.00416907
v -0.00301273 -0.00030229 0.01090972
v 0.01092432 0.05142053 0.01142027
v -0.00652367 0.00460344 0.00066038
v 0.00441844 0.08998819 0.00721049
v 0.00441844 0.08998819 0.00721049
v -0.00202462 0.04729258 0.00129268
v -0.00202462 0.04729258 0.00129268
v 0.01201952 0.00371008 0.01985064
v 0.01124919 0.07877759 0.01217781
v 0.01259475 0.07510279 0.00679131
v -0.03091741 -0.03378660 0.01379450
v -0.00599956 0.03707635 0.00343373
v 0.01192791 -0.08810153 0.01281205
v -0.00840990 -0.08692849 0.00780705
v -0.01241850 -0.00443252 0.00506238
v -0.01241850 -0.00443252 0.00506238
v -0.00037056 0.08686954 0.00446237
v -0.00037056 0.08686954 0.00446237
v 0.00149461 0.04620295 0.01640269
v 0.00149461 0.04620295 0.01640269
v 0.01294914 0.03696115 0.00374925
v 0.01294914 0.03696115 0.00374925
v -0.00214329 0.05473017 0.00451155
v -0.00214329 0.05473017 0.00451155
v -0.01291766 0.04860856 0.00954899
v -0.00137656 0.03876435 0.00413698
v -0.00137656 0.03876435 0.00413698
v -0.00137656 0.03876435 0.00413698
v -0.00776616 -0.00912276 0.00865578
v -0.00776616 -0.00912276 0.00865578
v -0.02302267 -0.01369465 0.00395137
v 0.01537705 -0.05813070 0.00699296
v 0.01787451 -0.04341988 0.01598077
v -0.01007878 0.04357465 0.01874693
v -0.01007878 0.04357465 0.01874693
v 0.02278627 -0.08620265 0.01228967
v 0.00358200 0.07033995 0.01611727
v 0.00358200 0.07033995 0.01611727
v 0.02329886 -0.06861226 0.01686475
v -0.01084317 0.08055855 0.00517073
v -0.01084317 0.08055855 0.00517073
v -0.00421184 0.06586117 0.01056236
v -0.00421184 0.06586117 0.01056236
v -0.00421184 0.06586117 0.01056236
v -0.00421184 0.06586117 0.01056236
v -0.00014979 0.08062262 0.00444416
v -0.00014979 0.08062262 0.00444416
v -0.01280031 0.01305423 0.01150233
v -0.01280031 0.01305423 0.01150233
v -0.01497080 0.01477573 0.01137230
v -0.01497080 0.01477573 0.01137230
v -0.02732093 -0.02514709 0.00458272
v -0.00018225 0.08383558 0.01651947
v -0.00018225 0.08383558 0.01651947
v -0.01490421 0.03621131 0.01267103
v 0.01530140 -0.06653974 0.01560307
v 0.00333643 0.06611423 0.00425581
v 0.00333643 0.06611423 0.00425581
v 0.00333643 0.06611423 0.00425581
v -0.00809398 0.04767994 0.01916687
v -0.01696070 -0.00489287 0.00160154
v -0.01029626 0.03991391 0.00364813
v 0.00458624 0.08998648 0.00873798
v 0.00458624 0.08998648 0.00873798
v 0.00661034 0.04563128 0.01012027
v 0.00661034 0.04563128 0.01012027
v -0.01392473 0.07357561 0.01266698
v 0.00161759 0.04499503 0.00183893
v 0.00161759 0.04499503 0.00183893
v -0.00327743 0.04798561 0.00135504
v -0.00327743 0.04798561 0.00135504
v -0.02399861 -0.07833875 0.00805689
v -0.00400889 0.04800778 0.01953306
v -0.00866255 0.04532677 0.01689061
v -0.00866255 0.04532677 0.01689061
v -0.00798797 0.04684834 0.01083878
v -0.00798797 0.04684834 0.01083878
v -0.00034826 0.04023187 0.01914607
v 0.01935385 -0.06785893 0.00179340
v 0.02323898 -0.08383552 0.00624211
v 0.02187884 -0.03436581 0.00246065
v 0.01732291 -0.04340664 0.00475121
v -0.02962263 -0.06144959 0.01438037
v -0.01445629 0.07140088 0.01422627
v -0.00424761 0.03908349 0.01654310
v 0.00714609 0.00303705 0.00504744
v 0.00810648 0.08304268 0.00404146
v 0.00810648 0.08304268 0.00404146
v 0.01613106 0.01689513 0.01638220
v -0.01400435 0.07358173 0.00905314
v -0.01510459 0.03906159 0.01719966
v -0.01510459 0.03906159 0.01719966
v -0.00783721 -0.00897258 0.01178438
v 0.02060293 -0.08797959 0.00680130
v -0.00739085 0.04009733 0.01949185
v -0.00004625 0.08739808 0.00444706
v -0.00004625 0.08739808 0.00444706
v -0.02128134 0.00655797 0.00545422
v -0.01111316 0.04491816 0.00492414
v -0.01111316 0.04491816 0.00492414
v 0.01354300 -0.06598654 0.01007053
v 0.01354300 -0.06598654 0.01007053
v 0.01802712 -0.00298116 0.00621691
v 0.02082857 -0.07666090 0.01687962
v -0.02369168 -0.07834612 0.01430524
v -0.01358073 0.07357569 0.01572157
v -0.01090833 0.08056335 0.00716301
v -0.00343847 0.03735740 0.00453824
v -0.00343847 0.03735740 0.00453824
v 0.01164130 -0.01538974 0.01724876
v -0.01516189 0.06789242 0.01579254
v -0.00849007 0.04239274 0.01675540
v 0.01251152 -0.08690236 0.01518132
v 0.00118802 0.04055573 0.00263792
v 0.00118802 0.04055573 0.00263792
v -0.02511392 -0.06067407 0.00369830
v -0.01453663 -0.02765305 0.01280680
v -0.02500863 -0.07013168 0.00552282
v -0.02300145 -0.03521841 0.00236224
v -0.00690585 0.04004802 0.01667481
v 0.00407129 0.04807832 0.01024788
v 0.00407129 0.04807832 0.01024788
v 0.02531226 -0.03363265 0.00295537
v 0.01044452 -0.01574630 0.01479707
v -0.00955744 0.04358334 0.01932174
v 0.02421994 -0.01228555 0.01112159
v 0.02421994 -0.01228555 0.01112159
v -0.00010955 0.07799136 0.01650901
v -0.00010955 0.07799136 0.01650901
v 0.01426827 0.03976640 0.00666744
v 0.00644276 -0.00886016 0.01215716
v 0.00644276 -0.00886016 0.01215716
v 0.01209353 0.03314381 0.00830225
v -0.00009065 0.08449935 0.00444582
v -0.00009065 0.08449935 0.00444582
v 0.00229809 0.07350610 0.01618407
v 0.00229809 0.07350610 0.01618407
v -0.01216169 -0.01583682 0.01476580
v -0.01398439 0.07357810 0.01095626
v 0.01175546 0.05016131 0.01137796
v 0.01359489 0.07145726 0.00520214
v 0.01346044 0.01189023 0.01124908
v -0.00428794 0.03903455 0.01666831
v -0.00428794 0.03903455 0.01666831
v -0.01624354 -0.00491007 0.01620168
v 0.00681472 -0.00870154 0.01527760
v 0.01853491 -0.05877946 0.00263749
v 0.01765227 -0.02620123 0.01822444
v 0.01088469 0.00468376 0.00519483
v -0.00610368 0.04141394 0.01985522
v -0.01956503 -0.00371324 0.01461989
v -0.01795237 -0.05950518 0.01796357
v -0.00234184 0.07341371 0.01661326
v -0.00234184 0.07341371 0.01661326
v 0.00007084 0.07760254 0.01629830
v 0.00007084 0.07760254 0.01629830
v -0.00384362 0.03807657 0.01903458
v -0.02162332 -0.06946892 0.01829465
v 0.02529305 -0.07741141 0.01246501
v 0.01373917 0.03977822 0.00371377
v 0.01373917 0.03977822 0.00371377
v 0.02414908 -0.08391642 0.00932842
v 0.02414908 -0.08391642 0.00932842
v 0.01802657 -0.08889820 0.01250739
v -0.01593842 -0.03660421 0.01315023
v -0.01206409 -0.00444104 0.01227739
v -0.01206409 -0.00444104 0.01227739
v -0.03100846 -0.05309810 0.01429082
v -0.02061728 0.01628835 0.00492546
v -0.01655523 0.06286224 0.01127890
v -0.01655523 0.06286224 0.01127890
v -0.00107914 0.04051076 0.01049194
v -0.00107914 0.04051076 0.01049194
v -0.00107914 0.04051076 0.01049194
v 0.01169863 0.03314984 0.00525010
v -0.01935091 0.01749526 0.00793031
v -0.01935091 0.01749526 0.00793031
v -0.01183317 0.07847158 0.01410576
v 0.00135748 -0.00021721 0.00994012
v 0.00163214 0.04243567 0.00183520
v 0.00163214 0.04243567 0.00183520
v -0.02200837 -0.08469904 0.00800441
v -0.01531442 0.01478399 0.00437705
v -0.01531442 0.01478399 0.00437705
v -0.00628337 -0.00623810 0.00972017
v 0.02233711 -0.05927610 0.01771747
v -0.00405697 0.04930437 0.01905830
v -0.01067155 0.05268133 0.00790772
v -0.01759211 -0.02686859 0.01711457
v -0.02628749 -0.04435099 0.01804645
v -0.01271887 0.00421311 0.01567490
v -0.00136178 0.03876400 0.00443789
v -0.00136178 0.03876400 0.00443789
v -0.00136178 0.03876400 0.00443789
v -0.02115964 -0.08702906 0.00819531
v -0.01601570 -0.08954775 0.01377419
v -0.00903413 -0.00849177 0.00306274
v 0.00040224 0.07866747 0.01628328
v 0.00040224 0.07866747 0.01628328
v -0.01446550 0.07119069 0.00521843
v -0.01446550 0.07119069 0.00521843
v -0.01446550 0.07119069 0.00521843
v 0.01347501 0.03694156 0.00670307
v -0.01691292 0.05780779 0.01731059
v -0.01691292 0.05780779 0.01731059
v -0.01867838 0.00249289 0.00866351
v -0.01867838 0.00249289 0.00866351
v 0.00319487 -0.00079218 0.01173837
v -0.01732544 -0.04408861 0.01591489
v -0.03276085 -0.04443806 0.01104608
v -0.03276085 -0.04443806 0.01104608
v 0.01411863 0.07146587 0.00987652
v 0.01237531 0.04847069 0.01441700
v -0.01694351 -0.08633582 0.00408383
v 0.01705507 -0.05840574 0.01566477
v 0.01403998 0.03977153 0.00514292
v 0.00343353 -0.00070330 0.01479824
v 0.00257296 0.06046490 0.01635580
v 0.00257296 0.06046490 0.01635580
v 0.00257296 0.06046490 0.01635580
v -0.01035959 -0.07517538 0.01362351
v -0.01109861 0.04235880 0.00492040
v -0.01109861 0.04235880 0.00492040
v -0.00156054 0.03812521 0.01654324
v -0.00156054 0.03812521 0.01654324
v 0.00136437 0.04066180 0.00307624
v 0.00136437 0.04066180 0.00307624
v -0.01577027 0.00003324 0.00863912
v -0.01577027 0.00003324 0.00863912
v -0.00995175 -0.08851869 0.01347338
v -0.01185742 0.01025982 0.00053911
v -0.00341258 0.07475897 0.00479890
v -0.00341258 0.07475897 0.00479890
v -0.01570925 -0.07671651 0.01872792
v -0.02080153 0.00426548 0.00852169
v -0.02080153 0.00426548 0.00852169
v -0.02080153 0.00426548 0.00852169
v -0.02080153 0.00426548 0.00852169
v -0.00172775 0.04596533 0.01964564
v -0.00499913 0.08989544 0.01378354
v -0.00499913 0.08989544 0.01378354
v 0.01580339 0.05320647 0.00362821
v 0.01580339 0.05320647 0.00362821
v 0.00690535 0.04562420 0.01612627
v 0.00690535 0.04562420 0.01612627
v -0.00571007 0.04731595 0.01649972
v -0.01390419 -0.08600855 0.00342819
v 0.00423313 0.03956108 0.01022988
v 0.00423313 0.03956108 0.01022988
v -0.00007586 0.08546675 0.00444624
v -0.00007586 0.08546675 0.00444624
v 0.02131072 -0.01285575 0.00561389
v -0.00769295 0.04684126 0.01684477
v -0.00769295 0.04684126 0.01684477
v -0.02031036 0.01628097 0.01117382
v 0.00173813 0.04499213 0.00429297
v 0.00173813 0.04499213 0.00429297
v -0.03176081 -0.04443253 0.01412887
v -0.01454500 0.07137312 0.01105427
v -0.01787704 -0.04407537 0.00468533
v 0.00279086 0.07483612 0.01616143
v 0.00279086 0.07483612 0.01616143
v 0.00168522 -0.00035740 0.00834246
v -0.00184786 0.05472308 0.01052594
v -0.00184786 0.05472308 0.01052594
v -0.00811598 0.04859205 0.00232128
v -0.00811598 0.04859205 0.00232128
v -0.02676932 -0.02516034 0.01581229
v 0.01650347 -0.05839248 0.00443520
v 0.01128592 0.05014281 0.01591642
v 0.01128592 0.05014281 0.01591642
v 0.01515089 0.06320624 0.00367205
v 0.01515089 0.06320624 0.00367205
v -0.02159155 -0.08730359 0.01112844
v -0.02159155 -0.08730359 0.01112844
v -0.02684041 -0.07058631 0.00811453
v -0.00107843 0.04928609 0.00320640
v -0.00041483 0.08394752 0.00446110
v -0.00041483 0.08394752 0.00446110
v -0.01989754 -0.03580956 0.00287076
v -0.00040007 0.08492152 0.00446152
v -0.00040007 0.08492152 0.00446152
v 0.01462066 0.06776298 0.00514740
v -0.01318702 -0.08602575 0.01802831
v -0.00805575 0.04859058 0.00354830
v -0.01579091 -0.04401183 0.01021033
v -0.01579091 -0.04401183 0.01021033
v 0.03000849 -0.04327326 0.01538269
v -0.01653731 0.01423342 0.01359850
v -0.00821035 0.03929090 0.01865010
v -0.00821035 0.03929090 0.01865010
v -0.01097491 -0.01627052 0.00909722
v -0.01097491 -0.01627052 0.00909722
v -0.01034640 -0.08733817 0.01587863
v -0.00693859 0.04644902 0.01655905
v -0.00081230 0.08774570 0.00468648
v -0.00081230 0.08774570 0.00468648
v 0.03123472 -0.06037965 0.00929591
v 0.03123472 -0.06037965 0.00929591
v -0.00083768 0.08978587 0.00469014
v -0.00083768 0.08978587 0.00469014
v -0.00083768 0.08978587 0.00469014
v 0.02059875 -0.02549525 0.01874509
v -0.02945618 -0.04440558 0.01651262
v -0.00333477 -0.00046159 0.01250675
v -0.01113077 0.01024237 0.01533231
v -0.00635148 0.03935885 0.01074956
v -0.00635148 0.03935885 0.01074956
v -0.02283926 -0.05232620 0.00278594
v 0.02363472 -0.01245082 0.01427581
v -0.00252899 0.07108055 0.01661970
v -0.00252899 0.07108055 0.01661970
v -0.01633500 -0.08825541 0.00557334
v 0.00117202 0.05462092 0.01039800
v 0.00117202 0.05462092 0.01039800
v 0.01634574 0.04990033 0.00962657
v 0.01634574 0.04990033 0.00962657
v -0.00283100 0.07474501 0.01663886
v -0.00283100 0.07474501 0.01663886
v -0.00421687 0.03688153 0.00334593
v -0.00421687 0.03688153 0.00334593
v -0.01596790 -0.05153386 0.00726223
v 0.00436631 0.04807124 0.01625387
v 0.00436631 0.04807124 0.01625387
v -0.01031893 0.01051225 0.00410896
v -0.01031893 0.01051225 0.00410896
v -0.01920581 -0.06859395 0.00288823
v 0.00485136 -0.00602945 0.01110485
v -0.02450255 -0.01336234 0.01276898
v -0.02653349 -0.07059368 0.01436289
v -0.00021860 0.08675770 0.01652470
v -0.00021860 0.08675770 0.01652470
v -0.00078807 0.08579764 0.00468300
v -0.00078807 0.08579764 0.00468300
v 0.00368687 0.00439149 0.01667613
v 0.00368687 0.00439149 0.01667613
v -0.00628207 0.04887426 0.01912474
v 0.00019626 0.08588157 0.01630190
v 0.00019626 0.08588157 0.01630190
v 0.01287450 0.07510362 0.01209559
v 0.00158592 0.04139783 0.01639254
v 0.00158592 0.04139783 0.01639254
v -0.00627271 0.03803142 0.01855343
v -0.00627271 0.03803142 0.01855343
v -0.01132810 0.04496282 0.00370477
v 0.01398626 0.07149740 0.00825445
v 0.01091394 -0.08224457 0.01562265
v -0.01194886 0.07847260 0.01257570
v 0.02347447 -0.07711497 0.01505463
v -0.00103789 0.08052536 0.00468905
v -0.00103789 0.08052536 0.00468905
v 0.00736268 0.05314391 0.01009218
v 0.00736268 0.05314391 0.01009218
v 0.00300041 0.07035391 0.00427731
v 0.00300041 0.07035391 0.00427731
v 0.03232679 -0.05192903 0.00942046
v 0.03232679 -0.05192903 0.00942046
v -0.00837445 0.04792665 0.01866834
v -0.00837445 0.04792665 0.01866834
v -0.02459495 -0.07848229 0.01121896
v -0.02459495 -0.07848229 0.01121896
v 0.00043180 0.08060866 0.01628412
v 0.00043180 0.08060866 0.01628412
v 0.01974316 -0.08729534 0.00492594
v -0.00659747 -0.00483250 0.01068797
v -0.00659747 -0.00483250 0.01068797
v 0.00052053 0.08641913 0.01628661
v 0.00052053 0.08641913 0.01628661
v -0.00499003 0.03910132 0.00142868
v -0.00499003 0.03910132 0.00142868
v -0.00019437 0.08480963 0.01652121
v -0.00019437 0.08480963 0.01652121
v -0.00793133 -0.08714883 0.01045821
v -0.00793133 -0.08714883 0.01045821
v 0.00526490 0.00847104 0.00589331
v 0.00438028 0.00169589 0.00541853
v -0.00648606 0.04925923 0.01857715
v -0.00648606 0.04925923 0.01857715
v 0.00861026 -0.00727671 0.00480100
v 0.00336715 0.00419194 0.01883069
v 0.00293045 0.00050661 0.01854630
v -0.00809824 0.04859163 0.00268243
v -0.00809824 0.04859163 0.00268243
v -0.01455246 0.07141208 0.01269526
v -0.01835822 0.00269080 0.01225264
v -0.01835822 0.00269080 0.01225264
v 0.01146024 0.04846287 0.00988538
v 0.01146024 0.04846287 0.00988538
v -0.00889053 0.04180589 0.01087716
v -0.00889053 0.04180589 0.01087716
v -0.00764828 0.04006585 0.00156039
v -0.00764828 0.04006585 0.00156039
v -0.03188040 -0.03364923 0.01070557
v -0.03188040 -0.03364923 0.01070557
v 0.01640350 0.05809132 0.00963339
v 0.01640350 0.05809132 0.00963339
v -0.02300054 -0.00264670 0.00911010
v -0.02300054 -0.00264670 0.00911010
v 0.02861000 -0.06008153 0.01506001
v -0.00823953 0.04360750 0.01973568
v -0.01306219 0.07607201 0.01089738
v -0.00017013 0.08286155 0.01651772
v -0.00017013 0.08286155 0.01651772
v -0.00073960 0.08190148 0.00467602
v -0.00073960 0.08190148 0.00467602
v -0.01593725 -0.05903371 0.01616767
v 0.00167308 0.04139574 0.01816710
v 0.00167308 0.04139574 0.01816710
v -0.01019595 0.04718326 0.00242179
v -0.01019595 0.04718326 0.00242179
v -0.01019595 0.04718326 0.00242179
v 0.00447093 0.08998604 0.01609677
v 0.00447093 0.08998604 0.01609677
v 0.00447093 0.08998604 0.01609677
v -0.01326827 0.03349678 0.01108240
v -0.01326827 0.03349678 0.01108240
v -0.00394043 0.04823930 0.01653881
v -0.02445703 -0.07014492 0.01675239
v -0.01657788 0.04480424 0.01583487
v -0.01648933 -0.07669779 0.00284693
v 0.01424165 -0.07548185 0.00258255
v -0.01321578 -0.06664629 0.00739683
v -0.01123056 -0.00635378 0.00529595
v -0.01123056 -0.00635378 0.00529595
v -0.00803099 0.04566355 0.01966517
v -0.00604235 0.03723761 0.00220604
v -0.00604235 0.03723761 0.00220604
v -0.00770288 0.04647641 0.01672154
v -0.00162267 0.03850677 0.01888364
v 0.01602852 0.04989456 0.00505718
v -0.00014590 0.08091347 0.01651424
v -0.00014590 0.08091347 0.01651424
v 0.00247892 0.07117246 0.01617244
v 0.00247892 0.07117246 0.01617244
v -0.01128300 -0.07551155 0.01616857
v 0.00442526 0.00623644 0.01959383
v -0.01479017 0.03621428 0.01420118
v 0.01154326 -0.07474501 0.00691071
v -0.00142205 0.03876545 0.00321087
v -0.02185921 0.01697953 0.00807898
v -0.02185921 0.01697953 0.00807898
v -0.02922397 -0.02479887 0.00715939
v -0.01290754 -0.08805583 0.01633408
v -0.01048945 -0.08536868 0.01738772
v -0.01639616 -0.06774426 0.00338154
v 0.01642460 0.04988775 0.00810920
v -0.00012023 0.08256218 0.00444499
v -0.00012023 0.08256218 0.00444499
v -0.00592200 0.04999353 0.00467513
v -0.00592200 0.04999353 0.00467513
v -0.01235786 0.07607226 0.01710838
v -0.01235786 0.07607226 0.01710838
v 0.01568397 -0.05813806 0.01324133
v -0.00978302 0.00143413 0.00058873
v -0.00833793 0.05326924 0.00481411
v -0.00833793 0.05326924 0.00481411
v -0.00012167 0.07896540 0.01651075
v -0.00012167 0.07896540 0.01651075
v 0.01290316 0.01541577 0.01813383
v -0.01381706 0.00325893 0.00101502
v 0.01787953 -0.08567143 0.00281143
v 0.00142865 0.05655164 0.01640817
v 0.00142865 0.05655164 0.01640817
v -0.00262603 0.05414481 0.00453457
v -0.00262603 0.05414481 0.00453457
v 0.01981867 -0.02547653 0.00286408
v 0.00931896 -0.08206348 0.00694263
v -0.00048224 0.04728295 0.01916096
v 0.00396318 0.00479225 0.00561022
v 0.01201602 0.03315550 0.00981947
v 0.01201602 0.03315550 0.00981947
v -0.01514462 0.01491525 0.00278118
v -0.01683827 -0.05172567 0.01606835
v 0.00452815 0.03955399 0.01623587
v 0.00452815 0.03955399 0.01623587
v 0.00563247 0.05346257 0.01619803
v 0.00563247 0.05346257 0.01619803
v -0.02266729 -0.04426538 0.01851025
v -0.01517528 0.06902698 0.00915586
v -0.01517528 0.06902698 0.00915586
v -0.01336356 0.04861842 0.00803516
v -0.01083299 0.04622102 0.00245195
v -0.01083299 0.04622102 0.00245195
v -0.01345914 -0.08804259 0.00510452
v 0.00124662 0.00000031 0.01282702
v 0.00124662 0.00000031 0.01282702
v 0.00124662 0.00000031 0.01282702
v 0.00124662 0.00000031 0.01282702
v 0.00230277 0.04839554 0.01033512
v 0.00230277 0.04839554 0.01033512
v 0.00570320 0.00709980 0.00499934
v -0.01755773 0.05780500 0.01282684
v 0.00906872 0.01064685 0.00556276
v 0.01070729 -0.00397314 0.01216638
v 0.01070729 -0.00397314 0.01216638
v 0.02354589 -0.08384289 0.01249047
v -0.01183460 -0.07549831 0.00493901
v -0.02164120 -0.07797573 0.01669825
v 0.00180223 0.07670126 0.01621219
v 0.00180223 0.07670126 0.01621219
v -0.00040203 0.04220024 0.01623296
v -0.01807662 -0.08803644 0.01555460
v -0.01017551 0.04718276 0.00283793
v -0.01017551 0.04718276 0.00283793
v -0.01017551 0.04718276 0.00283793
v 0.01642142 0.05320555 0.00962675
v 0.01642142 0.05320555 0.00962675
v 0.01648237 0.05807874 0.00811602
v 0.01108969 -0.01537652 0.00601919
v -0.00683184 0.04083091 0.01654718
v -0.02873802 -0.05293566 0.01667336
v -0.00390494 0.04368937 0.01996982
v 0.02832080 -0.03302657 0.00451477
v 0.01495880 -0.07549906 0.01718269
v -0.00051710 0.08535569 0.01653771
v -0.00051710 0.08535569 0.01653771
v -0.01738987 -0.05171243 0.00483879
v 0.02961488 -0.05182369 0.01518585
v 0.01096892 0.07877650 0.00687550
v -0.00801235 0.04858956 0.00443102
v -0.00801235 0.04858956 0.00443102
v 0.00182214 0.04499311 0.00305886
v -0.00253274 0.03941909 0.01658255
v -0.00253274 0.03941909 0.01658255
v -0.01809162 0.01625546 0.01135127
v -0.00122048 0.04093812 0.01627167
v 0.00992070 -0.01587894 0.01168580
v 0.00992070 -0.01587894 0.01168580
v 0.01514401 0.06783206 0.00970820
v 0.01514401 0.06783206 0.00970820
v 0.01514401 0.06783206 0.00970820
v -0.00355901 0.03736029 0.00208420
v -0.00355901 0.03736029 0.00208420
v -0.01721373 0.05780509 0.01588143
v -0.01480482 0.06789564 0.01721894
v -0.01480482 0.06789564 0.01721894
v -0.00536089 0.04806267 0.01660838
v 0.01694720 -0.07606023 0.00180027
v 0.02332780 -0.01244347 0.00802744
v 0.00549483 -0.00727251 0.01227519
v 0.00549483 -0.00727251 0.01227519
v -0.01595438 0.00003766 0.00489092
v -0.01595438 0.00003766 0.00489092
v -0.00517443 0.08989895 0.01053709
v -0.00517443 0.08989895 0.01053709
v 0.00009298 0.07906356 0.01629894
v 0.00009298 0.07906356 0.01629894
v -0.00017934 0.07868144 0.00444332
v -0.00017934 0.07868144 0.00444332
v 0.01564142 -0.05088026 0.01027181
v 0.01564142 -0.05088026 0.01027181
v 0.00979536 0.01062941 0.02035595
v -0.01149348 -0.08296307 0.00329319
v 0.01584984 0.06319326 0.00815312
v 0.01475338 -0.00429662 0.00462980
v 0.00194818 0.05402722 0.01637967
v 0.00194818 0.05402722 0.01637967
v 0.02186231 -0.01286899 0.01684346
v -0.00244900 0.04007119 0.01633100
v 0.02041200 -0.00211958 0.00863506
v 0.01407387 -0.06613994 0.01317359
v 0.01273407 0.01530604 0.00954218
v 0.01273407 0.01530604 0.00954218
v 0.02573682 -0.05973569 0.01689827
v 0.00281877 0.00303775 0.00658401
v -0.00421590 0.07026487 0.00483306
v -0.00421590 0.07026487 0.00483306
v 0.00125057 -0.00080805 0.00965729
v -0.00788343 0.04109476 0.01672407
v 0.01113672 0.07877482 0.00840300
v 0.01356038 -0.01485622 0.01886444
v 0.01288778 0.07510349 0.00994127
v 0.03133846 -0.05189658 0.00633831
v -0.00209965 0.05666786 0.00451169
v -0.00209965 0.05666786 0.00451169
v -0.00047386 0.08005151 0.00445941
v -0.00047386 0.08005151 0.00445941
v -0.00045910 0.08102552 0.00445983
v -0.00045910 0.08102552 0.00445983
v -0.02928962 -0.05292242 0.00544380
v -0.01271330 -0.01582356 0.00353623
v 0.00600279 0.04058175 0.01616465
v 0.00600279 0.04058175 0.01616465
v 0.02312645 -0.02474263 0.00336796
v -0.02455090 -0.02564734 0.00277635
v 0.00979973 -0.00597578 0.01552894
v 0.00979973 -0.00597578 0.01552894
v 0.00041502 0.03945569 0.01822661
v 0.00041502 0.03945569 0.01822661
v 0.01175526 0.04845578 0.01589137
v 0.01175526 0.04845578 0.01589137
v -0.00859551 0.04179881 0.01688316
v -0.00859551 0.04179881 0.01688316
v -0.01680619 0.04480312 0.01431034
v -0.01374485 -0.07601527 0.00334817
v -0.00458295 0.03904163 0.01066232
v -0.00458295 0.03904163 0.01066232
v 0.00050573 0.08545279 0.01628620
v 0.00050573 0.08545279 0.01628620
v -0.01545667 0.06791020 0.01427130
v -0.03206774 -0.04442515 0.00788050
v -0.00147337 0.03812312 0.01831780
v -0.00147337 0.03812312 0.01831780
v 0.00066286 -0.00264189 0.01273812
v 0.00066286 -0.00264189 0.01273812
v 0.00220928 0.07485008 0.00432147
v 0.00220928 0.07485008 0.00432147
v -0.00182128 0.04895949 0.01890573
v -0.00724707 0.00821406 0.01499288
v -0.00954121 0.04118149 0.01871770
v -0.00954121 0.04118149 0.01871770
v 0.02848073 -0.02371595 0.01358906
v -0.00054148 0.08728709 0.01654118
v -0.00054148 0.08728709 0.01654118
v -0.00311057 0.07109450 0.00477974
v -0.00311057 0.07109450 0.00477974
v 0.00998973 0.05254948 0.01300325
v -0.01966098 -0.05198329 0.00326586
v -0.00418291 0.04979966 0.01668581
v -0.00418291 0.04979966 0.01668581
v -0.01538115 0.06788671 0.01122848
v -0.01538115 0.06788671 0.01122848
v -0.01538115 0.06788671 0.01122848
v -0.00828906 0.03820055 0.00477750
v -0.00828906 0.03820055 0.00477750
v 0.01924054 -0.05124303 0.00276682
v -0.01917196 -0.08873863 0.00834178
v 0.01074062 0.07878164 0.00535098
v -0.01195065 0.07849419 0.00719435
v -0.00168672 0.04935092 0.01834151
v -0.00168672 0.04935092 0.01834151
v -0.01099026 -0.00626321 0.00868886
v -0.01099026 -0.00626321 0.00868886
v -0.00829752 0.03929299 0.01687553
v -0.00829752 0.03929299 0.01687553
v -0.00044040 0.04494787 0.00121210
v -0.00044040 0.04494787 0.00121210
v 0.01547053 -0.00431385 0.01922994
v 0.00221545 0.06039826 0.01035435
v 0.00221545 0.06039826 0.01035435
v 0.00221545 0.06039826 0.01035435
v -0.01205511 0.05156127 0.00797436
v 0.00025092 0.04809144 0.01824485
v 0.00025092 0.04809144 0.01824485
v 0.01723833 0.00457376 0.00896894
v 0.01723833 0.00457376 0.00896894
v 0.00025668 0.08986967 0.01630364
v 0.00025668 0.08986967 0.01630364
v 0.00025668 0.08986967 0.01630364
v -0.01150364 -0.01614475 0.00598650
v -0.00880352 -0.08647052 0.01509344
v -0.00712247 -0.00475306 0.00468241
v -0.00712247 -0.00475306 0.00468241
v 0.01886251 -0.03507380 0.00323024
v -0.01070883 -0.00763666 0.00141825
v 0.02628828 -0.04331936 0.00261928
v -0.00386369 0.03758477 0.01843458
v -0.00386369 0.03758477 0.01843458
v -0.00386369 0.03758477 0.01843458
v -0.00978335 -0.08888756 0.01055564
v -0.00978335 -0.08888756 0.01055564
v -0.00148232 0.03876690 0.00198385
v -0.00148232 0.03876690 0.00198385
v -0.00148232 0.03876690 0.00198385
v -0.02480948 -0.01335496 0.00652061
v -0.00146558 0.03876649 0.00232462
v -0.00146558 0.03876649 0.00232462
v -0.00146558 0.03876649 0.00232462
v -0.00023071 0.08773173 0.01652644
v -0.00023071 0.08773173 0.01652644
v 0.02945689 -0.04326001 0.00415312
v -0.00080018 0.08677166 0.00468474
v -0.00080018 0.08677166 0.00468474
v -0.02344736 -0.04424666 0.00262923
v -0.01708890 0.01424665 0.00236895
v -0.00592180 0.03723472 0.00466008
v -0.00592180 0.03723472 0.00466008
v -0.00038532 0.08589553 0.00446194
v -0.00038532 0.08589553 0.00446194
v 0.01115398 0.07877628 0.01406381
v -0.00151130 0.04373537 0.01972922
v -0.01588325 0.00493331 0.00513834
v -0.01588325 0.00493331 0.00513834
v -0.01918037 -0.03582677 0.01747092
v -0.00120341 0.04692910 0.01050561
v -0.00120341 0.04692910 0.01050561
v -0.00120341 0.04692910 0.01050561
v -0.01269088 -0.06648593 0.01050055
v -0.01269088 -0.06648593 0.01050055
v -0.00468286 0.04825712 0.00142439
v -0.00468286 0.04825712 0.00142439
v -0.00395662 0.04609208 0.01985212
v -0.01720793 0.05781487 0.01130460
v -0.01720793 0.05781487 0.01130460
v 0.01657683 -0.06711602 0.00258431
v 0.01494762 0.04522282 0.00366083
v 0.01494762 0.04522282 0.00366083
v 0.00038585 0.04377230 0.01931219
v -0.00045630 0.08051139 0.01652901
v -0.00045630 0.08051139 0.01652901
v 0.01564451 0.04520932 0.00814200
v 0.02665304 -0.05168499 0.01702526
v 0.00047836 0.04350788 0.01631618
v -0.01358396 -0.08347618 0.01867586
v 0.01427736 0.00058873 0.01596134
v 0.01427736 0.00058873 0.01596134
v 0.01948609 -0.04339690 0.00295468
v -0.00840258 0.03806773 0.00355293
v -0.00020648 0.08578367 0.01652295
v -0.00020648 0.08578367 0.01652295
v -0.00077595 0.08482359 0.00468125
v -0.00077595 0.08482359 0.00468125
v -0.00101359 0.07858411 0.00468557
v -0.00101359 0.07858411 0.00468557
v 0.00278874 0.00420582 0.00705528
v -0.00075172 0.08287550 0.00467776
v -0.00075172 0.08287550 0.00467776
v -0.01010691 0.03999989 0.00486891
v -0.01010691 0.03999989 0.00486891
v 0.00360911 -0.00059502 0.01623368
v 0.00360911 -0.00059502 0.01623368
v 0.00388935 0.09000000 0.00425681
v 0.00388935 0.09000000 0.00425681
v 0.00388935 0.09000000 0.00425681
v -0.02568019 -0.03463287 0.01775135
v 0.00768628 -0.00820508 0.01775292
v -0.01454621 -0.05859773 0.01046392
v -0.01454621 -0.05859773 0.01046392
v -0.01084539 0.04669203 0.00368310
v -0.01084539 0.04669203 0.00368310
v 0.00022578 0.08782957 0.01630275
v 0.00022578 0.08782957 0.01630275
v 0.01857872 -0.00299440 0.01744647
v 0.01627313 -0.01417173 0.01939944
v -0.00168349 0.05568459 0.01051900
v -0.00168349 0.05568459 0.01051900
v -0.00804736 0.04361776 0.01661017
v -0.00290702 0.06054031 0.01058482
v -0.00290702 0.06054031 0.01058482
v -0.00290702 0.06054031 0.01058482
v -0.01616211 0.00549012 0.00811499
v -0.00844530 0.04649423 0.00160712
v -0.00844530 0.04649423 0.00160712
v 0.00129884 0.07556678 0.01623558
v 0.00129884 0.07556678 0.01623558
v -0.00565304 0.03935499 0.01661246
v -0.00367357 -0.00052939 0.00364108
v 0.01272763 -0.08492604 0.01669576
v -0.00539854 0.05036789 0.00386673
v -0.00539854 0.05036789 0.00386673
v -0.00291044 -0.00006853 0.00802377
v -0.00291044 -0.00006853 0.00802377
v -0.00291044 -0.00006853 0.00802377
v -0.00291044 -0.00006853 0.00802377
v 0.02020326 -0.04341411 0.01755482
v -0.01300267 0.07606948 0.01262463
v -0.01197425 0.05028468 0.00498921
v -0.01197425 0.05028468 0.00498921
v 0.01831973 -0.08330077 0.00230266
v -0.01627586 -0.08635185 0.01767610
v -0.00505159 0.08991320 0.00489727
v -0.00505159 0.08991320 0.00489727
v -0.00505159 0.08991320 0.00489727
v 0.00101026 0.05558287 0.01040708
v 0.00101026 0.05558287 0.01040708
v -0.00605590 0.04771783 0.01957057
v -0.01744204 0.05780399 0.01435690
v -0.00015801 0.08188752 0.01651598
v -0.00015801 0.08188752 0.01651598
v 0.01408680 0.01575384 0.01300578
v 0.01408680 0.01575384 0.01300578
v 0.01408680 0.01575384 0.01300578
v 0.01408680 0.01575384 0.01300578
v -0.00072748 0.08092744 0.00467427
v -0.00072748 0.08092744 0.00467427
v -0.00128219 0.04727476 0.01640710
v -0.00233060 0.05413770 0.01054896
v -0.00233060 0.05413770 0.01054896
v 0.01595971 -0.03599946 0.01379571
v 0.01013760 -0.01573894 0.00854869
v -0.01393056 -0.00199265 0.00864293
v -0.01393056 -0.00199265 0.00864293
v 0.00880338 0.08302914 0.00852263
v -0.01130405 0.07847539 0.01705946
v -0.01130405 0.07847539 0.01705946
v -0.01956621 -0.07740052 0.00364586
v -0.00329405 -0.00029553 0.00518246
v -0.01761248 0.05286965 0.01435946
v -0.00839515 0.04522204 0.01675407
v -0.00557127 0.04001154 0.01648429
v -0.01627707 0.04480694 0.01726403
v -0.01627707 0.04480694 0.01726403
v 0.00020711 0.04210074 0.01632784
v 0.00377709 0.00625200 0.00639804
v -0.02198112 -0.00293268 0.01220520
v -0.00013378 0.07993943 0.01651249
v -0.00013378 0.07993943 0.01651249
v -0.00070325 0.07897936 0.00467079
v -0.00070325 0.07897936 0.00467079
v -0.00518917 0.00406483 0.00203769
v 0.03027088 -0.06029424 0.00621338
v 0.00419015 0.08999330 0.00568596
v 0.00419015 0.08999330 0.00568596
v -0.01566098 -0.05154123 0.01351059
v 0.01462579 0.06918467 0.01196461
v 0.01462579 0.06918467 0.01196461
v -0.01089645 -0.00636179 0.01209777
v -0.01089645 -0.00636179 0.01209777
v 0.00932743 -0.00729392 0.01940114
v -0.00269459 0.04793634 0.01660054
v -0.00269459 0.04793634 0.01660054
v 0.00100444 0.03948667 0.01640888
v 0.00100444 0.03948667 0.01640888
v 0.00155735 -0.00081541 0.01590265
v 0.01474980 -0.06652651 0.00437351
v 0.02498613 -0.07740404 0.00621666
v 0.00514454 0.00087895 0.01999384
v -0.00011171 0.04376937 0.01622055
v -0.00479291 0.05022751 0.00461995
v -0.00479291 0.05022751 0.00461995
v 0.00469872 0.08998926 0.01251279
v 0.00469872 0.08998926 0.01251279
v 0.00053533 0.08738412 0.01628702
v 0.00053533 0.08738412 0.01628702
v -0.00153070 0.03986757 0.01641057
v -0.02128050 -0.02625566 0.00199652
v -0.00456757 0.03712341 0.00459343
v -0.00456757 0.03712341 0.00459343
v 0.01307768 0.01529780 0.01653743
v 0.01307768 0.01529780 0.01653743
v 0.00460351 0.08998795 0.01439879
v 0.00460351 0.08998795 0.01439879
v 0.02064366 -0.08579810 0.00418571
v -0.01098633 0.08054784 0.00894975
v 0.01808945 -0.08934293 0.00959105
v 0.01808945 -0.08934293 0.00959105
v 0.00697239 0.04209625 0.01611881
v 0.00697239 0.04209625 0.01611881
v -0.01866954 -0.05948797 0.00336343
v -0.00608346 0.03842154 0.01910266
v 0.00122065 0.07671523 0.00437223
v 0.00122065 0.07671523 0.00437223
v -0.00752603 -0.08480802 0.01333791
v -0.01852700 -0.08802563 0.00638571
v 0.01431987 0.01483305 0.00731384
v -0.00866640 0.04381490 0.01676573
v -0.00511658 0.08991804 0.00686825
v -0.00511658 0.08991804 0.00686825
v 0.00882064 0.08303063 0.01418344
v 0.01421890 -0.02710953 0.01417683
v -0.02561818 -0.05268073 0.01820537
v -0.01160920 0.05155142 0.00948819
v 0.02314675 -0.05148419 0.01784570
v -0.00180423 0.05666076 0.01052608
v -0.00180423 0.05666076 0.01052608
v -0.00786410 0.04032953 0.01082501
v -0.00786410 0.04032953 0.01082501
v -0.00921488 0.04582386 0.01926521
v -0.00610566 0.00147548 0.01543911
v 0.01903520 0.00738965 0.00918185
v 0.01381945 0.07148926 0.00672689
v -0.01436403 -0.08345746 0.00279487
v -0.00610332 0.04808049 0.00149396
v -0.00610332 0.04808049 0.00149396
v -0.01842573 -0.06861267 0.01876924
v -0.00801619 0.00784641 0.01162937
v -0.00801619 0.00784641 0.01162937
v 0.01509733 -0.05803377 0.01014063
v 0.01509733 -0.05803377 0.01014063
v 0.01004195 -0.08658816 0.01267732
v 0.01582555 0.06322007 0.00966822
v 0.01582555 0.06322007 0.00966822
v 0.01578703 -0.04341230 0.01045592
v 0.01578703 -0.04341230 0.01045592
v 0.00587892 0.04710057 0.01617843
v 0.00587892 0.04710057 0.01617843
v 0.01690581 0.00316159 0.01219937
v 0.01690581 0.00316159 0.01219937
v 0.00069449 0.04017106 0.00392140
v 0.00069449 0.04017106 0.00392140
v -0.01567900 -0.06776147 0.01798169
v -0.01290887 -0.06665367 0.01364519
v -0.00044415 0.07954095 0.01652727
v -0.00044415 0.07954095 0.01652727
v 0.01098824 0.01349533 0.01668688
v 0.01098824 0.01349533 0.01668688
v -0.01361807 0.03348692 0.01260465
v -0.01456352 0.03621940 0.01572580
v -0.01079070 0.08054077 0.01405700
v -0.00725564 -0.08491942 0.01041448
v -0.00725564 -0.08491942 0.01041448
v 0.01700798 0.01817544 0.01299598
v 0.01700798 0.01817544 0.01299598
v 0.02906329 -0.05181044 0.00395630
v 0.01549305 -0.01415300 0.00351843
v -0.00604255 0.04999643 0.00222109
v -0.00604255 0.04999643 0.00222109
v -0.01680576 -0.08400180 0.01819484
v -0.00108651 0.08440222 0.00469601
v -0.00108651 0.08440222 0.00469601
v 0.00468035 0.00477504 0.02021037
v -0.00763289 0.00682340 0.01588100
v -0.01426583 -0.02777099 0.00966605
v -0.01426583 -0.02777099 0.00966605
v -0.00046143 0.04532628 0.01623956
v -0.00348768 0.07242995 0.01666838
v -0.00348768 0.07242995 0.01666838
v -0.00862586 0.04111258 0.00160965
v -0.00862586 0.04111258 0.00160965
v -0.00815034 0.00845113 0.00074122
v -0.01854872 0.00543632 0.00288243
v -0.00895757 0.04533385 0.01088462
v -0.00895757 0.04533385 0.01088462
v -0.00052928 0.08632208 0.01653945
v -0.00052928 0.08632208 0.01653945
v -0.00046845 0.08148145 0.01653075
v -0.00046845 0.08148145 0.01653075
v 0.01225586 -0.08251034 0.00260800
v 0.01953405 0.01775602 0.01284533
v 0.01953405 0.01775602 0.01284533
v -0.01722890 0.04931902 0.01129561
v -0.01722890 0.04931902 0.01129561
v -0.00048861 0.07907751 0.00445898
v -0.00048861 0.07907751 0.00445898
v -0.01482180 -0.05871852 0.01361113
v -0.01772818 0.05287067 0.01282939
v 0.00728933 0.04386692 0.01610533
v 0.00728933 0.04386692 0.01610533
v -0.00090840 0.04692202 0.01651161
v -0.00090840 0.04692202 0.01651161
v -0.00090840 0.04692202 0.01651161
v -0.01009585 0.04718085 0.00445969
v -0.01009585 0.04718085 0.00445969
v -0.01009585 0.04718085 0.00445969
v -0.00971968 0.04598870 0.01695329
v -0.00971968 0.04598870 0.01695329
v -0.01633985 0.01518644 0.00791051
v -0.01633985 0.01518644 0.00791051
v -0.01633985 0.01518644 0.00791051
v -0.01633985 0.01518644 0.00791051
v 0.00954380 0.05254420 0.01148940
v -0.01539961 0.03906867 0.01119367
v -0.01539961 0.03906867 0.01119367
v 0.00471160 0.08998893 0.01036044
v 0.00471160 0.08998893 0.01036044
v 0.01364114 0.03693587 0.00823065
v -0.01202851 0.07847872 0.00896547
v 0.00957188 -0.08681534 0.01002522
v 0.00957188 -0.08681534 0.01002522
v -0.01963643 -0.08442541 0.01664661
v 0.01091384 -0.00401179 0.01577071
v 0.01091384 -0.00401179 0.01577071
v -0.00799544 0.04858916 0.00477532
v -0.00799544 0.04858916 0.00477532
v 0.01390913 0.00059757 0.00846493
v 0.01390913 0.00059757 0.00846493
v 0.01102141 0.07877437 0.01576179
v 0.01102141 0.07877437 0.01576179
v 0.01749236 -0.08760999 0.00432897
v -0.00363431 0.07025090 0.01667302
v -0.00363431 0.07025090 0.01667302
v 0.00113364 0.05655872 0.01040217
v 0.00113364 0.05655872 0.01040217
v 0.02344749 -0.04338812 0.01803658
v 0.01513008 -0.08752105 0.01537553
v 0.00081525 0.04743992 0.00311120
v -0.00687924 -0.00749976 0.00854454
v -0.00687924 -0.00749976 0.00854454
v 0.00012249 0.08101156 0.01629978
v 0.00012249 0.08101156 0.01629978
v -0.00133700 0.07547178 0.01656633
v -0.00133700 0.07547178 0.01656633
v 0.00892873 0.08303160 0.01014509
v 0.00062590 0.04735394 0.00189042
v 0.00062590 0.04735394 0.00189042
v 0.00285968 0.07253332 0.00428679
v 0.00285968 0.07253332 0.00428679
v 0.01556564 0.04522190 0.00965937
v 0.01556564 0.04522190 0.00965937
v -0.02007493 0.00387221 0.00543083
v -0.02007493 0.00387221 0.00543083
v -0.01392651 0.07359719 0.00728373
v -0.00030461 0.04622802 0.01635785
v -0.02050042 -0.02627440 0.01787754
v -0.01746301 0.04930813 0.01434791
v 0.00946563 -0.00596775 0.00872712
v 0.00946563 -0.00596775 0.00872712
v 0.00533745 0.05346966 0.01019204
v 0.00533745 0.05346966 0.01019204
v -0.00282715 0.03926011 0.01647354
v -0.01874330 0.00264938 0.00513464
v -0.01874330 0.00264938 0.00513464
v 0.01501374 0.06778603 0.00819961
v -0.01451350 0.07127239 0.00726263
v 0.00130528 0.05557579 0.01641308
v 0.00130528 0.05557579 0.01641308
v 0.00044657 0.08157868 0.01628454
v 0.00044657 0.08157868 0.01628454
v 0.02109414 -0.08829919 0.00944898
v 0.02109414 -0.08829919 0.00944898
v 0.02013392 -0.06787765 0.01767440
v -0.00926589 -0.00932680 0.00873674
v -0.00926589 -0.00932680 0.00873674
v -0.00926589 -0.00932680 0.00873674
v -0.00926589 -0.00932680 0.00873674
v -0.00177389 0.04935301 0.01656695
v -0.00177389 0.04935301 0.01656695
v -0.01589884 0.00532611 0.00964259
v -0.00365364 0.06897890 0.00480546
v -0.00365364 0.06897890 0.00480546
v -0.00365364 0.06897890 0.00480546
v 0.02817380 -0.02370858 0.00734070
v -0.00112307 0.08730105 0.00470122
v -0.00112307 0.08730105 0.00470122
v -0.01660815 -0.01479204 0.01727136
v 0.01568184 0.06319491 0.00662563
v -0.01113970 0.05154173 0.00494970
v -0.01113970 0.05154173 0.00494970
v -0.00042959 0.08297351 0.00446068
v -0.00042959 0.08297351 0.00446068
v 0.00211934 0.04380770 0.01814803
v 0.00211934 0.04380770 0.01814803
v 0.01190596 0.05015770 0.01444205
v -0.00352207 0.05371968 0.00457808
v -0.00352207 0.05371968 0.00457808
v -0.00348146 0.05027747 0.00332561
v -0.01300440 0.07609107 0.00723561
v 0.02753137 -0.06954906 0.00619199
v 0.00215114 0.00152265 0.01672049
v 0.00215114 0.00152265 0.01672049
v -0.03122434 -0.03377924 0.00754614
v -0.01244375 0.05029436 0.00952770
v -0.01167882 0.05027758 0.01100359
v -0.01167882 0.05027758 0.01100359
v -0.01051019 0.01172120 0.01442578
v -0.00602211 0.04999593 0.00263723
v -0.00602211 0.04999593 0.00263723
v 0.01457038 -0.08942326 0.00976376
v 0.01457038 -0.08942326 0.00976376
v -0.00032490 0.08988362 0.00446368
v -0.00032490 0.08988362 0.00446368
v -0.00032490 0.08988362 0.00446368
v -0.00026407 0.04352571 0.00120176
v -0.00026407 0.04352571 0.00120176
v -0.01708337 0.05287346 0.01731315
v -0.01708337 0.05287346 0.01731315
v -0.00997095 -0.00830229 0.01179963
v -0.00997095 -0.00830229 0.01179963
v -0.00892039 0.00270900 0.01581564
v 0.01297302 -0.08252756 0.01720814
v -0.00551606 0.00424299 0.00419304
v -0.00551606 0.00424299 0.00419304
v -0.00459634 0.00288060 0.01427943
v -0.01016594 0.04357674 0.01697237
v -0.01016594 0.04357674 0.01697237
v 0.02384362 -0.02475985 0.01796810
v -0.00775704 0.04518689 0.01659776
v 0.00184708 0.04239101 0.00305456
v -0.01558615 0.00002882 0.01238732
v -0.01558615 0.00002882 0.01238732
v -0.01791388 0.00590813 0.01408502
v 0.03164538 -0.05190396 0.01258667
v -0.01269975 -0.00636585 0.01673590
v -0.01115711 -0.08535266 0.00379546
v 0.00047614 0.08351714 0.01628537
v 0.00047614 0.08351714 0.01628537
v -0.00761107 -0.08232479 0.01041653
v -0.00761107 -0.08232479 0.01041653
v -0.01302768 -0.07603249 0.01794831
v 0.00448492 0.00629073 0.00923320
v 0.00448492 0.00629073 0.00923320
v 0.02844994 -0.06969310 0.00927633
v 0.02844994 -0.06969310 0.00927633
v 0.00018151 0.08490758 0.01630148
v 0.00018151 0.08490758 0.01630148
v 0.00059439 0.04017346 0.00188350
v 0.00059439 0.04017346 0.00188350
v -0.00241890 0.07662153 0.00475228
v -0.00241890 0.07662153 0.00475228
v 0.01086769 -0.08609562 0.01456187
v 0.02071892 -0.00212695 0.01488343
v -0.01650839 0.06285346 0.01585273
v -0.02228803 -0.00292531 0.00595683
v -0.00639546 0.03937281 0.00149804
v -0.00639546 0.03937281 0.00149804
v -0.00544233 0.05036894 0.00297518
v -0.00544233 0.05036894 0.00297518
v 0.01666490 0.00607353 0.01799282
v -0.00913758 0.04523986 0.00163965
v -0.00913758 0.04523986 0.00163965
v 0.02011141 -0.07664368 0.00227947
v 0.02599076 -0.06918270 0.01503381
v 0.00071726 0.07558074 0.00439562
v 0.00071726 0.07558074 0.00439562
v 0.02142007 -0.00180817 0.01173142
v 0.02142007 -0.00180817 0.01173142
v -0.00618854 0.04588010 0.01986465
v -0.01692188 0.04480416 0.01278028
v 0.03276085 -0.04319000 0.00961974
v 0.03276085 -0.04319000 0.00961974
v 0.00787989 0.01084714 0.00929067
v 0.00787989 0.01084714 0.00929067
v 0.00907426 0.05252569 0.01602786
v 0.00907426 0.05252569 0.01602786
v 0.01524843 0.04521613 0.00508998
v -0.00076383 0.08384955 0.00467951
v -0.00076383 0.08384955 0.00467951
v -0.00638509 0.00607909 0.01164387
v -0.00638509 0.00607909 0.01164387
v 0.02783829 -0.06955643 0.01244035
v -0.00676071 -0.00490612 0.00764871
v -0.00526415 0.05047230 0.00341340
v -0.00526415 0.05047230 0.00341340
v 0.00030203 0.04493005 0.01632652
v -0.00384479 0.03937202 0.01951482
v -0.00035581 0.08784353 0.00446279
v -0.00035581 0.08784353 0.00446279
v 0.00165317 0.05403431 0.01037368
v 0.00165317 0.05403431 0.01037368
v 0.01133839 -0.07464017 0.01005391
v 0.01133839 -0.07464017 0.01005391
v -0.01188564 0.07848936 0.00521949
v -0.01188564 0.07848936 0.00521949
v -0.00621831 0.04786901 0.01677355
v -0.00621831 0.04786901 0.01677355
v -0.00840961 0.03820344 0.00232346
v -0.00840961 0.03820344 0.00232346
v -0.00183732 0.07660757 0.01659224
v -0.00183732 0.07660757 0.01659224
v 0.02910910 -0.02354602 0.01043207
v 0.02910910 -0.02354602 0.01043207
v -0.01215273 0.04859179 0.01102489
v -0.01215273 0.04859179 0.01102489
v -0.00814413 -0.00896521 0.00553601
v -0.00756908 0.04032245 0.01683100
v -0.00756908 0.04032245 0.01683100
v 0.00497471 -0.00603241 0.01361593
v -0.01200856 0.07847507 0.01087043
v 0.01391378 0.07130284 0.01570290
v 0.01391378 0.07130284 0.01570290
v 0.01391378 0.07130284 0.01570290
v 0.00977991 -0.08658187 0.00734280
v 0.01036234 -0.08223133 0.00439310
v 0.00863558 0.08303085 0.00699514
v -0.00053532 0.04211857 0.00121343
v -0.00053532 0.04211857 0.00121343
v -0.00407578 0.00045352 0.01393198
v -0.00043201 0.07857014 0.01652553
v -0.00043201 0.07857014 0.01652553
v 0.01957967 -0.03509102 0.01783040
v 0.01625681 0.04988944 0.00658170
v -0.00999167 -0.00765388 0.01601840
v 0.02700544 -0.04333657 0.01721942
v -0.00511482 0.08989646 0.01225349
v -0.00511482 0.08989646 0.01225349
v 0.00026327 -0.00132912 0.01281135
v 0.00026327 -0.00132912 0.01281135
v -0.00006106 0.08643310 0.00444665
v -0.00006106 0.08643310 0.00444665
v 0.00570778 0.04058882 0.01015866
v 0.00570778 0.04058882 0.01015866
v -0.00631064 0.04364367 0.01996486
v 0.00615966 0.00868206 0.02014591
v -0.01484355 -0.02764569 0.00655843
v 0.01403503 0.07135548 0.01395713
v -0.00461075 0.00405094 0.01381310
v 0.00904066 0.01208162 0.01967125
v -0.01175971 0.05155504 0.00642410
v 0.00259778 0.04838846 0.01634111
v 0.00259778 0.04838846 0.01634111
v 0.01251524 -0.00150553 0.01593449
v 0.01251524 -0.00150553 0.01593449
v -0.00227313 0.03988539 0.00129615
v -0.00227313 0.03988539 0.00129615
v 0.02659250 -0.02414710 0.01616408
v -0.00106219 0.08246496 0.00469253
v -0.00106219 0.08246496 0.00469253
v 0.02019353 -0.08730613 0.01409484
v -0.01096652 0.08054415 0.01087154
v -0.00048517 0.04084638 0.01636037
v -0.01890993 -0.08874491 0.01367630
v -0.01674796 0.06285213 0.01432876
v -0.01119672 -0.01615212 0.01223487
v -0.00071537 0.07995339 0.00467254
v -0.00071537 0.07995339 0.00467254
v -0.01442743 -0.06708219 0.00496558
v -0.01618191 -0.02732383 0.00411624
v 0.02266741 -0.04336938 0.00215556
v 0.01435720 0.03977729 0.00971231
v 0.01435720 0.03977729 0.00971231
v -0.00069113 0.07800532 0.00466905
v -0.00069113 0.07800532 0.00466905
v 0.02805840 -0.06006830 0.00383045
v 0.01903689 -0.08331799 0.01690280
v 0.01801260 0.01701220 0.00974745
v 0.00171651 0.07352006 0.00434411
v 0.00171651 0.07352006 0.00434411
v 0.00123181 0.04055468 0.00352948
v 0.00123181 0.04055468 0.00352948
v 0.01594297 -0.05092720 0.00712387
v -0.01465140 -0.01535651 0.00192267
v -0.01648885 -0.05902049 0.00493810
v 0.01099090 0.05014989 0.00991042
v 0.01099090 0.05014989 0.00991042
v -0.01327992 0.07357840 0.01715073
v -0.01327992 0.07357840 0.01715073
v 0.00061483 0.04017297 0.00229964
v 0.00061483 0.04017297 0.00229964
v 0.01572771 0.04990126 0.00362803
v 0.01572771 0.04990126 0.00362803
v -0.00164289 0.04149917 0.01963620
v -0.01071245 0.04621812 0.00490599
v -0.01071245 0.04621812 0.00490599
v 0.01199197 -0.08688988 0.00460424
v -0.01723470 0.04930924 0.01587244
v -0.01350238 0.03348589 0.01413471
v 0.03082079 -0.03261213 0.01316454
v -0.00940883 0.04383272 0.00165131
v -0.00940883 0.04383272 0.00165131
v 0.01487146 0.01481980 0.01854339
v 0.01631457 0.05808042 0.00658852
v 0.00650780 -0.00869418 0.00902923
v 0.01736154 -0.03563750 0.01623406
v 0.02501967 -0.05971847 0.00229813
v -0.01540541 0.03905889 0.01577050
v -0.00068508 0.07751831 0.00466818
v -0.00068508 0.07751831 0.00466818
v 0.01508024 -0.08289590 0.00182360
v -0.00446312 0.04825354 0.01668779
v -0.00446312 0.04825354 0.01668779
v -0.02173418 -0.06008220 0.00288132
v 0.01391197 -0.02710217 0.00792847
v 0.01545281 0.06319984 0.00510114
v 0.00891562 -0.00795048 0.01514636
v 0.00891562 -0.00795048 0.01514636
v 0.00135198 0.04113281 0.00430738
v 0.00135198 0.04113281 0.00430738
v -0.01265868 0.07606957 0.01567922
v -0.00016456 0.07965221 0.00444374
v -0.00016456 0.07965221 0.00444374
v -0.02700465 -0.04433378 0.00344631
v 0.01824922 0.00457930 0.01543796
v 0.01824922 0.00457930 0.01543796
v -0.01022746 0.04000278 0.00241487
v -0.01022746 0.04000278 0.00241487
v 0.03147119 -0.03244394 0.01000574
v 0.03147119 -0.03244394 0.01000574
v 0.00122527 0.04602333 0.01875262
v 0.01222480 0.04847429 0.01135291
v 0.01233183 -0.00150113 0.01220062
v 0.01233183 -0.00150113 0.01220062
v -0.01347983 -0.00634713 0.00085489
v -0.02891704 -0.02480624 0.01340774
v 0.00331410 -0.00058794 0.01022768
v 0.00331410 -0.00058794 0.01022768
v 0.00163881 -0.00022395 0.01566738
v -0.00461275 0.00039758 0.00230654
v -0.00180392 0.03966212 0.01935221
v -0.01457611 0.07132583 0.00909591
v 0.00046135 0.08254820 0.01628495
v 0.00046135 0.08254820 0.01628495
v 0.00301964 0.06900119 0.01599529
v 0.00301964 0.06900119 0.01599529
v 0.00301964 0.06900119 0.01599529
v -0.00975615 0.05266181 0.00488306
v -0.00975615 0.05266181 0.00488306
v 0.01126740 -0.00588371 0.00408916
v -0.01066650 -0.07516802 0.00737516
v 0.01045478 0.05140202 0.01595873
v 0.01045478 0.05140202 0.01595873
v -0.00292342 0.07342767 0.00477330
v -0.00292342 0.07342767 0.00477330
v 0.01276271 0.07510117 0.00831880
v 0.01831953 0.01700484 0.01599581
v -0.00995071 0.01050344 0.01160536
v -0.00995071 0.01050344 0.01160536
v -0.01955284 -0.08656515 0.00572400
v -0.02205918 -0.05234493 0.01866695
v -0.00406926 0.07244390 0.00482843
v -0.00406926 0.07244390 0.00482843
v -0.00105003 0.08149541 0.00469079
v -0.00105003 0.08149541 0.00469079
v 0.00824811 0.01083828 0.01678708
v 0.00824811 0.01083828 0.01678708
v -0.02020445 -0.04415143 0.00311112
v -0.00102574 0.07955490 0.00468731
v -0.00102574 0.07955490 0.00468731
v -0.00781131 -0.08480119 0.00753031
v 0.01376695 -0.06613257 0.00692523
v -0.01610676 -0.04403439 0.01335781
v -0.01481843 0.07009992 0.00722191
v -0.01481843 0.07009992 0.00722191
v 0.02024529 0.00770847 0.01227036
v 0.02024529 0.00770847 0.01227036
v -0.01123370 0.04492105 0.00247010
v -0.01123370 0.04492105 0.00247010
v 0.01549768 -0.08547865 0.01706048
v 0.02116321 -0.08581056 0.01476279
v -0.01903330 -0.08657762 0.01630107
v -0.00605646 0.03935177 0.01675556
v -0.00605646 0.03935177 0.01675556
v 0.01578547 0.05809224 0.00363485
v 0.01578547 0.05809224 0.00363485
v 0.00146704 0.05461384 0.01640400
v 0.00146704 0.05461384 0.01640400
v -0.00491345 0.05023041 0.00216591
v -0.00491345 0.05023041 0.00216591
v 0.01857264 -0.01344415 0.00403634
v -0.02540029 -0.01322538 0.00967545
v -0.02540029 -0.01322538 0.00967545
v -0.01657208 0.04481402 0.01125803
v -0.01657208 0.04481402 0.01125803
v -0.00692747 -0.00484906 0.00611954
v -0.00322664 0.05371259 0.01059247
v -0.00322664 0.05371259 0.01059247
v -0.00468811 0.03712631 0.00213939
v -0.00468811 0.03712631 0.00213939
v 0.00906859 -0.08200715 0.01008724
v 0.00906859 -0.08200715 0.01008724
v 0.00247794 0.03917654 0.01031565
v 0.00247794 0.03917654 0.01031565
v -0.00848253 -0.00850501 0.01429231
v -0.02219280 -0.07796249 0.00546870
v -0.01259426 0.05029796 0.00646361
v 0.01277896 0.07510212 0.01398332
v 0.01443607 0.03976470 0.00819494
v 0.01356063 0.03694452 0.00974810
v 0.01356063 0.03694452 0.00974810
v 0.00238633 0.06890910 0.00430577
v 0.00238633 0.06890910 0.00430577
v 0.01925207 -0.05879669 0.01723763
v -0.00109869 0.08536965 0.00469775
v -0.00109869 0.08536965 0.00469775
v -0.00298960 0.04794342 0.01059455
v -0.00298960 0.04794342 0.01059455
v -0.00104704 0.04624585 0.00124343
v -0.00104704 0.04624585 0.00124343
v -0.00347430 0.03737540 0.00331004
v 0.00063023 0.04015546 0.00311170
v -0.00191859 0.07548574 0.00472637
v -0.00191859 0.07548574 0.00472637
v 0.03176106 -0.04320944 0.00653692
v 0.01608627 0.05808554 0.00506400
v -0.01066904 0.04679809 0.00412141
v -0.01066904 0.04679809 0.00412141
v -0.00356958 0.03927794 0.00135912
v -0.00356958 0.03927794 0.00135912
v -0.02742013 -0.06114983 0.01676441
v 0.02265892 -0.03438453 0.01834166
v 0.02593589 -0.05166776 0.00242513
v -0.01563371 0.03905778 0.01424597
v -0.01380903 0.07357459 0.01419704
v 0.01043982 0.07878833 0.00392183
v 0.01043982 0.07878833 0.00392183
v 0.01214841 -0.00149674 0.00846675
v 0.01214841 -0.00149674 0.00846675
v 0.01264606 0.07510000 0.01568528
v 0.01264606 0.07510000 0.01568528
v -0.02870971 -0.03413495 0.01619428
v 0.01185018 -0.07475238 0.01315906
v -0.01288698 0.07606846 0.01415469
v 0.01633249 0.05319465 0.00658188
v 0.02171617 -0.08363631 0.01507888
v -0.00396644 0.06603028 0.01668397
v -0.00396644 0.06603028 0.01668397
v -0.00396644 0.06603028 0.01668397
v 0.01267072 0.04847957 0.01286676
v 0.00667738 0.04210333 0.01011282
v 0.00667738 0.04210333 0.01011282
v -0.02011663 -0.00369999 0.00339032
v -0.02222136 -0.03523714 0.01824324
v 0.01329970 0.07140814 0.00377265
v 0.01329970 0.07140814 0.00377265
v 0.00881198 -0.08461337 0.01007831
v 0.00881198 -0.08461337 0.01007831
v -0.00521505 0.00289546 0.00168375
v 0.01205997 -0.08491002 0.00310350
v 0.00009321 0.04581876 0.01926629
v 0.00203217 0.04380979 0.01637346
v 0.00203217 0.04380979 0.01637346
v 0.01767781 -0.05106922 0.01579502
v -0.00013501 0.08159264 0.00444458
v -0.00013501 0.08159264 0.00444458
v -0.01455279 0.03621724 0.01114871
v -0.01455279 0.03621724 0.01114871
v 0.01641018 -0.04341692 0.01355676
v -0.02087436 -0.08703591 0.01400290
v 0.01063054 0.01350390 0.00940471
v 0.01063054 0.01350390 0.00940471
v -0.00353857 0.03735980 0.00250034
v -0.00353857 0.03735980 0.00250034
v -0.02170145 -0.08470641 0.01425278
v -0.02926131 -0.03412171 0.00496472
v 0.01547672 0.04521100 0.00661450
v -0.01306817 0.04861218 0.00648490
v 0.00013724 0.08198556 0.01630021
v 0.00013724 0.08198556 0.01630021
v 0.00015200 0.08295956 0.01630063
v 0.00015200 0.08295956 0.01630063
v 0.02116457 -0.08362308 0.00384932
v -0.01738418 0.05287075 0.01588399
v -0.01327407 0.03348700 0.01565924
v 0.00558391 0.04710765 0.01017243
v 0.00558391 0.04710765 0.01017243
v 0.00363217 0.06589169 0.01027550
v 0.00363217 0.06589169 0.01027550
v 0.00363217 0.06589169 0.01027550
v 0.00363217 0.06589169 0.01027550
v 0.01449689 -0.08889395 0.00663849
v 0.01650029 0.05319296 0.00810938
v -0.00408248 0.03698593 0.00289260
v -0.00408248 0.03698593 0.00289260
v -0.02797173 -0.06113658 0.00553485
v -0.00860140 -0.08482129 0.01578113
v -0.01374713 -0.00199706 0.01237680
v -0.01374713 -0.00199706 0.01237680
v -0.00793942 0.03954597 0.01914969
v -0.00635988 0.03803352 0.01677887
v -0.00635988 0.03803352 0.01677887
v -0.01086595 -0.08732569 0.00530155
v 0.01712621 -0.05105597 0.00456545
v 0.00254806 0.05360686 0.01032921
v 0.00254806 0.05360686 0.01032921
v 0.01067217 -0.08445401 0.01528931
v 0.01427346 0.07030076 0.01393245
v 0.01427346 0.07030076 0.01393245
v -0.00632424 0.00607086 0.00128310
v -0.00049277 0.08341999 0.01653423
v -0.00049277 0.08341999 0.01653423
v -0.00010544 0.08353110 0.00444541
v -0.00010544 0.08353110 0.00444541
v 0.01192611 0.03314525 0.00677471
v -0.01077632 -0.08298029 0.01789333
v 0.00969432 0.05254058 0.01455349
v -0.00590135 0.03958385 0.01955339
v 0.01554426 -0.02674738 0.01662047
v -0.01757869 0.04930917 0.01281785
v 0.00343747 0.00302291 0.01917969
v -0.01384079 0.07131361 0.01717562
v -0.01384079 0.07131361 0.01717562
v -0.01282712 -0.08994585 0.01070825
v -0.01282712 -0.08994585 0.01070825
v -0.02639736 -0.03461566 0.00315121
v 0.01480381 -0.08890131 0.01288685
v 0.01055943 -0.00400329 0.00855570
v 0.01055943 -0.00400329 0.00855570
v 0.01935272 0.00730903 0.01542600
v -0.00657322 0.04926132 0.01680259
v -0.00657322 0.04926132 0.01680259
v 0.02250100 -0.08619579 0.00648207
v -0.01121915 0.04236169 0.00246637
v -0.01121915 0.04236169 0.00246637
v -0.00282776 0.03942617 0.01057655
v -0.00282776 0.03942617 0.01057655
v -0.00409575 0.04979757 0.01846038
v -0.00409575 0.04979757 0.01846038
v -0.00355922 0.05011910 0.00209926
v -0.00355922 0.05011910 0.00209926
v -0.00132724 0.04655622 0.01628354
v -0.00846162 0.04792875 0.01689378
v -0.00846162 0.04792875 0.01689378
v -0.00925390 -0.08645972 0.00592454
v 0.00699431 0.04387400 0.01009934
v 0.00699431 0.04387400 0.01009934
v 0.00158178 0.04620085 0.01817725
v 0.00158178 0.04620085 0.01817725
v -0.00119195 0.04915327 0.00198184
v -0.00119195 0.04915327 0.00198184
v -0.00804250 0.05326216 0.01082849
v -0.00804250 0.05326216 0.01082849
v -0.03058277 -0.06155854 0.01129743
v -0.03058277 -0.06155854 0.01129743
v -0.00349377 0.00142568 0.01184614
v -0.00349377 0.00142568 0.01184614
v -0.00816579 -0.08239650 0.00731249
v 0.01896011 0.00501294 0.01234885
v 0.01896011 0.00501294 0.01234885
v 0.01896011 0.00501294 0.01234885
v 0.01896011 0.00501294 0.01234885
v 0.00021102 0.08685558 0.01630233
v 0.00021102 0.08685558 0.01630233
v 0.01307194 0.01156177 0.00976270
v 0.01307194 0.01156177 0.00976270
v -0.01574940 0.03905881 0.01271591
v 0.00485208 0.00628192 0.01670800
v 0.00485208 0.00628192 0.01670800
v 0.00648328 0.00708105 0.02088035
v -0.00594245 0.04999402 0.00425899
v -0.00594245 0.04999402 0.00425899
v 0.02589417 -0.07751885 0.00930242
v 0.02589417 -0.07751885 0.00930242
v -0.01553900 0.06789288 0.01273957
v -0.01015911 -0.07504956 0.01048080
v -0.01015911 -0.07504956 0.01048080
v -0.00665734 0.04745522 0.01667134
v -0.00665734 0.04745522 0.01667134
v -0.00387245 0.00143477 0.00413669
v -0.00387245 0.00143477 0.00413669
v 0.02543917 -0.06916944 0.00380424
v 0.01370459 0.01206562 0.01277304
v -0.02633533 -0.05266352 0.00360523
v -0.01766011 -0.03627811 0.00446495
v -0.00122759 0.04086420 0.00124595
v -0.00122759 0.04086420 0.00124595
v -0.00319020 -0.00088248 0.00494470
v -0.01026158 0.08054458 0.01701069
v -0.01026158 0.08054458 0.01701069
v -0.01563032 -0.02733708 0.01534581
v -0.03000779 -0.04439236 0.00528305
v -0.01894382 -0.05200051 0.01786601
v 0.02155703 -0.05925739 0.00183646
v 0.00839248 0.01209719 0.00647547
v 0.01995770 -0.05126024 0.01736697
v -0.00386532 0.04128696 0.01984197
v 0.01499266 -0.02673415 0.00539090
v 0.00955589 -0.00588008 0.01213642
v 0.00955589 -0.00588008 0.01213642
v -0.00258779 0.04737559 0.01634643
v -0.01056240 0.08054188 0.01558152
v 0.01139922 0.03315562 0.00382079
v 0.01139922 0.03315562 0.00382079
v 0.00713469 -0.00819184 0.00652335
v -0.02042965 -0.01418129 0.00215606
v -0.01842625 0.01626351 0.00453878
v -0.00048061 0.08245100 0.01653249
v -0.00048061 0.08245100 0.01653249
v -0.01293945 0.07608623 0.00526843
v -0.01293945 0.07608623 0.00526843
v 0.01137025 0.05142581 0.01293411
v 0.03051386 -0.03260475 0.00691618
v 0.01324838 0.03695069 0.00517847
v -0.01160487 0.07847269 0.01563029
v 0.00189734 0.07118642 0.00433248
v 0.00189734 0.07118642 0.00433248
v -0.00580651 0.00458622 0.01526053
v 0.01772727 -0.07607895 0.01768126
v 0.01240461 0.01542773 0.00798442
v 0.00277296 0.03916946 0.01632164
v 0.00277296 0.03916946 0.01632164
v 0.02292287 -0.07710173 0.00382508
v -0.00923250 0.04241056 0.00164098
v -0.00923250 0.04241056 0.00164098
v -0.00514831 0.00423416 0.01167991
v -0.00514831 0.00423416 0.01167991
v 0.01126208 0.07877725 0.01002546
v -0.00838280 0.00785522 0.00416588
v -0.00838280 0.00785522 0.00416588
v -0.01549504 0.00500453 0.01114573
v -0.01549504 0.00500453 0.01114573
v 0.01432342 0.06773416 0.00371804
v 0.01432342 0.06773416 0.00371804
v -0.01022565 0.05267148 0.00942155
v -0.00946072 0.05265472 0.01089744
v -0.00946072 0.05265472 0.01089744
v -0.01737839 0.05288054 0.01130715
v -0.01737839 0.05288054 0.01130715
v -0.00785886 -0.08240386 0.01356086
v 0.01565278 -0.03599208 0.00754735
v -0.01386150 0.07359237 0.00531077
v -0.01386150 0.07359237 0.00531077
v 0.01657808 0.00336235 0.00861108
v 0.01657808 0.00336235 0.00861108
v 0.01107483 0.05141692 0.01448436
v 0.00054758 0.04801101 0.01042088
v 0.00054758 0.04801101 0.01042088
v 0.02322805 -0.08644819 0.00935544
v 0.02322805 -0.08644819 0.00935544
v -0.01221328 -0.00440128 0.00866686
v -0.01221328 -0.00440128 0.00866686
v -0.01288966 0.05030421 0.00801387
v 0.00328855 -0.00077466 0.01326954
v -0.01971248 -0.01419851 0.01675620
v 0.00604770 0.00811868 0.00925530
v 0.00604770 0.00811868 0.00925530
v 0.01729399 -0.06713324 0.01718446
v 0.01484657 0.06778147 0.00667207
v 0.01148861 -0.08848203 0.00992059
v 0.01148861 -0.08848203 0.00992059
v -0.00078412 0.04050368 0.01649794
v -0.00078412 0.04050368 0.01649794
v -0.00078412 0.04050368 0.01649794
v -0.00253501 0.04796780 0.01646945
v -0.00447001 0.08989923 0.01673723
v -0.00447001 0.08989923 0.01673723
v -0.00447001 0.08989923 0.01673723
v 0.00840729 0.08303597 0.00547061
v 0.01478051 -0.08546144 0.00246034
v -0.01315801 0.01306283 0.00422016
v -0.01315801 0.01306283 0.00422016
v 0.01693510 -0.02618400 0.00362429
v -0.00889491 -0.08262201 0.01610958
v -0.01011125 0.04719836 0.00364763
v -0.00927450 0.04356318 0.01089810
v -0.00927450 0.04356318 0.01089810
v -0.01244815 0.04859888 0.00501050
v -0.01244815 0.04859888 0.00501050
v -0.00600671 0.04997843 0.00344929
v -0.02096661 0.00662423 0.01169869
v -0.01693389 0.04931193 0.01730160
v -0.01693389 0.04931193 0.01730160
v 0.01303017 -0.07504834 0.01559389
v 0.00868806 0.08302871 0.01588142
v 0.00868806 0.08302871 0.01588142
v -0.00683950 0.00069164 0.00086041
vt 0.82817400 0.06887300
vt 0.36657600 0.94655800
vt 0.47051000 0.60664900
vt 0.37177700 0.12328800
vt 0.10869700 0.20046000
vt 0.60677900 0.60719100
vt 0.82608100 0.59218600
vt 0.61425900 0.11120900
vt 0.94968000 0.50742300
vt 0.47795400 0.57667200
vt 0.40279900 0.12328800
vt 0.15205100 0.49974600
vt 0.08699900 0.43573200
vt 0.79817400 0.10219400
vt 0.71366900 0.51294700
vt 0.11392500 0.77923000
vt 0.82032500 0.75691200
vt 0.44722800 0.11120900
vt 0.97464300 0.33674600
vt 0.67879200 0.16126100
vt 0.71797800 0.31905700
vt 0.85452700 0.98790600
vt 0.06182800 0.07153700
vt 0.02762800 0.53603600
vt 0.11671500 0.02038300
vt 0.38313000 0.48713500
vt 0.30939600 0.62461500
vt 0.93510300 0.51226100
vt 0.68502300 0.37626200
vt 0.59054800 0.30246900
vt 0.01016700 0.95279400
vt 0.67926300 0.18323900
vt 0.71797800 0.27316300
vt 0.85452700 0.94265100
vt 0.16763700 0.54606400
vt 0.35436700 0.71626000
vt 0.30304300 0.16118100
vt 0.79316500 0.88220800
vt 0.91109000 0.56446100
vt 0.60524300 0.37631200
vt 0.64481300 0.32745500
vt 0.14602100 0.59261800
vt 0.58759200 0.28967700
vt 0.10818800 0.34654900
vt 0.23209000 0.56309700
vt 0.60380600 0.63696300
vt 0.07290100 0.20043400
vt 0.21813200 0.87261200
vt 0.38080700 0.38559800
vt 0.15632100 0.34745800
vt 0.30271900 0.49096300
vt 0.30271900 0.49096300
vt 0.34844400 0.87161600
vt 0.04881900 0.65338300
vt 0.11817300 0.70259000
vt 0.29725000 0.88218900
vt 0.71797800 0.23043500
vt 0.85452700 0.90230000
vt 0.87699000 0.32144700
vt 0.57384000 0.96005900
vt 0.14841500 0.88436200
vt 0.65021200 0.17235500
vt 0.01052100 0.92089200
vt 0.16906900 0.32918200
vt 0.25783300 0.94209400
vt 0.05472900 0.32880200
vt 0.01151900 0.13213600
vt 0.78468500 0.27316300
vt 0.17076200 0.94173500
vt 0.37219000 0.93300300
vt 0.50959600 0.31661200
vt 0.11671500 0.02939100
vt 0.71886400 0.12331900
vt 0.93700200 0.66166200
vt 0.26633700 0.78026900
vt 0.21688500 0.86352300
vt 0.38037900 0.39477400
vt 0.46091400 0.47038600
vt 0.12272800 0.27377100
vt 0.61425900 0.08319000
vt 0.14802300 0.54519900
vt 0.16647700 0.63741700
vt 0.34670500 0.62484800
vt 0.03355700 0.48426900
vt 0.71797800 0.33805300
vt 0.46205500 0.25095100
vt 0.41569800 0.87670400
vt 0.83402200 0.99658700
vt 0.64551800 0.04842000
vt 0.07007200 0.65119600
vt 0.37418500 0.36750900
vt 0.02540800 0.96137700
vt 0.67415700 0.65295600
vt 0.75221900 0.45219400
vt 0.82538600 0.04106800
vt 0.19855700 0.93889600
vt 0.59806200 0.34083800
vt 0.14691800 0.63962700
vt 0.10516700 0.28728000
vt 0.31161900 0.97976300
vt 0.14101400 0.07153700
vt 0.16647700 0.63741700
vt 0.34670500 0.62484800
vt 0.19615600 0.83473600
vt 0.17135500 0.34511000
vt 0.09091500 0.30985100
vt 0.93673700 0.46888100
vt 0.73716200 0.37598800
vt 0.31446700 0.96247000
vt 0.62198600 0.18521600
vt 0.01090500 0.88891500
vt 0.65436700 0.14182700
vt 0.26695500 0.30304400
vt 0.57384000 0.97117100
vt 0.88805900 0.32228000
vt 0.32969900 0.67217700
vt 0.61085400 0.33788100
vt 0.10558600 0.20045700
vt 0.60847900 0.60980700
vt 0.36037200 0.38518700
vt 0.29459700 0.67613200
vt 0.14878400 0.30816300
vt 0.02504400 0.58944500
vt 0.79817400 0.06091300
vt 0.66489900 0.51294700
vt 0.97385400 0.92684200
vt 0.41776500 0.12331900
vt 0.69950700 0.06082000
vt 0.22229100 0.17640200
vt 0.53613600 0.30899600
vt 0.91399000 0.26405000
vt 0.99194600 0.53086500
vt 0.96627200 0.66768200
vt 0.68879600 0.12331900
vt 0.58314400 0.31723900
vt 0.20782700 0.35567100
vt 0.04825700 0.91490600
vt 0.41776500 0.13228000
vt 0.09015400 0.34245800
vt 0.09358200 0.78128800
vt 0.11030400 0.33333300
vt 0.28176600 0.83401400
vt 0.66716100 0.16126100
vt 0.98212100 0.32871000
vt 0.08635700 0.18743600
vt 0.65835100 0.31821300
vt 0.01070700 0.90490500
vt 0.63482000 0.17597600
vt 0.13003700 0.30448700
vt 0.05514900 0.17640200
vt 0.47644400 0.33331500
vt 0.58268300 0.30270600
vt 0.49517700 0.18464800
vt 0.34724300 0.35094600
vt 0.09117700 0.27374500
vt 0.46004600 0.44283900
vt 0.00913600 0.96826700
vt 0.68769600 0.19614400
vt 0.11191000 0.31955000
vt 0.33213200 0.94516600
vt 0.72988200 0.45228600
vt 0.68018400 0.63607000
vt 0.43741400 0.88446800
vt 0.48257900 0.25095100
vt 0.59184600 0.56180000
vt 0.17080100 0.20048800
vt 0.01007900 0.17640600
vt 0.50692600 0.30318700
vt 0.25264000 0.17641600
vt 0.10934600 0.30432700
vt 0.19209100 0.55947300
vt 0.01698400 0.71349200
vt 0.12640300 0.34887600
vt 0.28814300 0.77586700
vt 0.83110500 0.12900800
vt 0.22914500 0.93965100
vt 0.25210700 0.36289700
vt 0.35311200 0.37143600
vt 0.48257900 0.18464800
vt 0.03355700 0.48426900
vt 0.41569800 0.94732700
vt 0.83402200 0.92582200
vt 0.16166600 0.17639500
vt 0.54687100 0.36297300
vt 0.25595600 0.02939100
vt 0.24366300 0.29658600
vt 0.82643300 0.77453500
vt 0.42858900 0.11120900
vt 0.44228100 0.17593000
vt 0.26402600 0.17592600
vt 0.59765700 0.68467400
vt 0.31134700 0.13213600
vt 0.15534900 0.33471200
vt 0.34796200 0.56878800
vt 0.17166900 0.69307700
vt 0.02773000 0.42132100
vt 0.22361500 0.85126700
vt 0.95476000 0.64197600
vt 0.92093000 0.69468600
vt 0.25308600 0.56422900
vt 0.34333600 0.38055900
vt 0.61553900 0.22968800
vt 0.00676800 0.84265700
vt 0.83654600 0.03762100
vt 0.32656600 0.34929300
vt 0.33514400 0.96076000
vt 0.73009000 0.08319000
vt 0.48983600 0.33614100
vt 0.07685100 0.20043600
vt 0.60609200 0.63373600
vt 0.51943600 0.36609400
vt 0.24352200 0.48812500
vt 0.35802000 0.92878300
vt 0.13591100 0.94697900
vt 0.13065000 0.83437300
vt 0.28032500 0.72829800
vt 0.31578700 0.94715600
vt 0.64105800 0.29213200
vt 0.19039200 0.87839900
vt 0.66854800 0.10219400
vt 0.85769900 0.71544000
vt 0.61102700 0.92672200
vt 0.08221500 0.29622600
vt 0.28796200 0.97257600
vt 0.00764800 0.53407100
vt 0.19596400 0.73976700
vt 0.72418500 0.48060600
vt 0.77609000 0.37586900
vt 0.94118600 0.43582700
vt 0.35360500 0.95558000
vt 0.43741400 0.97867600
vt 0.58254100 0.25095100
vt 0.30939600 0.62461500
vt 0.33667800 0.81863200
vt 0.64838400 0.28926000
vt 0.23194400 0.94459200
vt 0.83409300 0.13270100
vt 0.35731900 0.93898900
vt 0.15273100 0.91814300
vt 0.18106400 0.92672000
vt 0.78468500 0.28805000
vt 0.36126400 0.38098800
vt 0.66449800 0.15145200
vt 0.16470300 0.90658100
vt 0.77416000 0.97025200
vt 0.01149500 0.03891700
vt 0.56450600 0.71782700
vt 0.29967600 0.17592700
vt 0.12303300 0.89285500
vt 0.09185500 0.07153700
vt 0.11671500 0.03891700
vt 0.20787700 0.61832000
vt 0.82817400 0.11712300
vt 0.14878400 0.30816300
vt 0.16239400 0.31609600
vt 0.71797800 0.28805000
vt 0.85452700 0.96090200
vt 0.05527100 0.27372400
vt 0.45885300 0.41280000
vt 0.55258800 0.34939000
vt 0.17637100 0.17639600
vt 0.35841200 0.02038300
vt 0.37874300 0.72278900
vt 0.36568800 0.12328800
vt 0.47154700 0.61254200
vt 0.28045000 0.15127200
vt 0.23278400 0.96289400
vt 0.00929200 0.98390800
vt 0.83628100 0.14808600
vt 0.36564400 0.44715600
vt 0.19771200 0.81278800
vt 0.07337000 0.78336400
vt 0.34203400 0.76443200
vt 0.12823300 0.59274800
vt 0.65836100 0.30184500
vt 0.07075500 0.18743600
vt 0.07891200 0.32172600
vt 0.59211900 0.54830400
vt 0.18956400 0.20049200
vt 0.08699900 0.43573200
vt 0.73009000 0.03779800
vt 0.62875100 0.59962300
vt 0.84500300 0.46493200
vt 0.57319200 0.47324700
vt 0.90668400 0.42947800
vt 0.58551300 0.41577400
vt 0.45842500 0.45152200
vt 0.10149800 0.27375300
vt 0.28365000 0.29614600
vt 0.56771300 0.18464800
vt 0.26488100 0.29437900
vt 0.58254100 0.18464800
vt 0.05672400 0.70936100
vt 0.73304600 0.37600600
vt 0.93843700 0.47246100
vt 0.44722800 0.08319000
vt 0.14221300 0.44651200
vt 0.43735000 0.54247800
vt 0.94968000 0.45471900
vt 0.21751200 0.27373400
vt 0.64922300 0.33036700
vt 0.10762700 0.84114200
vt 0.82817400 0.08503300
vt 0.77416000 0.96076800
vt 0.01149500 0.04842000
vt 0.95539000 0.29641700
vt 0.99194600 0.59752700
vt 0.68304600 0.08319000
vt 0.02563000 0.93705300
vt 0.35866200 0.34922900
vt 0.56836200 0.70596000
vt 0.29076300 0.17592700
vt 0.06044000 0.37656700
vt 0.62389400 0.33683200
vt 0.86081400 0.70480000
vt 0.61102700 0.93784000
vt 0.57384100 0.94894900
vt 0.86707500 0.31644500
vt 0.59200200 0.29258800
vt 0.30210600 0.82811400
vt 0.27517000 0.93323500
vt 0.27185600 0.62211700
vt 0.31213100 0.67412400
vt 0.22560700 0.78833500
vt 0.66854800 0.09267200
vt 0.37097600 0.26871200
vt 0.30996300 0.37492700
vt 0.06182800 0.02038300
vt 0.40698100 0.43788400
vt 0.08850800 0.97272500
vt 0.68304600 0.06085700
vt 0.46563700 0.11120900
vt 0.81704100 0.73897400
vt 0.34648600 0.44393900
vt 0.29562300 0.95836600
vt 0.63584000 0.28361600
vt 0.05144000 0.27372200
vt 0.45674100 0.40959400
vt 0.06836600 0.91152000
vt 0.62397200 0.24259300
vt 0.83589200 0.05311500
vt 0.37232700 0.81022700
vt 0.17869300 0.45119000
vt 0.24977700 0.42357400
vt 0.09908000 0.38640000
vt 0.25955100 0.89424700
vt 0.68304600 0.10219400
vt 0.73009000 0.05011700
vt 0.83665700 0.13244500
vt 0.68876400 0.22716600
vt 0.14850900 0.77424800
vt 0.64655200 0.10219400
vt 0.40662800 0.26871200
vt 0.14320300 0.32237700
vt 0.22290400 0.98613800
vt 0.02054000 0.96497600
vt 0.07492000 0.49031100
vt 0.32836100 0.56798400
vt 0.06676000 0.43085300
vt 0.09208300 0.64841800
vt 0.38880200 0.26871200
vt 0.99194700 0.61974700
vt 0.94192900 0.31355200
vt 0.24964400 0.62070400
vt 0.16557700 0.77057700
vt 0.65367000 0.30280500
vt 0.03368600 0.78792200
vt 0.20354900 0.48381600
vt 0.93537100 0.50926200
vt 0.68814600 0.37625000
vt 0.34029700 0.03891700
vt 0.36564400 0.44715600
vt 0.19771200 0.81278800
vt 0.38376500 0.04842000
vt 0.07286000 0.27373400
vt 0.45744100 0.42746800
vt 0.16147300 0.20048500
vt 0.59838200 0.56847500
vt 0.31909500 0.49177100
vt 0.68304600 0.07316400
vt 0.65529000 0.15145200
vt 0.14101400 0.02939100
vt 0.41776500 0.15145200
vt 0.88354400 0.74622100
vt 0.61102700 0.88229300
vt 0.27349300 0.42884600
vt 0.17915500 0.81878000
vt 0.30779000 0.77175300
vt 0.11817300 0.70259000
vt 0.28601900 0.36977800
vt 0.62938000 0.29340000
vt 0.24977700 0.42357400
vt 0.30779000 0.77175300
vt 0.64462800 0.37629600
vt 0.91850100 0.53638400
vt 0.12273300 0.20047100
vt 0.60997900 0.59484400
vt 0.61119000 0.27475900
vt 0.28176600 0.83401400
vt 0.06044000 0.37656700
vt 0.34029700 0.02038300
vt 0.37377400 0.70544300
vt 0.25783300 0.94209400
vt 0.05472900 0.32880200
vt 0.10934600 0.30432700
vt 0.32705800 0.62519100
vt 0.43741400 0.91158300
vt 0.50859000 0.25095100
vt 0.21590400 0.73715100
vt 0.07548600 0.97095700
vt 0.82838700 0.42181600
vt 0.61425900 0.07316400
vt 0.90392000 0.27182500
vt 0.57384000 0.85844500
vt 0.99194600 0.51813300
vt 0.38376500 0.02939100
vt 0.07410500 0.99038300
vt 0.22781600 0.27903700
vt 0.71574600 0.09267200
vt 0.36126400 0.38098800
vt 0.36757000 0.36230100
vt 0.02540700 0.95298800
vt 0.07261400 0.33649600
vt 0.10970200 0.97417400
vt 0.78468500 0.21319100
vt 0.36229800 0.42582400
vt 0.09741300 0.49340600
vt 0.62562400 0.34528500
vt 0.30943600 0.14169000
vt 0.29398500 0.56611500
vt 0.25136600 0.68070800
vt 0.28601900 0.36977800
vt 0.00743900 0.98370400
vt 0.83813700 0.14790900
vt 0.68823000 0.21165600
vt 0.07891200 0.32172600
vt 0.31446700 0.96247000
vt 0.16356700 0.82367400
vt 0.11585500 0.20046700
vt 0.60738000 0.60122900
vt 0.66854800 0.03696300
vt 0.49776800 0.51850100
vt 0.62642200 0.53760400
vt 0.35841200 0.03891700
vt 0.58270500 0.11120900
vt 0.81829900 0.62271700
vt 0.41569800 0.97085700
vt 0.83402200 0.90230000
vt 0.19324100 0.08319000
vt 0.31213100 0.67412400
vt 0.00500000 0.58885600
vt 0.18901900 0.68516400
vt 0.14101400 0.05779800
vt 0.64466200 0.13228000
vt 0.11030400 0.33333300
vt 0.13461000 0.49800100
vt 0.34029700 0.02939100
vt 0.19324100 0.10219400
vt 0.80747000 0.51758100
vt 0.93995100 0.61942300
vt 0.76691000 0.12331900
vt 0.36523100 0.86931300
vt 0.83589300 0.06906000
vt 0.63741700 0.25092700
vt 0.23701500 0.17640900
vt 0.52255400 0.30327800
vt 0.01764300 0.96408500
vt 0.22602500 0.98748900
vt 0.41569800 0.94732700
vt 0.83402200 0.92582200
vt 0.35360500 0.95558000
vt 0.13222700 0.93673400
vt 0.65375900 0.45255300
vt 0.68391900 0.58072300
vt 0.31644800 0.87740700
vt 0.71797800 0.19178100
vt 0.41569800 0.98780700
vt 0.83402200 0.88556300
vt 0.60447900 0.25095100
vt 0.60743400 0.32664400
vt 0.79817400 0.09267200
vt 0.70247600 0.51294700
vt 0.25595600 0.02038300
vt 0.36056500 0.62262100
vt 0.95476000 0.59752800
vt 0.95666200 0.71326200
vt 0.50930500 0.36603400
vt 0.12699700 0.33486800
vt 0.93562300 0.26140000
vt 0.99194600 0.55309400
vt 0.06571400 0.27373000
vt 0.45723600 0.42151300
vt 0.24352200 0.48812500
vt 0.61102700 0.94894900
vt 0.86777000 0.69616900
vt 0.23056500 0.29924300
vt 0.66581800 0.17490400
vt 0.01034400 0.93686500
vt 0.20904200 0.68410300
vt 0.66854800 0.07316400
vt 0.12823300 0.59274800
vt 0.59464500 0.57640300
vt 0.15271900 0.20048200
vt 0.35263300 0.38382700
vt 0.36562100 0.16118100
vt 0.73924500 0.90605500
vt 0.02935500 0.85840000
vt 0.39568600 0.29676700
vt 0.23209000 0.56309700
vt 0.32475400 0.76807500
vt 0.98658400 0.68837000
vt 0.65714300 0.12331900
vt 0.36430700 0.56082400
vt 0.19384900 0.02038300
vt 0.26983200 0.95954100
vt 0.06522600 0.31056700
vt 0.04718600 0.42622300
vt 0.01835600 0.90482600
vt 0.07681000 0.27373600
vt 0.45944200 0.43080600
vt 0.11201900 0.64534800
vt 0.06962900 0.27373200
vt 0.45930700 0.42483200
vt 0.16510300 0.02939100
vt 0.32974400 0.93112100
vt 0.19524300 0.96261600
vt 0.16568300 0.59233300
vt 0.34922900 0.67005200
vt 0.04559000 0.59021400
vt 0.25608800 0.31073400
vt 0.64086200 0.27601000
vt 0.04043100 0.18743700
vt 0.18467300 0.76581600
vt 0.35592100 0.49511600
vt 0.34687800 0.94201800
vt 0.50050100 0.36232700
vt 0.67308300 0.66179600
vt 0.76314000 0.45216300
vt 0.20606600 0.79247600
vt 0.01390100 0.48085800
vt 0.66884300 0.67368000
vt 0.77626600 0.45213200
vt 0.63771300 0.48060500
vt 0.09889600 0.70516300
vt 0.22952200 0.68263700
vt 0.35263300 0.38382700
vt 0.29068100 0.33163900
vt 0.87064800 0.26929600
vt 0.57384000 0.89340600
vt 0.09239100 0.54146900
vt 0.05359000 0.78546100
vt 0.62424600 0.37630500
vt 0.91567800 0.55079800
vt 0.11191000 0.31955000
vt 0.92992500 0.35606700
vt 0.72978700 0.16126100
vt 0.62462900 0.88510400
vt 0.27645100 0.05779800
vt 0.65375800 0.37628900
vt 0.91646200 0.52769800
vt 0.82817400 0.12814700
vt 0.22602600 0.93829900
vt 0.14802300 0.54519900
vt 0.95476000 0.61974700
vt 0.94264200 0.69659500
vt 0.78468500 0.25256500
vt 0.15249600 0.95765700
vt 0.10761200 0.44009400
vt 0.36229800 0.42582400
vt 0.22354300 0.48630200
vt 0.24277900 0.84550400
vt 0.75548400 0.37592000
vt 0.93979400 0.45440500
vt 0.74818100 0.45220800
vt 0.67712600 0.65045500
vt 0.18759900 0.91177300
vt 0.78468500 0.30309700
vt 0.63916900 0.33999900
vt 0.06248900 0.20042800
vt 0.60490500 0.64570900
vt 0.11671500 0.07153700
vt 0.20757400 0.17639700
vt 0.54661700 0.31935800
vt 0.02570600 0.18743800
vt 0.62659800 0.27007800
vt 0.82817400 0.05294200
vt 0.14101400 0.04842000
vt 0.15632100 0.34745800
vt 0.71574600 0.08319000
vt 0.07960200 0.38185900
vt 0.70748000 0.45241600
vt 0.68623100 0.61915300
vt 0.96651000 0.34168400
vt 0.68879600 0.16126100
vt 0.43938000 0.51614200
vt 0.18956400 0.27379200
vt 0.00764800 0.53407100
vt 0.19596400 0.73976700
vt 0.65241900 0.33247700
vt 0.10106500 0.18743300
vt 0.24082900 0.90113200
vt 0.04127600 0.37074900
vt 0.60618400 0.61315200
vt 0.10153700 0.20045300
vt 0.30235500 0.94781000
vt 0.64551800 0.05779800
vt 0.73987300 0.53679500
vt 0.05861400 0.20042600
vt 0.60262900 0.64885300
vt 0.37097700 0.17592800
vt 0.63209800 0.75226500
vt 0.93888400 0.46643100
vt 0.74052700 0.37597300
vt 0.17381900 0.30499100
vt 0.37892400 0.95659300
vt 0.31463100 0.33946300
vt 0.32786800 0.37828900
vt 0.64163200 0.34353600
vt 0.11577100 0.18743000
vt 0.31573100 0.43845400
vt 0.17587100 0.90578400
vt 0.18163600 0.88298200
vt 0.02714200 0.85807600
vt 0.20168900 0.96261500
vt 0.66854800 0.08319000
vt 0.43741400 0.97032300
vt 0.56771300 0.25095100
vt 0.64531000 0.16126100
vt 0.98756500 0.30961100
vt 0.57384100 0.91562500
vt 0.85720700 0.28641900
vt 0.64328800 0.73030300
vt 0.38880200 0.17592800
vt 0.18784100 0.61717700
vt 0.00868900 0.65647200
vt 0.62823400 0.93558000
vt 0.22575700 0.05779800
vt 0.20793000 0.41641600
vt 0.04320500 0.85458500
vt 0.05342800 0.48720300
vt 0.64521700 0.30453500
vt 0.69950700 0.07316400
vt 0.72556300 0.37604300
vt 0.93799000 0.47852000
vt 0.71825000 0.45234900
vt 0.68521700 0.62778800
vt 0.32475400 0.76807500
vt 0.20757200 0.18743100
vt 0.57846300 0.30183100
vt 0.82000000 0.03760800
vt 0.41124300 0.29663000
vt 0.03164600 0.84301700
vt 0.77416000 0.91537100
vt 0.01149500 0.09382100
vt 0.57645000 0.66884000
vt 0.82317100 0.23940800
vt 0.42858900 0.07316400
vt 0.28185100 0.26870900
vt 0.26190800 0.83984100
vt 0.50191600 0.10219400
vt 0.11851400 0.38975200
vt 0.33320900 0.87397500
vt 0.15925400 0.44879500
vt 0.71797800 0.30309700
vt 0.85452700 0.97470500
vt 0.64626600 0.31757500
vt 0.82058200 0.11694200
vt 0.42499800 0.36180500
vt 0.43336700 0.26871300
vt 0.59764500 0.28004400
vt 0.27645100 0.02939100
vt 0.93706300 0.49072500
vt 0.71059400 0.37613100
vt 0.18102500 0.20049100
vt 0.59848800 0.55401300
vt 0.34844400 0.87161600
vt 0.16651600 0.91628100
vt 0.44722800 0.09267200
vt 0.36523100 0.86931300
vt 0.22602500 0.96289400
vt 0.05783200 0.97988900
vt 0.21232300 0.29024500
vt 0.03680700 0.71114800
vt 0.33213200 0.94516600
vt 0.34456700 0.92882000
vt 0.12602000 0.44374400
vt 0.27645100 0.04842000
vt 0.08717000 0.27374200
vt 0.45794100 0.43943200
vt 0.61447100 0.19866500
vt 0.01067500 0.87342800
vt 0.69950700 0.11120900
vt 0.85861200 0.51345900
vt 0.15205100 0.49974600
vt 0.14841500 0.88436200
vt 0.32473400 0.12328800
vt 0.50987500 0.62123000
vt 0.69562700 0.37621800
vt 0.93597300 0.50308000
vt 0.11101100 0.96553200
vt 0.12303300 0.89285500
vt 0.31317200 0.93365000
vt 0.93031200 0.64266700
vt 0.74194600 0.12331900
vt 0.36092400 0.12328800
vt 0.47453800 0.61609900
vt 0.27461700 0.56520800
vt 0.37315000 0.91700500
vt 0.60097400 0.33642700
vt 0.32554900 0.35947500
vt 0.64323200 0.77990900
vt 0.38376500 0.05779800
vt 0.11101100 0.96553200
vt 0.31763100 0.72225000
vt 0.95475900 0.55309400
vt 0.93805300 0.74886800
vt 0.95405100 0.66435400
vt 0.70153000 0.12331900
vt 0.27411300 0.67840700
vt 0.49776800 0.48654600
vt 0.65375900 0.06112500
vt 0.27998900 0.14169000
vt 0.82056600 0.04469500
vt 0.41788300 0.29928900
vt 0.12832800 0.32047200
vt 0.46205500 0.18464800
vt 0.21654800 0.88274900
vt 0.78468500 0.33805300
vt 0.37833100 0.37562000
vt 0.93136900 0.31701700
vt 0.99194700 0.63085900
vt 0.31273700 0.34915000
vt 0.58270500 0.08319000
vt 0.29068100 0.33163900
vt 0.41569800 0.91218200
vt 0.83402200 0.96090200
vt 0.07261400 0.33649600
vt 0.15114600 0.39283100
vt 0.27810800 0.88789100
vt 0.13479600 0.20047500
vt 0.59976600 0.58839600
vt 0.53532400 0.32709300
vt 0.30235500 0.94781000
vt 0.82248800 0.03735000
vt 0.02909700 0.84263800
vt 0.20127600 0.94391800
vt 0.25595600 0.05779800
vt 0.62576200 0.90549100
vt 0.22575700 0.04842000
vt 0.31909500 0.49177100
vt 0.49354300 0.32733600
vt 0.23628900 0.73450800
vt 0.61840700 0.31002200
vt 0.22820000 0.61944900
vt 0.13579100 0.39181500
vt 0.74460600 0.37595700
vt 0.93718900 0.46289600
vt 0.13040400 0.54430500
vt 0.04800200 0.53783200
vt 0.09185500 0.03891700
vt 0.18867100 0.96261800
vt 0.01081500 0.85782400
vt 0.01798500 0.93713800
vt 0.61102600 0.87117700
vt 0.89457800 0.74500900
vt 0.24366300 0.29658600
vt 0.52853200 0.32037800
vt 0.18467300 0.76581600
vt 0.35592100 0.49511600
vt 0.64071600 0.99500000
vt 0.61731000 0.77777000
vt 0.16510300 0.05779800
vt 0.81972500 0.13243200
vt 0.41188900 0.36989500
vt 0.58270500 0.10219400
vt 0.64655200 0.11120900
vt 0.83799700 0.56215100
vt 0.27293800 0.26870900
vt 0.31644800 0.87740700
vt 0.22354300 0.48630200
vt 0.36811900 0.43533500
vt 0.20107400 0.82427900
vt 0.71797800 0.25256500
vt 0.85452700 0.92582200
vt 0.79817400 0.07316400
vt 0.67876100 0.51294700
vt 0.11276300 0.20046400
vt 0.60908000 0.60382600
vt 0.11584100 0.27376700
vt 0.45877300 0.46375500
vt 0.16763700 0.54606400
vt 0.35436700 0.71626000
vt 0.13222700 0.93673400
vt 0.14243400 0.34894800
vt 0.19384900 0.04842000
vt 0.27349300 0.42884600
vt 0.72504200 0.12331900
vt 0.93180000 0.65845300
vt 0.07337000 0.78336400
vt 0.51972800 0.31667100
vt 0.22816500 0.41918800
vt 0.15925400 0.44879500
vt 0.26488100 0.29437900
vt 0.58254100 0.18464800
vt 0.07492000 0.49031100
vt 0.33657800 0.36680800
vt 0.61534900 0.45257200
vt 0.68825700 0.55283900
vt 0.36037200 0.38518700
vt 0.39771500 0.26871200
vt 0.09185500 0.04842000
vt 0.13217800 0.77702000
vt 0.11671500 0.05779800
vt 0.21590400 0.73715100
vt 0.47123800 0.60065300
vt 0.37789700 0.12328800
vt 0.10555100 0.27375700
vt 0.46051300 0.45503300
vt 0.09836300 0.27375000
vt 0.46028900 0.44892000
vt 0.04800200 0.53783200
vt 0.14850900 0.77424800
vt 0.94780000 0.74354000
vt 0.95475900 0.56420400
vt 0.25308600 0.56422900
vt 0.07752500 0.70742400
vt 0.71797800 0.30309700
vt 0.85452700 0.97470500
vt 0.22228700 0.18743700
vt 0.58439500 0.28756700
vt 0.64543800 0.12331900
vt 0.98838000 0.69902000
vt 0.85890100 0.72646000
vt 0.61102700 0.91562500
vt 0.50191600 0.09267200
vt 0.13579100 0.39181500
vt 0.57384000 0.88229400
vt 0.88120300 0.26584600
vt 0.60321600 0.64291000
vt 0.06575400 0.20043000
vt 0.64655200 0.09267200
vt 0.02504400 0.58944500
vt 0.59518300 0.27650800
vt 0.23701000 0.18744300
vt 0.21688500 0.86352300
vt 0.38037900 0.39477400
vt 0.44419400 0.48811100
vt 0.15271800 0.27378100
vt 0.61109100 0.34574600
vt 0.31463100 0.33946300
vt 0.05514900 0.18743700
vt 0.65192100 0.28679700
vt 0.03680700 0.71114800
vt 0.93808700 0.45097400
vt 0.75947300 0.37590800
vt 0.69305700 0.55991700
vt 0.62424700 0.45256900
vt 0.67359300 0.14182700
vt 0.11289700 0.54308800
vt 0.13135900 0.17639400
vt 0.52210600 0.37951800
vt 0.64655200 0.07316400
vt 0.49776800 0.47324700
vt 0.83992900 0.45155500
vt 0.66841500 0.24985600
vt 0.83586300 0.10101900
vt 0.30041900 0.72512200
vt 0.09091500 0.30985100
vt 0.09185500 0.02939100
vt 0.71574600 0.04999100
vt 0.14696200 0.18743000
vt 0.61021600 0.34996600
vt 0.41569800 0.89844200
vt 0.83402200 0.97470500
vt 0.04043100 0.17640300
vt 0.48216100 0.31973300
vt 0.56836200 0.74217200
vt 0.31750100 0.17592800
vt 0.10762700 0.84114200
vt 0.84500300 0.51758100
vt 0.94132100 0.39046600
vt 0.76691000 0.16126100
vt 0.29892200 0.14169000
vt 0.59595200 0.34403400
vt 0.16166600 0.18743000
vt 0.43741400 0.97867600
vt 0.58254100 0.25095100
vt 0.80186900 0.91537000
vt 0.03551200 0.20041400
vt 0.60251300 0.67025000
vt 0.16557700 0.77057700
vt 0.35731900 0.93898900
vt 0.64551800 0.02038300
vt 0.50452300 0.97976300
vt 0.29195000 0.62351100
vt 0.14898500 0.82851900
vt 0.25136600 0.68070800
vt 0.01008100 0.18744000
vt 0.61023000 0.27006700
vt 0.25263500 0.18745100
vt 0.15657300 0.29257800
vt 0.36266600 0.97041800
vt 0.02733200 0.98396100
vt 0.39635800 0.37003100
vt 0.81821100 0.14789100
vt 0.05359000 0.78546100
vt 0.82031300 0.14809700
vt 0.21955500 0.96289400
vt 0.02522800 0.98413700
vt 0.94024300 0.44840300
vt 0.76296300 0.37590000
vt 0.22952200 0.68263700
vt 0.67510500 0.65612400
vt 0.75566100 0.45218300
vt 0.08998700 0.59187300
vt 0.09975200 0.95899400
vt 0.68124900 0.24061500
vt 0.83582300 0.11695700
vt 0.06245000 0.27372800
vt 0.45909800 0.41882900
vt 0.09185500 0.08327100
vt 0.60356100 0.31306100
vt 0.01151900 0.12328800
vt 0.55835900 0.91955600
vt 0.29195000 0.62351100
vt 0.57384000 0.99499900
vt 0.90863400 0.31106700
vt 0.99194700 0.65471200
vt 0.37232700 0.81022700
vt 0.17869300 0.45119000
vt 0.28185100 0.17592700
vt 0.57569600 0.69586500
vt 0.62144600 0.32486900
vt 0.82002100 0.39149200
vt 0.58270500 0.07316400
vt 0.32057200 0.82286700
vt 0.36611800 0.67187400
vt 0.30579900 0.02038300
vt 0.59159700 0.31550900
vt 0.93491200 0.49310200
vt 0.70733000 0.37615300
vt 0.30579900 0.04842000
vt 0.06967400 0.53951800
vt 0.32641300 0.26871000
vt 0.32796700 0.91734100
vt 0.71797800 0.25256500
vt 0.85452700 0.92582200
vt 0.29459700 0.67613200
vt 0.82817400 0.10119100
vt 0.74800600 0.37594400
vt 0.93934000 0.46041700
vt 0.67914800 0.64478800
vt 0.74069900 0.45223600
vt 0.69247500 0.45249800
vt 0.69027200 0.60786800
vt 0.33655500 0.35879900
vt 0.72573500 0.45230700
vt 0.68319300 0.63345400
vt 0.65302300 0.25347700
vt 0.83588700 0.08504000
vt 0.90578700 0.99500000
vt 0.19324100 0.11120900
vt 0.77416000 0.98865300
vt 0.01149500 0.02038300
vt 0.43193000 0.39420000
vt 0.24964400 0.62070400
vt 0.16356700 0.82367400
vt 0.36132100 0.76043300
vt 0.17160400 0.50159000
vt 0.82817400 0.04192600
vt 0.19523700 0.93750000
vt 0.60373300 0.65769100
vt 0.04812700 0.20042000
vt 0.08444900 0.84725700
vt 0.11392500 0.77923000
vt 0.37168100 0.16118100
vt 0.73870100 0.91203300
vt 0.48977700 0.34627300
vt 0.74860100 0.94133000
vt 0.98693800 0.50742300
vt 0.40279900 0.16118100
vt 0.01151900 0.14169000
vt 0.61013500 0.68467400
vt 0.43336800 0.17593000
vt 0.14245500 0.20047800
vt 0.60346700 0.58167700
vt 0.37988900 0.26871200
vt 0.19039200 0.87839900
vt 0.14197300 0.33589800
vt 0.19192600 0.98627800
vt 0.01595500 0.87700800
vt 0.46205500 0.18464800
vt 0.21654800 0.88274900
vt 0.78468500 0.33805300
vt 0.37833100 0.37562000
vt 0.11049700 0.59251300
vt 0.69950700 0.08319000
vt 0.29302700 0.12328800
vt 0.53242400 0.63946000
vt 0.30997900 0.92083200
vt 0.31317200 0.93365000
vt 0.64390700 0.66596700
vt 0.79817400 0.03780600
vt 0.63771400 0.51294700
vt 0.92977100 0.36206900
vt 0.73585400 0.16126100
vt 0.63629700 0.33267300
vt 0.58270500 0.09267200
vt 0.71807900 0.37608500
vt 0.93753200 0.48460700
vt 0.60447900 0.18464800
vt 0.78468500 0.19178100
vt 0.09842400 0.99500000
vt 0.25199000 0.27420000
vt 0.71075400 0.45239400
vt 0.68724200 0.62212400
vt 0.29967600 0.26871000
vt 0.36089900 0.16118100
vt 0.74193300 0.90224500
vt 0.14691800 0.63962700
vt 0.33637700 0.49309400
vt 0.41569800 0.93043300
vt 0.83402200 0.94265100
vt 0.06182800 0.04842000
vt 0.86671400 0.49932600
vt 0.71574600 0.11120900
vt 0.09908000 0.38640000
vt 0.19898600 0.88023500
vt 0.55215000 0.09267200
vt 0.42445400 0.26871300
vt 0.50025700 0.32054300
vt 0.50191600 0.11120900
vt 0.81361900 0.70293400
vt 0.33532500 0.26871000
vt 0.32656600 0.34929300
vt 0.22816500 0.41918800
vt 0.70311000 0.37617600
vt 0.93655400 0.49687500
vt 0.69129400 0.61080100
vt 0.69572500 0.45248100
vt 0.17587100 0.90578400
vt 0.22560700 0.78833500
vt 0.77416000 0.97973600
vt 0.01149500 0.02939100
vt 0.33498100 0.71937200
vt 0.15522900 0.07153700
vt 0.60073300 0.77777000
vt 0.43741400 0.89774700
vt 0.49517700 0.25095100
vt 0.14898500 0.82851900
vt 0.89916400 0.69277200
vt 0.61102600 0.98228800
vt 0.95475900 0.53086500
vt 0.91635200 0.74694000
vt 0.19776500 0.87621700
vt 0.33667800 0.81863200
vt 0.25955100 0.89424700
vt 0.16627800 0.88269200
vt 0.53925500 0.33643200
vt 0.61695500 0.19196000
vt 0.01102200 0.88050000
vt 0.77416000 0.93743100
vt 0.01149500 0.07153700
vt 0.05147900 0.20042200
vt 0.60204900 0.65479100
vt 0.35315300 0.26871100
vt 0.09889600 0.70516300
vt 0.83592500 0.12534300
vt 0.68628000 0.23387100
vt 0.10970200 0.97417400
vt 0.78468500 0.21319100
vt 0.77416000 0.92581600
vt 0.01149500 0.08327100
vt 0.29680200 0.93826700
vt 0.73009000 0.06115700
vt 0.10516700 0.28728000
vt 0.31161900 0.97976300
vt 0.95475900 0.57531300
vt 0.95475700 0.73490000
vt 0.11741600 0.49596000
vt 0.62572300 0.27429800
vt 0.13479600 0.27377400
vt 0.45026400 0.47630500
vt 0.37219000 0.93300300
vt 0.09844100 0.31991900
vt 0.25608800 0.31073400
vt 0.41554200 0.26871300
vt 0.79817400 0.04999200
vt 0.65204900 0.51294700
vt 0.06182800 0.08327100
vt 0.15232300 0.69653600
vt 0.25791900 0.73156000
vt 0.30036500 0.15127200
vt 0.09239100 0.54146900
vt 0.37778400 0.16118100
vt 0.73992000 0.91796700
vt 0.57384100 0.90451700
vt 0.86222200 0.27652200
vt 0.65413100 0.31733700
vt 0.32786800 0.37828900
vt 0.22825600 0.35884800
vt 0.14101400 0.03891700
vt 0.12640300 0.34887600
vt 0.27293800 0.17592600
vt 0.58579000 0.68853100
vt 0.30210600 0.82811400
vt 0.52660100 0.18464800
vt 0.32769900 0.32289400
vt 0.36132100 0.76043300
vt 0.17160400 0.50159000
vt 0.16239400 0.31609600
vt 0.19384900 0.05779800
vt 0.63428000 0.96690400
vt 0.16568300 0.59233300
vt 0.34922900 0.67005200
vt 0.95131100 0.70354200
vt 0.95476000 0.60863600
vt 0.41569800 0.97085700
vt 0.83402200 0.90230000
vt 0.23194400 0.98119700
vt 0.01169700 0.96855700
vt 0.32057200 0.82286700
vt 0.35326400 0.81461700
vt 0.69986500 0.37619700
vt 0.93438600 0.49921900
vt 0.12840100 0.97175900
vt 0.78468500 0.23043500
vt 0.42858900 0.08319000
vt 0.44722800 0.10219400
vt 0.73009000 0.09267200
vt 0.38845900 0.93897000
vt 0.18471900 0.32171600
vt 0.07410500 0.99038300
vt 0.22781600 0.27903700
vt 0.23628900 0.73450800
vt 0.28443200 0.49038600
vt 0.02713500 0.87373000
vt 0.38017900 0.29690400
vt 0.30997900 0.92083200
vt 0.67817300 0.64170300
vt 0.73733300 0.45225100
vt 0.16470300 0.90658100
vt 0.31273700 0.34915000
vt 0.34796200 0.56878800
vt 0.17166900 0.69307700
vt 0.53919600 0.34656400
vt 0.91072000 0.54181400
vt 0.63490200 0.37630100
vt 0.64328800 0.71782500
vt 0.39771500 0.17592900
vt 0.15419300 0.92857900
vt 0.09134000 0.90440600
vt 0.57384100 0.93784000
vt 0.85983300 0.30802400
vt 0.75204200 0.37593100
vt 0.93764300 0.45692400
vt 0.93538600 0.48701200
vt 0.71479300 0.37610700
vt 0.34395200 0.91593600
vt 0.05783200 0.97988900
vt 0.21232300 0.29024500
vt 0.53008500 0.07316400
vt 0.81254900 0.33954800
vt 0.11274200 0.27376400
vt 0.46067800 0.46120800
vt 0.34203400 0.76443200
vt 0.55215000 0.08319000
vt 0.95476000 0.58642000
vt 0.95787200 0.72427200
vt 0.95476000 0.65471200
vt 0.90945200 0.70018000
vt 0.61102600 0.99500000
vt 0.00932600 0.84233700
vt 0.18920100 0.94392000
vt 0.83405700 0.03736000
vt 0.08635600 0.17640100
vt 0.48241500 0.36334700
vt 0.60447900 0.18464800
vt 0.78468500 0.19178100
vt 0.09842400 0.99500000
vt 0.25199000 0.27420000
vt 0.67542500 0.15145200
vt 0.46563700 0.07316400
vt 0.81494200 0.27528300
vt 0.77416000 0.95071400
vt 0.01149500 0.05779800
vt 0.35841200 0.04842000
vt 0.71574600 0.06093600
vt 0.17381900 0.30499100
vt 0.37892400 0.95659300
vt 0.29228800 0.92615800
vt 0.71797800 0.28805000
vt 0.85452700 0.96090200
vt 0.61500400 0.21415100
vt 0.00869900 0.85809100
vt 0.43741400 0.94664400
vt 0.54868100 0.25095100
vt 0.54181400 0.59638000
vt 0.09185500 0.09382100
vt 0.31578700 0.94715600
vt 0.61534600 0.37630800
vt 0.90831800 0.55514000
vt 0.93137100 0.36791300
vt 0.74195700 0.16126100
vt 0.08998700 0.59187300
vt 0.12832800 0.32047200
vt 0.01817500 0.92098400
vt 0.36811900 0.43533500
vt 0.20107400 0.82427900
vt 0.60788200 0.61579100
vt 0.09840500 0.20045100
vt 0.92614900 0.52414500
vt 0.66446200 0.37628100
vt 0.06182800 0.05779800
vt 0.02582700 0.92107700
vt 0.35544100 0.33374700
vt 0.44021500 0.50258800
vt 0.17080000 0.27378800
vt 0.62717800 0.85591600
vt 0.30579900 0.05779800
vt 0.71797800 0.21319100
vt 0.85452700 0.89080500
vt 0.68304600 0.04992500
vt 0.30858800 0.26871000
vt 0.27461700 0.56520800
vt 0.53008500 0.09267200
vt 0.43741400 0.89774700
vt 0.49517700 0.25095100
vt 0.95440200 0.34541700
vt 0.70153000 0.16126100
vt 0.36206300 0.26871100
vt 0.71797800 0.23043500
vt 0.85452700 0.90230000
vt 0.16510300 0.04842000
vt 0.66854800 0.04960900
vt 0.92890900 0.64854000
vt 0.73583900 0.12331900
vt 0.60558800 0.61911000
vt 0.09437400 0.20044700
vt 0.08221500 0.29622600
vt 0.28796200 0.97257600
vt 0.10761200 0.44009400
vt 0.71797800 0.33805300
vt 0.46205500 0.25095100
vt 0.41569800 0.87670400
vt 0.83402200 0.99658700
vt 0.14696200 0.17639500
vt 0.53651100 0.37345500
vt 0.01151900 0.15127200
vt 0.69413600 0.54645700
vt 0.57319200 0.51850100
vt 0.60632100 0.45256400
vt 0.21200100 0.56170800
vt 0.67215400 0.65857500
vt 0.75965000 0.45217200
vt 0.28443200 0.49038600
vt 0.19384900 0.03891700
vt 0.52723100 0.63174700
vt 0.30315400 0.12328800
vt 0.08399300 0.27374000
vt 0.45978300 0.43680600
vt 0.19197000 0.18743100
vt 0.57845300 0.31819900
vt 0.65536100 0.13228000
vt 0.48008000 0.61865600
vt 0.35472600 0.12328800
vt 0.01857100 0.88890600
vt 0.69950700 0.04991800
vt 0.24277900 0.84550400
vt 0.19153400 0.89090300
vt 0.78468500 0.31905700
vt 0.02864500 0.65506100
vt 0.29114800 0.15127200
vt 0.79770400 0.87407100
vt 0.29289600 0.16118100
vt 0.29357800 0.32064600
vt 0.20128300 0.98125500
vt 0.02461700 0.87339800
vt 0.13212900 0.28579200
vt 0.33872900 0.97917000
vt 0.80186900 0.98865300
vt 0.03547400 0.27371400
vt 0.45802600 0.39419000
vt 0.57569700 0.75226700
vt 0.32641300 0.17592800
vt 0.55215000 0.11120900
vt 0.81397600 0.65289600
vt 0.43741400 0.88446800
vt 0.48257900 0.25095100
vt 0.30996300 0.37492700
vt 0.14243400 0.34894800
vt 0.18759900 0.91177300
vt 0.78468500 0.30309700
vt 0.33657800 0.36680800
vt 0.47635300 0.34894300
vt 0.07075500 0.17640100
vt 0.07752500 0.70742400
vt 0.49370800 0.35561200
vt 0.01778500 0.95306500
vt 0.43741400 0.94664400
vt 0.54868100 0.25095100
vt 0.25210700 0.36289700
vt 0.02762800 0.53603600
vt 0.29705700 0.43426500
vt 0.14197300 0.33589800
vt 0.08005400 0.20043800
vt 0.60440000 0.63101500
vt 0.39179100 0.91755900
vt 0.18984400 0.34270500
vt 0.33320900 0.87397500
vt 0.33936900 0.33668800
vt 0.50859000 0.18464800
vt 0.02773000 0.42132100
vt 0.22361500 0.85126700
vt 0.60549700 0.63972000
vt 0.06966900 0.20043200
vt 0.02603600 0.96848400
vt 0.38082500 0.37016800
vt 0.67245600 0.45253600
vt 0.68599200 0.59357000
vt 0.15382100 0.32450300
vt 0.06326100 0.85194100
vt 0.61425900 0.10219400
vt 0.06326100 0.85194100
vt 0.37989000 0.17592800
vt 0.63943200 0.74217000
vt 0.19856500 0.98627700
vt 0.02168200 0.87709000
vt 0.09134000 0.90440600
vt 0.62200300 0.68853000
vt 0.42445500 0.17592900
vt 0.29725000 0.88218900
vt 0.06676000 0.43085300
vt 0.14245500 0.27377800
vt 0.45341600 0.48339300
vt 0.20793000 0.41641600
vt 0.04320500 0.85458500
vt 0.63502900 0.32099500
vt 0.50191600 0.08319000
vt 0.00500000 0.58885600
vt 0.18901900 0.68516400
vt 0.30838100 0.30857700
vt 0.54868100 0.18464800
vt 0.97456100 0.67234300
vt 0.67910100 0.12331900
vt 0.30579900 0.02939100
vt 0.68117000 0.63912100
vt 0.73321700 0.45226900
vt 0.33936900 0.33668800
vt 0.50859000 0.18464800
vt 0.04718600 0.42622300
vt 0.64551800 0.03891700
vt 0.19524600 0.98767400
vt 0.01881400 0.87791400
vt 0.31750100 0.26871000
vt 0.61292000 0.28321200
vt 0.04808800 0.27372000
vt 0.45857500 0.40678800
vt 0.72504900 0.16126100
vt 0.93234800 0.35206100
vt 0.38451500 0.86625100
vt 0.18712100 0.39449200
vt 0.62681100 0.58544500
vt 0.71574600 0.03777900
vt 0.87749700 0.69086300
vt 0.61102700 0.96005900
vt 0.82057300 0.10100400
vt 0.43367500 0.34858400
vt 0.92383600 0.51676500
vt 0.67245500 0.37627200
vt 0.19209100 0.55947300
vt 0.01698400 0.71349200
vt 0.79981600 0.86346100
vt 0.28124700 0.16118100
vt 0.17915500 0.81878000
vt 0.86423500 0.73618100
vt 0.61102700 0.90451600
vt 0.19615600 0.83473600
vt 0.71574600 0.07316400
vt 0.57381100 0.77777000
vt 0.14101400 0.09382100
vt 0.52789500 0.54884400
vt 0.36657600 0.94655800
vt 0.35795000 0.91612300
vt 0.06182800 0.03891700
vt 0.33532600 0.17592800
vt 0.58579200 0.75960100
vt 0.34333600 0.38055900
vt 0.69240100 0.37623500
vt 0.93378200 0.50540100
vt 0.11201900 0.64534800
vt 0.27645100 0.03891700
vt 0.31573100 0.43845400
vt 0.06738000 0.59100600
vt 0.69128600 0.51294700
vt 0.79817400 0.08319000
vt 0.21813200 0.87261200
vt 0.38080700 0.38559800
vt 0.05857500 0.27372600
vt 0.45701300 0.41555100
vt 0.99194600 0.56420400
vt 0.94553300 0.26640800
vt 0.63325400 0.30698300
vt 0.15419300 0.92857900
vt 0.15232300 0.69653600
vt 0.14101400 0.08327100
vt 0.33655500 0.35879900
vt 0.13591100 0.94697900
vt 0.30041600 0.13213600
vt 0.95476000 0.63085900
vt 0.93197500 0.69348200
vt 0.71797800 0.27316300
vt 0.85452700 0.94265100
vt 0.35315300 0.17592800
vt 0.61013700 0.76345600
vt 0.05672400 0.70936100
vt 0.72242500 0.45232600
vt 0.68219800 0.63043300
vt 0.09844100 0.31991900
vt 0.73009000 0.07316400
vt 0.34423800 0.26871000
vt 0.29562300 0.95836600
vt 0.61425900 0.09267200
vt 0.33637700 0.49309400
vt 0.70324600 0.45244000
vt 0.68926700 0.61646100
vt 0.14221300 0.44651200
vt 0.13504400 0.69974400
vt 0.27411300 0.67840700
vt 0.34029700 0.05779800
vt 0.63199800 0.82180100
vt 0.69332400 0.60513800
vt 0.68819300 0.45251400
vt 0.24538500 0.78441500
vt 0.10818800 0.34654900
vt 0.23056500 0.29924300
vt 0.16147200 0.27378500
vt 0.44726500 0.49640100
vt 0.01472200 0.96490300
vt 0.22927900 0.98612000
vt 0.33498100 0.71937200
vt 0.13217800 0.77702000
vt 0.13461000 0.49800100
vt 0.98612800 0.32031900
vt 0.65700900 0.16126100
vt 0.85122900 0.52821100
vt 0.68304600 0.11120900
vt 0.22010600 0.98119600
vt 0.02346800 0.96870800
vt 0.36113700 0.64302000
vt 0.27645100 0.02038300
vt 0.60178500 0.29904900
vt 0.61848200 0.23620800
vt 0.83596800 0.04470800
vt 0.34687800 0.94201800
vt 0.53008500 0.10219400
vt 0.42858900 0.09267200
vt 0.02864500 0.65506100
vt 0.41554200 0.17592900
vt 0.63209800 0.69586400
vt 0.09975200 0.95899400
vt 0.22575700 0.03891700
vt 0.34648600 0.44393900
vt 0.12935500 0.64237800
vt 0.26633700 0.78026900
vt 0.46563700 0.10219400
vt 0.69433900 0.60230200
vt 0.68503900 0.45252600
vt 0.32796700 0.91734100
vt 0.88851900 0.68965900
vt 0.61102700 0.97117200
vt 0.09741300 0.49340600
vt 0.32836100 0.56798400
vt 0.19384900 0.02939100
vt 0.71797800 0.31905700
vt 0.85452700 0.98790600
vt 0.00994900 0.96117800
vt 0.68475200 0.18962400
vt 0.69950700 0.10219400
vt 0.10866900 0.27376000
vt 0.45864300 0.45761400
vt 0.06738000 0.59100600
vt 0.71797800 0.21319100
vt 0.85452700 0.89080500
vt 0.43662600 0.33305100
vt 0.82057900 0.08502600
vt 0.18784100 0.61717700
vt 0.00868900 0.65647200
vt 0.58843000 0.33078400
vt 0.64459600 0.15145200
vt 0.41569800 0.93043300
vt 0.83402200 0.94265100
vt 0.13065000 0.83437300
vt 0.21200100 0.56170800
vt 0.19324100 0.07316400
vt 0.89530000 0.01637500
vt 0.19898600 0.88023500
vt 0.18163600 0.88298200
vt 0.60051700 0.28737100
vt 0.66854800 0.06093300
vt 0.08721200 0.20044300
vt 0.60499700 0.62506500
vt 0.59625000 0.54029800
vt 0.57381100 0.83829000
vt 0.19851900 0.20140800
vt 0.51865100 0.62490200
vt 0.31478000 0.12328800
vt 0.29705700 0.43426500
vt 0.16775200 0.39339000
vt 0.66734400 0.12331900
vt 0.98229900 0.68012100
vt 0.64462800 0.45256000
vt 0.68946000 0.57392700
vt 0.11671500 0.04842000
vt 0.07548600 0.97095700
vt 0.30838100 0.30857700
vt 0.54868100 0.18464800
vt 0.09366000 0.32993400
vt 0.28032500 0.72829800
vt 0.68473000 0.56587100
vt 0.63490300 0.45256500
vt 0.68421300 0.62479400
vt 0.71496000 0.45237000
vt 0.78468500 0.25256500
vt 0.15249600 0.95765700
vt 0.11049700 0.59251300
vt 0.69998400 0.45246100
vt 0.68825000 0.61351200
vt 0.16906900 0.32918200
vt 0.35326400 0.81461700
vt 0.32969900 0.67217700
vt 0.49776800 0.50155900
vt 0.66089900 0.04926300
vt 0.20782700 0.35567100
vt 0.04825700 0.91490600
vt 0.82062700 0.05310300
vt 0.42449800 0.30449700
vt 0.12699700 0.33486800
vt 0.09366000 0.32993400
vt 0.29680200 0.93826700
vt 0.87288900 0.74312300
vt 0.61102700 0.89340600
vt 0.36052500 0.59244300
vt 0.22575700 0.02038300
vt 0.92925100 0.65454100
vt 0.72977300 0.12331900
vt 0.02643600 0.88079300
vt 0.37359000 0.29967500
vt 0.26394600 0.48951300
vt 0.03368600 0.78792200
vt 0.20354900 0.48381600
vt 0.50191600 0.07316400
vt 0.81270800 0.31143700
vt 0.64551800 0.02939100
vt 0.74724600 0.89922200
vt 0.35472600 0.16118100
vt 0.82046300 0.12533200
vt 0.41847900 0.36712300
vt 0.39179100 0.91755900
vt 0.18984400 0.34270500
vt 0.92454600 0.26057200
vt 0.99194600 0.54198200
vt 0.33050800 0.44137000
vt 0.07960200 0.38185900
vt 0.29121000 0.13213600
vt 0.11671500 0.08327100
vt 0.34029700 0.04842000
vt 0.35841200 0.05779800
vt 0.63553300 0.80398500
vt 0.44318300 0.52513500
vt 0.19926500 0.27379300
vt 0.11741600 0.49596000
vt 0.74477900 0.45222100
vt 0.67616400 0.64733300
vt 0.89859400 0.31881500
vt 0.57384000 0.98228800
vt 0.56450600 0.73030500
vt 0.30858800 0.17592700
vt 0.22602500 0.94480700
vt 0.22602500 0.98098100
vt 0.69120600 0.58796000
vt 0.66446300 0.45254500
vt 0.20904200 0.68410300
vt 0.22575700 0.02939100
vt 0.83115400 0.04107300
vt 0.19191800 0.93889700
vt 0.36206500 0.17592800
vt 0.62200400 0.75960000
vt 0.24538500 0.78441500
vt 0.09208300 0.64841800
vt 0.25791900 0.73156000
vt 0.46563700 0.09267200
vt 0.68304600 0.09267200
vt 0.39300400 0.46436500
vt 0.09185500 0.02038300
vt 0.43741400 0.92983900
vt 0.52660100 0.25095100
vt 0.11671500 0.09382100
vt 0.53371200 0.57290000
vt 0.22820000 0.61944900
vt 0.16775200 0.39339000
vt 0.69950700 0.09267200
vt 0.25595600 0.03891700
vt 0.09015400 0.34245800
vt 0.90343000 0.58087400
vt 0.80747000 0.46493200
vt 0.58640200 0.37635900
vt 0.64418000 0.14182700
vt 0.95276900 0.27482900
vt 0.99194600 0.57531300
vt 0.08444900 0.84725700
vt 0.27185600 0.62211700
vt 0.14101400 0.02038300
vt 0.37556700 0.51008200
vt 0.38845900 0.93897000
vt 0.18471900 0.32171600
vt 0.17525300 0.89793900
vt 0.34456700 0.92882000
vt 0.59575600 0.32791200
vt 0.19197000 0.17639600
vt 0.55268000 0.33376200
vt 0.13040400 0.54430500
vt 0.09433200 0.27374700
vt 0.45819900 0.44544800
vt 0.44722800 0.07316400
vt 0.81766600 0.25713300
vt 0.14602100 0.59261800
vt 0.28268400 0.94746000
vt 0.28365000 0.29614600
vt 0.56771300 0.18464800
vt 0.82229100 0.13269200
vt 0.22010600 0.94459100
vt 0.27517000 0.93323500
vt 0.04881900 0.65338300
vt 0.30579900 0.03891700
vt 0.28051800 0.13213600
vt 0.09122000 0.20044500
vt 0.60728600 0.62177100
vt 0.08403500 0.20044100
vt 0.60669100 0.62775500
vt 0.29228800 0.92615800
vt 0.55215000 0.10219400
vt 0.42858900 0.10219400
vt 0.95036400 0.30631700
vt 0.99194700 0.60863600
vt 0.61731000 0.83829000
vt 0.21866400 0.23646100
vt 0.98693800 0.45471900
vt 0.71082900 0.97747200
vt 0.33514400 0.96076000
vt 0.25595600 0.04842000
vt 0.82527900 0.12900100
vt 0.22277100 0.93966800
vt 0.05342800 0.48720300
vt 0.35802000 0.92878300
vt 0.43741400 0.92983900
vt 0.52660100 0.25095100
vt 0.63875200 0.27920600
vt 0.02570500 0.17640300
vt 0.49252200 0.30925100
vt 0.14320300 0.32237700
vt 0.31763100 0.72225000
vt 0.71886400 0.16126100
vt 0.93744400 0.34867500
vt 0.15534900 0.33471200
vt 0.14736600 0.08327100
vt 0.58658300 0.77777000
vt 0.16651600 0.91628100
vt 0.72971100 0.37602300
vt 0.93629800 0.47490100
vt 0.08001200 0.27373800
vt 0.45768000 0.43343100
vt 0.38376500 0.03891700
vt 0.34395200 0.91593600
vt 0.67549400 0.13228000
vt 0.62596000 0.28216300
vt 0.13504400 0.69974400
vt 0.53008500 0.08319000
vt 0.17525300 0.89793900
vt 0.84622600 0.54178200
vt 0.66854800 0.11120900
vt 0.13212900 0.28579200
vt 0.33872900 0.97917000
vt 0.07007200 0.65119600
vt 0.13003700 0.30448700
vt 0.43741400 0.91158300
vt 0.50859000 0.25095100
vt 0.06836600 0.91152000
vt 0.11577000 0.17639500
vt 0.50647800 0.37942700
vt 0.28268400 0.94746000
vt 0.82060100 0.06904600
vt 0.43340500 0.31756900
vt 0.57384000 0.87117800
vt 0.89227800 0.26669500
vt 0.13135900 0.18742900
vt 0.62658400 0.34997600
vt 0.02622300 0.88920600
vt 0.36707000 0.30499300
vt 0.53548900 0.35536900
vt 0.49289600 0.37370800
vt 0.10106300 0.17639800
vt 0.15382100 0.32450300
vt 0.95623500 0.28536400
vt 0.99194600 0.58642000
vt 0.58489300 0.33324600
vt 0.17637100 0.18743100
vt 0.35839400 0.31821400
vt 0.02600000 0.90511300
vt 0.77673600 0.89415000
vt 0.32474100 0.16118100
vt 0.20606600 0.79247600
vt 0.01390100 0.48085800
vt 0.35311200 0.37143600
vt 0.48257900 0.18464800
vt 0.17135500 0.34511000
vt 0.71797800 0.19178100
vt 0.41569800 0.98780700
vt 0.83402200 0.88556300
vt 0.60447900 0.25095100
vt 0.05531000 0.20042400
vt 0.60431700 0.65169800
vt 0.41776500 0.16126100
vt 0.96559700 0.08230100
vt 0.46563700 0.08319000
vt 0.18106400 0.92672000
vt 0.78468500 0.28805000
vt 0.15273100 0.91814300
vt 0.18920800 0.98125600
vt 0.01320200 0.87318000
vt 0.24082900 0.90113200
vt 0.04127600 0.37074900
vt 0.64655200 0.08319000
vt 0.38451500 0.86625100
vt 0.18712100 0.39449200
vt 0.44227900 0.26871400
vt 0.26402500 0.26870800
vt 0.19153400 0.89090300
vt 0.78468500 0.31905700
vt 0.26190800 0.83984100
vt 0.41776500 0.14182700
vt 0.06967400 0.53951800
vt 0.12935500 0.64237800
vt 0.59765900 0.76345600
vt 0.34423900 0.17592800
vt 0.19776500 0.87621700
vt 0.87449000 0.48722700
vt 0.73009000 0.11120900
vt 0.31093200 0.56704100
vt 0.04559000 0.59021400
vt 0.30041900 0.72512200
vt 0.28814300 0.77586700
vt 0.29357800 0.32064600
vt 0.11289700 0.54308800
vt 0.61536800 0.29517500
vt 0.31093200 0.56704100
vt 0.41569800 0.89844200
vt 0.83402200 0.97470500
vt 0.52877500 0.36216200
vt 0.73009000 0.10219400
vt 0.38845100 0.74622000
vt 0.38376500 0.02038300
vt 0.33050800 0.44137000
vt 0.09358200 0.78128800
vt 0.08850800 0.97272500
vt 0.72225400 0.37606300
vt 0.93584800 0.48093400
vt 0.69950700 0.03775200
vt 0.62547500 0.56929000
vt 0.66307600 0.14182700
vt 0.20787700 0.61832000
vt 0.35841200 0.02939100
vt 0.71574600 0.10219400
vt 0.18102500 0.27379100
vt 0.44618300 0.51095500
vt 0.32554900 0.35947500
vt 0.11851400 0.38975200
vt 0.26695500 0.30304400
vt 0.92700900 0.75006300
vt 0.95475900 0.54198200
vt 0.27810800 0.88789100
vt 0.40662900 0.17592900
vt 0.63943200 0.70595800
vt 0.49517700 0.18464800
vt 0.34724300 0.35094600
vt 0.09185500 0.05779800
vt 0.78468500 0.27316300
vt 0.17076200 0.94173500
vt 0.79951600 0.59316300
vt 0.01151900 0.16118100
vt 0.36931500 0.53281800
vt 0.16510300 0.02038300
vt 0.31131200 0.15127200
vt 0.31471500 0.16118100
vt 0.78518000 0.88975100
vt 0.55215000 0.07316400
vt 0.81470900 0.36145200
vt 0.37315000 0.91700500
vt 0.32705800 0.62519100
vt 0.62509200 0.55286600
vt 0.68304600 0.03772400
vt 0.43741400 0.97032300
vt 0.56771300 0.25095100
vt 0.66457300 0.13228000
vt 0.99194700 0.64197600
vt 0.92028800 0.31617900
vt 0.26983200 0.95954100
vt 0.06522600 0.31056700
vt 0.41569800 0.91218200
vt 0.83402200 0.96090200
vt 0.29020100 0.14169000
vt 0.19324100 0.09267200
vt 0.26394600 0.48951300
vt 0.52660100 0.18464800
vt 0.32769900 0.32289400
vt 0.12602000 0.44374400
vt 0.16510300 0.03891700
vt 0.15657300 0.29257800
vt 0.36266600 0.97041800
vt 0.95475900 0.51813300
vt 0.90603900 0.73950200
vt 0.61102600 0.85844400
vt 0.29076300 0.26870900
vt 0.79817400 0.11120900
vt 0.72419200 0.51294700
vt 0.91527500 0.43277000
vt 0.06182800 0.02939100
vt 0.32974400 0.93112100
vt 0.12840100 0.97175900
vt 0.78468500 0.23043500
vt 0.29398500 0.56611500
vt 0.35795000 0.91612300
vt 0.19523800 0.94413800
vt 0.57384100 0.92672200
vt 0.85636800 0.29747900
vt 0.53540900 0.64983900
vt 0.28138900 0.12328800
vt 0.19524600 0.98103600
vt 0.22825600 0.35884800
vt 0.53008500 0.11120900
vt 0.81254900 0.67485000
vt 0.15114600 0.39283100
vt 0.06182800 0.09382100
vt 0.55399000 0.62380100
vt 0.16627800 0.88269200
f 1004/1004 1089/1089 543/543
f 594/594 1182/1182 20/20
f 15/15 1825/1825 227/227
f 1395/1395 482/482 227/227
f 594/594 858/858 1182/1182
f 482/482 15/15 227/227
f 594/594 1675/1675 858/858
f 125/125 786/786 543/543
f 863/863 720/720 284/284
f 1800/1800 1520/1520 808/808
f 282/282 1002/1002 1254/1254
f 59/59 318/318 1163/1163
f 318/318 1154/1154 1163/1163
f 548/548 838/838 656/656
f 838/838 1496/1496 656/656
f 1695/1695 413/413 1496/1496
f 838/838 1695/1695 1496/1496
f 131/131 1561/1561 1496/1496
f 413/413 131/131 1496/1496
f 489/489 1402/1402 1724/1724
f 1402/1402 1609/1609 1724/1724
f 1369/1369 560/560 1212/1212
f 757/757 1826/1826 1747/1747
f 1390/1390 1125/1125 1747/1747
f 1446/1446 1202/1202 1147/1147
f 1287/1287 1365/1365 1236/1236
f 1033/1033 221/221 315/315
f 187/187 384/384 1541/1541
f 187/187 961/961 384/384
f 961/961 1821/1821 765/765
f 961/961 765/765 384/384
f 961/961 1054/1054 1821/1821
f 961/961 1779/1779 1054/1054
f 961/961 716/716 1779/1779
f 961/961 823/823 716/716
f 1235/1235 441/441 1533/1533
f 1532/1532 442/442 1251/1251
f 1089/1089 125/125 543/543
f 1528/1528 1039/1039 955/955
f 592/592 1426/1426 1528/1528
f 1522/1522 1016/1016 592/592
f 1418/1418 646/646 1522/1522
f 162/162 958/958 1418/1418
f 1140/1140 1347/1347 162/162
f 1574/1574 952/952 1140/1140
f 93/93 575/575 1574/1574
f 1254/1254 913/913 93/93
f 474/474 1513/1513 1520/1520
f 1520/1520 856/856 808/808
f 1156/1156 573/573 854/854
f 757/757 951/951 1156/1156
f 107/107 612/612 757/757
f 1670/1670 295/295 107/107
f 1767/1767 644/644 1670/1670
f 1157/1157 1010/1010 1767/1767
f 940/940 672/672 1157/1157
f 1125/1125 1038/1038 940/940
f 1390/1390 699/699 1125/1125
f 1369/1369 1025/1025 560/560
f 1202/1202 553/553 1147/1147
f 1681/1681 220/220 352/352
f 1681/1681 352/352 776/776
f 188/188 1643/1643 458/458
f 188/188 458/458 962/962
f 1495/1495 449/449 1128/1128
f 1495/1495 1128/1128 657/657
f 628/628 1490/1490 383/383
f 628/628 383/383 1723/1723
f 381/381 1490/1490 628/628
f 381/381 628/628 1445/1445
f 1725/1725 1339/1339 1552/1552
f 1725/1725 1552/1552 1183/1183
f 1182/1182 243/243 143/143
f 1182/1182 143/143 20/20
f 1339/1339 1678/1678 1162/1162
f 1339/1339 1162/1162 1552/1552
f 134/134 594/594 1230/1230
f 134/134 1230/1230 718/718
f 1678/1678 1167/1167 1796/1796
f 1678/1678 1796/1796 1162/1162
f 1167/1167 733/733 935/935
f 1167/1167 935/935 1796/1796
f 556/556 1006/1006 1237/1237
f 556/556 1237/1237 1546/1546
f 40/40 1607/1607 286/286
f 40/40 286/286 1252/1252
f 807/807 857/857 552/552
f 807/807 552/552 1201/1201
f 1801/1801 1223/1223 1268/1268
f 1801/1801 1268/1268 1768/1768
f 1521/1521 1148/1148 552/552
f 1521/1521 552/552 857/857
f 394/394 1148/1148 1521/1521
f 394/394 1521/1521 1512/1512
f 1768/1768 1268/1268 870/870
f 1768/1768 870/870 1364/1364
f 1364/1364 870/870 348/348
f 1364/1364 348/348 281/281
f 29/29 1370/1370 1319/1319
f 29/29 1319/1319 1468/1468
f 1433/1433 370/370 29/29
f 1433/1433 29/29 1468/1468
f 542/542 228/228 911/911
f 542/542 911/911 538/538
f 954/954 1389/1389 370/370
f 954/954 370/370 1433/1433
f 698/698 1389/1389 954/954
f 698/698 954/954 1040/1040
f 591/591 941/941 1037/1037
f 591/591 1037/1037 1425/1425
f 673/673 941/941 591/591
f 673/673 591/591 1015/1015
f 1523/1523 1158/1158 673/673
f 1523/1523 673/673 1015/1015
f 1417/1417 1766/1766 1009/1009
f 1417/1417 1009/1009 645/645
f 161/161 1669/1669 643/643
f 161/161 643/643 957/957
f 294/294 1669/1669 161/161
f 294/294 161/161 1348/1348
f 1141/1141 108/108 294/294
f 1141/1141 294/294 1348/1348
f 613/613 108/108 1141/1141
f 613/613 1141/1141 953/953
f 1573/1573 756/756 613/613
f 1573/1573 613/613 953/953
f 950/950 756/756 1573/1573
f 950/950 1573/1573 574/574
f 94/94 1155/1155 950/950
f 94/94 950/950 574/574
f 572/572 1155/1155 94/94
f 572/572 94/94 914/914
f 1255/1255 538/538 911/911
f 1255/1255 911/911 855/855
f 243/243 381/381 1445/1445
f 243/243 1445/1445 143/143
f 718/718 1230/1230 1663/1663
f 718/718 1663/1663 73/73
f 1006/1006 1204/1204 704/704
f 1006/1006 704/704 1237/1237
f 1359/1359 556/556 1546/1546
f 1359/1359 1546/1546 797/797
f 461/461 704/704 1204/1204
f 461/461 1204/1204 882/882
f 1527/1527 1425/1425 1037/1037
f 1527/1527 1037/1037 1124/1124
f 1820/1820 1053/1053 132/132
f 1820/1820 132/132 415/415
f 1053/1053 1780/1780 1562/1562
f 1053/1053 1562/1562 132/132
f 1780/1780 715/715 490/490
f 1780/1780 490/490 1562/1562
f 715/715 824/824 1401/1401
f 715/715 1401/1401 490/490
f 824/824 1078/1078 1610/1610
f 824/824 1610/1610 1401/1401
f 1078/1078 1168/1168 1705/1705
f 1078/1078 1705/1705 1610/1610
f 1168/1168 485/485 307/307
f 1168/1168 307/307 1705/1705
f 1117/1117 1645/1645 307/307
f 1117/1117 307/307 485/485
f 362/362 1645/1645 1117/1117
f 362/362 1117/1117 564/564
f 731/731 362/362 564/564
f 731/731 564/564 1410/1410
f 198/198 1805/1805 731/731
f 198/198 731/731 1410/1410
f 198/198 1170/1170 928/928
f 198/198 928/928 1805/1805
f 630/630 1834/1834 222/222
f 630/630 222/222 834/834
f 1834/1834 1153/1153 316/316
f 1834/1834 316/316 222/222
f 1153/1153 317/317 494/494
f 1153/1153 494/494 316/316
f 317/317 60/60 1366/1366
f 317/317 1366/1366 494/494
f 60/60 114/114 1471/1471
f 60/60 1471/1471 1366/1366
f 114/114 1576/1576 1052/1052
f 114/114 1052/1052 1471/1471
f 1052/1052 1576/1576 926/926
f 1052/1052 926/926 1172/1172
f 1377/1377 1097/1097 630/630
f 1377/1377 630/630 834/834
f 1377/1377 1542/1542 549/549
f 1377/1377 549/549 1097/1097
f 1542/1542 385/385 837/837
f 1542/1542 837/837 549/549
f 385/385 764/764 1694/1694
f 385/385 1694/1694 837/837
f 1694/1694 764/764 1822/1822
f 1694/1694 1822/1822 414/414
f 657/657 1128/1128 296/296
f 657/657 296/296 1625/1625
f 797/797 73/73 1663/1663
f 797/797 1663/1663 1359/1359
f 1447/1447 347/347 220/220
f 1447/1447 220/220 1681/1681
f 1824/1824 14/14 1760/1760
f 1824/1824 1760/1760 1748/1748
f 8/8 1323/1323 775/775
f 8/8 775/775 445/445
f 807/807 1201/1201 40/40
f 807/807 40/40 1252/1252
f 332/332 1466/1466 1129/1129
f 332/332 1129/1129 18/18
f 325/325 841/841 352/352
f 325/325 352/352 220/220
f 347/347 1593/1593 325/325
f 347/347 325/325 220/220
f 481/481 1130/1130 1760/1760
f 481/481 1760/1760 14/14
f 1323/1323 1423/1423 1008/1008
f 1323/1323 1008/1008 775/775
f 1592/1592 678/678 1129/1129
f 1592/1592 1129/1129 1466/1466
f 454/454 831/831 127/127
f 454/454 127/127 138/138
f 512/512 831/831 454/454
f 512/512 454/454 1264/1264
f 332/332 1032/1032 660/660
f 332/332 660/660 1466/1466
f 1345/1345 1510/1510 1804/1804
f 1345/1345 1804/1804 1675/1675
f 1032/1032 1840/1840 1456/1456
f 1032/1032 1456/1456 660/660
f 1840/1840 1286/1286 1642/1642
f 1840/1840 1642/1642 1456/1456
f 1286/1286 445/445 775/775
f 1286/1286 775/775 1642/1642
f 1323/1323 8/8 776/776
f 1323/1323 776/776 352/352
f 347/347 1447/1447 692/692
f 347/347 692/692 1479/1479
f 1479/1479 692/692 1026/1026
f 1479/1479 1026/1026 1773/1773
f 1773/1773 1026/1026 1748/1748
f 1773/1773 1748/1748 1760/1760
f 1510/1510 512/512 1264/1264
f 1510/1510 1264/1264 1804/1804
f 134/134 1345/1345 1675/1675
f 134/134 1675/1675 594/594
f 188/188 18/18 1129/1129
f 188/188 1129/1129 1643/1643
f 1812/1812 1457/1457 1128/1128
f 1812/1812 1128/1128 449/449
f 1608/1608 1741/1741 383/383
f 1608/1608 383/383 1490/1490
f 112/112 1608/1608 1490/1490
f 112/112 1490/1490 381/381
f 1592/1592 835/835 1339/1339
f 1592/1592 1339/1339 1725/1725
f 858/858 1770/1770 243/243
f 858/858 243/243 1182/1182
f 835/835 1226/1226 1678/1678
f 835/835 1678/1678 1339/1339
f 1226/1226 1029/1029 1167/1167
f 1226/1226 1167/1167 1678/1678
f 1029/1029 1008/1008 733/733
f 1029/1029 733/733 1167/1167
f 80/80 1423/1423 841/841
f 80/80 841/841 1733/1733
f 308/308 1593/1593 1602/1602
f 308/308 1602/1602 997/997
f 997/997 1602/1602 419/419
f 997/997 419/419 589/589
f 589/589 419/419 1130/1130
f 589/589 1130/1130 207/207
f 1770/1770 112/112 381/381
f 1770/1770 381/381 243/243
f 1457/1457 678/678 296/296
f 1457/1457 296/296 1128/1128
f 1500/1500 721/721 862/862
f 1500/1500 862/862 500/500
f 473/473 559/559 394/394
f 473/473 394/394 1512/1512
f 1527/1527 1124/1124 698/698
f 1527/1527 698/698 1040/1040
f 1523/1523 645/645 1009/1009
f 1523/1523 1009/1009 1158/1158
f 1255/1255 855/855 572/572
f 1255/1255 572/572 914/914
f 380/380 331/331 1500/1500
f 380/380 1500/1500 500/500
f 785/785 124/124 1075/1075
f 785/785 1075/1075 1420/1420
f 1417/1417 957/957 643/643
f 1417/1417 643/643 1766/1766
f 80/80 412/412 935/935
f 80/80 935/935 733/733
f 1183/1183 1625/1625 296/296
f 1183/1183 296/296 1725/1725
f 473/473 1582/1582 1213/1213
f 473/473 1213/1213 559/559
f 1319/1319 1370/1370 1213/1213
f 1319/1319 1213/1213 1582/1582
f 325/325 625/625 1733/1733
f 325/325 1733/1733 841/841
f 1593/1593 308/308 625/625
f 1593/1593 625/625 325/325
f 481/481 1396/1396 207/207
f 481/481 207/207 1130/1130
f 1423/1423 80/80 733/733
f 1423/1423 733/733 1008/1008
f 880/880 283/283 1606/1606
f 880/880 1606/1606 459/459
f 1725/1725 296/296 678/678
f 1725/1725 678/678 1592/1592
f 1812/1812 458/458 1643/1643
f 1812/1812 1643/1643 1457/1457
f 454/454 138/138 1741/1741
f 454/454 1741/1741 1608/1608
f 1264/1264 454/454 1608/1608
f 1264/1264 1608/1608 112/112
f 1466/1466 660/660 835/835
f 1466/1466 835/835 1592/1592
f 1675/1675 1804/1804 1770/1770
f 1675/1675 1770/1770 858/858
f 660/660 1456/1456 1226/1226
f 660/660 1226/1226 835/835
f 1456/1456 1642/1642 1029/1029
f 1456/1456 1029/1029 1226/1226
f 1642/1642 775/775 1008/1008
f 1642/1642 1008/1008 1029/1029
f 1323/1323 352/352 841/841
f 1323/1323 841/841 1423/1423
f 347/347 1479/1479 1602/1602
f 347/347 1602/1602 1593/1593
f 1479/1479 1773/1773 419/419
f 1479/1479 419/419 1602/1602
f 1773/1773 1760/1760 1130/1130
f 1773/1773 1130/1130 419/419
f 1804/1804 1264/1264 112/112
f 1804/1804 112/112 1770/1770
f 1643/1643 1129/1129 678/678
f 1643/1643 678/678 1457/1457
f 1733/1733 862/862 412/412
f 1733/1733 412/412 80/80
f 862/862 1733/1733 625/625
f 862/862 625/625 500/500
f 500/500 625/625 308/308
f 500/500 308/308 380/380
f 380/380 308/308 997/997
f 380/380 997/997 642/642
f 642/642 997/997 589/589
f 642/642 589/589 1379/1379
f 1379/1379 589/589 207/207
f 1379/1379 207/207 1420/1420
f 1420/1420 207/207 1396/1396
f 1420/1420 1396/1396 785/785
f 786/786 1395/1395 227/227
f 786/786 227/227 543/543
f 331/331 380/380 642/642
f 331/331 642/642 128/128
f 128/128 642/642 1379/1379
f 128/128 1379/1379 1188/1188
f 1188/1188 1379/1379 1420/1420
f 1188/1188 1420/1420 1075/1075
f 1223/1223 1235/1235 1500/1500
f 1223/1223 1500/1500 331/331
f 124/124 1088/1088 348/348
f 124/124 348/348 1075/1075
f 1235/1235 1533/1533 721/721
f 1235/1235 721/721 1500/1500
f 363/363 730/730 593/593
f 363/363 593/593 19/19
f 1644/1644 363/363 19/19
f 1644/1644 19/19 144/144
f 1644/1644 144/144 1444/1444
f 1644/1644 1444/1444 306/306
f 306/306 1444/1444 629/629
f 306/306 629/629 1704/1704
f 1609/1609 1704/1704 629/629
f 1609/1609 629/629 1724/1724
f 730/730 1806/1806 1229/1229
f 730/730 1229/1229 593/593
f 1575/1575 1360/1360 1664/1664
f 1575/1575 1664/1664 927/927
f 443/443 1800/1800 808/808
f 443/443 808/808 1250/1250
f 1769/1769 474/474 1520/1520
f 1769/1769 1520/1520 1800/1800
f 1363/1363 1581/1581 474/474
f 1363/1363 474/474 1769/1769
f 1363/1363 282/282 1320/1320
f 1363/1363 1320/1320 1581/1581
f 1528/1528 955/955 1320/1320
f 1528/1528 1320/1320 282/282
f 282/282 1522/1522 592/592
f 282/282 592/592 1528/1528
f 282/282 162/162 1418/1418
f 282/282 1418/1418 1522/1522
f 282/282 1574/1574 1140/1140
f 282/282 1140/1140 162/162
f 282/282 1254/1254 93/93
f 282/282 93/93 1574/1574
f 541/541 537/537 1254/1254
f 541/541 1254/1254 1002/1002
f 1532/1532 1251/1251 284/284
f 1532/1532 284/284 720/720
f 411/411 864/864 285/285
f 411/411 285/285 881/881
f 934/934 411/411 881/881
f 934/934 881/881 1203/1203
f 934/934 1203/1203 1005/1005
f 934/934 1005/1005 1797/1797
f 1163/1163 1797/1797 1005/1005
f 1163/1163 1005/1005 555/555
f 1664/1664 1229/1229 1806/1806
f 1664/1664 1806/1806 927/927
f 1575/1575 115/115 555/555
f 1575/1575 555/555 1360/1360
f 115/115 59/59 1163/1163
f 115/115 1163/1163 555/555
f 1154/1154 1835/1835 1553/1553
f 1154/1154 1553/1553 1163/1163
f 1835/1835 631/631 1184/1184
f 1835/1835 1184/1184 1553/1553
f 1098/1098 1626/1626 1184/1184
f 1098/1098 1184/1184 631/631
f 1098/1098 548/548 656/656
f 1098/1098 656/656 1626/1626
f 1561/1561 489/489 1724/1724
f 1561/1561 1724/1724 1496/1496
f 1545/1545 1470/1470 1051/1051
f 1545/1545 1051/1051 798/798
f 798/798 1051/1051 1171/1171
f 798/798 1171/1171 74/74
f 74/74 1171/1171 199/199
f 74/74 199/199 717/717
f 717/717 199/199 1411/1411
f 717/717 1411/1411 133/133
f 133/133 1411/1411 565/565
f 133/133 565/565 1344/1344
f 1344/1344 565/565 1116/1116
f 1344/1344 1116/1116 1511/1511
f 511/511 1511/1511 1116/1116
f 511/511 1116/1116 486/486
f 832/832 511/511 486/486
f 832/832 486/486 1169/1169
f 854/854 910/910 229/229
f 854/854 229/229 1826/1826
f 1156/1156 854/854 1826/1826
f 1156/1156 1826/1826 757/757
f 107/107 757/757 1747/1747
f 107/107 1747/1747 1670/1670
f 1767/1767 1670/1670 1747/1747
f 1767/1767 1747/1747 1157/1157
f 940/940 1157/1157 1747/1747
f 940/940 1747/1747 1125/1125
f 28/28 369/369 1390/1390
f 28/28 1390/1390 1369/1369
f 1369/1369 1390/1390 1747/1747
f 1369/1369 1747/1747 1025/1025
f 693/693 395/395 560/560
f 693/693 560/560 1025/1025
f 693/693 1446/1446 1147/1147
f 693/693 1147/1147 395/395
f 1680/1680 39/39 1202/1202
f 1680/1680 1202/1202 1446/1446
f 1680/1680 777/777 1605/1605
f 1680/1680 1605/1605 39/39
f 7/7 460/460 1605/1605
f 7/7 1605/1605 777/777
f 7/7 446/446 703/703
f 7/7 703/703 460/460
f 446/446 1287/1287 1236/1236
f 446/446 1236/1236 703/703
f 1470/1470 1545/1545 1236/1236
f 1470/1470 1236/1236 1365/1365
f 1841/1841 495/495 1365/1365
f 1841/1841 1365/1365 1287/1287
f 1033/1033 315/315 495/495
f 1033/1033 495/495 1841/1841
f 333/333 833/833 221/221
f 333/333 221/221 1033/1033
f 333/333 17/17 1376/1376
f 333/333 1376/1376 833/833
f 187/187 1541/1541 1376/1376
f 187/187 1376/1376 17/17
f 126/126 1079/1079 823/823
f 126/126 823/823 961/961
f 832/832 1169/1169 1079/1079
f 832/832 1079/1079 126/126
f 1223/1223 331/331 128/128
f 1223/1223 128/128 1268/1268
f 1268/1268 128/128 1188/1188
f 1268/1268 1188/1188 870/870
f 870/870 1188/1188 1075/1075
f 870/870 1075/1075 348/348
f 1801/1801 441/441 1235/1235
f 1801/1801 1235/1235 1223/1223
f 1088/1088 1003/1003 281/281
f 1088/1088 281/281 348/348
f 955/955 1432/1432 1467/1467
f 955/955 1467/1467 1320/1320
f 1321/1321 354/354 989/989
f 1321/1321 989/989 1665/1665
f 354/354 1206/1206 1538/1538
f 354/354 1538/1538 989/989
f 1665/1665 989/989 1291/1291
f 1665/1665 1291/1291 588/588
f 989/989 1538/1538 173/173
f 989/989 173/173 1291/1291
f 159/159 1419/1419 1539/1539
f 159/159 1539/1539 141/141
f 141/141 1539/1539 1604/1604
f 141/141 1604/1604 1435/1435
f 1206/1206 159/159 141/141
f 1206/1206 141/141 1538/1538
f 1538/1538 141/141 1435/1435
f 1538/1538 1435/1435 173/173
f 1321/1321 1665/1665 64/64
f 1321/1321 64/64 1111/1111
f 1665/1665 588/588 105/105
f 1665/1665 105/105 64/64
f 1111/1111 64/64 1616/1616
f 1111/1111 1616/1616 1189/1189
f 64/64 105/105 1560/1560
f 64/64 1560/1560 1616/1616
f 1419/1419 159/159 405/405
f 1419/1419 405/405 106/106
f 159/159 1206/1206 1685/1685
f 159/159 1685/1685 405/405
f 106/106 405/405 1076/1076
f 106/106 1076/1076 1240/1240
f 405/405 1685/1685 1279/1279
f 405/405 1279/1279 1076/1076
f 354/354 1321/1321 1111/1111
f 354/354 1111/1111 254/254
f 254/254 1111/1111 1189/1189
f 254/254 1189/1189 1818/1818
f 1206/1206 354/354 254/254
f 1206/1206 254/254 1685/1685
f 1685/1685 254/254 1818/1818
f 1685/1685 1818/1818 1279/1279
f 1539/1539 1419/1419 106/106
f 1539/1539 106/106 277/277
f 277/277 106/106 1240/1240
f 277/277 1240/1240 1808/1808
f 1604/1604 1539/1539 277/277
f 1604/1604 277/277 737/737
f 737/737 277/277 1808/1808
f 737/737 1808/1808 404/404
f 1435/1435 1604/1604 590/590
f 1435/1435 590/590 345/345
f 173/173 1435/1435 345/345
f 173/173 345/345 1777/1777
f 588/588 1291/1291 755/755
f 588/588 755/755 1842/1842
f 1291/1291 173/173 1777/1777
f 1291/1291 1777/1777 755/755
f 105/105 588/588 1842/1842
f 105/105 1842/1842 1601/1601
f 1560/1560 105/105 1601/1601
f 1560/1560 1601/1601 1362/1362
f 1604/1604 737/737 400/400
f 1604/1604 400/400 590/590
f 737/737 404/404 1732/1732
f 737/737 1732/1732 400/400
f 345/345 590/590 1333/1333
f 345/345 1333/1333 280/280
f 1777/1777 345/345 280/280
f 1777/1777 280/280 1242/1242
f 1842/1842 755/755 1816/1816
f 1842/1842 1816/1816 297/297
f 755/755 1777/1777 1242/1242
f 755/755 1242/1242 1816/1816
f 1601/1601 1842/1842 297/297
f 1601/1601 297/297 802/802
f 1362/1362 1601/1601 802/802
f 1362/1362 802/802 343/343
f 590/590 400/400 1351/1351
f 590/590 1351/1351 1333/1333
f 400/400 1732/1732 1313/1313
f 400/400 1313/1313 1351/1351
f 280/280 1333/1333 640/640
f 280/280 640/640 805/805
f 1242/1242 280/280 805/805
f 1242/1242 805/805 427/427
f 297/297 1816/1816 1572/1572
f 297/297 1572/1572 456/456
f 1816/1816 1242/1242 427/427
f 1816/1816 427/427 1572/1572
f 802/802 297/297 456/456
f 802/802 456/456 694/694
f 343/343 802/802 694/694
f 343/343 694/694 1110/1110
f 1333/1333 1351/1351 84/84
f 1333/1333 84/84 640/640
f 1351/1351 1313/1313 540/540
f 1351/1351 540/540 84/84
f 805/805 640/640 759/759
f 805/805 759/759 943/943
f 427/427 805/805 943/943
f 427/427 943/943 1094/1094
f 456/456 1572/1572 1754/1754
f 456/456 1754/1754 1622/1622
f 1572/1572 427/427 1094/1094
f 1572/1572 1094/1094 1754/1754
f 694/694 456/456 1622/1622
f 694/694 1622/1622 81/81
f 1110/1110 694/694 81/81
f 1110/1110 81/81 791/791
f 640/640 84/84 1303/1303
f 640/640 1303/1303 759/759
f 84/84 540/540 597/597
f 84/84 597/597 1303/1303
f 943/943 759/759 529/529
f 943/943 529/529 1394/1394
f 1094/1094 943/943 1394/1394
f 1094/1094 1394/1394 1205/1205
f 1622/1622 1754/1754 996/996
f 1622/1622 996/996 274/274
f 1754/1754 1094/1094 1205/1205
f 1754/1754 1205/1205 996/996
f 81/81 1622/1622 274/274
f 81/81 274/274 1627/1627
f 791/791 81/81 1627/1627
f 791/791 1627/1627 1114/1114
f 759/759 1303/1303 123/123
f 759/759 123/123 529/529
f 1303/1303 597/597 1340/1340
f 1303/1303 1340/1340 123/123
f 1394/1394 529/529 54/54
f 1394/1394 54/54 90/90
f 1205/1205 1394/1394 90/90
f 1205/1205 90/90 1590/1590
f 274/274 996/996 1391/1391
f 274/274 1391/1391 1464/1464
f 996/996 1205/1205 1590/1590
f 996/996 1590/1590 1391/1391
f 1627/1627 274/274 1464/1464
f 1627/1627 1464/1464 1020/1020
f 1114/1114 1627/1627 1020/1020
f 1114/1114 1020/1020 102/102
f 529/529 123/123 1458/1458
f 529/529 1458/1458 54/54
f 123/123 1340/1340 1488/1488
f 123/123 1488/1488 1458/1458
f 90/90 54/54 1416/1416
f 90/90 1416/1416 1297/1297
f 1590/1590 90/90 1297/1297
f 1590/1590 1297/1297 544/544
f 1464/1464 1391/1391 389/389
f 1464/1464 389/389 1677/1677
f 1391/1391 1590/1590 544/544
f 1391/1391 544/544 389/389
f 1020/1020 1464/1464 1677/1677
f 1020/1020 1677/1677 1091/1091
f 102/102 1020/1020 1091/1091
f 102/102 1091/1091 195/195
f 54/54 1458/1458 853/853
f 54/54 853/853 1416/1416
f 1458/1458 1488/1488 1372/1372
f 1458/1458 1372/1372 853/853
f 1297/1297 1416/1416 799/799
f 1297/1297 799/799 140/140
f 544/544 1297/1297 140/140
f 544/544 140/140 975/975
f 1677/1677 389/389 812/812
f 1677/1677 812/812 351/351
f 389/389 544/544 975/975
f 389/389 975/975 812/812
f 1091/1091 1677/1677 351/351
f 1091/1091 351/351 365/365
f 195/195 1091/1091 365/365
f 195/195 365/365 768/768
f 1416/1416 853/853 551/551
f 1416/1416 551/551 799/799
f 853/853 1372/1372 367/367
f 853/853 367/367 551/551
f 140/140 799/799 974/974
f 140/140 974/974 879/879
f 975/975 140/140 879/879
f 975/975 879/879 215/215
f 351/351 812/812 1050/1050
f 351/351 1050/1050 967/967
f 812/812 975/975 215/215
f 812/812 215/215 1050/1050
f 365/365 351/351 967/967
f 365/365 967/967 387/387
f 768/768 365/365 387/387
f 768/768 387/387 373/373
f 799/799 551/551 1322/1322
f 799/799 1322/1322 974/974
f 551/551 367/367 1337/1337
f 551/551 1337/1337 1322/1322
f 974/974 1329/1329 249/249
f 974/974 249/249 879/879
f 1050/1050 1058/1058 622/622
f 1050/1050 622/622 967/967
f 1050/1050 215/215 61/61
f 1050/1050 61/61 1058/1058
f 967/967 622/622 219/219
f 967/967 219/219 387/387
f 1322/1322 1688/1688 1329/1329
f 1322/1322 1329/1329 974/974
f 1337/1337 1535/1535 1688/1688
f 1337/1337 1688/1688 1322/1322
f 1329/1329 1461/1461 793/793
f 1329/1329 793/793 249/249
f 249/249 793/793 1728/1728
f 249/249 1728/1728 61/61
f 1688/1688 1515/1515 1461/1461
f 1688/1688 1461/1461 1329/1329
f 1535/1535 1160/1160 1515/1515
f 1535/1535 1515/1515 1688/1688
f 793/793 1461/1461 700/700
f 793/793 700/700 1408/1408
f 1728/1728 793/793 1408/1408
f 1728/1728 1408/1408 1404/1404
f 1142/1142 1728/1728 1404/1404
f 1142/1142 1404/1404 677/677
f 1461/1461 1515/1515 330/330
f 1461/1461 330/330 700/700
f 1515/1515 1160/1160 1133/1133
f 1515/1515 1133/1133 330/330
f 1408/1408 700/700 1126/1126
f 1408/1408 1126/1126 1525/1525
f 1404/1404 1408/1408 1525/1525
f 1404/1404 1525/1525 69/69
f 677/677 1404/1404 69/69
f 677/677 69/69 1726/1726
f 700/700 330/330 1070/1070
f 700/700 1070/1070 1126/1126
f 330/330 1133/1133 1013/1013
f 330/330 1013/1013 1070/1070
f 373/373 387/387 1378/1378
f 373/373 1378/1378 782/782
f 1378/1378 1055/1055 845/845
f 1378/1378 845/845 782/782
f 219/219 1055/1055 1378/1378
f 219/219 1378/1378 387/387
f 1142/1142 1058/1058 61/61
f 1142/1142 61/61 1728/1728
f 879/879 249/249 61/61
f 879/879 61/61 215/215
f 1058/1058 1142/1142 1679/1679
f 1058/1058 1679/1679 622/622
f 1142/1142 677/677 621/621
f 1142/1142 621/621 1679/1679
f 677/677 1726/1726 576/576
f 677/677 576/576 621/621
f 1679/1679 621/621 219/219
f 1679/1679 219/219 622/622
f 576/576 1270/1270 219/219
f 576/576 219/219 621/621
f 1055/1055 1497/1497 1397/1397
f 1055/1055 1397/1397 845/845
f 1524/1524 1127/1127 57/57
f 1524/1524 57/57 946/946
f 68/68 1524/1524 946/946
f 68/68 946/946 1412/1412
f 577/577 1727/1727 1192/1192
f 577/577 1192/1192 827/827
f 1727/1727 68/68 1412/1412
f 1727/1727 1412/1412 1192/1192
f 1127/1127 1071/1071 1483/1483
f 1127/1127 1483/1483 57/57
f 728/728 1271/1271 1475/1475
f 728/728 1475/1475 85/85
f 1271/1271 577/577 827/827
f 1271/1271 827/827 1475/1475
f 1071/1071 1012/1012 1717/1717
f 1071/1071 1717/1717 1483/1483
f 1476/1476 828/828 1758/1758
f 1476/1476 1758/1758 88/88
f 828/828 1193/1193 736/736
f 828/828 736/736 1758/1758
f 1193/1193 1413/1413 1492/1492
f 1193/1193 1492/1492 736/736
f 1413/1413 947/947 182/182
f 1413/1413 182/182 1492/1492
f 947/947 58/58 1119/1119
f 947/947 1119/1119 182/182
f 1119/1119 58/58 1484/1484
f 1119/1119 1484/1484 1719/1719
f 1497/1497 1055/1055 219/219
f 1497/1497 219/219 1270/1270
f 727/727 1397/1397 1497/1497
f 727/727 1497/1497 1270/1270
f 238/238 213/213 1618/1618
f 238/238 1618/1618 1455/1455
f 1455/1455 1618/1618 1828/1828
f 1455/1455 1828/1828 160/160
f 213/213 1384/1384 1159/1159
f 213/213 1159/1159 1618/1618
f 1618/1618 1159/1159 1469/1469
f 1618/1618 1469/1469 1828/1828
f 1200/1200 702/702 1074/1074
f 1200/1200 1074/1074 605/605
f 702/702 1000/1000 1641/1641
f 702/702 1641/1641 1074/1074
f 160/160 1828/1828 702/702
f 160/160 702/702 1200/1200
f 1828/1828 1469/1469 1000/1000
f 1828/1828 1000/1000 702/702
f 238/238 1383/1383 70/70
f 238/238 70/70 213/213
f 213/213 70/70 708/708
f 213/213 708/708 1384/1384
f 1383/1383 1190/1190 1615/1615
f 1383/1383 1615/1615 70/70
f 70/70 1615/1615 1559/1559
f 70/70 1559/1559 708/708
f 605/605 335/335 109/109
f 605/605 109/109 1200/1200
f 1200/1200 109/109 1650/1650
f 1200/1200 1650/1650 160/160
f 335/335 1241/1241 1077/1077
f 335/335 1077/1077 109/109
f 109/109 1077/1077 1280/1280
f 109/109 1280/1280 1650/1650
f 1455/1455 230/230 1383/1383
f 1455/1455 1383/1383 238/238
f 230/230 1819/1819 1190/1190
f 230/230 1190/1190 1383/1383
f 160/160 1650/1650 230/230
f 160/160 230/230 1455/1455
f 1650/1650 1280/1280 1819/1819
f 1650/1650 1819/1819 230/230
f 1074/1074 1691/1691 335/335
f 1074/1074 335/335 605/605
f 1691/1691 1807/1807 1241/1241
f 1691/1691 1241/1241 335/335
f 1641/1641 321/321 1691/1691
f 1641/1641 1691/1691 1074/1074
f 321/321 403/403 1807/1807
f 321/321 1807/1807 1691/1691
f 1000/1000 1332/1332 1781/1781
f 1000/1000 1781/1781 1641/1641
f 1469/1469 779/779 1332/1332
f 1469/1469 1332/1332 1000/1000
f 1384/1384 53/53 662/662
f 1384/1384 662/662 1159/1159
f 1159/1159 662/662 779/779
f 1159/1159 779/779 1469/1469
f 708/708 679/679 53/53
f 708/708 53/53 1384/1384
f 1559/1559 1361/1361 679/679
f 1559/1559 679/679 708/708
f 1641/1641 1781/1781 1057/1057
f 1641/1641 1057/1057 321/321
f 321/321 1057/1057 1731/1731
f 321/321 1731/1731 403/403
f 1332/1332 142/142 1740/1740
f 1332/1332 1740/1740 1781/1781
f 779/779 320/320 142/142
f 779/779 142/142 1332/1332
f 53/53 1056/1056 936/936
f 53/53 936/936 662/662
f 662/662 936/936 320/320
f 662/662 320/320 779/779
f 679/679 1530/1530 1056/1056
f 679/679 1056/1056 53/53
f 1361/1361 342/342 1530/1530
f 1361/1361 1530/1530 679/679
f 1781/1781 1740/1740 1269/1269
f 1781/1781 1269/1269 1057/1057
f 1057/1057 1269/1269 1314/1314
f 1057/1057 1314/1314 1731/1731
f 142/142 1465/1465 1434/1434
f 142/142 1434/1434 1740/1740
f 320/320 1752/1752 1465/1465
f 320/320 1465/1465 142/142
f 1056/1056 510/510 388/388
f 1056/1056 388/388 936/936
f 936/936 388/388 1752/1752
f 936/936 1752/1752 320/320
f 1530/1530 273/273 510/510
f 1530/1530 510/510 1056/1056
f 342/342 1109/1109 273/273
f 342/342 273/273 1530/1530
f 1740/1740 1434/1434 1042/1042
f 1740/1740 1042/1042 1269/1269
f 1269/1269 1042/1042 539/539
f 1269/1269 539/539 1314/1314
f 1465/1465 1591/1591 1135/1135
f 1465/1465 1135/1135 1434/1434
f 1752/1752 216/216 1591/1591
f 1752/1752 1591/1591 1465/1465
f 510/510 1662/1662 867/867
f 510/510 867/867 388/388
f 388/388 867/867 216/216
f 388/388 216/216 1752/1752
f 273/273 1441/1441 1662/1662
f 273/273 1662/1662 510/510
f 1109/1109 792/792 1441/1441
f 1109/1109 1441/1441 273/273
f 1434/1434 1135/1135 814/814
f 1434/1434 814/814 1042/1042
f 1042/1042 814/814 598/598
f 1042/1042 598/598 539/539
f 1591/1591 897/897 912/912
f 1591/1591 912/912 1135/1135
f 216/216 1429/1429 897/897
f 216/216 897/897 1591/1591
f 1662/1662 323/323 948/948
f 1662/1662 948/948 867/867
f 867/867 948/948 1429/1429
f 867/867 1429/1429 216/216
f 1441/1441 116/116 323/323
f 1441/1441 323/323 1662/1662
f 792/792 1115/1115 116/116
f 792/792 116/116 1441/1441
f 1135/1135 912/912 1583/1583
f 1135/1135 1583/1583 814/814
f 814/814 1583/1583 1341/1341
f 814/814 1341/1341 598/598
f 897/897 364/364 754/754
f 897/897 754/754 912/912
f 1429/1429 322/322 364/364
f 1429/1429 364/364 897/897
f 323/323 27/27 895/895
f 323/323 895/895 948/948
f 948/948 895/895 322/322
f 948/948 322/322 1429/1429
f 116/116 1799/1799 27/27
f 116/116 27/27 323/323
f 1115/1115 103/103 1799/1799
f 1115/1115 1799/1799 116/116
f 912/912 754/754 1771/1771
f 912/912 1771/1771 1583/1583
f 1583/1583 1771/1771 1487/1487
f 1583/1583 1487/1487 1341/1341
f 364/364 825/825 45/45
f 364/364 45/45 754/754
f 322/322 707/707 825/825
f 322/322 825/825 364/364
f 27/27 1756/1756 1831/1831
f 27/27 1831/1831 895/895
f 895/895 1831/1831 707/707
f 895/895 707/707 322/322
f 1799/1799 1473/1473 1756/1756
f 1799/1799 1756/1756 27/27
f 103/103 194/194 1473/1473
f 103/103 1473/1473 1799/1799
f 754/754 45/45 1253/1253
f 754/754 1253/1253 1771/1771
f 1771/1771 1253/1253 1371/1371
f 1771/1771 1371/1371 1487/1487
f 825/825 1549/1549 493/493
f 825/825 493/493 45/45
f 707/707 1136/1136 1549/1549
f 707/707 1549/1549 825/825
f 1756/1756 750/750 52/52
f 1756/1756 52/52 1831/1831
f 1831/1831 52/52 1136/1136
f 1831/1831 1136/1136 707/707
f 1473/1473 1021/1021 750/750
f 1473/1473 750/750 1756/1756
f 194/194 769/769 1021/1021
f 194/194 1021/1021 1473/1473
f 45/45 493/493 780/780
f 45/45 780/780 1253/1253
f 1253/1253 780/780 368/368
f 1253/1253 368/368 1371/1371
f 1549/1549 796/796 344/344
f 1549/1549 344/344 493/493
f 1136/1136 1508/1508 796/796
f 1136/1136 796/796 1549/1549
f 750/750 1763/1763 620/620
f 750/750 620/620 52/52
f 52/52 620/620 1508/1508
f 52/52 1508/1508 1136/1136
f 1021/1021 1463/1463 1763/1763
f 1021/1021 1763/1763 750/750
f 769/769 372/372 1463/1463
f 769/769 1463/1463 1021/1021
f 493/493 344/344 801/801
f 493/493 801/801 780/780
f 780/780 801/801 1336/1336
f 780/780 1336/1336 368/368
f 390/390 177/177 344/344
f 390/390 344/344 796/796
f 201/201 617/617 620/620
f 201/201 620/620 1763/1763
f 620/620 617/617 327/327
f 620/620 327/327 1508/1508
f 504/504 201/201 1763/1763
f 504/504 1763/1763 1463/1463
f 177/177 1101/1101 801/801
f 177/177 801/801 344/344
f 1101/1101 1534/1534 1336/1336
f 1101/1101 1336/1336 801/801
f 177/177 390/390 734/734
f 177/177 734/734 1086/1086
f 390/390 327/327 732/732
f 390/390 732/732 734/734
f 1101/1101 177/177 1086/1086
f 1101/1101 1086/1086 1436/1436
f 1534/1534 1101/1101 1436/1436
f 1534/1534 1436/1436 1161/1161
f 734/734 1753/1753 1778/1778
f 734/734 1778/1778 1086/1086
f 732/732 616/616 1753/1753
f 732/732 1753/1753 734/734
f 710/710 1035/1035 616/616
f 710/710 616/616 732/732
f 1086/1086 1778/1778 186/186
f 1086/1086 186/186 1436/1436
f 1436/1436 186/186 1134/1134
f 1436/1436 1134/1134 1161/1161
f 1753/1753 1342/1342 1629/1629
f 1753/1753 1629/1629 1778/1778
f 616/616 1815/1815 1342/1342
f 616/616 1342/1342 1753/1753
f 1035/1035 1311/1311 1815/1815
f 1035/1035 1815/1815 616/616
f 1778/1778 1629/1629 803/803
f 1778/1778 803/803 186/186
f 186/186 803/803 1014/1014
f 186/186 1014/1014 1134/1134
f 569/569 1463/1463 372/372
f 569/569 372/372 781/781
f 569/569 781/781 846/846
f 569/569 846/846 809/809
f 569/569 809/809 504/504
f 569/569 504/504 1463/1463
f 327/327 617/617 710/710
f 327/327 710/710 732/732
f 327/327 390/390 796/796
f 327/327 796/796 1508/1508
f 617/617 201/201 806/806
f 617/617 806/806 710/710
f 710/710 806/806 956/956
f 710/710 956/956 1035/1035
f 1035/1035 956/956 154/154
f 1035/1035 154/154 1311/1311
f 806/806 201/201 504/504
f 806/806 504/504 956/956
f 504/504 178/178 154/154
f 504/504 154/154 956/956
f 1398/1398 420/420 809/809
f 1398/1398 809/809 846/846
f 1343/1343 1197/1197 1803/1803
f 1343/1343 1803/1803 1630/1630
f 1814/1814 1597/1597 1197/1197
f 1814/1814 1197/1197 1343/1343
f 153/153 1228/1228 1687/1687
f 153/153 1687/1687 1312/1312
f 1312/1312 1687/1687 1597/1597
f 1312/1312 1597/1597 1814/1814
f 1630/1630 1803/1803 887/887
f 1630/1630 887/887 804/804
f 726/726 86/86 164/164
f 726/726 164/164 179/179
f 179/179 164/164 1228/1228
f 179/179 1228/1228 153/153
f 804/804 887/887 1720/1720
f 804/804 1720/1720 1011/1011
f 1757/1757 1227/1227 163/163
f 1757/1757 163/163 87/87
f 735/735 1686/1686 1227/1227
f 735/735 1227/1227 1757/1757
f 1491/1491 1596/1596 1686/1686
f 1491/1491 1686/1686 735/735
f 181/181 1196/1196 1596/1596
f 181/181 1596/1596 1491/1491
f 1118/1118 1802/1802 1196/1196
f 1118/1118 1196/1196 181/181
f 1118/1118 1718/1718 886/886
f 1118/1118 886/886 1802/1802
f 420/420 178/178 504/504
f 420/420 504/504 809/809
f 420/420 1398/1398 729/729
f 420/420 729/729 178/178
f 382/382 524/524 1792/1792
f 1792/1792 1613/1613 382/382
f 1082/1082 1334/1334 985/985
f 985/985 740/740 1082/1082
f 1762/1762 416/416 1554/1554
f 1554/1554 893/893 1762/1762
f 606/606 89/89 374/374
f 374/374 712/712 606/606
f 1374/1374 266/266 1249/1249
f 1249/1249 1790/1790 1374/1374
f 1273/1273 266/266 1374/1374
f 1374/1374 1275/1275 1273/1273
f 1567/1567 942/942 1220/1220
f 1220/1220 1430/1430 1567/1567
f 1793/1793 1093/1093 37/37
f 37/37 1794/1794 1793/1793
f 942/942 687/687 558/558
f 558/558 1220/1220 942/942
f 687/687 1651/1651 747/747
f 747/747 558/558 687/687
f 1651/1651 749/749 637/637
f 637/637 747/747 1651/1651
f 976/976 4/4 264/264
f 264/264 505/505 976/976
f 674/674 1774/1774 596/596
f 596/596 279/279 674/674
f 166/166 1218/1218 1774/1774
f 1774/1774 674/674 166/166
f 1598/1598 1566/1566 921/921
f 921/921 1199/1199 1598/1598
f 1437/1437 1218/1218 166/166
f 166/166 377/377 1437/1437
f 848/848 1437/1437 377/377
f 377/377 503/503 848/848
f 1199/1199 921/921 1090/1090
f 1090/1090 1843/1843 1199/1199
f 1843/1843 1090/1090 1073/1073
f 1073/1073 654/654 1843/1843
f 79/79 1082/1082 740/740
f 740/740 396/396 79/79
f 888/888 1062/1062 1185/1185
f 1185/1185 1281/1281 888/888
f 973/973 889/889 1282/1282
f 1282/1282 1357/1357 973/973
f 439/439 789/789 79/79
f 79/79 396/396 439/439
f 1164/1164 789/789 439/439
f 439/439 787/787 1164/1164
f 1480/1480 1164/1164 787/787
f 787/787 5/5 1480/1480
f 604/604 288/288 817/817
f 817/817 118/118 604/604
f 819/819 288/288 604/604
f 604/604 1211/1211 819/819
f 1239/1239 1623/1623 819/819
f 819/819 1211/1211 1239/1239
f 155/155 1623/1623 1239/1239
f 1239/1239 1637/1637 155/155
f 1501/1501 688/688 155/155
f 155/155 1637/1637 1501/1501
f 1306/1306 1671/1671 1260/1260
f 1260/1260 1639/1639 1306/1306
f 519/519 1671/1671 1306/1306
f 1306/1306 209/209 519/519
f 47/47 375/375 519/519
f 519/519 209/209 47/47
f 522/522 375/375 47/47
f 47/47 1316/1316 522/522
f 840/840 491/491 522/522
f 522/522 1316/1316 840/840
f 919/919 491/491 840/840
f 840/840 579/579 919/919
f 608/608 1399/1399 919/919
f 919/919 579/579 608/608
f 258/258 1399/1399 608/608
f 608/608 1721/1721 258/258
f 337/337 258/258 1721/1721
f 1721/1721 1064/1064 337/337
f 973/973 1357/1357 337/337
f 337/337 1064/1064 973/973
f 1093/1093 1273/1273 1275/1275
f 1275/1275 37/37 1093/1093
f 1711/1711 1793/1793 1794/1794
f 696/696 1711/1711 1556/1556
f 1556/1556 1266/1266 696/696
f 1095/1095 816/816 4/4
f 4/4 976/976 1095/1095
f 505/505 264/264 705/705
f 705/705 1018/1018 505/505
f 816/816 1095/1095 981/981
f 981/981 11/11 816/816
f 118/118 817/817 1480/1480
f 1480/1480 5/5 118/118
f 1568/1568 712/712 374/374
f 374/374 1187/1187 1568/1568
f 705/705 1266/1266 1556/1556
f 1556/1556 1018/1018 705/705
f 25/25 72/72 382/382
f 382/382 1613/1613 25/25
f 848/848 503/503 985/985
f 985/985 1334/1334 848/848
f 964/964 1044/1044 1827/1827
f 1827/1827 328/328 964/964
f 1501/1501 1639/1639 1260/1260
f 1260/1260 688/688 1501/1501
f 514/514 1474/1474 1584/1584
f 1584/1584 1544/1544 514/514
f 279/279 596/596 1571/1571
f 1571/1571 1505/1505 279/279
f 9/9 980/980 1648/1648
f 1648/1648 299/299 9/9
f 401/401 457/457 1772/1772
f 1772/1772 262/262 401/401
f 300/300 1647/1647 1505/1505
f 1505/1505 1571/1571 300/300
f 1102/1102 1817/1817 524/524
f 524/524 382/382 1102/1102
f 251/251 1102/1102 382/382
f 382/382 72/72 251/251
f 246/246 1385/1385 1827/1827
f 1827/1827 1044/1044 246/246
f 1474/1474 1257/1257 1462/1462
f 1462/1462 1584/1584 1474/1474
f 371/371 444/444 1772/1772
f 1772/1772 457/457 371/371
f 1636/1636 1837/1837 923/923
f 923/923 67/67 1636/1636
f 998/998 1837/1837 1636/1636
f 1636/1636 1565/1565 998/998
f 401/401 938/938 1346/1346
f 1346/1346 457/457 401/401
f 1507/1507 1259/1259 1409/1409
f 1409/1409 192/192 1507/1507
f 938/938 1451/1451 671/671
f 671/671 1346/1346 938/938
f 1451/1451 483/483 185/185
f 185/185 671/671 1451/1451
f 483/483 1544/1544 1584/1584
f 1584/1584 185/185 483/483
f 72/72 25/25 1595/1595
f 1595/1595 869/869 72/72
f 869/869 1595/1595 328/328
f 328/328 1827/1827 869/869
f 1043/1043 963/963 1281/1281
f 1259/1259 998/998 1565/1565
f 1565/1565 1409/1409 1259/1259
f 696/696 1507/1507 192/192
f 1762/1762 262/262 1772/1772
f 1772/1772 416/416 1762/1762
f 1352/1352 1673/1673 374/374
f 374/374 89/89 1352/1352
f 722/722 982/982 1249/1249
f 1249/1249 266/266 722/722
f 1811/1811 722/722 266/266
f 266/266 1273/1273 1811/1811
f 371/371 1635/1635 942/942
f 942/942 1567/1567 371/371
f 429/429 883/883 1093/1093
f 1093/1093 1793/1793 429/429
f 1635/1635 1392/1392 687/687
f 687/687 942/942 1635/1635
f 1392/1392 1603/1603 1651/1651
f 1651/1651 687/687 1392/1392
f 1603/1603 1462/1462 749/749
f 749/749 1651/1651 1603/1603
f 251/251 760/760 811/811
f 811/811 1514/1514 251/251
f 760/760 1385/1385 1024/1024
f 1024/1024 811/811 760/760
f 1385/1385 246/246 305/305
f 305/305 1024/1024 1385/1385
f 304/304 245/245 1281/1281
f 883/883 1811/1811 1273/1273
f 1273/1273 1093/1093 883/883
f 1673/1673 444/444 1187/1187
f 1187/1187 374/374 1673/1673
f 587/587 453/453 772/772
f 772/772 1234/1234 587/587
f 1514/1514 813/813 453/453
f 453/453 587/587 1514/1514
f 305/305 1186/1186 1214/1214
f 1214/1214 1024/1024 305/305
f 795/795 1112/1112 637/637
f 637/637 749/749 795/795
f 1430/1430 1568/1568 1187/1187
f 1187/1187 1567/1567 1430/1430
f 813/813 1514/1514 811/811
f 811/811 1786/1786 813/813
f 1786/1786 811/811 1024/1024
f 1024/1024 1214/1214 1786/1786
f 1185/1185 304/304 1281/1281
f 453/453 101/101 1046/1046
f 1046/1046 772/772 453/453
f 581/581 101/101 453/453
f 453/453 813/813 581/581
f 1186/1186 1063/1063 23/23
f 23/23 1214/1214 1186/1186
f 587/587 1234/1234 1817/1817
f 1817/1817 1102/1102 587/587
f 1514/1514 587/587 1102/1102
f 1102/1102 251/251 1514/1514
f 1257/1257 795/795 749/749
f 749/749 1462/1462 1257/1257
f 1567/1567 1187/1187 444/444
f 444/444 371/371 1567/1567
f 1352/1352 1554/1554 416/416
f 416/416 1673/1673 1352/1352
f 722/722 1636/1636 67/67
f 67/67 982/982 722/722
f 1565/1565 1636/1636 722/722
f 722/722 1811/1811 1565/1565
f 457/457 1346/1346 1635/1635
f 1635/1635 371/371 457/457
f 192/192 1409/1409 883/883
f 883/883 429/429 192/192
f 1346/1346 671/671 1392/1392
f 1392/1392 1635/1635 1346/1346
f 671/671 185/185 1603/1603
f 1603/1603 1392/1392 671/671
f 185/185 1584/1584 1462/1462
f 1462/1462 1603/1603 185/185
f 72/72 869/869 760/760
f 760/760 251/251 72/72
f 869/869 1827/1827 1385/1385
f 1385/1385 760/760 869/869
f 245/245 1043/1043 1281/1281
f 1409/1409 1565/1565 1811/1811
f 1811/1811 883/883 1409/1409
f 696/696 192/192 429/429
f 416/416 1772/1772 444/444
f 444/444 1673/1673 416/416
f 1566/1566 581/581 250/250
f 250/250 921/921 1566/1566
f 921/921 250/250 23/23
f 23/23 1090/1090 921/921
f 1566/1566 1598/1598 1381/1381
f 1381/1381 1406/1406 1566/1566
f 524/524 1474/1474 514/514
f 514/514 1792/1792 524/524
f 1817/1817 1257/1257 1474/1474
f 1474/1474 524/524 1817/1817
f 795/795 1257/1257 1817/1817
f 1817/1817 1234/1234 795/795
f 772/772 1112/1112 795/795
f 795/795 1234/1234 772/772
f 1406/1406 1381/1381 1666/1666
f 101/101 1406/1406 1666/1666
f 1666/1666 1046/1046 101/101
f 1566/1566 1406/1406 101/101
f 101/101 581/581 1566/1566
f 1063/1063 1073/1073 1090/1090
f 1090/1090 23/23 1063/1063
f 581/581 813/813 1786/1786
f 1786/1786 250/250 581/581
f 250/250 1786/1786 1214/1214
f 1214/1214 23/23 250/250
f 1083/1083 847/847 1335/1335
f 1083/1083 790/790 329/329
f 329/329 1594/1594 1083/1083
f 513/513 10/10 298/298
f 298/298 1791/1791 513/513
f 1614/1614 1791/1791 298/298
f 298/298 1570/1570 1614/1614
f 26/26 1614/1614 1570/1570
f 1570/1570 595/595 26/26
f 26/26 595/595 1217/1217
f 26/26 1217/1217 847/847
f 1594/1594 26/26 847/847
f 1481/1481 287/287 329/329
f 329/329 790/790 1481/1481
f 1624/1624 689/689 329/329
f 329/329 287/287 1624/1624
f 1672/1672 376/376 329/329
f 329/329 689/689 1672/1672
f 376/376 492/492 965/965
f 965/965 329/329 376/376
f 338/338 1358/1358 1283/1283
f 1283/1283 965/965 338/338
f 1400/1400 338/338 965/965
f 965/965 492/492 1400/1400
f 513/513 1543/1543 815/815
f 815/815 10/10 513/513
f 1543/1543 484/484 3/3
f 3/3 815/815 1543/1543
f 484/484 1450/1450 265/265
f 265/265 3/3 484/484
f 1450/1450 937/937 706/706
f 706/706 265/265 1450/1450
f 937/937 402/402 1265/1265
f 1265/1265 706/706 937/937
f 263/263 697/697 1265/1265
f 1265/1265 402/402 263/263
f 263/263 1761/1761 1506/1506
f 1506/1506 697/697 263/263
f 1761/1761 1258/1258 1506/1506
f 1761/1761 999/999 1258/1258
f 1761/1761 1836/1836 999/999
f 1761/1761 894/894 924/924
f 924/924 1836/1836 1761/1761
f 1210/1210 603/603 1238/1238
f 1649/1649 979/979 1113/1113
f 1113/1113 770/770 1649/1649
f 1504/1504 1667/1667 1380/1380
f 1646/1646 771/771 1047/1047
f 1646/1646 1047/1047 1667/1667
f 1667/1667 1504/1504 1646/1646
f 655/655 890/890 972/972
f 972/972 1065/1065 655/655
f 655/655 1065/1065 609/609
f 609/609 839/839 655/655
f 655/655 839/839 46/46
f 46/46 1307/1307 655/655
f 1844/1844 655/655 1307/1307
f 1844/1844 1307/1307 1502/1502
f 1502/1502 1238/1238 1844/1844
f 440/440 741/741 1844/1844
f 1844/1844 6/6 440/440
f 741/741 502/502 1198/1198
f 1198/1198 1844/1844 741/741
f 165/165 1599/1599 1198/1198
f 1198/1198 502/502 165/165
f 278/278 1382/1382 1599/1599
f 1599/1599 165/165 278/278
f 278/278 1503/1503 1382/1382
f 979/979 1096/1096 636/636
f 636/636 1113/1113 979/979
f 977/977 748/748 636/636
f 636/636 1096/1096 977/977
f 977/977 506/506 557/557
f 557/557 748/748 977/977
f 1019/1019 1219/1219 557/557
f 557/557 506/506 1019/1019
f 1019/1019 1555/1555 1431/1431
f 1431/1431 1219/1219 1019/1019
f 1555/1555 1710/1710 1569/1569
f 1569/1569 1431/1431 1555/1555
f 1710/1710 1795/1795 1569/1569
f 1789/1789 607/607 711/711
f 711/711 1373/1373 1789/1789
f 38/38 1274/1274 1373/1373
f 1373/1373 711/711 38/38
f 38/38 711/711 1569/1569
f 1569/1569 1795/1795 38/38
f 1711/1711 696/696 429/429
f 429/429 1793/1793 1711/1711
f 888/888 1072/1072 1062/1062
f 888/888 653/653 1072/1072
f 1400/1400 259/259 338/338
f 492/492 920/920 1400/1400
f 376/376 523/523 492/492
f 689/689 1261/1261 1672/1672
f 1672/1672 520/520 376/376
f 1481/1481 818/818 287/287
f 287/287 820/820 1624/1624
f 1624/1624 156/156 689/689
f 790/790 1165/1165 1481/1481
f 1083/1083 78/78 790/790
f 1083/1083 1594/1594 847/847
f 595/595 1775/1775 1217/1217
f 1217/1217 1438/1438 847/847
f 1065/1065 1722/1722 609/609
f 609/609 580/580 839/839
f 839/839 1315/1315 46/46
f 46/46 210/210 1307/1307
f 603/603 6/6 1844/1844
f 1844/1844 1238/1238 603/603
f 1307/1307 1640/1640 1502/1502
f 1502/1502 1638/1638 1238/1238
f 603/603 119/119 6/6
f 6/6 788/788 440/440
f 440/440 397/397 741/741
f 741/741 986/986 502/502
f 502/502 378/378 165/165
f 165/165 675/675 278/278
f 1305/1305 193/193 1703/1703
f 1703/1703 1661/1661 1305/1305
f 488/488 1305/1305 1661/1661
f 1661/1661 725/725 488/488
f 794/794 50/50 193/193
f 193/193 1305/1305 794/794
f 1103/1103 794/794 1305/1305
f 1305/1305 488/488 1103/1103
f 1518/1518 455/455 554/554
f 554/554 1085/1085 1518/1518
f 139/139 44/44 455/455
f 455/455 1518/1518 139/139
f 455/455 488/488 725/725
f 725/725 554/554 455/455
f 44/44 1103/1103 488/488
f 488/488 455/455 44/44
f 1529/1529 255/255 1703/1703
f 1703/1703 193/193 1529/1529
f 1716/1716 1529/1529 193/193
f 193/193 50/50 1716/1716
f 1132/1132 614/614 255/255
f 255/255 1529/1529 1132/1132
f 1309/1309 1132/1132 1529/1529
f 1529/1529 1716/1716 1309/1309
f 170/170 868/868 1085/1085
f 1085/1085 554/554 170/170
f 149/149 170/170 554/554
f 554/554 725/725 149/149
f 99/99 223/223 868/868
f 868/868 170/170 99/99
f 1682/1682 99/99 170/170
f 170/170 149/149 1682/1682
f 255/255 122/122 1661/1661
f 1661/1661 1703/1703 255/255
f 614/614 901/901 122/122
f 122/122 255/255 614/614
f 122/122 149/149 725/725
f 725/725 1661/1661 122/122
f 901/901 1682/1682 149/149
f 149/149 122/122 901/901
f 868/868 436/436 1518/1518
f 1518/1518 1085/1085 868/868
f 223/223 516/516 436/436
f 436/436 868/868 223/223
f 436/436 423/423 139/139
f 139/139 1518/1518 436/436
f 516/516 66/66 423/423
f 423/423 436/436 516/516
f 44/44 139/139 1564/1564
f 1564/1564 1027/1027 44/44
f 1103/1103 44/44 1027/1027
f 1027/1027 661/661 1103/1103
f 50/50 794/794 836/836
f 836/836 738/738 50/50
f 794/794 1103/1103 661/661
f 661/661 836/836 794/794
f 1716/1716 50/50 738/738
f 738/738 1509/1509 1716/1716
f 1309/1309 1716/1716 1509/1509
f 1509/1509 1735/1735 1309/1309
f 139/139 423/423 313/313
f 313/313 1564/1564 139/139
f 423/423 66/66 602/602
f 602/602 313/313 423/423
f 1027/1027 1564/1564 359/359
f 359/359 13/13 1027/1027
f 661/661 1027/1027 13/13
f 13/13 568/568 661/661
f 738/738 836/836 686/686
f 686/686 1427/1427 738/738
f 836/836 661/661 568/568
f 568/568 686/686 836/836
f 1509/1509 738/738 1427/1427
f 1427/1427 663/663 1509/1509
f 1735/1735 1509/1509 663/663
f 663/663 930/930 1735/1735
f 1564/1564 313/313 517/517
f 517/517 359/359 1564/1564
f 313/313 602/602 196/196
f 196/196 517/517 313/313
f 13/13 359/359 1654/1654
f 1654/1654 357/357 13/13
f 568/568 13/13 357/357
f 357/357 1472/1472 568/568
f 1427/1427 686/686 1080/1080
f 1080/1080 1443/1443 1427/1427
f 686/686 568/568 1472/1472
f 1472/1472 1080/1080 686/686
f 663/663 1427/1427 1443/1443
f 1443/1443 12/12 663/663
f 930/930 663/663 12/12
f 12/12 969/969 930/930
f 359/359 517/517 180/180
f 180/180 1654/1654 359/359
f 517/517 196/196 1713/1713
f 1713/1713 180/180 517/517
f 357/357 1654/1654 821/821
f 821/821 1742/1742 357/357
f 1472/1472 357/357 1742/1742
f 1742/1742 550/550 1472/1472
f 1443/1443 1080/1080 859/859
f 859/859 758/758 1443/1443
f 1080/1080 1472/1472 550/550
f 550/550 859/859 1080/1080
f 12/12 1443/1443 758/758
f 758/758 563/563 12/12
f 969/969 12/12 563/563
f 563/563 35/35 969/969
f 1654/1654 180/180 24/24
f 24/24 821/821 1654/1654
f 180/180 1713/1713 225/225
f 225/225 24/24 180/180
f 1742/1742 821/821 1750/1750
f 1750/1750 1482/1482 1742/1742
f 550/550 1742/1742 1482/1482
f 1482/1482 915/915 550/550
f 758/758 859/859 1526/1526
f 1526/1526 501/501 758/758
f 859/859 550/550 915/915
f 915/915 1526/1526 859/859
f 563/563 758/758 501/501
f 501/501 42/42 563/563
f 35/35 563/563 42/42
f 42/42 527/527 35/35
f 821/821 24/24 842/842
f 842/842 1750/1750 821/821
f 24/24 225/225 451/451
f 451/451 842/842 24/24
f 1482/1482 1750/1750 1634/1634
f 1634/1634 1684/1684 1482/1482
f 915/915 1482/1482 1684/1684
f 1684/1684 360/360 915/915
f 501/501 1526/1526 521/521
f 521/521 1743/1743 501/501
f 1526/1526 915/915 360/360
f 360/360 521/521 1526/1526
f 42/42 501/501 1743/1743
f 1743/1743 98/98 42/42
f 527/527 42/42 98/98
f 98/98 82/82 527/527
f 1750/1750 842/842 1272/1272
f 1272/1272 1634/1634 1750/1750
f 842/842 451/451 635/635
f 635/635 1272/1272 842/842
f 1684/1684 1634/1634 293/293
f 293/293 826/826 1684/1684
f 360/360 1684/1684 826/826
f 826/826 1067/1067 360/360
f 1743/1743 521/521 55/55
f 55/55 1428/1428 1743/1743
f 521/521 360/360 1067/1067
f 1067/1067 55/55 521/521
f 98/98 1743/1743 1428/1428
f 1428/1428 1405/1405 98/98
f 82/82 98/98 1405/1405
f 1405/1405 1145/1145 82/82
f 1634/1634 1272/1272 683/683
f 683/683 293/293 1634/1634
f 1272/1272 635/635 172/172
f 172/172 683/683 1272/1272
f 826/826 293/293 272/272
f 272/272 1764/1764 826/826
f 1067/1067 826/826 1764/1764
f 1764/1764 16/16 1067/1067
f 1428/1428 55/55 1442/1442
f 1442/1442 822/822 1428/1428
f 55/55 1067/1067 16/16
f 16/16 1442/1442 55/55
f 1405/1405 1428/1428 822/822
f 822/822 891/891 1405/1405
f 1145/1145 1405/1405 891/891
f 891/891 533/533 1145/1145
f 293/293 683/683 906/906
f 906/906 272/272 293/293
f 683/683 172/172 1550/1550
f 1550/1550 906/906 683/683
f 1764/1764 272/272 1611/1611
f 1611/1611 302/302 1764/1764
f 16/16 1764/1764 302/302
f 302/302 1493/1493 16/16
f 822/822 1442/1442 896/896
f 896/896 438/438 822/822
f 1442/1442 16/16 1493/1493
f 1493/1493 896/896 1442/1442
f 891/891 822/822 438/438
f 438/438 1375/1375 891/891
f 533/533 891/891 1375/1375
f 1375/1375 271/271 533/533
f 272/272 906/906 1324/1324
f 1324/1324 1611/1611 272/272
f 906/906 1550/1550 639/639
f 639/639 1324/1324 906/906
f 1611/1611 1152/1152 701/701
f 701/701 302/302 1611/1611
f 896/896 1845/1845 1498/1498
f 1498/1498 438/438 896/896
f 896/896 1493/1493 695/695
f 695/695 1845/1845 896/896
f 438/438 1498/1498 988/988
f 988/988 1375/1375 438/438
f 1324/1324 339/339 1152/1152
f 1152/1152 1611/1611 1324/1324
f 639/639 137/137 339/339
f 339/339 1324/1324 639/639
f 1152/1152 916/916 472/472
f 472/472 701/701 1152/1152
f 701/701 472/472 239/239
f 239/239 695/695 701/701
f 339/339 410/410 916/916
f 916/916 1152/1152 339/339
f 137/137 681/681 410/410
f 410/410 339/339 137/137
f 472/472 916/916 713/713
f 713/713 214/214 472/472
f 239/239 472/472 214/214
f 214/214 1151/1151 239/239
f 244/244 239/239 1151/1151
f 1151/1151 1668/1668 244/244
f 916/916 410/410 1765/1765
f 1765/1765 713/713 916/916
f 410/410 681/681 417/417
f 417/417 1765/1765 410/410
f 214/214 713/713 1829/1829
f 1829/1829 567/567 214/214
f 1151/1151 214/214 567/567
f 567/567 1788/1788 1151/1151
f 1668/1668 1151/1151 1788/1788
f 1788/1788 240/240 1668/1668
f 713/713 1765/1765 424/424
f 424/424 1829/1829 713/713
f 1765/1765 417/417 1180/1180
f 1180/1180 424/424 1765/1765
f 271/271 1375/1375 104/104
f 104/104 1209/1209 271/271
f 104/104 1746/1746 76/76
f 76/76 1209/1209 104/104
f 988/988 1746/1746 104/104
f 104/104 1375/1375 988/988
f 244/244 1845/1845 695/695
f 695/695 239/239 244/244
f 302/302 701/701 695/695
f 695/695 1493/1493 302/302
f 1845/1845 244/244 1617/1617
f 1617/1617 1498/1498 1845/1845
f 244/244 1668/1668 1041/1041
f 1041/1041 1617/1617 244/244
f 1668/1668 240/240 1292/1292
f 1292/1292 1041/1041 1668/1668
f 1617/1617 1041/1041 988/988
f 988/988 1498/1498 1617/1617
f 1292/1292 1738/1738 988/988
f 988/988 1041/1041 1292/1292
f 1746/1746 1028/1028 48/48
f 48/48 76/76 1746/1746
f 566/566 1830/1830 1232/1232
f 1232/1232 783/783 566/566
f 1787/1787 566/566 783/783
f 783/783 33/33 1787/1787
f 1293/1293 241/241 256/256
f 256/256 664/664 1293/1293
f 241/241 1787/1787 33/33
f 33/33 256/256 241/241
f 1830/1830 425/425 1221/1221
f 1221/1221 1232/1232 1830/1830
f 994/994 1739/1739 21/21
f 21/21 1243/1243 994/994
f 1739/1739 1293/1293 664/664
f 664/664 21/21 1739/1739
f 425/425 1179/1179 476/476
f 476/476 1221/1221 425/425
f 22/22 665/665 874/874
f 874/874 1246/1246 22/22
f 665/665 257/257 1810/1810
f 1810/1810 874/874 665/665
f 257/257 34/34 1023/1023
f 1023/1023 1810/1810 257/257
f 34/34 784/784 470/470
f 470/470 1023/1023 34/34
f 784/784 1233/1233 448/448
f 448/448 470/470 784/784
f 448/448 1233/1233 1222/1222
f 1222/1222 478/478 448/448
f 1028/1028 1746/1746 988/988
f 988/988 1738/1738 1028/1028
f 1028/1028 1738/1738 993/993
f 993/993 48/48 1028/1028
f 685/685 535/535 892/892
f 892/892 1655/1655 685/685
f 525/525 684/684 535/535
f 535/535 685/685 525/525
f 1674/1674 685/685 1655/1655
f 1655/1655 1832/1832 1674/1674
f 945/945 525/525 685/685
f 685/685 1674/1674 945/945
f 1540/1540 743/743 217/217
f 217/217 1001/1001 1540/1540
f 1191/1191 1540/1540 1001/1001
f 1001/1001 1139/1139 1191/1191
f 1001/1001 217/217 684/684
f 684/684 525/525 1001/1001
f 1139/1139 1001/1001 525/525
f 525/525 945/945 1139/1139
f 1084/1084 1655/1655 892/892
f 892/892 2/2 1084/1084
f 1798/1798 1832/1832 1655/1655
f 1655/1655 1084/1084 1798/1798
f 1131/1131 1084/1084 2/2
f 2/2 615/615 1131/1131
f 1308/1308 1798/1798 1084/1084
f 1084/1084 1131/1131 1308/1308
f 437/437 217/217 743/743
f 743/743 1422/1422 437/437
f 206/206 684/684 217/217
f 217/217 437/437 206/206
f 100/100 437/437 1422/1422
f 1422/1422 224/224 100/100
f 1683/1683 206/206 437/437
f 437/437 100/100 1683/1683
f 2/2 892/892 535/535
f 535/535 471/471 2/2
f 615/615 2/2 471/471
f 471/471 902/902 615/615
f 471/471 535/535 684/684
f 684/684 206/206 471/471
f 902/902 471/471 206/206
f 206/206 1683/1683 902/902
f 1422/1422 743/743 1540/1540
f 1540/1540 1628/1628 1422/1422
f 224/224 1422/1422 1628/1628
f 1628/1628 515/515 224/224
f 1628/1628 1540/1540 1191/1191
f 1191/1191 1633/1633 1628/1628
f 515/515 1628/1628 1633/1633
f 1633/1633 65/65 515/515
f 1139/1139 56/56 739/739
f 739/739 1191/1191 1139/1139
f 945/945 475/475 56/56
f 56/56 1139/1139 945/945
f 1832/1832 676/676 1310/1310
f 1310/1310 1674/1674 1832/1832
f 1674/1674 1310/1310 475/475
f 475/475 945/945 1674/1674
f 1798/1798 462/462 676/676
f 676/676 1832/1832 1798/1798
f 1308/1308 1734/1734 462/462
f 462/462 1798/1798 1308/1308
f 1191/1191 739/739 346/346
f 346/346 1633/1633 1191/1191
f 1633/1633 346/346 601/601
f 601/601 65/65 1633/1633
f 56/56 399/399 659/659
f 659/659 739/739 56/56
f 475/475 1106/1106 399/399
f 399/399 56/56 475/475
f 676/676 234/234 1122/1122
f 1122/1122 1310/1310 676/676
f 1310/1310 1122/1122 1106/1106
f 1106/1106 475/475 1310/1310
f 462/462 1123/1123 234/234
f 234/234 676/676 462/462
f 1734/1734 929/929 1123/1123
f 1123/1123 462/462 1734/1734
f 739/739 659/659 571/571
f 571/571 346/346 739/739
f 346/346 571/571 197/197
f 197/197 601/601 346/346
f 399/399 75/75 1589/1589
f 1589/1589 659/659 399/399
f 1106/1106 174/174 75/75
f 75/75 399/399 1106/1106
f 234/234 647/647 393/393
f 393/393 1122/1122 234/234
f 1122/1122 393/393 174/174
f 174/174 1106/1106 1122/1122
f 1123/1123 1166/1166 647/647
f 647/647 234/234 1123/1123
f 929/929 968/968 1166/1166
f 1166/1166 1123/1123 929/929
f 659/659 1589/1589 324/324
f 324/324 571/571 659/659
f 571/571 324/324 1712/1712
f 1712/1712 197/197 571/571
f 75/75 1092/1092 752/752
f 752/752 1589/1589 75/75
f 174/174 1519/1519 1092/1092
f 1092/1092 75/75 174/174
f 647/647 714/714 1751/1751
f 1751/1751 393/393 647/647
f 393/393 1751/1751 1519/1519
f 1519/1519 174/174 393/393
f 1166/1166 1045/1045 714/714
f 714/714 647/647 1166/1166
f 968/968 36/36 1045/1045
f 1045/1045 1166/1166 968/968
f 1589/1589 752/752 409/409
f 409/409 324/324 1589/1589
f 324/324 409/409 226/226
f 226/226 1712/1712 324/324
f 1092/1092 431/431 545/545
f 545/545 752/752 1092/1092
f 1519/1519 719/719 431/431
f 431/431 1092/1092 1519/1519
f 714/714 450/450 121/121
f 121/121 1751/1751 714/714
f 1751/1751 121/121 719/719
f 719/719 1519/1519 1751/1751
f 1045/1045 1531/1531 450/450
f 450/450 714/714 1045/1045
f 36/36 528/528 1531/1531
f 1531/1531 1045/1045 36/36
f 752/752 545/545 499/499
f 499/499 409/409 752/752
f 409/409 499/499 452/452
f 452/452 226/226 409/409
f 431/431 966/966 1600/1600
f 1600/1600 545/545 431/431
f 719/719 1612/1612 966/966
f 966/966 431/431 719/719
f 450/450 233/233 925/925
f 925/925 121/121 450/450
f 121/121 925/925 1612/1612
f 1612/1612 719/719 121/121
f 1531/1531 406/406 233/233
f 233/233 450/450 1531/1531
f 528/528 83/83 406/406
f 406/406 1531/1531 528/528
f 545/545 1600/1600 252/252
f 252/252 499/499 545/545
f 499/499 252/252 634/634
f 634/634 452/452 499/499
f 966/966 200/200 509/509
f 509/509 1600/1600 966/966
f 1612/1612 1225/1225 200/200
f 200/200 966/966 1612/1612
f 233/233 1749/1749 430/430
f 430/430 925/925 233/233
f 925/925 430/430 1225/1225
f 1225/1225 1612/1612 925/925
f 406/406 358/358 1749/1749
f 1749/1749 233/233 406/406
f 83/83 1144/1144 358/358
f 358/358 406/406 83/83
f 1600/1600 509/509 1494/1494
f 1494/1494 252/252 1600/1600
f 252/252 1494/1494 171/171
f 171/171 634/634 252/252
f 200/200 1813/1813 212/212
f 212/212 509/509 200/200
f 1225/1225 1256/1256 1813/1813
f 1813/1813 200/200 1225/1225
f 1749/1749 379/379 51/51
f 51/51 430/430 1749/1749
f 430/430 51/51 1256/1256
f 1256/1256 1225/1225 430/430
f 358/358 1424/1424 379/379
f 379/379 1749/1749 358/358
f 1144/1144 534/534 1424/1424
f 1424/1424 358/358 1144/1144
f 509/509 212/212 570/570
f 570/570 1494/1494 509/509
f 1494/1494 570/570 1551/1551
f 1551/1551 171/171 1494/1494
f 1813/1813 386/386 392/392
f 392/392 212/212 1813/1813
f 1256/1256 1304/1304 386/386
f 386/386 1813/1813 1256/1256
f 379/379 1563/1563 1393/1393
f 1393/1393 51/51 379/379
f 51/51 1393/1393 1304/1304
f 1304/1304 1256/1256 51/51
f 1424/1424 334/334 1563/1563
f 1563/1563 379/379 1424/1424
f 534/534 270/270 334/334
f 334/334 1424/1424 534/534
f 212/212 392/392 1036/1036
f 1036/1036 570/570 212/212
f 570/570 1036/1036 638/638
f 638/638 1551/1551 570/570
f 432/432 1302/1302 392/392
f 392/392 386/386 432/432
f 1388/1388 1100/1100 1393/1393
f 1393/1393 1563/1563 1388/1388
f 1393/1393 1100/1100 1290/1290
f 1290/1290 1304/1304 1393/1393
f 546/546 1388/1388 1563/1563
f 1563/1563 334/334 546/546
f 1302/1302 1839/1839 1036/1036
f 1036/1036 392/392 1302/1302
f 1839/1839 136/136 638/638
f 638/638 1036/1036 1839/1839
f 1302/1302 432/432 547/547
f 547/547 530/530 1302/1302
f 432/432 1290/1290 1143/1143
f 1143/1143 547/547 432/432
f 1839/1839 1302/1302 530/530
f 530/530 496/496 1839/1839
f 136/136 1839/1839 496/496
f 496/496 682/682 136/136
f 547/547 1276/1276 113/113
f 113/113 530/530 547/547
f 1143/1143 850/850 1276/1276
f 1276/1276 547/547 1143/1143
f 1776/1776 205/205 850/850
f 850/850 1143/1143 1776/1776
f 530/530 113/113 766/766
f 766/766 496/496 530/530
f 496/496 766/766 418/418
f 418/418 682/682 496/496
f 1276/1276 1516/1516 289/289
f 289/289 113/113 1276/1276
f 850/850 1108/1108 1516/1516
f 1516/1516 1276/1276 850/850
f 205/205 1349/1349 1108/1108
f 1108/1108 850/850 205/205
f 113/113 289/289 291/291
f 291/291 766/766 113/113
f 766/766 291/291 1181/1181
f 1181/1181 418/418 766/766
f 270/270 1208/1208 426/426
f 426/426 334/334 270/270
f 426/426 1208/1208 77/77
f 77/77 120/120 426/426
f 426/426 120/120 546/546
f 546/546 334/334 426/426
f 1776/1776 1143/1143 1290/1290
f 1290/1290 1100/1100 1776/1776
f 1290/1290 432/432 386/386
f 386/386 1304/1304 1290/1290
f 1100/1100 1388/1388 1294/1294
f 1294/1294 1776/1776 1100/1100
f 1776/1776 1294/1294 1407/1407
f 1407/1407 205/205 1776/1776
f 205/205 1407/1407 1785/1785
f 1785/1785 1349/1349 205/205
f 1294/1294 1388/1388 546/546
f 546/546 1407/1407 1294/1294
f 1785/1785 1407/1407 546/546
f 546/546 1714/1714 1785/1785
f 120/120 77/77 49/49
f 49/49 242/242 120/120
f 1517/1517 1301/1301 627/627
f 627/627 290/290 1517/1517
f 1107/1107 1657/1657 1301/1301
f 1301/1301 1517/1517 1107/1107
f 1784/1784 1049/1049 408/408
f 408/408 1350/1350 1784/1784
f 1350/1350 408/408 1657/1657
f 1657/1657 1107/1107 1350/1350
f 290/290 627/627 232/232
f 232/232 292/292 290/290
f 992/992 1244/1244 1289/1289
f 1289/1289 1715/1715 992/992
f 1715/1715 1289/1289 1049/1049
f 1049/1049 1784/1784 1715/1715
f 292/292 232/232 479/479
f 479/479 1178/1178 292/292
f 1288/1288 1245/1245 873/873
f 873/873 1048/1048 1288/1288
f 1048/1048 873/873 1809/1809
f 1809/1809 407/407 1048/1048
f 407/407 1809/1809 1022/1022
f 1022/1022 1656/1656 407/407
f 1656/1656 1022/1022 469/469
f 469/469 1300/1300 1656/1656
f 1300/1300 469/469 447/447
f 447/447 626/626 1300/1300
f 447/447 477/477 231/231
f 231/231 626/626 447/447
f 242/242 1714/1714 546/546
f 546/546 120/120 242/242
f 242/242 49/49 995/995
f 995/995 1714/1714 242/242
f 248/248 312/312 1823/1823
f 1823/1823 1017/1017 248/248
f 1578/1578 248/248 1017/1017
f 1017/1017 1224/1224 1578/1578
f 878/878 1578/1578 1224/1224
f 1224/1224 1355/1355 878/878
f 312/312 931/931 658/658
f 658/658 1823/1823 312/312
f 1285/1285 878/878 1355/1355
f 1355/1355 944/944 1285/1285
f 931/931 1104/1104 778/778
f 778/778 658/658 931/931
f 1386/1386 1285/1285 944/944
f 944/944 1034/1034 1386/1386
f 1104/1104 190/190 1737/1737
f 1737/1737 778/778 1104/1104
f 1745/1745 1386/1386 1034/1034
f 1034/1034 1421/1421 1745/1745
f 189/189 984/984 669/669
f 669/669 1736/1736 189/189
f 1414/1414 1745/1745 1421/1421
f 1421/1421 1066/1066 1414/1414
f 984/984 1331/1331 1030/1030
f 1030/1030 669/669 984/984
f 1587/1587 1414/1414 1066/1066
f 1066/1066 1231/1231 1587/1587
f 1331/1331 1459/1459 1087/1087
f 1087/1087 1030/1030 1331/1331
f 610/610 1587/1587 1231/1231
f 1231/1231 326/326 610/610
f 1459/1459 1782/1782 353/353
f 353/353 1087/1087 1459/1459
f 1325/1325 610/610 326/326
f 326/326 987/987 1325/1325
f 1782/1782 1150/1150 810/810
f 810/810 353/353 1782/1782
f 633/633 1325/1325 987/987
f 987/987 361/361 633/633
f 1150/1150 633/633 361/361
f 361/361 810/810 1150/1150
f 632/632 1149/1149 1783/1783
f 1783/1783 1326/1326 632/632
f 1326/1326 1783/1783 1460/1460
f 1460/1460 611/611 1326/1326
f 611/611 1460/1460 1330/1330
f 1330/1330 1588/1588 611/611
f 1588/1588 1330/1330 983/983
f 983/983 1415/1415 1588/1588
f 1415/1415 983/983 191/191
f 191/191 1744/1744 1415/1415
f 1744/1744 191/191 1105/1105
f 1105/1105 1387/1387 1744/1744
f 1387/1387 1105/1105 932/932
f 932/932 1284/1284 1387/1387
f 1284/1284 932/932 311/311
f 311/311 877/877 1284/1284
f 877/877 311/311 247/247
f 247/247 1577/1577 877/877
f 1580/1580 680/680 908/908
f 908/908 1448/1448 1580/1580
f 903/903 1317/1317 1449/1449
f 1449/1449 909/909 903/903
f 92/92 422/422 356/356
f 356/356 1449/1449 92/92
f 309/309 1215/1215 1207/1207
f 1207/1207 763/763 309/309
f 1299/1299 422/422 309/309
f 309/309 763/763 1299/1299
f 1580/1580 1448/1448 355/355
f 355/355 468/468 1580/1580
f 1120/1120 267/267 680/680
f 680/680 1580/1580 1120/1120
f 268/268 1121/1121 157/157
f 157/157 433/433 268/268
f 1477/1477 1439/1439 31/31
f 1439/1439 1477/1477 1121/1121
f 1207/1207 63/63 498/498
f 498/498 763/763 1207/1207
f 763/763 498/498 31/31
f 31/31 1299/1299 763/763
f 1580/1580 468/468 1440/1440
f 1440/1440 1120/1120 1580/1580
f 1547/1547 1328/1328 1698/1698
f 1328/1328 1547/1547 1137/1137
f 1137/1137 1278/1278 1328/1328
f 518/518 1207/1207 1215/1215
f 1215/1215 1709/1709 518/518
f 518/518 1709/1709 1698/1698
f 1698/1698 1267/1267 518/518
f 1838/1838 1353/1353 1327/1327
f 1327/1327 1277/1277 1838/1838
f 1061/1061 111/111 991/991
f 991/991 1730/1730 691/691
f 691/691 1061/1061 991/991
f 147/147 63/63 1207/1207
f 1207/1207 518/518 147/147
f 111/111 147/147 518/518
f 518/518 1267/1267 111/111
f 1838/1838 1729/1729 990/990
f 990/990 1353/1353 1838/1838
f 1632/1632 908/908 680/680
f 680/680 1579/1579 1632/1632
f 1631/1631 773/773 905/905
f 905/905 907/907 1631/1631
f 1557/1557 1652/1652 667/667
f 1652/1652 1557/1557 1631/1631
f 949/949 303/303 1486/1486
f 1486/1486 1367/1367 949/949
f 949/949 1367/1367 667/667
f 667/667 253/253 949/949
f 1579/1579 562/562 1653/1653
f 1653/1653 1632/1632 1579/1579
f 680/680 267/267 236/236
f 236/236 1579/1579 680/680
f 269/269 434/434 349/349
f 349/349 237/237 269/269
f 1068/1068 918/918 175/175
f 175/175 237/237 1068/1068
f 866/866 960/960 303/303
f 303/303 949/949 866/866
f 918/918 866/866 949/949
f 949/949 253/253 918/918
f 1579/1579 236/236 176/176
f 176/176 562/562 1579/1579
f 1833/1833 526/526 624/624
f 624/624 746/746 1833/1833
f 1137/1137 507/507 623/623
f 623/623 1278/1278 1137/1137
f 723/723 1536/1536 95/95
f 95/95 744/744 650/650
f 650/650 723/723 95/95
f 1692/1692 1486/1486 303/303
f 303/303 1/1 1692/1692
f 586/586 1536/1536 1692/1692
f 1692/1692 1/1 586/586
f 1833/1833 746/746 96/96
f 96/96 971/971 1833/1833
f 761/761 526/526 1833/1833
f 1833/1833 1174/1174 761/761
f 203/203 1195/1195 762/762
f 762/762 1173/1173 203/203
f 1454/1454 1585/1585 341/341
f 1585/1585 1454/1454 204/204
f 204/204 1175/1175 1585/1585
f 1/1 303/303 960/960
f 960/960 463/463 1/1
f 1/1 463/463 341/341
f 341/341 586/586 1/1
f 1833/1833 971/971 1586/1586
f 1586/1586 1174/1174 1833/1833
f 310/310 1699/1699 1708/1708
f 1708/1708 1216/1216 310/310
f 310/310 421/421 1548/1548
f 1548/1548 1699/1699 310/310
f 421/421 91/91 1138/1138
f 1138/1138 1548/1548 421/421
f 1318/1318 1138/1138 91/91
f 904/904 508/508 1138/1138
f 1138/1138 1318/1318 904/904
f 774/774 1558/1558 1537/1537
f 1537/1537 724/724 774/774
f 1558/1558 668/668 1693/1693
f 1693/1693 1537/1537 1558/1558
f 1485/1485 1693/1693 668/668
f 668/668 1368/1368 1485/1485
f 959/959 865/865 917/917
f 917/917 464/464 959/959
f 464/464 917/917 1069/1069
f 1069/1069 340/340 464/464
f 340/340 1069/1069 350/350
f 350/350 1453/1453 340/340
f 202/202 350/350 435/435
f 202/202 435/435 158/158
f 158/158 690/690 1194/1194
f 202/202 158/158 1194/1194
f 690/690 1478/1478 32/32
f 32/32 1060/1060 690/690
f 1060/1060 32/32 497/497
f 497/497 110/110 1060/1060
f 110/110 497/497 62/62
f 62/62 148/148 110/110
f 158/158 1478/1478 690/690
f 202/202 1453/1453 350/350
f 1838/1838 1277/1277 624/624
f 624/624 526/526 1838/1838
f 652/652 745/745 623/623
f 623/623 507/507 652/652
f 761/761 1729/1729 1838/1838
f 1838/1838 526/526 761/761
f 691/691 1730/1730 762/762
f 762/762 1195/1195 691/691
f 774/774 651/651 508/508
f 508/508 904/904 774/774
f 774/774 724/724 651/651
f 1557/1557 773/773 1631/1631
f 237/237 349/349 1068/1068
f 1449/1449 1317/1317 92/92
f 1477/1477 157/157 1121/1121
f 918/918 253/253 561/561
f 918/918 561/561 175/175
f 1652/1652 561/561 667/667
f 561/561 253/253 667/667
f 1536/1536 970/970 95/95
f 1536/1536 586/586 970/970
f 970/970 586/586 341/341
f 1585/1585 970/970 341/341
f 1328/1328 1354/1354 1698/1698
f 111/111 1354/1354 991/991
f 422/422 1299/1299 467/467
f 422/422 467/467 356/356
f 467/467 1299/1299 31/31
f 1439/1439 467/467 31/31
f 1354/1354 1267/1267 1698/1698
f 111/111 1267/1267 1354/1354
f 235/235 1658/1658 336/336
f 336/336 218/218 235/235
f 366/366 235/235 218/218
f 218/218 641/641 366/366
f 852/852 531/531 1658/1658
f 1658/1658 235/235 852/852
f 275/275 852/852 235/235
f 235/235 366/366 275/275
f 301/301 1099/1099 666/666
f 666/666 41/41 301/301
f 599/599 146/146 1099/1099
f 1099/1099 301/301 599/599
f 1099/1099 366/366 641/641
f 641/641 666/666 1099/1099
f 146/146 275/275 366/366
f 366/366 1099/1099 146/146
f 152/152 30/30 319/319
f 319/319 43/43 152/152
f 649/649 152/152 43/43
f 43/43 830/830 649/649
f 135/135 939/939 30/30
f 30/30 152/152 135/135
f 1263/1263 135/135 152/152
f 152/152 649/649 1263/1263
f 1619/1619 1489/1489 97/97
f 97/97 709/709 1619/1619
f 939/939 135/135 1489/1489
f 1489/1489 1619/1619 939/939
f 1489/1489 1706/1706 884/884
f 884/884 97/97 1489/1489
f 135/135 1263/1263 1706/1706
f 1706/1706 1489/1489 135/135
f 1081/1081 1676/1676 336/336
f 336/336 1658/1658 1081/1081
f 585/585 1081/1081 1658/1658
f 1658/1658 531/531 585/585
f 398/398 1356/1356 1676/1676
f 1676/1676 1081/1081 398/398
f 899/899 398/398 1081/1081
f 1081/1081 585/585 899/899
f 1499/1499 670/670 43/43
f 43/43 319/319 1499/1499
f 1356/1356 398/398 670/670
f 670/670 1499/1499 1356/1356
f 670/670 843/843 830/830
f 830/830 43/43 670/670
f 398/398 899/899 843/843
f 843/843 670/670 398/398
f 1007/1007 578/578 301/301
f 301/301 41/41 1007/1007
f 314/314 428/428 578/578
f 578/578 1007/1007 314/314
f 578/578 618/618 599/599
f 599/599 301/301 578/578
f 428/428 1697/1697 618/618
f 618/618 578/578 428/428
f 849/849 117/117 709/709
f 709/709 97/97 849/849
f 872/872 849/849 97/97
f 97/97 884/884 872/872
f 428/428 314/314 117/117
f 117/117 849/849 428/428
f 1697/1697 428/428 849/849
f 849/849 872/872 1697/1697
f 1338/1338 1007/1007 41/41
f 41/41 666/666 1338/1338
f 1403/1403 1338/1338 666/666
f 666/666 641/641 1403/1403
f 933/933 314/314 1007/1007
f 1007/1007 1338/1338 933/933
f 753/753 933/933 1338/1338
f 1338/1338 1403/1403 753/753
f 1676/1676 391/391 218/218
f 218/218 336/336 1676/1676
f 1356/1356 1755/1755 391/391
f 391/391 1676/1676 1356/1356
f 391/391 1403/1403 641/641
f 641/641 218/218 391/391
f 1755/1755 753/753 1403/1403
f 1403/1403 391/391 1755/1755
f 1452/1452 1499/1499 319/319
f 319/319 30/30 1452/1452
f 922/922 1452/1452 30/30
f 30/30 939/939 922/922
f 1755/1755 1356/1356 1499/1499
f 1499/1499 1452/1452 1755/1755
f 753/753 1755/1755 1452/1452
f 1452/1452 922/922 753/753
f 117/117 480/480 1619/1619
f 1619/1619 709/709 117/117
f 314/314 933/933 480/480
f 480/480 117/117 314/314
f 480/480 922/922 939/939
f 939/939 1619/1619 480/480
f 933/933 753/753 922/922
f 922/922 480/480 933/933
f 532/532 851/851 150/150
f 150/150 875/875 532/532
f 851/851 276/276 1296/1296
f 1296/1296 150/150 851/851
f 145/145 600/600 1702/1702
f 1702/1702 1176/1176 145/145
f 276/276 145/145 1176/1176
f 1176/1176 1296/1296 276/276
f 648/648 829/829 129/129
f 129/129 582/582 648/648
f 1262/1262 648/648 582/582
f 582/582 1620/1620 1262/1262
f 885/885 1707/1707 261/261
f 261/261 183/183 885/885
f 1707/1707 1262/1262 1620/1620
f 1620/1620 261/261 1707/1707
f 584/584 532/532 875/875
f 875/875 1659/1659 584/584
f 898/898 584/584 1659/1659
f 1659/1659 167/167 898/898
f 829/829 844/844 465/465
f 465/465 129/129 829/829
f 844/844 900/900 169/169
f 169/169 465/465 844/844
f 600/600 619/619 1689/1689
f 1689/1689 1702/1702 600/600
f 619/619 1696/1696 860/860
f 860/860 1689/1689 619/619
f 871/871 885/885 183/183
f 183/183 1247/1247 871/871
f 1696/1696 871/871 1247/1247
f 1247/1247 860/860 1696/1696
f 876/876 151/151 208/208
f 208/208 751/751 876/876
f 151/151 1295/1295 978/978
f 978/978 208/208 151/151
f 1177/1177 1701/1701 536/536
f 536/536 1298/1298 1177/1177
f 1295/1295 1177/1177 1298/1298
f 1298/1298 978/978 1295/1295
f 583/583 130/130 767/767
f 767/767 742/742 583/583
f 1621/1621 583/583 742/742
f 742/742 1059/1059 1621/1621
f 184/184 260/260 1146/1146
f 1146/1146 1700/1700 184/184
f 260/260 1621/1621 1059/1059
f 1059/1059 1146/1146 260/260
f 1660/1660 876/876 751/751
f 751/751 1031/1031 1660/1660
f 168/168 1660/1660 1031/1031
f 1031/1031 71/71 168/168
f 130/130 466/466 800/800
f 800/800 767/767 130/130
f 466/466 168/168 71/71
f 71/71 800/800 466/466
f 1701/1701 1690/1690 487/487
f 487/487 536/536 1701/1701
f 1690/1690 861/861 211/211
f 211/211 487/487 1690/1690
f 1248/1248 184/184 1700/1700
f 1700/1700 1759/1759 1248/1248
f 861/861 1248/1248 1759/1759
f 1759/1759 211/211 861/861