# https://github.com/mikedh/trimesh
mtllib material0.mtl
usemtl material0
v -0.00220200 0.08244766 0.01751076
v -0.00220200 0.08244766 0.00515382
v -0.00515402 0.05758797 0.01751076
v -0.00515402 0.05758797 0.00515382
v 0.00177790 0.06101619 0.01742755
v 0.00177790 0.06101619 0.01742755
v 0.00177790 0.06101619 0.01124905
v 0.00177790 0.06101619 0.01124905
v 0.00177790 0.06101619 0.00507058
v 0.00177790 0.06101619 0.00507058
v 0.01874625 -0.00700807 0.00259816
v 0.01874625 -0.00700807 0.02047038
v 0.01455326 0.06558250 0.01124908
v 0.00563453 0.06262029 0.01742755
v 0.00563453 0.06262029 0.00507058
v -0.02380208 -0.08519954 0.00682579
v -0.02380208 -0.08519954 0.01624275
v -0.00758583 -0.01029351 0.01153426
v -0.00758583 -0.01029351 0.01153426
v -0.01990784 -0.05483887 0.00447020
v -0.01990784 -0.05483887 0.01859831
v -0.02394832 -0.00590247 0.01153426
v 0.00564289 0.08237546 0.01742755
v 0.00564289 0.08237546 0.00507058
v 0.01469323 0.06231580 0.01124908
v 0.01768912 0.01334111 0.01153426
v 0.01768912 0.01334111 0.01153426
v 0.01026625 0.06029063 0.01742755
v 0.01026625 0.06029063 0.00507058
v -0.01510480 -0.05187307 0.01153426
v -0.01510480 -0.05187307 0.01153426
v -0.00308155 0.07166803 0.01751076
v -0.00308155 0.07166803 0.00515382
v 0.02310429 -0.03649384 0.00447020
v 0.01957699 0.00729974 0.01153426
v -0.01563621 -0.05182985 0.01683230
v -0.01563621 -0.05182985 0.00623625
v -0.00735677 0.05385946 0.01742752
v -0.00735677 0.05385946 0.01742752
v -0.00735677 0.05385946 0.01124905
v -0.00735677 0.05385946 0.01124905
v 0.02706672 -0.00582807 0.01153426
v -0.01289520 0.01208015 0.00447020
v -0.01289520 0.01208015 0.01859831
v 0.00616652 0.08051445 0.01742755
v 0.01540907 -0.03341226 0.00447020
v 0.01540907 -0.03341226 0.01859831
v -0.01268001 0.06884916 0.01751076
v -0.01268001 0.06884916 0.01751076
v -0.01268001 0.06884916 0.00515382
v -0.01268001 0.06884916 0.00515382
v 0.00218871 0.03792163 0.00518127
v 0.00218871 0.03792163 0.00518127
v 0.00218871 0.04672320 0.00518127
v 0.00218871 0.04672320 0.00518127
v 0.01367714 0.06231580 0.01742755
v 0.01367714 0.06231580 0.01742755
v 0.01367714 0.06231580 0.00507058
v 0.01367714 0.06231580 0.00507058
v -0.02099914 -0.00638964 0.01742105
v -0.02099914 -0.00638964 0.00564746
v 0.01361655 -0.00533924 0.02270842
v 0.01361655 -0.00533924 0.00036016
v 0.00953220 0.07580367 0.01742755
v 0.00953220 0.07580367 0.00507058
v 0.01742931 -0.00736062 0.01885192
v 0.01742931 -0.00736062 0.01885192
v 0.01742931 -0.00736062 0.00421663
v 0.01742931 -0.00736062 0.00421663
v 0.01353716 0.06558246 0.00507058
v 0.01353716 0.06558246 0.00507058
v -0.01994201 -0.04836964 0.00447020
v -0.01994201 -0.04836964 0.01859831
v -0.00259134 0.02123078 0.00585585
v -0.01910634 -0.00659213 0.00109607
v -0.01910634 -0.00659213 0.02197247
v -0.02618659 -0.00560117 0.01153426
v 0.01726427 0.00081818 0.00083336
v 0.01726427 0.00081818 0.02223522
v -0.02256887 0.00014908 0.01994528
v -0.02256887 0.00014908 0.00312327
v 0.00440877 0.06681022 0.01742755
v 0.00440877 0.06681022 0.00507058
v -0.00940910 0.06324930 0.00515382
v 0.00618666 0.00510923 0.01683230
v 0.00618666 0.00510923 0.00623625
v -0.00923779 -0.01506112 0.01683230
v -0.00923779 -0.01506112 0.00623625
v 0.00569779 0.06387563 0.01742755
v 0.00569779 0.06387563 0.00507058
v 0.01489856 -0.05890726 0.01683230
v 0.01489856 -0.05890726 0.00623625
v 0.01297442 -0.00886673 0.00442783
v 0.01297442 -0.00886673 0.01864075
v 0.01543548 -0.04581715 0.01683230
v 0.01543548 -0.04581715 0.00623625
v -0.00450160 0.07266297 0.01751076
v -0.00450160 0.07266297 0.00515382
v -0.01654575 0.01253850 0.01683230
v -0.01654575 0.01253850 0.00623625
v -0.00499256 0.08613769 0.01751076
v -0.00499256 0.08613769 0.00515382
v -0.02131536 0.00211109 0.00370563
v -0.02131536 0.00211109 0.01936292
v -0.00360117 0.06800487 0.01751076
v -0.00360117 0.06800487 0.00515382
v -0.00926912 0.06620798 0.01751076
v -0.00926912 0.06620798 0.00515382
v -0.01369610 0.06884916 0.01133226
v 0.00128335 0.03763705 0.01127738
v 0.00128335 0.03763705 0.01127738
v -0.02158353 -0.00769793 0.01153426
v 0.02323574 -0.01216219 0.01153426
v 0.00423879 0.09000000 0.01124905
v 0.00423879 0.09000000 0.00507058
v 0.00423879 0.09000000 0.00507058
v -0.02247979 -0.01200876 0.01153426
v 0.02330469 -0.01845938 0.01683230
v 0.02330469 -0.01845938 0.00623625
v -0.02258216 -0.08787213 0.01488651
v -0.02258216 -0.08787213 0.01488651
v -0.02258216 -0.08787213 0.00818206
v -0.02258216 -0.08787213 0.00818206
v -0.01691211 -0.04544619 0.00447020
v -0.01691211 -0.04544619 0.01859831
v -0.01278179 0.01295183 0.01683230
v -0.01278179 0.01295183 0.01683230
v -0.01278179 0.01295183 0.00623625
v -0.01278179 0.01295183 0.00623625
v 0.00129513 0.03765056 0.00518127
v 0.00129513 0.03765056 0.00518127
v 0.00129513 0.04699424 0.00518127
v 0.00129513 0.04699424 0.00518127
v 0.00029232 0.08994771 0.01133226
v 0.00029232 0.08994771 0.01133226
v 0.00029232 0.08994771 0.01133226
v 0.00029232 0.08994771 0.01751076
v 0.00029232 0.08994771 0.01751076
v 0.00029232 0.08994771 0.01751076
v 0.00029232 0.08994771 0.00515382
v 0.00029232 0.08994771 0.00515382
v 0.00029232 0.08994771 0.00515382
v 0.01740692 -0.07271001 0.00449224
v 0.01740692 -0.07271001 0.01857628
v 0.00713858 0.00914429 0.00650872
v 0.00713858 0.00914429 0.00650872
v 0.00713858 0.00914429 0.01263395
v 0.00713858 0.00914429 0.01263395
v 0.00713858 0.00914429 0.01263395
v 0.01127099 -0.00366133 0.00347089
v 0.01127099 -0.00366133 0.01959769
v -0.00228991 0.04629482 0.01130396
v -0.00228991 0.04629482 0.01130396
v 0.00064122 0.05987651 0.01124905
v 0.00064122 0.05987651 0.01124905
v 0.00064122 0.05987651 0.00507058
v 0.00064122 0.05987651 0.00507058
v -0.00301695 0.03895418 0.01740006
v -0.00301695 0.03895418 0.01740006
v -0.00301695 0.03895418 0.01740006
v -0.00301695 0.04569062 0.01740006
v -0.00301695 0.04569062 0.01740006
v 0.01185178 0.06192091 0.01742755
v 0.01185178 0.06192091 0.00507058
v 0.00576106 0.06513094 0.00507058
v 0.00734466 0.02281683 0.01672552
v 0.00734466 0.02281683 0.00582585
v 0.00670537 -0.00219459 0.01153426
v 0.00670537 -0.00219459 0.01153426
v -0.00837645 0.02231996 0.00636343
v -0.00837645 0.02231996 0.01624788
v -0.00403304 0.04050383 0.01740610
v -0.00403304 0.04050383 0.01740610
v -0.00403304 0.04412857 0.01740610
v -0.00403304 0.04412857 0.01740610
v 0.00788367 0.06701528 0.01742755
v -0.01350958 0.04232289 0.01133226
v -0.01350958 0.04232289 0.01133226
v -0.01350958 0.04232289 0.00515382
v -0.01350958 0.04232289 0.00515382
v 0.01667704 -0.04170113 0.00447020
v 0.01667704 -0.04170113 0.01859831
v 0.01486154 0.01002694 0.00650872
v 0.01486154 0.01002694 0.00650872
v 0.01486154 0.01002694 0.01604268
v 0.01486154 0.01002694 0.01604268
v 0.01486154 0.01002694 0.01263395
v 0.01486154 0.01002694 0.01263395
v 0.00307645 0.07299100 0.01742755
v 0.00307645 0.07299100 0.00507058
v 0.00307645 0.06928195 0.01742755
v 0.00307645 0.06928195 0.01742755
v 0.00307645 0.06928195 0.01124905
v 0.00307645 0.06928195 0.01124905
v 0.00307645 0.06928195 0.00507058
v 0.00307645 0.06928195 0.00507058
v 0.00774369 0.06971265 0.01742755
v 0.00774369 0.06971265 0.00507058
v 0.01784206 -0.00068163 0.00031958
v 0.01784206 -0.00068163 0.02274900
v 0.01803635 -0.06853598 0.00447020
v 0.01803635 -0.06853598 0.01859831
v 0.00372753 0.08434722 0.01742752
v 0.00372753 0.08434722 0.00507058
v -0.02267140 -0.01830341 0.01683230
v -0.02267140 -0.01830341 0.00623625
v -0.00709653 0.06836398 0.00515382
v 0.02358314 0.00230819 0.01153426
v -0.01451732 -0.05887282 0.01153426
v -0.01451732 -0.05887282 0.01153426
v -0.01492262 -0.04203298 0.01683230
v -0.01492262 -0.04203298 0.00623625
v -0.00302680 0.03894448 0.01127738
v -0.00302680 0.03894448 0.01127738
v -0.00302680 0.03894448 0.01127738
v -0.00302680 0.04570074 0.01127738
v -0.00302680 0.04570074 0.01127738
v 0.00837805 -0.01015706 0.01153426
v 0.00837805 -0.01015706 0.01153426
v 0.01424030 0.04232289 0.01133229
v 0.01424030 0.04232289 0.01133229
v 0.01424030 0.04232289 0.00515382
v 0.01424030 0.04232289 0.00515382
v 0.02532343 -0.00551538 0.01955999
v 0.02532343 -0.00551538 0.00350856
v 0.01088299 -0.00378978 0.01867907
v 0.01088299 -0.00378978 0.00438951
v 0.01328689 -0.00005376 0.00073849
v 0.01328689 -0.00005376 0.02233008
v 0.01869996 -0.06401306 0.00447020
v 0.01869996 -0.06401306 0.01859831
v -0.00282073 0.06342218 0.01133226
v -0.00282073 0.06342218 0.01133226
v -0.00282073 0.06342218 0.01751076
v -0.00282073 0.06342218 0.01751076
v -0.00282073 0.06342218 0.00515382
v -0.00282073 0.06342218 0.00515382
v 0.01900080 0.01262507 0.01153426
v -0.00759033 0.05885039 0.01751076
v -0.00759033 0.05885039 0.00515382
v -0.00495796 0.02950408 0.01742752
v -0.00495796 0.02950408 0.01742752
v -0.00495796 0.02950408 0.01124905
v -0.00495796 0.02950408 0.01124905
v -0.00495796 0.05514163 0.01742752
v -0.00495796 0.05514163 0.01742752
v -0.00495796 0.05514163 0.01124905
v -0.00495796 0.05514163 0.01124905
v -0.00360835 0.04498108 0.01130396
v -0.00360835 0.04498108 0.01130396
v -0.01075336 0.02343637 0.00636343
v -0.01075336 0.02343637 0.01624788
v -0.02816462 -0.03898062 0.01153426
v -0.00056650 0.04700583 0.01130396
v -0.00056650 0.04700583 0.01130396
v -0.00993649 -0.00369822 0.00074016
v -0.00993649 -0.00369822 0.02232838
v 0.00369126 0.04566503 0.00521568
v 0.00369126 0.04566503 0.00521568
v 0.00369126 0.04566503 0.01740610
v 0.00369126 0.04566503 0.01740610
v 0.00369126 0.03896737 0.00521568
v 0.00369126 0.03896737 0.00521568
v 0.00369126 0.03896737 0.01740610
v 0.00369126 0.03896737 0.01740610
v -0.00976100 0.05581262 0.01751076
v -0.00976100 0.05581262 0.00515382
v 0.00027336 0.08606261 0.01133226
v 0.00027336 0.08606261 0.01133226
v 0.00027336 0.08606261 0.01751076
v 0.00027336 0.08606261 0.01751076
v 0.00027336 0.08606261 0.00515382
v 0.00027336 0.08606261 0.00515382
v -0.01106465 0.06355426 0.01751076
v -0.01106465 0.06355426 0.00515382
v -0.01162037 -0.02779653 0.01153426
v -0.01162037 -0.02779653 0.01153426
v 0.01490809 -0.04592791 0.01153426
v 0.01490809 -0.04592791 0.01153426
v 0.02002242 -0.05157044 0.01859831
v -0.01771452 0.00394549 0.01687986
v -0.01771452 0.00394549 0.00618869
v -0.00228873 0.04625402 0.00521568
v -0.00228873 0.04625402 0.00521568
v -0.00228873 0.04625402 0.01740610
v -0.00228873 0.04625402 0.01740610
v -0.00228873 0.03837838 0.00521568
v -0.00228873 0.03837838 0.00521568
v -0.00228873 0.03837838 0.01740610
v -0.00228873 0.03837838 0.01740610
v -0.00188134 0.08998068 0.01133226
v -0.00188134 0.08998068 0.01751076
v -0.00188134 0.08998068 0.01751076
v -0.00188134 0.08998068 0.00515382
v -0.00188134 0.08998068 0.00515382
v 0.01005626 0.06472864 0.01742755
v 0.01005626 0.06472864 0.00507058
v 0.01410092 0.05242749 0.01742755
v 0.01410092 0.05242749 0.01742755
v 0.01410092 0.05242749 0.01124908
v -0.01103197 -0.00608560 0.00417044
v -0.01103197 -0.00608560 0.00417044
v -0.01103197 -0.00608560 0.01889808
v -0.01103197 -0.00608560 0.01889808
v 0.02670705 -0.03573700 0.01683230
v 0.02670705 -0.03573700 0.00623625
v -0.00518852 0.00061464 0.01153426
v -0.00518852 0.00061464 0.01153426
v -0.00488768 0.06764162 0.00515382
v 0.01019623 0.06176996 0.01742755
v -0.00947762 0.00573164 0.00447020
v -0.00947762 0.00573164 0.01859831
v 0.01448458 0.06718490 0.01124908
v 0.00036587 0.04708577 0.00518127
v 0.00036587 0.04708577 0.00518127
v -0.01035165 -0.00374264 0.00347089
v -0.01035165 -0.00374264 0.01959769
v -0.01383850 -0.03840920 0.01153426
v -0.01383850 -0.03840920 0.01153426
v 0.00372945 0.03894448 0.01127738
v 0.00372945 0.03894448 0.01127738
v 0.00565568 0.00502233 0.01153426
v 0.00565568 0.00502233 0.01153426
v -0.01289001 0.06394915 0.01751076
v -0.01289001 0.06394915 0.01751076
v -0.01289001 0.06394915 0.00515382
v -0.01289001 0.06394915 0.00515382
v -0.02003502 -0.05147215 0.00447020
v -0.02003502 -0.05147215 0.01859831
v 0.00424757 0.06322619 0.01742755
v 0.01177908 0.00018499 0.00094252
v -0.00509735 0.00492715 0.01683230
v -0.00509735 0.00492715 0.00623625
v -0.00441210 0.04232240 0.01740006
v -0.00441210 0.04232240 0.01740006
v 0.01120665 -0.02100084 0.01683230
v 0.01120665 -0.02100084 0.00623625
v -0.01330993 -0.08727554 0.01488651
v -0.01330993 -0.08727554 0.01488651
v -0.00353046 0.06322619 0.01751076
v -0.00353046 0.06322619 0.00515382
v -0.01433363 0.00201515 0.01885192
v -0.01433363 0.00201515 0.01885192
v -0.01433363 0.00201515 0.00421663
v -0.01433363 0.00201515 0.00421663
v 0.00428025 0.03968503 0.00521568
v 0.00428025 0.03968503 0.00521568
v 0.00428025 0.03968503 0.01740610
v 0.00428025 0.03968503 0.01740610
v 0.00428025 0.04494736 0.00521568
v 0.00428025 0.04494736 0.00521568
v 0.00428025 0.04494736 0.01740610
v 0.00428025 0.04494736 0.01740610
v 0.01412240 0.01210891 0.00447020
v 0.01412240 0.01210891 0.01859831
v 0.02454116 0.00167902 0.01153426
v -0.01497158 -0.02007827 0.00447020
v -0.01497158 -0.02007827 0.01859831
v -0.00848885 0.08053322 0.01133226
v -0.00848885 0.08053322 0.01751076
v -0.00848885 0.08053322 0.01751076
v -0.00848885 0.08053322 0.00515382
v -0.00848885 0.08053322 0.00515382
v 0.01215647 0.02512995 0.00582589
v 0.01215647 0.02512995 0.01672555
v 0.01213558 0.05529927 0.00507058
v -0.01926904 -0.04103112 0.00447020
v -0.01338380 0.05242749 0.01133226
v -0.01338380 0.05242749 0.01751076
v -0.01338380 0.05242749 0.01751076
v -0.01338380 0.05242749 0.00515382
v -0.01338380 0.05242749 0.00515382
v -0.00360642 0.03966845 0.01130396
v -0.00360642 0.03966845 0.01130396
v -0.00944569 0.03251182 0.01133226
v -0.00944569 0.03251182 0.01133226
v -0.00944569 0.03251182 0.01745752
v -0.00944569 0.03251182 0.01745752
v -0.00944569 0.03251182 0.00515382
v -0.00944569 0.03251182 0.00515382
v -0.00944569 0.05213396 0.01751076
v -0.00944569 0.05213396 0.01751076
v -0.00944569 0.05213396 0.00515382
v -0.00944569 0.05213396 0.00515382
v -0.00944569 0.05213396 0.00515382
v 0.01218363 -0.08444597 0.00682579
v 0.01218363 -0.08444597 0.01624275
v 0.01346848 0.06718490 0.01742755
v 0.01346848 0.06718490 0.01742755
v 0.01346848 0.06718490 0.00507058
v 0.01346848 0.06718490 0.00507058
v 0.01676312 0.01303014 0.00760979
v 0.01676312 0.01303014 0.00760979
v 0.02354879 -0.05963335 0.00447020
v 0.02354879 -0.05963335 0.01859831
v -0.00575828 -0.00236515 0.01153426
v -0.00575828 -0.00236515 0.01153426
v -0.00947912 0.06176996 0.01751076
v -0.00947912 0.06176996 0.00515382
v 0.01212931 -0.00135219 0.02270842
v 0.01212931 -0.00135219 0.00036016
v 0.01561750 -0.05184239 0.01683230
v 0.01561750 -0.05184239 0.00623625
v -0.02806525 -0.06452429 0.01153426
v 0.01147047 0.02343637 0.01621791
v 0.01147047 0.02343637 0.00633346
v 0.01164178 0.06682093 0.01742755
v 0.01164178 0.06682093 0.00507058
v 0.00432546 0.04498108 0.01127738
v 0.00432546 0.04498108 0.01127738
v 0.00567507 0.02950408 0.01133229
v 0.00567507 0.02950408 0.01133229
v 0.00567507 0.02950408 0.00515382
v 0.00567507 0.02950408 0.00515382
v -0.00146994 0.03794073 0.00521568
v -0.00146994 0.03794073 0.00521568
v -0.00146994 0.03794073 0.01740610
v -0.00146994 0.03794073 0.01740610
v -0.00146994 0.04669167 0.00521568
v -0.00146994 0.04669167 0.00521568
v -0.00146994 0.04669167 0.01740610
v -0.00146994 0.04669167 0.01740610
v 0.01038409 -0.00142397 0.01867326
v 0.01038409 -0.00142397 0.00439528
v -0.00228054 0.03836180 0.00518127
v -0.00228054 0.03836180 0.00518127
v -0.00228054 0.04628300 0.00518127
v -0.00228054 0.04628300 0.00518127
v -0.00385996 0.08611023 0.01751076
v -0.00385996 0.08611023 0.00515382
v 0.01485913 -0.05469664 0.01153426
v 0.01485913 -0.05469664 0.01153426
v -0.00965536 0.05458026 0.00515382
v 0.00215480 0.03794073 0.00521568
v 0.00215480 0.03794073 0.00521568
v 0.00215480 0.03794073 0.01740610
v 0.00215480 0.03794073 0.01740610
v 0.00215480 0.04669167 0.00521568
v 0.00215480 0.04669167 0.00521568
v 0.00215480 0.04669167 0.01740610
v 0.00215480 0.04669167 0.01740610
v 0.00044376 0.08606261 0.01742752
v 0.00044376 0.08606261 0.01742752
v 0.00044376 0.08606261 0.01124905
v 0.00044376 0.08606261 0.01124905
v 0.00044376 0.08606261 0.00507058
v 0.00044376 0.08606261 0.00507058
v 0.01933416 -0.00466120 0.00031958
v 0.01933416 -0.00466120 0.02274900
v 0.01278875 -0.02066850 0.00447020
v 0.01278875 -0.02066850 0.01859831
v -0.01769663 -0.01311130 0.00447020
v -0.01769663 -0.01311130 0.01859831
v -0.00280493 0.07045640 0.01133226
v -0.00280493 0.07045640 0.01133226
v -0.00280493 0.07045640 0.01751076
v -0.00280493 0.07045640 0.01751076
v -0.00280493 0.07045640 0.00515382
v -0.00280493 0.07045640 0.00515382
v -0.01844247 0.00737822 0.01153426
v 0.00503085 0.07578434 0.00507058
v 0.02116144 -0.00661256 0.01702251
v 0.02116144 -0.00661256 0.01702251
v 0.02116144 -0.00661256 0.00604603
v 0.02116144 -0.00661256 0.00604603
v -0.01229684 -0.00009649 0.02233008
v -0.01229684 -0.00009646 0.00073849
v -0.00294774 0.06810750 0.01133226
v -0.00294774 0.06810750 0.01133226
v -0.00294774 0.06810750 0.01751076
v -0.00294774 0.06810750 0.01751076
v -0.00294774 0.06810750 0.00515382
v -0.00294774 0.06810750 0.00515382
v 0.02313155 -0.08536488 0.00682579
v 0.02313155 -0.08536488 0.01624275
v -0.01805045 0.00283577 0.01702251
v -0.01805045 0.00283577 0.01702251
v -0.01805045 0.00283577 0.00604603
v -0.01805045 0.00283577 0.00604603
v 0.00208093 0.08050400 0.01742752
v 0.00208093 0.08050400 0.01742752
v 0.00208093 0.08050400 0.01124905
v 0.00208093 0.08050400 0.01124905
v 0.00208093 0.08050400 0.00507058
v 0.00208093 0.08050400 0.00507058
v 0.00529200 0.07138387 0.01742755
v 0.00529200 0.07138387 0.00507058
v 0.02844016 -0.06004391 0.01153426
v 0.01996852 -0.00668088 0.00109607
v 0.01996852 -0.00668088 0.02197247
v 0.01361531 -0.08456610 0.01781222
v 0.01361531 -0.08456610 0.00525635
v 0.01960709 -0.00677764 0.02152829
v 0.01960709 -0.00677764 0.00154025
v 0.01137362 -0.00367432 0.00414736
v 0.01137362 -0.00367432 0.00414736
v 0.01137362 -0.00367432 0.01892119
v 0.01137362 -0.00367432 0.01892119
v 0.01171624 -0.00557809 0.00048185
v 0.01171624 -0.00557809 0.02258673
v 0.00822939 -0.00682824 0.01683230
v 0.00822939 -0.00682824 0.00623625
v -0.00058070 0.03763705 0.01127738
v -0.00058070 0.03763705 0.01127738
v -0.00058070 0.04700821 0.01127738
v -0.00058070 0.04700821 0.01127738
v -0.01352319 0.04232289 0.01742752
v -0.01352319 0.04232289 0.01742752
v -0.01352319 0.04232289 0.01124905
v -0.01352319 0.04232289 0.01124905
v -0.00359539 0.03968503 0.00521568
v -0.00359539 0.03968503 0.00521568
v -0.00359539 0.03968503 0.01740610
v -0.00359539 0.03968503 0.01740610
v -0.00359539 0.04494736 0.00521568
v -0.00359539 0.04494736 0.00521568
v -0.00359539 0.04494736 0.01740610
v -0.00359539 0.04494736 0.01740610
v 0.01422669 0.04232289 0.01742755
v 0.01422669 0.04232289 0.01742755
v -0.00716655 0.06701528 0.01751076
v -0.00716655 0.06701528 0.00515382
v 0.00699603 0.01230161 0.01683230
v 0.00699603 0.01230161 0.01683230
v 0.00699603 0.01230161 0.00623625
v 0.00699603 0.01230161 0.00623625
v 0.00909357 0.02231996 0.01621791
v 0.00909357 0.02231996 0.00633346
v 0.01589804 -0.08971675 0.01153426
v 0.01508535 -0.05187526 0.01153426
v 0.01508535 -0.05187526 0.01153426
v -0.01435126 -0.08830541 0.00713074
v -0.01435126 -0.08830541 0.00713074
v -0.01435126 -0.08830541 0.01593783
v -0.01435126 -0.08830541 0.01593783
v -0.00662755 0.02281683 0.00585582
v -0.00662755 0.02281683 0.01675552
v 0.01271203 -0.00336463 0.02302490
v 0.01271203 -0.00336463 0.00004364
v -0.00378208 0.06561553 0.01751076
v -0.00378208 0.06561553 0.00515382
v -0.01086232 -0.00571232 0.02206172
v -0.01086232 -0.00571232 0.00100686
v -0.01054059 0.07578219 0.01133226
v -0.01054059 0.07578219 0.01751076
v -0.01054059 0.07578219 0.01751076
v -0.01054059 0.07578219 0.00515382
v -0.01054059 0.07578219 0.00515382
v 0.02230139 0.00258765 0.01153426
v 0.00619378 0.00079575 0.01153426
v 0.00619378 0.00079575 0.01153426
v 0.01430190 -0.01403896 0.00447020
v 0.01430190 -0.01403896 0.01859831
v -0.00475773 0.06889695 0.01751076
v -0.00475773 0.06889695 0.00515382
v -0.01874690 -0.00669590 0.02152829
v -0.01874690 -0.00669590 0.00154025
v -0.00404949 0.04049952 0.01740006
v -0.00404949 0.04049952 0.01740006
v -0.00404949 0.04414525 0.01740006
v -0.00404949 0.04414525 0.01740006
v 0.00767501 0.07103576 0.01742755
v 0.00767501 0.07103576 0.00507058
v 0.00303284 0.06459353 0.01742755
v 0.00303284 0.06459353 0.01742755
v 0.00303284 0.06459353 0.01124905
v 0.00303284 0.06459353 0.01124905
v 0.00303284 0.06459353 0.00507058
v 0.00303284 0.06459353 0.00507058
v -0.02691352 -0.07324298 0.01153426
v -0.01339099 -0.06815216 0.01153426
v -0.01339099 -0.06815216 0.01153426
v -0.02338146 -0.04008315 0.00447020
v -0.02338146 -0.04008315 0.01859831
v -0.00254394 0.08615740 0.00515382
v 0.01397315 -0.00716460 0.00251296
v 0.01397315 -0.00716460 0.02055558
v 0.01170638 -0.08440588 0.01153426
v 0.01170638 -0.08440588 0.01153426
v -0.01338681 -0.00695284 0.00140694
v -0.01338681 -0.00695284 0.02166164
v -0.01349336 -0.03377042 0.01683230
v -0.01349336 -0.03377042 0.00623625
v -0.02232852 -0.00612049 0.01153426
v -0.02371782 -0.05946478 0.00447020
v -0.02371782 -0.05946478 0.01859831
v 0.00503771 0.04139311 0.00518127
v 0.00503771 0.04139311 0.00518127
v 0.00503771 0.04325170 0.00518127
v 0.00503771 0.04325170 0.00518127
v -0.00461014 0.01174849 0.01545876
v -0.00461014 0.01174849 0.01545876
v -0.00461014 0.01174849 0.00760979
v -0.00461014 0.01174849 0.00760979
v 0.00373406 0.03895418 0.00518127
v 0.00373406 0.03895418 0.00518127
v 0.00373406 0.03895418 0.00518127
v 0.00373406 0.04569062 0.00518127
v 0.00373406 0.04569062 0.00518127
v 0.00300702 0.04629482 0.01127738
v 0.00300702 0.04629482 0.01127738
v -0.01558254 -0.04921047 0.01683230
v 0.02185982 -0.08801315 0.01488651
v 0.02185982 -0.08801315 0.01488651
v 0.02185982 -0.08801315 0.00818206
v 0.02185982 -0.08801315 0.00818206
v -0.00990832 -0.00141738 0.01889808
v -0.00990832 -0.00141738 0.01889808
v 0.01362426 -0.08952589 0.01153426
v -0.00057802 0.03765056 0.01740006
v -0.00057802 0.03765056 0.01740006
v -0.00057802 0.04699424 0.01740006
v -0.00057802 0.04699424 0.01740006
v -0.01127464 0.05865424 0.01751076
v -0.01127464 0.05865424 0.00515382
v 0.00297359 0.04625402 0.00521568
v 0.00297359 0.04625402 0.00521568
v 0.00297359 0.04625402 0.01740610
v 0.00297359 0.04625402 0.01740610
v 0.00297359 0.03837838 0.00521568
v 0.00297359 0.03837838 0.00521568
v 0.00297359 0.03837838 0.01740610
v 0.00297359 0.03837838 0.01740610
v -0.02738300 -0.04303259 0.01683230
v -0.02738300 -0.04303259 0.00623625
v -0.02447068 0.00041059 0.01153426
v -0.00078769 0.08995782 0.01133226
v -0.00078769 0.08995782 0.01751076
v -0.00078769 0.08995782 0.01751076
v -0.00078769 0.08995782 0.00515382
v -0.00078769 0.08995782 0.00515382
v 0.00984626 0.06916665 0.01742755
v 0.00984626 0.06916665 0.00507058
v -0.02626529 -0.06898052 0.01683230
v -0.02673536 -0.03071806 0.01153426
v 0.02584941 -0.07715015 0.01153426
v 0.00854470 0.07869373 0.01742755
v 0.00854470 0.07869373 0.00507058
v 0.00458778 0.07868380 0.01742755
v 0.00458778 0.07868380 0.00507058
v -0.00300640 0.04566503 0.00521568
v -0.00300640 0.04566503 0.00521568
v -0.00300640 0.04566503 0.01740610
v -0.00300640 0.04566503 0.01740610
v -0.00300640 0.03896737 0.00521568
v -0.00300640 0.03896737 0.00521568
v -0.00300640 0.03896737 0.01740610
v -0.00300640 0.03896737 0.01740610
v 0.01175786 0.00059793 0.00364948
v 0.01175786 0.00059793 0.01941907
v -0.01155743 0.02400476 0.00636343
v -0.01155743 0.02400476 0.01624788
v -0.01155743 0.02400476 0.01012265
v 0.00998624 0.06620798 0.01742755
v -0.00597304 0.07865348 0.01751076
v -0.00597304 0.07865348 0.00515382
v -0.02766504 -0.04688005 0.00623625
v 0.01619111 -0.03794608 0.00447020
v 0.01619111 -0.03794608 0.01859831
v 0.00431828 0.06800487 0.01742755
v -0.01895523 -0.06393814 0.00447020
v -0.01895523 -0.06393814 0.01859831
v -0.01272946 -0.00537452 0.02270842
v -0.01272946 -0.00537452 0.00036016
v 0.00475208 0.04049952 0.01740006
v 0.00475208 0.04049952 0.01740006
v 0.00475208 0.04414528 0.01740006
v 0.00475208 0.04414528 0.01740006
v 0.01397374 0.04502972 0.00515382
v 0.01397374 0.04502972 0.00515382
v 0.01369588 -0.00740560 0.01941907
v -0.01296003 0.06231580 0.01751076
v -0.01296003 0.06231580 0.01751076
v -0.01296003 0.06231580 0.00515382
v -0.01296003 0.06231580 0.00515382
v -0.00544941 0.08051445 0.01751076
v -0.00544941 0.08051445 0.00515382
v -0.00412069 0.08997852 0.01133226
v -0.00412069 0.08997852 0.01751076
v -0.00412069 0.08997852 0.01751076
v -0.00412069 0.08997852 0.00515382
v -0.00412069 0.08997852 0.00515382
v 0.00807388 0.05385946 0.01133229
v 0.00807388 0.05385946 0.01133229
v 0.00807388 0.05385946 0.00515382
v 0.00807388 0.05385946 0.00515382
v 0.00807388 0.03078628 0.01133229
v 0.00807388 0.03078628 0.01133229
v 0.00807388 0.03078628 0.00515382
v 0.00807388 0.03078628 0.00515382
v -0.01224970 0.00961234 0.00994739
v -0.01224970 0.00961234 0.00653869
v -0.01224970 0.00961234 0.00653869
v -0.01224970 0.00961234 0.01607265
v -0.01224970 0.00961234 0.01607265
v 0.01077102 -0.00359793 0.02289384
v 0.02647542 -0.07347119 0.01153426
v -0.01310000 0.05904913 0.01751076
v -0.01310000 0.05904913 0.01751076
v -0.01310000 0.05904913 0.00515382
v -0.01310000 0.05904913 0.00515382
v -0.00146116 0.04673743 0.01130396
v -0.00146116 0.04673743 0.01130396
v -0.01701095 -0.00719704 0.00368519
v -0.01701095 -0.00719708 0.01938332
v -0.01666833 -0.05901123 0.00447020
v -0.01666833 -0.05901123 0.01859831
v 0.01559285 -0.00626745 0.00073849
v 0.01559285 -0.00626745 0.02233008
v -0.01099828 -0.00601146 0.01952623
v -0.01099828 -0.00601146 0.00354231
v -0.00765843 0.05753816 0.00515382
v -0.02406688 -0.04757405 0.00447020
v -0.02406688 -0.04757405 0.01859831
v 0.00881479 -0.00175145 0.00447020
v 0.00881479 -0.00175145 0.01859831
v 0.01399388 0.01327386 0.01153426
v 0.00498741 0.04139226 0.00521568
v 0.00498741 0.04139226 0.00521568
v 0.00498741 0.04139226 0.01740610
v 0.00498741 0.04139226 0.01740610
v 0.00498741 0.04324014 0.00521568
v 0.00498741 0.04324014 0.00521568
v 0.00498741 0.04324014 0.01740610
v 0.00498741 0.04324014 0.01740610
v -0.01223374 -0.07987163 0.01153426
v -0.01223374 -0.07987163 0.01153426
v 0.01436157 -0.05886221 0.01153426
v 0.01436157 -0.05886221 0.01153426
v 0.01194648 -0.07598317 0.01153426
v 0.01194648 -0.07598317 0.01153426
v 0.00471790 0.04050383 0.00521568
v 0.00471790 0.04050383 0.00521568
v 0.00471790 0.04050383 0.01740610
v 0.00471790 0.04050383 0.01740610
v 0.00471790 0.04412857 0.00521568
v 0.00471790 0.04412857 0.00521568
v 0.00471790 0.04412857 0.01740610
v 0.00471790 0.04412857 0.01740610
v 0.00238637 0.07576149 0.01742755
v 0.00238637 0.07576149 0.00507058
v -0.01081310 -0.01469800 0.00447020
v -0.01081310 -0.01469800 0.01859831
v 0.00379866 0.07166803 0.01742755
v 0.00379866 0.07166803 0.00507058
v 0.01757683 -0.00884091 0.00440684
v 0.01757683 -0.00884091 0.01866170
v -0.01397612 0.06231580 0.01133226
v 0.01362200 -0.08828595 0.00713074
v 0.01362200 -0.08828595 0.00713074
v 0.01362200 -0.08828595 0.01593783
v 0.01362200 -0.08828595 0.01593783
v -0.01686337 -0.00063547 0.00031958
v -0.00492577 0.08237546 0.01751076
v -0.00980193 -0.00146047 0.01952623
v -0.00980193 -0.00146047 0.00354231
v -0.00945930 0.05213393 0.01124905
v -0.00945930 0.05213393 0.01124905
v -0.00945930 0.03251182 0.01742752
v -0.00945930 0.03251182 0.01742752
v -0.00945930 0.03251182 0.01124905
v -0.00945930 0.03251182 0.01124905
v 0.00549508 0.01119613 0.01683230
v 0.00549508 0.01119613 0.00623625
v 0.00217954 0.03790890 0.01127738
v 0.00217954 0.03790890 0.01127738
v 0.00217954 0.03790890 0.01127738
v 0.01878229 0.00388187 0.01687986
v 0.01878229 0.00388187 0.00618869
v 0.00036538 0.02844793 0.01745752
v 0.00036538 0.02844793 0.01745752
v 0.00036538 0.02844793 0.01133229
v 0.00036538 0.02844793 0.01133229
v 0.00036538 0.02844793 0.01133229
v 0.00036538 0.02844793 0.01133229
v 0.00036538 0.02844793 0.01133229
v 0.00036538 0.02844793 0.00515382
v 0.00036538 0.02844793 0.00515382
v 0.00036538 0.02844793 0.00515382
v 0.00036538 0.05619782 0.01133226
v 0.00036538 0.05619782 0.01133226
v 0.00036538 0.05619782 0.01133226
v 0.00036538 0.05619782 0.01133226
v 0.00036538 0.05619782 0.01133226
v 0.00036538 0.05619782 0.01751076
v 0.00036538 0.05619782 0.01751076
v 0.00036538 0.05619782 0.00515382
v 0.00036538 0.05619782 0.00515382
v 0.00036538 0.05619782 0.00515382
v 0.00036538 0.05619782 0.00515382
v 0.00036538 0.05619782 0.00515382
v 0.00505142 0.04325463 0.01130396
v 0.00505142 0.04325463 0.01130396
v 0.02873441 -0.04302339 0.01153426
v 0.01401611 0.00973968 0.01604268
v 0.01401611 0.00973968 0.01604268
v -0.02282248 -0.03633832 0.00447020
v -0.02282248 -0.03633832 0.01859831
v -0.00951437 0.00928571 0.00994739
v -0.00951437 0.00928571 0.00653869
v -0.00951437 0.00928571 0.00653869
v -0.00951437 0.00928571 0.01607265
v -0.00951437 0.00928571 0.01607265
v -0.00968360 0.02297336 0.00636343
v -0.00968360 0.02297336 0.01624788
v 0.01143179 0.07172091 0.01742755
v 0.01143179 0.07172091 0.00507058
v 0.00356183 0.06576484 0.01742755
v 0.00356183 0.06576484 0.01742755
v 0.00356183 0.06576484 0.01124905
v 0.00356183 0.06576484 0.01124905
v 0.00356183 0.06576484 0.00507058
v 0.00356183 0.06576484 0.00507058
v -0.00264096 0.05960991 0.00515382
v -0.00366675 0.02065439 0.00636343
v -0.00366675 0.02065439 0.01624788
v -0.00366675 0.02065439 0.01012265
v -0.00366675 0.02065439 0.01012265
v 0.00566146 0.02950408 0.01742755
v 0.00566146 0.02950408 0.01742755
v 0.00566146 0.02950408 0.01124905
v 0.00566146 0.02950408 0.01124905
v 0.00566146 0.05514167 0.01742755
v 0.00566146 0.05514167 0.01742755
v 0.00566146 0.05514167 0.01742755
v 0.00566146 0.05514167 0.00507058
v 0.00566146 0.05514167 0.00507058
v -0.02903780 -0.05073995 0.01153426
v -0.00462777 0.07015229 0.01751076
v -0.02441652 -0.00584893 0.00370563
v -0.02441652 -0.00584893 0.01936292
v -0.02886440 -0.04664874 0.01153426
v 0.01927250 -0.09000000 0.01153426
v 0.01595696 -0.08848195 0.00713074
v 0.01595696 -0.08848195 0.00713074
v 0.01595696 -0.08848195 0.01593783
v 0.01595696 -0.08848195 0.01593783
v 0.01157176 0.06845424 0.01742755
v 0.01260098 -0.08723601 0.01488651
v 0.01260098 -0.08723601 0.01488651
v 0.01260098 -0.08723601 0.00818206
v 0.01260098 -0.08723601 0.00818206
v 0.00350885 0.08995975 0.01124905
v 0.00350885 0.08995975 0.00507058
v 0.00350885 0.08995975 0.00507058
v -0.01974377 0.00245992 0.00483219
v -0.01974377 0.00245992 0.01823633
v 0.00301998 0.04629485 0.01130396
v 0.00301998 0.04629485 0.01130396
v 0.00301998 0.03835037 0.01130396
v 0.00301998 0.03835037 0.01130396
v 0.00015571 0.05864415 0.01133226
v 0.00015571 0.05864415 0.01133226
v 0.00015571 0.05864415 0.01751076
v 0.00015571 0.05864415 0.01751076
v 0.00015571 0.05864415 0.00515382
v 0.00015571 0.05864415 0.00515382
v -0.01456050 -0.07617430 0.00455834
v -0.01456050 -0.07617430 0.01851020
v -0.01271575 -0.00755939 0.01886351
v -0.01271575 -0.00755939 0.01886351
v -0.01271575 -0.00755939 0.00420507
v -0.01271575 -0.00755939 0.00420507
v 0.01490326 0.05741581 0.01124908
v -0.01472346 -0.00626406 0.00073849
v -0.01472346 -0.00626406 0.02233008
v -0.00689320 0.02177191 0.00636343
v -0.01010010 -0.02120117 0.01153426
v -0.01010010 -0.02120117 0.01153426
v 0.01082308 0.02448671 0.00582585
v 0.01082308 0.02448671 0.01672555
v -0.01968318 -0.04480745 0.01859831
v -0.01968318 -0.04480742 0.00447020
v -0.00684724 -0.00708925 0.01153426
v -0.00684724 -0.00708925 0.01153426
v 0.01388717 0.05741581 0.00507058
v 0.01388717 0.05741581 0.00507058
v -0.00737655 0.06296929 0.01751076
v -0.00737655 0.06296929 0.00515382
v -0.01345190 0.05083831 0.01133226
v -0.01345190 0.05083831 0.01751076
v -0.01345190 0.05083831 0.01751076
v -0.01345190 0.05083831 0.00515382
v -0.01345190 0.05083831 0.00515382
v 0.00372746 0.04570153 0.01127738
v 0.00372746 0.04570153 0.01127738
v -0.00855067 0.01276603 0.01153426
v -0.01520055 0.00167944 0.00259816
v -0.01520055 0.00167944 0.02047038
v -0.00906043 0.07061799 0.01751076
v -0.00906043 0.07061799 0.00515382
v -0.01083415 -0.00565039 0.00048182
v -0.01083415 -0.00565039 0.02258673
v 0.00568294 0.06638628 0.01742755
v 0.00568294 0.06638628 0.00507058
v 0.01678695 0.00143481 0.02152829
v 0.01678695 0.00143481 0.00154025
v 0.00510633 0.08425784 0.00507058
v 0.01702303 0.00133806 0.00109607
v 0.01702303 0.00133806 0.02197247
v -0.00894762 -0.00660512 0.01859831
v -0.00734312 0.05385946 0.01751076
v -0.00734312 0.05385946 0.01751076
v -0.00734312 0.05385946 0.00515382
v -0.00734312 0.05385946 0.00515382
v -0.00734312 0.05385946 0.00515382
v -0.00734312 0.03078628 0.01133226
v -0.00734312 0.03078628 0.01133226
v -0.00734312 0.03078628 0.01745752
v -0.00734312 0.03078628 0.01745752
v -0.00734312 0.03078628 0.00515382
v -0.00734312 0.03078628 0.00515382
v -0.00237922 0.06693619 0.01751076
v -0.00237922 0.06693619 0.01751076
v -0.01649793 -0.04166986 0.00447020
v -0.01649793 -0.04166986 0.01859831
v -0.01324298 0.04502975 0.01133226
v -0.01324298 0.04502975 0.01133226
v -0.01324298 0.04502975 0.00515382
v -0.01324298 0.04502975 0.00515382
v -0.01324298 0.03961603 0.01133226
v -0.01324298 0.03961603 0.01133226
v -0.01324298 0.03961603 0.00515382
v -0.01324298 0.03961603 0.00515382
v 0.01054656 -0.00145273 0.00225743
v 0.01054656 -0.00145273 0.02081115
v -0.02053707 -0.08498948 0.01781222
v -0.02053707 -0.08498948 0.00525635
v 0.00526644 0.02199509 0.01672552
v 0.00526644 0.02199509 0.00582585
v -0.01505505 -0.05890742 0.01683230
v -0.01505505 -0.05890742 0.00623625
v 0.00696077 0.01261342 0.01153426
v 0.00597676 0.05882033 0.01742755
v -0.02514999 -0.07685564 0.01676619
v -0.02514999 -0.07685564 0.00630232
v -0.00234237 0.05592433 0.01133226
v -0.00234237 0.05592433 0.01133226
v -0.00234237 0.05592433 0.01133226
v -0.00234237 0.05592433 0.01133226
v 0.01041001 0.05725200 0.01742755
v -0.00360215 0.08059942 0.01751076
v -0.00360215 0.08059942 0.00515382
v 0.00476504 0.04415086 0.01127738
v 0.00476504 0.04415086 0.01127738
v 0.00476504 0.04049440 0.01127738
v 0.00476504 0.04049440 0.01127738
v -0.00362095 0.04497677 0.01127738
v -0.00362095 0.04497677 0.01127738
v 0.02419027 -0.05131311 0.00447020
v 0.02470421 -0.00612258 0.01902979
v -0.00682785 -0.00460616 0.01683230
v -0.00682785 -0.00460616 0.00623625
v 0.00019181 0.07323430 0.01133226
v 0.00019181 0.07323430 0.01133226
v 0.00019181 0.07323430 0.01751076
v 0.00019181 0.07323430 0.01751076
v 0.00019181 0.07323430 0.00515382
v 0.00019181 0.07323430 0.00515382
v -0.00934949 0.07867225 0.01133226
v -0.00934949 0.07867225 0.01751076
v -0.00934949 0.07867225 0.01751076
v -0.00934949 0.07867225 0.00515382
v -0.00934949 0.07867225 0.00515382
v 0.00305951 0.05592433 0.01124905
v 0.00305951 0.05592433 0.01124905
v 0.00305951 0.05592433 0.01124905
v 0.00305951 0.05592433 0.01124905
v 0.01106109 -0.00363472 0.00208703
v 0.01106109 -0.00363472 0.02098155
v -0.00454930 0.02199509 0.01675552
v -0.00454930 0.02199509 0.00585585
v 0.01006664 0.07867225 0.01742755
v 0.01006664 0.07867225 0.01742755
v 0.01006664 0.07867225 0.01124905
v 0.01006664 0.07867225 0.00507058
v 0.01006664 0.07867225 0.00507058
v 0.00052533 0.07323430 0.01742752
v 0.00052533 0.07323430 0.01742752
v 0.00052533 0.07323430 0.01124905
v 0.00052533 0.07323430 0.01124905
v 0.00052533 0.07323430 0.00507058
v 0.00052533 0.07323430 0.00507058
v 0.00826994 0.05630580 0.01742755
v 0.00826994 0.05630580 0.00507058
v -0.02195220 -0.03182059 0.00447020
v -0.02195220 -0.03182059 0.01859831
v 0.00431929 0.08059942 0.00507058
v 0.02109335 -0.02583998 0.00447020
v 0.02109335 -0.02583998 0.01859831
v -0.02259149 -0.06874412 0.00447020
v -0.02259149 -0.06874412 0.01859831
v 0.00977758 0.07061799 0.01742755
v 0.00977758 0.07061799 0.00507058
v -0.00494072 0.05514480 0.01133226
v -0.00494072 0.05514480 0.01133226
v -0.00494072 0.05514480 0.01133226
v 0.00036580 0.03754525 0.01130396
v 0.00036580 0.03754525 0.01130396
v -0.01679058 0.01063336 0.01683230
v -0.01679058 0.01063336 0.00623625
v 0.02768607 -0.05530929 0.01683230
v 0.02768607 -0.05530929 0.00623625
v -0.00301032 0.04570153 0.01130396
v -0.00301032 0.04570153 0.01130396
v 0.01416904 0.05083831 0.01742755
v 0.01416904 0.05083831 0.01742755
v 0.01416904 0.05083831 0.01124908
v 0.01416904 0.05083831 0.00507058
v 0.01416904 0.05083831 0.00507058
v 0.00809370 0.06296929 0.01742755
v 0.00809370 0.06296929 0.00507058
v -0.01317002 0.05741581 0.01751076
v -0.01317002 0.05741581 0.01751076
v -0.01317002 0.05741581 0.00515382
v -0.01317002 0.05741581 0.00515382
v -0.01094504 0.00938057 0.00994739
v -0.01094504 0.00938057 0.00653869
v -0.01094504 0.00938057 0.00653869
v -0.01094504 0.00938057 0.01607265
v -0.01094504 0.00938057 0.01607265
v -0.00439754 0.04232240 0.00518127
v -0.00439754 0.04232240 0.00518127
v -0.02413824 -0.00380068 0.01994528
v -0.02413824 -0.00380068 0.00312327
v 0.00720370 -0.00456679 0.01153426
v 0.00720370 -0.00456679 0.01153426
v 0.00806027 0.05385946 0.01742755
v 0.00806027 0.05385946 0.01742755
v 0.00806027 0.05385946 0.01742755
v 0.00806027 0.05385946 0.00507058
v 0.00806027 0.05385946 0.00507058
v 0.00806027 0.03078628 0.01742755
v 0.00806027 0.03078628 0.01742755
v 0.00806027 0.03078628 0.01124905
v 0.00806027 0.03078628 0.01124905
v 0.00806027 0.03078628 0.00512382
v 0.00806027 0.03078628 0.00512382
v -0.00438918 0.08425784 0.01751076
v -0.00438918 0.08425784 0.00515382
v 0.02447081 -0.00197901 0.02018498
v -0.00496580 0.06638628 0.01751076
v -0.00496580 0.06638628 0.00515382
v 0.02203482 -0.01241449 0.01683230
v 0.02203482 -0.01241449 0.00623625
v -0.01625650 0.00085281 0.00083336
v -0.01625650 0.00085281 0.02223522
v 0.01207075 -0.02773536 0.01153426
v 0.01207075 -0.02773536 0.01153426
v 0.02721734 -0.05994127 0.01683230
v 0.00056144 0.05864415 0.01742755
v 0.00056144 0.05864415 0.01742755
v 0.00056144 0.05864415 0.01124905
v 0.00056144 0.05864415 0.01124905
v 0.00056144 0.05864415 0.00507058
v 0.00056144 0.05864415 0.00507058
v 0.01819206 -0.03282765 0.00447020
v 0.01819206 -0.03282765 0.01859831
v -0.00279171 0.08995975 0.01133226
v -0.00279171 0.08995975 0.01751076
v -0.00279171 0.08995975 0.01751076
v -0.00279171 0.08995975 0.00515382
v -0.00279171 0.08995975 0.00515382
v -0.01554200 -0.06829057 0.00447020
v -0.01554200 -0.06829057 0.01859831
v -0.01074941 0.00060994 0.01886351
v -0.01074941 0.00060994 0.01886351
v -0.01074941 0.00060994 0.00420507
v -0.01074941 0.00060994 0.00420507
v -0.01010594 0.02448671 0.00585582
v -0.01010594 0.02448671 0.01675549
v 0.01458195 -0.07247292 0.00449224
v 0.01458195 -0.07247292 0.01857628
v 0.00583245 0.01193874 0.01545876
v 0.00583245 0.01193874 0.01545876
v 0.00583245 0.01193874 0.00760979
v 0.00583245 0.01193874 0.00760979
v 0.00761034 0.02177191 0.01621791
v 0.00761034 0.02177191 0.00633346
v -0.00792065 0.00920945 0.00994739
v -0.00792065 0.00920945 0.01607265
v -0.00792065 0.00920945 0.01607265
v -0.01418612 0.05741581 0.01133226
v -0.00284469 0.06576484 0.01133226
v -0.00284469 0.06576484 0.01133226
v -0.00284469 0.06576484 0.01751076
v -0.00284469 0.06576484 0.01751076
v -0.00284469 0.06576484 0.00515382
v -0.00284469 0.06576484 0.00515382
v -0.01071464 0.07172091 0.01751076
v -0.01071464 0.07172091 0.00515382
v 0.01040074 0.02297336 0.00633346
v -0.02029773 -0.00650059 0.01702251
v -0.02029773 -0.00650059 0.01702251
v -0.02029773 -0.00650059 0.00604603
v -0.02029773 -0.00650059 0.00604603
v 0.00428361 0.06919956 0.01742755
v 0.00428361 0.06919956 0.00507058
v -0.00360933 0.04496878 0.01740006
v -0.00360933 0.04496878 0.01740006
v -0.00360933 0.03967602 0.01740006
v -0.00360933 0.03967602 0.01740006
v -0.00433427 0.04139059 0.01127738
v -0.00433427 0.04139059 0.01127738
v -0.00433427 0.04325463 0.01127738
v -0.00433427 0.04325463 0.01127738
v 0.01177543 0.00025583 0.00140694
v 0.01177543 0.00025583 0.02166164
v 0.00035177 0.02844793 0.01742755
v 0.00035177 0.02844793 0.01742755
v 0.00035177 0.02844793 0.01742755
v 0.00035177 0.02844793 0.01124905
v 0.00035177 0.02844793 0.01124905
v 0.00035177 0.02844793 0.01124905
v 0.00035177 0.02844793 0.01124905
v 0.00035177 0.02844793 0.01124905
v 0.00035177 0.02844793 0.00512382
v 0.00035177 0.02844793 0.00512382
v 0.00035177 0.05619782 0.00507058
v 0.00035177 0.05619782 0.00507058
v 0.02234670 0.00197767 0.00370563
v 0.02234670 0.00197767 0.01936292
v -0.01707830 -0.05475895 0.00447020
v -0.01707830 -0.05475895 0.01859831
v 0.01650952 -0.05904250 0.00447020
v 0.01650952 -0.05904250 0.01859831
v -0.01215618 -0.00891386 0.00442783
v -0.01215618 -0.00891390 0.01864075
v -0.00441157 0.04232263 0.01130396
v -0.00441157 0.04232263 0.01130396
v -0.00494432 0.05514167 0.00515382
v -0.00494432 0.05514167 0.00515382
v -0.00494432 0.05514167 0.00515382
v 0.00438389 0.02065439 0.01245869
v 0.00438389 0.02065439 0.01245869
v 0.00438389 0.02065439 0.00633346
v 0.00335810 0.05960991 0.01742755
v 0.00335810 0.05960991 0.00507058
v 0.01033314 -0.00153438 0.02206172
v 0.01033314 -0.00153438 0.00100686
v -0.01349819 -0.00685217 0.02212606
v -0.01349819 -0.00685217 0.00094252
v -0.01274399 0.01324239 0.01153426
v -0.01928941 0.00310933 0.01153426
v -0.01928941 0.00310933 0.01153426
v 0.01483324 0.05904913 0.01124908
v 0.01622464 0.00166528 0.00259816
v 0.01622464 0.00166528 0.02047038
v 0.00837557 0.05753816 0.01742755
v 0.00837557 0.05753816 0.00507058
v 0.01314727 0.02589309 0.00582589
v 0.01314727 0.02589309 0.01672555
v 0.01314727 0.02589309 0.01195111
v -0.00439352 0.04231620 0.00521568
v -0.00439352 0.04231620 0.00521568
v -0.00439352 0.04231620 0.01740610
v -0.00439352 0.04231620 0.01740610
v 0.01058175 0.00582820 0.00447020
v 0.01058175 0.00582820 0.01859831
v -0.00146240 0.03790890 0.01130396
v -0.00146240 0.03790890 0.01130396
v -0.00146240 0.03790890 0.01130396
v -0.00236075 0.08059090 0.01751076
v 0.01017645 0.05213393 0.01133229
v 0.01017645 0.05213393 0.01133229
v 0.01017645 0.05213393 0.00515382
v 0.01017645 0.05213393 0.00515382
v 0.01017645 0.03251182 0.01133229
v 0.01017645 0.03251182 0.01133229
v 0.01017645 0.03251182 0.00515382
v 0.01017645 0.03251182 0.00515382
v -0.00166923 0.07576149 0.01751076
v -0.00166923 0.07576149 0.00515382
v -0.01764806 -0.00261034 0.00000000
v -0.01764806 -0.00261034 0.02306858
v 0.01296685 0.00961234 0.00650872
v 0.01296685 0.00961234 0.00650872
v 0.01296685 0.00961234 0.01604268
v 0.01296685 0.00961234 0.01604268
v 0.01296685 0.00961234 0.01263395
v -0.00735674 0.03078628 0.01742752
v -0.00735674 0.03078628 0.01742752
v -0.00735674 0.03078628 0.01124905
v -0.00735674 0.03078628 0.01124905
v 0.00483783 0.08997852 0.01742755
v 0.00483783 0.08997852 0.01742755
v 0.00483783 0.08997852 0.01124905
v 0.00483783 0.08997852 0.00507058
v 0.00483783 0.08997852 0.00507058
v -0.02254511 0.00246566 0.01153426
v -0.01899349 -0.00607437 0.00083336
v -0.01899349 -0.00607437 0.02223522
v 0.00616655 0.08051445 0.00507058
v -0.02125817 0.00272009 0.01153426
v -0.01325659 0.04502972 0.01742752
v -0.01325659 0.04502972 0.01742752
v -0.01325659 0.04502972 0.01124905
v -0.01325659 0.04502972 0.01124905
v -0.01325659 0.03961599 0.01742752
v -0.01325659 0.03961599 0.01742752
v -0.01325659 0.03961599 0.01124905
v -0.01325659 0.03961599 0.01124905
v -0.00572508 0.01244504 0.01153426
v -0.00403493 0.04049952 0.00518127
v -0.00403493 0.04049952 0.00518127
v -0.00403493 0.04414528 0.00518127
v -0.00403493 0.04414528 0.00518127
v 0.02232222 -0.03196001 0.00447020
v 0.02232222 -0.03196001 0.01859831
v 0.00199863 0.08236344 0.01742752
v 0.00199863 0.08236344 0.01742752
v 0.00199863 0.08236344 0.01124905
v 0.00199863 0.08236344 0.01124905
v 0.00199863 0.08236344 0.00507058
v 0.00199863 0.08236344 0.00507058
v -0.01783191 -0.07265866 0.00449224
v -0.01783191 -0.07265866 0.01857628
v 0.01190554 -0.00601708 0.00417044
v 0.01190554 -0.00601708 0.00417044
v 0.01190554 -0.00601708 0.01889808
v 0.01190554 -0.00601708 0.01889808
v 0.01980057 -0.04490016 0.00447020
v 0.01980057 -0.04490016 0.01859831
v -0.00058151 0.03767126 0.00521568
v -0.00058151 0.03767126 0.00521568
v -0.00058151 0.03767126 0.01740610
v -0.00058151 0.03767126 0.01740610
v -0.00058151 0.04696117 0.00521568
v -0.00058151 0.04696117 0.00521568
v -0.00058151 0.04696117 0.01740610
v -0.00058151 0.04696117 0.01740610
v 0.00217830 0.04673743 0.01127738
v 0.00217830 0.04673743 0.01127738
v -0.00811093 -0.01017247 0.01683230
v -0.00811093 -0.01017247 0.00623625
v 0.01381715 0.05904913 0.01742755
v 0.01381715 0.05904913 0.01742755
v 0.01381715 0.05904913 0.00507058
v 0.01381715 0.05904913 0.00507058
v -0.00571464 0.00072975 0.01683230
v -0.00571464 0.00072975 0.00623625
v 0.01180735 -0.00578942 0.00225743
v 0.01180735 -0.00578942 0.02081115
v -0.00387064 0.07868380 0.01751076
v -0.00387064 0.07868380 0.00515382
v -0.02128399 -0.01228440 0.01683230
v -0.02128399 -0.01228440 0.00623625
v -0.00782755 0.07869373 0.01751076
v -0.00782755 0.07869373 0.00515382
v -0.00912911 0.06916665 0.01751076
v -0.00912911 0.06916665 0.00515382
v 0.00982605 0.01257575 0.01683230
v 0.00982605 0.01257575 0.01683230
v 0.00982605 0.01257575 0.00623625
v 0.00982605 0.01257575 0.00623625
v 0.00150483 0.08995782 0.01742752
v 0.00150483 0.08995782 0.01742752
v 0.00150483 0.08995782 0.01124905
v 0.00150483 0.08995782 0.00507058
v 0.00150483 0.08995782 0.00507058
v 0.01998993 -0.04846672 0.00447020
v 0.01998993 -0.04846672 0.01859831
v 0.00993678 -0.01495595 0.01683230
v 0.01509498 -0.04203347 0.01683230
v 0.01509498 -0.04203347 0.00623625
v -0.01506867 -0.03340730 0.00447020
v -0.01506867 -0.03340730 0.01859831
v -0.01481170 -0.04593032 0.01153426
v -0.01481170 -0.04593032 0.01153426
v -0.01312155 -0.00719260 0.00251296
v -0.01312155 -0.00719260 0.02055558
v -0.01243629 -0.07603762 0.01153426
v -0.01243629 -0.07603762 0.01153426
v 0.00669019 0.07865348 0.01742755
v 0.00669019 0.07865348 0.00507058
v 0.01227458 0.02400476 0.01621791
v 0.01227458 0.02400476 0.01245869
v 0.01227458 0.02400476 0.00633346
v -0.02351524 0.00185526 0.01153426
v 0.01858809 -0.00267141 0.00000000
v 0.01858809 -0.00267141 0.02306858
v 0.02894418 -0.04692001 0.01153426
v 0.00710176 0.01136614 0.00447020
v 0.00710176 0.01136614 0.01859831
v -0.00432056 0.04139311 0.01740006
v -0.00432056 0.04139311 0.01740006
v -0.00432056 0.04325170 0.01740006
v -0.00432056 0.04325170 0.01740006
v 0.01190195 0.03461436 0.01133229
v 0.01190195 0.03461436 0.01133229
v 0.00326109 0.08615740 0.01742752
v 0.00326109 0.08615740 0.00507058
v 0.00503689 0.04139059 0.01127738
v 0.00503689 0.04139059 0.01127738
v 0.00503689 0.04325463 0.01127738
v 0.00503689 0.04325463 0.01127738
v 0.01199179 0.05865424 0.01742755
v 0.01199179 0.05865424 0.00507058
v 0.01329962 -0.03385539 0.01153426
v 0.01329962 -0.03385539 0.01153426
v -0.01392872 -0.06818676 0.01683230
v -0.01392872 -0.06818676 0.00623625
v 0.00802368 0.06431795 0.01742755
v 0.00802368 0.06431795 0.00507058
v 0.01125773 0.07578219 0.01742755
v 0.01125773 0.07578219 0.01742755
v 0.01125773 0.07578219 0.01124905
v 0.01125773 0.07578219 0.00507058
v 0.01125773 0.07578219 0.00507058
v 0.00449922 0.06561553 0.01742755
v 0.00449922 0.06561553 0.00507058
v -0.02684063 -0.06444552 0.01683230
v -0.02684063 -0.06444552 0.00623625
v 0.01151888 -0.01462357 0.00447020
v 0.01151888 -0.01462357 0.01859831
v -0.00403301 0.04050383 0.00521568
v -0.00403301 0.04050383 0.00521568
v -0.00403301 0.04412857 0.00521568
v -0.00403301 0.04412857 0.00521568
v 0.00788370 0.06701528 0.00507058
v -0.02003407 -0.08990902 0.01153426
v 0.02393072 -0.04403253 0.00447020
v 0.02393072 -0.04403253 0.01859831
v -0.02103479 -0.08043790 0.00477689
v -0.02103479 -0.08043790 0.01829166
v -0.00231570 0.06459353 0.01133226
v -0.00231570 0.06459353 0.01133226
v -0.00231570 0.06459353 0.01751076
v -0.00231570 0.06459353 0.01751076
v -0.00231570 0.06459353 0.00515382
v -0.00231570 0.06459353 0.00515382
v -0.00695786 0.07103576 0.01751076
v -0.00695786 0.07103576 0.00515382
v 0.00476664 0.04049952 0.00518127
v 0.00476664 0.04049952 0.00518127
v 0.00476664 0.04414525 0.00518127
v 0.00476664 0.04414525 0.00518127
v 0.00748467 0.08425523 0.01742755
v 0.00748467 0.08425523 0.01742755
v 0.00748467 0.08425523 0.01124905
v -0.00430251 0.04139226 0.00521568
v -0.00430251 0.04139226 0.00521568
v -0.00430251 0.04139226 0.01740610
v -0.00430251 0.04139226 0.01740610
v -0.00430251 0.04324014 0.00521568
v -0.00430251 0.04324014 0.00521568
v -0.00430251 0.04324014 0.01740610
v -0.00430251 0.04324014 0.01740610
v -0.01339464 -0.07237316 0.00625277
v -0.01339464 -0.07237316 0.01681581
v 0.00547487 0.06889695 0.01742755
v 0.00547487 0.06889695 0.00507058
v 0.01187329 -0.00594233 0.01952623
v 0.01187329 -0.00594233 0.00354231
v -0.00457486 0.07138387 0.01751076
v -0.00457486 0.07138387 0.00515382
v 0.02242367 -0.00783470 0.01153426
v -0.00136378 0.08050400 0.01133226
v -0.00136378 0.08050400 0.01133226
v -0.00136378 0.08050400 0.01751076
v -0.00136378 0.08050400 0.01751076
v -0.00136378 0.08050400 0.00515382
v -0.00136378 0.08050400 0.00515382
v 0.00366489 0.06810750 0.01742755
v 0.00366489 0.06810750 0.01742755
v 0.00366489 0.06810750 0.01124905
v 0.00366489 0.06810750 0.01124905
v 0.00366489 0.06810750 0.00507058
v 0.00366489 0.06810750 0.00507058
v -0.00431371 0.07578434 0.01751076
v -0.00431371 0.07578434 0.00515382
v -0.02696882 -0.03925626 0.01683230
v -0.02696882 -0.03925626 0.00623625
v -0.00416120 0.01194520 0.01153426
v -0.00416120 0.01194520 0.01153426
v -0.00416120 0.01194520 0.01153426
v -0.00668493 0.00521875 0.00447020
v -0.00668493 0.00521875 0.01859831
v 0.02121194 -0.00808625 0.01687986
v 0.02121194 -0.00808625 0.00618869
v -0.01643724 0.01338165 0.01153426
v -0.01643724 0.01338165 0.01153426
v 0.00129784 0.03763705 0.01130396
v 0.00129784 0.03763705 0.01130396
v 0.00129784 0.04700821 0.01130396
v 0.00129784 0.04700821 0.01130396
v 0.01700224 -0.05479901 0.00447020
v 0.01700224 -0.05479901 0.01859831
v -0.02625223 -0.00507192 0.01153426
v -0.01358417 -0.01405923 0.00447020
v -0.01358417 -0.01405923 0.01859831
v 0.00299769 0.03836180 0.01740006
v 0.00299769 0.03836180 0.01740006
v 0.00299769 0.04628300 0.01740006
v 0.00299769 0.04628300 0.01740006
v -0.01075541 0.00052530 0.00364948
v -0.01075541 0.00052530 0.01941907
v -0.01092464 0.06682093 0.01751076
v -0.01092464 0.06682093 0.00515382
v 0.00520595 0.00897399 0.01153426
v 0.00520595 0.00897399 0.01153426
v 0.01836781 0.00710195 0.01683230
v 0.01836781 0.00710195 0.00623625
v -0.00428730 0.01099946 0.01683230
v -0.00428730 0.01099946 0.00623625
v 0.01986576 -0.00616100 0.00083336
v 0.01986576 -0.00616100 0.02223522
v 0.01539490 -0.05472223 0.01683230
v 0.01539490 -0.05472223 0.00623625
v 0.00352207 0.07045640 0.01742755
v 0.00352207 0.07045640 0.01742755
v 0.00352207 0.07045640 0.01124905
v 0.00352207 0.07045640 0.01124905
v 0.00352207 0.07045640 0.00507058
v 0.00352207 0.07045640 0.00507058
v -0.00255119 0.05837755 0.01751076
v -0.02351615 -0.00180346 0.02018498
v -0.02351615 -0.00180346 0.00288353
v 0.01037251 0.05458026 0.01742755
v 0.01037251 0.05458026 0.00507058
v -0.01078466 0.00011285 0.02212606
v -0.01078466 0.00011285 0.00094252
v 0.02002245 -0.05157044 0.00447020
v 0.00457711 0.08611023 0.01742755
v 0.00457711 0.08611023 0.00507058
v 0.01016284 0.03251182 0.01742755
v 0.01016284 0.03251182 0.01742755
v 0.01016284 0.03251182 0.01124908
v 0.01016284 0.03251182 0.01124908
v 0.01016284 0.03251182 0.00512382
v 0.01016284 0.03251182 0.00512382
v 0.01016284 0.05213396 0.01742755
v 0.01016284 0.05213396 0.01742755
v 0.01016284 0.05213396 0.01742755
v 0.01016284 0.05213396 0.00507058
v 0.01016284 0.05213396 0.00507058
v -0.00404153 0.00877209 0.01153426
v -0.00404153 0.00877209 0.01153426
v -0.02383028 -0.00594167 0.01902979
v -0.02383028 -0.00594167 0.00403875
v 0.00432357 0.03966845 0.01127738
v 0.00432357 0.03966845 0.01127738
v -0.00406242 0.04415083 0.01127738
v -0.00406242 0.04415083 0.01127738
v -0.00406242 0.04049440 0.01127738
v -0.00406242 0.04049440 0.01127738
v 0.01410095 0.05242749 0.00507058
v 0.01410095 0.05242749 0.00507058
v -0.01141844 0.05529927 0.01751076
v -0.01141844 0.05529927 0.00515382
v -0.01214547 -0.02767549 0.01683230
v -0.01214547 -0.02767549 0.00623625
v -0.01143933 0.02512995 0.00585582
v -0.01143933 0.02512995 0.01675549
v 0.02330381 -0.00631629 0.00483219
v 0.02330381 -0.00631629 0.01823633
v 0.00920599 0.08053322 0.01742755
v 0.00920599 0.08053322 0.01742755
v 0.00920599 0.08053322 0.01124905
v 0.00920599 0.08053322 0.00507058
v 0.00920599 0.08053322 0.00507058
v 0.01462325 0.06394915 0.01124908
v 0.01019626 0.06176996 0.00507058
v -0.00943998 0.05213618 0.01133226
v -0.00943998 0.05213618 0.01133226
v -0.00943998 0.05213618 0.01133226
v 0.01987128 -0.08509120 0.01781222
v 0.01987128 -0.08509120 0.00525635
v -0.01275134 0.06718490 0.01751076
v -0.01275134 0.06718490 0.01751076
v -0.01275134 0.06718490 0.00515382
v -0.01275134 0.06718490 0.00515382
v 0.01360715 0.06394915 0.01742755
v 0.01360715 0.06394915 0.01742755
v 0.01360715 0.06394915 0.00507058
v 0.01360715 0.06394915 0.00507058
v -0.00301231 0.03894448 0.01130396
v -0.00301231 0.03894448 0.01130396
v 0.01076586 -0.00136887 0.01952623
v 0.01076586 -0.00136887 0.00354231
v 0.02045759 -0.08055020 0.00477689
v 0.02045759 -0.08055020 0.01829166
v -0.02538747 -0.02462313 0.01153426
v 0.00035128 0.03755903 0.01740006
v 0.00035128 0.03755903 0.01740006
v 0.00035128 0.04708577 0.01740006
v 0.00035128 0.04708577 0.01740006
v -0.01376743 0.06718490 0.01133226
v 0.00424761 0.06322619 0.00507058
v 0.02774048 -0.04712792 0.01683230
v 0.02774048 -0.04712792 0.00623625
v 0.00512924 0.04232240 0.00518127
v 0.00512924 0.04232240 0.00518127
v 0.02034059 0.00301518 0.01153426
v 0.02034059 0.00301518 0.01153426
v 0.02657397 -0.06467396 0.01683230
v 0.02657397 -0.06467396 0.00623625
v 0.01934330 -0.05928034 0.00447020
v 0.01934330 -0.05928034 0.01859831
v -0.00840316 -0.00424304 0.00447020
v -0.00840316 -0.00424304 0.01859831
v -0.01926900 -0.04103112 0.01859831
v 0.00931313 -0.00412366 0.00447020
v 0.00931313 -0.00412366 0.01859831
v -0.00641007 0.08241571 0.01751076
v -0.00641007 0.08241571 0.00515382
v -0.00933911 0.06472864 0.01751076
v -0.00933911 0.06472864 0.00515382
v 0.00259849 0.08998068 0.01742752
v 0.00259849 0.08998068 0.01742752
v 0.00259849 0.08998068 0.01124905
v 0.00259849 0.08998068 0.00507058
v 0.00259849 0.08998068 0.00507058
v -0.01408783 0.00316090 0.00440684
v -0.01408783 0.00316090 0.01866170
v -0.02640983 -0.03551143 0.01683230
v -0.02640983 -0.03551143 0.00623625
v 0.02412126 0.00219087 0.01153426
v 0.02589707 -0.02483084 0.01153426
v 0.01676316 0.01303014 0.01545876
v 0.01676316 0.01303014 0.01545876
v -0.01436360 -0.03828815 0.01683230
v -0.01436360 -0.03828815 0.00623625
v 0.00424894 0.07039421 0.01742755
v 0.00424894 0.07039421 0.00507058
v -0.01500289 -0.07247664 0.00449224
v -0.01500289 -0.07247664 0.01857628
v -0.02604005 -0.00353914 0.01153426
v -0.00871027 0.01155476 0.00447020
v -0.00871027 0.01155476 0.01859831
v -0.02321338 -0.08887559 0.01153426
v -0.02321338 -0.08887559 0.01153426
v 0.02513661 -0.08094293 0.01153426
v 0.00560482 0.06764162 0.01742755
v 0.00560482 0.06764162 0.00507058
v 0.00128364 0.04700583 0.01127738
v 0.00128364 0.04700583 0.01127738
v 0.01192177 0.06028756 0.01742755
v 0.01192177 0.06028756 0.00507058
v 0.00567511 0.05514163 0.01133229
v 0.00567511 0.05514163 0.01133229
v 0.00567511 0.05514163 0.00515382
v 0.00567511 0.05514163 0.00515382
v -0.00628338 -0.00224411 0.01683230
v -0.00628338 -0.00224411 0.00623625
v 0.00830748 0.05885039 0.01742755
v 0.00830748 0.05885039 0.00507058
v 0.00274607 0.08430315 0.01742752
v 0.00353787 0.06342218 0.01742755
v 0.00353787 0.06342218 0.01742755
v 0.00353787 0.06342218 0.01124905
v 0.00353787 0.06342218 0.01124905
v 0.00353787 0.06342218 0.00507058
v 0.00353787 0.06342218 0.00507058
v -0.00456816 0.00482997 0.01153426
v -0.00456816 0.00482997 0.01153426
v 0.01218291 -0.07985564 0.00646629
v 0.01218291 -0.07985564 0.01660229
v -0.02454912 -0.08066402 0.00646629
v -0.02454912 -0.08066402 0.01660229
v -0.00848121 0.02358953 0.00585582
v -0.00848121 0.02358953 0.01675552
v -0.02760560 -0.03523579 0.01153426
v 0.01586615 -0.06377519 0.00447020
v 0.01586615 -0.06377522 0.01859831
v 0.01188834 0.05003139 0.01742755
v 0.01188834 0.05003139 0.01742755
v 0.01188834 0.05003139 0.01742755
v 0.00020771 0.07861401 0.01133226
v 0.00020771 0.07861401 0.01133226
v 0.00020771 0.07861401 0.01751076
v 0.00020771 0.07861401 0.01751076
v 0.01178179 0.06355426 0.01742755
v 0.01178179 0.06355426 0.00507058
v 0.01047814 0.05581262 0.01742755
v 0.01047814 0.05581262 0.00507058
v -0.01668961 -0.08845586 0.01593783
v -0.01668961 -0.08845586 0.01593783
v 0.01970189 -0.01921622 0.00447020
v 0.01970189 -0.01921622 0.01859831
v -0.00958430 -0.00154861 0.00225743
v -0.00958430 -0.00154861 0.02081115
v 0.00374395 0.03894448 0.01130396
v 0.00374395 0.03894448 0.01130396
v 0.00374395 0.03894448 0.01130396
v 0.00374395 0.04570074 0.01130396
v 0.00374395 0.04570074 0.01130396
v 0.02753349 -0.04327569 0.01683230
v 0.02753349 -0.04327569 0.00623625
v 0.00590625 0.06004175 0.01742755
v -0.02316683 -0.06420912 0.00447020
v -0.02316683 -0.06420912 0.01859831
v 0.01778118 0.01249603 0.01683230
v 0.01778118 0.01249603 0.00623625
v 0.01247674 -0.07602770 0.00630232
v 0.00781368 0.06836398 0.01742755
v 0.00781368 0.06836395 0.00507058
v -0.00301038 0.08434722 0.01751076
v -0.00301038 0.08434722 0.00515382
v -0.01051891 -0.00623315 0.01867326
v -0.01051891 -0.00623315 0.00439528
v -0.01843274 -0.00458520 0.00031958
v -0.01843274 -0.00458520 0.02274900
v 0.01297605 -0.07233810 0.00625277
v 0.01297605 -0.07233810 0.01681581
v -0.01675722 -0.00879837 0.00440684
v -0.01675722 -0.00879837 0.01866170
v -0.01437764 -0.08954508 0.01153426
v -0.00147692 0.04673636 0.01127738
v -0.00147692 0.04673636 0.01127738
v -0.00147692 0.03790890 0.01127738
v -0.00147692 0.03790890 0.01127738
v 0.01422672 0.04232289 0.01124908
v 0.01422672 0.04232289 0.01124908
v 0.01067929 -0.02111163 0.01153426
v 0.01067929 -0.02111163 0.01153426
v -0.00504391 0.06513094 0.01751076
v -0.00504391 0.06513094 0.00515382
v 0.01359161 -0.06816290 0.01683230
v 0.01359161 -0.06816290 0.00623625
v -0.00702655 0.06971265 0.01751076
v -0.00702655 0.06971265 0.00515382
v -0.00235931 0.07299100 0.01751076
v -0.00235931 0.07299100 0.00515382
v -0.00235931 0.06928195 0.01133226
v -0.00235931 0.06928195 0.01133226
v -0.00235931 0.06928195 0.01751076
v -0.00235931 0.06928195 0.01751076
v -0.00235931 0.06928195 0.00515382
v -0.00235931 0.06928195 0.00515382
v -0.02572057 -0.08073940 0.01153426
v -0.01414440 0.01002694 0.00994739
v -0.01414440 0.01002694 0.00994739
v -0.01414440 0.01002694 0.00653869
v -0.01414440 0.01002694 0.00653869
v -0.01414440 0.01002694 0.01607265
v -0.01414440 0.01002694 0.01607265
v 0.01460905 -0.03827846 0.01683230
v 0.01460905 -0.03827846 0.00623625
v -0.00235513 0.05593122 0.01742752
v -0.00235513 0.05593122 0.01742752
v -0.00235513 0.05593122 0.01124905
v -0.00235513 0.05593122 0.01124905
v -0.02777006 -0.05506094 0.01683230
v -0.02777006 -0.05506094 0.00623625
v -0.01099466 0.06518758 0.01751076
v 0.01228303 -0.08817356 0.01153426
v 0.01228303 -0.08817356 0.01153426
v 0.01228303 -0.08817356 0.01153426
v -0.02553956 -0.03099370 0.01683230
v -0.02553956 -0.03099370 0.00623625
v -0.02153668 -0.00622707 0.01153426
v -0.02153668 -0.00622707 0.01153426
v 0.01425522 -0.06363998 0.01683230
v 0.01425522 -0.06363998 0.00623625
v -0.00352165 0.09000000 0.01133226
v -0.00352165 0.09000000 0.01751076
v -0.00352165 0.09000000 0.01751076
v -0.00352165 0.09000000 0.00515382
v -0.00352165 0.09000000 0.00515382
v -0.01871002 -0.03728626 0.00447020
v -0.01871002 -0.03728626 0.01859831
v -0.01113463 0.06192091 0.01751076
v -0.01113463 0.06192091 0.00515382
v 0.00007593 0.05987651 0.01133226
v 0.00007593 0.05987651 0.01133226
v 0.00007593 0.05987651 0.01751076
v 0.00007593 0.05987651 0.01751076
v 0.00007593 0.05987651 0.00515382
v 0.00007593 0.05987651 0.00515382
v -0.01611734 -0.06375557 0.00447020
v -0.01611734 -0.06375557 0.01859831
v -0.01558251 -0.04921047 0.00623625
v 0.00502312 0.04325170 0.01740006
v 0.00502312 0.04325170 0.01740006
v -0.00642143 0.00914429 0.00994739
v -0.00642143 0.00914429 0.00994739
v -0.00642143 0.00914429 0.00994739
v -0.00642143 0.00914429 0.00653869
v -0.00642143 0.00914429 0.00653869
v -0.00642143 0.00914429 0.01607265
v -0.00642143 0.00914429 0.01607265
v 0.00042482 0.08994771 0.01742752
v 0.00042482 0.08994771 0.01742752
v 0.00042482 0.08994771 0.01742752
v 0.00042482 0.08994771 0.01124905
v 0.00042482 0.08994771 0.01124905
v 0.00042482 0.08994771 0.01124905
v 0.00042482 0.08994771 0.00507058
v 0.00042482 0.08994771 0.00507058
v 0.00042482 0.08994771 0.00507058
v -0.00359477 0.03967602 0.00518127
v -0.00359477 0.03967602 0.00518127
v -0.01429139 -0.08000404 0.00477689
v -0.01429139 -0.08000404 0.01829166
v 0.00723272 -0.00208380 0.01683230
v 0.00723272 -0.00208380 0.00623625
v 0.02272194 0.00146380 0.01955999
v 0.02272194 0.00146380 0.00350856
v -0.00498065 0.06387563 0.01751076
v -0.00498065 0.06387563 0.00515382
v 0.01012624 0.06324930 0.01742755
v 0.01012624 0.06324930 0.00507058
v -0.00369162 0.06681022 0.01751076
v -0.00369162 0.06681022 0.00515382
v -0.00056620 0.03763705 0.01130396
v -0.00056620 0.03763705 0.01130396
v -0.00985054 -0.00368901 0.00017471
v -0.00985054 -0.00368901 0.02289384
v -0.01076769 0.00035213 0.00251296
v -0.01076769 0.00035213 0.02055558
v 0.01441325 0.06884916 0.01124908
v 0.02714265 -0.00530020 0.01153426
v 0.00998627 0.06620798 0.00507058
v -0.02766501 -0.04688005 0.01683230
v 0.00431831 0.06800487 0.00507058
v 0.00570971 0.08613769 0.01742755
v 0.00570971 0.08613769 0.00507058
v 0.00521875 0.07266297 0.01742755
v 0.00521875 0.07266297 0.00507058
v 0.02712594 -0.03095087 0.01153426
v 0.02310426 -0.03649384 0.01859831
v 0.00770204 -0.00693903 0.01153426
v 0.00770204 -0.00693903 0.01153426
v -0.00996619 -0.00387864 0.01867907
v -0.00996619 -0.00387864 0.00438951
v -0.00147157 0.03792163 0.01740006
v -0.00147157 0.03792163 0.01740006
v -0.00147157 0.04672320 0.01740006
v -0.00147157 0.04672320 0.01740006
v -0.00968624 -0.00980937 0.00447020
v -0.00968624 -0.00980937 0.01859831
v -0.01236040 -0.08446340 0.01153426
v -0.01236040 -0.08446340 0.01153426
v 0.01339716 0.06884916 0.01742755
v 0.01339716 0.06884916 0.01742755
v 0.01339716 0.06884916 0.00507058
v 0.01339716 0.06884916 0.00507058
v 0.00890541 -0.01004627 0.01683230
v 0.00890541 -0.01004627 0.00623625
v -0.01800328 0.01081042 0.01153426
v 0.01077105 -0.00359793 0.00017471
v -0.00375296 0.01093237 0.01153426
v -0.00375296 0.01093237 0.01153426
v 0.01402600 0.01298262 0.01683230
v 0.01402600 0.01298262 0.01683230
v 0.01402600 0.01298262 0.00623625
v 0.01402600 0.01298262 0.00623625
v 0.00662402 0.08611621 0.01742755
v 0.00662402 0.08611621 0.01742755
v 0.00662402 0.08611621 0.01124905
v 0.00662402 0.08611621 0.00507058
v 0.00662402 0.08611621 0.00507058
v 0.02159929 -0.07306191 0.00449224
v 0.02159929 -0.07306191 0.01857628
v 0.00330848 0.02123078 0.01672552
v 0.00330848 0.02123078 0.00582585
v 0.00330848 0.02123078 0.01195111
v 0.00330848 0.02123078 0.01195111
v -0.00871268 -0.01518217 0.01153426
v -0.00871268 -0.01518217 0.01153426
v -0.01282002 0.06558246 0.01751076
v -0.01282002 0.06558246 0.01751076
v -0.01282002 0.06558250 0.00515382
v -0.01282002 0.06558250 0.00515382
v 0.01353713 0.06558250 0.01742755
v 0.01353713 0.06558250 0.01742755
v -0.00259137 0.02123078 0.01675552
v -0.00259137 0.02123078 0.01063023
v -0.00259137 0.02123078 0.01063023
v -0.02060432 -0.02572566 0.00447020
v -0.02060432 -0.02572566 0.01859831
v -0.00590691 0.08611621 0.01133226
v -0.00590691 0.08611621 0.01751076
v -0.00590691 0.08611621 0.01751076
v -0.00590691 0.08611621 0.00515382
v -0.00590691 0.08611621 0.00515382
v 0.01786174 -0.00724483 0.00368519
v 0.01786174 -0.00724483 0.01938332
v -0.00881505 0.07580367 0.01751076
v -0.00881505 0.07580367 0.00515382
v -0.01178662 -0.00341794 0.02302490
v -0.01178662 -0.00341794 0.00004364
v -0.01077964 0.00018359 0.00140694
v -0.01077964 0.00018359 0.02166164
v -0.00491738 0.06262029 0.01751076
v -0.00491738 0.06262029 0.00515382
v -0.00940913 0.06324930 0.01751076
v 0.01536442 0.00201779 0.01885192
v 0.01536442 0.00201779 0.01885192
v 0.01536442 0.00201779 0.00421663
v 0.01536442 0.00201779 0.00421663
v 0.01408166 -0.03838922 0.01153426
v 0.01408166 -0.03838922 0.01153426
v -0.01383611 0.06558250 0.01133226
v -0.00106075 0.06101619 0.01133226
v -0.00106075 0.06101619 0.01133226
v -0.00106075 0.06101619 0.01751076
v -0.00106075 0.06101619 0.01751076
v -0.00106075 0.06101619 0.00515382
v -0.00106075 0.06101619 0.00515382
v 0.00587116 0.05758797 0.01742755
v 0.00587116 0.05758797 0.00507058
v 0.00291915 0.08244766 0.01742752
v 0.00291915 0.08244766 0.00507058
v -0.00954911 0.06029063 0.01751076
v -0.00954911 0.06029063 0.00515382
v -0.00492574 0.08237546 0.00515382
v -0.02899105 -0.05509544 0.01153426
v 0.00034243 0.03758025 0.00521568
v 0.00034243 0.03758025 0.00521568
v 0.00034243 0.03758025 0.00521568
v 0.00034243 0.03758025 0.01740610
v 0.00034243 0.03758025 0.01740610
v 0.00034243 0.03758025 0.01740610
v 0.00034243 0.04231620 0.00521568
v 0.00034243 0.04231620 0.01740610
v 0.00034243 0.04705215 0.00521568
v 0.00034243 0.04705215 0.00521568
v 0.00034243 0.04705215 0.01740610
v 0.00034243 0.04705215 0.01740610
v -0.00265137 0.06077228 0.01751076
v -0.00265137 0.06077228 0.00515382
v -0.01148653 0.05371009 0.01751076
v -0.01148653 0.05371009 0.00515382
v -0.00365627 0.06442088 0.01751076
v -0.00365627 0.06442088 0.00515382
v -0.01783974 -0.03276856 0.00447020
v -0.01783974 -0.03276856 0.01859831
v -0.01116480 -0.00141722 0.02270842
v -0.01116480 -0.00141722 0.00036016
v 0.00423876 0.09000000 0.01742752
v 0.00423876 0.09000000 0.01742752
v 0.01401614 0.00973968 0.00650872
v 0.01401614 0.00973968 0.00650872
v 0.01401614 0.00973968 0.01263395
v 0.01048751 -0.00971392 0.00447020
v 0.01048751 -0.00971392 0.01859831
v 0.02839391 -0.03923974 0.01153426
v -0.01860647 0.00271238 0.01742105
v -0.01860647 0.00271238 0.00564746
v -0.01045447 -0.00375364 0.00414736
v -0.01045447 -0.00375364 0.00414736
v -0.01045447 -0.00375364 0.01892119
v -0.01045447 -0.00375364 0.01892119
v 0.01171177 0.06518758 0.01742755
v 0.01171177 0.06518758 0.00507058
v 0.02101909 -0.07674471 0.00455834
v 0.02101909 -0.07674471 0.01851020
v -0.00617165 0.00908305 0.00447020
v -0.00617165 0.00908305 0.01859831
v 0.00431188 0.04496881 0.01740006
v 0.00431188 0.04496881 0.01740006
v 0.00431188 0.03967602 0.01740006
v 0.00431188 0.03967602 0.01740006
v -0.02170055 0.00160466 0.01955999
v -0.02170055 0.00160466 0.00350856
v 0.00566149 0.02950408 0.00512382
v 0.00566149 0.02950408 0.00512382
v -0.00300235 0.03895418 0.00518127
v -0.00300235 0.03895418 0.00518127
v -0.00300235 0.04569062 0.00518127
v -0.00300235 0.04569062 0.00518127
v -0.00462774 0.07015229 0.00515382
v 0.00713855 0.00914429 0.01604268
v 0.00713855 0.00914429 0.01604268
v -0.00430600 0.04139311 0.00518127
v -0.00430600 0.04139311 0.00518127
v -0.00430600 0.04325170 0.00518127
v -0.00430600 0.04325170 0.00518127
v 0.00495953 0.01113950 0.01153426
v 0.00495953 0.01113950 0.01153426
v 0.01157180 0.06845424 0.00507058
v 0.00064118 0.05987651 0.01742755
v 0.00064118 0.05987651 0.01742755
v -0.01576727 0.00146001 0.02152829
v -0.01576727 0.00146001 0.00154025
v -0.01439752 -0.04215403 0.01153426
v -0.01439752 -0.04215403 0.01153426
v -0.01450406 -0.06365176 0.01683230
v -0.01450406 -0.06365176 0.00623625
v 0.00834534 0.08239423 0.01742755
v 0.00834534 0.08239423 0.01742755
v 0.00834534 0.08239423 0.01124905
v 0.00834534 0.08239423 0.00507058
v 0.00834534 0.08239423 0.00507058
v 0.00672205 0.00090057 0.01683230
v 0.00672205 0.00090057 0.00623625
v 0.01643467 -0.08021253 0.00477689
v 0.01643467 -0.08021253 0.01829166
v -0.00711880 0.08055473 0.01751076
v -0.00711880 0.08055473 0.00515382
v 0.00576102 0.06513094 0.01742755
v 0.00760368 0.07240998 0.01742755
v 0.00760368 0.07240998 0.00507058
v 0.01701755 -0.04548477 0.00447020
v 0.01701755 -0.04548477 0.01859831
v 0.01166924 -0.07981252 0.01153426
v 0.01166924 -0.07981252 0.01153426
v 0.02546830 0.00021597 0.01153426
v 0.01406762 -0.07616124 0.00455834
v 0.01406762 -0.07616124 0.01851020
v 0.00307224 0.02871453 0.01133229
v 0.00307224 0.02871453 0.01133229
v 0.00307224 0.02871453 0.00515382
v 0.00307224 0.02871453 0.00515382
v 0.00307224 0.05593122 0.01133229
v 0.00307224 0.05593122 0.01133229
v 0.00307224 0.05593122 0.00515382
v 0.00307224 0.05593122 0.00515382
v -0.00589036 0.01120070 0.01859831
v -0.00589036 0.01120074 0.00447020
v 0.01942220 -0.08877280 0.00713074
v 0.01942220 -0.08877280 0.00713074
v 0.01942220 -0.08877280 0.01593783
v 0.01942220 -0.08877280 0.01593783
v 0.01696323 -0.02670761 0.00447020
v 0.01696323 -0.02670761 0.01859831
v -0.00709657 0.06836395 0.01751076
v -0.01062520 -0.02108013 0.01683230
v -0.01062520 -0.02108013 0.00623625
v -0.00737234 -0.00696821 0.01683230
v -0.00737234 -0.00696821 0.00623625
v -0.00518914 0.06004175 0.01751076
v -0.00518914 0.06004175 0.00515382
v -0.01892344 0.00420703 0.01153426
v 0.00219404 0.04673636 0.01130396
v 0.00219404 0.04673636 0.01130396
v 0.00219404 0.03790890 0.01130396
v 0.00219404 0.03790890 0.01130396
v -0.01117674 0.05004383 0.01133226
v -0.01117674 0.05004383 0.01133226
v -0.01117674 0.05004383 0.01133226
v 0.02224185 -0.06888896 0.00447020
v 0.02224185 -0.06888896 0.01859831
v -0.00723654 0.06566662 0.01751076
v -0.00723654 0.06566662 0.00515382
v -0.00237919 0.06693619 0.01133226
v -0.00237919 0.06693619 0.01133226
v -0.00237919 0.06693619 0.00515382
v -0.00237919 0.06693619 0.00515382
v 0.00401789 0.08247721 0.01742755
v 0.00401789 0.08247721 0.00507058
v -0.01285854 -0.07233869 0.01153426
v -0.01285854 -0.07233869 0.01153426
v -0.00202896 0.08430315 0.01751076
v -0.00202896 0.08430315 0.00515382
v -0.01120465 0.06028756 0.01751076
v -0.01120465 0.06028756 0.00515382
v -0.02386720 -0.01802777 0.01153426
v 0.00597680 0.05882033 0.00507058
v 0.00514321 0.04232263 0.01130396
v 0.00514321 0.04232263 0.01130396
v 0.01244073 -0.07229318 0.01153426
v 0.01244073 -0.07229318 0.01153426
v 0.01041005 0.05725200 0.00507058
v -0.02739165 -0.05970115 0.01683230
v -0.02739165 -0.05970115 0.00623625
v -0.00114105 0.08422285 0.01133226
v -0.00114105 0.08422285 0.01133226
v -0.00114105 0.08422285 0.01751076
v -0.00114105 0.08422285 0.01751076
v -0.00114105 0.08422285 0.00515382
v -0.00114105 0.08422285 0.00515382
v 0.02290546 -0.06436604 0.00447020
v 0.02290546 -0.06436604 0.01859831
v -0.02443755 -0.00532252 0.01955999
v -0.02443755 -0.00532252 0.00350856
v -0.01776260 0.01269127 0.01153426
v -0.00362092 0.03966845 0.01127738
v -0.00362092 0.03966845 0.01127738
v 0.02470424 -0.00612258 0.00403875
v 0.00301224 0.03836180 0.00518127
v 0.00301224 0.03836180 0.00518127
v 0.00301224 0.04628300 0.00518127
v 0.00301224 0.04628300 0.00518127
v 0.00050940 0.07861401 0.01742752
v 0.00050940 0.07861401 0.01742752
v 0.00050940 0.07861401 0.01124905
v 0.00050940 0.07861401 0.01124905
v 0.00050940 0.07861401 0.00507058
v 0.00050940 0.07861401 0.00507058
v -0.01117123 0.05003139 0.01751076
v -0.01117123 0.05003139 0.01751076
v -0.01117123 0.05003139 0.00515382
v -0.01117123 0.05003139 0.00515382
v -0.01117123 0.05003139 0.00515382
v -0.01117123 0.03461436 0.01133226
v -0.01117123 0.03461436 0.01133226
v -0.01117123 0.03461436 0.01745752
v -0.01117123 0.03461436 0.01745752
v -0.01117123 0.03461436 0.00515382
v -0.01117123 0.03461436 0.00515382
v -0.01014126 -0.00372012 0.00208703
v -0.01014126 -0.00372012 0.02098155
v 0.00919832 0.02358953 0.00582585
v 0.00919832 0.02358953 0.01672555
v -0.01138090 0.05247773 0.01751076
v -0.01138090 0.05247773 0.00515382
v 0.00594889 0.02119252 0.01621791
v 0.00594889 0.02119252 0.00633346
v 0.00712719 0.08241571 0.01742755
v 0.00712719 0.08241571 0.00507058
v -0.01315252 0.01010225 0.00447020
v -0.01315252 0.01010225 0.01859831
v 0.01087309 -0.00132787 0.00417044
v 0.01087309 -0.00132787 0.00417044
v 0.01087309 -0.00132787 0.01889808
v 0.01087309 -0.00132787 0.01889808
v 0.02713321 -0.06929951 0.01153426
v 0.01434114 0.01012634 0.00447020
v 0.01434114 0.01012634 0.01859831
v 0.01564688 0.00190204 0.00368519
v 0.01564688 0.00190204 0.01938332
v 0.02319928 -0.00627209 0.01153426
v -0.02037692 -0.00797305 0.01687986
v -0.02037692 -0.00797305 0.00618869
v 0.00991625 0.06768732 0.01742755
v 0.00991625 0.06768732 0.00507058
v -0.00488771 0.06764162 0.01751076
v -0.01372078 -0.02731236 0.00447020
v -0.01372078 -0.02731236 0.01859831
v -0.01551748 0.01305267 0.01545876
v -0.01551748 0.01305267 0.01545876
v -0.01551748 0.01305267 0.00760979
v -0.01551748 0.01305267 0.00760979
v 0.01920476 0.01073988 0.01153426
v 0.01798886 0.01058648 0.01683230
v 0.01798886 0.01058648 0.00623625
v -0.00353183 0.07039421 0.01751076
v -0.00353183 0.07039421 0.00515382
v -0.01658088 -0.00732122 0.01885192
v -0.01658088 -0.00732122 0.01885192
v -0.01658088 -0.00732122 0.00421663
v -0.01658088 -0.00732122 0.00421663
v 0.00992803 0.01166516 0.00447020
v 0.00992803 0.01166516 0.01859831
v 0.00036584 0.03755903 0.00518127
v 0.00036584 0.03755903 0.00518127
v 0.00036584 0.04710001 0.01130396
v 0.00036584 0.04710001 0.01130396
v 0.02890618 -0.05536756 0.01153426
v 0.00830682 0.00121499 0.00447020
v 0.00830682 0.00121499 0.01859831
v 0.02779682 -0.06477659 0.01153426
v 0.02903780 -0.05101383 0.01153426
v -0.01736298 -0.07635462 0.00455834
v -0.01736298 -0.07635462 0.01851020
v -0.01665475 -0.08969158 0.01153426
v 0.02525638 -0.07336889 0.00625277
v 0.02525638 -0.07336889 0.01681581
v 0.01177905 0.00018499 0.02212606
v 0.01024350 -0.00156862 0.00048182
v 0.01024350 -0.00156862 0.02258673
v -0.01330996 -0.08727554 0.00818206
v -0.01330996 -0.08727554 0.00818206
v -0.01296734 -0.07607177 0.01676619
v -0.01296734 -0.07607177 0.00630232
v -0.01245340 0.03701316 0.01133226
v -0.01245340 0.03701316 0.01133226
v -0.01245340 0.03701316 0.01133226
v -0.01245340 0.03701316 0.01133226
v -0.01245340 0.03701316 0.01745752
v -0.01245340 0.03701316 0.01745752
v -0.01245340 0.03701316 0.00515382
v -0.01245340 0.03701316 0.00515382
v -0.01245340 0.03701316 0.00515382
v -0.01245340 0.04763258 0.01133226
v -0.01245340 0.04763258 0.01133226
v -0.01245340 0.04763258 0.01133226
v -0.01245340 0.04763258 0.01133226
v -0.01245340 0.04763258 0.01751076
v -0.01245340 0.04763258 0.01751076
v -0.01245340 0.04763258 0.00515382
v -0.01245340 0.04763258 0.00515382
v -0.01245340 0.04763258 0.00515382
v -0.01245340 0.04763258 0.00515382
v -0.01245340 0.04763258 0.00515382
v -0.01303001 0.06068248 0.01751076
v -0.01303001 0.06068248 0.01751076
v -0.01303001 0.06068248 0.00515382
v -0.01303001 0.06068248 0.00515382
v 0.02186488 -0.00651528 0.01742105
v 0.02186488 -0.00651528 0.00564746
v 0.01435635 -0.00683160 0.02212606
v 0.01435635 -0.00683157 0.00094252
v -0.00898193 0.00949335 0.00447020
v -0.00898193 0.00949335 0.01859831
v 0.02696040 -0.00376360 0.01153426
v 0.01213555 0.05529927 0.01742755
v -0.01284901 -0.00743896 0.00364948
v -0.01284901 -0.00743896 0.01941907
v 0.01138971 -0.00615461 0.01867326
v 0.01138971 -0.00615461 0.00439528
v 0.00477953 0.04415083 0.01130396
v 0.00477953 0.04415083 0.01130396
v 0.00477953 0.04049440 0.01130396
v 0.00477953 0.04049440 0.01130396
v -0.01404611 0.06068248 0.01133226
v 0.02450561 -0.01820711 0.01153426
v 0.00777960 0.00536979 0.00447020
v 0.00777960 0.00536979 0.01859831
v -0.00792062 0.00920945 0.00653869
v -0.00792062 0.00920945 0.00653869
v 0.01015709 0.05213618 0.01124905
v 0.01015709 0.05213618 0.01124905
v 0.01015709 0.05213618 0.01124905
v -0.01593891 -0.03792503 0.00447020
v -0.01593891 -0.03792503 0.01859831
v -0.01390613 0.06394915 0.01133226
v -0.02015981 -0.08867911 0.00713074
v -0.02015981 -0.08867911 0.00713074
v -0.02015981 -0.08867911 0.01593783
v -0.02015981 -0.08867911 0.01593783
v -0.00785869 -0.00188098 0.00447020
v -0.00785869 -0.00188098 0.01859831
v -0.00965539 0.05458026 0.01751076
v 0.00326830 0.05837755 0.01742755
v 0.00326830 0.05837755 0.00507058
v -0.00175619 0.07867910 0.01751076
v -0.00175619 0.07867910 0.00515382
v -0.01679414 -0.08474867 0.01781222
v -0.01679414 -0.08474867 0.00525635
v -0.02569272 -0.07316444 0.00625277
v -0.02569272 -0.07316444 0.01681581
v -0.01274814 -0.07990474 0.00646629
v -0.01274814 -0.07990474 0.01660229
v -0.02410703 -0.05495749 0.00447020
v -0.02410703 -0.05495749 0.01859831
v 0.00503082 0.07578434 0.01742755
v -0.02203038 -0.07292879 0.00449224
v -0.02203038 -0.07292879 0.01857628
v -0.00671248 0.07576342 0.01751076
v -0.00671248 0.07576342 0.00515382
v 0.01686605 -0.07639611 0.00455834
v 0.01686605 -0.07639611 0.01851020
v 0.02247133 -0.08902873 0.01153426
v 0.02247133 -0.08902873 0.01153426
v -0.00570132 0.08427668 0.01751076
v -0.00570132 0.08427668 0.00515382
v 0.01372392 -0.07998501 0.00477689
v 0.01372392 -0.07998501 0.01829166
v -0.00734760 0.05385930 0.01133226
v -0.00734760 0.05385930 0.01133226
v -0.00734760 0.05385930 0.01133226
v -0.00236071 0.08059090 0.00515382
v 0.02782591 -0.05108865 0.01683230
v 0.02782591 -0.05108865 0.00623625
v 0.01150311 0.07005665 0.01742755
v 0.01150311 0.07005665 0.00507058
v 0.00979207 0.01287930 0.01153426
v -0.01716258 -0.04890571 0.00447020
v -0.01716258 -0.04890571 0.01859831
v -0.01600518 0.00136789 0.02197244
v -0.01600518 0.00136789 0.00109607
v -0.02308542 0.00235885 0.01153426
v 0.01497325 0.05578246 0.01124908
v 0.00305863 0.02871453 0.01742755
v 0.00305863 0.02871453 0.01742755
v 0.00305863 0.02871453 0.01124905
v 0.00305863 0.02871453 0.01124905
v 0.00305863 0.02871453 0.00512382
v 0.00305863 0.02871453 0.00512382
v 0.00305863 0.05593122 0.01742755
v 0.00305863 0.05593122 0.01742755
v 0.00305863 0.05593122 0.01742755
v 0.00305863 0.05593122 0.01742755
v 0.00305863 0.05593122 0.00507058
v 0.00305863 0.05593122 0.00507058
v -0.00228834 0.03835037 0.01130396
v -0.00228834 0.03835037 0.01130396
v 0.01305463 -0.06811782 0.01153426
v 0.01305463 -0.06811782 0.01153426
v 0.01318416 0.03701316 0.01133229
v 0.01318416 0.03701316 0.01133229
v 0.01318416 0.03701316 0.00515382
v 0.01318416 0.03701316 0.00515382
v 0.01318416 0.04763258 0.01133229
v 0.01318416 0.04763258 0.01133229
v 0.01318416 0.04763255 0.00515382
v 0.01318416 0.04763255 0.00515382
v 0.02482300 -0.00608566 0.01153426
v -0.02861624 -0.05977995 0.01153426
v 0.01395715 0.05578246 0.01742755
v 0.01395715 0.05578246 0.01742755
v 0.01395715 0.05578246 0.00507058
v 0.01395715 0.05578246 0.00507058
v -0.00730656 0.06431795 0.01751076
v -0.00730656 0.06431795 0.00515382
v 0.01085680 -0.00360884 0.02232838
v 0.01085680 -0.00360880 0.00074016
v 0.02643167 -0.00174822 0.01153426
v 0.00050490 0.07575140 0.01742752
v 0.00050490 0.07575140 0.01742752
v 0.00050490 0.07575140 0.01124905
v 0.00050490 0.07575140 0.01124905
v 0.00050490 0.07575140 0.00507058
v 0.00050490 0.07575140 0.00507058
v 0.00217416 0.03792163 0.01740006
v 0.00217416 0.03792163 0.01740006
v 0.00217416 0.03792163 0.01740006
v 0.00217416 0.04672320 0.01740006
v 0.00217416 0.04672320 0.01740006
v 0.01946007 -0.04111648 0.00447020
v 0.01946007 -0.04111648 0.01859831
v 0.01909655 0.00276582 0.01702251
v 0.01909655 0.00276582 0.01702251
v 0.01909655 0.00276582 0.00604603
v 0.01909655 0.00276582 0.00604603
v 0.00260244 0.07181904 0.01742755
v 0.00260244 0.07181904 0.01742755
v 0.00260244 0.07181904 0.01124905
v 0.00260244 0.07181904 0.01124905
v 0.00260244 0.07181904 0.00507058
v 0.00260244 0.07181904 0.00507058
v -0.00676755 0.08425523 0.01133226
v -0.00676755 0.08425523 0.01751076
v -0.00676755 0.08425523 0.01751076
v -0.00676755 0.08425523 0.00515382
v -0.00676755 0.08425523 0.00515382
v -0.01296825 -0.03389146 0.01153426
v -0.01296825 -0.03389146 0.01153426
v -0.00109333 0.08610782 0.01751076
v -0.00109333 0.08610782 0.00515382
v -0.00744654 0.06162062 0.01751076
v -0.00744654 0.06162062 0.00515382
v -0.01264443 0.05002715 0.01133226
v -0.01264443 0.05002715 0.01751076
v -0.01264443 0.05002715 0.01751076
v -0.01264443 0.05002715 0.00515382
v -0.01264443 0.05002715 0.00515382
v -0.00431978 0.04139059 0.01130396
v -0.00431978 0.04139059 0.01130396
v -0.00431978 0.04325463 0.01130396
v -0.00431978 0.04325463 0.01130396
v -0.00254397 0.08615740 0.01751076
v 0.01322310 0.07291044 0.01742755
v 0.01322310 0.07291044 0.01742755
v 0.01322310 0.07291044 0.01124905
v 0.01322310 0.07291044 0.00507058
v 0.01322310 0.07291044 0.00507058
v -0.01118484 0.05003136 0.01742752
v -0.01118484 0.05003136 0.01742752
v -0.01118484 0.05003136 0.01124905
v -0.01118484 0.05003136 0.01124905
v -0.01118484 0.03461436 0.01742752
v -0.01118484 0.03461436 0.01742752
v -0.01118484 0.03461436 0.01124905
v -0.01118484 0.03461436 0.01124905
v 0.01371824 -0.06359493 0.01153426
v 0.01371824 -0.06359493 0.01153426
v 0.00993681 -0.01495595 0.00623625
v 0.02790798 -0.03548470 0.01153426
v 0.00981146 -0.00649589 0.00447020
v 0.00981146 -0.00649589 0.01859831
v -0.00056343 0.03765056 0.00518127
v -0.00056343 0.03765056 0.00518127
v -0.00056343 0.04699424 0.00518127
v -0.00056343 0.04699424 0.00518127
v 0.01514097 0.00316808 0.00440684
v 0.01514097 0.00316808 0.01866170
v -0.00898911 0.07212533 0.01751076
v -0.00898911 0.07212533 0.00515382
v -0.00990835 -0.00141738 0.00417044
v -0.00990835 -0.00141738 0.00417044
v -0.01546976 -0.05471352 0.01683230
v -0.01546976 -0.05471352 0.00623625
v 0.02098442 0.00287478 0.01153426
v -0.01908405 -0.01913030 0.00447020
v -0.01908405 -0.01913030 0.01859831
v -0.01700606 -0.08017868 0.00477689
v -0.01700606 -0.08017868 0.01829166
v -0.01533680 -0.04580931 0.01683230
v -0.01533680 -0.04580931 0.00623625
v -0.01396629 -0.06361716 0.01153426
v -0.01396629 -0.06361716 0.01153426
v -0.02626532 -0.06898052 0.00623625
v 0.01190198 0.05003136 0.01133229
v 0.01190198 0.05003136 0.01133229
v 0.01190198 0.05003136 0.00515382
v 0.01190198 0.05003136 0.00515382
v 0.01190198 0.03461436 0.00515382
v 0.01190198 0.03461436 0.00515382
v 0.02356172 -0.00000842 0.01994528
v 0.02356172 -0.00000842 0.00312327
v 0.02469615 -0.02508310 0.01683230
v 0.02469615 -0.02508310 0.00623625
v -0.01250595 0.07291044 0.01133226
v -0.01250595 0.07291044 0.01751076
v -0.01250595 0.07291044 0.01751076
v -0.01250595 0.07291044 0.00515382
v -0.01250595 0.07291044 0.00515382
v 0.00970625 0.07212533 0.01742755
v 0.00970625 0.07212533 0.00507058
v 0.02464183 -0.07704879 0.01676619
v 0.02464183 -0.07704879 0.00630232
v 0.00128057 0.03765056 0.01740006
v 0.00128057 0.03765056 0.01740006
v 0.00128057 0.04699424 0.01740006
v 0.00128057 0.04699424 0.01740006
v -0.02635934 -0.07693343 0.01153426
v 0.01174321 -0.00564057 0.02206172
v 0.01174321 -0.00564057 0.00100686
v -0.02419703 -0.05113363 0.00447020
v -0.02419703 -0.05113363 0.01859831
v 0.02188411 0.00208984 0.01902979
v 0.02188411 0.00208984 0.00403875
v -0.01493359 -0.05469837 0.01153426
v -0.01493359 -0.05469837 0.01153426
v -0.00128152 0.08236344 0.01133226
v -0.00128152 0.08236344 0.01133226
v -0.00128152 0.08236344 0.01751076
v -0.00128152 0.08236344 0.01751076
v -0.00128152 0.08236344 0.00515382
v -0.00128152 0.08236344 0.00515382
v -0.01324001 0.05578246 0.01751076
v -0.01324001 0.05578246 0.01751076
v -0.01324001 0.05578246 0.00515382
v -0.01324001 0.05578246 0.00515382
v -0.01092937 -0.00585987 0.00225743
v -0.01092937 -0.00585987 0.02081115
v -0.02857880 -0.04275695 0.01153426
v -0.01993584 0.00298153 0.01153426
v 0.01397370 0.04502972 0.01133229
v 0.01397370 0.04502972 0.01133229
v 0.01397370 0.03961599 0.01133229
v 0.01397370 0.03961599 0.01133229
v 0.01397370 0.03961599 0.00515382
v 0.01397370 0.03961599 0.00515382
v -0.00457407 0.00884982 0.01683230
v -0.00457407 0.00884982 0.00623625
v 0.01369584 -0.00740560 0.00364948
v -0.01246701 0.03701316 0.01742752
v -0.01246701 0.03701316 0.01742752
v -0.01246701 0.03701316 0.01124905
v -0.01246701 0.03701316 0.01124905
v -0.01246701 0.04763258 0.01742752
v -0.01246701 0.04763258 0.01742752
v -0.01246701 0.04763258 0.01124905
v -0.01246701 0.04763258 0.01124905
v -0.02547218 -0.00153447 0.01153426
v 0.00300549 0.03835037 0.01127738
v 0.00300549 0.03835037 0.01127738
v 0.01965002 0.00263162 0.01742105
v 0.01965002 0.00263162 0.00564746
v 0.01336157 0.05002715 0.01742755
v 0.01336157 0.05002715 0.01742755
v 0.01336157 0.05002715 0.01124908
v 0.01336157 0.05002715 0.00507058
v 0.01336157 0.05002715 0.00507058
v 0.01843202 -0.01317133 0.00447020
v 0.01843202 -0.01317133 0.01859831
v 0.00816368 0.06162062 0.01742755
v 0.00816368 0.06162062 0.00507058
v 0.00181047 0.08610782 0.01742752
v 0.00181047 0.08610782 0.00507058
v 0.01721403 -0.05174384 0.00447020
v 0.01721403 -0.05174384 0.01859831
v 0.02359022 -0.04024885 0.00447020
v 0.02359022 -0.04024885 0.01859831
v 0.00748470 0.08425523 0.00507058
v 0.00748470 0.08425523 0.00507058
v -0.01427207 -0.08458640 0.01781222
v -0.01427207 -0.08458640 0.00525635
v -0.00188529 0.07181904 0.01133226
v -0.00188529 0.07181904 0.01133226
v -0.00188529 0.07181904 0.01751076
v -0.00188529 0.07181904 0.01751076
v -0.00188529 0.07181904 0.00515382
v -0.00188529 0.07181904 0.00515382
v -0.00145701 0.03792163 0.00518127
v -0.00145701 0.03792163 0.00518127
v -0.00145701 0.03792163 0.00518127
v -0.00145701 0.04672320 0.00518127
v -0.00145701 0.04672320 0.00518127
v 0.01982969 -0.05493405 0.00447020
v 0.01982969 -0.05493405 0.01859831
v 0.00021225 0.07575140 0.01133226
v 0.00021225 0.07575140 0.01133226
v 0.00021225 0.07575140 0.01751076
v 0.00021225 0.07575140 0.01751076
v 0.00021225 0.07575140 0.00515382
v 0.00021225 0.07575140 0.00515382
v -0.00765846 0.05753816 0.01751076
v 0.01176678 0.00042456 0.00251296
v 0.01176678 0.00042456 0.02055558
v 0.00641846 0.08427668 0.01742755
v 0.00641846 0.08427668 0.00507058
v 0.02421831 -0.08545609 0.01153426
v -0.01411613 0.05904913 0.01133226
v -0.01950622 -0.05919380 0.00447020
v -0.01950622 -0.05919380 0.01859831
v 0.02529215 -0.00604127 0.00370563
v 0.02529215 -0.00604127 0.01936292
v -0.01723737 0.00715686 0.01683230
v -0.01723737 0.00715686 0.00623625
v 0.00742963 0.07576342 0.01742755
v 0.00742963 0.07576342 0.00507058
v -0.00234149 0.02871453 0.01745752
v -0.00234149 0.02871453 0.01745752
v -0.00234149 0.02871453 0.01133229
v -0.00234149 0.02871453 0.01133229
v -0.00234149 0.02871453 0.00515382
v -0.00234149 0.02871453 0.00515382
v -0.00234149 0.05593122 0.01751076
v -0.00234149 0.05593122 0.01751076
v -0.00234149 0.05593122 0.00515382
v -0.00234149 0.05593122 0.00515382
v -0.00234149 0.05593122 0.00515382
v -0.00234149 0.05593122 0.00515382
v -0.01425610 0.05578246 0.01133226
v 0.01999607 0.00411981 0.01153426
v -0.01686341 -0.00063547 0.02274900
v -0.01078597 0.07005665 0.01751076
v -0.01078597 0.07005665 0.00515382
v -0.00945934 0.05213393 0.01742752
v -0.00945934 0.05213393 0.01742752
v 0.00307786 0.08059090 0.01742752
v 0.00307786 0.08059090 0.00507058
v -0.01243016 0.02589309 0.00585582
v -0.01243016 0.02589309 0.01063023
v -0.01243016 0.02589309 0.01675549
v 0.00806474 0.05385930 0.01124905
v 0.00806474 0.05385930 0.01124905
v 0.00806474 0.05385930 0.01124905
v 0.00505139 0.04139059 0.01130396
v 0.00505139 0.04139059 0.01130396
v 0.00432644 0.04496878 0.00518127
v 0.00432644 0.04496878 0.00518127
v 0.00432644 0.03967602 0.00518127
v 0.00432644 0.03967602 0.00518127
v -0.00356650 0.06919956 0.01751076
v -0.00356650 0.06919956 0.00515382
v 0.02396686 -0.08084474 0.00646629
v 0.02396686 -0.08084474 0.01660229
v -0.02243392 -0.00616260 0.00483219
v -0.02243392 -0.00616260 0.01823633
v 0.01175349 0.00068271 0.01886351
v 0.01175349 0.00068271 0.01886351
v 0.01175349 0.00068271 0.00420507
v 0.01175349 0.00068271 0.00420507
v -0.00576641 0.01213395 0.01683230
v -0.00576641 0.01213395 0.01683230
v -0.00576641 0.01213395 0.00623625
v -0.00576641 0.01213395 0.00623625
v -0.00264099 0.05960991 0.01751076
v 0.00247333 0.07867910 0.01742752
v 0.00247333 0.07867910 0.00507058
v -0.01461828 0.00190494 0.00368519
v -0.01461828 0.00190494 0.01938332
v 0.00512869 0.04232263 0.01127738
v 0.00512869 0.04232263 0.01127738
v -0.00255116 0.05837755 0.00515382
v 0.00940942 -0.01506671 0.01153426
v 0.00940942 -0.01506671 0.01153426
v -0.01283830 -0.08449415 0.00682579
v -0.01283830 -0.08449415 0.01624275
v 0.01015944 0.00959885 0.00447020
v 0.01015944 0.00959885 0.01859831
v 0.01456762 -0.04214426 0.01153426
v 0.01456762 -0.04214426 0.01153426
v 0.00350882 0.08995975 0.01742752
v 0.00350882 0.08995975 0.01742752
v 0.01474027 0.00650849 0.00447020
v 0.01474027 0.00650849 0.01859831
v 0.01476325 0.06068248 0.01124908
v 0.01613376 -0.08477750 0.01781222
v 0.01613376 -0.08477750 0.00525635
v -0.02419168 -0.02489877 0.01683230
v -0.02419168 -0.02489877 0.00623625
v 0.02240549 -0.00636323 0.01153426
v 0.02240549 -0.00636323 0.01153426
v 0.00773106 -0.00445603 0.01683230
v 0.00773106 -0.00445603 0.00623625
v 0.02078219 0.00235706 0.00483219
v 0.02078219 0.00235706 0.01823633
v -0.01723051 -0.05170019 0.00447020
v -0.01723051 -0.05170019 0.01859831
v -0.01789070 -0.00694308 0.00259816
v -0.01789070 -0.00694308 0.02047038
v 0.00863776 0.00920945 0.00650872
v 0.00863776 0.00920945 0.00650872
v 0.00863776 0.00920945 0.01604268
v 0.00863776 0.00920945 0.01604268
v 0.00863776 0.00920945 0.01263395
v 0.01424305 -0.00693005 0.00140694
v 0.01424305 -0.00693005 0.02166164
v -0.00689323 0.02177191 0.01624788
v -0.01301036 -0.08821913 0.01153426
v -0.01301036 -0.08821913 0.01153426
v -0.01301036 -0.08821913 0.01153426
v 0.01557177 -0.02008385 0.00447020
v 0.01557177 -0.02008385 0.01859831
v 0.01720058 -0.04894854 0.00447020
v 0.01720058 -0.04894854 0.01859831
v 0.00511465 0.04232240 0.01740006
v 0.00511465 0.04232240 0.01740006
v -0.00729302 0.00107498 0.00447020
v -0.00729302 0.00107498 0.01859831
v 0.02505382 -0.00398799 0.01994528
v 0.02505382 -0.00398799 0.00312327
v 0.01166215 0.00938057 0.00650872
v 0.01166215 0.00938057 0.00650872
v 0.01166215 0.00938057 0.01604268
v 0.01166215 0.00938057 0.01604268
v 0.01166215 0.00938057 0.01263395
v 0.01388713 0.05741581 0.01742755
v 0.01388713 0.05741581 0.01742755
v 0.02591039 -0.06919688 0.01683230
v 0.02591039 -0.06919688 0.00623625
v 0.00734172 0.00924340 0.00447020
v 0.00734172 0.00924340 0.01859831
v 0.01508633 -0.04931376 0.01153426
v 0.01508633 -0.04931376 0.01153426
v 0.00126637 0.03767126 0.00521568
v 0.00126637 0.03767126 0.00521568
v 0.00126637 0.03767126 0.01740610
v 0.00126637 0.03767126 0.01740610
v 0.00126637 0.04696117 0.00521568
v 0.00126637 0.04696117 0.00521568
v 0.00126637 0.04696117 0.01740610
v 0.00126637 0.04696117 0.01740610
v -0.02782761 -0.05083837 0.01683230
v -0.02782761 -0.05083837 0.00623625
v -0.00630274 -0.00472720 0.01153426
v -0.00630274 -0.00472720 0.01153426
v 0.00035131 0.04710001 0.01127738
v 0.00035131 0.04710001 0.01127738
v 0.00035131 0.03754525 0.01127738
v 0.00035131 0.03754525 0.01127738
v 0.00565784 0.05514480 0.01124905
v 0.00565784 0.05514480 0.01124905
v 0.00565784 0.05514480 0.01124905
v 0.01374716 0.06068248 0.01742755
v 0.01374716 0.06068248 0.01742755
v 0.01374716 0.06068248 0.00507058
v 0.01374716 0.06068248 0.00507058
v 0.01317054 0.03701316 0.01742755
v 0.01317054 0.03701316 0.01742755
v 0.01317054 0.03701316 0.01742755
v 0.01317054 0.03701316 0.01124908
v 0.01317054 0.03701316 0.01124908
v 0.01317054 0.03701316 0.01124908
v 0.01317054 0.03701316 0.01124908
v 0.01317054 0.03701316 0.00512382
v 0.01317054 0.03701316 0.00512382
v 0.01317054 0.04763258 0.01742755
v 0.01317054 0.04763258 0.01742755
v 0.01317054 0.04763258 0.01742755
v 0.01317054 0.04763258 0.01742755
v 0.01317054 0.04763258 0.01742755
v 0.01317054 0.04763258 0.01124908
v 0.01317054 0.04763258 0.01124908
v 0.01317054 0.04763258 0.01124908
v 0.01317054 0.04763258 0.01124908
v 0.01317054 0.04763258 0.00507058
v 0.01317054 0.04763258 0.00507058
v 0.00510629 0.08425784 0.01742755
v -0.01220051 -0.02071700 0.00447020
v -0.01220051 -0.02071700 0.01859831
v -0.00894765 -0.00660512 0.00447020
v 0.02592501 -0.03120317 0.01683230
v 0.02592501 -0.03120317 0.00623625
v 0.01259811 -0.02762456 0.01683230
v 0.01259811 -0.02762456 0.00623625
v 0.01561489 -0.04922245 0.01683230
v 0.01561489 -0.04922245 0.00623625
v -0.02748991 -0.06905932 0.01153426
v -0.00983421 0.00141767 0.00442783
v -0.00983421 0.00141767 0.01864075
v 0.00507838 0.04231620 0.00521568
v 0.00507838 0.04231620 0.00521568
v 0.00507838 0.04231620 0.01740610
v 0.00507838 0.04231620 0.01740610
v -0.00523174 0.02119252 0.00636343
v -0.00523174 0.02119252 0.01624788
v 0.01209804 0.05247773 0.01742755
v 0.01209804 0.05247773 0.00507058
v 0.01520257 -0.06829811 0.00447020
v 0.01520257 -0.06829811 0.01859831
v 0.02419024 -0.05131311 0.01859831
v -0.00937250 -0.00163436 0.02206172
v -0.00937250 -0.00163436 0.00100686
v -0.00755283 0.05630580 0.01751076
v -0.00755283 0.05630580 0.00515382
v -0.00919910 0.06768732 0.01751076
v -0.00919910 0.06768732 0.00515382
v -0.00442607 0.04232263 0.01127738
v -0.00442607 0.04232263 0.01127738
v -0.00525965 0.05882033 0.01751076
v -0.00525965 0.05882033 0.00515382
v -0.01505584 -0.04931206 0.01153426
v -0.01505584 -0.04931206 0.01153426
v 0.00573990 0.00904134 0.01683230
v 0.00573990 0.00904134 0.00623625
v 0.00274610 0.08430315 0.00507058
v 0.01085423 0.00150810 0.00442783
v 0.01085423 0.00150810 0.01864075
v -0.00942131 -0.00152302 0.01867326
v -0.00942131 -0.00152302 0.00439528
v 0.01188837 0.05003139 0.00507058
v 0.01188837 0.05003139 0.00507058
v 0.01188837 0.03461436 0.01742755
v 0.01188837 0.03461436 0.01742755
v 0.01188837 0.03461436 0.01124908
v 0.01188837 0.03461436 0.01124908
v 0.01188837 0.03461436 0.00512382
v 0.01188837 0.03461436 0.00512382
v 0.00020774 0.07861401 0.00515382
v 0.00020774 0.07861401 0.00515382
v -0.00229510 0.03836180 0.01740006
v -0.00229510 0.03836180 0.01740006
v -0.00229510 0.04628300 0.01740006
v -0.00229510 0.04628300 0.01740006
v 0.00433806 0.03966845 0.01130396
v 0.00433806 0.03966845 0.01130396
v 0.00433806 0.04497677 0.01130396
v 0.00433806 0.04497677 0.01130396
v -0.00404793 0.04415086 0.01130396
v -0.00404793 0.04415086 0.01130396
v -0.00404793 0.04049440 0.01130396
v -0.00404793 0.04049440 0.01130396
v 0.01418021 -0.02729222 0.00447020
v 0.01418021 -0.02729222 0.01859831
v 0.00185820 0.08422285 0.01742752
v 0.00185820 0.08422285 0.01742752
v 0.00185820 0.08422285 0.01124905
v 0.00185820 0.08422285 0.01124905
v 0.00185820 0.08422285 0.00507058
v 0.00185820 0.08422285 0.00507058
v -0.01668958 -0.08845586 0.00713074
v -0.01668958 -0.08845586 0.00713074
v -0.02552474 -0.00569025 0.01153426
v 0.00431926 0.08059942 0.01742755
v -0.00969290 0.05725200 0.01751076
v -0.00969290 0.05725200 0.00515382
v 0.02402578 -0.05513449 0.00447020
v 0.02402578 -0.05513449 0.01859831
v 0.00590629 0.06004175 0.00507058
v 0.02719299 -0.03949201 0.01683230
v 0.02719299 -0.03949201 0.00623625
v -0.01649186 -0.02667363 0.00447020
v -0.01649186 -0.02667363 0.01859831
v 0.02640327 -0.00590426 0.01153426
v 0.01247677 -0.07602770 0.01676619
v -0.00859056 0.01246319 0.01683230
v -0.00859056 0.01246319 0.01683230
v -0.00859056 0.01246319 0.00623625
v -0.00859056 0.01246319 0.00623625
v -0.02489038 -0.08526960 0.01153426
v 0.01396009 0.04502975 0.01742755
v 0.01396009 0.04502975 0.01742755
v 0.01396009 0.04502975 0.01124908
v 0.01396009 0.04502975 0.01124908
v 0.01396009 0.03961603 0.01742755
v 0.01396009 0.03961603 0.01742755
v 0.01396009 0.03961603 0.01124908
v 0.01396009 0.03961603 0.01124908
v -0.02379565 -0.04385948 0.00447020
v -0.02379565 -0.04385948 0.01859831
v -0.00330075 0.08247721 0.01751076
v -0.00330075 0.08247721 0.00515382
v 0.00309633 0.06693619 0.01742755
v 0.00309633 0.06693619 0.01742755
v 0.00309633 0.06693619 0.01124905
v 0.00309633 0.06693619 0.01124905
v 0.00309633 0.06693619 0.00507058
v 0.00309633 0.06693619 0.00507058
v 0.00795369 0.06566662 0.01742755
v 0.00795369 0.06566662 0.00507058
v 0.02447078 -0.00197901 0.00288353
v 0.01897413 -0.03736147 0.00447020
v 0.01897413 -0.03736147 0.01859831
v 0.01189389 0.05004383 0.01124905
v 0.01189389 0.05004383 0.01124905
v 0.01189389 0.05004383 0.01124905
v -0.00688654 0.07240998 0.01751076
v -0.00688654 0.07240998 0.00515382
v 0.02721730 -0.05994124 0.00623625
v -0.01362207 0.00649286 0.00447020
v -0.01362207 0.00649286 0.01859831
v 0.00783594 0.08055473 0.01742755
v 0.00783594 0.08055473 0.00507058
v -0.00230287 0.04629485 0.01127738
v -0.00230287 0.04629485 0.01127738
v -0.00230287 0.03835037 0.01127738
v -0.00230287 0.03835037 0.01127738
v -0.02085065 0.00221424 0.01902979
v -0.02085065 0.00221424 0.00403875
v -0.00762820 0.08239423 0.01133226
v -0.00762820 0.08239423 0.01751076
v -0.00762820 0.08239423 0.01751076
v -0.00762820 0.08239423 0.00515382
v -0.00762820 0.08239423 0.00515382
v 0.00538742 0.01214417 0.01153426
v 0.00538742 0.01214417 0.01153426
v 0.00538742 0.01214417 0.01153426
v 0.01356031 -0.00752341 0.01886351
v 0.01356031 -0.00752341 0.01886351
v 0.01356031 -0.00752341 0.00420507
v 0.01356031 -0.00752341 0.00420507
v 0.02412949 -0.04775167 0.00447020
v 0.02412949 -0.04775167 0.01859831
v -0.00235510 0.02871453 0.01742755
v -0.00235510 0.02871453 0.01742755
v -0.00235510 0.02871453 0.01124905
v -0.00235510 0.02871453 0.01124905
v -0.00928358 -0.00167037 0.00048182
v -0.00928358 -0.00167037 0.02258673
v -0.01099463 0.06518758 0.00515382
v 0.01040071 0.02297336 0.01621791
v 0.01023149 0.00928571 0.00650872
v 0.01023149 0.00928571 0.00650872
v 0.01023149 0.00928571 0.01604268
v 0.01023149 0.00928571 0.01604268
v 0.01023149 0.00928571 0.01263395
v 0.01382697 -0.03374460 0.01683230
v 0.01382697 -0.03374460 0.00623625
v -0.01329900 0.00973968 0.00994739
v -0.01329900 0.00973968 0.00653869
v -0.01329900 0.00973968 0.00653869
v -0.01329900 0.00973968 0.01607265
v -0.01329900 0.00973968 0.01607265
v 0.00437341 0.06442088 0.01742755
v 0.00437341 0.06442088 0.00507058
v 0.00035173 0.05619782 0.01742755
v 0.00035173 0.05619782 0.01742755
v 0.00035173 0.05619782 0.01742755
v 0.00035173 0.05619782 0.01742755
v 0.00035173 0.05619782 0.01742755
v 0.00035173 0.05619782 0.01124905
v 0.00035173 0.05619782 0.01124905
v 0.00035173 0.05619782 0.01124905
v 0.00035173 0.05619782 0.01124905
v 0.00035173 0.05619782 0.01124905
v 0.01220368 0.05371009 0.01742755
v 0.01220368 0.05371009 0.00507058
v 0.00336852 0.06077228 0.01742755
v 0.00336852 0.06077228 0.00507058
v -0.01085465 0.06845424 0.01751076
v -0.01085465 0.06845424 0.00515382
v 0.00502315 0.04139311 0.01740006
v 0.00502315 0.04139311 0.01740006
v 0.00534488 0.07015229 0.01742755
v 0.00534488 0.07015229 0.00507058
v -0.01837989 -0.06847314 0.00447020
v -0.01837989 -0.06847314 0.01859831
v 0.00371950 0.03895418 0.01740006
v 0.00371950 0.03895418 0.01740006
v 0.00371950 0.04569062 0.01740006
v 0.00371950 0.04569062 0.01740006
v -0.00494435 0.02950408 0.01133226
v -0.00494435 0.02950408 0.01133226
v -0.00494435 0.02950408 0.01745752
v -0.00494435 0.02950408 0.01745752
v -0.00494435 0.02950408 0.00515382
v -0.00494435 0.02950408 0.00515382
v -0.00494435 0.05514167 0.01751076
v -0.00494435 0.05514167 0.01751076
v 0.00438386 0.02065439 0.01621791
v -0.00359474 0.04496881 0.00518127
v -0.00359474 0.04496881 0.00518127
v -0.02152203 -0.07662220 0.00455834
v -0.02152203 -0.07662220 0.01851020
vt 0.29333100 0.10101200
vt 0.39163200 0.10574400
vt 0.27995500 0.27816100
vt 0.40931900 0.27945100
vt 0.38117400 0.25506700
vt 0.15279100 0.26971800
vt 0.06111600 0.26971800
vt 0.33231300 0.84610900
vt 0.33310200 0.96796300
vt 0.30793400 0.25261200
vt 0.07370500 0.71432600
vt 0.16583400 0.71429400
vt 0.68281500 0.84475100
vt 0.40825600 0.24433000
vt 0.28010300 0.24241100
vt 0.32144200 0.62517400
vt 0.34531200 0.62517500
vt 0.26061500 0.40857300
vt 0.40615300 0.40862700
vt 0.29620500 0.54807300
vt 0.37055200 0.54807700
vt 0.33989700 0.70697400
vt 0.41061800 0.10656500
vt 0.27404100 0.10235100
vt 0.65434100 0.84477300
vt 0.08310800 0.78116500
vt 0.11630300 0.35477400
vt 0.44028400 0.26111600
vt 0.24797300 0.26033500
vt 0.26396700 0.54063900
vt 0.40278700 0.54064700
vt 0.29037000 0.17770600
vt 0.39650800 0.18102000
vt 0.08998600 0.49804400
vt 0.11629600 0.37344700
vt 0.38628100 0.53990500
vt 0.28047600 0.53989800
vt 0.85554700 0.49751500
vt 0.69062100 0.09255100
vt 0.67147300 0.34078700
vt 0.62391400 0.09262300
vt 0.11976700 0.70707200
vt 0.30962700 0.35308300
vt 0.35705200 0.35309200
vt 0.41405300 0.11960400
vt 0.06867800 0.48628100
vt 0.16403300 0.48629800
vt 0.22317500 0.20060800
vt 0.71210400 0.96616900
vt 0.46311600 0.20179700
vt 0.71190400 0.72329400
vt 0.91903500 0.42602700
vt 0.79155500 0.19071600
vt 0.82421900 0.03743000
vt 0.87535300 0.44937700
vt 0.46430700 0.24739100
vt 0.65456400 0.72327900
vt 0.65476000 0.96627800
vt 0.22317500 0.24701300
vt 0.36508900 0.71111000
vt 0.31470700 0.71112800
vt 0.18535300 0.69936000
vt 0.05417500 0.69940600
vt 0.43697400 0.15284800
vt 0.24846400 0.15012700
vt 0.14394700 0.41149600
vt 0.17078700 0.72360100
vt 0.08880200 0.41140700
vt 0.06875800 0.72363600
vt 0.68339700 0.96624500
vt 0.22317500 0.22381000
vt 0.29572500 0.52920200
vt 0.37103400 0.52920900
vt 0.79340400 0.56961500
vt 0.30020900 0.70022300
vt 0.37958000 0.70019600
vt 0.33989500 0.69987800
vt 0.07162900 0.67985200
vt 0.16788600 0.67981900
vt 0.36527300 0.68159900
vt 0.31450400 0.68161700
vt 0.40019600 0.21496800
vt 0.28752100 0.21233200
vt 0.43965300 0.24046700
vt 0.16740900 0.36933200
vt 0.06527200 0.36931200
vt 0.39019600 0.42461500
vt 0.27657600 0.42456800
vt 0.40884300 0.23558300
vt 0.27927300 0.23353000
vt 0.16811200 0.56383000
vt 0.06458800 0.56382600
vt 0.07537900 0.41293700
vt 0.15734300 0.41300200
vt 0.16945900 0.52399500
vt 0.06324500 0.52398600
vt 0.28000000 0.17108300
vt 0.40652800 0.17424700
vt 0.34712200 0.35459000
vt 0.31954200 0.35458200
vt 0.27242500 0.07569800
vt 0.41152300 0.08033600
vt 0.31411200 0.67458900
vt 0.36565900 0.67457100
vt 0.28779900 0.20383500
vt 0.39970500 0.20662600
vt 0.24816000 0.21829700
vt 0.43902200 0.21981800
vt 0.71127700 0.84472800
vt 0.76815700 0.30533300
vt 0.71033800 0.43422400
vt 0.33342000 0.41178000
vt 0.11638400 0.42864400
vt 0.92047800 0.84460500
vt 0.28168000 0.04786800
vt 0.92048200 0.96646700
vt 0.33341200 0.42471400
vt 0.13226000 0.44677200
vt 0.10048400 0.44675500
vt 0.41058300 0.75842100
vt 0.34375900 0.63391200
vt 0.41058300 0.80593000
vt 0.32299600 0.63391200
vt 0.28690000 0.52020500
vt 0.37986000 0.52021300
vt 0.33600300 0.81327000
vt 0.35474200 0.34744700
vt 0.33597500 0.75214300
vt 0.31193300 0.34744600
vt 0.78377100 0.19071700
vt 0.91801000 0.42087400
vt 0.87163800 0.44566100
vt 0.83200300 0.03743400
vt 0.95399200 0.84458600
vt 0.06111600 0.05431400
vt 0.04600200 0.84796500
vt 0.30873600 0.04708000
vt 0.95399800 0.96646600
vt 0.04679100 0.96981900
vt 0.95386600 0.72269700
vt 0.37511200 0.05315000
vt 0.15279200 0.05431400
vt 0.08169800 0.59994500
vt 0.15100200 0.59994700
vt 0.56443400 0.10636100
vt 0.90054700 0.60824500
vt 0.56443400 0.05721100
vt 0.92741100 0.62624400
vt 0.78944800 0.61711700
vt 0.03075600 0.69196200
vt 0.20876700 0.69190000
vt 0.66746900 0.41132000
vt 0.86319400 0.15205400
vt 0.06111600 0.28035300
vt 0.34644900 0.84601800
vt 0.31633900 0.26034700
vt 0.34723900 0.96787200
vt 0.74637700 0.03730400
vt 0.80712400 0.19071000
vt 0.91801100 0.43643600
vt 0.88457700 0.45430700
vt 0.80865100 0.03741700
vt 0.45153100 0.24993200
vt 0.23623600 0.24925800
vt 0.27844400 0.22464900
vt 0.80404100 0.56653200
vt 0.90323400 0.56672500
vt 0.18624400 0.38787700
vt 0.04647300 0.38783400
vt 0.80974800 0.56906000
vt 0.89754000 0.56917700
vt 0.51828600 0.59920000
vt 0.55573500 0.30590200
vt 0.51828600 0.58791200
vt 0.52794100 0.32075800
vt 0.42445300 0.21394300
vt 0.64518500 0.47294600
vt 0.89299300 0.31429200
vt 0.85554700 0.35979600
vt 0.89365000 0.18368900
vt 0.06991400 0.51156400
vt 0.16279200 0.51157400
vt 0.59232300 0.10636100
vt 0.87871700 0.60426100
vt 0.59232300 0.02985800
vt 0.82858900 0.60490200
vt 0.84567300 0.60298900
vt 0.59232300 0.05721100
vt 0.39162600 0.17171000
vt 0.29508900 0.16810600
vt 0.39119400 0.19757500
vt 0.15279100 0.20749100
vt 0.06111600 0.20749100
vt 0.24960200 0.84664500
vt 0.29621600 0.19440300
vt 0.25039200 0.96849900
vt 0.42379100 0.19511600
vt 0.26299500 0.19276800
vt 0.07218700 0.68578800
vt 0.16733200 0.68575500
vt 0.08072300 0.58874100
vt 0.15197800 0.58874300
vt 0.39749100 0.09259100
vt 0.28702200 0.08779000
vt 0.34948100 0.44306200
vt 0.31731900 0.44304600
vt 0.42412200 0.20453000
vt 0.11975600 0.67575100
vt 0.26478300 0.56235800
vt 0.40197100 0.56236300
vt 0.38769000 0.50947100
vt 0.27907000 0.50945900
vt 0.71982800 0.41131300
vt 0.74607900 0.15192300
vt 0.80719300 0.30533000
vt 0.80853500 0.15203700
vt 0.69107300 0.38771400
vt 0.18825200 0.41274900
vt 0.04446100 0.41269600
vt 0.62398500 0.15800700
vt 0.74211300 0.35483800
vt 0.92915900 0.49751700
vt 0.69069100 0.15793600
vt 0.14422400 0.70382300
vt 0.09530700 0.70383900
vt 0.15968400 0.39737000
vt 0.07301000 0.39731000
vt 0.05666000 0.68103600
vt 0.18285600 0.68099300
vt 0.08002500 0.57626200
vt 0.15267600 0.57626500
vt 0.06111600 0.25002200
vt 0.30613300 0.84627900
vt 0.29472500 0.23608800
vt 0.30692200 0.96813300
vt 0.39372800 0.23849300
vt 0.15279100 0.25002200
vt 0.11630200 0.35875400
vt 0.26229800 0.26995100
vt 0.42645600 0.27093200
vt 0.97005900 0.42099700
vt 0.69077600 0.23639700
vt 0.62406900 0.23646800
vt 0.76675400 0.43606800
vt 0.84282100 0.48901100
vt 0.69060700 0.07947400
vt 0.62390000 0.07954600
vt 0.65763700 0.34651800
vt 0.66845600 0.42152000
vt 0.87877900 0.15204500
vt 0.81680200 0.56508200
vt 0.89057500 0.56519800
vt 0.33338400 0.50404400
vt 0.84757500 0.15205700
vt 0.67046300 0.40150100
vt 0.27039100 0.68521100
vt 0.40938700 0.68516300
vt 0.60149000 0.55969500
vt 0.53442500 0.42726300
vt 0.51828600 0.55969500
vt 0.54781800 0.38628400
vt 0.60149000 0.53712000
vt 0.58721100 0.43246200
vt 0.51828600 0.53712100
vt 0.59917400 0.35883300
vt 0.24783100 0.29214800
vt 0.44123900 0.29236900
vt 0.08012200 0.84774400
vt 0.06111600 0.07998400
vt 0.30978200 0.07463000
vt 0.08091200 0.96959800
vt 0.37479100 0.08024500
vt 0.15279200 0.07998400
vt 0.23623600 0.23765700
vt 0.45123300 0.23853400
vt 0.26048200 0.46479400
vt 0.40627800 0.46482100
vt 0.18574900 0.52498300
vt 0.04695200 0.52497300
vt 0.15320500 0.54085800
vt 0.34877400 0.37762200
vt 0.31784100 0.37757400
vt 0.60149000 0.57944700
vt 0.52514200 0.47393500
vt 0.51828600 0.57944700
vt 0.51879200 0.34284400
vt 0.60149000 0.60766500
vt 0.58721100 0.48004800
vt 0.51828600 0.60766500
vt 0.57918100 0.31056500
vt 0.93489600 0.84459600
vt 0.29331500 0.04750600
vt 0.93490200 0.96646700
vt 0.39027500 0.05317400
vt 0.93476800 0.72271600
vt 0.43933700 0.23014300
vt 0.24811300 0.22880600
vt 0.56784900 0.72327400
vt 0.46610900 0.31639900
vt 0.56722500 0.84483600
vt 0.25776500 0.70365200
vt 0.29094900 0.39992700
vt 0.42202700 0.70359500
vt 0.37581300 0.39999600
vt 0.13130800 0.49710000
vt 0.10140600 0.49709500
vt 0.26390200 0.37412900
vt 0.40286800 0.37415700
vt 0.40863400 0.20930900
vt 0.43996800 0.25079200
vt 0.29593800 0.36672400
vt 0.37077000 0.36675800
vt 0.69678000 0.84474000
vt 0.83978800 0.03743700
vt 0.86871900 0.44129200
vt 0.25720500 0.68584100
vt 0.42257400 0.68578400
vt 0.26197400 0.49862000
vt 0.40478400 0.49863600
vt 0.69623000 0.44006800
vt 0.93345200 0.15196100
vt 0.18251600 0.36585800
vt 0.05018900 0.36585100
vt 0.66907900 0.96626600
vt 0.22317500 0.23541200
vt 0.46400900 0.23599300
vt 0.66888200 0.72326700
vt 0.29607900 0.53828700
vt 0.37068000 0.53829200
vt 0.39865400 0.23994300
vt 0.05107600 0.67921700
vt 0.38505700 0.36468200
vt 0.28167900 0.36466200
vt 0.90499400 0.45229700
vt 0.77751400 0.03737300
vt 0.17249600 0.44721500
vt 0.06022000 0.44718000
vt 0.37269900 0.64019400
vt 0.47872600 0.75895300
vt 0.28975300 0.23769300
vt 0.39865400 0.23994300
vt 0.36075300 0.38046300
vt 0.38782400 0.65714600
vt 0.29193600 0.65717900
vt 0.30593900 0.38036700
vt 0.60149000 0.53994200
vt 0.58201200 0.42726300
vt 0.51828600 0.53994300
vt 0.59608500 0.36629100
vt 0.54053800 0.42317800
vt 0.60149000 0.55687300
vt 0.51828600 0.55687300
vt 0.55573500 0.38785900
vt 0.09288400 0.35787200
vt 0.13974100 0.35788100
vt 0.11975800 0.68011800
vt 0.29250000 0.44330500
vt 0.37428000 0.44333600
vt 0.82390300 0.84465800
vt 0.82378700 0.96642700
vt 0.24933900 0.11649500
vt 0.43525100 0.11982700
vt 0.82364600 0.72288400
vt 0.89060600 0.55870900
vt 0.81675300 0.55860700
vt 0.23623600 0.29629100
vt 0.29484900 0.50744500
vt 0.56722500 0.84483600
vt 0.56803300 0.96643000
vt 0.22317500 0.31724900
vt 0.56784900 0.72327400
vt 0.46610900 0.31639900
vt 0.92564500 0.15197800
vt 0.69107300 0.44006800
vt 0.70113700 0.48991900
vt 0.66318500 0.53064000
vt 0.89860000 0.54024800
vt 0.66318500 0.62143300
vt 0.80913600 0.54009900
vt 0.91501800 0.35393600
vt 0.47519700 0.96703800
vt 0.25118400 0.31813400
vt 0.43861100 0.31798600
vt 0.85272200 0.63426900
vt 0.81763700 0.40599000
vt 0.07590700 0.63320600
vt 0.15679200 0.63320700
vt 0.46341900 0.21341200
vt 0.69724300 0.72327200
vt 0.69744200 0.96621500
vt 0.22317500 0.21242900
vt 0.10437100 0.35505700
vt 0.08836600 0.75902300
vt 0.09132300 0.56240400
vt 0.14137900 0.56240600
vt 0.26265200 0.38340900
vt 0.40412000 0.38345200
vt 0.24802000 0.24982600
vt 0.43996800 0.25079200
vt 0.18720000 0.68513400
vt 0.05231900 0.68518000
vt 0.16861800 0.54245200
vt 0.06408400 0.54244500
vt 0.33337800 0.57213100
vt 0.81680200 0.56508200
vt 0.89057500 0.56519800
vt 0.45063800 0.21573700
vt 0.23623600 0.21445400
vt 0.66845600 0.42152000
vt 0.87877900 0.15204500
vt 0.62406900 0.23646800
vt 0.76675400 0.43606800
vt 0.97005900 0.42099700
vt 0.69077600 0.23639700
vt 0.59129600 0.47393500
vt 0.60149000 0.61048700
vt 0.51828600 0.61048700
vt 0.58589300 0.31505000
vt 0.52232800 0.46714300
vt 0.60149000 0.57662600
vt 0.51828600 0.57662500
vt 0.51879200 0.35091600
vt 0.15929100 0.39051400
vt 0.07341900 0.39045300
vt 0.90499400 0.40501600
vt 0.94098200 0.03732400
vt 0.86314000 0.03743500
vt 0.86568300 0.42602900
vt 0.28046300 0.07554800
vt 0.40362100 0.08039500
vt 0.18463300 0.55183700
vt 0.04806700 0.55183100
vt 0.44035900 0.30095100
vt 0.59410900 0.44536800
vt 0.60149000 0.53147700
vt 0.51828600 0.53147700
vt 0.60074900 0.34284400
vt 0.60149000 0.56533800
vt 0.52514100 0.43857500
vt 0.51828600 0.56533800
vt 0.53364900 0.37871000
vt 0.37479100 0.08024500
vt 0.15279200 0.07998400
vt 0.08012200 0.84774400
vt 0.06111600 0.07998400
vt 0.30978200 0.07463000
vt 0.08091200 0.96959800
vt 0.07490200 0.70007700
vt 0.16462700 0.70004600
vt 0.06743600 0.44710900
vt 0.16528400 0.44714300
vt 0.30506700 0.42470200
vt 0.36173600 0.42474500
vt 0.23857000 0.84671700
vt 0.06111600 0.19919100
vt 0.23936000 0.96857100
vt 0.29270000 0.18621200
vt 0.39443800 0.18943700
vt 0.15279100 0.19919200
vt 0.33332200 0.36884700
vt 0.28038400 0.14889600
vt 0.13212400 0.41150900
vt 0.14780900 0.72285300
vt 0.09173600 0.72287200
vt 0.10070700 0.41144900
vt 0.39850300 0.67565100
vt 0.28126900 0.67569100
vt 0.26113900 0.84657100
vt 0.06111600 0.21617000
vt 0.26192800 0.96842500
vt 0.29240100 0.20290900
vt 0.39516000 0.20583400
vt 0.15279100 0.21617100
vt 0.10455800 0.62669800
vt 0.12814200 0.62669800
vt 0.36603600 0.65940900
vt 0.34896900 0.38088100
vt 0.31372500 0.65942700
vt 0.31763000 0.38082500
vt 0.38556000 0.11920000
vt 0.15279200 0.11993600
vt 0.13322500 0.84740000
vt 0.06111600 0.11993600
vt 0.13401500 0.96925300
vt 0.29986400 0.11453800
vt 0.40688900 0.18317600
vt 0.27986900 0.18017400
vt 0.11635200 0.56191400
vt 0.07704800 0.70744400
vt 0.16248700 0.70741400
vt 0.15190200 0.63133300
vt 0.08079700 0.63133200
vt 0.16341900 0.70931500
vt 0.07611700 0.70934500
vt 0.07459700 0.39735400
vt 0.02520900 0.69210700
vt 0.15809400 0.39741400
vt 0.21431400 0.69204200
vt 0.04772600 0.69808500
vt 0.19180100 0.69803500
vt 0.17166300 0.40375900
vt 0.06104700 0.40370300
vt 0.71684900 0.42629000
vt 0.78377100 0.30533600
vt 0.67696500 0.39355800
vt 0.83195600 0.15205300
vt 0.92915900 0.49751700
vt 0.69069100 0.15793600
vt 0.62398500 0.15800700
vt 0.74211300 0.35483800
vt 0.57589900 0.48933200
vt 0.60149000 0.60202200
vt 0.56380700 0.30590200
vt 0.51828600 0.60202100
vt 0.60149000 0.58509100
vt 0.53442500 0.48524700
vt 0.51828600 0.58509100
vt 0.52345600 0.32747000
vt 0.85554700 0.35979600
vt 0.89365000 0.18368900
vt 0.26282200 0.21193400
vt 0.42445300 0.21394300
vt 0.15936600 0.35026300
vt 0.14358400 0.81094200
vt 0.14355700 0.75133400
vt 0.07329000 0.35027300
vt 0.80974800 0.56906000
vt 0.89754000 0.56917700
vt 0.21261300 0.77907500
vt 0.18492700 0.54318500
vt 0.04777300 0.54317800
vt 0.46796800 0.81146700
vt 0.29928300 0.64078600
vt 0.46796800 0.75288300
vt 0.36747100 0.64078600
vt 0.80404100 0.56653200
vt 0.90323400 0.56672500
vt 0.18649700 0.69192800
vt 0.05302600 0.69197400
vt 0.28724200 0.22083000
vt 0.40068800 0.22331000
vt 0.40830600 0.69267600
vt 0.27147800 0.69272400
vt 0.77856000 0.84467800
vt 0.23623600 0.15080300
vt 0.77830300 0.96636900
vt 0.77816500 0.72300900
vt 0.44900500 0.15319900
vt 0.11975400 0.67070600
vt 0.18500700 0.37869400
vt 0.04770800 0.37866600
vt 0.07589100 0.42864700
vt 0.15683800 0.42869500
vt 0.27932800 0.19786100
vt 0.40787400 0.20054000
vt 0.38044700 0.70196200
vt 0.29934400 0.70199000
vt 0.91307900 0.44566200
vt 0.76194500 0.03734200
vt 0.89498500 0.45533300
vt 0.79308200 0.03739800
vt 0.42346700 0.18588100
vt 0.26308000 0.18336600
vt 0.39034200 0.23026600
vt 0.15279100 0.24159300
vt 0.06111600 0.24159300
vt 0.29493000 0.84635200
vt 0.29572000 0.96820600
vt 0.29795000 0.22763000
vt 0.33337800 0.59482100
vt 0.26715500 0.59095100
vt 0.39959900 0.59095400
vt 0.30703400 0.50581300
vt 0.35973200 0.50582000
vt 0.39445000 0.07991300
vt 0.05075800 0.71320600
vt 0.18878000 0.71315800
vt 0.06470000 0.63928000
vt 0.16799800 0.63928000
vt 0.27889100 0.70104700
vt 0.40089900 0.70100500
vt 0.38897400 0.48352300
vt 0.27779000 0.48350500
vt 0.33989900 0.71319100
vt 0.30804700 0.56009900
vt 0.35871100 0.56010200
vt 0.76973000 0.03735800
vt 0.90936300 0.44937800
vt 0.90013900 0.45430800
vt 0.78529800 0.03738600
vt 0.38271900 0.34515600
vt 0.38387800 0.80537600
vt 0.28400200 0.34516900
vt 0.38385700 0.75999400
vt 0.74637700 0.03730400
vt 0.80712400 0.19071000
vt 0.91801100 0.43643600
vt 0.88457700 0.45430700
vt 0.80865100 0.03741700
vt 0.66746900 0.41132000
vt 0.86319400 0.15205400
vt 0.38662000 0.53178300
vt 0.17058500 0.75440100
vt 0.12660700 0.63533100
vt 0.10609300 0.63533100
vt 0.17058500 0.80374900
vt 0.42143100 0.66908300
vt 0.37528500 0.38628800
vt 0.22748300 0.77907500
vt 0.78377100 0.19071700
vt 0.91801000 0.42087400
vt 0.87163800 0.44566100
vt 0.83200300 0.03743400
vt 0.23623600 0.27246100
vt 0.45212600 0.27272900
vt 0.60149000 0.56251600
vt 0.52922600 0.43246200
vt 0.54036000 0.38319500
vt 0.51828600 0.56251700
vt 0.59129600 0.43857500
vt 0.60149000 0.53429800
vt 0.51828600 0.53429900
vt 0.60074900 0.35091600
vt 0.34817500 0.51498300
vt 0.31859000 0.51498000
vt 0.33988800 0.68038000
vt 0.94450400 0.84459100
vt 0.30107600 0.04733600
vt 0.94451100 0.96646700
vt 0.94437700 0.72270600
vt 0.38264500 0.05320500
vt 0.43839000 0.19916900
vt 0.24825400 0.19727800
vt 0.34746800 0.58437000
vt 0.33338800 0.48071800
vt 0.11635000 0.60599100
vt 0.43042500 0.13257800
vt 0.25458700 0.12933600
vt 0.40283000 0.13218600
vt 0.28264400 0.12820400
vt 0.60149000 0.58226900
vt 0.52922600 0.48004900
vt 0.51828600 0.58226900
vt 0.52036700 0.33492700
vt 0.60149000 0.60484400
vt 0.58201200 0.48524700
vt 0.51828600 0.60484300
vt 0.57172400 0.30747600
vt 0.04574700 0.66700000
vt 0.19375900 0.66694800
vt 0.81909300 0.56290400
vt 0.88830600 0.56305700
vt 0.84559400 0.56633300
vt 0.43902200 0.21981800
vt 0.26774700 0.12905800
vt 0.41748800 0.13264300
vt 0.31874700 0.52549000
vt 0.06938300 0.50015300
vt 0.16332500 0.50016600
vt 0.39970500 0.20662600
vt 0.29661100 0.57412600
vt 0.37014500 0.57412800
vt 0.40082300 0.69271400
vt 0.27896100 0.69275600
vt 0.88973100 0.40198000
vt 0.91762900 0.03737400
vt 0.87163800 0.41165200
vt 0.88649300 0.03741800
vt 0.91501800 0.50337400
vt 0.69067700 0.14485900
vt 0.19287500 0.71914400
vt 0.65476000 0.96627800
vt 0.22317500 0.24701300
vt 0.46430700 0.24739100
vt 0.65456400 0.72327900
vt 0.27089400 0.11570500
vt 0.41405300 0.11960400
vt 0.91521300 0.84460800
vt 0.91521700 0.96646800
vt 0.27743900 0.04820200
vt 0.91508100 0.72273700
vt 0.40589100 0.05345000
vt 0.67147300 0.34078700
vt 0.62391400 0.09262300
vt 0.85554700 0.49751500
vt 0.69062100 0.09255100
vt 0.76967500 0.42138000
vt 0.62405500 0.22339100
vt 0.97006000 0.43630300
vt 0.69076200 0.22332000
vt 0.58535600 0.05721100
vt 0.82310100 0.60635900
vt 0.58535600 0.02985800
vt 0.88409300 0.60574000
vt 0.58535600 0.10636100
vt 0.19250600 0.69102000
vt 0.11635000 0.59670900
vt 0.62612200 0.96627300
vt 0.22317500 0.27021600
vt 0.46490200 0.27018800
vt 0.62592900 0.72333100
vt 0.66848000 0.40624600
vt 0.85536200 0.15205600
vt 0.29424600 0.71218000
vt 0.38555200 0.71214800
vt 0.28805800 0.56112200
vt 0.37869800 0.56112600
vt 0.06075500 0.70441800
vt 0.17877700 0.70437700
vt 0.41853500 0.70066500
vt 0.26125400 0.70072000
vt 0.42677800 0.28009100
vt 0.30762700 0.52711800
vt 0.35913400 0.52712200
vt 0.06889500 0.39014700
vt 0.16380900 0.39020300
vt 0.10387300 0.78115600
vt 0.56910600 0.42036400
vt 0.60149000 0.54558600
vt 0.51828600 0.54558600
vt 0.58589300 0.37871000
vt 0.60149000 0.55122900
vt 0.55454200 0.41893000
vt 0.51828600 0.55123000
vt 0.57172400 0.38628400
vt 0.39147000 0.62561900
vt 0.27528300 0.62561800
vt 0.18412000 0.56464000
vt 0.04857900 0.56463500
vt 0.05540600 0.61630800
vt 0.17729200 0.61630900
vt 0.57589900 0.42317800
vt 0.60149000 0.54276400
vt 0.59160100 0.37300200
vt 0.51828600 0.54276400
vt 0.54733100 0.42036400
vt 0.60149000 0.55405100
vt 0.56380700 0.38785900
vt 0.51828600 0.55405100
vt 0.38713700 0.15230900
vt 0.29914000 0.14825400
vt 0.28386800 0.42464900
vt 0.38290900 0.42469600
vt 0.39650800 0.18102000
vt 0.29037000 0.17770600
vt 0.08846700 0.41568100
vt 0.14428400 0.41575300
vt 0.65434100 0.84477300
vt 0.08266400 0.64212200
vt 0.23019100 0.80950100
vt 0.15003400 0.64212200
vt 0.23019100 0.74864900
vt 0.29569300 0.68010500
vt 0.27404100 0.10235100
vt 0.41806300 0.67184500
vt 0.26170700 0.67189900
vt 0.62392800 0.10570000
vt 0.68616100 0.33786500
vt 0.96707500 0.45131600
vt 0.69074800 0.21024300
vt 0.76967500 0.40640400
vt 0.62404100 0.21031500
vt 0.16310600 0.35381000
vt 0.06955800 0.35381500
vt 0.94906700 0.15192300
vt 0.70605100 0.43708900
vt 0.76035000 0.30533000
vt 0.13156200 0.38211700
vt 0.10100000 0.38206900
vt 0.92300500 0.55195700
vt 0.73499800 0.62143300
vt 0.95430800 0.57618700
vt 0.62409700 0.26262200
vt 0.75270200 0.46235600
vt 0.75272300 0.57590000
vt 0.73499800 0.53064000
vt 0.96121400 0.39184500
vt 0.78435600 0.55147600
vt 0.69080400 0.26255000
vt 0.56828500 0.26312400
vt 0.62387200 0.05339300
vt 0.06111600 0.30473600
vt 0.63459500 0.36542800
vt 0.37885800 0.84580800
vt 0.31950900 0.28634000
vt 0.37964700 0.96766200
vt 0.82349400 0.46546100
vt 0.56828500 0.12912900
vt 0.37066600 0.28850200
vt 0.15279100 0.30473600
vt 0.69057900 0.05332100
vt 0.70605100 0.39069300
vt 0.78511400 0.15200600
vt 0.11635500 0.51724900
vt 0.58913200 0.02985800
vt 0.82616000 0.60584400
vt 0.30669300 0.49495700
vt 0.36007500 0.49496600
vt 0.57549800 0.05721100
vt 0.57549800 0.02985800
vt 0.81522900 0.60773300
vt 0.57549800 0.10636100
vt 0.89180100 0.60716700
vt 0.81362100 0.56685900
vt 0.89371800 0.56696600
vt 0.44974500 0.18154100
vt 0.23623600 0.17965000
vt 0.39416800 0.22215900
vt 0.15279100 0.23310200
vt 0.28364300 0.84642500
vt 0.06111600 0.23310200
vt 0.28443200 0.96827900
vt 0.29384300 0.21948600
vt 0.39202900 0.26505800
vt 0.79491700 0.57390600
vt 0.91219800 0.57418100
vt 0.77562200 0.59149300
vt 0.94212800 0.60261500
vt 0.79866300 0.54842100
vt 0.94188600 0.36829600
vt 0.69909100 0.53064000
vt 0.72966100 0.48126600
vt 0.87343100 0.63426800
vt 0.81465100 0.43630800
vt 0.40757100 0.29648700
vt 0.28218500 0.29544200
vt 0.42742200 0.96735000
vt 0.33338000 0.53580200
vt 0.27986800 0.18892200
vt 0.31745200 0.69842500
vt 0.36233600 0.69840900
vt 0.33338100 0.52491300
vt 0.19031400 0.77907500
vt 0.21343600 0.81022100
vt 0.08918700 0.64113800
vt 0.21343600 0.74792800
vt 0.14351200 0.64113800
vt 0.45034100 0.20433800
vt 0.15520000 0.64153800
vt 0.24136600 0.75495400
vt 0.07749900 0.64153800
vt 0.24136600 0.80319600
vt 0.92689800 0.84460100
vt 0.28686700 0.04793100
vt 0.92690300 0.96646700
vt 0.31391300 0.66811000
vt 0.36585400 0.66809200
vt 0.68601600 0.38872000
vt 0.81634200 0.15204400
vt 0.71982800 0.41646900
vt 0.79938500 0.30533300
vt 0.06111600 0.28851300
vt 0.35729500 0.84594800
vt 0.31727900 0.26906000
vt 0.35808400 0.96780200
vt 0.37241400 0.27146600
vt 0.15279100 0.28851300
vt 0.29230400 0.60924500
vt 0.37445000 0.60924600
vt 0.40976100 0.71428400
vt 0.37228800 0.40541900
vt 0.29448800 0.40534500
vt 0.27003800 0.71433200
vt 0.61164100 0.84480600
vt 0.28507300 0.69741200
vt 0.39471400 0.69737400
vt 0.80532900 0.57084800
vt 0.26001700 0.44360300
vt 0.40674500 0.44364100
vt 0.89387200 0.56120200
vt 0.81348900 0.56107100
vt 0.37147100 0.51869300
vt 0.29529000 0.51868500
vt 0.26126500 0.39833600
vt 0.40550600 0.39839000
vt 0.22317500 0.28181800
vt 0.61180200 0.96625600
vt 0.26256200 0.24068400
vt 0.42544600 0.24218300
vt 0.55330200 0.84484900
vt 0.55411200 0.96652500
vt 0.22317500 0.32853700
vt 0.46639800 0.32748900
vt 0.55388800 0.72320600
vt 0.87097400 0.15205000
vt 0.66747800 0.41645800
vt 0.36033100 0.78269600
vt 0.29366700 0.66591100
vt 0.38609800 0.66587900
vt 0.24830000 0.18696700
vt 0.43808100 0.18904000
vt 0.27297000 0.69152900
vt 0.40681300 0.69148300
vt 0.40903200 0.21807300
vt 0.27861600 0.21572500
vt 0.16854600 0.67550300
vt 0.07096600 0.67553700
vt 0.27727400 0.08884300
vt 0.07136700 0.67747400
vt 0.16814600 0.67744100
vt 0.38224300 0.39988900
vt 0.26556700 0.30526100
vt 0.45131000 0.96719400
vt 0.42415000 0.30570800
vt 0.86307600 0.63426900
vt 0.81465100 0.42100200
vt 0.68113800 0.53064000
vt 0.71582500 0.48699700
vt 0.90322400 0.54508500
vt 0.68113800 0.62143300
vt 0.92915900 0.35979300
vt 0.80440700 0.54483200
vt 0.29678700 0.21104000
vt 0.27336300 0.96835100
vt 0.28637800 0.50864100
vt 0.38038400 0.50865200
vt 0.63459500 0.46235600
vt 0.91859500 0.31442100
vt 0.91925300 0.18381800
vt 0.84282100 0.36829900
vt 0.65763700 0.48126600
vt 0.86739000 0.31416300
vt 0.86804800 0.18356000
vt 0.86968800 0.35393800
vt 0.04146700 0.68141700
vt 0.19804900 0.68136300
vt 0.35397800 0.62679500
vt 0.31277600 0.62679500
vt 0.79828700 0.56871700
vt 0.90892400 0.56896600
vt 0.38576900 0.56154200
vt 0.28098700 0.56153800
vt 0.14351200 0.78113800
vt 0.41019900 0.27086900
vt 0.34677900 0.60463500
vt 0.31997600 0.60463400
vt 0.59456800 0.26312400
vt 0.62630100 0.37790800
vt 0.88377800 0.68708900
vt 0.40275900 0.84565300
vt 0.44093200 0.28232400
vt 0.28396500 0.11454100
vt 0.40118100 0.11879600
vt 0.67045400 0.42629000
vt 0.88661000 0.15203800
vt 0.68601600 0.43906200
vt 0.91783800 0.15199300
vt 0.69623000 0.38771400
vt 0.80072800 0.15202800
vt 0.09121300 0.53965500
vt 0.14431700 0.70749000
vt 0.38887600 0.39232100
vt 0.27788500 0.39226700
vt 0.06111600 0.17172300
vt 0.20205900 0.84695300
vt 0.31310200 0.16560600
vt 0.20284900 0.96880700
vt 0.37386400 0.16971500
vt 0.15279200 0.17172300
vt 0.80592900 0.84466800
vt 0.80577700 0.96640900
vt 0.24380300 0.12995100
vt 0.44103600 0.13290600
vt 0.80563600 0.72292500
vt 0.59456800 0.26312400
vt 0.62630100 0.37790800
vt 0.88377800 0.68708900
vt 0.40275900 0.84565300
vt 0.03926400 0.69167400
vt 0.20025900 0.69161900
vt 0.90892400 0.56896600
vt 0.79828700 0.56871700
vt 0.44103600 0.13290600
vt 0.80563600 0.72292500
vt 0.80592900 0.84466800
vt 0.80577700 0.96640900
vt 0.24380300 0.12995100
vt 0.37386400 0.16971500
vt 0.15279200 0.17172300
vt 0.06111600 0.17172300
vt 0.20205900 0.84695300
vt 0.31310200 0.16560600
vt 0.20284900 0.96880700
vt 0.42589800 0.28867200
vt 0.26333700 0.28798100
vt 0.30616900 0.48162500
vt 0.36060300 0.48163600
vt 0.28396500 0.11454100
vt 0.08885900 0.46674600
vt 0.14386500 0.46676200
vt 0.30859900 0.58536300
vt 0.35815600 0.58536400
vt 0.43808100 0.18904000
vt 0.24830000 0.18696700
vt 0.87345100 0.68709000
vt 0.62054300 0.39169000
vt 0.42658300 0.84549700
vt 0.77596400 0.30533600
vt 0.71398400 0.43057800
vt 0.34754400 0.35943000
vt 0.31911700 0.35941700
vt 0.13049000 0.54985400
vt 0.10221400 0.54985200
vt 0.87097400 0.15205000
vt 0.66747800 0.41645800
vt 0.46639800 0.32748900
vt 0.55388800 0.72320600
vt 0.55330200 0.84484900
vt 0.55411200 0.96652500
vt 0.22317500 0.32853700
vt 0.42544600 0.24218300
vt 0.26256200 0.24068400
vt 0.22317500 0.28181800
vt 0.61180200 0.96625600
vt 0.46520000 0.28158700
vt 0.61161100 0.72337200
vt 0.58062100 0.05721100
vt 0.81936000 0.60722100
vt 0.58062100 0.02985800
vt 0.58062100 0.10636100
vt 0.88775400 0.60662200
vt 0.90206100 0.03739900
vt 0.87972300 0.40501600
vt 0.36355900 0.69279400
vt 0.31622500 0.69281000
vt 0.18703600 0.39524600
vt 0.04568100 0.39519700
vt 0.42415000 0.30570800
vt 0.86307600 0.63426900
vt 0.81465100 0.42100200
vt 0.26556700 0.30526100
vt 0.45131000 0.96719400
vt 0.92915900 0.35979300
vt 0.80440700 0.54483200
vt 0.68113800 0.53064000
vt 0.71582500 0.48699700
vt 0.90322400 0.54508500
vt 0.68113800 0.62143300
vt 0.27727400 0.08884300
vt 0.40709600 0.09337500
vt 0.14638500 0.69366300
vt 0.27861600 0.21572500
vt 0.40903200 0.21807300
vt 0.13234600 0.42864700
vt 0.10042300 0.42861700
vt 0.29517500 0.67459100
vt 0.38459700 0.67456000
vt 0.18837600 0.46827000
vt 0.04432900 0.46824200
vt 0.13051700 0.56204300
vt 0.37241400 0.27146600
vt 0.15279100 0.28851300
vt 0.06111600 0.28851300
vt 0.35729500 0.84594800
vt 0.31727900 0.26906000
vt 0.35808400 0.96780200
vt 0.07715800 0.48569000
vt 0.15555500 0.48570400
vt 0.92689800 0.84460100
vt 0.28686700 0.04793100
vt 0.92690300 0.96646700
vt 0.92676900 0.72272500
vt 0.39662100 0.05342600
vt 0.28953700 0.58789300
vt 0.37721800 0.58789600
vt 0.40977600 0.65941600
vt 0.37145800 0.38143400
vt 0.29526100 0.38136700
vt 0.26998500 0.65946400
vt 0.81348900 0.56107100
vt 0.89387200 0.56120200
vt 0.07430400 0.60128200
vt 0.15839600 0.60128300
vt 0.16509900 0.35004000
vt 0.15053400 0.80327300
vt 0.06756700 0.35005300
vt 0.15051400 0.75899700
vt 0.80532900 0.57084800
vt 0.90190500 0.57099700
vt 0.56979600 0.05721100
vt 0.89630100 0.60770900
vt 0.56979600 0.10636100
vt 0.61164100 0.84480600
vt 0.28364300 0.84642500
vt 0.06111600 0.23310200
vt 0.28443200 0.96827900
vt 0.29384300 0.21948600
vt 0.39416800 0.22215900
vt 0.15279100 0.23310200
vt 0.23623600 0.17965000
vt 0.44974500 0.18154100
vt 0.89371800 0.56696600
vt 0.36594500 0.71453800
vt 0.34934300 0.40737100
vt 0.31385400 0.71455600
vt 0.31754400 0.40731100
vt 0.39960200 0.19829100
vt 0.28768200 0.19535400
vt 0.80086600 0.03740900
vt 0.88973100 0.45533300
vt 0.75416100 0.03732400
vt 0.91599800 0.44129300
vt 0.76950000 0.15197700
vt 0.71398400 0.39720400
vt 0.70605100 0.39069300
vt 0.78511400 0.15200600
vt 0.05038400 0.67751200
vt 0.18913000 0.67746400
vt 0.96121400 0.39184500
vt 0.78435600 0.55147600
vt 0.69080400 0.26255000
vt 0.95430800 0.57618700
vt 0.62409700 0.26262200
vt 0.75270200 0.46235600
vt 0.75272300 0.57590000
vt 0.73499800 0.53064000
vt 0.92300500 0.55195700
vt 0.73499800 0.62143300
vt 0.31950900 0.28634000
vt 0.37964700 0.96766200
vt 0.09201400 0.67985000
vt 0.14750100 0.67983100
vt 0.28788600 0.54846400
vt 0.37887000 0.54846900
vt 0.07157500 0.56341500
vt 0.16112600 0.56341900
vt 0.29190900 0.40881700
vt 0.37486800 0.40888200
vt 0.90222400 0.15201800
vt 0.67696500 0.43422400
vt 0.87343100 0.63426800
vt 0.81465100 0.43630800
vt 0.40757100 0.29648700
vt 0.77562200 0.59149300
vt 0.94212800 0.60261500
vt 0.91219800 0.57418100
vt 0.39202900 0.26505800
vt 0.29715800 0.26306200
vt 0.19396700 0.68427800
vt 0.04555200 0.68432900
vt 0.39987300 0.69930900
vt 0.27991600 0.69935000
vt 0.33605200 0.78270700
vt 0.33331300 0.38090700
vt 0.33988000 0.65780300
vt 0.62587000 0.84479500
vt 0.07000600 0.67050900
vt 0.16950300 0.67047500
vt 0.42677800 0.28009100
vt 0.26221400 0.27927500
vt 0.88858300 0.55637900
vt 0.81873600 0.55634400
vt 0.84919100 0.56023600
vt 0.60149000 0.59355600
vt 0.55454300 0.49358000
vt 0.54036000 0.31056500
vt 0.51828600 0.59355600
vt 0.07935900 0.37135000
vt 0.15329400 0.37138300
vt 0.94906700 0.15192300
vt 0.70605100 0.43708900
vt 0.76035000 0.30533000
vt 0.29276900 0.11422400
vt 0.62392800 0.10570000
vt 0.68616100 0.33786500
vt 0.86968800 0.50337300
vt 0.69063500 0.10562800
vt 0.76967500 0.40640400
vt 0.62404100 0.21031500
vt 0.96707500 0.45131600
vt 0.69074800 0.21024300
vt 0.29914000 0.14825400
vt 0.38713700 0.15230900
vt 0.29660500 0.68681700
vt 0.38317500 0.68678800
vt 0.88409300 0.60574000
vt 0.58535600 0.10636100
vt 0.82310100 0.60635900
vt 0.58535600 0.02985800
vt 0.58535600 0.05721100
vt 0.97006000 0.43630300
vt 0.69076200 0.22332000
vt 0.76967500 0.42138000
vt 0.62405500 0.22339100
vt 0.91508100 0.72273700
vt 0.40589100 0.05345000
vt 0.91521300 0.84460800
vt 0.91521700 0.96646800
vt 0.27743900 0.04820200
vt 0.33988400 0.67078100
vt 0.29979600 0.69837000
vt 0.37999200 0.69834200
vt 0.27089400 0.11570500
vt 0.33988300 0.66609400
vt 0.91501800 0.50337400
vt 0.69067700 0.14485900
vt 0.62397000 0.14493100
vt 0.72966100 0.34651800
vt 0.94188600 0.48901400
vt 0.69070500 0.17101200
vt 0.62399900 0.17108400
vt 0.75270200 0.36542800
vt 0.37668100 0.78268800
vt 0.88973100 0.40198000
vt 0.91762900 0.03737400
vt 0.87163800 0.41165200
vt 0.88649300 0.03741800
vt 0.08946800 0.48487100
vt 0.14324900 0.48488200
vt 0.38520300 0.10622400
vt 0.15279200 0.10763800
vt 0.06111600 0.10763800
vt 0.11687900 0.84750500
vt 0.11766900 0.96935900
vt 0.29988300 0.10132900
vt 0.29830400 0.59809700
vt 0.36845000 0.59809800
vt 0.03135900 0.71113400
vt 0.07443100 0.40415400
vt 0.20817800 0.71107300
vt 0.15827600 0.40422200
vt 0.07872000 0.52148700
vt 0.15398700 0.52149400
vt 0.59410900 0.46714200
vt 0.60149000 0.61330900
vt 0.59160100 0.32075800
vt 0.51828500 0.61330800
vt 0.52089300 0.45993100
vt 0.60149000 0.57380400
vt 0.51828600 0.57380400
vt 0.52036700 0.35883300
vt 0.66848000 0.40624600
vt 0.85536200 0.15205600
vt 0.38980100 0.40938400
vt 0.27696800 0.40932800
vt 0.46490200 0.27018800
vt 0.62592900 0.72333100
vt 0.62612200 0.96627300
vt 0.22317500 0.27021600
vt 0.38720800 0.37653600
vt 0.27954200 0.37649800
vt 0.04145100 0.70296900
vt 0.19808000 0.70291500
vt 0.28264400 0.12820400
vt 0.40283000 0.13218600
vt 0.34956800 0.42471700
vt 0.31725700 0.42468700
vt 0.25458700 0.12933600
vt 0.43042500 0.13257800
vt 0.24825400 0.19727800
vt 0.43839000 0.19916900
vt 0.15052800 0.34966900
vt 0.12758000 0.81097400
vt 0.08211300 0.34967500
vt 0.12755300 0.75131700
vt 0.94437700 0.72270600
vt 0.38264500 0.05320500
vt 0.94450400 0.84459100
vt 0.30107600 0.04733600
vt 0.94451100 0.96646700
vt 0.07915000 0.53187800
vt 0.15355500 0.53188400
vt 0.17248700 0.42854500
vt 0.17001100 0.51238300
vt 0.06269500 0.51237200
vt 0.28512600 0.48305200
vt 0.38164000 0.48306900
vt 0.26313600 0.52221300
vt 0.40362000 0.52222400
vt 0.27578600 0.70557600
vt 0.40400700 0.70553200
vt 0.39506000 0.61465900
vt 0.27169300 0.61465800
vt 0.41748800 0.13264300
vt 0.26774700 0.12905800
vt 0.81909300 0.56290400
vt 0.84559400 0.56633300
vt 0.88830600 0.56305700
vt 0.33988600 0.67483800
vt 0.07316800 0.69301300
vt 0.16635600 0.69298100
vt 0.11635400 0.52764000
vt 0.07478900 0.35533900
vt 0.15786700 0.35534000
vt 0.76973000 0.03735800
vt 0.90936300 0.44937800
vt 0.90013900 0.45430800
vt 0.78529800 0.03738600
vt 0.62402700 0.19723800
vt 0.76675400 0.39171600
vt 0.39445000 0.07991300
vt 0.28977900 0.07481400
vt 0.91003100 0.15200600
vt 0.68125200 0.43708900
vt 0.67331900 0.43057800
vt 0.89441700 0.15202900
vt 0.45212600 0.27272900
vt 0.23623600 0.27246100
vt 0.18758900 0.48751800
vt 0.04511400 0.48749900
vt 0.38393100 0.58887100
vt 0.28282300 0.58886900
vt 0.42511500 0.23277000
vt 0.26264900 0.23110000
vt 0.77816500 0.72300900
vt 0.44900500 0.15319900
vt 0.77856000 0.84467800
vt 0.23623600 0.15080300
vt 0.77830300 0.96636900
vt 0.40068800 0.22331000
vt 0.28724200 0.22083000
vt 0.34767500 0.57238100
vt 0.31908200 0.57237900
vt 0.06743500 0.42857900
vt 0.16528700 0.42862600
vt 0.56910600 0.49214600
vt 0.60149000 0.59920000
vt 0.54053900 0.48933200
vt 0.60149000 0.58791300
vt 0.26282200 0.21193400
vt 0.42957700 0.78217500
vt 0.09061500 0.51944100
vt 0.14209400 0.51944600
vt 0.31100600 0.61553600
vt 0.35574900 0.61553600
vt 0.06111600 0.24159300
vt 0.29493000 0.84635200
vt 0.29572000 0.96820600
vt 0.29795000 0.22763000
vt 0.39034200 0.23026600
vt 0.15279100 0.24159300
vt 0.26308000 0.18336600
vt 0.42346700 0.18588100
vt 0.91307900 0.44566200
vt 0.76194500 0.03734200
vt 0.89498500 0.45533300
vt 0.79308200 0.03739800
vt 0.42368200 0.09367100
vt 0.85967000 0.72281500
vt 0.85987400 0.84463900
vt 0.60149000 0.59637800
vt 0.56189500 0.49358000
vt 0.51828600 0.59637800
vt 0.54781800 0.30747600
vt 0.54733100 0.49214600
vt 0.60149000 0.59073500
vt 0.51828600 0.59073400
vt 0.53364800 0.31505000
vt 0.28436900 0.60069800
vt 0.38238500 0.60070000
vt 0.40787400 0.20054000
vt 0.27932800 0.19786100
vt 0.20441900 0.70792000
vt 0.03511500 0.70797800
vt 0.27986900 0.18017400
vt 0.40688900 0.18317600
vt 0.11639200 0.41586500
vt 0.13322500 0.84740000
vt 0.06111600 0.11993600
vt 0.13401500 0.96925300
vt 0.29986400 0.11453800
vt 0.38556000 0.11920000
vt 0.15279200 0.11993600
vt 0.39516000 0.20583400
vt 0.15279100 0.21617100
vt 0.26113900 0.84657100
vt 0.06111600 0.21617000
vt 0.26192800 0.96842500
vt 0.29240100 0.20290900
vt 0.28038400 0.14889600
vt 0.40558100 0.15245800
vt 0.34832900 0.50453200
vt 0.31843800 0.50452700
vt 0.38611800 0.78268400
vt 0.39340200 0.34008300
vt 0.27333400 0.34010900
vt 0.28820800 0.36576000
vt 0.37851600 0.36578600
vt 0.13226700 0.41578800
vt 0.10054200 0.41573700
vt 0.33333000 0.34994700
vt 0.31476900 0.78271600
vt 0.71684900 0.42629000
vt 0.78377100 0.30533600
vt 0.67696500 0.39355800
vt 0.83195600 0.15205300
vt 0.07140500 0.55090800
vt 0.16129700 0.55091300
vt 0.33989400 0.69821400
vt 0.29242700 0.42471800
vt 0.37435800 0.42476600
vt 0.90499400 0.40501600
vt 0.94098200 0.03732400
vt 0.86314000 0.03743500
vt 0.86568300 0.42602900
vt 0.27113100 0.66265100
vt 0.40863200 0.66260400
vt 0.23623600 0.21445400
vt 0.45063800 0.21573700
vt 0.17926900 0.35412900
vt 0.05342500 0.35414200
vt 0.13100000 0.37322000
vt 0.10159300 0.37319300
vt 0.38070200 0.34897200
vt 0.28601700 0.34897700
vt 0.07660300 0.70544900
vt 0.16293000 0.70541900
vt 0.16841900 0.55124400
vt 0.06428200 0.55123900
vt 0.39443800 0.18943700
vt 0.15279100 0.19919200
vt 0.23857000 0.84671700
vt 0.06111600 0.19919100
vt 0.23936000 0.96857100
vt 0.29270000 0.18621200
vt 0.29816900 0.27177200
vt 0.36462200 0.68742100
vt 0.31515900 0.68743800
vt 0.44035900 0.30095100
vt 0.24895500 0.30085300
vt 0.40369000 0.67395600
vt 0.27608100 0.67400100
vt 0.07949900 0.54085300
vt 0.40362100 0.08039500
vt 0.28046300 0.07554800
vt 0.80913600 0.54009900
vt 0.91501800 0.35393600
vt 0.70113700 0.48991900
vt 0.66318500 0.53064000
vt 0.89860000 0.54024800
vt 0.66318500 0.62143300
vt 0.43861100 0.31798600
vt 0.85272200 0.63426900
vt 0.81763700 0.40599000
vt 0.47519700 0.96703800
vt 0.25118400 0.31813400
vt 0.39706000 0.34929400
vt 0.26968800 0.34930700
vt 0.36270100 0.70026600
vt 0.31708800 0.70028100
vt 0.92564500 0.15197800
vt 0.69107300 0.44006800
vt 0.70128700 0.38872000
vt 0.79292100 0.15201800
vt 0.71684900 0.40149200
vt 0.76169300 0.15196100
vt 0.56803300 0.96643000
vt 0.22317500 0.31724900
vt 0.23623600 0.29629100
vt 0.45273800 0.29614300
vt 0.38978000 0.46429900
vt 0.27698800 0.46427400
vt 0.81675300 0.55860700
vt 0.89060600 0.55870900
vt 0.09412800 0.71266600
vt 0.14541000 0.71264900
vt 0.43525100 0.11982700
vt 0.82364600 0.72288400
vt 0.82390300 0.84465800
vt 0.82378700 0.96642700
vt 0.24933900 0.11649500
vt 0.66857900 0.84476200
vt 0.24802000 0.24982600
vt 0.61763300 0.42134800
vt 0.85274400 0.68709000
vt 0.47435200 0.84518500
vt 0.13670300 0.62829900
vt 0.09599600 0.62829900
vt 0.69744200 0.96621500
vt 0.22317500 0.21242900
vt 0.46341900 0.21341200
vt 0.69724300 0.72327200
vt 0.46400900 0.23599300
vt 0.66888200 0.72326700
vt 0.66907900 0.96626600
vt 0.22317500 0.23541200
vt 0.69623000 0.44006800
vt 0.93345200 0.15196100
vt 0.20391100 0.67689600
vt 0.03560200 0.67695400
vt 0.09424700 0.61717500
vt 0.13845300 0.61717500
vt 0.33339300 0.46284200
vt 0.77598700 0.19071600
vt 0.91599900 0.41601900
vt 0.83978800 0.03743700
vt 0.86871900 0.44129200
vt 0.69678000 0.84474000
vt 0.28975300 0.23769300
vt 0.13081200 0.52821300
vt 0.10189500 0.52821000
vt 0.90499400 0.45229700
vt 0.77751400 0.03737300
vt 0.11628700 0.38536200
vt 0.11975100 0.66178100
vt 0.13047600 0.57453800
vt 0.10222600 0.57453700
vt 0.07968000 0.56293200
vt 0.15302200 0.56293500
vt 0.28487200 0.39274900
vt 0.38188400 0.39280800
vt 0.37191400 0.50745400
vt 0.06842700 0.39706200
vt 0.16427400 0.39712000
vt 0.26350600 0.10251700
vt 0.42097400 0.10645700
vt 0.24811300 0.22880600
vt 0.43933700 0.23014300
vt 0.39027500 0.05317400
vt 0.93476800 0.72271600
vt 0.93489600 0.84459600
vt 0.29331500 0.04750600
vt 0.93490200 0.96646700
vt 0.30624300 0.37703700
vt 0.36044300 0.37711500
vt 0.34851800 0.49400200
vt 0.31825200 0.49399700
vt 0.11975700 0.67769000
vt 0.11636500 0.46631300
vt 0.12823900 0.35506000
vt 0.08838600 0.80330300
vt 0.38825800 0.49774600
vt 0.27850400 0.49773200
vt 0.39950000 0.18995500
vt 0.28756500 0.18687400
vt 0.29082000 0.59944900
vt 0.37593400 0.59945100
vt 0.33989200 0.69356200
vt 0.29831200 0.35085700
vt 0.36838600 0.35086100
vt 0.33337700 0.63641800
vt 0.40795400 0.78217500
vt 0.11635000 0.61549600
vt 0.40863400 0.20930900
vt 0.27878800 0.20680100
vt 0.84757500 0.15205700
vt 0.67046300 0.40150100
vt 0.45182900 0.26133100
vt 0.23623600 0.26086000
vt 0.62390000 0.07954600
vt 0.65763700 0.34651800
vt 0.84282100 0.48901100
vt 0.69060700 0.07947400
vt 0.38830300 0.38523800
vt 0.27845700 0.38518700
vt 0.42645600 0.27093200
vt 0.26229800 0.26995100
vt 0.39064200 0.09278400
vt 0.39372800 0.23849300
vt 0.15279100 0.25002200
vt 0.06111600 0.25002200
vt 0.30613300 0.84627900
vt 0.29472500 0.23608800
vt 0.30692200 0.96813300
vt 0.26641300 0.36115900
vt 0.40034800 0.36116500
vt 0.07216700 0.62222400
vt 0.16053200 0.62222500
vt 0.32053700 0.61414700
vt 0.34621700 0.61414800
vt 0.80917000 0.56408100
vt 0.89815600 0.56423600
vt 0.33338500 0.49360200
vt 0.07210600 0.57709600
vt 0.16059400 0.57709800
vt 0.82349400 0.39184900
vt 0.45039900 0.33285000
vt 0.84236700 0.63426900
vt 0.15481200 0.84726000
vt 0.06111600 0.13617700
vt 0.15560200 0.96911400
vt 0.31158000 0.12746000
vt 0.45123300 0.23853400
vt 0.23623600 0.23765700
vt 0.44123900 0.29236900
vt 0.24783100 0.29214800
vt 0.36087000 0.63978900
vt 0.45183800 0.75218900
vt 0.08846400 0.44686200
vt 0.14427100 0.44688900
vt 0.26715500 0.67604500
vt 0.41261800 0.67599500
vt 0.71982800 0.41131300
vt 0.74607900 0.15192300
vt 0.80719300 0.30533000
vt 0.80853500 0.15203700
vt 0.69107300 0.38771400
vt 0.13097000 0.51782900
vt 0.10174000 0.51782600
vt 0.40985000 0.26234300
vt 0.30818400 0.57310800
vt 0.35857200 0.57311000
vt 0.12992900 0.35936100
vt 0.10268100 0.35935300
vt 0.06974100 0.61243800
vt 0.42412200 0.20453000
vt 0.26290800 0.20235100
vt 0.28702200 0.08779000
vt 0.39749100 0.09259100
vt 0.37749600 0.40006900
vt 0.28926600 0.40000300
vt 0.29821600 0.69338000
vt 0.38156900 0.69335100
vt 0.06793000 0.60251500
vt 0.16476900 0.60251700
vt 0.30515500 0.41159400
vt 0.36165100 0.41166700
vt 0.46536100 0.78217500
vt 0.82414900 0.15204900
vt 0.68125200 0.39069300
vt 0.71882200 0.42152700
vt 0.79157800 0.30533600
vt 0.64518500 0.47294600
vt 0.89299300 0.31429200
vt 0.18883700 0.44734300
vt 0.04387000 0.44730600
vt 0.27844400 0.22464900
vt 0.40943100 0.22683600
vt 0.16629700 0.59083100
vt 0.06640200 0.59082800
vt 0.26299500 0.19276800
vt 0.42379100 0.19511600
vt 0.29508900 0.16810600
vt 0.39162600 0.17171000
vt 0.06111600 0.20749100
vt 0.24960200 0.84664500
vt 0.29621600 0.19440300
vt 0.25039200 0.96849900
vt 0.39119400 0.19757500
vt 0.15279100 0.20749100
vt 0.33337700 0.61383600
vt 0.84567300 0.60298900
vt 0.59232300 0.05721100
vt 0.59232300 0.02985800
vt 0.82858900 0.60490200
vt 0.59232300 0.10636100
vt 0.87871700 0.60426100
vt 0.17057200 0.50079900
vt 0.06213500 0.50078600
vt 0.83199800 0.47818800
vt 0.69059300 0.06639800
vt 0.64518500 0.35483800
vt 0.62388600 0.06647000
vt 0.34768900 0.54739700
vt 0.31907000 0.54739500
vt 0.23623600 0.22605600
vt 0.16231400 0.64877100
vt 0.23993700 0.77907500
vt 0.07038400 0.64877100
vt 0.34882800 0.48100600
vt 0.31794600 0.48100000
vt 0.33342300 0.40765200
vt 0.33990000 0.71662100
vt 0.16742200 0.57778300
vt 0.06527700 0.57778000
vt 0.92047800 0.84460500
vt 0.28168000 0.04786800
vt 0.92048200 0.96646700
vt 0.40171600 0.05323000
vt 0.92034700 0.72273200
vt 0.29437900 0.49619300
vt 0.37238700 0.49620500
vt 0.23623600 0.24925800
vt 0.45153100 0.24993200
vt 0.06111600 0.28035300
vt 0.34644900 0.84601800
vt 0.31633900 0.26034700
vt 0.34723900 0.96787200
vt 0.37311400 0.26288200
vt 0.15279100 0.28035300
vt 0.28859600 0.57496900
vt 0.37815900 0.57497200
vt 0.28013700 0.53177600
vt 0.87535300 0.40793600
vt 0.89427700 0.03741000
vt 0.56443400 0.05721100
vt 0.92741100 0.62624400
vt 0.78944800 0.61711700
vt 0.56443400 0.02985800
vt 0.80630100 0.60873500
vt 0.56443400 0.10636100
vt 0.90054700 0.60824500
vt 0.95386600 0.72269700
vt 0.37511200 0.05315000
vt 0.15279200 0.05431400
vt 0.95399200 0.84458600
vt 0.06111600 0.05431400
vt 0.04600200 0.84796500
vt 0.30873600 0.04708000
vt 0.95399800 0.96646600
vt 0.04679100 0.96981900
vt 0.92541400 0.03735900
vt 0.89498600 0.40198000
vt 0.29432700 0.61892400
vt 0.37242700 0.61892500
vt 0.17061600 0.38964100
vt 0.06208800 0.38959100
vt 0.14739800 0.68202800
vt 0.09211800 0.68204700
vt 0.27927300 0.23353000
vt 0.40884300 0.23558300
vt 0.43965300 0.24046700
vt 0.24806600 0.23931600
vt 0.28752100 0.21233200
vt 0.40019600 0.21496800
vt 0.76815700 0.30533300
vt 0.71033800 0.43422400
vt 0.27231100 0.68501300
vt 0.40746800 0.68496600
vt 0.27346600 0.66811200
vt 0.40630100 0.66806600
vt 0.71127700 0.84472800
vt 0.11976600 0.70528100
vt 0.24816000 0.21829700
vt 0.34801600 0.52549300
vt 0.28779900 0.20383500
vt 0.41152300 0.08033600
vt 0.27242500 0.07569800
vt 0.40652800 0.17424700
vt 0.28000000 0.17108300
vt 0.11636000 0.48397600
vt 0.14272800 0.49805200
vt 0.18761200 0.40263500
vt 0.04510300 0.40258200
vt 0.37723800 0.39306100
vt 0.28951000 0.39299900
vt 0.91903500 0.42602700
vt 0.79155500 0.19071600
vt 0.82421900 0.03743000
vt 0.87535300 0.44937700
vt 0.28414300 0.40957300
vt 0.38262900 0.40963200
vt 0.38565300 0.63790900
vt 0.28110000 0.63790900
vt 0.46311600 0.20179700
vt 0.71190400 0.72329400
vt 0.22317500 0.20060800
vt 0.71210400 0.96616900
vt 0.17209600 0.41349700
vt 0.06061700 0.41344200
vt 0.33332700 0.35948900
vt 0.04701700 0.69107100
vt 0.39479200 0.34303800
vt 0.27194800 0.34306000
vt 0.10382500 0.81097500
vt 0.13745800 0.35230400
vt 0.10379800 0.75133700
vt 0.09516300 0.35230200
vt 0.87768200 0.72278600
vt 0.41789700 0.08059300
vt 0.87786900 0.84462800
vt 0.87782100 0.96646100
vt 0.26594900 0.07612800
vt 0.09247400 0.59829000
vt 0.14022600 0.59829100
vt 0.79340400 0.56961500
vt 0.91376600 0.56991600
vt 0.77160400 0.59126900
vt 0.94216500 0.59858300
vt 0.26016100 0.42425400
vt 0.40660400 0.42430200
vt 0.68339700 0.96624500
vt 0.22317500 0.22381000
vt 0.46371100 0.22459400
vt 0.68319900 0.72326500
vt 0.46371100 0.22459400
vt 0.68319900 0.72326500
vt 0.91376600 0.56991600
vt 0.77160400 0.59126900
vt 0.94216500 0.59858300
vt 0.30555300 0.46327900
vt 0.36122700 0.46329500
vt 0.87786900 0.84462800
vt 0.87782100 0.96646100
vt 0.26594900 0.07612800
vt 0.87768200 0.72278600
vt 0.41789700 0.08059300
vt 0.07062900 0.72031500
vt 0.16891500 0.72028100
vt 0.24846400 0.15012700
vt 0.43697400 0.15284800
vt 0.40188600 0.68581000
vt 0.27789300 0.68585200
vt 0.27543800 0.67241700
vt 0.40433200 0.67237200
vt 0.28010300 0.24241100
vt 0.40825600 0.24433000
vt 0.24806600 0.23931600
vt 0.14339700 0.38492300
vt 0.17136000 0.66107300
vt 0.08924100 0.38482900
vt 0.06814200 0.66110900
vt 0.18689900 0.50167800
vt 0.04580300 0.50166300
vt 0.68281500 0.84475100
vt 0.06111600 0.26971800
vt 0.33231300 0.84610900
vt 0.33310200 0.96796300
vt 0.30793400 0.25261200
vt 0.38117400 0.25506700
vt 0.15279100 0.26971800
vt 0.40931900 0.27945100
vt 0.27995500 0.27816100
vt 0.39163200 0.10574400
vt 0.29333100 0.10101200
vt 0.24797300 0.26033500
vt 0.44028400 0.26111600
vt 0.41061800 0.10656500
vt 0.33338000 0.54726200
vt 0.59554400 0.45993100
vt 0.60149000 0.61613100
vt 0.60149000 0.52583300
vt 0.51828500 0.61613000
vt 0.51828500 0.52583400
vt 0.59608500 0.32746900
vt 0.55821900 0.45625500
vt 0.55977100 0.34688000
vt 0.52089300 0.45257900
vt 0.60149000 0.57098200
vt 0.51828600 0.57098200
vt 0.52345600 0.36629100
vt 0.29673100 0.25482400
vt 0.39223800 0.25695300
vt 0.23623600 0.30757900
vt 0.45302700 0.30723300
vt 0.28849700 0.22926200
vt 0.39967100 0.23162600
vt 0.29371000 0.48245300
vt 0.37305900 0.48246800
vt 0.40253900 0.67949800
vt 0.27723600 0.67954100
vt 0.40171600 0.05323000
vt 0.92034700 0.72273200
vt 0.58913200 0.10636100
vt 0.88109500 0.60520800
vt 0.58913200 0.05721100
vt 0.06770600 0.41368400
vt 0.16501000 0.41374200
vt 0.11635600 0.50702200
vt 0.36601000 0.66247900
vt 0.31375300 0.66249700
vt 0.29111700 0.39304400
vt 0.25205200 0.68597600
vt 0.37562900 0.39310500
vt 0.42772800 0.68591500
vt 0.45093600 0.22713500
vt 0.23623600 0.22605600
vt 0.09318900 0.60769300
vt 0.13951100 0.60769400
vt 0.29019200 0.35560800
vt 0.37652300 0.35561700
vt 0.87870900 0.03742600
vt 0.86871900 0.41602100
vt 0.92541400 0.03735900
vt 0.89498600 0.40198000
vt 0.36556400 0.67661200
vt 0.31420900 0.67663000
vt 0.69909100 0.62143300
vt 0.90885800 0.54875800
vt 0.90013900 0.40300500
vt 0.93319800 0.03734200
vt 0.87092400 0.03743100
vt 0.86670800 0.42087500
vt 0.40711400 0.19177000
vt 0.56443400 0.02985800
vt 0.80630100 0.60873500
vt 0.90984500 0.03738700
vt 0.88457700 0.40300500
vt 0.87535300 0.40793600
vt 0.89427700 0.03741000
vt 0.05565800 0.34797000
vt 0.17702800 0.34794700
vt 0.23623600 0.20285300
vt 0.37311400 0.26288200
vt 0.15279100 0.28035300
vt 0.38521000 0.67055100
vt 0.29455900 0.67058200
vt 0.26255400 0.51040500
vt 0.40420200 0.51041800
vt 0.38507000 0.57566600
vt 0.28168400 0.57566200
vt 0.42946600 0.10674900
vt 0.84165800 0.72284700
vt 0.84188600 0.84464900
vt 0.84179800 0.96644200
vt 0.25487600 0.10304000
vt 0.16953500 0.38104400
vt 0.06316000 0.38100600
vt 0.08446800 0.61912300
vt 0.14823100 0.61912400
vt 0.25904600 0.11592700
vt 0.42570000 0.11951800
vt 0.40943100 0.22683600
vt 0.42313000 0.17629000
vt 0.26316800 0.17360100
vt 0.07043000 0.52298800
vt 0.16227500 0.52299600
vt 0.05895300 0.62713700
vt 0.17374500 0.62713800
vt 0.11976000 0.68608400
vt 0.07576900 0.61096000
vt 0.15693000 0.61096100
vt 0.62408300 0.24954500
vt 0.76102300 0.44990400
vt 0.96707200 0.40598600
vt 0.69079000 0.24947300
vt 0.64518500 0.35483800
vt 0.62388600 0.06647000
vt 0.83199800 0.47818800
vt 0.69059300 0.06639800
vt 0.37539900 0.35052000
vt 0.29131100 0.35051900
vt 0.18898300 0.80992100
vt 0.09887600 0.63902700
vt 0.13382300 0.63902700
vt 0.18898300 0.74822900
vt 0.07639200 0.46716600
vt 0.15632700 0.46718700
vt 0.26290800 0.20235100
vt 0.39020500 0.44351100
vt 0.27656600 0.44347600
vt 0.38936200 0.39952700
vt 0.27740200 0.39947100
vt 0.27896000 0.26077500
vt 0.40985000 0.26234300
vt 0.33331700 0.37774300
vt 0.82414900 0.15204900
vt 0.68125200 0.39069300
vt 0.71882200 0.42152700
vt 0.79157800 0.30533600
vt 0.62047100 0.43604800
vt 0.49823400 0.84502800
vt 0.84239200 0.68709000
vt 0.09186900 0.58736400
vt 0.14083100 0.58736600
vt 0.26273500 0.22151700
vt 0.42478400 0.22335600
vt 0.06111600 0.22477300
vt 0.27257300 0.84649700
vt 0.39105900 0.21393600
vt 0.15279100 0.22477300
vt 0.39929800 0.10566600
vt 0.28553200 0.10113600
vt 0.26916700 0.60366000
vt 0.39758600 0.60366200
vt 0.29399400 0.08780400
vt 0.39064200 0.09278400
vt 0.23623600 0.26086000
vt 0.45182900 0.26133100
vt 0.33340000 0.44297900
vt 0.27883100 0.26945600
vt 0.77730700 0.15199200
vt 0.71033800 0.39355800
vt 0.17978800 0.60544400
vt 0.05291000 0.60544200
vt 0.24787700 0.28192200
vt 0.34771600 0.55973400
vt 0.31904100 0.55973200
vt 0.06111600 0.09531700
vt 0.10050300 0.84761200
vt 0.30031300 0.08810400
vt 0.10129200 0.96946500
vt 0.38444100 0.09324000
vt 0.15279200 0.09531700
vt 0.09145900 0.57525600
vt 0.14124200 0.57525800
vt 0.36261500 0.69685900
vt 0.31717200 0.69687500
vt 0.33332900 0.35397500
vt 0.71882200 0.40625600
vt 0.75388600 0.15194300
vt 0.09521800 0.70750600
vt 0.79933900 0.19071400
vt 0.91903500 0.43128200
vt 0.87972200 0.45229600
vt 0.81643500 0.03742400
vt 0.37438000 0.13219700
vt 0.15279200 0.13617700
vt 0.15481200 0.84726000
vt 0.06111600 0.13617700
vt 0.15560200 0.96911400
vt 0.31158000 0.12746000
vt 0.23959000 0.33356500
vt 0.49908500 0.96688200
vt 0.82349400 0.39184900
vt 0.45039900 0.33285000
vt 0.84236700 0.63426900
vt 0.64523200 0.53064000
vt 0.68616100 0.48991900
vt 0.64523200 0.62143300
vt 0.89503100 0.53449900
vt 0.90000600 0.35095100
vt 0.81281500 0.53445600
vt 0.26510800 0.68557400
vt 0.41467100 0.68552200
vt 0.89815600 0.56423600
vt 0.80917000 0.56408100
vt 0.23736000 0.31628400
vt 0.45214700 0.31581500
vt 0.80027200 0.57256700
vt 0.90690300 0.57276700
vt 0.42097400 0.10645700
vt 0.26350600 0.10251700
vt 0.30873300 0.35820800
vt 0.35794700 0.35822700
vt 0.03197500 0.67398300
vt 0.07495500 0.39061100
vt 0.20753600 0.67392300
vt 0.15775500 0.39067800
vt 0.11635100 0.58603100
vt 0.09200100 0.36293600
vt 0.14062400 0.36295400
vt 0.06883800 0.66445100
vt 0.17066600 0.66441600
vt 0.11977200 0.72140300
vt 0.34948700 0.41170200
vt 0.31737800 0.41165100
vt 0.43870600 0.20949400
vt 0.24820700 0.20778700
vt 0.27878800 0.20680100
vt 0.28432600 0.46401800
vt 0.38244500 0.46404200
vt 0.34541100 0.35023700
vt 0.32017900 0.80540600
vt 0.32015800 0.76002100
vt 0.32125300 0.35023300
vt 0.11630000 0.36420200
vt 0.13034600 0.36414300
vt 0.10226100 0.36413000
vt 0.28756500 0.18687400
vt 0.39950000 0.18995500
vt 0.36131000 0.40735800
vt 0.38729200 0.71523300
vt 0.29250800 0.71526600
vt 0.30549500 0.40726800
vt 0.08170600 0.35567300
vt 0.15093800 0.35567700
vt 0.77598700 0.19071600
vt 0.91599900 0.41601900
vt 0.67331900 0.39720400
vt 0.83976400 0.15205600
vt 0.11635200 0.54972100
vt 0.06984300 0.38174700
vt 0.16284200 0.38179100
vt 0.11635100 0.57429100
vt 0.11635300 0.53839800
vt 0.29945200 0.60779700
vt 0.36730200 0.60779800
vt 0.45104500 0.78217500
vt 0.10274100 0.59712200
vt 0.12996000 0.59712300
vt 0.18843900 0.67916900
vt 0.04696700 0.68527600
vt 0.19255200 0.68522600
vt 0.29405400 0.64019400
vt 0.47872600 0.80539800
vt 0.38055100 0.61074200
vt 0.28620200 0.61074100
vt 0.67147300 0.48699700
vt 0.85384500 0.52811300
vt 0.62727800 0.53064000
vt 0.84178800 0.31403400
vt 0.62727800 0.62143300
vt 0.89217500 0.52728800
vt 0.88470000 0.35095100
vt 0.81585100 0.52728800
vt 0.84244500 0.18343200
vt 0.52219500 0.84487500
vt 0.62627500 0.44990400
vt 0.83200500 0.68708900
vt 0.94419800 0.31454900
vt 0.23122800 0.35096200
vt 0.52297300 0.96672900
vt 0.52275500 0.72306200
vt 0.83201200 0.63426800
vt 0.83199800 0.37912300
vt 0.94485500 0.18394700
vt 0.45906100 0.34972800
vt 0.64044100 0.96628100
vt 0.22317500 0.25861500
vt 0.64024700 0.72330000
vt 0.46460400 0.25879000
vt 0.14688800 0.71916300
vt 0.09265400 0.71918200
vt 0.18433000 0.70645900
vt 0.05520300 0.70650400
vt 0.29757800 0.35658400
vt 0.36912300 0.35659900
vt 0.11976500 0.70027300
vt 0.45273800 0.29614300
vt 0.27198600 0.71114000
vt 0.40781100 0.71109300
vt 0.15993900 0.40429400
vt 0.07276800 0.40422900
vt 0.70128700 0.38872000
vt 0.79292100 0.15201800
vt 0.71684900 0.40149200
vt 0.76169300 0.15196100
vt 0.64010400 0.84478400
vt 0.11637300 0.44669000
vt 0.07172300 0.37039700
vt 0.16094700 0.37042300
vt 0.56979600 0.02985800
vt 0.81063600 0.60823700
vt 0.61763300 0.42134800
vt 0.85274400 0.68709000
vt 0.47435200 0.84518500
vt 0.28584000 0.49709300
vt 0.38092300 0.49710500
vt 0.66857900 0.84476200
vt 0.31569100 0.63765300
vt 0.42829600 0.81187100
vt 0.35106300 0.63765300
vt 0.42829600 0.75247900
vt 0.28534600 0.38574900
vt 0.38141200 0.38580700
vt 0.24895500 0.30085300
vt 0.39125900 0.27364100
vt 0.29816900 0.27177200
vt 0.29763600 0.12759500
vt 0.38808400 0.13197200
vt 0.36314000 0.62888600
vt 0.30361400 0.62888600
vt 0.31960300 0.59523900
vt 0.34715200 0.59524000
vt 0.28865700 0.62064600
vt 0.37809600 0.62064700
vt 0.30807800 0.54766900
vt 0.35868100 0.54767200
vt 0.40558100 0.15245800
vt 0.30921100 0.59642100
vt 0.35754400 0.59642300
vt 0.26338300 0.14977300
vt 0.42230700 0.15288300
vt 0.08283200 0.60952900
vt 0.14986700 0.60953000
vt 0.11635000 0.63780700
vt 0.16785500 0.77907500
vt 0.26796500 0.08910800
vt 0.41624900 0.09339700
vt 0.07776800 0.62052300
vt 0.15493100 0.62052400
vt 0.61760700 0.40642400
vt 0.45054700 0.84534000
vt 0.86306300 0.68709000
vt 0.39252200 0.11871000
vt 0.13061200 0.53875100
vt 0.10209300 0.53874900
vt 0.45004900 0.19315600
vt 0.23623600 0.19147100
vt 0.12756000 0.78114500
vt 0.28740100 0.53074900
vt 0.37935800 0.53075600
vt 0.38483800 0.67235100
vt 0.29493200 0.67238200
vt 0.33988500 0.67258200
vt 0.59742000 0.84481600
vt 0.95271000 0.37911900
vt 0.79226500 0.55055100
vt 0.71704400 0.53064000
vt 0.74211300 0.47294600
vt 0.71704400 0.62143300
vt 0.91515800 0.55096000
vt 0.38951200 0.29067700
vt 0.59455300 0.12912900
vt 0.88378600 0.63426800
vt 0.81763700 0.45132000
vt 0.30039900 0.28905300
vt 0.40353500 0.96750700
vt 0.70128700 0.43906200
vt 0.94125900 0.15194300
vt 0.18177600 0.59288800
vt 0.05092200 0.59288500
vt 0.62401300 0.18416100
vt 0.76102300 0.37788000
vt 0.95271000 0.47819200
vt 0.69071900 0.18408900
vt 0.62395600 0.13185400
vt 0.71582500 0.34078700
vt 0.90000600 0.50636000
vt 0.69066300 0.13178200
vt 0.11977000 0.71471100
vt 0.33337900 0.55960300
vt 0.46549700 0.29298500
vt 0.59729300 0.72342400
vt 0.59748200 0.96622800
vt 0.22317500 0.29341900
vt 0.26264900 0.23110000
vt 0.42511500 0.23277000
vt 0.19457200 0.69123200
vt 0.04495100 0.69128300
vt 0.11976200 0.69351500
vt 0.37401500 0.15216000
vt 0.15279200 0.15509100
vt 0.17995300 0.84709700
vt 0.06111600 0.15509100
vt 0.18074200 0.96895100
vt 0.31248200 0.14775400
vt 0.94876600 0.03730400
vt 0.90936300 0.40793500
vt 0.76041900 0.19071000
vt 0.85535600 0.03743700
vt 0.86568300 0.43128400
vt 0.07828400 0.51038100
vt 0.15442400 0.51039000
vt 0.13175400 0.38533700
vt 0.14790700 0.66350900
vt 0.09159700 0.66352900
vt 0.10079200 0.38528100
vt 0.38818400 0.17982700
vt 0.15279200 0.18833000
vt 0.06111600 0.18833000
vt 0.22413300 0.84681000
vt 0.29880600 0.17627100
vt 0.22492200 0.96866400
vt 0.85987400 0.84463900
vt 0.26041200 0.08958400
vt 0.85980900 0.96645300
vt 0.42368200 0.09367100
vt 0.85967000 0.72281500
vt 0.26127600 0.48428400
vt 0.40548200 0.48430400
vt 0.30007900 0.07472500
vt 0.38432800 0.08009000
vt 0.26247600 0.25026700
vt 0.42577700 0.25159600
vt 0.54327000 0.84485700
vt 0.54406700 0.96659200
vt 0.22914600 0.33404300
vt 0.54384500 0.72315900
vt 0.46067300 0.33305200
vt 0.91003100 0.15200600
vt 0.68125200 0.43708900
vt 0.67331900 0.43057800
vt 0.89441700 0.15202900
vt 0.28977900 0.07481400
vt 0.46237600 0.17345500
vt 0.74757700 0.72312100
vt 0.74813700 0.84469700
vt 0.74778000 0.96628300
vt 0.22317500 0.17176100
vt 0.88470000 0.50635900
vt 0.69064900 0.11870500
vt 0.62394200 0.11877700
vt 0.70113700 0.33786500
vt 0.96121400 0.46546500
vt 0.69073400 0.19716600
vt 0.62402700 0.19723800
vt 0.76675400 0.39171600
vt 0.18319600 0.57912700
vt 0.04950300 0.57912300
vt 0.06023000 0.42849900
vt 0.11635800 0.49670500
vt 0.06807800 0.40405600
vt 0.16463000 0.40411700
vt 0.76820300 0.19071400
vt 0.91307900 0.41165000
vt 0.84757200 0.03743700
vt 0.86670800 0.43643700
vt 0.08954100 0.38153800
vt 0.14309000 0.38161600
vt 0.24834700 0.17625800
vt 0.43775900 0.17852000
vt 0.25833700 0.66913900
vt 0.29148000 0.38622000
vt 0.38607900 0.54880400
vt 0.28067700 0.54879800
vt 0.11975200 0.66488800
vt 0.30515300 0.44315400
vt 0.36163700 0.44318100
vt 0.30110900 0.61750800
vt 0.36564500 0.61750800
vt 0.38713200 0.52122400
vt 0.27962700 0.52121500
vt 0.26571800 0.57702200
vt 0.40103500 0.57702600
vt 0.31928700 0.58436900
vt 0.62394200 0.11877700
vt 0.70113700 0.33786500
vt 0.88470000 0.50635900
vt 0.69064900 0.11870500
vt 0.96121400 0.46546500
vt 0.69073400 0.19716600
vt 0.14708500 0.68739600
vt 0.09243500 0.68741500
vt 0.13200600 0.46644100
vt 0.10072200 0.46643100
vt 0.74813700 0.84469700
vt 0.74778000 0.96628300
vt 0.22317500 0.17176100
vt 0.46237600 0.17345500
vt 0.74757700 0.72312100
vt 0.43775900 0.17852000
vt 0.24834700 0.17625800
vt 0.12959100 0.60640500
vt 0.10310900 0.60640500
vt 0.76820300 0.19071400
vt 0.91307900 0.41165000
vt 0.84757200 0.03743700
vt 0.86670800 0.43643700
vt 0.33337700 0.60421600
vt 0.19340800 0.69932000
vt 0.04612100 0.69937100
vt 0.30793500 0.53707400
vt 0.35882500 0.53707800
vt 0.14754600 0.67787100
vt 0.09196700 0.67789100
vt 0.26426500 0.54939800
vt 0.40249000 0.54940400
vt 0.06111600 0.10763800
vt 0.11687900 0.84750500
vt 0.11766900 0.96935900
vt 0.29988300 0.10132900
vt 0.38520300 0.10622400
vt 0.15279200 0.10763800
vt 0.59748200 0.96622800
vt 0.22317500 0.29341900
vt 0.46549700 0.29298500
vt 0.59729300 0.72342400
vt 0.26714000 0.69606700
vt 0.41264600 0.69601600
vt 0.33338200 0.51439600
vt 0.33988100 0.66068900
vt 0.62397000 0.14493100
vt 0.72966100 0.34651800
vt 0.62399900 0.17108400
vt 0.75270200 0.36542800
vt 0.94188600 0.48901400
vt 0.69070500 0.17101200
vt 0.38250900 0.35419100
vt 0.28421600 0.35418800
vt 0.04666700 0.71919500
vt 0.95271000 0.47819200
vt 0.69071900 0.18408900
vt 0.62401300 0.18416100
vt 0.76102300 0.37788000
vt 0.90000600 0.50636000
vt 0.69066300 0.13178200
vt 0.62395600 0.13185400
vt 0.71582500 0.34078700
vt 0.33989000 0.68728400
vt 0.70128700 0.43906200
vt 0.94125900 0.15194300
vt 0.14787900 0.66681400
vt 0.09162700 0.66683300
vt 0.54384500 0.72315900
vt 0.46067300 0.33305200
vt 0.54327000 0.84485700
vt 0.54406700 0.96659200
vt 0.22914600 0.33404300
vt 0.08837900 0.42863200
vt 0.14436800 0.42867400
vt 0.42577700 0.25159600
vt 0.26247600 0.25026700
vt 0.38432800 0.08009000
vt 0.30007900 0.07472500
vt 0.07127300 0.54179000
vt 0.16142900 0.54179600
vt 0.09032200 0.50876900
vt 0.14238800 0.50877600
vt 0.26041200 0.08958400
vt 0.85980900 0.96645300
vt 0.36936100 0.62986500
vt 0.29739300 0.62986500
vt 0.06111600 0.18833000
vt 0.22413300 0.84681000
vt 0.29880600 0.17627100
vt 0.22492200 0.96866400
vt 0.38818400 0.17982700
vt 0.15279200 0.18833000
vt 0.94876600 0.03730400
vt 0.90936300 0.40793500
vt 0.76041900 0.19071000
vt 0.85535600 0.03743700
vt 0.86568300 0.43128400
vt 0.07962400 0.55052200
vt 0.15307900 0.55052600
vt 0.17995300 0.84709700
vt 0.06111600 0.15509100
vt 0.18074200 0.96895100
vt 0.31248200 0.14775400
vt 0.37401500 0.15216000
vt 0.15279200 0.15509100
vt 0.26221400 0.27927500
vt 0.04826000 0.67287800
vt 0.19125000 0.67282900
vt 0.41624900 0.09339700
vt 0.26796500 0.08910800
vt 0.11635000 0.62701400
vt 0.62587000 0.84479500
vt 0.29626200 0.56063400
vt 0.37049500 0.56063700
vt 0.09560900 0.70550800
vt 0.14392400 0.70549100
vt 0.34820500 0.36861700
vt 0.31844100 0.36859000
vt 0.42230700 0.15288300
vt 0.26338300 0.14977300
vt 0.71704400 0.62143300
vt 0.91515800 0.55096000
vt 0.71704400 0.53064000
vt 0.74211300 0.47294600
vt 0.95271000 0.37911900
vt 0.79226500 0.55055100
vt 0.30039900 0.28905300
vt 0.40353500 0.96750700
vt 0.38951200 0.29067700
vt 0.59455300 0.12912900
vt 0.88378600 0.63426800
vt 0.81763700 0.45132000
vt 0.59742000 0.84481600
vt 0.11629000 0.38223600
vt 0.38408200 0.68007500
vt 0.23623600 0.19147100
vt 0.45004900 0.19315600
vt 0.86968800 0.50337300
vt 0.69063500 0.10562800
vt 0.39252200 0.11871000
vt 0.29276900 0.11422400
vt 0.81873600 0.55634400
vt 0.84919100 0.56023600
vt 0.88858300 0.55637900
vt 0.61760700 0.40642400
vt 0.45054700 0.84534000
vt 0.86306300 0.68709000
vt 0.76950000 0.15197700
vt 0.71398400 0.39720400
vt 0.80086600 0.03740900
vt 0.88973100 0.45533300
vt 0.75416100 0.03732400
vt 0.91599800 0.44129300
vt 0.28768200 0.19535400
vt 0.39960200 0.19829100
vt 0.10366400 0.61580300
vt 0.12903600 0.61580400
vt 0.31607600 0.70507500
vt 0.36371600 0.70505800
vt 0.15397300 0.38588300
vt 0.19499100 0.66351700
vt 0.07869100 0.38581700
vt 0.04451300 0.66356900
vt 0.37675400 0.81323600
vt 0.37691600 0.34538200
vt 0.28979400 0.34539100
vt 0.37672700 0.75214000
vt 0.29715800 0.26306200
vt 0.38808400 0.13197200
vt 0.29763600 0.12759500
vt 0.29258200 0.66028300
vt 0.38717900 0.66025100
vt 0.90222400 0.15201800
vt 0.67696500 0.43422400
vt 0.39125900 0.27364100
vt 0.18869700 0.42823700
vt 0.04401300 0.42818900
vt 0.29244300 0.63176200
vt 0.37431000 0.63176200
vt 0.08098100 0.36133200
vt 0.15166600 0.36134600
vt 0.18632500 0.51331900
vt 0.04637700 0.51330600
vt 0.92676900 0.72272500
vt 0.39662100 0.05342600
vt 0.09068600 0.37247500
vt 0.14194100 0.37251700
vt 0.64010400 0.84478400
vt 0.14575600 0.63036500
vt 0.08694300 0.63036500
vt 0.34922400 0.46297100
vt 0.31756000 0.46296100
vt 0.11639500 0.41178700
vt 0.11977300 0.72509500
vt 0.17118300 0.39664000
vt 0.06152400 0.39658600
vt 0.09180000 0.67287600
vt 0.14771100 0.67285700
vt 0.28775300 0.53923500
vt 0.37900500 0.53924100
vt 0.29710400 0.70661600
vt 0.38269000 0.70658700
vt 0.89630100 0.60770900
vt 0.56979600 0.10636100
vt 0.56979600 0.02985800
vt 0.81063600 0.60823700
vt 0.56979600 0.05721100
vt 0.05410000 0.70833100
vt 0.18543500 0.70828600
vt 0.90190500 0.57099700
vt 0.28685300 0.64751600
vt 0.47735100 0.78217500
vt 0.37990000 0.64751600
vt 0.07596400 0.44701100
vt 0.15676200 0.44704300
vt 0.07092500 0.53340600
vt 0.16177800 0.53341300
vt 0.90206100 0.03739900
vt 0.87972300 0.40501600
vt 0.28630600 0.37724700
vt 0.38043400 0.37729300
vt 0.14524100 0.69944600
vt 0.09428800 0.69946400
vt 0.58062100 0.10636100
vt 0.88775400 0.60662200
vt 0.81936000 0.60722100
vt 0.58062100 0.02985800
vt 0.58062100 0.05721100
vt 0.46520000 0.28158700
vt 0.61161100 0.72337200
vt 0.13027200 0.58638400
vt 0.10242900 0.58638300
vt 0.07368300 0.36036700
vt 0.15897800 0.36037600
vt 0.18525200 0.53536600
vt 0.04744800 0.53535700
vt 0.59554400 0.45257900
vt 0.60149000 0.52865500
vt 0.51828600 0.52865600
vt 0.59917400 0.33492700
vt 0.52232800 0.44536800
vt 0.60149000 0.56816000
vt 0.51828600 0.56816000
vt 0.52794100 0.37300200
vt 0.34781300 0.53615900
vt 0.31894800 0.53615700
vt 0.26184900 0.39086100
vt 0.40492200 0.39091100
vt 0.67331900 0.39720400
vt 0.83976400 0.15205600
vt 0.77596400 0.30533600
vt 0.71398400 0.43057800
vt 0.87345100 0.68709000
vt 0.62054300 0.39169000
vt 0.42658300 0.84549700
vt 0.64024700 0.72330000
vt 0.46460400 0.25879000
vt 0.64044100 0.96628100
vt 0.22317500 0.25861500
vt 0.88470000 0.35095100
vt 0.81585100 0.52728800
vt 0.84244500 0.18343200
vt 0.67147300 0.48699700
vt 0.85384500 0.52811300
vt 0.62727800 0.53064000
vt 0.84178800 0.31403400
vt 0.62727800 0.62143300
vt 0.89217500 0.52728800
vt 0.52275500 0.72306200
vt 0.83201200 0.63426800
vt 0.83199800 0.37912300
vt 0.94485500 0.18394700
vt 0.45906100 0.34972800
vt 0.52219500 0.84487500
vt 0.62627500 0.44990400
vt 0.83200500 0.68708900
vt 0.94419800 0.31454900
vt 0.23122800 0.35096200
vt 0.52297300 0.96672900
vt 0.40709600 0.09337500
vt 0.28386900 0.44340400
vt 0.38290600 0.44343800
vt 0.28451900 0.39982800
vt 0.13161500 0.48426000
vt 0.10110400 0.48425400
vt 0.17207500 0.46775300
vt 0.06063700 0.46772900
vt 0.16895400 0.53442800
vt 0.06374900 0.53442000
vt 0.33337800 0.58401300
vt 0.29340900 0.37843800
vt 0.37330900 0.37849300
vt 0.60149000 0.54840700
vt 0.56189500 0.41893000
vt 0.51828600 0.54840800
vt 0.57918100 0.38319500
vt 0.80027200 0.57256700
vt 0.90690300 0.57276700
vt 0.45214700 0.31581500
vt 0.23736000 0.31628400
vt 0.07303600 0.58986500
vt 0.15966400 0.58986700
vt 0.14149200 0.53965900
vt 0.40882500 0.67870200
vt 0.27094900 0.67875000
vt 0.26333700 0.28798100
vt 0.42589800 0.28867200
vt 0.24820700 0.20778700
vt 0.43870600 0.20949400
vt 0.77730700 0.15199200
vt 0.71033800 0.39355800
vt 0.27883100 0.26945600
vt 0.41019900 0.27086900
vt 0.26363800 0.53272400
vt 0.40311700 0.53273300
vt 0.16489200 0.35896700
vt 0.06777800 0.35896400
vt 0.29399400 0.08780400
vt 0.07686100 0.38292300
vt 0.15580300 0.38297800
vt 0.37684000 0.38612200
vt 0.28992500 0.38606000
vt 0.23959000 0.33356500
vt 0.49908500 0.96688200
vt 0.90000600 0.35095100
vt 0.81281500 0.53445600
vt 0.64523200 0.53064000
vt 0.68616100 0.48991900
vt 0.64523200 0.62143300
vt 0.89503100 0.53449900
vt 0.37438000 0.13219700
vt 0.15279200 0.13617700
vt 0.79933900 0.19071400
vt 0.91903500 0.43128200
vt 0.87972200 0.45229600
vt 0.81643500 0.03742400
vt 0.71882200 0.40625600
vt 0.75388600 0.15194300
vt 0.69623000 0.38771400
vt 0.80072800 0.15202800
vt 0.67045400 0.42629000
vt 0.88661000 0.15203800
vt 0.68601600 0.43906200
vt 0.91783800 0.15199300
vt 0.06788700 0.46747600
vt 0.16482800 0.46749900
vt 0.38444100 0.09324000
vt 0.15279200 0.09531700
vt 0.06111600 0.09531700
vt 0.10050300 0.84761200
vt 0.30031300 0.08810400
vt 0.10129200 0.96946500
vt 0.45183800 0.81216100
vt 0.30588400 0.63978900
vt 0.33989500 0.70180300
vt 0.40118100 0.11879600
vt 0.24787700 0.28192200
vt 0.44093200 0.28232400
vt 0.09135400 0.55012300
vt 0.14135000 0.55012600
vt 0.27896000 0.26077500
vt 0.13112200 0.50750300
vt 0.10159000 0.50749900
vt 0.29293400 0.46370400
vt 0.37384000 0.46372500
vt 0.11976800 0.70914400
vt 0.16295800 0.61243900
vt 0.36035000 0.81326900
vt 0.36797100 0.34478000
vt 0.36032300 0.75212200
vt 0.29872500 0.34478600
vt 0.33337700 0.62549400
vt 0.91925300 0.18381800
vt 0.84282100 0.36829900
vt 0.63459500 0.46235600
vt 0.91859500 0.31442100
vt 0.86804800 0.18356000
vt 0.86968800 0.35393800
vt 0.65763700 0.48126600
vt 0.86739000 0.31416300
vt 0.30732900 0.51661400
vt 0.35943400 0.51662000
vt 0.28553200 0.10113600
vt 0.39929800 0.10566600
vt 0.39105900 0.21393600
vt 0.15279100 0.22477300
vt 0.06111600 0.22477300
vt 0.27257300 0.84649700
vt 0.29678700 0.21104000
vt 0.27336300 0.96835100
vt 0.42478400 0.22335600
vt 0.26273500 0.22151700
vt 0.09314000 0.69368100
vt 0.07781900 0.49926500
vt 0.15489100 0.49927600
vt 0.62047100 0.43604800
vt 0.49823400 0.84502800
vt 0.84239200 0.68709000
vt 0.26316800 0.17360100
vt 0.42313000 0.17629000
vt 0.10218600 0.56204100
vt 0.30740200 0.36786300
vt 0.35927900 0.36790500
vt 0.42570000 0.11951800
vt 0.25904600 0.11592700
vt 0.68601600 0.38872000
vt 0.81634200 0.15204400
vt 0.71982800 0.41646900
vt 0.79938500 0.30533300
vt 0.36570100 0.67275100
vt 0.31406900 0.67276900
vt 0.84188600 0.84464900
vt 0.84179800 0.96644200
vt 0.25487600 0.10304000
vt 0.42946600 0.10674900
vt 0.84165800 0.72284700
vt 0.05702700 0.34505400
vt 0.17565500 0.34502800
vt 0.15272000 0.78113400
vt 0.15479300 0.40958000
vt 0.19497400 0.72257900
vt 0.07792700 0.40950700
vt 0.04457000 0.72263100
vt 0.09090900 0.52981800
vt 0.14179800 0.52982200
vt 0.96707200 0.40598600
vt 0.69079000 0.24947300
vt 0.62408300 0.24954500
vt 0.76102300 0.44990400
vt 0.27226400 0.67963000
vt 0.40751100 0.67958300
vt 0.45093600 0.22713500
vt 0.81362100 0.56685900
vt 0.57549800 0.10636100
vt 0.89180100 0.60716700
vt 0.57549800 0.02985800
vt 0.81522900 0.60773300
vt 0.57549800 0.05721100
vt 0.17127900 0.48674700
vt 0.06142900 0.48672900
vt 0.58913200 0.05721100
vt 0.58913200 0.02985800
vt 0.82616000 0.60584400
vt 0.58913200 0.10636100
vt 0.88109500 0.60520800
vt 0.39967100 0.23162600
vt 0.28849700 0.22926200
vt 0.82349400 0.46546100
vt 0.56828500 0.12912900
vt 0.37066600 0.28850200
vt 0.15279100 0.30473600
vt 0.69057900 0.05332100
vt 0.56828500 0.26312400
vt 0.62387200 0.05339300
vt 0.06111600 0.30473600
vt 0.63459500 0.36542800
vt 0.37885800 0.84580800
vt 0.45302700 0.30723300
vt 0.23623600 0.30757900
vt 0.39223800 0.25695300
vt 0.29673100 0.25482400
vt 0.23623600 0.20285300
vt 0.45034100 0.20433800
vt 0.90984500 0.03738700
vt 0.88457700 0.40300500
vt 0.40711400 0.19177000
vt 0.27986800 0.18892200
vt 0.29731700 0.58675600
vt 0.36943800 0.58675800
vt 0.90013900 0.40300500
vt 0.93319800 0.03734200
vt 0.87092400 0.03743100
vt 0.86670800 0.42087500
vt 0.69909100 0.53064000
vt 0.72966100 0.48126600
vt 0.69909100 0.62143300
vt 0.90885800 0.54875800
vt 0.79866300 0.54842100
vt 0.94188600 0.36829600
vt 0.28218500 0.29544200
vt 0.42742200 0.96735000
vt 0.79491700 0.57390600
vt 0.87870900 0.03742600
vt 0.86871900 0.41602100
vt 0.30993500 0.60593900
vt 0.35681900 0.60594000
f 518/518 644/644 1817/1817
f 1342/1342 1316/1316 1816/1816
f 418/418 290/290 1817/1817
f 721/721 734/734 1817/1817
f 1231/1231 1821/1821 1817/1817
f 1821/1821 2522/2522 1817/1817
f 173/173 1344/1344 1817/1817
f 623/623 437/437 1817/1817
f 261/261 353/353 1817/1817
f 175/175 518/518 1817/1817
f 1226/1226 418/418 1817/1817
f 2574/2574 721/721 1817/1817
f 422/422 1231/1231 1817/1817
f 513/513 173/173 1817/1817
f 265/265 623/623 1817/1817
f 618/618 261/261 1817/1817
f 1348/1348 175/175 1817/1817
f 1815/1815 1226/1226 1817/1817
f 725/725 2574/2574 1817/1817
f 286/286 422/422 1817/1817
f 648/648 513/513 1817/1817
f 349/349 265/265 1817/1817
f 441/441 618/618 1817/1817
f 1156/1156 1348/1348 1817/1817
f 2518/2518 1815/1815 1817/1817
f 738/738 725/725 1817/1817
f 644/644 286/286 1817/1817
f 290/290 648/648 1817/1817
f 734/734 349/349 1817/1817
f 2522/2522 441/441 1817/1817
f 1344/1344 1156/1156 1817/1817
f 437/437 2518/2518 1817/1817
f 353/353 738/738 1817/1817
f 434/434 620/620 1816/1816
f 350/350 259/259 1816/1816
f 516/516 1318/1318 1816/1816
f 415/415 1224/1224 1816/1816
f 718/718 2572/2572 1816/1816
f 1228/1228 419/419 1816/1816
f 1316/1316 511/511 1816/1816
f 620/620 263/263 1816/1816
f 259/259 617/617 1816/1816
f 1318/1318 1345/1345 1816/1816
f 1224/1224 1810/1810 1816/1816
f 2572/2572 723/723 1816/1816
f 419/419 284/284 1816/1816
f 511/511 646/646 1816/1816
f 263/263 347/347 1816/1816
f 617/617 439/439 1816/1816
f 1345/1345 1155/1155 1816/1816
f 1810/1810 2515/2515 1816/1816
f 723/723 736/736 1816/1816
f 284/284 642/642 1816/1816
f 646/646 288/288 1816/1816
f 347/347 732/732 1816/1816
f 439/439 2519/2519 1816/1816
f 1155/1155 1342/1342 1816/1816
f 2515/2515 434/434 1816/1816
f 736/736 350/350 1816/1816
f 642/642 516/516 1816/1816
f 288/288 415/415 1816/1816
f 732/732 718/718 1816/1816
f 1818/1818 1228/1228 1816/1816
f 2519/2519 1818/1818 1816/1816
f 220/220 223/223 2329/2329
f 220/220 2329/2329 2326/2326
f 2326/2326 2329/2329 2177/2177
f 2326/2326 2177/2177 2174/2174
f 2174/2174 2177/2177 2283/2283
f 2174/2174 2283/2283 1289/1289
f 1289/1289 2283/2283 1171/1171
f 1289/1289 1171/1171 1169/1169
f 1169/1169 1171/1171 690/690
f 1169/1169 690/690 688/688
f 688/688 690/690 414/414
f 688/688 414/414 411/411
f 411/411 414/414 1906/1906
f 411/411 1906/1906 1903/1903
f 1903/1903 1906/1906 779/779
f 1903/1903 779/779 773/773
f 2752/2752 2754/2754 910/910
f 2752/2752 910/910 907/907
f 2060/2060 2421/2421 2420/2420
f 2060/2060 2420/2420 2066/2066
f 2066/2066 2420/2420 1453/1453
f 2066/2066 1453/1453 1993/1993
f 2719/2719 2722/2722 695/695
f 2719/2719 695/695 691/691
f 907/907 910/910 378/378
f 907/907 378/378 376/376
f 1993/1993 1453/1453 1070/1070
f 1993/1993 1070/1070 379/379
f 2062/2062 2067/2067 923/923
f 2062/2062 923/923 922/922
f 922/922 923/923 180/180
f 922/922 180/180 178/178
f 178/178 180/180 919/919
f 178/178 919/919 918/918
f 918/918 919/919 2077/2077
f 918/918 2077/2077 2071/2071
f 852/852 1665/1665 1670/1670
f 852/852 1670/1670 857/857
f 2584/2584 2384/2384 2590/2590
f 2584/2584 2590/2590 3/3
f 856/856 1669/1669 814/814
f 856/856 814/814 2453/2453
f 1999/1999 1825/1825 883/883
f 1999/1999 883/883 2231/2231
f 1416/1416 2446/2446 1667/1667
f 1416/1416 1667/1667 854/854
f 2229/2229 882/882 1824/1824
f 2229/2229 1824/1824 1998/1998
f 781/781 791/791 1910/1910
f 781/781 1910/1910 1908/1908
f 1908/1908 1910/1910 1543/1543
f 1908/1908 1543/1543 1540/1540
f 1540/1540 1543/1543 686/686
f 1540/1540 686/686 684/684
f 684/684 686/686 1167/1167
f 684/684 1167/1167 1164/1164
f 1164/1164 1167/1167 2281/2281
f 1164/1164 2281/2281 2278/2278
f 2278/2278 2281/2281 2181/2181
f 2278/2278 2181/2181 2178/2178
f 1170/1170 597/597 1974/1974
f 1170/1170 1974/1974 689/689
f 2178/2178 2181/2181 670/670
f 2178/2178 670/670 2324/2324
f 2324/2324 670/670 223/223
f 2324/2324 223/223 220/220
f 1542/1542 55/55 1975/1975
f 1542/1542 1975/1975 685/685
f 920/920 1869/1869 1206/1206
f 920/920 1206/1206 2076/2076
f 777/777 2039/2039 2257/2257
f 777/777 2257/2257 2403/2403
f 2180/2180 1336/1336 589/589
f 2180/2180 589/589 669/669
f 906/906 428/428 2375/2375
f 906/906 2375/2375 1132/1132
f 380/380 1860/1860 1693/1693
f 380/380 1693/1693 1992/1992
f 2282/2282 2431/2431 597/597
f 2282/2282 597/597 1170/1170
f 1909/1909 132/132 55/55
f 1909/1909 55/55 1542/1542
f 179/179 1023/1023 1869/1869
f 179/179 1869/1869 920/920
f 1905/1905 131/131 2039/2039
f 1905/1905 2039/2039 777/777
f 2280/2280 2429/2429 1336/1336
f 2280/2280 1336/1336 2180/2180
f 385/385 1863/1863 428/428
f 385/385 428/428 906/906
f 911/911 425/425 1860/1860
f 911/911 1860/1860 380/380
f 2176/2176 1334/1334 2431/2431
f 2176/2176 2431/2431 2282/2282
f 787/787 315/315 132/132
f 787/787 132/132 1909/1909
f 924/924 1868/1868 1023/1023
f 924/924 1023/1023 179/179
f 413/413 52/52 131/131
f 413/413 131/131 1905/1905
f 1166/1166 598/598 2429/2429
f 1166/1166 2429/2429 2280/2280
f 1985/1985 2762/2762 1863/1863
f 1985/1985 1863/1863 385/385
f 2757/2757 2372/2372 425/425
f 2757/2757 425/425 911/911
f 2328/2328 588/588 1334/1334
f 2328/2328 1334/1334 2176/2176
f 2410/2410 2259/2259 315/315
f 2410/2410 315/315 787/787
f 2065/2065 1204/1204 1868/1868
f 2065/2065 1868/1868 924/924
f 689/689 1974/1974 52/52
f 689/689 52/52 413/413
f 685/685 1975/1975 598/598
f 685/685 598/598 1166/1166
f 2076/2076 1206/1206 2762/2762
f 2076/2076 2762/2762 1985/1985
f 2403/2403 2257/2257 2372/2372
f 2403/2403 2372/2372 2757/2757
f 669/669 589/589 1492/1492
f 669/669 1492/1492 222/222
f 222/222 1492/1492 588/588
f 222/222 588/588 2328/2328
f 1132/1132 2375/2375 2259/2259
f 1132/1132 2259/2259 2410/2410
f 1992/1992 1693/1693 1204/1204
f 1992/1992 1204/1204 2065/2065
f 1165/1165 1587/1587 848/848
f 1165/1165 848/848 683/683
f 1931/1931 249/249 2619/2619
f 1931/1931 2619/2619 2069/2069
f 2753/2753 1161/1161 1707/1707
f 2753/2753 1707/1707 2402/2402
f 2279/2279 2617/2617 1587/1587
f 2279/2279 1587/1587 1165/1165
f 908/908 2170/2170 1161/1161
f 908/908 1161/1161 2753/2753
f 2179/2179 2095/2095 2617/2617
f 2179/2179 2617/2617 2279/2279
f 375/375 1477/1477 2170/2170
f 375/375 2170/2170 908/908
f 2325/2325 792/792 2095/2095
f 2325/2325 2095/2095 2179/2179
f 1989/1989 374/374 1477/1477
f 1989/1989 1477/1477 375/375
f 221/221 1953/1953 792/792
f 221/221 792/792 2325/2325
f 2059/2059 2621/2621 374/374
f 2059/2059 374/374 1989/1989
f 2327/2327 2427/2427 1953/1953
f 2327/2327 1953/1953 221/221
f 921/921 2233/2233 2621/2621
f 921/921 2621/2621 2059/2059
f 2175/2175 2097/2097 2427/2427
f 2175/2175 2427/2427 2327/2327
f 177/177 1130/1130 2233/2233
f 177/177 2233/2233 921/921
f 1290/1290 2615/2615 2097/2097
f 1290/1290 2097/2097 2175/2175
f 917/917 2234/2234 1130/1130
f 917/917 1130/1130 177/177
f 1168/1168 1583/1583 2615/2615
f 1168/1168 2615/2615 1290/1290
f 2263/2263 1781/1781 548/548
f 2263/2263 548/548 1091/1091
f 1090/1090 545/545 1780/1780
f 1090/1090 1780/1780 2262/2262
f 98/98 1371/1371 2134/2134
f 98/98 2134/2134 2678/2678
f 954/954 2379/2379 2383/2383
f 954/954 2383/2383 959/959
f 2677/2677 2133/2133 1370/1370
f 2677/2677 1370/1370 97/97
f 958/958 2382/2382 1173/1173
f 958/958 1173/1173 1624/1624
f 4/4 2591/2591 712/712
f 4/4 712/712 2585/2585
f 1998/1998 1824/1824 266/266
f 1998/1998 266/266 2117/2117
f 433/433 267/267 1825/1825
f 433/433 1825/1825 1999/1999
f 3/3 2590/2590 2446/2446
f 3/3 2446/2446 1416/1416
f 2453/2453 814/814 2591/2591
f 2453/2453 2591/2591 4/4
f 2117/2117 266/266 2384/2384
f 2117/2117 2384/2384 2584/2584
f 2227/2227 880/880 881/881
f 2227/2227 881/881 2228/2228
f 2585/2585 712/712 267/267
f 2585/2585 267/267 433/433
f 904/904 2585/2585 433/433
f 904/904 433/433 383/383
f 2068/2068 2227/2227 2228/2228
f 2068/2068 2228/2228 2073/2073
f 382/382 2117/2117 2584/2584
f 382/382 2584/2584 902/902
f 2407/2407 2453/2453 4/4
f 2407/2407 4/4 1133/1133
f 2758/2758 3/3 1416/1416
f 2758/2758 1416/1416 2405/2405
f 383/383 433/433 1999/1999
f 383/383 1999/1999 1986/1986
f 1983/1983 1998/1998 2117/2117
f 1983/1983 2117/2117 382/382
f 1133/1133 4/4 2585/2585
f 1133/1133 2585/2585 904/904
f 2072/2072 2229/2229 1998/1998
f 2072/2072 1998/1998 1983/1983
f 2405/2405 1416/1416 854/854
f 2405/2405 854/854 785/785
f 1986/1986 1999/1999 2231/2231
f 1986/1986 2231/2231 2078/2078
f 789/789 856/856 2453/2453
f 789/789 2453/2453 2407/2407
f 902/902 2584/2584 3/3
f 902/902 3/3 2758/2758
f 782/782 852/852 857/857
f 782/782 857/857 790/790
f 544/544 960/960 961/961
f 544/544 961/961 546/546
f 2133/2133 655/655 1244/1244
f 2133/2133 1244/1244 1370/1370
f 2379/2379 1570/1570 2610/2610
f 2379/2379 2610/2610 2383/2383
f 2288/2288 2292/2292 547/547
f 2288/2288 547/547 544/544
f 545/545 962/962 1248/1248
f 545/545 1248/1248 1780/1780
f 1173/1173 2121/2121 1245/1245
f 1173/1173 1245/1245 1371/1371
f 97/97 1370/1370 1172/1172
f 97/97 1172/1172 1623/1623
f 1624/1624 1173/1173 1371/1371
f 1624/1624 1371/1371 98/98
f 2262/2262 1780/1780 2133/2133
f 2262/2262 2133/2133 2677/2677
f 109/109 2288/2288 2289/2289
f 109/109 2289/2289 49/49
f 2678/2678 2134/2134 1781/1781
f 2678/2678 1781/1781 2263/2263
f 48/48 2290/2290 545/545
f 48/48 545/545 1090/1090
f 1623/1623 1172/1172 2381/2381
f 1623/1623 2381/2381 956/956
f 1091/1091 548/548 2291/2291
f 1091/1091 2291/2291 50/50
f 2415/2415 1091/1091 50/50
f 2415/2415 50/50 1471/1471
f 32/32 1623/1623 956/956
f 32/32 956/956 2367/2367
f 1470/1470 48/48 1090/1090
f 1470/1470 1090/1090 2414/2414
f 1333/1333 2678/2678 2263/2263
f 1333/1333 2263/2263 891/891
f 1488/1488 109/109 49/49
f 1488/1488 49/49 1469/1469
f 890/890 2262/2262 2677/2677
f 890/890 2677/2677 1332/1332
f 33/33 1624/1624 98/98
f 33/33 98/98 1356/1356
f 1355/1355 97/97 1623/1623
f 1355/1355 1623/1623 32/32
f 2369/2369 958/958 1624/1624
f 2369/2369 1624/1624 33/33
f 1332/1332 2677/2677 97/97
f 1332/1332 97/97 1355/1355
f 2365/2365 954/954 959/959
f 2365/2365 959/959 2370/2370
f 1356/1356 98/98 2678/2678
f 1356/1356 2678/2678 1333/1333
f 2414/2414 1090/1090 2262/2262
f 2414/2414 2262/2262 890/890
f 891/891 2263/2263 1091/1091
f 891/891 1091/1091 2415/2415
f 267/267 2636/2636 1450/1450
f 267/267 1450/1450 1825/1825
f 1824/1824 1449/1449 2635/2635
f 1824/1824 2635/2635 266/266
f 2591/2591 1925/1925 240/240
f 2591/2591 240/240 712/712
f 1665/1665 1796/1796 1801/1801
f 1665/1665 1801/1801 1670/1670
f 2384/2384 239/239 1924/1924
f 2384/2384 1924/1924 2590/2590
f 1669/1669 1800/1800 1823/1823
f 1669/1669 1823/1823 814/814
f 2590/2590 1924/1924 1822/1822
f 2590/2590 1822/1822 2446/2446
f 814/814 1823/1823 1925/1925
f 814/814 1925/1925 2591/2591
f 266/266 2635/2635 239/239
f 266/266 239/239 2384/2384
f 880/880 368/368 369/369
f 880/880 369/369 881/881
f 712/712 240/240 2636/2636
f 712/712 2636/2636 267/267
f 882/882 370/370 1449/1449
f 882/882 1449/1449 1824/1824
f 2446/2446 1822/1822 1799/1799
f 2446/2446 1799/1799 1667/1667
f 1825/1825 1450/1450 372/372
f 1825/1825 372/372 883/883
f 2636/2636 1807/1807 615/615
f 2636/2636 615/615 1450/1450
f 1449/1449 614/614 1806/1806
f 1449/1449 1806/1806 2635/2635
f 1925/1925 1787/1787 2226/2226
f 1925/1925 2226/2226 240/240
f 1796/1796 232/232 237/237
f 1796/1796 237/237 1801/1801
f 239/239 2225/2225 1786/1786
f 239/239 1786/1786 1924/1924
f 1800/1800 236/236 341/341
f 1800/1800 341/341 1823/1823
f 1924/1924 1786/1786 340/340
f 1924/1924 340/340 1822/1822
f 1823/1823 341/341 1787/1787
f 1823/1823 1787/1787 1925/1925
f 2635/2635 1806/1806 2225/2225
f 2635/2635 2225/2225 239/239
f 368/368 2411/2411 2316/2316
f 368/368 2316/2316 369/369
f 240/240 2226/2226 1807/1807
f 240/240 1807/1807 2636/2636
f 370/370 2317/2317 614/614
f 370/370 614/614 1449/1449
f 1822/1822 340/340 234/234
f 1822/1822 234/234 1799/1799
f 1450/1450 615/615 2318/2318
f 1450/1450 2318/2318 372/372
f 399/399 84/84 1664/1664
f 399/399 1664/1664 1949/1949
f 1508/1508 108/108 2710/2710
f 1508/1508 2710/2710 275/275
f 2587/2587 1251/1251 2741/2741
f 2587/2587 2741/2741 1399/1399
f 1948/1948 1663/1663 1788/1788
f 1948/1948 1788/1788 398/398
f 274/274 1646/1646 107/107
f 274/274 107/107 1507/1507
f 1398/1398 2740/2740 1250/1250
f 1398/1398 1250/1250 2586/2586
f 1701/1701 1618/1618 2189/2189
f 1701/1701 2189/2189 879/879
f 1043/1043 309/309 522/522
f 1043/1043 522/522 1937/1937
f 555/555 1864/1864 1622/1622
f 555/555 1622/1622 207/207
f 1326/1326 1085/1085 1089/1089
f 1326/1326 1089/1089 1331/1331
f 1938/1938 469/469 473/473
f 1938/1938 473/473 1941/1941
f 1625/1625 455/455 459/459
f 1625/1625 459/459 1630/1630
f 878/878 2188/2188 1617/1617
f 878/878 1617/1617 1700/1700
f 1936/1936 521/521 2020/2020
f 1936/1936 2020/2020 1042/1042
f 1919/1919 1621/1621 829/829
f 1919/1919 829/829 554/554
f 1330/1330 1088/1088 541/541
f 1330/1330 541/541 1827/1827
f 1940/1940 472/472 106/106
f 1940/1940 106/106 1705/1705
f 1629/1629 458/458 2031/2031
f 1629/1629 2031/2031 2433/2433
f 1700/1700 1617/1617 540/540
f 1700/1700 540/540 1826/1826
f 1042/1042 2020/2020 105/105
f 1042/1042 105/105 1704/1704
f 554/554 829/829 2030/2030
f 554/554 2030/2030 2432/2432
f 1827/1827 541/541 1618/1618
f 1827/1827 1618/1618 1701/1701
f 1705/1705 106/106 309/309
f 1705/1705 309/309 1043/1043
f 2433/2433 2031/2031 1864/1864
f 2433/2433 1864/1864 555/555
f 398/398 1788/1788 2188/2188
f 398/398 2188/2188 878/878
f 1507/1507 107/107 521/521
f 1507/1507 521/521 1936/1936
f 2586/2586 1250/1250 1621/1621
f 2586/2586 1621/1621 1919/1919
f 1083/1083 2390/2390 698/698
f 1083/1083 698/698 1014/1014
f 2099/2099 748/748 672/672
f 2099/2099 672/672 2079/2079
f 2110/2110 1795/1795 1762/1762
f 2110/2110 1762/1762 324/324
f 879/879 2189/2189 84/84
f 879/879 84/84 399/399
f 1937/1937 522/522 108/108
f 1937/1937 108/108 1508/1508
f 207/207 1622/1622 1251/1251
f 207/207 1251/1251 2587/2587
f 1013/1013 699/699 1663/1663
f 1013/1013 1663/1663 1948/1948
f 2080/2080 673/673 1646/1646
f 2080/2080 1646/1646 274/274
f 325/325 1763/1763 2740/2740
f 325/325 2740/2740 1398/1398
f 1826/1826 540/540 1087/1087
f 1826/1826 1087/1087 1329/1329
f 1704/1704 105/105 471/471
f 1704/1704 471/471 913/913
f 2432/2432 2030/2030 457/457
f 2432/2432 457/457 1627/1627
f 1949/1949 1664/1664 700/700
f 1949/1949 700/700 1015/1015
f 275/275 2710/2710 674/674
f 275/275 674/674 2082/2082
f 1399/1399 2741/2741 1764/1764
f 1399/1399 1764/1764 326/326
f 1251/1251 891/891 2415/2415
f 1251/1251 2415/2415 2741/2741
f 2740/2740 2414/2414 890/890
f 2740/2740 890/890 1250/1250
f 1864/1864 1356/1356 1333/1333
f 1864/1864 1333/1333 1622/1622
f 455/455 2365/2365 2370/2370
f 455/455 2370/2370 459/459
f 1621/1621 1332/1332 1355/1355
f 1621/1621 1355/1355 829/829
f 458/458 2369/2369 33/33
f 458/458 33/33 2031/2031
f 829/829 1355/1355 32/32
f 829/829 32/32 2030/2030
f 2031/2031 33/33 1356/1356
f 2031/2031 1356/1356 1864/1864
f 1250/1250 890/890 1332/1332
f 1250/1250 1332/1332 1621/1621
f 1795/1795 1488/1488 1469/1469
f 1795/1795 1469/1469 1762/1762
f 1622/1622 1333/1333 891/891
f 1622/1622 891/891 1251/1251
f 1763/1763 1470/1470 2414/2414
f 1763/1763 2414/2414 2740/2740
f 2030/2030 32/32 2367/2367
f 2030/2030 2367/2367 457/457
f 2741/2741 2415/2415 1471/1471
f 2741/2741 1471/1471 1764/1764
f 430/430 1063/1063 1659/1659
f 430/430 1659/1659 102/102
f 269/269 135/135 142/142
f 269/269 142/142 273/273
f 102/102 1659/1659 682/682
f 102/102 682/682 1777/1777
f 429/429 1060/1060 292/292
f 429/429 292/292 2236/2236
f 2224/2224 631/631 294/294
f 2224/2224 294/294 575/575
f 1371/1371 1245/1245 656/656
f 1371/1371 656/656 2134/2134
f 2134/2134 656/656 1249/1249
f 2134/2134 1249/1249 1781/1781
f 1172/1172 2120/2120 1572/1572
f 1172/1172 1572/1572 2381/2381
f 1370/1370 1244/1244 2120/2120
f 1370/1370 2120/2120 1172/1172
f 1781/1781 1249/1249 963/963
f 1781/1781 963/963 548/548
f 2382/2382 2609/2609 2121/2121
f 2382/2382 2121/2121 1173/1173
f 1780/1780 1248/1248 655/655
f 1780/1780 655/655 2133/2133
f 291/291 295/295 630/630
f 291/291 630/630 627/627
f 678/678 681/681 1660/1660
f 678/678 1660/1660 1656/1656
f 1059/1059 1062/1062 295/295
f 1059/1059 295/295 291/291
f 627/627 630/630 140/140
f 627/627 140/140 134/134
f 1656/1656 1660/1660 1062/1062
f 1656/1656 1062/1062 1059/1059
f 575/575 294/294 1063/1063
f 575/575 1063/1063 430/430
f 101/101 1657/1657 1060/1060
f 101/101 1060/1060 429/429
f 2223/2223 628/628 137/137
f 2223/2223 137/137 270/270
f 2236/2236 292/292 628/628
f 2236/2236 628/628 2223/2223
f 1773/1773 678/678 679/679
f 1773/1773 679/679 1774/1774
f 272/272 141/141 631/631
f 272/272 631/631 2224/2224
f 1775/1775 680/680 1657/1657
f 1775/1775 1657/1657 101/101
f 2217/2217 1775/1775 101/101
f 2217/2217 101/101 2139/2139
f 1963/1963 272/272 2224/2224
f 1963/1963 2224/2224 1947/1947
f 2216/2216 1773/1773 1774/1774
f 2216/2216 1774/1774 2218/2218
f 1598/1598 2236/2236 2223/2223
f 1598/1598 2223/2223 1946/1946
f 1946/1946 2223/2223 270/270
f 1946/1946 270/270 1961/1961
f 2139/2139 101/101 429/429
f 2139/2139 429/429 1039/1039
f 1599/1599 575/575 430/430
f 1599/1599 430/430 1040/1040
f 1947/1947 2224/2224 575/575
f 1947/1947 575/575 1599/1599
f 1039/1039 429/429 2236/2236
f 1039/1039 2236/2236 1598/1598
f 2140/2140 102/102 1777/1777
f 2140/2140 1777/1777 2219/2219
f 1959/1959 269/269 273/273
f 1959/1959 273/273 1964/1964
f 1040/1040 430/430 102/102
f 1040/1040 102/102 2140/2140
f 656/656 677/677 1892/1892
f 656/656 1892/1892 1249/1249
f 677/677 1808/1808 1506/1506
f 677/677 1506/1506 1892/1892
f 1808/1808 1040/1040 2140/2140
f 1808/1808 2140/2140 1506/1506
f 1570/1570 1359/1359 1363/1363
f 1570/1570 1363/1363 2610/2610
f 1359/1359 2310/2310 2315/2315
f 1359/1359 2315/2315 1363/1363
f 2310/2310 1959/1959 1964/1964
f 2310/2310 1964/1964 2315/2315
f 1249/1249 1892/1892 362/362
f 1249/1249 362/362 963/963
f 1892/1892 1506/1506 2693/2693
f 1892/1892 2693/2693 362/362
f 1506/1506 2140/2140 2219/2219
f 1506/1506 2219/2219 2693/2693
f 655/655 676/676 942/942
f 655/655 942/942 1244/1244
f 676/676 754/754 2661/2661
f 676/676 2661/2661 942/942
f 754/754 1039/1039 1598/1598
f 754/754 1598/1598 2661/2661
f 2121/2121 2146/2146 943/943
f 2121/2121 943/943 1245/1245
f 2146/2146 2/2 2662/2662
f 2146/2146 2662/2662 943/943
f 2/2 1947/1947 1599/1599
f 2/2 1599/1599 2662/2662
f 1245/1245 943/943 677/677
f 1245/1245 677/677 656/656
f 943/943 2662/2662 1808/1808
f 943/943 1808/1808 677/677
f 2662/2662 1599/1599 1040/1040
f 2662/2662 1040/1040 1808/1808
f 1248/1248 1891/1891 676/676
f 1248/1248 676/676 655/655
f 1891/1891 1505/1505 754/754
f 1891/1891 754/754 676/676
f 1505/1505 2139/2139 1039/1039
f 1505/1505 1039/1039 754/754
f 2120/2120 1163/1163 1361/1361
f 2120/2120 1361/1361 1572/1572
f 1163/1163 1/1 2313/2313
f 1163/1163 2313/2313 1361/1361
f 1/1 1946/1946 1961/1961
f 1/1 1961/1961 2313/2313
f 1244/1244 942/942 1163/1163
f 1244/1244 1163/1163 2120/2120
f 942/942 2661/2661 1/1
f 942/942 1/1 1163/1163
f 2661/2661 1598/1598 1946/1946
f 2661/2661 1946/1946 1/1
f 960/960 359/359 360/360
f 960/960 360/360 961/961
f 359/359 2690/2690 2691/2691
f 359/359 2691/2691 360/360
f 2690/2690 2216/2216 2218/2218
f 2690/2690 2218/2218 2691/2691
f 2609/2609 1362/1362 2146/2146
f 2609/2609 2146/2146 2121/2121
f 1362/1362 2314/2314 2/2
f 1362/1362 2/2 2146/2146
f 2314/2314 1963/1963 1947/1947
f 2314/2314 1947/1947 2/2
f 962/962 361/361 1891/1891
f 962/962 1891/1891 1248/1248
f 361/361 2692/2692 1505/1505
f 361/361 1505/1505 1891/1891
f 2692/2692 2217/2217 2139/2139
f 2692/2692 2139/2139 1505/1505
f 2710/2710 1399/1399 326/326
f 2710/2710 326/326 674/674
f 105/105 2432/2432 1627/1627
f 105/105 1627/1627 471/471
f 673/673 325/325 1398/1398
f 673/673 1398/1398 1646/1646
f 522/522 207/207 2587/2587
f 522/522 2587/2587 108/108
f 748/748 2110/2110 324/324
f 748/748 324/324 672/672
f 107/107 2586/2586 1919/1919
f 107/107 1919/1919 521/521
f 106/106 2433/2433 555/555
f 106/106 555/555 309/309
f 2020/2020 554/554 2432/2432
f 2020/2020 2432/2432 105/105
f 472/472 1629/1629 2433/2433
f 472/472 2433/2433 106/106
f 521/521 1919/1919 554/554
f 521/521 554/554 2020/2020
f 469/469 1625/1625 1630/1630
f 469/469 1630/1630 473/473
f 309/309 555/555 207/207
f 309/309 207/207 522/522
f 1646/1646 1398/1398 2586/2586
f 1646/1646 2586/2586 107/107
f 108/108 2587/2587 1399/1399
f 108/108 1399/1399 2710/2710
f 1664/1664 275/275 2082/2082
f 1664/1664 2082/2082 700/700
f 540/540 1704/1704 913/913
f 540/540 913/913 1087/1087
f 699/699 2080/2080 274/274
f 699/699 274/274 1663/1663
f 2189/2189 1937/1937 1508/1508
f 2189/2189 1508/1508 84/84
f 2390/2390 2099/2099 2079/2079
f 2390/2390 2079/2079 698/698
f 1788/1788 1507/1507 1936/1936
f 1788/1788 1936/1936 2188/2188
f 541/541 1705/1705 1043/1043
f 541/541 1043/1043 1618/1618
f 1617/1617 1042/1042 1704/1704
f 1617/1617 1704/1704 540/540
f 1088/1088 1940/1940 1705/1705
f 1088/1088 1705/1705 541/541
f 2188/2188 1936/1936 1042/1042
f 2188/2188 1042/1042 1617/1617
f 1085/1085 1938/1938 1941/1941
f 1085/1085 1941/1941 1089/1089
f 1618/1618 1043/1043 1937/1937
f 1618/1618 1937/1937 2189/2189
f 1663/1663 274/274 1507/1507
f 1663/1663 1507/1507 1788/1788
f 84/84 1508/1508 275/275
f 84/84 275/275 1664/1664
f 615/615 1949/1949 1015/1015
f 615/615 1015/1015 2318/2318
f 340/340 1826/1826 1329/1329
f 340/340 1329/1329 234/234
f 2317/2317 1013/1013 1948/1948
f 2317/2317 1948/1948 614/614
f 2226/2226 879/879 399/399
f 2226/2226 399/399 1807/1807
f 2411/2411 1083/1083 1014/1014
f 2411/2411 1014/1014 2316/2316
f 1806/1806 398/398 878/878
f 1806/1806 878/878 2225/2225
f 341/341 1827/1827 1701/1701
f 341/341 1701/1701 1787/1787
f 1786/1786 1700/1700 1826/1826
f 1786/1786 1826/1826 340/340
f 236/236 1330/1330 1827/1827
f 236/236 1827/1827 341/341
f 2225/2225 878/878 1700/1700
f 2225/2225 1700/1700 1786/1786
f 232/232 1326/1326 1331/1331
f 232/232 1331/1331 237/237
f 1787/1787 1701/1701 879/879
f 1787/1787 879/879 2226/2226
f 614/614 1948/1948 398/398
f 614/614 398/398 1806/1806
f 1807/1807 399/399 1949/1949
f 1807/1807 1949/1949 615/615
f 235/235 1328/1328 1327/1327
f 235/235 1327/1327 233/233
f 2319/2319 1016/1016 1083/1083
f 2319/2319 1083/1083 2411/2411
f 1086/1086 914/914 1939/1939
f 1086/1086 1939/1939 1084/1084
f 701/701 2081/2081 2099/2099
f 701/701 2099/2099 2390/2390
f 470/470 1628/1628 1626/1626
f 470/470 1626/1626 468/468
f 675/675 327/327 2110/2110
f 675/675 2110/2110 748/748
f 2694/2694 2220/2220 2216/2216
f 2694/2694 2216/2216 2690/2690
f 363/363 2694/2694 2690/2690
f 363/363 2690/2690 359/359
f 964/964 363/363 359/359
f 964/964 359/359 960/960
f 2312/2312 1962/1962 1960/1960
f 2312/2312 1960/1960 2311/2311
f 1360/1360 2312/2312 2311/2311
f 1360/1360 2311/2311 1358/1358
f 1571/1571 1360/1360 1358/1358
f 1571/1571 1358/1358 1569/1569
f 1962/1962 271/271 268/268
f 1962/1962 268/268 1960/1960
f 2220/2220 1776/1776 1773/1773
f 2220/2220 1773/1773 2216/2216
f 1776/1776 681/681 678/678
f 1776/1776 678/678 1773/1773
f 1658/1658 1656/1656 1059/1059
f 1658/1658 1059/1059 1061/1061
f 629/629 627/627 134/134
f 629/629 134/134 138/138
f 1061/1061 1059/1059 291/291
f 1061/1061 291/291 293/293
f 679/679 678/678 1656/1656
f 679/679 1656/1656 1658/1658
f 293/293 291/291 627/627
f 293/293 627/627 629/629
f 271/271 139/139 136/136
f 271/271 136/136 268/268
f 1765/1765 1472/1472 1488/1488
f 1765/1765 1488/1488 1795/1795
f 456/456 2368/2368 2366/2366
f 456/456 2366/2366 454/454
f 327/327 1765/1765 1795/1795
f 327/327 1795/1795 2110/2110
f 2081/2081 675/675 748/748
f 2081/2081 748/748 2099/2099
f 1016/1016 701/701 2390/2390
f 1016/1016 2390/2390 1083/1083
f 1628/1628 456/456 454/454
f 1628/1628 454/454 1626/1626
f 914/914 470/470 468/468
f 914/914 468/468 1939/1939
f 1328/1328 1086/1086 1084/1084
f 1328/1328 1084/1084 1327/1327
f 371/371 2319/2319 2411/2411
f 371/371 2411/2411 368/368
f 1798/1798 235/235 233/233
f 1798/1798 233/233 1797/1797
f 884/884 371/371 368/368
f 884/884 368/368 880/880
f 1668/1668 1798/1798 1797/1797
f 1668/1668 1797/1797 1666/1666
f 2368/2368 957/957 955/955
f 2368/2368 955/955 2366/2366
f 1472/1472 51/51 109/109
f 1472/1472 109/109 1488/1488
f 51/51 2292/2292 2288/2288
f 51/51 2288/2288 109/109
f 2289/2289 2288/2288 544/544
f 2289/2289 544/544 546/546
f 2380/2380 1571/1571 1569/1569
f 2380/2380 1569/1569 2378/2378
f 547/547 964/964 960/960
f 547/547 960/960 544/544
f 786/786 855/855 853/853
f 786/786 853/853 784/784
f 2074/2074 2230/2230 2227/2227
f 2074/2074 2227/2227 2068/2068
f 2230/2230 884/884 880/880
f 2230/2230 880/880 2227/2227
f 957/957 2380/2380 2378/2378
f 957/957 2378/2378 955/955
f 2069/2069 2619/2619 2234/2234
f 2069/2069 2234/2234 917/917
f 1583/1583 1168/1168 687/687
f 1583/1583 687/687 850/850
f 938/938 255/255 702/702
f 938/938 702/702 996/996
f 783/783 2040/2040 255/255
f 783/783 255/255 938/938
f 412/412 1929/1929 850/850
f 412/412 850/850 687/687
f 1907/1907 1385/1385 2040/2040
f 1907/1907 2040/2040 783/783
f 996/996 702/702 152/152
f 996/996 152/152 2143/2143
f 1904/1904 1383/1383 1929/1929
f 1904/1904 1929/1929 412/412
f 855/855 1668/1668 1666/1666
f 855/855 1666/1666 853/853
f 1541/1541 1928/1928 1385/1385
f 1541/1541 1385/1385 1907/1907
f 2143/2143 152/152 1005/1005
f 2143/2143 1005/1005 1464/1464
f 774/774 999/999 1383/1383
f 774/774 1383/1383 1904/1904
f 683/683 848/848 1928/1928
f 683/683 1928/1928 1541/1541
f 1464/1464 1005/1005 249/249
f 1464/1464 249/249 1931/1931
f 2402/2402 1707/1707 999/999
f 2402/2402 999/999 774/774
f 2068/2068 2073/2073 1984/1984
f 2068/2068 1984/1984 1932/1932
f 1984/1984 381/381 1466/1466
f 1984/1984 1466/1466 1932/1932
f 381/381 903/903 2144/2144
f 381/381 2144/2144 1466/1466
f 903/903 2759/2759 997/997
f 903/903 997/997 2144/2144
f 2759/2759 2406/2406 940/940
f 2759/2759 940/940 997/997
f 2406/2406 786/786 784/784
f 2406/2406 784/784 940/940
f 937/937 2408/2408 788/788
f 937/937 788/788 780/780
f 2409/2409 939/939 995/995
f 2409/2409 995/995 1131/1131
f 2145/2145 905/905 1131/1131
f 2145/2145 1131/1131 995/995
f 905/905 2145/2145 1465/1465
f 905/905 1465/1465 384/384
f 384/384 1465/1465 1933/1933
f 384/384 1933/1933 1987/1987
f 2070/2070 2075/2075 1987/1987
f 2070/2070 1987/1987 1933/1933
f 1930/1930 1384/1384 130/130
f 1930/1930 130/130 53/53
f 1384/1384 998/998 2038/2038
f 1384/1384 2038/2038 130/130
f 998/998 1706/1706 2256/2256
f 998/998 2256/2256 2038/2038
f 972/972 2575/2575 815/815
f 972/972 815/815 74/74
f 2421/2421 2422/2422 652/652
f 2421/2421 652/652 653/653
f 74/74 815/815 817/817
f 74/74 817/817 1769/1769
f 1770/1770 1768/1768 770/770
f 1770/1770 770/770 772/772
f 2420/2420 651/651 251/251
f 2420/2420 251/251 1453/1453
f 2421/2421 653/653 651/651
f 2421/2421 651/651 2420/2420
f 2404/2404 972/972 74/74
f 2404/2404 74/74 778/778
f 778/778 74/74 1769/1769
f 778/778 1769/1769 775/775
f 2756/2756 536/536 972/972
f 2756/2756 972/972 2404/2404
f 1633/1633 1636/1636 2722/2722
f 1633/1633 2722/2722 2719/2719
f 376/376 378/378 1990/1990
f 376/376 1990/1990 1988/1988
f 912/912 1561/1561 536/536
f 912/912 536/536 2756/2756
f 1677/1677 1682/1682 816/816
f 1677/1677 816/816 818/818
f 379/379 1070/1070 1561/1561
f 379/379 1561/1561 912/912
f 653/653 652/652 1637/1637
f 653/653 1637/1637 1632/1632
f 867/867 801/801 2104/2104
f 867/867 2104/2104 2575/2575
f 1988/1988 1990/1990 2063/2063
f 1988/1988 2063/2063 2061/2061
f 2575/2575 2104/2104 1680/1680
f 2575/2575 1680/1680 815/815
f 1080/1080 1082/1082 1681/1681
f 1080/1080 1681/1681 1676/1676
f 815/815 1680/1680 1678/1678
f 815/815 1678/1678 817/817
f 818/818 816/816 1768/1768
f 818/818 1768/1768 1770/1770
f 536/536 867/867 2575/2575
f 536/536 2575/2575 972/972
f 799/799 802/802 1082/1082
f 799/799 1082/1082 1080/1080
f 1561/1561 170/170 867/867
f 1561/1561 867/867 536/536
f 776/776 771/771 2399/2399
f 776/776 2399/2399 2401/2401
f 1070/1070 804/804 170/170
f 1070/1070 170/170 1561/1561
f 1017/1017 1020/1020 802/802
f 1017/1017 802/802 799/799
f 1453/1453 251/251 804/804
f 1453/1453 804/804 1070/1070
f 1676/1676 1679/1679 2103/2103
f 1676/1676 2103/2103 1080/1080
f 1080/1080 2103/2103 800/800
f 1080/1080 800/800 799/799
f 799/799 800/800 1019/1019
f 799/799 1019/1019 1017/1017
f 1017/1017 1019/1019 693/693
f 1017/1017 693/693 691/691
f 691/691 693/693 2720/2720
f 691/691 2720/2720 2719/2719
f 2719/2719 2720/2720 1634/1634
f 2719/2719 1634/1634 1633/1633
f 170/170 1018/1018 801/801
f 170/170 801/801 867/867
f 2401/2401 2399/2399 2754/2754
f 2401/2401 2754/2754 2752/2752
f 804/804 692/692 1018/1018
f 804/804 1018/1018 170/170
f 2060/2060 2064/2064 2422/2422
f 2060/2060 2422/2422 2421/2421
f 251/251 2721/2721 692/692
f 251/251 692/692 804/804
f 653/653 1632/1632 1635/1635
f 653/653 1635/1635 651/651
f 651/651 1635/1635 2721/2721
f 651/651 2721/2721 251/251
f 691/691 695/695 1020/1020
f 691/691 1020/1020 1017/1017
f 1991/1991 1454/1454 2422/2422
f 1991/1991 2422/2422 2064/2064
f 770/770 1768/1768 971/971
f 770/770 971/971 2400/2400
f 2400/2400 971/971 537/537
f 2400/2400 537/537 2755/2755
f 1071/1071 805/805 252/252
f 1071/1071 252/252 1454/1454
f 1454/1454 252/252 652/652
f 1454/1454 652/652 2422/2422
f 377/377 1071/1071 1454/1454
f 377/377 1454/1454 1991/1991
f 909/909 1562/1562 1071/1071
f 909/909 1071/1071 377/377
f 2755/2755 537/537 1562/1562
f 2755/2755 1562/1562 909/909
f 2488/2488 803/803 1021/1021
f 2488/2488 1021/1021 171/171
f 171/171 1021/1021 694/694
f 171/171 694/694 805/805
f 805/805 694/694 2723/2723
f 805/805 2723/2723 252/252
f 1562/1562 171/171 805/805
f 1562/1562 805/805 1071/1071
f 537/537 2488/2488 171/171
f 537/537 171/171 1562/1562
f 971/971 2576/2576 2488/2488
f 971/971 2488/2488 537/537
f 1768/1768 816/816 2576/2576
f 1768/1768 2576/2576 971/971
f 2576/2576 1081/1081 803/803
f 2576/2576 803/803 2488/2488
f 816/816 1682/1682 1081/1081
f 816/816 1081/1081 2576/2576
f 252/252 2723/2723 1637/1637
f 252/252 1637/1637 652/652
f 1973/1973 851/851 1930/1930
f 1973/1973 1930/1930 53/53
f 851/851 1973/1973 596/596
f 851/851 596/596 1585/1585
f 2616/2616 1584/1584 595/595
f 2616/2616 595/595 2430/2430
f 2098/2098 2616/2616 2430/2430
f 2098/2098 2430/2430 1335/1335
f 2426/2426 2098/2098 1335/1335
f 2426/2426 1335/1335 587/587
f 1952/1952 2426/2426 587/587
f 1952/1952 587/587 1493/1493
f 590/590 793/793 1952/1952
f 590/590 1952/1952 1493/1493
f 1337/1337 2096/2096 793/793
f 1337/1337 793/793 590/590
f 2428/2428 2618/2618 2096/2096
f 2428/2428 2096/2096 1337/1337
f 599/599 1586/1586 2618/2618
f 599/599 2618/2618 2428/2428
f 1976/1976 849/849 1586/1586
f 1976/1976 1586/1586 599/599
f 54/54 1927/1927 849/849
f 54/54 849/849 1976/1976
f 133/133 1386/1386 1927/1927
f 133/133 1927/1927 54/54
f 314/314 2041/2041 1386/1386
f 314/314 1386/1386 133/133
f 2258/2258 254/254 2041/2041
f 2258/2258 2041/2041 314/314
f 2374/2374 703/703 254/254
f 2374/2374 254/254 2258/2258
f 427/427 153/153 703/703
f 427/427 703/703 2374/2374
f 1862/1862 1004/1004 153/153
f 1862/1862 153/153 427/427
f 2761/2761 250/250 1004/1004
f 2761/2761 1004/1004 1862/1862
f 1207/1207 2620/2620 250/250
f 1207/1207 250/250 2761/2761
f 1870/1870 2235/2235 2620/2620
f 1870/1870 2620/2620 1207/1207
f 1022/1022 1129/1129 2235/2235
f 1022/1022 2235/2235 1870/1870
f 1867/1867 2232/2232 1129/1129
f 1867/1867 1129/1129 1022/1022
f 2622/2622 2232/2232 1867/1867
f 2622/2622 1867/1867 1205/1205
f 373/373 2622/2622 1205/1205
f 373/373 1205/1205 1692/1692
f 1478/1478 373/373 1692/1692
f 1478/1478 1692/1692 1861/1861
f 2171/2171 1478/1478 1861/1861
f 2171/2171 1861/1861 426/426
f 1160/1160 2171/2171 426/426
f 1160/1160 426/426 2371/2371
f 1706/1706 1162/1162 2373/2373
f 1706/1706 2373/2373 2256/2256
f 509/509 508/508 1200/1200
f 509/509 1200/1200 1201/1201
f 1201/1201 1200/1200 2334/2334
f 1201/1201 2334/2334 2335/2335
f 2335/2335 2334/2334 2247/2247
f 2335/2335 2247/2247 2248/2248
f 2248/2248 2247/2247 760/760
f 2248/2248 760/760 762/762
f 762/762 760/760 1182/1182
f 762/762 1182/1182 1184/1184
f 1184/1184 1182/1182 242/242
f 1184/1184 242/242 243/243
f 243/243 242/242 2705/2705
f 243/243 2705/2705 2706/2706
f 2706/2706 2705/2705 1111/1111
f 2706/2706 1111/1111 1113/1113
f 821/821 1858/1858 1038/1038
f 821/821 1038/1038 1035/1035
f 2542/2542 1153/1153 1152/1152
f 2542/2542 1152/1152 2539/2539
f 2539/2539 1152/1152 365/365
f 2539/2539 365/365 2604/2604
f 1836/1836 1834/1834 1177/1177
f 1836/1836 1177/1177 1180/1180
f 1035/1035 1038/1038 1431/1431
f 1035/1035 1431/1431 1429/1429
f 2604/2604 365/365 871/871
f 2604/2604 871/871 1426/1426
f 2544/2544 2540/2540 2655/2655
f 2544/2544 2655/2655 2658/2658
f 2658/2658 2655/2655 520/520
f 2658/2658 520/520 1614/1614
f 1614/1614 520/520 2651/2651
f 1614/1614 2651/2651 2654/2654
f 2654/2654 2651/2651 2550/2550
f 2654/2654 2550/2550 2555/2555
f 1053/1053 154/154 1875/1875
f 1053/1053 1875/1875 1052/1052
f 985/985 1150/1150 1951/1951
f 985/985 1951/1951 1803/1803
f 1051/1051 1874/1874 1137/1137
f 1051/1051 1137/1137 2118/2118
f 2577/2577 2736/2736 1006/1006
f 2577/2577 1006/1006 2347/2347
f 2119/2119 1138/1138 156/156
f 2119/2119 156/156 1055/1055
f 2350/2350 1010/1010 2737/2737
f 2350/2350 2737/2737 2578/2578
f 2732/2732 2730/2730 1641/1641
f 2732/2732 1641/1641 1643/1643
f 1643/1643 1641/1641 246/246
f 1643/1643 246/246 247/247
f 247/247 246/246 39/39
f 247/247 39/39 41/41
f 41/41 39/39 2417/2417
f 41/41 2417/2417 757/757
f 757/757 2417/2417 2243/2243
f 757/757 2243/2243 2244/2244
f 2244/2244 2243/2243 2338/2338
f 2244/2244 2338/2338 2339/2339
f 759/759 160/160 2612/2612
f 759/759 2612/2612 1181/1181
f 2339/2339 2338/2338 1196/1196
f 2339/2339 1196/1196 1197/1197
f 1197/1197 1196/1196 508/508
f 1197/1197 508/508 509/509
f 245/245 1730/1730 2613/2613
f 245/245 2613/2613 38/38
f 2652/2652 1674/1674 667/667
f 2652/2652 667/667 2549/2549
f 1109/1109 1485/1485 2298/2298
f 1109/1109 2298/2298 2158/2158
f 2337/2337 560/560 1287/1287
f 2337/2337 1287/1287 1195/1195
f 1030/1030 1395/1395 2203/2203
f 1030/1030 2203/2203 824/824
f 1427/1427 2748/2748 1855/1855
f 1427/1427 1855/1855 2603/2603
f 2246/2246 1102/1102 160/160
f 2246/2246 160/160 759/759
f 1640/1640 612/612 1730/1730
f 1640/1640 1730/1730 245/245
f 519/519 2497/2497 1674/1674
f 519/519 1674/1674 2652/2652
f 2704/2704 611/611 1485/1485
f 2704/2704 1485/1485 1109/1109
f 2242/2242 1100/1100 560/560
f 2242/2242 560/560 2337/2337
f 1434/1434 2751/2751 1395/1395
f 1434/1434 1395/1395 1030/1030
f 1033/1033 1392/1392 2748/2748
f 1033/1033 2748/2748 1427/1427
f 2333/2333 558/558 1102/1102
f 2333/2333 1102/1102 2246/2246
f 2726/2726 1487/1487 612/612
f 2726/2726 612/612 1640/1640
f 2656/2656 2743/2743 2497/2497
f 2656/2656 2497/2497 519/519
f 241/241 1727/1727 611/611
f 241/241 611/611 2704/2704
f 2416/2416 161/161 1100/1100
f 2416/2416 1100/1100 2242/2242
f 1566/1566 1853/1853 2751/2751
f 1566/1566 2751/2751 1434/1434
f 820/820 2200/2200 1392/1392
f 820/820 1392/1392 1033/1033
f 1199/1199 1286/1286 558/558
f 1199/1199 558/558 2333/2333
f 2167/2167 2300/2300 1487/1487
f 2167/2167 1487/1487 2726/2726
f 2538/2538 665/665 2743/2743
f 2538/2538 2743/2743 2656/2656
f 1181/1181 2612/2612 1727/1727
f 1181/1181 1727/1727 241/241
f 38/38 2613/2613 161/161
f 38/38 161/161 2416/2416
f 2549/2549 667/667 1853/1853
f 2549/2549 1853/1853 1566/1566
f 2158/2158 2298/2298 2200/2200
f 2158/2158 2200/2200 820/820
f 1195/1195 1287/1287 334/334
f 1195/1195 334/334 507/507
f 507/507 334/334 1286/1286
f 507/507 1286/1286 1199/1199
f 824/824 2203/2203 2300/2300
f 824/824 2300/2300 2167/2167
f 2603/2603 1855/1855 665/665
f 2603/2603 665/665 2538/2538
f 758/758 217/217 2684/2684
f 758/758 2684/2684 40/40
f 2674/2674 409/409 944/944
f 2674/2674 944/944 2553/2553
f 822/822 766/766 111/111
f 822/822 111/111 2161/2161
f 2245/2245 948/948 217/217
f 2245/2245 217/217 758/758
f 1036/1036 2342/2342 766/766
f 1036/1036 766/766 822/822
f 2340/2340 1443/1443 948/948
f 2340/2340 948/948 2245/2245
f 1428/1428 320/320 2342/2342
f 1428/1428 2342/2342 1036/1036
f 1198/1198 1105/1105 1443/1443
f 1198/1198 1443/1443 2340/2340
f 2606/2606 1442/1442 320/320
f 2606/2606 320/320 1428/1428
f 510/510 2589/2589 1105/1105
f 510/510 1105/1105 1198/1198
f 2541/2541 946/946 1442/1442
f 2541/2541 1442/1442 2606/2606
f 1202/1202 1104/1104 2589/2589
f 1202/1202 2589/2589 510/510
f 2657/2657 1294/1294 946/946
f 2657/2657 946/946 2541/2541
f 2336/2336 1445/1445 1104/1104
f 2336/2336 1104/1104 1202/1202
f 1613/1613 2452/2452 1294/1294
f 1613/1613 1294/1294 2657/2657
f 2249/2249 1970/1970 1445/1445
f 2249/2249 1445/1445 2336/2336
f 2653/2653 1295/1295 2452/2452
f 2653/2653 2452/2452 1613/1613
f 761/761 213/213 1970/1970
f 761/761 1970/1970 2249/2249
f 2293/2293 64/64 1306/1306
f 2293/2293 1306/1306 806/806
f 807/807 1308/1308 65/65
f 807/807 65/65 2294/2294
f 1719/1719 2130/2130 2397/2397
f 1719/1719 2397/2397 1894/1894
f 980/980 2196/2196 2194/2194
f 980/980 2194/2194 979/979
f 1895/1895 2398/2398 461/461
f 1895/1895 461/461 1720/1720
f 978/978 2193/2193 740/740
f 978/978 740/740 189/189
f 1802/1802 934/934 1149/1149
f 1802/1802 1149/1149 984/984
f 2578/2578 2737/2737 1576/1576
f 2578/2578 1576/1576 1420/1420
f 1419/1419 1575/1575 2736/2736
f 1419/1419 2736/2736 2577/2577
f 1803/1803 1951/1951 1138/1138
f 1803/1803 1138/1138 2119/2119
f 2118/2118 1137/1137 934/934
f 2118/2118 934/934 1802/1802
f 1420/1420 1576/1576 1150/1150
f 1420/1420 1150/1150 985/985
f 2348/2348 1008/1008 1009/1009
f 2348/2348 1009/1009 2349/2349
f 984/984 1149/1149 1575/1575
f 984/984 1575/1575 1419/1419
f 1028/1028 984/984 1419/1419
f 1028/1028 1419/1419 1432/1432
f 2552/2552 2348/2348 2349/2349
f 2552/2552 2349/2349 2557/2557
f 1436/1436 1420/1420 985/985
f 1436/1436 985/985 1031/1031
f 2164/2164 2118/2118 1802/1802
f 2164/2164 1802/1802 825/825
f 826/826 1803/1803 2119/2119
f 826/826 2119/2119 2168/2168
f 1432/1432 1419/1419 2577/2577
f 1432/1432 2577/2577 1567/1567
f 2601/2601 2578/2578 1420/1420
f 2601/2601 1420/1420 1436/1436
f 825/825 1802/1802 984/984
f 825/825 984/984 1028/1028
f 2556/2556 2350/2350 2578/2578
f 2556/2556 2578/2578 2601/2601
f 2168/2168 2119/2119 1055/1055
f 2168/2168 1055/1055 1119/1119
f 1567/1567 2577/2577 2347/2347
f 1567/1567 2347/2347 2551/2551
f 2728/2728 1051/1051 2118/2118
f 2728/2728 2118/2118 2164/2164
f 1031/1031 985/985 1803/1803
f 1031/1031 1803/1803 826/826
f 2733/2733 1053/1053 1052/1052
f 2733/2733 1052/1052 2729/2729
f 1307/1307 975/975 976/976
f 1307/1307 976/976 1309/1309
f 2398/2398 1275/1275 640/640
f 2398/2398 640/640 461/461
f 2196/2196 1980/1980 1978/1978
f 2196/2196 1978/1978 2194/2194
f 2239/2239 2238/2238 1305/1305
f 2239/2239 1305/1305 1307/1307
f 1308/1308 977/977 638/638
f 1308/1308 638/638 65/65
f 740/740 2447/2447 639/639
f 740/740 639/639 2130/2130
f 1720/1720 461/461 741/741
f 1720/1720 741/741 190/190
f 189/189 740/740 2130/2130
f 189/189 2130/2130 1719/1719
f 2294/2294 65/65 2398/2398
f 2294/2294 2398/2398 1895/1895
f 1712/1712 2239/2239 2240/2240
f 1712/1712 2240/2240 1738/1738
f 1894/1894 2397/2397 64/64
f 1894/1894 64/64 2293/2293
f 1737/1737 2241/2241 1308/1308
f 1737/1737 1308/1308 807/807
f 190/190 741/741 2198/2198
f 190/190 2198/2198 982/982
f 806/806 1306/1306 2237/2237
f 806/806 2237/2237 1735/1735
f 2149/2149 806/806 1735/1735
f 2149/2149 1735/1735 388/388
f 745/745 190/190 982/982
f 745/745 982/982 2214/2214
f 391/391 1737/1737 807/807
f 391/391 807/807 2150/2150
f 562/562 1894/1894 2293/2293
f 562/562 2293/2293 993/993
f 313/313 1712/1712 1738/1738
f 313/313 1738/1738 390/390
f 994/994 2294/2294 1895/1895
f 994/994 1895/1895 563/563
f 744/744 189/189 1719/1719
f 744/744 1719/1719 486/486
f 487/487 1720/1720 190/190
f 487/487 190/190 745/745
f 2210/2210 978/978 189/189
f 2210/2210 189/189 744/744
f 563/563 1895/1895 1720/1720
f 563/563 1720/1720 487/487
f 2212/2212 980/980 979/979
f 2212/2212 979/979 2211/2211
f 486/486 1719/1719 1894/1894
f 486/486 1894/1894 562/562
f 2150/2150 807/807 2294/2294
f 2150/2150 2294/2294 994/994
f 993/993 2293/2293 806/806
f 993/993 806/806 2149/2149
f 1575/1575 941/941 2090/2090
f 1575/1575 2090/2090 2736/2736
f 2737/2737 366/366 1956/1956
f 2737/2737 1956/1956 1576/1576
f 934/934 1590/1590 1546/1546
f 934/934 1546/1546 1149/1149
f 154/154 7/7 6/6
f 154/154 6/6 1875/1875
f 1150/1150 1547/1547 2639/2639
f 1150/1150 2639/2639 1951/1951
f 1874/1874 5/5 2738/2738
f 1874/1874 2738/2738 1137/1137
f 1951/1951 2639/2639 2739/2739
f 1951/1951 2739/2739 1138/1138
f 1137/1137 2738/2738 1590/1590
f 1137/1137 1590/1590 934/934
f 1576/1576 1956/1956 1547/1547
f 1576/1576 1547/1547 1150/1150
f 1008/1008 300/300 1447/1447
f 1008/1008 1447/1447 1009/1009
f 1149/1149 1546/1546 941/941
f 1149/1149 941/941 1575/1575
f 1010/1010 1448/1448 366/366
f 1010/1010 366/366 2737/2737
f 1138/1138 2739/2739 10/10
f 1138/1138 10/10 156/156
f 2736/2736 2090/2090 299/299
f 2736/2736 299/299 1006/1006
f 941/941 28/28 1297/1297
f 941/941 1297/1297 2090/2090
f 366/366 1298/1298 29/29
f 366/366 29/29 1956/1956
f 1590/1590 14/14 2353/2353
f 1590/1590 2353/2353 1546/1546
f 7/7 1551/1551 1550/1550
f 7/7 1550/1550 6/6
f 1547/1547 2354/2354 15/15
f 1547/1547 15/15 2639/2639
f 5/5 1549/1549 330/330
f 5/5 330/330 2738/2738
f 2639/2639 15/15 1489/1489
f 2639/2639 1489/1489 2739/2739
f 2738/2738 330/330 14/14
f 2738/2738 14/14 1590/1590
f 1956/1956 29/29 2354/2354
f 1956/1956 2354/2354 1547/1547
f 300/300 2157/2157 2186/2186
f 300/300 2186/2186 1447/1447
f 1546/1546 2353/2353 28/28
f 1546/1546 28/28 941/941
f 1448/1448 2187/2187 1298/1298
f 1448/1448 1298/1298 366/366
f 2739/2739 1489/1489 1553/1553
f 2739/2739 1553/1553 10/10
f 2090/2090 1297/1297 2184/2184
f 2090/2090 2184/2184 299/299
f 310/310 1702/1702 163/163
f 310/310 163/163 1538/1538
f 296/296 654/654 1846/1846
f 296/296 1846/1846 1573/1573
f 2018/2018 632/632 838/838
f 2018/2018 838/838 407/407
f 1539/1539 164/164 1703/1703
f 1539/1539 1703/1703 1463/1463
f 1574/1574 1847/1847 1714/1714
f 1574/1574 1714/1714 297/297
f 408/408 1873/1873 633/633
f 408/408 633/633 2019/2019
f 89/89 1893/1893 1303/1303
f 89/89 1303/1303 1011/1011
f 894/894 1534/1534 176/176
f 894/894 176/176 2669/2669
f 1351/1351 2744/2744 197/197
f 1351/1351 197/197 1596/1596
f 566/566 811/811 809/809
f 566/566 809/809 565/565
f 2665/2665 1367/1367 1365/1365
f 2665/2665 1365/1365 2664/2664
f 193/193 1413/1413 1411/1411
f 193/193 1411/1411 192/192
f 1012/1012 1304/1304 165/165
f 1012/1012 165/165 90/90
f 2670/2670 1320/1320 1535/1535
f 2670/2670 1535/1535 895/895
f 1597/1597 198/198 2745/2745
f 1597/1597 2745/2745 1352/1352
f 564/564 808/808 1310/1310
f 564/564 1310/1310 2724/2724
f 2663/2663 1364/1364 660/660
f 2663/2663 660/660 82/82
f 191/191 1410/1410 1524/1524
f 191/191 1524/1524 1097/1097
f 90/90 165/165 1311/1311
f 90/90 1311/1311 2725/2725
f 895/895 1535/1535 1716/1716
f 895/895 1716/1716 83/83
f 1352/1352 2745/2745 1525/1525
f 1352/1352 1525/1525 1098/1098
f 2724/2724 1310/1310 1893/1893
f 2724/2724 1893/1893 89/89
f 82/82 660/660 1534/1534
f 82/82 1534/1534 894/894
f 1097/1097 1524/1524 2744/2744
f 1097/1097 2744/2744 1351/1351
f 1463/1463 1703/1703 1304/1304
f 1463/1463 1304/1304 1012/1012
f 297/297 1714/1714 1320/1320
f 297/297 1320/1320 2670/2670
f 2019/2019 633/633 198/198
f 2019/2019 198/198 1597/1597
f 864/864 1146/1146 1238/1238
f 864/864 1238/1238 877/877
f 2466/2466 25/25 58/58
f 2466/2466 58/58 2536/2536
f 1462/1462 13/13 70/70
f 1462/1462 70/70 1475/1475
f 1011/1011 1303/1303 1702/1702
f 1011/1011 1702/1702 310/310
f 2669/2669 176/176 654/654
f 2669/2669 654/654 296/296
f 1596/1596 197/197 632/632
f 1596/1596 632/632 2018/2018
f 876/876 1239/1239 164/164
f 876/876 164/164 1539/1539
f 2537/2537 59/59 1847/1847
f 2537/2537 1847/1847 1574/1574
f 1476/1476 71/71 1873/1873
f 1476/1476 1873/1873 408/408
f 2725/2725 1311/1311 813/813
f 2725/2725 813/813 569/569
f 83/83 1716/1716 1369/1369
f 83/83 1369/1369 2667/2667
f 1098/1098 1525/1525 1415/1415
f 1098/1098 1415/1415 195/195
f 1538/1538 163/163 1236/1236
f 1538/1538 1236/1236 2507/2507
f 1573/1573 1846/1846 56/56
f 1573/1573 56/56 2535/2535
f 407/407 838/838 1766/1766
f 407/407 1766/1766 1473/1473
f 632/632 993/993 2149/2149
f 632/632 2149/2149 838/838
f 1873/1873 2150/2150 994/994
f 1873/1873 994/994 633/633
f 2744/2744 486/486 562/562
f 2744/2744 562/562 197/197
f 1413/1413 2212/2212 2211/2211
f 1413/1413 2211/2211 1411/1411
f 198/198 563/563 487/487
f 198/198 487/487 2745/2745
f 1410/1410 2210/2210 744/744
f 1410/1410 744/744 1524/1524
f 2745/2745 487/487 745/745
f 2745/2745 745/745 1525/1525
f 1524/1524 744/744 486/486
f 1524/1524 486/486 2744/2744
f 633/633 994/994 563/563
f 633/633 563/563 198/198
f 13/13 313/313 390/390
f 13/13 390/390 70/70
f 197/197 562/562 993/993
f 197/197 993/993 632/632
f 71/71 391/391 2150/2150
f 71/71 2150/2150 1873/1873
f 1525/1525 745/745 2214/2214
f 1525/1525 2214/2214 1415/1415
f 838/838 2149/2149 388/388
f 838/838 388/388 1766/1766
f 1424/1424 2463/2463 1832/1832
f 1424/1424 1832/1832 1717/1717
f 445/445 1687/1687 1685/1685
f 445/445 1685/1685 443/443
f 1717/1717 1832/1832 1186/1186
f 1717/1717 1186/1186 1750/1750
f 1425/1425 844/844 1512/1512
f 1425/1425 1512/1512 1292/1292
f 2355/2355 1257/1257 1509/1509
f 2355/2355 1509/1509 1291/1291
f 2130/2130 639/639 1274/1274
f 2130/2130 1274/1274 2397/2397
f 2397/2397 1274/1274 637/637
f 2397/2397 637/637 64/64
f 741/741 2448/2448 1982/1982
f 741/741 1982/1982 2198/2198
f 461/461 640/640 2448/2448
f 461/461 2448/2448 741/741
f 64/64 637/637 973/973
f 64/64 973/973 1306/1306
f 2193/2193 1977/1977 2447/2447
f 2193/2193 2447/2447 740/740
f 65/65 638/638 1275/1275
f 65/65 1275/1275 2398/2398
f 1511/1511 1510/1510 1256/1256
f 1511/1511 1256/1256 1258/1258
f 1187/1187 1185/1185 1833/1833
f 1187/1187 1833/1833 114/114
f 843/843 2462/2462 1510/1510
f 843/843 1510/1510 1511/1511
f 1258/1258 1256/1256 1683/1683
f 1258/1258 1683/1683 1686/1686
f 114/114 1833/1833 2462/2462
f 114/114 2462/2462 843/843
f 1291/1291 1509/1509 2463/2463
f 1291/1291 2463/2463 1424/1424
f 1718/1718 115/115 844/844
f 1718/1718 844/844 1425/1425
f 2356/2356 1259/1259 1689/1689
f 2356/2356 1689/1689 446/446
f 1292/1292 1512/1512 1259/1259
f 1292/1292 1259/1259 2356/2356
f 1751/1751 1187/1187 1188/1188
f 1751/1751 1188/1188 1752/1752
f 442/442 1684/1684 1257/1257
f 442/442 1257/1257 2355/2355
f 1753/1753 1189/1189 115/115
f 1753/1753 115/115 1718/1718
f 2361/2361 1753/1753 1718/1718
f 2361/2361 1718/1718 2388/2388
f 2625/2625 442/442 2355/2355
f 2625/2625 2355/2355 1548/1548
f 1340/1340 1751/1751 1752/1752
f 1340/1340 1752/1752 2362/2362
f 204/204 1292/1292 2356/2356
f 204/204 2356/2356 2596/2596
f 2596/2596 2356/2356 446/446
f 2596/2596 446/446 2629/2629
f 2388/2388 1718/1718 1425/1425
f 2388/2388 1425/1425 898/898
f 203/203 1291/1291 1424/1424
f 203/203 1424/1424 2558/2558
f 1548/1548 2355/2355 1291/1291
f 1548/1548 1291/1291 203/203
f 898/898 1425/1425 1292/1292
f 898/898 1292/1292 204/204
f 2387/2387 1717/1717 1750/1750
f 2387/2387 1750/1750 1338/1338
f 2627/2627 445/445 443/443
f 2627/2627 443/443 2626/2626
f 2558/2558 1424/1424 1717/1717
f 2558/2558 1717/1717 2387/2387
f 1274/1274 45/45 2682/2682
f 1274/1274 2682/2682 637/637
f 45/45 23/23 2002/2002
f 45/45 2002/2002 2682/2682
f 23/23 2558/2558 2387/2387
f 23/23 2387/2387 2002/2002
f 1980/1980 483/483 481/481
f 1980/1980 481/481 1978/1978
f 483/483 1212/1212 1211/1211
f 483/483 1211/1211 481/481
f 1212/1212 2627/2627 2626/2626
f 1212/1212 2626/2626 1211/1211
f 637/637 2682/2682 1457/1457
f 637/637 1457/1457 973/973
f 2682/2682 2002/2002 1882/1882
f 2682/2682 1882/1882 1457/1457
f 2002/2002 2387/2387 1338/1338
f 2002/2002 1338/1338 1882/1882
f 1275/1275 1193/1193 988/988
f 1275/1275 988/988 640/640
f 1193/1193 24/24 1943/1943
f 1193/1193 1943/1943 988/988
f 24/24 898/898 204/204
f 24/24 204/204 1943/1943
f 2447/2447 2418/2418 2634/2634
f 2447/2447 2634/2634 639/639
f 2418/2418 1804/1804 1942/1942
f 2418/2418 1942/1942 2634/2634
f 1804/1804 1548/1548 203/203
f 1804/1804 203/203 1942/1942
f 639/639 2634/2634 45/45
f 639/639 45/45 1274/1274
f 2634/2634 1942/1942 23/23
f 2634/2634 23/23 45/45
f 1942/1942 203/203 2558/2558
f 1942/1942 2558/2558 23/23
f 638/638 2683/2683 1193/1193
f 638/638 1193/1193 1275/1275
f 2683/2683 2003/2003 24/24
f 2683/2683 24/24 1193/1193
f 2003/2003 2388/2388 898/898
f 2003/2003 898/898 24/24
f 2448/2448 2419/2419 485/485
f 2448/2448 485/485 1982/1982
f 2419/2419 1805/1805 1215/1215
f 2419/2419 1215/1215 485/485
f 1805/1805 2596/2596 2629/2629
f 1805/1805 2629/2629 1215/1215
f 640/640 988/988 2419/2419
f 640/640 2419/2419 2448/2448
f 988/988 1943/1943 1805/1805
f 988/988 1805/1805 2419/2419
f 1943/1943 204/204 2596/2596
f 1943/1943 2596/2596 1805/1805
f 975/975 1459/1459 1460/1460
f 975/975 1460/1460 976/976
f 1459/1459 1884/1884 1885/1885
f 1459/1459 1885/1885 1460/1460
f 1884/1884 1340/1340 2362/2362
f 1884/1884 2362/2362 1885/1885
f 1977/1977 480/480 2418/2418
f 1977/1977 2418/2418 2447/2447
f 480/480 1210/1210 1804/1804
f 480/480 1804/1804 2418/2418
f 1210/1210 2625/2625 1548/1548
f 1210/1210 1548/1548 1804/1804
f 977/977 1461/1461 2683/2683
f 977/977 2683/2683 638/638
f 1461/1461 1886/1886 2003/2003
f 1461/1461 2003/2003 2683/2683
f 1886/1886 2361/2361 2388/2388
f 1886/1886 2388/2388 2003/2003
f 1846/1846 407/407 1473/1473
f 1846/1846 1473/1473 56/56
f 1716/1716 1098/1098 195/195
f 1716/1716 195/195 1369/1369
f 59/59 1476/1476 408/408
f 59/59 408/408 1847/1847
f 176/176 1596/1596 2018/2018
f 176/176 2018/2018 654/654
f 25/25 1462/1462 1475/1475
f 25/25 1475/1475 58/58
f 1714/1714 2019/2019 1597/1597
f 1714/1714 1597/1597 1320/1320
f 660/660 1097/1097 1351/1351
f 660/660 1351/1351 1534/1534
f 1535/1535 1352/1352 1098/1098
f 1535/1535 1098/1098 1716/1716
f 1364/1364 191/191 1097/1097
f 1364/1364 1097/1097 660/660
f 1320/1320 1597/1597 1352/1352
f 1320/1320 1352/1352 1535/1535
f 1367/1367 193/193 192/192
f 1367/1367 192/192 1365/1365
f 1534/1534 1351/1351 1596/1596
f 1534/1534 1596/1596 176/176
f 1847/1847 408/408 2019/2019
f 1847/1847 2019/2019 1714/1714
f 654/654 2018/2018 407/407
f 654/654 407/407 1846/1846
f 163/163 1573/1573 2535/2535
f 163/163 2535/2535 1236/1236
f 1311/1311 83/83 2667/2667
f 1311/1311 2667/2667 813/813
f 1239/1239 2537/2537 1574/1574
f 1239/1239 1574/1574 164/164
f 1303/1303 2669/2669 296/296
f 1303/1303 296/296 1702/1702
f 1146/1146 2466/2466 2536/2536
f 1146/1146 2536/2536 1238/1238
f 1703/1703 297/297 2670/2670
f 1703/1703 2670/2670 1304/1304
f 1310/1310 82/82 894/894
f 1310/1310 894/894 1893/1893
f 165/165 895/895 83/83
f 165/165 83/83 1311/1311
f 808/808 2663/2663 82/82
f 808/808 82/82 1310/1310
f 1304/1304 2670/2670 895/895
f 1304/1304 895/895 165/165
f 811/811 2665/2665 2664/2664
f 811/811 2664/2664 809/809
f 1893/1893 894/894 2669/2669
f 1893/1893 2669/2669 1303/1303
f 164/164 1574/1574 297/297
f 164/164 297/297 1703/1703
f 1702/1702 296/296 1573/1573
f 1702/1702 1573/1573 163/163
f 1297/1297 1538/1538 2507/2507
f 1297/1297 2507/2507 2184/2184
f 1489/1489 2725/2725 569/569
f 1489/1489 569/569 1553/1553
f 2187/2187 876/876 1539/1539
f 2187/2187 1539/1539 1298/1298
f 2353/2353 1011/1011 310/310
f 2353/2353 310/310 28/28
f 2157/2157 864/864 877/877
f 2157/2157 877/877 2186/2186
f 29/29 1463/1463 1012/1012
f 29/29 1012/1012 2354/2354
f 330/330 2724/2724 89/89
f 330/330 89/89 14/14
f 15/15 90/90 2725/2725
f 15/15 2725/2725 1489/1489
f 1549/1549 564/564 2724/2724
f 1549/1549 2724/2724 330/330
f 2354/2354 1012/1012 90/90
f 2354/2354 90/90 15/15
f 1551/1551 566/566 565/565
f 1551/1551 565/565 1550/1550
f 14/14 89/89 1011/1011
f 14/14 1011/1011 2353/2353
f 1298/1298 1539/1539 1463/1463
f 1298/1298 1463/1463 29/29
f 28/28 310/310 1538/1538
f 28/28 1538/1538 1297/1297
f 1554/1554 568/568 567/567
f 1554/1554 567/567 1552/1552
f 2185/2185 2508/2508 864/864
f 2185/2185 864/864 2157/2157
f 812/812 2668/2668 2666/2666
f 812/812 2666/2666 810/810
f 1237/1237 2534/2534 2466/2466
f 1237/1237 2466/2466 1146/1146
f 1368/1368 196/196 194/194
f 1368/1368 194/194 1366/1366
f 57/57 1474/1474 1462/1462
f 57/57 1462/1462 25/25
f 1883/1883 1339/1339 1340/1340
f 1883/1883 1340/1340 1884/1884
f 1458/1458 1883/1883 1884/1884
f 1458/1458 1884/1884 1459/1459
f 974/974 1458/1458 1459/1459
f 974/974 1459/1459 975/975
f 1214/1214 2630/2630 2628/2628
f 1214/1214 2628/2628 1213/1213
f 484/484 1214/1214 1213/1213
f 484/484 1213/1213 482/482
f 1981/1981 484/484 482/482
f 1981/1981 482/482 1979/1979
f 2630/2630 447/447 444/444
f 2630/2630 444/444 2628/2628
f 1339/1339 1749/1749 1751/1751
f 1339/1339 1751/1751 1340/1340
f 1749/1749 1185/1185 1187/1187
f 1749/1749 1187/1187 1751/1751
f 116/116 114/114 843/843
f 116/116 843/843 845/845
f 1260/1260 1258/1258 1686/1686
f 1260/1260 1686/1686 1690/1690
f 845/845 843/843 1511/1511
f 845/845 1511/1511 1513/1513
f 1188/1188 1187/1187 114/114
f 1188/1188 114/114 116/116
f 1513/1513 1511/1511 1258/1258
f 1513/1513 1258/1258 1260/1260
f 447/447 1691/1691 1688/1688
f 447/447 1688/1688 444/444
f 1767/1767 389/389 313/313
f 1767/1767 313/313 13/13
f 1414/1414 2215/2215 2213/2213
f 1414/1414 2213/2213 1412/1412
f 1474/1474 1767/1767 13/13
f 1474/1474 13/13 1462/1462
f 2534/2534 57/57 25/25
f 2534/2534 25/25 2466/2466
f 2508/2508 1237/1237 1146/1146
f 2508/2508 1146/1146 864/864
f 196/196 1414/1414 1412/1412
f 196/196 1412/1412 194/194
f 2668/2668 1368/1368 1366/1366
f 2668/2668 1366/1366 2666/2666
f 568/568 812/812 810/810
f 568/568 810/810 567/567
f 298/298 2185/2185 2157/2157
f 298/298 2157/2157 300/300
f 9/9 1554/1554 1552/1552
f 9/9 1552/1552 8/8
f 1007/1007 298/298 300/300
f 1007/1007 300/300 1008/1008
f 157/157 9/9 8/8
f 157/157 8/8 155/155
f 2215/2215 983/983 981/981
f 2215/2215 981/981 2213/2213
f 389/389 1736/1736 1712/1712
f 389/389 1712/1712 313/313
f 1736/1736 2238/2238 2239/2239
f 1736/1736 2239/2239 1712/1712
f 2240/2240 2239/2239 1307/1307
f 2240/2240 1307/1307 1309/1309
f 2197/2197 1981/1981 1979/1979
f 2197/2197 1979/1979 2195/2195
f 1305/1305 974/974 975/975
f 1305/1305 975/975 1307/1307
f 1120/1120 1056/1056 1054/1054
f 1120/1120 1054/1054 2735/2735
f 2547/2547 2346/2346 2348/2348
f 2547/2547 2348/2348 2552/2552
f 2346/2346 1007/1007 1008/1008
f 2346/2346 1008/1008 2348/2348
f 983/983 2197/2197 2195/2195
f 983/983 2195/2195 981/981
f 2553/2553 944/944 1295/1295
f 2553/2553 1295/1295 2653/2653
f 213/213 761/761 1183/1183
f 213/213 1183/1183 2686/2686
f 966/966 1537/1537 1232/1232
f 966/966 1232/1232 2532/2532
f 2734/2734 2527/2527 1537/1537
f 2734/2734 1537/1537 966/966
f 244/244 1611/1611 2686/2686
f 244/244 2686/2686 1183/1183
f 1642/1642 505/505 2527/2527
f 1642/1642 2527/2527 2734/2734
f 2532/2532 1232/1232 600/600
f 2532/2532 600/600 2423/2423
f 2707/2707 503/503 1611/1611
f 2707/2707 1611/1611 244/244
f 1056/1056 157/157 155/155
f 1056/1056 155/155 1054/1054
f 248/248 1610/1610 505/505
f 248/248 505/505 1642/1642
f 2423/2423 600/600 886/886
f 2423/2423 886/886 2105/2105
f 1114/1114 2530/2530 503/503
f 1114/1114 503/503 2707/2707
f 40/40 2684/2684 1610/1610
f 40/40 1610/1610 248/248
f 2105/2105 886/886 409/409
f 2105/2105 409/409 2674/2674
f 2161/2161 111/111 2530/2530
f 2161/2161 2530/2530 1114/1114
f 2552/2552 2557/2557 2602/2602
f 2552/2552 2602/2602 2675/2675
f 2602/2602 1435/1435 2107/2107
f 2602/2602 2107/2107 2675/2675
f 1435/1435 1032/1032 2424/2424
f 1435/1435 2424/2424 2107/2107
f 1032/1032 827/827 2533/2533
f 1032/1032 2533/2533 2424/2424
f 827/827 2169/2169 968/968
f 827/827 968/968 2533/2533
f 2169/2169 1120/1120 2735/2735
f 2169/2169 2735/2735 968/968
f 965/965 2165/2165 2727/2727
f 965/965 2727/2727 2731/2731
f 2166/2166 967/967 2531/2531
f 2166/2166 2531/2531 823/823
f 2425/2425 1029/1029 823/823
f 2425/2425 823/823 2531/2531
f 1029/1029 2425/2425 2106/2106
f 1029/1029 2106/2106 1433/1433
f 1433/1433 2106/2106 2676/2676
f 1433/1433 2676/2676 1568/1568
f 2554/2554 2548/2548 1568/1568
f 2554/2554 1568/1568 2676/2676
f 1612/1612 504/504 610/610
f 1612/1612 610/610 1728/1728
f 504/504 2529/2529 1484/1484
f 504/504 1484/1484 610/610
f 2529/2529 110/110 2297/2297
f 2529/2529 2297/2297 1484/1484
f 929/929 2000/2000 2760/2760
f 929/929 2760/2760 1756/1756
f 1153/1153 1151/1151 1278/1278
f 1153/1153 1278/1278 1277/1277
f 1756/1756 2760/2760 1134/1134
f 1756/1756 1134/1134 1758/1758
f 1759/1759 1757/1757 1117/1117
f 1759/1759 1117/1117 1112/1112
f 1152/1152 1276/1276 405/405
f 1152/1152 405/405 365/365
f 1153/1153 1277/1277 1276/1276
f 1153/1153 1276/1276 1152/1152
f 2159/2159 929/929 1756/1756
f 2159/2159 1756/1756 1110/1110
f 1110/1110 1756/1756 1758/1758
f 1110/1110 1758/1758 1115/1115
f 819/819 166/166 929/929
f 819/819 929/929 2159/2159
f 188/188 183/183 1834/1834
f 188/188 1834/1834 1836/1836
f 1429/1429 1431/1431 2607/2607
f 1429/1429 2607/2607 2605/2605
f 1034/1034 1997/1997 166/166
f 1034/1034 166/166 819/819
f 148/148 146/146 1136/1136
f 148/148 1136/1136 1135/1135
f 1426/1426 871/871 1997/1997
f 1426/1426 1997/1997 1034/1034
f 1277/1277 1278/1278 184/184
f 1277/1277 184/184 187/187
f 1078/1078 2715/2715 2484/2484
f 1078/1078 2484/2484 2000/2000
f 2605/2605 2607/2607 2545/2545
f 2605/2605 2545/2545 2543/2543
f 2000/2000 2484/2484 1866/1866
f 2000/2000 1866/1866 2760/2760
f 2485/2485 2482/2482 145/145
f 2485/2485 145/145 147/147
f 2760/2760 1866/1866 149/149
f 2760/2760 149/149 1134/1134
f 1135/1135 1136/1136 1757/1757
f 1135/1135 1757/1757 1759/1759
f 166/166 1078/1078 2000/2000
f 166/166 2000/2000 929/929
f 2716/2716 2712/2712 2482/2482
f 2716/2716 2482/2482 2485/2485
f 1997/1997 527/527 1078/1078
f 1997/1997 1078/1078 166/166
f 1116/1116 1118/1118 2162/2162
f 1116/1116 2162/2162 2160/2160
f 871/871 2711/2711 527/527
f 871/871 527/527 1997/1997
f 2506/2506 2502/2502 2712/2712
f 2506/2506 2712/2712 2716/2716
f 365/365 405/405 2711/2711
f 365/365 2711/2711 871/871
f 147/147 1865/1865 2483/2483
f 147/147 2483/2483 2485/2485
f 2485/2485 2483/2483 2714/2714
f 2485/2485 2714/2714 2716/2716
f 2716/2716 2714/2714 2505/2505
f 2716/2716 2505/2505 2506/2506
f 2506/2506 2505/2505 1179/1179
f 2506/2506 1179/1179 1180/1180
f 1180/1180 1179/1179 795/795
f 1180/1180 795/795 1836/1836
f 1836/1836 795/795 185/185
f 1836/1836 185/185 188/188
f 527/527 2504/2504 2715/2715
f 527/527 2715/2715 1078/1078
f 2160/2160 2162/2162 1858/1858
f 2160/2160 1858/1858 821/821
f 2711/2711 1178/1178 2504/2504
f 2711/2711 2504/2504 527/527
f 2542/2542 2546/2546 1151/1151
f 2542/2542 1151/1151 1153/1153
f 405/405 796/796 1178/1178
f 405/405 1178/1178 2711/2711
f 1277/1277 187/187 186/186
f 1277/1277 186/186 1276/1276
f 1276/1276 186/186 796/796
f 1276/1276 796/796 405/405
f 1180/1180 1177/1177 2502/2502
f 1180/1180 2502/2502 2506/2506
f 2608/2608 364/364 1151/1151
f 2608/2608 1151/1151 2546/2546
f 1117/1117 1757/1757 930/930
f 1117/1117 930/930 2163/2163
f 2163/2163 930/930 167/167
f 2163/2163 167/167 1859/1859
f 870/870 1092/1092 406/406
f 870/870 406/406 364/364
f 364/364 406/406 1278/1278
f 364/364 1278/1278 1151/1151
f 1430/1430 870/870 364/364
f 1430/1430 364/364 2608/2608
f 1037/1037 1996/1996 870/870
f 1037/1037 870/870 1430/1430
f 1859/1859 167/167 1996/1996
f 1859/1859 1996/1996 1037/1037
f 1079/1079 2713/2713 2503/2503
f 1079/1079 2503/2503 528/528
f 528/528 2503/2503 1176/1176
f 528/528 1176/1176 1092/1092
f 1092/1092 1176/1176 1835/1835
f 1092/1092 1835/1835 406/406
f 1996/1996 528/528 1092/1092
f 1996/1996 1092/1092 870/870
f 167/167 1079/1079 528/528
f 167/167 528/528 1996/1996
f 930/930 2001/2001 1079/1079
f 930/930 1079/1079 167/167
f 1757/1757 1136/1136 2001/2001
f 1757/1757 2001/2001 930/930
f 2001/2001 2481/2481 2713/2713
f 2001/2001 2713/2713 1079/1079
f 1136/1136 146/146 2481/2481
f 1136/1136 2481/2481 2001/2001
f 406/406 1835/1835 184/184
f 406/406 184/184 1278/1278
f 2611/2611 2687/2687 1612/1612
f 2611/2611 1612/1612 1728/1728
f 2687/2687 2611/2611 159/159
f 2687/2687 159/159 215/215
f 1971/1971 214/214 158/158
f 1971/1971 158/158 1101/1101
f 1446/1446 1971/1971 1101/1101
f 1446/1446 1101/1101 559/559
f 1103/1103 1446/1446 559/559
f 1103/1103 559/559 1285/1285
f 2588/2588 1103/1103 1285/1285
f 2588/2588 1285/1285 335/335
f 1288/1288 1106/1106 2588/2588
f 1288/1288 2588/2588 335/335
f 561/561 1444/1444 1106/1106
f 561/561 1106/1106 1288/1288
f 1099/1099 949/949 1444/1444
f 1099/1099 1444/1444 561/561
f 162/162 216/216 949/949
f 162/162 949/949 1099/1099
f 2614/2614 2685/2685 216/216
f 2614/2614 216/216 162/162
f 1729/1729 1609/1609 2685/2685
f 1729/1729 2685/2685 2614/2614
f 613/613 506/506 1609/1609
f 613/613 1609/1609 1729/1729
f 1486/1486 2528/2528 506/506
f 1486/1486 506/506 613/613
f 2299/2299 1536/1536 2528/2528
f 2299/2299 2528/2528 1486/1486
f 2202/2202 1233/1233 1536/1536
f 2202/2202 1536/1536 2299/2299
f 1394/1394 601/601 1233/1233
f 1394/1394 1233/1233 2202/2202
f 2750/2750 885/885 601/601
f 2750/2750 601/601 1394/1394
f 1852/1852 410/410 885/885
f 1852/1852 885/885 2750/2750
f 668/668 945/945 410/410
f 668/668 410/410 1852/1852
f 1675/1675 1296/1296 945/945
f 1675/1675 945/945 668/668
f 2496/2496 2451/2451 1296/1296
f 2496/2496 1296/1296 1675/1675
f 2742/2742 1293/1293 2451/2451
f 2742/2742 2451/2451 2496/2496
f 947/947 1293/1293 2742/2742
f 947/947 2742/2742 666/666
f 1441/1441 947/947 666/666
f 1441/1441 666/666 1854/1854
f 321/321 1441/1441 1854/1854
f 321/321 1854/1854 2749/2749
f 2343/2343 321/321 2749/2749
f 2343/2343 2749/2749 1393/1393
f 765/765 2343/2343 1393/1393
f 765/765 1393/1393 2199/2199
f 110/110 767/767 2201/2201
f 110/110 2201/2201 2297/2297
f 1819/1819 1820/1820 1230/1230
f 1819/1819 1230/1230 1229/1229
f 1229/1229 1230/1230 421/421
f 1229/1229 421/421 420/420
f 420/420 421/421 285/285
f 420/420 285/285 283/283
f 283/283 285/285 643/643
f 283/283 643/643 641/641
f 641/641 643/643 517/517
f 641/641 517/517 515/515
f 515/515 517/517 174/174
f 515/515 174/174 1319/1319
f 1319/1319 174/174 1347/1347
f 1319/1319 1347/1347 1346/1346
f 1346/1346 1347/1347 1157/1157
f 1346/1346 1157/1157 1154/1154
f 1154/1154 1157/1157 1343/1343
f 1154/1154 1343/1343 1341/1341
f 1341/1341 1343/1343 172/172
f 1341/1341 172/172 1317/1317
f 1317/1317 172/172 514/514
f 1317/1317 514/514 512/512
f 512/512 514/514 647/647
f 512/512 647/647 645/645
f 645/645 647/647 289/289
f 645/645 289/289 287/287
f 287/287 289/289 417/417
f 287/287 417/417 416/416
f 416/416 417/417 1227/1227
f 416/416 1227/1227 1225/1225
f 1225/1225 1227/1227 1813/1813
f 1225/1225 1813/1813 1811/1811
f 1812/1812 1814/1814 2517/2517
f 1812/1812 2517/2517 2516/2516
f 2516/2516 2517/2517 436/436
f 2516/2516 436/436 435/435
f 435/435 436/436 622/622
f 435/435 622/622 621/621
f 621/621 622/622 264/264
f 621/621 264/264 262/262
f 262/262 264/264 348/348
f 262/262 348/348 346/346
f 346/346 348/348 735/735
f 346/346 735/735 733/733
f 733/733 735/735 720/720
f 733/733 720/720 719/719
f 719/719 720/720 2573/2573
f 719/719 2573/2573 2571/2571
f 2571/2571 2573/2573 724/724
f 2571/2571 724/724 722/722
f 722/722 724/724 739/739
f 722/722 739/739 737/737
f 737/737 739/739 352/352
f 737/737 352/352 351/351
f 351/351 352/352 260/260
f 351/351 260/260 258/258
f 258/258 260/260 619/619
f 258/258 619/619 616/616
f 616/616 619/619 440/440
f 616/616 440/440 438/438
f 438/438 440/440 2521/2521
f 438/438 2521/2521 2520/2520
f 2520/2520 2521/2521 1820/1820
f 2520/2520 1820/1820 1819/1819
f 2623/2623 46/46 1057/1057
f 2623/2623 1057/1057 1917/1917
f 2623/2623 1917/1917 2492/2492
f 2623/2623 2492/2492 450/450
f 2623/2623 450/450 337/337
f 2623/2623 337/337 2565/2565
f 2623/2623 2565/2565 2718/2718
f 2623/2623 2718/2718 46/46
f 1049/1049 1300/1300 2718/2718
f 1049/1049 2718/2718 2565/2565
f 1049/1049 2565/2565 337/337
f 1049/1049 337/337 1616/1616
f 1048/1048 1615/1615 336/336
f 1048/1048 336/336 2564/2564
f 1048/1048 2564/2564 2717/2717
f 1048/1048 2717/2717 1299/1299
f 990/990 1209/1209 1058/1058
f 990/990 1058/1058 1918/1918
f 990/990 1918/1918 2493/2493
f 990/990 2493/2493 1580/1580
f 990/990 1580/1580 118/118
f 990/990 118/118 2286/2286
f 990/990 2286/2286 2562/2562
f 990/990 2562/2562 1209/1209
f 1519/1519 1721/1721 2562/2562
f 1519/1519 2562/2562 2286/2286
f 1519/1519 2286/2286 118/118
f 1519/1519 118/118 2100/2100
f 1519/1519 2100/2100 119/119
f 1519/1519 119/119 2287/2287
f 1519/1519 2287/2287 2563/2563
f 1519/1519 2563/2563 1721/1721
f 1794/1794 1639/1639 2718/2718
f 1794/1794 2718/2718 1300/1300
f 1793/1793 1299/1299 2717/2717
f 1793/1793 2717/2717 1638/1638
f 1793/1793 1638/1638 1264/1264
f 1793/1793 1264/1264 2460/2460
f 1794/1794 2461/2461 1265/1265
f 1794/1794 1265/1265 1639/1639
f 2351/2351 552/552 2492/2492
f 2351/2351 2492/2492 1579/1579
f 2351/2351 1579/1579 119/119
f 2351/2351 119/119 1045/1045
f 2351/2351 1045/1045 1380/1380
f 2351/2351 1380/1380 746/746
f 2351/2351 746/746 93/93
f 2351/2351 93/93 552/552
f 794/794 1588/1588 2640/2640
f 794/794 2640/2640 1839/1839
f 794/794 1839/1839 2641/2641
f 794/794 2641/2641 1589/1589
f 794/794 1589/1589 1491/1491
f 794/794 1491/1491 1282/1282
f 794/794 1282/1282 1490/1490
f 794/794 1490/1490 1588/1588
f 658/658 2672/2672 1057/1057
f 658/658 1057/1057 46/46
f 658/658 46/46 2718/2718
f 658/658 2718/2718 1639/1639
f 658/658 1639/1639 1265/1265
f 658/658 1265/1265 181/181
f 658/658 181/181 2204/2204
f 658/658 2204/2204 2672/2672
f 1722/1722 2673/2673 1058/1058
f 1722/1722 1058/1058 1209/1209
f 1722/1722 1209/1209 2562/2562
f 1722/1722 2562/2562 305/305
f 1722/1722 305/305 2640/2640
f 1722/1722 2640/2640 2360/2360
f 1722/1722 2360/2360 2205/2205
f 1722/1722 2205/2205 2673/2673
f 2253/2253 305/305 2562/2562
f 2253/2253 2562/2562 1721/1721
f 2253/2253 1721/1721 2563/2563
f 2253/2253 2563/2563 306/306
f 2253/2253 306/306 2641/2641
f 2253/2253 2641/2641 1839/1839
f 2253/2253 1839/1839 2640/2640
f 2253/2253 2640/2640 305/305
f 2581/2581 280/280 1262/1262
f 2581/2581 1262/1262 2703/2703
f 2581/2581 2703/2703 1490/1490
f 2581/2581 1490/1490 2147/2147
f 2581/2581 2147/2147 1002/1002
f 2581/2581 1002/1002 2638/2638
f 2581/2581 2638/2638 2377/2377
f 2581/2581 2377/2377 280/280
f 279/279 96/96 1265/1265
f 279/279 1265/1265 2461/2461
f 278/278 2460/2460 1264/1264
f 278/278 1264/1264 95/95
f 278/278 95/95 2566/2566
f 278/278 2566/2566 2513/2513
f 279/279 2514/2514 2567/2567
f 279/279 2567/2567 96/96
f 1323/1323 1223/1223 2205/2205
f 1323/1323 2205/2205 2360/2360
f 1323/1323 2360/2360 2640/2640
f 1323/1323 2640/2640 1588/1588
f 1323/1323 1588/1588 1490/1490
f 1323/1323 1490/1490 2703/2703
f 1323/1323 2703/2703 1262/1262
f 1323/1323 1262/1262 1223/1223
f 1896/1896 1222/1222 2204/2204
f 1896/1896 2204/2204 181/181
f 1896/1896 181/181 1265/1265
f 1896/1896 1265/1265 96/96
f 1896/1896 96/96 2567/2567
f 1896/1896 2567/2567 2494/2494
f 1896/1896 2494/2494 1261/1261
f 1896/1896 1261/1261 1222/1222
f 1125/1125 1498/1498 2376/2376
f 1125/1125 2376/2376 1387/1387
f 1125/1125 1387/1387 1409/1409
f 1125/1125 1409/1409 92/92
f 1125/1125 92/92 1655/1655
f 1125/1125 1655/1655 1564/1564
f 1125/1125 1564/1564 230/230
f 1125/1125 230/230 1498/1498
f 2357/2357 1423/1423 1261/1261
f 2357/2357 1261/1261 2494/2494
f 2357/2357 2494/2494 2567/2567
f 2357/2357 2567/2567 403/403
f 2357/2357 403/403 1409/1409
f 2357/2357 1409/1409 1387/1387
f 2357/2357 1387/1387 2376/2376
f 2357/2357 2376/2376 1423/1423
f 2046/2046 2147/2147 1490/1490
f 2046/2046 1490/1490 1282/1282
f 2046/2046 1282/1282 1491/1491
f 2046/2046 1491/1491 2148/2148
f 2046/2046 2148/2148 1003/1003
f 2046/2046 1003/1003 2042/2042
f 2046/2046 2042/2042 1002/1002
f 2046/2046 1002/1002 2147/2147
f 531/531 403/403 2567/2567
f 531/531 2567/2567 2514/2514
f 530/530 2513/2513 2566/2566
f 530/530 2566/2566 402/402
f 530/530 402/402 1408/1408
f 530/530 1408/1408 431/431
f 531/531 432/432 1409/1409
f 531/531 1409/1409 403/403
f 2010/2010 2509/2509 1496/1496
f 2010/2010 1496/1496 2045/2045
f 2010/2010 2045/2045 1497/1497
f 2010/2010 1497/1497 2510/2510
f 2010/2010 2510/2510 2050/2050
f 2010/2010 2050/2050 697/697
f 2010/2010 697/697 2051/2051
f 2010/2010 2051/2051 2509/2509
f 488/488 1050/1050 1002/1002
f 488/488 1002/1002 2042/2042
f 488/488 2042/2042 1003/1003
f 488/488 1003/1003 2679/2679
f 488/488 2679/2679 1497/1497
f 488/488 1497/1497 2045/2045
f 488/488 2045/2045 1496/1496
f 488/488 1496/1496 1050/1050
f 729/729 92/92 1409/1409
f 729/729 1409/1409 432/432
f 728/728 431/431 1408/1408
f 728/728 1408/1408 91/91
f 728/728 91/91 1654/1654
f 728/728 1654/1654 2250/2250
f 729/729 2251/2251 1655/1655
f 729/729 1655/1655 92/92
f 395/395 1499/1499 2377/2377
f 395/395 2377/2377 2638/2638
f 395/395 2638/2638 1002/1002
f 395/395 1002/1002 1050/1050
f 395/395 1050/1050 1496/1496
f 395/395 1496/1496 1966/1966
f 395/395 1966/1966 231/231
f 395/395 231/231 1499/1499
f 1849/1849 2136/2136 144/144
f 1849/1849 144/144 1755/1755
f 1849/1849 1755/1755 2051/2051
f 1849/1849 2051/2051 2295/2295
f 1849/1849 2295/2295 2435/2435
f 1849/1849 2435/2435 1482/1482
f 1849/1849 1482/1482 1890/1890
f 1849/1849 1890/1890 2136/2136
f 2173/2173 1620/1620 1655/1655
f 2173/2173 1655/1655 2251/2251
f 2172/2172 2250/2250 1654/1654
f 2172/2172 1654/1654 1619/1619
f 2172/2172 1619/1619 1605/1605
f 2172/2172 1605/1605 1954/1954
f 2173/2173 1955/1955 1604/1604
f 2173/2173 1604/1604 1620/1620
f 1935/1935 202/202 231/231
f 1935/1935 231/231 1966/1966
f 1935/1935 1966/1966 1496/1496
f 1935/1935 1496/1496 2509/2509
f 1935/1935 2509/2509 2051/2051
f 1935/1935 2051/2051 1755/1755
f 1935/1935 1755/1755 144/144
f 1935/1935 144/144 202/202
f 2579/2579 201/201 230/230
f 2579/2579 230/230 1564/1564
f 2579/2579 1564/1564 1655/1655
f 2579/2579 1655/1655 1620/1620
f 2579/2579 1620/1620 1604/1604
f 2579/2579 1604/1604 1072/1072
f 2579/2579 1072/1072 143/143
f 2579/2579 143/143 201/201
f 2389/2389 475/475 2435/2435
f 2389/2389 2435/2435 1533/1533
f 2389/2389 1533/1533 2434/2434
f 2389/2389 2434/2434 474/474
f 2389/2389 474/474 605/605
f 2389/2389 605/605 2137/2137
f 2389/2389 2137/2137 604/604
f 2389/2389 604/604 475/475
f 1901/1901 2135/2135 143/143
f 1901/1901 143/143 1072/1072
f 1901/1901 1072/1072 1604/1604
f 1901/1901 1604/1604 1595/1595
f 1901/1901 1595/1595 1557/1557
f 1901/1901 1557/1557 2141/2141
f 1901/1901 2141/2141 1889/1889
f 1901/1901 1889/1889 2135/2135
f 636/636 2295/2295 2051/2051
f 636/636 2051/2051 697/697
f 636/636 697/697 2050/2050
f 636/636 2050/2050 2296/2296
f 636/636 2296/2296 2434/2434
f 636/636 2434/2434 1533/1533
f 636/636 1533/1533 2435/2435
f 636/636 2435/2435 2295/2295
f 730/730 1595/1595 1604/1604
f 730/730 1604/1604 1955/1955
f 731/731 1954/1954 1605/1605
f 731/731 1605/1605 2645/2645
f 731/731 2645/2645 1558/1558
f 731/731 1558/1558 1899/1899
f 730/730 1898/1898 1557/1557
f 730/730 1557/1557 1595/1595
f 833/833 1913/1913 834/834
f 833/833 834/834 529/529
f 833/833 529/529 836/836
f 833/833 836/836 1916/1916
f 833/833 1916/1916 603/603
f 833/833 603/603 2138/2138
f 833/833 2138/2138 606/606
f 833/833 606/606 1913/1913
f 578/578 386/386 1557/1557
f 578/578 1557/1557 1898/1898
f 579/579 1899/1899 1558/1558
f 579/579 1558/1558 387/387
f 579/579 387/387 839/839
f 579/579 839/839 1647/1647
f 578/578 1649/1649 841/841
f 578/578 841/841 386/386
f 1467/1467 2467/2467 1890/1890
f 1467/1467 1890/1890 1482/1482
f 1467/1467 1482/1482 2435/2435
f 1467/1467 2435/2435 475/475
f 1467/1467 475/475 604/604
f 1467/1467 604/604 1915/1915
f 1467/1467 1915/1915 837/837
f 1467/1467 837/837 2467/2467
f 492/492 2468/2468 1889/1889
f 492/492 1889/1889 2141/2141
f 492/492 2141/2141 1557/1557
f 492/492 1557/1557 386/386
f 492/492 386/386 841/841
f 492/492 841/841 749/749
f 492/492 749/749 835/835
f 492/492 835/835 2468/2468
f 716/716 423/423 226/226
f 716/716 226/226 1504/1504
f 716/716 1504/1504 2473/2473
f 716/716 2473/2473 1696/1696
f 716/716 1696/1696 1887/1887
f 716/716 1887/1887 2044/2044
f 716/716 2044/2044 2598/2598
f 716/716 2598/2598 423/423
f 113/113 1045/1045 119/119
f 113/113 119/119 2100/2100
f 113/113 2100/2100 118/118
f 113/113 118/118 1044/1044
f 113/113 1044/1044 1379/1379
f 113/113 1379/1379 1357/1357
f 113/113 1357/1357 1380/1380
f 113/113 1380/1380 1045/1045
f 2454/2454 1263/1263 336/336
f 2454/2454 336/336 1615/1615
f 2455/2455 1616/1616 337/337
f 2455/2455 337/337 2252/2252
f 2455/2455 2252/2252 1740/1740
f 2455/2455 1740/1740 219/219
f 2454/2454 218/218 1739/1739
f 2454/2454 1739/1739 1263/1263
f 1315/1315 553/553 2493/2493
f 1315/1315 2493/2493 451/451
f 1315/1315 451/451 336/336
f 1315/1315 336/336 1263/1263
f 1315/1315 1263/1263 1739/1739
f 1315/1315 1739/1739 1838/1838
f 1315/1315 1838/1838 94/94
f 1315/1315 94/94 553/553
f 238/238 1594/1594 2029/2029
f 238/238 2029/2029 2027/2027
f 238/238 2027/2027 2028/2028
f 238/238 2028/2028 1593/1593
f 238/238 1593/1593 1520/1520
f 238/238 1520/1520 27/27
f 238/238 27/27 392/392
f 238/238 392/392 1594/1594
f 1518/1518 1122/1122 2306/2306
f 1518/1518 2306/2306 208/208
f 1518/1518 208/208 2307/2307
f 1518/1518 2307/2307 1121/1121
f 1518/1518 1121/1121 1699/1699
f 1518/1518 1699/1699 356/356
f 1518/1518 356/356 1698/1698
f 1518/1518 1698/1698 1122/1122
f 899/899 1121/1121 2307/2307
f 899/899 2307/2307 897/897
f 899/899 897/897 1107/1107
f 899/899 1107/1107 331/331
f 899/899 331/331 228/228
f 899/899 228/228 78/78
f 899/899 78/78 1699/1699
f 899/899 1699/1699 1121/1121
f 168/168 1696/1696 2473/2473
f 168/168 2473/2473 1026/1026
f 169/169 1027/1027 2474/2474
f 169/169 2474/2474 1697/1697
f 169/169 1697/1697 1888/1888
f 169/169 1888/1888 551/551
f 168/168 550/550 1887/1887
f 168/168 1887/1887 1696/1696
f 717/717 1745/1745 1253/1253
f 717/717 1253/1253 2151/2151
f 717/717 2151/2151 1255/1255
f 717/717 1255/1255 1747/1747
f 717/717 1747/1747 393/393
f 717/717 393/393 26/26
f 717/717 26/26 1521/1521
f 717/717 1521/1521 1745/1745
f 1872/1872 763/763 2594/2594
f 1872/1872 2594/2594 1400/1400
f 1871/1871 1401/1401 2595/2595
f 1871/1871 2595/2595 764/764
f 1871/1871 764/764 1076/1076
f 1871/1871 1076/1076 2695/2695
f 1872/1872 2696/2696 1074/1074
f 1872/1872 1074/1074 763/763
f 1284/1284 2037/2037 2459/2459
f 1284/1284 2459/2459 2512/2512
f 1284/1284 2512/2512 2594/2594
f 1284/1284 2594/2594 763/763
f 1284/1284 763/763 1074/1074
f 1284/1284 1074/1074 523/523
f 1284/1284 523/523 1252/1252
f 1284/1284 1252/1252 2037/2037
f 354/354 2036/2036 2458/2458
f 354/354 2458/2458 2011/2011
f 354/354 2011/2011 2029/2029
f 354/354 2029/2029 1594/1594
f 354/354 1594/1594 392/392
f 354/354 392/392 1748/1748
f 354/354 1748/1748 1254/1254
f 354/354 1254/1254 2036/2036
f 1283/1283 764/764 2595/2595
f 1283/1283 2595/2595 2511/2511
f 1283/1283 2511/2511 2458/2458
f 1283/1283 2458/2458 2036/2036
f 1283/1283 2036/2036 1254/1254
f 1283/1283 1254/1254 526/526
f 1283/1283 526/526 1076/1076
f 1283/1283 1076/1076 764/764
f 355/355 1593/1593 2028/2028
f 355/355 2028/2028 2012/2012
f 355/355 2012/2012 2459/2459
f 355/355 2459/2459 2037/2037
f 355/355 2037/2037 1252/1252
f 355/355 1252/1252 1746/1746
f 355/355 1746/1746 1520/1520
f 355/355 1520/1520 1593/1593
f 933/933 524/524 1075/1075
f 933/933 1075/1075 2697/2697
f 933/933 2697/2697 1077/1077
f 933/933 1077/1077 525/525
f 933/933 525/525 1255/1255
f 933/933 1255/1255 2151/2151
f 933/933 2151/2151 1253/1253
f 933/933 1253/1253 524/524
f 715/715 1697/1697 2474/2474
f 715/715 2474/2474 1503/1503
f 715/715 1503/1503 227/227
f 715/715 227/227 424/424
f 715/715 424/424 2597/2597
f 715/715 2597/2597 2043/2043
f 715/715 2043/2043 1888/1888
f 715/715 1888/1888 1697/1697
f 2352/2352 1044/1044 118/118
f 2352/2352 118/118 1580/1580
f 2352/2352 1580/1580 2493/2493
f 2352/2352 2493/2493 553/553
f 2352/2352 553/553 94/94
f 2352/2352 94/94 747/747
f 2352/2352 747/747 1379/1379
f 2352/2352 1379/1379 1044/1044
f 490/490 2394/2394 951/951
f 490/490 951/951 493/493
f 490/490 493/493 2487/2487
f 490/490 2487/2487 2085/2085
f 490/490 2085/2085 709/709
f 490/490 709/709 1407/1407
f 490/490 1407/1407 224/224
f 490/490 224/224 2394/2394
f 1468/1468 474/474 2434/2434
f 1468/1468 2434/2434 1481/1481
f 1468/1468 1481/1481 1889/1889
f 1468/1468 1889/1889 2468/2468
f 1468/1468 2468/2468 835/835
f 1468/1468 835/835 1914/1914
f 1468/1468 1914/1914 605/605
f 1468/1468 605/605 474/474
f 491/491 387/387 1558/1558
f 491/491 1558/1558 2142/2142
f 491/491 2142/2142 1890/1890
f 491/491 1890/1890 2467/2467
f 491/491 2467/2467 837/837
f 491/491 837/837 751/751
f 491/491 751/751 839/839
f 491/491 839/839 387/387
f 609/609 750/750 842/842
f 609/609 842/842 1648/1648
f 609/609 1648/1648 840/840
f 609/609 840/840 752/752
f 609/609 752/752 836/836
f 609/609 836/836 529/529
f 609/609 529/529 834/834
f 609/609 834/834 750/750
f 1848/1848 2296/2296 2050/2050
f 1848/1848 2050/2050 1754/1754
f 1848/1848 1754/1754 143/143
f 1848/1848 143/143 2135/2135
f 1848/1848 2135/2135 1889/1889
f 1848/1848 1889/1889 1481/1481
f 1848/1848 1481/1481 2434/2434
f 1848/1848 2434/2434 2296/2296
f 1934/1934 2510/2510 1497/1497
f 1934/1934 1497/1497 1965/1965
f 1934/1934 1965/1965 230/230
f 1934/1934 230/230 201/201
f 1934/1934 201/201 143/143
f 1934/1934 143/143 1754/1754
f 1934/1934 1754/1754 2050/2050
f 1934/1934 2050/2050 2510/2510
f 2580/2580 1619/1619 1654/1654
f 2580/2580 1654/1654 1565/1565
f 2580/2580 1565/1565 231/231
f 2580/2580 231/231 202/202
f 2580/2580 202/202 144/144
f 2580/2580 144/144 1073/1073
f 2580/2580 1073/1073 1605/1605
f 2580/2580 1605/1605 1619/1619
f 1902/1902 2645/2645 1605/1605
f 1902/1902 1605/1605 1073/1073
f 1902/1902 1073/1073 144/144
f 1902/1902 144/144 2136/2136
f 1902/1902 2136/2136 1890/1890
f 1902/1902 1890/1890 2142/2142
f 1902/1902 2142/2142 1558/1558
f 1902/1902 1558/1558 2645/2645
f 1126/1126 91/91 1408/1408
f 1126/1126 1408/1408 1388/1388
f 1126/1126 1388/1388 2377/2377
f 1126/1126 2377/2377 1499/1499
f 1126/1126 1499/1499 231/231
f 1126/1126 231/231 1565/1565
f 1126/1126 1565/1565 1654/1654
f 1126/1126 1654/1654 91/91
f 950/950 2148/2148 1491/1491
f 950/950 1491/1491 2702/2702
f 950/950 2702/2702 1261/1261
f 950/950 1261/1261 1423/1423
f 950/950 1423/1423 2376/2376
f 950/950 2376/2376 2637/2637
f 950/950 2637/2637 1003/1003
f 950/950 1003/1003 2148/2148
f 394/394 2679/2679 1003/1003
f 394/394 1003/1003 2637/2637
f 394/394 2637/2637 2376/2376
f 394/394 2376/2376 1498/1498
f 394/394 1498/1498 230/230
f 394/394 230/230 1965/1965
f 394/394 1965/1965 1497/1497
f 394/394 1497/1497 2679/2679
f 1322/1322 1589/1589 2641/2641
f 1322/1322 2641/2641 2359/2359
f 1322/1322 2359/2359 2204/2204
f 1322/1322 2204/2204 1222/1222
f 1322/1322 1222/1222 1261/1261
f 1322/1322 1261/1261 2702/2702
f 1322/1322 2702/2702 1491/1491
f 1322/1322 1491/1491 1589/1589
f 1897/1897 95/95 1264/1264
f 1897/1897 1264/1264 182/182
f 1897/1897 182/182 2205/2205
f 1897/1897 2205/2205 1223/1223
f 1897/1897 1223/1223 1262/1262
f 1897/1897 1262/1262 2495/2495
f 1897/1897 2495/2495 2566/2566
f 1897/1897 2566/2566 95/95
f 2358/2358 402/402 2566/2566
f 2358/2358 2566/2566 2495/2495
f 2358/2358 2495/2495 1262/1262
f 2358/2358 1262/1262 280/280
f 2358/2358 280/280 2377/2377
f 2358/2358 2377/2377 1388/1388
f 2358/2358 1388/1388 1408/1408
f 2358/2358 1408/1408 402/402
f 659/659 1638/1638 2717/2717
f 659/659 2717/2717 47/47
f 659/659 47/47 1058/1058
f 659/659 1058/1058 2673/2673
f 659/659 2673/2673 2205/2205
f 659/659 2205/2205 182/182
f 659/659 182/182 1264/1264
f 659/659 1264/1264 1638/1638
f 34/34 306/306 2563/2563
f 34/34 2563/2563 1208/1208
f 34/34 1208/1208 1057/1057
f 34/34 1057/1057 2672/2672
f 34/34 2672/2672 2204/2204
f 34/34 2204/2204 2359/2359
f 34/34 2359/2359 2641/2641
f 34/34 2641/2641 306/306
f 1314/1314 2252/2252 337/337
f 1314/1314 337/337 450/450
f 1314/1314 450/450 2492/2492
f 1314/1314 2492/2492 552/552
f 1314/1314 552/552 93/93
f 1314/1314 93/93 1837/1837
f 1314/1314 1837/1837 1740/1740
f 1314/1314 1740/1740 2252/2252
f 2624/2624 47/47 2717/2717
f 2624/2624 2717/2717 2564/2564
f 2624/2624 2564/2564 336/336
f 2624/2624 336/336 451/451
f 2624/2624 451/451 2493/2493
f 2624/2624 2493/2493 1918/1918
f 2624/2624 1918/1918 1058/1058
f 2624/2624 1058/1058 47/47
f 989/989 1208/1208 2563/2563
f 989/989 2563/2563 2287/2287
f 989/989 2287/2287 119/119
f 989/989 119/119 1579/1579
f 989/989 1579/1579 2492/2492
f 989/989 2492/2492 1917/1917
f 989/989 1917/1917 1057/1057
f 989/989 1057/1057 1208/1208
f 199/199 401/401 539/539
f 199/199 539/539 1280/1280
f 199/199 1280/1280 2671/2671
f 199/199 2671/2671 2285/2285
f 199/199 2285/2285 1699/1699
f 199/199 1699/1699 78/78
f 199/199 78/78 228/228
f 199/199 228/228 401/401
f 1900/1900 2285/2285 2671/2671
f 1900/1900 2671/2671 2192/2192
f 1900/1900 2192/2192 1041/1041
f 1900/1900 1041/1041 2284/2284
f 1900/1900 2284/2284 1698/1698
f 1900/1900 1698/1698 356/356
f 1900/1900 356/356 1699/1699
f 1900/1900 1699/1699 2285/2285
f 200/200 2284/2284 1041/1041
f 200/200 1041/1041 1281/1281
f 200/200 1281/1281 538/538
f 200/200 538/538 400/400
f 200/200 400/400 229/229
f 200/200 229/229 79/79
f 200/200 79/79 1698/1698
f 200/200 1698/1698 2284/2284
f 2054/2054 696/696 2190/2190
f 2054/2054 2190/2190 1139/1139
f 2054/2054 1139/1139 1108/1108
f 2054/2054 1108/1108 2052/2052
f 2054/2054 2052/2052 229/229
f 2054/2054 229/229 400/400
f 2054/2054 400/400 538/538
f 2054/2054 538/538 696/696
f 489/489 2086/2086 2486/2486
f 489/489 2486/2486 494/494
f 489/489 494/494 1972/1972
f 489/489 1972/1972 2393/2393
f 489/489 2393/2393 225/225
f 489/489 225/225 1406/1406
f 489/489 1406/1406 708/708
f 489/489 708/708 2086/2086
f 499/499 1742/1742 2191/2191
f 499/499 2191/2191 2303/2303
f 499/499 2303/2303 2486/2486
f 499/499 2486/2486 2086/2086
f 499/499 2086/2086 708/708
f 499/499 708/708 63/63
f 499/499 63/63 539/539
f 499/499 539/539 1742/1742
f 42/42 2393/2393 1972/1972
f 42/42 1972/1972 2644/2644
f 42/42 2644/2644 951/951
f 42/42 951/951 2394/2394
f 42/42 2394/2394 224/224
f 42/42 224/224 1713/1713
f 42/42 1713/1713 225/225
f 42/42 225/225 2393/2393
f 900/900 2052/2052 1108/1108
f 900/900 1108/1108 896/896
f 900/900 896/896 2306/2306
f 900/900 2306/2306 1122/1122
f 900/900 1122/1122 1698/1698
f 900/900 1698/1698 79/79
f 900/900 79/79 229/229
f 900/900 229/229 2052/2052
f 2053/2053 331/331 1107/1107
f 2053/2053 1107/1107 1140/1140
f 2053/2053 1140/1140 2191/2191
f 2053/2053 2191/2191 1742/1742
f 2053/2053 1742/1742 539/539
f 2053/2053 539/539 401/401
f 2053/2053 401/401 228/228
f 2053/2053 228/228 331/331
f 500/500 2085/2085 2487/2487
f 500/500 2487/2487 2302/2302
f 500/500 2302/2302 2190/2190
f 500/500 2190/2190 696/696
f 500/500 696/696 538/538
f 500/500 538/538 62/62
f 500/500 62/62 709/709
f 500/500 709/709 2085/2085
f 449/449 2500/2500 224/224
f 449/449 224/224 1407/1407
f 449/449 1407/1407 709/709
f 449/449 709/709 62/62
f 449/449 62/62 538/538
f 449/449 538/538 1281/1281
f 449/449 1281/1281 1041/1041
f 449/449 1041/1041 2500/2500
f 2089/2089 2501/2501 225/225
f 2089/2089 225/225 1713/1713
f 2089/2089 1713/1713 224/224
f 2089/2089 224/224 2500/2500
f 2089/2089 2500/2500 1041/1041
f 2089/2089 1041/1041 2192/2192
f 2089/2089 2192/2192 2671/2671
f 2089/2089 2671/2671 2501/2501
f 448/448 63/63 708/708
f 448/448 708/708 1406/1406
f 448/448 1406/1406 225/225
f 448/448 225/225 2501/2501
f 448/448 2501/2501 2671/2671
f 448/448 2671/2671 1280/1280
f 448/448 1280/1280 539/539
f 448/448 539/539 63/63
f 2254/2254 502/502 1740/1740
f 2254/2254 1740/1740 1837/1837
f 2254/2254 1837/1837 93/93
f 2254/2254 93/93 2094/2094
f 2254/2254 2094/2094 227/227
f 2254/2254 227/227 1503/1503
f 2254/2254 1503/1503 2474/2474
f 2254/2254 2474/2474 502/502
f 1723/1723 501/501 1739/1739
f 1723/1723 1739/1739 218/218
f 1724/1724 219/219 1740/1740
f 1724/1724 1740/1740 502/502
f 1724/1724 502/502 2474/2474
f 1724/1724 2474/2474 1027/1027
f 1723/1723 1026/1026 2473/2473
f 1723/1723 2473/2473 501/501
f 2255/2255 2093/2093 94/94
f 2255/2255 94/94 1838/1838
f 2255/2255 1838/1838 1739/1739
f 2255/2255 1739/1739 501/501
f 2255/2255 501/501 2473/2473
f 2255/2255 2473/2473 1504/1504
f 2255/2255 1504/1504 226/226
f 2255/2255 226/226 2093/2093
f 2465/2465 1402/1402 768/768
f 2465/2465 768/768 2261/2261
f 2465/2465 2261/2261 2598/2598
f 2465/2465 2598/2598 1159/1159
f 2465/2465 1159/1159 2459/2459
f 2465/2465 2459/2459 2012/2012
f 2465/2465 2012/2012 2028/2028
f 2465/2465 2028/2028 1402/1402
f 2101/2101 86/86 1888/1888
f 2101/2101 1888/1888 2043/2043
f 2101/2101 2043/2043 2597/2597
f 2101/2101 2597/2597 1158/1158
f 2101/2101 1158/1158 2458/2458
f 2101/2101 2458/2458 2511/2511
f 2101/2101 2511/2511 2595/2595
f 2101/2101 2595/2595 86/86
f 2464/2464 1158/1158 2597/2597
f 2464/2464 2597/2597 2260/2260
f 2464/2464 2260/2260 769/769
f 2464/2464 769/769 1403/1403
f 2464/2464 1403/1403 2029/2029
f 2464/2464 2029/2029 2011/2011
f 2464/2464 2011/2011 2458/2458
f 2464/2464 2458/2458 1158/1158
f 2102/2102 1159/1159 2598/2598
f 2102/2102 2598/2598 2044/2044
f 2102/2102 2044/2044 1887/1887
f 2102/2102 1887/1887 85/85
f 2102/2102 85/85 2594/2594
f 2102/2102 2594/2594 2512/2512
f 2102/2102 2512/2512 2459/2459
f 2102/2102 2459/2459 1159/1159
f 322/322 85/85 1887/1887
f 322/322 1887/1887 550/550
f 323/323 551/551 1888/1888
f 323/323 1888/1888 86/86
f 323/323 86/86 2595/2595
f 323/323 2595/2595 1401/1401
f 322/322 1400/1400 2594/2594
f 322/322 2594/2594 85/85
f 35/35 1403/1403 769/769
f 35/35 769/769 2412/2412
f 35/35 2412/2412 768/768
f 35/35 768/768 1402/1402
f 35/35 1402/1402 2028/2028
f 35/35 2028/2028 2027/2027
f 35/35 2027/2027 2029/2029
f 35/35 2029/2029 1403/1403
f 1221/1221 2698/2698 94/94
f 1221/1221 94/94 2093/2093
f 1221/1221 2093/2093 226/226
f 1221/1221 226/226 497/497
f 1220/1220 498/498 151/151
f 1220/1220 151/151 1353/1353
f 1220/1220 1353/1353 671/671
f 1220/1220 671/671 2699/2699
f 2007/2007 2440/2440 2597/2597
f 2007/2007 2597/2597 424/424
f 2007/2007 424/424 227/227
f 2007/2007 227/227 495/495
f 2006/2006 496/496 150/150
f 2006/2006 150/150 1480/1480
f 2006/2006 1480/1480 649/649
f 2006/2006 649/649 2441/2441
f 1789/1789 2438/2438 2598/2598
f 1789/1789 2598/2598 2261/2261
f 1789/1789 2261/2261 768/768
f 1789/1789 768/768 2206/2206
f 1790/1790 2207/2207 2344/2344
f 1790/1790 2344/2344 2014/2014
f 1790/1790 2014/2014 650/650
f 1790/1790 650/650 2439/2439
f 2471/2471 465/465 1380/1380
f 2471/2471 1380/1380 1357/1357
f 2471/2471 1357/1357 1379/1379
f 2471/2471 1379/1379 462/462
f 2472/2472 463/463 2083/2083
f 2472/2472 2083/2083 2015/2015
f 2472/2472 2015/2015 2084/2084
f 2472/2472 2084/2084 464/464
f 1219/1219 495/495 227/227
f 1219/1219 227/227 2094/2094
f 1219/1219 2094/2094 93/93
f 1219/1219 93/93 2700/2700
f 1218/1218 2701/2701 2332/2332
f 1218/1218 2332/2332 1354/1354
f 1218/1218 1354/1354 150/150
f 1218/1218 150/150 496/496
f 68/68 2700/2700 93/93
f 68/68 93/93 746/746
f 68/68 746/746 1380/1380
f 68/68 1380/1380 465/465
f 69/69 464/464 2084/2084
f 69/69 2084/2084 1778/1778
f 69/69 1778/1778 2332/2332
f 69/69 2332/2332 2701/2701
f 2009/2009 497/497 226/226
f 2009/2009 226/226 423/423
f 2009/2009 423/423 2598/2598
f 2009/2009 2598/2598 2438/2438
f 2008/2008 2439/2439 650/650
f 2008/2008 650/650 1479/1479
f 2008/2008 1479/1479 151/151
f 2008/2008 151/151 498/498
f 66/66 462/462 1379/1379
f 66/66 1379/1379 747/747
f 66/66 747/747 94/94
f 66/66 94/94 2698/2698
f 67/67 2699/2699 671/671
f 67/67 671/671 1779/1779
f 67/67 1779/1779 2083/2083
f 67/67 2083/2083 463/463
f 1791/1791 2209/2209 769/769
f 1791/1791 769/769 2260/2260
f 1791/1791 2260/2260 2597/2597
f 1791/1791 2597/2597 2440/2440
f 1792/1792 2441/2441 649/649
f 1792/1792 649/649 2013/2013
f 1792/1792 2013/2013 2345/2345
f 1792/1792 2345/2345 2208/2208
f 1494/1494 2206/2206 768/768
f 1494/1494 768/768 2412/2412
f 1494/1494 2412/2412 769/769
f 1494/1494 769/769 2209/2209
f 1495/1495 2208/2208 2345/2345
f 1495/1495 2345/2345 2268/2268
f 1495/1495 2268/2268 2344/2344
f 1495/1495 2344/2344 2207/2207
f 1243/1243 577/577 671/671
f 1243/1243 671/671 1353/1353
f 1243/1243 1353/1353 151/151
f 1243/1243 151/151 970/970
f 1243/1243 970/970 2190/2190
f 1243/1243 2190/2190 2302/2302
f 1243/1243 2302/2302 2487/2487
f 1243/1243 2487/2487 577/577
f 925/925 2385/2385 649/649
f 925/925 649/649 1480/1480
f 925/925 1480/1480 150/150
f 925/925 150/150 969/969
f 925/925 969/969 2191/2191
f 925/925 2191/2191 1140/1140
f 925/925 1140/1140 1107/1107
f 925/925 1107/1107 2385/2385
f 1148/1148 2386/2386 650/650
f 1148/1148 650/650 2014/2014
f 1148/1148 2014/2014 2344/2344
f 1148/1148 2344/2344 2476/2476
f 1148/1148 2476/2476 2306/2306
f 1148/1148 2306/2306 896/896
f 1148/1148 896/896 1108/1108
f 1148/1148 1108/1108 2386/2386
f 2182/2182 1455/1455 2084/2084
f 2182/2182 2084/2084 2015/2015
f 2182/2182 2015/2015 2083/2083
f 2182/2182 2083/2083 1456/1456
f 2182/2182 1456/1456 951/951
f 2182/2182 951/951 2644/2644
f 2182/2182 2644/2644 1972/1972
f 2182/2182 1972/1972 1455/1455
f 1242/1242 969/969 150/150
f 1242/1242 150/150 1354/1354
f 1242/1242 1354/1354 2332/2332
f 1242/1242 2332/2332 576/576
f 1242/1242 576/576 2486/2486
f 1242/1242 2486/2486 2303/2303
f 1242/1242 2303/2303 2191/2191
f 1242/1242 2191/2191 969/969
f 11/11 576/576 2332/2332
f 11/11 2332/2332 1778/1778
f 11/11 1778/1778 2084/2084
f 11/11 2084/2084 1455/1455
f 11/11 1455/1455 1972/1972
f 11/11 1972/1972 494/494
f 11/11 494/494 2486/2486
f 11/11 2486/2486 576/576
f 926/926 970/970 151/151
f 926/926 151/151 1479/1479
f 926/926 1479/1479 650/650
f 926/926 650/650 2386/2386
f 926/926 2386/2386 1108/1108
f 926/926 1108/1108 1139/1139
f 926/926 1139/1139 2190/2190
f 926/926 2190/2190 970/970
f 12/12 1456/1456 2083/2083
f 12/12 2083/2083 1779/1779
f 12/12 1779/1779 671/671
f 12/12 671/671 577/577
f 12/12 577/577 2487/2487
f 12/12 2487/2487 493/493
f 12/12 493/493 951/951
f 12/12 951/951 1456/1456
f 1147/1147 2475/2475 2345/2345
f 1147/1147 2345/2345 2013/2013
f 1147/1147 2013/2013 649/649
f 1147/1147 649/649 2385/2385
f 1147/1147 2385/2385 1107/1107
f 1147/1147 1107/1107 897/897
f 1147/1147 897/897 2307/2307
f 1147/1147 2307/2307 2475/2475
f 549/549 2476/2476 2344/2344
f 549/549 2344/2344 2268/2268
f 549/549 2268/2268 2345/2345
f 549/549 2345/2345 2475/2475
f 549/549 2475/2475 2307/2307
f 549/549 2307/2307 208/208
f 549/549 208/208 2306/2306
f 549/549 2306/2306 2476/2476
f 2021/2021 2642/2642 1828/1828
f 2021/2021 1828/1828 1266/1266
f 2021/2021 2559/2559 357/357
f 2021/2021 357/357 2642/2642
f 2021/2021 1452/1452 1921/1921
f 2021/2021 1921/1921 2559/2559
f 2021/2021 1266/1266 583/583
f 2021/2021 583/583 1452/1452
f 276/276 1452/1452 583/583
f 276/276 583/583 2221/2221
f 276/276 868/868 1921/1921
f 276/276 1921/1921 1452/1452
f 277/277 1451/1451 1920/1920
f 277/277 1920/1920 869/869
f 277/277 2222/2222 582/582
f 277/277 582/582 1451/1451
f 1772/1772 2643/2643 1829/1829
f 1772/1772 1829/1829 987/987
f 1772/1772 2270/2270 358/358
f 1772/1772 358/358 2643/2643
f 1772/1772 2469/2469 205/205
f 1772/1772 205/205 2270/2270
f 1772/1772 987/987 1650/1650
f 1772/1772 1650/1650 2469/2469
f 1483/1483 2469/2469 1650/1650
f 1483/1483 1650/1650 635/635
f 1483/1483 1950/1950 205/205
f 1483/1483 205/205 2469/2469
f 1483/1483 2470/2470 206/206
f 1483/1483 206/206 1950/1950
f 1483/1483 635/635 1651/1651
f 1483/1483 1651/1651 2470/2470
f 318/318 2221/2221 583/583
f 318/318 583/583 1523/1523
f 319/319 1522/1522 582/582
f 319/319 582/582 2222/2222
f 319/319 1879/1879 211/211
f 319/319 211/211 1522/1522
f 318/318 1523/1523 212/212
f 318/318 212/212 1878/1878
f 452/452 2269/2269 357/357
f 452/452 357/357 1390/1390
f 452/452 1247/1247 206/206
f 452/452 206/206 2269/2269
f 452/452 1606/1606 2017/2017
f 452/452 2017/2017 1247/1247
f 452/452 1390/1390 1127/1127
f 452/452 1127/1127 1606/1606
f 2322/2322 253/253 1372/1372
f 2322/2322 1372/1372 624/624
f 2322/2322 625/625 1373/1373
f 2322/2322 1373/1373 253/253
f 2322/2322 832/832 657/657
f 2322/2322 657/657 625/625
f 2322/2322 624/624 1715/1715
f 2322/2322 1715/1715 832/832
f 2108/2108 1266/1266 1828/1828
f 2108/2108 1828/1828 1661/1661
f 2108/2108 1523/1523 583/583
f 2108/2108 583/583 1266/1266
f 2108/2108 915/915 212/212
f 2108/2108 212/212 1523/1523
f 2108/2108 1661/1661 367/367
f 2108/2108 367/367 915/915
f 798/798 987/987 1829/1829
f 798/798 1829/1829 1662/1662
f 798/798 1516/1516 1650/1650
f 798/798 1650/1650 987/987
f 798/798 574/574 1372/1372
f 798/798 1372/1372 1516/1516
f 798/798 1662/1662 1502/1502
f 798/798 1502/1502 574/574
f 1563/1563 635/635 1650/1650
f 1563/1563 1650/1650 1516/1516
f 1563/1563 1517/1517 1651/1651
f 1563/1563 1651/1651 635/635
f 1563/1563 253/253 1373/1373
f 1563/1563 1373/1373 1517/1517
f 1563/1563 1516/1516 1372/1372
f 1563/1563 1372/1372 253/253
f 2305/2305 714/714 73/73
f 2305/2305 73/73 329/329
f 2305/2305 2523/2523 1715/1715
f 2305/2305 1715/1715 714/714
f 2305/2305 2129/2129 1644/1644
f 2305/2305 1644/1644 2523/2523
f 2305/2305 329/329 21/21
f 2305/2305 21/21 2129/2129
f 1268/1268 1878/1878 212/212
f 1268/1268 212/212 2274/2274
f 1269/1269 2273/2273 211/211
f 1269/1269 211/211 1879/1879
f 1269/1269 2593/2593 602/602
f 1269/1269 602/602 2273/2273
f 1268/1268 2274/2274 1673/1673
f 1268/1268 1673/1673 2592/2592
f 2660/2660 574/574 1502/1502
f 2660/2660 1502/1502 872/872
f 2660/2660 624/624 1372/1372
f 2660/2660 1372/1372 574/574
f 2660/2660 714/714 1715/1715
f 2660/2660 1715/1715 624/624
f 2660/2660 872/872 73/73
f 2660/2660 73/73 714/714
f 124/124 915/915 367/367
f 124/124 367/367 873/873
f 124/124 2274/2274 212/212
f 124/124 212/212 915/915
f 124/124 2152/2152 1673/1673
f 124/124 1673/1673 2274/2274
f 124/124 873/873 72/72
f 124/124 72/72 2152/2152
f 706/706 1123/1123 20/20
f 706/706 20/20 2391/2391
f 706/706 932/932 2267/2267
f 706/706 2267/2267 1123/1123
f 706/706 1671/1671 1881/1881
f 706/706 1881/1881 932/932
f 706/706 2391/2391 661/661
f 706/706 661/661 1671/1671
f 2477/2477 2152/2152 72/72
f 2477/2477 72/72 328/328
f 2477/2477 37/37 1673/1673
f 2477/2477 1673/1673 2152/2152
f 2477/2477 1123/1123 2267/2267
f 2477/2477 2267/2267 37/37
f 2477/2477 328/328 20/20
f 2477/2477 20/20 1123/1123
f 828/828 832/832 1715/1715
f 828/828 1715/1715 2523/2523
f 828/828 2524/2524 657/657
f 828/828 657/657 832/832
f 828/828 1809/1809 1645/1645
f 828/828 1645/1645 2524/2524
f 828/828 2523/2523 1644/1644
f 828/828 1644/1644 1809/1809
f 30/30 2592/2592 1673/1673
f 30/30 1673/1673 37/37
f 31/31 36/36 602/602
f 31/31 602/602 2593/2593
f 31/31 2309/2309 2266/2266
f 31/31 2266/2266 36/36
f 30/30 37/37 2267/2267
f 30/30 2267/2267 2308/2308
f 2568/2568 404/404 1312/1312
f 2568/2568 1312/1312 634/634
f 2568/2568 2277/2277 1313/1313
f 2568/2568 1313/1313 404/404
f 2568/2568 570/570 2124/2124
f 2568/2568 2124/2124 2277/2277
f 2568/2568 634/634 2125/2125
f 2568/2568 2125/2125 570/570
f 2183/2183 1809/1809 1644/1644
f 2183/2183 1644/1644 1957/1957
f 2183/2183 1958/1958 1645/1645
f 2183/2183 1645/1645 1809/1809
f 2183/2183 404/404 1313/1313
f 2183/2183 1313/1313 1958/1958
f 2183/2183 1957/1957 1312/1312
f 2183/2183 1312/1312 404/404
f 209/209 2308/2308 2267/2267
f 209/209 2267/2267 932/932
f 210/210 931/931 2266/2266
f 210/210 2266/2266 2309/2309
f 210/210 2276/2276 1880/1880
f 210/210 1880/1880 931/931
f 209/209 932/932 1881/1881
f 209/209 1881/1881 2275/2275
f 586/586 2129/2129 21/21
f 586/586 21/21 2392/2392
f 586/586 1957/1957 1644/1644
f 586/586 1644/1644 2129/2129
f 586/586 1592/1592 1312/1312
f 586/586 1312/1312 1957/1957
f 586/586 2392/2392 662/662
f 586/586 662/662 1592/1592
f 2764/2764 2132/2132 1217/1217
f 2764/2764 1217/1217 2048/2048
f 2764/2764 935/935 2125/2125
f 2764/2764 2125/2125 2132/2132
f 2764/2764 1325/1325 1560/1560
f 2764/2764 1560/1560 935/935
f 2764/2764 2048/2048 2272/2272
f 2764/2764 2272/2272 1325/1325
f 571/571 2275/2275 1881/1881
f 571/571 1881/1881 1302/1302
f 572/572 1301/1301 1880/1880
f 572/572 1880/1880 2276/2276
f 572/572 1945/1945 1350/1350
f 572/572 1350/1350 1301/1301
f 571/571 1302/1302 1349/1349
f 571/571 1349/1349 1944/1944
f 992/992 1592/1592 662/662
f 992/992 662/662 2747/2747
f 992/992 634/634 1312/1312
f 992/992 1312/1312 1592/1592
f 992/992 2132/2132 2125/2125
f 992/992 2125/2125 634/634
f 992/992 2747/2747 1217/1217
f 992/992 1217/1217 2132/2132
f 1064/1064 1671/1671 661/661
f 1064/1064 661/661 2746/2746
f 1064/1064 1302/1302 1881/1881
f 1064/1064 1881/1881 1671/1671
f 1064/1064 1526/1526 1349/1349
f 1064/1064 1349/1349 1302/1302
f 1064/1064 2746/2746 1216/1216
f 1064/1064 1216/1216 1526/1526
f 2650/2650 1631/1631 1560/1560
f 2650/2650 1560/1560 17/17
f 2650/2650 16/16 1559/1559
f 2650/2650 1559/1559 1631/1631
f 2650/2650 1531/1531 123/123
f 2650/2650 123/123 16/16
f 2650/2650 17/17 121/121
f 2650/2650 121/121 1531/1531
f 858/858 1526/1526 1216/1216
f 858/858 1216/1216 2047/2047
f 858/858 2058/2058 1349/1349
f 858/858 1349/1349 1526/1526
f 858/858 1694/1694 2126/2126
f 858/858 2126/2126 2058/2058
f 858/858 2047/2047 2271/2271
f 858/858 2271/2271 1694/1694
f 2301/2301 570/570 2125/2125
f 2301/2301 2125/2125 935/935
f 2301/2301 936/936 2124/2124
f 2301/2301 2124/2124 570/570
f 2301/2301 1631/1631 1559/1559
f 2301/2301 1559/1559 936/936
f 2301/2301 935/935 1560/1560
f 2301/2301 1560/1560 1631/1631
f 1273/1273 1944/1944 1349/1349
f 1273/1273 1349/1349 2058/2058
f 1272/1272 2057/2057 1350/1350
f 1272/1272 1350/1350 1945/1945
f 1272/1272 726/726 2127/2127
f 1272/1272 2127/2127 2057/2057
f 1273/1273 2058/2058 2126/2126
f 1273/1273 2126/2126 727/727
f 1321/1321 2049/2049 2631/2631
f 1321/1321 2631/2631 2112/2112
f 1321/1321 2114/2114 1578/1578
f 1321/1321 1578/1578 2049/2049
f 1321/1321 1532/1532 120/120
f 1321/1321 120/120 2114/2114
f 1321/1321 2112/2112 122/122
f 1321/1321 122/122 1532/1532
f 1734/1734 727/727 2126/2126
f 1734/1734 2126/2126 2456/2456
f 1733/1733 2457/2457 2127/2127
f 1733/1733 2127/2127 726/726
f 1733/1733 2491/2491 338/338
f 1733/1733 338/338 2457/2457
f 1734/1734 2456/2456 2055/2055
f 1734/1734 2055/2055 2489/2489
f 927/927 1325/1325 2272/2272
f 927/927 2272/2272 2122/2122
f 927/927 17/17 1560/1560
f 927/927 1560/1560 1325/1325
f 927/927 2113/2113 121/121
f 927/927 121/121 17/17
f 927/927 2122/2122 1577/1577
f 927/927 1577/1577 2113/2113
f 2364/2364 1694/1694 2271/2271
f 2364/2364 2271/2271 2123/2123
f 2364/2364 2456/2456 2126/2126
f 2364/2364 2126/2126 1694/1694
f 2364/2364 533/533 2055/2055
f 2364/2364 2055/2055 2456/2456
f 2364/2364 2123/2123 2632/2632
f 2364/2364 2632/2632 533/533
f 2116/2116 1501/1501 1725/1725
f 2116/2116 1725/1725 2599/2599
f 2116/2116 1544/1544 952/952
f 2116/2116 952/952 1501/1501
f 2116/2116 2499/2499 1240/1240
f 2116/2116 1240/1240 1544/1544
f 2116/2116 2599/2599 2570/2570
f 2116/2116 2570/2570 2499/2499
f 117/117 1950/1950 206/206
f 117/117 206/206 1247/1247
f 117/117 1246/1246 205/205
f 117/117 205/205 1950/1950
f 117/117 112/112 2016/2016
f 117/117 2016/2016 1246/1246
f 117/117 1247/1247 2017/2017
f 117/117 2017/2017 112/112
f 1761/1761 869/869 1920/1920
f 1761/1761 1920/1920 87/87
f 1760/1760 88/88 1921/1921
f 1760/1760 1921/1921 868/868
f 1760/1760 18/18 1235/1235
f 1760/1760 1235/1235 88/88
f 1761/1761 87/87 1234/1234
f 1761/1761 1234/1234 19/19
f 743/743 2560/2560 358/358
f 743/743 358/358 1391/1391
f 743/743 87/87 1920/1920
f 743/743 1920/1920 2560/2560
f 743/743 1732/1732 1234/1234
f 743/743 1234/1234 87/87
f 743/743 1391/1391 1128/1128
f 743/743 1128/1128 1732/1732
f 1969/1969 1741/1741 1001/1001
f 1969/1969 1001/1001 100/100
f 1969/1969 99/99 1000/1000
f 1969/1969 1000/1000 1741/1741
f 1969/1969 1381/1381 2023/2023
f 1969/1969 2023/2023 99/99
f 1969/1969 100/100 2026/2026
f 1969/1969 2026/2026 1381/1381
f 2156/2156 1190/1190 2688/2688
f 2156/2156 2688/2688 104/104
f 2156/2156 103/103 2689/2689
f 2156/2156 2689/2689 1190/1190
f 2156/2156 1279/1279 1857/1857
f 2156/2156 1857/1857 103/103
f 2156/2156 104/104 1856/1856
f 2156/2156 1856/1856 1279/1279
f 2155/2155 1877/1877 2689/2689
f 2155/2155 2689/2689 103/103
f 2155/2155 1422/1422 1784/1784
f 2155/2155 1784/1784 1877/1877
f 2155/2155 1046/1046 467/467
f 2155/2155 467/467 1422/1422
f 2155/2155 103/103 1857/1857
f 2155/2155 1857/1857 1046/1046
f 397/397 2526/2526 952/952
f 397/397 952/952 1544/1544
f 396/396 1545/1545 953/953
f 396/396 953/953 2525/2525
f 396/396 307/307 1241/1241
f 396/396 1241/1241 1545/1545
f 397/397 1544/1544 1240/1240
f 397/397 1240/1240 308/308
f 1143/1143 887/887 2646/2646
f 1143/1143 2646/2646 126/126
f 1143/1143 128/128 2648/2648
f 1143/1143 2648/2648 887/887
f 1143/1143 1382/1382 2025/2025
f 1143/1143 2025/2025 128/128
f 1143/1143 126/126 2024/2024
f 1143/1143 2024/2024 1382/1382
f 1743/1743 1437/1437 2330/2330
f 1743/1743 2330/2330 1404/1404
f 1744/1744 1405/1405 2331/2331
f 1744/1744 2331/2331 1438/1438
f 1744/1744 1376/1376 593/593
f 1744/1744 593/593 1405/1405
f 1743/1743 1404/1404 591/591
f 1743/1743 591/591 1375/1375
f 1911/1911 1851/1851 2088/2088
f 1911/1911 2088/2088 1530/1530
f 1911/1911 1404/1404 2330/2330
f 1911/1911 2330/2330 1851/1851
f 1911/1911 2443/2443 591/591
f 1911/1911 591/591 1404/1404
f 1911/1911 1530/1530 2647/2647
f 1911/1911 2647/2647 2443/2443
f 43/43 2004/2004 2087/2087
f 43/43 2087/2087 1529/1529
f 43/43 100/100 1001/1001
f 43/43 1001/1001 2004/2004
f 43/43 129/129 2026/2026
f 43/43 2026/2026 100/100
f 43/43 1529/1529 2649/2649
f 43/43 2649/2649 129/129
f 1912/1912 1850/1850 2331/2331
f 1912/1912 2331/2331 1405/1405
f 1912/1912 1529/1529 2087/2087
f 1912/1912 2087/2087 1850/1850
f 1912/1912 2444/2444 2649/2649
f 1912/1912 2649/2649 1529/1529
f 1912/1912 1405/1405 593/593
f 1912/1912 593/593 2444/2444
f 44/44 2005/2005 1000/1000
f 44/44 1000/1000 99/99
f 44/44 1530/1530 2088/2088
f 44/44 2088/2088 2005/2005
f 44/44 127/127 2647/2647
f 44/44 2647/2647 1530/1530
f 44/44 99/99 2023/2023
f 44/44 2023/2023 127/127
f 1203/1203 1374/1374 592/592
f 1203/1203 592/592 2442/2442
f 1203/1203 2445/2445 594/594
f 1203/1203 594/594 1374/1374
f 1203/1203 887/887 2648/2648
f 1203/1203 2648/2648 2445/2445
f 1203/1203 2442/2442 2646/2646
f 1203/1203 2646/2646 887/887
f 2115/2115 1500/1500 953/953
f 2115/2115 953/953 1545/1545
f 2115/2115 2600/2600 1726/1726
f 2115/2115 1726/1726 1500/1500
f 2115/2115 2498/2498 2569/2569
f 2115/2115 2569/2569 2600/2600
f 2115/2115 1545/1545 1241/1241
f 2115/2115 1241/1241 2498/2498
f 453/453 2270/2270 205/205
f 453/453 205/205 1246/1246
f 453/453 1391/1391 358/358
f 453/453 358/358 2270/2270
f 453/453 1607/1607 1128/1128
f 453/453 1128/1128 1391/1391
f 453/453 1246/1246 2016/2016
f 453/453 2016/2016 1607/1607
f 76/76 556/556 1439/1439
f 76/76 1439/1439 831/831
f 76/76 1141/1141 581/581
f 76/76 581/581 556/556
f 76/76 1192/1192 866/866
f 76/76 866/866 1141/1141
f 76/76 831/831 1967/1967
f 76/76 1967/1967 1192/1192
f 928/928 1324/1324 1559/1559
f 928/928 1559/1559 16/16
f 928/928 2123/2123 2271/2271
f 928/928 2271/2271 1324/1324
f 928/928 2111/2111 2632/2632
f 928/928 2632/2632 2123/2123
f 928/928 16/16 123/123
f 928/928 123/123 2111/2111
f 2363/2363 1695/1695 2127/2127
f 2363/2363 2127/2127 2457/2457
f 2363/2363 2122/2122 2272/2272
f 2363/2363 2272/2272 1695/1695
f 2363/2363 535/535 1577/1577
f 2363/2363 1577/1577 2122/2122
f 2363/2363 2457/2457 338/338
f 2363/2363 338/338 535/535
f 1608/1608 2490/2490 2056/2056
f 1608/1608 2056/2056 532/532
f 1608/1608 534/534 339/339
f 1608/1608 339/339 2490/2490
f 1608/1608 2049/2049 1578/1578
f 1608/1608 1578/1578 534/534
f 1608/1608 532/532 2631/2631
f 1608/1608 2631/2631 2049/2049
f 2763/2763 2131/2131 2124/2124
f 2763/2763 2124/2124 936/936
f 2763/2763 2047/2047 1216/1216
f 2763/2763 1216/1216 2131/2131
f 2763/2763 1324/1324 2271/2271
f 2763/2763 2271/2271 2047/2047
f 2763/2763 936/936 1559/1559
f 2763/2763 1559/1559 1324/1324
f 991/991 1591/1591 1313/1313
f 991/991 1313/1313 2277/2277
f 991/991 2746/2746 661/661
f 991/991 661/661 1591/1591
f 991/991 2131/2131 1216/1216
f 991/991 1216/1216 2746/2746
f 991/991 2277/2277 2124/2124
f 991/991 2124/2124 2131/2131
f 1065/1065 1672/1672 1880/1880
f 1065/1065 1880/1880 1301/1301
f 1065/1065 2747/2747 662/662
f 1065/1065 662/662 1672/1672
f 1065/1065 1527/1527 1217/1217
f 1065/1065 1217/1217 2747/2747
f 1065/1065 1301/1301 1350/1350
f 1065/1065 1350/1350 1527/1527
f 859/859 1527/1527 1350/1350
f 859/859 1350/1350 2057/2057
f 859/859 2048/2048 1217/1217
f 859/859 1217/1217 1527/1527
f 859/859 1695/1695 2272/2272
f 859/859 2272/2272 2048/2048
f 859/859 2057/2057 2127/2127
f 859/859 2127/2127 1695/1695
f 707/707 1124/1124 2266/2266
f 707/707 2266/2266 931/931
f 707/707 2392/2392 21/21
f 707/707 21/21 1124/1124
f 707/707 1672/1672 662/662
f 707/707 662/662 2392/2392
f 707/707 931/931 1880/1880
f 707/707 1880/1880 1672/1672
f 2304/2304 713/713 657/657
f 2304/2304 657/657 2524/2524
f 2304/2304 328/328 72/72
f 2304/2304 72/72 713/713
f 2304/2304 2128/2128 20/20
f 2304/2304 20/20 328/328
f 2304/2304 2524/2524 1645/1645
f 2304/2304 1645/1645 2128/2128
f 585/585 2128/2128 1645/1645
f 585/585 1645/1645 1958/1958
f 585/585 2391/2391 20/20
f 585/585 20/20 2128/2128
f 585/585 1591/1591 661/661
f 585/585 661/661 2391/2391
f 585/585 1958/1958 1313/1313
f 585/585 1313/1313 1591/1591
f 2659/2659 573/573 1373/1373
f 2659/2659 1373/1373 625/625
f 2659/2659 873/873 367/367
f 2659/2659 367/367 573/573
f 2659/2659 713/713 72/72
f 2659/2659 72/72 873/873
f 2659/2659 625/625 657/657
f 2659/2659 657/657 713/713
f 125/125 916/916 211/211
f 125/125 211/211 2273/2273
f 125/125 872/872 1502/1502
f 125/125 1502/1502 916/916
f 125/125 2153/2153 73/73
f 125/125 73/73 872/872
f 125/125 2273/2273 602/602
f 125/125 602/602 2153/2153
f 2478/2478 2153/2153 602/602
f 2478/2478 602/602 36/36
f 2478/2478 329/329 73/73
f 2478/2478 73/73 2153/2153
f 2478/2478 1124/1124 21/21
f 2478/2478 21/21 329/329
f 2478/2478 36/36 2266/2266
f 2478/2478 2266/2266 1124/1124
f 2109/2109 1267/1267 582/582
f 2109/2109 582/582 1522/1522
f 2109/2109 1662/1662 1829/1829
f 2109/2109 1829/1829 1267/1267
f 2109/2109 916/916 1502/1502
f 2109/2109 1502/1502 1662/1662
f 2109/2109 1522/1522 211/211
f 2109/2109 211/211 916/916
f 797/797 986/986 1651/1651
f 797/797 1651/1651 1517/1517
f 797/797 1661/1661 1828/1828
f 797/797 1828/1828 986/986
f 797/797 573/573 367/367
f 797/797 367/367 1661/1661
f 797/797 1517/1517 1373/1373
f 797/797 1373/1373 573/573
f 742/742 2559/2559 1921/1921
f 742/742 1921/1921 88/88
f 742/742 1390/1390 357/357
f 742/742 357/357 2559/2559
f 742/742 1731/1731 1127/1127
f 742/742 1127/1127 1390/1390
f 742/742 88/88 1235/1235
f 742/742 1235/1235 1731/1731
f 2022/2022 1451/1451 582/582
f 2022/2022 582/582 1267/1267
f 2022/2022 2560/2560 1920/1920
f 2022/2022 1920/1920 1451/1451
f 2022/2022 2643/2643 358/358
f 2022/2022 358/358 2560/2560
f 2022/2022 1267/1267 1829/1829
f 2022/2022 1829/1829 2643/2643
f 1771/1771 2470/2470 1651/1651
f 1771/1771 1651/1651 986/986
f 1771/1771 2269/2269 206/206
f 1771/1771 206/206 2470/2470
f 1771/1771 2642/2642 357/357
f 1771/1771 357/357 2269/2269
f 1771/1771 986/986 1828/1828
f 1771/1771 1828/1828 2642/2642
f 753/753 1174/1174 1783/1783
f 753/753 1783/1783 1831/1831
f 753/753 81/81 1418/1418
f 753/753 1418/1418 1174/1174
f 753/753 1046/1046 1857/1857
f 753/753 1857/1857 81/81
f 753/753 1831/1831 467/467
f 753/753 467/467 1046/1046
f 626/626 2341/2341 1418/1418
f 626/626 1418/1418 81/81
f 626/626 80/80 1417/1417
f 626/626 1417/1417 2341/2341
f 626/626 1279/1279 1856/1856
f 626/626 1856/1856 80/80
f 626/626 81/81 1857/1857
f 626/626 1857/1857 1279/1279
f 2413/2413 1175/1175 1417/1417
f 2413/2413 1417/1417 80/80
f 2413/2413 1830/1830 1782/1782
f 2413/2413 1782/1782 1175/1175
f 2413/2413 1047/1047 466/466
f 2413/2413 466/466 1830/1830
f 2413/2413 80/80 1856/1856
f 2413/2413 1856/1856 1047/1047
f 2709/2709 2582/2582 257/257
f 2709/2709 257/257 1709/1709
f 2709/2709 1421/1421 1785/1785
f 2709/2709 1785/1785 2582/2582
f 2709/2709 1830/1830 466/466
f 2709/2709 466/466 1421/1421
f 2709/2709 1709/1709 1782/1782
f 2709/2709 1782/1782 1830/1830
f 75/75 557/557 580/580
f 75/75 580/580 1142/1142
f 75/75 830/830 1440/1440
f 75/75 1440/1440 557/557
f 75/75 1191/1191 1968/1968
f 75/75 1968/1968 830/830
f 75/75 1142/1142 865/865
f 75/75 865/865 1191/1191
f 892/892 543/543 256/256
f 892/892 256/256 1708/1708
f 892/892 1142/1142 580/580
f 892/892 580/580 543/543
f 892/892 664/664 865/865
f 892/892 865/865 1142/1142
f 892/892 1708/1708 1783/1783
f 892/892 1783/1783 664/664
f 77/77 2633/2633 1440/1440
f 77/77 1440/1440 830/830
f 77/77 831/831 1439/1439
f 77/77 1439/1439 2633/2633
f 77/77 1389/1389 1967/1967
f 77/77 1967/1967 831/831
f 77/77 830/830 1968/1968
f 77/77 1968/1968 1389/1389
f 2154/2154 1876/1876 1785/1785
f 2154/2154 1785/1785 1421/1421
f 2154/2154 104/104 2688/2688
f 2154/2154 2688/2688 1876/1876
f 2154/2154 1047/1047 1856/1856
f 2154/2154 1856/1856 104/104
f 2154/2154 1421/1421 466/466
f 2154/2154 466/466 1047/1047
f 2708/2708 2583/2583 1784/1784
f 2708/2708 1784/1784 1422/1422
f 2708/2708 1708/1708 256/256
f 2708/2708 256/256 2583/2583
f 2708/2708 1831/1831 1783/1783
f 2708/2708 1783/1783 1708/1708
f 2708/2708 1422/1422 467/467
f 2708/2708 467/467 1831/1831
f 893/893 542/542 581/581
f 893/893 581/581 1141/1141
f 893/893 1709/1709 257/257
f 893/893 257/257 542/542
f 893/893 663/663 1782/1782
f 893/893 1782/1782 1709/1709
f 893/893 1141/1141 866/866
f 893/893 866/866 663/663
f 1603/1603 1192/1192 1967/1967
f 1603/1603 1967/1967 1024/1024
f 1603/1603 663/663 866/866
f 1603/1603 866/866 1192/1192
f 1603/1603 1175/1175 1782/1782
f 1603/1603 1782/1782 663/663
f 1603/1603 1024/1024 1417/1417
f 1603/1603 1417/1417 1175/1175
f 1528/1528 1389/1389 1968/1968
f 1528/1528 1968/1968 1025/1025
f 1528/1528 1024/1024 1967/1967
f 1528/1528 1967/1967 1389/1389
f 1528/1528 2341/2341 1417/1417
f 1528/1528 1417/1417 1024/1024
f 1528/1528 1025/1025 1418/1418
f 1528/1528 1418/1418 2341/2341
f 1602/1602 1191/1191 865/865
f 1602/1602 865/865 664/664
f 1602/1602 1025/1025 1968/1968
f 1602/1602 1968/1968 1191/1191
f 1602/1602 1174/1174 1418/1418
f 1602/1602 1418/1418 1025/1025
f 1602/1602 664/664 1783/1783
f 1602/1602 1783/1783 1174/1174
f 2561/2561 1731/1731 1235/1235
f 2561/2561 1235/1235 1923/1923
f 2561/2561 1601/1601 1127/1127
f 2561/2561 1127/1127 1731/1731
f 2561/2561 1500/1500 1726/1726
f 2561/2561 1726/1726 1601/1601
f 2561/2561 1923/1923 953/953
f 2561/2561 953/953 1500/1500
f 875/875 19/19 1234/1234
f 875/875 1234/1234 1922/1922
f 874/874 1923/1923 1235/1235
f 874/874 1235/1235 18/18
f 874/874 2525/2525 953/953
f 874/874 953/953 1923/1923
f 875/875 1922/1922 952/952
f 875/875 952/952 2526/2526
f 901/901 1732/1732 1128/1128
f 901/901 1128/1128 1600/1600
f 901/901 1922/1922 1234/1234
f 901/901 1234/1234 1732/1732
f 901/901 1501/1501 952/952
f 901/901 952/952 1922/1922
f 901/901 1600/1600 1725/1725
f 901/901 1725/1725 1501/1501
f 2681/2681 1515/1515 281/281
f 2681/2681 281/281 2395/2395
f 2681/2681 312/312 2570/2570
f 2681/2681 2570/2570 1515/1515
f 2681/2681 2005/2005 2088/2088
f 2681/2681 2088/2088 312/312
f 2681/2681 2395/2395 1000/1000
f 2681/2681 1000/1000 2005/2005
f 1377/1377 2498/2498 1241/1241
f 1377/1377 1241/1241 333/333
f 1377/1377 311/311 2569/2569
f 1377/1377 2569/2569 2498/2498
f 1377/1377 1850/1850 2087/2087
f 1377/1377 2087/2087 311/311
f 1377/1377 333/333 2331/2331
f 1377/1377 2331/2331 1850/1850
f 2680/2680 1514/1514 2569/2569
f 2680/2680 2569/2569 311/311
f 2680/2680 2396/2396 282/282
f 2680/2680 282/282 1514/1514
f 2680/2680 2004/2004 1001/1001
f 2680/2680 1001/1001 2396/2396
f 2680/2680 311/311 2087/2087
f 2680/2680 2087/2087 2004/2004
f 1378/1378 2499/2499 2570/2570
f 1378/1378 2570/2570 312/312
f 1378/1378 332/332 1240/1240
f 1378/1378 1240/1240 2499/2499
f 1378/1378 1851/1851 2330/2330
f 1378/1378 2330/2330 332/332
f 1378/1378 312/312 2088/2088
f 1378/1378 2088/2088 1851/1851
f 1556/1556 308/308 1240/1240
f 1556/1556 1240/1240 332/332
f 1555/1555 333/333 1241/1241
f 1555/1555 1241/1241 307/307
f 1555/1555 1438/1438 2331/2331
f 1555/1555 2331/2331 333/333
f 1556/1556 332/332 2330/2330
f 1556/1556 2330/2330 1437/1437
f 460/460 1926/1926 282/282
f 460/460 282/282 2396/2396
f 460/460 2395/2395 281/281
f 460/460 281/281 1926/1926
f 460/460 1741/1741 1000/1000
f 460/460 1000/1000 2395/2395
f 460/460 2396/2396 1001/1001
f 460/460 1001/1001 1741/1741
f 304/304 1600/1600 1128/1128
f 304/304 1128/1128 861/861
f 304/304 1844/1844 1725/1725
f 304/304 1725/1725 1600/1600
f 303/303 710/710 317/317
f 303/303 317/317 1845/1845
f 303/303 860/860 2092/2092
f 303/303 2092/2092 710/710
f 2265/2265 2600/2600 2569/2569
f 2265/2265 2569/2569 1068/1068
f 2265/2265 1842/1842 1726/1726
f 2265/2265 1726/1726 2600/2600
f 2264/2264 756/756 316/316
f 2264/2264 316/316 1843/1843
f 2264/2264 1069/1069 1396/1396
f 2264/2264 1396/1396 756/756
f 342/342 1515/1515 2570/2570
f 342/342 2570/2570 1067/1067
f 342/342 477/477 281/281
f 342/342 281/281 1515/1515
f 343/343 2450/2450 1840/1840
f 343/343 1840/1840 476/476
f 343/343 1066/1066 1397/1397
f 343/343 1397/1397 2450/2450
f 1652/1652 112/112 2017/2017
f 1652/1652 2017/2017 1096/1096
f 1652/1652 1094/1094 2016/2016
f 1652/1652 2016/2016 112/112
f 1653/1653 584/584 60/60
f 1653/1653 60/60 1093/1093
f 1653/1653 1095/1095 61/61
f 1653/1653 61/61 584/584
f 302/302 1601/1601 1726/1726
f 302/302 1726/1726 1842/1842
f 302/302 862/862 1127/1127
f 302/302 1127/1127 1601/1601
f 301/301 711/711 2091/2091
f 301/301 2091/2091 863/863
f 301/301 1843/1843 316/316
f 301/301 316/316 711/711
f 2035/2035 1606/1606 1127/1127
f 2035/2035 1127/1127 862/862
f 2035/2035 1096/1096 2017/2017
f 2035/2035 2017/2017 1606/1606
f 2034/2034 704/704 61/61
f 2034/2034 61/61 1095/1095
f 2034/2034 863/863 2091/2091
f 2034/2034 2091/2091 704/704
f 608/608 2599/2599 1725/1725
f 608/608 1725/1725 1844/1844
f 608/608 1067/1067 2570/2570
f 608/608 2570/2570 2599/2599
f 607/607 755/755 1397/1397
f 607/607 1397/1397 1066/1066
f 607/607 1845/1845 317/317
f 607/607 317/317 755/755
f 2032/2032 1607/1607 2016/2016
f 2032/2032 2016/2016 1094/1094
f 2032/2032 861/861 1128/1128
f 2032/2032 1128/1128 1607/1607
f 2033/2033 705/705 2092/2092
f 2033/2033 2092/2092 860/860
f 2033/2033 1093/1093 60/60
f 2033/2033 60/60 705/705
f 345/345 1514/1514 282/282
f 345/345 282/282 479/479
f 345/345 1068/1068 2569/2569
f 345/345 2569/2569 1514/1514
f 344/344 2449/2449 1396/1396
f 344/344 1396/1396 1069/1069
f 344/344 478/478 1841/1841
f 344/344 1841/1841 2449/2449
f 1144/1144 1926/1926 281/281
f 1144/1144 281/281 477/477
f 1144/1144 479/479 282/282
f 1144/1144 282/282 1926/1926
f 1145/1145 2323/2323 1841/1841
f 1145/1145 1841/1841 478/478
f 1145/1145 476/476 1840/1840
f 1145/1145 1840/1840 2323/2323
f 2321/2321 710/710 2092/2092
f 2321/2321 2092/2092 1271/1271
f 2321/2321 1995/1995 317/317
f 2321/2321 317/317 710/710
f 2321/2321 542/542 257/257
f 2321/2321 257/257 1995/1995
f 2321/2321 1271/1271 581/581
f 2321/2321 581/581 542/542
f 1581/1581 756/756 1396/1396
f 1581/1581 1396/1396 1710/1710
f 1581/1581 1994/1994 316/316
f 1581/1581 316/316 756/756
f 1581/1581 2583/2583 256/256
f 1581/1581 256/256 1994/1994
f 1581/1581 1710/1710 1784/1784
f 1581/1581 1784/1784 2583/2583
f 889/889 2450/2450 1397/1397
f 889/889 1397/1397 1711/1711
f 889/889 847/847 1840/1840
f 889/889 1840/1840 2450/2450
f 889/889 1876/1876 2688/2688
f 889/889 2688/2688 847/847
f 889/889 1711/1711 1785/1785
f 889/889 1785/1785 1876/1876
f 22/22 584/584 61/61
f 22/22 61/61 2436/2436
f 22/22 2437/2437 60/60
f 22/22 60/60 584/584
f 22/22 2633/2633 1439/1439
f 22/22 1439/1439 2437/2437
f 22/22 2436/2436 1440/1440
f 22/22 1440/1440 2633/2633
f 2320/2320 711/711 316/316
f 2320/2320 316/316 1994/1994
f 2320/2320 1270/1270 2091/2091
f 2320/2320 2091/2091 711/711
f 2320/2320 543/543 580/580
f 2320/2320 580/580 1270/1270
f 2320/2320 1994/1994 256/256
f 2320/2320 256/256 543/543
f 2479/2479 704/704 2091/2091
f 2479/2479 2091/2091 1270/1270
f 2479/2479 2436/2436 61/61
f 2479/2479 61/61 704/704
f 2479/2479 557/557 1440/1440
f 2479/2479 1440/1440 2436/2436
f 2479/2479 1270/1270 580/580
f 2479/2479 580/580 557/557
f 1582/1582 755/755 317/317
f 1582/1582 317/317 1995/1995
f 1582/1582 1711/1711 1397/1397
f 1582/1582 1397/1397 755/755
f 1582/1582 2582/2582 1785/1785
f 1582/1582 1785/1785 1711/1711
f 1582/1582 1995/1995 257/257
f 1582/1582 257/257 2582/2582
f 2480/2480 705/705 60/60
f 2480/2480 60/60 2437/2437
f 2480/2480 1271/1271 2092/2092
f 2480/2480 2092/2092 705/705
f 2480/2480 556/556 581/581
f 2480/2480 581/581 1271/1271
f 2480/2480 2437/2437 1439/1439
f 2480/2480 1439/1439 556/556
f 888/888 2449/2449 1841/1841
f 888/888 1841/1841 846/846
f 888/888 1710/1710 1396/1396
f 888/888 1396/1396 2449/2449
f 888/888 1877/1877 1784/1784
f 888/888 1784/1784 1710/1710
f 888/888 846/846 2689/2689
f 888/888 2689/2689 1877/1877
f 1194/1194 2323/2323 1840/1840
f 1194/1194 1840/1840 847/847
f 1194/1194 846/846 1841/1841
f 1194/1194 1841/1841 2323/2323
f 1194/1194 1190/1190 2689/2689
f 1194/1194 2689/2689 846/846
f 1194/1194 847/847 2688/2688
f 1194/1194 2688/2688 1190/1190