# https://github.com/mikedh/trimesh
mtllib material0.mtl
usemtl material0
v -0.00844232 0.09870310 0.00027800
v -0.01212061 -0.09957395 0.01036392
v -0.01212061 -0.09957395 0.00415931
v 0.01818528 0.08361388 0.01017714
v 0.01818528 0.08361388 0.00434485
v -0.00064595 0.06826728 0.00230018
v -0.00064595 0.06826728 0.01222181
v -0.00064595 0.06807549 0.01252792
v -0.00064595 0.06807549 0.00199407
v -0.00064595 0.06819106 0.01227179
v -0.00064595 0.06819106 0.00225020
v 0.00591100 0.06802801 0.01189883
v 0.00591100 0.06802801 0.01189883
v 0.00591100 0.06802801 0.00262315
v 0.00591100 0.06802801 0.00262315
v -0.02683376 0.08778194 0.00298049
v -0.02683376 0.08778194 0.00298049
v -0.02683376 0.08778194 0.01154150
v -0.02683376 0.08778194 0.01154150
v -0.03051204 0.09740371 0.01211124
v 0.01370737 0.08479645 0.01281653
v 0.01370737 0.08479583 0.00170546
v 0.00675061 0.06799803 0.00176668
v 0.00675061 0.06799803 0.00176668
v 0.00675061 0.06799803 0.01275531
v 0.00675061 0.06799803 0.01275531
v -0.00348463 0.09880306 0.01114106
v -0.00348463 0.09880306 0.00338093
v 0.00799003 0.06795742 0.00843857
v 0.00799003 0.06795742 0.00608342
v 0.03625687 0.06349700 0.00415057
v 0.03625687 0.06349700 0.00415057
v 0.03625687 0.06349700 0.01037142
v 0.03625687 0.06349700 0.01037142
v 0.01090867 0.07956826 0.00857288
v 0.01090867 0.07956826 0.00594910
v -0.00828239 0.06819856 0.00726099
v 0.00810997 0.09467998 0.01437018
v 0.00810997 0.09467998 0.00015180
v -0.01072126 -0.03195543 0.00726162
v -0.01072126 -0.03195543 0.00726162
v 0.01262787 0.08476210 0.00085335
v 0.01262787 0.08476210 0.01366864
v 0.00691053 0.06801239 0.01148153
v 0.00691053 0.06801239 0.00304046
v -0.02911269 0.09879993 0.00897645
v -0.02911269 0.09879993 0.00897645
v -0.03606946 0.09139588 0.00155990
v 0.03029964 0.07576566 0.01437018
v 0.03029964 0.07576566 0.00015180
v -0.03479005 0.08436416 0.01063755
v -0.03479005 0.08436416 0.00388444
v -0.00324474 0.06960978 0.00243637
v -0.00324474 0.06961040 0.01208562
v -0.00528379 0.09781414 0.00018679
v -0.02943255 0.09886053 0.00898894
v -0.00772265 0.07064179 0.00143558
v -0.00772265 0.07064179 0.01308641
v 0.02422247 0.07988874 0.00886900
v 0.02422247 0.07988874 0.00565299
v 0.02750094 0.07674083 0.00017867
v 0.02750094 0.07674083 0.00017867
v 0.02750094 0.07674083 0.01434332
v 0.02750094 0.07674083 0.01434332
v -0.00688305 -0.03201728 0.01181700
v -0.00688305 -0.03201728 0.00270624
v -0.02939256 0.08648129 0.01319448
v -0.02939256 0.08648129 0.01319448
v -0.02939256 0.08648129 0.00132751
v -0.02939256 0.08648129 0.00132751
v -0.00768267 0.06822979 0.01254041
v -0.00768267 0.06822979 0.00198158
v 0.02918016 0.07824513 0.01437018
v 0.02918016 0.07824513 0.00015180
v 0.00339217 0.09890926 0.01135284
v 0.00339217 0.09890926 0.01135284
v 0.00339217 0.09890926 0.00314916
v 0.00339217 0.09890926 0.00314916
v 0.01362740 0.09573698 0.01155712
v 0.01362740 0.09573698 0.00296487
v 0.01774549 0.09263156 0.01416403
v 0.01774549 0.09263156 0.01416403
v 0.01774549 0.09263156 0.00035796
v 0.01774549 0.09263156 0.00035796
v -0.00393879 0.07058120 0.00138248
v -0.00393879 0.07058120 0.01313951
v -0.00637766 0.07544706 0.00287616
v -0.00637766 0.07544706 0.00287616
v -0.00637766 0.07544706 0.01164583
v -0.00637766 0.07544706 0.01164583
v 0.03252423 0.06894571 0.01161959
v 0.03252423 0.06894571 0.00290240
v 0.03580270 0.06298349 0.01093991
v 0.03580270 0.06298349 0.00358208
v 0.03256421 0.07322622 0.00155865
v 0.03256421 0.07322622 0.01296334
v -0.00877654 0.09924410 0.00034921
v -0.00877654 0.09924410 0.00034921
v -0.00877654 0.09924410 0.01423462
v -0.00877654 0.09924410 0.01423462
v -0.01081559 -0.05477356 0.00597222
v -0.01081559 -0.05477356 0.00855102
v -0.01285464 -0.09940528 0.00726162
v -0.01285464 -0.09940528 0.00726162
v -0.01285464 -0.09940528 0.00726162
v 0.00353773 0.06802864 0.01230240
v 0.00353773 0.06802864 0.00221959
v -0.03616379 0.09393845 0.00853228
v -0.01241484 -0.09834140 0.00403250
v -0.01241484 -0.09834140 0.01049074
v -0.02960684 0.09302013 0.00015618
v -0.02960684 0.09302013 0.01436581
v -0.02632837 0.09364358 0.01222243
v -0.02632837 0.09364358 0.00229955
v 0.00601657 -0.09998001 0.00877841
v 0.00601657 -0.09998001 0.00574483
v -0.00789695 0.06860899 0.01273532
v -0.00789695 0.06860899 0.00178667
v 0.01913047 0.08702979 0.01437018
v 0.01913047 0.08702979 0.00015180
v -0.00581792 0.09999375 0.00452977
v -0.00581792 0.09999375 0.00999222
v 0.00769579 0.06796242 0.01041640
v 0.00769579 0.06796242 0.00410559
v 0.00769579 0.06805737 0.00949558
v 0.00769579 0.06805737 0.00502641
v -0.02668820 0.09624487 0.00961615
v -0.02668820 0.09624487 0.00961615
v -0.02912706 0.09823082 0.00391568
v -0.02912706 0.09823082 0.00391568
v 0.00241825 0.07530587 0.00240638
v 0.00241825 0.07530587 0.01211561
v -0.01313451 0.09519224 0.01262725
v -0.01313451 0.09519224 0.00189474
v -0.01149527 0.08351018 0.01136533
v -0.01149527 0.08351018 0.00315666
v -0.03564403 0.08804619 0.01392289
v -0.03564403 0.08804619 0.01392289
v -0.01269471 0.09526283 0.01268472
v -0.01269471 0.09526283 0.00183727
v 0.00081899 0.07050498 0.00138248
v 0.00081899 0.07050498 0.01313951
v -0.01101550 0.08008677 0.00726099
v -0.00118008 0.09978635 0.00933565
v -0.00118008 0.09978635 0.00518634
v -0.00118008 0.09867249 0.00311168
v -0.00118008 0.09867249 0.01141031
v -0.01221494 0.09305199 0.01407345
v -0.01221494 0.09305136 0.00044854
v 0.00745590 0.06813671 0.01033706
v 0.00745590 0.06813671 0.00418493
v 0.00173857 0.08313223 0.00283118
v 0.00173857 0.08313223 0.01169081
v -0.00521820 0.04336075 0.00256631
v -0.00521820 0.04336075 0.01195568
v -0.02688811 0.09477743 0.01158461
v 0.00505702 0.08293732 0.00053975
v 0.00505702 0.08293732 0.01398224
v 0.02348844 0.08192904 0.00015180
v 0.02348844 0.08192966 0.01437018
v 0.00548245 0.06797741 0.00227332
v 0.00548245 0.06797741 0.01224867
v 0.00060472 0.06805487 0.01267472
v 0.00060472 0.06805487 0.00184726
v 0.00184414 0.06807674 0.00168609
v 0.00184414 0.06807674 0.01283590
v 0.00512261 0.09378352 0.01437018
v 0.00512261 0.09378352 0.00015180
v 0.01331880 0.08583097 0.00017867
v 0.01331880 0.08583097 0.00017867
v 0.01331880 0.08583097 0.01434332
v 0.01331880 0.08583097 0.01434332
v 0.00636204 0.07524215 0.00292301
v 0.00636204 0.07524215 0.01159897
v -0.03457890 0.09310384 0.01438018
v 0.00432299 0.09445133 0.00346339
v 0.00432299 0.09445133 0.01105860
v 0.02767212 0.07689576 0.01437018
v 0.02767212 0.07689576 0.00015180
v 0.02563306 0.08531059 0.00726099
v 0.00148431 0.06815733 0.01223993
v 0.00148431 0.06815733 0.00228206
v 0.03382925 0.06650622 0.01283028
v 0.03382925 0.06650622 0.00169171
v -0.03453892 0.09915352 0.00726099
v 0.00848105 0.06797054 0.01070314
v 0.00848105 0.06797054 0.00381885
v -0.00707171 0.09990942 0.00827240
v -0.00707171 0.09990942 0.00624959
v 0.00644200 0.07494542 0.01336378
v 0.00644200 0.07494542 0.00115821
v -0.03449894 0.09745431 0.01209999
v -0.00215400 0.06851716 0.01298021
v -0.00215400 0.06851716 0.00154178
v -0.02422372 0.09662969 0.00852790
v 0.03023092 0.07512658 0.00530378
v 0.03023092 0.07512658 0.00530378
v 0.03023092 0.07512658 0.00921821
v 0.03023092 0.07512658 0.00921821
v 0.01263911 0.08854034 0.01437018
v 0.01263911 0.08854034 0.00015180
v -0.00783135 0.08978788 0.00015368
v 0.02903148 0.07478362 0.01434332
v 0.02903148 0.07478362 0.01434332
v 0.02903148 0.07455560 0.01076186
v 0.02903148 0.07455560 0.00376012
v 0.02903148 0.07478299 0.00017867
v 0.02903148 0.07478299 0.00017867
v -0.02946128 0.08957360 0.00021178
v -0.02946128 0.08957360 0.00021178
v -0.02946128 0.08957360 0.01431021
v -0.02946128 0.08957360 0.01431021
v -0.00815120 0.06819606 0.00952307
v -0.03557843 0.09820459 0.01054259
v 0.03526858 0.06345826 0.00296612
v 0.03526858 0.06345826 0.00296612
v 0.03526858 0.06345826 0.00296612
v 0.03526858 0.06345826 0.01155587
v 0.03526858 0.06345826 0.01155587
v 0.03526858 0.06345826 0.01155587
v 0.00252382 0.07501413 0.01336378
v 0.00252382 0.07501413 0.00115821
v -0.00024926 -0.09201809 0.01385417
v -0.02439801 0.08580911 0.00852790
v -0.02439801 0.08580911 0.00599408
v 0.01206501 0.08552549 0.00017867
v 0.01206501 0.08552549 0.00017867
v 0.01206501 0.08552549 0.00017867
v 0.01206501 0.08552549 0.01434332
v 0.01206501 0.08552549 0.01434332
v -0.00512699 -0.09194000 0.00066906
v -0.00512699 -0.09194000 0.01385417
v 0.02026119 0.09102355 0.00293051
v 0.02026119 0.09102355 0.01159148
v -0.00716604 0.09428891 0.00524756
v -0.00716604 0.09428891 0.00927443
v 0.02601851 0.07814205 0.00726099
v 0.02725793 0.08256812 0.01430771
v 0.02725793 0.08256812 0.00021428
v 0.02889717 0.07467367 0.01303830
v 0.02889717 0.07467367 0.00148368
v 0.02893715 0.07462057 0.00300235
v 0.02893715 0.07462057 0.01151964
v 0.02321981 0.08153735 0.01437018
v 0.02321981 0.08153735 0.00015180
v -0.00788570 0.09466873 0.01436831
v -0.00788570 0.09466873 0.00015368
v -0.03571275 0.09139026 0.01428835
v 0.00278933 0.09772856 0.00015305
v 0.00278933 0.09772856 0.01418090
v -0.00744591 0.06837597 0.01080559
v -0.00744591 0.06837597 0.00371639
v 0.00402875 0.08700668 0.00016742
v 0.00402875 0.08700668 0.01435457
v -0.03607258 0.08872275 0.01257165
v -0.00372764 0.06816607 0.01282528
v -0.00372764 0.06816607 0.00169671
v 0.02289996 0.08106944 0.00036545
v 0.02289996 0.08106944 0.01415653
v 0.00530815 -0.09862502 0.01263787
v 0.00530815 -0.09862502 0.00188537
v -0.01064442 0.08977976 0.00022427
v 0.00574795 0.05227972 0.01164333
v 0.00574795 0.05227972 0.00287866
v -0.00816557 0.01256884 0.00393629
v -0.00816557 0.01256884 0.01058570
v 0.00698737 -0.07648283 0.00726162
v 0.00698737 -0.07648283 0.00726162
v 0.00003061 0.09855880 0.01427710
v 0.00003061 0.09855880 0.01427710
v 0.00003061 0.09855880 0.00021053
v 0.00003061 0.09855880 0.00021053
v 0.00662754 -0.05505280 0.00597222
v 0.00662754 -0.05505280 0.00855102
v -0.00480714 0.06819981 0.00241700
v -0.00480714 0.06819981 0.01210499
v -0.01176390 0.09172385 0.01425586
v -0.01052447 -0.07620233 0.00348213
v -0.01052447 -0.07620233 0.01104111
v -0.00802002 0.06819294 0.00320538
v -0.00802002 0.06819294 0.01131661
v -0.02685125 0.09633920 0.00963239
v 0.03420033 0.06698912 0.01397474
v 0.03420033 0.06698912 0.00054725
v -0.03580708 0.09863813 0.00726099
v -0.02433242 0.08996842 0.01282340
v -0.02433242 0.08996842 0.00169858
v 0.02112641 0.08373695 0.01437018
v 0.02112641 0.08373695 0.00015180
v -0.00506139 0.09891675 0.01071064
v -0.00506139 0.09891675 0.00381135
v -0.00710044 0.06819981 0.00286804
v -0.00710044 0.06819981 0.01165395
v -0.03572711 0.09820708 0.00397940
v -0.00542123 0.09701327 0.01437018
v -0.00542123 0.09701327 0.00015180
v -0.00989914 0.09963205 0.01109796
v -0.00989914 0.09960831 0.00342403
v -0.01029895 0.08746771 0.01424399
v -0.00658069 -0.00921477 0.01193444
v -0.00658069 -0.00921477 0.01193444
v -0.00658069 -0.00921477 0.00258755
v -0.00658069 -0.00921477 0.00258755
v 0.02496463 0.08408616 0.00015180
v 0.02496463 0.07994184 0.01437018
v 0.02496463 0.07994184 0.00015180
v 0.00533377 0.06799990 0.01208812
v 0.00533377 0.06799990 0.00243387
v 0.00329472 0.08299354 0.00053975
v 0.00329472 0.08299354 0.01398224
v -0.01225804 0.09142649 0.01420464
v 0.00741280 0.06943861 0.01032082
v 0.00741280 0.06943861 0.00420117
v 0.00045604 0.06824916 0.00231017
v 0.00045604 0.06824916 0.01221181
v -0.00486149 0.06816357 0.00233266
v -0.00486149 0.06816357 0.01218932
v 0.00865222 0.08441913 0.00027737
v 0.00865222 0.08441913 0.01424462
v -0.00158301 0.09956583 0.00254319
v -0.00158301 0.09956583 0.01197880
v -0.00853977 0.07065491 0.01239360
v -0.00853977 0.07065491 0.00212838
v 0.00789258 0.09822458 0.00726099
v 0.00789258 0.06793805 0.00311168
v 0.00789258 0.06793805 0.01141031
v 0.01568894 0.09435950 0.01348872
v 0.01568894 0.09435950 0.00103327
v -0.00314229 0.07539458 0.00244261
v -0.00314229 0.07539458 0.01207938
v -0.03056952 0.09469122 0.00051539
v 0.01488932 0.08454657 0.01017714
v 0.01488932 0.08454657 0.00434485
v 0.03535979 0.06348263 0.00240888
v 0.03535979 0.06348263 0.01211311
v 0.00795817 0.07036942 0.00726099
v 0.00795817 0.07036942 0.00726099
v 0.00795817 0.07036942 0.00726099
v 0.00795817 0.07036942 0.00726099
v -0.00799440 0.06819418 0.00409997
v -0.00799440 0.06819418 0.01042202
v 0.00511949 0.06802426 0.01280779
v 0.00511949 0.06802426 0.00171420
v 0.02558996 0.08067837 0.01437018
v 0.02558996 0.08067837 0.00015180
v 0.00675873 0.06837597 0.01136034
v 0.00675873 0.06837597 0.00316165
v 0.01003720 0.07964385 0.00149868
v 0.01091679 0.07956764 0.00726099
v 0.02566992 0.08513505 0.01390665
v 0.02566992 0.08513505 0.00061534
v -0.03574148 0.09730500 0.00255693
v -0.01527101 0.09113225 0.01387604
v -0.01527101 0.09113225 0.00064595
v -0.00747464 0.07546455 0.00431861
v -0.00747464 0.07546455 0.01020337
v 0.02283124 0.08096261 0.00286679
v 0.02283124 0.08096261 0.01165520
v 0.03554532 0.06414794 0.01313388
v 0.03554532 0.06414794 0.00138810
v -0.00743466 0.09428891 0.00726099
v -0.02626589 0.09660845 0.00847730
v 0.02818875 0.08032666 0.01437018
v 0.02818875 0.08032666 0.00015180
v -0.00987353 0.09796157 0.00034609
v -0.00987353 0.09796157 0.01417590
v -0.00823429 -0.03199541 0.01125289
v 0.03478568 0.06445218 0.00236890
v 0.03478568 0.06445218 0.01215309
v -0.01311202 0.09656722 0.01022649
v -0.01311202 0.09656722 0.00429550
v -0.02906459 0.09899359 0.00726099
v -0.02906459 0.09899359 0.00726099
v 0.02866853 0.07760480 0.00778263
v 0.02866853 0.07760480 0.00778263
v 0.02866853 0.07760480 0.00673936
v 0.02866853 0.07760480 0.00673936
v 0.00575919 -0.03221969 0.01054634
v 0.00575919 -0.03221969 0.00397690
v -0.00691491 0.08519752 0.01424337
v 0.00783823 0.07038192 0.00966487
v 0.00783823 0.07038192 0.00966487
v 0.00783823 0.07038192 0.00485711
v 0.00783823 0.07038192 0.00485711
v 0.00579917 0.09442759 0.01065691
v 0.00579917 0.09442759 0.00386508
v -0.00811435 0.06821605 0.00726099
v -0.01219245 0.08970229 0.00045791
v -0.02690560 0.09370481 0.01225554
v 0.00176106 0.09835514 0.01131848
v 0.00176106 0.09835514 0.00318789
v 0.00340029 0.07046375 0.01314013
v 0.00340029 0.07046375 0.00138186
v -0.01295209 -0.09833265 0.00726162
v -0.01295209 -0.09833265 0.00726162
v 0.00670438 -0.09212929 0.01037017
v 0.00670438 -0.09212929 0.00415307
v 0.01162209 0.09687458 0.01001534
v 0.01162209 0.09687458 0.00450665
v 0.03541101 0.06561663 0.01356056
v 0.03541101 0.06561663 0.00096143
v -0.01248669 0.09621426 0.01160647
v -0.01248669 0.09621426 0.01160647
v -0.01248669 0.09621426 0.00291552
v -0.01248669 0.09621426 0.00291552
v 0.00758397 0.06794368 0.01121478
v 0.00758397 0.06794368 0.00330721
v 0.00718415 0.09745993 0.00996411
v 0.00718415 0.09745993 0.00455788
v 0.00514510 0.09443821 0.00364518
v 0.00514510 0.09443821 0.01087681
v -0.00876842 0.08322843 0.01394601
v -0.00916823 -0.09187503 0.00139310
v -0.00916823 -0.09187503 0.01313014
v -0.03535604 0.09832828 0.01060381
v -0.03535604 0.09832828 0.01060381
v 0.00766393 0.09812837 0.00919135
v 0.00766393 0.09812837 0.00919135
v 0.00766393 0.09812837 0.00533064
v 0.00766393 0.09812837 0.00533064
v -0.02424121 0.09560517 0.01081559
v -0.02628026 0.09620802 0.00963676
v -0.00293114 0.09591378 0.01437018
v -0.00293114 0.09591378 0.00015180
v 0.01058257 0.07958950 0.01116293
v -0.00824866 0.06819793 0.00608154
v -0.00824866 0.06819793 0.00844044
v -0.01104736 -0.05476981 0.00726162
v -0.01104736 -0.05476981 0.00726162
v 0.02457606 0.07950704 0.00274810
v 0.02457606 0.07950704 0.01177389
v 0.02089777 0.08325092 0.01437018
v 0.02089777 0.08325092 0.00015180
v 0.03605071 0.06303596 0.00442232
v 0.03605071 0.06303596 0.00442232
v 0.03605071 0.06303596 0.01009967
v 0.03605071 0.06303596 0.01009967
v 0.00374576 -0.09993940 0.01257539
v 0.00374576 -0.09993940 0.00194784
v 0.00006747 -0.03212848 0.01258539
v 0.00006747 -0.03212848 0.00193785
v 0.01194194 0.08323093 0.01012529
v 0.01194194 0.08323093 0.00439670
v -0.02899900 0.09457752 0.01382606
v 0.00498518 0.06061959 0.01207875
v -0.03595576 0.09139463 0.01296209
v 0.00378574 0.09893675 0.01182762
v 0.00378574 0.09893675 0.00265501
v -0.03551596 0.09619240 0.01319198
v -0.03551596 0.09619240 0.01319198
v -0.00560989 0.08973853 0.01437018
v -0.00560989 0.08973853 0.00015180
v -0.01172704 0.09818897 0.00726099
v -0.02891903 0.09812462 0.01055384
v 0.00385133 0.06800240 0.01262350
v 0.00385133 0.06800240 0.00189849
v 0.03455703 0.06716341 0.00052038
v 0.03455703 0.06716341 0.01400161
v -0.03625000 0.08855720 0.00721789
v -0.00062658 0.06956792 0.01217308
v -0.00062658 0.06956792 0.00234891
v -0.00634392 0.09990692 0.00457100
v 0.03503681 0.06405799 0.00418243
v 0.03503681 0.06405799 0.01033956
v -0.01122165 0.09202184 0.00022302
v 0.03259795 0.07307254 0.01083246
v 0.03259795 0.07307254 0.00368953
v -0.00342528 0.06814046 0.00219460
v -0.00342528 0.06814046 0.01232739
v -0.00546433 0.07081921 0.00270062
v -0.00546433 0.07081921 0.00270062
v -0.00546433 0.07081921 0.01182137
v -0.00546433 0.07081921 0.01182137
v -0.00546433 0.06080513 0.01207875
v 0.03223811 0.07306192 0.01435394
v 0.03223811 0.07306192 0.00016805
v 0.02692059 0.07905538 0.00015180
v 0.02692059 0.07905600 0.01437018
v -0.02425558 0.09474495 0.00280120
v -0.02425558 0.09474495 0.01172079
v -0.01074187 0.09913228 0.00442232
v -0.01074187 0.09913228 0.00442232
v 0.00816932 0.06793306 0.00393005
v 0.00816932 0.06793306 0.01059194
v -0.01146154 -0.09183818 0.01152151
v -0.01146154 -0.09183818 0.00300173
v 0.03071882 0.07199491 0.01234363
v 0.03071882 0.07199491 0.00217836
v 0.00213213 0.07048437 0.00138248
v 0.00213213 0.07048437 0.01313951
v -0.01218120 0.09737497 0.00574045
v 0.00461098 0.07044376 0.01314013
v 0.00461098 0.07044376 0.00138186
v 0.00257193 0.09545961 0.00015180
v 0.00257193 0.09545961 0.01433270
v 0.00629020 0.06838347 0.00290365
v 0.00629020 0.06838347 0.01161834
v 0.01571143 0.09445883 0.01017714
v 0.01571143 0.09445883 0.00434485
v -0.00843732 0.06819981 0.00495519
v -0.00843732 0.06819981 0.00956680
v -0.03586455 0.08667620 0.00143995
v -0.02970742 0.09129343 0.00003248
v -0.02970742 0.09129343 0.01448950
v -0.00963676 -0.00916604 0.00482713
v -0.00963676 -0.00916604 0.00482713
v -0.00963676 -0.00916604 0.00969486
v -0.00963676 -0.00916604 0.00969486
v -0.03622438 0.09012710 0.00980169
v 0.03626187 0.06334769 0.01041390
v 0.03626187 0.06334769 0.01041390
v 0.03626187 0.06334769 0.00410809
v 0.03626187 0.06334769 0.00410809
v -0.00507889 0.09460251 0.00384196
v -0.00507889 0.09460251 0.01068003
v -0.01079622 0.09941652 0.00871719
v -0.01079622 0.09941652 0.00871719
v 0.00763519 0.09439823 0.00824366
v 0.00763519 0.09439823 0.00627833
v 0.00643575 0.06801989 0.00277246
v 0.00643575 0.06801989 0.01174953
v 0.00563613 0.09776729 0.01424712
v 0.00563613 0.09776729 0.01424712
v 0.00563613 0.09776729 0.00024301
v 0.00563613 0.09776729 0.00024301
v -0.02954749 0.09466061 0.01397724
v 0.00771516 0.09439761 0.00726099
v 0.00771516 0.09439761 0.00726099
v -0.00455913 -0.07629791 0.01324508
v -0.00455913 -0.07629791 0.00127815
v 0.00527629 0.07496728 0.01336378
v 0.00527629 0.07496728 0.00115821
v 0.01187322 0.08427982 0.01365427
v -0.00040106 0.08507632 0.00027737
v -0.00040106 0.08507632 0.01424462
v -0.00040106 0.08717722 0.00016742
v -0.00040106 0.08717722 0.01435457
v -0.00899706 0.09989567 0.00726099
v 0.01639112 0.08528748 0.00017867
v 0.01639112 0.08528748 0.00017867
v 0.01639112 0.08528748 0.01434332
v 0.01639112 0.08528748 0.01434332
v -0.00939687 -0.09961705 0.00139185
v -0.00939687 -0.09961705 0.01313139
v 0.02458730 0.07949642 0.01287775
v 0.02458730 0.07949642 0.00164423
v 0.03402291 0.06696226 0.00056849
v 0.03402291 0.06696226 0.01395350
v 0.02790576 0.07710816 0.01437018
v 0.02790576 0.07710816 0.00015180
v 0.01071376 0.07958763 0.00335906
v 0.00787508 0.08257311 0.00944748
v 0.00787508 0.08257311 0.00507451
v 0.02794574 0.07725497 0.00660755
v 0.02794574 0.07725497 0.00791444
v 0.03574211 0.06293351 0.01041390
v 0.03574211 0.06293351 0.01041390
v 0.03574211 0.06293351 0.00410809
v 0.03574211 0.06293351 0.00410809
v 0.03574211 0.06315341 0.01155400
v 0.03574211 0.06315341 0.00296799
v 0.00667564 0.07041128 0.01314076
v 0.00667564 0.07041065 0.00138123
v -0.00025551 -0.05494285 0.00183852
v -0.00025551 -0.05494285 0.01268472
v -0.00885150 0.06824853 0.00726099
v -0.03583894 0.08824485 0.00100141
v -0.01045076 -0.09968889 0.00227457
v -0.01045076 -0.09968889 0.01224867
v -0.03459951 0.09622488 0.00127128
v 0.03624750 0.06325211 0.01052885
v 0.03624750 0.06325211 0.00399314
v 0.03092997 0.07621295 0.01430771
v 0.03092997 0.07621295 0.00021428
v 0.03092997 0.07196868 0.00428363
v 0.03092997 0.07196868 0.01023836
v -0.00957117 -0.09977136 0.01142593
v -0.00957117 -0.09977136 0.00309731
v -0.00137498 0.09942964 0.01148840
v -0.00137498 0.09942964 0.01148840
v -0.00137498 0.09942964 0.00303359
v -0.00137498 0.09942964 0.00303359
v -0.01201003 0.09598999 0.00160300
v -0.01201003 0.09598999 0.01291898
v -0.03615879 0.09423893 0.00730410
v -0.00053538 0.07506349 0.01336378
v -0.00053538 0.07506349 0.00115821
v 0.00890023 0.08262996 0.00053975
v 0.02937070 0.07792903 0.00603969
v 0.02937070 0.07792903 0.00848230
v 0.03388860 0.06634130 0.01223493
v 0.03388860 0.06634130 0.00228706
v 0.03512802 0.06711531 0.00229393
v 0.03512802 0.06711531 0.01222806
v 0.00894021 0.06833849 0.00726099
v 0.03104992 0.07629666 0.01390665
v 0.03104992 0.07629666 0.00061534
v -0.00825178 0.06861461 0.00227831
v -0.00825178 0.06861461 0.01224367
v -0.01520854 0.09508291 0.00207341
v -0.01520854 0.09508291 0.01244858
v 0.00650135 0.05226785 0.00361519
v 0.00650135 0.05226785 0.01090680
v 0.02861105 0.07768227 0.00726099
v 0.02861105 0.07768227 0.00726099
v 0.00610153 -0.09998188 0.00726162
v 0.01021962 0.07961512 0.01225742
v 0.01349809 0.09554270 0.01387791
v 0.01349809 0.09554270 0.00064408
v -0.03479942 0.08379005 0.00552930
v -0.03479942 0.08379005 0.00899269
v -0.00245448 0.03065354 0.00199345
v -0.00245448 0.03065354 0.01252854
v -0.00777201 0.07086357 0.01069440
v -0.00777201 0.07086357 0.01069440
v -0.00777201 0.06818919 0.00271624
v -0.00777201 0.06818919 0.01180575
v -0.00857163 0.09985944 0.00392380
v 0.03564778 0.06303534 0.01092679
v 0.03564778 0.06303534 0.00359520
v -0.00529316 -0.09979947 0.00155865
v -0.00529316 -0.09979947 0.01296459
v 0.00658131 0.03050923 0.00967112
v 0.00658131 0.03050923 0.00485087
v -0.00773202 0.06860837 0.00945372
v -0.00773202 0.06860837 0.00506827
v 0.00006435 0.09452005 0.01133660
v 0.00006435 0.09452005 0.00318539
v -0.00361394 0.09962705 0.00324224
v -0.00361394 0.09962705 0.00324224
v -0.00361394 0.09962705 0.01127975
v -0.00361394 0.09962705 0.01127975
v -0.00033547 -0.09987881 0.00155865
v -0.00033547 -0.09987881 0.01296459
v -0.00849167 0.06861836 0.00284243
v -0.00849167 0.06861836 0.01167956
v -0.01256977 0.09125907 0.01416778
v -0.01256977 0.09125907 0.01416778
v -0.02976177 0.08792500 0.01397662
v -0.02976177 0.08792500 0.00054537
v -0.01173016 -0.09969577 0.00726162
v -0.00966550 0.08739899 0.00020303
v -0.00966550 0.09800218 0.00025176
v -0.00966550 0.09800218 0.00025176
v -0.00966550 0.09800218 0.01427023
v -0.00966550 0.09800218 0.01427023
v 0.02883657 0.08033728 0.00726099
v 0.00632705 0.06815545 0.00287616
v 0.00632705 0.06815545 0.01164583
v 0.03171523 0.07243096 0.00951120
v 0.03171523 0.07243096 0.00951120
v 0.03171523 0.07243096 0.00501079
v 0.03171523 0.07243096 0.00501079
v 0.00428800 -0.10000000 0.00726162
v -0.00430799 0.09993628 0.01072501
v -0.00430799 0.09993628 0.00379698
v 0.03255484 0.07324496 0.00101765
v 0.03255484 0.07324496 0.01350434
v 0.02887655 0.07731556 0.00622210
v 0.02887655 0.07731556 0.00622210
v 0.02887655 0.07731556 0.00829989
v 0.02887655 0.07731556 0.00829989
v 0.00800627 0.08254750 0.00613589
v 0.00800627 0.08254750 0.00838610
v 0.00104951 0.07503787 0.00115821
v 0.00104951 0.07503850 0.01336378
v 0.03259482 0.07314063 0.00299298
v 0.03259482 0.07314063 0.01152901
v -0.00710669 0.06967162 0.00337218
v -0.00710669 0.06967162 0.01114981
v 0.00272873 0.09709760 0.00015243
v 0.00272873 0.09709760 0.01421401
v -0.00954556 0.09240853 0.00016305
v -0.01278405 0.08968543 0.01397287
v 0.00936564 0.07036755 0.00726099
v -0.02665759 0.09624425 0.00490584
v -0.02665759 0.09624425 0.00490584
v 0.00528754 0.04319208 0.00308919
v 0.00528754 0.04319208 0.01143280
v 0.01308391 0.09297952 0.01437018
v 0.01308391 0.09297952 0.00015180
v 0.02291933 0.08774071 0.01430771
v 0.02291933 0.08774071 0.00021428
v 0.00736657 -0.09865812 0.00726162
v 0.00736657 -0.09865812 0.00726162
v 0.00696676 0.09852194 0.00530690
v 0.00696676 0.09852194 0.00921508
v -0.00530753 0.09986944 0.00292426
v -0.00530753 0.09986944 0.01159772
v -0.00238889 0.07999494 0.00086772
v -0.00238889 0.07999494 0.01365427
v -0.00686680 0.06859462 0.00308731
v -0.00686680 0.06859462 0.01143468
v 0.00664691 0.08285548 0.00053975
v 0.00664691 0.08285548 0.01398224
v -0.00030986 0.09210493 0.00015180
v -0.00030986 0.09210555 0.01437018
v 0.02919641 0.07925279 0.00726099
v -0.03589329 0.09739996 0.00863161
v -0.03465386 0.08964232 0.01438018
v 0.00507326 -0.09984570 0.00206029
v 0.00507326 -0.09984570 0.01246295
v -0.01003970 0.08742898 0.01428772
v -0.01003970 0.08742898 0.01428772
v -0.01247856 0.09708198 0.00573545
v -0.01247856 0.09708198 0.00573545
v -0.01247856 0.09709260 0.00878653
v -0.01247856 0.09709260 0.00878653
v -0.00428238 0.09968077 0.01115043
v -0.00428238 0.09968077 0.01115043
v -0.00428238 0.09968077 0.00337156
v -0.00428238 0.09968077 0.00337156
v -0.00796067 0.05249962 0.00865097
v -0.00796067 0.05249962 0.00587102
v 0.00763207 0.06813421 0.00503203
v 0.00763207 0.06813421 0.00948996
v -0.00668126 0.06822979 0.00272561
v -0.00668126 0.06822979 0.00272561
v -0.00668126 0.06822979 0.01179638
v -0.00668126 0.06822979 0.01179638
v 0.03509928 0.06392930 0.01261288
v 0.03509928 0.06392930 0.01261288
v 0.03509928 0.06392930 0.01261288
v 0.03509928 0.06392930 0.00190911
v 0.03509928 0.06392930 0.00190911
v 0.03509928 0.06392930 0.00190911
v 0.00319414 0.09446945 0.01120353
v 0.00691241 -0.00943092 0.00482713
v 0.00691241 -0.00943092 0.00482713
v 0.00691241 -0.00943092 0.00969486
v 0.00691241 -0.00943092 0.00969486
v 0.03190077 0.07284702 0.01435582
v 0.03190077 0.07284702 0.00016617
v -0.00328285 0.06853653 0.00242012
v -0.00328285 0.06853715 0.01210187
v -0.03558780 0.09310321 0.00021490
v -0.03558780 0.09310321 0.00021490
v -0.00732097 0.09793908 0.01436831
v -0.00732097 0.09793908 0.00032422
v -0.00116383 0.09973387 0.01105673
v -0.00116383 0.09973387 0.00346526
v -0.00116383 0.09947025 0.01139907
v -0.00116383 0.09947025 0.01139907
v -0.00116383 0.09947025 0.00312292
v -0.00116383 0.09947025 0.00312292
v 0.00047540 0.06817294 0.00226082
v 0.00047540 0.06817294 0.01226117
v 0.03609882 0.06339080 0.01155400
v 0.03609882 0.06339080 0.00296799
v -0.01011966 0.09952397 0.00587476
v 0.01199004 0.08320220 0.00726099
v -0.01051948 0.09447820 0.01431396
v -0.01051948 0.09447820 0.01431396
v -0.01051948 0.09447820 0.00020803
v -0.01051948 0.09447820 0.00020803
v -0.01091929 0.09558206 0.00036983
v -0.01091929 0.09558206 0.01415216
v 0.02798260 0.08013363 0.01437018
v 0.02798260 0.08013363 0.00015180
v -0.00804063 0.06823542 0.00245261
v -0.00804063 0.06823542 0.01206938
v -0.02687186 0.09567014 0.01069065
v 0.00793755 0.09766171 0.00079213
v 0.00793755 0.09766171 0.01372986
v -0.01089368 -0.09836576 0.01263787
v -0.01089368 -0.09836576 0.00188537
v -0.00965425 0.08340335 0.00093144
v 0.00182040 0.09909480 0.01145342
v 0.00182040 0.09909480 0.01145342
v 0.00182040 0.09909480 0.00305170
v 0.00182040 0.09909480 0.00305170
v 0.00797754 0.09822333 0.01020088
v 0.00797754 0.09822333 0.00432111
v 0.01085620 0.07957326 0.00463784
v 0.03624437 0.06353573 0.01092679
v 0.03624437 0.06353573 0.00359520
v 0.00186038 0.09375978 0.00303171
v 0.00186038 0.09375978 0.01149027
v -0.03456266 0.09838325 0.00388507
v -0.02636647 0.09124220 0.01277280
v 0.00393942 -0.09860378 0.00114572
v 0.00393942 -0.09860378 0.01337752
v -0.01161334 0.09764047 0.01152526
v -0.01161334 0.09764047 0.00299673
v -0.00381697 0.06854340 0.00154366
v -0.00381697 0.06854340 0.01297833
v -0.01117355 0.09871747 0.01015402
v 0.00561863 0.09730376 0.01433333
v 0.00561863 0.09730376 0.00016242
v 0.01381482 0.08444599 0.00871969
v 0.01381482 0.08444599 0.00580230
v -0.02916517 0.08388063 0.00557241
v -0.02916517 0.08388063 0.00894958
v 0.02528947 0.07883798 0.00886525
v 0.02528947 0.07883798 0.00565674
v -0.00949433 0.09926097 0.01377046
v -0.00949433 0.09926097 0.01377046
v -0.00949433 0.09926097 0.00075153
v -0.00949433 0.09926097 0.00075153
v -0.03444271 0.09838138 0.01063692
v -0.00045854 -0.09993128 0.00726162
v 0.02536944 0.08469275 0.01436206
v 0.02536944 0.08469275 0.00015993
v -0.00533627 0.09996127 0.00405686
v -0.00533627 0.09996127 0.01046513
v -0.00901455 0.08325842 0.00062596
v -0.00901455 0.08325842 0.00062596
v -0.03480255 0.08359326 0.00726099
v -0.03480255 0.08359326 0.00726099
v 0.00777763 0.06799803 0.00950495
v 0.00777763 0.06799803 0.00501704
v 0.00657819 0.09825894 0.00180603
v 0.00657819 0.09825894 0.01271595
v -0.00037857 0.08956611 0.01437018
v -0.00037857 0.08956611 0.00015180
v -0.00813496 0.07064867 0.00161612
v -0.00813496 0.07064867 0.01290587
v -0.00197783 0.06811735 0.00212276
v -0.00197783 0.06811735 0.01239923
v -0.00893459 0.08526686 0.00031360
v -0.00893459 0.08013050 0.00106888
v -0.00933440 0.08980850 0.00016305
v 0.00417930 0.04320957 0.00256631
v 0.00417930 0.04321019 0.01195568
v -0.02692621 0.09250911 0.01267160
v -0.02692621 0.09250911 0.00185039
v 0.02057167 0.08254688 0.00085335
v 0.02057167 0.08254688 0.01366864
v 0.03572462 0.06364943 0.00189599
v 0.03572462 0.06364943 0.01262600
v -0.01053385 0.09587442 0.01426273
v -0.01053385 0.09587442 0.00025925
v -0.00025863 -0.09960768 0.00053663
v -0.00025863 -0.09960768 0.00053663
v -0.00025863 -0.09960768 0.01398661
v -0.00025863 -0.09960768 0.01398661
v -0.02686062 0.08584597 0.00605718
v -0.02686062 0.08584597 0.00605718
v -0.02686062 0.08584597 0.00846481
v -0.02686062 0.08584597 0.00846481
v -0.02889967 0.09812462 0.00396815
v -0.02438177 0.08683426 0.00370640
v -0.02438177 0.08683426 0.01081559
v -0.00595035 0.09461626 0.00433173
v -0.00595035 0.09461626 0.01019026
v 0.00144620 0.06823292 0.01219182
v 0.00144620 0.06823292 0.00233017
v 0.00472468 -0.07644722 0.00269000
v 0.00472468 -0.07644722 0.01183324
v -0.00754961 0.06818544 0.00243512
v -0.00754961 0.06818544 0.01208687
v 0.01783857 0.09303762 0.00871969
v 0.01783857 0.09303762 0.00580230
v -0.01122790 0.09864688 0.00578043
v -0.00015305 0.09571262 0.01437018
v -0.00015305 0.09571262 0.00015180
v -0.03617628 0.09313570 0.00950870
v -0.00547058 0.09460876 0.01049199
v -0.00547058 0.09460876 0.00403000
v 0.00436484 0.06811110 0.00246385
v 0.00436484 0.06811110 0.01205814
v 0.00888274 0.06833974 0.00964301
v 0.00888274 0.06833974 0.00487898
v 0.00520445 0.06809735 0.00258005
v 0.00520445 0.06809735 0.01194194
v 0.03591015 0.06462085 0.00418243
v 0.03591015 0.06462085 0.01033956
v 0.02939319 0.07506474 0.01437018
v 0.02939319 0.07506474 0.00015180
v -0.00335156 0.06823479 0.00234079
v -0.00335156 0.06823479 0.01218120
v -0.00415119 0.07512158 0.01336378
v -0.00415119 0.07512158 0.00115821
v 0.03599012 0.06441782 0.00192285
v 0.03599012 0.06441782 0.00192285
v 0.03599012 0.06441782 0.01259913
v 0.03599012 0.06441782 0.01259913
v -0.01518605 0.09648164 0.01013715
v -0.01518605 0.09648164 0.00438483
v -0.03561654 0.09138901 0.00009246
v -0.03561654 0.09138901 0.00009246
v -0.00694989 0.09895736 0.00532002
v -0.00694989 0.09895736 0.00920197
v -0.01266723 0.09698328 0.00573670
v 0.00700361 0.06837035 0.01295459
v 0.00700361 0.06837035 0.01295459
v 0.00700361 0.06837035 0.00156740
v 0.00700361 0.06837035 0.00156740
v 0.00660380 0.04317084 0.00979481
v 0.00660380 0.04317084 0.00472717
v 0.02055730 0.08249690 0.01281903
v 0.02055730 0.08249690 0.00170296
v -0.01218745 0.08795248 0.01364052
v 0.00788320 0.06799678 0.00843545
v 0.00788320 0.06799678 0.00608654
v -0.02977926 0.08956673 0.01436519
v -0.02977926 0.08956673 0.00015680
v -0.00970860 0.08340460 0.01359055
v 0.03249737 0.07322247 0.01414779
v 0.03249737 0.07322247 0.01414779
v 0.03249737 0.07322247 0.00037420
v 0.03249737 0.07322247 0.00037420
v 0.00507014 0.09889739 0.01072501
v 0.00507014 0.09889739 0.00379698
v -0.00516510 0.06814671 0.00195846
v -0.00516510 0.06814671 0.01256353
v 0.00794880 0.09812025 0.00624897
v 0.00794880 0.09812025 0.00624897
v 0.00794880 0.09812025 0.00827302
v 0.00794880 0.09812025 0.00827302
v 0.00714917 0.06057648 0.00362644
v 0.00714917 0.06057648 0.01089555
v -0.01168206 0.09354925 0.00035109
v -0.01168206 0.09354925 0.01417090
v 0.03253735 0.07324308 0.01389228
v 0.03253735 0.07324308 0.00062971
v 0.03377677 0.07004332 0.00029486
v 0.03377677 0.07004332 0.01422713
v 0.00922820 0.09776979 0.00290677
v 0.00922820 0.09776979 0.01161522
v 0.00515010 0.06817357 0.01189634
v 0.00515010 0.06817357 0.00262565
v -0.00792381 0.06084448 0.00467532
v -0.00792381 0.06084448 0.00984667
v 0.01010779 0.07486608 0.00726099
v -0.00784385 0.06823229 0.00215650
v -0.00784385 0.06823229 0.01236549
v 0.00730910 0.06800552 0.00348213
v 0.00730910 0.06800552 0.01103986
v -0.00004748 0.09740246 0.01434520
v 0.00447042 0.08929561 0.00015180
v 0.00447042 0.08929623 0.01437018
v -0.00452539 0.09421332 0.00337968
v -0.00452539 0.09421332 0.01114231
v -0.03071320 0.08521251 0.00241075
v -0.03071320 0.08521251 0.01211124
v 0.00818869 0.06793431 0.00726099
v 0.03481629 0.06518621 0.01354932
v 0.03481629 0.06518621 0.01354932
v 0.03481629 0.06518621 0.00097267
v 0.03481629 0.06518621 0.00097267
v -0.00612465 0.06816357 0.01220807
v -0.00612465 0.06816357 0.00231392
v 0.00698925 0.06795242 0.01230365
v 0.00698925 0.06795242 0.00221834
v -0.03599074 0.09519474 0.01194444
v -0.00528504 -0.09984695 0.01141718
v -0.00528504 -0.09984695 0.00310605
v 0.02869914 0.08066900 0.01052572
v 0.02869914 0.08066900 0.00399626
v 0.01110733 0.09638668 0.01416403
v 0.01110733 0.09638668 0.01416403
v 0.01110733 0.09638668 0.00035796
v 0.01110733 0.09638668 0.00035796
v -0.00728411 0.07546143 0.00377949
v -0.00728411 0.07546143 0.01074250
v -0.00728411 0.09984132 0.00726099
v -0.00728411 0.09984132 0.00726099
v 0.00459036 0.09875121 0.00330159
v 0.00459036 0.09875121 0.00330159
v 0.00459036 0.09875121 0.01121853
v 0.00459036 0.09875121 0.01121853
v -0.03551097 0.08804369 0.00059910
v -0.03551097 0.08804369 0.00059910
v 0.00629519 0.09853256 0.00301735
v 0.00629519 0.09853256 0.01150464
v 0.00425614 0.06841408 0.01298021
v 0.00425614 0.06841408 0.00154178
v 0.00837423 0.08644006 0.00016742
v 0.00837423 0.08644006 0.01435457
v -0.02928824 0.09300263 0.00021178
v -0.02928824 0.09300263 0.00021178
v -0.02928824 0.09300263 0.01431021
v -0.02928824 0.09300263 0.01431021
v -0.00881777 0.07065866 0.00271936
v -0.00881777 0.07065866 0.01180263
v -0.03624500 0.08885769 0.00598971
v 0.00593536 -0.09986256 0.01155712
v 0.00593536 -0.09986256 0.00296612
v -0.00633892 0.09949086 0.01386042
v -0.00633892 0.09949086 0.00091645
v -0.03620502 0.09135528 0.01010217
v -0.01161647 0.08972978 0.00035796
v 0.01501114 0.09074181 0.01437018
v 0.01501114 0.09074181 0.00015180
v -0.00545933 0.03070227 0.01180013
v -0.00545933 0.03070227 0.00272186
v -0.00585915 0.06827477 0.00262690
v -0.00585915 0.06827477 0.01189509
v 0.00193722 0.06845156 0.01298021
v 0.00193722 0.06845156 0.00154178
v -0.02916829 0.08368947 0.00726099
v -0.02916829 0.08368947 0.00726099
v 0.00769454 0.06836098 0.00608779
v 0.00769454 0.06836098 0.00843420
v -0.01113669 0.09404840 0.01426024
v -0.01113669 0.09404777 0.00026175
v -0.00865784 -0.05480792 0.01131536
v -0.00865784 -0.05480792 0.00320788
v -0.01069689 0.08756454 0.00039294
v -0.02664947 0.09678525 0.00726099
v -0.02664947 0.09678525 0.00726099
v -0.00777825 0.06819044 0.00342153
v -0.00777825 0.06819044 0.01110046
v 0.00737469 0.09440261 0.00912575
v 0.00737469 0.09440261 0.00539624
v 0.03524172 0.06412670 0.00454726
v 0.03524172 0.06412670 0.00997473
v -0.00937751 0.07066741 0.00483712
v -0.02696932 0.08999091 0.00185039
v -0.00805812 0.06861087 0.00196908
v -0.00805812 0.06861149 0.01255291
v -0.00641889 0.09999938 0.00624584
v -0.00641889 0.09999938 0.00827615
v 0.01489119 0.08450034 0.00871969
v 0.01489119 0.08450034 0.00580230
v 0.01489119 0.08449347 0.00726099
v -0.03054203 0.09740496 0.00241075
v -0.01087119 0.09219613 0.00020990
v 0.01779546 0.09283958 0.01390665
v 0.01779546 0.09283958 0.00061534
v 0.02271317 0.08106694 0.00574857
v 0.02271317 0.08106694 0.00877341
v -0.03541976 0.09741058 0.01205314
v -0.03541976 0.09741058 0.01205314
v -0.00471406 0.06833225 0.01199379
v -0.00471406 0.06833225 0.00252820
v -0.01534910 0.08630638 0.00312854
v -0.01534910 0.08630638 0.01139344
v -0.00591350 0.06821792 0.00256443
v -0.00591350 0.06821792 0.01195756
v -0.01039141 0.09926597 0.00212901
v -0.01039141 0.09926597 0.00212901
v -0.01039141 0.09926597 0.01239298
v -0.01039141 0.09926597 0.01239298
v 0.00192285 0.09915227 0.01139907
v 0.00192285 0.09915227 0.01139907
v 0.00192285 0.09915227 0.00312292
v 0.00192285 0.09915227 0.00312292
v 0.00807999 0.07974756 0.01365427
v -0.00663316 0.06966413 0.00295175
v -0.00663316 0.06966413 0.01157024
v -0.01235050 -0.09941340 0.00407248
v -0.01235050 -0.09941340 0.00407248
v -0.01235050 -0.09941340 0.01045076
v -0.01235050 -0.09941340 0.01045076
v 0.03514738 0.06519058 0.00091520
v 0.03514738 0.06519058 0.01360679
v 0.02819062 0.07695511 0.00599346
v 0.02819062 0.07695511 0.00852853
v -0.00207528 0.05240466 0.00195846
v -0.00207528 0.05240466 0.01256353
v -0.02702367 0.08616019 0.00963301
v -0.02702367 0.08616019 0.00488897
v 0.03114925 0.07610175 0.00385945
v 0.03114925 0.07610175 0.01066254
v 0.03606696 0.06434972 0.00240451
v 0.03606696 0.06434972 0.00240451
v 0.03606696 0.06434972 0.01211748
v 0.03606696 0.06434972 0.01211748
v 0.01151839 0.08215893 0.00863973
v 0.01151839 0.08215893 0.00588226
v -0.00895208 0.09989255 0.00850167
v 0.00336218 0.07529026 0.00245761
v 0.00336218 0.07529026 0.01206438
v -0.00031610 -0.07636600 0.01324508
v -0.00031610 -0.07636600 0.00127815
v -0.00563363 0.09977760 0.01063130
v -0.00563363 0.09977760 0.01063130
v -0.00563363 0.09977760 0.00389069
v -0.00563363 0.09977760 0.00389069
v 0.03614692 0.06357071 0.01155400
v 0.03614692 0.06357071 0.00296799
v 0.00668064 0.06795867 0.00251633
v 0.00668064 0.06795867 0.01200566
v -0.02439926 0.08567230 0.00726099
v -0.02439926 0.08567230 0.00726099
v -0.00228956 0.07509160 0.01336378
v -0.00228956 0.07509160 0.00115821
v 0.03005538 0.07821140 0.01030957
v 0.03005538 0.07821140 0.00421241
v 0.00590662 0.09787786 0.01068502
v 0.00590662 0.09787786 0.00383696
v 0.00714605 0.06836973 0.01094303
v 0.00714605 0.06836973 0.00357896
v -0.01168518 0.09788349 0.01020587
v -0.00676747 0.06828977 0.00286679
v -0.00676747 0.06828977 0.01165520
v -0.01536347 0.08538181 0.00873406
v -0.01536347 0.08538181 0.00578793
v -0.00716729 0.09976011 0.00827240
v -0.00716729 0.09976011 0.00827240
v -0.00716729 0.09976011 0.00624959
v -0.00716729 0.09976011 0.00624959
v 0.00798566 0.09729501 0.00726099
v 0.00798566 0.09729501 0.00726099
v 0.00430737 0.06818731 0.01201253
v 0.00430737 0.06818731 0.00250946
v -0.00304921 0.09224049 0.01437018
v -0.00304921 0.09224049 0.00015180
v -0.01164520 -0.09969702 0.00877841
v -0.01164520 -0.09969702 0.00574483
v -0.02883720 0.09887552 0.00726099
v -0.00672749 0.07545268 0.01141281
v -0.00672749 0.07545268 0.00310918
v 0.00558677 0.08486392 0.00027737
v 0.00558677 0.08486392 0.01424462
v -0.01324446 0.08823798 0.00109949
v -0.00300922 0.08965919 0.01437018
v -0.00300922 0.08965919 0.00015180
v 0.00602657 0.07983314 0.00086772
v 0.00602657 0.07983314 0.01365427
v -0.00704734 0.07063117 0.00139872
v -0.00704734 0.07063117 0.01312326
v -0.03611381 0.08759703 0.00257755
v 0.01630178 0.08425483 0.00726099
v 0.00158864 0.07063617 0.00252882
v 0.00158864 0.07063617 0.00252882
v 0.00158864 0.07063617 0.01199317
v 0.00158864 0.07063617 0.01199317
v 0.03393357 0.07013203 0.00072966
v 0.03393357 0.07013203 0.01379233
v 0.00774577 0.09754739 0.00627145
v 0.00774577 0.09754739 0.00825053
v 0.03073506 0.07195431 0.00290490
v 0.03073506 0.07195431 0.01161709
v -0.00200969 0.06809798 0.01251355
v -0.00200969 0.06809798 0.00200844
v 0.00782573 0.09752803 0.00726099
v 0.00782573 0.09752803 0.00726099
v -0.00688742 0.06082824 0.00286492
v -0.00688742 0.06082824 0.01165707
v -0.00360894 0.06812234 0.01263537
v -0.00360894 0.06812172 0.00188662
v 0.00990476 0.07487108 0.01098738
v 0.00990476 0.07487108 0.00353460
v 0.01198380 0.08320594 0.00582854
v 0.01198380 0.08320594 0.00869345
v -0.00724725 0.01255384 0.00322162
v -0.00724725 0.01255384 0.01130036
v 0.00462722 0.06799115 0.01234550
v 0.00462722 0.06799115 0.00217649
v -0.01089992 0.09219676 0.01431209
v -0.02645268 0.08573976 0.00726099
v -0.02645268 0.08573976 0.00726099
v 0.00917073 0.07037067 0.00366267
v 0.00917073 0.07037067 0.01085932
v -0.00802127 0.06825166 0.00726099
v 0.03455891 0.06507876 0.00136499
v 0.03455891 0.06507876 0.01315700
v -0.03584831 0.09591065 0.01283340
v -0.03624812 0.08863842 0.00658693
v -0.00962052 0.01259195 0.00726099
v -0.00962052 0.01259195 0.00726099
v 0.00553242 0.09670841 0.01435082
v 0.00553242 0.09670841 0.00015305
v 0.00717166 0.06795055 0.01171017
v 0.00717166 0.06795055 0.00281182
v -0.01285901 0.08501198 0.00726099
v -0.01285901 0.08501198 0.00726099
v -0.02921140 0.08799059 0.01382606
v -0.02921140 0.08799059 0.00069593
v -0.00874093 0.06824666 0.00961053
v -0.00874093 0.06824666 0.00491146
v -0.03616816 0.09364608 0.00552368
v 0.03507867 0.06425352 0.00144620
v 0.03507867 0.06425352 0.00144620
v 0.03507867 0.06425352 0.01307579
v 0.03507867 0.06425352 0.01307579
v -0.03041084 0.09910479 0.00726099
v 0.00769142 0.09818584 0.00533439
v 0.00769142 0.09818584 0.00533439
v 0.00769142 0.09818584 0.00918760
v 0.00769142 0.09818584 0.00918760
v -0.02669257 0.09558830 0.00386133
v -0.02669257 0.09558830 0.00386133
v -0.00782136 0.06830663 0.00505452
v -0.00782136 0.06830663 0.00946747
v 0.00365330 0.06800740 0.01243046
v 0.00365330 0.06800740 0.00209153
v -0.01517793 0.09698578 0.00726099
v -0.00902080 0.09925597 0.01416278
v -0.00902080 0.09925597 0.01416278
v -0.00902080 0.09925597 0.01416278
v -0.00902080 0.09925597 0.00038857
v -0.00902080 0.09925597 0.00038857
v -0.00902080 0.09925597 0.00038857
v 0.03519861 0.06365317 0.01211811
v 0.03519861 0.06365317 0.01211811
v 0.03519861 0.06365317 0.00240388
v 0.03519861 0.06365317 0.00240388
v 0.00777138 0.07522029 0.00843670
v 0.00777138 0.07522029 0.00608529
v 0.00245386 0.06814171 0.00230705
v 0.00245386 0.06814171 0.01221494
v 0.00049477 0.06811485 0.00219648
v 0.00049477 0.06811485 0.01232551
v 0.02712237 0.08242131 0.01436206
v 0.02712237 0.08242131 0.00015993
v 0.03491874 0.06766443 0.01356368
v -0.00602220 0.01253448 0.01186697
v -0.00602220 0.01253448 0.00265501
v 0.01076999 0.09398967 0.01437018
v 0.01076999 0.09398967 0.00015180
v 0.00833112 0.06793056 0.00957866
v 0.00833112 0.06793056 0.00494332
v 0.03371930 0.06942674 0.00466408
v 0.03371930 0.06942674 0.00985791
v 0.01571331 0.09446695 0.00871969
v 0.01571331 0.09446695 0.00580230
v -0.00515697 0.09849383 0.01437018
v -0.00515697 0.09849383 0.00021865
v -0.00555679 0.09973575 0.01054134
v -0.00555679 0.09973575 0.01054134
v -0.00555679 0.09973575 0.00398065
v -0.00555679 0.09973575 0.00398065
v 0.00387882 -0.09967328 0.01332380
v 0.00387882 -0.09967328 0.01332380
v 0.00387882 -0.09967328 0.00119944
v 0.00387882 -0.09967328 0.00119944
v -0.00999472 0.09611119 0.01433458
v -0.00999472 0.09611119 0.00018741
v 0.03342506 0.06977532 0.01425461
v 0.03342506 0.06977532 0.00026738
v -0.02634711 0.09247288 0.00188787
v -0.02634711 0.09247288 0.01263412
v 0.03262543 0.06936426 0.00028987
v 0.03262543 0.06936426 0.01423212
v -0.02670694 0.09558830 0.01066066
v -0.02670694 0.09558830 0.01066066
v 0.03594389 0.06345077 0.00240575
v 0.03594389 0.06345077 0.01211623
v -0.01031457 0.09236231 0.00018554
v -0.00415744 0.09458752 0.00354585
v -0.00619649 0.09976636 0.01276406
v -0.00619649 0.09976636 0.00183290
v 0.02614845 0.07825388 0.00017867
v 0.02614845 0.07825388 0.00017867
v 0.02614845 0.07825388 0.01434332
v 0.02614845 0.07825388 0.01434332
v -0.02702679 0.08561045 0.00726099
v -0.02702679 0.08561045 0.00726099
v -0.02702679 0.08574914 0.00847168
v -0.02702679 0.08574914 0.00605031
v 0.03070633 0.07204739 0.01368488
v 0.03070633 0.07204677 0.00083711
v -0.00899519 0.06862586 0.00488023
v -0.00899519 0.06862586 0.00964176
v 0.03522422 0.06681108 0.00360582
v 0.03522422 0.06681108 0.01091617
v 0.00044042 0.06847718 0.01218058
v 0.00044042 0.06847718 0.00234141
v -0.02698681 0.08879459 0.01225554
v -0.02698681 0.08879459 0.00226644
v 0.00699737 0.09841261 0.01124227
v 0.00699737 0.09841261 0.00327972
v 0.02954687 0.07868305 0.00554867
v 0.02954687 0.07868305 0.00897332
v 0.02550875 0.08489953 0.01430771
v 0.02550875 0.08489953 0.00021428
v 0.00791694 0.06799553 0.00726099
v 0.00423865 0.06948983 0.01196943
v 0.00423865 0.06948983 0.00255256
v -0.00393192 -0.05488413 0.00183852
v -0.00393192 -0.05488413 0.01268472
v 0.01817779 0.08357890 0.00726099
v -0.00924944 0.09617053 0.00016367
v -0.00924944 0.09617053 0.01435831
v -0.01168831 0.08326592 0.01005844
v -0.01168831 0.08326592 0.00446355
v 0.02025682 0.09100169 0.00176793
v 0.02025682 0.09100169 0.01275406
v -0.00797004 0.07064554 0.00150430
v -0.00797004 0.07064554 0.00150430
v -0.00797004 0.07064554 0.01301769
v -0.00797004 0.07064554 0.01301769
v 0.02601414 0.08117689 0.01437018
v 0.02601414 0.08117689 0.00015180
v 0.00718291 0.06814108 0.01096365
v 0.00718291 0.06814108 0.00355834
v -0.00753024 0.06822792 0.01264599
v -0.00753024 0.06822792 0.01264599
v -0.00753024 0.06822792 0.00187600
v -0.00753024 0.06822792 0.00187600
v 0.00722289 0.07522841 0.00359458
v 0.00722289 0.07522841 0.01092741
v -0.00177292 0.07537272 0.00237265
v -0.00177292 0.07537272 0.01214934
v 0.02857295 0.07771163 0.01437018
v 0.02857295 0.07771163 0.00015180
v -0.00908952 0.09873559 0.00022802
v -0.00908952 0.09873559 0.01431334
v -0.00497144 0.06814483 0.00218773
v -0.00497144 0.06814546 0.01233426
v -0.00413183 0.09884991 0.00350962
v -0.00413183 0.09884991 0.01101237
v 0.00530378 0.07050311 0.00270062
v 0.00530378 0.07050311 0.00270062
v 0.00530378 0.07050311 0.01182137
v 0.00530378 0.07050311 0.01182137
v -0.01064879 0.09228797 0.01431708
v -0.01064879 0.09228797 0.01431708
v -0.00777013 0.08351268 0.00613589
v -0.00777013 0.08351268 0.00838610
v -0.00653071 0.07544956 0.01156524
v -0.00653071 0.07544956 0.00295675
v 0.01885747 0.08610647 0.00015180
v 0.01885747 0.08610709 0.01437018
v 0.00782261 0.09823957 0.00827240
v 0.00782261 0.09823957 0.00624959
v -0.01172829 0.09172323 0.00026613
v -0.00844982 0.08010114 0.01361491
v -0.00844982 0.08010052 0.00090708
v -0.03587704 0.09688395 0.00990476
v 0.00670313 0.09840137 0.01045326
v 0.00670313 0.09840137 0.01045326
v 0.00670313 0.09840137 0.00406873
v 0.00670313 0.09840137 0.00406873
v 0.00265064 0.06802301 0.00204592
v 0.00265064 0.06802301 0.01247607
v 0.00756835 0.08262434 0.01037329
v 0.00756835 0.08262434 0.00414869
v 0.00716854 0.09822895 0.00994662
v 0.00716854 0.09822895 0.00994662
v 0.00716854 0.09822895 0.00457537
v 0.00716854 0.09822895 0.00457537
v 0.00512949 0.03053235 0.01125663
v 0.00512949 0.03053235 0.00326535
v 0.01004720 0.07486795 0.00475529
v 0.01004720 0.07486795 0.00976670
v 0.00269062 0.09860627 0.00063096
v 0.00269062 0.09860627 0.01370674
v -0.03045394 0.09890926 0.00899644
v 0.00516947 0.07526152 0.01184823
v 0.00516947 0.07526152 0.00267376
v 0.00149118 0.08303290 0.00053975
v 0.00149118 0.08303290 0.01398224
v 0.00928755 0.07968321 0.01346248
v -0.00626521 0.06965850 0.01171517
v -0.00626521 0.06965850 0.00280682
v -0.00338655 0.06817732 0.00227644
v -0.00338655 0.06817794 0.01224555
v -0.01034331 0.09863439 0.01333067
v -0.01034331 0.09863439 0.00119132
v -0.00910389 0.06862711 0.00726099
v -0.00498580 0.09973700 0.01094303
v -0.00498580 0.09973700 0.01094303
v -0.00498580 0.09973700 0.00357896
v -0.00498580 0.09973700 0.00357896
v 0.00608904 -0.05504406 0.00482213
v 0.00608904 -0.05504406 0.00970111
v -0.00946372 0.08531246 0.01416653
v -0.00946372 0.08531246 0.01416653
v -0.03605134 0.08486705 0.01040516
v -0.03605134 0.08486705 0.00411683
v -0.03605134 0.09275212 0.00171420
v -0.00778450 0.06968224 0.00609091
v -0.00778450 0.06968224 0.00843107
v -0.01062318 0.09228797 0.00020490
v -0.01062318 0.09228797 0.00020490
v -0.01102299 0.08577912 0.01352433
v 0.01108671 0.08227450 0.00200844
v 0.01272595 0.09021143 0.01437018
v 0.01272595 0.09021143 0.00015180
v 0.02787889 0.07733680 0.00726099
v -0.00486586 0.09998751 0.00623772
v -0.00486586 0.09998751 0.00828427
v -0.00690491 0.06836723 0.01146404
v -0.00690491 0.06836723 0.00305795
v -0.00690491 0.08519627 0.00027862
v 0.00540936 -0.05503344 0.00391505
v 0.00540936 -0.05503344 0.01060819
v -0.01014340 0.09972513 0.00726099
v -0.03593139 0.08547926 0.00255631
v -0.03593139 0.08547926 0.01196568
v -0.01218245 0.09755426 0.00726099
v -0.00726474 0.06818169 0.01181450
v -0.00726474 0.06818169 0.00270749
v -0.02439114 0.08620392 0.00478902
v -0.02439114 0.08620392 0.00973297
v -0.00064220 0.06811672 0.01284090
v -0.00064220 0.06811672 0.00168109
v -0.02970867 0.08429606 0.00389194
v -0.02970867 0.08429606 0.01063005
v -0.01247669 0.09723316 0.00726099
v -0.01247669 0.09723316 0.00726099
v 0.03586080 0.06339704 0.00991101
v 0.03586080 0.06339704 0.00991101
v 0.03586080 0.06339704 0.00991101
v 0.03586080 0.06339704 0.00991101
v 0.03586080 0.06339704 0.00461098
v 0.03586080 0.06339704 0.00461098
v 0.03586080 0.06339704 0.00461098
v 0.03586080 0.06339704 0.00461098
v 0.00679434 0.06814733 0.00313542
v 0.00679434 0.06814733 0.01138657
v -0.02922889 0.08959672 0.00031610
v -0.02922889 0.08959672 0.01420589
v 0.00311605 0.06843220 0.01298021
v 0.00311605 0.06843220 0.00154178
v -0.00464034 0.09970951 0.00345839
v -0.00464034 0.09970951 0.00345839
v -0.00464034 0.09970951 0.01106360
v -0.00464034 0.09970951 0.01106360
v -0.00707920 0.06817919 0.00255506
v -0.00707920 0.06817919 0.01196693
v 0.00523506 0.09871310 0.01170892
v 0.00523506 0.09871310 0.00281119
v -0.03570587 0.09307385 0.01416903
v -0.02423122 0.09623488 0.00973297
v -0.02667008 0.09664844 0.00846481
v -0.02667008 0.09664844 0.00846481
v -0.00659943 0.09981946 0.00983792
v -0.00659943 0.09981946 0.00983792
v -0.00659943 0.09981946 0.00468407
v -0.00659943 0.09981946 0.00468407
v -0.00615963 0.07544331 0.00281244
v -0.00615963 0.07544331 0.01170955
v -0.00939812 0.09802155 0.01432333
v -0.00939812 0.09802155 0.00019866
v 0.03278224 0.06942986 0.01423775
v 0.03278224 0.06942986 0.00028424
v 0.03606071 0.06379873 0.00240763
v 0.03606071 0.06379873 0.01211436
v -0.03474632 0.08652253 0.00127066
v -0.00116196 0.09962205 0.00316540
v -0.00116196 0.09962205 0.01135659
v -0.03594576 0.09139401 0.00053600
v 0.01483059 0.08941743 0.01437018
v 0.01483059 0.08941743 0.00015180
v -0.00767892 0.05249524 0.00990351
v -0.00767892 0.05249524 0.00461847
v -0.00807874 0.06084761 0.00860287
v -0.00807874 0.06084761 0.00591912
v 0.02918391 0.07490231 0.01437018
v 0.02918391 0.07490231 0.00015180
v -0.02894902 0.09721942 0.01198130
v 0.03534104 0.06329147 0.00360395
v 0.03534104 0.06329147 0.00360395
v 0.03534104 0.06329147 0.01091804
v 0.03534104 0.06329147 0.01091804
v 0.00791382 0.09335934 0.01437018
v 0.00791382 0.09335934 0.00015180
v 0.02266695 0.08111629 0.00726099
v -0.02644456 0.08627701 0.00488523
v -0.02644456 0.08627701 0.00963676
v 0.03620627 0.06373501 0.00416806
v 0.03620627 0.06373501 0.00416806
v 0.03620627 0.06373501 0.00416806
v 0.03620627 0.06373501 0.01035393
v 0.03620627 0.06373501 0.01035393
v 0.03620627 0.06373501 0.01035393
v -0.00717353 0.06837160 0.00331783
v -0.00717353 0.06837160 0.01120416
v -0.03624000 0.08915068 0.00899831
v -0.00633393 0.09992941 0.00345964
v -0.00633393 0.09992941 0.01106235
v -0.01285089 0.08550425 0.01023461
v -0.01285089 0.08550425 0.00428738
v 0.00394129 -0.09998813 0.01142593
v 0.00394129 -0.09998813 0.00309731
v -0.00629394 0.08005804 0.01365302
v -0.00629394 0.08005741 0.00086897
v -0.03616004 0.09415835 0.00793506
v 0.00805937 0.06793618 0.00497956
v 0.00805937 0.06793618 0.00954243
v 0.00977857 0.07964760 0.01302331
v 0.00118257 0.04325767 0.00195347
v 0.00118257 0.04325767 0.01256852
v -0.03072257 0.08644694 0.01326507
v -0.03072257 0.08644694 0.00125691
v 0.00534064 0.06839659 0.01297896
v 0.00534064 0.06839659 0.00154303
v 0.03072882 0.07551827 0.00945685
v 0.03072882 0.07551827 0.00506514
v -0.01021212 0.08980974 0.01433582
v -0.02944317 0.08794374 0.00059597
v -0.02944317 0.08794374 0.00059597
v -0.02944317 0.08794436 0.01392602
v -0.02944317 0.08794436 0.01392602
v 0.00618025 -0.00941905 0.01062630
v 0.00618025 -0.00941905 0.01062630
v 0.00618025 -0.00941905 0.00389569
v 0.00618025 -0.00941905 0.00389569
v 0.00006310 0.09893924 0.00061909
v 0.00006310 0.09893987 0.01387292
v -0.00689367 0.09913665 0.00054600
v -0.00689367 0.09913665 0.00054600
v -0.00689367 0.09913665 0.01430396
v -0.00689367 0.09913665 0.01430396
v -0.03596013 0.08824672 0.01352058
v 0.00745965 -0.00943967 0.00854102
v 0.00745965 -0.00943967 0.00854102
v 0.00745965 -0.00943967 0.00598097
v 0.00745965 -0.00943967 0.00598097
v -0.00681370 0.09463063 0.00910389
v -0.00681370 0.09463063 0.00541810
v -0.00681370 0.09995065 0.00386320
v -0.00681370 0.09995065 0.01065879
v -0.03585456 0.09706449 0.00275059
v -0.00554867 0.09606308 0.01437018
v -0.00554867 0.09606308 0.00015180
v 0.00632580 0.09762860 0.01056258
v 0.00632580 0.09762860 0.00395941
v -0.03581457 0.09300451 0.01386604
v 0.01168331 0.09686583 0.00726099
v -0.00550869 0.06857026 0.00154865
v -0.00550869 0.06857026 0.01297333
v -0.01038641 0.08358889 0.01317636
v 0.02523700 0.08026294 0.01437018
v 0.02523700 0.08026294 0.00015180
v 0.03591203 0.06390806 0.00189912
v 0.03591203 0.06390806 0.01262287
v 0.00768517 -0.00944342 0.00726099
v 0.00768517 -0.00944342 0.00726099
v 0.00768517 -0.00944342 0.00726099
v 0.00768517 -0.00944342 0.00726099
v 0.02447735 0.07961324 0.01041203
v 0.02447735 0.07961324 0.00410996
v 0.00728536 0.03049799 0.00726099
v 0.00728536 0.03049799 0.00726099
v 0.03595201 0.06298786 0.01092679
v 0.03595201 0.06298786 0.00359520
v -0.03569463 0.09895549 0.00726099
v 0.00648573 0.09778478 0.00416681
v 0.00648573 0.09778478 0.01035518
v -0.00414932 0.09978635 0.01179826
v -0.00414932 0.09978635 0.00272373
v -0.00698800 0.09983070 0.00916761
v -0.00698800 0.09983070 0.00916761
v -0.00698800 0.09983070 0.00535438
v -0.00698800 0.09983070 0.00535438
v -0.01230552 0.08473336 0.00433298
v -0.01230552 0.08473336 0.01018901
v 0.00244761 0.09407713 0.01437018
v 0.00244761 0.09407713 0.00015180
v 0.01064379 0.08236259 0.01331880
v 0.00204780 0.08946178 0.01437018
v 0.00204780 0.08946178 0.00015180
v 0.00328722 0.06950545 0.01207000
v 0.00328722 0.06950545 0.00245198
v 0.03399292 0.07001209 0.00160363
v 0.03399292 0.07001209 0.01291836
v 0.02951501 0.07851750 0.01436206
v 0.02951501 0.07851750 0.00015993
v 0.01068378 0.09690457 0.00089458
v 0.01068378 0.09690457 0.01362740
v -0.00646824 0.06822667 0.01186260
v -0.00646824 0.06822667 0.00265939
v -0.03061699 0.09304386 0.01439767
v -0.03061699 0.09304386 0.00012432
v 0.00132813 0.05235094 0.00195846
v 0.00132813 0.05235094 0.01256353
v -0.02937757 0.08526061 0.00246698
v -0.02937757 0.08526061 0.00246698
v -0.02937757 0.08526061 0.01205501
v -0.02937757 0.08526061 0.01205501
v -0.01258539 -0.09956583 0.00726162
v 0.00748526 0.09760237 0.00538249
v 0.00748526 0.09760237 0.00913949
v 0.03615192 0.06412545 0.00296549
v 0.03615192 0.06412545 0.00296549
v 0.03615192 0.06412545 0.00296549
v 0.03615192 0.06412545 0.01155649
v 0.03615192 0.06412545 0.01155649
v 0.03615192 0.06412545 0.01155649
v 0.00792506 0.08274428 0.00053975
v -0.01254541 0.08968855 0.00051788
v -0.01254541 0.08968855 0.00051788
v -0.01254541 0.09125845 0.00035421
v -0.01254541 0.09125845 0.00035421
v -0.00844169 0.09870310 0.01435207
v 0.02022496 0.09088300 0.01390665
v 0.02022496 0.09088237 0.00061534
v 0.03621751 0.06392305 0.00360395
v 0.03621751 0.06392305 0.00360395
v 0.03621751 0.06392305 0.01091804
v 0.03621751 0.06392305 0.01091804
v -0.01004095 0.09949336 0.00457162
v 0.00183352 0.08711225 0.00016742
v 0.00183352 0.08711225 0.01435457
v 0.01166894 0.09686958 0.00587476
v 0.01166894 0.09686958 0.00864722
v 0.00962989 0.08253876 0.00056474
v 0.00962989 0.08253876 0.00056474
v 0.01126913 0.09685084 0.01306517
v 0.01126913 0.09685084 0.00145682
v 0.03297902 0.06901505 0.00985853
v 0.03297902 0.06901505 0.00466345
v -0.01327944 0.08614270 0.01152338
v -0.01327944 0.08614270 0.00299860
v -0.00220460 0.07055371 0.00138248
v -0.00220460 0.07055371 0.01313951
v 0.03465824 0.06631568 0.00472967
v 0.03465824 0.06631568 0.00472967
v 0.03465824 0.06631568 0.00979232
v 0.03465824 0.06631568 0.00979232
v -0.00460348 0.08313348 0.00053975
v -0.00460348 0.08313410 0.01398224
v -0.01319948 0.09114038 0.01409031
v -0.03039147 0.09890801 0.00552555
v 0.00195347 0.09945963 0.00829926
v 0.00195347 0.09945963 0.00622273
v 0.01630678 0.08430231 0.01017714
v 0.01630678 0.08430231 0.00434485
v -0.01275968 0.09118410 0.01414154
v -0.00948121 0.07066866 0.00847543
v -0.00948121 0.07066866 0.00604656
v 0.03269915 0.06888636 0.00422303
v 0.03269915 0.06888636 0.01029895
v -0.00904142 0.07521529 0.01260101
v -0.00904142 0.07521529 0.00192098
v -0.01271970 -0.09940715 0.00894209
v -0.01271970 -0.09940715 0.00894209
v -0.01271970 -0.09940715 0.00558115
v -0.01271970 -0.09940715 0.00558115
v 0.00079401 0.01242453 0.01261413
v 0.00079401 0.01242453 0.00190786
v 0.03601760 0.06324212 0.01155400
v 0.03601760 0.06324212 0.00296799
v -0.01024086 0.08746646 0.00027800
v 0.01146903 0.08217330 0.00450415
v 0.01146903 0.08217330 0.01001784
v -0.00736220 0.06820356 0.01139407
v -0.00736220 0.06820356 0.00312792
v 0.00575170 0.06797179 0.00200657
v 0.00575170 0.06797179 0.01251542
v -0.00528317 0.09781414 0.01437018
v -0.01263974 0.08586346 0.01156961
v -0.01263974 0.08586346 0.01156961
v -0.01263974 0.08586346 0.00295238
v -0.01263974 0.08586346 0.00295238
v 0.00703110 -0.03224030 0.00851666
v 0.00703110 -0.03224030 0.00600658
v 0.00583166 0.07525090 0.00277746
v 0.00583166 0.07525090 0.00277746
v 0.00583166 0.07525090 0.01174453
v 0.00583166 0.07525090 0.01174453
v -0.01176015 0.08308725 0.00584728
v -0.01176015 0.08308725 0.00867471
v -0.00684244 0.06859212 0.00156615
v -0.00684244 0.06859212 0.01295584
v -0.00764207 0.04339948 0.00979481
v -0.00764207 0.04339948 0.00472717
v -0.02684750 0.08690610 0.00386133
v -0.02684750 0.08690610 0.00386133
v -0.02684750 0.08690610 0.01066066
v -0.02684750 0.08690610 0.01066066
v -0.01125476 0.09202246 0.01429897
v -0.01329381 0.08524187 0.00877591
v -0.01329381 0.08524187 0.00574607
v -0.02924638 0.09609369 0.00132688
v -0.02924638 0.09609369 0.00132688
v -0.03620314 0.09144149 0.00441982
v 0.00637703 0.09441885 0.01033019
v 0.00637703 0.09441885 0.00419180
v 0.00313854 -0.05499720 0.00263565
v 0.00313854 -0.05499720 0.01188759
v 0.03384424 0.07009705 0.01417215
v 0.03384424 0.07009705 0.00034984
v 0.00849604 0.07038192 0.01256290
v 0.00849604 0.07038192 0.00195909
v -0.00949558 0.07066866 0.00726099
v -0.00785634 0.06861024 0.00726099
v -0.00825616 -0.07623919 0.00205092
v -0.00825616 -0.07623856 0.01247232
v 0.03396419 0.07008768 0.00109949
v 0.03396419 0.07008768 0.01342250
v 0.03112551 0.07233538 0.00016867
v 0.03112551 0.07233538 0.01435332
v -0.00653696 0.08349331 0.00345714
v -0.00653696 0.08349394 0.01106485
v -0.03560342 0.08967356 0.00021490
v -0.03560342 0.08967356 0.00021490
v 0.00821617 0.07974506 0.00086772
v -0.01061506 0.08023983 0.00336406
v -0.01061506 0.08023983 0.01115793
v -0.02944629 0.09828705 0.00389131
v -0.00813621 0.06084885 0.00726099
v -0.00813621 0.06084885 0.00726099
v -0.01181450 -0.09835077 0.01169768
v -0.01181450 -0.09835077 0.00282556
v 0.02053044 0.08241444 0.00433548
v 0.01645234 0.08578662 0.01437018
v 0.01645234 0.08578662 0.00015180
v -0.00769642 0.06968099 0.00507076
v -0.00769642 0.06968099 0.00945122
v -0.00193910 0.06821230 0.00226832
v -0.00193910 0.06821230 0.01225367
v -0.01053509 -0.09185317 0.01241672
v -0.01053509 -0.09185317 0.00210652
v 0.03492374 0.06440282 0.01307766
v 0.03492374 0.06440282 0.01307766
v 0.03492374 0.06440282 0.01307766
v 0.03492374 0.06440220 0.00144433
v 0.03492374 0.06440220 0.00144433
v 0.03492374 0.06440220 0.00144433
v -0.00641701 0.09898047 0.00475716
v -0.00641701 0.09898047 0.00976483
v -0.02686187 0.08570915 0.00726099
v -0.02686187 0.08570915 0.00726099
v -0.02686187 0.08570915 0.00726099
v -0.02686187 0.08570915 0.00726099
v 0.00140497 0.06953544 0.00237764
v 0.00140497 0.06953544 0.01214435
v 0.03335010 0.06921808 0.00483025
v 0.03335010 0.06921808 0.00483025
v 0.03335010 0.06921808 0.00969174
v 0.03335010 0.06921808 0.00969174
v -0.02642207 0.08779318 0.01156149
v -0.02642207 0.08779318 0.00296050
v 0.01291961 0.09182068 0.01437018
v 0.01291961 0.09182006 0.00015180
v 0.01783732 0.09303012 0.01017714
v 0.01783732 0.09303012 0.00434485
v -0.01038954 0.08979475 0.00020865
v -0.01038954 0.08979475 0.00020865
v 0.00148493 0.07532087 0.01213747
v 0.00148493 0.07532087 0.00238451
v -0.01282840 0.08690485 0.01265598
v -0.01282840 0.08690485 0.00186601
v 0.00888149 0.08263059 0.01398224
v -0.00994974 0.09926159 0.00130564
v -0.00994974 0.09926159 0.00130564
v -0.00994974 0.09926159 0.01321635
v -0.00994974 0.09926159 0.01321635
v -0.03573773 0.08368385 0.00726099
v -0.03573773 0.08368385 0.00726099
v -0.03573773 0.08368385 0.00726099
v 0.01707767 0.08953925 0.01437018
v 0.01707767 0.08953925 0.00015180
v -0.01522728 0.09389347 0.01323134
v -0.01522728 0.09389347 0.00129065
v -0.02422310 0.09662969 0.00599408
v 0.02983173 0.07716376 0.00549432
v 0.02983173 0.07716376 0.00902767
v 0.02987172 0.07859247 0.01114419
v 0.02987172 0.07859247 0.00337780
v -0.01266848 0.08484393 0.00726099
v -0.01266848 0.08484393 0.00726099
v -0.01266848 0.08484393 0.00726099
v 0.00740218 0.07039941 0.00140310
v 0.00740218 0.07039941 0.00140310
v 0.00740218 0.07039941 0.01311889
v 0.00740218 0.07039941 0.01311889
v 0.01028084 0.08392249 0.01421838
v 0.01028084 0.08392249 0.01421838
v 0.01028084 0.08392249 0.00030361
v 0.01028084 0.08392249 0.00030361
v 0.02051607 0.08240819 0.00872594
v 0.02051607 0.08240819 0.00579605
v -0.00527192 0.05245651 0.00239201
v -0.00527192 0.05245651 0.01212998
v -0.01222868 0.08519314 0.00298673
v -0.01222868 0.08519314 0.01153525
v 0.00456350 0.07987250 0.00086772
v 0.00456350 0.07987250 0.01365427
v -0.00807062 0.05250149 0.00726099
v -0.00807062 0.05250149 0.00726099
v 0.00012557 0.09938966 0.00252570
v 0.00012557 0.09938966 0.01199629
v -0.00680558 0.09899234 0.00540311
v -0.00680558 0.09899234 0.00911888
v 0.02310049 0.08819362 0.01018651
v 0.02310049 0.08819362 0.00433548
v 0.02310049 0.08818175 0.01159835
v 0.02310049 0.08818175 0.00292364
v -0.03583207 0.09846446 0.00564737
v -0.03623188 0.08966106 0.00501329
v -0.01248294 0.09674402 0.00426614
v -0.01248294 0.09674402 0.00426614
v -0.01248294 0.09674402 0.01025585
v -0.01248294 0.09674402 0.01025585
v 0.01126600 0.08356328 0.00096705
v 0.01126600 0.08356328 0.01355494
v -0.00592599 0.09990879 0.01132223
v -0.00592599 0.09990879 0.00319976
v -0.01124351 0.09889676 0.00726099
v -0.02679627 0.09674901 0.00605031
v -0.00632580 0.04337886 0.00308919
v -0.00632580 0.04337886 0.01143280
v 0.00802751 0.09809714 0.00726099
v 0.00802751 0.09809714 0.00726099
v 0.00802751 0.09809714 0.00726099
v -0.01284277 0.08604525 0.00296924
v -0.01284277 0.08604525 0.01155275
v 0.02769835 0.07985438 0.01437018
v 0.02769835 0.07985438 0.00015180
v 0.03589454 0.06316153 0.00296799
v 0.03589454 0.06316215 0.01155400
v 0.02893778 0.07471053 0.00036545
v 0.02893778 0.07471053 0.01415653
v -0.00872469 0.08011363 0.00096330
v -0.00872469 0.08011363 0.00096330
v -0.00872469 0.08011426 0.01355869
v -0.00872469 0.08011426 0.01355869
v -0.00952432 -0.09838763 0.00114572
v -0.00952432 -0.09838763 0.01337752
v 0.02569928 0.08518315 0.01277405
v 0.02569928 0.08518315 0.00174794
v 0.03389547 0.07013141 0.01403596
v 0.03389547 0.07013141 0.01403596
v 0.03389547 0.07013141 0.00048602
v 0.03389547 0.07013141 0.00048602
v 0.03597450 0.06427413 0.01260788
v 0.03597450 0.06427413 0.01260788
v 0.03597450 0.06427413 0.00191411
v 0.03597450 0.06427413 0.00191411
v 0.03393545 0.06621011 0.00292864
v 0.03393545 0.06621011 0.01159335
v -0.00536625 0.06819231 0.00172170
v -0.00536625 0.06819231 0.01280029
v 0.02741848 0.08273991 0.01390665
v 0.02741848 0.08273991 0.00061534
v -0.00900456 0.09717007 0.01435769
v -0.00900456 0.09717007 0.00016430
v -0.00940437 0.07522529 0.00254694
v -0.00940437 0.07522529 0.01197505
v -0.03599199 0.09621239 0.00343028
v -0.00320726 -0.00926850 0.01267222
v -0.00320726 -0.00926850 0.01267222
v -0.00320726 -0.00926912 0.00184976
v -0.00320726 -0.00926912 0.00184976
v -0.03591203 0.09621051 0.01109171
v -0.03591203 0.08667620 0.01308203
v 0.03249612 0.06902505 0.00220585
v 0.03249612 0.06902505 0.01231614
v -0.02645081 0.08587658 0.00604469
v -0.02645081 0.08587658 0.00847730
v -0.00598034 0.06818107 0.00247822
v -0.00598034 0.06818107 0.01204377
v 0.00385508 -0.00938219 0.01193444
v 0.00385508 -0.00938219 0.01193444
v 0.00385508 -0.00938219 0.00258755
v 0.00385508 -0.00938219 0.00258755
v -0.00474092 0.09998813 0.00926194
v -0.00474092 0.09998813 0.00526005
v 0.00713355 -0.09213679 0.00561738
v 0.00713355 -0.09213679 0.00890585
v -0.00022302 0.09429453 0.01437018
v -0.00022302 0.09429453 0.00015180
v 0.01165145 0.08612084 0.01437018
v 0.01165145 0.08612084 0.00015180
v 0.02476534 0.07970820 0.00017867
v 0.02476534 0.07970820 0.00017867
v 0.02476534 0.07970820 0.01434332
v 0.02476534 0.07970820 0.01434332
v -0.01165770 -0.07618421 0.00872281
v -0.01165770 -0.07618421 0.00580042
v 0.00145620 0.06068456 0.00218648
v 0.00145620 0.06068518 0.01233551
v -0.00713980 0.06859900 0.01116980
v -0.00713980 0.06859900 0.00335219
v -0.00550056 0.09988318 0.00298798
v -0.00550056 0.09988318 0.01153400
v -0.01081809 0.09941027 0.00726099
v -0.01081809 0.09941027 0.00726099
v -0.00753961 0.09712384 0.01436831
v -0.00753961 0.09712384 0.00018491
v 0.02932322 0.07951204 0.00964114
v 0.02932322 0.07951204 0.00488085
v 0.02072722 0.08289047 0.00017867
v 0.02072722 0.08289047 0.00017867
v 0.02072722 0.08289047 0.01434332
v 0.02072722 0.08289047 0.01434332
v 0.03548035 0.06600833 0.01340876
v 0.03548035 0.06600833 0.01340876
v 0.03548035 0.06600833 0.01340876
v 0.03548035 0.06600833 0.00111323
v 0.03548035 0.06600833 0.00111323
v 0.03548035 0.06600833 0.00111323
v -0.02429181 0.09247038 0.01282340
v -0.02429181 0.09247038 0.00169858
v -0.00953868 0.09873247 0.01414154
v -0.00953868 0.09873247 0.00038045
v -0.00949870 -0.09945963 0.01332380
v -0.00949870 -0.09945963 0.01332380
v -0.00949870 -0.09945963 0.00119944
v -0.00949870 -0.09945963 0.00119944
v 0.00893272 0.06833912 0.00606343
v 0.00893272 0.06833912 0.00845856
v 0.00361519 0.08497137 0.00027737
v 0.00361519 0.08497137 0.01424462
v -0.00701986 0.07084982 0.01144467
v -0.00701986 0.07084982 0.01144467
v -0.00701986 0.07084982 0.00307732
v -0.00701986 0.07084982 0.00307732
v -0.01069814 -0.09959331 0.00206029
v -0.01069814 -0.09959331 0.01246295
v 0.01632927 0.08454157 0.00170546
v 0.01632927 0.08454157 0.01281653
v -0.00206216 0.06809735 0.00184976
v -0.00206216 0.06809735 0.01267222
v 0.02496525 0.08408616 0.01437018
v -0.00450103 0.09459314 0.01089305
v -0.00450103 0.09459314 0.00362894
v -0.02904960 0.09879931 0.00554554
v -0.02904960 0.09879931 0.00554554
v -0.01225742 0.08970354 0.01406408
v -0.01265723 0.08532621 0.01023586
v -0.01265723 0.08532621 0.01023586
v -0.01265723 0.08532621 0.00428613
v -0.01265723 0.08532621 0.00428613
v -0.02936945 0.09885991 0.00553305
v -0.01093803 -0.09970389 0.00306670
v -0.01093803 -0.09970389 0.01145654
v -0.00805937 0.09958207 0.00091520
v -0.00805937 0.09958207 0.01375984
v -0.00642014 0.09975824 0.00994662
v -0.00642014 0.09975824 0.00994662
v -0.00642014 0.09975824 0.00457537
v -0.00642014 0.09975824 0.00457537
v 0.01365052 0.09576197 0.00871032
v 0.01365052 0.09576197 0.00581167
v -0.01171205 0.08973103 0.01416403
v 0.01531537 0.09255971 0.01437018
v 0.01531537 0.09255971 0.00015180
v -0.00063720 0.06849280 0.00154116
v -0.00063720 0.06849280 0.01298083
v 0.00719915 0.07978879 0.01365427
v -0.02922389 0.09731313 0.00246635
v -0.02922389 0.09731313 0.00246635
v -0.00711419 0.09862439 0.00044292
v -0.00711419 0.09862439 0.01436769
v 0.02279189 0.08098823 0.01025522
v 0.02279189 0.08098823 0.00426676
v -0.00791382 0.06830788 0.00843045
v -0.00791382 0.06830788 0.00609154
v 0.00723913 0.06806487 0.00352523
v 0.00723913 0.06806487 0.01099675
v 0.02978863 0.07873865 0.01290961
v 0.02978863 0.07873865 0.00161237
v 0.02734977 0.07660214 0.00152804
v 0.02734977 0.07660214 0.01299395
v 0.00935814 0.07036755 0.00847543
v 0.00935814 0.07036755 0.00604656
v 0.03106803 0.07630791 0.01351308
v 0.03106803 0.07630791 0.00100891
v -0.00699424 0.06817607 0.00210714
v -0.00699424 0.06817607 0.01241484
v 0.00815870 0.06793493 0.00844294
v 0.00815870 0.06793493 0.00607904
v 0.03518612 0.06695726 0.01159085
v 0.03518612 0.06695726 0.00293114
v 0.02659012 0.07871241 0.01437018
v 0.02659012 0.07871241 0.00015180
v 0.03070820 0.07202553 0.00147494
v 0.03070820 0.07202553 0.01304705
v 0.00779887 0.06805612 0.00843357
v 0.00779887 0.06805612 0.00608842
v -0.00775389 0.09983695 0.01194256
v -0.00775389 0.09983695 0.00257942
v -0.00487523 0.08516066 0.00027737
v -0.00487523 0.08516066 0.01424462
v -0.00895333 0.09980821 0.00602032
v -0.00851354 0.07519467 0.00137811
v -0.00851354 0.07519467 0.01314388
v -0.00523506 0.09975386 0.00368891
v -0.00523506 0.09975386 0.00368891
v -0.00523506 0.09975386 0.01083308
v -0.00523506 0.09975386 0.01083308
v -0.01259164 0.08968980 0.01400410
v -0.01259164 0.08968980 0.01400410
v 0.00951807 0.09772543 0.01076686
v 0.03082815 0.07614236 0.01436206
v 0.03082815 0.07614236 0.00015993
v 0.03126794 0.07215671 0.00479839
v 0.03126794 0.07215671 0.00972360
v -0.01048699 -0.03195918 0.00851666
v -0.01048699 -0.03195918 0.00600658
v 0.02309737 0.08820487 0.00872594
v 0.02309737 0.08820487 0.00579605
v 0.02309737 0.08816863 0.01275656
v 0.02309737 0.08816863 0.00176543
v 0.01781983 0.09294141 0.01348872
v 0.01781983 0.09294141 0.00103327
v -0.01324571 0.08823798 0.01342250
v -0.02919828 0.09609244 0.01319511
v -0.02919828 0.09609244 0.01319511
v 0.00070780 0.06847156 0.00154116
v 0.00070780 0.06847156 0.01298083
v 0.00726474 -0.03224405 0.00726162
v 0.00726474 -0.03224405 0.00726162
v -0.02915830 0.09128531 0.00019553
v -0.02915830 0.09128531 0.01432645
v -0.02424059 0.09560455 0.00370640
v 0.03597138 0.06316902 0.00453976
v 0.03597138 0.06316902 0.00453976
v 0.03597138 0.06316902 0.00998223
v 0.03597138 0.06316902 0.00998223
v -0.02951813 0.09613305 0.01323946
v -0.01108671 0.08368884 0.00206404
v -0.01108671 0.08368884 0.01245795
v -0.00656882 0.08316721 0.00054100
v -0.00656882 0.08316721 0.01398099
v -0.00656882 0.06836161 0.00283181
v -0.00656882 0.06836161 0.00283181
v -0.00656882 0.06836161 0.01169018
v -0.00656882 0.06836161 0.01169018
v 0.00530565 0.09513102 0.01437018
v 0.00530565 0.09513102 0.00015180
v 0.02865478 0.08074834 0.00260879
v 0.02865478 0.08074834 0.01191320
v -0.00776826 0.06838097 0.00945872
v -0.00776826 0.06838097 0.00506327
v 0.03485190 0.06760383 0.01388354
v 0.03485190 0.06760383 0.00063845
v -0.00117133 0.09977948 0.01032582
v -0.00117133 0.09977948 0.00419617
v -0.03595513 0.09748804 0.00726099
v -0.03595513 0.09275025 0.01280779
v -0.03471571 0.08964295 0.00014181
v -0.00768830 0.06830413 0.01026959
v -0.00768830 0.06830413 0.00425239
v -0.01216621 0.08795186 0.00088146
v 0.03453205 0.06532677 0.01351121
v 0.03453205 0.06532677 0.01351121
v 0.03453205 0.06532677 0.01351121
v 0.03453205 0.06532677 0.00101078
v 0.03453205 0.06532677 0.00101078
v 0.03453205 0.06532677 0.00101078
v 0.02061852 0.08265807 0.00036545
v 0.02061852 0.08265807 0.01415653
v 0.00342653 -0.03218283 0.00270624
v 0.00342653 -0.03218220 0.01181700
v 0.00509138 0.06947609 0.00266813
v 0.00509138 0.06947609 0.01185386
v 0.03579708 0.06510187 0.00150118
v 0.03579708 0.06510187 0.00150118
v 0.03579708 0.06510187 0.00150118
v 0.03579708 0.06510187 0.01302081
v 0.03579708 0.06510187 0.01302081
v 0.03579708 0.06510187 0.01302081
v 0.03579708 0.06477140 0.01307953
v 0.03579708 0.06477140 0.01307953
v 0.03579708 0.06477140 0.00144245
v 0.03579708 0.06477140 0.00144245
v 0.00673062 -0.09971951 0.00407248
v 0.00673062 -0.09971951 0.00407248
v 0.00673062 -0.09971951 0.01045076
v 0.00673062 -0.09971951 0.01045076
v -0.03580958 0.09307572 0.00035296
v 0.00840983 0.06792931 0.00607342
v 0.00840983 0.06792931 0.00844857
v 0.00761021 0.07040128 0.00382759
v 0.00761021 0.07040128 0.00382759
v 0.00761021 0.07040128 0.01069440
v 0.00761021 0.07040128 0.01069440
v 0.00761021 0.09134216 0.01437018
v 0.00761021 0.09134216 0.00015180
v -0.00262503 0.08511880 0.00027737
v -0.00262503 0.08511880 0.01424462
v 0.02892028 0.07802211 0.01437018
v 0.02892028 0.07802211 0.00015180
v 0.00725037 0.07978754 0.00086772
v -0.00706296 0.09981134 0.00205404
v -0.00706296 0.09981134 0.01252667
v -0.01274032 0.09118348 0.00038045
v 0.03107928 0.07628979 0.00232454
v 0.03107928 0.07628979 0.01219745
v -0.03564965 0.08658437 0.00132938
v -0.03564965 0.08658437 0.00132938
v -0.01517918 0.09684834 0.00873468
v -0.01517918 0.09684834 0.00578731
v -0.00738281 0.06967599 0.00377012
v -0.00738281 0.06967599 0.01075187
v 0.00613090 0.09850882 0.01079747
v 0.00613090 0.09850882 0.01079747
v 0.00613090 0.09850882 0.00372452
v 0.00613090 0.09850882 0.00372452
v 0.02744097 0.07650969 0.01124164
v 0.02744097 0.07650969 0.00328035
v -0.02901274 0.09457877 0.00069593
v -0.00526380 -0.09985382 0.00485586
v -0.00526380 -0.09985382 0.00966737
v 0.00988915 0.09764672 0.00850104
v 0.00988915 0.09764672 0.00602095
v -0.01138095 -0.09970139 0.00431049
v -0.01138095 -0.09970139 0.01021274
v 0.00377199 -0.09982758 0.00139185
v 0.00377199 -0.09982758 0.01313139
v 0.00501142 0.09865750 0.01099051
v 0.00501142 0.09865750 0.01099051
v 0.00501142 0.09865750 0.00353148
v 0.00501142 0.09865750 0.00353148
v -0.01218058 0.09741995 0.00878154
v 0.00992913 0.09763423 0.00726099
v -0.01094116 0.08577787 0.00099766
v 0.03491749 0.06412670 0.01091742
v 0.03491749 0.06412670 0.00360457
v -0.00886212 0.01257946 0.00484962
v -0.00886212 0.01257946 0.00967237
v -0.01171517 0.09811213 0.00876342
v -0.01251480 0.09419645 0.00097767
v -0.01251480 0.09419645 0.00097767
v -0.01251480 0.09419645 0.01354432
v -0.01251480 0.09419645 0.01354432
v 0.00959491 0.08253876 0.01395725
v 0.00959491 0.08253876 0.01395725
v -0.00923632 0.08016986 0.00127503
v -0.00923632 0.08016986 0.01324696
v -0.03622376 0.09020456 0.00468282
v -0.03458452 0.09622426 0.01325071
v -0.03578396 0.09467373 0.00072654
v -0.02922702 0.09463063 0.01392602
v -0.02922702 0.09463063 0.01392602
v -0.03618378 0.09266966 0.00472030
v 0.03506305 0.06729398 0.00173794
v 0.03506305 0.06729398 0.01278405
v -0.00667752 0.09979197 0.00191473
v -0.00667752 0.09979197 0.01269034
v -0.00503828 0.08345083 0.00306670
v -0.00503828 0.08345083 0.01145529
v 0.02894590 0.08015674 0.00597597
v 0.02894590 0.08015674 0.00854602
v -0.00871657 0.09800843 0.00019428
v -0.00871657 0.09800843 0.01435582
v 0.03550284 0.06311343 0.00360207
v 0.03550284 0.06311343 0.01091992
v 0.02978551 0.07873740 0.00101328
v 0.02978551 0.07873740 0.01350871
v 0.00235828 0.06844657 0.01213747
v 0.00235828 0.06844657 0.00238451
v -0.02914705 0.08534745 0.00254069
v -0.02914705 0.08534745 0.01198130
v -0.02422934 0.09623488 0.00478902
v -0.00783698 0.06821105 0.01034456
v -0.00783698 0.06821105 0.00417743
v 0.02698681 0.07746424 0.00726099
v -0.00943623 0.08981037 0.01435894
v -0.03070633 0.09130967 0.01452199
v -0.03070633 0.09130967 0.00000000
v -0.01063567 0.09927596 0.01134034
v -0.01063567 0.09927596 0.01134034
v -0.01063567 0.09925597 0.00318164
v -0.01063567 0.09925597 0.00318164
v -0.02946690 0.09828767 0.01063068
v -0.00939625 0.01258820 0.00599034
v -0.00939625 0.01258820 0.00853165
v -0.00611778 0.09980197 0.00421179
v -0.00611778 0.09980197 0.00421179
v -0.00611778 0.09980197 0.01031020
v -0.00611778 0.09980197 0.01031020
v -0.00447854 0.09887615 0.00359395
v -0.00447854 0.09887615 0.01092804
v 0.01231364 0.08391874 0.00293238
v 0.01231364 0.08391874 0.01158960
v 0.02050983 0.08241194 0.00726099
v -0.01019588 0.08027543 0.00232579
v -0.01019588 0.08027606 0.01219620
v -0.02694808 0.09124970 0.01281216
v -0.02694808 0.09124970 0.00170983
v -0.02938694 0.08434167 0.01060569
v -0.02938694 0.08434167 0.01060569
v -0.02938694 0.08434167 0.00391630
v -0.02938694 0.08434167 0.00391630
v 0.00787571 0.06793930 0.01048262
v 0.00787571 0.06793930 0.00403937
v 0.00255818 0.06804425 0.01235675
v 0.00255818 0.06804425 0.00216524
v -0.00191973 0.06828727 0.01220432
v -0.00191973 0.06828727 0.00231767
v 0.00791569 0.09731063 0.00827677
v 0.00791569 0.09731063 0.00624522
v -0.00597222 0.07515095 0.00116008
v -0.00597222 0.07515095 0.01336190
v 0.00550244 0.09885866 0.00926194
v 0.00550244 0.09885866 0.00526005
v -0.00349337 0.06812109 0.00206966
v -0.00349337 0.06812172 0.01245233
v 0.01002033 0.08840977 0.01437018
v 0.01002033 0.08840977 0.00015180
v 0.01821652 0.08378005 0.00170546
v 0.01821652 0.08378005 0.01281653
v 0.00922071 0.07488794 0.00175981
v 0.00922071 0.07488794 0.01276218
v 0.00226395 0.09194438 0.01437018
v 0.00226395 0.09194438 0.00015180
v 0.03053078 0.07593558 0.01437018
v 0.03053078 0.07593558 0.00015180
v -0.02924138 0.09463125 0.00059597
v -0.02924138 0.09463125 0.00059597
v 0.01010030 0.07486608 0.00600720
v 0.01010030 0.07486608 0.00851479
v -0.01076999 0.09433389 0.01429959
v -0.01076999 0.09433389 0.00022240
v -0.00053475 0.07535335 0.00235640
v -0.00053475 0.07535335 0.01216559
v -0.00749151 0.06830101 0.00367142
v -0.00749151 0.06830101 0.01085057
v -0.01116980 -0.07619171 0.00450103
v -0.01116980 -0.07619171 0.01002221
v -0.00829114 0.09959206 0.01368425
v -0.00829114 0.09959206 0.00094831
v -0.02916142 0.08654939 0.00141746
v -0.02916142 0.08654939 0.01310452
v 0.00482275 -0.09993378 0.00227457
v 0.00482275 -0.09993378 0.01224867
v 0.01997570 0.09000840 0.01436206
v 0.01997570 0.09000840 0.00015993
v -0.00909077 0.06862711 0.00606343
v -0.00909077 0.06862711 0.00845856
v -0.00825116 0.08522938 0.00028862
v 0.00526255 0.06803863 0.00251820
v 0.00526255 0.06803863 0.01200379
v 0.03516862 0.06666115 0.00419867
v 0.03516862 0.06666115 0.01032332
v 0.00774140 0.09289643 0.00524756
v 0.00774140 0.09289643 0.00927443
v 0.00162424 0.06803926 0.00202343
v 0.00162424 0.06803926 0.01249856
v -0.00041481 0.08306539 0.00053975
v -0.00041481 0.08306539 0.01398224
v -0.00777138 0.07086357 0.00382759
v -0.00777138 0.07086357 0.00382759
v -0.02700243 0.08772259 0.00293738
v -0.02700243 0.08772259 0.01158461
v 0.00862099 0.06796804 0.00961552
v 0.00862099 0.06796804 0.00490647
v -0.03599824 0.09003901 0.01280779
v 0.00250383 0.06808236 0.00224458
v 0.00250383 0.06808236 0.01227741
v 0.03244989 0.06925994 0.01402472
v 0.03244989 0.06925994 0.00049727
v 0.00546246 0.09862064 0.00349337
v 0.00546246 0.09862064 0.00349337
v 0.00546246 0.09862064 0.01102861
v 0.00546246 0.09862064 0.01102861
v 0.03616816 0.06320026 0.01092679
v 0.03616816 0.06319964 0.00359520
v -0.03056077 0.09469122 0.01400660
v -0.00517259 -0.09985569 0.00726162
v -0.02685687 0.08624953 0.00490584
v -0.02685687 0.08624953 0.00490584
v -0.02685687 0.08624953 0.00961615
v -0.02685687 0.08624953 0.00961615
v 0.03375491 0.06672487 0.01337190
v 0.03375491 0.06672487 0.00115009
v 0.00101015 0.03059794 0.00199345
v 0.00101015 0.03059794 0.01252854
v -0.02681689 0.08883520 0.01220494
v -0.02681689 0.08883520 0.01220494
v -0.02681689 0.08883520 0.00231705
v -0.02681689 0.08883520 0.00231705
v 0.01292461 0.08434292 0.00292301
v 0.01292461 0.08434292 0.01159897
v -0.01122415 0.09888489 0.00874155
v -0.00462722 0.06963226 0.01195006
v -0.00462722 0.06963226 0.00257193
v -0.03573274 0.09846259 0.00887462
v 0.00684744 0.06807112 0.01142780
v 0.00684744 0.06807112 0.00309418
v 0.02731791 0.07946706 0.01437018
v 0.02731791 0.07946706 0.00015180
v -0.00174856 0.07073363 0.00252882
v -0.00174856 0.07073363 0.00252882
v -0.00174856 0.07073363 0.01199317
v -0.00174856 0.07073363 0.01199317
v 0.03387485 0.06695976 0.00058473
v 0.03387485 0.06695976 0.01393726
v 0.02979675 0.07872303 0.00244324
v 0.02979675 0.07872303 0.01207875
v 0.02283999 0.08097198 0.00168609
v 0.02283999 0.08097198 0.01283590
v 0.02735789 0.08267432 0.00035796
v 0.02735789 0.08267432 0.00035796
v 0.02735789 0.08267494 0.01416403
v 0.02735789 0.08267494 0.01416403
v 0.03435463 0.06559415 0.00103139
v 0.03435463 0.06559477 0.01349059
v 0.00692740 0.09441010 0.00469656
v 0.00692740 0.09441010 0.00982543
v 0.00572796 0.07042627 0.00138123
v 0.00572796 0.07042627 0.01314076
v -0.01022461 0.09784350 0.00058785
v -0.01022461 0.09784350 0.01393414
v -0.03601261 0.09519474 0.00257755
v -0.00242824 0.09919413 0.01389978
v -0.00242824 0.09919413 0.00062221
v -0.01018463 -0.00915667 0.00854102
v -0.01018463 -0.00915667 0.00854102
v -0.01018463 -0.00915667 0.00598097
v -0.01018463 -0.00915667 0.00598097
v -0.03597263 0.09740121 0.00589038
v 0.01152526 0.08215706 0.00726099
v 0.01360429 0.09570575 0.01270721
v 0.01360429 0.09570575 0.00181478
v 0.03407476 0.06972972 0.00362456
v 0.03407476 0.06972972 0.01089743
v 0.03163589 0.07267210 0.00016680
v 0.03163589 0.07267210 0.01435519
v -0.00682620 0.09991004 0.00532752
v -0.00682620 0.09991004 0.00919447
v -0.01254353 0.09277336 0.00050914
v -0.01254353 0.09277336 0.00050914
v -0.01254353 0.09277336 0.01401285
v -0.01254353 0.09277336 0.01401285
v -0.03586705 0.08978038 0.01386604
v -0.00064345 0.06807424 0.01268097
v -0.00064345 0.06807424 0.00184102
v -0.00800002 0.07086607 0.00966487
v -0.00800002 0.07086607 0.00966487
v -0.00800002 0.07086607 0.00485711
v -0.00800002 0.07086607 0.00485711
v 0.00431424 0.07527526 0.00255818
v 0.00431424 0.07527526 0.01196380
v 0.00759271 0.06836223 0.00503391
v 0.00759271 0.06836223 0.00948808
v 0.00759271 0.01231645 0.00726099
v 0.00759271 0.01231645 0.00726099
v -0.00959928 -0.07621732 0.00269000
v -0.00959928 -0.07621732 0.01183324
v -0.00955930 0.09240853 0.01435894
v -0.02427245 0.09367420 0.00212151
v -0.02427245 0.09367420 0.01240048
v 0.00235515 0.09895361 0.01281966
v 0.00235515 0.09895361 0.00158176
v 0.00195534 0.09945900 0.00726099
v 0.00523381 -0.09969577 0.00192785
v 0.00523381 -0.09969577 0.00192785
v 0.00523381 -0.09969577 0.01259539
v 0.00523381 -0.09969577 0.01259539
v 0.00647324 0.09312570 0.00380823
v 0.00647324 0.09312570 0.01071376
v 0.03557968 0.06581467 0.00146244
v 0.03557968 0.06581467 0.01305954
v 0.03557968 0.06320713 0.01155400
v 0.03557968 0.06320713 0.01155400
v 0.03557968 0.06320713 0.00296799
v 0.03557968 0.06320713 0.00296799
v -0.00536125 -0.09952522 0.00053663
v -0.00536125 -0.09952522 0.00053663
v -0.00536125 -0.09952522 0.01398661
v -0.00536125 -0.09952522 0.01398661
v 0.01143093 0.09686583 0.01237549
v 0.01143093 0.09686583 0.00214650
v -0.00576107 0.06857651 0.01182075
v -0.00576107 0.06857651 0.00270124
v -0.00452164 0.07541707 0.01194381
v -0.00452164 0.07541707 0.00257817
v -0.00000375 0.09805840 0.01433645
v -0.00000375 0.09805840 0.00015180
v 0.03358061 0.06988465 0.00027300
v 0.03358061 0.06988465 0.01424899
v 0.00783260 0.06805550 0.00726099
v 0.01766802 0.09229921 0.01430771
v 0.01766802 0.09229921 0.00021428
v 0.03609944 0.06411983 0.00240888
v 0.03609944 0.06411983 0.01211311
v -0.00851978 0.03075099 0.00853478
v -0.00851978 0.03075099 0.00598721
v -0.00560114 0.09893237 0.01056258
v -0.00560114 0.09893237 0.00395941
v 0.00627333 0.09855192 0.01052885
v 0.00627333 0.09855192 0.00399314
v 0.01570894 0.09443884 0.00293051
v 0.01570894 0.09443884 0.01159148
v 0.02309112 0.08814614 0.00103264
v 0.02309112 0.08814614 0.01348934
v -0.01005344 0.07521966 0.00475341
v -0.01005344 0.07521966 0.00976858
v -0.02888468 0.09868499 0.00894958
v -0.03584144 0.09792097 0.00411746
v -0.00881402 0.09981634 0.00488023
v -0.01085307 -0.09943714 0.00192785
v -0.01085307 -0.09943714 0.00192785
v -0.01085307 -0.09943714 0.01259539
v -0.01085307 -0.09943714 0.01259539
v 0.00757835 0.09829080 0.00532752
v 0.00757835 0.09829080 0.00919447
v -0.03048393 0.09833390 0.01064442
v 0.03256671 0.06887949 0.00360270
v 0.03256671 0.06887949 0.01091929
v -0.00673499 0.09428641 0.00443543
v -0.00673499 0.09428704 0.01008655
v -0.00465596 0.09888989 0.00364893
v -0.00465596 0.09888989 0.01087306
v -0.00873406 0.08322718 0.00057598
v -0.03616129 0.08590656 0.00461660
v -0.03616129 0.08590656 0.00990539
v -0.00257693 0.09456253 0.01123227
v -0.00257693 0.09456253 0.00328972
v 0.02936820 0.07839818 0.01437018
v 0.02936820 0.07839818 0.00015180
v 0.00685868 0.07043939 0.00307732
v 0.00685868 0.07043939 0.00307732
v -0.00009808 0.09662969 0.01436019
v -0.00009808 0.09662969 0.00015180
v 0.02856857 0.08068025 0.01416403
v 0.02856857 0.08068025 0.01416403
v 0.02856857 0.08068025 0.00035796
v 0.02856857 0.08068025 0.00035796
v 0.01301581 0.08419174 0.00871969
v 0.01301581 0.08419174 0.00580230
v -0.00949370 0.08536556 0.00042980
v -0.01029333 0.09600873 0.00021802
v -0.01029333 0.09600873 0.00021802
v -0.01029333 0.09600873 0.01430396
v -0.01029333 0.09600873 0.01430396
v -0.00741467 0.06860337 0.01077186
v -0.00741467 0.06860337 0.00375013
v 0.02820874 0.07738303 0.01437018
v 0.02820874 0.07738303 0.00015180
v 0.01553464 0.09365733 0.01430771
v 0.01553464 0.09365733 0.00021428
v -0.03564153 0.09730313 0.01196505
v -0.03072382 0.08428232 0.00387757
v -0.03072382 0.08428232 0.01064442
v -0.00737469 0.09428891 0.00830863
v -0.00737469 0.09428891 0.00621336
v 0.00613902 0.01233894 0.00393629
v 0.00613902 0.01233894 0.01058570
v 0.03480567 0.06752387 0.00058473
v 0.03480567 0.06752387 0.01393726
v 0.00533939 0.09818709 0.00068468
v 0.00533939 0.09818772 0.01378733
v 0.02009252 0.09042134 0.01430771
v 0.02009252 0.09042134 0.00021428
v 0.00781823 0.06798116 0.01224180
v 0.00781823 0.06798116 0.00228019
v 0.00741842 0.06836535 0.01032582
v 0.00741842 0.06836535 0.00419617
v -0.00977357 0.07522529 0.00354148
v -0.00977357 0.07522529 0.01098051
v -0.00853415 0.06824291 0.00384009
v -0.00853415 0.06824354 0.01068190
v -0.00893397 0.08013050 0.01345311
v 0.00457974 0.09862377 0.01279467
v 0.00457974 0.09862377 0.00165985
v -0.00565549 0.09459814 0.01437018
v -0.00565549 0.09459814 0.00015180
v -0.01261225 0.08674742 0.00182228
v -0.01261225 0.08674742 0.00182228
v -0.01261225 0.08674742 0.01269971
v -0.01261225 0.08674742 0.01269971
v 0.02301116 0.08795623 0.01416403
v 0.02301116 0.08795623 0.01416403
v 0.02301116 0.08795623 0.00035796
v 0.02301116 0.08795623 0.00035796
v -0.00481588 0.09890114 0.00370765
v -0.00481588 0.09890114 0.01081434
v 0.01033706 0.09082552 0.01437018
v 0.01033706 0.09082552 0.00015180
v 0.01244171 0.08379255 0.00580605
v 0.01244171 0.08379255 0.00871594
v -0.00802876 0.08319782 0.00055037
v 0.01819903 0.08368697 0.00292301
v 0.01819903 0.08368760 0.01159897
v -0.02969867 0.08522188 0.00243137
v -0.02969867 0.08522188 0.01209062
v -0.00922820 0.08530809 0.00035546
v -0.00922820 0.08530809 0.00035546
v -0.00962802 0.09962517 0.01205938
v -0.00962802 0.09962517 0.00246260
v 0.01332130 0.09440760 0.01436206
v 0.01332130 0.09440760 0.00015993
v 0.03543100 0.06328460 0.01155400
v 0.03543100 0.06328460 0.01155400
v 0.03543100 0.06328460 0.00296799
v 0.03543100 0.06328460 0.00296799
v -0.00918822 0.09961518 0.01281091
v -0.00918822 0.09961518 0.00171108
v 0.01783919 0.09303887 0.00726099
v 0.02971366 0.07867930 0.01416403
v 0.02971366 0.07867930 0.01416403
v 0.02971366 0.07867930 0.00035796
v 0.02971366 0.07867930 0.00035796
v 0.00844357 0.09719131 0.00030548
v 0.00844357 0.09719131 0.00030548
v 0.00844357 0.09719193 0.01421651
v 0.00844357 0.09719193 0.01421651
v -0.03617566 0.09320316 0.00506702
v 0.00804375 0.08253938 0.00726099
v 0.00804375 0.08253938 0.00726099
v 0.03467136 0.06729086 0.01398599
v 0.03467136 0.06729086 0.00053600
v 0.01380107 0.08449285 0.01017714
v 0.01380107 0.08449285 0.00434485
v 0.02815439 0.08161231 0.00726099
v -0.02422122 0.09676651 0.00726099
v 0.00608467 -0.09211992 0.01152151
v 0.00608467 -0.09211992 0.00300173
v 0.00732409 0.05225473 0.00726099
v 0.00732409 0.05225473 0.00726099
v -0.01310640 0.09692706 0.00574358
v -0.01310640 0.09692706 0.00877841
v 0.00164673 0.08503384 0.00027737
v 0.00164673 0.08503384 0.01424462
v 0.03399167 0.06609704 0.01091867
v 0.03399167 0.06609704 0.00360332
v 0.00452539 0.05229971 0.01212998
v 0.00452539 0.05229909 0.00239201
v -0.01266660 0.09698640 0.00878528
v -0.00527005 0.08729592 0.00016742
v -0.00527005 0.08729592 0.01435457
v -0.01222681 0.09142587 0.00031735
v 0.00416556 -0.09999813 0.00454726
v 0.00416556 -0.09999813 0.00997598
v 0.00744403 0.06056961 0.00467532
v 0.00744403 0.06056961 0.00984667
v 0.02383640 0.08243568 0.01437018
v 0.02383640 0.08243568 0.00015180
v -0.03469634 0.09137402 0.00001749
v 0.03615067 0.06332208 0.00445480
v 0.03615067 0.06332208 0.01006719
v 0.00012744 0.09850882 0.00314978
v 0.00012744 0.09850882 0.01137220
v -0.00682932 0.06966787 0.01141968
v -0.00682932 0.06966787 0.00310231
v -0.00682932 0.06823229 0.01171517
v -0.00682932 0.06823229 0.00280682
v 0.00792381 0.08274428 0.01398224
v -0.00762895 0.06084073 0.00362644
v -0.00762895 0.06084073 0.01089555
v 0.03577647 0.06304970 0.00445480
v 0.03577647 0.06304970 0.01006719
v 0.00794942 0.09285270 0.00830863
v 0.00794942 0.09285270 0.00621336
v 0.00958866 0.08414301 0.00027737
v 0.00958866 0.08414301 0.01424462
v -0.00064657 0.06809611 0.01241609
v -0.00064657 0.06809611 0.00210589
v -0.00064657 0.06813296 0.01233613
v -0.00064657 0.06813296 0.00218586
v -0.02971304 0.08645131 0.00128315
v -0.02971304 0.08645131 0.01323884
v 0.02598103 0.07808458 0.01194256
v 0.02598103 0.07808458 0.00257942
v 0.03581645 0.06490634 0.01305267
v 0.03581645 0.06490634 0.01305267
v 0.03581645 0.06490634 0.00146932
v 0.03581645 0.06490634 0.00146932
v -0.01208125 -0.09182818 0.01037017
v -0.01208125 -0.09182818 0.00415307
v 0.02026369 0.09103917 0.01017714
v 0.02026369 0.09103917 0.00434485
v -0.03459077 0.09137214 0.01450450
v 0.03009911 0.07771600 0.00492521
v 0.03009911 0.07771600 0.00959678
v -0.00060659 0.07052810 0.01313951
v -0.00060659 0.07052747 0.00138248
v 0.02642082 0.08164792 0.01437018
v 0.02642082 0.08164792 0.00015180
v 0.02969930 0.07478424 0.00947184
v 0.02969930 0.07478424 0.00505015
v -0.01080185 0.09762111 0.01343749
v -0.01080185 0.09762048 0.00108450
v -0.00916261 0.08527061 0.01420838
v 0.00191223 0.09836139 0.01141031
v 0.00191223 0.09836076 0.00311168
v 0.00519071 -0.00940343 0.00316415
v 0.00519071 -0.00940343 0.00316415
v 0.00519071 -0.00940343 0.01135784
v 0.00519071 -0.00940343 0.01135784
v 0.03549660 0.06427976 0.00466908
v 0.03549660 0.06427976 0.00466908
v 0.03549660 0.06427976 0.00985291
v 0.03549660 0.06427976 0.00985291
v 0.00766955 0.07522154 0.00503328
v 0.00766955 0.07522154 0.00948871
v 0.01182762 0.08329778 0.01152214
v 0.01182762 0.08329778 0.00299985
v -0.00248572 0.08309912 0.00053975
v -0.00248572 0.08309912 0.01398224
v -0.01312077 0.09602498 0.00298673
v -0.01312077 0.09602560 0.01153525
v -0.01268097 0.09608932 0.01157586
v -0.01268097 0.09608932 0.00294613
v -0.00200594 0.09945026 0.00156802
v -0.00200594 0.09945026 0.01295397
v -0.00036670 -0.09993253 0.00485586
v -0.00036670 -0.09993253 0.00966737
v 0.02302241 0.08124998 0.00017867
v 0.02302241 0.08124998 0.00017867
v 0.02302241 0.08124998 0.01434332
v 0.02302241 0.08124998 0.01434332
v 0.00379136 -0.09208244 0.00139310
v 0.00379136 -0.09208244 0.01313014
v -0.01052198 0.08979725 0.01431334
v -0.01052198 0.08979725 0.01431334
v 0.00874905 0.06834162 0.00374263
v 0.00874905 0.06834162 0.01077936
v 0.00629582 -0.07647221 0.00450103
v 0.00629582 -0.07647221 0.01002221
v -0.00841733 0.08523188 0.01423337
v 0.03376303 0.06696163 0.00061346
v 0.03376303 0.06696163 0.00061346
v 0.03376303 0.06696163 0.01390852
v 0.03376303 0.06696163 0.01390852
v 0.03540227 0.06630569 0.01334629
v 0.03540227 0.06630569 0.00117570
v 0.00717541 0.09847821 0.00624584
v 0.00717541 0.09847821 0.00827615
v 0.03584206 0.06374001 0.01262849
v 0.03584206 0.06374001 0.00189349
v 0.00677560 0.08271555 0.00345714
v 0.00677560 0.08271555 0.01106485
v 0.03588204 0.06498380 0.01156836
v 0.03588204 0.06498380 0.00295362
v -0.01529413 0.08974228 0.01371299
v -0.01529413 0.08974228 0.00080900
v -0.00873718 0.07520342 0.01294710
v -0.00873718 0.07520342 0.00157489
v 0.02976489 0.07872053 0.01390665
v 0.02976489 0.07872053 0.00061534
v -0.01117605 0.09858816 0.00436797
v 0.03100431 0.07626480 0.01416403
v 0.03100431 0.07626480 0.01416403
v 0.03100431 0.07626480 0.00035796
v 0.03100431 0.07626480 0.00035796
v -0.03572462 0.08810866 0.00072591
v -0.01033644 0.09236293 0.01433645
v -0.00254007 0.09873122 0.01127038
v -0.00254007 0.09873122 0.00325161
v -0.00701798 0.06823542 0.00295113
v -0.00701798 0.06823542 0.01157086
v 0.00649573 -0.09987256 0.01036392
v 0.00649573 -0.09987256 0.00415931
v -0.03604447 0.08872275 0.00195034
v 0.02744597 0.08276990 0.00170733
v 0.02744597 0.08276990 0.01281466
v 0.00657569 0.09859753 0.00452977
v 0.00657569 0.09859753 0.00999222
v -0.00937688 0.07066741 0.00968487
v -0.02696869 0.08999091 0.01267160
v 0.03244364 0.06918747 0.01358992
v 0.03244364 0.06918747 0.00093207
v 0.00501641 0.09880306 0.01095865
v 0.00501641 0.09880306 0.00356334
v 0.01321260 0.09378352 0.01437018
v 0.01321260 0.09378352 0.00015180
v 0.02672631 0.08199089 0.01437018
v 0.02672631 0.08199089 0.00015180
v 0.00749526 0.07522404 0.01031895
v 0.00749526 0.07522404 0.00420304
v -0.03056702 0.09617053 0.00125691
v 0.01365239 0.09576260 0.00726099
v -0.00190037 0.06851466 0.01217308
v -0.00190037 0.06851466 0.00234891
v 0.03536228 0.06544297 0.01359430
v 0.03536228 0.06544297 0.00092769
v -0.03585893 0.08811054 0.01379608
v -0.00351399 0.09457752 0.00341841
v -0.00351399 0.09457752 0.01110358
v 0.00836048 0.09813462 0.00935627
v 0.00836048 0.09813462 0.00516572
v -0.01250980 -0.09182131 0.00561738
v -0.01250980 -0.09182131 0.00890585
v -0.03581895 0.08970917 0.00035234
v -0.03457952 0.09745556 0.00242200
v -0.00755211 0.06824354 0.00361832
v -0.00755211 0.06824354 0.01090367
v -0.00263440 0.09954459 0.01140844
v -0.00263440 0.09954459 0.01140844
v -0.00263440 0.09954459 0.00311355
v -0.00263440 0.09954459 0.00311355
v -0.01035081 0.08358827 0.00134562
v -0.00787196 0.09998063 0.00726099
v -0.00703235 0.09900047 0.00626958
v -0.00703235 0.09900047 0.00825241
v -0.00211464 0.06814046 0.00168422
v -0.00211464 0.06814108 0.01283777
v 0.00240326 0.06821792 0.00235453
v 0.00240326 0.06821792 0.01216746
v -0.00127503 0.09403215 0.01149027
v -0.00127503 0.09403153 0.00303171
v 0.00528192 0.09889739 0.00439545
v 0.00528192 0.09889739 0.01012653
v -0.03605884 0.08432292 0.00564675
v -0.03605884 0.08432355 0.00887524
v -0.03561904 0.09876370 0.00894396
v -0.03601885 0.08687736 0.01283402
v 0.03522797 0.06418168 0.01309265
v 0.03522797 0.06418168 0.01309265
v 0.03522797 0.06418168 0.00142933
v 0.03522797 0.06418168 0.00142933
v -0.01103049 0.08975914 0.00026550
v -0.00775202 0.06824728 0.00421991
v -0.00775202 0.06824728 0.01030208
v -0.00283431 0.08723907 0.00016742
v -0.00283431 0.08723907 0.01435457
v -0.00815183 0.06819606 0.00499892
v 0.01847577 0.08477084 0.01437018
v 0.01847577 0.08477084 0.00015180
v -0.01214997 0.09667405 0.01161147
v -0.01214997 0.09667405 0.00291052
v 0.00628145 0.06945735 0.01160460
v 0.00628145 0.06945735 0.00291739
v -0.03465949 0.08799746 0.00053100
v 0.01283840 0.08730091 0.01437018
v 0.01283840 0.08730091 0.00015180
v -0.00763207 0.06820793 0.01097177
v -0.00763207 0.06820793 0.00355022
v -0.03587330 0.09591128 0.00168859
v -0.00024988 -0.09201872 0.00066906
v 0.00630706 0.09840199 0.01054134
v 0.00630706 0.09840199 0.01054134
v 0.00630706 0.09840199 0.00398065
v 0.00630706 0.09840199 0.00398065
v 0.02677753 0.07732056 0.00970860
v 0.02677753 0.07732056 0.00481338
v -0.00760646 0.06860587 0.01022149
v -0.00760646 0.06860587 0.00430050
v -0.03623313 0.08959360 0.00945497
v -0.00920571 0.09925909 0.01404783
v -0.00920571 0.09925909 0.01404783
v -0.00920571 0.09925909 0.00048477
v -0.00920571 0.09925909 0.00048477
v 0.00758647 0.06943611 0.00503328
v 0.00758647 0.06943611 0.00948871
v 0.03625312 0.06369066 0.00360207
v 0.03625312 0.06369066 0.01091992
v -0.03619315 0.09207244 0.00450103
v 0.00394816 0.07499040 0.01336378
v 0.00394816 0.07499040 0.00115821
v -0.03575335 0.09467311 0.01379545
v -0.02671756 0.09471309 0.00298049
v -0.02671756 0.09471309 0.00298049
v 0.00562738 0.09883242 0.00623772
v 0.00562738 0.09883242 0.00828427
v -0.00132938 0.09863501 0.01135096
v -0.00132938 0.09863501 0.00317102
v 0.00194909 0.09946088 0.00933565
v 0.00194909 0.09946088 0.00518634
v 0.02569803 0.08519127 0.00287429
v 0.02569803 0.08519127 0.01164770
v -0.02915642 0.08444162 0.00396815
v -0.02915642 0.08444162 0.01055384
v -0.00580730 0.06834974 0.00267313
v -0.00580730 0.06834974 0.01184886
v 0.01630241 0.08426108 0.00871969
v 0.01630241 0.08426108 0.00580230
v 0.00894583 0.07971070 0.00089146
v 0.00894583 0.07971070 0.00089146
v -0.00700674 0.07545705 0.01114106
v -0.00700674 0.07545705 0.00338093
v 0.03557344 0.06363693 0.01261912
v 0.03557344 0.06363693 0.00190286
v 0.01106485 0.08486892 0.00019428
v 0.01106485 0.08486892 0.00019428
v 0.01106485 0.08486892 0.01432770
v 0.01106485 0.08486892 0.01432770
v 0.02745722 0.07694011 0.00904641
v 0.02745722 0.07694011 0.00547558
v 0.00330846 0.06843095 0.01208500
v 0.00330846 0.06843095 0.00243699
v -0.00732659 -0.05482916 0.00263565
v -0.00732659 -0.05482916 0.01188759
v 0.03077567 0.07192057 0.01089680
v 0.03077567 0.07192057 0.00362519
v 0.02709738 0.07733993 0.00630956
v 0.02709738 0.07733993 0.00821243
v 0.02177986 0.08511818 0.01437018
v 0.02177986 0.08511818 0.00015180
v -0.02939631 0.08377256 0.00897582
v -0.02939631 0.08377256 0.00897582
v -0.02939631 0.08377256 0.00554617
v -0.02939631 0.08377256 0.00554617
v -0.01260413 0.08811366 0.01351621
v -0.01260413 0.08811366 0.01351621
v 0.01238423 0.08508882 0.00036545
v 0.01238423 0.08508944 0.01415653
v 0.00870595 0.07489981 0.00134125
v 0.00870595 0.07489981 0.01318074
v -0.01176452 -0.09942277 0.01165582
v -0.01176452 -0.09942277 0.01165582
v -0.01176452 -0.09942277 0.00286741
v -0.01176452 -0.09942277 0.00286741
v 0.03573336 0.06441032 0.01312451
v 0.03573336 0.06441032 0.00139747
v -0.00520758 -0.09985507 0.00620399
v -0.00520758 -0.09985507 0.00831925
v -0.00560739 0.07543456 0.01180200
v -0.00560739 0.07543456 0.00271998
v 0.03495935 0.06649373 0.00459099
v 0.03495935 0.06649373 0.00993100
v -0.01125913 0.09636919 0.01362990
v -0.01125913 0.09636919 0.00089208
v -0.00798066 0.06821355 0.00502703
v -0.00798066 0.06821355 0.00949495
v -0.00382260 0.09960831 0.00160925
v -0.00382260 0.09960831 0.01291274
v 0.02568367 0.08522001 0.01025522
v 0.02568367 0.08522001 0.00426676
v 0.00849167 0.06834599 0.00277871
v 0.00849167 0.06834599 0.01174328
v -0.01073937 0.09928783 0.01009967
v -0.01073937 0.09928783 0.01009967
v -0.00989977 -0.09977323 0.00594036
v -0.00989977 -0.09977323 0.00858288
v -0.00662129 0.06828727 0.00278683
v -0.00662129 0.06828727 0.00278683
v -0.00662129 0.06828727 0.01173516
v -0.00662129 0.06828727 0.01173516
v -0.03608757 0.09004026 0.00171420
v -0.01233863 0.08432105 0.00726099
v -0.02625215 0.09620802 0.00488523
v -0.00782073 0.06968349 0.00726099
v -0.00782073 0.06860962 0.00843045
v -0.00782073 0.06860962 0.00609154
v 0.00693240 0.05226035 0.00990351
v 0.00693240 0.05226035 0.00461847
v 0.02740287 0.08284674 0.01040890
v 0.02740287 0.08284674 0.00411308
v -0.00490209 0.09998688 0.00726099
v 0.02744285 0.08276615 0.01349684
v 0.02744285 0.08276615 0.00102515
v 0.02744285 0.08277739 0.01176327
v 0.02744285 0.08277739 0.00275872
v 0.03563903 0.06325773 0.01001659
v 0.03563903 0.06325773 0.01001659
v 0.03563903 0.06325773 0.00450540
v 0.03563903 0.06325773 0.00450540
v 0.03607883 0.06306282 0.01092179
v 0.03607883 0.06306282 0.00360020
v -0.03596763 0.08687674 0.00168796
v 0.03527920 0.06528679 0.01361554
v 0.03527920 0.06528679 0.00090645
v -0.00278308 0.09763735 0.01437018
v -0.00278308 0.09763735 0.00015180
v -0.00646137 0.09895486 0.00996411
v -0.00646137 0.09895486 0.00455788
v -0.00482213 0.09972450 0.01100550
v -0.00482213 0.09972450 0.01100550
v -0.00482213 0.09972450 0.00351649
v -0.00482213 0.09972450 0.00351649
v 0.00869158 0.06796742 0.00726099
v -0.02897089 0.09601810 0.01310452
v -0.00726099 0.09996439 0.01009218
v -0.00726099 0.09996439 0.00442981
v -0.03548785 0.09310196 0.01430709
v -0.03548785 0.09310196 0.01430709
v 0.00013556 0.09927909 0.01150902
v 0.00013556 0.09927909 0.01150902
v 0.00013556 0.09927909 0.00301297
v 0.00013556 0.09927909 0.00301297
v 0.03248050 0.07294197 0.00430737
v 0.03248050 0.07294197 0.01021462
v -0.00722101 0.06829664 0.01125351
v -0.00722101 0.06829664 0.00326848
v 0.03618440 0.06389619 0.00296737
v 0.03618440 0.06389619 0.00296737
v 0.03618440 0.06389619 0.01155462
v 0.03618440 0.06389619 0.01155462
v -0.00883464 0.06824791 0.00606967
v -0.00883464 0.06824791 0.00845231
v -0.00719540 0.09895611 0.00827677
v -0.00719540 0.09895611 0.00624522
v -0.03626187 0.09139900 0.00726099
v 0.02598915 0.07808895 0.00083898
v 0.02598915 0.07808895 0.01368300
v 0.02926762 0.07457746 0.00446605
v 0.02926762 0.07457746 0.01005594
v 0.03582457 0.06336456 0.00240638
v 0.03582457 0.06336456 0.01211561
v -0.03582207 0.09139213 0.01398599
v 0.01823276 0.08387751 0.00085335
v 0.01823276 0.08387751 0.01366864
v -0.02638646 0.09001215 0.00188787
v -0.02638646 0.09001278 0.01263412
v -0.00467657 0.09459564 0.00368266
v -0.00467657 0.09459564 0.01083933
v -0.00671562 0.06836411 0.00291177
v -0.00671562 0.06836411 0.01161022
v 0.00515885 -0.09210493 0.01241672
v 0.00515885 -0.09210493 0.00210652
v -0.00751525 0.06818606 0.01154712
v -0.00751525 0.06818606 0.00297486
v -0.00791506 -0.00919353 0.00316415
v -0.00791506 -0.00919353 0.00316415
v -0.00791506 -0.00919353 0.01135784
v -0.00791506 -0.00919353 0.01135784
v 0.02770835 0.07628104 0.00411558
v 0.02770835 0.07628104 0.01040640
v -0.00831488 0.07065117 0.00180478
v -0.00831488 0.07065117 0.01271720
v 0.00152054 0.06809860 0.00221897
v 0.00152054 0.06809860 0.01230302
v -0.01319261 0.09114038 0.00043167
v 0.02694870 0.08223327 0.01437018
v 0.02694870 0.08223327 0.00015180
v 0.00811747 0.09794346 0.00202093
v 0.00811747 0.09794346 0.01250105
v -0.00415681 0.09458752 0.01097614
v 0.00731784 0.06798928 0.00191473
v 0.00731784 0.06798928 0.01260725
v 0.00200032 0.09917226 0.01191758
v 0.00200032 0.09917164 0.00256131
v -0.00823492 -0.03199541 0.00327035
v 0.00527879 0.08285548 0.00306670
v 0.00527879 0.08285548 0.01145529
v -0.00331721 0.06830976 0.01213248
v -0.00331721 0.06830976 0.00238951
v -0.03606196 0.08414926 0.00726099
v -0.00535626 -0.09845447 0.01406720
v -0.00535626 -0.09845447 0.00045604
v 0.00327972 0.09820271 0.01122103
v 0.00327972 0.09820271 0.00328285
v -0.00695551 0.06829289 0.01151027
v -0.00695551 0.06829289 0.00301172
v -0.01267285 0.09662907 0.01024585
v -0.01267285 0.09662907 0.00427613
v 0.03402541 0.06992151 0.01228803
v 0.03402541 0.06992151 0.00223396
v -0.00195784 0.06815483 0.01231864
v -0.00195784 0.06815483 0.00220335
v -0.02938507 0.09905544 0.00726099
v 0.03574461 0.06444905 0.00454726
v 0.03574461 0.06444905 0.00997473
v 0.03370556 0.06692603 0.00076402
v 0.03370556 0.06692603 0.01375797
v 0.01817841 0.08358327 0.00871969
v 0.01817841 0.08358327 0.00580230
v -0.00924882 0.08329965 0.00072029
v -0.03583644 0.09139276 0.00023364
v -0.01536597 0.08524375 0.00726099
v -0.01536597 0.08524375 0.00726099
v 0.03541039 0.06368878 0.01261225
v 0.03541039 0.06368878 0.01261225
v 0.03541039 0.06368878 0.00190974
v 0.03541039 0.06368878 0.00190974
v 0.00798316 0.07039004 0.00155678
v 0.00798316 0.07039004 0.01296521
v -0.03539664 0.09889739 0.00897520
v -0.03539664 0.09889739 0.00897520
v -0.01000846 0.08550862 0.00061596
v -0.00876904 0.06862211 0.00375388
v -0.00876904 0.06862211 0.01076811
v 0.00598409 0.06798990 0.00253694
v 0.00598409 0.06798990 0.00253694
v 0.00598409 0.06798990 0.01198504
v 0.00598409 0.06798990 0.01198504
v 0.01214122 0.08406992 0.01280466
v 0.01214122 0.08406992 0.00171733
v -0.00912887 0.07066366 0.00367079
v -0.00912887 0.07066366 0.01085120
v -0.00788945 0.06824916 0.00947934
v -0.00788945 0.06824916 0.00504265
v -0.01320698 0.08969167 0.00059972
v 0.02569491 0.08517378 0.01349122
v 0.02569491 0.08517315 0.00103077
v -0.02628089 0.09555894 0.00383884
v -0.00784947 0.08978850 0.01436831
v -0.00621023 0.10000000 0.00530690
v -0.00621023 0.10000000 0.00921508
v -0.02624091 0.09660845 0.00604469
v -0.00780949 0.09997876 0.00835361
v -0.00780949 0.09997876 0.00616838
v 0.00406498 0.06804113 0.00169796
v 0.00406498 0.06804176 0.01282403
v -0.00984854 0.09869873 0.01387292
v -0.00984854 0.09869811 0.00064907
v 0.03561029 0.06301784 0.00415057
v 0.03561029 0.06301784 0.00415057
v 0.03561029 0.06301784 0.01037142
v 0.03561029 0.06301784 0.01037142
v -0.03603635 0.08572415 0.00274997
v -0.03603635 0.08572415 0.01177202
v 0.01310077 0.08645068 0.00015180
v 0.01310077 0.08645131 0.01437018
v 0.00614401 0.06796742 0.00236452
v 0.00614401 0.06796742 0.00236452
v 0.00614401 0.06796742 0.01215746
v 0.00614401 0.06796742 0.01215746
v 0.00614401 -0.09971013 0.01165582
v 0.00614401 -0.09971013 0.01165582
v 0.00614401 -0.09971013 0.00286741
v 0.00614401 -0.09971013 0.00286741
v 0.02909333 0.07834946 0.00726099
v -0.00896895 0.08737088 0.01434270
v -0.00688992 0.09980322 0.01261912
v -0.00688992 0.09980322 0.00197658
v 0.00498455 0.06061959 0.00244324
v 0.00130627 0.07993497 0.00086772
v 0.00130627 0.07993497 0.01365427
v -0.02939944 0.08357890 0.00726099
v -0.02939944 0.08357890 0.00726099
v -0.02939944 0.08357890 0.00726099
v -0.02939944 0.08357890 0.00726099
v 0.02505521 0.07909224 0.00726099
v 0.03369119 0.06997273 0.01424087
v 0.03369119 0.06997273 0.00028112
v 0.02633461 0.07844754 0.01437018
v 0.02633461 0.07844754 0.00015180
v -0.00641014 0.06828352 0.00272123
v -0.00641014 0.06828352 0.01180076
v 0.03577022 0.06460461 0.01310015
v 0.03577022 0.06460461 0.00142184
v 0.01244670 0.08378755 0.00726099
v -0.03053328 0.09617053 0.01326507
v -0.03461138 0.09474870 0.01399036
v -0.00798378 0.06825103 0.00843232
v -0.00798378 0.06825103 0.00608966
v -0.00634455 0.09990692 0.00995099
v 0.00800877 0.09284021 0.00726099
v 0.00800877 0.09284021 0.00726099
v 0.03135790 0.07248781 0.00016742
v 0.03135790 0.07248781 0.01435457
v -0.00302609 0.09969702 0.01191008
v -0.00302609 0.09969702 0.00261191
v 0.03547598 0.06587714 0.01348435
v 0.03547598 0.06587714 0.01348435
v 0.03547598 0.06587714 0.00103764
v 0.03547598 0.06587714 0.00103764
v -0.03617066 0.08530372 0.00726099
v -0.00546496 0.06080450 0.00244324
v -0.01074250 0.08756454 0.01412905
v 0.00768892 0.06943423 0.00608592
v 0.00768892 0.06943423 0.00843607
v 0.00564987 -0.07646159 0.00348213
v 0.00564987 -0.07646159 0.01104111
v 0.00525006 0.09797157 0.01090742
v 0.00525006 0.09797157 0.00361457
v 0.00772890 0.06836036 0.00726099
v -0.03073319 0.08370759 0.00899644
v -0.03073319 0.08370759 0.00552555
v 0.00736907 0.01231958 0.00599034
v 0.00736907 0.01231958 0.00853165
v -0.01146216 0.08774945 0.01389728
v -0.02701492 0.08682988 0.00383134
v -0.02701492 0.08682988 0.01069065
v -0.01186198 -0.07618047 0.00726162
v -0.01186198 -0.07618047 0.00726162
v -0.00118695 0.09978635 0.00726099
v 0.00700924 0.04316521 0.00592099
v 0.00700924 0.04316521 0.00860100
v 0.00864847 0.09805466 0.00726099
v 0.01356618 0.09565702 0.00108325
v 0.01356618 0.09565702 0.01343874
v -0.03593077 0.08978163 0.00065594
v 0.00297112 0.06805862 0.00168984
v 0.00297112 0.06805862 0.01283215
v 0.01484559 0.08505383 0.00085335
v 0.01484559 0.08505383 0.01366864
v 0.01280654 0.08451908 0.00170546
v 0.01280654 0.08451908 0.01281653
v 0.01240672 0.08382816 0.01017026
v 0.01240672 0.08382816 0.00435172
v 0.03411661 0.06606018 0.01032394
v 0.03411661 0.06606018 0.00419805
v 0.00792881 0.07037255 0.00849479
v 0.00792881 0.07037255 0.00849479
v 0.00792881 0.07037255 0.00602719
v 0.00792881 0.07037255 0.00602719
v 0.00711481 0.08899700 0.01437018
v 0.00711481 0.08899700 0.00015180
v 0.02966431 0.07527589 0.01437018
v 0.02966431 0.07527589 0.00015180
v -0.00675873 0.06819418 0.01188322
v -0.00675873 0.06819418 0.01188322
v -0.00675873 0.06819418 0.00263877
v -0.00675873 0.06819418 0.00263877
v 0.00759459 0.06800115 0.01038142
v 0.00759459 0.06800115 0.00414057
v 0.01782982 0.09298327 0.00176793
v 0.01782982 0.09298327 0.01275406
v -0.00959741 -0.05479292 0.00391505
v -0.00959741 -0.05479292 0.01060819
v 0.02890467 0.07466117 0.01229303
v 0.02890467 0.07466117 0.00222896
v -0.03618503 0.09259220 0.00983917
v 0.01826962 0.08404056 0.00036545
v 0.01826962 0.08404056 0.01415653
v 0.00723476 0.09846571 0.00726099
v 0.00723476 -0.09972763 0.00726162
v 0.00723476 -0.09972763 0.00726162
v 0.00723476 -0.09972763 0.00726162
v -0.00300048 0.09446883 0.01437018
v -0.00300048 0.09446883 0.00015180
v 0.00683494 0.01232770 0.00484962
v 0.00683494 0.01232770 0.00967237
v 0.01667036 0.08732465 0.01437018
v 0.01667036 0.08732465 0.00015180
v -0.00703860 0.09463375 0.00627770
v -0.00703860 0.09463375 0.00824429
v 0.00975358 0.09767983 0.00483088
v 0.00975358 0.09767983 0.00969111
v -0.01519480 0.09592315 0.01139719
v -0.01519480 0.09592315 0.00312480
v -0.01027709 -0.05478230 0.00482213
v -0.01027709 -0.05478230 0.00970111
v 0.02862480 0.08073210 0.01390665
v 0.02862480 0.08073210 0.00061534
v -0.00739843 0.03073350 0.01056695
v -0.00739843 0.03073350 0.00395503
v -0.00451977 0.09998188 0.00439545
v -0.00451977 0.09998188 0.01012653
v 0.01187260 0.08427982 0.00086772
v 0.00699487 0.06797366 0.00296424
v 0.00699487 0.06797366 0.01155774
v -0.00855789 0.06820168 0.00726099
v -0.03598512 0.09688520 0.00461723
v -0.00647886 0.09999938 0.00726099
v -0.03554532 0.08967356 0.01430709
v -0.03554532 0.08967356 0.01430709
v -0.03594514 0.08457781 0.01054322
v -0.03594514 0.08457781 0.00397877
v -0.00891772 0.08737026 0.00017929
v -0.00807811 0.06821480 0.00608592
v -0.00807811 0.06821480 0.00843607
v 0.00707483 0.03050111 0.00853478
v 0.00707483 0.03050111 0.00598721
v -0.00723850 0.09975949 0.00726099
v -0.00723850 0.09975949 0.00726099
v 0.01487120 0.08483644 0.00170546
v 0.01487120 0.08483644 0.01281653
v 0.02306738 0.08808555 0.01390665
v 0.02306738 0.08808555 0.00061534
v -0.00763832 0.08351268 0.00944748
v -0.00763832 0.08351268 0.00507451
v -0.00803813 0.08319782 0.01397162
v -0.00475966 0.06825728 0.01204127
v -0.00475966 0.06825728 0.00248072
v 0.01081871 0.08373945 0.00048727
v 0.01081871 0.08373945 0.01403472
v 0.00714043 0.06944298 0.01093178
v 0.00714043 0.06944298 0.00359020
v -0.03623938 0.08920440 0.00545621
v -0.01249043 0.09539964 0.00177792
v -0.01249043 0.09539964 0.00177792
v -0.01249043 0.09539964 0.01274407
v -0.01249043 0.09539964 0.01274407
v 0.00758022 0.06836036 0.00171670
v 0.00758022 0.06836036 0.01280529
v 0.03544724 0.06576469 0.00099204
v 0.03544724 0.06576469 0.00099204
v 0.03544724 0.06576469 0.01352995
v 0.03544724 0.06576469 0.01352995
v 0.01089868 0.09481741 0.01437018
v 0.01089868 0.09481741 0.00015180
v 0.00722039 -0.09865625 0.00896707
v 0.00722039 -0.09865625 0.00555616
v 0.02565181 0.08527748 0.00574857
v 0.02565181 0.08527748 0.00877341
v 0.03588704 0.06294163 0.01015964
v 0.03588704 0.06294163 0.00436234
v -0.03575960 0.08970792 0.01416965
v -0.03615941 0.09417709 0.00667064
v -0.00749276 0.09955458 0.00094394
v -0.00749276 0.09955458 0.01381982
v -0.01524915 0.09251786 0.00080837
v -0.01524915 0.09251786 0.01371361
v 0.00606093 0.04317958 0.00379198
v 0.00606093 0.04318021 0.01073000
v -0.01153088 0.09505418 0.01392789
v -0.01153088 0.09505355 0.00059410
v 0.01633614 0.08470212 0.00085335
v 0.01633614 0.08470212 0.01366864
v 0.00734033 0.08468276 0.00027737
v 0.00734033 0.08468338 0.01424462
v 0.02865041 0.08075646 0.01286526
v 0.02865041 0.08075646 0.00165673
v -0.00857226 0.09986194 0.01059819
v 0.00821992 0.06797429 0.00291177
v 0.00821992 0.06797429 0.01161022
v 0.01069877 0.08236134 0.00120319
v -0.00853228 0.06820106 0.00844669
v -0.00853228 0.06820106 0.00607530
v 0.03488751 0.06765943 0.00075527
v 0.03488751 0.06765943 0.00075527
v 0.03488751 0.06766006 0.01376671
v 0.03488751 0.06766006 0.01376671
v -0.01177077 0.08301916 0.00726099
v 0.00502141 0.09787724 0.00351274
v 0.00502141 0.09787786 0.01100925
v -0.00193535 0.06074515 0.01233551
v -0.00193535 0.06074515 0.00218648
v 0.02017436 0.09070808 0.01416403
v 0.02017436 0.09070808 0.01416403
v 0.02017436 0.09070808 0.00035796
v 0.02017436 0.09070808 0.00035796
v 0.00710044 -0.09972575 0.00894209
v 0.00710044 -0.09972575 0.00894209
v 0.00710044 -0.09972575 0.00558115
v 0.00710044 -0.09972575 0.00558115
v -0.00149555 0.08331714 0.00283118
v -0.00149555 0.08331714 0.01169081
v 0.03539290 0.06413420 0.00140809
v 0.03539290 0.06413420 0.01311389
v 0.00632643 0.08680927 0.00016742
v 0.00632643 0.08680927 0.01435457
v 0.01864070 0.08535245 0.01437018
v 0.01864070 0.08535245 0.00015180
v -0.03621376 0.09080865 0.00448166
v 0.02847612 0.08059404 0.01430771
v 0.02847612 0.08059404 0.00021428
v -0.01246482 -0.09956833 0.00888961
v -0.01246482 -0.09956833 0.00563363
v -0.02677816 0.09124783 0.01275781
v -0.02677816 0.09124783 0.01275781
v -0.02677816 0.09124783 0.00176418
v -0.02677816 0.09124783 0.00176418
v -0.02673818 0.09365983 0.00231705
v -0.02673818 0.09365983 0.00231705
v -0.02917704 0.09731313 0.01205564
v -0.02917704 0.09731313 0.01205564
v -0.03613380 0.08759765 0.01194444
v 0.01756120 0.09183443 0.01436206
v 0.01756120 0.09183443 0.00015993
v 0.03435338 0.06615014 0.00459099
v 0.03435338 0.06615014 0.00993100
v 0.02739662 0.07664525 0.00036545
v 0.02739662 0.07664525 0.01415653
v 0.01020462 0.08245442 0.00074153
v -0.03073631 0.08351080 0.00726099
v -0.03073631 0.08351080 0.00726099
v -0.02949689 0.09736185 0.01209062
v 0.01964023 0.08879334 0.01437018
v 0.01964023 0.08879334 0.00015180
v -0.01310452 0.09706324 0.00726099
v 0.00780574 0.07521904 0.00726099
v -0.01266473 0.09712321 0.00726099
v 0.01108421 0.08695732 0.01437018
v 0.01108421 0.08695732 0.00015180
v 0.03607258 0.06356009 0.01001659
v 0.03607258 0.06356009 0.01001659
v 0.03607258 0.06356009 0.00450540
v 0.03607258 0.06356009 0.00450540
v -0.01018588 0.07521154 0.00726099
v -0.02901711 0.09601873 0.00141746
v 0.03567276 0.06335394 0.01211498
v 0.03567276 0.06335394 0.00240700
v 0.03243427 0.07318436 0.00023114
v 0.03243427 0.07318436 0.01429085
v 0.00052913 0.07533586 0.00236577
v 0.00052913 0.07533586 0.01215621
v -0.00642763 0.09462438 0.00477778
v -0.00642763 0.09462438 0.00974421
v -0.03549410 0.09138714 0.01442953
v -0.03549410 0.09138714 0.01442953
v -0.03549410 0.09889989 0.00554679
v -0.03549410 0.09889989 0.00554679
v 0.01364302 0.09575510 0.00436547
v 0.01364302 0.09575510 0.01015652
v -0.00352336 -0.03207100 0.01258539
v -0.00352336 -0.03207100 0.00193785
v 0.01982577 0.08946615 0.00015180
v 0.01982577 0.08946678 0.01437018
v 0.02598290 0.07808208 0.01293523
v 0.02598290 0.07808208 0.00158676
v 0.00347338 0.06806737 0.01222243
v 0.00347338 0.06806737 0.00229955
v -0.01535785 0.08574789 0.01013528
v -0.01535785 0.08574789 0.00438671
v 0.00675186 0.06944985 0.01134722
v 0.00675186 0.06944985 0.00317477
v 0.02722232 0.08316097 0.00726099
v 0.02026556 0.09104667 0.00726099
v 0.02026556 0.09104542 0.00871969
v 0.02026556 0.09104542 0.00580230
v 0.03297964 0.06952294 0.01424524
v 0.03297964 0.06952294 0.00027675
v 0.01742689 0.09123158 0.01437018
v 0.01742689 0.09123096 0.00015180
v 0.00843107 0.06792931 0.00726099
v 0.02890154 0.07468116 0.00082587
v 0.02890154 0.07468116 0.01369612
v -0.01079997 0.09915977 0.00580480
v -0.01079997 0.09915977 0.00580480
v 0.00767143 0.09736185 0.00532002
v 0.00767143 0.09736185 0.00920197
v -0.01279904 0.08818363 0.00104951
v 0.03469884 0.06469394 0.01267847
v 0.03469884 0.06469394 0.00184352
v -0.01155962 -0.09958207 0.01155712
v -0.01155962 -0.09958207 0.00296612
v 0.03593827 0.06479764 0.01091742
v 0.03593827 0.06479764 0.00360457
v 0.00319351 0.09446945 0.00331845
v 0.00731160 0.09298014 0.00443543
v 0.00731160 0.09298014 0.01008655
v 0.01059007 0.09272339 0.01437018
v 0.01059007 0.09272339 0.00015180
v 0.00651197 0.06798053 0.00268875
v 0.00651197 0.06798116 0.01183324
v 0.03601823 0.06361007 0.01211498
v 0.03601823 0.06361007 0.00240700
v -0.00532252 -0.09968265 0.01373485
v -0.00532252 -0.09968265 0.00078838
v -0.01267910 -0.09181881 0.00726162
v -0.01267910 -0.09181881 0.00726162
v 0.00575232 0.06946609 0.01175078
v 0.00575232 0.06946609 0.01175078
v 0.00575232 0.06946609 0.00277121
v 0.00575232 0.06946609 0.00277121
v 0.00575232 -0.09997626 0.00431049
v 0.00575232 -0.09997626 0.01021274
v -0.01020025 0.08551112 0.01390603
v -0.00568235 0.07060931 0.00138436
v -0.00568235 0.07060931 0.01313763
v -0.01099988 0.08010864 0.00593724
v -0.01099988 0.08010864 0.00858475
v -0.00648198 0.06966225 0.00287116
v -0.00648198 0.06966225 0.00287116
v -0.00648198 0.06966225 0.01165083
v -0.00648198 0.06966225 0.01165083
v 0.03609819 0.06297474 0.00413682
v 0.03609819 0.06297474 0.01038516
v 0.01726696 0.09047881 0.01437018
v 0.01726696 0.09047881 0.00015180
v 0.02054543 0.08245005 0.00291614
v 0.02054543 0.08245005 0.01160585
v 0.03405914 0.06982717 0.00293238
v 0.03405914 0.06982717 0.01158960
v -0.00524256 0.09970889 0.01284339
v -0.00524256 0.09970889 0.00169359
v -0.00728161 0.06823979 0.01131411
v -0.00728161 0.06823979 0.00320788
v -0.01135971 0.09748305 0.00188162
v -0.01135971 0.09748305 0.01264036
v 0.00051476 0.06807736 0.01240485
v 0.00051476 0.06807736 0.00211714
v -0.00972047 0.09714945 0.00019116
v -0.00972047 0.09714945 0.01433083
v 0.00425864 0.06841596 0.01198380
v 0.00425864 0.06841596 0.00253819
v 0.03620377 0.06310843 0.00410621
v 0.03620377 0.06310843 0.01041578
v 0.03580395 0.06519183 0.00236952
v 0.03580395 0.06519183 0.01215247
v -0.02436803 0.08769448 0.00280120
v -0.02436803 0.08769448 0.01172079
v -0.00921508 -0.03197917 0.01054634
v -0.00921508 -0.03197917 0.00397690
v -0.00593661 0.09896236 0.00430612
v -0.00593661 0.09896236 0.01021587
v -0.02680689 0.09688895 0.00726099
v 0.00717728 0.04316209 0.00726099
v 0.00717728 0.04316209 0.00726099
v 0.02560870 0.08504571 0.01416403
v 0.02560870 0.08504571 0.01416403
v 0.02560870 0.08504571 0.00035796
v 0.02560870 0.08504571 0.00035796
v 0.00637766 0.06807861 0.00283181
v 0.00637766 0.06807861 0.01169018
v -0.02636710 0.09124220 0.00174919
v -0.00425739 0.09982820 0.01095865
v -0.00425739 0.09982820 0.00356334
v -0.00425739 0.09967703 0.01099051
v -0.00425739 0.09967703 0.01099051
v -0.00425739 0.09967703 0.00353148
v -0.00425739 0.09967703 0.00353148
v 0.00066032 0.06809611 0.00168297
v 0.00066032 0.06809611 0.01283902
v -0.00137873 0.09454254 0.01131411
v -0.00137873 0.09454254 0.00320788
v -0.00997473 0.08742835 0.00023427
v -0.00997473 0.08742835 0.00023427
v 0.00477840 -0.03220407 0.01125289
v 0.00477840 -0.03220407 0.00327035
v -0.03616254 0.09397655 0.00606717
v -0.01077436 0.08978226 0.01429772
v 0.00765706 0.06056524 0.00726099
v 0.00765706 0.06056524 0.00726099
v -0.00789570 0.06838285 0.00726099
v -0.00461723 0.09937592 0.00064720
v -0.00461723 0.09937592 0.01388603
v 0.00193972 0.09945588 0.01032582
v 0.00193972 0.09945588 0.00419617
v 0.02241019 0.08651253 0.01437018
v 0.02241019 0.08651191 0.00015180
v -0.00665628 0.06821355 0.00175856
v -0.00665628 0.06821355 0.01276343
v -0.02956561 0.09613368 0.00128253
v 0.02284999 0.08099323 0.00085148
v 0.02284999 0.08099385 0.01367051
v -0.00825553 0.06819668 0.01055134
v -0.00825553 0.06819668 0.00397065
v -0.01233363 0.08443475 0.00875030
v -0.01233363 0.08443475 0.00577169
v -0.00045916 0.07996370 0.00086772
v -0.00045916 0.07996370 0.01365427
v -0.00821555 0.04340885 0.00726099
v -0.00821555 0.04340885 0.00726099
v 0.02864729 0.08075334 0.01350309
v 0.02864729 0.08075334 0.00101890
v -0.00737594 0.07517343 0.01335003
v -0.00737594 0.07517343 0.00117195
v -0.00737594 0.06818294 0.00227144
v -0.00737594 0.06818294 0.01225055
v -0.00285804 0.09684834 0.01437018
v -0.00285804 0.09684834 0.00015180
v -0.00937501 -0.09972888 0.01257539
v -0.00937501 -0.09972888 0.00194784
v -0.00773577 0.08008302 0.00087897
v -0.00773577 0.08008302 0.01364302
v 0.02053107 0.08241444 0.01018651
v -0.00729598 0.06822417 0.01271470
v -0.00729598 0.06822417 0.00180728
v -0.01217371 0.09711697 0.00427488
v -0.01217371 0.09711947 0.01024710
v 0.00709732 0.09838763 0.00995099
v 0.00709732 0.09838763 0.00457100
v 0.03618940 0.06317715 0.01015964
v 0.03618940 0.06317715 0.00436234
v 0.03251111 0.06931366 0.01420401
v 0.03251111 0.06931366 0.01420401
v 0.03251111 0.06931366 0.00031798
v 0.03251111 0.06931366 0.00031798
v 0.03498996 0.06749638 0.00128815
v 0.03498996 0.06749638 0.01323384
v 0.02927262 0.07913347 0.00816682
v 0.02927262 0.07913347 0.00635517
v -0.00795005 0.06830851 0.00726099
v -0.00631081 0.06858588 0.00279432
v -0.00631081 0.06858588 0.01172766
v 0.02603413 0.07813518 0.00036545
v 0.02603413 0.07813518 0.01415653
v -0.00467157 0.06855901 0.01196443
v -0.00467157 0.06855901 0.00255756
v 0.00192535 0.09930158 0.00316540
v 0.00192535 0.09930220 0.01135659
v -0.03573711 0.09610806 0.01308141
v 0.03550972 0.06340641 0.01211373
v 0.03550972 0.06340641 0.00240825
v 0.03594951 0.06410234 0.00190724
v 0.03594951 0.06410234 0.01261475
v 0.00484399 0.09170886 0.01437018
v 0.00484399 0.09170886 0.00015180
v 0.01631865 0.08440289 0.00292301
v 0.01631865 0.08440289 0.01159897
v 0.00772265 0.06943423 0.00726099
v -0.01274781 0.08968480 0.00054912
v 0.03107178 0.07630603 0.01294522
v 0.03107178 0.07630603 0.00157677
v 0.03439024 0.06705846 0.00052725
v 0.03439024 0.06705846 0.01399473
v -0.01022899 0.09700265 0.01421651
v -0.01022899 0.09700265 0.00030548
v 0.02459480 0.07950579 0.01367613
v 0.02459480 0.07950579 0.00084586
v 0.00576357 0.06839222 0.01176452
v 0.00576357 0.06839222 0.01176452
v 0.00576357 0.06839222 0.00275747
v 0.00576357 0.06839222 0.00275747
v 0.00740280 0.06796679 0.01109921
v 0.00740280 0.06796679 0.00342278
v 0.00168547 0.09449381 0.00322350
v 0.00168547 0.09449381 0.01129849
v -0.00691053 0.06819606 0.00272186
v -0.00691053 0.06819668 0.01180013
v -0.03473758 0.08799934 0.01399099
v 0.00580355 0.06816357 0.01179201
v 0.00580355 0.06816357 0.01179201
v 0.00580355 0.06816357 0.00272998
v 0.00580355 0.06816357 0.00272998
v -0.03553720 0.09619302 0.00133001
v -0.03553720 0.09619302 0.00133001
v 0.02915268 0.07826325 0.00788320
v 0.02915268 0.07826325 0.00663878
v 0.03570962 0.06545109 0.01264786
v 0.03570962 0.06545109 0.00187413
v -0.00439171 0.08002680 0.00086772
v -0.00439171 0.08002680 0.01365427
v -0.00806999 0.07518468 0.01331755
v -0.00806999 0.07518468 0.00120444
v -0.00846981 0.09959706 0.01357493
v -0.00846981 0.09959706 0.00102327
v 0.03209693 0.07297321 0.00016680
v 0.03209693 0.07297321 0.01435519
v 0.00426989 -0.10000000 0.00594036
v 0.00426989 -0.10000000 0.00858288
v -0.02643582 0.08692609 0.00383884
v -0.02643582 0.08692609 0.01068315
v 0.02597978 0.07809520 0.01055946
v 0.02597978 0.07809520 0.00396253
v -0.01000347 0.09709010 0.01428835
v -0.01000347 0.09709010 0.01428835
v -0.01000347 0.09709010 0.00023364
v -0.01000347 0.09709010 0.00023364
v 0.03257671 0.07319061 0.00224895
v 0.03257671 0.07319061 0.01227304
v 0.03545537 0.06320588 0.00416806
v 0.03545537 0.06320588 0.00416806
v 0.03545537 0.06320588 0.00416806
v 0.03545537 0.06320588 0.01035393
v 0.03545537 0.06320588 0.01035393
v 0.03545537 0.06320588 0.01035393
v 0.00682870 -0.09864938 0.00403250
v 0.00682870 -0.09864938 0.01049074
v 0.00930754 0.07036817 0.00968549
v 0.00930754 0.07036817 0.00483650
v 0.00890773 0.07037504 0.00266064
v 0.00890773 0.07037504 0.01186135
v -0.03571150 0.08536556 0.00246823
v -0.03571150 0.08536556 0.00246823
v -0.03571150 0.08536556 0.01205376
v -0.03571150 0.08536556 0.01205376
v -0.00004810 0.09740246 0.00015180
v 0.00446979 -0.05501844 0.01131536
v 0.00446979 -0.05501844 0.00320788
v -0.00944373 0.09466873 0.01435894
v -0.00944373 0.09466811 0.00016305
v 0.00530940 -0.09996439 0.00306670
v 0.00530940 -0.09996439 0.01145654
v 0.03069758 0.07605178 0.01437018
v 0.03069758 0.07605178 0.00015180
v -0.00652509 0.06858900 0.00285867
v -0.00652509 0.06858900 0.00285867
v -0.00652509 0.06858900 0.01166332
v -0.00652509 0.06858900 0.01166332
v -0.00692490 0.06817669 0.01205439
v -0.00692490 0.06817669 0.01205439
v -0.00692490 0.06817669 0.00246760
v -0.00692490 0.06817669 0.00246760
v -0.02899462 0.09722067 0.00254069
v 0.01686402 0.08842102 0.01437018
v 0.01686402 0.08842102 0.00015180
v 0.00622897 -0.09864001 0.01169768
v 0.00622897 -0.09864001 0.00282556
v -0.00768455 0.07546767 0.00843170
v -0.00768455 0.07546767 0.00609029
v -0.00972360 0.08536931 0.01409219
v 0.02262134 0.08702104 0.00015180
v 0.02262134 0.08702167 0.01437018
v 0.00542935 0.09599624 0.01436394
v 0.00542935 0.09599624 0.00015180
v 0.02142190 0.08436228 0.01437018
v 0.02142190 0.08436228 0.00015180
v 0.00750838 0.09832078 0.01083558
v 0.00750838 0.09832078 0.00368641
v -0.03547161 0.09909292 0.00726099
v -0.03547161 0.09909292 0.00726099
v 0.00874780 0.07971382 0.01363053
v 0.00874780 0.07971382 0.01363053
v -0.01008343 0.08980725 0.00018616
v 0.01940846 0.08797560 0.01437018
v 0.01940846 0.08797560 0.00015180
v 0.02024807 0.09096671 0.01348872
v 0.02024807 0.09096671 0.00103327
v -0.03624562 0.08882083 0.00845481
v 0.00265626 0.09635107 0.01426836
v 0.00265626 0.09635107 0.00015180
v -0.01329631 0.08510506 0.00726099
v -0.01329631 0.08510506 0.00726099
v 0.03584081 0.06290415 0.01052885
v 0.03584081 0.06290415 0.00399314
v -0.01533536 0.08715098 0.00207841
v -0.01533536 0.08715098 0.01244358
v -0.00222147 0.04331265 0.00195347
v -0.00222147 0.04331265 0.01256852
v -0.01285651 0.08514817 0.00574045
v -0.01285651 0.08514817 0.00878154
v 0.00721414 0.05225661 0.00865097
v 0.00721414 0.05225661 0.00587102
v 0.02932385 0.07664962 0.00572483
v 0.02932385 0.07664962 0.00572483
v 0.02932385 0.07664962 0.00879715
v 0.02932385 0.07664962 0.00879715
v 0.02728480 0.08305164 0.00886712
v 0.02728480 0.08305164 0.00565487
v -0.00709919 0.04339073 0.01073000
v -0.00709919 0.04339073 0.00379198
v -0.03616566 0.08539055 0.00863223
v -0.03616566 0.08539055 0.00588976
v -0.03572587 0.08444724 0.00391755
v -0.03572587 0.08444724 0.00391755
v -0.03572587 0.08444724 0.01060444
v -0.03572587 0.08444724 0.01060444
v 0.01341126 0.09489987 0.01430896
v 0.01341126 0.09489987 0.00021303
v -0.00785884 0.06838222 0.00609216
v -0.00785884 0.06838222 0.00842982
v 0.00401563 0.03054984 0.01180013
v 0.00401563 0.03054984 0.00272186
v -0.01317636 0.09257283 0.00059597
v -0.01317636 0.09257283 0.01392602
v 0.03596076 0.06464271 0.01259663
v 0.03596076 0.06464271 0.01259663
v 0.03596076 0.06464271 0.01259663
v 0.03596076 0.06464271 0.00192535
v 0.03596076 0.06464271 0.00192535
v 0.03596076 0.06464271 0.00192535
v 0.03596076 0.06289977 0.00410621
v 0.03596076 0.06289977 0.01041578
v -0.00905828 0.08325905 0.01389603
v -0.00905828 0.08325905 0.01389603
v -0.00741905 0.08733840 0.01435269
v -0.00741905 0.08733840 0.00016930
v -0.02625028 0.09674527 0.00726099
v 0.00609466 0.09867374 0.00405686
v 0.00609466 0.09867374 0.01046513
v 0.00773390 0.06813234 0.00608904
v 0.00773390 0.06813234 0.00843295
v -0.01273657 0.09265092 0.01397974
v -0.01273657 0.09265092 0.00054225
v -0.00042230 -0.09993128 0.00620399
v -0.00042230 -0.09993128 0.00831925
v 0.01477062 0.08576038 0.00017867
v 0.01477062 0.08576038 0.00017867
v 0.01477062 0.08576038 0.01434332
v 0.01477062 0.08576038 0.01434332
v -0.00282119 0.01248263 0.01261413
v -0.00282119 0.01248263 0.00190786
v 0.01561023 0.09401341 0.01416403
v 0.01561023 0.09401341 0.01416403
v 0.01561023 0.09401341 0.00035796
v 0.01561023 0.09401341 0.00035796
v 0.01481060 0.08534807 0.00036545
v 0.01481060 0.08534807 0.01415653
v 0.00009745 0.09923286 0.01295022
v 0.00009745 0.09923286 0.00155740
v -0.00030236 -0.09976324 0.01373485
v -0.00030236 -0.09976324 0.00078838
v -0.00929817 0.08330090 0.01380170
v 0.00585477 0.06808736 0.01183761
v 0.00585477 0.06808736 0.01183761
v 0.00585477 0.06808673 0.00268438
v 0.00585477 0.06808673 0.00268438
v 0.00341591 0.06812609 0.00236140
v 0.00341591 0.06812609 0.01216059
v -0.03586018 0.09454004 0.01351995
v 0.02519140 0.08442538 0.01437018
v 0.02519140 0.08442538 0.00015180
v 0.00759959 0.06056649 0.00591912
v 0.00759959 0.06056711 0.00860287
v 0.01783482 0.09301075 0.00293051
v 0.01783482 0.09301075 0.01159148
v -0.02882345 0.09868374 0.00557241
v 0.00967862 0.08585471 0.00016742
v 0.00967862 0.08585471 0.01435457
v 0.01131786 0.08221141 0.01136283
v 0.03466698 0.06523619 0.00099579
v 0.03466698 0.06523619 0.00099579
v 0.03466698 0.06523619 0.01352620
v 0.03466698 0.06523619 0.01352620
v -0.00667377 0.06859150 0.00293863
v -0.00667377 0.06859150 0.01158336
v 0.01543594 0.09317630 0.01436206
v 0.01543594 0.09317630 0.00015993
v 0.00683994 -0.09987818 0.00888961
v 0.00683994 -0.09987818 0.00563363
v -0.02630463 0.09469247 0.00296050
v 0.00604031 0.06800927 0.01278967
v 0.00604031 0.06800927 0.00173232
v -0.01115168 0.08976102 0.01425649
v 0.01015839 0.08245504 0.01378046
v -0.02954312 0.09736248 0.00243137
v 0.03474695 0.06741767 0.00056036
v 0.03474695 0.06741767 0.01396162
v 0.01103799 0.08227513 0.01251355
v 0.03110864 0.07623294 0.00312854
v 0.03110864 0.07623294 0.01139344
v 0.00695988 -0.09988006 0.00726162
v 0.03234806 0.07313064 0.00017679
v 0.03234806 0.07313064 0.01434520
v -0.00571421 0.09234544 0.01437018
v -0.00571421 0.09234544 0.00015180
v -0.00571421 0.06964913 0.00271436
v -0.00571421 0.06964913 0.01180763
v 0.02826996 0.08141303 0.00566986
v 0.02826996 0.08141303 0.00885213
v 0.00044292 0.06955105 0.00235828
v 0.00044292 0.06955105 0.01216371
v 0.00048290 -0.00932784 0.00184976
v 0.00048290 -0.00932784 0.00184976
v 0.00048290 -0.00932784 0.01267222
v 0.00048290 -0.00932784 0.01267222
v -0.00483462 0.09459876 0.00373951
v -0.00483462 0.09459876 0.01078248
v 0.00867908 0.06796742 0.00845294
v 0.00867908 0.06796742 0.00606905
v 0.00296175 0.07990623 0.00086772
v 0.00296175 0.07990623 0.01365427
v 0.02834992 0.08047722 0.01436206
v 0.02834992 0.08047722 0.00015993
v -0.01259101 0.08811428 0.00100578
v -0.01259101 0.08811428 0.00100578
v 0.00951869 0.09772543 0.00375513
v 0.02998916 0.07552827 0.01437018
v 0.02998916 0.07552827 0.00015180
v -0.02690435 0.09370481 0.00226644
v 0.03246801 0.06910564 0.00153928
v 0.03246801 0.06910564 0.01298270
v 0.00628020 0.06838160 0.01297708
v 0.00628020 0.06838160 0.00154491
v -0.00271561 0.09830891 0.01437018
v -0.00271561 0.09830891 0.00015180
v 0.02962933 0.07861121 0.01430771
v 0.02962933 0.07861121 0.00021428
v -0.02971741 0.08372258 0.00898894
v -0.02971741 0.08372258 0.00553305
v -0.00760771 0.09997314 0.00519383
v -0.00760771 0.09997314 0.00932816
v -0.01168581 0.09782914 0.00431612
v 0.00510637 0.06840221 0.00265376
v 0.00510637 0.06840221 0.01186822
v 0.00510637 0.09334060 0.00337968
v 0.00510637 0.09334060 0.01114231
v 0.00798503 0.09806090 0.00726099
v 0.00798503 0.09806090 0.00726099
v 0.00798503 0.09806090 0.00726099
v -0.02679877 0.09001028 0.01261850
v -0.02679877 0.09001028 0.01261850
v -0.02679877 0.09001028 0.00190349
v -0.02679877 0.09001028 0.00190349
v -0.03619440 0.09198811 0.01004032
v -0.03455516 0.09895736 0.00552993
v 0.00802501 0.06795680 0.00726099
v -0.02675879 0.09248475 0.01261850
v -0.02675879 0.09248475 0.01261850
v -0.02675879 0.09248475 0.00190349
v -0.02675879 0.09248475 0.00190349
v -0.03575460 0.09706262 0.01177139
v -0.01200566 0.08602963 0.01283777
v -0.01200566 0.08602963 0.00168422
v -0.01280529 -0.09833515 0.00896707
v -0.01280529 -0.09833515 0.00555616
v -0.03447520 0.09895611 0.00899206
v 0.01470190 0.08809617 0.01437018
v 0.01470190 0.08809617 0.00015180
v -0.00780761 0.08351268 0.00726099
v -0.02663885 0.09664781 0.00605718
v -0.02663885 0.09664781 0.00605718
v 0.03073444 0.07207613 0.01413967
v 0.03073444 0.07207613 0.00038232
v -0.03595451 0.08401869 0.00894396
v -0.03595451 0.08401869 0.00557803
v 0.02465727 0.08363137 0.01437018
v 0.02465727 0.08363137 0.00015180
v 0.01566146 0.09424455 0.01390665
v 0.01566146 0.09424455 0.00061534
v 0.03081440 0.07213173 0.00019616
v 0.03081440 0.07213173 0.00019616
v 0.03081440 0.07213235 0.01432583
v 0.03081440 0.07213235 0.01432583
v -0.00724788 0.05248837 0.00361519
v -0.00724788 0.05248837 0.01090680
v 0.00054849 0.06805675 0.01251792
v 0.00054849 0.06805675 0.00200407
v -0.00804750 0.04340635 0.00592099
v -0.00804750 0.04340635 0.00860100
v 0.01570144 0.09440760 0.00176793
v 0.01570144 0.09440760 0.01275406
v 0.03617191 0.06374501 0.01155400
v 0.03617191 0.06374501 0.01155400
v 0.03617191 0.06374501 0.00296799
v 0.03617191 0.06374501 0.00296799
v 0.00141372 0.06846156 0.00236140
v 0.00141372 0.06846156 0.01216059
v -0.03624875 0.08861905 0.00785134
v 0.03215940 0.07271458 0.00971922
v 0.03215940 0.07271458 0.00480276
v -0.00714230 0.09991004 0.00726099
v -0.01082059 0.09859815 0.01250855
v -0.01082059 0.09859815 0.00201344
v 0.01376796 0.08461154 0.00292301
v 0.01376796 0.08461154 0.01159897
v -0.00670250 0.06817294 0.01212186
v -0.00670250 0.06817294 0.00240013
v -0.00710232 0.09900359 0.00726099
v -0.03616878 0.09359236 0.00906578
v -0.00750213 0.06860274 0.00160613
v -0.00750213 0.06860274 0.01291586
v -0.03077130 0.08957548 0.01439767
v -0.03077130 0.08957548 0.00012432
v 0.00281307 0.09821271 0.00021490
v 0.00281307 0.09821271 0.00021490
v 0.00281307 0.09821271 0.01411030
v 0.00281307 0.09821271 0.01411030
v 0.01348809 0.08537556 0.00036545
v 0.01348809 0.08537556 0.01415653
v 0.00449228 0.06801364 0.00231954
v 0.00449228 0.06801364 0.01220244
v -0.00654258 0.06819044 0.00257255
v -0.00654258 0.06819044 0.01194944
v 0.01108921 0.09597000 0.01431771
v 0.01108921 0.09597000 0.00020428
v -0.00774202 0.06860712 0.01284589
v -0.00774202 0.06860712 0.01284589
v -0.00774202 0.06860649 0.00167609
v -0.00774202 0.06860649 0.00167609
v -0.00118507 0.09978697 0.00829926
v -0.00118507 0.09978697 0.00622273
v -0.00034546 -0.09992566 0.01141718
v -0.00034546 -0.09992628 0.00310605
v 0.02464290 0.07956389 0.01415653
v 0.02464290 0.07956327 0.00036545
v 0.00173357 0.06803676 0.01266348
v 0.00173357 0.06803676 0.00185851
v 0.03491812 0.06766443 0.00095830
v 0.01160897 0.08340898 0.01271845
v 0.01160897 0.08340898 0.00180354
v -0.00722226 0.06818044 0.01234675
v -0.00722226 0.06818044 0.01234675
v -0.00722226 0.06818044 0.00217524
v -0.00722226 0.06818044 0.00217524
v 0.01571268 0.09446820 0.00726099
v -0.03462388 0.09474932 0.00053163
v -0.00759646 0.07546642 0.00507201
v -0.00759646 0.07546642 0.00944997
v 0.03498371 0.06515997 0.01357868
v 0.03498371 0.06515997 0.00094331
v -0.00635704 0.06835786 0.01175515
v -0.00635704 0.06835786 0.00276684
v -0.00551743 0.09988255 0.01052885
v -0.00551743 0.09988255 0.00399314
v 0.00963551 0.07487795 0.01203190
v 0.00963551 0.07487795 0.00249009
v -0.00263877 0.09882117 0.00021053
v -0.00263877 0.09882117 0.00021053
v -0.00263877 0.09882117 0.01431146
v -0.00263877 0.09882117 0.01431146
v 0.03094559 0.07221794 0.01435269
v 0.03094559 0.07221794 0.00016930
v 0.02278939 0.08742960 0.01436206
v 0.02278939 0.08742960 0.00015993
v 0.00643700 0.06796117 0.01245295
v 0.00643700 0.06796117 0.01245295
v 0.00643700 0.06796117 0.00206904
v 0.00643700 0.06796117 0.00206904
v -0.00827615 0.06823916 0.01153588
v -0.00827615 0.06823854 0.00298611
v 0.00155927 0.06806050 0.01238236
v 0.00155927 0.06806050 0.00213963
v -0.02914643 0.09823082 0.01060631
v -0.02914643 0.09823082 0.01060631
v 0.00647698 -0.03223093 0.00964363
v 0.00647698 -0.03223093 0.00487960
v 0.01835146 0.08433479 0.00017867
v 0.01835146 0.08433479 0.00017867
v 0.01835146 0.08433479 0.01434332
v 0.01835146 0.08433479 0.01434332
v -0.01315388 0.09398530 0.01343312
v -0.01315388 0.09398530 0.00108887
v 0.01347373 0.09527595 0.00036046
v 0.01347373 0.09527595 0.00036046
v 0.01347373 0.09527595 0.01416153
v 0.01347373 0.09527595 0.01416153
v 0.01635239 0.08493202 0.00036545
v 0.01635239 0.08493202 0.01415653
v -0.01271408 0.09406651 0.01349247
v -0.01271408 0.09406651 0.00102952
v -0.01107484 0.09863876 0.01143093
v -0.01107484 0.09862939 0.00309106
v 0.03398418 0.06960353 0.00423053
v 0.03398418 0.06960353 0.01029146
v 0.00739656 0.07492667 0.01336378
v 0.00739656 0.07492667 0.00115821
v -0.00979544 -0.09977448 0.00454726
v -0.00979544 -0.09977448 0.00997598
v -0.00691678 0.09976074 0.00919135
v -0.00691678 0.09976074 0.00919135
v -0.00691678 0.09976074 0.00533064
v -0.00691678 0.09976074 0.00533064
v 0.03566339 0.06424103 0.01314013
v 0.03566339 0.06424103 0.00138186
v 0.02870663 0.07628354 0.00545871
v 0.02870663 0.07628354 0.00906328
v 0.01151464 0.08454470 0.00038107
v 0.01151464 0.08454470 0.01414092
v 0.00703672 0.09768733 0.00984604
v 0.00703672 0.09768733 0.00467595
v 0.00335844 0.06820293 0.01211373
v 0.00335844 0.06820293 0.00240825
v -0.03550347 0.09833078 0.00391818
v -0.03550347 0.09833078 0.00391818
v -0.01011529 0.09973637 0.00864722
v 0.00751650 0.06806050 0.01035580
v 0.00751650 0.06806050 0.00416619
v 0.01653792 0.08644881 0.01437018
v 0.01653792 0.08644881 0.00015180
v -0.01088930 0.08016736 0.00462410
v -0.01088930 0.08016736 0.00989789
v -0.02972054 0.08352705 0.00726099
v -0.02972054 0.08352705 0.00726099
v 0.02309487 0.08820924 0.00726099
v -0.00429238 0.09887490 0.00351274
v -0.00429238 0.09887490 0.01100925
v -0.01328819 0.08560045 0.01022024
v -0.01328819 0.08560045 0.00430175
v 0.00678247 -0.07647970 0.00872281
v 0.00678247 -0.07647970 0.00580042
v -0.01040953 -0.00915293 0.00726099
v -0.01040953 -0.00915293 0.00726099
v -0.01040953 -0.00915293 0.00726099
v -0.01040953 -0.00915293 0.00726099
v -0.00833050 0.07519030 0.01325383
v -0.00833050 0.07519030 0.01325383
v -0.00833050 0.07519030 0.00126816
v -0.00833050 0.07519030 0.00126816
v -0.00873031 0.03075474 0.00726099
v -0.00873031 0.03075474 0.00726099
v -0.01280841 0.08818425 0.01347248
v -0.02672193 0.09471309 0.01154150
v -0.02672193 0.09471309 0.01154150
v -0.03571774 0.09876495 0.00557803
v -0.00501204 0.09901109 0.00027425
v -0.00501204 0.09901109 0.00027425
v -0.00501204 0.09901109 0.01430959
v -0.00501204 0.09901109 0.01430959
v -0.02956061 0.09466061 0.00054475
v 0.01301956 0.08418611 0.00726099
v 0.00442357 0.06805175 0.01211998
v 0.00442357 0.06805175 0.00240201
v 0.00566299 0.09882492 0.00726099
v 0.00730222 -0.09213866 0.00726162
v 0.00730222 -0.09213866 0.00726162
v -0.03076005 0.08792687 0.00051539
v -0.03076005 0.08792687 0.01400660
v 0.00486336 0.06798616 0.01257290
v 0.00486336 0.06798616 0.00194909
v 0.00858163 0.09807527 0.00835049
v 0.00858163 0.09807527 0.00617150
v 0.02621342 0.07792903 0.00858038
v 0.02621342 0.07792903 0.00594161
v -0.01020962 0.09459377 0.00018616
v -0.01020962 0.09459377 0.01433582
v -0.00733096 0.09982133 0.01232801
v -0.00733096 0.09982133 0.00222272
v -0.00733096 0.08351080 0.01037329
v -0.00733096 0.08351080 0.00414869
v 0.03321016 0.06964663 0.01425211
v 0.03321016 0.06964663 0.00026987
v -0.00773078 0.09615304 0.01436831
v -0.00773078 0.09615304 0.00015368
v 0.03484940 0.06427726 0.00295487
v 0.03484940 0.06427726 0.01156711
v -0.01016964 0.07521404 0.00600595
v -0.01016964 0.07521404 0.00851603
v -0.03595763 0.08382878 0.00726099
v -0.00809061 0.07086731 0.00849479
v -0.00809061 0.07086731 0.00849479
v -0.00809061 0.07086731 0.00602719
v -0.00809061 0.07086731 0.00602719
v 0.02425433 0.08304352 0.01437018
v 0.02425433 0.08304352 0.00015180
v -0.03551784 0.09741183 0.00246885
v -0.03551784 0.09741183 0.00246885
v -0.00802501 0.03074350 0.00967112
v -0.00802501 0.03074350 0.00485087
v -0.00638578 0.06816670 0.00203968
v -0.00638578 0.06816670 0.01248231
v -0.00022864 -0.09853693 0.01406720
v -0.00022864 -0.09853693 0.00045604
v 0.01044639 0.07961074 0.00226457
v 0.00640827 0.06059210 0.00286492
v 0.00640827 0.06059210 0.01165707
v 0.00724788 0.09828705 0.00992101
v 0.00724788 0.09828705 0.00992101
v 0.00724788 0.09828705 0.00460098
v 0.00724788 0.09828705 0.00460098
v -0.01322259 0.08969167 0.01392227
v 0.00193035 0.09941215 0.01105673
v 0.00193035 0.09941215 0.00346526
v 0.00808748 0.06835224 0.01241734
v 0.00808748 0.06835224 0.00210465
v -0.02629651 0.09555957 0.01068315
v 0.02408004 0.08004367 0.00726099
v -0.03569213 0.08658500 0.01319261
v -0.03569213 0.08658500 0.01319261
v 0.02735851 0.07659277 0.01215059
v 0.02735851 0.07659277 0.00237140
v 0.01472439 0.08632137 0.01437018
v 0.01472439 0.08632137 0.00015180
v 0.00776763 0.06813234 0.00726099
v -0.00934440 0.09874059 0.00027425
v -0.00934440 0.09874059 0.00027425
v -0.00934440 0.09874059 0.01424962
v -0.00934440 0.09874059 0.01424962
v -0.00890460 -0.00917729 0.01062630
v -0.00890460 -0.00917729 0.01062630
v -0.00890460 -0.00917729 0.00389569
v -0.00890460 -0.00917729 0.00389569
v -0.00726537 0.09895674 0.00726099
v 0.00952681 0.07967884 0.00105951
v 0.01488432 0.08466402 0.01159897
v 0.01488432 0.08466339 0.00292301
v -0.01171767 0.09796845 0.00575857
v 0.00835299 0.09619927 0.00015618
v 0.00835299 0.09619927 0.01436581
v -0.00064283 0.06849467 0.01218995
v -0.00064283 0.06849467 0.00233204
v 0.01083183 0.07957389 0.00988415
v -0.02683063 0.09674964 0.00847168
v 0.03622001 0.06336956 0.01093991
v 0.03622001 0.06336956 0.00358208
v -0.01003845 0.09963517 0.00995037
v -0.02435179 0.08876461 0.00212151
v -0.02435179 0.08876461 0.01240048
v 0.00595410 0.03051923 0.01056695
v 0.00595410 0.03051923 0.00395503
v -0.01531599 0.08835355 0.01322822
v -0.01531599 0.08835355 0.00129377
v -0.02431180 0.09121971 0.01296584
v -0.02431180 0.09121971 0.00155615
v 0.00887274 0.09781289 0.00236265
v 0.00887274 0.09781289 0.01215934
v 0.00683369 0.07523528 0.00318039
v 0.00683369 0.07523528 0.01134159
v -0.03614629 0.08658000 0.00342965
v -0.03614629 0.08658000 0.01109234
v 0.01299083 0.08423484 0.01017714
v 0.01299083 0.08423484 0.00434485
v -0.02631087 0.09469185 0.01156149
v 0.00399501 0.01237393 0.01186697
v 0.00399501 0.01237393 0.00265501
v -0.00991851 -0.09977261 0.00726162
v 0.03106241 0.07586749 0.01000909
v 0.03106241 0.07586749 0.00451290
v -0.03602635 0.09406839 0.00195034
v -0.00815933 0.09921037 0.00041043
v -0.00815933 0.09921037 0.00041043
v -0.00815933 0.09921037 0.01428272
v -0.00815933 0.09921037 0.01428272
v -0.03598637 0.09406839 0.01257165
v 0.03526046 0.06376437 0.01260601
v 0.03526046 0.06376437 0.01260601
v 0.03526046 0.06376437 0.00191598
v 0.03526046 0.06376437 0.00191598
v -0.00771953 0.07546830 0.00726099
v -0.00811934 0.07086731 0.00726099
v -0.00811934 0.07086731 0.00726099
v -0.00811934 0.07086731 0.00726099
v -0.02938944 0.09128843 0.01443265
v -0.02938944 0.09128843 0.01443265
v -0.02938944 0.09128843 0.00008933
v -0.02938944 0.09128843 0.00008933
v 0.00791319 0.09807590 0.00827240
v 0.00791319 0.09807590 0.00827240
v 0.00791319 0.09807590 0.00624959
v 0.00791319 0.09807590 0.00624959
v -0.00763957 0.06837910 0.00428051
v -0.00763957 0.06837910 0.01024148
v -0.00721414 0.09983883 0.00827677
v -0.00721414 0.09983883 0.00827677
v -0.00721414 0.09983883 0.00624522
v -0.00721414 0.09983883 0.00624522
v -0.00881340 0.09986694 0.00964176
v -0.00757397 0.06967912 0.00431299
v -0.00757397 0.06967974 0.01020900
v -0.02640521 0.08884145 0.01222243
v -0.02640521 0.08884145 0.00229955
v -0.00797379 0.09240354 0.01436831
v -0.00797379 0.09240354 0.00015368
v -0.00589476 0.09426642 0.00380823
v -0.00589476 0.09426642 0.01071376
v -0.03576085 0.09610806 0.00144058
v -0.00545496 0.09893924 0.01052073
v -0.00545496 0.09893924 0.00400126
v 0.01133722 0.08221078 0.00315915
v 0.02812940 0.07614923 0.00485586
v 0.02812940 0.07614923 0.00966612
v 0.00234141 0.06952044 0.01212186
v 0.00234141 0.06952044 0.00240013
v -0.00993288 -0.03196793 0.00964363
v -0.00993288 -0.03196793 0.00487960
v 0.01381607 0.08443975 0.00726099
v 0.00522007 0.01235394 0.00322162
v 0.00522007 0.01235394 0.01130036
v 0.00685931 0.07044001 0.01144467
v 0.00685931 0.07044001 0.01144467
v 0.00685931 -0.05505718 0.00726162
v 0.00685931 -0.05505718 0.00726162
v 0.00442044 0.09807590 0.00342965
v 0.00442044 0.09807590 0.01109046
v -0.00821368 0.09985194 0.00315915
v -0.00821368 0.09985194 0.01136283
v -0.00657444 0.03071976 0.01125663
v -0.00657444 0.03071976 0.00326535
v 0.02213219 0.08587720 0.01437018
v 0.02213219 0.08587720 0.00015180
v 0.01517543 0.09177945 0.01437018
v 0.01517543 0.09177945 0.00015180
v -0.01061256 0.09678337 0.00049477
v -0.01061256 0.09678337 0.01402722
v -0.03476131 0.08652315 0.01325133
v -0.00649448 0.05247650 0.01164333
v -0.00649448 0.05247650 0.00287866
v 0.03608570 0.06397115 0.00240888
v 0.03608570 0.06397115 0.01211311
v -0.03556094 0.09473183 0.00059910
v -0.03556094 0.09473183 0.00059910
v 0.01153713 0.09687583 0.01131723
v 0.01153713 0.09687583 0.00320476
v -0.00973297 0.08740024 0.01431896
v 0.00338093 -0.07642535 0.00205092
v 0.00338093 -0.07642535 0.01247232
v 0.01361616 0.08504196 0.00085335
v 0.01361616 0.08504196 0.01366864
v -0.03592077 0.09300638 0.00065594
v -0.00969299 0.08023608 0.00165423
v -0.00969299 0.08023608 0.01286776
v -0.02688498 0.09477743 0.00293738
v -0.02685937 0.09566952 0.00383134
v -0.00187100 0.06958791 0.00236577
v -0.00187100 0.06958791 0.01215621
v -0.02681939 0.09633858 0.00488960
v -0.03621501 0.09072432 0.01002096
v -0.01326570 0.08699106 0.01261225
v -0.01326570 0.08699106 0.00190974
v 0.01048324 0.08529560 0.00016742
v 0.01048324 0.08529560 0.01435457
v -0.03045769 0.09833328 0.00387757
v 0.00844419 0.09674964 0.00018304
v 0.00844419 0.09674964 0.01433895
v -0.00874780 0.09960456 0.01331942
v -0.00874780 0.09960456 0.00123005
v -0.00710857 0.09463437 0.00726099
v -0.02673942 0.09365983 0.01220494
v -0.02673942 0.09365983 0.01220494
v -0.03573524 0.08387813 0.00897582
v -0.03573524 0.08387813 0.00897582
v -0.03573524 0.08387813 0.00554617
v -0.03573524 0.08387813 0.00554617
v -0.03569525 0.09791847 0.01040453
v 0.02735539 0.07660777 0.01369050
v 0.02735539 0.07660777 0.00083149
v 0.00812434 0.07491231 0.00118070
v 0.00812434 0.07491231 0.00118070
v 0.00812434 0.07491231 0.01334129
v 0.00812434 0.07491231 0.01334129
v 0.00280682 0.06801927 0.00187163
v 0.00280682 0.06801927 0.01265036
v 0.01468129 0.08707102 0.01437018
v 0.01468129 0.08707102 0.00015180
v 0.01100300 0.09545836 0.01436331
v 0.01100300 0.09545836 0.00015868
v -0.00490959 0.09984070 0.01168206
v -0.00490959 0.09984070 0.00283993
v -0.02905834 0.09297390 0.01420526
v -0.02905834 0.09297390 0.00031673
v -0.03477568 0.08529185 0.01210062
v -0.03477568 0.08529185 0.00242137
v -0.01266598 0.08497637 0.00877904
v -0.01266598 0.08497637 0.00877904
v -0.01266598 0.08497637 0.00574295
v -0.01266598 0.08497637 0.00574295
v -0.01142655 0.08774883 0.00062471
v 0.00824429 0.09552583 0.01437018
v 0.00824429 0.09552583 0.00015180
v -0.00566924 0.09989380 0.01146091
v -0.00566924 0.09989380 0.00306107
v -0.03553533 0.09473120 0.01392289
v -0.03553533 0.09473120 0.01392289
v 0.00788445 0.06795867 0.00500330
v 0.00788445 0.06795867 0.00951869
v 0.00748464 0.06794430 0.01197317
v 0.00748464 0.06794430 0.00254881
v -0.03589516 0.09454067 0.00100203
v -0.01214622 0.09451818 0.01367426
v -0.01214622 0.09451818 0.00084773
v -0.03465574 0.09310509 0.00014181
vt 0.26650700 0.35700200
vt 0.86813900 0.63662200
vt 0.86813800 0.67816300
vt 0.78813600 0.50314400
vt 0.78872300 0.54180500
vt 0.33568000 0.56226500
vt 0.08206700 0.22393100
vt 0.08192600 0.22649400
vt 0.33553100 0.55970400
vt 0.08203400 0.22454200
vt 0.33564400 0.56165500
vt 0.95163100 0.48236200
vt 0.12642600 0.22639300
vt 0.95245700 0.55855600
vt 0.38002800 0.55968700
vt 0.84632200 0.79482900
vt 0.70696900 0.64933400
vt 0.82282000 0.64930200
vt 0.68323100 0.79483100
vt 0.79985400 0.15272500
vt 0.81834400 0.48393400
vt 0.81947200 0.56002100
vt 0.38497200 0.55360100
vt 0.94575200 0.56061700
vt 0.13138600 0.23246500
vt 0.94487600 0.48044400
vt 0.76715500 0.13036100
vt 0.84719800 0.13037000
vt 0.94654100 0.51237000
vt 0.94672200 0.52866600
vt 0.59900700 0.57242100
vt 0.59926000 0.57273600
vt 0.34534900 0.21301500
vt 0.34560200 0.21269900
vt 0.86145000 0.51258800
vt 0.86165800 0.53017900
vt 0.22022800 0.54948000
vt 0.12604500 0.41136200
vt 0.37912500 0.37471200
vt 0.15428400 0.96704200
vt 0.45709700 0.77001600
vt 0.82591600 0.56605300
vt 0.82461500 0.47739300
vt 0.94888700 0.48902100
vt 0.94957400 0.55195700
vt 0.82308400 0.14345900
vt 0.77646900 0.57809900
vt 0.44786100 0.59846600
vt 0.28435700 0.29746200
vt 0.53777000 0.48815100
vt 0.69796100 0.18022300
vt 0.97152300 0.18022400
vt 0.31875700 0.57254800
vt 0.06511600 0.21370100
vt 0.28814800 0.36117700
vt 0.82308500 0.14563900
vt 0.28678500 0.54372900
vt 0.03322700 0.24260700
vt 0.74009500 0.51248300
vt 0.74042400 0.53394400
vt 0.51853100 0.48336900
vt 0.71253700 0.57269400
vt 0.26513200 0.30230000
vt 0.71102700 0.47460800
vt 0.15550200 0.92454100
vt 0.45587900 0.72751500
vt 0.84475000 0.64533400
vt 0.72066300 0.14423100
vt 0.94881800 0.14423500
vt 0.68504600 0.64532400
vt 0.21832400 0.58577500
vt 0.21739300 0.51324500
vt 0.27544600 0.31330700
vt 0.52881300 0.47233100
vt 0.72108100 0.13038900
vt 0.86871200 0.44363100
vt 0.89326600 0.13040700
vt 0.86916600 0.38779100
vt 0.79669700 0.44390700
vt 0.79716000 0.38645900
vt 0.19147000 0.40304300
vt 0.76199300 0.46158600
vt 0.44457500 0.38284200
vt 0.76274500 0.36822300
vt 0.31208100 0.54233900
vt 0.05852700 0.24392800
vt 0.27110200 0.51681900
vt 0.30010200 0.61301100
vt 0.27187700 0.58085300
vt 0.04634300 0.17327200
vt 0.64790500 0.48637100
vt 0.64908500 0.56290400
vt 0.33917600 0.21061600
vt 0.59284000 0.57483800
vt 0.59807500 0.37101900
vt 0.59739100 0.45614100
vt 0.95098900 0.36955800
vt 0.26396800 0.35354500
vt 0.95025200 0.46346400
vt 0.01099900 0.43286300
vt 0.30468800 0.76611500
vt 0.30669100 0.96314000
vt 0.00839100 0.80101900
vt 0.60299000 0.99804700
vt 0.86292600 0.65739200
vt 0.11026900 0.22719500
vt 0.36387100 0.55892700
vt 0.46139700 0.55072700
vt 0.01363100 0.77863000
vt 0.59775000 0.97565800
vt 0.90326800 0.14625500
vt 0.76621500 0.14625500
vt 0.72379800 0.78642800
vt 0.80575300 0.78643000
vt 0.98950600 0.64725200
vt 0.98950500 0.66753800
vt 0.21524100 0.58681400
vt 0.21428400 0.51228600
vt 0.20358300 0.36625600
vt 0.45679500 0.41959300
vt 0.25485200 0.49275700
vt 0.25478200 0.45625200
vt 0.94685600 0.49835300
vt 0.94734600 0.54267200
vt 0.94812200 0.50478000
vt 0.94847200 0.53621900
vt 0.74871700 0.78792600
vt 0.78103700 0.60171300
vt 0.85805400 0.14350300
vt 0.74207100 0.58065000
vt 0.35855500 0.60858700
vt 0.10482900 0.17756300
vt 0.72604300 0.69753800
vt 0.80349600 0.69754100
vt 0.11234800 0.57850300
vt 0.11163300 0.52323900
vt 0.41918900 0.51676000
vt 0.73187100 0.18619600
vt 0.72599300 0.69452900
vt 0.80354500 0.69453200
vt 0.34384100 0.54041800
vt 0.09029000 0.24575900
vt 0.13532600 0.55057100
vt 0.22377000 0.46069100
vt 0.22382300 0.48843600
vt 0.70817600 0.80961800
vt 0.82164500 0.80961800
vt 0.04934100 0.59433800
vt 0.04835200 0.50872700
vt 0.94902200 0.49850200
vt 0.94950900 0.54247600
vt 0.68117900 0.91193100
vt 0.84863300 0.91193400
vt 0.53754600 0.23944900
vt 0.48608500 0.08224800
vt 0.79652700 0.60764000
vt 0.36523500 0.45479200
vt 0.11192200 0.33132500
vt 0.48872500 0.45112600
vt 0.23542000 0.33463000
vt 0.37691200 0.55771400
vt 0.12331400 0.22837400
vt 0.09030200 0.22806600
vt 0.34390200 0.55811000
vt 0.35215900 0.55633800
vt 0.09856400 0.22981500
vt 0.10660900 0.40380100
vt 0.35971300 0.38233200
vt 0.82023800 0.57361900
vt 0.41872200 0.43081700
vt 0.16547700 0.35514400
vt 0.81828700 0.47048200
vt 0.99788200 0.55194900
vt 0.99725900 0.48801500
vt 0.76630400 0.17951700
vt 0.89910900 0.10040500
vt 0.71524900 0.10039200
vt 0.26618600 0.30343900
vt 0.51958100 0.48222700
vt 0.68988200 0.41432100
vt 0.09645100 0.22536400
vt 0.35006000 0.56079500
vt 0.63056000 0.47594900
vt 0.63207700 0.57386700
vt 0.83474100 0.17981500
vt 0.94119300 0.49780300
vt 0.94169300 0.54334500
vt 0.26326200 0.46769900
vt 0.26328800 0.48127700
vt 0.12535800 0.27865900
vt 0.37881800 0.50742200
vt 0.79988400 0.17938300
vt 0.07144200 0.23076700
vt 0.32503400 0.55546300
vt 0.75624500 0.77136900
vt 0.68840500 0.53671900
vt 0.61326700 0.40150600
vt 0.68802000 0.51131200
vt 0.61307100 0.42590300
vt 0.15950100 0.37284500
vt 0.41269400 0.41313400
vt 0.27558900 0.41608700
vt 0.69496500 0.47326800
vt 0.27649400 0.29014900
vt 0.69148100 0.49723100
vt 0.69230200 0.55068700
vt 0.69652800 0.57453000
vt 0.52992900 0.49548700
vt 0.69294500 0.62467200
vt 0.92646000 0.14493200
vt 0.74302400 0.14492900
vt 0.83689100 0.62466700
vt 0.22054300 0.56495500
vt 0.48916600 0.53509400
vt 0.60844900 0.56915600
vt 0.58604400 0.57388700
vt 0.58652400 0.57449900
vt 0.33286000 0.21097300
vt 0.60709100 0.48140600
vt 0.33238300 0.21158600
vt 0.09923200 0.27693700
vt 0.35269600 0.50921500
vt 0.55794100 0.88471000
vt 0.65594100 0.78396300
vt 0.87361100 0.78396300
vt 0.41053300 0.43354100
vt 0.82555900 0.57375800
vt 0.82798000 0.57349000
vt 0.15728000 0.35244400
vt 0.82513500 0.46933400
vt 0.05438100 0.72022500
vt 0.55700200 0.91725300
vt 0.74269200 0.38581000
vt 0.74222600 0.44367800
vt 0.75126300 0.84146900
vt 0.77855500 0.84146900
vt 0.72316700 0.52347600
vt 0.26022300 0.34102300
vt 0.51350900 0.44466000
vt 0.69405100 0.48220700
vt 0.69533600 0.56562400
vt 0.69366100 0.55560100
vt 0.69268800 0.49227600
vt 0.23384800 0.33187100
vt 0.48716100 0.45389000
vt 0.01941800 0.40278100
vt 0.27252800 0.38358900
vt 0.44164600 0.51330900
vt 0.34199100 0.35732500
vt 0.08895500 0.42891700
vt 0.22421700 0.57458300
vt 0.22357000 0.52428400
vt 0.35615300 0.42810100
vt 0.10291600 0.35804300
vt 0.42466700 0.52631300
vt 0.06103600 0.22757400
vt 0.31463500 0.55868700
vt 0.75324400 0.56895100
vt 0.75183600 0.47710000
vt 0.60224300 0.84649800
vt 0.00913300 0.64947200
vt 0.07038500 0.49776000
vt 0.54681300 0.15602500
vt 0.47682600 0.31322300
vt 0.74382700 0.21999000
vt 0.27980100 0.06279600
vt 0.15810800 0.61617100
vt 0.45327300 0.81320100
vt 0.07011100 0.43295400
vt 0.89051500 0.46482100
vt 0.32315600 0.35328700
vt 0.89128500 0.36677900
vt 0.30072700 0.62756800
vt 0.31065500 0.82459300
vt 0.30749000 0.56374000
vt 0.05387900 0.22254200
vt 0.05772700 0.59820600
vt 0.16087900 0.75848500
vt 0.45050000 0.95551200
vt 0.21835200 0.52187600
vt 0.21906200 0.57712300
vt 0.78124400 0.60046800
vt 0.31610800 0.24154000
vt 0.56968300 0.54398000
vt 0.49342900 0.55690700
vt 0.69733300 0.77560700
vt 0.83221900 0.77560800
vt 0.21867600 0.34538400
vt 0.47194900 0.44042100
vt 0.77815300 0.13128600
vt 0.83620000 0.13129100
vt 0.22289700 0.51768100
vt 0.22371100 0.58120000
vt 0.49228300 0.57906400
vt 0.03459400 0.41972200
vt 0.28765900 0.36659500
vt 0.95766300 0.44208700
vt 0.95811000 0.39060600
vt 0.08814700 0.60393400
vt 0.00302900 0.92053800
vt 0.13423700 0.07784100
vt 0.88939300 0.23502500
vt 0.60835200 0.72350900
vt 0.49732600 0.43591100
vt 0.24637700 0.32220500
vt 0.49971800 0.46351900
vt 0.12244600 0.22722300
vt 0.37604600 0.55886700
vt 0.35346400 0.45539200
vt 0.10015000 0.33075900
vt 0.05966400 0.59490300
vt 0.95806300 0.49926000
vt 0.95854000 0.54152800
vt 0.34313800 0.56179800
vt 0.08952600 0.22437900
vt 0.30711100 0.56313300
vt 0.05350100 0.22315000
vt 0.38838400 0.44281600
vt 0.13510500 0.34323400
vt 0.90252900 0.38396000
vt 0.90200600 0.44801700
vt 0.20088500 0.58462900
vt 0.19998800 0.51483900
vt 0.16209800 0.47468100
vt 0.94409600 0.54882200
vt 0.94347600 0.49227300
vt 0.78004300 0.45675600
vt 0.78071600 0.37334400
vt 0.32180300 0.61117800
vt 0.06806600 0.17504100
vt 0.89193600 0.15284400
vt 0.81165000 0.50234000
vt 0.81223300 0.54186800
vt 0.58474500 0.57031200
vt 0.33109300 0.21516500
vt 0.66751300 0.19182100
vt 0.61073100 0.99159700
vt 0.91907600 0.99160600
vt 0.35611100 0.34900600
vt 0.22018300 0.52774100
vt 0.22074300 0.57121300
vt 0.12049400 0.23175800
vt 0.37408200 0.55433600
vt 0.25013200 0.32746500
vt 0.50345800 0.45824800
vt 0.95174300 0.48973300
vt 0.95241400 0.55118400
vt 0.86381000 0.56079300
vt 0.86150400 0.52138800
vt 0.68871400 0.45868800
vt 0.68942800 0.36994100
vt 0.48693600 0.58902000
vt 0.69839000 0.71414000
vt 0.83114800 0.71414000
vt 0.27102100 0.52927300
vt 0.27147300 0.56840500
vt 0.75274600 0.55220100
vt 0.75185100 0.49385800
vt 0.32817600 0.22334400
vt 0.58180400 0.56214100
vt 0.76490900 0.84152900
vt 0.75662300 0.78502800
vt 0.26764600 0.32660000
vt 0.52097400 0.45906200
vt 0.01232500 0.50227600
vt 0.01341500 0.60137000
vt 0.15521700 0.93432900
vt 0.61640000 0.57188100
vt 0.61495200 0.47843100
vt 0.74465900 0.69709600
vt 0.78488000 0.69709600
vt 0.83474100 0.14316000
vt 0.76493200 0.57747900
vt 0.70376100 0.52126700
vt 0.63058800 0.41651200
vt 0.70383700 0.52628100
vt 0.63063100 0.41117700
vt 0.15801200 0.83661400
vt 0.45336700 0.63959100
vt 0.03094700 0.34015200
vt 0.66782700 0.17569800
vt 0.90304400 0.99314600
vt 0.62676300 0.99313800
vt 0.35579800 0.33288300
vt 0.70502600 0.10001200
vt 0.90933100 0.10002100
vt 0.22137400 0.54946500
vt 0.06967400 0.50828300
vt 0.80326400 0.61285200
vt 0.73200400 0.12679300
vt 0.88234600 0.12680900
vt 0.10751700 0.24703200
vt 0.36106300 0.53909800
vt 0.59579500 0.99750800
vt 0.01558700 0.80048100
vt 0.55836800 0.82968900
vt 0.05300700 0.63265900
vt 0.81216200 0.43368500
vt 0.81245800 0.39692900
vt 0.32559400 0.23324100
vt 0.57919300 0.55225100
vt 0.02883500 0.57899400
vt 0.73534800 0.69269600
vt 0.79419100 0.69269800
vt 0.02812900 0.52437200
vt 0.94585300 0.49278400
vt 0.94646100 0.54826000
vt 0.88004500 0.81332900
vt 0.64977300 0.81331800
vt 0.90472700 0.10020100
vt 0.70963100 0.10019000
vt 0.01963500 0.32591100
vt 0.05533200 0.74761200
vt 0.55605000 0.94463900
vt 0.49068000 0.53422100
vt 0.81145900 0.18523600
vt 0.16302500 0.46154000
vt 0.88560600 0.80823000
vt 0.64421200 0.80821900
vt 0.16307500 0.48781900
vt 0.73937400 0.77171300
vt 0.74845100 0.78519700
vt 0.05177600 0.41372100
vt 0.30486200 0.37256300
vt 0.86203800 0.49505200
vt 0.22015500 0.54143500
vt 0.22036400 0.55752400
vt 0.30513800 0.77486500
vt 0.30624100 0.97189000
vt 0.73762500 0.55344500
vt 0.73669800 0.49307800
vt 0.21741800 0.34202300
vt 0.47070200 0.44378500
vt 0.59838700 0.57738600
vt 0.59887900 0.57664100
vt 0.34471500 0.20805200
vt 0.34520900 0.20879500
vt 0.97432100 0.62187300
vt 0.97431900 0.69291600
vt 0.15686100 0.87751300
vt 0.45452000 0.68048700
vt 0.83522800 0.50207800
vt 0.83578400 0.54142300
vt 0.81518600 0.59875300
vt 0.60242900 0.14930200
vt 0.44230200 0.52234500
vt 0.86609000 0.44680200
vt 0.86659200 0.38444900
vt 0.47474400 0.51777400
vt 0.78860100 0.18607200
vt 0.03722000 0.37113100
vt 0.29042100 0.41519300
vt 0.01274500 0.55184700
vt 0.78725200 0.58212800
vt 0.11216100 0.22958000
vt 0.36575600 0.55653700
vt 0.57190900 0.54252200
vt 0.31833800 0.24299200
vt 0.42616700 0.56210900
vt 0.08265400 0.21510900
vt 0.33629400 0.57108100
vt 0.25841700 0.49250800
vt 0.61134400 0.56040800
vt 0.61026200 0.49005900
vt 0.05453700 0.50121000
vt 0.59531900 0.44202300
vt 0.59577700 0.38510200
vt 0.31679300 0.56203100
vt 0.06318400 0.22422400
vt 0.72380100 0.99739800
vt 0.35402300 0.23561800
vt 0.66961000 0.07842300
vt 0.80600600 0.99740100
vt 0.60271600 0.07955500
vt 0.29890200 0.28065400
vt 0.55236400 0.50491600
vt 0.51328200 0.46827800
vt 0.25992700 0.31740600
vt 0.79852600 0.77210100
vt 0.73102500 0.77209600
vt 0.00448300 0.53200400
vt 0.96453300 0.39728000
vt 0.94392400 0.54309000
vt 0.94342800 0.49800900
vt 0.55498200 0.96350100
vt 0.05640000 0.76647300
vt 0.67206200 0.48443000
vt 0.67329100 0.56408700
vt 0.35260700 0.53976500
vt 0.09905800 0.24638800
vt 0.01903500 0.54190500
vt 0.11560300 0.24766500
vt 0.36914900 0.53844300
vt 0.34179000 0.37256500
vt 0.08871000 0.41363500
vt 0.95341700 0.55469400
vt 0.95267400 0.48620300
vt 0.78042800 0.43456300
vt 0.78074300 0.39554000
vt 0.21818600 0.53395100
vt 0.21858900 0.56505600
vt 0.41637000 0.60168800
vt 0.91487300 0.14676700
vt 0.75461000 0.14676700
vt 0.88921000 0.20914600
vt 0.60902500 0.74936700
vt 0.00235600 0.94639500
vt 0.13441800 0.05196100
vt 0.43537200 0.54411700
vt 0.34464300 0.21224300
vt 0.34470600 0.21212800
vt 0.59830300 0.57319500
vt 0.59836600 0.57331000
vt 0.83572200 0.10243700
vt 0.77863600 0.10243200
vt 0.00287700 0.56221500
vt 0.96417900 0.42623400
vt 0.68396400 0.09883700
vt 0.93039300 0.09883900
vt 0.95085500 0.55544300
vt 0.95009400 0.48550700
vt 0.10791800 0.43068100
vt 0.85214600 0.46393000
vt 0.36094600 0.35544900
vt 0.85291600 0.36712400
vt 0.77751600 0.14601400
vt 0.67739000 0.09836400
vt 0.93696800 0.09836400
vt 0.45227800 0.91217500
vt 0.15910100 0.71514700
vt 0.11758100 0.27816000
vt 0.37104200 0.50794200
vt 0.83033400 0.47724400
vt 0.32769500 0.44342300
vt 0.07441500 0.34280000
vt 0.32654100 0.42939900
vt 0.07330100 0.35682700
vt 0.95172000 0.41632900
vt 0.43951000 0.43273800
vt 0.80250900 0.57149800
vt 0.18626000 0.35316200
vt 0.80099300 0.47307600
vt 0.88638100 0.69670500
vt 0.88638300 0.61808100
vt 0.73669400 0.48569400
vt 0.73784800 0.56082500
vt 0.56852700 0.54432200
vt 0.31495100 0.24120200
vt 0.26762000 0.30499000
vt 0.52101100 0.48067200
vt 0.86247200 0.54753800
vt 0.89632700 0.91183200
vt 0.63348500 0.91182400
vt 0.70870200 0.52816900
vt 0.70856600 0.51923100
vt 0.34132300 0.20779700
vt 0.34156700 0.20773500
vt 0.59499600 0.57765000
vt 0.59523900 0.57771200
vt 0.33589400 0.21337800
vt 0.58955100 0.57208500
vt 0.12939700 0.24868900
vt 0.38293900 0.53738100
vt 0.30180800 0.68455400
vt 0.30957000 0.88157900
vt 0.21632900 0.54953000
vt 0.42706700 0.60393200
vt 0.87937000 0.69073400
vt 0.87937100 0.62405100
vt 0.88085700 0.17993200
vt 0.34366500 0.21201100
vt 0.59732500 0.57343000
vt 0.28835300 0.30086300
vt 0.54175600 0.48473800
vt 0.67033800 0.55019100
vt 0.66954500 0.49841100
vt 0.88526400 0.62955800
vt 0.88526300 0.68522700
vt 0.90052700 0.44465200
vt 0.75282600 0.13441300
vt 0.90100600 0.38730500
vt 0.86152700 0.13442400
vt 0.02905500 0.51512900
vt 0.02992500 0.58822600
vt 0.46399300 0.55876800
vt 0.07885000 0.27561400
vt 0.33231700 0.51059600
vt 0.39101200 0.45473200
vt 0.63295300 0.40535100
vt 0.63281600 0.42237400
vt 0.62889500 0.47975400
vt 0.63029300 0.57011800
vt 0.55351000 0.37195700
vt 0.55284700 0.45449100
vt 0.93885900 0.52060400
vt 0.62059000 0.46070600
vt 0.62134500 0.36682700
vt 0.21362100 0.51623600
vt 0.21447700 0.58288300
vt 0.80263600 0.71148900
vt 0.72690300 0.71148500
vt 0.47692300 0.32026800
vt 0.54671600 0.16306900
vt 0.70392400 0.52377200
vt 0.63073300 0.41384500
vt 0.99007600 0.65739500
vt 0.86264200 0.48734000
vt 0.79674700 0.45960500
vt 0.79746300 0.37076300
vt 0.98316200 0.18029400
vt 0.68632200 0.18029500
vt 0.62238800 0.25954400
vt 0.40124300 0.10234300
vt 0.66971300 0.06055600
vt 0.78814500 0.99796900
vt 0.21872000 0.51820400
vt 0.21952400 0.58078400
vt 0.94910700 0.39396400
vt 0.33842100 0.20985000
vt 0.59208800 0.57560600
vt 0.91386000 0.69553500
vt 0.91386100 0.61925200
vt 0.40108900 0.16905300
vt 0.62254400 0.32625300
vt 0.22518200 0.56466400
vt 0.22478500 0.53417400
vt 0.74378700 0.10135000
vt 0.87057200 0.10136200
vt 0.84663000 0.13598800
vt 0.91593300 0.38898600
vt 0.91546900 0.44317800
vt 0.76772200 0.13597900
vt 0.94702400 0.69553500
vt 0.94702600 0.61925300
vt 0.21332100 0.52024000
vt 0.21407500 0.57888700
vt 0.69719700 0.69601200
vt 0.06069000 0.59279600
vt 0.73169800 0.14684000
vt 0.93778400 0.14684200
vt 0.87080900 0.65739300
vt 0.26468400 0.43302600
vt 0.25873400 0.36238700
vt 0.01157400 0.50090700
vt 0.00573400 0.42406800
vt 0.01268800 0.60275200
vt 0.64980000 0.41399800
vt 0.95205900 0.55516500
vt 0.95130400 0.48576000
vt 0.66839100 0.50640100
vt 0.59286100 0.42996700
vt 0.66893500 0.54224100
vt 0.59312600 0.39711800
vt 0.97794700 0.65739500
vt 0.24468900 0.45136500
vt 0.24477800 0.49768100
vt 0.59853500 0.36743100
vt 0.59779400 0.45973700
vt 0.70247400 0.52900200
vt 0.62872800 0.40852800
vt 0.70231600 0.51858900
vt 0.62864300 0.41912900
vt 0.62636400 0.91122400
vt 0.90344800 0.91123300
vt 0.34287600 0.50989100
vt 0.08941000 0.27628900
vt 0.59661500 0.38050500
vt 0.59608300 0.44663300
vt 0.23260500 0.52214900
vt 0.23330100 0.57649000
vt 0.34193300 0.36156100
vt 0.08888400 0.42467400
vt 0.26271600 0.39957800
vt 0.68691000 0.69872200
vt 0.92464900 0.52076200
vt 0.74888700 0.60189600
vt 0.78083900 0.78771800
vt 0.53774700 0.31146000
vt 0.48588500 0.15426000
vt 0.16010000 0.40267600
vt 0.41320600 0.38330000
vt 0.22846700 0.37307100
vt 0.48165900 0.41270500
vt 0.01011100 0.60977400
vt 0.60126200 0.80680100
vt 0.16866100 0.48773800
vt 0.16861100 0.46159900
vt 0.92737600 0.38699900
vt 0.92687900 0.44528500
vt 0.31726800 0.47862000
vt 0.06389000 0.30763100
vt 0.22618400 0.51884500
vt 0.22696700 0.57995400
vt 0.37587400 0.45446500
vt 0.12256300 0.33162200
vt 0.32443500 0.39650300
vt 0.07128800 0.38973100
vt 0.64213600 0.41393700
vt 0.48449500 0.54836000
vt 0.74310100 0.17970500
vt 0.98323300 0.69224100
vt 0.98323500 0.62254900
vt 0.00891600 0.35336000
vt 0.08887900 0.60556800
vt 0.77483400 0.69262800
vt 0.02182000 0.54205700
vt 0.75471600 0.69259600
vt 0.02205600 0.56139400
vt 0.77218800 0.13641900
vt 0.91993000 0.44228400
vt 0.84216400 0.13642600
vt 0.92039000 0.38993300
vt 0.54651200 0.04962900
vt 0.47711900 0.20682400
vt 0.94915700 0.53622600
vt 0.94880600 0.50475800
vt 0.29488400 0.56577700
vt 0.22477300 0.51563000
vt 0.04126900 0.22053700
vt 0.22563800 0.58320300
vt 0.32645200 0.21880000
vt 0.32680200 0.21734600
vt 0.61132800 0.47482700
vt 0.58009300 0.56669000
vt 0.58044700 0.56814300
vt 0.61289100 0.57559800
vt 0.72285700 0.10065300
vt 0.60551300 0.62687200
vt 0.88952200 0.33177400
vt 0.00586500 0.82389800
vt 0.13411300 0.17458900
vt 0.29679100 0.27901100
vt 0.55025800 0.50656500
vt 0.31794200 0.56533100
vt 0.06432400 0.22092100
vt 0.90318900 0.18627900
vt 0.46018100 0.60756800
vt 0.02143800 0.42487700
vt 0.27446300 0.36137900
vt 0.22360900 0.44917400
vt 0.22370600 0.49995300
vt 0.82136900 0.80428500
vt 0.22350900 0.44598100
vt 0.70845400 0.80428500
vt 0.22361800 0.50314700
vt 0.34323600 0.56118200
vt 0.08962700 0.22499600
vt 0.33785200 0.21586300
vt 0.59150100 0.56959500
vt 0.95968600 0.40705800
vt 0.83532700 0.52175000
vt 0.00195300 0.40010400
vt 0.03802700 0.60416700
vt 0.03690400 0.49906200
vt 0.25507200 0.38633300
vt 0.03004500 0.50373600
vt 0.03110200 0.59960200
vt 0.26638400 0.32519300
vt 0.51971600 0.46047300
vt 0.21651100 0.51707500
vt 0.21734400 0.58196900
vt 0.78912200 0.60346500
vt 0.83760800 0.37179000
vt 0.83689900 0.45922300
vt 0.59904600 0.95794300
vt 0.01233600 0.76091600
vt 0.11488400 0.50357400
vt 0.87917700 0.44442800
vt 0.73155400 0.13181700
vt 0.87966200 0.38717000
vt 0.88280000 0.13183400
vt 0.83810800 0.43523900
vt 0.83842500 0.39579400
vt 0.86197400 0.53895400
vt 0.34216700 0.21495000
vt 0.59581800 0.57049500
vt 0.68548600 0.84094200
vt 0.84433000 0.84095200
vt 0.85802300 0.17989400
vt 0.70735700 0.78813800
vt 0.00919800 0.65985000
vt 0.60217900 0.85687600
vt 0.01777600 0.58012900
vt 0.01705200 0.52344400
vt 0.31387600 0.55598100
vt 0.06028400 0.23028200
vt 0.00900600 0.57172000
vt 0.10805700 0.42752700
vt 0.36108200 0.35859900
vt 0.81944400 0.51200500
vt 0.81973300 0.53196100
vt 0.68800100 0.67895600
vt 0.84173200 0.67896000
vt 0.72991700 0.51252600
vt 0.73025000 0.53421400
vt 0.00410800 0.59921000
vt 0.95512600 0.46026300
vt 0.00305800 0.50460100
vt 0.95582500 0.37242200
vt 0.81145800 0.17909700
vt 0.94620600 0.65739400
vt 0.24642900 0.35408700
vt 0.49967700 0.43163600
vt 0.25166100 0.49591500
vt 0.25157900 0.45310500
vt 0.11692200 0.49917700
vt 0.27127700 0.46044400
vt 0.67467300 0.18039100
vt 0.99480500 0.18039100
vt 0.94742300 0.50479800
vt 0.94777300 0.53621700
vt 0.84744800 0.37876100
vt 0.84685100 0.45241400
vt 0.07217700 0.37276600
vt 0.32537200 0.41346400
vt 0.20049300 0.51048900
vt 0.20150100 0.58896500
vt 0.32656900 0.56114100
vt 0.07296100 0.22508400
vt 0.27073800 0.44685400
vt 0.13720900 0.50460200
vt 0.26556100 0.41678200
vt 0.53770100 0.30325000
vt 0.48593100 0.14605000
vt 0.80921200 0.61895800
vt 0.72063500 0.61901700
vt 0.77119600 0.56522800
vt 0.76989500 0.48027300
vt 0.58474500 0.56593100
vt 0.33110600 0.21954600
vt 0.02848000 0.60170700
vt 0.02738700 0.50167600
vt 0.94753100 0.70272300
vt 0.00264700 0.68829600
vt 0.94753300 0.61206500
vt 0.60873500 0.88532200
vt 0.70786000 0.67374200
vt 0.87024700 0.80011500
vt 0.82188200 0.67370900
vt 0.65930500 0.80011500
vt 0.74259800 0.58228400
vt 0.85717700 0.78018500
vt 0.67237400 0.78018900
vt 0.82903700 0.10259800
vt 0.78532100 0.10259300
vt 0.09622900 0.22474400
vt 0.34983900 0.56141500
vt 0.15760000 0.65153800
vt 0.45378100 0.84856800
vt 0.21933900 0.51586800
vt 0.22020200 0.58310400
vt 0.76341900 0.42466600
vt 0.76357600 0.40516100
vt 0.00842300 0.54172900
vt 0.07040500 0.41386200
vt 0.32349100 0.37237700
vt 0.45556500 0.54460800
vt 0.78153800 0.10250600
vt 0.83282000 0.10251100
vt 0.36959900 0.56007700
vt 0.11599500 0.22603000
vt 0.93842100 0.50502200
vt 0.93876300 0.53619100
vt 0.37530000 0.56009800
vt 0.12169600 0.22599400
vt 0.53505800 0.38313100
vt 0.53457600 0.44302300
vt 0.27874200 0.29225000
vt 0.53217000 0.49337900
vt 0.31733200 0.56320500
vt 0.06372000 0.22304800
vt 0.05474800 0.27416400
vt 0.30821900 0.51211300
vt 0.58671200 0.56066600
vt 0.58708100 0.56079000
vt 0.33308800 0.22480500
vt 0.33345700 0.22468000
vt 0.74514700 0.71097200
vt 0.78439100 0.71097100
vt 0.44861900 0.60923300
vt 0.91475800 0.18631600
vt 0.75165200 0.81022800
vt 0.77816700 0.81022800
vt 0.77492200 0.69404500
vt 0.13279800 0.23539800
vt 0.94127100 0.47915400
vt 0.38637700 0.55066400
vt 0.94217900 0.56198300
vt 0.48567400 0.16849600
vt 0.53796000 0.32569600
vt 0.76994300 0.48594900
vt 0.77107100 0.55955300
vt 0.08193300 0.59180700
vt 0.94732300 0.51233900
vt 0.94750500 0.52867900
vt 0.74300400 0.14708600
vt 0.92647900 0.14708900
vt 0.11599200 0.59782500
vt 0.59814600 0.46405500
vt 0.30112400 0.28221200
vt 0.59895700 0.36311800
vt 0.55458200 0.50335200
vt 0.18152100 0.45148400
vt 0.18160900 0.49780400
vt 0.30503000 0.56066000
vt 0.05142700 0.22562800
vt 0.93230900 0.12389700
vt 0.83851000 0.40872900
vt 0.68205600 0.12389600
vt 0.83840100 0.42230600
vt 0.42131600 0.32346100
vt 0.60232800 0.16626700
vt 0.04463600 0.50560600
vt 0.04566500 0.59751100
vt 0.59803100 0.46232500
vt 0.59881400 0.36484700
vt 0.56460700 0.52395800
vt 0.31109000 0.26157700
vt 0.82955600 0.38633100
vt 0.82908600 0.44455600
vt 0.12136500 0.22539800
vt 0.37497000 0.56069500
vt 0.42098700 0.21252100
vt 0.60264200 0.05533100
vt 0.89384400 0.52109800
vt 0.21692300 0.51474900
vt 0.21781500 0.58428500
vt 0.94867600 0.54776300
vt 0.94807700 0.49323300
vt 0.07020100 0.42518200
vt 0.35783500 0.41260100
vt 0.10464200 0.37353800
vt 0.72846700 0.84093200
vt 0.80135000 0.84093300
vt 0.96008800 0.15300900
vt 0.70939200 0.15300700
vt 0.94542500 0.52053100
vt 0.32182000 0.22960400
vt 0.32180200 0.22975200
vt 0.57541100 0.55575100
vt 0.57543000 0.55590000
vt 0.04500800 0.22325200
vt 0.29861600 0.56305300
vt 0.94537000 0.48407300
vt 0.94616600 0.55697800
vt 0.46812900 0.52737700
vt 0.91392800 0.62960500
vt 0.91392700 0.68518100
vt 0.65246900 0.43616000
vt 0.65282500 0.39188300
vt 0.14517200 0.42453100
vt 0.81378300 0.46218600
vt 0.39821400 0.36149000
vt 0.81453900 0.36845800
vt 0.27104700 0.52547800
vt 0.27160000 0.57219800
vt 0.80717700 0.13775600
vt 0.94014500 0.41620400
vt 0.90125100 0.12922400
vt 0.86116000 0.38881800
vt 0.86073000 0.44258900
vt 0.71310800 0.12921400
vt 0.93760900 0.18533000
vt 0.42569400 0.60760400
vt 0.84973500 0.38697100
vt 0.84927500 0.44424600
vt 0.11445700 0.23392100
vt 0.36804000 0.55219000
vt 0.38542600 0.42947900
vt 0.13218500 0.35657900
vt 0.90329900 0.14408700
vt 0.70613200 0.60591800
vt 0.82374100 0.60588800
vt 0.76618400 0.14408300
vt 0.19964700 0.51918300
vt 0.20043200 0.58029600
vt 0.42876500 0.57015200
vt 0.98899600 0.62863500
vt 0.98899500 0.68615500
vt 0.93376700 0.46067200
vt 0.93441600 0.37331300
vt 0.44341000 0.54151800
vt 0.06998100 0.50435000
vt 0.17413700 0.38878700
vt 0.42728300 0.39714800
vt 0.40128900 0.08163900
vt 0.62234100 0.23884000
vt 0.30041800 0.56528000
vt 0.04680400 0.22102000
vt 0.09894200 0.23257300
vt 0.35253000 0.55357900
vt 0.69177100 0.68966500
vt 0.83794100 0.68966200
vt 0.95048200 0.52870400
vt 0.95029700 0.51224800
vt 0.04174600 0.60062600
vt 0.04067500 0.50254700
vt 0.30776600 0.93921100
vt 0.30361300 0.74218600
vt 0.08558000 0.50108000
vt 0.76477900 0.78759500
vt 0.76495100 0.59945500
vt 0.22034100 0.52285800
vt 0.22102500 0.57609000
vt 0.69009200 0.09924700
vt 0.92426600 0.09925100
vt 0.61070800 0.55764900
vt 0.60971400 0.49283600
vt 0.19910700 0.53371300
vt 0.71123100 0.63319600
vt 0.21396400 0.51386600
vt 0.21488100 0.58524300
vt 0.25887900 0.48129000
vt 0.25885300 0.46770300
vt 0.81199300 0.51221000
vt 0.81228300 0.53199000
vt 0.81220200 0.52209900
vt 0.86962800 0.15292100
vt 0.05321500 0.49894000
vt 0.76258200 0.45942900
vt 0.76330000 0.37038900
vt 0.75340100 0.53303400
vt 0.75309400 0.51299400
vt 0.79987500 0.18555700
vt 0.48369200 0.52488800
vt 0.05454400 0.22140200
vt 0.30815800 0.56487800
vt 0.86844100 0.72058600
vt 0.66110000 0.72059200
vt 0.30003900 0.56473500
vt 0.04642700 0.22156600
vt 0.00444400 0.51576100
vt 0.96185900 0.38179700
vt 0.00529400 0.58802700
vt 0.96129200 0.45099400
vt 0.84214500 0.80494600
vt 0.20256200 0.44606000
vt 0.68767600 0.80493600
vt 0.20267100 0.50314700
vt 0.13374900 0.31155200
vt 0.23280600 0.51791000
vt 0.23360800 0.58072300
vt 0.00647500 0.77926600
vt 0.86629800 0.67883800
vt 0.60490600 0.97629400
vt 0.86629900 0.63594700
vt 0.57760600 0.55529100
vt 0.32399800 0.23020600
vt 0.70630400 0.53252700
vt 0.70603600 0.51494900
vt 0.47678600 0.26011800
vt 0.54684100 0.10292400
vt 0.82465000 0.66603700
vt 0.70510700 0.66606500
vt 0.61809500 0.38828300
vt 0.61768600 0.43920100
vt 0.59012100 0.56215800
vt 0.53397300 0.37106500
vt 0.33649300 0.22330400
vt 0.53329900 0.45507000
vt 0.84315400 0.51223800
vt 0.84340200 0.53104000
vt 0.95133700 0.42462400
vt 0.36482800 0.60823800
vt 0.11109800 0.17790000
vt 0.45308700 0.88379100
vt 0.15829100 0.68676300
vt 0.92895000 0.43875100
vt 0.78161200 0.13720700
vt 0.92936600 0.39355400
vt 0.83273900 0.13721100
vt 0.33841100 0.21699800
vt 0.59205700 0.56845700
vt 0.94871700 0.55608600
vt 0.94794200 0.48491000
vt 0.64766100 0.78597400
vt 0.88189300 0.78597300
vt 0.06716200 0.27489800
vt 0.32063200 0.51134400
vt 0.63355000 0.43563000
vt 0.63390000 0.39210800
vt 0.70382400 0.12307300
vt 0.91054100 0.12308100
vt 0.95105700 0.49373200
vt 0.95164400 0.54720000
vt 0.01555100 0.57141800
vt 0.22474500 0.51678600
vt 0.22558100 0.58204900
vt 0.64269900 0.72496000
vt 0.88684100 0.72495600
vt 0.77171100 0.80491500
vt 0.26444500 0.46761200
vt 0.26447100 0.48135900
vt 0.75810900 0.80491500
vt 0.89930700 0.81224000
vt 0.63051100 0.81222900
vt 0.11563900 0.22541500
vt 0.36924500 0.56069300
vt 0.05295300 0.38917300
vt 0.30610200 0.39710700
vt 0.87138000 0.64725000
vt 0.87137900 0.66753500
vt 0.76493000 0.57919400
vt 0.27179300 0.57803000
vt 0.27109000 0.51964300
vt 0.36770700 0.44154300
vt 0.11443200 0.34456700
vt 0.85240500 0.70323700
vt 0.05459700 0.37199000
vt 0.30779500 0.41428700
vt 0.37338700 0.47506000
vt 0.12001700 0.31103400
vt 0.29130100 0.54343600
vt 0.03774300 0.24288800
vt 0.42202400 0.59352200
vt 0.80232400 0.52225500
vt 0.67652100 0.99542100
vt 0.35456200 0.28298400
vt 0.66908800 0.12579000
vt 0.85328700 0.99542600
vt 0.57604900 0.36343300
vt 0.57524700 0.46337400
vt 0.93185800 0.11986400
vt 0.68250600 0.11986300
vt 0.67230500 0.55932800
vt 0.67122600 0.48921700
vt 0.07270700 0.22586000
vt 0.32631300 0.56036500
vt 0.67588200 0.11921800
vt 0.93848200 0.11921700
vt 0.42084900 0.22686100
vt 0.60277900 0.06967100
vt 0.06188300 0.22628200
vt 0.31548600 0.55997700
vt 0.89400800 0.49639000
vt 0.89452500 0.54582600
vt 0.83550700 0.53159000
vt 0.83523400 0.51191100
vt 0.74388100 0.22776500
vt 0.27974700 0.07057100
vt 0.11754100 0.22833300
vt 0.37113900 0.55777000
vt 0.05433700 0.60387500
vt 0.87871200 0.79929500
vt 0.65084000 0.79929500
vt 0.92491500 0.54436600
vt 0.92440400 0.49715500
vt 0.22205200 0.54945600
vt 0.62187100 0.57779000
vt 0.62023300 0.47235200
vt 0.47250300 0.52107700
vt 0.42701300 0.56627700
vt 0.74341600 0.19527100
vt 0.28021100 0.03807700
vt 0.10779200 0.42351600
vt 0.36083200 0.36261000
vt 0.94662800 0.48841600
vt 0.94732900 0.55261000
vt 0.90073100 0.71112600
vt 0.62880800 0.71113200
vt 0.84002700 0.63538100
vt 0.68978800 0.63538000
vt 0.21650300 0.56513700
vt 0.21609900 0.53392300
vt 0.46090700 0.57092700
vt 0.57860100 0.56243400
vt 0.57868800 0.56315000
vt 0.32497300 0.22306000
vt 0.32505700 0.22234500
vt 0.83474000 0.15220900
vt 0.92621600 0.12475500
vt 0.84029800 0.40259700
vt 0.84009100 0.42846700
vt 0.68815000 0.12475100
vt 0.78898900 0.78810600
vt 0.74115500 0.60478300
vt 0.22259700 0.53411200
vt 0.22299600 0.56478200
vt 0.11096100 0.22814600
vt 0.36455900 0.55797400
vt 0.76476900 0.71083300
vt 0.00311200 0.60323000
vt 0.95189100 0.46290900
vt 0.00929100 0.43289200
vt 0.00195300 0.50072500
vt 0.95262600 0.36992500
vt 0.26230600 0.35353900
vt 0.60895500 0.47785700
vt 0.32962100 0.21464000
vt 0.58327400 0.57084100
vt 0.61042400 0.57264500
vt 0.99666700 0.51230100
vt 0.99679300 0.52770000
vt 0.35662500 0.56043700
vt 0.10301900 0.22570500
vt 0.34333000 0.56058900
vt 0.08972200 0.22558800
vt 0.25936200 0.33993800
vt 0.51265100 0.44574800
vt 0.55739700 0.46312300
vt 0.27970700 0.07959300
vt 0.74392200 0.23678700
vt 0.14414200 0.40817600
vt 0.39723200 0.37784700
vt 0.94355300 0.50486300
vt 0.94390000 0.53623700
vt 0.56986300 0.39006000
vt 0.56948800 0.43665100
vt 0.78052400 0.42480900
vt 0.78068100 0.40529400
vt 0.03556900 0.42973300
vt 0.28863800 0.35657200
vt 0.25343400 0.45168400
vt 0.79118100 0.80453600
vt 0.73863900 0.80453600
vt 0.25352100 0.49732900
vt 0.97528200 0.61646000
vt 0.60934400 0.85714700
vt 0.00203400 0.66012200
vt 0.97528000 0.69832900
vt 0.00458700 0.41127100
vt 0.25766400 0.37516800
vt 0.30891500 0.25956300
vt 0.56243800 0.52597800
vt 0.81399300 0.78719500
vt 0.71555900 0.78719100
vt 0.55741300 0.52927800
vt 0.30388000 0.25627800
vt 0.78874600 0.60465100
vt 0.74056400 0.78820000
vt 0.58806200 0.56789200
vt 0.33441700 0.21757500
vt 0.25761700 0.40031300
vt 0.84220300 0.10225700
vt 0.93281600 0.45310500
vt 0.93340200 0.37972900
vt 0.72551500 0.57170400
vt 0.50860500 0.47408400
vt 0.72403200 0.47519800
vt 0.25523300 0.31161300
vt 0.82036800 0.68183100
vt 0.70935900 0.68186700
vt 0.82309200 0.67414200
vt 0.70664900 0.67417300
vt 0.67340900 0.47556200
vt 0.67491400 0.57290800
vt 0.21302500 0.53393200
vt 0.21342800 0.56520800
vt 0.55063700 0.38051500
vt 0.55011200 0.44588700
vt 0.08948800 0.22282000
vt 0.34310400 0.56335800
vt 0.82187900 0.64100300
vt 0.70792600 0.64103700
vt 0.84458600 0.44236400
vt 0.84501600 0.38877500
vt 0.63779100 0.40166700
vt 0.63759400 0.42613500
vt 0.24726800 0.35556800
vt 0.50051100 0.43015400
vt 0.94734700 0.52051000
vt 0.11531300 0.21673300
vt 0.36894300 0.56937800
vt 0.30251100 0.70915800
vt 0.30886800 0.90618300
vt 0.78860600 0.52247000
vt 0.26260100 0.37435100
vt 0.00952700 0.41206600
vt 0.11376600 0.56957300
vt 0.11328300 0.53213100
vt 0.74268000 0.37803500
vt 0.74208900 0.45145200
vt 0.28507100 0.54387200
vt 0.20069500 0.50917200
vt 0.03151300 0.24246800
vt 0.20173800 0.59027600
vt 0.25267700 0.33102000
vt 0.50599200 0.45468500
vt 0.94945600 0.49346200
vt 0.95004900 0.54750400
vt 0.03554300 0.22614500
vt 0.21895700 0.58682100
vt 0.28914500 0.56018400
vt 0.21800000 0.51218500
vt 0.99749800 0.54459600
vt 0.99704000 0.49537600
vt 0.33085800 0.61044900
vt 0.07713000 0.17576000
vt 0.27171000 0.30940600
vt 0.52508800 0.47624300
vt 0.26217800 0.35719800
vt 0.00922700 0.42924600
vt 0.30636000 0.56216700
vt 0.05275300 0.22411700
vt 0.84277600 0.13075200
vt 0.77157700 0.13074500
vt 0.65161000 0.99453600
vt 0.35514000 0.30794500
vt 0.66847600 0.15076000
vt 0.87819700 0.99454300
vt 0.00226100 0.38543900
vt 0.05360900 0.60551500
vt 0.75740800 0.91352200
vt 0.77240300 0.91352300
vt 0.27184400 0.57969500
vt 0.27109800 0.51797700
vt 0.45549500 0.42589900
vt 0.20226400 0.35995400
vt 0.16256800 0.46789100
vt 0.16259400 0.48146900
vt 0.05666300 0.50452200
vt 0.02343300 0.30513100
vt 0.27681900 0.48123200
vt 0.48045000 0.54011200
vt 0.84665600 0.43712300
vt 0.69843000 0.12664800
vt 0.84700000 0.39405000
vt 0.91593500 0.12665400
vt 0.35779600 0.55833700
vt 0.10419500 0.22780200
vt 0.88981300 0.91218600
vt 0.63999900 0.91217900
vt 0.87954000 0.80820700
vt 0.16641500 0.45626200
vt 0.65027800 0.80819600
vt 0.16648600 0.49308300
vt 0.40110500 0.15454500
vt 0.62252800 0.31174400
vt 0.89418000 0.53767500
vt 0.89382400 0.50453200
vt 0.87350200 0.37048500
vt 0.87280500 0.45995900
vt 0.82308900 0.15247400
vt 0.12320600 0.17854000
vt 0.37694300 0.60756200
vt 0.34142700 0.45612300
vt 0.08811100 0.33006200
vt 0.86387700 0.47705400
vt 0.04485000 0.21170000
vt 0.29848600 0.57460700
vt 0.31707300 0.56263100
vt 0.06346300 0.22362300
vt 0.00987900 0.59422700
vt 0.00891500 0.50948200
vt 0.21322800 0.54957000
vt 0.92462600 0.44086900
vt 0.77696300 0.13688300
vt 0.92507200 0.39139100
vt 0.83738900 0.13688900
vt 0.30080200 0.63606200
vt 0.31058000 0.83308700
vt 0.10415800 0.60466300
vt 0.01387800 0.33951600
vt 0.39997900 0.54263200
vt 0.40304100 0.58460300
vt 0.45682900 0.59677800
vt 0.23207800 0.54136700
vt 0.23228700 0.55728200
vt 0.05247300 0.49733000
vt 0.25559600 0.40097900
vt 0.09805100 0.59470500
vt 0.84505000 0.55759200
vt 0.15918700 0.38403100
vt 0.41234700 0.40194800
vt 0.70934600 0.52368900
vt 0.24848900 0.48135600
vt 0.24846300 0.46767700
vt 0.22559200 0.58038600
vt 0.22479900 0.51844700
vt 0.28430000 0.44618600
vt 0.30089100 0.64364900
vt 0.31049100 0.84067400
vt 0.95944800 0.41642300
vt 0.40783500 0.59479300
vt 0.40323000 0.53184700
vt 0.01793800 0.55176800
vt 0.22242000 0.58189300
vt 0.22158800 0.51702200
vt 0.86535500 0.78202200
vt 0.66419600 0.78202100
vt 0.08181700 0.22865100
vt 0.33541500 0.55754800
vt 0.97170800 0.14625100
vt 0.69777200 0.14624900
vt 0.02083800 0.55172700
vt 0.76477000 0.69253800
vt 0.34566500 0.20501100
vt 0.60334100 0.49358400
vt 0.52666700 0.43918600
vt 0.34832700 0.20927500
vt 0.59934500 0.58042300
vt 0.60199500 0.57615200
vt 0.52708800 0.38684000
vt 0.60431500 0.55710400
vt 0.95089600 0.55163400
vt 0.95021600 0.48931500
vt 0.69447400 0.62544400
vt 0.83536000 0.62543700
vt 0.10683700 0.23322200
vt 0.36042200 0.55291000
vt 0.92277300 0.39054900
vt 0.83976700 0.13667200
vt 0.92231800 0.44169100
vt 0.77458400 0.13666600
vt 0.22229400 0.51560200
vt 0.22316200 0.58329500
vt 0.85638500 0.44579300
vt 0.85686900 0.38553500
vt 0.45296600 0.51329800
vt 0.74775700 0.77149000
vt 0.77305700 0.59997100
vt 0.75677500 0.78774200
vt 0.93542500 0.43341400
vt 0.78966700 0.13759400
vt 0.82468400 0.13759500
vt 0.93576100 0.39896900
vt 0.30161500 0.61289000
vt 0.04785600 0.17338800
vt 0.00754400 0.42432600
vt 0.26054100 0.36212100
vt 0.30487800 0.25682400
vt 0.55840900 0.52872900
vt 0.58902700 0.56567800
vt 0.33538900 0.21978600
vt 0.94869500 0.18006100
vt 0.22364100 0.50209600
vt 0.22353600 0.44703100
vt 0.44836200 0.60534000
vt 0.17364000 0.37986100
vt 0.42681300 0.40607600
vt 0.54677500 0.05821900
vt 0.47685600 0.21541300
vt 0.60246100 0.04696800
vt 0.42116700 0.20415900
vt 0.27744800 0.29104000
vt 0.53087900 0.49459300
vt 0.79775600 0.58610700
vt 0.59000200 0.57731500
vt 0.60654900 0.56513600
vt 0.33633100 0.20814700
vt 0.60531900 0.48548500
vt 0.12543800 0.40245600
vt 0.37854500 0.38362100
vt 0.75369000 0.52300700
vt 0.86276300 0.79554100
vt 0.66678800 0.79554100
vt 0.59985500 0.57101900
vt 0.60052400 0.57170300
vt 0.52884100 0.38256400
vt 0.34620200 0.21441500
vt 0.34686800 0.21372900
vt 0.52835100 0.44349000
vt 0.22415500 0.52090700
vt 0.22488600 0.57794400
vt 0.42925400 0.54995000
vt 0.93417400 0.39070400
vt 0.93372600 0.44165900
vt 0.64834300 0.70622900
vt 0.88119600 0.70622400
vt 0.97562300 0.62956000
vt 0.97562100 0.68522900
vt 0.03782900 0.30600800
vt 0.29121200 0.48031600
vt 0.46314900 0.55460000
vt 0.94577400 0.53622800
vt 0.94542600 0.50483000
vt 0.86326200 0.48144700
vt 0.53766200 0.28275600
vt 0.48597000 0.12555400
vt 0.72066700 0.15315100
vt 0.94881400 0.15315500
vt 0.12169900 0.23459200
vt 0.37528000 0.55150000
vt 0.61459400 0.43017800
vt 0.61485900 0.39725600
vt 0.00649700 0.36914800
vt 0.93775600 0.14468200
vt 0.68817000 0.63479500
vt 0.73172700 0.14467900
vt 0.84164600 0.63479900
vt 0.00560800 0.83181100
vt 0.13406900 0.16666800
vt 0.60577000 0.63478500
vt 0.88956500 0.32385300
vt 0.89132200 0.37052400
vt 0.89062700 0.46109900
vt 0.93816400 0.36989800
vt 0.27660300 0.35300700
vt 0.93744500 0.46453800
vt 0.02364100 0.43311700
vt 0.42101900 0.52019100
vt 0.00615100 0.81536400
vt 0.13419200 0.18313100
vt 0.60522700 0.61833700
vt 0.88944300 0.34031600
vt 0.79466900 0.10274400
vt 0.81968900 0.10275000
vt 0.93734300 0.39345200
vt 0.93693300 0.43895400
vt 0.48512200 0.58777500
vt 0.03425300 0.41332200
vt 0.28733300 0.37299800
vt 0.87296500 0.81284700
vt 0.65685300 0.81283600
vt 0.45263600 0.51548300
vt 0.81193200 0.41530400
vt 0.30254400 0.55638500
vt 0.04895200 0.22990900
vt 0.11354800 0.59295300
vt 0.24801200 0.32449600
vt 0.50134600 0.46122300
vt 0.58584800 0.56403100
vt 0.33221500 0.22144300
vt 0.13431800 0.19182100
vt 0.00644900 0.80667900
vt 0.60492900 0.60965300
vt 0.88931800 0.34900600
vt 0.73757100 0.50218500
vt 0.73821700 0.54431500
vt 0.62242200 0.34318100
vt 0.40121200 0.18598200
vt 0.33992700 0.21124600
vt 0.59358900 0.57420500
vt 0.49567200 0.55672800
vt 0.91501100 0.12232900
vt 0.69935400 0.12232200
vt 0.91914500 0.44669400
vt 0.91965500 0.38551600
vt 0.79462800 0.13769100
vt 0.93804700 0.42894000
vt 0.81972300 0.13769000
vt 0.93832100 0.40346900
vt 0.10269600 0.53205500
vt 0.10318200 0.56992900
vt 0.08861900 0.40434800
vt 0.34172500 0.38184500
vt 0.84489700 0.47966900
vt 0.08840400 0.37336000
vt 0.34159700 0.41282600
vt 0.10890900 0.21651100
vt 0.36253900 0.56961400
vt 0.57463500 0.36917700
vt 0.57392400 0.45760800
vt 0.27751700 0.31532300
vt 0.53087800 0.47031000
vt 0.81847600 0.37265700
vt 0.81778700 0.45805100
vt 0.04269300 0.22096800
vt 0.29630700 0.56534200
vt 0.76624200 0.15301000
vt 0.90324000 0.15301000
vt 0.47684100 0.28285800
vt 0.54678500 0.12566600
vt 0.96011800 0.14404900
vt 0.68371100 0.65647300
vt 0.84606400 0.65648500
vt 0.70936300 0.14404700
vt 0.86502600 0.65739200
vt 0.92565700 0.12064000
vt 0.68870700 0.12063600
vt 0.59329200 0.56485400
vt 0.59370100 0.56508900
vt 0.53206400 0.37468500
vt 0.33965700 0.22059800
vt 0.34006400 0.22036200
vt 0.53144700 0.45142000
vt 0.38444900 0.45450700
vt 0.06944700 0.51068300
vt 0.84277400 0.69711700
vt 0.05969200 0.50997200
vt 0.83236100 0.69585000
vt 0.01356000 0.42937100
vt 0.74164500 0.45920500
vt 0.74236100 0.37027600
vt 0.59700900 0.56818000
vt 0.53030400 0.37884600
vt 0.34336400 0.21726200
vt 0.52975500 0.44723000
vt 0.95924500 0.39830200
vt 0.34146400 0.42860400
vt 0.08822600 0.35758100
vt 0.81209400 0.40605700
vt 0.81194500 0.42455200
vt 0.84805400 0.57193700
vt 0.39593000 0.45496900
vt 0.81406200 0.45408300
vt 0.81468700 0.37656500
vt 0.64529900 0.49865900
vt 0.64609400 0.55070400
vt 0.65832500 0.70693100
vt 0.87121500 0.70692600
vt 0.32365900 0.54172200
vt 0.07010600 0.24451200
vt 0.54806900 0.38996700
vt 0.62489900 0.55229000
vt 0.62406600 0.49774300
vt 0.54769500 0.43639600
vt 0.30077600 0.45878300
vt 0.04745300 0.32751400
vt 0.69689100 0.70031000
vt 0.84639300 0.15205900
vt 0.20272100 0.46766300
vt 0.20274700 0.48154400
vt 0.80177000 0.50272800
vt 0.80235500 0.54179600
vt 0.69684900 0.69734200
vt 0.19930800 0.55776900
vt 0.19910100 0.54173100
vt 0.64679800 0.55423600
vt 0.64589100 0.49510700
vt 0.17030200 0.58718600
vt 0.16934900 0.51306900
vt 0.60398900 0.98677100
vt 0.86382400 0.64609800
vt 0.00739300 0.78974300
vt 0.86382300 0.66868700
vt 0.27957400 0.12571700
vt 0.74405700 0.28291100
vt 0.33727800 0.21486900
vt 0.59093000 0.57059000
vt 0.08696000 0.49818100
vt 0.84374700 0.54043300
vt 0.84324400 0.50285000
vt 0.22290100 0.57887900
vt 0.22214600 0.52002300
vt 0.37850600 0.55580500
vt 0.12491300 0.23027800
vt 0.03508400 0.42513300
vt 0.65667800 0.70242800
vt 0.09494300 0.57803600
vt 0.87286200 0.70242300
vt 0.09424600 0.52417900
vt 0.15847300 0.82051600
vt 0.45290600 0.62349300
vt 0.38141600 0.60729600
vt 0.99804700 0.55562600
vt 0.99734500 0.48433600
vt 0.12768000 0.17879200
vt 0.11461200 0.54139500
vt 0.11485500 0.56028000
vt 0.29364000 0.55678000
vt 0.04004700 0.22953700
vt 0.48594100 0.05979700
vt 0.53769000 0.21699800
vt 0.85438400 0.79648900
vt 0.70604000 0.65755100
vt 0.82373200 0.65752100
vt 0.67516800 0.79649000
vt 0.05563700 0.60156100
vt 0.63946600 0.71146500
vt 0.89007200 0.71146000
vt 0.72160100 0.59014600
vt 0.88095100 0.14409600
vt 0.44675000 0.57935800
vt 0.70059800 0.09981900
vt 0.91376000 0.09982600
vt 0.30123100 0.66121700
vt 0.31015100 0.85824200
vt 0.31161200 0.26201600
vt 0.56512800 0.52351700
vt 0.92512400 0.48494000
vt 0.92591100 0.55655500
vt 0.19919900 0.54975000
vt 0.22485700 0.54942000
vt 0.15998000 0.74040600
vt 0.45140000 0.93743300
vt 0.57547700 0.36586700
vt 0.57471300 0.46093100
vt 0.54543000 0.51047500
vt 0.29195200 0.27511600
vt 0.73677900 0.91328000
vt 0.79303200 0.91328300
vt 0.43692500 0.60923300
vt 0.92632600 0.18608000
vt 0.38802600 0.47444400
vt 0.13441400 0.52397300
vt 0.13510000 0.57718400
vt 0.85805200 0.14567800
vt 0.42137400 0.19518600
vt 0.60225400 0.03799600
vt 0.59846000 0.96669700
vt 0.01292100 0.76966900
vt 0.77088200 0.54210100
vt 0.18640200 0.35652700
vt 0.43964300 0.42937200
vt 0.23214300 0.53443200
vt 0.23253300 0.56421800
vt 0.32689100 0.56231700
vt 0.07327900 0.22390600
vt 0.55553800 0.95492000
vt 0.05584400 0.75789200
vt 0.61506800 0.47216700
vt 0.32362400 0.22244800
vt 0.32366900 0.22367900
vt 0.61671400 0.57813800
vt 0.57729600 0.56181900
vt 0.57725500 0.56305100
vt 0.82498300 0.13183500
vt 0.78937000 0.13183300
vt 0.81918300 0.68133200
vt 0.87811000 0.80197400
vt 0.65144200 0.80197400
vt 0.71054500 0.68137000
vt 0.34991800 0.57022400
vt 0.09628300 0.21593300
vt 0.64560200 0.54770700
vt 0.56924500 0.39304300
vt 0.64490200 0.50167000
vt 0.56891800 0.43365900
vt 0.68287500 0.79209700
vt 0.84667800 0.79209500
vt 0.15962200 0.39486200
vt 0.41275000 0.39111600
vt 0.76332000 0.43441200
vt 0.76363500 0.39541500
vt 0.25852800 0.41746300
vt 0.07047700 0.49605200
vt 0.09865600 0.17721100
vt 0.35238300 0.60895900
vt 0.66660700 0.70209100
vt 0.86293200 0.70208600
vt 0.13757300 0.33130300
vt 0.00391000 0.50938000
vt 0.95890400 0.37619800
vt 0.00487600 0.59441600
vt 0.95825100 0.45653300
vt 0.39271700 0.56426000
vt 0.67480300 0.18669100
vt 0.99467500 0.18669100
vt 0.18855000 0.38188000
vt 0.44171700 0.40401300
vt 0.71739000 0.71214400
vt 0.81214900 0.71214700
vt 0.77330800 0.77136500
vt 0.62716200 0.40121200
vt 0.62695900 0.42641900
vt 0.63665700 0.44101900
vt 0.63709300 0.38677100
vt 0.90125500 0.70950900
vt 0.62828400 0.70951500
vt 0.10169400 0.55100600
vt 0.38779000 0.53704800
vt 0.92772200 0.56475300
vt 0.92674200 0.47670000
vt 0.13424900 0.24900800
vt 0.14622600 0.34077300
vt 0.83843700 0.46980100
vt 0.39951200 0.44524500
vt 0.83963600 0.57382400
vt 0.77057400 0.51306100
vt 0.77087000 0.53243100
vt 0.47665000 0.23856000
vt 0.54697900 0.08136600
vt 0.09938300 0.52345600
vt 0.10009600 0.57861700
vt 0.36362000 0.47560900
vt 0.11024900 0.31051300
vt 0.54618800 0.04030500
vt 0.47744300 0.19750000
vt 0.89110600 0.38368200
vt 0.89057700 0.44814600
vt 0.81989500 0.13193600
vt 0.79445800 0.13193700
vt 0.71548400 0.43405700
vt 0.71579800 0.39499900
vt 0.71537300 0.44348500
vt 0.71583900 0.38557100
vt 0.49305400 0.56775800
vt 0.43459400 0.57627300
vt 0.78472700 0.69265500
vt 0.02427600 0.53278900
vt 0.74481200 0.69265600
vt 0.02481300 0.57063200
vt 0.83749300 0.56554700
vt 0.83630200 0.47798800
vt 0.93100500 0.44340900
vt 0.93147800 0.38892000
vt 0.00705600 0.55194900
vt 0.75677400 0.59887200
vt 0.53755200 0.23123700
vt 0.48607900 0.07403700
vt 0.67539700 0.12318100
vt 0.93896800 0.12318000
vt 0.83791700 0.41551300
vt 0.87200300 0.70402600
vt 0.65753700 0.70403200
vt 0.26464700 0.32317100
vt 0.51798500 0.46249900
vt 0.59031300 0.57137700
vt 0.33665900 0.21408400
vt 0.69631200 0.57306400
vt 0.69479400 0.47474000
vt 0.13759800 0.50307600
vt 0.27494200 0.48133300
vt 0.13881800 0.59799200
vt 0.02155600 0.30503500
vt 0.01180500 0.75055100
vt 0.59957700 0.94757900
vt 0.68886300 0.45110000
vt 0.68945500 0.37753000
vt 0.31247500 0.26251900
vt 0.57546500 0.46500800
vt 0.56598900 0.52301200
vt 0.57629400 0.36180200
vt 0.33288200 0.22384900
vt 0.33308700 0.22377900
vt 0.58650800 0.56162200
vt 0.58671300 0.56169200
vt 0.62868800 0.56603300
vt 0.62741900 0.48388700
vt 0.30364300 0.55908900
vt 0.05004400 0.22720200
vt 0.66909600 0.45862000
vt 0.66981200 0.36969300
vt 0.01062500 0.41885800
vt 0.26366200 0.36756000
vt 0.16889600 0.51789200
vt 0.16972500 0.58237700
vt 0.47906000 0.58363300
vt 0.00367600 0.89747000
vt 0.13416200 0.10093300
vt 0.60770500 0.70044100
vt 0.88946900 0.25811800
vt 0.47535900 0.53253900
vt 0.41071000 0.52380700
vt 0.65035000 0.56742200
vt 0.64902700 0.48181500
vt 0.87074500 0.79740500
vt 0.65880700 0.79740600
vt 0.29958500 0.56412500
vt 0.04597400 0.22217700
vt 0.00505600 0.84975000
vt 0.13406000 0.14870900
vt 0.60632200 0.65272300
vt 0.88957300 0.30589400
vt 0.24760800 0.46114500
vt 0.24765900 0.48789100
vt 0.05333200 0.62246800
vt 0.55804300 0.81949800
vt 0.07070000 0.40436800
vt 0.32380800 0.38186900
vt 0.15420700 0.35619300
vt 0.40744800 0.42980200
vt 0.49852400 0.46520200
vt 0.73838100 0.57118200
vt 0.24517800 0.32052600
vt 0.73691000 0.47532600
vt 0.44924300 0.97281900
vt 0.16213700 0.77579100
vt 0.42112500 0.28292000
vt 0.60249100 0.12572900
vt 0.22637400 0.57747200
vt 0.22565500 0.52134100
vt 0.92866100 0.38744900
vt 0.92816900 0.44484800
vt 0.00261700 0.55202900
vt 0.96442400 0.41640900
vt 0.02041600 0.41932800
vt 0.27346200 0.36701900
vt 0.64346800 0.43048200
vt 0.64373400 0.39741600
vt 0.77159600 0.57068700
vt 0.46976700 0.44629000
vt 0.77012800 0.47480400
vt 0.21647600 0.33952100
vt 0.54564000 0.46291600
vt 0.32645000 0.23599500
vt 0.32669000 0.23590200
vt 0.54643900 0.36341700
vt 0.58004100 0.54949600
vt 0.58028100 0.54958800
vt 0.71405700 0.77347700
vt 0.81549500 0.77348100
vt 0.00774500 0.60157700
vt 0.00665300 0.50217200
vt 0.88560500 0.61645900
vt 0.60673000 0.94771900
vt 0.00465200 0.75069100
vt 0.88560400 0.69832700
vt 0.93887400 0.52848100
vt 0.93870000 0.51272800
vt 0.35450900 0.44191500
vt 0.10123300 0.34423300
vt 0.79527400 0.99782300
vt 0.66967900 0.06768100
vt 0.73453200 0.99782000
vt 0.35395200 0.22487700
vt 0.87765100 0.69223900
vt 0.87765200 0.62254700
vt 0.80199800 0.55950600
vt 0.80086000 0.48506000
vt 0.32591000 0.55930800
vt 0.07230700 0.22691900
vt 0.24406500 0.34982000
vt 0.77452000 0.10232000
vt 0.83983800 0.10232500
vt 0.84639600 0.14305000
vt 0.75341900 0.57844300
vt 0.07066600 0.59411900
vt 0.64760500 0.70463600
vt 0.09859700 0.56985100
vt 0.88193400 0.70463100
vt 0.09811500 0.53225500
vt 0.84639600 0.14522300
vt 0.87611900 0.68544000
vt 0.87612000 0.62934500
vt 0.94596800 0.37372200
vt 0.94526800 0.45981400
vt 0.25935900 0.45600700
vt 0.78415600 0.80471700
vt 0.74566400 0.80471700
vt 0.25942900 0.49298400
vt 0.79678200 0.42486900
vt 0.79693800 0.40549600
vt 0.07099900 0.59784400
vt 0.17519400 0.40107000
vt 0.42830500 0.38486200
vt 0.33523200 0.55483900
vt 0.08164100 0.23136000
vt 0.12785400 0.31136400
vt 0.73121700 0.58444300
vt 0.86965400 0.14405800
vt 0.27544300 0.35662100
vt 0.02244700 0.42955700
vt 0.75224100 0.50316900
vt 0.75285000 0.54288200
vt 0.22281400 0.55753800
vt 0.22260300 0.54135800
vt 0.94936400 0.54762800
vt 0.94876800 0.49335400
vt 0.63833200 0.45280000
vt 0.63895800 0.37501800
vt 0.71157300 0.56336600
vt 0.71035100 0.48396200
vt 0.92453400 0.51284100
vt 0.92470500 0.52868300
vt 0.62042300 0.45807300
vt 0.62113500 0.36945800
vt 0.29276100 0.56180100
vt 0.03915500 0.22451900
vt 0.94538000 0.51242200
vt 0.94556100 0.52864000
vt 0.55142700 0.45031600
vt 0.55202300 0.37610800
vt 0.25791900 0.31492700
vt 0.51128100 0.47076300
vt 0.67417600 0.56870600
vt 0.67280200 0.47978500
vt 0.94802800 0.51231000
vt 0.94821200 0.52869300
vt 0.94321000 0.44756700
vt 0.94372800 0.38492500
vt 0.29784600 0.44531400
vt 0.04456000 0.34099100
vt 0.95162700 0.40799500
vt 0.17004500 0.50803800
vt 0.17112700 0.59219700
vt 0.92672800 0.39215900
vt 0.83561800 0.13701400
vt 0.92629200 0.44011700
vt 0.77873300 0.13700900
vt 0.07042500 0.59184800
vt 0.68680800 0.69742300
vt 0.82724900 0.43885000
vt 0.28765100 0.30029100
vt 0.54105600 0.48531300
vt 0.66956700 0.54596800
vt 0.66890600 0.50265600
vt 0.15452100 0.95850800
vt 0.45686000 0.76148300
vt 0.71561000 0.42430800
vt 0.71576700 0.40475000
vt 0.71527200 0.45122700
vt 0.71586300 0.37782800
vt 0.76288400 0.45656500
vt 0.76355500 0.37325700
vt 0.67713400 0.70325000
vt 0.80813400 0.59026400
vt 0.78853000 0.14378600
vt 0.34427500 0.55421100
vt 0.09068500 0.23196300
vt 0.15872500 0.81198600
vt 0.45265400 0.61496200
vt 0.70055800 0.61594600
vt 0.82929500 0.61592700
vt 0.79017800 0.77171300
vt 0.59892300 0.57869200
vt 0.60025800 0.57666600
vt 0.34524700 0.20674400
vt 0.34658800 0.20876700
vt 0.78855800 0.14596100
vt 0.11078400 0.51530500
vt 0.11170700 0.58645200
vt 0.28766200 0.45963900
vt 0.03433600 0.32669500
vt 0.29564800 0.56674100
vt 0.22567500 0.51592900
vt 0.04203000 0.21957100
vt 0.22653200 0.58288100
vt 0.10711100 0.41288100
vt 0.36018800 0.37324900
vt 0.65385300 0.38258000
vt 0.65334700 0.44547800
vt 0.22361700 0.56474200
vt 0.22322000 0.53413600
vt 0.32023100 0.24614300
vt 0.57379300 0.53936600
vt 0.22369500 0.45406800
vt 0.22377300 0.49505800
vt 0.48571000 0.55747300
vt 0.45142600 0.52273000
vt 0.92638000 0.18012100
vt 0.22320100 0.57049800
vt 0.22265700 0.52839300
vt 0.08092900 0.51063400
vt 0.62209000 0.47012500
vt 0.31969600 0.22987500
vt 0.31973700 0.23032700
vt 0.62379700 0.57995700
vt 0.57334500 0.55518300
vt 0.57330500 0.55563400
vt 0.77135300 0.56858000
vt 0.76995000 0.47691800
vt 0.45387000 0.65745600
vt 0.15750900 0.85448000
vt 0.37468600 0.56916700
vt 0.12106300 0.21692800
vt 0.53981100 0.36547600
vt 0.58371700 0.55560200
vt 0.58420500 0.55571400
vt 0.53904600 0.46075100
vt 0.33010800 0.22987800
vt 0.33059600 0.22976500
vt 0.32979800 0.22764800
vt 0.32993600 0.22761000
vt 0.58341300 0.55783300
vt 0.58355200 0.55787000
vt 0.00223200 0.63148500
vt 0.99458700 0.67884100
vt 0.60914300 0.82851100
vt 0.99458800 0.63594900
vt 0.45972300 0.60587400
vt 0.94383100 0.52859000
vt 0.94365200 0.51251000
vt 0.63379500 0.99372800
vt 0.35561000 0.32581400
vt 0.89601300 0.99373500
vt 0.66801400 0.16863000
vt 0.12448300 0.38884500
vt 0.37763100 0.39723500
vt 0.31285600 0.44435900
vt 0.05957300 0.34190500
vt 0.27384500 0.31167400
vt 0.52721700 0.47397000
vt 0.38156300 0.47468600
vt 0.93916200 0.38133600
vt 0.93859300 0.45147100
vt 0.83270400 0.69721400
vt 0.62027100 0.37821200
vt 0.61970000 0.44930600
vt 0.94864600 0.18612200
vt 0.41548500 0.60316900
vt 0.75485600 0.71087200
vt 0.77468300 0.71087100
vt 0.23243100 0.52539000
vt 0.23304700 0.57325500
vt 0.85046300 0.43953200
vt 0.70269300 0.12746300
vt 0.85084400 0.39170500
vt 0.91167200 0.12747000
vt 0.70878600 0.49567000
vt 0.70964700 0.55171200
vt 0.71464800 0.59875400
vt 0.91406800 0.67348100
vt 0.91406800 0.64130600
vt 0.82493800 0.42369200
vt 0.82507100 0.40712600
vt 0.87315300 0.67712800
vt 0.87315400 0.63765700
vt 0.97450300 0.69670600
vt 0.97450400 0.61808300
vt 0.18146100 0.44881300
vt 0.86319300 0.80672700
vt 0.66662600 0.80671600
vt 0.18156000 0.50047500
vt 0.01910600 0.56162100
vt 0.82473300 0.41540700
vt 0.09710100 0.50703800
vt 0.61153300 0.48630000
vt 0.61273300 0.56412400
vt 0.74374100 0.21231600
vt 0.27988700 0.05512200
vt 0.01354800 0.56187500
vt 0.04140800 0.51297200
vt 0.81258000 0.69367000
vt 0.71695800 0.69366700
vt 0.04232400 0.59019000
vt 0.84694400 0.47142500
vt 0.14238000 0.33104500
vt 0.13655600 0.50697800
vt 0.13767500 0.59411900
vt 0.43837800 0.57821100
vt 0.78862500 0.17983400
vt 0.47023400 0.60256600
vt 0.77747500 0.14384300
vt 0.81634700 0.59750300
vt 0.45479000 0.57675800
vt 0.55509700 0.36836400
vt 0.55437700 0.45810800
vt 0.93660700 0.38034600
vt 0.93602700 0.45258200
vt 0.72646500 0.91292900
vt 0.80334700 0.91293400
vt 0.64853400 0.40514900
vt 0.64839100 0.42282700
vt 0.26508900 0.36181900
vt 0.01209900 0.42459300
vt 0.59126600 0.57633000
vt 0.33759700 0.20912800
vt 0.63922300 0.37101800
vt 0.63853300 0.45680300
vt 0.10245900 0.22350800
vt 0.35607200 0.56263500
vt 0.68542800 0.65655700
vt 0.84434700 0.65656600
vt 0.78179600 0.77147900
vt 0.22191200 0.57086600
vt 0.22135900 0.52805800
vt 0.71521300 0.52359900
vt 0.01167500 0.36957000
vt 0.75462900 0.15345000
vt 0.91485400 0.15345000
vt 0.00496900 0.58053700
vt 0.96307200 0.44391600
vt 0.00438000 0.52325500
vt 0.96354700 0.38891600
vt 0.81142900 0.14581000
vt 0.74360800 0.20389500
vt 0.28001900 0.04670100
vt 0.82899800 0.13742700
vt 0.93257900 0.39576300
vt 0.93219700 0.43658000
vt 0.78535200 0.13742400
vt 0.84038100 0.13096300
vt 0.77397200 0.13095700
vt 0.83080000 0.55161800
vt 0.82992200 0.49199900
vt 0.77080300 0.52274400
vt 0.13462200 0.51641900
vt 0.13550200 0.58473000
vt 0.81433900 0.62577000
vt 0.71549500 0.62581900
vt 0.84560300 0.66801400
vt 0.69776100 0.14407400
vt 0.68415000 0.66800200
vt 0.97171900 0.14407600
vt 0.94554100 0.49822300
vt 0.94603200 0.54283000
vt 0.10363800 0.22692800
vt 0.35724100 0.55921100
vt 0.07343900 0.22330200
vt 0.32705300 0.56292000
vt 0.89253300 0.81293700
vt 0.63728500 0.81292600
vt 0.29606600 0.51286300
vt 0.04259300 0.27344800
vt 0.17864900 0.46127500
vt 0.17870000 0.48802400
vt 0.31630400 0.56119000
vt 0.06269800 0.22506600
vt 0.14211000 0.37058500
vt 0.39531100 0.41544500
vt 0.78864700 0.55937300
vt 0.78751700 0.48559500
vt 0.89559600 0.55859100
vt 0.89479700 0.48363400
vt 0.08852900 0.39002500
vt 0.34167500 0.39616300
vt 0.28579600 0.29873100
vt 0.53920500 0.48687800
vt 0.89200800 0.14393000
vt 0.71349000 0.59750000
vt 0.89396700 0.52938200
vt 0.89378600 0.51281700
vt 0.03934900 0.60271000
vt 0.03824800 0.50049900
vt 0.33903800 0.60984600
vt 0.08531100 0.17635700
vt 0.22292200 0.52402700
vt 0.22357500 0.57485600
vt 0.16143100 0.76653500
vt 0.44994900 0.96356200
vt 0.94680200 0.45929300
vt 0.94750000 0.37399200
vt 0.68672700 0.64567300
vt 0.84306900 0.64568000
vt 0.98151500 0.69073600
vt 0.98151600 0.62405300
vt 0.20761400 0.38656300
vt 0.46076700 0.39927400
vt 0.21308600 0.54170500
vt 0.21328900 0.55743600
vt 0.27531200 0.44671200
vt 0.37563900 0.55951600
vt 0.12203700 0.22657500
vt 0.54948900 0.38445900
vt 0.54902700 0.44192500
vt 0.64057100 0.84304000
vt 0.88924600 0.84305100
vt 0.35087300 0.55876100
vt 0.09727000 0.22739600
vt 0.32871500 0.45695100
vt 0.07539700 0.32926900
vt 0.35391800 0.21775100
vt 0.74166100 0.99796700
vt 0.70574300 0.64924700
vt 0.82404600 0.64921800
vt 0.94153500 0.50490900
vt 0.94188100 0.53623500
vt 0.43333000 0.52404700
vt 0.35692500 0.55983400
vt 0.10332000 0.22630600
vt 0.65194400 0.47063900
vt 0.65361600 0.57850200
vt 0.85532300 0.39012500
vt 0.90710100 0.12826800
vt 0.85491800 0.44119100
vt 0.70726400 0.12825900
vt 0.34109700 0.21293200
vt 0.59475500 0.57251600
vt 0.77754500 0.15279400
vt 0.91467900 0.65739300
vt 0.70634200 0.66576000
vt 0.86236400 0.79827200
vt 0.66718800 0.79827200
vt 0.82341500 0.66573000
vt 0.63254000 0.47254800
vt 0.63416400 0.57720400
vt 0.62244500 0.28274100
vt 0.40118700 0.12554000
vt 0.69135000 0.79333600
vt 0.82069700 0.64128700
vt 0.70910700 0.64132300
vt 0.83820300 0.79333500
vt 0.82569100 0.55171300
vt 0.82482100 0.49203000
vt 0.00743700 0.56209400
vt 0.05585900 0.21278900
vt 0.30949000 0.57348900
vt 0.49154000 0.54620100
vt 0.94955000 0.48917700
vt 0.95023400 0.55178700
vt 0.26233800 0.32037300
vt 0.51568400 0.46530400
vt 0.69887700 0.99629700
vt 0.35421500 0.26058700
vt 0.66942300 0.10339200
vt 0.83093000 0.99630200
vt 0.56754000 0.54447900
vt 0.31396400 0.24104800
vt 0.63848100 0.38056900
vt 0.63794500 0.44724100
vt 0.75293500 0.56007900
vt 0.75179900 0.48597700
vt 0.51441800 0.44363600
vt 0.66971700 0.36787600
vt 0.66897200 0.46043500
vt 0.26113500 0.34204400
vt 0.62587100 0.57940500
vt 0.62418100 0.47061100
vt 0.91873500 0.09957500
vt 0.69562300 0.09956900
vt 0.37660900 0.53785200
vt 0.12306500 0.24823500
vt 0.01384900 0.50480900
vt 0.01489400 0.59881100
vt 0.47269200 0.58981200
vt 0.90745200 0.46121900
vt 0.90815200 0.37082800
vt 0.00215300 0.95493300
vt 0.13454000 0.04341900
vt 0.88908700 0.20060400
vt 0.60922900 0.75790500
vt 0.48579000 0.56665500
vt 0.84321100 0.52163900
vt 0.79668300 0.45160800
vt 0.79727100 0.37875800
vt 0.57149800 0.38246000
vt 0.57100100 0.44427700
vt 0.54861000 0.50789900
vt 0.29513900 0.27768200
vt 0.26164000 0.48745800
vt 0.26159000 0.46152400
vt 0.82234600 0.69476700
vt 0.05035300 0.51074500
vt 0.05131500 0.59229300
vt 0.70719100 0.69476600
vt 0.43108600 0.51705200
vt 0.08187700 0.22752900
vt 0.33547900 0.55866900
vt 0.66966000 0.05349200
vt 0.78106800 0.99801200
vt 0.74873800 0.99801100
vt 0.35397000 0.21068700
vt 0.37119200 0.60788500
vt 0.11746200 0.17823300
vt 0.95075100 0.53619600
vt 0.95039900 0.50475400
vt 0.74380700 0.34640000
vt 0.27983100 0.18920600
vt 0.16042300 0.75035000
vt 0.45095600 0.94737800
vt 0.00946500 0.38682300
vt 0.80699500 0.77269200
vt 0.72255700 0.77268700
vt 0.87542600 0.45371600
vt 0.87603600 0.37716000
vt 0.20272400 0.47460400
vt 0.00195300 0.64960400
vt 0.98449600 0.69340700
vt 0.98449700 0.62138300
vt 0.60942300 0.84663000
vt 0.65381500 0.84283900
vt 0.87600200 0.84284900
vt 0.54480700 0.36564200
vt 0.54404400 0.46066500
vt 0.33488300 0.21276000
vt 0.33502400 0.21261600
vt 0.58854100 0.57270600
vt 0.58868200 0.57284900
vt 0.00361900 0.72252200
vt 0.91335300 0.70272300
vt 0.91335500 0.61206400
vt 0.60776300 0.91954900
vt 0.81315400 0.44944700
vt 0.81370500 0.38118600
vt 0.04763300 0.21899900
vt 0.30125200 0.56729900
vt 0.05887100 0.17427800
vt 0.31262600 0.61196000
vt 0.07013800 0.42957400
vt 0.32319900 0.35666600
vt 0.56340200 0.52514500
vt 0.30988200 0.26039400
vt 0.94805600 0.52050200
vt 0.19102300 0.40060900
vt 0.44413500 0.38527600
vt 0.58972200 0.56365700
vt 0.33609000 0.22180600
vt 0.40143600 0.05054200
vt 0.62219400 0.20774300
vt 0.79127700 0.80991800
vt 0.73854300 0.80991800
vt 0.17309900 0.45266700
vt 0.17318300 0.49665300
vt 0.78077300 0.38607000
vt 0.78030600 0.44403200
vt 0.71582800 0.37292700
vt 0.71515800 0.45612600
vt 0.16830200 0.53331400
vt 0.16873500 0.56697500
vt 0.77620400 0.57979600
vt 0.49018300 0.57823600
vt 0.95074100 0.40036000
vt 0.00516200 0.76119600
vt 0.87638800 0.69340500
vt 0.87639000 0.62138100
vt 0.60622000 0.95822300
vt 0.16429200 0.48764800
vt 0.16424200 0.46170600
vt 0.81143800 0.15262200
vt 0.64783700 0.55835100
vt 0.64680100 0.49096100
vt 0.74510400 0.84136700
vt 0.78471400 0.84136700
vt 0.83913500 0.13107400
vt 0.77521800 0.13106800
vt 0.27319300 0.46044700
vt 0.40975900 0.58073700
vt 0.40718600 0.54548200
vt 0.76145700 0.10192300
vt 0.85290100 0.10193200
vt 0.27660600 0.31444200
vt 0.52996900 0.47119300
vt 0.64089700 0.99413500
vt 0.35542200 0.31868600
vt 0.07028000 0.42000300
vt 0.32335600 0.36623700
vt 0.65369000 0.46063600
vt 0.27038100 0.32946400
vt 0.52370100 0.45619000
vt 0.65444000 0.36743000
vt 0.82524300 0.51187000
vt 0.82553000 0.53192000
vt 0.10237500 0.49772000
vt 0.02601000 0.50037000
vt 0.25571900 0.37601500
vt 0.02712500 0.60303500
vt 0.00263900 0.41043100
vt 0.22579700 0.57417200
vt 0.22516100 0.52465500
vt 0.26947900 0.30700000
vt 0.52286400 0.47865600
vt 0.17608200 0.40852700
vt 0.42917100 0.37740300
vt 0.48238600 0.52605400
vt 0.97167800 0.15304000
vt 0.69780300 0.15303800
vt 0.77193600 0.84151600
vt 0.75788100 0.84151600
vt 0.74409200 0.32167600
vt 0.27954500 0.16448200
vt 0.57338900 0.53995400
vt 0.31982600 0.24555500
vt 0.85544600 0.37090200
vt 0.85472000 0.46008200
vt 0.20818300 0.38939900
vt 0.46132700 0.39643700
vt 0.94147300 0.48704700
vt 0.94220800 0.55408900
vt 0.95063000 0.49860200
vt 0.95111600 0.54234100
vt 0.16851500 0.52498600
vt 0.16916200 0.57529500
vt 0.21618700 0.52675000
vt 0.21677400 0.57230600
vt 0.13839000 0.59647700
vt 0.86040500 0.45327400
vt 0.86101000 0.37769800
vt 0.03432200 0.40350000
vt 0.28743000 0.38282400
vt 0.08814400 0.51776000
vt 0.86380200 0.70050800
vt 0.66573700 0.70051300
vt 0.08901900 0.58461300
vt 0.71455900 0.46086700
vt 0.22915400 0.37477700
vt 0.48234100 0.41099800
vt 0.71530500 0.36817800
vt 0.83799300 0.13116600
vt 0.77636000 0.13116000
vt 0.14293500 0.38685400
vt 0.39608800 0.39917300
vt 0.83036500 0.53184000
vt 0.83008100 0.51180800
vt 0.27791300 0.46023800
vt 0.78868200 0.55125800
vt 0.78780400 0.49370100
vt 0.96011500 0.14622400
vt 0.70936600 0.14622200
vt 0.10327300 0.49605200
vt 0.26874000 0.44677200
vt 0.95578300 0.44849200
vt 0.95630900 0.38419000
vt 0.16091800 0.41232300
vt 0.41399600 0.37365100
vt 0.33386700 0.21222300
vt 0.33415200 0.21190100
vt 0.58752700 0.57324600
vt 0.58781200 0.57356700
vt 0.95281500 0.45349400
vt 0.95342000 0.37915200
vt 0.76349800 0.41491400
vt 0.27920000 0.31682300
vt 0.63866400 0.46124800
vt 0.53255700 0.46880500
vt 0.63942500 0.36657500
vt 0.83347200 0.36788900
vt 0.37998800 0.35767400
vt 0.83270500 0.46306100
vt 0.12695400 0.42839600
vt 0.45817700 0.57418700
vt 0.61887500 0.91046200
vt 0.91093700 0.91047100
vt 0.31902100 0.24391600
vt 0.57258900 0.54159600
vt 0.81916300 0.50203700
vt 0.81974300 0.54192700
vt 0.65962600 0.41407700
vt 0.76477700 0.77132500
vt 0.55856600 0.83841800
vt 0.05280900 0.64138700
vt 0.54581400 0.18825500
vt 0.47782300 0.34545400
vt 0.77493000 0.69700700
vt 0.75460900 0.69700500
vt 0.34136000 0.44258300
vt 0.08808200 0.34360200
vt 0.62599000 0.48825300
vt 0.62712100 0.56171400
vt 0.54681800 0.14722500
vt 0.47682100 0.30442400
vt 0.75462000 0.69404000
vt 0.29403100 0.43128400
vt 0.04078500 0.35503100
vt 0.05864000 0.50783300
vt 0.97712400 0.67553800
vt 0.97712500 0.63925200
vt 0.42149600 0.33071900
vt 0.60214600 0.17352500
vt 0.23745700 0.33819500
vt 0.49075100 0.44755500
vt 0.91477700 0.18014800
vt 0.60010100 0.57501000
vt 0.34643700 0.21042300
vt 0.87143100 0.12802200
vt 0.74292100 0.12801100
vt 0.23350100 0.57907100
vt 0.23274100 0.51956400
vt 0.22504300 0.58228500
vt 0.22420100 0.51656300
vt 0.13113200 0.33155500
vt 0.42085900 0.21978000
vt 0.60276900 0.06259000
vt 0.59735200 0.57890500
vt 0.34367600 0.20653500
vt 0.89584600 0.84257700
vt 0.63397100 0.84256600
vt 0.39478000 0.44413900
vt 0.14149700 0.34189300
vt 0.08196600 0.22572700
vt 0.33557300 0.56047000
vt 0.08200000 0.22513000
vt 0.33560900 0.56106700
vt 0.94883300 0.14640500
vt 0.72064800 0.14640100
vt 0.72338600 0.49170000
vt 0.72436100 0.55523000
vt 0.33000800 0.22854900
vt 0.33026600 0.22847400
vt 0.58362100 0.55693100
vt 0.58387900 0.55700600
vt 0.55428200 0.97220200
vt 0.05709900 0.77517500
vt 0.74234700 0.43422700
vt 0.74266100 0.39526200
vt 0.75470100 0.17944000
vt 0.63040800 0.39669800
vt 0.63013200 0.43098500
vt 0.08077300 0.24513000
vt 0.33432500 0.54107300
vt 0.25511900 0.33438900
vt 0.50842500 0.45131000
vt 0.68895400 0.50689600
vt 0.68947600 0.54110500
vt 0.01736900 0.59414300
vt 0.01640400 0.50943300
vt 0.01592400 0.33943100
vt 0.84245900 0.81022900
vt 0.68736100 0.81021900
vt 0.60602800 0.64300800
vt 0.88957900 0.31562100
vt 0.00535000 0.84003400
vt 0.13405500 0.15843700
vt 0.53341400 0.38793700
vt 0.61054100 0.55550900
vt 0.60961500 0.49498000
vt 0.53300900 0.43819000
vt 0.99701700 0.53462600
vt 0.99677100 0.50536600
vt 0.83534800 0.49247100
vt 0.83620100 0.55103200
vt 0.31490400 0.45785700
vt 0.06158300 0.32840100
vt 0.79432900 0.69723200
vt 0.73521000 0.69723000
vt 0.73514800 0.69424100
vt 0.79439100 0.69424300
vt 0.90537500 0.37740300
vt 0.90476600 0.45461000
vt 0.94681700 0.67348100
vt 0.94681800 0.64130700
vt 0.75337300 0.57086600
vt 0.48600800 0.45592600
vt 0.23268900 0.32983800
vt 0.75190600 0.47518200
vt 0.05282500 0.66028100
vt 0.55854900 0.85731200
vt 0.00443600 0.36889800
vt 0.07158500 0.60588200
vt 0.93857000 0.54348600
vt 0.93806900 0.49773000
vt 0.15767900 0.63532000
vt 0.45370200 0.83235000
vt 0.02091800 0.33958600
vt 0.56677900 0.54459800
vt 0.63610300 0.58065000
vt 0.31320100 0.24093000
vt 0.63436900 0.46904300
vt 0.54766200 0.46233700
vt 0.54845100 0.36402900
vt 0.16721200 0.48146600
vt 0.16718600 0.46787700
vt 0.33172000 0.22033300
vt 0.58535600 0.56514200
vt 0.64705300 0.91222600
vt 0.88275900 0.91223300
vt 0.53745900 0.45111300
vt 0.53807000 0.37508800
vt 0.68910600 0.71543100
vt 0.84043300 0.71542900
vt 0.17078700 0.59023400
vt 0.16975600 0.51001000
vt 0.63864500 0.45947200
vt 0.63937700 0.36835100
vt 0.00917700 0.53205200
vt 0.62066500 0.46246400
vt 0.28926800 0.30153600
vt 0.54266900 0.48406200
vt 0.62144800 0.36507100
vt 0.42625600 0.60598200
vt 0.00430700 0.38610000
vt 0.76077200 0.12978900
vt 0.85358100 0.12979700
vt 0.22359900 0.51800100
vt 0.22440500 0.58086300
vt 0.99274800 0.63662500
vt 0.99274700 0.67816500
vt 0.42982300 0.59721100
vt 0.66968800 0.37700400
vt 0.66909100 0.45130800
vt 0.17134500 0.49292400
vt 0.17127500 0.45640300
vt 0.19952000 0.56578500
vt 0.81858800 0.63315600
vt 0.65119000 0.47349300
vt 0.65277300 0.57567200
vt 0.18173700 0.44977100
vt 0.18183200 0.49951600
vt 0.16053000 0.40810400
vt 0.41362000 0.37787100
vt 0.25696200 0.33685000
vt 0.51026000 0.44884300
vt 0.99690900 0.49978300
vt 0.99726300 0.54019400
vt 0.88089800 0.15297500
vt 0.79684900 0.41518200
vt 0.07366700 0.22175300
vt 0.32728500 0.56446900
vt 0.32526700 0.23205900
vt 0.57887000 0.55343400
vt 0.41994800 0.51831100
vt 0.84658100 0.10212500
vt 0.76777700 0.10211900
vt 0.83558900 0.42953700
vt 0.83581500 0.40145400
vt 0.05800900 0.78532800
vt 0.55337200 0.98235500
vt 0.43718400 0.60752600
vt 0.86959700 0.17991800
vt 0.22228200 0.52375900
vt 0.22294200 0.57514100
vt 0.90893100 0.44407900
vt 0.76119600 0.13532100
vt 0.85315700 0.13532900
vt 0.90939900 0.38799800
vt 0.11253300 0.50860300
vt 0.94418700 0.41624900
vt 0.81386100 0.13198300
vt 0.80049100 0.13198600
vt 0.32548900 0.55816600
vt 0.07189000 0.22806200
vt 0.35631600 0.56106300
vt 0.10270700 0.22507900
vt 0.82326800 0.84061900
vt 0.70654900 0.84061800
vt 0.18020600 0.49379800
vt 0.18013300 0.45549600
vt 0.39866800 0.57465700
vt 0.39709600 0.55310900
vt 0.49364000 0.54554200
vt 0.41223000 0.52546400
vt 0.32608500 0.22290600
vt 0.32615300 0.22255400
vt 0.57971400 0.56258600
vt 0.57978300 0.56293700
vt 0.07023400 0.50036600
vt 0.22204100 0.52823800
vt 0.22258800 0.57066900
vt 0.31029400 0.43032400
vt 0.05705100 0.35594700
vt 0.22014200 0.53400200
vt 0.20044200 0.35084400
vt 0.45369900 0.43501400
vt 0.02512800 0.57971000
vt 0.02441100 0.52372300
vt 0.95910900 0.48733100
vt 0.95982300 0.55343400
vt 0.93767100 0.17960300
vt 0.16149000 0.36469400
vt 0.41470700 0.42127900
vt 0.22223700 0.57547400
vt 0.22156800 0.52344300
vt 0.47794300 0.59541800
vt 0.05344400 0.68768200
vt 0.87247200 0.80769600
vt 0.17236700 0.45194200
vt 0.65734700 0.80768500
vt 0.17245400 0.49738100
vt 0.71549800 0.50646800
vt 0.71602300 0.54071200
vt 0.22542100 0.57010300
vt 0.22488700 0.52873200
vt 0.43198500 0.54668900
vt 0.00354400 0.60184000
vt 0.95314500 0.46212400
vt 0.00243600 0.50203400
vt 0.95386800 0.37060700
vt 0.95814000 0.53572900
vt 0.95779200 0.50505800
vt 0.59631400 0.56959200
vt 0.34266500 0.21585200
vt 0.45091700 0.57851100
vt 0.10872300 0.27757300
vt 0.36218500 0.50855400
vt 0.46384200 0.51512700
vt 0.79719700 0.78856100
vt 0.73390900 0.60882900
vt 0.17783100 0.48149100
vt 0.17780500 0.46781100
vt 0.75266000 0.12901400
vt 0.86169300 0.12902500
vt 0.20274300 0.46073500
vt 0.20279600 0.48847200
vt 0.68938100 0.38505400
vt 0.68891000 0.44357600
vt 0.68585800 0.66782000
vt 0.84389600 0.66782800
vt 0.30079100 0.56583800
vt 0.04717600 0.22046100
vt 0.80211400 0.51248300
vt 0.80240600 0.53203000
vt 0.39291100 0.47429000
vt 0.86546200 0.56921600
vt 0.27170900 0.57543000
vt 0.27107200 0.52224400
vt 0.33025200 0.21897400
vt 0.58389300 0.56650500
vt 0.83263800 0.57462700
vt 0.40422600 0.43846700
vt 0.83167100 0.46904300
vt 0.15095900 0.34753700
vt 0.71024100 0.51085500
vt 0.71063300 0.53648900
vt 0.10888200 0.22375700
vt 0.36249300 0.56236800
vt 0.30326600 0.73249000
vt 0.30811300 0.92951600
vt 0.67034400 0.49395600
vt 0.67127600 0.55461800
vt 0.71418300 0.53038200
vt 0.71397600 0.51685100
vt 0.22228200 0.35495100
vt 0.47552800 0.43084300
vt 0.68611600 0.14414600
vt 0.84339000 0.67940300
vt 0.98336500 0.14414800
vt 0.68634200 0.67939500
vt 0.08028000 0.58918800
vt 0.67600900 0.69897800
vt 0.82630000 0.57005300
vt 0.82482600 0.47311200
vt 0.89628400 0.56298800
vt 0.89534600 0.47922500
vt 0.60565500 0.96717200
vt 0.87023700 0.62779500
vt 0.00572700 0.77014500
vt 0.87023600 0.68699000
vt 0.32926500 0.22524300
vt 0.58288800 0.56023900
vt 0.91444200 0.66446600
vt 0.91444300 0.65032000
vt 0.05158200 0.17368200
vt 0.30534000 0.61258300
vt 0.54867800 0.38752900
vt 0.54826500 0.43884300
vt 0.02640900 0.59463500
vt 0.02543300 0.50878200
vt 0.22131900 0.53404800
vt 0.22171900 0.56487900
vt 0.91754000 0.37795300
vt 0.91694200 0.45424200
vt 0.68911600 0.43428400
vt 0.68943800 0.39434800
vt 0.93862900 0.54980500
vt 0.93799000 0.49140900
vt 0.00420000 0.57186900
vt 0.96391800 0.43557700
vt 0.88306100 0.66622400
vt 0.88306200 0.64856100
vt 0.29528500 0.56625900
vt 0.22522600 0.51581900
vt 0.04166900 0.22005400
vt 0.22608600 0.58300300
vt 0.43874200 0.59809900
vt 0.10580500 0.55095300
vt 0.78110500 0.78500700
vt 0.23212200 0.54932400
vt 0.22499900 0.55751700
vt 0.22478700 0.54132200
vt 0.54649400 0.17036500
vt 0.47714400 0.32756400
vt 0.66947200 0.43521200
vt 0.66981100 0.39310400
vt 0.24871900 0.47451600
vt 0.66912900 0.45586700
vt 0.66980000 0.37244600
vt 0.66905200 0.44427600
vt 0.66953600 0.38403400
vt 0.34374900 0.20486700
vt 0.60342000 0.49169100
vt 0.59743000 0.58057300
vt 0.60445400 0.55899300
vt 0.34055100 0.21199500
vt 0.59421100 0.57345400
vt 0.41762600 0.59983500
vt 0.32478000 0.23097500
vt 0.57838600 0.55452000
vt 0.05184400 0.42528800
vt 0.30491100 0.36099600
vt 0.78424200 0.81010000
vt 0.74557800 0.81010000
vt 0.92353500 0.44129500
vt 0.77582700 0.13678800
vt 0.92398700 0.39095600
vt 0.83852400 0.13679400
vt 0.94193700 0.52057000
vt 0.80715900 0.59167600
vt 0.93993700 0.43517100
vt 0.94029600 0.39727700
vt 0.45314000 0.51157000
vt 0.76628900 0.18561700
vt 0.74277500 0.13323900
vt 0.89042900 0.44480700
vt 0.87158000 0.13324900
vt 0.89091900 0.38702100
vt 0.59492300 0.38930500
vt 0.59453300 0.43780700
vt 0.22425500 0.57821600
vt 0.22351600 0.52065100
vt 0.59283200 0.56634900
vt 0.59305800 0.56649600
vt 0.33919200 0.21910500
vt 0.33941800 0.21895700
vt 0.21617800 0.54161500
vt 0.21638400 0.55744600
vt 0.77174300 0.81029000
vt 0.75807600 0.81029000
vt 0.44508000 0.56043900
vt 0.72512000 0.56686000
vt 0.72378600 0.48005200
vt 0.69082600 0.54596400
vt 0.69015300 0.50199700
vt 0.58748000 0.56866000
vt 0.33383300 0.21681000
vt 0.44180200 0.51545500
vt 0.78869600 0.56508000
vt 0.78739000 0.47989200
vt 0.83037500 0.78927900
vt 0.69917800 0.78927800
vt 0.83861200 0.10236000
vt 0.77574600 0.10235400
vt 0.22528900 0.51694800
vt 0.22612000 0.58187300
vt 0.55862900 0.84701800
vt 0.05274600 0.64998700
vt 0.22161900 0.57957600
vt 0.22084600 0.51935800
vt 0.88934900 0.22529800
vt 0.60861500 0.73322600
vt 0.00276600 0.93025500
vt 0.13428000 0.06811400
vt 0.70680400 0.54637200
vt 0.70610900 0.50109500
vt 0.20027000 0.51221800
vt 0.20123400 0.58724200
vt 0.35027100 0.56019800
vt 0.09666500 0.22596000
vt 0.83265200 0.70026600
vt 0.25830500 0.33858500
vt 0.51159800 0.44710400
vt 0.83697400 0.38029300
vt 0.83640500 0.45071100
vt 0.77215500 0.10225100
vt 0.94345700 0.55780300
vt 0.94264200 0.48330600
vt 0.87802300 0.44759200
vt 0.87855000 0.38381800
vt 0.45616400 0.73730400
vt 0.65742300 0.91209200
vt 0.87238900 0.91209700
vt 0.06398400 0.22245400
vt 0.31759700 0.56379900
vt 0.39671800 0.56396800
vt 0.60058100 0.91936000
vt 0.01080200 0.72233200
vt 0.72183700 0.12559100
vt 0.89251300 0.12560600
vt 0.22500000 0.58060400
vt 0.22420100 0.51824500
vt 0.74465000 0.69413300
vt 0.78488900 0.69413200
vt 0.57297800 0.45345200
vt 0.57362200 0.37331700
vt 0.07312400 0.22448900
vt 0.32673300 0.56173500
vt 0.83474000 0.14534100
vt 0.53411000 0.38588500
vt 0.53367300 0.44025400
vt 0.63590200 0.57956300
vt 0.63420300 0.47013600
vt 0.78841700 0.51279600
vt 0.78871000 0.53214500
vt 0.11624200 0.50074800
vt 0.44851000 0.60748600
vt 0.89644600 0.72734000
vt 0.63309200 0.72734700
vt 0.32911500 0.21874900
vt 0.32926800 0.21834200
vt 0.58275600 0.56673400
vt 0.58291100 0.56714000
vt 0.92674100 0.56083900
vt 0.92585300 0.48063600
vt 0.82310400 0.18554600
vt 0.49529800 0.54498400
vt 0.10048900 0.50099600
vt 0.21313500 0.52645000
vt 0.21373100 0.57268400
vt 0.95188200 0.55868100
vt 0.38044100 0.55905700
vt 0.95105200 0.48224900
vt 0.12684100 0.22702200
vt 0.83000200 0.48350900
vt 0.83112900 0.56005500
vt 0.19931200 0.52582300
vt 0.19992800 0.57366600
vt 0.22239000 0.56482700
vt 0.22199100 0.53408300
vt 0.84229100 0.70154400
vt 0.68882000 0.45589700
vt 0.68948900 0.37273300
vt 0.78930000 0.78536000
vt 0.02226400 0.37027200
vt 0.25747700 0.48756500
vt 0.25742700 0.46143300
vt 0.77293300 0.78485900
vt 0.94368900 0.42355900
vt 0.94386900 0.40893200
vt 0.36704200 0.55501800
vt 0.11345100 0.23109600
vt 0.00859500 0.59896800
vt 0.00754900 0.50476500
vt 0.59436300 0.57854100
vt 0.59504100 0.57882800
vt 0.34068800 0.20690800
vt 0.34136500 0.20661900
vt 0.40944200 0.59329200
vt 0.40504300 0.53309500
vt 0.41692600 0.42680300
vt 0.16369300 0.35916300
vt 0.95070600 0.55894300
vt 0.38136900 0.55786300
vt 0.94987000 0.48201100
vt 0.12777100 0.22821300
vt 0.99064900 0.62779700
vt 0.60937000 0.83766200
vt 0.00200600 0.64063600
vt 0.99064800 0.68699300
vt 0.63616400 0.41388900
vt 0.01609300 0.35356300
vt 0.93743700 0.45209500
vt 0.93801300 0.38079300
vt 0.42122300 0.30649600
vt 0.34189900 0.47699800
vt 0.08852500 0.30918500
vt 0.67453300 0.14416900
vt 0.83953000 0.69031400
vt 0.99495000 0.14416900
vt 0.69018000 0.69031400
vt 0.73236100 0.52333500
vt 0.31055800 0.26105100
vt 0.56407700 0.52448500
vt 0.25637000 0.31301500
vt 0.50973700 0.47268000
vt 0.29670700 0.56586700
vt 0.04309200 0.22044200
vt 0.32959200 0.22652500
vt 0.58321100 0.55895600
vt 0.83020900 0.52182400
vt 0.78858400 0.15275000
vt 0.77759700 0.17988200
vt 0.22220300 0.55753700
vt 0.22199200 0.54137400
vt 0.25834800 0.45648700
vt 0.90282600 0.84184200
vt 0.62699100 0.84183100
vt 0.54687900 0.50930700
vt 0.29340500 0.27628000
vt 0.91164800 0.44750300
vt 0.91216200 0.38461200
vt 0.32611600 0.23503900
vt 0.32624300 0.23499500
vt 0.57971000 0.55045200
vt 0.57983700 0.55049600
vt 0.40444600 0.56340400
vt 0.42091100 0.23674500
vt 0.08674000 0.60113400
vt 0.95782400 0.52847600
vt 0.95764000 0.51231100
vt 0.15758900 0.64339000
vt 0.45379200 0.84042000
vt 0.70847500 0.12380000
vt 0.90589000 0.12380800
vt 0.95032800 0.52047700
vt 0.68614200 0.15310400
vt 0.98333800 0.15310500
vt 0.74395500 0.33777500
vt 0.27968200 0.18058000
vt 0.08437700 0.59651200
vt 0.70479700 0.65767200
vt 0.82497500 0.65764500
vt 0.16295500 0.78562300
vt 0.44842500 0.98265100
vt 0.22384200 0.47456300
vt 0.53811900 0.33413100
vt 0.48551400 0.17693100
vt 0.83374600 0.41548000
vt 0.79739200 0.37384400
vt 0.79672600 0.45652400
vt 0.43753700 0.60534300
vt 0.35972300 0.55570900
vt 0.10613000 0.23042400
vt 0.81167200 0.56569200
vt 0.81031900 0.47860400
vt 0.82574300 0.56008500
vt 0.82462700 0.48355800
vt 0.82998000 0.50179300
vt 0.83055600 0.54184900
vt 0.62487300 0.49217200
vt 0.62588100 0.55783300
vt 0.66765400 0.18356200
vt 0.91086300 0.99241500
vt 0.61894400 0.99240700
vt 0.35597100 0.34074700
vt 0.12242800 0.37295100
vt 0.37562200 0.41313600
vt 0.28042000 0.29381800
vt 0.53384300 0.49180600
vt 0.04075700 0.22110000
vt 0.22509500 0.58350700
vt 0.29437100 0.56521600
vt 0.22422200 0.51534000
vt 0.94764100 0.49841700
vt 0.94812900 0.54259100
vt 0.76363500 0.37817700
vt 0.76304300 0.45164700
vt 0.30393100 0.75004900
vt 0.30744800 0.94707500
vt 0.69350600 0.48716900
vt 0.69463800 0.56068100
vt 0.45178000 0.54266900
vt 0.78889300 0.56851100
vt 0.78748200 0.47645700
vt 0.16678600 0.47467200
vt 0.00289600 0.60965300
vt 0.60847800 0.80667900
vt 0.99795900 0.65739500
vt 0.05208900 0.40405200
vt 0.30519700 0.38223000
vt 0.74404500 0.32935100
vt 0.27959200 0.17215700
vt 0.18702300 0.36689500
vt 0.44023400 0.41900200
vt 0.81376200 0.10279200
vt 0.80059600 0.10278500
vt 0.82602900 0.39918800
vt 0.82576800 0.43164400
vt 0.73591400 0.71114000
vt 0.79362400 0.71114300
vt 0.30427600 0.75762900
vt 0.30710300 0.95465400
vt 0.65375000 0.45884100
vt 0.65447100 0.36922500
vt 0.40132400 0.06614500
vt 0.62230600 0.22334600
vt 0.24619600 0.49367000
vt 0.24612300 0.45537100
vt 0.83158600 0.56629600
vt 0.94880700 0.55217400
vt 0.94811500 0.48882000
vt 0.21835500 0.54950400
vt 0.48297300 0.57539300
vt 0.25927100 0.47449600
vt 0.74314700 0.18569400
vt 0.43002600 0.51326700
vt 0.39787900 0.54180200
vt 0.40108400 0.58573200
vt 0.26969000 0.43279900
vt 0.22131600 0.54139200
vt 0.22152600 0.55753700
vt 0.40112100 0.17734400
vt 0.62251300 0.33454400
vt 0.26493900 0.47448500
vt 0.76491000 0.80493100
vt 0.81178000 0.55978800
vt 0.81064000 0.48447000
vt 0.71495100 0.45894400
vt 0.71566600 0.37010700
vt 0.77952300 0.91349600
vt 0.75028900 0.91349400
vt 0.02452200 0.32611800
vt 0.05421100 0.22197900
vt 0.30782300 0.56430100
vt 0.83839600 0.57008200
vt 0.83720100 0.47354900
vt 0.95839800 0.49473600
vt 0.95896200 0.54604500
vt 0.43133500 0.57354000
vt 0.03368500 0.51747200
vt 0.80324400 0.69287600
vt 0.03451700 0.58580700
vt 0.72629500 0.69287200
vt 0.94044300 0.55851500
vt 0.93961100 0.48265900
vt 0.57942600 0.55124200
vt 0.57948800 0.55125800
vt 0.32583000 0.23425000
vt 0.32589100 0.23423400
vt 0.14455700 0.41375900
vt 0.39763000 0.37226300
vt 0.60164500 0.81823800
vt 0.00973000 0.62121100
vt 0.68972700 0.40423600
vt 0.68956500 0.42440200
vt 0.34347900 0.20764000
vt 0.59715100 0.57780100
vt 0.43044500 0.51493800
vt 0.46389000 0.56301900
vt 0.94217100 0.37375700
vt 0.94149000 0.46027600
vt 0.82186900 0.71306200
vt 0.70766900 0.71306100
vt 0.53783200 0.31845600
vt 0.48580100 0.16125700
vt 0.03553000 0.59612100
vt 0.03452700 0.50714600
vt 0.80194600 0.56528300
vt 0.80062000 0.47929800
vt 0.37949600 0.44178200
vt 0.12622000 0.34429400
vt 0.65359500 0.45186300
vt 0.65420300 0.37620000
vt 0.94870900 0.43861400
vt 0.94166400 0.54935300
vt 0.94103300 0.49179500
vt 0.84590900 0.56361400
vt 0.21845200 0.55748800
vt 0.21824500 0.54152000
vt 0.57449900 0.53881700
vt 0.55836400 0.36203200
vt 0.32093900 0.24668900
vt 0.55754100 0.46449100
vt 0.11520400 0.55083100
vt 0.66619000 0.81191200
vt 0.86362900 0.81192300
vt 0.60259400 0.10313000
vt 0.42103000 0.26032000
vt 0.20871800 0.39154700
vt 0.74109000 0.46123500
vt 0.46185600 0.39428800
vt 0.74183900 0.36823800
vt 0.60882600 0.81799700
vt 0.99706200 0.64610100
vt 0.00254800 0.62097000
vt 0.99706200 0.66868900
vt 0.70278700 0.91221700
vt 0.82702400 0.91222500
vt 0.58087400 0.56257700
vt 0.32724500 0.22291100
vt 0.37157400 0.42815400
vt 0.11833700 0.35794500
vt 0.20122400 0.35481000
vt 0.45447000 0.43104600
vt 0.44249900 0.57925600
vt 0.26945800 0.32858000
vt 0.52278000 0.45707600
vt 0.86583500 0.64649200
vt 0.86583400 0.66829300
vt 0.70769300 0.79087000
vt 0.81334300 0.62642500
vt 0.82186000 0.79087200
vt 0.71649000 0.62647500
vt 0.72731300 0.61389400
vt 0.80542600 0.78915800
vt 0.79850900 0.58456400
vt 0.79982700 0.14374000
vt 0.41747400 0.53107000
vt 0.19054600 0.39743600
vt 0.44366700 0.38845100
vt 0.62521300 0.55477200
vt 0.62430200 0.49525200
vt 0.71234600 0.57113700
vt 0.71088400 0.47617100
vt 0.84687400 0.56806000
vt 0.67447300 0.15315700
vt 0.99501400 0.15315800
vt 0.79983700 0.14592100
vt 0.20602700 0.37828400
vt 0.45920400 0.40755800
vt 0.76477000 0.69696800
vt 0.99666600 0.52000200
vt 0.76477000 0.69399600
vt 0.14997400 0.36146900
vt 0.40320100 0.42453700
vt 0.34791900 0.21121300
vt 0.52737500 0.44096900
vt 0.60158100 0.57421500
vt 0.52782500 0.38506900
vt 0.16839400 0.55014600
vt 0.72257700 0.59156300
vt 0.33305600 0.21619600
vt 0.58670500 0.56927500
vt 0.55367800 0.50393400
vt 0.30021900 0.28163300
vt 0.34606000 0.60935300
vt 0.09233500 0.17682500
vt 0.82467700 0.10268300
vt 0.78968100 0.10267700
vt 0.44151900 0.51156800
vt 0.75471800 0.18551100
vt 0.84638000 0.18618400
vt 0.49697900 0.56834000
vt 0.79704300 0.39582600
vt 0.79673100 0.43453900
vt 0.15617300 0.90150900
vt 0.45520700 0.70448300
vt 0.46006600 0.40296900
vt 0.20690200 0.38287000
vt 0.72360100 0.48505200
vt 0.72478100 0.56186900
vt 0.10989300 0.22655700
vt 0.36349600 0.55956500
vt 0.65212100 0.72268300
vt 0.87741800 0.72268100
vt 0.95875900 0.49091800
vt 0.95939900 0.54985600
vt 0.67187000 0.41417600
vt 0.74251900 0.41474500
vt 0.74244000 0.42448900
vt 0.74259700 0.40500000
vt 0.30613100 0.25757900
vt 0.55966000 0.52797100
vt 0.18997200 0.39334400
vt 0.44310500 0.39254500
vt 0.94375300 0.52055000
vt 0.69590600 0.56999500
vt 0.69448400 0.47782000
vt 0.00395400 0.54172900
vt 0.96484700 0.40651400
vt 0.64368400 0.81332200
vt 0.88613400 0.81333300
vt 0.85302900 0.70029100
vt 0.61711200 0.47517600
vt 0.61866200 0.57506500
vt 0.87189100 0.62863300
vt 0.87189000 0.68615200
vt 0.53587500 0.44685400
vt 0.53641800 0.37932100
vt 0.89150100 0.10067000
vt 0.64674700 0.84315500
vt 0.88307000 0.84316500
vt 0.14361400 0.39963700
vt 0.39672800 0.38638700
vt 0.95014800 0.55564600
vt 0.94938300 0.48531900
vt 0.33492600 0.21860800
vt 0.58856700 0.56685800
vt 0.91365000 0.61404200
vt 0.91364800 0.70074400
vt 0.05907400 0.79632700
vt 0.55230800 0.99335400
vt 0.95937400 0.48365800
vt 0.12552900 0.21712100
vt 0.96016400 0.55710100
vt 0.37915100 0.56896100
vt 0.98773200 0.67713000
vt 0.98773300 0.63766000
vt 0.10134700 0.60005200
vt 0.30042600 0.54292400
vt 0.04687000 0.24337500
vt 0.13508100 0.54161700
vt 0.13531100 0.55952900
vt 0.23283600 0.51676000
vt 0.29698300 0.57474100
vt 0.23366600 0.58187200
vt 0.04334800 0.21157200
vt 0.59697900 0.57578900
vt 0.34331200 0.20965300
vt 0.18930900 0.38824000
vt 0.44245700 0.39765100
vt 0.77095400 0.55149700
vt 0.77007300 0.49400400
vt 0.57254200 0.37790500
vt 0.57197200 0.44884800
vt 0.92644300 0.45369400
vt 0.92704100 0.37869900
vt 0.22362200 0.57851300
vt 0.22287600 0.52037000
vt 0.01813100 0.51576000
vt 0.01898800 0.58778800
vt 0.08982100 0.22619100
vt 0.34342700 0.55998600
vt 0.25889600 0.36810700
vt 0.00585700 0.41833800
vt 0.11532400 0.22387600
vt 0.36893400 0.56223300
vt 0.59741900 0.57469300
vt 0.34375500 0.21074700
vt 0.53987900 0.37131900
vt 0.53920700 0.45491000
vt 0.84899400 0.77849900
vt 0.68055700 0.77850100
vt 0.15498200 0.94240700
vt 0.45639900 0.74538200
vt 0.82942400 0.13167600
vt 0.78492900 0.13167300
vt 0.76495400 0.59819700
vt 0.53827700 0.34316300
vt 0.48535700 0.18596300
vt 0.24810500 0.35684700
vt 0.68850000 0.46054100
vt 0.50134500 0.42887200
vt 0.68924400 0.36808500
vt 0.95145500 0.55529100
vt 0.95069800 0.48564700
vt 0.82219600 0.78814100
vt 0.24433600 0.44964600
vt 0.24443100 0.49940200
vt 0.80040200 0.80435600
vt 0.24443100 0.44861500
vt 0.72941900 0.80435600
vt 0.24453000 0.50043300
vt 0.34419200 0.55693800
vt 0.09059500 0.22923700
vt 0.75343300 0.10166600
vt 0.86092500 0.10167400
vt 0.26259900 0.43301600
vt 0.08767500 0.49650000
vt 0.15778400 0.84469200
vt 0.45359500 0.64766800
vt 0.46284400 0.56714100
vt 0.07147000 0.60419200
vt 0.42198800 0.34805100
vt 0.60165100 0.19085600
vt 0.22329500 0.54944000
vt 0.92287200 0.37137300
vt 0.92219300 0.46098600
vt 0.20278600 0.45411500
vt 0.20286400 0.49509200
vt 0.22571900 0.36458200
vt 0.47893700 0.42120200
vt 0.29501500 0.55947700
vt 0.04141500 0.22683600
vt 0.88092300 0.14626600
vt 0.75311400 0.56564800
vt 0.75180700 0.48040600
vt 0.21882200 0.57177100
vt 0.21824800 0.52723300
vt 0.10513200 0.56061900
vt 0.10488500 0.54130800
vt 0.33013400 0.47777600
vt 0.07675800 0.30843900
vt 0.53791900 0.19952600
vt 0.48571300 0.04232500
vt 0.65371500 0.45613100
vt 0.65439200 0.37193500
vt 0.03322000 0.27287600
vt 0.28669500 0.51346000
vt 0.21997500 0.51441600
vt 0.22087500 0.58453900
vt 0.05176700 0.41999000
vt 0.30484200 0.36629400
vt 0.88656600 0.62187200
vt 0.88656400 0.69291400
vt 0.28158900 0.48093900
vt 0.02820500 0.30541100
vt 0.77029000 0.50339700
vt 0.03714700 0.22649900
vt 0.29074800 0.55982600
vt 0.02105800 0.53246400
vt 0.02159300 0.57102800
vt 0.16751700 0.45664800
vt 0.16758600 0.49269300
vt 0.34534300 0.21013300
vt 0.59900900 0.57530200
vt 0.65220500 0.46934800
vt 0.30314700 0.25584200
vt 0.65391800 0.57978300
vt 0.55668100 0.52971600
vt 0.55679100 0.36549200
vt 0.55602400 0.46100700
vt 0.64109100 0.42032100
vt 0.64119400 0.40753600
vt 0.22266700 0.54944800
vt 0.29755400 0.56782100
vt 0.04393500 0.21848700
vt 0.72535400 0.57004500
vt 0.72392200 0.47686200
vt 0.05496100 0.21990100
vt 0.30857900 0.56637800
vt 0.20282900 0.50212000
vt 0.20272400 0.44708700
vt 0.47377500 0.51923100
vt 0.33208200 0.21565200
vt 0.58573200 0.56982200
vt 0.58627000 0.56276900
vt 0.33264100 0.22270300
vt 0.10585200 0.38982400
vt 0.35899800 0.39631200
vt 0.80218900 0.55132700
vt 0.80131100 0.49321600
vt 0.95764500 0.52039400
vt 0.84266200 0.69848300
vt 0.62014200 0.45428800
vt 0.62079300 0.37323700
vt 0.57088500 0.54335400
vt 0.31731200 0.24216200
vt 0.02039300 0.60133100
vt 0.01930500 0.50219200
vt 0.73677500 0.48035500
vt 0.73809200 0.56615800
vt 0.95370300 0.48275600
vt 0.12552900 0.22387500
vt 0.95451800 0.55812000
vt 0.37913700 0.56220800
vt 0.94728600 0.49308100
vt 0.94788800 0.54793200
vt 0.88140900 0.10100500
vt 0.73295000 0.10099000
vt 0.22356100 0.51624900
vt 0.22441100 0.58261500
vt 0.73181200 0.18012200
vt 0.95261400 0.48247000
vt 0.12579200 0.22528500
vt 0.95343600 0.55842800
vt 0.37939600 0.56079700
vt 0.88087800 0.18621700
vt 0.48062800 0.59839500
vt 0.63539300 0.41815100
vt 0.63546100 0.40961500
vt 0.54127400 0.45809300
vt 0.54199600 0.36817000
vt 0.30390600 0.47949000
vt 0.05052600 0.30679800
vt 0.02858100 0.27257700
vt 0.28205700 0.51377200
vt 0.94799300 0.45856100
vt 0.94868100 0.37451800
vt 0.55148300 0.50559600
vt 0.29801900 0.27997700
vt 0.97782400 0.66622600
vt 0.97782400 0.64856300
vt 0.85474400 0.79375200
vt 0.67480800 0.79375400
vt 0.72316600 0.50100400
vt 0.72385600 0.54593800
vt 0.00398200 0.41779900
vt 0.01933800 0.60266600
vt 0.25702400 0.36865400
vt 0.01822600 0.50087500
vt 0.59741000 0.37558900
vt 0.59679900 0.45156200
vt 0.59316800 0.57967800
vt 0.59478800 0.58045400
vt 0.60509400 0.56151300
vt 0.33949000 0.20577400
vt 0.34110800 0.20499400
vt 0.60398100 0.48915200
vt 0.00941200 0.63171100
vt 0.60196300 0.82873800
vt 0.92441300 0.50492500
vt 0.92475500 0.53660000
vt 0.92527400 0.55118900
vt 0.92461200 0.49032200
vt 0.95991000 0.18644300
vt 0.40656300 0.59602000
vt 0.40178800 0.53084000
vt 0.70957500 0.18645300
vt 0.32326800 0.36105900
vt 0.31035800 0.84854200
vt 0.30102300 0.65151700
vt 0.00903300 0.40194700
vt 0.26214600 0.38446600
vt 0.98476500 0.68544200
vt 0.98476600 0.62934700
vt 0.28683500 0.29960900
vt 0.54024200 0.48599700
vt 0.29608200 0.56803900
vt 0.22674200 0.51615400
vt 0.04246200 0.21827200
vt 0.22759200 0.58263000
vt 0.03965000 0.22216600
vt 0.22392400 0.58417000
vt 0.29326100 0.56415200
vt 0.22303400 0.51470700
vt 0.73198100 0.58599000
vt 0.18772400 0.37430900
vt 0.44091300 0.41158600
vt 0.60215900 0.83772600
vt 0.00921600 0.64070000
vt 0.27114800 0.55658900
vt 0.27097600 0.54110500
vt 0.10323000 0.60305500
vt 0.48006000 0.41768900
vt 0.22685300 0.36809200
vt 0.10747900 0.41871500
vt 0.36053600 0.36741400
vt 0.22030500 0.34971600
vt 0.47356500 0.43608400
vt 0.84120700 0.43955500
vt 0.84159200 0.39152900
vt 0.49741400 0.55656100
vt 0.83474400 0.18606500
vt 0.13821700 0.31166600
vt 0.86456300 0.47332300
vt 0.26056800 0.41720700
vt 0.20492400 0.37270800
vt 0.45811700 0.41313700
vt 0.74193400 0.45636600
vt 0.74260400 0.37311900
vt 0.42731700 0.55373600
vt 0.08880100 0.41964200
vt 0.34186400 0.36657700
vt 0.89992100 0.71399000
vt 0.62961800 0.71399600
vt 0.34136000 0.20883600
vt 0.59502900 0.57661100
vt 0.85961000 0.71870700
vt 0.66993100 0.71871200
vt 0.53761000 0.25994500
vt 0.48602200 0.10274400
vt 0.89086800 0.70857000
vt 0.63867000 0.70857500
vt 0.54618400 0.17894500
vt 0.47745400 0.33614300
vt 0.69863300 0.53225000
vt 0.62429200 0.40540900
vt 0.69837800 0.51546200
vt 0.62415700 0.42217700
vt 0.67098900 0.42490900
vt 0.67116200 0.40343000
vt 0.48603000 0.06703800
vt 0.53760100 0.22423900
vt 0.40436100 0.55422000
vt 0.40569500 0.57250200
vt 0.39956700 0.58660900
vt 0.97148300 0.18652100
vt 0.69800200 0.18652200
vt 0.39625000 0.54115500
vt 0.16126600 0.41566600
vt 0.41433400 0.37030700
vt 0.22322800 0.54134000
vt 0.22343900 0.55754000
vt 0.40113100 0.14624300
vt 0.62250200 0.30344300
vt 0.82309700 0.69918400
vt 0.70644100 0.69918300
vt 0.33323500 0.22631800
vt 0.33387300 0.22613600
vt 0.53559700 0.45813100
vt 0.58685400 0.55915300
vt 0.53632000 0.36804000
vt 0.58749200 0.55933300
vt 0.59612200 0.57647200
vt 0.34245300 0.20897200
vt 0.11817600 0.60222000
vt 0.01765900 0.32591400
vt 0.02644200 0.35417400
vt 0.27969100 0.43218200
vt 0.76477800 0.78490300
vt 0.17458100 0.49607300
vt 0.17449900 0.45324200
vt 0.94889700 0.52870900
vt 0.94871300 0.51227900
vt 0.70658200 0.69618100
vt 0.82295500 0.69618100
vt 0.94644300 0.66446700
vt 0.94644300 0.65032100
vt 0.81212500 0.57248000
vt 0.42843900 0.43048300
vt 0.81051500 0.47184800
vt 0.17519500 0.35544900
vt 0.27963700 0.10156000
vt 0.74399300 0.25875400
vt 0.77920400 0.46192000
vt 0.17648400 0.41111100
vt 0.77996000 0.36816600
vt 0.42956500 0.37481700
vt 0.81180900 0.56950000
vt 0.81030700 0.47482000
vt 0.89063400 0.45462000
vt 0.89124400 0.37711300
vt 0.94723700 0.61404400
vt 0.94723500 0.70074500
vt 0.11743600 0.60063600
vt 0.95212100 0.48243200
vt 0.12609800 0.22584500
vt 0.95294500 0.55847500
vt 0.37970200 0.56023600
vt 0.36314900 0.56017200
vt 0.10954400 0.22595200
vt 0.46304800 0.51714000
vt 0.24538800 0.35220500
vt 0.49864100 0.43352200
vt 0.42173000 0.33907900
vt 0.60191000 0.18188500
vt 0.76365500 0.38595600
vt 0.76318900 0.44386900
vt 0.75368600 0.58013500
vt 0.39444200 0.43265800
vt 0.14119200 0.35337500
vt 0.84356900 0.49367000
vt 0.57435600 0.55560800
vt 0.57436800 0.55590000
vt 0.32074700 0.22989900
vt 0.32075900 0.22960700
vt 0.22653700 0.51726500
vt 0.22735900 0.58152400
vt 0.17566700 0.40524600
vt 0.42876500 0.38068500
vt 0.99505100 0.64649500
vt 0.99505000 0.66829500
vt 0.79751400 0.78581200
vt 0.12664300 0.23224800
vt 0.38023000 0.55383000
vt 0.07128900 0.60165600
vt 0.84581300 0.47523600
vt 0.86964400 0.14623300
vt 0.57303600 0.54069900
vt 0.31947100 0.24481100
vt 0.84415400 0.48567800
vt 0.61940800 0.38351400
vt 0.61892200 0.44399000
vt 0.99585900 0.65739500
vt 0.55305600 0.50438800
vt 0.29959600 0.28118100
vt 0.03513500 0.38845000
vt 0.28828700 0.39787700
vt 0.30220400 0.57424700
vt 0.04857000 0.21205000
vt 0.65823800 0.40332200
vt 0.65806600 0.42480900
vt 0.34346900 0.57061000
vt 0.08983000 0.21556900
vt 0.60699800 0.67578800
vt 0.88953200 0.28280100
vt 0.00438300 0.87281700
vt 0.13410200 0.12561600
vt 0.83749000 0.10239000
vt 0.77686800 0.10238500
vt 0.94179200 0.51260700
vt 0.94196800 0.52853500
vt 0.35293500 0.47627600
vt 0.09956200 0.30987600
vt 0.26863800 0.32769300
vt 0.52196300 0.45796500
vt 0.07931300 0.51333900
vt 0.85354400 0.69889000
vt 0.82762700 0.39200700
vt 0.28243300 0.29569500
vt 0.53585100 0.48992300
vt 0.72660200 0.61293000
vt 0.65159600 0.57174400
vt 0.65013700 0.47745600
vt 0.12797300 0.23509400
vt 0.38155200 0.55098100
vt 0.05193400 0.42979900
vt 0.30499600 0.35648600
vt 0.27828100 0.31604800
vt 0.53164000 0.46958300
vt 0.68612200 0.14631900
vt 0.98335900 0.14632000
vt 0.94258300 0.40240700
vt 0.94229000 0.43007100
vt 0.01530100 0.53220900
vt 0.37468000 0.56219400
vt 0.12107200 0.22390000
vt 0.66348700 0.84215700
vt 0.86633000 0.84216800
vt 0.89871000 0.80715700
vt 0.16084500 0.47468400
vt 0.63110800 0.80714600
vt 0.69951100 0.79201400
vt 0.81748200 0.63363000
vt 0.83004200 0.79201500
vt 0.71233600 0.63367200
vt 0.44766000 0.54162100
vt 0.84638200 0.17990500
vt 0.94656400 0.52051900
vt 0.80835300 0.61977600
vt 0.71590000 0.78992500
vt 0.72149300 0.61983700
vt 0.81365300 0.78992900
vt 0.48076400 0.52754000
vt 0.09470700 0.58734500
vt 0.09376200 0.51488600
vt 0.59683200 0.98612000
vt 0.01455000 0.78909200
vt 0.82309900 0.17937100
vt 0.17348700 0.37098700
vt 0.42668600 0.41495100
vt 0.76490600 0.91352800
vt 0.77278200 0.78753200
vt 0.75685900 0.60011800
vt 0.67381800 0.47253100
vt 0.67541800 0.57592400
vt 0.39492200 0.55277600
vt 0.39656500 0.57530200
vt 0.24226800 0.34662100
vt 0.49553800 0.43911400
vt 0.77976500 0.45965000
vt 0.78048400 0.37044500
vt 0.54348200 0.51203900
vt 0.67564300 0.57730900
vt 0.28999900 0.27355700
vt 0.67400000 0.47114000
vt 0.47667400 0.22271500
vt 0.54695500 0.06552100
vt 0.08999800 0.22698000
vt 0.34360200 0.55919600
vt 0.53780500 0.20856000
vt 0.48582700 0.05135900
vt 0.78077200 0.37827700
vt 0.78017900 0.45182400
vt 0.33884600 0.21812900
vt 0.33895800 0.21804700
vt 0.59248900 0.56732600
vt 0.59260100 0.56740700
vt 0.34968600 0.56297800
vt 0.09607200 0.22318100
vt 0.42627000 0.55785800
vt 0.59370600 0.43366200
vt 0.59403000 0.39343700
vt 0.26374900 0.47448700
vt 0.01067400 0.58789600
vt 0.00982100 0.51580000
vt 0.81963800 0.55165400
vt 0.81876800 0.49230200
vt 0.04112300 0.22266100
vt 0.29473300 0.56365400
vt 0.80717600 0.13199600
vt 0.45882600 0.54734000
vt 0.28924200 0.55708900
vt 0.03564900 0.22924000
vt 0.74301500 0.15373200
vt 0.92646800 0.15373500
vt 0.87230200 0.36675100
vt 0.34188500 0.35405800
vt 0.87155100 0.46361500
vt 0.08886000 0.43219300
vt 0.81970600 0.57014200
vt 0.81811100 0.47389400
vt 0.37035100 0.55882900
vt 0.11675000 0.22727600
vt 0.29581100 0.56474500
vt 0.04219800 0.22156600
vt 0.14521700 0.42155800
vt 0.39826800 0.36446100
vt 0.03399000 0.22906500
vt 0.21558900 0.58803500
vt 0.28758400 0.55726800
vt 0.21460100 0.51105700
vt 0.22381800 0.46762100
vt 0.22384500 0.48150600
vt 0.94695800 0.62960600
vt 0.94695700 0.68518200
vt 0.73683500 0.47710300
vt 0.73825200 0.56940700
vt 0.09791600 0.22856200
vt 0.35151500 0.55759300
vt 0.55819700 0.36339800
vt 0.83568000 0.48415800
vt 0.83677700 0.55935300
vt 0.03762400 0.22404000
vt 0.22163600 0.58546300
vt 0.29123000 0.56228300
vt 0.22071300 0.51347300
vt 0.78060300 0.41505100
vt 0.89188400 0.17996300
vt 0.27098900 0.53433900
vt 0.27131700 0.56334800
vt 0.32295500 0.22978300
vt 0.57656500 0.55571800
vt 0.04347300 0.21990200
vt 0.29709000 0.56640600
vt 0.25284600 0.45251700
vt 0.25293000 0.49649800
vt 0.89434100 0.48922500
vt 0.89500100 0.55300000
vt 0.90941300 0.36705600
vt 0.30522500 0.35300700
vt 0.05217700 0.43327800
vt 0.90865100 0.46500800
vt 0.29082900 0.27422300
vt 0.54430900 0.51137100
vt 0.22775100 0.37090300
vt 0.48095000 0.41487500
vt 0.94761500 0.48134900
vt 0.12951300 0.23027900
vt 0.94846800 0.55965300
vt 0.38310500 0.55579200
vt 0.21701200 0.57814500
vt 0.21627700 0.52090700
vt 0.09688600 0.22657000
vt 0.35049100 0.55958800
vt 0.81142700 0.14363200
vt 0.78776800 0.58048900
vt 0.15823100 0.82890800
vt 0.45314800 0.63188400
vt 0.45311300 0.43799600
vt 0.78927700 0.57086000
vt 0.78779600 0.47409800
vt 0.19984700 0.34786400
vt 0.71637500 0.69822300
vt 0.81316300 0.69822600
vt 0.79679200 0.36824600
vt 0.41461700 0.36758500
vt 0.79603500 0.46211200
vt 0.16155700 0.41838700
vt 0.80212100 0.56886500
vt 0.80068200 0.47571700
vt 0.71646100 0.69520800
vt 0.81307700 0.69521000
vt 0.01017700 0.58040200
vt 0.00950500 0.52330600
vt 0.57059000 0.38653800
vt 0.57015800 0.44018500
vt 0.13173400 0.27905400
vt 0.38519300 0.50701000
vt 0.88376100 0.67553600
vt 0.88376200 0.63925000
vt 0.26273900 0.46130700
vt 0.77810100 0.80485000
vt 0.26279000 0.48767100
vt 0.75171800 0.80485000
vt 0.32882500 0.22411000
vt 0.58245100 0.56137300
vt 0.70094000 0.53668200
vt 0.70054800 0.51096100
vt 0.83206000 0.57078900
vt 0.83090000 0.47284700
vt 0.69431700 0.12147900
vt 0.92004700 0.12148400
vt 0.10918700 0.22532500
vt 0.36279400 0.56080000
vt 0.49391300 0.57970900
vt 0.85802300 0.18621200
vt 0.95916900 0.42567200
vt 0.94833500 0.49846300
vt 0.94882300 0.54252900
vt 0.18661300 0.36098700
vt 0.43984100 0.42491200
vt 0.13469100 0.53270200
vt 0.13515100 0.56845100
vt 0.67449300 0.14634900
vt 0.99499100 0.14634900
vt 0.71571500 0.41452900
vt 0.72926500 0.80972500
vt 0.80055500 0.80972500
vt 0.64914200 0.70911300
vt 0.88039700 0.70910900
vt 0.45352800 0.82306600
vt 0.15785300 0.62603600
vt 0.00195300 0.96362200
vt 0.13471000 0.03472900
vt 0.88891700 0.19191400
vt 0.60942800 0.76659300
vt 0.02679500 0.27244100
vt 0.17138800 0.59360500
vt 0.17027000 0.50662400
vt 0.28027100 0.51391300
vt 0.62206000 0.19911100
vt 0.40156900 0.04191000
vt 0.67651800 0.70035300
vt 0.79597200 0.60872900
vt 0.73235400 0.78859000
vt 0.49523000 0.56808400
vt 0.92549100 0.36786400
vt 0.28931400 0.35302900
vt 0.92471400 0.46482100
vt 0.03625600 0.43327800
vt 0.89196700 0.14610100
vt 0.82540400 0.52189600
vt 0.11634900 0.22662800
vt 0.36995100 0.55947800
vt 0.17757000 0.47465200
vt 0.05376500 0.61142400
vt 0.55761000 0.80845500
vt 0.93777300 0.15352300
vt 0.73171000 0.15352100
vt 0.11895700 0.23001100
vt 0.37255100 0.55608800
vt 0.83415200 0.42278200
vt 0.83426900 0.40818500
vt 0.72111300 0.51438200
vt 0.72139200 0.53262900
vt 0.25708000 0.38539200
vt 0.00396500 0.40103900
vt 0.94037800 0.45014200
vt 0.94093100 0.38249600
vt 0.78601900 0.91343800
vt 0.74379300 0.91343600
vt 0.30757500 0.25855800
vt 0.56110100 0.52698700
vt 0.01965900 0.41275800
vt 0.27273300 0.37360400
vt 0.61453500 0.56822200
vt 0.61320400 0.48214800
vt 0.16829600 0.54174000
vt 0.16851200 0.55855200
vt 0.39446500 0.56413200
vt 0.66957800 0.04563300
vt 0.77318800 0.99803700
vt 0.75661800 0.99803600
vt 0.35405100 0.20282800
vt 0.23990700 0.34247700
vt 0.49318900 0.44326600
vt 0.48838000 0.59002600
vt 0.86960500 0.18621000
vt 0.40136200 0.05883100
vt 0.62226800 0.21603200
vt 0.29685000 0.56129300
vt 0.04324600 0.22501600
vt 0.60155600 0.88510000
vt 0.00982600 0.68807400
vt 0.86310600 0.55503500
vt 0.42124900 0.31638000
vt 0.60239800 0.15918600
vt 0.69358700 0.12574100
vt 0.84303500 0.43345300
vt 0.84332200 0.39765900
vt 0.92077900 0.12574600
vt 0.68726200 0.70164800
vt 0.20279600 0.44922400
vt 0.20289300 0.49998300
vt 0.93849700 0.48652000
vt 0.93924400 0.55468000
vt 0.74025400 0.78546300
vt 0.74163200 0.52319300
vt 0.40956700 0.52247600
vt 0.72084200 0.18640300
vt 0.70991900 0.48960700
vt 0.71096700 0.55773700
vt 0.17458800 0.35916800
vt 0.42782100 0.42676600
vt 0.94874300 0.52049400
vt 0.26044900 0.35726700
vt 0.00611100 0.50079400
vt 0.00723200 0.60297300
vt 0.00747400 0.42918300
vt 0.00255300 0.93848000
vt 0.13433500 0.05988200
vt 0.88929300 0.21706700
vt 0.60882900 0.74145100
vt 0.76491000 0.81030800
vt 0.86458300 0.56525200
vt 0.81116200 0.49271900
vt 0.81203600 0.55150600
vt 0.01401200 0.54179100
vt 0.37990800 0.36445300
vt 0.12685900 0.42161900
vt 0.08216300 0.22237500
vt 0.33578000 0.56382100
vt 0.86159300 0.50378000
vt 0.77314400 0.59870700
vt 0.34158000 0.21399900
vt 0.59523400 0.57144800
vt 0.95870700 0.43441600
vt 0.84064600 0.77696600
vt 0.68890600 0.77696700
vt 0.40108800 0.16173800
vt 0.62254500 0.31893800
vt 0.67938200 0.71698400
vt 0.85015800 0.71698100
vt 0.70568300 0.77444800
vt 0.82386900 0.77445000
vt 0.83189500 0.38266200
vt 0.83136500 0.44826200
vt 0.99770000 0.54836800
vt 0.99715700 0.49160000
vt 0.41483300 0.58831900
vt 0.41110200 0.53724300
vt 0.82505100 0.50184500
vt 0.82563100 0.54193500
vt 0.73203800 0.78585200
vt 0.27953600 0.14768300
vt 0.74410100 0.30487800
vt 0.88293800 0.65739300
vt 0.61618600 0.43480000
vt 0.61652500 0.39265900
vt 0.46549300 0.59455200
vt 0.26812200 0.35336800
vt 0.94676400 0.36957100
vt 0.01515700 0.43294000
vt 0.94606400 0.46406800
vt 0.46032300 0.52372100
vt 0.32799000 0.21863000
vt 0.32827300 0.21780400
vt 0.58163200 0.56685600
vt 0.58191600 0.56768100
vt 0.27102400 0.54884900
vt 0.66949700 0.03738100
vt 0.35413200 0.19457600
vt 0.76490300 0.99804700
vt 0.83072100 0.61499700
vt 0.75460500 0.14460600
vt 0.69913400 0.61501300
vt 0.91487900 0.14460600
vt 0.16132100 0.46782700
vt 0.89196900 0.80784600
vt 0.16134700 0.48153800
vt 0.63784900 0.80783500
vt 0.22329100 0.52854000
vt 0.22383000 0.57033500
vt 0.80056000 0.13772300
vt 0.93960500 0.42299400
vt 0.93977500 0.40941700
vt 0.81379300 0.13772000
vt 0.95037400 0.43224100
vt 0.23226700 0.52925100
vt 0.23278900 0.56939900
vt 0.69100600 0.79060100
vt 0.83854700 0.79060100
vt 0.02003900 0.38763300
vt 0.27319500 0.39873900
vt 0.73808100 0.84118800
vt 0.79173700 0.84118800
vt 0.47947000 0.59707000
vt 0.78109000 0.13147200
vt 0.83326300 0.13147600
vt 0.84430100 0.54961400
vt 0.70372400 0.54153500
vt 0.70318000 0.50602400
vt 0.10256500 0.21624600
vt 0.35620000 0.56990000
vt 0.15475900 0.95011500
vt 0.45662100 0.75308900
vt 0.81963400 0.52198300
vt 0.74410600 0.31390100
vt 0.27953000 0.15670700
vt 0.66819900 0.16150100
vt 0.88891100 0.99414200
vt 0.31070600 0.81583300
vt 0.30067700 0.61880800
vt 0.90020200 0.12461800
vt 0.71416100 0.12460900
vt 0.94675100 0.38883400
vt 0.94628800 0.44370600
vt 0.40130500 0.07333700
vt 0.62232500 0.23053800
vt 0.22421400 0.36019900
vt 0.47744400 0.42559000
vt 0.17467900 0.39579200
vt 0.42780500 0.39014100
vt 0.02154100 0.50452900
vt 0.02258800 0.59895500
vt 0.72078800 0.18015700
vt 0.54701900 0.07256800
vt 0.47661000 0.22976200
vt 0.58940600 0.56459200
vt 0.33577100 0.22087100
vt 0.47104200 0.60413000
vt 0.89191300 0.18624300
vt 0.81259600 0.44237500
vt 0.81303200 0.38824700
vt 0.01098300 0.35334400
vt 0.15772600 0.66149300
vt 0.45365600 0.85852300
vt 0.81944500 0.56605800
vt 0.81809200 0.47792600
vt 0.45907100 0.60376000
vt 0.13551900 0.51084600
vt 0.13653900 0.59027900
vt 0.73334800 0.60773100
vt 0.74077000 0.60358900
vt 0.32795500 0.57172300
vt 0.07431200 0.21449500
vt 0.74867500 0.60065700
vt 0.43924500 0.54236400
vt 0.66735500 0.70499700
vt 0.86218400 0.70499200
vt 0.40011400 0.43593800
vt 0.14685400 0.35007800
vt 0.85804400 0.15244900
vt 0.38021400 0.36073100
vt 0.12717500 0.42533900
vt 0.94985900 0.45686700
vt 0.95051800 0.37591800
vt 0.80717800 0.10279900
vt 0.72412600 0.78916300
vt 0.80255000 0.61381700
vt 0.39317600 0.55250900
vt 0.68638000 0.18657200
vt 0.98310200 0.18657100
vt 0.39487600 0.57581900
vt 0.48720400 0.53622400
vt 0.71065800 0.47930400
vt 0.71202300 0.56801200
vt 0.89707300 0.56695700
vt 0.39005000 0.50671300
vt 0.89599000 0.47523200
vt 0.13659300 0.27933800
vt 0.35873900 0.55706700
vt 0.10514200 0.22906900
vt 0.17390200 0.36414300
vt 0.42712000 0.42179400
vt 0.14490900 0.41808800
vt 0.39796900 0.36793200
vt 0.92422100 0.44587200
vt 0.92472400 0.38639000
vt 0.82243500 0.60697600
vt 0.70743600 0.60700900
vt 0.70953100 0.18017000
vt 0.95995200 0.18017500
vt 0.63806600 0.70696800
vt 0.10088900 0.56066800
vt 0.89147200 0.70696400
vt 0.10064300 0.54137000
vt 0.08329400 0.50580100
vt 0.12648800 0.41707100
vt 0.37955100 0.36900100
vt 0.92929100 0.44435000
vt 0.92977600 0.38795900
vt 0.46438200 0.51347500
vt 0.77757000 0.18606000
vt 0.94699200 0.53622000
vt 0.94664300 0.50481200
vt 0.94410000 0.48771400
vt 0.94481800 0.55336500
vt 0.46914500 0.60068200
vt 0.03983300 0.59242000
vt 0.03888600 0.51077900
vt 0.90317500 0.18003100
f 3412/3412 3944/3944 740/740
f 3412/3412 740/740 1427/1427
f 565/565 440/440 3235/3235
f 565/565 3235/3235 1265/1265
f 3337/3337 3340/3340 743/743
f 3337/3337 743/743 1427/1427
f 300/300 65/65 3235/3235
f 300/300 3235/3235 1820/1820
f 2533/2533 2192/2192 1848/1848
f 2533/2533 1848/1848 2648/2648
f 2192/2192 3081/3081 102/102
f 2192/2192 102/102 1848/1848
f 1848/1848 102/102 429/429
f 1848/1848 429/429 3023/3023
f 2648/2648 1848/1848 3023/3023
f 2648/2648 3023/3023 3281/3281
f 3691/3691 324/324 1309/1309
f 3691/3691 1309/1309 4019/4019
f 324/324 3064/3064 2593/2593
f 324/324 2593/2593 1309/1309
f 1309/1309 2593/2593 687/687
f 1309/1309 687/687 2370/2370
f 4019/4019 1309/1309 2370/2370
f 4019/4019 2370/2370 417/417
f 3898/3898 268/268 3872/3872
f 3898/3898 3872/3872 1839/1839
f 268/268 4053/4053 274/274
f 268/268 274/274 3872/3872
f 3872/3872 274/274 1351/1351
f 3872/3872 1351/1351 2584/2584
f 1839/1839 3872/3872 2584/2584
f 1839/1839 2584/2584 396/396
f 440/440 3657/3657 1820/1820
f 440/440 1820/1820 3235/3235
f 3658/3658 1617/1617 3593/3593
f 3658/3658 3593/3593 1821/1821
f 65/65 2748/2748 1265/1265
f 65/65 1265/1265 3235/3235
f 986/986 1201/1201 3593/3593
f 986/986 3593/3593 613/613
f 3081/3081 4046/4046 1969/1969
f 3081/3081 1969/1969 102/102
f 4046/4046 507/507 2280/2280
f 4046/4046 2280/2280 1969/1969
f 1969/1969 2280/2280 3874/3874
f 1969/1969 3874/3874 40/40
f 102/102 1969/1969 40/40
f 102/102 40/40 429/429
f 1617/1617 2240/2240 613/613
f 1617/1617 613/613 3593/3593
f 2240/2240 1469/1469 3541/3541
f 2240/2240 3541/3541 613/613
f 1201/1201 301/301 1821/1821
f 1201/1201 1821/1821 3593/3593
f 1753/1753 155/155 3541/3541
f 1753/1753 3541/3541 1052/1052
f 508/508 2092/2092 2139/2139
f 508/508 2139/2139 2281/2281
f 2092/2092 3930/3930 2350/2350
f 2092/2092 2350/2350 2139/2139
f 2139/2139 2350/2350 3883/3883
f 2139/2139 3883/3883 1154/1154
f 2281/2281 2139/2139 1154/1154
f 2281/2281 1154/1154 3875/3875
f 1469/1469 1553/1553 1052/1052
f 1469/1469 1052/1052 3541/3541
f 1553/1553 1851/1851 3166/3166
f 1553/1553 3166/3166 1052/1052
f 155/155 986/986 613/613
f 155/155 613/613 3541/3541
f 472/472 474/474 3166/3166
f 472/472 3166/3166 2257/2257
f 3930/3930 1643/1643 3732/3732
f 3930/3930 3732/3732 2350/2350
f 1643/1643 1431/1431 713/713
f 1643/1643 713/713 3732/3732
f 3732/3732 713/713 1758/1758
f 3732/3732 1758/1758 3374/3374
f 2350/2350 3732/3732 3374/3374
f 2350/2350 3374/3374 3883/3883
f 1851/1851 1119/1119 2257/2257
f 1851/1851 2257/2257 3166/3166
f 223/223 1066/1066 529/529
f 223/223 529/529 232/232
f 474/474 1753/1753 1052/1052
f 474/474 1052/1052 3166/3166
f 2748/2748 1666/1666 529/529
f 2748/2748 529/529 1265/1265
f 1431/1431 924/924 1433/1433
f 1431/1431 1433/1433 713/713
f 924/924 2301/2301 3922/3922
f 924/924 3922/3922 1433/1433
f 1433/1433 3922/3922 4012/4012
f 1433/1433 4012/4012 1680/1680
f 713/713 1433/1433 1680/1680
f 713/713 1680/1680 1758/1758
f 2483/2483 3354/3354 3616/3616
f 2483/2483 3616/3616 3544/3544
f 3354/3354 336/336 3041/3041
f 3354/3354 3041/3041 3616/3616
f 3616/3616 3041/3041 381/381
f 3616/3616 381/381 2500/2500
f 3544/3544 3616/3616 2500/2500
f 3544/3544 2500/2500 2801/2801
f 1521/1521 3329/3329 3026/3026
f 1521/1521 3026/3026 3101/3101
f 3329/3329 2483/2483 3544/3544
f 3329/3329 3544/3544 3026/3026
f 3026/3026 3544/3544 2801/2801
f 3026/3026 2801/2801 889/889
f 3101/3101 3026/3026 889/889
f 3101/3101 889/889 623/623
f 1514/1514 2310/2310 3018/3018
f 1514/1514 3018/3018 1493/1493
f 2310/2310 1521/1521 3101/3101
f 2310/2310 3101/3101 3018/3018
f 3018/3018 3101/3101 623/623
f 3018/3018 623/623 3071/3071
f 1493/1493 3018/3018 3071/3071
f 1493/1493 3071/3071 731/731
f 3842/3842 2293/2293 188/188
f 3842/3842 188/188 1092/1092
f 2293/2293 2945/2945 1014/1014
f 2293/2293 1014/1014 188/188
f 188/188 1014/1014 3093/3093
f 188/188 3093/3093 3744/3744
f 1092/1092 188/188 3744/3744
f 1092/1092 3744/3744 3103/3103
f 1066/1066 565/565 1265/1265
f 1066/1066 1265/1265 529/529
f 835/835 2333/2333 3278/3278
f 835/835 3278/3278 3603/3603
f 1666/1666 414/414 232/232
f 1666/1666 232/232 529/529
f 2258/2258 3177/3177 2113/2113
f 2258/2258 2113/2113 473/473
f 4053/4053 1982/1982 1633/1633
f 4053/4053 1633/1633 274/274
f 1982/1982 1515/1515 1492/1492
f 1982/1982 1492/1492 1633/1633
f 1633/1633 1492/1492 730/730
f 1633/1633 730/730 3818/3818
f 274/274 1633/1633 3818/3818
f 274/274 3818/3818 1351/1351
f 417/417 2370/2370 3392/3392
f 417/417 3392/3392 1324/1324
f 2370/2370 687/687 2623/2623
f 2370/2370 2623/2623 3392/3392
f 3392/3392 2623/2623 3582/3582
f 3392/3392 3582/3582 2354/2354
f 1324/1324 3392/3392 2354/2354
f 1324/1324 2354/2354 2697/2697
f 2697/2697 2354/2354 2628/2628
f 2697/2697 2628/2628 2082/2082
f 2354/2354 3582/3582 903/903
f 2354/2354 903/903 2628/2628
f 2628/2628 3412/3412 1037/1037
f 2628/2628 1037/1037 2082/2082
f 1658/1658 565/565 1066/1066
f 1658/1658 1066/1066 4078/4078
f 3081/3081 2192/2192 279/279
f 3081/3081 279/279 3058/3058
f 2192/2192 2533/2533 485/485
f 2192/2192 485/485 279/279
f 279/279 485/485 1690/1690
f 279/279 1690/1690 2312/2312
f 3058/3058 279/279 2312/2312
f 3058/3058 2312/2312 998/998
f 998/998 2312/2312 1666/1666
f 998/998 1666/1666 2748/2748
f 2312/2312 1690/1690 414/414
f 2312/2312 414/414 1666/1666
f 396/396 2584/2584 3011/3011
f 396/396 3011/3011 2481/2481
f 2584/2584 1351/1351 1372/1372
f 2584/2584 1372/1372 3011/3011
f 3011/3011 1372/1372 3490/3490
f 3011/3011 3490/3490 849/849
f 2481/2481 3011/3011 849/849
f 2481/2481 849/849 2865/2865
f 2865/2865 849/849 4078/4078
f 2865/2865 4078/4078 2578/2578
f 849/849 3490/3490 1658/1658
f 849/849 1658/1658 4078/4078
f 4078/4078 1066/1066 223/223
f 4078/4078 223/223 2578/2578
f 1832/1832 3657/3657 440/440
f 1832/1832 440/440 2025/2025
f 507/507 4046/4046 3323/3323
f 507/507 3323/3323 3961/3961
f 4046/4046 3081/3081 3058/3058
f 4046/4046 3058/3058 3323/3323
f 3323/3323 3058/3058 998/998
f 3323/3323 998/998 367/367
f 3961/3961 3323/3323 367/367
f 3961/3961 367/367 2871/2871
f 2871/2871 367/367 65/65
f 2871/2871 65/65 300/300
f 367/367 998/998 2748/2748
f 367/367 2748/2748 65/65
f 1351/1351 3818/3818 378/378
f 1351/1351 378/378 1372/1372
f 3818/3818 730/730 1481/1481
f 3818/3818 1481/1481 378/378
f 378/378 1481/1481 2553/2553
f 378/378 2553/2553 3349/3349
f 1372/1372 378/378 3349/3349
f 1372/1372 3349/3349 3490/3490
f 3490/3490 3349/3349 2025/2025
f 3490/3490 2025/2025 1658/1658
f 3349/3349 2553/2553 1832/1832
f 3349/3349 1832/1832 2025/2025
f 2025/2025 440/440 565/565
f 2025/2025 565/565 1658/1658
f 3564/3564 2240/2240 1617/1617
f 3564/3564 1617/1617 3996/3996
f 3930/3930 2092/2092 266/266
f 3930/3930 266/266 3084/3084
f 2092/2092 508/508 3962/3962
f 2092/2092 3962/3962 266/266
f 266/266 3962/3962 2872/2872
f 266/266 2872/2872 1140/1140
f 3084/3084 266/266 1140/1140
f 3084/3084 1140/1140 4059/4059
f 4059/4059 1140/1140 1201/1201
f 4059/4059 1201/1201 986/986
f 1140/1140 2872/2872 301/301
f 1140/1140 301/301 1201/1201
f 731/731 3071/3071 2412/2412
f 731/731 2412/2412 1482/1482
f 3071/3071 623/623 3981/3981
f 3071/3071 3981/3981 2412/2412
f 2412/2412 3981/3981 1327/1327
f 2412/2412 1327/1327 4050/4050
f 1482/1482 2412/2412 4050/4050
f 1482/1482 4050/4050 2554/2554
f 2554/2554 4050/4050 3996/3996
f 2554/2554 3996/3996 1833/1833
f 4050/4050 1327/1327 3564/3564
f 4050/4050 3564/3564 3996/3996
f 3996/3996 1617/1617 3658/3658
f 3996/3996 3658/3658 1833/1833
f 2491/2491 1553/1553 1469/1469
f 2491/2491 1469/1469 824/824
f 1431/1431 1643/1643 3552/3552
f 1431/1431 3552/3552 3728/3728
f 1643/1643 3930/3930 3084/3084
f 1643/1643 3084/3084 3552/3552
f 3552/3552 3084/3084 4059/4059
f 3552/3552 4059/4059 1781/1781
f 3728/3728 3552/3552 1781/1781
f 3728/3728 1781/1781 4068/4068
f 4068/4068 1781/1781 155/155
f 4068/4068 155/155 1753/1753
f 1781/1781 4059/4059 986/986
f 1781/1781 986/986 155/155
f 623/623 889/889 3144/3144
f 623/623 3144/3144 3981/3981
f 889/889 2801/2801 603/603
f 889/889 603/603 3144/3144
f 3144/3144 603/603 263/263
f 3144/3144 263/263 679/679
f 3981/3981 3144/3144 679/679
f 3981/3981 679/679 1327/1327
f 1327/1327 679/679 824/824
f 1327/1327 824/824 3564/3564
f 679/679 263/263 2491/2491
f 679/679 2491/2491 824/824
f 824/824 1469/1469 2240/2240
f 824/824 2240/2240 3564/3564
f 1299/1299 1119/1119 1851/1851
f 1299/1299 1851/1851 445/445
f 2301/2301 924/924 2514/2514
f 2301/2301 2514/2514 614/614
f 924/924 1431/1431 3728/3728
f 924/924 3728/3728 2514/2514
f 2514/2514 3728/3728 4068/4068
f 2514/2514 4068/4068 1132/1132
f 614/614 2514/2514 1132/1132
f 614/614 1132/1132 1885/1885
f 1885/1885 1132/1132 474/474
f 1885/1885 474/474 472/472
f 1132/1132 4068/4068 1753/1753
f 1132/1132 1753/1753 474/474
f 2801/2801 2500/2500 912/912
f 2801/2801 912/912 603/603
f 2500/2500 381/381 2048/2048
f 2500/2500 2048/2048 912/912
f 912/912 2048/2048 4051/4051
f 912/912 4051/4051 3938/3938
f 603/603 912/912 3938/3938
f 603/603 3938/3938 263/263
f 263/263 3938/3938 445/445
f 263/263 445/445 2491/2491
f 3938/3938 4051/4051 1299/1299
f 3938/3938 1299/1299 445/445
f 445/445 1851/1851 1553/1553
f 445/445 1553/1553 2491/2491
f 1217/1217 835/835 3603/3603
f 1217/1217 3603/3603 2081/2081
f 236/236 3109/3109 3911/3911
f 236/236 3911/3911 2375/2375
f 3109/3109 2302/2302 615/615
f 3109/3109 615/615 3911/3911
f 3911/3911 615/615 1884/1884
f 3911/3911 1884/1884 1672/1672
f 2375/2375 3911/3911 1672/1672
f 2375/2375 1672/1672 4037/4037
f 4037/4037 1672/1672 2113/2113
f 4037/4037 2113/2113 934/934
f 1672/1672 1884/1884 473/473
f 1672/1672 473/473 2113/2113
f 3177/3177 2665/2665 934/934
f 3177/3177 934/934 2113/2113
f 2333/2333 1876/1876 544/544
f 2333/2333 544/544 3278/3278
f 3603/3603 3278/3278 622/622
f 3603/3603 622/622 634/634
f 3278/3278 544/544 3383/3383
f 3278/3278 3383/3383 622/622
f 2790/2790 2772/2772 2075/2075
f 2790/2790 2075/2075 3841/3841
f 2572/2572 2075/2075 2772/2772
f 2572/2572 2772/2772 3588/3588
f 2367/2367 2766/2766 3265/3265
f 2367/2367 3265/3265 1889/1889
f 2766/2766 1046/1046 2/2
f 2766/2766 2/2 3265/3265
f 3265/3265 2/2 2079/2079
f 3265/3265 2079/2079 1906/1906
f 1889/1889 3265/3265 1906/1906
f 1889/1889 1906/1906 569/569
f 2321/2321 1217/1217 2081/2081
f 2321/2321 2081/2081 702/702
f 2081/2081 3603/3603 634/634
f 2081/2081 634/634 438/438
f 2498/2498 2572/2572 3588/3588
f 2498/2498 3588/3588 3462/3462
f 702/702 2081/2081 438/438
f 702/702 438/438 2198/2198
f 2041/2041 2965/2965 978/978
f 2041/2041 978/978 2617/2617
f 2965/2965 2321/2321 702/702
f 2965/2965 702/702 978/978
f 978/978 702/702 2198/2198
f 978/978 2198/2198 3495/3495
f 2617/2617 978/978 3495/3495
f 2617/2617 3495/3495 3287/3287
f 1876/1876 2367/2367 1889/1889
f 1876/1876 1889/1889 544/544
f 544/544 1889/1889 569/569
f 544/544 569/569 3383/3383
f 1046/1046 1614/1614 3187/3187
f 1046/1046 3187/3187 2/2
f 1614/1614 105/105 1558/1558
f 1614/1614 1558/1558 3187/3187
f 3187/3187 1558/1558 641/641
f 3187/3187 641/641 1101/1101
f 2/2 3187/3187 1101/1101
f 2/2 1101/1101 2079/2079
f 3067/3067 3173/3173 3631/3631
f 3067/3067 3631/3631 3644/3644
f 3173/3173 2041/2041 2617/2617
f 3173/3173 2617/2617 3631/3631
f 3631/3631 2617/2617 3287/3287
f 3631/3631 3287/3287 115/115
f 3644/3644 3631/3631 115/115
f 3644/3644 115/115 606/606
f 3462/3462 3588/3588 801/801
f 3462/3462 801/801 654/654
f 3588/3588 2772/2772 2232/2232
f 3588/3588 2232/2232 801/801
f 634/634 622/622 947/947
f 634/634 947/947 3775/3775
f 438/438 634/634 3775/3775
f 438/438 3775/3775 1460/1460
f 3998/3998 2232/2232 2772/2772
f 3998/3998 2772/2772 2790/2790
f 3383/3383 577/577 947/947
f 3383/3383 947/947 622/622
f 3775/3775 947/947 2075/2075
f 3775/3775 2075/2075 2572/2572
f 577/577 3841/3841 2075/2075
f 577/577 2075/2075 947/947
f 232/232 414/414 1798/1798
f 232/232 1798/1798 2895/2895
f 232/232 2895/2895 3934/3934
f 232/232 3934/3934 223/223
f 1460/1460 3775/3775 2572/2572
f 1460/1460 2572/2572 2498/2498
f 2578/2578 223/223 3934/3934
f 2578/2578 3934/3934 782/782
f 641/641 3998/3998 2790/2790
f 641/641 2790/2790 1101/1101
f 1101/1101 2790/2790 3841/3841
f 1101/1101 3841/3841 2079/2079
f 3287/3287 2498/2498 3462/3462
f 3287/3287 3462/3462 115/115
f 115/115 3462/3462 654/654
f 115/115 654/654 606/606
f 2198/2198 438/438 1460/1460
f 2198/2198 1460/1460 3495/3495
f 3495/3495 1460/1460 2498/2498
f 3495/3495 2498/2498 3287/3287
f 569/569 1906/1906 577/577
f 569/569 577/577 3383/3383
f 1906/1906 2079/2079 3841/3841
f 1906/1906 3841/3841 577/577
f 3898/3898 1839/1839 3131/3131
f 3898/3898 3131/3131 685/685
f 1839/1839 396/396 3480/3480
f 1839/1839 3480/3480 3131/3131
f 3131/3131 3480/3480 2040/2040
f 3131/3131 2040/2040 3172/3172
f 685/685 3131/3131 3172/3172
f 685/685 3172/3172 3066/3066
f 782/782 3934/3934 836/836
f 782/782 836/836 1218/1218
f 3934/3934 2895/2895 2334/2334
f 3934/3934 2334/2334 836/836
f 144/144 2723/2723 1602/1602
f 144/144 1602/1602 3773/3773
f 2723/2723 2167/2167 2720/2720
f 2723/2723 2720/2720 1602/1602
f 2533/2533 2648/2648 3707/3707
f 2533/2533 3707/3707 110/110
f 2648/2648 3281/3281 394/394
f 2648/2648 394/394 3707/3707
f 3707/3707 394/394 104/104
f 3707/3707 104/104 1613/1613
f 110/110 3707/3707 1613/1613
f 110/110 1613/1613 1045/1045
f 2895/2895 1798/1798 1877/1877
f 2895/2895 1877/1877 2334/2334
f 414/414 1690/1690 765/765
f 414/414 765/765 1798/1798
f 1798/1798 765/765 2368/2368
f 1798/1798 2368/2368 1877/1877
f 1367/1367 1836/1836 144/144
f 1367/1367 144/144 3773/3773
f 396/396 2481/2481 3509/3509
f 396/396 3509/3509 3480/3480
f 2481/2481 2865/2865 260/260
f 2481/2481 260/260 3509/3509
f 3509/3509 260/260 2322/2322
f 3509/3509 2322/2322 2966/2966
f 3480/3480 3509/3509 2966/2966
f 3480/3480 2966/2966 2040/2040
f 2865/2865 2578/2578 782/782
f 2865/2865 782/782 260/260
f 260/260 782/782 1218/1218
f 260/260 1218/1218 2322/2322
f 1690/1690 485/485 1681/1681
f 1690/1690 1681/1681 765/765
f 485/485 2533/2533 110/110
f 485/485 110/110 1681/1681
f 1681/1681 110/110 1045/1045
f 1681/1681 1045/1045 2765/2765
f 765/765 1681/1681 2765/2765
f 765/765 2765/2765 2368/2368
f 3773/3773 1602/1602 2318/2318
f 3773/3773 2318/2318 3024/3024
f 1602/1602 2720/2720 3896/3896
f 1602/1602 3896/3896 2318/2318
f 903/903 2668/2668 3358/3358
f 903/903 3358/3358 3944/3944
f 740/740 3944/3944 3358/3358
f 740/740 3358/3358 2008/2008
f 2805/2805 1367/1367 3773/3773
f 2805/2805 3773/3773 3024/3024
f 3087/3087 655/655 740/740
f 3087/3087 740/740 2008/2008
f 1836/1836 3087/3087 2008/2008
f 1836/1836 2008/2008 144/144
f 2008/2008 3358/3358 2723/2723
f 2008/2008 2723/2723 144/144
f 778/778 2665/2665 3177/3177
f 778/778 3177/3177 153/153
f 2665/2665 147/147 3869/3869
f 2665/2665 3869/3869 934/934
f 3358/3358 2668/2668 2167/2167
f 3358/3358 2167/2167 2723/2723
f 1300/1300 2891/2891 153/153
f 1300/1300 153/153 1120/1120
f 2945/2945 122/122 3087/3087
f 2945/2945 3087/3087 1836/1836
f 122/122 805/805 655/655
f 122/122 655/655 3087/3087
f 3093/3093 1014/1014 1367/1367
f 3093/3093 1367/1367 2805/2805
f 1014/1014 2945/2945 1836/1836
f 1014/1014 1836/1836 1367/1367
f 2668/2668 903/903 3582/3582
f 2668/2668 3582/3582 2623/2623
f 2167/2167 2668/2668 2623/2623
f 2167/2167 2623/2623 687/687
f 2720/2720 2167/2167 687/687
f 2720/2720 687/687 2593/2593
f 3896/3896 2720/2720 2593/2593
f 3896/3896 2593/2593 3064/3064
f 2891/2891 3689/3689 778/778
f 2891/2891 778/778 153/153
f 3689/3689 3165/3165 2549/2549
f 3689/3689 2549/2549 778/778
f 153/153 3177/3177 2258/2258
f 153/153 2258/2258 1120/1120
f 742/742 147/147 2549/2549
f 742/742 2549/2549 1036/1036
f 1214/1214 2352/2352 3869/3869
f 1214/1214 3869/3869 3339/3339
f 2352/2352 4037/4037 934/934
f 2352/2352 934/934 3869/3869
f 147/147 742/742 3339/3339
f 147/147 3339/3339 3869/3869
f 3338/3338 1426/1426 745/745
f 3338/3338 745/745 3342/3342
f 3843/3843 883/883 2821/2821
f 3843/3843 2821/2821 1910/1910
f 883/883 236/236 2375/2375
f 883/883 2375/2375 2821/2821
f 2821/2821 2375/2375 4037/4037
f 2821/2821 4037/4037 2352/2352
f 1910/1910 2821/2821 2352/2352
f 1910/1910 2352/2352 1214/1214
f 4052/4052 2597/2597 2891/2891
f 4052/4052 2891/2891 1300/1300
f 2597/2597 2324/2324 3689/3689
f 2597/2597 3689/3689 2891/2891
f 382/382 552/552 1321/1321
f 382/382 1321/1321 2047/2047
f 552/552 2209/2209 3271/3271
f 552/552 3271/3271 1321/1321
f 1321/1321 3271/3271 2324/2324
f 1321/1321 2324/2324 2597/2597
f 2047/2047 1321/1321 2597/2597
f 2047/2047 2597/2597 4052/4052
f 2302/2302 3109/3109 1304/1304
f 2302/2302 1304/1304 3923/3923
f 3109/3109 236/236 2409/2409
f 3109/3109 2409/2409 1304/1304
f 1304/1304 2409/2409 361/361
f 1304/1304 361/361 3712/3712
f 3923/3923 1304/1304 3712/3712
f 3923/3923 3712/3712 4014/4014
f 338/338 2474/2474 664/664
f 338/338 664/664 3042/3042
f 2474/2474 2995/2995 2517/2517
f 2474/2474 2517/2517 664/664
f 664/664 2517/2517 2209/2209
f 664/664 2209/2209 552/552
f 3042/3042 664/664 552/552
f 3042/3042 552/552 382/382
f 2945/2945 2293/2293 2994/2994
f 2945/2945 2994/2994 122/122
f 2293/2293 3842/3842 1909/1909
f 2293/2293 1909/1909 2994/2994
f 2994/2994 1909/1909 1213/1213
f 2994/2994 1213/1213 3796/3796
f 122/122 2994/2994 3796/3796
f 122/122 3796/3796 805/805
f 805/805 3796/3796 3337/3337
f 805/805 3337/3337 655/655
f 3796/3796 1213/1213 3340/3340
f 3796/3796 3340/3340 3337/3337
f 3165/3165 2083/2083 1036/1036
f 3165/3165 1036/1036 2549/2549
f 2085/2085 1039/1039 3411/3411
f 2085/2085 3411/3411 2629/2629
f 2549/2549 147/147 2665/2665
f 2549/2549 2665/2665 778/778
f 1039/1039 745/745 1426/1426
f 1039/1039 1426/1426 3411/3411
f 2324/2324 1503/1503 3165/3165
f 2324/2324 3165/3165 3689/3689
f 1503/1503 2696/2696 2083/2083
f 1503/1503 2083/2083 3165/3165
f 2209/2209 3261/3261 408/408
f 2209/2209 408/408 3271/3271
f 3261/3261 418/418 1323/1323
f 3261/3261 1323/1323 408/408
f 408/408 1323/1323 2696/2696
f 408/408 2696/2696 1503/1503
f 3271/3271 408/408 1503/1503
f 3271/3271 1503/1503 2324/2324
f 236/236 883/883 2847/2847
f 236/236 2847/2847 2409/2409
f 883/883 3843/3843 1091/1091
f 883/883 1091/1091 2847/2847
f 2847/2847 1091/1091 3104/3104
f 2847/2847 3104/3104 3965/3965
f 2409/2409 2847/2847 3965/3965
f 2409/2409 3965/3965 361/361
f 2995/2995 1095/1095 2163/2163
f 2995/2995 2163/2163 2517/2517
f 1095/1095 3690/3690 4020/4020
f 1095/1095 4020/4020 2163/2163
f 2163/2163 4020/4020 418/418
f 2163/2163 418/418 3261/3261
f 2517/2517 2163/2163 3261/3261
f 2517/2517 3261/3261 2209/2209
f 3411/3411 1426/1426 741/741
f 3411/3411 741/741 3945/3945
f 656/656 741/741 1426/1426
f 656/656 1426/1426 3338/3338
f 66/66 3236/3236 1264/1264
f 66/66 1264/1264 2747/2747
f 564/564 1264/1264 3236/3236
f 564/564 3236/3236 441/441
f 2534/2534 2647/2647 1849/1849
f 2534/2534 1849/1849 2191/2191
f 2647/2647 3280/3280 3022/3022
f 2647/2647 3022/3022 1849/1849
f 1849/1849 3022/3022 428/428
f 1849/1849 428/428 101/101
f 2191/2191 1849/1849 101/101
f 2191/2191 101/101 3080/3080
f 3691/3691 4021/4021 1310/1310
f 3691/3691 1310/1310 324/324
f 4021/4021 420/420 2369/2369
f 4021/4021 2369/2369 1310/1310
f 1310/1310 2369/2369 686/686
f 1310/1310 686/686 2592/2592
f 324/324 1310/1310 2592/2592
f 324/324 2592/2592 3064/3064
f 3897/3897 1838/1838 3873/3873
f 3897/3897 3873/3873 267/267
f 1838/1838 397/397 2583/2583
f 1838/1838 2583/2583 3873/3873
f 3873/3873 2583/2583 1350/1350
f 3873/3873 1350/1350 273/273
f 267/267 3873/3873 273/273
f 267/267 273/273 4054/4054
f 441/441 3236/3236 1822/1822
f 441/441 1822/1822 3655/3655
f 303/303 1822/1822 3236/3236
f 303/303 3236/3236 66/66
f 1202/1202 3594/3594 1823/1823
f 1202/1202 1823/1823 302/302
f 3656/3656 1823/1823 3594/3594
f 3656/3656 3594/3594 1618/1618
f 3080/3080 101/101 1970/1970
f 3080/3080 1970/1970 4047/4047
f 101/101 428/428 41/41
f 101/101 41/41 1970/1970
f 1970/1970 41/41 3877/3877
f 1970/1970 3877/3877 2283/2283
f 4047/4047 1970/1970 2283/2283
f 4047/4047 2283/2283 506/506
f 1618/1618 3594/3594 612/612
f 1618/1618 612/612 2239/2239
f 987/987 612/612 3594/3594
f 987/987 3594/3594 1202/1202
f 154/154 3540/3540 612/612
f 154/154 612/612 987/987
f 2239/2239 612/612 3540/3540
f 2239/2239 3540/3540 1468/1468
f 505/505 2282/2282 2138/2138
f 505/505 2138/2138 2091/2091
f 2282/2282 3876/3876 1153/1153
f 2282/2282 1153/1153 2138/2138
f 2138/2138 1153/1153 3882/3882
f 2138/2138 3882/3882 2351/2351
f 2091/2091 2138/2138 2351/2351
f 2091/2091 2351/2351 3931/3931
f 1468/1468 3540/3540 1051/1051
f 1468/1468 1051/1051 1552/1552
f 1752/1752 1051/1051 3540/3540
f 1752/1752 3540/3540 154/154
f 3006/3006 3167/3167 1051/1051
f 3006/3006 1051/1051 1752/1752
f 1552/1552 1051/1051 3167/3167
f 1552/1552 3167/3167 1850/1850
f 3931/3931 2351/2351 3731/3731
f 3931/3931 3731/3731 1644/1644
f 2351/2351 3882/3882 3373/3373
f 2351/2351 3373/3373 3731/3731
f 3731/3731 3373/3373 1759/1759
f 3731/3731 1759/1759 714/714
f 1644/1644 3731/3731 714/714
f 1644/1644 714/714 1432/1432
f 1850/1850 3167/3167 2256/2256
f 1850/1850 2256/2256 1118/1118
f 471/471 2256/2256 3167/3167
f 471/471 3167/3167 3006/3006
f 1665/1665 530/530 231/231
f 1665/1665 231/231 413/413
f 2695/2695 231/231 530/530
f 2695/2695 530/530 1067/1067
f 1432/1432 714/714 1434/1434
f 1432/1432 1434/1434 923/923
f 714/714 1759/1759 1679/1679
f 714/714 1679/1679 1434/1434
f 1434/1434 1679/1679 4013/4013
f 1434/1434 4013/4013 3925/3925
f 923/923 1434/1434 3925/3925
f 923/923 3925/3925 2304/2304
f 2484/2484 3545/3545 3615/3615
f 2484/2484 3615/3615 3353/3353
f 3545/3545 2802/2802 2499/2499
f 3545/3545 2499/2499 3615/3615
f 3615/3615 2499/2499 384/384
f 3615/3615 384/384 3044/3044
f 3353/3353 3615/3615 3044/3044
f 3353/3353 3044/3044 339/339
f 1520/1520 3102/3102 3025/3025
f 1520/1520 3025/3025 3328/3328
f 3102/3102 624/624 890/890
f 3102/3102 890/890 3025/3025
f 3025/3025 890/890 2802/2802
f 3025/3025 2802/2802 3545/3545
f 3328/3328 3025/3025 3545/3545
f 3328/3328 3545/3545 2484/2484
f 1517/1517 1495/1495 3017/3017
f 1517/1517 3017/3017 2309/2309
f 1495/1495 729/729 3070/3070
f 1495/1495 3070/3070 3017/3017
f 3017/3017 3070/3070 624/624
f 3017/3017 624/624 3102/3102
f 2309/2309 3017/3017 3102/3102
f 2309/2309 3102/3102 1520/1520
f 3844/3844 1093/1093 189/189
f 3844/3844 189/189 2292/2292
f 1093/1093 3103/3103 3744/3744
f 1093/1093 3744/3744 189/189
f 189/189 3744/3744 3093/3093
f 189/189 3093/3093 1013/1013
f 2292/2292 189/189 1013/1013
f 2292/2292 1013/1013 2944/2944
f 1067/1067 530/530 1264/1264
f 1067/1067 1264/1264 564/564
f 2747/2747 1264/1264 530/530
f 2747/2747 530/530 1665/1665
f 3176/3176 2112/2112 933/933
f 3176/3176 933/933 2666/2666
f 833/833 3604/3604 3279/3279
f 833/833 3279/3279 2332/2332
f 4054/4054 273/273 1634/1634
f 4054/4054 1634/1634 1983/1983
f 273/273 1350/1350 3819/3819
f 273/273 3819/3819 1634/1634
f 1634/1634 3819/3819 728/728
f 1634/1634 728/728 1494/1494
f 1983/1983 1634/1634 1494/1494
f 1983/1983 1494/1494 1516/1516
f 420/420 1326/1326 3393/3393
f 420/420 3393/3393 2369/2369
f 1326/1326 2699/2699 2355/2355
f 1326/1326 2355/2355 3393/3393
f 3393/3393 2355/2355 3581/3581
f 3393/3393 3581/3581 2622/2622
f 2369/2369 3393/3393 2622/2622
f 2369/2369 2622/2622 686/686
f 2699/2699 2085/2085 2629/2629
f 2699/2699 2629/2629 2355/2355
f 2629/2629 3411/3411 3945/3945
f 2629/2629 3945/3945 904/904
f 2577/2577 2695/2695 1067/1067
f 2577/2577 1067/1067 4077/4077
f 2355/2355 2629/2629 904/904
f 2355/2355 904/904 3581/3581
f 3080/3080 3057/3057 278/278
f 3080/3080 278/278 2191/2191
f 3057/3057 999/999 2311/2311
f 3057/3057 2311/2311 278/278
f 278/278 2311/2311 1691/1691
f 278/278 1691/1691 486/486
f 2191/2191 278/278 486/486
f 2191/2191 486/486 2534/2534
f 999/999 2747/2747 1665/1665
f 999/999 1665/1665 2311/2311
f 2311/2311 1665/1665 413/413
f 2311/2311 413/413 1691/1691
f 397/397 2482/2482 3010/3010
f 397/397 3010/3010 2583/2583
f 2482/2482 2866/2866 848/848
f 2482/2482 848/848 3010/3010
f 3010/3010 848/848 3491/3491
f 3010/3010 3491/3491 1371/1371
f 2583/2583 3010/3010 1371/1371
f 2583/2583 1371/1371 1350/1350
f 2866/2866 2577/2577 4077/4077
f 2866/2866 4077/4077 848/848
f 4077/4077 1067/1067 564/564
f 4077/4077 564/564 1657/1657
f 1657/1657 564/564 441/441
f 1657/1657 441/441 2024/2024
f 848/848 4077/4077 1657/1657
f 848/848 1657/1657 3491/3491
f 506/506 3964/3964 3324/3324
f 506/506 3324/3324 4047/4047
f 3964/3964 2870/2870 2889/2889
f 3964/3964 2889/2889 3324/3324
f 3324/3324 2889/2889 999/999
f 3324/3324 999/999 3057/3057
f 4047/4047 3324/3324 3057/3057
f 4047/4047 3057/3057 3080/3080
f 2870/2870 303/303 66/66
f 2870/2870 66/66 2889/2889
f 2889/2889 66/66 2747/2747
f 2889/2889 2747/2747 999/999
f 1350/1350 1371/1371 379/379
f 1350/1350 379/379 3819/3819
f 1371/1371 3491/3491 3350/3350
f 1371/1371 3350/3350 379/379
f 379/379 3350/3350 2551/2551
f 379/379 2551/2551 1483/1483
f 3819/3819 379/379 1483/1483
f 3819/3819 1483/1483 728/728
f 3491/3491 1657/1657 2024/2024
f 3491/3491 2024/2024 3350/3350
f 2024/2024 441/441 3655/3655
f 2024/2024 3655/3655 1834/1834
f 1835/1835 3656/3656 1618/1618
f 1835/1835 1618/1618 3997/3997
f 3350/3350 2024/2024 1834/1834
f 3350/3350 1834/1834 2551/2551
f 3931/3931 3085/3085 265/265
f 3931/3931 265/265 2091/2091
f 3085/3085 4060/4060 1139/1139
f 3085/3085 1139/1139 265/265
f 265/265 1139/1139 2869/2869
f 265/265 2869/2869 3963/3963
f 2091/2091 265/265 3963/3963
f 2091/2091 3963/3963 505/505
f 4060/4060 987/987 1202/1202
f 4060/4060 1202/1202 1139/1139
f 1139/1139 1202/1202 302/302
f 1139/1139 302/302 2869/2869
f 729/729 1484/1484 2411/2411
f 729/729 2411/2411 3070/3070
f 1484/1484 2552/2552 4049/4049
f 1484/1484 4049/4049 2411/2411
f 2411/2411 4049/4049 1328/1328
f 2411/2411 1328/1328 3982/3982
f 3070/3070 2411/2411 3982/3982
f 3070/3070 3982/3982 624/624
f 2552/2552 1835/1835 3997/3997
f 2552/2552 3997/3997 4049/4049
f 3997/3997 1618/1618 2239/2239
f 3997/3997 2239/2239 3565/3565
f 3565/3565 2239/2239 1468/1468
f 3565/3565 1468/1468 823/823
f 4049/4049 3997/3997 3565/3565
f 4049/4049 3565/3565 1328/1328
f 1432/1432 3727/3727 3553/3553
f 1432/1432 3553/3553 1644/1644
f 3727/3727 4069/4069 1780/1780
f 3727/3727 1780/1780 3553/3553
f 3553/3553 1780/1780 4060/4060
f 3553/3553 4060/4060 3085/3085
f 1644/1644 3553/3553 3085/3085
f 1644/1644 3085/3085 3931/3931
f 4069/4069 1752/1752 154/154
f 4069/4069 154/154 1780/1780
f 1780/1780 154/154 987/987
f 1780/1780 987/987 4060/4060
f 624/624 3982/3982 3143/3143
f 624/624 3143/3143 890/890
f 3982/3982 1328/1328 678/678
f 3982/3982 678/678 3143/3143
f 3143/3143 678/678 264/264
f 3143/3143 264/264 602/602
f 890/890 3143/3143 602/602
f 890/890 602/602 2802/2802
f 1328/1328 3565/3565 823/823
f 1328/1328 823/823 678/678
f 823/823 1468/1468 1552/1552
f 823/823 1552/1552 2492/2492
f 2492/2492 1552/1552 1850/1850
f 2492/2492 1850/1850 2973/2973
f 678/678 823/823 2492/2492
f 678/678 2492/2492 264/264
f 2304/2304 2214/2214 2513/2513
f 2304/2304 2513/2513 923/923
f 2214/2214 1887/1887 1131/1131
f 2214/2214 1131/1131 2513/2513
f 2513/2513 1131/1131 4069/4069
f 2513/2513 4069/4069 3727/3727
f 923/923 2513/2513 3727/3727
f 923/923 3727/3727 1432/1432
f 1887/1887 471/471 3006/3006
f 1887/1887 3006/3006 1131/1131
f 1131/1131 3006/3006 1752/1752
f 1131/1131 1752/1752 4069/4069
f 2802/2802 602/602 911/911
f 2802/2802 911/911 2499/2499
f 602/602 264/264 3937/3937
f 602/602 3937/3937 911/911
f 911/911 3937/3937 2386/2386
f 911/911 2386/2386 2046/2046
f 2499/2499 911/911 2046/2046
f 2499/2499 2046/2046 384/384
f 264/264 2492/2492 2973/2973
f 264/264 2973/2973 3937/3937
f 2973/2973 1850/1850 1118/1118
f 2973/2973 1118/1118 1298/1298
f 439/439 633/633 3604/3604
f 439/439 3604/3604 2080/2080
f 3937/3937 2973/2973 1298/1298
f 3937/3937 1298/1298 2386/2386
f 235/235 2374/2374 3912/3912
f 235/235 3912/3912 3110/3110
f 2374/2374 4036/4036 1671/1671
f 2374/2374 1671/1671 3912/3912
f 3912/3912 1671/1671 1886/1886
f 3912/3912 1886/1886 2215/2215
f 3110/3110 3912/3912 2215/2215
f 3110/3110 2215/2215 2303/2303
f 4036/4036 933/933 2112/2112
f 4036/4036 2112/2112 1671/1671
f 2255/2255 470/470 2112/2112
f 2255/2255 2112/2112 3176/3176
f 621/621 3384/3384 543/543
f 621/621 543/543 3279/3279
f 1671/1671 2112/2112 470/470
f 1671/1671 470/470 1886/1886
f 3604/3604 633/633 621/621
f 3604/3604 621/621 3279/3279
f 801/801 2232/2232 2771/2771
f 801/801 2771/2771 3587/3587
f 3279/3279 543/543 1879/1879
f 3279/3279 1879/1879 2332/2332
f 3998/3998 2789/2789 2771/2771
f 3998/3998 2771/2771 2232/2232
f 2366/2366 1888/1888 3266/3266
f 2366/2366 3266/3266 2768/2768
f 1888/1888 568/568 1905/1905
f 1888/1888 1905/1905 3266/3266
f 3266/3266 1905/1905 2078/2078
f 3266/3266 2078/2078 3/3
f 2768/2768 3266/3266 3/3
f 2768/2768 3/3 1044/1044
f 2320/2320 701/701 2080/2080
f 2320/2320 2080/2080 1220/1220
f 701/701 2197/2197 439/439
f 701/701 439/439 2080/2080
f 2080/2080 3604/3604 833/833
f 2080/2080 833/833 1220/1220
f 2497/2497 3461/3461 3587/3587
f 2497/2497 3587/3587 2571/2571
f 2039/2039 2618/2618 979/979
f 2039/2039 979/979 2968/2968
f 2618/2618 3286/3286 3494/3494
f 2618/2618 3494/3494 979/979
f 979/979 3494/3494 2197/2197
f 979/979 2197/2197 701/701
f 2968/2968 979/979 701/701
f 2968/2968 701/701 2320/2320
f 543/543 3384/3384 568/568
f 543/543 568/568 1888/1888
f 1879/1879 543/543 1888/1888
f 1879/1879 1888/1888 2366/2366
f 1044/1044 3/3 3188/3188
f 1044/1044 3188/3188 1616/1616
f 3/3 2078/2078 1102/1102
f 3/3 1102/1102 3188/3188
f 3188/3188 1102/1102 641/641
f 3188/3188 641/641 1558/1558
f 1616/1616 3188/3188 1558/1558
f 1616/1616 1558/1558 105/105
f 3067/3067 3644/3644 3632/3632
f 3067/3067 3632/3632 3175/3175
f 3644/3644 606/606 116/116
f 3644/3644 116/116 3632/3632
f 3632/3632 116/116 3286/3286
f 3632/3632 3286/3286 2618/2618
f 3175/3175 3632/3632 2618/2618
f 3175/3175 2618/2618 2039/2039
f 3461/3461 654/654 801/801
f 3461/3461 801/801 3587/3587
f 439/439 1461/1461 3776/3776
f 439/439 3776/3776 633/633
f 3587/3587 2771/2771 2074/2074
f 3587/3587 2074/2074 2571/2571
f 633/633 3776/3776 948/948
f 633/633 948/948 621/621
f 2789/2789 3840/3840 2074/2074
f 2789/2789 2074/2074 2771/2771
f 578/578 948/948 2074/2074
f 578/578 2074/2074 3840/3840
f 3776/3776 2571/2571 2074/2074
f 3776/3776 2074/2074 948/948
f 2331/2331 2896/2896 3935/3935
f 2331/2331 3935/3935 834/834
f 3384/3384 621/621 948/948
f 3384/3384 948/948 578/578
f 231/231 2896/2896 1797/1797
f 231/231 1797/1797 413/413
f 1461/1461 2497/2497 2571/2571
f 1461/1461 2571/2571 3776/3776
f 2577/2577 781/781 3935/3935
f 2577/2577 3935/3935 2695/2695
f 641/641 1102/1102 2789/2789
f 641/641 2789/2789 3998/3998
f 1102/1102 2078/2078 3840/3840
f 1102/1102 3840/3840 2789/2789
f 3286/3286 116/116 3461/3461
f 3286/3286 3461/3461 2497/2497
f 116/116 606/606 654/654
f 116/116 654/654 3461/3461
f 2197/2197 3494/3494 1461/1461
f 2197/2197 1461/1461 439/439
f 3494/3494 3286/3286 2497/2497
f 3494/3494 2497/2497 1461/1461
f 568/568 3384/3384 578/578
f 568/568 578/578 1905/1905
f 1905/1905 578/578 3840/3840
f 1905/1905 3840/3840 2078/2078
f 3897/3897 684/684 3132/3132
f 3897/3897 3132/3132 1838/1838
f 684/684 3065/3065 3174/3174
f 684/684 3174/3174 3132/3132
f 3132/3132 3174/3174 2038/2038
f 3132/3132 2038/2038 3479/3479
f 1838/1838 3132/3132 3479/3479
f 1838/1838 3479/3479 397/397
f 781/781 1219/1219 834/834
f 781/781 834/834 3935/3935
f 2318/2318 3896/3896 2719/2719
f 2318/2318 2719/2719 1603/1603
f 3935/3935 2896/2896 231/231
f 3935/3935 231/231 2695/2695
f 145/145 3774/3774 1603/1603
f 145/145 1603/1603 2724/2724
f 2534/2534 109/109 3708/3708
f 2534/2534 3708/3708 2647/2647
f 109/109 1043/1043 1615/1615
f 109/109 1615/1615 3708/3708
f 3708/3708 1615/1615 103/103
f 3708/3708 103/103 395/395
f 2647/2647 3708/3708 395/395
f 2647/2647 395/395 3280/3280
f 2896/2896 2331/2331 1878/1878
f 2896/2896 1878/1878 1797/1797
f 1366/1366 3774/3774 145/145
f 1366/1366 145/145 1837/1837
f 1797/1797 1878/1878 2365/2365
f 1797/1797 2365/2365 766/766
f 413/413 1797/1797 766/766
f 413/413 766/766 1691/1691
f 397/397 3479/3479 3510/3510
f 397/397 3510/3510 2482/2482
f 3479/3479 2038/2038 2967/2967
f 3479/3479 2967/2967 3510/3510
f 3510/3510 2967/2967 2319/2319
f 3510/3510 2319/2319 261/261
f 2482/2482 3510/3510 261/261
f 2482/2482 261/261 2866/2866
f 2866/2866 261/261 781/781
f 2866/2866 781/781 2577/2577
f 261/261 2319/2319 1219/1219
f 261/261 1219/1219 781/781
f 1691/1691 766/766 1682/1682
f 1691/1691 1682/1682 486/486
f 766/766 2365/2365 2767/2767
f 766/766 2767/2767 1682/1682
f 1682/1682 2767/2767 1043/1043
f 1682/1682 1043/1043 109/109
f 486/486 1682/1682 109/109
f 486/486 109/109 2534/2534
f 3774/3774 3024/3024 2318/2318
f 3774/3774 2318/2318 1603/1603
f 2724/2724 3359/3359 2009/2009
f 2724/2724 2009/2009 145/145
f 1603/1603 2719/2719 2168/2168
f 1603/1603 2168/2168 2724/2724
f 2724/2724 2168/2168 2667/2667
f 2724/2724 2667/2667 3359/3359
f 2805/2805 3024/3024 3774/3774
f 2805/2805 3774/3774 1366/1366
f 3086/3086 2009/2009 741/741
f 3086/3086 741/741 656/656
f 1837/1837 145/145 2009/2009
f 1837/1837 2009/2009 3086/3086
f 146/146 3868/3868 3341/3341
f 146/146 3341/3341 744/744
f 2009/2009 3359/3359 3945/3945
f 2009/2009 3945/3945 741/741
f 2255/2255 3176/3176 152/152
f 2255/2255 152/152 1117/1117
f 3359/3359 2667/2667 904/904
f 3359/3359 904/904 3945/3945
f 1297/1297 1117/1117 152/152
f 1297/1297 152/152 2890/2890
f 2944/2944 1837/1837 3086/3086
f 2944/2944 3086/3086 121/121
f 121/121 3086/3086 656/656
f 121/121 656/656 804/804
f 3093/3093 2805/2805 1366/1366
f 3093/3093 1366/1366 1013/1013
f 1013/1013 1366/1366 1837/1837
f 1013/1013 1837/1837 2944/2944
f 2168/2168 686/686 2622/2622
f 2168/2168 2622/2622 2667/2667
f 2667/2667 2622/2622 3581/3581
f 2667/2667 3581/3581 904/904
f 3896/3896 3064/3064 2592/2592
f 3896/3896 2592/2592 2719/2719
f 2719/2719 2592/2592 686/686
f 2719/2719 686/686 2168/2168
f 2890/2890 152/152 777/777
f 2890/2890 777/777 3688/3688
f 152/152 3176/3176 2666/2666
f 152/152 2666/2666 777/777
f 777/777 2666/2666 146/146
f 777/777 146/146 2550/2550
f 3688/3688 777/777 2550/2550
f 3688/3688 2550/2550 3164/3164
f 1215/1215 3341/3341 3868/3868
f 1215/1215 3868/3868 2353/2353
f 2666/2666 933/933 3868/3868
f 2666/2666 3868/3868 146/146
f 903/903 3944/3944 3412/3412
f 903/903 3412/3412 2628/2628
f 2353/2353 3868/3868 933/933
f 2353/2353 933/933 4036/4036
f 3845/3845 1911/1911 2822/2822
f 3845/3845 2822/2822 882/882
f 1911/1911 1215/1215 2353/2353
f 1911/1911 2353/2353 2822/2822
f 2822/2822 2353/2353 4036/4036
f 2822/2822 4036/4036 2374/2374
f 882/882 2822/2822 2374/2374
f 882/882 2374/2374 235/235
f 2385/2385 1297/1297 2890/2890
f 2385/2385 2890/2890 2596/2596
f 2596/2596 2890/2890 3688/3688
f 2596/2596 3688/3688 2323/2323
f 383/383 2045/2045 1322/1322
f 383/383 1322/1322 553/553
f 2045/2045 2385/2385 2596/2596
f 2045/2045 2596/2596 1322/1322
f 1322/1322 2596/2596 2323/2323
f 1322/1322 2323/2323 3270/3270
f 553/553 1322/1322 3270/3270
f 553/553 3270/3270 2208/2208
f 2303/2303 3924/3924 1303/1303
f 2303/2303 1303/1303 3110/3110
f 3924/3924 4014/4014 3712/3712
f 3924/3924 3712/3712 1303/1303
f 1303/1303 3712/3712 361/361
f 1303/1303 361/361 2410/2410
f 3110/3110 1303/1303 2410/2410
f 3110/3110 2410/2410 235/235
f 337/337 3043/3043 663/663
f 337/337 663/663 2473/2473
f 3043/3043 383/383 553/553
f 3043/3043 553/553 663/663
f 663/663 553/553 2208/2208
f 663/663 2208/2208 2518/2518
f 2473/2473 663/663 2518/2518
f 2473/2473 2518/2518 2996/2996
f 2944/2944 121/121 462/462
f 2944/2944 462/462 2292/2292
f 121/121 804/804 3797/3797
f 121/121 3797/3797 462/462
f 462/462 3797/3797 1216/1216
f 462/462 1216/1216 1912/1912
f 2292/2292 462/462 1912/1912
f 2292/2292 1912/1912 3844/3844
f 804/804 656/656 3338/3338
f 804/804 3338/3338 3797/3797
f 3797/3797 3338/3338 3342/3342
f 3797/3797 3342/3342 1216/1216
f 3164/3164 2550/2550 1038/1038
f 3164/3164 1038/1038 2084/2084
f 2550/2550 146/146 744/744
f 2550/2550 744/744 1038/1038
f 655/655 3337/3337 1427/1427
f 655/655 1427/1427 740/740
f 2323/2323 3688/3688 3164/3164
f 2323/2323 3164/3164 1504/1504
f 1504/1504 3164/3164 2084/2084
f 1504/1504 2084/2084 2698/2698
f 2208/2208 3270/3270 409/409
f 2208/2208 409/409 3260/3260
f 3270/3270 2323/2323 1504/1504
f 3270/3270 1504/1504 409/409
f 409/409 1504/1504 2698/2698
f 409/409 2698/2698 1325/1325
f 3260/3260 409/409 1325/1325
f 3260/3260 1325/1325 419/419
f 235/235 2410/2410 2848/2848
f 235/235 2848/2848 882/882
f 2410/2410 361/361 3965/3965
f 2410/2410 3965/3965 2848/2848
f 2848/2848 3965/3965 3104/3104
f 2848/2848 3104/3104 1094/1094
f 882/882 2848/2848 1094/1094
f 882/882 1094/1094 3845/3845
f 2996/2996 2518/2518 2164/2164
f 2996/2996 2164/2164 1096/1096
f 2518/2518 2208/2208 3260/3260
f 2518/2518 3260/3260 2164/2164
f 2164/2164 3260/3260 419/419
f 2164/2164 419/419 4022/4022
f 1096/1096 2164/2164 4022/4022
f 1096/1096 4022/4022 3692/3692
f 1037/1037 3412/3412 1427/1427
f 1037/1037 1427/1427 743/743
f 3386/3386 1462/1462 1995/1995
f 3386/3386 1995/1995 3111/3111
f 3111/3111 1995/1995 380/380
f 3111/3111 380/380 2585/2585
f 1995/1995 1599/1599 1954/1954
f 1995/1995 1954/1954 380/380
f 1462/1462 3454/3454 1599/1599
f 1462/1462 1599/1599 1995/1995
f 2923/2923 1661/1661 2176/2176
f 2923/2923 2176/2176 2764/2764
f 2764/2764 2176/2176 1467/1467
f 2764/2764 1467/1467 1338/1338
f 2176/2176 3798/3798 607/607
f 2176/2176 607/607 1467/1467
f 1661/1661 3484/3484 3798/3798
f 1661/1661 3798/3798 2176/2176
f 2520/2520 1746/1746 2742/2742
f 2520/2520 2742/2742 4093/4093
f 4093/4093 2742/2742 229/229
f 4093/4093 229/229 1842/1842
f 2741/2741 3851/3851 2762/2762
f 2741/2741 2762/2762 230/230
f 1747/1747 3115/3115 3851/3851
f 1747/1747 3851/3851 2741/2741
f 535/535 2488/2488 1581/1581
f 535/535 1581/1581 537/537
f 537/537 1581/1581 1538/1538
f 537/537 1538/1538 814/814
f 1581/1581 254/254 932/932
f 1581/1581 932/932 1538/1538
f 2488/2488 1883/1883 254/254
f 2488/2488 254/254 1581/1581
f 3954/3954 3592/3592 541/541
f 3954/3954 541/541 1684/1684
f 1684/1684 541/541 3823/3823
f 1684/1684 3823/3823 2683/2683
f 542/542 3831/3831 3063/3063
f 542/542 3063/3063 3822/3822
f 3591/3591 3600/3600 3831/3831
f 3591/3591 3831/3831 542/542
f 2540/2540 586/586 1078/1078
f 2540/2540 1078/1078 1593/1593
f 1593/1593 1078/1078 872/872
f 1593/1593 872/872 86/86
f 1078/1078 691/691 3454/3454
f 1078/1078 3454/3454 872/872
f 586/586 3372/3372 691/691
f 586/586 691/691 1078/1078
f 3238/3238 3208/3208 3360/3360
f 3238/3238 3360/3360 3515/3515
f 3515/3515 3360/3360 1894/1894
f 3515/3515 1894/1894 3613/3613
f 3360/3360 4061/4061 3719/3719
f 3360/3360 3719/3719 1894/1894
f 3208/3208 3527/3527 4061/4061
f 3208/3208 4061/4061 3360/3360
f 1486/1486 3601/3601 2570/2570
f 1486/1486 2570/2570 2278/2278
f 2278/2278 2570/2570 2782/2782
f 2278/2278 2782/2782 3357/3357
f 2570/2570 321/321 2999/2999
f 2570/2570 2999/2999 2782/2782
f 3601/3601 1761/1761 321/321
f 3601/3601 321/321 2570/2570
f 1883/1883 310/310 158/158
f 1883/1883 158/158 1107/1107
f 1107/1107 158/158 695/695
f 1107/1107 695/695 3150/3150
f 158/158 1757/1757 1112/1112
f 158/158 1112/1112 695/695
f 310/310 3664/3664 1757/1757
f 310/310 1757/1757 158/158
f 932/932 3045/3045 2049/2049
f 932/932 2049/2049 3418/3418
f 3418/3418 2049/2049 1442/1442
f 3418/3418 1442/1442 167/167
f 2049/2049 2442/2442 3272/3272
f 2049/2049 3272/3272 1442/1442
f 3045/3045 2171/2171 2442/2442
f 3045/3045 2442/2442 2049/2049
f 814/814 1538/1538 2177/2177
f 814/814 2177/2177 697/697
f 697/697 2177/2177 1535/1535
f 697/697 1535/1535 1840/1840
f 2177/2177 3418/3418 167/167
f 2177/2177 167/167 1535/1535
f 1538/1538 932/932 3418/3418
f 1538/1538 3418/3418 2177/2177
f 3710/3710 3072/3072 3507/3507
f 3710/3710 3507/3507 1429/1429
f 1429/1429 3507/3507 1730/1730
f 1429/1429 1730/1730 984/984
f 3507/3507 119/119 3527/3527
f 3507/3507 3527/3527 1730/1730
f 3072/3072 1308/1308 119/119
f 3072/3072 119/119 3507/3507
f 788/788 4096/4096 2471/2471
f 788/788 2471/2471 522/522
f 523/523 2470/2470 764/764
f 523/523 764/764 2416/2416
f 2470/2470 952/952 1547/1547
f 2470/2470 1547/1547 764/764
f 4096/4096 3767/3767 951/951
f 4096/4096 951/951 2471/2471
f 2341/2341 250/250 3760/3760
f 2341/2341 3760/3760 269/269
f 270/270 3759/3759 1332/1332
f 270/270 1332/1332 1486/1486
f 3759/3759 523/523 2416/2416
f 3759/3759 2416/2416 1332/1332
f 250/250 788/788 522/522
f 250/250 522/522 3760/3760
f 2404/2404 2346/2346 81/81
f 2404/2404 81/81 3596/3596
f 3595/3595 82/82 1020/1020
f 3595/3595 1020/1020 3721/3721
f 82/82 3169/3169 1573/1573
f 82/82 1573/1573 1020/1020
f 2346/2346 2417/2417 3168/3168
f 2346/2346 3168/3168 81/81
f 2951/2951 1343/1343 2546/2546
f 2951/2951 2546/2546 2276/2276
f 2276/2276 2546/2546 2777/2777
f 2276/2276 2777/2777 4066/4066
f 2546/2546 3310/3310 584/584
f 2546/2546 584/584 2777/2777
f 1343/1343 3745/3745 3310/3310
f 1343/1343 3310/3310 2546/2546
f 3539/3539 3983/3983 3980/3980
f 3539/3539 3980/3980 3322/3322
f 1732/1732 601/601 480/480
f 1732/1732 480/480 2315/2315
f 949/949 1860/1860 2115/2115
f 949/949 2115/2115 3652/3652
f 3652/3652 2115/2115 647/647
f 3652/3652 647/647 2479/2479
f 2115/2115 3402/3402 698/698
f 2115/2115 698/698 647/647
f 1860/1860 1258/1258 3402/3402
f 1860/1860 3402/3402 2115/2115
f 2683/2683 3823/3823 1865/1865
f 2683/2683 1865/1865 432/432
f 432/432 1865/1865 2575/2575
f 432/432 2575/2575 244/244
f 1864/1864 2023/2023 259/259
f 1864/1864 259/259 2576/2576
f 3822/3822 3063/3063 2023/2023
f 3822/3822 2023/2023 1864/1864
f 3527/3527 119/119 2753/2753
f 3527/3527 2753/2753 4061/4061
f 4061/4061 2753/2753 3926/3926
f 4061/4061 3926/3926 3719/3719
f 2753/2753 3518/3518 2501/2501
f 2753/2753 2501/2501 3926/3926
f 119/119 1308/1308 3518/3518
f 119/119 3518/3518 2753/2753
f 363/363 758/758 73/73
f 363/363 73/73 2383/2383
f 2383/2383 73/73 2179/2179
f 2383/2383 2179/2179 3496/3496
f 73/73 2053/2053 49/49
f 73/73 49/49 2179/2179
f 758/758 1787/1787 2053/2053
f 758/758 2053/2053 73/73
f 2983/2983 1240/1240 63/63
f 2983/2983 63/63 178/178
f 178/178 63/63 204/204
f 178/178 204/204 1435/1435
f 64/64 3203/3203 1792/1792
f 64/64 1792/1792 203/203
f 1239/1239 3408/3408 3203/3203
f 1239/1239 3203/3203 64/64
f 3496/3496 2179/2179 3460/3460
f 3496/3496 3460/3460 475/475
f 475/475 3460/3460 2344/2344
f 475/475 2344/2344 2981/2981
f 3460/3460 732/732 1223/1223
f 3460/3460 1223/1223 2344/2344
f 2179/2179 49/49 732/732
f 2179/2179 732/732 3460/3460
f 1435/1435 204/204 3725/3725
f 1435/1435 3725/3725 3804/3804
f 3804/3804 3725/3725 3397/3397
f 3804/3804 3397/3397 1228/1228
f 3726/3726 3715/3715 2223/2223
f 3726/3726 2223/2223 3396/3396
f 203/203 1792/1792 3715/3715
f 203/203 3715/3715 3726/3726
f 49/49 3670/3670 2291/2291
f 49/49 2291/2291 732/732
f 732/732 2291/2291 3913/3913
f 732/732 3913/3913 1223/1223
f 2291/2291 2998/2998 3251/3251
f 2291/2291 3251/3251 3913/3913
f 3670/3670 3047/3047 2998/2998
f 3670/3670 2998/2998 2291/2291
f 2981/2981 2344/2344 2475/2475
f 2981/2981 2475/2475 3640/3640
f 3640/3640 2475/2475 2640/2640
f 3640/3640 2640/2640 400/400
f 2475/2475 458/458 2817/2817
f 2475/2475 2817/2817 2640/2640
f 2344/2344 1223/1223 458/458
f 2344/2344 458/458 2475/2475
f 1228/1228 3397/3397 2588/2588
f 1228/1228 2588/2588 2260/2260
f 2260/2260 2588/2588 2018/2018
f 2260/2260 2018/2018 3625/3625
f 2589/2589 2911/2911 2270/2270
f 2589/2589 2270/2270 2016/2016
f 3396/3396 2223/2223 2911/2911
f 3396/3396 2911/2911 2589/2589
f 1223/1223 3913/3913 3427/3427
f 1223/1223 3427/3427 458/458
f 458/458 3427/3427 1048/1048
f 458/458 1048/1048 2817/2817
f 3427/3427 283/283 3792/3792
f 3427/3427 3792/3792 1048/1048
f 3913/3913 3251/3251 283/283
f 3913/3913 283/283 3427/3427
f 2130/2130 2943/2943 4034/4034
f 2130/2130 4034/4034 2313/2313
f 2313/2313 4034/4034 246/246
f 2313/2313 246/246 3492/3492
f 4034/4034 3647/3647 2430/2430
f 4034/4034 2430/2430 246/246
f 2943/2943 451/451 3647/3647
f 2943/2943 3647/3647 4034/4034
f 949/949 3652/3652 3550/3550
f 949/949 3550/3550 2803/2803
f 2803/2803 3550/3550 3134/3134
f 2803/2803 3134/3134 2783/2783
f 3550/3550 3247/3247 180/180
f 3550/3550 180/180 3134/3134
f 3652/3652 2479/2479 3247/3247
f 3652/3652 3247/3247 3550/3550
f 498/498 1209/1209 1913/1913
f 498/498 1913/1913 3234/3234
f 3234/3234 1913/1913 1583/1583
f 3234/3234 1583/1583 398/398
f 1913/1913 2637/2637 1506/1506
f 1913/1913 1506/1506 1583/1583
f 1209/1209 3788/3788 2637/2637
f 1209/1209 2637/2637 1913/1913
f 2783/2783 3134/3134 1971/1971
f 2783/2783 1971/1971 1764/1764
f 1764/1764 1971/1971 3249/3249
f 1764/1764 3249/3249 2535/2535
f 1971/1971 3867/3867 3248/3248
f 1971/1971 3248/3248 3249/3249
f 3134/3134 180/180 3867/3867
f 3134/3134 3867/3867 1971/1971
f 3140/3140 1235/1235 2111/2111
f 3140/3140 2111/2111 1908/1908
f 1908/1908 2111/2111 2971/2971
f 1908/1908 2971/2971 2193/2193
f 2111/2111 689/689 1855/1855
f 2111/2111 1855/1855 2971/2971
f 1235/1235 4119/4119 689/689
f 1235/1235 689/689 2111/2111
f 332/332 1015/1015 2731/2731
f 332/332 2731/2731 1604/1604
f 1604/1604 2731/2731 2912/2912
f 1604/1604 2912/2912 4/4
f 2731/2731 1116/1116 1266/1266
f 2731/2731 1266/1266 2912/2912
f 1015/1015 1017/1017 1116/1116
f 1015/1015 1116/1116 2731/2731
f 4/4 2912/2912 1750/1750
f 4/4 1750/1750 3387/3387
f 3387/3387 1750/1750 1023/1023
f 3387/3387 1023/1023 1925/1925
f 1750/1750 2148/2148 1444/1444
f 1750/1750 1444/1444 1023/1023
f 2912/2912 1266/1266 2148/2148
f 2912/2912 2148/2148 1750/1750
f 442/442 1138/1138 2445/2445
f 442/442 2445/2445 3037/3037
f 3037/3037 2445/2445 2393/2393
f 3037/3037 2393/2393 3993/3993
f 2445/2445 2989/2989 3893/3893
f 2445/2445 3893/3893 2393/2393
f 1138/1138 751/751 2989/2989
f 1138/1138 2989/2989 2445/2445
f 1122/1122 1668/1668 658/658
f 1122/1122 658/658 915/915
f 915/915 658/658 1937/1937
f 915/915 1937/1937 596/596
f 658/658 96/96 3424/3424
f 658/658 3424/3424 1937/1937
f 1668/1668 1543/1543 96/96
f 1668/1668 96/96 658/658
f 2590/2590 2326/2326 3401/3401
f 2590/2590 3401/3401 1200/1200
f 1200/1200 3401/3401 1668/1668
f 1200/1200 1668/1668 1122/1122
f 3401/3401 2109/2109 1543/1543
f 3401/3401 1543/1543 1668/1668
f 2326/2326 3451/3451 2109/2109
f 2326/2326 2109/2109 3401/3401
f 3357/3357 2782/2782 3305/3305
f 3357/3357 3305/3305 980/980
f 980/980 3305/3305 1235/1235
f 980/980 1235/1235 3140/3140
f 3305/3305 1527/1527 4119/4119
f 3305/3305 4119/4119 1235/1235
f 2782/2782 2999/2999 1527/1527
f 2782/2782 1527/1527 3305/3305
f 3142/3142 1732/1732 2315/2315
f 3142/3142 2315/2315 1872/1872
f 3078/3078 878/878 1410/1410
f 3078/3078 1410/1410 421/421
f 3115/3115 1775/1775 533/533
f 3115/3115 533/533 3851/3851
f 3851/3851 533/533 43/43
f 3851/3851 43/43 2762/2762
f 533/533 2933/2933 3036/3036
f 533/533 3036/3036 43/43
f 1775/1775 3782/3782 2933/2933
f 1775/1775 2933/2933 533/533
f 3002/3002 2529/2529 2032/2032
f 3002/3002 2032/2032 1868/1868
f 1866/1866 2031/2031 2326/2326
f 1866/1866 2326/2326 2590/2590
f 2031/2031 3570/3570 3451/3451
f 2031/2031 3451/3451 2326/2326
f 2530/2530 876/876 3568/3568
f 2530/2530 3568/3568 2033/2033
f 3626/3626 1168/1168 2673/2673
f 3626/3626 2673/2673 938/938
f 938/938 2673/2673 3179/3179
f 938/938 3179/3179 3792/3792
f 2674/2674 2918/2918 2737/2737
f 2674/2674 2737/2737 3179/3179
f 1169/1169 4007/4007 2918/2918
f 1169/1169 2918/2918 2674/2674
f 2585/2585 380/380 3578/3578
f 2585/2585 3578/3578 2970/2970
f 2970/2970 3578/3578 2943/2943
f 2970/2970 2943/2943 2130/2130
f 3578/3578 2495/2495 451/451
f 3578/3578 451/451 2943/2943
f 380/380 1954/1954 2495/2495
f 380/380 2495/2495 3578/3578
f 3792/3792 3179/3179 359/359
f 3792/3792 359/359 1048/1048
f 1048/1048 359/359 3846/3846
f 1048/1048 3846/3846 2817/2817
f 359/359 830/830 2594/2594
f 359/359 2594/2594 3846/3846
f 3179/3179 2737/2737 830/830
f 3179/3179 830/830 359/359
f 3063/3063 2858/2858 828/828
f 3063/3063 828/828 2023/2023
f 2023/2023 828/828 3366/3366
f 2023/2023 3366/3366 259/259
f 828/828 891/891 2264/2264
f 828/828 2264/2264 3366/3366
f 2858/2858 2174/2174 891/891
f 2858/2858 891/891 828/828
f 3705/3705 1755/1755 135/135
f 3705/3705 135/135 1993/1993
f 1993/1993 135/135 1677/1677
f 1993/1993 1677/1677 2150/2150
f 135/135 1269/1269 3864/3864
f 135/135 3864/3864 1677/1677
f 1755/1755 1534/1534 1269/1269
f 1755/1755 1269/1269 135/135
f 3600/3600 3034/3034 3148/3148
f 3600/3600 3148/3148 3831/3831
f 3831/3831 3148/3148 2858/2858
f 3831/3831 2858/2858 3063/3063
f 3148/3148 1891/1891 2174/2174
f 3148/3148 2174/2174 2858/2858
f 3034/3034 3106/3106 1891/1891
f 3034/3034 1891/1891 3148/3148
f 1787/1787 2253/2253 1289/1289
f 1787/1787 1289/1289 2053/2053
f 2053/2053 1289/1289 3670/3670
f 2053/2053 3670/3670 49/49
f 1289/1289 2402/2402 3047/3047
f 1289/1289 3047/3047 3670/3670
f 2253/2253 478/478 2402/2402
f 2253/2253 2402/2402 1289/1289
f 256/256 1133/1133 1893/1893
f 256/256 1893/1893 2662/2662
f 2662/2662 1893/1893 2299/2299
f 2662/2662 2299/2299 1381/1381
f 1893/1893 1127/1127 8/8
f 1893/1893 8/8 2299/2299
f 1133/1133 2170/2170 1127/1127
f 1133/1133 1127/1127 1893/1893
f 1792/1792 3257/3257 1245/1245
f 1792/1792 1245/1245 3715/3715
f 3715/3715 1245/1245 2626/2626
f 3715/3715 2626/2626 2223/2223
f 1245/1245 1948/1948 3674/3674
f 1245/1245 3674/3674 2626/2626
f 3257/3257 240/240 1948/1948
f 3257/3257 1948/1948 1245/1245
f 350/350 2940/2940 2359/2359
f 350/350 2359/2359 3107/3107
f 3107/3107 2359/2359 3529/3529
f 3107/3107 3529/3529 1573/1573
f 2359/2359 1973/1973 1272/1272
f 2359/2359 1272/1272 3529/3529
f 2940/2940 1799/1799 1973/1973
f 2940/2940 1973/1973 2359/2359
f 3721/3721 327/327 3029/3029
f 3721/3721 3029/3029 608/608
f 608/608 3029/3029 1586/1586
f 608/608 1586/1586 1547/1547
f 3029/3029 2286/2286 2335/2335
f 3029/3029 2335/2335 1586/1586
f 327/327 3734/3734 2286/2286
f 327/327 2286/2286 3029/3029
f 2223/2223 2626/2626 2237/2237
f 2223/2223 2237/2237 2911/2911
f 2911/2911 2237/2237 1150/1150
f 2911/2911 1150/1150 2270/2270
f 2237/2237 183/183 3263/3263
f 2237/2237 3263/3263 1150/1150
f 2626/2626 3674/3674 183/183
f 2626/2626 183/183 2237/2237
f 3082/3082 3375/3375 2806/2806
f 3082/3082 2806/2806 1813/1813
f 1813/1813 2806/2806 2940/2940
f 1813/1813 2940/2940 350/350
f 2806/2806 2621/2621 1799/1799
f 2806/2806 1799/1799 2940/2940
f 3375/3375 3151/3151 2621/2621
f 3375/3375 2621/2621 2806/2806
f 2817/2817 3846/3846 2769/2769
f 2817/2817 2769/2769 2640/2640
f 2640/2640 2769/2769 2987/2987
f 2640/2640 2987/2987 400/400
f 2769/2769 1513/1513 3417/3417
f 2769/2769 3417/3417 2987/2987
f 3846/3846 2594/2594 1513/1513
f 3846/3846 1513/1513 2769/2769
f 1572/1572 1924/1924 1490/1490
f 1572/1572 1490/1490 4004/4004
f 4005/4005 1489/1489 980/980
f 4005/4005 980/980 3140/3140
f 1489/1489 3890/3890 3357/3357
f 1489/1489 3357/3357 980/980
f 1924/1924 1211/1211 3891/3891
f 1924/1924 3891/3891 1490/1490
f 1659/1659 918/918 2414/2414
f 1659/1659 2414/2414 2006/2006
f 2006/2006 2414/2414 3127/3127
f 2006/2006 3127/3127 3001/3001
f 2414/2414 3640/3640 400/400
f 2414/2414 400/400 3127/3127
f 918/918 2981/2981 3640/3640
f 918/918 3640/3640 2414/2414
f 573/573 1965/1965 3646/3646
f 573/573 3646/3646 3224/3224
f 3224/3224 3646/3646 918/918
f 3224/3224 918/918 1659/1659
f 3646/3646 475/475 2981/2981
f 3646/3646 2981/2981 918/918
f 1965/1965 3496/3496 475/475
f 1965/1965 475/475 3646/3646
f 3408/3408 2851/2851 4107/4107
f 3408/3408 4107/4107 3203/3203
f 3203/3203 4107/4107 3257/3257
f 3203/3203 3257/3257 1792/1792
f 4107/4107 1934/1934 240/240
f 4107/4107 240/240 3257/3257
f 2851/2851 3239/3239 1934/1934
f 2851/2851 1934/1934 4107/4107
f 601/601 3078/3078 421/421
f 601/601 421/421 480/480
f 2063/2063 1181/1181 2480/2480
f 2063/2063 2480/2480 195/195
f 984/984 1730/1730 3299/3299
f 984/984 3299/3299 4063/4063
f 4063/4063 3299/3299 3253/3253
f 4063/4063 3253/3253 1916/1916
f 3299/3299 3208/3208 3238/3238
f 3299/3299 3238/3238 3253/3253
f 1730/1730 3527/3527 3208/3208
f 1730/1730 3208/3208 3299/3299
f 1840/1840 1535/1535 495/495
f 1840/1840 495/495 855/855
f 855/855 495/495 3532/3532
f 855/855 3532/3532 2387/2387
f 495/495 2000/2000 3516/3516
f 495/495 3516/3516 3532/3532
f 1535/1535 167/167 2000/2000
f 1535/1535 2000/2000 495/495
f 167/167 1442/1442 38/38
f 167/167 38/38 2000/2000
f 2000/2000 38/38 4130/4130
f 2000/2000 4130/4130 3516/3516
f 38/38 1203/1203 3129/3129
f 38/38 3129/3129 4130/4130
f 1442/1442 3272/3272 1203/1203
f 1442/1442 1203/1203 38/38
f 2417/2417 2199/2199 3806/3806
f 2417/2417 3806/3806 682/682
f 682/682 3806/3806 802/802
f 682/682 802/802 1259/1259
f 3806/3806 3515/3515 3613/3613
f 3806/3806 3613/3613 802/802
f 2199/2199 3238/3238 3515/3515
f 2199/2199 3515/3515 3806/3806
f 3492/3492 246/246 3915/3915
f 3492/3492 3915/3915 1268/1268
f 1268/1268 3915/3915 1858/1858
f 1268/1268 1858/1858 1815/1815
f 3915/3915 1501/1501 295/295
f 3915/3915 295/295 1858/1858
f 246/246 2430/2430 1501/1501
f 246/246 1501/1501 3915/3915
f 1338/1338 1467/1467 1537/1537
f 1338/1338 1537/1537 3637/3637
f 3637/3637 1537/1537 1775/1775
f 3637/3637 1775/1775 3115/3115
f 1537/1537 3641/3641 3782/3782
f 1537/1537 3782/3782 1775/1775
f 1467/1467 607/607 3641/3641
f 1467/1467 3641/3641 1537/1537
f 3974/3974 35/35 1061/1061
f 3974/3974 1061/1061 1623/1623
f 1623/1623 1061/1061 1138/1138
f 1623/1623 1138/1138 442/442
f 1061/1061 2285/2285 751/751
f 1061/1061 751/751 1138/1138
f 35/35 349/349 2285/2285
f 35/35 2285/2285 1061/1061
f 878/878 2063/2063 195/195
f 878/878 195/195 1410/1410
f 1029/1029 3539/3539 3322/3322
f 1029/1029 3322/3322 843/843
f 932/932 254/254 3181/3181
f 932/932 3181/3181 3045/3045
f 3045/3045 3181/3181 970/970
f 3045/3045 970/970 2171/2171
f 3181/3181 1107/1107 3150/3150
f 3181/3181 3150/3150 970/970
f 254/254 1883/1883 1107/1107
f 254/254 1107/1107 3181/3181
f 3372/3372 2975/2975 1337/1337
f 3372/3372 1337/1337 2213/2213
f 2213/2213 1337/1337 2488/2488
f 2213/2213 2488/2488 535/535
f 1337/1337 310/310 1883/1883
f 1337/1337 1883/1883 2488/2488
f 2975/2975 3664/3664 310/310
f 2975/2975 310/310 1337/1337
f 1040/1040 3524/3524 2099/2099
f 1040/1040 2099/2099 1722/1722
f 1722/1722 2099/2099 1746/1746
f 1722/1722 1746/1746 2520/2520
f 2098/2098 3637/3637 3115/3115
f 2098/2098 3115/3115 1747/1747
f 3525/3525 1338/1338 3637/3637
f 3525/3525 3637/3637 2098/2098
f 607/607 425/425 3622/3622
f 607/607 3622/3622 3641/3641
f 3641/3641 3622/3622 2561/2561
f 3641/3641 2561/2561 3782/3782
f 3622/3622 1623/1623 442/442
f 3622/3622 442/442 2561/2561
f 425/425 3974/3974 1623/1623
f 425/425 1623/1623 3622/3622
f 1619/1619 2814/2814 2229/2229
f 1619/1619 2229/2229 748/748
f 748/748 2229/2229 3976/3976
f 748/748 3976/3976 1072/1072
f 2229/2229 3318/3318 571/571
f 2229/2229 571/571 3976/3976
f 2814/2814 3298/3298 3318/3318
f 2814/2814 3318/3318 2229/2229
f 3304/3304 2289/2289 466/466
f 3304/3304 466/466 668/668
f 668/668 466/466 1056/1056
f 668/668 1056/1056 3643/3643
f 466/466 2838/2838 3999/3999
f 466/466 3999/3999 1056/1056
f 2289/2289 3837/3837 2838/2838
f 2289/2289 2838/2838 466/466
f 2598/2598 3267/3267 1250/1250
f 2598/2598 1250/1250 1943/1943
f 1943/1943 1250/1250 2289/2289
f 1943/1943 2289/2289 3304/3304
f 1250/1250 2207/2207 3837/3837
f 1250/1250 3837/3837 2289/2289
f 3267/3267 867/867 2207/2207
f 3267/3267 2207/2207 1250/1250
f 1506/1506 2087/2087 2076/2076
f 1506/1506 2076/2076 1583/1583
f 1583/1583 2076/2076 3077/3077
f 1583/1583 3077/3077 398/398
f 2076/2076 3903/3903 2645/2645
f 2076/2076 2645/2645 3077/3077
f 2087/2087 3027/3027 3903/3903
f 2087/2087 3903/3903 2076/2076
f 996/996 914/914 277/277
f 996/996 277/277 1649/1649
f 1649/1649 277/277 1915/1915
f 1649/1649 1915/1915 3636/3636
f 277/277 311/311 1899/1899
f 277/277 1899/1899 1915/1915
f 914/914 148/148 311/311
f 914/914 311/311 277/277
f 3782/3782 2561/2561 2147/2147
f 3782/3782 2147/2147 2933/2933
f 2933/2933 2147/2147 2246/2246
f 2933/2933 2246/2246 3036/3036
f 2147/2147 3037/3037 3993/3993
f 2147/2147 3993/3993 2246/2246
f 2561/2561 442/442 3037/3037
f 2561/2561 3037/3037 2147/2147
f 2844/2844 2712/2712 1577/1577
f 2844/2844 1577/1577 1565/1565
f 1566/1566 1578/1578 3267/3267
f 1566/1566 3267/3267 2598/2598
f 1578/1578 1452/1452 867/867
f 1578/1578 867/867 3267/3267
f 2712/2712 33/33 1450/1450
f 2712/2712 1450/1450 1577/1577
f 2458/2458 2119/2119 619/619
f 2458/2458 619/619 2328/2328
f 2328/2328 619/619 93/93
f 2328/2328 93/93 560/560
f 619/619 556/556 3536/3536
f 619/619 3536/3536 93/93
f 2119/2119 2955/2955 556/556
f 2119/2119 556/556 619/619
f 3243/3243 1029/1029 843/843
f 3243/3243 843/843 1380/1380
f 1089/1089 3243/3243 1380/1380
f 1089/1089 1380/1380 224/224
f 560/560 93/93 1522/1522
f 560/560 1522/1522 1790/1790
f 1790/1790 1522/1522 2814/2814
f 1790/1790 2814/2814 1619/1619
f 1522/1522 3575/3575 3298/3298
f 1522/1522 3298/3298 2814/2814
f 93/93 3536/3536 3575/3575
f 93/93 3575/3575 1522/1522
f 2174/2174 2448/2448 3302/3302
f 2174/2174 3302/3302 891/891
f 891/891 3302/3302 358/358
f 891/891 358/358 2264/2264
f 3302/3302 3387/3387 1925/1925
f 3302/3302 1925/1925 358/358
f 2448/2448 4/4 3387/3387
f 2448/2448 3387/3387 3302/3302
f 2917/2917 1089/1089 224/224
f 2917/2917 224/224 1076/1076
f 353/353 3142/3142 1872/1872
f 353/353 1872/1872 3985/3985
f 3106/3106 3967/3967 3421/3421
f 3106/3106 3421/3421 1891/1891
f 1891/1891 3421/3421 2448/2448
f 1891/1891 2448/2448 2174/2174
f 3421/3421 1604/1604 4/4
f 3421/3421 4/4 2448/2448
f 3967/3967 332/332 1604/1604
f 3967/3967 1604/1604 3421/3421
f 3185/3185 3665/3665 1544/1544
f 3185/3185 1544/1544 3679/3679
f 3679/3679 1544/1544 1965/1965
f 3679/3679 1965/1965 573/573
f 1544/1544 2383/2383 3496/3496
f 1544/1544 3496/3496 1965/1965
f 3665/3665 363/363 2383/2383
f 3665/3665 2383/2383 1544/1544
f 2658/2658 538/538 1063/1063
f 2658/2658 1063/1063 2947/2947
f 2947/2947 1063/1063 4029/4029
f 2947/2947 4029/4029 3684/3684
f 1063/1063 3858/3858 3978/3978
f 1063/1063 3978/3978 4029/4029
f 538/538 1373/1373 3858/3858
f 538/538 3858/3858 1063/1063
f 243/243 205/205 2749/2749
f 243/243 2749/2749 1126/1126
f 1126/1126 2749/2749 2373/2373
f 1126/1126 2373/2373 91/91
f 2749/2749 576/576 1610/1610
f 2749/2749 1610/1610 2373/2373
f 205/205 2853/2853 576/576
f 205/205 576/576 2749/2749
f 1799/1799 2726/2726 1766/1766
f 1799/1799 1766/1766 1973/1973
f 1973/1973 1766/1766 234/234
f 1973/1973 234/234 1272/1272
f 1766/1766 1764/1764 2535/2535
f 1766/1766 2535/2535 234/234
f 2726/2726 2783/2783 1764/1764
f 2726/2726 1764/1764 1766/1766
f 3734/3734 2357/2357 79/79
f 3734/3734 79/79 2286/2286
f 2286/2286 79/79 4074/4074
f 2286/2286 4074/4074 2335/2335
f 79/79 3234/3234 398/398
f 79/79 398/398 4074/4074
f 2357/2357 498/498 3234/3234
f 2357/2357 3234/3234 79/79
f 91/91 2373/2373 2489/2489
f 91/91 2489/2489 1810/1810
f 1810/1810 2489/2489 2089/2089
f 1810/1810 2089/2089 3918/3918
f 2489/2489 3039/3039 464/464
f 2489/2489 464/464 2089/2089
f 2373/2373 1610/1610 3039/3039
f 2373/2373 3039/3039 2489/2489
f 3151/3151 2003/2003 2808/2808
f 3151/3151 2808/2808 2621/2621
f 2621/2621 2808/2808 2726/2726
f 2621/2621 2726/2726 1799/1799
f 2808/2808 2803/2803 2783/2783
f 2808/2808 2783/2783 2726/2726
f 2003/2003 949/949 2803/2803
f 2003/2003 2803/2803 2808/2808
f 1534/1534 3369/3369 1640/1640
f 1534/1534 1640/1640 1269/1269
f 1269/1269 1640/1640 3292/3292
f 1269/1269 3292/3292 3864/3864
f 1640/1640 3163/3163 143/143
f 1640/1640 143/143 3292/3292
f 3369/3369 2796/2796 3163/3163
f 3369/3369 3163/3163 1640/1640
f 3288/3288 1361/1361 1509/1509
f 3288/3288 1509/1509 898/898
f 898/898 1509/1509 4083/4083
f 898/898 4083/4083 2101/2101
f 1509/1509 1993/1993 2150/2150
f 1509/1509 2150/2150 4083/4083
f 1361/1361 3705/3705 1993/1993
f 1361/1361 1993/1993 1509/1509
f 2371/2371 1333/1333 3709/3709
f 2371/2371 3709/3709 800/800
f 20/20 2371/2371 800/800
f 20/20 800/800 192/192
f 2990/2990 20/20 192/192
f 2990/2990 192/192 2103/2103
f 2231/2231 2990/2990 2103/2103
f 2231/2231 2103/2103 2991/2991
f 3745/3745 3834/3834 783/783
f 3745/3745 783/783 3310/3310
f 3310/3310 783/783 2685/2685
f 3310/3310 2685/2685 584/584
f 783/783 1086/1086 3391/3391
f 783/783 3391/3391 2685/2685
f 3834/3834 787/787 1086/1086
f 3834/3834 1086/1086 783/783
f 4066/4066 2777/2777 3145/3145
f 4066/4066 3145/3145 757/757
f 757/757 3145/3145 914/914
f 757/757 914/914 996/996
f 3145/3145 4141/4141 148/148
f 3145/3145 148/148 914/914
f 2777/2777 584/584 4141/4141
f 2777/2777 4141/4141 3145/3145
f 1550/1550 2231/2231 2991/2991
f 1550/1550 2991/2991 175/175
f 2131/2131 1550/1550 175/175
f 2131/2131 175/175 2537/2537
f 3755/3755 2131/2131 2537/2537
f 3755/3755 2537/2537 700/700
f 3015/3015 2408/2408 51/51
f 3015/3015 51/51 611/611
f 3205/3205 3015/3015 611/611
f 3205/3205 611/611 808/808
f 3900/3900 3755/3755 700/700
f 3900/3900 700/700 3442/3442
f 1470/1470 3900/3900 3442/3442
f 1470/1470 3442/3442 4067/4067
f 936/936 1470/1470 4067/4067
f 936/936 4067/4067 4123/4123
f 3993/3993 2393/2393 790/790
f 3993/3993 790/790 2477/2477
f 2477/2477 790/790 1015/1015
f 2477/2477 1015/1015 332/332
f 790/790 4048/4048 1017/1017
f 790/790 1017/1017 1015/1015
f 2393/2393 3893/3893 4048/4048
f 2393/2393 4048/4048 790/790
f 2535/2535 3249/3249 852/852
f 2535/2535 852/852 1714/1714
f 1714/1714 852/852 1209/1209
f 1714/1714 1209/1209 498/498
f 852/852 2463/2463 3788/3788
f 852/852 3788/3788 1209/1209
f 3249/3249 3248/3248 2463/2463
f 3249/3249 2463/2463 852/852
f 3767/3767 3560/3560 3829/3829
f 3767/3767 3829/3829 951/951
f 952/952 3828/3828 608/608
f 952/952 608/608 1547/1547
f 3828/3828 3595/3595 3721/3721
f 3828/3828 3721/3721 608/608
f 3560/3560 2404/2404 3596/3596
f 3560/3560 3596/3596 3829/3829
f 3036/3036 2246/2246 3748/3748
f 3036/3036 3748/3748 21/21
f 21/21 3748/3748 3967/3967
f 21/21 3967/3967 3106/3106
f 3748/3748 2477/2477 332/332
f 3748/3748 332/332 3967/3967
f 2246/2246 3993/3993 2477/2477
f 2246/2246 2477/2477 3748/3748
f 3272/3272 1712/1712 680/680
f 3272/3272 680/680 1203/1203
f 1203/1203 680/680 2630/2630
f 1203/1203 2630/2630 3129/3129
f 680/680 4063/4063 1916/1916
f 680/680 1916/1916 2630/2630
f 1712/1712 984/984 4063/4063
f 1712/1712 4063/4063 680/680
f 1573/1573 3529/3529 1975/1975
f 1573/1573 1975/1975 1020/1020
f 1020/1020 1975/1975 327/327
f 1020/1020 327/327 3721/3721
f 1975/1975 3056/3056 3734/3734
f 1975/1975 3734/3734 327/327
f 3529/3529 1272/1272 3056/3056
f 3529/3529 3056/3056 1975/1975
f 1272/1272 234/234 3618/3618
f 1272/1272 3618/3618 3056/3056
f 3056/3056 3618/3618 2357/2357
f 3056/3056 2357/2357 3734/3734
f 3618/3618 1714/1714 498/498
f 3618/3618 498/498 2357/2357
f 234/234 2535/2535 1714/1714
f 234/234 1714/1714 3618/3618
f 2762/2762 43/43 4080/4080
f 2762/2762 4080/4080 3762/3762
f 3762/3762 4080/4080 3034/3034
f 3762/3762 3034/3034 3600/3600
f 4080/4080 21/21 3106/3106
f 4080/4080 3106/3106 3034/3034
f 43/43 3036/3036 21/21
f 43/43 21/21 4080/4080
f 2171/2171 200/200 1363/1363
f 2171/2171 1363/1363 2442/2442
f 2442/2442 1363/1363 1712/1712
f 2442/2442 1712/1712 3272/3272
f 1363/1363 1429/1429 984/984
f 1363/1363 984/984 1712/1712
f 200/200 3710/3710 1429/1429
f 200/200 1429/1429 1363/1363
f 1842/1842 229/229 171/171
f 1842/1842 171/171 2960/2960
f 2960/2960 171/171 3592/3592
f 2960/2960 3592/3592 3954/3954
f 172/172 3762/3762 3600/3600
f 172/172 3600/3600 3591/3591
f 230/230 2762/2762 3762/3762
f 230/230 3762/3762 172/172
f 787/787 2247/2247 2093/2093
f 787/787 2093/2093 1086/1086
f 1086/1086 2093/2093 2086/2086
f 1086/1086 2086/2086 3391/3391
f 2093/2093 453/453 1376/1376
f 2093/2093 1376/1376 2086/2086
f 2247/2247 1778/1778 453/453
f 2247/2247 453/453 2093/2093
f 3386/3386 1312/1312 3455/3455
f 3386/3386 3455/3455 3377/3377
f 3377/3377 3455/3455 58/58
f 3377/3377 58/58 1114/1114
f 3455/3455 3878/3878 1275/1275
f 3455/3455 1275/1275 58/58
f 1312/1312 1796/1796 3878/3878
f 1312/1312 3878/3878 3455/3455
f 2585/2585 2548/2548 412/412
f 2585/2585 412/412 3111/3111
f 3111/3111 412/412 1312/1312
f 3111/3111 1312/1312 3386/3386
f 412/412 3577/3577 1796/1796
f 412/412 1796/1796 1312/1312
f 2548/2548 1353/1353 3577/3577
f 2548/2548 3577/3577 412/412
f 1352/1352 3513/3513 3605/3605
f 1352/1352 3605/3605 3576/3576
f 3576/3576 3605/3605 2427/2427
f 3576/3576 2427/2427 1795/1795
f 3605/3605 898/898 2101/2101
f 3605/3605 2101/2101 2427/2427
f 3513/3513 3288/3288 898/898
f 3513/3513 898/898 3605/3605
f 3492/3492 3908/3908 2612/2612
f 3492/3492 2612/2612 2313/2313
f 2313/2313 2612/2612 1476/1476
f 2313/2313 1476/1476 2130/2130
f 2612/2612 1301/1301 2579/2579
f 2612/2612 2579/2579 1476/1476
f 3908/3908 752/752 1301/1301
f 3908/3908 1301/1301 2612/2612
f 753/753 2185/2185 1143/1143
f 753/753 1143/1143 1302/1302
f 1302/1302 1143/1143 3352/3352
f 1302/1302 3352/3352 2580/2580
f 1143/1143 1649/1649 3636/3636
f 1143/1143 3636/3636 3352/3352
f 2185/2185 996/996 1649/1649
f 2185/2185 1649/1649 1143/1143
f 1815/1815 3314/3314 1221/1221
f 1815/1815 1221/1221 1268/1268
f 1268/1268 1221/1221 3908/3908
f 1268/1268 3908/3908 3492/3492
f 1221/1221 2399/2399 752/752
f 1221/1221 752/752 3908/3908
f 3314/3314 3467/3467 2399/2399
f 3314/3314 2399/2399 1221/1221
f 3468/3468 3428/3428 831/831
f 3468/3468 831/831 2398/2398
f 2398/2398 831/831 2185/2185
f 2398/2398 2185/2185 753/753
f 831/831 757/757 996/996
f 831/831 996/996 2185/2185
f 3428/3428 4066/4066 757/757
f 3428/3428 757/757 831/831
f 1572/1572 1292/1292 1419/1419
f 1572/1572 1419/1419 2117/2117
f 2117/2117 1419/1419 3314/3314
f 2117/2117 3314/3314 1815/1815
f 1419/1419 645/645 3467/3467
f 1419/1419 3467/3467 3314/3314
f 1292/1292 3960/3960 645/645
f 1292/1292 645/645 1419/1419
f 3959/3959 1874/1874 366/366
f 3959/3959 366/366 646/646
f 646/646 366/366 3428/3428
f 646/646 3428/3428 3468/3468
f 366/366 2276/2276 4066/4066
f 366/366 4066/4066 3428/3428
f 1874/1874 2951/2951 2276/2276
f 1874/1874 2276/2276 366/366
f 2130/2130 1476/1476 4076/4076
f 2130/2130 4076/4076 2970/2970
f 2970/2970 4076/4076 2548/2548
f 2970/2970 2548/2548 2585/2585
f 4076/4076 703/703 1353/1353
f 4076/4076 1353/1353 2548/2548
f 1476/1476 2579/2579 703/703
f 1476/1476 703/703 4076/4076
f 2580/2580 3352/3352 299/299
f 2580/2580 299/299 704/704
f 704/704 299/299 3513/3513
f 704/704 3513/3513 1352/1352
f 299/299 3007/3007 3288/3288
f 299/299 3288/3288 3513/3513
f 3352/3352 3636/3636 3007/3007
f 3352/3352 3007/3007 299/299
f 2150/2150 1677/1677 2424/2424
f 2150/2150 2424/2424 1818/1818
f 1818/1818 2424/2424 2936/2936
f 1818/1818 2936/2936 976/976
f 2424/2424 2361/2361 2624/2624
f 2424/2424 2624/2624 2936/2936
f 1677/1677 3864/3864 2361/2361
f 1677/1677 2361/2361 2424/2424
f 596/596 1937/1937 2121/2121
f 596/596 2121/2121 2604/2604
f 2604/2604 2121/2121 3375/3375
f 2604/2604 3375/3375 3082/3082
f 2121/2121 1931/1931 3151/3151
f 2121/2121 3151/3151 3375/3375
f 1937/1937 3424/3424 1931/1931
f 1937/1937 1931/1931 2121/2121
f 1708/1708 1588/1588 1968/1968
f 1708/1708 1968/1968 650/650
f 650/650 1968/1968 2544/2544
f 650/650 2544/2544 198/198
f 1968/1968 576/576 2853/2853
f 1968/1968 2853/2853 2544/2544
f 1588/1588 1610/1610 576/576
f 1588/1588 576/576 1968/1968
f 2557/2557 1008/1008 3201/3201
f 2557/2557 3201/3201 1596/1596
f 1596/1596 3201/3201 1588/1588
f 1596/1596 1588/1588 1708/1708
f 3201/3201 3039/3039 1610/1610
f 3201/3201 1610/1610 1588/1588
f 1008/1008 464/464 3039/3039
f 1008/1008 3039/3039 3201/3201
f 867/867 2909/2909 2776/2776
f 867/867 2776/2776 2207/2207
f 2207/2207 2776/2776 1208/1208
f 2207/2207 1208/1208 3837/3837
f 2776/2776 1597/1597 1709/1709
f 2776/2776 1709/1709 1208/1208
f 2909/2909 2558/2558 1597/1597
f 2909/2909 1597/1597 2776/2776
f 3837/3837 1208/1208 3742/3742
f 3837/3837 3742/3742 2838/2838
f 2838/2838 3742/3742 1474/1474
f 2838/2838 1474/1474 3999/3999
f 3742/3742 651/651 199/199
f 3742/3742 199/199 1474/1474
f 1208/1208 1709/1709 651/651
f 1208/1208 651/651 3742/3742
f 661/661 1050/1050 555/555
f 661/661 555/555 374/374
f 374/374 555/555 1365/1365
f 374/374 1365/1365 604/604
f 555/555 2752/2752 2129/2129
f 555/555 2129/2129 1365/1365
f 1050/1050 2743/2743 2752/2752
f 1050/1050 2752/2752 555/555
f 2956/2956 2516/2516 3135/3135
f 2956/2956 3135/3135 557/557
f 557/557 3135/3135 3575/3575
f 557/557 3575/3575 3536/3536
f 3135/3135 436/436 3298/3298
f 3135/3135 3298/3298 3575/3575
f 2516/2516 1989/1989 436/436
f 2516/2516 436/436 3135/3135
f 34/34 2505/2505 3215/3215
f 34/34 3215/3215 1451/1451
f 1452/1452 3216/3216 2909/2909
f 1452/1452 2909/2909 867/867
f 3216/3216 1389/1389 2558/2558
f 3216/3216 2558/2558 2909/2909
f 2505/2505 1990/1990 1390/1390
f 2505/2505 1390/1390 3215/3215
f 2371/2371 2137/2137 56/56
f 2371/2371 56/56 1333/1333
f 1333/1333 56/56 2907/2907
f 1333/1333 2907/2907 1170/1170
f 56/56 46/46 372/372
f 56/56 372/372 2907/2907
f 2137/2137 3816/3816 46/46
f 2137/2137 46/46 56/56
f 3817/3817 454/454 2362/2362
f 3817/3817 2362/2362 47/47
f 47/47 2362/2362 1103/1103
f 47/47 1103/1103 373/373
f 1550/1550 112/112 526/526
f 1550/1550 526/526 2231/2231
f 2231/2231 526/526 1991/1991
f 2231/2231 1991/1991 2990/2990
f 526/526 2105/2105 1979/1979
f 526/526 1979/1979 1991/1991
f 112/112 974/974 2105/2105
f 112/112 2105/2105 526/526
f 973/973 4121/4121 444/444
f 973/973 444/444 2106/2106
f 2106/2106 444/444 2828/2828
f 2106/2106 2828/2828 1978/1978
f 2125/2125 1556/1556 2153/2153
f 2125/2125 2153/2153 2728/2728
f 2196/2196 67/67 1556/1556
f 2196/2196 1556/1556 2125/2125
f 68/68 2526/2526 2450/2450
f 68/68 2450/2450 1557/1557
f 1557/1557 2450/2450 1384/1384
f 1557/1557 1384/1384 2154/2154
f 2450/2450 936/936 2408/2408
f 2450/2450 2408/2408 1384/1384
f 2526/2526 1470/1470 936/936
f 2526/2526 936/936 2450/2450
f 2990/2990 1991/1991 3207/3207
f 2990/2990 3207/3207 20/20
f 20/20 3207/3207 2137/2137
f 20/20 2137/2137 2371/2371
f 3207/3207 3196/3196 3816/3816
f 3207/3207 3816/3816 2137/2137
f 1991/1991 1979/1979 3196/3196
f 1991/1991 3196/3196 3207/3207
f 1978/1978 2828/2828 1437/1437
f 1978/1978 1437/1437 3195/3195
f 3195/3195 1437/1437 454/454
f 3195/3195 454/454 3817/3817
f 3755/3755 896/896 504/504
f 3755/3755 504/504 2131/2131
f 2131/2131 504/504 112/112
f 2131/2131 112/112 1550/1550
f 504/504 4016/4016 974/974
f 504/504 974/974 112/112
f 896/896 211/211 4016/4016
f 896/896 4016/4016 504/504
f 212/212 1398/1398 1985/1985
f 212/212 1985/1985 4015/4015
f 4015/4015 1985/1985 4121/4121
f 4015/4015 4121/4121 973/973
f 793/793 2756/2756 2977/2977
f 793/793 2977/2977 993/993
f 2728/2728 2153/2153 2756/2756
f 2728/2728 2756/2756 793/793
f 2154/2154 1384/1384 3681/3681
f 2154/2154 3681/3681 2755/2755
f 2755/2755 3681/3681 3865/3865
f 2755/2755 3865/3865 2976/2976
f 3681/3681 3015/3015 3205/3205
f 3681/3681 3205/3205 3865/3865
f 1384/1384 2408/2408 3015/3015
f 1384/1384 3015/3015 3681/3681
f 1470/1470 2526/2526 639/639
f 1470/1470 639/639 3900/3900
f 3900/3900 639/639 896/896
f 3900/3900 896/896 3755/3755
f 639/639 1479/1479 211/211
f 639/639 211/211 896/896
f 2526/2526 68/68 1479/1479
f 2526/2526 1479/1479 639/639
f 67/67 2196/2196 1161/1161
f 67/67 1161/1161 1480/1480
f 1480/1480 1161/1161 1398/1398
f 1480/1480 1398/1398 212/212
f 2408/2408 936/936 4123/4123
f 2408/2408 4123/4123 51/51
f 1170/1170 1601/1601 3698/3698
f 1170/1170 3698/3698 185/185
f 389/389 156/156 2828/2828
f 389/389 2828/2828 444/444
f 2625/2625 2151/2151 1985/1985
f 2625/2625 1985/1985 1398/1398
f 2151/2151 3190/3190 3700/3700
f 2151/2151 3700/3700 825/825
f 2625/2625 3694/3694 3190/3190
f 2625/2625 3190/3190 2151/2151
f 3693/3693 2860/2860 780/780
f 3693/3693 780/780 3189/3189
f 3189/3189 780/780 1226/1226
f 3189/3189 1226/1226 3701/3701
f 780/780 3985/3985 1872/1872
f 780/780 1872/1872 1226/1226
f 2860/2860 286/286 3985/3985
f 2860/2860 3985/3985 780/780
f 1243/1243 1053/1053 2728/2728
f 1243/1243 2728/2728 793/793
f 2217/2217 1253/1253 1161/1161
f 2217/2217 1161/1161 2196/2196
f 1253/1253 2242/2242 3694/3694
f 1253/1253 3694/3694 2625/2625
f 2217/2217 18/18 2242/2242
f 2217/2217 2242/2242 1253/1253
f 19/19 1710/1710 4032/4032
f 19/19 4032/4032 2241/2241
f 2241/2241 4032/4032 2860/2860
f 2241/2241 2860/2860 3693/3693
f 4032/4032 3980/3980 286/286
f 4032/4032 286/286 2860/2860
f 1710/1710 3322/3322 3980/3980
f 1710/1710 3980/3980 4032/4032
f 3975/3975 3327/3327 1103/1103
f 3975/3975 1103/1103 2362/2362
f 825/825 389/389 444/444
f 825/825 444/444 4121/4121
f 389/389 4101/4101 3885/3885
f 389/389 3885/3885 156/156
f 825/825 3700/3700 4101/4101
f 825/825 4101/4101 389/389
f 3701/3701 1226/1226 113/113
f 3701/3701 113/113 4100/4100
f 4100/4100 113/113 3995/3995
f 4100/4100 3995/3995 3886/3886
f 113/113 2315/2315 480/480
f 113/113 480/480 3995/3995
f 1226/1226 1872/1872 2315/2315
f 1226/1226 2315/2315 113/113
f 1010/1010 1254/1254 1162/1162
f 1010/1010 1162/1162 1397/1397
f 282/282 3975/3975 2362/2362
f 282/282 2362/2362 454/454
f 3975/3975 1411/1411 1002/1002
f 3975/3975 1002/1002 3327/3327
f 282/282 128/128 1411/1411
f 282/282 1411/1411 3975/3975
f 127/127 422/422 362/362
f 127/127 362/362 1412/1412
f 1412/1412 362/362 3580/3580
f 1412/1412 3580/3580 1001/1001
f 362/362 195/195 2480/2480
f 362/362 2480/2480 3580/3580
f 422/422 1410/1410 195/195
f 422/422 195/195 362/362
f 1380/1380 1446/1446 1829/1829
f 1380/1380 1829/1829 224/224
f 224/224 1829/1829 1145/1145
f 224/224 1145/1145 1076/1076
f 1829/1829 840/840 1702/1702
f 1829/1829 1702/1702 1145/1145
f 1446/1446 2235/2235 840/840
f 1446/1446 840/840 1829/1829
f 2236/2236 1053/1053 1243/1243
f 2236/2236 1243/1243 839/839
f 839/839 1243/1243 1241/1241
f 839/839 1241/1241 1700/1700
f 762/762 282/282 454/454
f 762/762 454/454 1437/1437
f 1241/1241 1243/1243 793/793
f 1241/1241 793/793 993/993
f 3021/3021 2217/2217 2196/2196
f 3021/3021 2196/2196 2125/2125
f 156/156 762/762 1437/1437
f 156/156 1437/1437 2828/2828
f 762/762 1229/1229 128/128
f 762/762 128/128 282/282
f 156/156 3885/3885 1229/1229
f 156/156 1229/1229 762/762
f 3886/3886 3995/3995 3948/3948
f 3886/3886 3948/3948 1230/1230
f 1230/1230 3948/3948 422/422
f 1230/1230 422/422 127/127
f 3948/3948 421/421 1410/1410
f 3948/3948 1410/1410 422/422
f 3995/3995 480/480 421/421
f 3995/3995 421/421 3948/3948
f 3322/3322 1710/1710 3464/3464
f 3322/3322 3464/3464 843/843
f 843/843 3464/3464 1446/1446
f 843/843 1446/1446 1380/1380
f 3464/3464 1648/1648 2235/2235
f 3464/3464 2235/2235 1446/1446
f 1710/1710 19/19 1648/1648
f 1710/1710 1648/1648 3464/3464
f 18/18 2217/2217 3021/3021
f 18/18 3021/3021 1647/1647
f 1647/1647 3021/3021 1053/1053
f 1647/1647 1053/1053 2236/2236
f 2151/2151 825/825 4121/4121
f 2151/2151 4121/4121 1985/1985
f 1053/1053 3021/3021 2125/2125
f 1053/1053 2125/2125 2728/2728
f 3636/3636 1915/1915 3019/3019
f 3636/3636 3019/3019 3007/3007
f 3007/3007 3019/3019 1361/1361
f 3007/3007 1361/1361 3288/3288
f 3019/3019 893/893 3705/3705
f 3019/3019 3705/3705 1361/1361
f 1915/1915 1899/1899 893/893
f 1915/1915 893/893 3019/3019
f 2600/2600 3943/3943 1600/1600
f 2600/2600 1600/1600 353/353
f 353/353 1600/1600 3567/3567
f 353/353 3567/3567 3142/3142
f 1600/1600 1606/1606 3585/3585
f 1600/1600 3585/3585 3567/3567
f 3943/3943 674/674 1606/1606
f 3943/3943 1606/1606 1600/1600
f 674/674 1963/1963 637/637
f 674/674 637/637 1606/1606
f 1606/1606 637/637 2297/2297
f 1606/1606 2297/2297 3585/3585
f 638/638 311/311 148/148
f 638/638 148/148 2296/2296
f 1962/1962 1899/1899 311/311
f 1962/1962 311/311 638/638
f 3539/3539 4090/4090 1977/1977
f 3539/3539 1977/1977 3983/3983
f 3983/3983 1977/1977 3943/3943
f 3983/3983 3943/3943 2600/2600
f 1977/1977 3884/3884 674/674
f 1977/1977 674/674 3943/3943
f 4090/4090 1720/1720 3884/3884
f 4090/4090 3884/3884 1977/1977
f 1720/1720 2434/2434 2760/2760
f 1720/1720 2760/2760 3884/3884
f 3884/3884 2760/2760 1963/1963
f 3884/3884 1963/1963 674/674
f 2759/2759 893/893 1899/1899
f 2759/2759 1899/1899 1962/1962
f 2435/2435 3705/3705 893/893
f 2435/2435 893/893 2759/2759
f 3142/3142 3567/3567 3824/3824
f 3142/3142 3824/3824 1732/1732
f 1732/1732 3824/3824 133/133
f 1732/1732 133/133 601/601
f 3824/3824 3832/3832 139/139
f 3824/3824 139/139 133/133
f 3567/3567 3585/3585 3832/3832
f 3567/3567 3832/3832 3824/3824
f 3585/3585 2297/2297 2096/2096
f 3585/3585 2096/2096 3832/3832
f 3832/3832 2096/2096 3122/3122
f 3832/3832 3122/3122 139/139
f 2097/2097 4141/4141 584/584
f 2097/2097 584/584 3121/3121
f 2296/2296 148/148 4141/4141
f 2296/2296 4141/4141 2097/2097
f 878/878 370/370 2486/2486
f 878/878 2486/2486 2063/2063
f 2063/2063 2486/2486 3210/3210
f 2063/2063 3210/3210 1181/1181
f 2486/2486 2493/2493 3212/3212
f 2486/2486 3212/3212 3210/3210
f 370/370 2901/2901 2493/2493
f 370/370 2493/2493 2486/2486
f 2901/2901 1772/1772 707/707
f 2901/2901 707/707 2493/2493
f 2493/2493 707/707 1386/1386
f 2493/2493 1386/1386 3212/3212
f 708/708 2086/2086 1376/1376
f 708/708 1376/1376 1385/1385
f 1773/1773 3391/3391 2086/2086
f 1773/1773 2086/2086 708/708
f 1534/1534 1901/1901 4126/4126
f 1534/1534 4126/4126 3369/3369
f 3369/3369 4126/4126 1741/1741
f 3369/3369 1741/1741 2796/2796
f 4125/4125 3543/3543 1160/1160
f 4125/4125 1160/1160 1740/1740
f 1900/1900 1458/1458 3543/3543
f 1900/1900 3543/3543 4125/4125
f 1458/1458 3870/3870 1650/1650
f 1458/1458 1650/1650 3543/3543
f 3543/3543 1650/1650 3535/3535
f 3543/3543 3535/3535 1160/1160
f 1650/1650 1089/1089 2917/2917
f 1650/1650 2917/2917 3535/3535
f 3870/3870 3243/3243 1089/1089
f 3870/3870 1089/1089 1650/1650
f 601/601 133/133 2566/2566
f 601/601 2566/2566 3078/3078
f 3078/3078 2566/2566 370/370
f 3078/3078 370/370 878/878
f 2566/2566 2567/2567 2901/2901
f 2566/2566 2901/2901 370/370
f 133/133 139/139 2567/2567
f 133/133 2567/2567 2566/2566
f 139/139 3122/3122 403/403
f 139/139 403/403 2567/2567
f 2567/2567 403/403 1772/1772
f 2567/2567 1772/1772 2901/2901
f 402/402 2685/2685 3391/3391
f 402/402 3391/3391 1773/1773
f 3121/3121 584/584 2685/2685
f 3121/3121 2685/2685 402/402
f 3705/3705 2435/2435 1630/1630
f 3705/3705 1630/1630 1755/1755
f 1755/1755 1630/1630 1901/1901
f 1755/1755 1901/1901 1534/1534
f 1629/1629 1786/1786 1458/1458
f 1629/1629 1458/1458 1900/1900
f 2434/2434 1720/1720 1786/1786
f 2434/2434 1786/1786 1629/1629
f 1720/1720 4090/4090 1590/1590
f 1720/1720 1590/1590 1786/1786
f 1786/1786 1590/1590 3870/3870
f 1786/1786 3870/3870 1458/1458
f 1590/1590 1029/1029 3243/3243
f 1590/1590 3243/3243 3870/3870
f 4090/4090 3539/3539 1029/1029
f 4090/4090 1029/1029 1590/1590
f 2600/2600 353/353 3985/3985
f 2600/2600 3985/3985 286/286
f 2601/2601 3984/3984 3979/3979
f 2601/2601 3979/3979 287/287
f 2264/2264 358/358 431/431
f 2264/2264 431/431 545/545
f 545/545 431/431 2527/2527
f 545/545 2527/2527 3239/3239
f 431/431 1518/1518 3465/3465
f 431/431 3465/3465 2527/2527
f 358/358 1925/1925 1518/1518
f 358/358 1518/1518 431/431
f 1259/1259 802/802 1198/1198
f 1259/1259 1198/1198 238/238
f 238/238 1198/1198 3665/3665
f 238/238 3665/3665 3185/3185
f 1198/1198 2880/2880 363/363
f 1198/1198 363/363 3665/3665
f 802/802 3613/3613 2880/2880
f 802/802 2880/2880 1198/1198
f 259/259 3366/3366 3430/3430
f 259/259 3430/3430 3777/3777
f 3777/3777 3430/3430 2851/2851
f 3777/3777 2851/2851 3408/3408
f 3430/3430 545/545 3239/3239
f 3430/3430 3239/3239 2851/2851
f 3366/3366 2264/2264 545/545
f 3366/3366 545/545 3430/3430
f 3719/3719 3926/3926 1277/1277
f 3719/3719 1277/1277 2542/2542
f 2542/2542 1277/1277 2253/2253
f 2542/2542 2253/2253 1787/1787
f 1277/1277 344/344 478/478
f 1277/1277 478/478 2253/2253
f 3926/3926 2501/2501 344/344
f 3926/3926 344/344 1277/1277
f 244/244 2575/2575 1846/1846
f 244/244 1846/1846 305/305
f 305/305 1846/1846 1240/1240
f 305/305 1240/1240 2983/2983
f 1847/1847 3777/3777 3408/3408
f 1847/1847 3408/3408 1239/1239
f 2576/2576 259/259 3777/3777
f 2576/2576 3777/3777 1847/1847
f 3613/3613 1894/1894 2632/2632
f 3613/3613 2632/2632 2880/2880
f 2880/2880 2632/2632 758/758
f 2880/2880 758/758 363/363
f 2632/2632 2542/2542 1787/1787
f 2632/2632 1787/1787 758/758
f 1894/1894 3719/3719 2542/2542
f 1894/1894 2542/2542 2632/2632
f 2980/2980 794/794 59/59
f 2980/2980 59/59 3949/3949
f 3949/3949 59/59 1023/1023
f 3949/3949 1023/1023 1444/1444
f 59/59 1518/1518 1925/1925
f 59/59 1925/1925 1023/1023
f 794/794 3465/3465 1518/1518
f 794/794 1518/1518 59/59
f 1258/1258 590/590 3449/3449
f 1258/1258 3449/3449 3402/3402
f 3402/3402 3449/3449 2969/2969
f 3402/3402 2969/2969 698/698
f 3449/3449 375/375 605/605
f 3449/3449 605/605 2969/2969
f 590/590 662/662 375/375
f 590/590 375/375 3449/3449
f 3999/3999 1474/1474 1736/1736
f 3999/3999 1736/1736 2539/2539
f 2539/2539 1736/1736 590/590
f 2539/2539 590/590 1258/1258
f 1736/1736 3549/3549 662/662
f 1736/1736 662/662 590/590
f 1474/1474 199/199 3549/3549
f 1474/1474 3549/3549 1736/1736
f 198/198 2544/2544 3849/3849
f 198/198 3849/3849 3548/3548
f 3548/3548 3849/3849 1050/1050
f 3548/3548 1050/1050 661/661
f 3849/3849 4043/4043 2743/2743
f 3849/3849 2743/2743 1050/1050
f 2544/2544 2853/2853 4043/4043
f 2544/2544 4043/4043 3849/3849
f 2129/2129 2752/2752 3905/3905
f 2129/2129 3905/3905 237/237
f 237/237 3905/3905 794/794
f 237/237 794/794 2980/2980
f 3905/3905 2700/2700 3465/3465
f 3905/3905 3465/3465 794/794
f 2752/2752 2743/2743 2700/2700
f 2752/2752 2700/2700 3905/3905
f 949/949 1737/1737 1080/1080
f 949/949 1080/1080 1860/1860
f 1860/1860 1080/1080 2539/2539
f 1860/1860 2539/2539 1258/1258
f 1080/1080 1056/1056 3999/3999
f 1080/1080 3999/3999 2539/2539
f 1737/1737 3643/3643 1056/1056
f 1737/1737 1056/1056 1080/1080
f 2743/2743 4043/4043 2874/2874
f 2743/2743 2874/2874 2700/2700
f 2700/2700 2874/2874 2071/2071
f 2700/2700 2071/2071 3465/3465
f 2874/2874 205/205 243/243
f 2874/2874 243/243 2071/2071
f 4043/4043 2853/2853 205/205
f 4043/4043 205/205 2874/2874
f 1543/1543 2903/2903 3472/3472
f 1543/1543 3472/3472 96/96
f 96/96 3472/3472 2060/2060
f 96/96 2060/2060 3424/3424
f 3472/3472 668/668 3643/3643
f 3472/3472 3643/3643 2060/2060
f 2903/2903 3304/3304 668/668
f 2903/2903 668/668 3472/3472
f 949/949 2003/2003 2262/2262
f 949/949 2262/2262 1737/1737
f 1737/1737 2262/2262 2060/2060
f 1737/1737 2060/2060 3643/3643
f 2262/2262 1931/1931 3424/3424
f 2262/2262 3424/3424 2060/2060
f 2003/2003 3151/3151 1931/1931
f 2003/2003 1931/1931 2262/2262
f 3674/3674 1827/1827 591/591
f 3674/3674 591/591 183/183
f 183/183 591/591 369/369
f 183/183 369/369 3263/3263
f 591/591 1810/1810 3918/3918
f 591/591 3918/3918 369/369
f 1827/1827 91/91 1810/1810
f 1827/1827 1810/1810 591/591
f 240/240 3059/3059 487/487
f 240/240 487/487 1948/1948
f 1948/1948 487/487 1827/1827
f 1948/1948 1827/1827 3674/3674
f 487/487 1126/1126 91/91
f 487/487 91/91 1827/1827
f 3059/3059 243/243 1126/1126
f 3059/3059 1126/1126 487/487
f 2737/2737 3221/3221 2855/2855
f 2737/2737 2855/2855 830/830
f 830/830 2855/2855 1232/1232
f 830/830 1232/1232 2594/2594
f 2855/2855 1790/1790 1619/1619
f 2855/2855 1619/1619 1232/1232
f 3221/3221 560/560 1790/1790
f 3221/3221 1790/1790 2855/2855
f 4008/4008 335/335 3414/3414
f 4008/4008 3414/3414 2919/2919
f 2919/2919 3414/3414 3221/3221
f 2919/2919 3221/3221 2737/2737
f 3414/3414 2327/2327 560/560
f 3414/3414 560/560 3221/3221
f 335/335 2457/2457 2327/2327
f 335/335 2327/2327 3414/3414
f 877/877 2349/2349 1059/1059
f 877/877 1059/1059 3569/3569
f 3570/3570 1060/1060 3320/3320
f 3570/3570 3320/3320 3451/3451
f 1060/1060 1566/1566 2598/2598
f 1060/1060 2598/2598 3320/3320
f 2349/2349 2843/2843 1564/1564
f 2349/2349 1564/1564 1059/1059
f 2594/2594 1232/1232 3276/3276
f 2594/2594 3276/3276 1513/1513
f 1513/1513 3276/3276 1424/1424
f 1513/1513 1424/1424 3417/3417
f 3276/3276 748/748 1072/1072
f 3276/3276 1072/1072 1424/1424
f 1232/1232 1619/1619 748/748
f 1232/1232 748/748 3276/3276
f 3465/3465 2071/2071 3952/3952
f 3465/3465 3952/3952 2527/2527
f 2527/2527 3952/3952 1934/1934
f 2527/2527 1934/1934 3239/3239
f 3952/3952 3059/3059 240/240
f 3952/3952 240/240 1934/1934
f 2071/2071 243/243 3059/3059
f 2071/2071 3059/3059 3952/3952
f 3484/3484 1147/1147 1135/1135
f 3484/3484 1135/1135 3798/3798
f 3798/3798 1135/1135 425/425
f 3798/3798 425/425 607/607
f 1135/1135 1330/1330 3974/3974
f 1135/1135 3974/3974 425/425
f 1147/1147 3481/3481 1330/1330
f 1147/1147 1330/1330 1135/1135
f 398/398 3077/3077 1964/1964
f 398/398 1964/1964 4074/4074
f 4074/4074 1964/1964 920/920
f 4074/4074 920/920 2335/2335
f 1964/1964 772/772 3520/3520
f 1964/1964 3520/3520 920/920
f 3077/3077 2645/2645 772/772
f 3077/3077 772/772 1964/1964
f 492/492 531/531 2714/2714
f 492/492 2714/2714 392/392
f 392/392 2714/2714 221/221
f 392/392 221/221 490/490
f 2714/2714 1757/1757 3664/3664
f 2714/2714 3664/3664 221/221
f 531/531 1112/1112 1757/1757
f 531/531 1757/1757 2714/2714
f 2101/2101 4083/4083 1611/1611
f 2101/2101 1611/1611 2602/2602
f 2602/2602 1611/1611 322/322
f 2602/2602 322/322 2876/2876
f 1611/1611 1818/1818 976/976
f 1611/1611 976/976 322/322
f 4083/4083 2150/2150 1818/1818
f 4083/4083 1818/1818 1611/1611
f 1795/1795 2427/2427 1957/1957
f 1795/1795 1957/1957 3879/3879
f 3879/3879 1957/1957 817/817
f 3879/3879 817/817 1276/1276
f 1957/1957 2602/2602 2876/2876
f 1957/1957 2876/2876 817/817
f 2427/2427 2101/2101 2602/2602
f 2427/2427 2602/2602 1957/1957
f 2193/2193 2971/2971 2057/2057
f 2193/2193 2057/2057 3457/3457
f 3457/3457 2057/2057 3909/3909
f 3457/3457 3909/3909 4097/4097
f 2057/2057 4132/4132 1776/1776
f 2057/2057 1776/1776 3909/3909
f 2971/2971 1855/1855 4132/4132
f 2971/2971 4132/4132 2057/2057
f 86/86 872/872 2166/2166
f 86/86 2166/2166 3290/3290
f 3290/3290 2166/2166 3377/3377
f 3290/3290 3377/3377 1114/1114
f 2166/2166 1462/1462 3386/3386
f 2166/2166 3386/3386 3377/3377
f 872/872 3454/3454 1462/1462
f 872/872 1462/1462 2166/2166
f 3864/3864 3292/3292 3920/3920
f 3864/3864 3920/3920 2361/2361
f 2361/2361 3920/3920 1607/1607
f 2361/2361 1607/1607 2624/2624
f 3920/3920 3219/3219 1663/1663
f 3920/3920 1663/1663 1607/1607
f 3292/3292 143/143 3219/3219
f 3292/3292 3219/3219 3920/3920
f 3481/3481 1935/1935 2184/2184
f 3481/3481 2184/2184 1330/1330
f 1330/1330 2184/2184 35/35
f 1330/1330 35/35 3974/3974
f 2184/2184 925/925 349/349
f 2184/2184 349/349 35/35
f 1935/1935 675/675 925/925
f 1935/1935 925/925 2184/2184
f 562/562 3838/3838 190/190
f 562/562 190/190 2274/2274
f 2274/2274 190/190 531/531
f 2274/2274 531/531 492/492
f 190/190 1920/1920 1112/1112
f 190/190 1112/1112 531/531
f 3838/3838 1040/1040 1920/1920
f 3838/3838 1920/1920 190/190
f 562/562 3675/3675 885/885
f 562/562 885/885 1745/1745
f 1744/1744 886/886 3124/3124
f 1744/1744 3124/3124 2923/2923
f 886/886 26/26 2886/2886
f 886/886 2886/2886 3124/3124
f 3675/3675 3634/3634 25/25
f 3675/3675 25/25 885/885
f 490/490 990/990 1399/1399
f 490/490 1399/1399 392/392
f 392/392 1399/1399 967/967
f 392/392 967/967 492/492
f 1399/1399 3032/3032 2950/2950
f 1399/1399 2950/2950 967/967
f 990/990 166/166 3032/3032
f 990/990 3032/3032 1399/1399
f 2540/2540 1919/1919 1981/1981
f 2540/2540 1981/1981 142/142
f 142/142 1981/1981 990/990
f 142/142 990/990 490/490
f 1981/1981 3344/3344 166/166
f 1981/1981 166/166 990/990
f 1919/1919 1381/1381 3344/3344
f 1919/1919 3344/3344 1981/1981
f 1163/1163 1248/1248 2202/2202
f 1163/1163 2202/2202 2846/2846
f 2846/2846 2202/2202 1345/1345
f 2846/2846 1345/1345 566/566
f 2202/2202 1607/1607 1663/1663
f 2202/2202 1663/1663 1345/1345
f 1248/1248 2624/2624 1607/1607
f 1248/1248 1607/1607 2202/2202
f 3481/3481 862/862 1881/1881
f 3481/3481 1881/1881 1935/1935
f 1935/1935 1881/1881 595/595
f 1935/1935 595/595 675/675
f 1881/1881 3661/3661 2827/2827
f 1881/1881 2827/2827 595/595
f 862/862 2218/2218 3661/3661
f 862/862 3661/3661 1881/1881
f 2923/2923 3124/3124 3946/3946
f 2923/2923 3946/3946 1661/1661
f 1661/1661 3946/3946 2786/2786
f 1661/1661 2786/2786 3484/3484
f 3946/3946 2419/2419 3155/3155
f 3946/3946 3155/3155 2786/2786
f 3124/3124 2886/2886 2419/2419
f 3124/3124 2419/2419 3946/3946
f 3812/3812 636/636 2928/2928
f 3812/3812 2928/2928 2426/2426
f 2426/2426 2928/2928 1248/1248
f 2426/2426 1248/1248 1163/1163
f 2928/2928 2936/2936 2624/2624
f 2928/2928 2624/2624 1248/1248
f 636/636 976/976 2936/2936
f 636/636 2936/2936 2928/2928
f 3484/3484 2786/2786 2582/2582
f 3484/3484 2582/2582 1147/1147
f 1147/1147 2582/2582 862/862
f 1147/1147 862/862 3481/3481
f 2582/2582 186/186 2218/2218
f 2582/2582 2218/2218 862/862
f 2786/2786 3155/3155 186/186
f 2786/2786 186/186 2582/2582
f 3363/3363 1642/1642 3754/3754
f 3363/3363 3754/3754 3388/3388
f 3388/3388 3754/3754 3769/3769
f 3388/3388 3769/3769 1281/1281
f 3754/3754 58/58 1275/1275
f 3754/3754 1275/1275 3769/3769
f 1642/1642 1114/1114 58/58
f 1642/1642 58/58 3754/3754
f 1282/1282 3770/3770 117/117
f 1282/1282 117/117 71/71
f 71/71 117/117 1012/1012
f 71/71 1012/1012 927/927
f 117/117 817/817 2876/2876
f 117/117 2876/2876 1012/1012
f 3770/3770 1276/1276 817/817
f 3770/3770 817/817 117/117
f 927/927 1012/1012 599/599
f 927/927 599/599 761/761
f 761/761 599/599 636/636
f 761/761 636/636 3812/3812
f 599/599 322/322 976/976
f 599/599 976/976 636/636
f 1012/1012 2876/2876 322/322
f 1012/1012 322/322 599/599
f 256/256 786/786 1508/1508
f 256/256 1508/1508 1812/1812
f 1812/1812 1508/1508 1642/1642
f 1812/1812 1642/1642 3363/3363
f 1508/1508 3290/3290 1114/1114
f 1508/1508 1114/1114 1642/1642
f 786/786 86/86 3290/3290
f 786/786 3290/3290 1508/1508
f 727/727 3439/3439 390/390
f 727/727 390/390 2897/2897
f 858/858 845/845 3326/3326
f 858/858 3326/3326 4039/4039
f 2010/2010 585/585 1464/1464
f 2010/2010 1464/1464 699/699
f 1314/1314 699/699 1464/1464
f 1314/1314 1464/1464 108/108
f 2849/2849 108/108 1464/1464
f 2849/2849 1464/1464 585/585
f 51/51 3558/3558 4103/4103
f 51/51 4103/4103 611/611
f 611/611 4103/4103 1728/1728
f 611/611 1728/1728 808/808
f 4102/4102 3717/3717 3921/3921
f 4102/4102 3921/3921 1727/1727
f 3559/3559 3096/3096 3717/3717
f 3559/3559 3717/3717 4102/4102
f 2011/2011 3697/3697 982/982
f 2011/2011 982/982 446/446
f 2220/2220 446/446 982/982
f 2220/2220 982/982 4089/4089
f 2849/2849 4089/4089 982/982
f 2849/2849 982/982 3697/3697
f 1314/1314 108/108 3752/3752
f 1314/1314 3752/3752 1824/1824
f 946/946 1824/1824 3752/3752
f 946/946 3752/3752 857/857
f 2849/2849 857/857 3752/3752
f 2849/2849 3752/3752 108/108
f 700/700 3094/3094 138/138
f 700/700 138/138 3442/3442
f 3442/3442 138/138 3951/3951
f 3442/3442 3951/3951 4067/4067
f 137/137 2642/2642 1825/1825
f 137/137 1825/1825 3950/3950
f 3095/3095 3137/3137 2642/2642
f 3095/3095 2642/2642 137/137
f 3197/3197 2704/2704 1455/1455
f 3197/3197 1455/1455 3992/3992
f 2380/2380 3992/3992 1455/1455
f 2380/2380 1455/1455 3531/3531
f 2849/2849 3531/3531 1455/1455
f 2849/2849 1455/1455 2704/2704
f 185/185 3523/3523 2924/2924
f 185/185 2924/2924 3709/3709
f 3709/3709 2924/2924 416/416
f 3709/3709 416/416 800/800
f 2925/2925 2671/2671 214/214
f 2925/2925 214/214 415/415
f 3522/3522 1524/1524 2671/2671
f 3522/3522 2671/2671 2925/2925
f 946/946 857/857 3061/3061
f 946/946 3061/3061 4006/4006
f 2011/2011 4006/4006 3061/3061
f 2011/2011 3061/3061 3697/3697
f 2849/2849 3697/3697 3061/3061
f 2849/2849 3061/3061 857/857
f 4067/4067 3951/3951 3488/3488
f 4067/4067 3488/3488 4123/4123
f 4123/4123 3488/3488 3558/3558
f 4123/4123 3558/3558 51/51
f 3487/3487 1375/1375 3096/3096
f 3487/3487 3096/3096 3559/3559
f 3950/3950 1825/1825 1375/1375
f 3950/3950 1375/1375 3487/3487
f 2103/2103 450/450 4135/4135
f 2103/2103 4135/4135 2991/2991
f 2991/2991 4135/4135 2832/2832
f 2991/2991 2832/2832 175/175
f 4134/4134 2716/2716 1409/1409
f 4134/4134 1409/1409 2831/2831
f 449/449 3413/3413 2716/2716
f 449/449 2716/2716 4134/4134
f 2220/2220 4089/4089 509/509
f 2220/2220 509/509 255/255
f 3197/3197 255/255 509/509
f 3197/3197 509/509 2704/2704
f 2849/2849 2704/2704 509/509
f 2849/2849 509/509 4089/4089
f 175/175 2832/2832 3230/3230
f 175/175 3230/3230 2537/2537
f 2537/2537 3230/3230 3094/3094
f 2537/2537 3094/3094 700/700
f 3229/3229 248/248 3137/3137
f 3229/3229 3137/3137 3095/3095
f 2831/2831 1409/1409 248/248
f 2831/2831 248/248 3229/3229
f 800/800 416/416 1024/1024
f 800/800 1024/1024 192/192
f 192/192 1024/1024 450/450
f 192/192 450/450 2103/2103
f 1025/1025 2406/2406 3413/3413
f 1025/1025 3413/3413 449/449
f 415/415 214/214 2406/2406
f 415/415 2406/2406 1025/1025
f 3197/3197 2672/2672 1491/1491
f 3197/3197 1491/1491 255/255
f 255/255 1491/1491 2298/2298
f 255/255 2298/2298 2220/2220
f 1491/1491 2642/2642 3137/3137
f 1491/1491 3137/3137 2298/2298
f 2672/2672 1825/1825 2642/2642
f 2672/2672 2642/2642 1491/1491
f 3096/3096 1354/1354 2670/2670
f 3096/3096 2670/2670 3717/3717
f 3717/3717 2670/2670 2894/2894
f 3717/3717 2894/2894 3921/3921
f 2670/2670 3554/3554 3005/3005
f 2670/2670 3005/3005 2894/2894
f 1354/1354 2380/2380 3554/3554
f 1354/1354 3554/3554 2670/2670
f 1825/1825 2672/2672 2958/2958
f 1825/1825 2958/2958 1375/1375
f 1375/1375 2958/2958 1354/1354
f 1375/1375 1354/1354 3096/3096
f 2958/2958 3992/3992 2380/2380
f 2958/2958 2380/2380 1354/1354
f 2672/2672 3197/3197 3992/3992
f 2672/2672 3992/3992 2958/2958
f 2011/2011 1505/1505 3612/3612
f 2011/2011 3612/3612 4006/4006
f 4006/4006 3612/3612 1151/1151
f 4006/4006 1151/1151 946/946
f 3612/3612 2716/2716 3413/3413
f 3612/3612 3413/3413 1151/1151
f 1505/1505 1409/1409 2716/2716
f 1505/1505 2716/2716 3612/3612
f 2220/2220 2298/2298 2856/2856
f 2220/2220 2856/2856 446/446
f 446/446 2856/2856 1505/1505
f 446/446 1505/1505 2011/2011
f 2856/2856 248/248 1409/1409
f 2856/2856 1409/1409 1505/1505
f 2298/2298 3137/3137 248/248
f 2298/2298 248/248 2856/2856
f 1314/1314 4106/4106 2250/2250
f 1314/1314 2250/2250 699/699
f 699/699 2250/2250 285/285
f 699/699 285/285 2010/2010
f 2250/2250 2671/2671 1524/1524
f 2250/2250 1524/1524 285/285
f 4106/4106 214/214 2671/2671
f 4106/4106 2671/2671 2250/2250
f 946/946 1151/1151 3704/3704
f 946/946 3704/3704 1824/1824
f 1824/1824 3704/3704 4106/4106
f 1824/1824 4106/4106 1314/1314
f 3704/3704 2406/2406 214/214
f 3704/3704 214/214 4106/4106
f 1151/1151 3413/3413 2406/2406
f 1151/1151 2406/2406 3704/3704
f 2380/2380 3531/3531 3741/3741
f 2380/2380 3741/3741 3554/3554
f 3005/3005 3554/3554 3741/3741
f 3005/3005 3741/3741 459/459
f 2849/2849 459/459 3741/3741
f 2849/2849 3741/3741 3531/3531
f 86/86 786/786 193/193
f 86/86 193/193 1593/1593
f 1593/1593 193/193 1919/1919
f 1593/1593 1919/1919 2540/2540
f 193/193 2662/2662 1381/1381
f 193/193 1381/1381 1919/1919
f 786/786 256/256 2662/2662
f 786/786 2662/2662 193/193
f 3454/3454 691/691 2564/2564
f 3454/3454 2564/2564 1599/1599
f 1599/1599 2564/2564 2052/2052
f 1599/1599 2052/2052 1954/1954
f 2564/2564 2213/2213 535/535
f 2564/2564 535/535 2052/2052
f 691/691 3372/3372 2213/2213
f 691/691 2213/2213 2564/2564
f 2430/2430 3068/3068 423/423
f 2430/2430 423/423 1501/1501
f 1501/1501 423/423 3381/3381
f 1501/1501 3381/3381 295/295
f 423/423 855/855 2387/2387
f 423/423 2387/2387 3381/3381
f 3068/3068 1840/1840 855/855
f 3068/3068 855/855 423/423
f 1211/1211 3677/3677 3802/3802
f 1211/1211 3802/3802 3891/3891
f 3890/3890 3803/3803 2278/2278
f 3890/3890 2278/2278 3357/3357
f 3803/3803 270/270 1486/1486
f 3803/3803 1486/1486 2278/2278
f 3677/3677 2341/2341 269/269
f 3677/3677 269/269 3802/3802
f 451/451 1109/1109 1099/1099
f 451/451 1099/1099 3647/3647
f 3647/3647 1099/1099 3068/3068
f 3647/3647 3068/3068 2430/2430
f 1099/1099 697/697 1840/1840
f 1099/1099 1840/1840 3068/3068
f 1109/1109 814/814 697/697
f 1109/1109 697/697 1099/1099
f 3684/3684 4029/4029 3153/3153
f 3684/3684 3153/3153 2829/2829
f 2829/2829 3153/3153 4058/4058
f 2829/2829 4058/4058 1499/1499
f 3153/3153 297/297 2453/2453
f 3153/3153 2453/2453 4058/4058
f 4029/4029 3978/3978 297/297
f 4029/4029 297/297 3153/3153
f 490/490 221/221 666/666
f 490/490 666/666 142/142
f 142/142 666/666 586/586
f 142/142 586/586 2540/2540
f 666/666 2975/2975 3372/3372
f 666/666 3372/3372 586/586
f 221/221 3664/3664 2975/2975
f 221/221 2975/2975 666/666
f 1954/1954 2052/2052 2681/2681
f 1954/1954 2681/2681 2495/2495
f 2495/2495 2681/2681 1109/1109
f 2495/2495 1109/1109 451/451
f 2681/2681 537/537 814/814
f 2681/2681 814/814 1109/1109
f 2052/2052 535/535 537/537
f 2052/2052 537/537 2681/2681
f 1163/1163 501/501 3367/3367
f 1163/1163 3367/3367 2426/2426
f 2426/2426 3367/3367 281/281
f 2426/2426 281/281 3812/3812
f 3367/3367 341/341 1004/1004
f 3367/3367 1004/1004 281/281
f 501/501 213/213 341/341
f 501/501 341/341 3367/3367
f 3155/3155 326/326 484/484
f 3155/3155 484/484 186/186
f 186/186 484/484 1205/1205
f 186/186 1205/1205 2218/2218
f 484/484 2157/2157 1466/1466
f 484/484 1466/1466 1205/1205
f 326/326 406/406 2157/2157
f 326/326 2157/2157 484/484
f 3634/3634 1627/1627 3809/3809
f 3634/3634 3809/3809 25/25
f 26/26 3808/3808 944/944
f 26/26 944/944 2886/2886
f 3808/3808 2963/2963 1075/1075
f 3808/3808 1075/1075 944/944
f 1627/1627 162/162 2964/2964
f 1627/1627 2964/2964 3809/3809
f 1281/1281 3784/3784 1940/1940
f 1281/1281 1940/1940 3388/3388
f 3388/3388 1940/1940 3933/3933
f 3388/3388 3933/3933 3363/3363
f 1940/1940 3749/3749 942/942
f 1940/1940 942/942 3933/3933
f 3784/3784 3502/3502 3749/3749
f 3784/3784 3749/3749 1940/1940
f 166/166 3779/3779 4114/4114
f 166/166 4114/4114 3032/3032
f 3032/3032 4114/4114 455/455
f 3032/3032 455/455 2950/2950
f 4114/4114 1320/1320 1179/1179
f 4114/4114 1179/1179 455/455
f 3779/3779 2211/2211 1320/1320
f 3779/3779 1320/1320 4114/4114
f 927/927 851/851 3380/3380
f 927/927 3380/3380 71/71
f 71/71 3380/3380 3785/3785
f 71/71 3785/3785 1282/1282
f 3380/3380 1406/1406 3503/3503
f 3380/3380 3503/3503 3785/3785
f 851/851 1377/1377 1406/1406
f 851/851 1406/1406 3380/3380
f 1381/1381 2299/2299 163/163
f 1381/1381 163/163 3344/3344
f 3344/3344 163/163 3779/3779
f 3344/3344 3779/3779 166/166
f 163/163 3729/3729 2211/2211
f 163/163 2211/2211 3779/3779
f 2299/2299 8/8 3729/3729
f 2299/2299 3729/3729 163/163
f 3812/3812 281/281 617/617
f 3812/3812 617/617 761/761
f 761/761 617/617 851/851
f 761/761 851/851 927/927
f 617/617 2867/2867 1377/1377
f 617/617 1377/1377 851/851
f 281/281 1004/1004 2867/2867
f 281/281 2867/2867 617/617
f 2453/2453 2461/2461 1951/1951
f 2453/2453 1951/1951 4058/4058
f 4058/4058 1951/1951 1457/1457
f 4058/4058 1457/1457 1499/1499
f 1951/1951 3909/3909 1776/1776
f 1951/1951 1776/1776 1457/1457
f 2461/2461 4097/4097 3909/3909
f 2461/2461 3909/3909 1951/1951
f 566/566 3091/3091 3157/3157
f 566/566 3157/3157 2846/2846
f 2846/2846 3157/3157 501/501
f 2846/2846 501/501 1163/1163
f 3157/3157 427/427 213/213
f 3157/3157 213/213 501/501
f 3091/3091 37/37 427/427
f 3091/3091 427/427 3157/3157
f 3363/3363 3933/3933 906/906
f 3363/3363 906/906 1812/1812
f 1812/1812 906/906 1133/1133
f 1812/1812 1133/1133 256/256
f 906/906 1294/1294 2170/2170
f 906/906 2170/2170 1133/1133
f 3933/3933 942/942 1294/1294
f 3933/3933 1294/1294 906/906
f 2218/2218 1205/1205 2044/2044
f 2218/2218 2044/2044 3661/3661
f 3661/3661 2044/2044 3255/3255
f 3661/3661 3255/3255 2827/2827
f 2044/2044 1941/1941 937/937
f 2044/2044 937/937 3255/3255
f 1205/1205 1466/1466 1941/1941
f 1205/1205 1941/1941 2044/2044
f 2886/2886 944/944 4138/4138
f 2886/2886 4138/4138 2419/2419
f 2419/2419 4138/4138 326/326
f 2419/2419 326/326 3155/3155
f 4138/4138 1157/1157 406/406
f 4138/4138 406/406 326/326
f 944/944 1075/1075 1157/1157
f 944/944 1157/1157 4138/4138
f 162/162 307/307 2932/2932
f 162/162 2932/2932 2964/2964
f 2963/2963 2931/2931 3275/3275
f 2963/2963 3275/3275 1075/1075
f 2931/2931 12/12 521/521
f 2931/2931 521/521 3275/3275
f 307/307 2205/2205 13/13
f 307/307 13/13 2932/2932
f 2205/2205 865/865 3607/3607
f 2205/2205 3607/3607 13/13
f 12/12 3606/3606 3335/3335
f 12/12 3335/3335 521/521
f 3606/3606 3443/3443 649/649
f 3606/3606 649/649 3335/3335
f 865/865 921/921 3444/3444
f 865/865 3444/3444 3607/3607
f 921/921 3687/3687 3433/3433
f 921/921 3433/3433 3444/3444
f 3443/3443 3432/3432 497/497
f 3443/3443 497/497 649/649
f 3432/3432 3282/3282 2687/2687
f 3432/3432 2687/2687 497/497
f 3687/3687 2027/2027 3283/3283
f 3687/3687 3283/3283 3433/3433
f 2211/2211 3814/3814 2159/2159
f 2211/2211 2159/2159 1320/1320
f 1320/1320 2159/2159 106/106
f 1320/1320 106/106 1179/1179
f 2159/2159 2222/2222 3241/3241
f 2159/2159 3241/3241 106/106
f 3814/3814 2878/2878 2222/2222
f 3814/3814 2222/2222 2159/2159
f 2878/2878 181/181 1195/1195
f 2878/2878 1195/1195 2222/2222
f 2222/2222 1195/1195 3611/3611
f 2222/2222 3611/3611 3241/3241
f 1195/1195 2664/2664 3854/3854
f 1195/1195 3854/3854 3611/3611
f 181/181 846/846 2664/2664
f 181/181 2664/2664 1195/1195
f 846/846 3740/3740 2122/2122
f 846/846 2122/2122 2664/2664
f 2664/2664 2122/2122 2745/2745
f 2664/2664 2745/2745 3854/3854
f 2122/2122 4044/4044 1540/1540
f 2122/2122 1540/1540 2745/2745
f 3740/3740 1705/1705 4044/4044
f 3740/3740 4044/4044 2122/2122
f 8/8 2521/2521 3311/3311
f 8/8 3311/3311 3729/3729
f 3729/3729 3311/3311 3814/3814
f 3729/3729 3814/3814 2211/2211
f 3311/3311 1197/1197 2878/2878
f 3311/3311 2878/2878 3814/3814
f 2521/2521 2523/2523 1197/1197
f 2521/2521 1197/1197 3311/3311
f 2523/2523 10/10 747/747
f 2523/2523 747/747 1197/1197
f 1197/1197 747/747 181/181
f 1197/1197 181/181 2878/2878
f 747/747 315/315 846/846
f 747/747 846/846 181/181
f 10/10 7/7 315/315
f 10/10 315/315 747/747
f 7/7 3972/3972 1251/1251
f 7/7 1251/1251 315/315
f 315/315 1251/1251 3740/3740
f 315/315 3740/3740 846/846
f 1251/1251 3654/3654 1705/1705
f 1251/1251 1705/1705 3740/3740
f 3972/3972 460/460 3654/3654
f 3972/3972 3654/3654 1251/1251
f 1687/1687 625/625 2799/2799
f 1687/1687 2799/2799 1358/1358
f 1358/1358 2799/2799 1664/1664
f 1358/1358 1664/1664 2798/2798
f 2799/2799 3563/3563 3355/3355
f 2799/2799 3355/3355 1664/1664
f 625/625 2004/2004 3563/3563
f 625/625 3563/3563 2799/2799
f 2004/2004 1178/1178 1927/1927
f 2004/2004 1927/1927 3563/3563
f 3563/3563 1927/1927 3404/3404
f 3563/3563 3404/3404 3355/3355
f 1927/1927 2992/2992 1148/1148
f 1927/1927 1148/1148 3404/3404
f 1178/1178 2937/2937 2992/2992
f 1178/1178 2992/2992 1927/1927
f 2937/2937 2780/2780 3100/3100
f 2937/2937 3100/3100 2992/2992
f 2992/2992 3100/3100 387/387
f 2992/2992 387/387 1148/1148
f 3100/3100 427/427 37/37
f 3100/3100 37/37 387/387
f 2780/2780 213/213 427/427
f 2780/2780 427/427 3100/3100
f 1466/1466 4137/4137 29/29
f 1466/1466 29/29 1941/1941
f 1941/1941 29/29 3699/3699
f 1941/1941 3699/3699 937/937
f 29/29 894/894 1261/1261
f 29/29 1261/1261 3699/3699
f 4137/4137 810/810 894/894
f 4137/4137 894/894 29/29
f 810/810 125/125 1949/1949
f 810/810 1949/1949 894/894
f 894/894 1949/1949 2345/2345
f 894/894 2345/2345 1261/1261
f 1949/1949 3584/3584 3956/3956
f 1949/1949 3956/3956 2345/2345
f 125/125 716/716 3584/3584
f 125/125 3584/3584 1949/1949
f 716/716 2308/2308 995/995
f 716/716 995/995 3584/3584
f 3584/3584 995/995 3014/3014
f 3584/3584 3014/3014 3956/3956
f 995/995 3009/3009 3422/3422
f 995/995 3422/3422 3014/3014
f 2308/2308 2710/2710 3009/3009
f 2308/2308 3009/3009 995/995
f 1075/1075 3275/3275 3090/3090
f 1075/1075 3090/3090 1157/1157
f 1157/1157 3090/3090 3436/3436
f 1157/1157 3436/3436 406/406
f 3090/3090 44/44 929/929
f 3090/3090 929/929 3436/3436
f 3275/3275 521/521 44/44
f 3275/3275 44/44 3090/3090
f 521/521 3335/3335 2251/2251
f 521/521 2251/2251 44/44
f 44/44 2251/2251 1930/1930
f 44/44 1930/1930 929/929
f 2251/2251 1396/1396 1279/1279
f 2251/2251 1279/1279 1930/1930
f 3335/3335 649/649 1396/1396
f 3335/3335 1396/1396 2251/2251
f 649/649 497/497 346/346
f 649/649 346/346 1396/1396
f 1396/1396 346/346 1084/1084
f 1396/1396 1084/1084 1279/1279
f 346/346 3245/3245 3116/3116
f 346/346 3116/3116 1084/1084
f 497/497 2687/2687 3245/3245
f 497/497 3245/3245 346/346
f 2066/2066 2400/2400 2702/2702
f 2066/2066 2702/2702 4031/4031
f 4031/4031 2702/2702 625/625
f 4031/4031 625/625 1687/1687
f 2702/2702 4024/4024 2004/2004
f 2702/2702 2004/2004 625/625
f 2400/2400 251/251 4024/4024
f 2400/2400 4024/4024 2702/2702
f 251/251 2190/2190 2013/2013
f 251/251 2013/2013 4024/4024
f 4024/4024 2013/2013 1178/1178
f 4024/4024 1178/1178 2004/2004
f 2013/2013 2679/2679 2937/2937
f 2013/2013 2937/2937 1178/1178
f 2190/2190 2652/2652 2679/2679
f 2190/2190 2679/2679 2013/2013
f 2652/2652 2692/2692 2127/2127
f 2652/2652 2127/2127 2679/2679
f 2679/2679 2127/2127 2780/2780
f 2679/2679 2780/2780 2937/2937
f 2127/2127 341/341 213/213
f 2127/2127 213/213 2780/2780
f 2692/2692 1004/1004 341/341
f 2692/2692 341/341 2127/2127
f 406/406 3436/3436 123/123
f 406/406 123/123 2157/2157
f 2157/2157 123/123 4137/4137
f 2157/2157 4137/4137 1466/1466
f 123/123 3053/3053 810/810
f 123/123 810/810 4137/4137
f 3436/3436 929/929 3053/3053
f 3436/3436 3053/3053 123/123
f 929/929 1930/1930 3859/3859
f 929/929 3859/3859 3053/3053
f 3053/3053 3859/3859 125/125
f 3053/3053 125/125 810/810
f 3859/3859 150/150 716/716
f 3859/3859 716/716 125/125
f 1930/1930 1279/1279 150/150
f 1930/1930 150/150 3859/3859
f 1279/1279 1084/1084 2421/2421
f 1279/1279 2421/2421 150/150
f 150/150 2421/2421 2308/2308
f 150/150 2308/2308 716/716
f 2421/2421 312/312 2710/2710
f 2421/2421 2710/2710 2308/2308
f 1084/1084 3116/3116 312/312
f 1084/1084 312/312 2421/2421
f 3650/3650 2337/2337 3406/3406
f 3650/3650 3406/3406 1339/1339
f 1339/1339 3406/3406 3500/3500
f 1339/1339 3500/3500 3296/3296
f 3406/3406 3794/3794 1998/1998
f 3406/3406 1998/1998 3500/3500
f 2337/2337 2730/2730 3794/3794
f 2337/2337 3794/3794 3406/3406
f 2730/2730 989/989 2986/2986
f 2730/2730 2986/2986 3794/3794
f 3794/3794 2986/2986 2793/2793
f 3794/3794 2793/2793 1998/1998
f 2986/2986 1548/1548 719/719
f 2986/2986 719/719 2793/2793
f 989/989 1031/1031 1548/1548
f 989/989 1548/1548 2986/2986
f 1031/1031 1831/1831 3766/3766
f 1031/1031 3766/3766 1548/1548
f 1548/1548 3766/3766 3049/3049
f 1548/1548 3049/3049 719/719
f 3766/3766 3749/3749 3502/3502
f 3766/3766 3502/3502 3049/3049
f 1831/1831 942/942 3749/3749
f 1831/1831 3749/3749 3766/3766
f 3295/3295 3501/3501 3628/3628
f 3295/3295 3628/3628 1042/1042
f 1042/1042 3628/3628 693/693
f 1042/1042 693/693 2508/2508
f 3628/3628 2864/2864 1368/1368
f 3628/3628 1368/1368 693/693
f 3501/3501 1999/1999 2864/2864
f 3501/3501 2864/2864 3628/3628
f 1999/1999 2794/2794 1088/1088
f 1999/1999 1088/1088 2864/2864
f 2864/2864 1088/1088 2899/2899
f 2864/2864 2899/2899 1368/1368
f 1088/1088 2510/2510 2616/2616
f 1088/1088 2616/2616 2899/2899
f 2794/2794 720/720 2510/2510
f 2794/2794 2510/2510 1088/1088
f 720/720 3050/3050 3441/3441
f 720/720 3441/3441 2510/2510
f 2510/2510 3441/3441 293/293
f 2510/2510 293/293 2616/2616
f 3441/3441 1406/1406 1377/1377
f 3441/3441 1377/1377 293/293
f 3050/3050 3503/3503 1406/1406
f 3050/3050 1406/1406 3441/3441
f 2508/2508 693/693 1852/1852
f 2508/2508 1852/1852 670/670
f 670/670 1852/1852 2400/2400
f 670/670 2400/2400 2066/2066
f 1852/1852 1454/1454 251/251
f 1852/1852 251/251 2400/2400
f 693/693 1368/1368 1454/1454
f 693/693 1454/1454 1852/1852
f 1368/1368 2899/2899 2839/2839
f 1368/1368 2839/2839 1454/1454
f 1454/1454 2839/2839 2190/2190
f 1454/1454 2190/2190 251/251
f 2839/2839 3307/3307 2652/2652
f 2839/2839 2652/2652 2190/2190
f 2899/2899 2616/2616 3307/3307
f 2899/2899 3307/3307 2839/2839
f 2616/2616 293/293 1624/1624
f 2616/2616 1624/1624 3307/3307
f 3307/3307 1624/1624 2692/2692
f 3307/3307 2692/2692 2652/2652
f 1624/1624 2867/2867 1004/1004
f 1624/1624 1004/1004 2692/2692
f 293/293 1377/1377 2867/2867
f 293/293 2867/2867 1624/1624
f 54/54 735/735 3409/3409
f 54/54 3409/3409 2248/2248
f 2248/2248 3409/3409 2337/2337
f 2248/2248 2337/2337 3650/3650
f 3409/3409 1026/1026 2730/2730
f 3409/3409 2730/2730 2337/2337
f 735/735 2892/2892 1026/1026
f 735/735 1026/1026 3409/3409
f 2892/2892 871/871 3112/3112
f 2892/2892 3112/3112 1026/1026
f 1026/1026 3112/3112 989/989
f 1026/1026 989/989 2730/2730
f 3112/3112 276/276 1031/1031
f 3112/3112 1031/1031 989/989
f 871/871 1342/1342 276/276
f 871/871 276/276 3112/3112
f 1342/1342 469/469 317/317
f 1342/1342 317/317 276/276
f 276/276 317/317 1831/1831
f 276/276 1831/1831 1031/1031
f 317/317 1294/1294 942/942
f 317/317 942/942 1831/1831
f 469/469 2170/2170 1294/1294
f 469/469 1294/1294 317/317
f 2170/2170 469/469 819/819
f 2170/2170 819/819 1127/1127
f 1127/1127 819/819 2521/2521
f 1127/1127 2521/2521 8/8
f 819/819 2905/2905 2523/2523
f 819/819 2523/2523 2521/2521
f 469/469 1342/1342 2905/2905
f 469/469 2905/2905 819/819
f 1342/1342 871/871 1689/1689
f 1342/1342 1689/1689 2905/2905
f 2905/2905 1689/1689 10/10
f 2905/2905 10/10 2523/2523
f 1689/1689 2161/2161 7/7
f 1689/1689 7/7 10/10
f 871/871 2892/2892 2161/2161
f 871/871 2161/2161 1689/1689
f 2892/2892 735/735 2638/2638
f 2892/2892 2638/2638 2161/2161
f 2161/2161 2638/2638 3972/3972
f 2161/2161 3972/3972 7/7
f 2638/2638 4087/4087 460/460
f 2638/2638 460/460 3972/3972
f 735/735 54/54 4087/4087
f 735/735 4087/4087 2638/2638
f 2335/2335 920/920 3988/3988
f 2335/2335 3988/3988 1586/1586
f 1586/1586 3988/3988 2883/2883
f 1586/1586 2883/2883 1547/1547
f 3988/3988 1255/1255 966/966
f 3988/3988 966/966 2883/2883
f 920/920 3520/3520 1255/1255
f 920/920 1255/1255 3988/3988
f 515/515 858/858 4039/4039
f 515/515 4039/4039 290/290
f 3228/3228 1496/1496 1763/1763
f 3228/3228 1763/1763 1699/1699
f 845/845 3228/3228 1699/1699
f 845/845 1699/1699 3326/3326
f 3075/3075 4099/4099 3751/3751
f 3075/3075 3751/3751 2660/2660
f 1496/1496 3075/3075 2660/2660
f 1496/1496 2660/2660 1763/1763
f 3660/3660 515/515 290/290
f 3660/3660 290/290 2441/2441
f 2862/2862 3660/3660 2441/2441
f 2862/2862 2441/2441 2377/2377
f 1895/1895 2862/2862 2377/2377
f 1895/1895 2377/2377 2145/2145
f 2884/2884 1895/1895 2145/2145
f 2884/2884 2145/2145 1296/1296
f 2644/2644 2884/2884 1296/1296
f 2644/2644 1296/1296 27/27
f 2381/2381 2644/2644 27/27
f 2381/2381 27/27 2613/2613
f 3345/3345 2381/2381 2613/2613
f 3345/3345 2613/2613 2721/2721
f 627/627 3345/3345 2721/2721
f 627/627 2721/2721 2507/2507
f 177/177 727/727 2897/2897
f 177/177 2897/2897 4056/4056
f 2687/2687 3282/3282 1637/1637
f 2687/2687 1637/1637 174/174
f 4031/4031 1687/1687 3791/3791
f 4031/4031 3791/3791 356/356
f 2066/2066 4031/4031 356/356
f 2066/2066 356/356 956/956
f 4087/4087 54/54 330/330
f 4087/4087 330/330 1288/1288
f 460/460 4087/4087 1288/1288
f 460/460 1288/1288 2188/2188
f 3245/3245 2687/2687 174/174
f 3245/3245 174/174 3990/3990
f 3116/3116 3245/3245 3990/3990
f 3116/3116 3990/3990 1286/1286
f 3654/3654 460/460 2188/2188
f 3654/3654 2188/2188 3226/3226
f 1705/1705 3654/3654 3226/3226
f 1705/1705 3226/3226 1718/1718
f 3009/3009 2710/2710 2560/2560
f 3009/3009 2560/2560 1192/1192
f 3422/3422 3009/3009 1192/1192
f 3422/3422 1192/1192 3211/3211
f 670/670 2066/2066 956/956
f 670/670 956/956 2735/2735
f 2508/2508 670/670 2735/2735
f 2508/2508 2735/2735 1104/1104
f 312/312 3116/3116 1286/1286
f 312/312 1286/1286 2634/2634
f 2710/2710 312/312 2634/2634
f 2710/2710 2634/2634 2560/2560
f 1358/1358 2798/2798 4011/4011
f 1358/1358 4011/4011 3511/3511
f 1687/1687 1358/1358 3511/3511
f 1687/1687 3511/3511 3791/3791
f 4044/4044 1705/1705 1718/1718
f 4044/4044 1718/1718 132/132
f 1540/1540 4044/4044 132/132
f 1540/1540 132/132 1065/1065
f 1339/1339 3296/3296 90/90
f 1339/1339 90/90 1418/1418
f 3650/3650 1339/1339 1418/1418
f 3650/3650 1418/1418 2773/2773
f 1042/1042 2508/2508 1104/1104
f 1042/1042 1104/1104 1305/1305
f 3295/3295 1042/1042 1305/1305
f 3295/3295 1305/1305 89/89
f 2248/2248 3650/3650 2773/2773
f 2248/2248 2773/2773 2339/2339
f 54/54 2248/2248 2339/2339
f 54/54 2339/2339 330/330
f 1262/1262 1540/1540 1065/1065
f 1262/1262 1065/1065 2306/2306
f 2416/2416 2428/2428 2316/2316
f 2416/2416 2316/2316 1332/1332
f 1332/1332 2316/2316 3601/3601
f 1332/1332 3601/3601 1486/1486
f 2316/2316 2887/2887 1761/1761
f 2316/2316 1761/1761 3601/3601
f 2428/2428 447/447 2887/2887
f 2428/2428 2887/2887 2316/2316
f 411/411 177/177 4056/4056
f 411/411 4056/4056 3012/3012
f 385/385 411/411 3012/3012
f 385/385 3012/3012 1082/1082
f 1655/1655 385/385 1082/1082
f 1655/1655 1082/1082 1526/1526
f 2272/2272 1655/1655 1526/1526
f 2272/2272 1526/1526 3852/3852
f 1005/1005 2272/2272 3852/3852
f 1005/1005 3852/3852 1560/1560
f 518/518 1005/1005 1560/1560
f 518/518 1560/1560 1124/1124
f 527/527 518/518 1124/1124
f 527/527 1124/1124 1129/1129
f 628/628 3438/3438 391/391
f 628/628 391/391 2506/2506
f 2897/2897 75/75 962/962
f 2897/2897 962/962 4056/4056
f 4056/4056 962/962 2228/2228
f 4056/4056 2228/2228 3012/3012
f 961/961 1407/1407 966/966
f 961/961 966/966 2227/2227
f 76/76 447/447 1407/1407
f 76/76 1407/1407 961/961
f 2507/2507 2833/2833 769/769
f 2507/2507 769/769 390/390
f 390/390 769/769 75/75
f 390/390 75/75 2897/2897
f 768/768 2887/2887 447/447
f 768/768 447/447 76/76
f 2834/2834 1761/1761 2887/2887
f 2834/2834 2887/2887 768/768
f 3684/3684 1530/1530 4026/4026
f 3684/3684 4026/4026 2947/2947
f 2947/2947 4026/4026 958/958
f 2947/2947 958/958 2658/2658
f 4025/4025 2660/2660 3751/3751
f 4025/4025 3751/3751 957/957
f 1529/1529 1763/1763 2660/2660
f 1529/1529 2660/2660 4025/4025
f 1560/1560 1174/1174 909/909
f 1560/1560 909/909 1124/1124
f 1124/1124 909/909 1782/1782
f 1124/1124 1782/1782 1129/1129
f 910/910 3903/3903 3027/3027
f 910/910 3027/3027 1784/1784
f 1173/1173 2645/2645 3903/3903
f 1173/1173 3903/3903 910/910
f 3012/3012 2228/2228 2068/2068
f 3012/3012 2068/2068 1082/1082
f 1082/1082 2068/2068 1316/1316
f 1082/1082 1316/1316 1526/1526
f 2067/2067 1255/1255 3520/3520
f 2067/2067 3520/3520 1315/1315
f 2227/2227 966/966 1255/1255
f 2227/2227 1255/1255 2067/2067
f 1499/1499 2142/2142 1413/1413
f 1499/1499 1413/1413 2829/2829
f 2829/2829 1413/1413 1530/1530
f 2829/2829 1530/1530 3684/3684
f 1414/1414 1699/1699 1763/1763
f 1414/1414 1763/1763 1529/1529
f 2143/2143 3326/3326 1699/1699
f 2143/2143 1699/1699 1414/1414
f 1526/1526 1316/1316 3939/3939
f 1526/1526 3939/3939 3852/3852
f 3852/3852 3939/3939 1174/1174
f 3852/3852 1174/1174 1560/1560
f 3940/3940 772/772 2645/2645
f 3940/3940 2645/2645 1173/1173
f 1315/1315 3520/3520 772/772
f 1315/1315 772/772 3940/3940
f 4119/4119 710/710 1403/1403
f 4119/4119 1403/1403 689/689
f 689/689 1403/1403 2823/2823
f 689/689 2823/2823 1855/1855
f 1404/1404 2145/2145 2377/2377
f 1404/1404 2377/2377 2824/2824
f 709/709 1296/1296 2145/2145
f 709/709 2145/2145 1404/1404
f 1855/1855 2823/2823 1346/1346
f 1855/1855 1346/1346 4132/4132
f 4132/4132 1346/1346 1960/1960
f 4132/4132 1960/1960 1776/1776
f 1347/1347 2441/2441 290/290
f 1347/1347 290/290 1961/1961
f 2824/2824 2377/2377 2441/2441
f 2824/2824 2441/2441 1347/1347
f 1776/1776 1960/1960 1068/1068
f 1776/1776 1068/1068 1457/1457
f 1457/1457 1068/1068 2142/2142
f 1457/1457 2142/2142 1499/1499
f 1069/1069 4039/4039 3326/3326
f 1069/1069 3326/3326 2143/2143
f 1961/1961 290/290 4039/4039
f 1961/1961 4039/4039 1069/1069
f 2999/2999 2653/2653 631/631
f 2999/2999 631/631 1527/1527
f 1527/1527 631/631 710/710
f 1527/1527 710/710 4119/4119
f 632/632 27/27 1296/1296
f 632/632 1296/1296 709/709
f 2654/2654 2613/2613 27/27
f 2654/2654 27/27 632/632
f 2613/2613 2654/2654 580/580
f 2613/2613 580/580 2721/2721
f 2721/2721 580/580 2833/2833
f 2721/2721 2833/2833 2507/2507
f 579/579 321/321 1761/1761
f 579/579 1761/1761 2834/2834
f 2653/2653 2999/2999 321/321
f 2653/2653 321/321 579/579
f 1547/1547 2883/2883 813/813
f 1547/1547 813/813 764/764
f 764/764 813/813 2428/2428
f 764/764 2428/2428 2416/2416
f 813/813 1407/1407 447/447
f 813/813 447/447 2428/2428
f 2883/2883 966/966 1407/1407
f 2883/2883 1407/1407 813/813
f 2027/2027 1262/1262 2306/2306
f 2027/2027 2306/2306 1334/1334
f 2026/2026 3285/3285 1635/1635
f 2026/2026 1635/1635 1335/1335
f 3854/3854 2745/2745 3315/3315
f 3854/3854 3315/3315 1097/1097
f 1097/1097 3315/3315 3687/3687
f 1097/1097 3687/3687 921/921
f 3315/3315 1262/1262 2027/2027
f 3315/3315 2027/2027 3687/3687
f 2745/2745 1540/1540 1262/1262
f 2745/2745 1262/1262 3315/3315
f 3241/3241 3611/3611 861/861
f 3241/3241 861/861 3894/3894
f 3894/3894 861/861 865/865
f 3894/3894 865/865 2205/2205
f 861/861 1097/1097 921/921
f 861/861 921/921 865/865
f 3611/3611 3854/3854 1097/1097
f 3611/3611 1097/1097 861/861
f 1179/1179 106/106 3764/3764
f 1179/1179 3764/3764 1141/1141
f 1141/1141 3764/3764 307/307
f 1141/1141 307/307 162/162
f 3764/3764 3894/3894 2205/2205
f 3764/3764 2205/2205 307/307
f 106/106 3241/3241 3894/3894
f 106/106 3894/3894 3764/3764
f 2950/2950 455/455 3901/3901
f 2950/2950 3901/3901 342/342
f 342/342 3901/3901 1627/1627
f 342/342 1627/1627 3634/3634
f 3901/3901 1141/1141 162/162
f 3901/3901 162/162 1627/1627
f 455/455 1179/1179 1141/1141
f 455/455 1141/1141 3901/3901
f 295/295 3381/3381 2819/2819
f 295/295 2819/2819 1628/1628
f 1628/1628 2819/2819 3677/3677
f 1628/1628 3677/3677 1211/1211
f 2819/2819 930/930 2341/2341
f 2819/2819 2341/2341 3677/3677
f 3381/3381 2387/2387 930/930
f 3381/3381 930/930 2819/2819
f 492/492 967/967 1472/1472
f 492/492 1472/1472 2274/2274
f 2274/2274 1472/1472 3675/3675
f 2274/2274 3675/3675 562/562
f 1472/1472 342/342 3634/3634
f 1472/1472 3634/3634 3675/3675
f 967/967 2950/2950 342/342
f 967/967 342/342 1472/1472
f 2923/2923 2764/2764 4111/4111
f 2923/2923 4111/4111 1744/1744
f 1745/1745 4112/4112 3838/3838
f 1745/1745 3838/3838 562/562
f 4112/4112 3524/3524 1040/1040
f 4112/4112 1040/1040 3838/3838
f 2764/2764 1338/1338 3525/3525
f 2764/2764 3525/3525 4111/4111
f 3417/3417 1424/1424 4071/4071
f 3417/3417 4071/4071 1806/1806
f 1806/1806 4071/4071 2349/2349
f 1806/1806 2349/2349 877/877
f 4071/4071 3735/3735 2843/2843
f 4071/4071 2843/2843 2349/2349
f 1424/1424 1072/1072 3735/3735
f 1424/1424 3735/3735 4071/4071
f 3263/3263 369/369 1188/1188
f 3263/3263 1188/1188 723/723
f 722/722 1189/1189 335/335
f 722/722 335/335 4008/4008
f 1189/1189 220/220 2457/2457
f 1189/1189 2457/2457 335/335
f 369/369 3918/3918 219/219
f 369/369 219/219 1188/1188
f 2501/2501 160/160 1510/1510
f 2501/2501 1510/1510 344/344
f 344/344 1510/1510 1945/1945
f 344/344 1945/1945 478/478
f 1510/1510 305/305 2983/2983
f 1510/1510 2983/2983 1945/1945
f 160/160 244/244 305/305
f 160/160 305/305 1510/1510
f 350/350 3331/3331 2267/2267
f 350/350 2267/2267 1813/1813
f 1813/1813 2267/2267 2389/2389
f 1813/1813 2389/2389 3082/3082
f 2268/2268 238/238 3185/3185
f 2268/2268 3185/3185 2390/2390
f 3330/3330 1259/1259 238/238
f 3330/3330 238/238 2268/2268
f 571/571 3318/3318 3394/3394
f 571/571 3394/3394 511/511
f 511/511 3394/3394 2505/2505
f 511/511 2505/2505 34/34
f 3394/3394 437/437 1990/1990
f 3394/3394 1990/1990 2505/2505
f 3318/3318 3298/3298 437/437
f 3318/3318 437/437 3394/3394
f 464/464 1008/1008 2811/2811
f 464/464 2811/2811 3478/3478
f 3477/3477 2810/2810 2516/2516
f 3477/3477 2516/2516 2956/2956
f 2810/2810 1387/1387 1989/1989
f 2810/2810 1989/1989 2516/2516
f 1008/1008 2557/2557 1388/1388
f 1008/1008 1388/1388 2811/2811
f 2193/2193 3457/3457 2706/2706
f 2193/2193 2706/2706 1183/1183
f 1182/1182 2705/2705 1874/1874
f 1182/1182 1874/1874 3959/3959
f 2705/2705 796/796 2951/2951
f 2705/2705 2951/2951 1874/1874
f 3457/3457 4097/4097 797/797
f 3457/3457 797/797 2706/2706
f 3140/3140 1908/1908 99/99
f 3140/3140 99/99 4005/4005
f 4004/4004 100/100 1292/1292
f 4004/4004 1292/1292 1572/1572
f 100/100 1184/1184 3960/3960
f 100/100 3960/3960 1292/1292
f 1908/1908 2193/2193 1183/1183
f 1908/1908 1183/1183 99/99
f 3978/3978 3858/3858 517/517
f 3978/3978 517/517 2788/2788
f 2787/2787 516/516 2247/2247
f 2787/2787 2247/2247 787/787
f 516/516 1856/1856 1778/1778
f 516/516 1778/1778 2247/2247
f 3858/3858 1373/1373 1857/1857
f 3858/3858 1857/1857 517/517
f 2171/2171 3213/3213 2690/2690
f 2171/2171 2690/2690 200/200
f 200/200 2690/2690 4115/4115
f 200/200 4115/4115 3710/3710
f 2690/2690 2960/2960 3954/3954
f 2690/2690 3954/3954 4115/4115
f 3213/3213 1842/1842 2960/2960
f 3213/3213 2960/2960 2690/2690
f 3129/3129 2630/2630 2455/2455
f 3129/3129 2455/2455 4117/4117
f 4117/4117 2455/2455 3560/3560
f 4117/4117 3560/3560 3767/3767
f 2455/2455 3629/3629 2404/2404
f 2455/2455 2404/2404 3560/3560
f 2630/2630 1916/1916 3629/3629
f 2630/2630 3629/3629 2455/2455
f 2453/2453 297/297 2134/2134
f 2453/2453 2134/2134 1035/1035
f 1034/1034 2133/2133 3834/3834
f 1034/1034 3834/3834 3745/3745
f 2133/2133 2787/2787 787/787
f 2133/2133 787/787 3834/3834
f 297/297 3978/3978 2788/2788
f 297/297 2788/2788 2134/2134
f 3082/3082 2389/2389 2465/2465
f 3082/3082 2465/2465 2604/2604
f 2604/2604 2465/2465 2607/2607
f 2604/2604 2607/2607 596/596
f 2464/2464 3679/3679 573/573
f 2464/2464 573/573 2608/2608
f 2390/2390 3185/3185 3679/3679
f 2390/2390 3679/3679 2464/2464
f 3918/3918 2089/2089 1441/1441
f 3918/3918 1441/1441 219/219
f 218/218 1440/1440 2119/2119
f 218/218 2119/2119 2458/2458
f 1440/1440 3476/3476 2955/2955
f 1440/1440 2955/2955 2119/2119
f 2089/2089 464/464 3478/3478
f 2089/2089 3478/3478 1441/1441
f 1072/1072 3976/3976 775/775
f 1072/1072 775/775 3736/3736
f 3736/3736 775/775 2712/2712
f 3736/3736 2712/2712 2844/2844
f 775/775 510/510 33/33
f 775/775 33/33 2712/2712
f 3976/3976 571/571 510/510
f 3976/3976 510/510 775/775
f 1112/1112 1920/1920 2512/2512
f 1112/1112 2512/2512 695/695
f 695/695 2512/2512 319/319
f 695/695 319/319 3150/3150
f 2512/2512 1722/1722 2520/2520
f 2512/2512 2520/2520 319/319
f 1920/1920 1040/1040 1722/1722
f 1920/1920 1722/1722 2512/2512
f 1573/1573 3169/3169 2436/2436
f 1573/1573 2436/2436 3107/3107
f 3107/3107 2436/2436 3331/3331
f 3107/3107 3331/3331 350/350
f 2437/2437 682/682 1259/1259
f 2437/2437 1259/1259 3330/3330
f 3168/3168 2417/2417 682/682
f 3168/3168 682/682 2437/2437
f 596/596 2607/2607 899/899
f 596/596 899/899 915/915
f 915/915 899/899 1802/1802
f 915/915 1802/1802 1122/1122
f 900/900 3224/3224 1659/1659
f 900/900 1659/1659 1801/1801
f 2608/2608 573/573 3224/3224
f 2608/2608 3224/3224 900/900
f 1122/1122 1802/1802 3162/3162
f 1122/1122 3162/3162 1200/1200
f 1200/1200 3162/3162 1866/1866
f 1200/1200 1866/1866 2590/2590
f 3161/3161 2006/2006 3001/3001
f 3161/3161 3001/3001 1867/1867
f 1801/1801 1659/1659 2006/2006
f 1801/1801 2006/2006 3161/3161
f 1815/1815 1858/1858 738/738
f 1815/1815 738/738 2117/2117
f 2117/2117 738/738 1924/1924
f 2117/2117 1924/1924 1572/1572
f 738/738 1628/1628 1211/1211
f 738/738 1211/1211 1924/1924
f 1858/1858 295/295 1628/1628
f 1858/1858 1628/1628 738/738
f 2270/2270 1150/1150 1692/1692
f 2270/2270 1692/1692 2016/2016
f 2017/2017 1694/1694 1168/1168
f 2017/2017 1168/1168 3626/3626
f 1693/1693 721/721 4007/4007
f 1693/1693 4007/4007 1169/1169
f 1150/1150 3263/3263 723/723
f 1150/1150 723/723 1692/1692
f 400/400 2987/2987 2034/2034
f 400/400 2034/2034 3128/3128
f 3128/3128 2034/2034 2529/2529
f 3128/3128 2529/2529 3002/3002
f 2035/2035 1805/1805 876/876
f 2035/2035 876/876 2530/2530
f 2987/2987 3417/3417 1805/1805
f 2987/2987 1805/1805 2035/2035
f 3251/3251 1421/1421 548/548
f 3251/3251 548/548 283/283
f 283/283 548/548 939/939
f 283/283 939/939 3792/3792
f 548/548 2260/2260 3625/3625
f 548/548 3625/3625 939/939
f 1421/1421 1228/1228 2260/2260
f 1421/1421 2260/2260 548/548
f 3047/3047 868/868 1670/1670
f 3047/3047 1670/1670 2998/2998
f 2998/2998 1670/1670 1421/1421
f 2998/2998 1421/1421 3251/3251
f 1670/1670 3804/3804 1228/1228
f 1670/1670 1228/1228 1421/1421
f 868/868 1435/1435 3804/3804
f 868/868 3804/3804 1670/1670
f 478/478 1945/1945 549/549
f 478/478 549/549 2402/2402
f 2402/2402 549/549 868/868
f 2402/2402 868/868 3047/3047
f 549/549 178/178 1435/1435
f 549/549 1435/1435 868/868
f 1945/1945 2983/2983 178/178
f 1945/1945 178/178 549/549
f 1308/1308 3182/3182 288/288
f 1308/1308 288/288 3518/3518
f 3518/3518 288/288 160/160
f 3518/3518 160/160 2501/2501
f 288/288 432/432 244/244
f 288/288 244/244 160/160
f 3182/3182 2683/2683 432/432
f 3182/3182 432/432 288/288
f 4097/4097 2461/2461 1726/1726
f 4097/4097 1726/1726 797/797
f 796/796 1725/1725 1343/1343
f 796/796 1343/1343 2951/2951
f 1725/1725 1034/1034 3745/3745
f 1725/1725 3745/3745 1343/1343
f 2461/2461 2453/2453 1035/1035
f 2461/2461 1035/1035 1726/1726
f 1916/1916 3253/3253 3198/3198
f 1916/1916 3198/3198 3629/3629
f 3629/3629 3198/3198 2346/2346
f 3629/3629 2346/2346 2404/2404
f 3198/3198 2199/2199 2417/2417
f 3198/3198 2417/2417 2346/2346
f 3253/3253 3238/3238 2199/2199
f 3253/3253 2199/2199 3198/3198
f 2387/2387 3532/3532 672/672
f 2387/2387 672/672 930/930
f 930/930 672/672 250/250
f 930/930 250/250 2341/2341
f 672/672 1155/1155 788/788
f 672/672 788/788 250/250
f 3532/3532 3516/3516 1155/1155
f 3532/3532 1155/1155 672/672
f 3516/3516 4130/4130 3971/3971
f 3516/3516 3971/3971 1155/1155
f 1155/1155 3971/3971 4096/4096
f 1155/1155 4096/4096 788/788
f 3971/3971 4117/4117 3767/3767
f 3971/3971 3767/3767 4096/4096
f 4130/4130 3129/3129 4117/4117
f 4130/4130 4117/4117 3971/3971
f 3710/3710 4115/4115 3861/3861
f 3710/3710 3861/3861 3072/3072
f 3072/3072 3861/3861 3182/3182
f 3072/3072 3182/3182 1308/1308
f 3861/3861 1684/1684 2683/2683
f 3861/3861 2683/2683 3182/3182
f 4115/4115 3954/3954 1684/1684
f 4115/4115 1684/1684 3861/3861
f 3150/3150 319/319 3621/3621
f 3150/3150 3621/3621 970/970
f 970/970 3621/3621 3213/3213
f 970/970 3213/3213 2171/2171
f 3621/3621 4093/4093 1842/1842
f 3621/3621 1842/1842 3213/3213
f 319/319 2520/2520 4093/4093
f 319/319 4093/4093 3621/3621
f 3451/3451 3320/3320 594/594
f 3451/3451 594/594 2109/2109
f 2109/2109 594/594 2903/2903
f 2109/2109 2903/2903 1543/1543
f 594/594 1943/1943 3304/3304
f 594/594 3304/3304 2903/2903
f 3320/3320 2598/2598 1943/1943
f 3320/3320 1943/1943 594/594
f 3385/3385 2446/2446 1994/1994
f 3385/3385 1994/1994 1463/1463
f 1463/1463 1994/1994 1598/1598
f 1463/1463 1598/1598 3453/3453
f 1994/1994 1370/1370 1953/1953
f 1994/1994 1953/1953 1598/1598
f 2446/2446 2203/2203 1370/1370
f 2446/2446 1370/1370 1994/1994
f 2922/2922 2763/2763 2175/2175
f 2922/2922 2175/2175 1662/1662
f 1662/1662 2175/2175 3799/3799
f 1662/1662 3799/3799 3483/3483
f 2175/2175 348/348 3936/3936
f 2175/2175 3936/3936 3799/3799
f 2763/2763 3966/3966 348/348
f 2763/2763 348/348 2175/2175
f 2519/2519 4092/4092 2740/2740
f 2519/2519 2740/2740 1748/1748
f 1749/1749 2739/2739 3850/3850
f 1749/1749 3850/3850 3114/3114
f 2739/2739 227/227 2761/2761
f 2739/2739 2761/2761 3850/3850
f 4092/4092 1843/1843 226/226
f 4092/4092 226/226 2740/2740
f 534/534 536/536 1580/1580
f 534/534 1580/1580 2487/2487
f 2487/2487 1580/1580 253/253
f 2487/2487 253/253 1882/1882
f 1580/1580 1539/1539 931/931
f 1580/1580 931/931 253/253
f 536/536 815/815 1539/1539
f 536/536 1539/1539 1580/1580
f 3955/3955 1685/1685 539/539
f 3955/3955 539/539 3590/3590
f 3589/3589 540/540 3830/3830
f 3589/3589 3830/3830 3599/3599
f 540/540 3821/3821 3062/3062
f 540/540 3062/3062 3830/3830
f 1685/1685 2684/2684 3820/3820
f 1685/1685 3820/3820 539/539
f 2541/2541 1592/1592 1079/1079
f 2541/2541 1079/1079 587/587
f 587/587 1079/1079 690/690
f 587/587 690/690 3371/3371
f 1079/1079 873/873 3453/3453
f 1079/1079 3453/3453 690/690
f 1592/1592 85/85 873/873
f 1592/1592 873/873 1079/1079
f 3237/3237 3514/3514 3361/3361
f 3237/3237 3361/3361 3209/3209
f 3209/3209 3361/3361 4062/4062
f 3209/3209 4062/4062 3528/3528
f 3361/3361 304/304 3720/3720
f 3361/3361 3720/3720 4062/4062
f 3514/3514 3614/3614 304/304
f 3514/3514 304/304 3361/3361
f 1485/1485 2279/2279 2569/2569
f 1485/1485 2569/2569 3602/3602
f 3602/3602 2569/2569 320/320
f 3602/3602 320/320 1760/1760
f 2569/2569 2781/2781 3000/3000
f 2569/2569 3000/3000 320/320
f 2279/2279 3356/3356 2781/2781
f 2279/2279 2781/2781 2569/2569
f 1882/1882 1106/1106 157/157
f 1882/1882 157/157 309/309
f 309/309 157/157 1756/1756
f 309/309 1756/1756 3663/3663
f 157/157 694/694 1111/1111
f 157/157 1111/1111 1756/1756
f 1106/1106 3149/3149 694/694
f 1106/1106 694/694 157/157
f 931/931 3419/3419 2050/2050
f 931/931 2050/2050 3046/3046
f 3046/3046 2050/2050 2443/2443
f 3046/3046 2443/2443 2172/2172
f 2050/2050 1443/1443 3273/3273
f 2050/2050 3273/3273 2443/2443
f 3419/3419 168/168 1443/1443
f 3419/3419 1443/1443 2050/2050
f 815/815 696/696 2178/2178
f 815/815 2178/2178 1539/1539
f 1539/1539 2178/2178 3419/3419
f 1539/1539 3419/3419 931/931
f 2178/2178 1536/1536 168/168
f 2178/2178 168/168 3419/3419
f 696/696 1841/1841 1536/1536
f 696/696 1536/1536 2178/2178
f 3711/3711 1430/1430 3508/3508
f 3711/3711 3508/3508 3073/3073
f 3073/3073 3508/3508 120/120
f 3073/3073 120/120 1307/1307
f 3508/3508 1731/1731 3528/3528
f 3508/3508 3528/3528 120/120
f 1430/1430 985/985 1731/1731
f 1430/1430 1731/1731 3508/3508
f 789/789 524/524 2469/2469
f 789/789 2469/2469 4095/4095
f 4095/4095 2469/2469 953/953
f 4095/4095 953/953 3768/3768
f 2468/2468 763/763 1546/1546
f 2468/2468 1546/1546 954/954
f 525/525 2415/2415 763/763
f 525/525 763/763 2468/2468
f 2342/2342 271/271 3758/3758
f 2342/2342 3758/3758 249/249
f 249/249 3758/3758 524/524
f 249/249 524/524 789/789
f 3757/3757 1331/1331 2415/2415
f 3757/3757 2415/2415 525/525
f 272/272 1485/1485 1331/1331
f 272/272 1331/1331 3757/3757
f 2405/2405 3598/3598 83/83
f 2405/2405 83/83 2347/2347
f 2347/2347 83/83 3170/3170
f 2347/2347 3170/3170 2418/2418
f 84/84 1021/1021 1574/1574
f 84/84 1574/1574 3171/3171
f 3597/3597 3722/3722 1021/1021
f 3597/3597 1021/1021 84/84
f 2952/2952 2275/2275 2547/2547
f 2952/2952 2547/2547 1344/1344
f 1344/1344 2547/2547 3309/3309
f 1344/1344 3309/3309 3746/3746
f 2547/2547 2778/2778 583/583
f 2547/2547 583/583 3309/3309
f 2275/2275 4065/4065 2778/2778
f 2275/2275 2778/2778 2547/2547
f 3984/3984 3538/3538 3321/3321
f 3984/3984 3321/3321 3979/3979
f 600/600 1733/1733 2314/2314
f 600/600 2314/2314 479/479
f 950/950 3651/3651 2114/2114
f 950/950 2114/2114 1861/1861
f 1861/1861 2114/2114 3403/3403
f 1861/1861 3403/3403 1257/1257
f 2114/2114 647/647 698/698
f 2114/2114 698/698 3403/3403
f 3651/3651 2479/2479 647/647
f 3651/3651 647/647 2114/2114
f 2684/2684 433/433 1863/1863
f 2684/2684 1863/1863 3820/3820
f 3821/3821 1862/1862 2022/2022
f 3821/3821 2022/2022 3062/3062
f 1862/1862 2573/2573 258/258
f 1862/1862 258/258 2022/2022
f 433/433 245/245 2574/2574
f 433/433 2574/2574 1863/1863
f 3528/3528 4062/4062 2754/2754
f 3528/3528 2754/2754 120/120
f 120/120 2754/2754 3519/3519
f 120/120 3519/3519 1307/1307
f 2754/2754 3927/3927 2502/2502
f 2754/2754 2502/2502 3519/3519
f 4062/4062 3720/3720 3927/3927
f 4062/4062 3927/3927 2754/2754
f 364/364 2384/2384 74/74
f 364/364 74/74 759/759
f 759/759 74/74 2054/2054
f 759/759 2054/2054 1788/1788
f 74/74 2180/2180 50/50
f 74/74 50/50 2054/2054
f 2384/2384 3497/3497 2180/2180
f 2384/2384 2180/2180 74/74
f 2984/2984 179/179 61/61
f 2984/2984 61/61 1238/1238
f 1237/1237 62/62 3202/3202
f 1237/1237 3202/3202 3407/3407
f 62/62 207/207 1791/1791
f 62/62 1791/1791 3202/3202
f 179/179 1436/1436 208/208
f 179/179 208/208 61/61
f 3497/3497 476/476 3459/3459
f 3497/3497 3459/3459 2180/2180
f 2180/2180 3459/3459 733/733
f 2180/2180 733/733 50/50
f 3459/3459 2343/2343 1224/1224
f 3459/3459 1224/1224 733/733
f 476/476 2982/2982 2343/2343
f 476/476 2343/2343 3459/3459
f 1436/1436 3805/3805 3723/3723
f 1436/1436 3723/3723 208/208
f 207/207 3724/3724 3716/3716
f 207/207 3716/3716 1791/1791
f 3724/3724 3398/3398 2224/2224
f 3724/3724 2224/2224 3716/3716
f 3805/3805 1227/1227 3399/3399
f 3805/3805 3399/3399 3723/3723
f 50/50 733/733 2290/2290
f 50/50 2290/2290 3671/3671
f 3671/3671 2290/2290 2997/2997
f 3671/3671 2997/2997 3048/3048
f 2290/2290 3914/3914 3252/3252
f 2290/2290 3252/3252 2997/2997
f 733/733 1224/1224 3914/3914
f 733/733 3914/3914 2290/2290
f 2982/2982 3639/3639 2476/2476
f 2982/2982 2476/2476 2343/2343
f 2343/2343 2476/2476 457/457
f 2343/2343 457/457 1224/1224
f 2476/2476 2641/2641 2818/2818
f 2476/2476 2818/2818 457/457
f 3639/3639 401/401 2641/2641
f 3639/3639 2641/2641 2476/2476
f 1227/1227 2259/2259 2586/2586
f 1227/1227 2586/2586 3399/3399
f 3398/3398 2587/2587 2910/2910
f 3398/3398 2910/2910 2224/2224
f 2587/2587 2019/2019 2269/2269
f 2587/2587 2269/2269 2910/2910
f 2259/2259 3623/3623 2020/2020
f 2259/2259 2020/2020 2586/2586
f 1224/1224 457/457 3426/3426
f 1224/1224 3426/3426 3914/3914
f 3914/3914 3426/3426 284/284
f 3914/3914 284/284 3252/3252
f 3426/3426 1047/1047 3793/3793
f 3426/3426 3793/3793 284/284
f 457/457 2818/2818 1047/1047
f 457/457 1047/1047 3426/3426
f 822/822 673/673 4035/4035
f 822/822 4035/4035 202/202
f 202/202 4035/4035 3648/3648
f 202/202 3648/3648 452/452
f 4035/4035 247/247 2431/2431
f 4035/4035 2431/2431 3648/3648
f 673/673 3493/3493 247/247
f 673/673 247/247 4035/4035
f 950/950 2804/2804 3551/3551
f 950/950 3551/3551 3651/3651
f 3651/3651 3551/3551 3247/3247
f 3651/3651 3247/3247 2479/2479
f 3551/3551 3133/3133 180/180
f 3551/3551 180/180 3247/3247
f 2804/2804 2784/2784 3133/3133
f 2804/2804 3133/3133 3551/3551
f 499/499 3233/3233 1914/1914
f 499/499 1914/1914 1210/1210
f 1210/1210 1914/1914 2637/2637
f 1210/1210 2637/2637 3788/3788
f 1914/1914 1582/1582 1506/1506
f 1914/1914 1506/1506 2637/2637
f 3233/3233 399/399 1582/1582
f 3233/3233 1582/1582 1914/1914
f 2784/2784 1765/1765 1972/1972
f 2784/2784 1972/1972 3133/3133
f 3133/3133 1972/1972 3867/3867
f 3133/3133 3867/3867 180/180
f 1972/1972 3250/3250 3248/3248
f 1972/1972 3248/3248 3867/3867
f 1765/1765 2536/2536 3250/3250
f 1765/1765 3250/3250 1972/1972
f 3139/3139 1907/1907 2110/2110
f 3139/3139 2110/2110 1236/1236
f 1236/1236 2110/2110 688/688
f 1236/1236 688/688 4120/4120
f 2110/2110 2972/2972 1854/1854
f 2110/2110 1854/1854 688/688
f 1907/1907 2194/2194 2972/2972
f 1907/1907 2972/2972 2110/2110
f 333/333 1605/1605 2732/2732
f 333/333 2732/2732 1016/1016
f 1016/1016 2732/2732 1116/1116
f 1016/1016 1116/1116 1017/1017
f 2732/2732 2913/2913 1266/1266
f 2732/2732 1266/1266 1116/1116
f 1605/1605 5/5 2913/2913
f 1605/1605 2913/2913 2732/2732
f 5/5 1683/1683 1751/1751
f 5/5 1751/1751 2913/2913
f 2913/2913 1751/1751 2148/2148
f 2913/2913 2148/2148 1266/1266
f 1751/1751 1022/1022 1444/1444
f 1751/1751 1444/1444 2148/2148
f 1683/1683 1926/1926 1022/1022
f 1683/1683 1022/1022 1751/1751
f 443/443 3038/3038 2444/2444
f 443/443 2444/2444 1137/1137
f 1137/1137 2444/2444 2989/2989
f 1137/1137 2989/2989 751/751
f 2444/2444 2394/2394 3893/3893
f 2444/2444 3893/3893 2989/2989
f 3038/3038 3994/3994 2394/2394
f 3038/3038 2394/2394 2444/2444
f 1121/1121 916/916 657/657
f 1121/1121 657/657 1667/1667
f 1667/1667 657/657 95/95
f 1667/1667 95/95 1542/1542
f 657/657 1938/1938 3425/3425
f 657/657 3425/3425 95/95
f 916/916 597/597 1938/1938
f 916/916 1938/1938 657/657
f 2591/2591 3781/3781 3400/3400
f 2591/2591 3400/3400 2325/2325
f 2325/2325 3400/3400 2108/2108
f 2325/2325 2108/2108 3452/3452
f 3400/3400 1667/1667 1542/1542
f 3400/3400 1542/1542 2108/2108
f 3781/3781 1121/1121 1667/1667
f 3781/3781 1667/1667 3400/3400
f 3356/3356 981/981 3306/3306
f 3356/3356 3306/3306 2781/2781
f 2781/2781 3306/3306 1528/1528
f 2781/2781 1528/1528 3000/3000
f 3306/3306 1236/1236 4120/4120
f 3306/3306 4120/4120 1528/1528
f 981/981 3139/3139 1236/1236
f 981/981 1236/1236 3306/3306
f 1733/1733 3141/3141 1873/1873
f 1733/1733 1873/1873 2314/2314
f 879/879 3079/3079 1986/1986
f 879/879 1986/1986 2126/2126
f 3114/3114 3850/3850 3088/3088
f 3114/3114 3088/3088 1774/1774
f 1774/1774 3088/3088 2934/2934
f 1774/1774 2934/2934 3783/3783
f 3088/3088 42/42 3035/3035
f 3088/3088 3035/3035 2934/2934
f 3850/3850 2761/2761 42/42
f 3850/3850 42/42 3088/3088
f 3004/3004 1871/1871 2029/2029
f 3004/3004 2029/2029 2531/2531
f 2532/2532 2030/2030 3571/3571
f 2532/2532 3571/3571 874/874
f 2028/2028 2325/2325 3452/3452
f 2028/2028 3452/3452 3572/3572
f 1869/1869 2591/2591 2325/2325
f 1869/1869 2325/2325 2028/2028
f 3624/3624 941/941 2675/2675
f 3624/3624 2675/2675 1166/1166
f 1167/1167 2676/2676 2920/2920
f 1167/1167 2920/2920 4009/4009
f 2676/2676 3178/3178 2738/2738
f 2676/2676 2738/2738 2920/2920
f 941/941 3793/3793 3178/3178
f 941/941 3178/3178 2675/2675
f 2203/2203 3098/3098 3579/3579
f 2203/2203 3579/3579 1370/1370
f 1370/1370 3579/3579 2494/2494
f 1370/1370 2494/2494 1953/1953
f 3579/3579 202/202 452/452
f 3579/3579 452/452 2494/2494
f 3098/3098 822/822 202/202
f 3098/3098 202/202 3579/3579
f 3793/3793 1047/1047 360/360
f 3793/3793 360/360 3178/3178
f 3178/3178 360/360 829/829
f 3178/3178 829/829 2738/2738
f 360/360 3847/3847 2595/2595
f 360/360 2595/2595 829/829
f 1047/1047 2818/2818 3847/3847
f 1047/1047 3847/3847 360/360
f 3062/3062 2022/2022 827/827
f 3062/3062 827/827 2857/2857
f 2857/2857 827/827 892/892
f 2857/2857 892/892 2173/2173
f 827/827 3365/3365 2263/2263
f 827/827 2263/2263 892/892
f 2022/2022 258/258 3365/3365
f 2022/2022 3365/3365 827/827
f 3706/3706 1992/1992 136/136
f 3706/3706 136/136 1754/1754
f 1754/1754 136/136 1270/1270
f 1754/1754 1270/1270 1533/1533
f 136/136 1676/1676 3863/3863
f 136/136 3863/3863 1270/1270
f 1992/1992 2149/2149 1676/1676
f 1992/1992 1676/1676 136/136
f 3599/3599 3830/3830 3147/3147
f 3599/3599 3147/3147 3033/3033
f 3033/3033 3147/3147 1890/1890
f 3033/3033 1890/1890 3105/3105
f 3147/3147 2857/2857 2173/2173
f 3147/3147 2173/2173 1890/1890
f 3830/3830 3062/3062 2857/2857
f 3830/3830 2857/2857 3147/3147
f 1788/1788 2054/2054 1290/1290
f 1788/1788 1290/1290 2254/2254
f 2254/2254 1290/1290 2403/2403
f 2254/2254 2403/2403 477/477
f 1290/1290 3671/3671 3048/3048
f 1290/1290 3048/3048 2403/2403
f 2054/2054 50/50 3671/3671
f 2054/2054 3671/3671 1290/1290
f 257/257 2661/2661 1892/1892
f 257/257 1892/1892 1134/1134
f 1134/1134 1892/1892 1128/1128
f 1134/1134 1128/1128 2169/2169
f 1892/1892 2300/2300 9/9
f 1892/1892 9/9 1128/1128
f 2661/2661 1382/1382 2300/2300
f 2661/2661 2300/2300 1892/1892
f 1791/1791 3716/3716 1246/1246
f 1791/1791 1246/1246 3256/3256
f 3256/3256 1246/1246 1947/1947
f 3256/3256 1947/1947 241/241
f 1246/1246 2627/2627 3673/3673
f 1246/1246 3673/3673 1947/1947
f 3716/3716 2224/2224 2627/2627
f 3716/3716 2627/2627 1246/1246
f 351/351 3108/3108 2358/2358
f 351/351 2358/2358 2941/2941
f 2941/2941 2358/2358 1974/1974
f 2941/2941 1974/1974 1800/1800
f 2358/2358 3530/3530 1271/1271
f 2358/2358 1271/1271 1974/1974
f 3108/3108 1574/1574 3530/3530
f 3108/3108 3530/3530 2358/2358
f 3722/3722 609/609 3028/3028
f 3722/3722 3028/3028 328/328
f 328/328 3028/3028 2287/2287
f 328/328 2287/2287 3733/3733
f 3028/3028 1587/1587 2336/2336
f 3028/3028 2336/2336 2287/2287
f 609/609 1546/1546 1587/1587
f 609/609 1587/1587 3028/3028
f 2224/2224 2910/2910 2238/2238
f 2224/2224 2238/2238 2627/2627
f 2627/2627 2238/2238 184/184
f 2627/2627 184/184 3673/3673
f 2238/2238 1149/1149 3264/3264
f 2238/2238 3264/3264 184/184
f 2910/2910 2269/2269 1149/1149
f 2910/2910 1149/1149 2238/2238
f 3083/3083 1814/1814 2807/2807
f 3083/3083 2807/2807 3376/3376
f 3376/3376 2807/2807 2620/2620
f 3376/3376 2620/2620 3152/3152
f 2807/2807 2941/2941 1800/1800
f 2807/2807 1800/1800 2620/2620
f 1814/1814 351/351 2941/2941
f 1814/1814 2941/2941 2807/2807
f 2818/2818 2641/2641 2770/2770
f 2818/2818 2770/2770 3847/3847
f 3847/3847 2770/2770 1512/1512
f 3847/3847 1512/1512 2595/2595
f 2770/2770 2988/2988 3416/3416
f 2770/2770 3416/3416 1512/1512
f 2641/2641 401/401 2988/2988
f 2641/2641 2988/2988 2770/2770
f 1/1 4002/4002 1488/1488
f 1/1 1488/1488 1923/1923
f 1923/1923 1488/1488 3889/3889
f 1923/1923 3889/3889 1212/1212
f 1487/1487 981/981 3356/3356
f 1487/1487 3356/3356 3888/3888
f 4003/4003 3139/3139 981/981
f 4003/4003 981/981 1487/1487
f 1660/1660 2007/2007 2413/2413
f 1660/1660 2413/2413 917/917
f 917/917 2413/2413 3639/3639
f 917/917 3639/3639 2982/2982
f 2413/2413 3125/3125 401/401
f 2413/2413 401/401 3639/3639
f 2007/2007 3003/3003 3125/3125
f 2007/2007 3125/3125 2413/2413
f 574/574 3223/3223 3645/3645
f 574/574 3645/3645 1966/1966
f 1966/1966 3645/3645 476/476
f 1966/1966 476/476 3497/3497
f 3645/3645 917/917 2982/2982
f 3645/3645 2982/2982 476/476
f 3223/3223 1660/1660 917/917
f 3223/3223 917/917 3645/3645
f 3407/3407 3202/3202 4108/4108
f 3407/3407 4108/4108 2850/2850
f 2850/2850 4108/4108 1933/1933
f 2850/2850 1933/1933 3240/3240
f 4108/4108 3256/3256 241/241
f 4108/4108 241/241 1933/1933
f 3202/3202 1791/1791 3256/3256
f 3202/3202 3256/3256 4108/4108
f 3079/3079 600/600 479/479
f 3079/3079 479/479 1986/1986
f 1181/1181 2064/2064 1734/1734
f 1181/1181 1734/1734 2480/2480
f 985/985 4064/4064 3300/3300
f 985/985 3300/3300 1731/1731
f 1731/1731 3300/3300 3209/3209
f 1731/1731 3209/3209 3528/3528
f 3300/3300 3254/3254 3237/3237
f 3300/3300 3237/3237 3209/3209
f 4064/4064 1917/1917 3254/3254
f 4064/4064 3254/3254 3300/3300
f 1841/1841 856/856 494/494
f 1841/1841 494/494 1536/1536
f 1536/1536 494/494 2001/2001
f 1536/1536 2001/2001 168/168
f 494/494 3533/3533 3517/3517
f 494/494 3517/3517 2001/2001
f 856/856 2388/2388 3533/3533
f 856/856 3533/3533 494/494
f 168/168 2001/2001 39/39
f 168/168 39/39 1443/1443
f 1443/1443 39/39 1204/1204
f 1443/1443 1204/1204 3273/3273
f 39/39 4131/4131 3130/3130
f 39/39 3130/3130 1204/1204
f 2001/2001 3517/3517 4131/4131
f 2001/2001 4131/4131 39/39
f 2418/2418 683/683 3807/3807
f 2418/2418 3807/3807 2200/2200
f 2200/2200 3807/3807 3514/3514
f 2200/2200 3514/3514 3237/3237
f 3807/3807 803/803 3614/3614
f 3807/3807 3614/3614 3514/3514
f 683/683 1260/1260 803/803
f 683/683 803/803 3807/3807
f 3493/3493 1267/1267 3916/3916
f 3493/3493 3916/3916 247/247
f 247/247 3916/3916 1502/1502
f 247/247 1502/1502 2431/2431
f 3916/3916 1859/1859 296/296
f 3916/3916 296/296 1502/1502
f 1267/1267 1816/1816 1859/1859
f 1267/1267 1859/1859 3916/3916
f 3966/3966 3204/3204 3156/3156
f 3966/3966 3156/3156 348/348
f 348/348 3156/3156 1362/1362
f 348/348 1362/1362 3936/3936
f 3156/3156 1774/1774 3783/3783
f 3156/3156 3783/3783 1362/1362
f 3204/3204 3114/3114 1774/1774
f 3204/3204 1774/1774 3156/3156
f 774/774 1622/1622 1062/1062
f 774/774 1062/1062 36/36
f 36/36 1062/1062 2285/2285
f 36/36 2285/2285 349/349
f 1062/1062 1137/1137 751/751
f 1062/1062 751/751 2285/2285
f 1622/1622 443/443 1137/1137
f 1622/1622 1137/1137 1062/1062
f 2064/2064 879/879 2126/2126
f 2064/2064 2126/2126 1734/1734
f 3321/3321 3538/3538 1028/1028
f 3321/3321 1028/1028 842/842
f 931/931 3046/3046 3180/3180
f 931/931 3180/3180 253/253
f 253/253 3180/3180 1106/1106
f 253/253 1106/1106 1882/1882
f 3180/3180 969/969 3149/3149
f 3180/3180 3149/3149 1106/1106
f 3046/3046 2172/2172 969/969
f 3046/3046 969/969 3180/3180
f 3371/3371 2212/2212 1336/1336
f 3371/3371 1336/1336 2974/2974
f 2974/2974 1336/1336 309/309
f 2974/2974 309/309 3663/3663
f 1336/1336 2487/2487 1882/1882
f 1336/1336 1882/1882 309/309
f 2212/2212 534/534 2487/2487
f 2212/2212 2487/2487 1336/1336
f 1675/1675 588/588 1585/1585
f 1675/1675 1585/1585 2733/2733
f 2734/2734 1584/1584 3204/3204
f 2734/2734 3204/3204 3966/3966
f 1584/1584 1749/1749 3114/3114
f 1584/1584 3114/3114 3204/3204
f 588/588 2519/2519 1748/1748
f 588/588 1748/1748 1585/1585
f 3936/3936 1362/1362 4041/4041
f 3936/3936 4041/4041 551/551
f 551/551 4041/4041 1622/1622
f 551/551 1622/1622 774/774
f 4041/4041 2562/2562 443/443
f 4041/4041 443/443 1622/1622
f 1362/1362 3783/3783 2562/2562
f 1362/1362 2562/2562 4041/4041
f 1620/1620 749/749 2230/2230
f 1620/1620 2230/2230 2815/2815
f 2815/2815 2230/2230 3317/3317
f 2815/2815 3317/3317 3297/3297
f 2230/2230 3977/3977 572/572
f 2230/2230 572/572 3317/3317
f 749/749 1073/1073 3977/3977
f 749/749 3977/3977 2230/2230
f 3303/3303 667/667 467/467
f 3303/3303 467/467 2288/2288
f 2288/2288 467/467 2837/2837
f 2288/2288 2837/2837 3836/3836
f 467/467 1055/1055 4000/4000
f 467/467 4000/4000 2837/2837
f 667/667 3642/3642 1055/1055
f 667/667 1055/1055 467/467
f 2599/2599 1944/1944 1249/1249
f 2599/2599 1249/1249 3268/3268
f 3268/3268 1249/1249 2206/2206
f 3268/3268 2206/2206 866/866
f 1249/1249 2288/2288 3836/3836
f 1249/1249 3836/3836 2206/2206
f 1944/1944 3303/3303 2288/2288
f 1944/1944 2288/2288 1249/1249
f 1506/1506 1582/1582 2077/2077
f 1506/1506 2077/2077 2087/2087
f 2087/2087 2077/2077 3904/3904
f 2087/2087 3904/3904 3027/3027
f 2077/2077 3076/3076 2646/2646
f 2077/2077 2646/2646 3904/3904
f 1582/1582 399/399 3076/3076
f 1582/1582 3076/3076 2077/2077
f 997/997 465/465 1311/1311
f 997/997 1311/1311 913/913
f 913/913 1311/1311 2496/2496
f 913/913 2496/2496 149/149
f 1311/1311 983/983 388/388
f 1311/1311 388/388 2496/2496
f 465/465 2677/2677 983/983
f 465/465 983/983 1311/1311
f 3783/3783 2934/2934 2146/2146
f 3783/3783 2146/2146 2562/2562
f 2562/2562 2146/2146 3038/3038
f 2562/2562 3038/3038 443/443
f 2146/2146 2245/2245 3994/3994
f 2146/2146 3994/3994 3038/3038
f 2934/2934 3035/3035 2245/2245
f 2934/2934 2245/2245 2146/2146
f 2842/2842 1562/1562 1575/1575
f 2842/2842 1575/1575 2711/2711
f 2711/2711 1575/1575 1447/1447
f 2711/2711 1447/1447 31/31
f 1576/1576 3268/3268 866/866
f 1576/1576 866/866 1449/1449
f 1563/1563 2599/2599 3268/3268
f 1563/1563 3268/3268 1576/1576
f 2460/2460 2330/2330 620/620
f 2460/2460 620/620 2118/2118
f 2118/2118 620/620 558/558
f 2118/2118 558/558 2953/2953
f 620/620 94/94 3537/3537
f 620/620 3537/3537 558/558
f 2330/2330 561/561 94/94
f 2330/2330 94/94 620/620
f 1028/1028 3244/3244 1379/1379
f 1028/1028 1379/1379 842/842
f 1379/1379 3244/3244 1090/1090
f 1379/1379 1090/1090 225/225
f 561/561 1789/1789 1523/1523
f 561/561 1523/1523 94/94
f 94/94 1523/1523 3574/3574
f 94/94 3574/3574 3537/3537
f 1523/1523 2815/2815 3297/3297
f 1523/1523 3297/3297 3574/3574
f 1789/1789 1620/1620 2815/2815
f 1789/1789 2815/2815 1523/1523
f 2173/2173 892/892 3301/3301
f 2173/2173 3301/3301 2447/2447
f 2447/2447 3301/3301 1683/1683
f 2447/2447 1683/1683 5/5
f 3301/3301 357/357 1926/1926
f 3301/3301 1926/1926 1683/1683
f 892/892 2263/2263 357/357
f 892/892 357/357 3301/3301
f 1090/1090 2916/2916 1077/1077
f 1090/1090 1077/1077 225/225
f 1873/1873 3141/3141 354/354
f 1873/1873 354/354 3986/3986
f 3105/3105 1890/1890 3420/3420
f 3105/3105 3420/3420 3968/3968
f 3968/3968 3420/3420 1605/1605
f 3968/3968 1605/1605 333/333
f 3420/3420 2447/2447 5/5
f 3420/3420 5/5 1605/1605
f 1890/1890 2173/2173 2447/2447
f 1890/1890 2447/2447 3420/3420
f 3186/3186 3680/3680 1545/1545
f 3186/3186 1545/1545 3666/3666
f 3666/3666 1545/1545 2384/2384
f 3666/3666 2384/2384 364/364
f 1545/1545 1966/1966 3497/3497
f 1545/1545 3497/3497 2384/2384
f 3680/3680 574/574 1966/1966
f 3680/3680 1966/1966 1545/1545
f 2658/2658 2948/2948 1955/1955
f 2658/2658 1955/1955 538/538
f 538/538 1955/1955 750/750
f 538/538 750/750 1373/1373
f 1955/1955 2364/2364 1579/1579
f 1955/1955 1579/1579 750/750
f 2948/2948 3683/3683 2364/2364
f 2948/2948 2364/2364 1955/1955
f 242/242 1125/1125 2750/2750
f 242/242 2750/2750 206/206
f 206/206 2750/2750 575/575
f 206/206 575/575 2852/2852
f 2750/2750 2372/2372 1609/1609
f 2750/2750 1609/1609 575/575
f 1125/1125 92/92 2372/2372
f 1125/1125 2372/2372 2750/2750
f 1800/1800 1974/1974 1767/1767
f 1800/1800 1767/1767 2725/2725
f 2725/2725 1767/1767 1765/1765
f 2725/2725 1765/1765 2784/2784
f 1767/1767 233/233 2536/2536
f 1767/1767 2536/2536 1765/1765
f 1974/1974 1271/1271 233/233
f 1974/1974 233/233 1767/1767
f 3733/3733 2287/2287 80/80
f 3733/3733 80/80 2356/2356
f 2356/2356 80/80 3233/3233
f 2356/2356 3233/3233 499/499
f 80/80 4075/4075 399/399
f 80/80 399/399 3233/3233
f 2287/2287 2336/2336 4075/4075
f 2287/2287 4075/4075 80/80
f 92/92 1809/1809 2490/2490
f 92/92 2490/2490 2372/2372
f 2372/2372 2490/2490 3040/3040
f 2372/2372 3040/3040 1609/1609
f 2490/2490 2090/2090 463/463
f 2490/2490 463/463 3040/3040
f 1809/1809 3917/3917 2090/2090
f 1809/1809 2090/2090 2490/2490
f 3152/3152 2620/2620 2809/2809
f 3152/3152 2809/2809 2002/2002
f 2002/2002 2809/2809 2804/2804
f 2002/2002 2804/2804 950/950
f 2809/2809 2725/2725 2784/2784
f 2809/2809 2784/2784 2804/2804
f 2620/2620 1800/1800 2725/2725
f 2620/2620 2725/2725 2809/2809
f 1533/1533 1270/1270 1639/1639
f 1533/1533 1639/1639 3370/3370
f 3370/3370 1639/1639 3163/3163
f 3370/3370 3163/3163 2796/2796
f 1639/1639 3291/3291 143/143
f 1639/1639 143/143 3163/3163
f 1270/1270 3863/3863 3291/3291
f 1270/1270 3291/3291 1639/1639
f 2926/2926 767/767 2657/2657
f 2926/2926 2657/2657 2088/2088
f 2088/2088 2657/2657 1992/1992
f 2088/2088 1992/1992 3706/3706
f 2657/2657 4082/4082 2149/2149
f 2657/2657 2149/2149 1992/1992
f 767/767 2100/2100 4082/4082
f 767/767 4082/4082 2657/2657
f 1601/1601 4094/4094 779/779
f 1601/1601 779/779 3698/3698
f 779/779 4094/4094 1018/1018
f 779/779 1018/1018 2650/2650
f 1018/1018 2636/2636 570/570
f 1018/1018 570/570 2650/2650
f 570/570 2636/2636 331/331
f 570/570 331/331 3789/3789
f 3746/3746 3309/3309 784/784
f 3746/3746 784/784 3835/3835
f 3835/3835 784/784 3685/3685
f 3835/3835 3685/3685 2606/2606
f 784/784 2686/2686 3390/3390
f 784/784 3390/3390 3685/3685
f 3309/3309 583/583 2686/2686
f 3309/3309 2686/2686 784/784
f 4065/4065 756/756 3146/3146
f 4065/4065 3146/3146 2778/2778
f 2778/2778 3146/3146 4142/4142
f 2778/2778 4142/4142 583/583
f 3146/3146 913/913 149/149
f 3146/3146 149/149 4142/4142
f 756/756 997/997 913/913
f 756/756 913/913 3146/3146
f 331/331 1551/1551 4143/4143
f 331/331 4143/4143 3789/3789
f 4143/4143 1551/1551 2132/2132
f 4143/4143 2132/2132 2503/2503
f 2132/2132 3756/3756 2012/2012
f 2132/2132 2012/2012 2503/2503
f 2407/2407 3016/3016 610/610
f 2407/2407 610/610 52/52
f 3016/3016 3206/3206 809/809
f 3016/3016 809/809 610/610
f 2012/2012 3756/3756 3899/3899
f 2012/2012 3899/3899 2689/2689
f 3899/3899 1471/1471 1425/1425
f 3899/3899 1425/1425 2689/2689
f 1425/1425 1471/1471 935/935
f 1425/1425 935/935 4124/4124
f 3994/3994 2478/2478 791/791
f 3994/3994 791/791 2394/2394
f 2394/2394 791/791 4048/4048
f 2394/2394 4048/4048 3893/3893
f 791/791 1016/1016 1017/1017
f 791/791 1017/1017 4048/4048
f 2478/2478 333/333 1016/1016
f 2478/2478 1016/1016 791/791
f 2536/2536 1715/1715 853/853
f 2536/2536 853/853 3250/3250
f 3250/3250 853/853 2463/2463
f 3250/3250 2463/2463 3248/3248
f 853/853 1210/1210 3788/3788
f 853/853 3788/3788 2463/2463
f 1715/1715 499/499 1210/1210
f 1715/1715 1210/1210 853/853
f 3768/3768 953/953 3827/3827
f 3768/3768 3827/3827 3561/3561
f 3561/3561 3827/3827 3598/3598
f 3561/3561 3598/3598 2405/2405
f 3826/3826 609/609 3722/3722
f 3826/3826 3722/3722 3597/3597
f 954/954 1546/1546 609/609
f 954/954 609/609 3826/3826
f 3035/3035 22/22 3747/3747
f 3035/3035 3747/3747 2245/2245
f 2245/2245 3747/3747 2478/2478
f 2245/2245 2478/2478 3994/3994
f 3747/3747 3968/3968 333/333
f 3747/3747 333/333 2478/2478
f 22/22 3105/3105 3968/3968
f 22/22 3968/3968 3747/3747
f 3273/3273 1204/1204 681/681
f 3273/3273 681/681 1713/1713
f 1713/1713 681/681 4064/4064
f 1713/1713 4064/4064 985/985
f 681/681 2631/2631 1917/1917
f 681/681 1917/1917 4064/4064
f 1204/1204 3130/3130 2631/2631
f 1204/1204 2631/2631 681/681
f 1574/1574 1021/1021 1976/1976
f 1574/1574 1976/1976 3530/3530
f 3530/3530 1976/1976 3055/3055
f 3530/3530 3055/3055 1271/1271
f 1976/1976 328/328 3733/3733
f 1976/1976 3733/3733 3055/3055
f 1021/1021 3722/3722 328/328
f 1021/1021 328/328 1976/1976
f 1271/1271 3055/3055 3617/3617
f 1271/1271 3617/3617 233/233
f 233/233 3617/3617 1715/1715
f 233/233 1715/1715 2536/2536
f 3617/3617 2356/2356 499/499
f 3617/3617 499/499 1715/1715
f 3055/3055 3733/3733 2356/2356
f 3055/3055 2356/2356 3617/3617
f 2761/2761 3761/3761 4079/4079
f 2761/2761 4079/4079 42/42
f 42/42 4079/4079 22/22
f 42/42 22/22 3035/3035
f 4079/4079 3033/3033 3105/3105
f 4079/4079 3105/3105 22/22
f 3761/3761 3599/3599 3033/3033
f 3761/3761 3033/3033 4079/4079
f 2172/2172 2443/2443 1364/1364
f 2172/2172 1364/1364 201/201
f 201/201 1364/1364 1430/1430
f 201/201 1430/1430 3711/3711
f 1364/1364 1713/1713 985/985
f 1364/1364 985/985 1430/1430
f 2443/2443 3273/3273 1713/1713
f 2443/2443 1713/1713 1364/1364
f 1843/1843 2959/2959 170/170
f 1843/1843 170/170 226/226
f 228/228 169/169 3761/3761
f 228/228 3761/3761 2761/2761
f 169/169 3589/3589 3599/3599
f 169/169 3599/3599 3761/3761
f 2959/2959 3955/3955 3590/3590
f 2959/2959 3590/3590 170/170
f 2606/2606 3685/3685 3969/3969
f 2606/2606 3969/3969 854/854
f 854/854 3969/3969 453/453
f 854/854 453/453 1778/1778
f 3969/3969 491/491 1376/1376
f 3969/3969 1376/1376 453/453
f 3685/3685 3390/3390 491/491
f 3685/3685 491/491 3969/3969
f 3385/3385 3378/3378 3456/3456
f 3385/3385 3456/3456 1313/1313
f 1313/1313 3456/3456 3881/3881
f 1313/1313 3881/3881 1794/1794
f 3456/3456 57/57 1273/1273
f 3456/3456 1273/1273 3881/3881
f 3378/3378 1113/1113 57/57
f 3378/3378 57/57 3456/3456
f 2203/2203 2446/2446 2378/2378
f 2203/2203 2378/2378 820/820
f 820/820 2378/2378 807/807
f 820/820 807/807 2452/2452
f 2378/2378 1313/1313 1794/1794
f 2378/2378 1794/1794 807/807
f 2446/2446 3385/3385 1313/1313
f 2446/2446 1313/1313 2378/2378
f 2451/2451 806/806 2914/2914
f 2451/2451 2914/2914 2395/2395
f 2395/2395 2914/2914 767/767
f 2395/2395 767/767 2926/2926
f 2914/2914 821/821 2100/2100
f 2914/2914 2100/2100 767/767
f 806/806 1793/1793 821/821
f 806/806 821/821 2914/2914
f 3493/3493 673/673 1233/1233
f 3493/3493 1233/1233 3907/3907
f 3907/3907 1233/1233 1360/1360
f 3907/3907 1360/1360 755/755
f 1233/1233 3526/3526 1716/1716
f 1233/1233 1716/1716 1360/1360
f 673/673 822/822 3526/3526
f 673/673 3526/3526 1233/1233
f 754/754 1359/1359 1019/1019
f 754/754 1019/1019 2186/2186
f 2186/2186 1019/1019 465/465
f 2186/2186 465/465 997/997
f 1019/1019 262/262 2677/2677
f 1019/1019 2677/2677 465/465
f 1359/1359 1717/1717 262/262
f 1359/1359 262/262 1019/1019
f 1816/1816 1267/1267 1222/1222
f 1816/1816 1222/1222 3313/3313
f 3313/3313 1222/1222 2397/2397
f 3313/3313 2397/2397 3469/3469
f 1222/1222 3907/3907 755/755
f 1222/1222 755/755 2397/2397
f 1267/1267 3493/3493 3907/3907
f 1267/1267 3907/3907 1222/1222
f 3470/3470 2396/2396 832/832
f 3470/3470 832/832 3429/3429
f 3429/3429 832/832 756/756
f 3429/3429 756/756 4065/4065
f 832/832 2186/2186 997/997
f 832/832 997/997 756/756
f 2396/2396 754/754 2186/2186
f 2396/2396 2186/2186 832/832
f 1/1 2116/2116 1420/1420
f 1/1 1420/1420 1291/1291
f 1291/1291 1420/1420 643/643
f 1291/1291 643/643 3957/3957
f 1420/1420 3313/3313 3469/3469
f 1420/1420 3469/3469 643/643
f 2116/2116 1816/1816 3313/3313
f 2116/2116 3313/3313 1420/1420
f 3958/3958 644/644 365/365
f 3958/3958 365/365 1875/1875
f 1875/1875 365/365 2275/2275
f 1875/1875 2275/2275 2952/2952
f 365/365 3429/3429 4065/4065
f 365/365 4065/4065 2275/2275
f 644/644 3470/3470 3429/3429
f 644/644 3429/3429 365/365
f 822/822 3098/3098 642/642
f 822/822 642/642 3526/3526
f 3526/3526 642/642 3347/3347
f 3526/3526 3347/3347 1716/1716
f 642/642 820/820 2452/2452
f 642/642 2452/2452 3347/3347
f 3098/3098 2203/2203 820/820
f 3098/3098 820/820 642/642
f 1717/1717 3348/3348 1621/1621
f 1717/1717 1621/1621 262/262
f 262/262 1621/1621 1000/1000
f 262/262 1000/1000 2677/2677
f 1621/1621 2395/2395 2926/2926
f 1621/1621 2926/2926 1000/1000
f 3348/3348 2451/2451 2395/2395
f 3348/3348 2395/2395 1621/1621
f 2149/2149 1817/1817 2423/2423
f 2149/2149 2423/2423 1676/1676
f 1676/1676 2423/2423 2360/2360
f 1676/1676 2360/2360 3863/3863
f 2423/2423 2935/2935 1009/1009
f 2423/2423 1009/1009 2360/2360
f 1817/1817 975/975 2935/2935
f 1817/1817 2935/2935 2423/2423
f 597/597 2605/2605 2120/2120
f 597/597 2120/2120 1938/1938
f 1938/1938 2120/2120 1932/1932
f 1938/1938 1932/1932 3425/3425
f 2120/2120 3376/3376 3152/3152
f 2120/2120 3152/3152 1932/1932
f 2605/2605 3083/3083 3376/3376
f 2605/2605 3376/3376 2120/2120
f 1706/1706 652/652 1967/1967
f 1706/1706 1967/1967 1589/1589
f 1589/1589 1967/1967 575/575
f 1589/1589 575/575 1609/1609
f 1967/1967 2545/2545 2852/2852
f 1967/1967 2852/2852 575/575
f 652/652 196/196 2545/2545
f 652/652 2545/2545 1967/1967
f 2556/2556 1595/1595 3200/3200
f 2556/2556 3200/3200 1007/1007
f 1007/1007 3200/3200 3040/3040
f 1007/1007 3040/3040 463/463
f 3200/3200 1589/1589 1609/1609
f 3200/3200 1609/1609 3040/3040
f 1595/1595 1706/1706 1589/1589
f 1595/1595 1589/1589 3200/3200
f 866/866 2206/2206 2775/2775
f 866/866 2775/2775 2908/2908
f 2908/2908 2775/2775 1594/1594
f 2908/2908 1594/1594 2555/2555
f 2775/2775 1207/1207 1707/1707
f 2775/2775 1707/1707 1594/1594
f 2206/2206 3836/3836 1207/1207
f 2206/2206 1207/1207 2775/2775
f 3836/3836 2837/2837 3743/3743
f 3836/3836 3743/3743 1207/1207
f 1207/1207 3743/3743 653/653
f 1207/1207 653/653 1707/1707
f 3743/3743 1475/1475 197/197
f 3743/3743 197/197 653/653
f 2837/2837 4000/4000 1475/1475
f 2837/2837 1475/1475 3743/3743
f 659/659 376/376 554/554
f 659/659 554/554 1049/1049
f 1049/1049 554/554 2751/2751
f 1049/1049 2751/2751 2744/2744
f 554/554 1365/1365 2129/2129
f 554/554 2129/2129 2751/2751
f 376/376 604/604 1365/1365
f 376/376 1365/1365 554/554
f 2954/2954 559/559 3136/3136
f 2954/2954 3136/3136 2515/2515
f 2515/2515 3136/3136 434/434
f 2515/2515 434/434 1987/1987
f 3136/3136 3574/3574 3297/3297
f 3136/3136 3297/3297 434/434
f 559/559 3537/3537 3574/3574
f 559/559 3574/3574 3136/3136
f 32/32 1448/1448 3217/3217
f 32/32 3217/3217 2504/2504
f 2504/2504 3217/3217 1392/1392
f 2504/2504 1392/1392 1988/1988
f 3218/3218 2908/2908 2555/2555
f 3218/3218 2555/2555 1393/1393
f 1449/1449 866/866 2908/2908
f 1449/1449 2908/2908 3218/3218
f 4094/4094 1601/1601 1904/1904
f 4094/4094 1904/1904 1678/1678
f 1678/1678 1904/1904 1897/1897
f 1678/1678 1897/1897 129/129
f 1904/1904 2907/2907 372/372
f 1904/1904 372/372 1897/1897
f 1601/1601 1170/1170 2907/2907
f 1601/1601 2907/2907 1904/1904
f 130/130 1898/1898 3619/3619
f 130/130 3619/3619 841/841
f 1253/1253 2625/2625 1398/1398
f 1253/1253 1398/1398 1161/1161
f 1898/1898 373/373 1103/1103
f 1898/1898 1103/1103 3619/3619
f 1551/1551 331/331 3892/3892
f 1551/1551 3892/3892 111/111
f 111/111 3892/3892 2181/2181
f 111/111 2181/2181 971/971
f 3892/3892 3364/3364 1653/1653
f 3892/3892 1653/1653 2181/2181
f 331/331 2636/2636 3364/3364
f 331/331 3364/3364 3892/3892
f 972/972 2182/2182 2073/2073
f 972/972 2073/2073 4122/4122
f 2182/2182 1652/1652 3220/3220
f 2182/2182 3220/3220 2073/2073
f 2195/2195 2124/2124 1555/1555
f 2195/2195 1555/1555 70/70
f 2124/2124 2727/2727 2155/2155
f 2124/2124 2155/2155 1555/1555
f 69/69 1554/1554 2449/2449
f 69/69 2449/2449 2525/2525
f 2525/2525 2449/2449 935/935
f 2525/2525 935/935 1471/1471
f 2449/2449 1383/1383 2407/2407
f 2449/2449 2407/2407 935/935
f 1554/1554 2156/2156 1383/1383
f 1554/1554 1383/1383 2449/2449
f 2636/2636 1018/1018 3638/3638
f 2636/2636 3638/3638 3364/3364
f 3364/3364 3638/3638 1922/1922
f 3364/3364 1922/1922 1653/1653
f 3638/3638 1678/1678 129/129
f 3638/3638 129/129 1922/1922
f 1018/1018 4094/4094 1678/1678
f 1018/1018 1678/1678 3638/3638
f 1652/1652 1921/1921 3506/3506
f 1652/1652 3506/3506 3220/3220
f 1921/1921 130/130 841/841
f 1921/1921 841/841 3506/3506
f 3756/3756 2132/2132 503/503
f 3756/3756 503/503 897/897
f 897/897 503/503 4018/4018
f 897/897 4018/4018 210/210
f 503/503 111/111 971/971
f 503/503 971/971 4018/4018
f 2132/2132 1551/1551 111/111
f 2132/2132 111/111 503/503
f 209/209 4017/4017 1984/1984
f 209/209 1984/1984 1397/1397
f 4017/4017 972/972 4122/4122
f 4017/4017 4122/4122 1984/1984
f 2727/2727 792/792 2758/2758
f 2727/2727 2758/2758 2155/2155
f 792/792 992/992 2979/2979
f 792/792 2979/2979 2758/2758
f 2156/2156 2757/2757 3682/3682
f 2156/2156 3682/3682 1383/1383
f 1383/1383 3682/3682 3016/3016
f 1383/1383 3016/3016 2407/2407
f 3682/3682 3866/3866 3206/3206
f 3682/3682 3206/3206 3016/3016
f 2757/2757 2978/2978 3866/3866
f 2757/2757 3866/3866 3682/3682
f 1471/1471 3899/3899 640/640
f 1471/1471 640/640 2525/2525
f 2525/2525 640/640 1477/1477
f 2525/2525 1477/1477 69/69
f 640/640 897/897 210/210
f 640/640 210/210 1477/1477
f 3899/3899 3756/3756 897/897
f 3899/3899 897/897 640/640
f 70/70 1478/1478 1162/1162
f 70/70 1162/1162 2195/2195
f 1478/1478 209/209 1397/1397
f 1478/1478 1397/1397 1162/1162
f 935/935 2407/2407 52/52
f 935/935 52/52 4124/4124
f 3220/3220 4084/4084 3672/3672
f 3220/3220 3672/3672 2073/2073
f 1010/1010 2152/2152 3192/3192
f 1010/1010 3192/3192 3696/3696
f 2152/2152 826/826 3702/3702
f 2152/2152 3702/3702 3192/3192
f 2152/2152 1010/1010 1397/1397
f 2152/2152 1397/1397 1984/1984
f 3695/3695 3191/3191 3336/3336
f 3695/3695 3336/3336 2859/2859
f 2859/2859 3336/3336 3986/3986
f 2859/2859 3986/3986 287/287
f 3336/3336 1225/1225 1873/1873
f 3336/3336 1873/1873 3986/3986
f 3191/3191 3703/3703 1225/1225
f 3191/3191 1225/1225 3336/3336
f 1054/1054 1244/1244 792/792
f 1054/1054 792/792 2727/2727
f 2216/2216 1254/1254 2243/2243
f 2216/2216 2243/2243 17/17
f 1254/1254 1010/1010 3696/3696
f 1254/1254 3696/3696 2243/2243
f 1254/1254 2216/2216 2195/2195
f 1254/1254 2195/2195 1162/1162
f 16/16 2244/2244 4033/4033
f 16/16 4033/4033 1711/1711
f 1711/1711 4033/4033 3979/3979
f 1711/1711 3979/3979 3321/3321
f 4033/4033 2859/2859 287/287
f 4033/4033 287/287 3979/3979
f 2244/2244 3695/3695 2859/2859
f 2244/2244 2859/2859 4033/4033
f 3327/3327 1779/1779 3619/3619
f 3327/3327 3619/3619 1103/1103
f 826/826 3672/3672 3193/3193
f 826/826 3193/3193 3702/3702
f 3672/3672 4084/4084 2718/2718
f 3672/3672 2718/2718 3193/3193
f 3672/3672 826/826 4122/4122
f 3672/3672 4122/4122 2073/2073
f 3703/3703 3194/3194 114/114
f 3703/3703 114/114 1225/1225
f 1225/1225 114/114 2314/2314
f 1225/1225 2314/2314 1873/1873
f 114/114 3633/3633 479/479
f 114/114 479/479 2314/2314
f 3194/3194 2717/2717 3633/3633
f 3194/3194 3633/3633 114/114
f 4088/4088 1779/1779 3714/3714
f 4088/4088 3714/3714 676/676
f 1779/1779 3327/3327 1002/1002
f 1779/1779 1002/1002 3714/3714
f 1779/1779 4088/4088 841/841
f 1779/1779 841/841 3619/3619
f 677/677 3713/3713 2946/2946
f 677/677 2946/2946 2797/2797
f 2797/2797 2946/2946 1734/1734
f 2797/2797 1734/1734 2126/2126
f 2946/2946 3580/3580 2480/2480
f 2946/2946 2480/2480 1734/1734
f 3713/3713 1001/1001 3580/3580
f 3713/3713 3580/3580 2946/2946
f 1379/1379 225/225 1828/1828
f 1379/1379 1828/1828 1445/1445
f 1445/1445 1828/1828 838/838
f 1445/1445 838/838 2234/2234
f 1828/1828 1144/1144 1701/1701
f 1828/1828 1701/1701 838/838
f 225/225 1077/1077 1144/1144
f 225/225 1144/1144 1828/1828
f 2233/2233 837/837 1244/1244
f 2233/2233 1244/1244 1054/1054
f 1244/1244 1242/1242 992/992
f 1244/1244 992/992 792/792
f 4088/4088 4085/4085 3506/3506
f 4088/4088 3506/3506 841/841
f 837/837 1703/1703 1242/1242
f 837/837 1242/1242 1244/1244
f 2195/2195 2216/2216 3020/3020
f 2195/2195 3020/3020 2124/2124
f 4084/4084 4085/4085 1176/1176
f 4084/4084 1176/1176 2718/2718
f 4085/4085 4088/4088 676/676
f 4085/4085 676/676 1176/1176
f 4085/4085 4084/4084 3220/3220
f 4085/4085 3220/3220 3506/3506
f 2717/2717 1175/1175 2942/2942
f 2717/2717 2942/2942 3633/3633
f 3633/3633 2942/2942 1986/1986
f 3633/3633 1986/1986 479/479
f 2942/2942 2797/2797 2126/2126
f 2942/2942 2126/2126 1986/1986
f 1175/1175 677/677 2797/2797
f 1175/1175 2797/2797 2942/2942
f 3321/3321 842/842 3463/3463
f 3321/3321 3463/3463 1711/1711
f 1711/1711 3463/3463 1645/1645
f 1711/1711 1645/1645 16/16
f 3463/3463 1445/1445 2234/2234
f 3463/3463 2234/2234 1645/1645
f 842/842 1379/1379 1445/1445
f 842/842 1445/1445 3463/3463
f 17/17 1646/1646 3020/3020
f 17/17 3020/3020 2216/2216
f 3020/3020 1054/1054 2727/2727
f 3020/3020 2727/2727 2124/2124
f 826/826 2152/2152 1984/1984
f 826/826 1984/1984 4122/4122
f 1646/1646 2233/2233 1054/1054
f 1646/1646 1054/1054 3020/3020
f 2677/2677 1000/1000 4129/4129
f 2677/2677 4129/4129 983/983
f 983/983 4129/4129 2015/2015
f 983/983 2015/2015 388/388
f 4129/4129 2088/2088 3706/3706
f 4129/4129 3706/3706 2015/2015
f 1000/1000 2926/2926 2088/2088
f 1000/1000 2088/2088 4129/4129
f 2601/2601 354/354 2879/2879
f 2601/2601 2879/2879 2939/2939
f 2939/2939 2879/2879 2058/2058
f 2939/2939 2058/2058 3423/3423
f 2879/2879 3566/3566 3586/3586
f 2879/2879 3586/3586 2058/2058
f 354/354 3141/3141 3566/3566
f 354/354 3566/3566 2879/2879
f 3423/3423 2058/2058 1571/1571
f 3423/3423 1571/1571 1569/1569
f 1568/1568 1570/1570 2496/2496
f 1568/1568 2496/2496 388/388
f 1570/1570 2295/2295 149/149
f 1570/1570 149/149 2496/2496
f 2058/2058 3586/3586 2294/2294
f 2058/2058 2294/2294 1571/1571
f 3538/3538 3984/3984 1108/1108
f 3538/3538 1108/1108 4091/4091
f 4091/4091 1108/1108 3262/3262
f 4091/4091 3262/3262 1721/1721
f 1108/1108 2939/2939 3423/3423
f 1108/1108 3423/3423 3262/3262
f 3984/3984 2601/2601 2939/2939
f 3984/3984 2939/2939 1108/1108
f 1721/1721 3262/3262 3668/3668
f 1721/1721 3668/3668 2433/2433
f 2432/2432 3667/3667 2015/2015
f 2432/2432 2015/2015 3706/3706
f 3667/3667 1568/1568 388/388
f 3667/3667 388/388 2015/2015
f 3262/3262 3423/3423 1569/1569
f 3262/3262 1569/1569 3668/3668
f 3141/3141 1733/1733 3825/3825
f 3141/3141 3825/3825 3566/3566
f 3566/3566 3825/3825 3833/3833
f 3566/3566 3833/3833 3586/3586
f 3825/3825 134/134 140/140
f 3825/3825 140/140 3833/3833
f 1733/1733 600/600 134/134
f 1733/1733 134/134 3825/3825
f 3586/3586 3833/3833 2095/2095
f 3586/3586 2095/2095 2294/2294
f 2295/2295 2094/2094 4142/4142
f 2295/2295 4142/4142 149/149
f 2094/2094 3119/3119 583/583
f 2094/2094 583/583 4142/4142
f 3833/3833 140/140 3120/3120
f 3833/3833 3120/3120 2095/2095
f 879/879 2064/2064 2485/2485
f 879/879 2485/2485 371/371
f 371/371 2485/2485 884/884
f 371/371 884/884 2902/2902
f 2485/2485 3210/3210 3212/3212
f 2485/2485 3212/3212 884/884
f 2064/2064 1181/1181 3210/3210
f 2064/2064 3210/3210 2485/2485
f 2902/2902 884/884 705/705
f 2902/2902 705/705 1770/1770
f 1771/1771 706/706 491/491
f 1771/1771 491/491 3390/3390
f 706/706 1385/1385 1376/1376
f 706/706 1376/1376 491/491
f 884/884 3212/3212 1386/1386
f 884/884 1386/1386 705/705
f 1533/1533 3370/3370 4128/4128
f 1533/1533 4128/4128 1903/1903
f 1902/1902 4127/4127 3542/3542
f 1902/1902 3542/3542 1459/1459
f 4127/4127 1739/1739 1159/1159
f 4127/4127 1159/1159 3542/3542
f 3370/3370 2796/2796 1741/1741
f 3370/3370 1741/1741 4128/4128
f 1459/1459 3542/3542 1651/1651
f 1459/1459 1651/1651 3871/3871
f 3871/3871 1651/1651 1090/1090
f 3871/3871 1090/1090 3244/3244
f 1651/1651 3534/3534 2916/2916
f 1651/1651 2916/2916 1090/1090
f 3542/3542 1159/1159 3534/3534
f 3542/3542 3534/3534 1651/1651
f 600/600 3079/3079 2565/2565
f 600/600 2565/2565 134/134
f 134/134 2565/2565 2568/2568
f 134/134 2568/2568 140/140
f 2565/2565 371/371 2902/2902
f 2565/2565 2902/2902 2568/2568
f 3079/3079 879/879 371/371
f 3079/3079 371/371 2565/2565
f 140/140 2568/2568 404/404
f 140/140 404/404 3120/3120
f 3119/3119 405/405 2686/2686
f 3119/3119 2686/2686 583/583
f 405/405 1771/1771 3390/3390
f 405/405 3390/3390 2686/2686
f 2568/2568 2902/2902 1770/1770
f 2568/2568 1770/1770 404/404
f 3706/3706 1754/1754 1632/1632
f 3706/3706 1632/1632 2432/2432
f 2433/2433 1631/1631 1785/1785
f 2433/2433 1785/1785 1721/1721
f 1631/1631 1902/1902 1459/1459
f 1631/1631 1459/1459 1785/1785
f 1754/1754 1533/1533 1903/1903
f 1754/1754 1903/1903 1632/1632
f 1721/1721 1785/1785 1591/1591
f 1721/1721 1591/1591 4091/4091
f 4091/4091 1591/1591 1028/1028
f 4091/4091 1028/1028 3538/3538
f 1591/1591 3871/3871 3244/3244
f 1591/1591 3244/3244 1028/1028
f 1785/1785 1459/1459 3871/3871
f 1785/1785 3871/3871 1591/1591
f 354/354 2601/2601 287/287
f 354/354 287/287 3986/3986
f 1333/1333 1170/1170 185/185
f 1333/1333 185/185 3709/3709
f 2263/2263 546/546 430/430
f 2263/2263 430/430 357/357
f 357/357 430/430 1519/1519
f 357/357 1519/1519 1926/1926
f 430/430 2528/2528 3466/3466
f 430/430 3466/3466 1519/1519
f 546/546 3240/3240 2528/2528
f 546/546 2528/2528 430/430
f 1260/1260 239/239 1199/1199
f 1260/1260 1199/1199 803/803
f 803/803 1199/1199 2881/2881
f 803/803 2881/2881 3614/3614
f 1199/1199 3666/3666 364/364
f 1199/1199 364/364 2881/2881
f 239/239 3186/3186 3666/3666
f 239/239 3666/3666 1199/1199
f 258/258 3778/3778 3431/3431
f 258/258 3431/3431 3365/3365
f 3365/3365 3431/3431 546/546
f 3365/3365 546/546 2263/2263
f 3431/3431 2850/2850 3240/3240
f 3431/3431 3240/3240 546/546
f 3778/3778 3407/3407 2850/2850
f 3778/3778 2850/2850 3431/3431
f 3720/3720 2543/2543 1278/1278
f 3720/3720 1278/1278 3927/3927
f 3927/3927 1278/1278 345/345
f 3927/3927 345/345 2502/2502
f 1278/1278 2254/2254 477/477
f 1278/1278 477/477 345/345
f 2543/2543 1788/1788 2254/2254
f 2543/2543 2254/2254 1278/1278
f 245/245 306/306 1844/1844
f 245/245 1844/1844 2574/2574
f 2573/2573 1845/1845 3778/3778
f 2573/2573 3778/3778 258/258
f 1845/1845 1237/1237 3407/3407
f 1845/1845 3407/3407 3778/3778
f 306/306 2984/2984 1238/1238
f 306/306 1238/1238 1844/1844
f 3614/3614 2881/2881 2633/2633
f 3614/3614 2633/2633 304/304
f 304/304 2633/2633 2543/2543
f 304/304 2543/2543 3720/3720
f 2633/2633 759/759 1788/1788
f 2633/2633 1788/1788 2543/2543
f 2881/2881 364/364 759/759
f 2881/2881 759/759 2633/2633
f 2980/2980 3949/3949 60/60
f 2980/2980 60/60 795/795
f 795/795 60/60 1519/1519
f 795/795 1519/1519 3466/3466
f 60/60 1022/1022 1926/1926
f 60/60 1926/1926 1519/1519
f 3949/3949 1444/1444 1022/1022
f 3949/3949 1022/1022 60/60
f 1257/1257 3403/3403 3450/3450
f 1257/1257 3450/3450 589/589
f 589/589 3450/3450 377/377
f 589/589 377/377 660/660
f 3450/3450 2969/2969 605/605
f 3450/3450 605/605 377/377
f 3403/3403 698/698 2969/2969
f 3403/3403 2969/2969 3450/3450
f 4000/4000 2538/2538 1735/1735
f 4000/4000 1735/1735 1475/1475
f 1475/1475 1735/1735 3547/3547
f 1475/1475 3547/3547 197/197
f 1735/1735 589/589 660/660
f 1735/1735 660/660 3547/3547
f 2538/2538 1257/1257 589/589
f 2538/2538 589/589 1735/1735
f 196/196 3546/3546 3848/3848
f 196/196 3848/3848 2545/2545
f 2545/2545 3848/3848 4042/4042
f 2545/2545 4042/4042 2852/2852
f 3848/3848 1049/1049 2744/2744
f 3848/3848 2744/2744 4042/4042
f 3546/3546 659/659 1049/1049
f 3546/3546 1049/1049 3848/3848
f 2129/2129 237/237 3906/3906
f 2129/2129 3906/3906 2751/2751
f 2751/2751 3906/3906 2701/2701
f 2751/2751 2701/2701 2744/2744
f 3906/3906 795/795 3466/3466
f 3906/3906 3466/3466 2701/2701
f 237/237 2980/2980 795/795
f 237/237 795/795 3906/3906
f 950/950 1861/1861 1081/1081
f 950/950 1081/1081 1738/1738
f 1738/1738 1081/1081 1055/1055
f 1738/1738 1055/1055 3642/3642
f 1081/1081 2538/2538 4000/4000
f 1081/1081 4000/4000 1055/1055
f 1861/1861 1257/1257 2538/2538
f 1861/1861 2538/2538 1081/1081
f 2744/2744 2701/2701 2873/2873
f 2744/2744 2873/2873 4042/4042
f 4042/4042 2873/2873 206/206
f 4042/4042 206/206 2852/2852
f 2873/2873 2072/2072 242/242
f 2873/2873 242/242 206/206
f 2701/2701 3466/3466 2072/2072
f 2701/2701 2072/2072 2873/2873
f 1542/1542 95/95 3471/3471
f 1542/1542 3471/3471 2904/2904
f 2904/2904 3471/3471 667/667
f 2904/2904 667/667 3303/3303
f 3471/3471 2059/2059 3642/3642
f 3471/3471 3642/3642 667/667
f 95/95 3425/3425 2059/2059
f 95/95 2059/2059 3471/3471
f 950/950 1738/1738 2261/2261
f 950/950 2261/2261 2002/2002
f 2002/2002 2261/2261 1932/1932
f 2002/2002 1932/1932 3152/3152
f 2261/2261 2059/2059 3425/3425
f 2261/2261 3425/3425 1932/1932
f 1738/1738 3642/3642 2059/2059
f 1738/1738 2059/2059 2261/2261
f 3673/3673 184/184 592/592
f 3673/3673 592/592 1826/1826
f 1826/1826 592/592 1809/1809
f 1826/1826 1809/1809 92/92
f 592/592 368/368 3917/3917
f 592/592 3917/3917 1809/1809
f 184/184 3264/3264 368/368
f 184/184 368/368 592/592
f 241/241 1947/1947 488/488
f 241/241 488/488 3060/3060
f 3060/3060 488/488 1125/1125
f 3060/3060 1125/1125 242/242
f 488/488 1826/1826 92/92
f 488/488 92/92 1125/1125
f 1947/1947 3673/3673 1826/1826
f 1947/1947 1826/1826 488/488
f 2738/2738 829/829 2854/2854
f 2738/2738 2854/2854 3222/3222
f 3222/3222 2854/2854 1789/1789
f 3222/3222 1789/1789 561/561
f 2854/2854 1231/1231 1620/1620
f 2854/2854 1620/1620 1789/1789
f 829/829 2595/2595 1231/1231
f 829/829 1231/1231 2854/2854
f 4010/4010 2921/2921 3415/3415
f 4010/4010 3415/3415 334/334
f 334/334 3415/3415 2329/2329
f 334/334 2329/2329 2459/2459
f 3415/3415 3222/3222 561/561
f 3415/3415 561/561 2329/2329
f 2921/2921 2738/2738 3222/3222
f 2921/2921 3222/3222 3415/3415
f 875/875 3573/3573 1057/1057
f 875/875 1057/1057 2348/2348
f 2348/2348 1057/1057 1561/1561
f 2348/2348 1561/1561 2841/2841
f 1058/1058 3319/3319 2599/2599
f 1058/1058 2599/2599 1563/1563
f 3572/3572 3452/3452 3319/3319
f 3572/3572 3319/3319 1058/1058
f 2595/2595 1512/1512 3277/3277
f 2595/2595 3277/3277 1231/1231
f 1231/1231 3277/3277 749/749
f 1231/1231 749/749 1620/1620
f 3277/3277 1423/1423 1073/1073
f 3277/3277 1073/1073 749/749
f 1512/1512 3416/3416 1423/1423
f 1512/1512 1423/1423 3277/3277
f 3466/3466 2528/2528 3953/3953
f 3466/3466 3953/3953 2072/2072
f 2072/2072 3953/3953 3060/3060
f 2072/2072 3060/3060 242/242
f 3953/3953 1933/1933 241/241
f 3953/3953 241/241 3060/3060
f 2528/2528 3240/3240 1933/1933
f 2528/2528 1933/1933 3953/3953
f 3483/3483 3799/3799 1136/1136
f 3483/3483 1136/1136 1146/1146
f 1146/1146 1136/1136 1329/1329
f 1146/1146 1329/1329 3482/3482
f 1136/1136 551/551 774/774
f 1136/1136 774/774 1329/1329
f 3799/3799 3936/3936 551/551
f 3799/3799 551/551 1136/1136
f 399/399 4075/4075 3669/3669
f 399/399 3669/3669 3076/3076
f 3076/3076 3669/3669 773/773
f 3076/3076 773/773 2646/2646
f 3669/3669 919/919 3521/3521
f 3669/3669 3521/3521 773/773
f 4075/4075 2336/2336 919/919
f 4075/4075 919/919 3669/3669
f 493/493 393/393 2715/2715
f 493/493 2715/2715 532/532
f 532/532 2715/2715 1756/1756
f 532/532 1756/1756 1111/1111
f 2715/2715 222/222 3663/3663
f 2715/2715 3663/3663 1756/1756
f 393/393 489/489 222/222
f 393/393 222/222 2715/2715
f 2100/2100 2603/2603 1612/1612
f 2100/2100 1612/1612 4082/4082
f 4082/4082 1612/1612 1817/1817
f 4082/4082 1817/1817 2149/2149
f 1612/1612 323/323 975/975
f 1612/1612 975/975 1817/1817
f 2603/2603 2875/2875 323/323
f 2603/2603 323/323 1612/1612
f 1793/1793 3880/3880 1956/1956
f 1793/1793 1956/1956 821/821
f 821/821 1956/1956 2603/2603
f 821/821 2603/2603 2100/2100
f 1956/1956 816/816 2875/2875
f 1956/1956 2875/2875 2603/2603
f 3880/3880 1274/1274 816/816
f 3880/3880 816/816 1956/1956
f 2194/2194 3458/3458 2056/2056
f 2194/2194 2056/2056 2972/2972
f 2972/2972 2056/2056 4133/4133
f 2972/2972 4133/4133 1854/1854
f 2056/2056 3910/3910 1777/1777
f 2056/2056 1777/1777 4133/4133
f 3458/3458 4098/4098 3910/3910
f 3458/3458 3910/3910 2056/2056
f 85/85 3289/3289 2165/2165
f 85/85 2165/2165 873/873
f 873/873 2165/2165 1463/1463
f 873/873 1463/1463 3453/3453
f 2165/2165 3378/3378 3385/3385
f 2165/2165 3385/3385 1463/1463
f 3289/3289 1113/1113 3378/3378
f 3289/3289 3378/3378 2165/2165
f 3863/3863 2360/2360 3919/3919
f 3863/3863 3919/3919 3291/3291
f 3291/3291 3919/3919 3219/3219
f 3291/3291 3219/3219 143/143
f 3919/3919 1608/1608 1663/1663
f 3919/3919 1663/1663 3219/3219
f 2360/2360 1009/1009 1608/1608
f 2360/2360 1608/1608 3919/3919
f 3482/3482 1329/1329 2183/2183
f 3482/3482 2183/2183 1936/1936
f 1936/1936 2183/2183 925/925
f 1936/1936 925/925 675/675
f 2183/2183 36/36 349/349
f 2183/2183 349/349 925/925
f 1329/1329 774/774 36/36
f 1329/1329 36/36 2183/2183
f 563/563 2273/2273 191/191
f 563/563 191/191 3839/3839
f 3839/3839 191/191 2055/2055
f 3839/3839 2055/2055 1675/1675
f 191/191 532/532 1111/1111
f 191/191 1111/1111 2055/2055
f 2273/2273 493/493 532/532
f 2273/2273 532/532 191/191
f 563/563 1742/1742 887/887
f 563/563 887/887 3676/3676
f 3676/3676 887/887 23/23
f 3676/3676 23/23 3635/3635
f 888/888 3123/3123 2885/2885
f 888/888 2885/2885 24/24
f 1743/1743 2922/2922 3123/3123
f 1743/1743 3123/3123 888/888
f 489/489 393/393 1400/1400
f 489/489 1400/1400 991/991
f 991/991 1400/1400 3031/3031
f 991/991 3031/3031 165/165
f 1400/1400 968/968 2949/2949
f 1400/1400 2949/2949 3031/3031
f 393/393 493/493 968/968
f 393/393 968/968 1400/1400
f 2541/2541 141/141 1980/1980
f 2541/2541 1980/1980 1918/1918
f 1918/1918 1980/1980 3343/3343
f 1918/1918 3343/3343 1382/1382
f 1980/1980 991/991 165/165
f 1980/1980 165/165 3343/3343
f 141/141 489/489 991/991
f 141/141 991/991 1980/1980
f 1164/1164 2845/2845 2201/2201
f 1164/1164 2201/2201 1247/1247
f 1247/1247 2201/2201 1608/1608
f 1247/1247 1608/1608 1009/1009
f 2201/2201 1345/1345 1663/1663
f 2201/2201 1663/1663 1608/1608
f 2845/2845 566/566 1345/1345
f 2845/2845 1345/1345 2201/2201
f 3482/3482 1936/1936 1880/1880
f 3482/3482 1880/1880 863/863
f 863/863 1880/1880 3662/3662
f 863/863 3662/3662 2219/2219
f 1880/1880 595/595 2827/2827
f 1880/1880 2827/2827 3662/3662
f 1936/1936 675/675 595/595
f 1936/1936 595/595 1880/1880
f 2922/2922 1662/1662 3947/3947
f 2922/2922 3947/3947 3123/3123
f 3123/3123 3947/3947 2420/2420
f 3123/3123 2420/2420 2885/2885
f 3947/3947 2785/2785 3154/3154
f 3947/3947 3154/3154 2420/2420
f 1662/1662 3483/3483 2785/2785
f 1662/1662 2785/2785 3947/3947
f 3813/3813 2425/2425 2927/2927
f 3813/3813 2927/2927 635/635
f 635/635 2927/2927 2935/2935
f 635/635 2935/2935 975/975
f 2927/2927 1247/1247 1009/1009
f 2927/2927 1009/1009 2935/2935
f 2425/2425 1164/1164 1247/1247
f 2425/2425 1247/1247 2927/2927
f 3483/3483 1146/1146 2581/2581
f 3483/3483 2581/2581 2785/2785
f 2785/2785 2581/2581 187/187
f 2785/2785 187/187 3154/3154
f 2581/2581 863/863 2219/2219
f 2581/2581 2219/2219 187/187
f 1146/1146 3482/3482 863/863
f 1146/1146 863/863 2581/2581
f 3362/3362 3389/3389 3753/3753
f 3362/3362 3753/3753 1641/1641
f 1641/1641 3753/3753 57/57
f 1641/1641 57/57 1113/1113
f 3753/3753 3771/3771 1273/1273
f 3753/3753 1273/1273 57/57
f 3389/3389 1283/1283 3771/3771
f 3389/3389 3771/3771 3753/3753
f 1284/1284 72/72 118/118
f 1284/1284 118/118 3772/3772
f 3772/3772 118/118 816/816
f 3772/3772 816/816 1274/1274
f 118/118 1011/1011 2875/2875
f 118/118 2875/2875 816/816
f 72/72 926/926 1011/1011
f 72/72 1011/1011 118/118
f 926/926 760/760 598/598
f 926/926 598/598 1011/1011
f 1011/1011 598/598 323/323
f 1011/1011 323/323 2875/2875
f 598/598 635/635 975/975
f 598/598 975/975 323/323
f 760/760 3813/3813 635/635
f 760/760 635/635 598/598
f 257/257 1811/1811 1507/1507
f 257/257 1507/1507 785/785
f 785/785 1507/1507 3289/3289
f 785/785 3289/3289 85/85
f 1507/1507 1641/1641 1113/1113
f 1507/1507 1113/1113 3289/3289
f 1811/1811 3362/3362 1641/1641
f 1811/1811 1641/1641 1507/1507
f 3438/3438 3269/3269 2898/2898
f 3438/3438 2898/2898 391/391
f 844/844 859/859 4040/4040
f 844/844 4040/4040 3325/3325
f 2010/2010 2284/2284 3138/3138
f 2010/2010 3138/3138 585/585
f 2849/2849 585/585 3138/3138
f 2849/2849 3138/3138 3351/3351
f 3092/3092 3351/3351 3138/3138
f 3092/3092 3138/3138 2284/2284
f 52/52 610/610 4104/4104
f 52/52 4104/4104 3557/3557
f 3556/3556 4105/4105 3718/3718
f 3556/3556 3718/3718 3097/3097
f 4105/4105 1727/1727 3921/3921
f 4105/4105 3921/3921 3718/3718
f 610/610 809/809 1729/1729
f 610/610 1729/1729 4104/4104
f 1356/1356 48/48 1654/1654
f 1356/1356 1654/1654 2713/2713
f 2849/2849 2713/2713 1654/1654
f 2849/2849 1654/1654 3184/3184
f 2795/2795 3184/3184 1654/1654
f 2795/2795 1654/1654 48/48
f 3092/3092 1819/1819 1165/1165
f 3092/3092 1165/1165 3351/3351
f 2849/2849 3351/3351 1165/1165
f 2849/2849 1165/1165 2472/2472
f 2277/2277 2472/2472 1165/1165
f 2277/2277 1165/1165 1819/1819
f 2012/2012 2689/2689 963/963
f 2012/2012 963/963 1674/1674
f 1673/1673 964/964 2611/2611
f 1673/1673 2611/2611 2649/2649
f 964/964 2062/2062 502/502
f 964/964 502/502 2611/2611
f 2689/2689 1425/1425 2061/2061
f 2689/2689 2061/2061 963/963
f 1115/1115 3991/3991 3118/3118
f 1115/1115 3118/3118 1769/1769
f 2849/2849 1769/1769 3118/3118
f 2849/2849 3118/3118 977/977
f 2379/2379 977/977 3118/3118
f 2379/2379 3118/3118 3991/3991
f 185/185 3698/3698 3231/3231
f 185/185 3231/3231 3523/3523
f 3522/3522 3232/3232 3887/3887
f 3522/3522 3887/3887 1524/1524
f 3232/3232 3856/3856 294/294
f 3232/3232 294/294 3887/3887
f 3698/3698 779/779 3857/3857
f 3698/3698 3857/3857 3231/3231
f 2277/2277 4001/4001 2107/2107
f 2277/2277 2107/2107 2472/2472
f 2849/2849 2472/2472 2107/2107
f 2849/2849 2107/2107 2713/2713
f 1356/1356 2713/2713 2107/2107
f 1356/1356 2107/2107 4001/4001
f 1425/1425 4124/4124 3485/3485
f 1425/1425 3485/3485 2061/2061
f 2062/2062 3486/3486 1374/1374
f 2062/2062 1374/1374 502/502
f 3486/3486 3556/3556 3097/3097
f 3486/3486 3097/3097 1374/1374
f 4124/4124 52/52 3557/3557
f 4124/4124 3557/3557 3485/3485
f 570/570 3789/3789 4073/4073
f 570/570 4073/4073 3447/3447
f 3448/3448 4072/4072 2104/2104
f 3448/3448 2104/2104 4038/4038
f 4072/4072 737/737 2042/2042
f 4072/4072 2042/2042 2104/2104
f 3789/3789 4143/4143 736/736
f 3789/3789 736/736 4073/4073
f 2795/2795 2619/2619 2102/2102
f 2795/2795 2102/2102 3184/3184
f 2849/2849 3184/3184 2102/2102
f 2849/2849 2102/2102 1769/1769
f 1115/1115 1769/1769 2102/2102
f 1115/1115 2102/2102 2619/2619
f 4143/4143 2503/2503 881/881
f 4143/4143 881/881 736/736
f 737/737 880/880 2915/2915
f 737/737 2915/2915 2042/2042
f 880/880 1673/1673 2649/2649
f 880/880 2649/2649 2915/2915
f 2503/2503 2012/2012 1674/1674
f 2503/2503 1674/1674 881/881
f 779/779 2650/2650 3929/3929
f 779/779 3929/3929 3857/3857
f 3856/3856 3928/3928 352/352
f 3856/3856 352/352 294/294
f 3928/3928 3448/3448 4038/4038
f 3928/3928 4038/4038 352/352
f 2650/2650 570/570 3447/3447
f 2650/2650 3447/3447 3929/3929
f 1115/1115 2619/2619 567/567
f 1115/1115 567/567 2816/2816
f 2816/2816 567/567 2611/2611
f 2816/2816 2611/2611 502/502
f 567/567 3030/3030 2649/2649
f 567/567 2649/2649 2611/2611
f 2619/2619 2795/2795 3030/3030
f 2619/2619 3030/3030 567/567
f 3097/3097 3718/3718 2669/2669
f 3097/3097 2669/2669 1355/1355
f 1355/1355 2669/2669 3555/3555
f 1355/1355 3555/3555 2379/2379
f 2669/2669 2894/2894 3005/3005
f 2669/2669 3005/3005 3555/3555
f 3718/3718 3921/3921 2894/2894
f 3718/3718 2894/2894 2669/2669
f 502/502 1374/1374 2957/2957
f 502/502 2957/2957 2816/2816
f 2816/2816 2957/2957 3991/3991
f 2816/2816 3991/3991 1115/1115
f 2957/2957 1355/1355 2379/2379
f 2957/2957 2379/2379 3991/3991
f 1374/1374 3097/3097 1355/1355
f 1374/1374 1355/1355 2957/2957
f 1356/1356 4001/4001 4140/4140
f 1356/1356 4140/4140 4081/4081
f 4081/4081 4140/4140 2104/2104
f 4081/4081 2104/2104 2042/2042
f 4140/4140 2694/2694 4038/4038
f 4140/4140 4038/4038 2104/2104
f 4001/4001 2277/2277 2694/2694
f 4001/4001 2694/2694 4140/4140
f 2795/2795 48/48 1428/1428
f 2795/2795 1428/1428 3030/3030
f 3030/3030 1428/1428 2915/2915
f 3030/3030 2915/2915 2649/2649
f 1428/1428 4081/4081 2042/2042
f 1428/1428 2042/2042 2915/2915
f 48/48 1356/1356 4081/4081
f 48/48 4081/4081 1428/1428
f 3092/3092 2284/2284 1768/1768
f 3092/3092 1768/1768 2363/2363
f 2363/2363 1768/1768 3887/3887
f 2363/2363 3887/3887 294/294
f 1768/1768 285/285 1524/1524
f 1768/1768 1524/1524 3887/3887
f 2284/2284 2010/2010 285/285
f 2284/2284 285/285 1768/1768
f 2277/2277 1819/1819 1500/1500
f 2277/2277 1500/1500 2694/2694
f 2694/2694 1500/1500 352/352
f 2694/2694 352/352 4038/4038
f 1500/1500 2363/2363 294/294
f 1500/1500 294/294 352/352
f 1819/1819 3092/3092 2363/2363
f 1819/1819 2363/2363 1500/1500
f 2379/2379 3555/3555 1152/1152
f 2379/2379 1152/1152 977/977
f 2849/2849 977/977 1152/1152
f 2849/2849 1152/1152 459/459
f 3005/3005 459/459 1152/1152
f 3005/3005 1152/1152 3555/3555
f 85/85 1592/1592 194/194
f 85/85 194/194 785/785
f 785/785 194/194 2661/2661
f 785/785 2661/2661 257/257
f 194/194 1918/1918 1382/1382
f 194/194 1382/1382 2661/2661
f 1592/1592 2541/2541 1918/1918
f 1592/1592 1918/1918 194/194
f 3453/3453 1598/1598 2563/2563
f 3453/3453 2563/2563 690/690
f 690/690 2563/2563 2212/2212
f 690/690 2212/2212 3371/3371
f 2563/2563 2051/2051 534/534
f 2563/2563 534/534 2212/2212
f 1598/1598 1953/1953 2051/2051
f 1598/1598 2051/2051 2563/2563
f 2431/2431 1502/1502 424/424
f 2431/2431 424/424 3069/3069
f 3069/3069 424/424 856/856
f 3069/3069 856/856 1841/1841
f 424/424 3382/3382 2388/2388
f 424/424 2388/2388 856/856
f 1502/1502 296/296 3382/3382
f 1502/1502 3382/3382 424/424
f 1212/1212 3889/3889 3801/3801
f 1212/1212 3801/3801 3678/3678
f 3678/3678 3801/3801 271/271
f 3678/3678 271/271 2342/2342
f 3800/3800 2279/2279 1485/1485
f 3800/3800 1485/1485 272/272
f 3888/3888 3356/3356 2279/2279
f 3888/3888 2279/2279 3800/3800
f 452/452 3648/3648 1100/1100
f 452/452 1100/1100 1110/1110
f 1110/1110 1100/1100 696/696
f 1110/1110 696/696 815/815
f 1100/1100 3069/3069 1841/1841
f 1100/1100 1841/1841 696/696
f 3648/3648 2431/2431 3069/3069
f 3648/3648 3069/3069 1100/1100
f 3683/3683 2830/2830 618/618
f 3683/3683 618/618 2364/2364
f 2364/2364 618/618 298/298
f 2364/2364 298/298 1579/1579
f 618/618 4057/4057 2454/2454
f 618/618 2454/2454 298/298
f 2830/2830 1498/1498 4057/4057
f 2830/2830 4057/4057 618/618
f 489/489 141/141 665/665
f 489/489 665/665 222/222
f 222/222 665/665 2974/2974
f 222/222 2974/2974 3663/3663
f 665/665 587/587 3371/3371
f 665/665 3371/3371 2974/2974
f 141/141 2541/2541 587/587
f 141/141 587/587 665/665
f 1953/1953 2494/2494 2680/2680
f 1953/1953 2680/2680 2051/2051
f 2051/2051 2680/2680 536/536
f 2051/2051 536/536 534/534
f 2680/2680 1110/1110 815/815
f 2680/2680 815/815 536/536
f 2494/2494 452/452 1110/1110
f 2494/2494 1110/1110 2680/2680
f 1164/1164 2425/2425 3368/3368
f 1164/1164 3368/3368 500/500
f 500/500 3368/3368 340/340
f 500/500 340/340 2682/2682
f 3368/3368 280/280 1003/1003
f 3368/3368 1003/1003 340/340
f 2425/2425 3813/3813 280/280
f 2425/2425 280/280 3368/3368
f 3154/3154 187/187 483/483
f 3154/3154 483/483 325/325
f 325/325 483/483 2158/2158
f 325/325 2158/2158 407/407
f 483/483 1206/1206 1465/1465
f 483/483 1465/1465 2158/2158
f 187/187 2219/2219 1206/1206
f 187/187 1206/1206 483/483
f 3635/3635 23/23 3811/3811
f 3635/3635 3811/3811 1626/1626
f 1626/1626 3811/3811 2962/2962
f 1626/1626 2962/2962 161/161
f 3810/3810 945/945 1074/1074
f 3810/3810 1074/1074 2961/2961
f 24/24 2885/2885 945/945
f 24/24 945/945 3810/3810
f 1283/1283 3389/3389 1939/1939
f 1283/1283 1939/1939 3786/3786
f 3786/3786 1939/1939 3750/3750
f 3786/3786 3750/3750 3504/3504
f 1939/1939 3932/3932 943/943
f 1939/1939 943/943 3750/3750
f 3389/3389 3362/3362 3932/3932
f 3389/3389 3932/3932 1939/1939
f 165/165 3031/3031 4113/4113
f 165/165 4113/4113 3780/3780
f 3780/3780 4113/4113 1319/1319
f 3780/3780 1319/1319 2210/2210
f 4113/4113 456/456 1180/1180
f 4113/4113 1180/1180 1319/1319
f 3031/3031 2949/2949 456/456
f 3031/3031 456/456 4113/4113
f 926/926 72/72 3379/3379
f 926/926 3379/3379 850/850
f 850/850 3379/3379 1405/1405
f 850/850 1405/1405 1378/1378
f 3379/3379 3787/3787 3505/3505
f 3379/3379 3505/3505 1405/1405
f 72/72 1284/1284 3787/3787
f 72/72 3787/3787 3379/3379
f 1382/1382 3343/3343 164/164
f 1382/1382 164/164 2300/2300
f 2300/2300 164/164 3730/3730
f 2300/2300 3730/3730 9/9
f 164/164 3780/3780 2210/2210
f 164/164 2210/2210 3730/3730
f 3343/3343 165/165 3780/3780
f 3343/3343 3780/3780 164/164
f 3813/3813 760/760 616/616
f 3813/3813 616/616 280/280
f 280/280 616/616 2868/2868
f 280/280 2868/2868 1003/1003
f 616/616 850/850 1378/1378
f 616/616 1378/1378 2868/2868
f 760/760 926/926 850/850
f 760/760 850/850 616/616
f 2454/2454 4057/4057 1952/1952
f 2454/2454 1952/1952 2462/2462
f 2462/2462 1952/1952 3910/3910
f 2462/2462 3910/3910 4098/4098
f 1952/1952 1456/1456 1777/1777
f 1952/1952 1777/1777 3910/3910
f 4057/4057 1498/1498 1456/1456
f 4057/4057 1456/1456 1952/1952
f 566/566 2845/2845 3158/3158
f 566/566 3158/3158 3091/3091
f 3091/3091 3158/3158 426/426
f 3091/3091 426/426 37/37
f 3158/3158 500/500 2682/2682
f 3158/3158 2682/2682 426/426
f 2845/2845 1164/1164 500/500
f 2845/2845 500/500 3158/3158
f 3362/3362 1811/1811 905/905
f 3362/3362 905/905 3932/3932
f 3932/3932 905/905 1293/1293
f 3932/3932 1293/1293 943/943
f 905/905 1134/1134 2169/2169
f 905/905 2169/2169 1293/1293
f 1811/1811 257/257 1134/1134
f 1811/1811 1134/1134 905/905
f 2219/2219 3662/3662 2043/2043
f 2219/2219 2043/2043 1206/1206
f 1206/1206 2043/2043 1942/1942
f 1206/1206 1942/1942 1465/1465
f 2043/2043 3255/3255 937/937
f 2043/2043 937/937 1942/1942
f 3662/3662 2827/2827 3255/3255
f 3662/3662 3255/3255 2043/2043
f 2885/2885 2420/2420 4139/4139
f 2885/2885 4139/4139 945/945
f 945/945 4139/4139 1158/1158
f 945/945 1158/1158 1074/1074
f 4139/4139 325/325 407/407
f 4139/4139 407/407 1158/1158
f 2420/2420 3154/3154 325/325
f 2420/2420 325/325 4139/4139
f 161/161 2962/2962 2930/2930
f 161/161 2930/2930 308/308
f 308/308 2930/2930 15/15
f 308/308 15/15 2204/2204
f 2929/2929 3274/3274 520/520
f 2929/2929 520/520 14/14
f 2961/2961 1074/1074 3274/3274
f 2961/2961 3274/3274 2929/2929
f 2204/2204 15/15 3609/3609
f 2204/2204 3609/3609 864/864
f 864/864 3609/3609 3446/3446
f 864/864 3446/3446 922/922
f 3608/3608 3334/3334 648/648
f 3608/3608 648/648 3445/3445
f 14/14 520/520 3334/3334
f 14/14 3334/3334 3608/3608
f 922/922 3446/3446 3435/3435
f 922/922 3435/3435 3686/3686
f 3686/3686 3435/3435 3285/3285
f 3686/3686 3285/3285 2026/2026
f 3434/3434 496/496 2688/2688
f 3434/3434 2688/2688 3284/3284
f 3445/3445 648/648 496/496
f 3445/3445 496/496 3434/3434
f 2210/2210 1319/1319 2160/2160
f 2210/2210 2160/2160 3815/3815
f 3815/3815 2160/2160 2221/2221
f 3815/3815 2221/2221 2877/2877
f 2160/2160 107/107 3242/3242
f 2160/2160 3242/3242 2221/2221
f 1319/1319 1180/1180 107/107
f 1319/1319 107/107 2160/2160
f 2877/2877 2221/2221 1194/1194
f 2877/2877 1194/1194 182/182
f 182/182 1194/1194 2663/2663
f 182/182 2663/2663 847/847
f 1194/1194 3610/3610 3855/3855
f 1194/1194 3855/3855 2663/2663
f 2221/2221 3242/3242 3610/3610
f 2221/2221 3610/3610 1194/1194
f 847/847 2663/2663 2123/2123
f 847/847 2123/2123 3739/3739
f 3739/3739 2123/2123 4045/4045
f 3739/3739 4045/4045 1704/1704
f 2123/2123 2746/2746 1541/1541
f 2123/2123 1541/1541 4045/4045
f 2663/2663 3855/3855 2746/2746
f 2663/2663 2746/2746 2123/2123
f 9/9 3730/3730 3312/3312
f 9/9 3312/3312 2522/2522
f 2522/2522 3312/3312 1196/1196
f 2522/2522 1196/1196 2524/2524
f 3312/3312 3815/3815 2877/2877
f 3312/3312 2877/2877 1196/1196
f 3730/3730 2210/2210 3815/3815
f 3730/3730 3815/3815 3312/3312
f 2524/2524 1196/1196 746/746
f 2524/2524 746/746 11/11
f 11/11 746/746 314/314
f 11/11 314/314 6/6
f 746/746 182/182 847/847
f 746/746 847/847 314/314
f 1196/1196 2877/2877 182/182
f 1196/1196 182/182 746/746
f 6/6 314/314 1252/1252
f 6/6 1252/1252 3973/3973
f 3973/3973 1252/1252 3653/3653
f 3973/3973 3653/3653 461/461
f 1252/1252 3739/3739 1704/1704
f 1252/1252 1704/1704 3653/3653
f 314/314 847/847 3739/3739
f 314/314 3739/3739 1252/1252
f 1686/1686 1357/1357 2800/2800
f 1686/1686 2800/2800 626/626
f 626/626 2800/2800 3562/3562
f 626/626 3562/3562 2005/2005
f 2800/2800 1664/1664 3355/3355
f 2800/2800 3355/3355 3562/3562
f 1357/1357 2798/2798 1664/1664
f 1357/1357 1664/1664 2800/2800
f 2005/2005 3562/3562 1928/1928
f 2005/2005 1928/1928 1177/1177
f 1177/1177 1928/1928 2993/2993
f 1177/1177 2993/2993 2938/2938
f 1928/1928 3404/3404 1148/1148
f 1928/1928 1148/1148 2993/2993
f 3562/3562 3355/3355 3404/3404
f 3562/3562 3404/3404 1928/1928
f 2938/2938 2993/2993 3099/3099
f 2938/2938 3099/3099 2779/2779
f 2779/2779 3099/3099 426/426
f 2779/2779 426/426 2682/2682
f 3099/3099 387/387 37/37
f 3099/3099 37/37 426/426
f 2993/2993 1148/1148 387/387
f 2993/2993 387/387 3099/3099
f 1465/1465 1942/1942 30/30
f 1465/1465 30/30 4136/4136
f 4136/4136 30/30 895/895
f 4136/4136 895/895 811/811
f 30/30 3699/3699 1261/1261
f 30/30 1261/1261 895/895
f 1942/1942 937/937 3699/3699
f 1942/1942 3699/3699 30/30
f 811/811 895/895 1950/1950
f 811/811 1950/1950 126/126
f 126/126 1950/1950 3583/3583
f 126/126 3583/3583 715/715
f 1950/1950 2345/2345 3956/3956
f 1950/1950 3956/3956 3583/3583
f 895/895 1261/1261 2345/2345
f 895/895 2345/2345 1950/1950
f 715/715 3583/3583 994/994
f 715/715 994/994 2307/2307
f 2307/2307 994/994 3008/3008
f 2307/2307 3008/3008 2709/2709
f 994/994 3014/3014 3422/3422
f 994/994 3422/3422 3008/3008
f 3583/3583 3956/3956 3014/3014
f 3583/3583 3014/3014 994/994
f 1074/1074 1158/1158 3089/3089
f 1074/1074 3089/3089 3274/3274
f 3274/3274 3089/3089 45/45
f 3274/3274 45/45 520/520
f 3089/3089 3437/3437 928/928
f 3089/3089 928/928 45/45
f 1158/1158 407/407 3437/3437
f 1158/1158 3437/3437 3089/3089
f 520/520 45/45 2252/2252
f 520/520 2252/2252 3334/3334
f 3334/3334 2252/2252 1395/1395
f 3334/3334 1395/1395 648/648
f 2252/2252 1929/1929 1280/1280
f 2252/2252 1280/1280 1395/1395
f 45/45 928/928 1929/1929
f 45/45 1929/1929 2252/2252
f 648/648 1395/1395 347/347
f 648/648 347/347 496/496
f 496/496 347/347 3246/3246
f 496/496 3246/3246 2688/2688
f 347/347 1085/1085 3117/3117
f 347/347 3117/3117 3246/3246
f 1395/1395 1280/1280 1085/1085
f 1395/1395 1085/1085 347/347
f 2065/2065 4030/4030 2703/2703
f 2065/2065 2703/2703 2401/2401
f 2401/2401 2703/2703 4023/4023
f 2401/2401 4023/4023 252/252
f 2703/2703 626/626 2005/2005
f 2703/2703 2005/2005 4023/4023
f 4030/4030 1686/1686 626/626
f 4030/4030 626/626 2703/2703
f 252/252 4023/4023 2014/2014
f 252/252 2014/2014 2189/2189
f 2189/2189 2014/2014 2678/2678
f 2189/2189 2678/2678 2651/2651
f 2014/2014 1177/1177 2938/2938
f 2014/2014 2938/2938 2678/2678
f 4023/4023 2005/2005 1177/1177
f 4023/4023 1177/1177 2014/2014
f 2651/2651 2678/2678 2128/2128
f 2651/2651 2128/2128 2693/2693
f 2693/2693 2128/2128 340/340
f 2693/2693 340/340 1003/1003
f 2128/2128 2779/2779 2682/2682
f 2128/2128 2682/2682 340/340
f 2678/2678 2938/2938 2779/2779
f 2678/2678 2779/2779 2128/2128
f 407/407 2158/2158 124/124
f 407/407 124/124 3437/3437
f 3437/3437 124/124 3054/3054
f 3437/3437 3054/3054 928/928
f 124/124 4136/4136 811/811
f 124/124 811/811 3054/3054
f 2158/2158 1465/1465 4136/4136
f 2158/2158 4136/4136 124/124
f 928/928 3054/3054 3860/3860
f 928/928 3860/3860 1929/1929
f 1929/1929 3860/3860 151/151
f 1929/1929 151/151 1280/1280
f 3860/3860 126/126 715/715
f 3860/3860 715/715 151/151
f 3054/3054 811/811 126/126
f 3054/3054 126/126 3860/3860
f 1280/1280 151/151 2422/2422
f 1280/1280 2422/2422 1085/1085
f 1085/1085 2422/2422 313/313
f 1085/1085 313/313 3117/3117
f 2422/2422 2307/2307 2709/2709
f 2422/2422 2709/2709 313/313
f 151/151 715/715 2307/2307
f 151/151 2307/2307 2422/2422
f 3649/3649 1340/1340 3405/3405
f 3649/3649 3405/3405 2338/2338
f 2338/2338 3405/3405 3795/3795
f 2338/2338 3795/3795 2729/2729
f 3405/3405 3498/3498 1996/1996
f 3405/3405 1996/1996 3795/3795
f 1340/1340 3294/3294 3498/3498
f 1340/1340 3498/3498 3405/3405
f 2729/2729 3795/3795 2985/2985
f 2729/2729 2985/2985 988/988
f 988/988 2985/2985 1549/1549
f 988/988 1549/1549 1030/1030
f 2985/2985 2791/2791 717/717
f 2985/2985 717/717 1549/1549
f 3795/3795 1996/1996 2791/2791
f 3795/3795 2791/2791 2985/2985
f 1030/1030 1549/1549 3765/3765
f 1030/1030 3765/3765 1830/1830
f 1830/1830 3765/3765 3750/3750
f 1830/1830 3750/3750 943/943
f 3765/3765 3051/3051 3504/3504
f 3765/3765 3504/3504 3750/3750
f 1549/1549 717/717 3051/3051
f 1549/1549 3051/3051 3765/3765
f 3293/3293 1041/1041 3627/3627
f 3293/3293 3627/3627 3499/3499
f 3499/3499 3627/3627 2863/2863
f 3499/3499 2863/2863 1997/1997
f 3627/3627 692/692 1369/1369
f 3627/3627 1369/1369 2863/2863
f 1041/1041 2509/2509 692/692
f 1041/1041 692/692 3627/3627
f 1997/1997 2863/2863 1087/1087
f 1997/1997 1087/1087 2792/2792
f 2792/2792 1087/1087 2511/2511
f 2792/2792 2511/2511 718/718
f 1087/1087 2900/2900 2615/2615
f 1087/1087 2615/2615 2511/2511
f 2863/2863 1369/1369 2900/2900
f 2863/2863 2900/2900 1087/1087
f 718/718 2511/2511 3440/3440
f 718/718 3440/3440 3052/3052
f 3052/3052 3440/3440 1405/1405
f 3052/3052 1405/1405 3505/3505
f 3440/3440 292/292 1378/1378
f 3440/3440 1378/1378 1405/1405
f 2511/2511 2615/2615 292/292
f 2511/2511 292/292 3440/3440
f 2509/2509 669/669 1853/1853
f 2509/2509 1853/1853 692/692
f 692/692 1853/1853 1453/1453
f 692/692 1453/1453 1369/1369
f 1853/1853 2401/2401 252/252
f 1853/1853 252/252 1453/1453
f 669/669 2065/2065 2401/2401
f 669/669 2401/2401 1853/1853
f 1369/1369 1453/1453 2840/2840
f 1369/1369 2840/2840 2900/2900
f 2900/2900 2840/2840 3308/3308
f 2900/2900 3308/3308 2615/2615
f 2840/2840 2189/2189 2651/2651
f 2840/2840 2651/2651 3308/3308
f 1453/1453 252/252 2189/2189
f 1453/1453 2189/2189 2840/2840
f 2615/2615 3308/3308 1625/1625
f 2615/2615 1625/1625 292/292
f 292/292 1625/1625 2868/2868
f 292/292 2868/2868 1378/1378
f 1625/1625 2693/2693 1003/1003
f 1625/1625 1003/1003 2868/2868
f 3308/3308 2651/2651 2693/2693
f 3308/3308 2693/2693 1625/1625
f 53/53 2249/2249 3410/3410
f 53/53 3410/3410 734/734
f 734/734 3410/3410 1027/1027
f 734/734 1027/1027 2893/2893
f 3410/3410 2338/2338 2729/2729
f 3410/3410 2729/2729 1027/1027
f 2249/2249 3649/3649 2338/2338
f 2249/2249 2338/2338 3410/3410
f 2893/2893 1027/1027 3113/3113
f 2893/2893 3113/3113 870/870
f 870/870 3113/3113 275/275
f 870/870 275/275 1341/1341
f 3113/3113 988/988 1030/1030
f 3113/3113 1030/1030 275/275
f 1027/1027 2729/2729 988/988
f 1027/1027 988/988 3113/3113
f 1341/1341 275/275 316/316
f 1341/1341 316/316 468/468
f 468/468 316/316 1293/1293
f 468/468 1293/1293 2169/2169
f 316/316 1830/1830 943/943
f 316/316 943/943 1293/1293
f 275/275 1030/1030 1830/1830
f 275/275 1830/1830 316/316
f 2169/2169 1128/1128 818/818
f 2169/2169 818/818 468/468
f 468/468 818/818 2906/2906
f 468/468 2906/2906 1341/1341
f 818/818 2522/2522 2524/2524
f 818/818 2524/2524 2906/2906
f 1128/1128 9/9 2522/2522
f 1128/1128 2522/2522 818/818
f 1341/1341 2906/2906 1688/1688
f 1341/1341 1688/1688 870/870
f 870/870 1688/1688 2162/2162
f 870/870 2162/2162 2893/2893
f 1688/1688 11/11 6/6
f 1688/1688 6/6 2162/2162
f 2906/2906 2524/2524 11/11
f 2906/2906 11/11 1688/1688
f 2893/2893 2162/2162 2639/2639
f 2893/2893 2639/2639 734/734
f 734/734 2639/2639 4086/4086
f 734/734 4086/4086 53/53
f 2639/2639 3973/3973 461/461
f 2639/2639 461/461 4086/4086
f 2162/2162 6/6 3973/3973
f 2162/2162 3973/3973 2639/2639
f 2336/2336 1587/1587 3987/3987
f 2336/2336 3987/3987 919/919
f 919/919 3987/3987 1256/1256
f 919/919 1256/1256 3521/3521
f 3987/3987 2882/2882 965/965
f 3987/3987 965/965 1256/1256
f 1587/1587 1546/1546 2882/2882
f 1587/1587 2882/2882 3987/3987
f 859/859 514/514 291/291
f 859/859 291/291 4040/4040
f 1497/1497 3227/3227 1698/1698
f 1497/1497 1698/1698 1762/1762
f 3227/3227 844/844 3325/3325
f 3227/3227 3325/3325 1698/1698
f 4099/4099 3074/3074 2659/2659
f 4099/4099 2659/2659 3751/3751
f 3074/3074 1497/1497 1762/1762
f 3074/3074 1762/1762 2659/2659
f 291/291 514/514 3659/3659
f 291/291 3659/3659 2440/2440
f 3659/3659 2861/2861 2376/2376
f 3659/3659 2376/2376 2440/2440
f 2376/2376 2861/2861 1896/1896
f 2376/2376 1896/1896 2144/2144
f 1896/1896 1234/1234 1295/1295
f 1896/1896 1295/1295 2144/2144
f 1295/1295 1234/1234 2643/2643
f 1295/1295 2643/2643 28/28
f 2643/2643 2382/2382 2614/2614
f 2643/2643 2614/2614 28/28
f 2614/2614 2382/2382 3346/3346
f 2614/2614 3346/3346 2722/2722
f 3346/3346 628/628 2506/2506
f 3346/3346 2506/2506 2722/2722
f 2898/2898 3269/3269 176/176
f 2898/2898 176/176 4055/4055
f 3284/3284 2688/2688 173/173
f 3284/3284 173/173 1636/1636
f 1686/1686 4030/4030 355/355
f 1686/1686 355/355 3790/3790
f 4030/4030 2065/2065 955/955
f 4030/4030 955/955 355/355
f 53/53 4086/4086 1287/1287
f 53/53 1287/1287 329/329
f 4086/4086 461/461 2187/2187
f 4086/4086 2187/2187 1287/1287
f 173/173 2688/2688 3246/3246
f 173/173 3246/3246 3989/3989
f 3246/3246 3117/3117 1285/1285
f 3246/3246 1285/1285 3989/3989
f 2187/2187 461/461 3653/3653
f 2187/2187 3653/3653 3225/3225
f 3653/3653 1704/1704 1719/1719
f 3653/3653 1719/1719 3225/3225
f 2709/2709 3008/3008 1193/1193
f 2709/2709 1193/1193 2559/2559
f 3008/3008 3422/3422 3211/3211
f 3008/3008 3211/3211 1193/1193
f 955/955 2065/2065 669/669
f 955/955 669/669 2736/2736
f 669/669 2509/2509 1105/1105
f 669/669 1105/1105 2736/2736
f 1285/1285 3117/3117 313/313
f 1285/1285 313/313 2635/2635
f 313/313 2709/2709 2559/2559
f 313/313 2559/2559 2635/2635
f 2798/2798 1357/1357 3512/3512
f 2798/2798 3512/3512 4011/4011
f 1357/1357 1686/1686 3790/3790
f 1357/1357 3790/3790 3512/3512
f 1719/1719 1704/1704 4045/4045
f 1719/1719 4045/4045 131/131
f 4045/4045 1541/1541 1064/1064
f 4045/4045 1064/1064 131/131
f 3294/3294 1340/1340 1417/1417
f 3294/3294 1417/1417 88/88
f 1340/1340 3649/3649 2774/2774
f 1340/1340 2774/2774 1417/1417
f 1105/1105 2509/2509 1041/1041
f 1105/1105 1041/1041 1306/1306
f 1041/1041 3293/3293 87/87
f 1041/1041 87/87 1306/1306
f 2774/2774 3649/3649 2249/2249
f 2774/2774 2249/2249 2340/2340
f 2249/2249 53/53 329/329
f 2249/2249 329/329 2340/2340
f 1064/1064 1541/1541 1263/1263
f 1064/1064 1263/1263 2305/2305
f 2415/2415 1331/1331 2317/2317
f 2415/2415 2317/2317 2429/2429
f 2429/2429 2317/2317 2888/2888
f 2429/2429 2888/2888 448/448
f 2317/2317 3602/3602 1760/1760
f 2317/2317 1760/1760 2888/2888
f 1331/1331 1485/1485 3602/3602
f 1331/1331 3602/3602 2317/2317
f 176/176 410/410 3013/3013
f 176/176 3013/3013 4055/4055
f 3013/3013 410/410 386/386
f 3013/3013 386/386 1083/1083
f 386/386 1656/1656 1525/1525
f 386/386 1525/1525 1083/1083
f 1525/1525 1656/1656 2271/2271
f 1525/1525 2271/2271 3853/3853
f 2271/2271 1006/1006 1559/1559
f 2271/2271 1559/1559 3853/3853
f 1559/1559 1006/1006 519/519
f 1559/1559 519/519 1123/1123
f 519/519 528/528 1130/1130
f 519/519 1130/1130 1123/1123
f 3983/3983 2600/2600 286/286
f 3983/3983 286/286 3980/3980
f 2898/2898 4055/4055 959/959
f 2898/2898 959/959 77/77
f 78/78 960/960 1408/1408
f 78/78 1408/1408 448/448
f 960/960 2225/2225 965/965
f 960/960 965/965 1408/1408
f 4055/4055 3013/3013 2226/2226
f 4055/4055 2226/2226 959/959
f 2506/2506 391/391 771/771
f 2506/2506 771/771 2835/2835
f 2836/2836 770/770 2888/2888
f 2836/2836 2888/2888 1760/1760
f 770/770 78/78 448/448
f 770/770 448/448 2888/2888
f 391/391 2898/2898 77/77
f 391/391 77/77 771/771
f 3683/3683 2948/2948 4027/4027
f 3683/3683 4027/4027 1532/1532
f 1531/1531 4028/4028 2659/2659
f 1531/1531 2659/2659 1762/1762
f 4028/4028 957/957 3751/3751
f 4028/4028 3751/3751 2659/2659
f 2948/2948 2658/2658 958/958
f 2948/2948 958/958 4027/4027
f 1559/1559 1123/1123 907/907
f 1559/1559 907/907 1171/1171
f 1172/1172 908/908 3904/3904
f 1172/1172 3904/3904 2646/2646
f 908/908 1784/1784 3027/3027
f 908/908 3027/3027 3904/3904
f 1123/1123 1130/1130 1783/1783
f 1123/1123 1783/1783 907/907
f 3013/3013 1083/1083 2070/2070
f 3013/3013 2070/2070 2226/2226
f 2225/2225 2069/2069 1256/1256
f 2225/2225 1256/1256 965/965
f 2069/2069 1317/1317 3521/3521
f 2069/2069 3521/3521 1256/1256
f 1083/1083 1525/1525 1318/1318
f 1083/1083 1318/1318 2070/2070
f 1498/1498 2830/2830 1416/1416
f 1498/1498 1416/1416 2141/2141
f 2140/2140 1415/1415 1698/1698
f 2140/2140 1698/1698 3325/3325
f 1415/1415 1531/1531 1762/1762
f 1415/1415 1762/1762 1698/1698
f 2830/2830 3683/3683 1532/1532
f 2830/2830 1532/1532 1416/1416
f 1525/1525 3853/3853 3942/3942
f 1525/1525 3942/3942 1318/1318
f 1317/1317 3941/3941 773/773
f 1317/1317 773/773 3521/3521
f 3941/3941 1172/1172 2646/2646
f 3941/3941 2646/2646 773/773
f 3853/3853 1559/1559 1171/1171
f 3853/3853 1171/1171 3942/3942
f 4120/4120 688/688 1401/1401
f 4120/4120 1401/1401 712/712
f 711/711 1402/1402 2144/2144
f 711/711 2144/2144 1295/1295
f 1402/1402 2826/2826 2376/2376
f 1402/1402 2376/2376 2144/2144
f 688/688 1854/1854 2825/2825
f 688/688 2825/2825 1401/1401
f 1854/1854 4133/4133 1348/1348
f 1854/1854 1348/1348 2825/2825
f 2826/2826 1349/1349 2440/2440
f 2826/2826 2440/2440 2376/2376
f 1349/1349 1959/1959 291/291
f 1349/1349 291/291 2440/2440
f 4133/4133 1777/1777 1958/1958
f 4133/4133 1958/1958 1348/1348
f 1777/1777 1456/1456 1070/1070
f 1777/1777 1070/1070 1958/1958
f 1959/1959 1071/1071 4040/4040
f 1959/1959 4040/4040 291/291
f 1071/1071 2140/2140 3325/3325
f 1071/1071 3325/3325 4040/4040
f 1456/1456 1498/1498 2141/2141
f 1456/1456 2141/2141 1070/1070
f 3000/3000 1528/1528 630/630
f 3000/3000 630/630 2656/2656
f 2655/2655 629/629 28/28
f 2655/2655 28/28 2614/2614
f 629/629 711/711 1295/1295
f 629/629 1295/1295 28/28
f 1528/1528 4120/4120 712/712
f 1528/1528 712/712 630/630
f 2614/2614 2722/2722 582/582
f 2614/2614 582/582 2655/2655
f 2656/2656 581/581 320/320
f 2656/2656 320/320 3000/3000
f 581/581 2836/2836 1760/1760
f 581/581 1760/1760 320/320
f 2722/2722 2506/2506 2835/2835
f 2722/2722 2835/2835 582/582
f 1546/1546 763/763 812/812
f 1546/1546 812/812 2882/2882
f 2882/2882 812/812 1408/1408
f 2882/2882 1408/1408 965/965
f 812/812 2429/2429 448/448
f 812/812 448/448 1408/1408
f 763/763 2415/2415 2429/2429
f 763/763 2429/2429 812/812
f 1263/1263 2026/2026 1335/1335
f 1263/1263 1335/1335 2305/2305
f 3439/3439 627/627 2507/2507
f 3439/3439 2507/2507 390/390
f 3855/3855 1098/1098 3316/3316
f 3855/3855 3316/3316 2746/2746
f 2746/2746 3316/3316 1263/1263
f 2746/2746 1263/1263 1541/1541
f 3316/3316 3686/3686 2026/2026
f 3316/3316 2026/2026 1263/1263
f 1098/1098 922/922 3686/3686
f 1098/1098 3686/3686 3316/3316
f 3242/3242 3895/3895 860/860
f 3242/3242 860/860 3610/3610
f 3610/3610 860/860 1098/1098
f 3610/3610 1098/1098 3855/3855
f 860/860 864/864 922/922
f 860/860 922/922 1098/1098
f 3895/3895 2204/2204 864/864
f 3895/3895 864/864 860/860
f 1180/1180 1142/1142 3763/3763
f 1180/1180 3763/3763 107/107
f 107/107 3763/3763 3895/3895
f 107/107 3895/3895 3242/3242
f 3763/3763 308/308 2204/2204
f 3763/3763 2204/2204 3895/3895
f 1142/1142 161/161 308/308
f 1142/1142 308/308 3763/3763
f 2949/2949 343/343 3902/3902
f 2949/2949 3902/3902 456/456
f 456/456 3902/3902 1142/1142
f 456/456 1142/1142 1180/1180
f 3902/3902 1626/1626 161/161
f 3902/3902 161/161 1142/1142
f 343/343 3635/3635 1626/1626
f 343/343 1626/1626 3902/3902
f 296/296 55/55 2820/2820
f 296/296 2820/2820 3382/3382
f 3382/3382 2820/2820 3489/3489
f 3382/3382 3489/3489 2388/2388
f 2820/2820 3678/3678 2342/2342
f 2820/2820 2342/2342 3489/3489
f 55/55 1212/1212 3678/3678
f 55/55 3678/3678 2820/2820
f 493/493 2273/2273 1473/1473
f 493/493 1473/1473 968/968
f 968/968 1473/1473 343/343
f 968/968 343/343 2949/2949
f 1473/1473 3676/3676 3635/3635
f 1473/1473 3635/3635 343/343
f 2273/2273 563/563 3676/3676
f 2273/2273 3676/3676 1473/1473
f 2922/2922 1743/1743 4109/4109
f 2922/2922 4109/4109 2763/2763
f 2763/2763 4109/4109 2734/2734
f 2763/2763 2734/2734 3966/3966
f 4110/4110 3839/3839 1675/1675
f 4110/4110 1675/1675 2733/2733
f 1742/1742 563/563 3839/3839
f 1742/1742 3839/3839 4110/4110
f 3416/3416 1808/1808 4070/4070
f 3416/3416 4070/4070 1423/1423
f 1423/1423 4070/4070 3737/3737
f 1423/1423 3737/3737 1073/1073
f 4070/4070 2348/2348 2841/2841
f 4070/4070 2841/2841 3737/3737
f 1808/1808 875/875 2348/2348
f 1808/1808 2348/2348 4070/4070
f 3264/3264 726/726 1191/1191
f 3264/3264 1191/1191 368/368
f 368/368 1191/1191 215/215
f 368/368 215/215 3917/3917
f 1190/1190 334/334 2459/2459
f 1190/1190 2459/2459 216/216
f 725/725 4010/4010 334/334
f 725/725 334/334 1190/1190
f 2502/2502 345/345 1511/1511
f 2502/2502 1511/1511 159/159
f 159/159 1511/1511 306/306
f 159/159 306/306 245/245
f 1511/1511 1946/1946 2984/2984
f 1511/1511 2984/2984 306/306
f 345/345 477/477 1946/1946
f 345/345 1946/1946 1511/1511
f 351/351 1814/1814 2266/2266
f 351/351 2266/2266 3333/3333
f 3332/3332 2265/2265 239/239
f 3332/3332 239/239 1260/1260
f 2265/2265 2391/2391 3186/3186
f 2265/2265 3186/3186 239/239
f 1814/1814 3083/3083 2392/2392
f 1814/1814 2392/2392 2266/2266
f 572/572 513/513 3395/3395
f 572/572 3395/3395 3317/3317
f 3317/3317 3395/3395 435/435
f 3317/3317 435/435 3297/3297
f 3395/3395 2504/2504 1988/1988
f 3395/3395 1988/1988 435/435
f 513/513 32/32 2504/2504
f 513/513 2504/2504 3395/3395
f 463/463 3475/3475 2813/2813
f 463/463 2813/2813 1007/1007
f 1007/1007 2813/2813 1394/1394
f 1007/1007 1394/1394 2556/2556
f 2812/2812 2515/2515 1987/1987
f 2812/2812 1987/1987 1391/1391
f 3474/3474 2954/2954 2515/2515
f 3474/3474 2515/2515 2812/2812
f 2194/2194 1186/1186 2708/2708
f 2194/2194 2708/2708 3458/3458
f 3458/3458 2708/2708 799/799
f 3458/3458 799/799 4098/4098
f 2707/2707 1875/1875 2952/2952
f 2707/2707 2952/2952 798/798
f 1185/1185 3958/3958 1875/1875
f 1185/1185 1875/1875 2707/2707
f 3139/3139 4003/4003 97/97
f 3139/3139 97/97 1907/1907
f 1907/1907 97/97 1186/1186
f 1907/1907 1186/1186 2194/2194
f 98/98 1291/1291 3957/3957
f 98/98 3957/3957 1187/1187
f 4002/4002 1/1 1291/1291
f 4002/4002 1291/1291 98/98
f 1579/1579 482/482 3259/3259
f 1579/1579 3259/3259 750/750
f 750/750 3259/3259 1857/1857
f 750/750 1857/1857 1373/1373
f 3258/3258 854/854 1778/1778
f 3258/3258 1778/1778 1856/1856
f 481/481 2606/2606 854/854
f 481/481 854/854 3258/3258
f 2172/2172 201/201 2691/2691
f 2172/2172 2691/2691 3214/3214
f 3214/3214 2691/2691 2959/2959
f 3214/3214 2959/2959 1843/1843
f 2691/2691 4116/4116 3955/3955
f 2691/2691 3955/3955 2959/2959
f 201/201 3711/3711 4116/4116
f 201/201 4116/4116 2691/2691
f 3130/3130 4118/4118 2456/2456
f 3130/3130 2456/2456 2631/2631
f 2631/2631 2456/2456 3630/3630
f 2631/2631 3630/3630 1917/1917
f 2456/2456 3561/3561 2405/2405
f 2456/2456 2405/2405 3630/3630
f 4118/4118 3768/3768 3561/3561
f 4118/4118 3561/3561 2456/2456
f 2454/2454 1033/1033 2136/2136
f 2454/2454 2136/2136 298/298
f 298/298 2136/2136 482/482
f 298/298 482/482 1579/1579
f 2135/2135 3835/3835 2606/2606
f 2135/2135 2606/2606 481/481
f 1032/1032 3746/3746 3835/3835
f 1032/1032 3835/3835 2135/2135
f 3083/3083 2605/2605 2467/2467
f 3083/3083 2467/2467 2392/2392
f 2391/2391 2466/2466 3680/3680
f 2391/2391 3680/3680 3186/3186
f 2466/2466 2609/2609 574/574
f 2466/2466 574/574 3680/3680
f 2605/2605 597/597 2610/2610
f 2605/2605 2610/2610 2467/2467
f 3917/3917 215/215 1439/1439
f 3917/3917 1439/1439 2090/2090
f 2090/2090 1439/1439 3475/3475
f 2090/2090 3475/3475 463/463
f 1438/1438 2118/2118 2953/2953
f 1438/1438 2953/2953 3473/3473
f 217/217 2460/2460 2118/2118
f 217/217 2118/2118 1438/1438
f 1073/1073 3738/3738 776/776
f 1073/1073 776/776 3977/3977
f 3977/3977 776/776 512/512
f 3977/3977 512/512 572/572
f 776/776 2711/2711 31/31
f 776/776 31/31 512/512
f 3738/3738 2842/2842 2711/2711
f 3738/3738 2711/2711 776/776
f 1111/1111 694/694 1567/1567
f 1111/1111 1567/1567 2055/2055
f 2055/2055 1567/1567 588/588
f 2055/2055 588/588 1675/1675
f 1567/1567 318/318 2519/2519
f 1567/1567 2519/2519 588/588
f 694/694 3149/3149 318/318
f 694/694 318/318 1567/1567
f 1574/1574 3108/3108 2439/2439
f 1574/1574 2439/2439 3171/3171
f 3170/3170 2438/2438 683/683
f 3170/3170 683/683 2418/2418
f 2438/2438 3332/3332 1260/1260
f 2438/2438 1260/1260 683/683
f 3108/3108 351/351 3333/3333
f 3108/3108 3333/3333 2439/2439
f 597/597 916/916 901/901
f 597/597 901/901 2610/2610
f 2609/2609 902/902 3223/3223
f 2609/2609 3223/3223 574/574
f 902/902 1803/1803 1660/1660
f 902/902 1660/1660 3223/3223
f 916/916 1121/1121 1804/1804
f 916/916 1804/1804 901/901
f 1121/1121 3781/3781 3160/3160
f 1121/1121 3160/3160 1804/1804
f 1803/1803 3159/3159 2007/2007
f 1803/1803 2007/2007 1660/1660
f 3159/3159 1870/1870 3003/3003
f 3159/3159 3003/3003 2007/2007
f 3781/3781 2591/2591 1869/1869
f 3781/3781 1869/1869 3160/3160
f 1816/1816 2116/2116 739/739
f 1816/1816 739/739 1859/1859
f 1859/1859 739/739 55/55
f 1859/1859 55/55 296/296
f 739/739 1923/1923 1212/1212
f 739/739 1212/1212 55/55
f 2116/2116 1/1 1923/1923
f 2116/2116 1923/1923 739/739
f 2269/2269 2019/2019 1695/1695
f 2269/2269 1695/1695 1149/1149
f 1149/1149 1695/1695 726/726
f 1149/1149 726/726 3264/3264
f 1697/1697 1167/1167 4009/4009
f 1697/1697 4009/4009 724/724
f 2021/2021 3624/3624 1166/1166
f 2021/2021 1166/1166 1696/1696
f 401/401 3126/3126 2036/2036
f 401/401 2036/2036 2988/2988
f 2988/2988 2037/2037 1807/1807
f 2988/2988 1807/1807 3416/3416
f 2037/2037 2532/2532 874/874
f 2037/2037 874/874 1807/1807
f 3126/3126 3004/3004 2531/2531
f 3126/3126 2531/2531 2036/2036
f 3252/3252 284/284 547/547
f 3252/3252 547/547 1422/1422
f 1422/1422 547/547 2259/2259
f 1422/1422 2259/2259 1227/1227
f 547/547 940/940 3623/3623
f 547/547 3623/3623 2259/2259
f 284/284 3793/3793 940/940
f 284/284 940/940 547/547
f 3048/3048 2997/2997 1669/1669
f 3048/3048 1669/1669 869/869
f 869/869 1669/1669 3805/3805
f 869/869 3805/3805 1436/1436
f 1669/1669 1422/1422 1227/1227
f 1669/1669 1227/1227 3805/3805
f 2997/2997 3252/3252 1422/1422
f 2997/2997 1422/1422 1669/1669
f 477/477 2403/2403 550/550
f 477/477 550/550 1946/1946
f 1946/1946 550/550 179/179
f 1946/1946 179/179 2984/2984
f 550/550 869/869 1436/1436
f 550/550 1436/1436 179/179
f 2403/2403 3048/3048 869/869
f 2403/2403 869/869 550/550
f 1307/1307 3519/3519 289/289
f 1307/1307 289/289 3183/3183
f 3183/3183 289/289 433/433
f 3183/3183 433/433 2684/2684
f 289/289 159/159 245/245
f 289/289 245/245 433/433
f 3519/3519 2502/2502 159/159
f 3519/3519 159/159 289/289
f 4098/4098 799/799 1724/1724
f 4098/4098 1724/1724 2462/2462
f 2462/2462 1724/1724 1033/1033
f 2462/2462 1033/1033 2454/2454
f 1723/1723 1344/1344 3746/3746
f 1723/1723 3746/3746 1032/1032
f 798/798 2952/2952 1344/1344
f 798/798 1344/1344 1723/1723
f 1917/1917 3630/3630 3199/3199
f 1917/1917 3199/3199 3254/3254
f 3254/3254 3199/3199 2200/2200
f 3254/3254 2200/2200 3237/3237
f 3199/3199 2347/2347 2418/2418
f 3199/3199 2418/2418 2200/2200
f 3630/3630 2405/2405 2347/2347
f 3630/3630 2347/2347 3199/3199
f 2388/2388 3489/3489 671/671
f 2388/2388 671/671 3533/3533
f 3533/3533 671/671 1156/1156
f 3533/3533 1156/1156 3517/3517
f 671/671 249/249 789/789
f 671/671 789/789 1156/1156
f 3489/3489 2342/2342 249/249
f 3489/3489 249/249 671/671
f 3517/3517 1156/1156 3970/3970
f 3517/3517 3970/3970 4131/4131
f 4131/4131 3970/3970 4118/4118
f 4131/4131 4118/4118 3130/3130
f 3970/3970 4095/4095 3768/3768
f 3970/3970 3768/3768 4118/4118
f 1156/1156 789/789 4095/4095
f 1156/1156 4095/4095 3970/3970
f 3711/3711 3073/3073 3862/3862
f 3711/3711 3862/3862 4116/4116
f 4116/4116 3862/3862 1685/1685
f 4116/4116 1685/1685 3955/3955
f 3862/3862 3183/3183 2684/2684
f 3862/3862 2684/2684 1685/1685
f 3073/3073 1307/1307 3183/3183
f 3073/3073 3183/3183 3862/3862
f 3149/3149 969/969 3620/3620
f 3149/3149 3620/3620 318/318
f 318/318 3620/3620 4092/4092
f 318/318 4092/4092 2519/2519
f 3620/3620 3214/3214 1843/1843
f 3620/3620 1843/1843 4092/4092
f 969/969 2172/2172 3214/3214
f 969/969 3214/3214 3620/3620
f 3452/3452 2108/2108 593/593
f 3452/3452 593/593 3319/3319
f 3319/3319 593/593 1944/1944
f 3319/3319 1944/1944 2599/2599
f 593/593 2904/2904 3303/3303
f 593/593 3303/3303 1944/1944
f 2108/2108 1542/1542 2904/2904
f 2108/2108 2904/2904 593/593
f 3283/3283 2027/2027 1334/1334
f 3283/3283 1334/1334 1638/1638