# https://github.com/mikedh/trimesh
mtllib material0.mtl
usemtl material0
v -0.01881192 0.09231274 0.01381171
v -0.01881192 0.09231274 0.01381171
v 0.00511494 0.07394662 0.00611210
v 0.03258407 0.08649923 0.01901527
v 0.00752657 0.07307557 0.01620436
v 0.00752657 0.07307557 0.01620436
v -0.02070935 0.08926254 0.01437290
v -0.03834853 0.06332018 0.00626701
v 0.00790245 0.07600111 0.00739473
v 0.03232246 0.09696174 0.00854980
v 0.00910826 -0.06016399 0.00786167
v 0.00356633 0.09771260 0.00648342
v -0.00428500 -0.08977322 0.01760507
v -0.00249883 -0.09850025 0.00812473
v -0.00249883 -0.09850025 0.00812473
v 0.00249282 0.07309229 0.02002168
v 0.00249282 0.07309229 0.02002168
v -0.00458679 -0.08938747 0.00953404
v -0.00923564 0.08408182 0.01186542
v -0.01221860 0.09436851 0.02206171
v -0.01335225 0.08534900 0.01590554
v 0.00512890 0.09241958 0.02150719
v -0.00354936 -0.07831450 0.01810964
v -0.00087011 0.09844866 0.00791687
v 0.00744430 0.01908767 0.01956997
v 0.00744430 0.01908767 0.01956997
v -0.00249991 -0.00109733 0.00821922
v -0.00917851 0.09706148 0.00772663
v -0.00917851 0.09706148 0.00772663
v -0.01132660 0.08596450 0.01381030
v -0.01132660 0.08596450 0.01381030
v -0.01132660 0.08596450 0.01381030
v -0.01132660 0.08596450 0.01381030
v 0.01540280 -0.08928322 0.01755057
v 0.01537273 -0.09948683 0.01380650
v 0.00404228 -0.09976968 0.01011491
v -0.03601724 0.06694411 0.02454466
v 0.03043189 0.09752705 0.01622983
v 0.00693804 0.07638940 0.02150686
v -0.00759489 0.08468736 0.00653689
v 0.01060661 -0.04228993 0.00818346
v -0.02153844 0.08445826 0.01478575
v -0.00977498 0.09145067 0.02161620
v -0.00977498 0.09145067 0.02161620
v -0.00977498 0.09145067 0.02161620
v -0.02775395 0.07978244 0.00468827
v 0.03124378 0.09172651 0.00696294
v 0.00963233 0.07597067 0.01173081
v -0.00480245 -0.04295580 0.01126477
v -0.00920472 0.09832570 0.01189150
v -0.00920472 0.09832570 0.01189150
v -0.00883486 0.08413919 0.01761522
v 0.01081301 -0.00104353 0.01803404
v 0.00508764 0.07315704 0.02081619
v -0.00245096 0.06527254 0.00820987
v -0.00244795 0.02997496 0.00954179
v 0.00638968 0.07318979 0.00677148
v 0.00931551 0.09333879 0.00611224
v 0.00789921 0.09881711 0.01789872
v -0.00481447 -0.07834480 0.01633907
v 0.03540141 0.09923312 0.01384535
v 0.03540141 0.09923312 0.01384535
v 0.01080098 0.09758734 0.00952347
v 0.03811374 0.09696526 0.01380866
v 0.03824004 0.09190130 0.00936503
v 0.03664030 0.08663878 0.00863160
v -0.02641991 0.07374449 0.00515699
v 0.03110029 0.09834130 0.01107194
v -0.00560339 -0.08987292 0.01608154
v 0.03057707 0.09170020 0.00750632
v -0.00091244 0.09989663 0.01380006
v -0.00091244 0.09989663 0.01380006
v 0.03046581 0.09615820 0.00934544
v 0.00672539 0.07369102 0.00611205
v 0.02412401 0.09653281 0.01589191
v 0.00697798 0.06506496 0.01806030
v 0.00732078 -0.08965181 0.00841317
v -0.01558670 0.08420380 0.01157064
v -0.01533712 0.08417405 0.00943138
v 0.00381760 -0.07813319 0.01985291
v 0.03794319 0.09821881 0.01385207
v 0.03794319 0.09821881 0.01385207
v 0.03794319 0.09821881 0.01385207
v 0.03545638 0.09704029 0.01906751
v 0.01073567 0.09629526 0.01976016
v 0.01058231 -0.08954398 0.00845955
v 0.00839621 0.02702686 0.01130226
v 0.00762641 0.09699481 0.02130356
v 0.00387065 -0.09022502 0.00776140
v 0.01077176 0.09884291 0.01377732
v 0.01077176 0.09884291 0.01377732
v 0.01409752 -0.09808551 0.00816857
v 0.01409752 -0.09808551 0.00816857
v -0.00400775 0.07293015 0.00957553
v -0.00400775 0.07293015 0.00957553
v -0.02352932 0.08222208 0.01254731
v 0.00609283 -0.06037199 0.00776178
v 0.01724286 0.09531788 0.01777511
v -0.02124507 0.07921327 0.02400979
v -0.00406295 0.08842391 0.02150748
v 0.00065205 0.07304653 0.00682302
v -0.00467338 -0.09027149 0.01805880
v 0.00684351 0.07305851 0.01791564
v 0.00684351 0.07305851 0.01791564
v -0.03820466 0.06346006 0.00968129
v 0.00743589 0.08873514 0.02150705
v -0.02307634 0.08686026 0.00823773
v -0.00173251 0.02063022 0.01956442
v -0.00173251 0.02063022 0.01956442
v -0.02079101 0.07999871 0.01555226
v -0.00148293 -0.06055885 0.00846387
v -0.00163629 -0.07826385 0.00819723
v -0.00151300 0.07299245 0.00683956
v 0.00070618 -0.09985308 0.01380701
v 0.03226786 0.09915475 0.01384601
v 0.03226786 0.09915475 0.01384601
v 0.00249235 0.07309248 0.00759752
v 0.00249235 0.07309248 0.00759752
v -0.00526576 0.09929556 0.01567870
v 0.00729757 -0.08890955 0.01985263
v 0.00049461 -0.04281917 0.01985357
v 0.00013377 0.02880847 0.01973592
v -0.03583019 0.06676289 0.01134478
v 0.03136467 0.08688742 0.00896792
v -0.03741790 0.06257980 0.00299302
v -0.02340519 0.07877692 0.01255370
v -0.02340519 0.07877692 0.01255370
v -0.00462033 0.07291488 0.00700109
v 0.03821359 0.08739734 0.01824885
v 0.03821359 0.08739734 0.01824885
v 0.00733149 -0.00112937 0.01979629
v 0.00822458 -0.02010541 0.01983849
v 0.00095962 -0.07820441 0.00776168
v 0.02430010 0.08946984 0.00882650
v 0.01352294 -0.06002811 0.01145017
v 0.01189314 0.09366050 0.02106277
v -0.01239757 0.09647934 0.01827079
v 0.00259844 0.06508662 0.01985512
v 0.03810233 0.09185422 0.02013162
v 0.03810233 0.09185422 0.02013162
v -0.00605276 -0.08988495 0.01380744
v -0.00605276 -0.08988495 0.01380744
v -0.02677413 0.07361833 0.01943155
v -0.00180083 -0.04287710 0.01947792
v 0.00066493 0.07392106 0.00611224
v 0.00821255 0.07363887 0.00868658
v 0.03232283 0.09696155 0.01906789
v 0.01074446 0.09850171 0.01598494
v -0.03497836 0.06505641 0.00349937
v 0.00862343 0.02698110 0.01380866
v -0.00365724 0.07378583 0.00611332
v -0.02591821 0.07399008 0.00287866
v 0.01747008 0.08620943 0.01168692
v 0.00386031 -0.08899539 0.01985272
v 0.01115835 -0.06010577 0.01909669
v 0.03829069 0.08987330 0.00970323
v 0.00620578 0.08539796 0.02150705
v -0.01180627 0.08642641 0.00553935
v 0.01356697 -0.08978511 0.01925409
v 0.00901133 0.07603086 0.01009142
v -0.03778692 0.06278272 0.01714875
v -0.03778692 0.06278272 0.01714875
v 0.03113891 0.09679076 0.00874827
v 0.00940117 0.07365118 0.01591268
v -0.00540841 0.07289500 0.01784380
v 0.03126521 0.09173041 0.00664876
v -0.01774922 0.08236030 0.00443907
v -0.01559318 0.09394297 0.00673220
v 0.03143059 0.08511290 0.01107171
v -0.02196205 0.08234301 0.02416775
v -0.02196205 0.08234301 0.02416775
v 0.00405769 0.09600062 0.02150729
v 0.00245796 -0.02024993 0.00776253
v 0.03814828 0.09558250 0.01380861
v 0.00067479 -0.09985378 0.01016128
v -0.00597180 0.07684618 0.00801474
v 0.01031723 -0.02005452 0.00814169
v -0.00409241 -0.00113914 0.00953037
v 0.00665468 0.07319618 0.02009544
v 0.01213948 0.08401830 0.01374913
v 0.01213948 0.08401830 0.01374913
v 0.00083910 0.06511133 0.01985517
v 0.00943316 0.08719935 0.00611214
v 0.03816223 0.08943874 0.00798340
v 0.03816223 0.08943874 0.00798340
v -0.00651607 -0.02049134 0.01388148
v -0.00651607 -0.02049134 0.01388148
v -0.00833231 0.08423687 0.01960760
v -0.01245794 0.09714530 0.01381885
v -0.01245794 0.09714530 0.01381885
v 0.03551605 0.09463238 0.00695759
v -0.02261866 0.08550551 0.00330744
v -0.00482011 0.02134364 0.01391094
v -0.00482011 0.02134364 0.01391094
v -0.00482011 0.02134364 0.01391094
v -0.00482011 0.02134364 0.01391094
v -0.00023140 -0.02031712 0.00776262
v 0.00356045 0.09927155 0.00976901
v 0.01668309 -0.09945408 0.01211524
v 0.01366705 -0.09952935 0.01052349
v 0.03664068 0.08663864 0.01898543
v -0.00923550 0.08408178 0.01575491
v 0.03541574 0.09865596 0.01094292
v -0.01883691 0.08144039 0.01819388
v -0.00202166 -0.09992111 0.01049530
v 0.00515309 0.02753834 0.01972986
v -0.03487335 0.06510297 0.02696432
v -0.00509483 -0.09999789 0.01207765
v 0.03117885 0.09434535 0.02013364
v -0.01565248 0.09455236 0.00893987
v 0.00732115 -0.08965195 0.01920067
v -0.00714562 0.07347155 0.01377060
v -0.00714562 0.07347155 0.01377060
v -0.02685062 0.07665119 0.00231033
v -0.02685062 0.07665119 0.00231033
v 0.00388305 0.08879307 0.02150719
v 0.01266956 0.09724627 0.01613398
v 0.01266956 0.09724627 0.01613398
v 0.00356130 0.09853680 0.00788408
v -0.00031475 -0.00104480 0.01984981
v 0.00963247 0.07597057 0.01588792
v 0.00523320 0.07782342 0.02150696
v -0.00135518 0.02949652 0.00831549
v 0.00735916 0.09585990 0.00611233
v -0.03836666 0.06329552 0.00264933
v -0.00920458 0.09832565 0.01572930
v -0.00920458 0.09832565 0.01572930
v -0.02031853 0.08573977 0.01384352
v -0.02031853 0.08573977 0.01384352
v 0.01333905 -0.08933870 0.00890872
v 0.03575638 0.08501400 0.01094273
v 0.00875635 0.07365395 0.01004650
v 0.00259797 0.06508681 0.00776380
v 0.01066581 -0.08989655 0.00787741
v -0.01064194 0.08611706 0.01761085
v -0.01064194 0.08611706 0.01761085
v -0.02803755 0.07930978 0.01211430
v 0.02424852 0.09153444 0.00840880
v -0.02307597 0.08686007 0.01938372
v -0.01180565 0.08642617 0.02208125
v -0.00469105 0.07291305 0.01135263
v -0.00469105 0.07291305 0.01135263
v 0.03238250 0.09455363 0.00695759
v 0.00771893 0.06506172 0.01133242
v -0.00438132 0.02125254 0.01674342
v -0.00438132 0.02125254 0.01674342
v 0.00285658 0.07310160 0.00682293
v -0.00231550 -0.08935454 0.01930803
v 0.01819238 -0.09795847 0.01622151
v 0.01819238 -0.09795847 0.01622151
v 0.03824018 0.09190120 0.01380856
v -0.00089318 0.09916992 0.01784112
v -0.01243520 0.09696930 0.01175195
v 0.00188423 0.01969396 0.01985446
v 0.00188423 0.01969396 0.01985446
v -0.01335234 0.08534909 0.01171516
v 0.03228219 0.09857740 0.01094264
v 0.03644090 0.09464191 0.02061331
v 0.03638076 0.09703339 0.00858777
v 0.00897779 0.08315806 0.02018678
v 0.01058354 -0.08898684 0.00787694
v 0.03632663 0.09920812 0.01383990
v 0.03632663 0.09920812 0.01383990
v -0.00610242 -0.08946974 0.01630138
v 0.00452439 0.07314322 0.00767692
v 0.00452439 0.07314322 0.00767692
v 0.01117592 0.08219933 0.01382614
v 0.01117592 0.08219933 0.01382614
v 0.00963825 -0.07798772 0.00776135
v 0.01077791 0.08581340 0.00871815
v -0.03836582 0.06329519 0.02497250
v 0.02430048 0.08946965 0.01879157
v 0.01112372 0.08518211 0.01005491
v -0.01982152 0.08083302 0.01479806
v -0.00085324 0.06519154 0.01985526
v 0.00065628 0.07815499 0.02150715
v 0.02415314 0.09535693 0.00997819
v -0.00158395 0.07387167 0.00611233
v -0.02134909 0.08079402 0.01283589
v -0.02134909 0.08079402 0.01283589
v 0.01711070 -0.08929999 0.01380659
v 0.00821292 0.07363872 0.01893215
v -0.00357760 0.06533836 0.00949810
v 0.00292057 0.07397034 0.02150701
v -0.03775539 0.06311228 0.01642204
v 0.01582369 -0.08975828 0.01799767
v -0.00514426 -0.00116564 0.01128516
v 0.00794722 0.06505979 0.01381669
v -0.00778550 0.09482623 0.00611290
v 0.00807352 0.08375631 0.00611214
v 0.00083863 0.06511096 0.00776384
v 0.03108624 0.09804920 0.01642881
v -0.00481457 -0.07834471 0.01127600
v -0.00438156 0.02125263 0.01087465
v -0.00438156 0.02125263 0.01087465
v 0.03072239 0.08588519 0.01140591
v 0.03799036 0.09633670 0.01831045
v 0.03799036 0.09633670 0.01831045
v 0.03140198 0.08540374 0.01642862
v -0.00517541 0.07711226 0.00656169
v -0.01807553 0.08224068 0.01170544
v -0.03741175 0.06258915 0.00668738
v -0.01357810 0.08533147 0.01380903
v -0.01357810 0.08533147 0.01380903
v 0.03051684 0.09411202 0.00798237
v 0.03107313 0.09857026 0.01380885
v 0.03107313 0.09857026 0.01380885
v 0.00487297 -0.02018960 0.01985376
v 0.01266416 0.09770315 0.01380138
v 0.01266416 0.09770315 0.01380138
v 0.01266416 0.09770315 0.01380138
v 0.01266416 0.09770315 0.01380138
v 0.03113929 0.09679057 0.01886952
v 0.00053384 -0.09015323 0.01974217
v -0.00586811 0.07288363 0.01164703
v 0.00586529 0.06507257 0.00825507
v 0.03117838 0.09434572 0.00748414
v -0.00354969 -0.07831436 0.00950533
v 0.00350177 0.02777335 0.00787412
v -0.00754903 0.08812786 0.02150757
v 0.00073832 -0.06051139 0.01979159
v -0.00615786 -0.09028455 0.01132627
v -0.00658786 -0.08947416 0.01377624
v -0.00658786 -0.08947416 0.01377624
v 0.01238042 -0.04224666 0.01810066
v -0.00649164 0.07679144 0.01000055
v -0.00168041 0.07814145 0.00611243
v 0.01072956 0.01911962 0.01370924
v 0.01072956 0.01911962 0.01370924
v -0.00789291 0.09171998 0.02150766
v -0.01444821 0.08475967 0.00512438
v -0.00110907 0.07286009 0.00777146
v -0.00110907 0.07286009 0.00777146
v -0.00507341 0.07359338 0.00655544
v 0.01747022 0.08620938 0.01593152
v -0.03798524 0.06279456 0.00000000
v -0.03798524 0.06279456 0.00000000
v -0.02061669 0.08539923 0.01437717
v -0.02363273 0.08564651 0.01507908
v -0.00389165 -0.06060217 0.01140633
v 0.03651067 0.09182701 0.00645621
v -0.00262569 -0.02037731 0.00809922
v 0.02419693 0.09360172 0.00881315
v 0.03814649 0.09565951 0.01695067
v 0.00923399 -0.00107849 0.00825812
v -0.00600558 -0.02047287 0.01663253
v -0.00135480 0.02949638 0.01930267
v -0.00394084 -0.09996904 0.01129014
v -0.00689373 0.07674117 0.01186171
v -0.01221917 0.09436879 0.00555918
v -0.02816539 0.08021954 0.01103473
v 0.03139164 0.08666814 0.00874357
v -0.02304745 0.07785677 0.01165991
v 0.00897732 0.08315824 0.00743223
v 0.00512833 0.09241982 0.00611238
v 0.00765423 -0.09967947 0.01011477
v 0.00697765 0.06506543 0.00955833
v 0.01720152 0.09696770 0.01379109
v 0.01720152 0.09696770 0.01379109
v -0.00589240 0.07352497 0.00794624
v -0.00459637 -0.02042983 0.01831454
v -0.00527295 0.09949971 0.01382595
v -0.00527295 0.09949971 0.01382595
v -0.00517673 -0.04296458 0.01382459
v -0.00517673 -0.04296458 0.01382459
v -0.03805656 0.06300628 0.01716684
v -0.00316912 0.03030057 0.01636914
v 0.00000329 0.02015361 0.00776323
v 0.00000329 0.02015361 0.00776323
v 0.01333942 -0.08933885 0.01870474
v 0.03667991 0.08505558 0.01102364
v 0.00693748 0.07638963 0.00611205
v 0.01106612 -0.09816403 0.01985235
v 0.01106612 -0.09816403 0.01985235
v -0.01199472 0.09038806 0.00555077
v -0.01199472 0.09038806 0.00555077
v -0.00977554 0.09145090 0.00600441
v -0.00977554 0.09145090 0.00600441
v -0.00977554 0.09145090 0.00600441
v 0.00639020 0.07318960 0.02084743
v 0.01184193 -0.00101830 0.01627874
v 0.01079548 0.08237322 0.01170017
v 0.01363712 -0.01998376 0.01105150
v 0.00323475 0.08577665 0.02150715
v 0.00354448 0.10000000 0.01382426
v 0.00354448 0.10000000 0.01382426
v 0.00662367 0.02731201 0.00836605
v -0.00467371 -0.09027135 0.00955589
v -0.02745489 0.07903830 0.00223689
v 0.01743992 0.08741496 0.00986946
v 0.01762635 -0.08886374 0.01383422
v 0.03638114 0.09703325 0.01902964
v -0.00509469 -0.09999793 0.01553685
v -0.02039742 0.09080218 0.01485031
v -0.00007297 0.08858399 0.02150733
v 0.01569284 -0.08888267 0.00959272
v 0.01304967 0.08534844 0.01145200
v 0.01304967 0.08534844 0.01145200
v 0.03814626 0.09565960 0.01066656
v -0.00600582 -0.02047278 0.01098441
v 0.01077829 0.08581321 0.01890077
v -0.01527153 0.09235343 0.02265526
v -0.00954315 0.08400106 0.01381021
v -0.00954315 0.08400106 0.01381021
v -0.00359828 -0.04292291 0.01815770
v 0.01863563 -0.09794776 0.01389539
v 0.01863563 -0.09794776 0.01389539
v 0.00539572 -0.04268535 0.01985338
v 0.00404256 -0.09976982 0.01749893
v -0.03487429 0.06510335 0.00065732
v 0.00429515 -0.00094106 0.01985404
v 0.01270579 0.09596660 0.01815939
v 0.01270579 0.09596660 0.01815939
v 0.03795573 0.09772101 0.01626849
v 0.03795573 0.09772101 0.01626849
v 0.01138270 0.09136741 0.02157574
v 0.00211506 -0.00098419 0.00776281
v 0.00787351 0.09805544 0.01980588
v -0.01444760 0.08475939 0.02249641
v 0.00975891 0.07364488 0.01376539
v 0.00975891 0.07364488 0.01376539
v 0.00073785 -0.06051125 0.00782366
v 0.03821326 0.08739749 0.00936809
v 0.03821326 0.08739749 0.00936809
v 0.01148686 0.08449468 0.01162613
v -0.03805680 0.06300637 0.01045499
v -0.03497761 0.06505613 0.02412227
v 0.01025699 0.01906756 0.01681154
v 0.01025699 0.01906756 0.01681154
v 0.01293625 0.08655942 0.01811039
v 0.01293625 0.08655942 0.01811039
v 0.01533886 -0.07784141 0.01628334
v 0.00065257 0.07304629 0.02079627
v -0.01234076 0.09580450 0.00728930
v 0.01226267 -0.02000998 0.01825181
v 0.00059544 -0.08979648 0.00845480
v -0.01239790 0.09647948 0.00935019
v -0.02745405 0.07903792 0.02538465
v -0.00605308 0.08551941 0.02150748
v 0.03804186 0.09427651 0.01966694
v 0.03804186 0.09427651 0.01966694
v -0.00460370 0.09551183 0.02150762
v -0.03560908 0.06608222 0.01624491
v 0.00762585 0.09699505 0.00631592
v 0.00387309 -0.08973784 0.00841336
v -0.00151248 0.07299226 0.02077992
v 0.01345345 -0.08895991 0.00834815
v 0.01721223 0.09653535 0.01165328
v -0.00406352 0.08842415 0.00611266
v -0.00458674 0.06539362 0.01380124
v -0.00458674 0.06539362 0.01380124
v -0.00434016 0.06537910 0.01127604
v -0.01890316 0.08946364 0.02352768
v -0.00664655 -0.09030640 0.01382562
v -0.00664655 -0.09030640 0.01382562
v 0.01356063 -0.04221988 0.01131950
v -0.00238861 -0.09018194 0.01929741
v 0.00743533 0.08873537 0.00611224
v 0.02434380 0.08772215 0.01000276
v 0.03068861 0.08724775 0.01825839
v -0.00022355 0.09590740 0.02150743
v -0.01570971 0.09499510 0.01155781
v -0.00191350 -0.09991843 0.01380711
v -0.02780695 0.08003945 0.01996088
v 0.00002904 0.08574964 0.02150729
v -0.00461982 0.07291469 0.02061857
v 0.03824718 0.08604127 0.01142884
v 0.03824718 0.08604127 0.01142884
v 0.01555621 -0.09948218 0.01132881
v -0.00540874 0.07289514 0.00977596
v -0.02261791 0.08550522 0.02431392
v -0.01199411 0.09038783 0.02207002
v -0.01199411 0.09038783 0.02207002
v 0.00679074 -0.07805895 0.01985277
v -0.02684987 0.07665072 0.02531112
v -0.02684987 0.07665072 0.02531112
v 0.01025676 0.01906765 0.01080540
v 0.01025676 0.01906765 0.01080540
v 0.01734130 0.09136116 0.00821927
v 0.01189258 0.09366069 0.00655634
v 0.01106565 -0.09816379 0.00776102
v 0.01106565 -0.09816379 0.00776102
v -0.01104197 0.08605819 0.01187439
v -0.01104197 0.08605819 0.01187439
v -0.00494072 -0.09855344 0.00940713
v -0.00494072 -0.09855344 0.00940713
v -0.02165975 0.07846720 0.02158909
v 0.02419730 0.09360158 0.01880501
v -0.02783918 0.07675691 0.01550983
v 0.00923437 -0.00107863 0.01935825
v -0.01807539 0.08224059 0.01591555
v -0.01954991 0.08121999 0.01381054
v -0.01954991 0.08121999 0.01381054
v 0.00582634 0.07303323 0.00844169
v 0.00582634 0.07303323 0.00844169
v -0.01883724 0.08144048 0.00942710
v -0.03601635 0.06702159 0.02109025
v 0.03126573 0.09173018 0.02096884
v -0.00586796 0.07288359 0.01597273
v 0.00620522 0.08539819 0.00611224
v -0.01559267 0.09394273 0.02088897
v 0.03558681 0.09179845 0.00640824
v -0.00317668 0.08572267 0.02150738
v 0.00578424 0.01922721 0.00776300
v 0.00578424 0.01922721 0.00776300
v -0.01487700 0.08849265 0.02257379
v -0.01487700 0.08849265 0.02257379
v 0.00769370 0.02713460 0.00959803
v -0.00640622 0.07350219 0.00991165
v 0.03063726 0.08928984 0.00798979
v -0.03799605 0.06280213 0.02482262
v -0.03799605 0.06280213 0.02482262
v 0.00178983 0.02813669 0.01976505
v 0.00539525 -0.04268521 0.00776206
v 0.03043170 0.09752715 0.01138805
v 0.03551657 0.09463219 0.02065982
v 0.00765052 -0.09967966 0.01380678
v 0.00429468 -0.00094087 0.00776272
v 0.01282560 0.08833276 0.00815391
v 0.01282560 0.08833276 0.00815391
v -0.01011195 0.08618786 0.01965825
v -0.01011195 0.08618786 0.01965825
v -0.02763085 0.07418055 0.01211124
v -0.02763085 0.07418055 0.01211124
v -0.00422721 -0.06060841 0.01380781
v -0.00422721 -0.06060841 0.01380781
v 0.00405713 0.09600085 0.00611247
v 0.01726697 -0.08970025 0.01623288
v -0.01490815 0.08420417 0.02043270
v 0.00344670 -0.06044397 0.01985319
v 0.03833415 0.08814280 0.01695057
v -0.00926998 0.09571561 0.02154962
v -0.00926998 0.09571561 0.02154962
v -0.00301646 -0.06058948 0.01776336
v -0.01573315 0.09514846 0.01381965
v -0.01573315 0.09514846 0.01381965
v 0.01096618 -0.09959687 0.01380664
v -0.00295031 0.07295637 0.01953623
v -0.00295031 0.07295637 0.01953623
v -0.00667300 -0.09857918 0.01627728
v -0.00667300 -0.09857918 0.01627728
v -0.02292594 0.08652686 0.00549843
v 0.03829097 0.08987316 0.01791380
v -0.00389151 -0.06060221 0.01620920
v -0.00355171 0.07294157 0.00691121
v 0.00901162 0.07603071 0.01752740
v 0.00784189 0.07322601 0.01001051
v -0.01296970 0.08540613 0.01789769
v 0.00307576 -0.04275470 0.01985347
v -0.00560358 -0.08987292 0.01153324
v 0.00720632 0.07321018 0.00866849
v -0.00689359 0.07674112 0.01575824
v 0.01651004 -0.09801743 0.01814657
v 0.01651004 -0.09801743 0.01814657
v 0.00354678 0.09979839 0.01195178
v 0.00872788 0.07324805 0.01380936
v 0.00872788 0.07324805 0.01380936
v -0.02304730 0.07785673 0.01596126
v -0.00681842 0.07348396 0.01179024
v 0.00956383 0.08293075 0.00875437
v 0.00774759 0.07308111 0.01380941
v 0.00774759 0.07308111 0.01380941
v 0.00774759 0.07308111 0.01380941
v -0.03831695 0.06337285 0.00024756
v -0.02775329 0.07978216 0.02293337
v 0.01390897 -0.04221057 0.01382327
v 0.00744388 0.01908786 0.00804716
v 0.00744388 0.01908786 0.00804716
v 0.00067508 -0.09985388 0.01745274
v 0.03245326 0.09171970 0.00640843
v -0.02641925 0.07374425 0.02246437
v 0.00388249 0.08879331 0.00611238
v -0.00409213 -0.00113919 0.01808704
v 0.00373213 0.01944837 0.01985437
v 0.00373213 0.01944837 0.01985437
v -0.03734376 0.06269190 0.01780104
v -0.03798425 0.06279414 0.02762183
v -0.03798425 0.06279414 0.02762183
v -0.00494312 0.07290670 0.01380983
v -0.00494312 0.07290670 0.01380983
v -0.00494312 0.07290670 0.01380983
v -0.00494312 0.07290670 0.01380983
v -0.02357161 0.08680975 0.01151411
v 0.01079562 0.08237318 0.01591865
v 0.00356073 0.09927146 0.01785085
v 0.03238302 0.09455344 0.02066001
v 0.00285709 0.07310136 0.02079617
v 0.00387346 -0.08973798 0.01920076
v 0.01366733 -0.09952950 0.01708960
v 0.01345383 -0.08896006 0.01926527
v 0.00523264 0.07782365 0.00611214
v 0.03833391 0.08814290 0.01066646
v -0.00202138 -0.09992121 0.01711892
v -0.03607588 0.06683807 0.00055174
v 0.01266792 -0.06006043 0.00991109
v -0.02363283 0.08564651 0.01254237
v 0.00063683 0.09210319 0.02150733
v -0.03545042 0.06598008 0.02754792
v -0.03545042 0.06598008 0.02754792
v -0.00086969 0.09844847 0.01970336
v 0.01772873 -0.08970241 0.01382214
v 0.03799003 0.09633679 0.00930687
v 0.03799003 0.09633679 0.00930687
v -0.00249949 -0.00109747 0.01939810
v -0.00917808 0.09706130 0.01989416
v -0.00917808 0.09706130 0.01989416
v 0.01669023 -0.08931512 0.01158360
v -0.02167634 0.08814191 0.01284425
v -0.01890387 0.08946392 0.00409359
v 0.00428327 0.06507736 0.01985507
v -0.00076251 0.09762774 0.00650301
v 0.01060703 -0.04229002 0.01943160
v -0.03736095 0.06263421 0.00033876
v 0.01031234 0.09534184 0.00634199
v 0.00381718 -0.07813300 0.00776159
v 0.03565743 0.08897016 0.00698550
v 0.01410311 -0.07787378 0.01805279
v 0.01238009 -0.04224656 0.00951431
v 0.02411348 0.09695041 0.01382665
v 0.02411348 0.09695041 0.01382665
v -0.01887187 0.09212931 0.01166865
v 0.00299217 0.07816880 0.02150705
v 0.00065572 0.07815522 0.00611233
v 0.00875663 0.07365385 0.01757223
v -0.00245053 0.06527240 0.01940942
v -0.02292533 0.08652662 0.02212302
v -0.01824040 0.08162208 0.02099276
v -0.01950034 0.09113413 0.00889641
v -0.01490862 0.08420436 0.00718809
v 0.00292000 0.07397058 0.00611219
v 0.00344623 -0.06044378 0.00776187
v -0.00400516 0.09191041 0.02150752
v -0.00517489 0.07711202 0.02105816
v -0.03741123 0.06258896 0.02093445
v 0.03057749 0.09170001 0.02011137
v -0.00173294 0.02063041 0.00805346
v -0.00173294 0.02063041 0.00805346
v -0.00219301 -0.08972741 0.00886953
v -0.00376267 -0.09996462 0.01380720
v 0.01739472 0.08922402 0.00865171
v 0.03263730 0.08435866 0.01384578
v 0.03263730 0.08435866 0.01384578
v 0.00729714 -0.08890936 0.00776131
v 0.00049418 -0.04281898 0.00776225
v 0.01555635 -0.09948228 0.01628419
v 0.01112400 0.08518192 0.01756400
v 0.00940098 0.07365122 0.01170605
v 0.00013334 0.02880866 0.00788206
v 0.02415342 0.09535683 0.01764007
v 0.01036022 0.08645915 0.02019688
v 0.02437293 0.08655749 0.01175853
v 0.01384235 -0.06001932 0.01380716
v 0.01058274 -0.08954417 0.01915411
v -0.00459670 -0.02042969 0.00930231
v -0.00754959 0.08812810 0.00611275
v 0.01409794 -0.09808570 0.01944452
v 0.01409794 -0.09808570 0.01944452
v 0.00609326 -0.06037213 0.01985310
v 0.03811802 0.09679080 0.01184714
v -0.00480226 -0.04295584 0.01635142
v 0.00733107 -0.00112923 0.00782027
v 0.00822415 -0.02010522 0.00777742
v 0.00373166 0.01944856 0.00776304
v 0.00373166 0.01944856 0.00776304
v 0.03252388 0.08889146 0.00698592
v -0.00507289 0.07359315 0.02106432
v 0.03810190 0.09185445 0.00748551
v 0.03810190 0.09185445 0.00748551
v -0.01104182 0.08605814 0.01574621
v -0.01104182 0.08605814 0.01574621
v -0.02070939 0.08926254 0.01324846
v -0.02677455 0.07361847 0.00818981
v -0.00180125 -0.04287691 0.00813808
v -0.00789347 0.09172022 0.00611285
v 0.03651119 0.09182678 0.02116101
v -0.00148251 -0.06055899 0.01915157
v -0.00163587 -0.07826399 0.01941764
v 0.03110048 0.09834121 0.01654594
v 0.00720670 0.07320999 0.01895033
v -0.02047292 0.08158853 0.01326415
v -0.02047292 0.08158853 0.01326415
v -0.02047292 0.08158853 0.01435692
v -0.02047292 0.08158853 0.01435692
v 0.03819103 0.09386934 0.01380861
v 0.00385989 -0.08899520 0.00776140
v 0.01115792 -0.06010563 0.00851781
v -0.03582977 0.06676327 0.01627705
v -0.02138705 0.08962193 0.01568626
v -0.00525138 0.09876712 0.01786832
v 0.03139216 0.08666335 0.01886938
v -0.00090624 0.09969685 0.01196183
v 0.01356655 -0.08978492 0.00835933
v -0.01774856 0.08236002 0.02318192
v 0.00956420 0.08293060 0.01886454
v -0.01558651 0.08420375 0.01605016
v 0.00428280 0.06507755 0.00776375
v -0.00359860 -0.04292277 0.00945839
v 0.00096004 -0.07820460 0.01985300
v -0.00649136 0.07679135 0.01761940
v 0.01014348 0.08267651 0.01009804
v 0.01266937 0.09724632 0.01148522
v 0.01266937 0.09724632 0.01148522
v -0.02153849 0.08445831 0.01283551
v 0.01270546 0.09596674 0.00945971
v 0.01270546 0.09596674 0.00945971
v -0.02763071 0.07418046 0.01551021
v -0.02763071 0.07418046 0.01551021
v -0.02134904 0.08079398 0.01478528
v -0.02134904 0.08079398 0.01478528
v 0.00839640 0.02702681 0.01631506
v 0.01748061 0.08579108 0.01382755
v 0.01748061 0.08579108 0.01382755
v -0.00511715 0.09720098 0.00646166
v -0.01925014 0.09073241 0.02153632
v -0.00381619 0.07793256 0.02150724
v 0.00665425 0.07319641 0.00752347
v 0.01293592 0.08655956 0.00950843
v 0.01293592 0.08655956 0.00950843
v -0.01573000 0.08426370 0.01381834
v -0.01573000 0.08426370 0.01381834
v 0.01355536 -0.09953222 0.01380654
v 0.01226235 -0.02000984 0.00936381
v -0.00522648 0.09802293 0.01975715
v 0.00998603 0.07592368 0.01383018
v 0.00998603 0.07592368 0.01383018
v -0.00833273 0.08423701 0.00801272
v -0.02218608 0.07826888 0.01881521
v 0.00734887 -0.09013838 0.01985258
v -0.00715098 -0.09859088 0.01390690
v -0.00715098 -0.09859088 0.01390690
v -0.00715098 -0.09859088 0.01390690
v 0.01819219 -0.09795837 0.01139130
v 0.01819219 -0.09795837 0.01139130
v -0.00428529 -0.08977313 0.01000962
v -0.00610153 0.07287776 0.01380988
v -0.00610153 0.07287776 0.01380988
v -0.02783927 0.07675696 0.01211171
v 0.00323419 0.08577689 0.00611233
v 0.00354692 0.09979829 0.01566817
v -0.00325496 0.02098825 0.01845577
v -0.00325496 0.02098825 0.01845577
v 0.00515267 0.02753852 0.00788774
v 0.00056997 -0.08923346 0.01974254
v -0.00681828 0.07348391 0.01582961
v 0.00765451 -0.09967961 0.01749879
v -0.00007353 0.08858418 0.00611252
v 0.03068828 0.08724789 0.00935911
v -0.00610261 -0.08946965 0.01131349
v -0.00918179 0.09780281 0.01797582
v -0.00918179 0.09780281 0.01797582
v 0.00245838 -0.02025012 0.01985385
v 0.03836220 0.08701169 0.01184695
v 0.03833213 0.08821995 0.01380852
v -0.00597138 0.07684599 0.01960521
v 0.01031765 -0.02005466 0.01947403
v 0.00511550 0.07394638 0.02150691
v 0.00844127 0.07324095 0.01167269
v 0.01352313 -0.06002820 0.01616414
v 0.01540252 -0.08928307 0.01006271
v 0.03141490 0.08488277 0.01380861
v 0.03141490 0.08488277 0.01380861
v -0.01234025 0.09580427 0.02033168
v 0.03818972 0.09392911 0.01791390
v 0.03816265 0.08943859 0.01963363
v 0.03816265 0.08943859 0.01963363
v -0.03798411 0.06281632 0.02069281
v -0.03798411 0.06281632 0.02069281
v 0.01728792 0.09350108 0.00863781
v 0.01035975 0.08645934 0.00742212
v -0.02357147 0.08680971 0.01610743
v 0.03262372 0.08490758 0.01660636
v 0.03825888 0.08557664 0.01385188
v 0.03825888 0.08557664 0.01385188
v 0.03825888 0.08557664 0.01385188
v -0.00023098 -0.02031731 0.01985394
v -0.03834796 0.06331995 0.02135482
v 0.01138213 0.09136764 0.00604336
v -0.01949996 0.09113394 0.01872495
v -0.00031517 -0.00104461 0.00776732
v 0.03130966 0.08910759 0.02013355
v 0.00356689 0.09771236 0.02113644
v -0.03775558 0.06311232 0.01119979
v 0.00905169 0.01903683 0.00908548
v 0.00905169 0.01903683 0.00908548
v -0.00883514 0.08413929 0.01000511
v 0.01081273 -0.00104339 0.00958225
v 0.01744020 0.08741487 0.01774908
v -0.00605365 0.08551965 0.00611266
v -0.00460426 0.09551207 0.00611280
v 0.00789892 0.09881725 0.00972085
v 0.03108606 0.09804929 0.01118898
v -0.03831597 0.06337243 0.02737427
v 0.01569312 -0.08888281 0.01802055
v -0.00231592 -0.08935435 0.00830656
v -0.00219263 -0.08972755 0.01874506
v 0.03140179 0.08540383 0.01118879
v -0.00517861 -0.10000000 0.01380725
v 0.01739509 0.08922383 0.01896683
v 0.01669037 -0.08931517 0.01602958
v -0.01785728 0.08255642 0.01381270
v -0.01785728 0.08255642 0.01381270
v -0.00523081 -0.07835702 0.01380180
v -0.00523081 -0.07835702 0.01380180
v 0.00188380 0.01969415 0.00776314
v 0.00188380 0.01969415 0.00776314
v -0.00759432 0.08468713 0.02108334
v 0.00404585 -0.09976968 0.01380692
v -0.01242360 0.08549099 0.02002929
v 0.00787078 0.09934616 0.01190606
v 0.00356172 0.09853666 0.01973578
v -0.00022412 0.09590763 0.00611261
v 0.03143078 0.08511285 0.01654570
v -0.00945567 0.08710092 0.00604834
v -0.00945567 0.08710092 0.00604834
v 0.00002847 0.08574987 0.00611247
v -0.01835344 0.08589031 0.02334556
v -0.01835344 0.08589031 0.02334556
v -0.01887173 0.09212927 0.01595271
v 0.01100001 -0.09959607 0.01744687
v -0.00085366 0.06519130 0.00776394
v 0.01266590 0.09390773 0.01974813
v 0.01266590 0.09390773 0.01974813
v 0.01066623 -0.08989674 0.01973625
v -0.03607489 0.06683769 0.02707009
v 0.03262349 0.08490767 0.01101096
v 0.02424894 0.09153430 0.01920936
v 0.00931608 0.09333861 0.02150705
v 0.01572103 -0.07783488 0.01381012
v -0.00921919 0.09852684 0.01379677
v -0.00921919 0.09852684 0.01379677
v -0.00921919 0.09852684 0.01379677
v -0.00921919 0.09852684 0.01379677
v 0.00860943 -0.04234006 0.01980917
v 0.03112299 0.09656594 0.00896820
v 0.01724258 0.09531802 0.00984362
v -0.00301679 -0.06058939 0.00985217
v -0.00458646 -0.08938762 0.01808074
v 0.03541593 0.09865586 0.01667458
v 0.00508713 0.07315727 0.00680282
v 0.00684323 0.07305860 0.00970318
v 0.00684323 0.07305860 0.00970318
v -0.00522695 0.09802307 0.00786336
v -0.02040338 0.08967206 0.01380589
v -0.02040338 0.08967206 0.01380589
v 0.00672595 0.07369078 0.02150686
v -0.02166032 0.07846743 0.00603199
v 0.02434408 0.08772206 0.01761522
v 0.00734841 -0.09013820 0.00776126
v -0.03735997 0.06263378 0.02728297
v 0.01058396 -0.08898698 0.01973672
v -0.02020793 0.08188768 0.01380786
v -0.02020793 0.08188768 0.01380786
v -0.02020793 0.08188768 0.01380786
v -0.02020793 0.08188768 0.01380786
v 0.03558733 0.09179826 0.02120908
v -0.01297003 0.08540627 0.00972301
v -0.03741710 0.06257947 0.02462881
v 0.00452481 0.07314304 0.01994209
v 0.00452481 0.07314304 0.01994209
v 0.01311780 0.08489701 0.01379423
v 0.01311780 0.08489701 0.01379423
v 0.01311780 0.08489701 0.01379423
v 0.01311780 0.08489701 0.01379423
v 0.00963867 -0.07798791 0.01985267
v 0.01650971 -0.09801729 0.00946633
v 0.01650971 -0.09801729 0.00946633
v 0.03634101 0.09863665 0.01665119
v 0.00487255 -0.02018941 0.00776243
v -0.03601691 0.06702182 0.00653158
v 0.00053342 -0.09015304 0.00787214
v -0.03505767 0.06503714 0.02058127
v 0.00056950 -0.08923327 0.00787186
v 0.02437307 0.08655745 0.01585945
v -0.00317725 0.08572290 0.00611257
v 0.03811816 0.09679071 0.01577018
v 0.01216349 -0.00101261 0.01380809
v -0.00316931 0.03030066 0.01124912
v -0.03734409 0.06269204 0.00982069
v 0.01099977 -0.09959598 0.01016641
v 0.03575657 0.08501391 0.01667440
v -0.03601799 0.06694444 0.00307717
v -0.02591741 0.07398975 0.02474261
v -0.02733372 0.07340822 0.01644046
v -0.03798458 0.06281651 0.00692902
v -0.03798458 0.06281651 0.00692902
v -0.02803736 0.07930968 0.01550734
v 0.01220860 -0.07791851 0.00823134
v -0.00244762 0.02997487 0.01807647
v -0.00494044 -0.09855358 0.01820737
v -0.00494044 -0.09855358 0.01820737
v 0.00762289 -0.09825001 0.01985244
v 0.00762289 -0.09825001 0.01985244
v 0.01184174 -0.00101821 0.01133745
v -0.00469086 0.07291295 0.01626704
v -0.00469086 0.07291295 0.01626704
v -0.00355120 0.07294133 0.02070841
v -0.00549072 -0.00117509 0.01380875
v -0.00549072 -0.00117509 0.01380875
v 0.00771911 0.06506162 0.01628611
v 0.00054737 -0.09842667 0.01985272
v 0.00054737 -0.09842667 0.01985272
v 0.01080131 0.09758724 0.01809582
v 0.03130919 0.08910777 0.00748396
v 0.03824037 0.09190116 0.01825209
v -0.00927055 0.09571584 0.00607108
v -0.00927055 0.09571584 0.00607108
v 0.03836666 0.08683719 0.01380847
v 0.00400436 -0.09834036 0.01985258
v 0.00400436 -0.09834036 0.01985258
v 0.03051726 0.09411188 0.01963542
v -0.01243501 0.09696925 0.01586903
v 0.03228238 0.09857730 0.01667515
v 0.03046614 0.09615806 0.01827234
v 0.00586571 0.06507219 0.01936366
v -0.00090610 0.09969681 0.01565840
v 0.03669368 0.08450793 0.01383967
v 0.03669368 0.08450793 0.01383967
v -0.00721483 0.07669066 0.01380861
v -0.00721483 0.07669066 0.01380861
v 0.00350219 0.02777317 0.01974358
v -0.03778720 0.06278282 0.01047307
v -0.03778720 0.06278282 0.01047307
v 0.00769398 0.02713446 0.01801938
v -0.01533679 0.08417391 0.01818942
v -0.00945506 0.08710068 0.02157217
v -0.00945506 0.08710068 0.02157217
v -0.00640594 0.07350209 0.01770820
v 0.03245378 0.09171947 0.02120908
v 0.03658134 0.08901644 0.02058935
v 0.03634078 0.09863674 0.01096632
v 0.01728830 0.09350094 0.01898092
v 0.03828933 0.08993306 0.01380852
v -0.01242407 0.08549118 0.00759132
v 0.00066549 0.07392082 0.02150705
v 0.01717102 -0.08888751 0.01136846
v 0.03795555 0.09772105 0.01134882
v 0.03795555 0.09772105 0.01134882
v -0.00400742 0.07293001 0.01804414
v -0.00400742 0.07293001 0.01804414
v -0.00514407 -0.00116574 0.01633235
v 0.00905207 0.01903664 0.01853156
v 0.00905207 0.01903664 0.01853156
v -0.00110865 0.07285991 0.01984793
v -0.00110865 0.07285991 0.01984793
v 0.01410278 -0.07787364 0.00956096
v -0.03799685 0.06280246 0.00279921
v -0.03799685 0.06280246 0.00279921
v 0.01533867 -0.07784136 0.01133031
v 0.03144427 0.08456924 0.01381195
v 0.03144427 0.08456924 0.01381195
v -0.00365668 0.07378560 0.02150635
v -0.03820433 0.06345991 0.01794054
v -0.02733395 0.07340831 0.01118090
v 0.01266543 0.09390792 0.00787097
v 0.01266543 0.09390792 0.00787097
v 0.01263536 0.09072278 0.02019223
v 0.01263536 0.09072278 0.02019223
v 0.00752643 0.07307566 0.01141446
v 0.00752643 0.07307566 0.01141446
v -0.03560927 0.06608227 0.01137683
v 0.00860896 -0.04233988 0.00780608
v 0.00784217 0.07322587 0.01760831
v -0.00262527 -0.02037749 0.01951744
v 0.03072258 0.08588510 0.01621160
v 0.03571724 0.08657788 0.00860153
v 0.01721204 0.09654930 0.01593171
v -0.02124582 0.07921360 0.00361129
v -0.00076200 0.09762751 0.02111713
v -0.03543294 0.06541744 0.01624463
v -0.03543294 0.06541744 0.01624463
v -0.02138715 0.08962198 0.01193519
v 0.01411674 -0.01997554 0.01388102
v 0.03136500 0.08688728 0.01864958
v -0.00589197 0.07352479 0.01967352
v 0.00063627 0.09210342 0.00611252
v 0.03836234 0.08701165 0.01576999
v 0.01031286 0.09534161 0.02127730
v -0.00615767 -0.09028460 0.01628860
v 0.03565795 0.08896992 0.02063173
v 0.01675281 -0.09945239 0.01380645
v 0.00000371 0.02015342 0.01985455
v 0.00000371 0.02015342 0.01985455
v 0.00844141 0.07324086 0.01594604
v -0.01982157 0.08083302 0.01282301
v 0.00943373 0.08719912 0.02150696
v -0.03505814 0.06503738 0.00704037
v 0.00787308 0.09805559 0.00781369
v 0.03112336 0.09656580 0.01864958
v -0.02352923 0.08222203 0.01507405
v 0.03041972 0.09801043 0.01379917
v 0.03041972 0.09801043 0.01379917
v 0.00846547 0.07602343 0.00872905
v -0.01835415 0.08589059 0.00427551
v -0.01835415 0.08589059 0.00427551
v 0.00662409 0.02731182 0.01925146
v 0.03073438 0.08540928 0.01379898
v 0.03073438 0.08540928 0.01379898
v 0.00299161 0.07816903 0.00611224
v 0.03119746 0.09446314 0.02042509
v 0.03258369 0.08649937 0.00860214
v -0.03595832 0.06706660 0.01736728
v 0.00770962 0.07362237 0.02026952
v -0.01064222 0.08611715 0.01000966
v -0.01064222 0.08611715 0.01000966
v 0.01266820 -0.06006057 0.01770331
v 0.03804143 0.09427670 0.00795028
v 0.03804143 0.09427670 0.00795028
v 0.00762242 -0.09824982 0.00776112
v 0.00762242 -0.09824982 0.00776112
v -0.01824096 0.08162227 0.00662822
v 0.00054690 -0.09842648 0.00776140
v 0.00054690 -0.09842648 0.00776140
v 0.00064313 0.07304611 0.02002173
v 0.00064313 0.07304611 0.02002173
v -0.00400573 0.09191065 0.00611271
v -0.00089346 0.09917006 0.00977911
v 0.00735973 0.09585971 0.02150715
v -0.00394065 -0.09996913 0.01632427
v 0.00400389 -0.09834017 0.00776126
v 0.00400389 -0.09834017 0.00776126
v -0.03543317 0.06541748 0.01137711
v -0.03543317 0.06541748 0.01137711
v -0.02816521 0.08021945 0.01658691
v -0.00238903 -0.09018180 0.00831718
v -0.00525171 0.09876726 0.00975219
v 0.02412386 0.09653286 0.01172634
v 0.00787092 0.09934611 0.01571351
v 0.00211549 -0.00098438 0.01985413
v -0.00486982 0.07290844 0.01963683
v -0.02340509 0.07877688 0.01506757
v -0.02340509 0.07877688 0.01506757
v -0.02780737 0.08003964 0.00766076
v 0.03658087 0.08901662 0.00702778
v -0.01527218 0.09235371 0.00496576
v -0.00341250 0.03040017 0.01380918
v -0.00341250 0.03040017 0.01380918
v 0.03668010 0.08505549 0.01659339
v 0.03252440 0.08889122 0.02063149
v 0.00059586 -0.08979662 0.01915960
v 0.01220897 -0.07791870 0.01938250
v 0.00679032 -0.07805876 0.00776145
v 0.03133362 0.08899102 0.00719251
v 0.00790292 0.07600093 0.02022409
v -0.02196280 0.08234334 0.00345352
v -0.02196280 0.08234334 0.00345352
v 0.01726678 -0.08970016 0.01138030
v 0.00910873 -0.06016417 0.01975293
v -0.00249836 -0.09850048 0.01948958
v -0.00249836 -0.09850048 0.01948958
v 0.01582341 -0.08975814 0.00961560
v 0.01363731 -0.01998386 0.01656403
v -0.03516663 0.06502460 0.01725047
v -0.02004541 0.09117327 0.01381068
v -0.02004541 0.09117327 0.01381068
v -0.03595856 0.06706674 0.01025455
v -0.00667319 -0.09857909 0.01133731
v -0.00667319 -0.09857909 0.01133731
v 0.01263489 0.09072297 0.00742678
v 0.01263489 0.09072297 0.00742678
v -0.02061674 0.08539923 0.01324409
v -0.02218640 0.07826902 0.00880596
v -0.01565215 0.09455217 0.01868130
v 0.03577090 0.08443684 0.01384512
v 0.03577090 0.08443684 0.01384512
v -0.02079115 0.07999876 0.01206882
v 0.01304986 0.08534839 0.01616673
v 0.01304986 0.08534839 0.01616673
v -0.00526590 0.09929561 0.01194182
v -0.02167629 0.08814191 0.01477711
v -0.00325529 0.02098839 0.00916220
v -0.00325529 0.02098839 0.00916220
v 0.03644038 0.09464210 0.00700401
v -0.00158338 0.07387144 0.02150715
v -0.03545145 0.06598046 0.00007381
v -0.03545145 0.06598046 0.00007381
v 0.03124425 0.09172633 0.02065466
v -0.00918212 0.09780295 0.00964497
v -0.00918212 0.09780295 0.00964497
v -0.00511663 0.09720075 0.02115876
v 0.01148705 0.08449463 0.01599269
v 0.00178941 0.02813687 0.00785283
v -0.00778494 0.09482600 0.02150771
v 0.01734172 0.09136097 0.01939937
v 0.00807408 0.08375608 0.02150696
v 0.03818939 0.09392925 0.00970332
v 0.03545601 0.09704043 0.00854999
v 0.03108681 0.09888487 0.01381218
v 0.03108681 0.09888487 0.01381218
v -0.01011237 0.08618805 0.00796226
v -0.01011237 0.08618805 0.00796226
v 0.01073530 0.09629545 0.00785913
v 0.01668318 -0.09945413 0.01549766
v -0.01925071 0.09073265 0.00608494
v -0.03516686 0.06502469 0.01037126
v 0.01074432 0.09850175 0.01163444
v 0.03571762 0.08657774 0.01901560
v -0.00381675 0.07793280 0.00611252
v -0.00433998 0.06537905 0.01634344
v 0.03119699 0.09446337 0.00719260
v -0.00295073 0.07295655 0.00808334
v -0.00295073 0.07295655 0.00808334
v 0.00582676 0.07303309 0.01917722
v 0.00582676 0.07303309 0.01917722
v 0.00770915 0.07362256 0.00734930
v 0.01356081 -0.04222002 0.01629537
v 0.00786552 0.09955924 0.01379710
v 0.00786552 0.09955924 0.01379710
v -0.02039746 0.09080218 0.01277105
v -0.01570952 0.09499505 0.01606336
v 0.00578466 0.01922703 0.01985432
v 0.00578466 0.01922703 0.01985432
v 0.02438308 0.08615324 0.01379151
v 0.02438308 0.08615324 0.01379151
v 0.00064266 0.07304629 0.00759756
v 0.00064266 0.07304629 0.00759756
v 0.00307534 -0.04275451 0.00776215
v 0.03063768 0.08928965 0.01962781
v 0.03824737 0.08604118 0.01618810
v 0.03824737 0.08604118 0.01618810
v 0.01014376 0.08267642 0.01752087
v -0.00167984 0.07814122 0.02150724
v 0.01282602 0.08833262 0.01946500
v 0.01282602 0.08833262 0.01946500
v 0.03133423 0.08898482 0.02042251
v 0.01717116 -0.08888760 0.01624472
v 0.00387112 -0.09022521 0.01985272
v -0.00357727 0.06533822 0.01812129
v -0.01487765 0.08849293 0.00504710
v -0.01487765 0.08849293 0.00504710
v -0.00487029 0.07290863 0.00798284
v 0.00846584 0.07602329 0.01888977
vt 0.46768200 0.17017000
vt 0.80251300 0.66208000
vt 0.84353900 0.25974200
vt 0.84706800 0.13038200
vt 0.59272500 0.99849800
vt 0.45209700 0.39995800
vt 0.80060000 0.63307500
vt 0.73112000 0.12247400
vt 0.83304100 0.23678900
vt 0.81760200 0.85652600
vt 0.15076300 0.72890900
vt 0.67291000 0.26101800
vt 0.40306000 0.93561000
vt 0.05608000 0.99850000
vt 0.90584000 0.67417900
vt 0.46327900 0.45435800
vt 0.53619400 0.99849800
vt 0.03711700 0.93030500
vt 0.77880300 0.39654700
vt 0.87500200 0.70008900
vt 0.04733400 0.13765100
vt 0.61231500 0.42958900
vt 0.40306000 0.85299700
vt 0.65802800 0.29007500
vt 0.56761500 0.60057500
vt 0.27218700 0.16844200
vt 0.05608000 0.31494500
vt 0.39716200 0.10885200
vt 0.65785000 0.35149000
vt 0.03075500 0.15171400
vt 0.90829600 0.44570700
vt 0.55608000 0.59675500
vt 0.76629400 0.42023300
vt 0.25549100 0.93561000
vt 0.94983200 0.54115700
vt 0.92251300 0.62458800
vt 0.87606300 0.42861100
vt 0.86288500 0.03442100
vt 0.49435900 0.42377800
vt 0.76093100 0.35411200
vt 0.16799100 0.60510700
vt 0.78800200 0.59619300
vt 0.00235700 0.06635100
vt 0.61696600 0.53925800
vt 0.90333500 0.70398900
vt 0.58743200 0.10616900
vt 0.85877600 0.86719400
vt 0.84412200 0.20485200
vt 0.02050800 0.60510700
vt 0.38608700 0.13989200
vt 0.62480200 0.34926000
vt 0.54897100 0.55883800
vt 0.25549100 0.31494500
vt 0.47163500 0.43537600
vt 0.73131400 0.93983200
vt 0.74567900 0.66458900
vt 0.84839300 0.25099500
vt 0.70431700 0.22430000
vt 0.66714200 0.40459600
vt 0.41967000 0.85299700
vt 0.82630100 0.01320400
vt 0.77565300 0.83462900
vt 0.66553000 0.20835600
vt 0.95852100 0.72919900
vt 0.91896100 0.75952000
vt 0.89874200 0.82816100
vt 0.96161200 0.29311700
vt 0.79803500 0.86499400
vt 0.41967000 0.93561000
vt 0.85877600 0.87320500
vt 0.70841200 0.46167700
vt 0.61413700 0.28498000
vt 0.81760200 0.87320500
vt 0.84377700 0.24999600
vt 0.90524900 0.03442100
vt 0.58026200 0.93983200
vt 0.12651000 0.93561000
vt 0.92193400 0.41052400
vt 0.93813000 0.41069300
vt 0.33802400 0.85299700
vt 0.77565300 0.81492100
vt 0.96066700 0.72007000
vt 0.80761100 0.01320400
vt 0.82630100 0.05306700
vt 0.64263600 0.38826300
vt 0.15076300 0.93561000
vt 0.62143300 0.66458900
vt 0.64231800 0.41161600
vt 0.10215300 0.94082100
vt 0.63391100 0.19887500
vt 0.68923100 0.37524400
vt 0.90591400 0.54829100
vt 0.16799100 0.99850000
vt 0.74567900 0.99849800
vt 0.86522300 0.33653500
vt 0.55587000 0.18008500
vt 0.12651000 0.72890900
vt 0.95104100 0.05306700
vt 0.12823800 0.08221800
vt 0.58841800 0.49910200
vt 0.85324100 0.29246300
vt 0.40306000 0.94082100
vt 0.58026200 0.99849800
vt 0.45784400 0.41375500
vt 0.72361600 0.14739500
vt 0.58547400 0.41341900
vt 0.52425400 0.13223400
vt 0.38409700 0.16844200
vt 0.48284400 0.60057500
vt 0.11684400 0.14704100
vt 0.05608000 0.72890900
vt 0.05608000 0.85299700
vt 0.85218500 0.30907900
vt 0.95015900 0.64911800
vt 0.84706800 0.01320400
vt 0.77565300 0.85652600
vt 0.67796400 0.99849800
vt 0.85923500 0.27790100
vt 0.69720900 0.49538600
vt 0.31366700 0.93030500
vt 0.36230700 0.60510700
vt 0.49934900 0.66458900
vt 0.69801200 0.15696200
vt 0.89874200 0.86719400
vt 0.96956800 0.17899800
vt 0.90614300 0.33855500
vt 0.57777000 0.19377100
vt 0.84770000 0.32956500
vt 0.97693400 0.80506600
vt 0.80761100 0.13038200
vt 0.28941400 0.31494500
vt 0.28941400 0.44879400
vt 0.07787000 0.85299700
vt 0.87907200 0.91787600
vt 0.20113900 0.72890900
vt 0.62124500 0.38329600
vt 0.84520800 0.71265000
vt 0.53619400 0.93983200
vt 0.80761100 0.09230000
vt 0.99705500 0.77540900
vt 0.00150900 0.93561000
vt 0.43857000 0.93561000
vt 0.18435800 0.12096300
vt 0.38409700 0.60510700
vt 0.84470000 0.29197400
vt 0.85128800 0.23402200
vt 0.84706800 0.05306700
vt 0.67328600 0.38089200
vt 0.96737800 0.20360200
vt 0.60704200 0.66458900
vt 0.84221800 0.32244300
vt 0.97869300 0.29573800
vt 0.91812500 0.96616100
vt 0.33802400 0.93030500
vt 0.27218700 0.72890900
vt 0.91848500 0.77472900
vt 0.56062500 0.42294400
vt 0.97026000 0.44097200
vt 0.27218700 0.94082100
vt 0.83936000 0.21711200
vt 0.29581000 0.14336200
vt 0.81577500 0.40217800
vt 0.81760200 0.86499400
vt 0.46236100 0.38853300
vt 0.46394800 0.52199200
vt 0.85877600 0.86499400
vt 0.97480300 0.38461400
vt 0.44972300 0.11419400
vt 0.91812500 0.86499400
vt 0.89867400 0.58584900
vt 0.11501400 0.06245800
vt 0.63741700 0.43544900
vt 0.10215300 0.44879400
vt 0.95652100 0.73923400
vt 0.92319000 0.64968200
vt 0.82493300 0.34621900
vt 0.16799100 0.44879400
vt 0.03711700 0.31494500
vt 0.47040700 0.42402300
vt 0.53264700 0.34162500
vt 0.78937400 0.16607200
vt 0.51774400 0.93983200
vt 0.74849400 0.22158900
vt 0.87907200 0.81492100
vt 0.90533600 0.77537900
vt 0.00150900 0.44879400
vt 0.43857000 0.44879400
vt 0.55524200 0.54325100
vt 0.81291800 0.72156700
vt 0.40816300 0.15989000
vt 0.83994300 0.83462900
vt 0.53098600 0.09435900
vt 0.00150900 0.16844200
vt 0.43857000 0.16844200
vt 0.77265200 0.60057500
vt 0.44158100 0.60057500
vt 0.07787000 0.44879400
vt 0.64815700 0.25729000
vt 0.93803100 0.53188400
vt 0.92612100 0.55312100
vt 0.82016700 0.13038200
vt 0.54358100 0.57303300
vt 0.79803500 0.83462900
vt 0.09954800 0.12460700
vt 0.92619700 0.66943800
vt 0.55456600 0.66458900
vt 0.27362100 0.07253300
vt 0.93821200 0.69107400
vt 0.85718400 0.07435500
vt 0.44479200 0.13003200
vt 0.31366700 0.93561000
vt 0.86470800 0.37937500
vt 0.45746200 0.55602700
vt 0.60113400 0.07181400
vt 0.99732300 0.30556900
vt 0.58667100 0.43958100
vt 0.98170900 0.03442100
vt 0.66437000 0.36584400
vt 0.66196200 0.25951500
vt 0.36230700 0.31494500
vt 0.47831600 0.38147400
vt 0.50507400 0.43470000
vt 0.73131400 0.66458900
vt 0.68760200 0.23712600
vt 0.73340600 0.09567300
vt 0.69755600 0.52582200
vt 0.83280000 0.74365800
vt 0.51861100 0.19082400
vt 0.78219500 0.61091000
vt 0.16799100 0.93561000
vt 0.91812500 0.83462900
vt 0.85545600 0.22428500
vt 0.67796400 0.93983200
vt 0.15076300 0.94082100
vt 0.02763300 0.12386200
vt 0.56736700 0.56904400
vt 0.59124400 0.16230200
vt 0.85877600 0.91787600
vt 0.84042100 0.60549300
vt 0.03548900 0.08975100
vt 0.87098800 0.35133700
vt 0.75826100 0.99849800
vt 0.83994300 0.85652600
vt 0.62143300 0.93983200
vt 0.41967000 0.16844200
vt 0.45589800 0.60057500
vt 0.85299800 0.27540000
vt 0.38409700 0.93030400
vt 0.23903800 0.99850000
vt 0.96838200 0.51703800
vt 0.95120000 0.76594400
vt 0.67858300 0.46514300
vt 0.41184800 0.14482900
vt 0.33802400 0.16844200
vt 0.51774400 0.60057500
vt 0.92236000 0.42912800
vt 0.79803500 0.85652600
vt 0.82016700 0.07435500
vt 0.81760200 0.82816100
vt 0.54068500 0.39765400
vt 0.15076300 0.93030500
vt 0.82016700 0.01320400
vt 0.77565300 0.82816100
vt 0.41967000 0.93030400
vt 0.85828200 0.26159500
vt 0.65959300 0.99849800
vt 0.51865200 0.34894600
vt 0.80384300 0.17231000
vt 0.15076300 0.85299700
vt 0.76344400 0.20085900
vt 0.87701100 0.39634000
vt 0.90524900 0.11164000
vt 0.77147000 0.19184500
vt 0.10592500 0.15192600
vt 0.49934900 0.93983200
vt 0.50891200 0.46755800
vt 0.81760200 0.91787600
vt 0.84372400 0.30844600
vt 0.90372600 0.35961500
vt 0.55692000 0.19974600
vt 0.22013800 0.93561000
vt 0.47123000 0.41054100
vt 0.74567900 0.93983200
vt 0.47800900 0.45176600
vt 0.81571400 0.40887300
vt 0.25549100 0.94082100
vt 0.02050800 0.31494500
vt 0.60704200 0.93983200
vt 0.68238300 0.34406000
vt 0.77511200 0.23266300
vt 0.69641400 0.93983200
vt 0.85718400 0.03442100
vt 0.02050800 0.85299700
vt 0.75826100 0.60057500
vt 0.02050800 0.16844200
vt 0.91812500 0.87320500
vt 0.80761100 0.05306700
vt 0.99032100 0.74020700
vt 0.85718400 0.14885200
vt 0.82070700 0.33420500
vt 0.91886300 0.38687600
vt 0.94327000 0.18016900
vt 0.90694700 0.42879700
vt 0.04766300 0.15308300
vt 0.83994300 0.87320500
vt 0.77565300 0.86719400
vt 0.85718400 0.01320400
vt 0.31366700 0.44879400
vt 0.64093800 0.18316300
vt 0.77565300 0.99849900
vt 0.98170900 0.01320400
vt 0.68188800 0.35962100
vt 0.85509800 0.05306700
vt 0.36230700 0.94082100
vt 0.86490900 0.35903800
vt 0.64654300 0.93983200
vt 0.83994300 0.86719400
vt 0.03711700 0.85299700
vt 0.67796400 0.66458900
vt 0.58932400 0.52599500
vt 0.36230700 0.72890900
vt 0.02050800 0.94082100
vt 0.00150900 0.93030500
vt 0.43857000 0.93030400
vt 0.25549100 0.60510700
vt 0.82991900 0.36073700
vt 0.81308300 0.30819000
vt 0.22013700 0.16844200
vt 0.60704200 0.60057500
vt 0.61693500 0.52481500
vt 0.97189800 0.41658100
vt 0.85994900 0.30691400
vt 0.71480900 0.99849800
vt 0.84299500 0.33114900
vt 0.95104100 0.14885200
vt 0.99058100 0.17646500
vt 0.73609000 0.07579700
vt 0.78493800 0.60630400
vt 0.80643900 0.59581700
vt 0.02050800 0.72890900
vt 0.85877600 0.82816100
vt 0.05608000 0.44879400
vt 0.83994300 0.91787600
vt 0.97942300 0.74320900
vt 0.16799100 0.31494500
vt 0.41967000 0.44879400
vt 0.48284400 0.66458900
vt 0.93244200 0.68307500
vt 0.83510500 0.37446600
vt 0.42965000 0.09766900
vt 0.58609700 0.15328100
vt 0.89874200 0.86499400
vt 0.91550100 0.33561500
vt 0.78179400 0.22119600
vt 0.71019800 0.25307800
vt 0.92245300 0.59750200
vt 0.63389600 0.93983200
vt 0.95104100 0.01320400
vt 0.77565300 0.96616100
vt 0.84647800 0.33954300
vt 0.40306000 0.44879400
vt 0.71110200 0.49439300
vt 0.61102300 0.31774900
vt 0.00150900 0.60510700
vt 0.43857000 0.60510700
vt 0.81945900 0.40453400
vt 0.45589800 0.66458900
vt 0.07787000 0.16844200
vt 0.71480900 0.60057500
vt 0.27218700 0.93561000
vt 0.91812500 0.82816100
vt 0.82812600 0.24728600
vt 0.28941400 0.99850000
vt 0.99763500 0.57087900
vt 0.44465200 0.07193900
vt 0.99593500 0.45595400
vt 0.70545800 0.36274500
vt 0.42574300 0.06933200
vt 0.99366000 0.47410500
vt 0.47412000 0.42748100
vt 0.23903800 0.31494500
vt 0.79691700 0.18770500
vt 0.20113900 0.44879400
vt 0.56451500 0.44544500
vt 0.61884300 0.25209100
vt 0.70359400 0.42884300
vt 0.64654300 0.66458900
vt 0.03711700 0.94082100
vt 0.59090600 0.08721200
vt 0.89874200 0.96616100
vt 0.22013800 0.93030500
vt 0.82016700 0.05306700
vt 0.96235100 0.69099900
vt 0.80772000 0.64416300
vt 0.58696900 0.46897200
vt 0.18468700 0.93030500
vt 0.76907800 0.17343100
vt 0.91812500 0.99849900
vt 0.93384500 0.73412800
vt 0.02050800 0.44879400
vt 0.55905400 0.37729400
vt 0.87440400 0.67299100
vt 0.53770500 0.58740200
vt 0.78465600 0.41090300
vt 0.40306000 0.60510700
vt 0.95040200 0.51351300
vt 0.22013800 0.99850000
vt 0.31366700 0.60510700
vt 0.97765900 0.62442200
vt 0.98747800 0.20284000
vt 0.31366700 0.31494500
vt 0.64609400 0.36981000
vt 0.98170900 0.05306700
vt 0.97749900 0.72719100
vt 0.80761100 0.03442100
vt 0.60534200 0.38633200
vt 0.10215300 0.31494500
vt 0.65372800 0.40796800
vt 0.05988000 0.08811300
vt 0.45501100 0.37359600
vt 0.86703000 0.19733300
vt 0.07787000 0.72890900
vt 0.89874200 0.81492100
vt 0.91243500 0.79221400
vt 0.78050400 0.18131300
vt 0.72520300 0.15322400
vt 0.27285900 0.09263300
vt 0.59272500 0.60057500
vt 0.23903800 0.16844200
vt 0.56744400 0.36030700
vt 0.98170900 0.13038200
vt 0.23903800 0.85299700
vt 0.46926500 0.46891200
vt 0.42243500 0.11249100
vt 0.25549100 0.44879400
vt 0.07787000 0.93561000
vt 0.41709600 0.12747100
vt 0.88545000 0.53884100
vt 0.56736000 0.51703100
vt 0.80761100 0.07435500
vt 0.99718800 0.75714000
vt 0.64135700 0.49651200
vt 0.81229800 0.42810800
vt 0.68023800 0.23508400
vt 0.10215300 0.93561000
vt 0.47031900 0.48551600
vt 0.16799100 0.93030500
vt 0.79803500 0.96616100
vt 0.73403300 0.32260000
vt 0.77265200 0.93983200
vt 0.44158100 0.93983200
vt 0.75826100 0.93983200
vt 0.87512100 0.63861900
vt 0.00150900 0.94082100
vt 0.43857000 0.94082100
vt 0.20113900 0.60510700
vt 0.38409700 0.94082100
vt 0.73703400 0.23694000
vt 0.89874200 0.91787600
vt 0.86288500 0.13038200
vt 0.64000200 0.46501900
vt 0.43992600 0.14888800
vt 0.95021600 0.66827400
vt 0.84442500 0.54386500
vt 0.56573500 0.46962800
vt 0.47479500 0.50597800
vt 0.92543300 0.80505300
vt 0.91812500 0.81492100
vt 0.93233700 0.53970500
vt 0.85856700 0.34561800
vt 0.87829900 0.59876100
vt 0.90072400 0.68508400
vt 0.02050800 0.06407600
vt 0.31366700 0.85299700
vt 0.90085000 0.52861400
vt 0.17089300 0.06268800
vt 0.62143300 0.60057500
vt 0.20113900 0.16844200
vt 0.85877700 0.96616100
vt 0.70131700 0.20681900
vt 0.90221600 0.57117000
vt 0.15076300 0.99850000
vt 0.92246900 0.44679500
vt 0.76026300 0.40626800
vt 0.03711700 0.99850000
vt 0.91606300 0.69269500
vt 0.13286300 0.10109500
vt 0.90524900 0.07435500
vt 0.79978500 0.52290100
vt 0.27218700 0.31494500
vt 0.08958500 0.14114700
vt 0.90142500 0.37569500
vt 0.10076600 0.15858600
vt 0.64654300 0.99849800
vt 0.86073700 0.25002500
vt 0.93540400 0.37691400
vt 0.85064000 0.43110800
vt 0.85509800 0.09230000
vt 0.45762200 0.53535000
vt 0.76186500 0.24647100
vt 0.85847400 0.68002300
vt 0.85877600 0.83462900
vt 0.56718100 0.49416500
vt 0.65959300 0.60057500
vt 0.15076300 0.16844200
vt 0.89964000 0.65844200
vt 0.04568400 0.06369400
vt 0.63389600 0.66458900
vt 0.85234900 0.35177600
vt 0.87907200 0.87320500
vt 0.87594800 0.39140700
vt 0.30205700 0.08895400
vt 0.51774400 0.66458900
vt 0.12651000 0.60510700
vt 0.79803500 0.87320500
vt 0.82630100 0.07435500
vt 0.95000500 0.59757200
vt 0.12651000 0.31494500
vt 0.87907200 0.99849900
vt 0.73966300 0.19108600
vt 0.57318400 0.55403200
vt 0.02430900 0.10894700
vt 0.62222000 0.18318500
vt 0.90805700 0.29235900
vt 0.00150900 0.72890900
vt 0.43857000 0.72890900
vt 0.68510200 0.25890300
vt 0.23903800 0.94082100
vt 0.06406400 0.10446700
vt 0.33802400 0.72890900
vt 0.96855400 0.79776100
vt 0.87787300 0.72440700
vt 0.64847400 0.53062900
vt 0.40306000 0.72890900
vt 0.43647300 0.16546600
vt 0.80734400 0.69326200
vt 0.94993000 0.57305300
vt 0.46291900 0.49872400
vt 0.48284400 0.99849800
vt 0.41967000 0.99850000
vt 0.96941400 0.70573200
vt 0.52613600 0.11174000
vt 0.97804800 0.78659700
vt 0.41967000 0.72890900
vt 0.84982200 0.32349500
vt 0.48310000 0.39367100
vt 0.86094200 0.22965000
vt 0.04557900 0.12271500
vt 0.33802400 0.60510700
vt 0.02050800 0.93561000
vt 0.85653700 0.23996000
vt 0.48729300 0.55080300
vt 0.98347600 0.52978000
vt 0.25549100 0.99850000
vt 0.63239000 0.25460200
vt 0.87459900 0.20225600
vt 0.44796500 0.37906200
vt 0.14084600 0.14451000
vt 0.85825900 0.36488300
vt 0.78618000 0.21066700
vt 0.44169100 0.38390700
vt 0.88096400 0.20713300
vt 0.60704200 0.99849800
vt 0.73198500 0.07947400
vt 0.86649300 0.54231300
vt 0.22013800 0.60510700
vt 0.64654300 0.60057500
vt 0.16799100 0.16844200
vt 0.97713300 0.64952100
vt 0.85877600 0.85652600
vt 0.18334400 0.09839900
vt 0.73582100 0.26308700
vt 0.40306000 0.31494500
vt 0.31366700 0.16844200
vt 0.53619400 0.60057500
vt 0.29342300 0.13815400
vt 0.89688600 0.39365900
vt 0.29999700 0.06943000
vt 0.77265200 0.99849800
vt 0.44158100 0.99849800
vt 0.44166000 0.54514800
vt 0.88099500 0.36893100
vt 0.52633400 0.15720700
vt 0.52551600 0.36413900
vt 0.67438000 0.43390600
vt 0.84706800 0.07435500
vt 0.46951200 0.45186100
vt 0.33802400 0.93561000
vt 0.97361700 0.55297600
vt 0.27218700 0.93030500
vt 0.81740900 0.25822000
vt 0.92297500 0.78867900
vt 0.97424200 0.66929600
vt 0.70346700 0.07789100
vt 0.18468700 0.72890900
vt 0.53392800 0.16621200
vt 0.61230300 0.46168500
vt 0.90344100 0.42292900
vt 0.27258000 0.06367500
vt 0.66444600 0.46666800
vt 0.22013800 0.94082100
vt 0.92493100 0.72717900
vt 0.81760200 0.81492100
vt 0.38409700 0.31494500
vt 0.86383000 0.73257500
vt 0.66455300 0.52803100
vt 0.20113900 0.93561000
vt 0.50898400 0.16919000
vt 0.49112600 0.09753800
vt 0.55456600 0.93983200
vt 0.66961400 0.29064300
vt 0.27218700 0.60510700
vt 0.98692700 0.18021900
vt 0.69075700 0.21794800
vt 0.10215300 0.85299700
vt 0.87907200 0.83462900
vt 0.25549100 0.85299700
vt 0.18468700 0.60510700
vt 0.77565300 0.91787600
vt 0.90524900 0.01320400
vt 0.47133100 0.15439800
vt 0.50834800 0.45055900
vt 0.81356600 0.29109700
vt 0.46706400 0.40083400
vt 0.48284400 0.93983200
vt 0.86091700 0.60361100
vt 0.09692000 0.10266800
vt 0.48235500 0.13473100
vt 0.95554400 0.41239800
vt 0.84449500 0.27530300
vt 0.10215300 0.72890900
vt 0.61447400 0.49572900
vt 0.50174900 0.51062800
vt 0.29629300 0.11674100
vt 0.86288500 0.09230000
vt 0.05608000 0.16844200
vt 0.73131400 0.60057500
vt 0.05608000 0.93561000
vt 0.95025500 0.68154700
vt 0.87907200 0.96616100
vt 0.84706800 0.17006900
vt 0.94050700 0.85652600
vt 0.12651000 0.93030500
vt 0.07787000 0.60510700
vt 0.96731600 0.53959900
vt 0.55101700 0.36826100
vt 0.86013100 0.21194000
vt 0.71480900 0.66458900
vt 0.90524900 0.05306700
vt 0.56677500 0.38641800
vt 0.91812500 0.91787600
vt 0.22013800 0.72890900
vt 0.28941400 0.93561000
vt 0.03711700 0.44879400
vt 0.73311000 0.34949200
vt 0.27218700 0.99850000
vt 0.99379800 0.54802000
vt 0.31366700 0.72890900
vt 0.94404800 0.72763600
vt 0.41967000 0.60510700
vt 0.15076300 0.31494500
vt 0.15076300 0.44879400
vt 0.67796400 0.60057500
vt 0.12651000 0.16844200
vt 0.87907200 0.85652600
vt 0.47949200 0.50756200
vt 0.90521800 0.75711000
vt 0.85877600 0.81492100
vt 0.02966700 0.13754200
vt 0.56212900 0.58278000
vt 0.49668700 0.17204100
vt 0.93904800 0.29210400
vt 0.05608000 0.60510700
vt 0.70549600 0.34829800
vt 0.82016700 0.09230000
vt 0.38409700 0.72890900
vt 0.38409700 0.85299700
vt 0.85509800 0.03442100
vt 0.46599500 0.41646400
vt 0.90010000 0.36777200
vt 0.54804700 0.20311300
vt 0.76953300 0.58168100
vt 0.10868900 0.15991100
vt 0.95404500 0.75166300
vt 0.10215300 0.93030500
vt 0.16799100 0.72890900
vt 0.81571600 0.43172900
vt 0.81270800 0.63141100
vt 0.68070900 0.49672400
vt 0.85509800 0.13038200
vt 0.62775000 0.28660300
vt 0.16799100 0.94082100
vt 0.09184800 0.08520800
vt 0.53629000 0.38711900
vt 0.06593800 0.13807700
vt 0.65959300 0.93983200
vt 0.03711700 0.60510700
vt 0.36230700 0.85299700
vt 0.49250600 0.53711000
vt 0.79099300 0.20011200
vt 0.79803500 0.99849900
vt 0.65828300 0.18935400
vt 0.53354800 0.18464500
vt 0.67651700 0.19333300
vt 0.81760300 0.99849900
vt 0.18410200 0.15195400
vt 0.78948100 0.50751200
vt 0.77290300 0.57280900
vt 0.11684600 0.15628500
vt 0.59272500 0.66458900
vt 0.95104100 0.17006900
vt 0.94050700 0.96616100
vt 0.66818400 0.32176900
vt 0.85883000 0.64459500
vt 0.50813000 0.50034000
vt 0.85211200 0.24753200
vt 0.89874200 0.99849900
vt 0.75508000 0.18388800
vt 0.90530600 0.41134900
vt 0.06512200 0.15459000
vt 0.94987200 0.55416600
vt 0.18468700 0.44879400
vt 0.66600700 0.49792700
vt 0.85041400 0.18968300
vt 0.47197300 0.36648000
vt 0.76717700 0.36677000
vt 0.13521700 0.12251400
vt 0.31366700 0.94082100
vt 0.00150900 0.99850000
vt 0.43857000 0.99850000
vt 0.95107200 0.70961900
vt 0.93112300 0.51716300
vt 0.20113900 0.99850000
vt 0.03711700 0.93561000
vt 0.87319100 0.37436800
vt 0.44939800 0.55053800
vt 0.60683300 0.17287900
vt 0.75796600 0.26896200
vt 0.69015500 0.43126900
vt 0.46847900 0.60057500
vt 0.40306000 0.16844200
vt 0.65959300 0.66458900
vt 0.36230700 0.93030500
vt 0.46421500 0.54118000
vt 0.97755600 0.59733500
vt 0.73550200 0.29247000
vt 0.89874200 0.87320500
vt 0.02050800 0.93030500
vt 0.84937800 0.73834800
vt 0.68009000 0.52684400
vt 0.33802400 0.44879400
vt 0.92991100 0.79858500
vt 0.94587700 0.79265400
vt 0.49751200 0.52262200
vt 0.27218700 0.44879400
vt 0.47896700 0.43621900
vt 0.86620900 0.21704600
vt 0.23903800 0.72890900
vt 0.18468700 0.93561000
vt 0.85718400 0.17006900
vt 0.94050700 0.86719400
vt 0.86018500 0.70730700
vt 0.98391400 0.75715900
vt 0.80761100 0.11164000
vt 0.98994400 0.79223700
vt 0.30059300 0.11887500
vt 0.84436500 0.39477200
vt 0.83994300 0.96616100
vt 0.75573000 0.20997000
vt 0.81544300 0.60341400
vt 0.84706800 0.14885200
vt 0.80761100 0.17006900
vt 0.94050700 0.81492100
vt 0.94236100 0.81194400
vt 0.36230700 0.44879400
vt 0.85020900 0.39862100
vt 0.71720100 0.20986300
vt 0.83793000 0.64739600
vt 0.07787000 0.31494500
vt 0.85718400 0.11164000
vt 0.64961200 0.43758300
vt 0.72086300 0.15696800
vt 0.18468700 0.16844200
vt 0.63389600 0.60057500
vt 0.77343100 0.38235600
vt 0.18468700 0.31494500
vt 0.95104100 0.13038200
vt 0.75507900 0.34054200
vt 0.68108700 0.31996600
vt 0.65545300 0.22803400
vt 0.79803500 0.86719400
vt 0.89320900 0.39776300
vt 0.25549100 0.93030500
vt 0.05608000 0.93030500
vt 0.38409700 0.93561000
vt 0.91812500 0.86719400
vt 0.95028700 0.69166000
vt 0.95104100 0.11164000
vt 0.23903800 0.93561000
vt 0.90350000 0.39140200
vt 0.08506400 0.15647900
vt 0.00150900 0.85299700
vt 0.43857000 0.85299700
vt 0.69641400 0.60057500
vt 0.10215300 0.16844200
vt 0.56149800 0.53059700
vt 0.95008500 0.62438500
vt 0.04233600 0.10639300
vt 0.64001600 0.22422300
vt 0.66056700 0.43610000
vt 0.68247900 0.28846300
vt 0.85509800 0.14885200
vt 0.96551400 0.45911100
vt 0.73850500 0.36503000
vt 0.75673400 0.29314000
vt 0.07762800 0.06245800
vt 0.89820100 0.62479900
vt 0.81826600 0.65842600
vt 0.97679700 0.57245900
vt 0.71480900 0.93983200
vt 0.98170900 0.07435500
vt 0.62617600 0.37296900
vt 0.28941400 0.94082100
vt 0.89478800 0.42628100
vt 0.91812500 0.85652600
vt 0.90524900 0.09230000
vt 0.61822700 0.40079400
vt 0.22013800 0.85299700
vt 0.71227800 0.52515400
vt 0.61025900 0.34858500
vt 0.38239100 0.15381700
vt 0.81868000 0.74740500
vt 0.28941400 0.60510700
vt 0.81760200 0.86719400
vt 0.81760300 0.96616100
vt 0.03711700 0.72890900
vt 0.40306000 0.93030400
vt 0.82630100 0.03442100
vt 0.85087800 0.25890000
vt 0.63389600 0.99849800
vt 0.86471300 0.23725000
vt 0.65642100 0.32135600
vt 0.79741800 0.63819400
vt 0.49159900 0.17516500
vt 0.47873000 0.42648500
vt 0.95891600 0.34359800
vt 0.90524900 0.13038200
vt 0.12651000 0.94082100
vt 0.29624300 0.07308400
vt 0.28941400 0.93030500
vt 0.89665100 0.37108100
vt 0.10535900 0.16338100
vt 0.54375100 0.20589800
vt 0.76671400 0.58599700
vt 0.82630100 0.09230000
vt 0.93729600 0.43088300
vt 0.29746400 0.09044300
vt 0.46423800 0.43806400
vt 0.55456600 0.99849800
vt 0.54106100 0.33622000
vt 0.98170900 0.17006900
vt 0.78136300 0.16009900
vt 0.94050700 0.99849900
vt 0.28941400 0.85299700
vt 0.18468700 0.99850000
vt 0.91612000 0.52999300
vt 0.82016700 0.03442100
vt 0.12651000 0.44879400
vt 0.69863400 0.12203800
vt 0.07787000 0.94082100
vt 0.27176300 0.11793000
vt 0.07787000 0.93030500
vt 0.90524900 0.14885200
vt 0.75527200 0.31767700
vt 0.97248800 0.73330200
vt 0.22013800 0.31494500
vt 0.75826100 0.66458900
vt 0.92185700 0.18303900
vt 0.92306100 0.57262200
vt 0.82630100 0.14885200
vt 0.70113500 0.09661600
vt 0.18072400 0.08131900
vt 0.18704900 0.14328400
vt 0.73496900 0.12831800
vt 0.94113700 0.17586800
vt 0.81035800 0.53849300
vt 0.16799100 0.85299700
vt 0.46847900 0.66458900
vt 0.98451400 0.69250000
vt 0.40306000 0.99850000
vt 0.31366700 0.99850000
vt 0.99832900 0.59700800
vt 0.20113900 0.31494500
vt 0.45158200 0.52769100
vt 0.45589800 0.99849800
vt 0.47267800 0.49991700
vt 0.00150900 0.31494500
vt 0.43857000 0.31494500
vt 0.59272500 0.93983200
vt 0.36230700 0.99850000
vt 0.99800800 0.65086300
vt 0.65708100 0.38487200
vt 0.87907200 0.86719400
vt 0.98343800 0.77236800
vt 0.67394000 0.35409700
vt 0.40532700 0.09480400
vt 0.94387800 0.80269000
vt 0.99849600 0.62455000
vt 0.33802400 0.99850000
vt 0.86288500 0.07435500
vt 0.82785400 0.71790200
vt 0.84706800 0.03442100
vt 0.86288500 0.05306700
vt 0.56761500 0.93983200
vt 0.69472400 0.46326900
vt 0.82016700 0.17006900
vt 0.94050700 0.82816100
vt 0.48151400 0.56531000
vt 0.84077000 0.38889000
vt 0.53619400 0.66458900
vt 0.72755800 0.15690800
vt 0.91665000 0.18065100
vt 0.58026200 0.66458900
vt 0.06576900 0.12188100
vt 0.01735100 0.09449700
vt 0.58392100 0.54153000
vt 0.47013900 0.52813600
vt 0.84706800 0.09230000
vt 0.82016700 0.11164000
vt 0.79803500 0.82816100
vt 0.95104100 0.07435500
vt 0.94835400 0.78022500
vt 0.95361800 0.43412500
vt 0.47780000 0.46842500
vt 0.20113900 0.93030500
vt 0.79803500 0.81492100
vt 0.94176200 0.72007000
vt 0.46847900 0.99849800
vt 0.45731000 0.51293900
vt 0.41967000 0.31494500
vt 0.58026200 0.60057500
vt 0.25549100 0.16844200
vt 0.46256200 0.48335300
vt 0.49934900 0.99849800
vt 0.18468700 0.85299700
vt 0.73833800 0.09673600
vt 0.97105700 0.17440500
vt 0.20113900 0.85299700
vt 0.85509800 0.17006900
vt 0.94050700 0.86499400
vt 0.48027200 0.49886800
vt 0.82528700 0.40612200
vt 0.91672700 0.28941200
vt 0.69640100 0.19650200
vt 0.83994300 0.99849900
vt 0.98170900 0.09230000
vt 0.60137800 0.37208600
vt 0.87050000 0.22339000
vt 0.62143300 0.99849800
vt 0.70162700 0.16038200
vt 0.15076300 0.60510700
vt 0.46160500 0.40618400
vt 0.38409700 0.44879400
vt 0.86288500 0.14885200
vt 0.89874200 0.83462900
vt 0.95104100 0.03442100
vt 0.97779300 0.34822300
vt 0.65286200 0.46721700
vt 0.27041200 0.15004500
vt 0.80881400 0.42395800
vt 0.49834600 0.15994100
vt 0.22013800 0.44879400
vt 0.85718400 0.13038200
vt 0.47600900 0.51593900
vt 0.71017800 0.28516200
vt 0.95835100 0.80425300
vt 0.63180800 0.39444800
vt 0.41967000 0.94082100
vt 0.82630100 0.11164000
vt 0.94980300 0.53132200
vt 0.36230700 0.16844200
vt 0.49934900 0.60057500
vt 0.45634300 0.39364900
vt 0.90808500 0.37053600
vt 0.57401300 0.39805000
vt 0.94208100 0.20469900
vt 0.66884500 0.23142300
vt 0.85718400 0.05306700
vt 0.79256800 0.57386600
vt 0.77565300 0.87320500
vt 0.86288500 0.01320400
vt 0.83599300 0.22717400
vt 0.50494600 0.07445500
vt 0.99755300 0.39883300
vt 0.56761500 0.66458900
vt 0.86288500 0.17006900
vt 0.94050700 0.87320500
vt 0.81413400 0.27408800
vt 0.85509800 0.07435500
vt 0.89874200 0.85652600
vt 0.82341200 0.43294700
vt 0.47531200 0.41875400
vt 0.75503800 0.39254100
vt 0.93614900 0.44882900
vt 0.25549100 0.72890900
vt 0.91209800 0.74018500
vt 0.83994300 0.81492100
vt 0.90168000 0.59730000
vt 0.12651000 0.99850000
vt 0.95734300 0.37954200
vt 0.07787000 0.99850000
vt 0.90232500 0.65114800
vt 0.46318200 0.46914500
vt 0.51774400 0.99849800
vt 0.70797700 0.31920700
vt 0.64389100 0.28852100
vt 0.63494400 0.41365100
vt 0.96807600 0.68296900
vt 0.90168000 0.62484100
vt 0.10215300 0.99850000
vt 0.90996600 0.20604900
vt 0.70577800 0.16386500
vt 0.81937900 0.54364200
vt 0.05608000 0.94082100
vt 0.64170500 0.32013500
vt 0.79803500 0.91787600
vt 0.68261200 0.40080600
vt 0.33802400 0.31494500
vt 0.47053100 0.51056100
vt 0.13790600 0.15386800
vt 0.77888600 0.55195900
vt 0.58587700 0.12823600
vt 0.87907200 0.82816100
vt 0.45675200 0.09826100
vt 0.77265200 0.66458900
vt 0.44158100 0.66458900
vt 0.82016700 0.14885200
vt 0.84706800 0.11164000
vt 0.36230700 0.93561000
vt 0.27218700 0.85299700
vt 0.12651000 0.85299700
vt 0.87907200 0.86499400
vt 0.48944300 0.41329700
vt 0.54389900 0.07398300
vt 0.99755300 0.36144800
vt 0.20113900 0.94082100
vt 0.28941400 0.72890900
vt 0.38409700 0.99850000
vt 0.99463100 0.67391800
vt 0.18468700 0.94082100
vt 0.23903800 0.44879400
vt 0.27126700 0.14206000
vt 0.80047000 0.64948600
vt 0.48028200 0.17219000
vt 0.69679000 0.14926600
vt 0.93122900 0.70583300
vt 0.02050800 0.99850000
vt 0.72116900 0.19563500
vt 0.85877700 0.99849900
vt 0.52344000 0.18770500
vt 0.93749700 0.34124400
vt 0.84263900 0.68495800
vt 0.82630100 0.17006900
vt 0.94050700 0.83462900
vt 0.91297000 0.35961700
vt 0.98170900 0.14885200
vt 0.55344500 0.34981200
vt 0.62518300 0.31877500
vt 0.80345500 0.62076900
vt 0.74567900 0.60057500
vt 0.03711700 0.16844200
vt 0.83994300 0.82816100
vt 0.47877100 0.48488400
vt 0.70682000 0.06923800
vt 0.99633600 0.20388200
vt 0.85718400 0.09230000
vt 0.64229600 0.35029400
vt 0.39139200 0.12330900
vt 0.65425200 0.49832600
vt 0.54196200 0.35768900
vt 0.69641400 0.66458900
vt 0.64004300 0.52059300
vt 0.95104100 0.09230000
vt 0.54737200 0.40912700
vt 0.92435100 0.74529100
vt 0.81760200 0.83462900
vt 0.77565300 0.86499400
vt 0.85509800 0.01320400
vt 0.95106300 0.45215300
vt 0.74923300 0.37753400
vt 0.67995000 0.21175900
vt 0.96157300 0.53181600
vt 0.48515300 0.11383100
vt 0.91795100 0.20519500
vt 0.64935700 0.20435700
vt 0.82630100 0.13038200
vt 0.81433100 0.32390200
vt 0.45589800 0.93983200
vt 0.83994300 0.86499400
vt 0.73131400 0.99849800
vt 0.85959300 0.32229900
vt 0.46179500 0.42650500
vt 0.56761500 0.99849800
vt 0.84719900 0.24225300
vt 0.23903800 0.60510700
vt 0.69645200 0.39707800
vt 0.62640300 0.22053800
vt 0.48560000 0.16493600
vt 0.82378600 0.68982800
vt 0.28941400 0.16844200
vt 0.55456600 0.60057500
vt 0.90524900 0.17006900
vt 0.94050700 0.91787600
vt 0.69641400 0.99849800
vt 0.85932800 0.29269600
vt 0.10215300 0.60510700
vt 0.86288500 0.11164000
vt 0.96000800 0.81194300
vt 0.80761100 0.14885200
vt 0.53146300 0.37655500
vt 0.50938800 0.48464000
vt 0.98170900 0.11164000
vt 0.58287000 0.36752300
vt 0.85509800 0.11164000
vt 0.23903800 0.93030500
vt 0.33802400 0.94082100
vt 0.46847900 0.93983200
vt 0.47129800 0.07301800
vt 0.99631700 0.43077800
vt 0.85197000 0.33415700
vt 0.48648200 0.40370200
f 753/753 976/976 531/531
f 1085/1085 251/251 684/684
f 390/390 519/519 717/717
f 299/299 460/460 973/973
f 543/543 129/129 765/765
f 468/468 917/917 773/773
f 904/904 765/765 140/140
f 929/929 139/139 764/764
f 904/904 441/441 763/763
f 675/675 440/440 139/139
f 763/763 298/298 344/344
f 258/258 297/297 440/440
f 344/344 414/414 875/875
f 392/392 415/415 297/297
f 875/875 82/82 64/64
f 867/867 83/83 415/415
f 1119/1119 916/916 1037/1037
f 690/690 299/299 973/973
f 973/973 1117/1117 780/780
f 162/162 366/366 767/767
f 307/307 38/38 991/991
f 1072/1072 603/603 259/259
f 343/343 70/70 305/305
f 209/209 913/913 988/988
f 1064/1064 825/825 642/642
f 780/780 635/635 1076/1076
f 1063/1063 771/771 880/880
f 201/201 979/979 929/929
f 964/964 760/760 996/996
f 988/988 38/38 292/292
f 188/188 633/633 754/754
f 423/423 371/371 468/468
f 425/425 700/700 382/382
f 1076/1076 910/910 209/209
f 880/880 4/4 1096/1096
f 675/675 516/516 258/258
f 1096/1096 1038/1038 979/979
f 258/258 84/84 392/392
f 979/979 928/928 855/855
f 392/392 838/838 867/867
f 855/855 586/586 516/516
f 867/867 61/61 262/262
f 516/516 147/147 84/84
f 263/263 203/203 930/930
f 84/84 912/912 838/838
f 1113/1113 296/296 651/651
f 838/838 115/115 61/61
f 684/684 344/344 174/174
f 358/358 217/217 311/311
f 711/711 873/873 1112/1112
f 1060/1060 853/853 681/681
f 1080/1080 860/860 180/180
f 931/931 826/826 1083/1083
f 847/847 964/964 873/873
f 956/956 798/798 1122/1122
f 335/335 431/431 787/787
f 4/4 812/812 690/690
f 757/757 562/562 556/556
f 913/913 75/75 38/38
f 966/966 413/413 217/217
f 620/620 38/38 75/75
f 425/425 862/862 397/397
f 557/557 164/164 420/420
f 873/873 996/996 1112/1112
f 977/977 1017/1017 88/88
f 532/532 762/762 605/605
f 153/153 717/717 398/398
f 103/103 899/899 76/76
f 826/826 1117/1117 272/272
f 873/873 787/787 847/847
f 448/448 705/705 835/835
f 620/620 966/966 358/358
f 98/98 75/75 649/649
f 335/335 861/861 1066/1066
f 902/902 218/218 412/412
f 546/546 584/584 221/221
f 787/787 1122/1122 798/798
f 85/85 412/412 822/822
f 98/98 488/488 931/931
f 98/98 821/821 413/413
f 136/136 957/957 416/416
f 44/44 1082/1082 330/330
f 1083/1083 821/821 931/931
f 650/650 1123/1123 401/401
f 597/597 172/172 22/22
f 847/847 798/798 272/272
f 510/510 238/238 134/134
f 587/587 934/934 284/284
f 649/649 910/910 488/488
f 78/78 303/303 256/256
f 221/221 267/267 725/725
f 666/666 1029/1029 974/974
f 390/390 651/651 459/459
f 73/73 1026/1026 277/277
f 134/134 479/479 640/640
f 164/164 725/725 420/420
f 448/448 277/277 1026/1026
f 488/488 635/635 826/826
f 272/272 1083/1083 826/826
f 752/752 753/753 592/592
f 747/747 134/134 459/459
f 512/512 849/849 857/857
f 1091/1091 704/704 63/63
f 1082/1082 632/632 330/330
f 380/380 756/756 845/845
f 1131/1131 1120/1120 546/546
f 503/503 395/395 465/465
f 427/427 882/882 571/571
f 754/754 927/927 699/699
f 1082/1082 1079/1079 442/442
f 395/395 384/384 465/465
f 781/781 461/461 968/968
f 22/22 1017/1017 827/827
f 88/88 172/172 781/781
f 499/499 927/927 165/165
f 968/968 442/442 1079/1079
f 268/268 48/48 724/724
f 521/521 806/806 188/188
f 216/216 157/157 384/384
f 395/395 632/632 597/597
f 570/570 1042/1042 665/665
f 1121/1121 465/465 276/276
f 157/157 985/985 1084/1084
f 634/634 427/427 871/871
f 284/284 222/222 756/756
f 715/715 503/503 1121/1121
f 584/584 180/180 267/267
f 260/260 39/39 1084/1084
f 756/756 39/39 845/845
f 439/439 100/100 503/503
f 216/216 597/597 22/22
f 574/574 1028/1028 254/254
f 740/740 347/347 109/109
f 806/806 320/320 439/439
f 622/622 157/157 222/222
f 845/845 179/179 380/380
f 1095/1095 309/309 90/90
f 896/896 1073/1073 446/446
f 951/951 633/633 715/715
f 1102/1102 179/179 679/679
f 312/312 148/148 91/91
f 302/302 947/947 885/885
f 20/20 45/45 472/472
f 100/100 330/330 632/632
f 421/421 48/48 647/647
f 1121/1121 934/934 1073/1073
f 276/276 284/284 934/934
f 446/446 934/934 433/433
f 1079/1079 600/600 968/968
f 911/911 749/749 137/137
f 22/22 106/106 216/216
f 845/845 1043/1043 1002/1002
f 781/781 418/418 88/88
f 1131/1131 624/624 282/282
f 736/736 744/744 499/499
f 983/983 624/624 164/164
f 1120/1120 1080/1080 584/584
f 552/552 52/52 699/699
f 12/12 987/987 219/219
f 300/300 726/726 176/176
f 962/962 282/282 624/624
f 757/757 232/232 547/547
f 291/291 117/117 1114/1114
f 546/546 164/164 624/624
f 679/679 1002/1002 282/282
f 555/555 72/72 691/691
f 998/998 500/500 738/738
f 985/985 957/957 650/650
f 1084/1084 650/650 260/260
f 260/260 401/401 694/694
f 694/694 646/646 1120/1120
f 276/276 384/384 622/622
f 625/625 944/944 275/275
f 1043/1043 282/282 1002/1002
f 939/939 1029/1029 538/538
f 810/810 59/59 418/418
f 766/766 576/576 161/161
f 318/318 340/340 293/293
f 386/386 915/915 71/71
f 600/600 689/689 252/252
f 201/201 880/880 1096/1096
f 968/968 810/810 781/781
f 600/600 585/585 810/810
f 977/977 822/822 136/136
f 50/50 190/190 253/253
f 585/585 1027/1027 59/59
f 91/91 1027/1027 1106/1106
f 1068/1068 830/830 51/51
f 555/555 1107/1107 385/385
f 829/829 119/119 226/226
f 691/691 363/363 1068/1068
f 1106/1106 739/739 386/386
f 119/119 252/252 689/689
f 227/227 189/189 832/832
f 362/362 915/915 119/119
f 252/252 739/739 585/585
f 591/591 290/290 500/500
f 808/808 235/235 548/548
f 605/605 137/137 749/749
f 723/723 750/750 689/689
f 809/809 198/198 790/790
f 59/59 148/148 902/902
f 88/88 85/85 977/977
f 418/418 902/902 85/85
f 371/371 1064/1064 917/917
f 606/606 1079/1079 533/533
f 801/801 695/695 720/720
f 466/466 951/951 896/896
f 179/179 54/54 380/380
f 521/521 52/52 236/236
f 699/699 744/744 552/552
f 646/646 1067/1067 1080/1080
f 1029/1029 896/896 538/538
f 688/688 7/7 394/394
f 240/240 522/522 808/808
f 263/263 936/936 81/81
f 857/857 207/207 427/427
f 182/182 944/944 1014/1014
f 5/5 288/288 899/899
f 943/943 433/433 1013/1013
f 242/242 450/450 452/452
f 182/182 17/17 138/138
f 858/858 587/587 54/54
f 16/16 433/433 587/587
f 1038/1038 690/690 1124/1124
f 538/538 446/446 943/943
f 1037/1037 1063/1063 880/880
f 760/760 812/812 949/949
f 1026/1026 359/359 448/448
f 665/665 352/352 1000/1000
f 136/136 827/827 977/977
f 761/761 169/169 796/796
f 812/812 641/641 949/949
f 929/929 855/855 675/675
f 1124/1124 973/973 780/780
f 706/706 558/558 1030/1030
f 992/992 700/700 560/560
f 498/498 780/780 1076/1076
f 586/586 498/498 999/999
f 203/203 116/116 257/257
f 209/209 498/498 1076/1076
f 147/147 999/999 313/313
f 313/313 209/209 988/988
f 912/912 313/313 678/678
f 401/401 430/430 646/646
f 292/292 313/313 988/988
f 115/115 678/678 1088/1088
f 785/785 349/349 326/326
f 307/307 678/678 292/292
f 116/116 68/68 257/257
f 68/68 306/306 791/791
f 774/774 976/976 907/907
f 416/416 106/106 827/827
f 763/763 251/251 904/904
f 774/774 752/752 467/467
f 559/559 735/735 315/315
f 399/399 684/684 174/174
f 543/543 251/251 932/932
f 592/592 932/932 156/156
f 659/659 82/82 937/937
f 174/174 875/875 64/64
f 296/296 761/761 796/796
f 932/932 531/531 543/543
f 156/156 251/251 65/65
f 174/174 659/659 399/399
f 512/512 634/634 766/766
f 188/188 699/699 52/52
f 484/484 404/404 19/19
f 37/37 776/776 497/497
f 240/240 507/507 473/473
f 1109/1109 2/2 536/536
f 952/952 687/687 1001/1001
f 476/476 99/99 882/882
f 236/236 202/202 670/670
f 349/349 212/212 559/559
f 31/31 256/256 303/303
f 918/918 744/744 213/213
f 493/493 491/491 801/801
f 511/511 776/776 271/271
f 924/924 627/627 529/529
f 21/21 30/30 304/304
f 610/610 17/17 859/859
f 403/403 670/670 202/202
f 438/438 37/37 565/565
f 626/626 464/464 239/239
f 1023/1023 339/339 770/770
f 2/2 394/394 1053/1053
f 571/571 727/727 143/143
f 339/339 42/42 1069/1069
f 924/924 21/21 695/695
f 171/171 693/693 99/99
f 709/709 274/274 683/683
f 506/506 453/453 402/402
f 501/501 778/778 1062/1062
f 688/688 818/818 778/778
f 818/818 1062/1062 778/778
f 817/817 471/471 453/453
f 419/419 808/808 529/529
f 110/110 727/727 204/204
f 453/453 626/626 714/714
f 529/529 693/693 419/419
f 110/110 491/491 274/274
f 800/800 78/78 301/301
f 924/924 491/491 204/204
f 824/824 271/271 37/37
f 137/137 1109/1109 911/911
f 911/911 536/536 189/189
f 283/283 1100/1100 94/94
f 952/952 497/497 776/776
f 1103/1103 76/76 914/914
f 952/952 767/767 366/366
f 762/762 1062/1062 137/137
f 402/402 714/714 501/501
f 682/682 42/42 708/708
f 695/695 304/304 720/720
f 816/816 419/419 693/693
f 529/529 548/548 924/924
f 882/882 487/487 571/571
f 253/253 535/535 462/462
f 170/170 438/438 471/471
f 471/471 565/565 626/626
f 239/239 714/714 626/626
f 99/99 627/627 487/487
f 204/204 487/487 627/627
f 1031/1031 489/489 707/707
f 1052/1052 161/161 576/576
f 792/792 511/511 271/271
f 989/989 886/886 489/489
f 366/366 443/443 687/687
f 844/844 1108/1108 1054/1054
f 338/338 1069/1069 42/42
f 301/301 492/492 800/800
f 989/989 708/708 42/42
f 7/7 229/229 843/843
f 338/338 854/854 229/229
f 285/285 970/970 443/443
f 687/687 489/489 886/886
f 464/464 1001/1001 1023/1023
f 443/443 707/707 489/489
f 984/984 279/279 680/680
f 565/565 497/497 464/464
f 462/462 1/1 621/621
f 871/871 883/883 1052/1052
f 824/824 475/475 598/598
f 683/683 493/493 852/852
f 940/940 194/194 245/245
f 1/1 1108/1108 621/621
f 599/599 849/849 578/578
f 922/922 1094/1094 878/878
f 792/792 598/598 577/577
f 882/882 599/599 476/476
f 20/20 501/501 762/762
f 394/394 843/843 1053/1053
f 1001/1001 886/886 1023/1023
f 969/969 883/883 706/706
f 770/770 1069/1069 688/688
f 1030/1030 110/110 709/709
f 680/680 492/492 984/984
f 671/671 228/228 1060/1060
f 571/571 871/871 427/427
f 809/809 90/90 1107/1107
f 402/402 472/472 506/506
f 558/558 143/143 727/727
f 548/548 669/669 21/21
f 308/308 833/833 408/408
f 451/451 895/895 1098/1098
f 1098/1098 938/938 1127/1127
f 357/357 494/494 316/316
f 315/315 582/582 241/241
f 1127/1127 539/539 625/625
f 950/950 825/825 169/169
f 894/894 165/165 939/939
f 661/661 868/868 662/662
f 581/581 499/499 894/894
f 254/254 220/220 981/981
f 610/610 1103/1103 914/914
f 983/983 561/561 6/6
f 962/962 6/6 104/104
f 288/288 959/959 244/244
f 679/679 104/104 1102/1102
f 556/556 647/647 757/757
f 898/898 346/346 187/187
f 941/941 710/710 428/428
f 283/283 877/877 56/56
f 1051/1051 876/876 972/972
f 87/87 784/784 477/477
f 223/223 1070/1070 637/637
f 220/220 751/751 775/775
f 329/329 87/87 477/477
f 573/573 963/963 361/361
f 508/508 567/567 784/784
f 604/604 775/775 963/963
f 1071/1071 287/287 178/178
f 405/405 676/676 534/534
f 144/144 775/775 121/121
f 530/530 408/408 658/658
f 56/56 294/294 1070/1070
f 131/131 308/308 411/411
f 328/328 893/893 876/876
f 197/197 27/27 342/342
f 534/534 677/677 23/23
f 755/755 325/325 612/612
f 187/187 660/660 365/365
f 940/940 361/361 346/346
f 751/751 411/411 308/308
f 755/755 53/53 435/435
f 741/741 940/940 245/245
f 400/400 897/897 186/186
f 27/27 368/368 636/636
f 456/456 722/722 618/618
f 652/652 948/948 828/828
f 876/876 383/383 972/972
f 660/660 361/361 405/405
f 660/660 534/534 544/544
f 514/514 631/631 97/97
f 405/405 963/963 144/144
f 154/154 474/474 120/120
f 132/132 612/612 833/833
f 1105/1105 972/972 566/566
f 121/121 751/751 549/549
f 422/422 673/673 111/111
f 526/526 660/660 544/544
f 652/652 1105/1105 566/566
f 97/97 615/615 1041/1041
f 269/269 643/643 261/261
f 686/686 269/269 887/887
f 133/133 111/111 112/112
f 49/49 186/186 364/364
f 836/836 49/49 340/340
f 945/945 447/447 396/396
f 422/422 615/615 631/631
f 544/544 23/23 60/60
f 49/49 525/525 340/340
f 36/36 517/517 356/356
f 819/819 892/892 374/374
f 13/13 264/264 837/837
f 144/144 321/321 676/676
f 293/293 525/525 802/802
f 820/820 223/223 648/648
f 758/758 617/617 1005/1005
f 828/828 1125/1125 432/432
f 135/135 945/945 948/948
f 850/850 211/211 120/120
f 658/658 864/864 474/474
f 388/388 550/550 322/322
f 685/685 1041/1041 615/615
f 644/644 631/631 1116/1116
f 211/211 1126/1126 588/588
f 393/393 889/889 1018/1018
f 41/41 11/11 686/686
f 264/264 803/803 60/60
f 837/837 60/60 23/23
f 1048/1048 102/102 457/457
f 590/590 617/617 793/793
f 97/97 269/269 11/11
f 248/248 23/23 677/677
f 864/864 120/120 474/474
f 526/526 60/60 803/803
f 1005/1005 1040/1040 155/155
f 1040/1040 850/850 864/864
f 34/34 159/159 370/370
f 1092/1092 406/406 980/980
f 485/485 322/322 1057/1057
f 887/887 261/261 447/447
f 391/391 799/799 1125/1125
f 388/388 14/14 1024/1024
f 560/560 9/9 992/992
f 978/978 890/890 540/540
f 327/327 145/145 623/623
f 692/692 482/482 93/93
f 554/554 528/528 249/249
f 288/288 87/87 150/150
f 888/888 625/625 347/347
f 537/537 589/589 721/721
f 347/347 275/275 122/122
f 942/942 490/490 26/26
f 972/972 456/456 566/566
f 920/920 610/610 206/206
f 132/132 490/490 755/755
f 367/367 1127/1127 888/888
f 138/138 513/513 182/182
f 914/914 206/206 610/610
f 920/920 255/255 513/513
f 452/452 1035/1035 877/877
f 573/573 108/108 604/604
f 435/435 381/381 1051/1051
f 26/26 131/131 1110/1110
f 995/995 76/76 923/923
f 568/568 661/661 345/345
f 435/435 1105/1105 325/325
f 742/742 663/663 504/504
f 899/899 923/923 76/76
f 428/428 150/150 329/329
f 244/244 508/508 87/87
f 206/206 575/575 920/920
f 291/291 648/648 1081/1081
f 175/175 807/807 36/36
f 888/888 246/246 367/367
f 122/122 182/182 513/513
f 367/367 196/196 1036/1036
f 900/900 1126/1126 909/909
f 35/35 1092/1092 980/980
f 569/569 807/807 114/114
f 879/879 517/517 537/537
f 731/731 393/393 797/797
f 409/409 517/517 807/807
f 593/593 114/114 463/463
f 721/721 645/645 35/35
f 208/208 639/639 348/348
f 889/889 593/593 1018/1018
f 909/909 728/728 891/891
f 848/848 1020/1020 1009/1009
f 348/348 463/463 205/205
f 457/457 900/900 1048/1048
f 540/540 455/455 978/978
f 553/553 1092/1092 645/645
f 1126/1126 1039/1039 588/588
f 601/601 249/249 528/528
f 200/200 537/537 721/721
f 553/553 589/589 657/657
f 657/657 819/819 374/374
f 1049/1049 569/569 593/593
f 517/517 819/819 537/537
f 908/908 745/745 409/409
f 639/639 393/393 1018/1018
f 731/731 208/208 1056/1056
f 908/908 569/569 901/901
f 199/199 406/406 732/732
f 463/463 1018/1018 593/593
f 205/205 114/114 175/175
f 469/469 721/721 35/35
f 35/35 199/199 469/469
f 142/142 978/978 455/455
f 334/334 1130/1130 128/128
f 793/793 370/370 590/590
f 396/396 948/948 945/945
f 1039/1039 248/248 743/743
f 592/592 467/467 752/752
f 142/142 264/264 69/69
f 480/480 1058/1058 954/954
f 588/588 743/743 154/154
f 653/653 728/728 211/211
f 550/550 323/323 141/141
f 1011/1011 1024/1024 14/14
f 305/305 277/277 343/343
f 743/743 677/677 698/698
f 156/156 424/424 592/592
f 69/69 102/102 978/978
f 1125/1125 34/34 793/793
f 656/656 286/286 554/554
f 55/55 333/333 1100/1100
f 795/795 837/837 248/248
f 211/211 154/154 120/120
f 590/590 653/653 850/850
f 768/768 238/238 343/343
f 1097/1097 40/40 300/300
f 1046/1046 281/281 607/607
f 281/281 528/528 799/799
f 370/370 823/823 653/653
f 281/281 935/935 607/607
f 13/13 457/457 102/102
f 314/314 795/795 1039/1039
f 1033/1033 668/668 341/341
f 65/65 1006/1006 667/667
f 796/796 747/747 296/296
f 272/272 460/460 847/847
f 1085/1085 602/602 1006/1006
f 184/184 66/66 423/423
f 399/399 937/937 602/602
f 1007/1007 341/341 668/668
f 259/259 936/936 930/930
f 502/502 1033/1033 341/341
f 201/201 764/764 130/130
f 835/835 343/343 277/277
f 124/124 510/510 747/747
f 317/317 73/73 305/305
f 903/903 70/70 510/510
f 834/834 515/515 73/73
f 47/47 305/305 70/70
f 231/231 1000/1000 825/825
f 243/243 166/166 570/570
f 965/965 665/665 1000/1000
f 10/10 1099/1099 243/243
f 616/616 570/570 665/665
f 257/257 163/163 10/10
f 502/502 243/243 570/570
f 191/191 10/10 243/243
f 1086/1086 257/257 10/10
f 63/63 702/702 1095/1095
f 270/270 718/718 520/520
f 835/835 955/955 768/768
f 296/296 459/459 651/651
f 863/863 153/153 398/398
f 918/918 202/202 552/552
f 377/377 289/289 905/905
f 480/480 58/58 777/777
f 509/509 176/176 326/326
f 811/811 1015/1015 975/975
f 1043/1043 694/694 1131/1131
f 614/614 224/224 58/58
f 746/746 874/874 815/815
f 149/149 302/302 986/986
f 1026/1026 990/990 619/619
f 1059/1059 640/640 479/479
f 495/495 716/716 265/265
f 647/647 160/160 232/232
f 874/874 1097/1097 327/327
f 955/955 479/479 768/768
f 701/701 359/359 310/310
f 614/614 954/954 1091/1091
f 769/769 520/520 1058/1058
f 640/640 459/459 134/134
f 57/57 3/3 839/839
f 591/591 630/630 3/3
f 149/149 152/152 410/410
f 975/975 527/527 811/811
f 1113/1113 153/153 712/712
f 145/145 247/247 630/630
f 1015/1015 289/289 674/674
f 947/947 613/613 336/336
f 382/382 160/160 48/48
f 289/289 713/713 905/905
f 355/355 224/224 527/527
f 811/811 12/12 611/611
f 527/527 444/444 12/12
f 40/40 1090/1090 726/726
f 789/789 611/611 713/713
f 377/377 655/655 674/674
f 738/738 623/623 998/998
f 273/273 397/397 718/718
f 95/95 1130/1130 470/470
f 746/746 1015/1015 449/449
f 66/66 231/231 371/371
f 500/500 183/183 458/458
f 19/19 919/919 349/349
f 151/151 128/128 545/545
f 738/738 746/746 815/815
f 616/616 66/66 1033/1033
f 3/3 372/372 591/591
f 449/449 788/788 874/874
f 572/572 975/975 746/746
f 40/40 655/655 814/814
f 815/815 327/327 623/623
f 547/547 146/146 551/551
f 387/387 504/504 567/567
f 278/278 545/545 113/113
f 713/713 24/24 842/842
f 151/151 300/300 334/334
f 378/378 350/350 375/375
f 449/449 674/674 655/655
f 500/500 572/572 738/738
f 253/253 1078/1078 50/50
f 623/623 630/630 998/998
f 113/113 145/145 278/278
f 630/630 839/839 3/3
f 458/458 355/355 572/572
f 232/232 992/992 146/146
f 1105/1105 1005/1005 325/325
f 726/726 326/326 176/176
f 74/74 9/9 372/372
f 785/785 1090/1090 1003/1003
f 290/290 769/769 183/183
f 372/372 354/354 290/290
f 270/270 354/354 560/560
f 560/560 273/273 270/270
f 222/222 1084/1084 39/39
f 9/9 146/146 992/992
f 551/551 1104/1104 716/716
f 219/219 790/790 198/198
f 24/24 1025/1025 842/842
f 611/611 219/219 24/24
f 437/437 28/28 1078/1078
f 458/458 777/777 58/58
f 24/24 198/198 1016/1016
f 1016/1016 1068/1068 1025/1025
f 1016/1016 555/555 691/691
f 1025/1025 51/51 1077/1077
f 1037/1037 130/130 1119/1119
f 713/713 29/29 905/905
f 842/842 1077/1077 29/29
f 813/813 376/376 158/158
f 790/790 1095/1095 809/809
f 278/278 1097/1097 151/151
f 444/444 1091/1091 987/987
f 987/987 63/63 790/790
f 434/434 906/906 28/28
f 452/452 94/94 242/242
f 716/716 839/839 265/265
f 74/74 716/716 1104/1104
f 1130/1130 545/545 128/128
f 105/105 869/869 1055/1055
f 410/410 125/125 149/149
f 1089/1089 158/158 933/933
f 291/291 333/333 820/820
f 1000/1000 169/169 825/825
f 332/332 101/101 113/113
f 696/696 117/117 233/233
f 247/247 265/265 839/839
f 101/101 118/118 247/247
f 1101/1101 113/113 545/545
f 796/796 352/352 124/124
f 688/688 239/239 770/770
f 191/191 341/341 1072/1072
f 352/352 903/903 124/124
f 1086/1086 1072/1072 259/259
f 1042/1042 47/47 903/903
f 203/203 259/259 930/930
f 47/47 1099/1099 317/317
f 317/317 163/163 834/834
f 163/163 791/791 834/834
f 696/696 494/494 266/266
f 878/878 986/986 302/302
f 8/8 881/881 869/869
f 152/152 846/846 967/967
f 470/470 360/360 509/509
f 79/79 256/256 856/856
f 326/326 559/559 509/509
f 971/971 107/107 628/628
f 353/353 672/672 953/953
f 1003/1003 19/19 785/785
f 509/509 315/315 470/470
f 215/215 967/967 1045/1045
f 351/351 107/107 583/583
f 389/389 881/881 594/594
f 105/105 884/884 8/8
f 542/542 1032/1032 46/46
f 105/105 123/123 426/426
f 353/353 524/524 126/126
f 1061/1061 67/67 672/672
f 168/168 350/350 434/434
f 168/168 628/628 1093/1093
f 621/621 971/971 628/628
f 210/210 621/621 628/628
f 994/994 331/331 1129/1129
f 609/609 542/542 192/192
f 1044/1044 389/389 214/214
f 629/629 167/167 1010/1010
f 1065/1065 301/301 496/496
f 301/301 79/79 496/496
f 437/437 462/462 210/210
f 434/434 210/210 168/168
f 1034/1034 1093/1093 609/609
f 331/331 933/933 158/158
f 1045/1045 167/167 994/994
f 856/856 629/629 79/79
f 192/192 46/46 389/389
f 107/107 1093/1093 628/628
f 967/967 1010/1010 167/167
f 1065/1065 1061/1061 353/353
f 496/496 846/846 1061/1061
f 1075/1075 613/613 410/410
f 594/594 225/225 564/564
f 878/878 885/885 922/922
f 127/127 737/737 96/96
f 564/564 946/946 337/337
f 96/96 237/237 596/596
f 921/921 426/426 782/782
f 1060/1060 608/608 671/671
f 214/214 594/594 1074/1074
f 960/960 426/426 123/123
f 514/514 173/173 1116/1116
f 703/703 596/596 608/608
f 96/96 280/280 127/127
f 681/681 703/703 1060/1060
f 782/782 1022/1022 921/921
f 1129/1129 158/158 376/376
f 1032/1032 1055/1055 869/869
f 960/960 523/523 1022/1022
f 67/67 986/986 672/672
f 986/986 953/953 672/672
f 596/596 351/351 583/583
f 933/933 1004/1004 1089/1089
f 1074/1074 564/564 337/337
f 1075/1075 152/152 215/215
f 79/79 1010/1010 496/496
f 671/671 971/971 1108/1108
f 1128/1128 609/609 993/993
f 1055/1055 237/237 123/123
f 1021/1021 953/953 1094/1094
f 583/583 608/608 596/596
f 737/737 123/123 237/237
f 1023/1023 239/239 464/464
f 126/126 1065/1065 353/353
f 46/46 869/869 881/881
f 375/375 1034/1034 1128/1128
f 946/946 8/8 884/884
f 856/856 483/483 1004/1004
f 993/993 192/192 1044/1044
f 321/321 80/80 698/698
f 241/241 470/470 315/315
f 65/65 185/185 156/156
f 244/244 840/840 357/357
f 345/345 662/662 177/177
f 547/547 958/958 757/757
f 551/551 841/841 547/547
f 316/316 742/742 387/387
f 518/518 173/173 868/868
f 654/654 49/49 697/697
f 381/381 328/328 876/876
f 604/604 981/981 220/220
f 319/319 804/804 663/663
f 595/595 887/887 945/945
f 654/654 287/287 400/400
f 877/877 195/195 294/294
f 173/173 779/779 197/197
f 513/513 982/982 122/122
f 173/173 644/644 1116/1116
f 342/342 178/178 654/654
f 893/893 722/722 383/383
f 109/109 122/122 982/982
f 612/612 1047/1047 833/833
f 786/786 177/177 722/722
f 369/369 1081/1081 648/648
f 868/868 961/961 662/662
f 197/197 673/673 644/644
f 779/779 805/805 368/368
f 923/923 25/25 995/995
f 111/111 697/697 836/836
f 514/514 11/11 961/961
f 154/154 698/698 80/80
f 325/325 155/155 612/612
f 618/618 177/177 41/41
f 342/342 697/697 673/673
f 408/408 1047/1047 658/658
f 41/41 662/662 961/961
f 80/80 658/658 474/474
f 112/112 836/836 318/318
f 676/676 698/698 677/677
f 112/112 872/872 133/133
f 373/373 728/728 823/823
f 121/121 530/530 321/321
f 879/879 1008/1008 356/356
f 935/935 828/828 948/948
f 18/18 293/293 748/748
f 652/652 432/432 758/758
f 652/652 456/456 135/135
f 794/794 318/318 18/18
f 759/759 692/692 1050/1050
f 618/618 686/686 595/595
f 802/802 748/748 293/293
f 1011/1011 89/89 870/870
f 155/155 864/864 1047/1047
f 133/133 685/685 615/615
f 456/456 595/595 135/135
f 1046/1046 865/865 733/733
f 44/44 320/320 926/926
f 848/848 482/482 234/234
f 783/783 345/345 786/786
f 664/664 417/417 518/518
f 55/55 56/56 223/223
f 636/636 178/178 27/27
f 357/357 387/387 508/508
f 505/505 518/518 661/661
f 288/288 710/710 899/899
f 478/478 786/786 893/893
f 696/696 319/319 742/742
f 53/53 429/429 381/381
f 233/233 1081/1081 319/319
f 637/637 648/648 223/223
f 1036/1036 1098/1098 367/367
f 295/295 897/897 287/287
f 432/432 793/793 617/617
f 1057/1057 454/454 729/729
f 601/601 733/733 407/407
f 486/486 205/205 15/15
f 93/93 1050/1050 692/692
f 866/866 199/199 732/732
f 866/866 200/200 469/469
f 373/373 159/159 656/656
f 92/92 879/879 200/200
f 15/15 175/175 1012/1012
f 1019/1019 356/356 1008/1008
f 1019/1019 175/175 36/36
f 531/531 1118/1118 129/129
f 848/848 86/86 77/77
f 230/230 396/396 447/447
f 208/208 486/486 1056/1056
f 607/607 1050/1050 1046/1046
f 734/734 748/748 550/550
f 445/445 872/872 436/436
f 447/447 86/86 230/230
f 759/759 935/935 396/396
f 638/638 18/18 734/734
f 77/77 89/89 848/848
f 436/436 794/794 638/638
f 77/77 685/685 445/445
f 261/261 77/77 86/86
f 230/230 234/234 692/692
f 89/89 436/436 870/870
f 165/165 974/974 1029/1029
f 1024/1024 734/734 388/388
f 632/632 461/461 597/597
f 473/473 925/925 240/240
f 990/990 791/791 306/306
f 181/181 382/382 268/268
f 870/870 638/638 1024/1024
f 754/754 666/666 974/974
f 576/576 871/871 1052/1052
f 226/226 689/689 750/750
f 1073/1073 715/715 1121/1121
f 54/54 284/284 756/756
f 928/928 1124/1124 498/498
f 995/995 1111/1111 206/206
f 751/751 408/408 549/549
f 799/799 286/286 34/34
f 176/176 334/334 300/300
f 183/183 1058/1058 777/777
f 141/141 322/322 550/550
f 1110/1110 411/411 574/574
f 715/715 806/806 439/439
f 753/753 907/907 976/976
f 1085/1085 65/65 251/251
f 390/390 640/640 519/519
f 299/299 964/964 460/460
f 543/543 531/531 129/129
f 468/468 371/371 917/917
f 904/904 543/543 765/765
f 929/929 675/675 139/139
f 904/904 140/140 441/441
f 675/675 258/258 440/440
f 763/763 441/441 298/298
f 258/258 392/392 297/297
f 344/344 298/298 414/414
f 392/392 867/867 415/415
f 875/875 414/414 82/82
f 867/867 262/262 83/83
f 1119/1119 772/772 916/916
f 690/690 812/812 299/299
f 973/973 460/460 1117/1117
f 162/162 285/285 366/366
f 307/307 292/292 38/38
f 1072/1072 1007/1007 603/603
f 343/343 238/238 70/70
f 209/209 910/910 913/913
f 1064/1064 231/231 825/825
f 780/780 1117/1117 635/635
f 1063/1063 641/641 771/771
f 201/201 1096/1096 979/979
f 964/964 299/299 760/760
f 988/988 913/913 38/38
f 188/188 806/806 633/633
f 423/423 66/66 371/371
f 425/425 273/273 700/700
f 1076/1076 635/635 910/910
f 880/880 771/771 4/4
f 675/675 855/855 516/516
f 1096/1096 4/4 1038/1038
f 258/258 516/516 84/84
f 979/979 1038/1038 928/928
f 392/392 84/84 838/838
f 855/855 928/928 586/586
f 867/867 838/838 61/61
f 516/516 586/586 147/147
f 263/263 62/62 203/203
f 84/84 147/147 912/912
f 1113/1113 997/997 296/296
f 838/838 912/912 115/115
f 684/684 763/763 344/344
f 358/358 966/966 217/217
f 711/711 335/335 873/873
f 1060/1060 228/228 853/853
f 1080/1080 1067/1067 860/860
f 931/931 488/488 826/826
f 847/847 460/460 964/964
f 956/956 1083/1083 798/798
f 335/335 1066/1066 431/431
f 4/4 771/771 812/812
f 757/757 958/958 562/562
f 913/913 649/649 75/75
f 966/966 98/98 413/413
f 620/620 991/991 38/38
f 425/425 181/181 862/862
f 557/557 983/983 164/164
f 873/873 964/964 996/996
f 977/977 827/827 1017/1017
f 532/532 20/20 762/762
f 153/153 390/390 717/717
f 103/103 5/5 899/899
f 826/826 635/635 1117/1117
f 873/873 335/335 787/787
f 448/448 701/701 705/705
f 620/620 75/75 966/966
f 98/98 966/966 75/75
f 335/335 711/711 861/861
f 902/902 148/148 218/218
f 546/546 1120/1120 584/584
f 787/787 431/431 1122/1122
f 85/85 902/902 412/412
f 98/98 649/649 488/488
f 98/98 931/931 821/821
f 136/136 822/822 957/957
f 44/44 533/533 1082/1082
f 1083/1083 956/956 821/821
f 650/650 957/957 1123/1123
f 597/597 461/461 172/172
f 847/847 787/787 798/798
f 510/510 70/70 238/238
f 587/587 433/433 934/934
f 649/649 913/913 910/910
f 78/78 719/719 303/303
f 221/221 584/584 267/267
f 666/666 466/466 1029/1029
f 390/390 153/153 651/651
f 73/73 515/515 1026/1026
f 134/134 238/238 479/479
f 164/164 221/221 725/725
f 448/448 835/835 277/277
f 488/488 910/910 635/635
f 272/272 798/798 1083/1083
f 752/752 907/907 753/753
f 747/747 510/510 134/134
f 512/512 578/578 849/849
f 1091/1091 954/954 704/704
f 1082/1082 442/442 632/632
f 380/380 54/54 756/756
f 1131/1131 694/694 1120/1120
f 503/503 100/100 395/395
f 427/427 207/207 882/882
f 754/754 974/974 927/927
f 1082/1082 533/533 1079/1079
f 395/395 216/216 384/384
f 781/781 172/172 461/461
f 22/22 172/172 1017/1017
f 88/88 1017/1017 172/172
f 499/499 744/744 927/927
f 968/968 461/461 442/442
f 268/268 382/382 48/48
f 521/521 926/926 806/806
f 216/216 106/106 157/157
f 395/395 100/100 632/632
f 570/570 166/166 1042/1042
f 1121/1121 503/503 465/465
f 157/157 106/106 985/985
f 634/634 857/857 427/427
f 284/284 622/622 222/222
f 715/715 439/439 503/503
f 584/584 1080/1080 180/180
f 260/260 1043/1043 39/39
f 756/756 222/222 39/39
f 439/439 320/320 100/100
f 216/216 395/395 597/597
f 574/574 411/411 1028/1028
f 740/740 888/888 347/347
f 806/806 926/926 320/320
f 622/622 384/384 157/157
f 845/845 1002/1002 179/179
f 1095/1095 702/702 309/309
f 896/896 951/951 1073/1073
f 951/951 666/666 633/633
f 1102/1102 858/858 179/179
f 312/312 218/218 148/148
f 302/302 125/125 947/947
f 20/20 532/532 45/45
f 100/100 320/320 330/330
f 421/421 724/724 48/48
f 1121/1121 276/276 934/934
f 276/276 622/622 284/284
f 446/446 1073/1073 934/934
f 1079/1079 723/723 600/600
f 911/911 227/227 749/749
f 22/22 827/827 106/106
f 845/845 39/39 1043/1043
f 781/781 810/810 418/418
f 1131/1131 546/546 624/624
f 736/736 213/213 744/744
f 983/983 962/962 624/624
f 1120/1120 646/646 1080/1080
f 552/552 202/202 52/52
f 12/12 444/444 987/987
f 300/300 40/40 726/726
f 962/962 679/679 282/282
f 757/757 647/647 232/232
f 291/291 233/233 117/117
f 546/546 221/221 164/164
f 679/679 179/179 1002/1002
f 555/555 385/385 72/72
f 998/998 591/591 500/500
f 985/985 416/416 957/957
f 1084/1084 985/985 650/650
f 260/260 650/650 401/401
f 694/694 401/401 646/646
f 276/276 465/465 384/384
f 625/625 539/539 944/944
f 1043/1043 1131/1131 282/282
f 939/939 165/165 1029/1029
f 810/810 585/585 59/59
f 766/766 634/634 576/576
f 318/318 836/836 340/340
f 386/386 739/739 915/915
f 600/600 723/723 689/689
f 201/201 1037/1037 880/880
f 968/968 600/600 810/810
f 600/600 252/252 585/585
f 977/977 85/85 822/822
f 50/50 831/831 190/190
f 585/585 739/739 1027/1027
f 91/91 148/148 1027/1027
f 1068/1068 363/363 830/830
f 555/555 809/809 1107/1107
f 829/829 362/362 119/119
f 691/691 72/72 363/363
f 1106/1106 1027/1027 739/739
f 119/119 915/915 252/252
f 227/227 911/911 189/189
f 362/362 71/71 915/915
f 252/252 915/915 739/739
f 591/591 372/372 290/290
f 808/808 522/522 235/235
f 605/605 762/762 137/137
f 723/723 606/606 750/750
f 809/809 555/555 198/198
f 59/59 1027/1027 148/148
f 88/88 418/418 85/85
f 418/418 59/59 902/902
f 371/371 231/231 1064/1064
f 606/606 723/723 1079/1079
f 801/801 491/491 695/695
f 466/466 666/666 951/951
f 179/179 858/858 54/54
f 521/521 188/188 52/52
f 699/699 927/927 744/744
f 646/646 430/430 1067/1067
f 1029/1029 466/466 896/896
f 688/688 1069/1069 7/7
f 240/240 925/925 522/522
f 263/263 930/930 936/936
f 857/857 849/849 207/207
f 182/182 275/275 944/944
f 5/5 563/563 288/288
f 943/943 446/446 433/433
f 242/242 579/579 450/450
f 182/182 1014/1014 17/17
f 858/858 16/16 587/587
f 16/16 1013/1013 433/433
f 1038/1038 4/4 690/690
f 538/538 896/896 446/446
f 1037/1037 916/916 1063/1063
f 760/760 299/299 812/812
f 1026/1026 619/619 359/359
f 665/665 1042/1042 352/352
f 136/136 416/416 827/827
f 761/761 950/950 169/169
f 812/812 771/771 641/641
f 929/929 979/979 855/855
f 1124/1124 690/690 973/973
f 706/706 883/883 558/558
f 992/992 160/160 700/700
f 498/498 1124/1124 780/780
f 586/586 928/928 498/498
f 203/203 62/62 116/116
f 209/209 999/999 498/498
f 147/147 586/586 999/999
f 313/313 999/999 209/209
f 912/912 147/147 313/313
f 401/401 1123/1123 430/430
f 292/292 678/678 313/313
f 115/115 912/912 678/678
f 785/785 19/19 349/349
f 307/307 1088/1088 678/678
f 116/116 1087/1087 68/68
f 68/68 1087/1087 306/306
f 774/774 1118/1118 976/976
f 416/416 985/985 106/106
f 763/763 684/684 251/251
f 774/774 907/907 752/752
f 559/559 212/212 735/735
f 399/399 1085/1085 684/684
f 543/543 904/904 251/251
f 592/592 753/753 932/932
f 659/659 64/64 82/82
f 174/174 344/344 875/875
f 296/296 997/997 761/761
f 932/932 753/753 531/531
f 156/156 932/932 251/251
f 174/174 64/64 659/659
f 512/512 857/857 634/634
f 188/188 754/754 699/699
f 484/484 33/33 404/404
f 37/37 271/271 776/776
f 240/240 419/419 507/507
f 1109/1109 818/818 2/2
f 952/952 366/366 687/687
f 476/476 171/171 99/99
f 236/236 52/52 202/202
f 349/349 919/919 212/212
f 31/31 483/483 256/256
f 918/918 552/552 744/744
f 493/493 274/274 491/491
f 511/511 767/767 776/776
f 924/924 204/204 627/627
f 21/21 669/669 30/30
f 610/610 138/138 17/17
f 403/403 32/32 670/670
f 438/438 824/824 37/37
f 626/626 565/565 464/464
f 1023/1023 886/886 339/339
f 2/2 818/818 394/394
f 571/571 487/487 727/727
f 339/339 989/989 42/42
f 924/924 548/548 21/21
f 171/171 816/816 693/693
f 709/709 110/110 274/274
f 506/506 817/817 453/453
f 501/501 714/714 778/778
f 688/688 394/394 818/818
f 818/818 1109/1109 1062/1062
f 817/817 170/170 471/471
f 419/419 240/240 808/808
f 110/110 558/558 727/727
f 453/453 471/471 626/626
f 529/529 627/627 693/693
f 110/110 204/204 491/491
f 800/800 719/719 78/78
f 924/924 695/695 491/491
f 824/824 792/792 271/271
f 137/137 1062/1062 1109/1109
f 911/911 1109/1109 536/536
f 283/283 55/55 1100/1100
f 952/952 1001/1001 497/497
f 1103/1103 103/103 76/76
f 952/952 776/776 767/767
f 762/762 501/501 1062/1062
f 402/402 453/453 714/714
f 682/682 338/338 42/42
f 695/695 21/21 304/304
f 816/816 507/507 419/419
f 529/529 808/808 548/548
f 882/882 99/99 487/487
f 253/253 190/190 535/535
f 170/170 475/475 438/438
f 471/471 438/438 565/565
f 239/239 778/778 714/714
f 99/99 693/693 627/627
f 204/204 727/727 487/487
f 1031/1031 989/989 489/489
f 1052/1052 969/969 161/161
f 792/792 577/577 511/511
f 989/989 339/339 886/886
f 366/366 285/285 443/443
f 844/844 671/671 1108/1108
f 338/338 7/7 1069/1069
f 301/301 984/984 492/492
f 989/989 1031/1031 708/708
f 7/7 338/338 229/229
f 338/338 682/682 854/854
f 285/285 162/162 970/970
f 687/687 443/443 489/489
f 464/464 497/497 1001/1001
f 443/443 970/970 707/707
f 984/984 1065/1065 279/279
f 565/565 37/37 497/497
f 462/462 535/535 1/1
f 871/871 143/143 883/883
f 824/824 438/438 475/475
f 683/683 274/274 493/493
f 940/940 898/898 194/194
f 1/1 1054/1054 1108/1108
f 599/599 207/207 849/849
f 922/922 1021/1021 1094/1094
f 792/792 824/824 598/598
f 882/882 207/207 599/599
f 20/20 402/402 501/501
f 394/394 7/7 843/843
f 1001/1001 687/687 886/886
f 969/969 1052/1052 883/883
f 770/770 339/339 1069/1069
f 1030/1030 558/558 110/110
f 680/680 851/851 492/492
f 671/671 844/844 228/228
f 571/571 143/143 871/871
f 809/809 1095/1095 90/90
f 402/402 20/20 472/472
f 558/558 883/883 143/143
f 548/548 235/235 669/669
f 308/308 132/132 833/833
f 451/451 580/580 895/895
f 1098/1098 895/895 938/938
f 357/357 840/840 494/494
f 315/315 735/735 582/582
f 1127/1127 938/938 539/539
f 950/950 642/642 825/825
f 894/894 499/499 165/165
f 661/661 518/518 868/868
f 581/581 736/736 499/499
f 254/254 1028/1028 220/220
f 610/610 859/859 1103/1103
f 983/983 557/557 561/561
f 962/962 983/983 6/6
f 288/288 563/563 959/959
f 679/679 962/962 104/104
f 556/556 421/421 647/647
f 898/898 940/940 346/346
f 941/941 923/923 710/710
f 283/283 452/452 877/877
f 1051/1051 381/381 876/876
f 87/87 508/508 784/784
f 223/223 56/56 1070/1070
f 220/220 1028/1028 751/751
f 329/329 150/150 87/87
f 573/573 604/604 963/963
f 508/508 387/387 567/567
f 604/604 220/220 775/775
f 1071/1071 295/295 287/287
f 405/405 144/144 676/676
f 144/144 963/963 775/775
f 530/530 549/549 408/408
f 56/56 877/877 294/294
f 131/131 132/132 308/308
f 328/328 478/478 893/893
f 197/197 779/779 27/27
f 534/534 676/676 677/677
f 755/755 435/435 325/325
f 187/187 346/346 660/660
f 940/940 573/573 361/361
f 751/751 1028/1028 411/411
f 755/755 490/490 53/53
f 741/741 573/573 940/940
f 400/400 287/287 897/897
f 27/27 779/779 368/368
f 456/456 383/383 722/722
f 652/652 135/135 948/948
f 876/876 893/893 383/383
f 660/660 346/346 361/361
f 660/660 405/405 534/534
f 514/514 1116/1116 631/631
f 405/405 361/361 963/963
f 154/154 80/80 474/474
f 132/132 755/755 612/612
f 1105/1105 1051/1051 972/972
f 121/121 775/775 751/751
f 422/422 644/644 673/673
f 526/526 365/365 660/660
f 652/652 758/758 1105/1105
f 97/97 631/631 615/615
f 269/269 1041/1041 643/643
f 686/686 11/11 269/269
f 133/133 422/422 111/111
f 49/49 400/400 186/186
f 836/836 697/697 49/49
f 945/945 887/887 447/447
f 422/422 133/133 615/615
f 544/544 534/534 23/23
f 49/49 364/364 525/525
f 36/36 807/807 517/517
f 819/819 745/745 892/892
f 13/13 69/69 264/264
f 144/144 121/121 321/321
f 293/293 340/340 525/525
f 820/820 55/55 223/223
f 758/758 432/432 617/617
f 828/828 391/391 1125/1125
f 135/135 595/595 945/945
f 850/850 653/653 211/211
f 658/658 1047/1047 864/864
f 388/388 734/734 550/550
f 685/685 643/643 1041/1041
f 644/644 422/422 631/631
f 211/211 728/728 1126/1126
f 393/393 541/541 889/889
f 41/41 961/961 11/11
f 264/264 324/324 803/803
f 837/837 264/264 60/60
f 1048/1048 890/890 102/102
f 590/590 1040/1040 617/617
f 97/97 1041/1041 269/269
f 248/248 837/837 23/23
f 864/864 850/850 120/120
f 526/526 544/544 60/60
f 1005/1005 617/617 1040/1040
f 1040/1040 590/590 850/850
f 34/34 286/286 159/159
f 1092/1092 250/250 406/406
f 485/485 388/388 322/322
f 887/887 269/269 261/261
f 391/391 281/281 799/799
f 388/388 485/485 14/14
f 560/560 354/354 9/9
f 978/978 102/102 890/890
f 327/327 278/278 145/145
f 692/692 234/234 482/482
f 554/554 286/286 528/528
f 288/288 244/244 87/87
f 888/888 1127/1127 625/625
f 537/537 819/819 589/589
f 347/347 625/625 275/275
f 942/942 53/53 490/490
f 972/972 383/383 456/456
f 920/920 138/138 610/610
f 132/132 131/131 490/490
f 367/367 1098/1098 1127/1127
f 138/138 920/920 513/513
f 914/914 995/995 206/206
f 920/920 575/575 255/255
f 452/452 450/450 1035/1035
f 573/573 741/741 108/108
f 435/435 53/53 381/381
f 26/26 490/490 131/131
f 995/995 914/914 76/76
f 568/568 505/505 661/661
f 435/435 1051/1051 1105/1105
f 742/742 319/319 663/663
f 899/899 710/710 923/923
f 428/428 710/710 150/150
f 244/244 357/357 508/508
f 206/206 1111/1111 575/575
f 291/291 820/820 648/648
f 175/175 114/114 807/807
f 888/888 740/740 246/246
f 122/122 275/275 182/182
f 367/367 246/246 196/196
f 900/900 314/314 1126/1126
f 35/35 645/645 1092/1092
f 569/569 409/409 807/807
f 879/879 356/356 517/517
f 731/731 541/541 393/393
f 409/409 745/745 517/517
f 593/593 569/569 114/114
f 721/721 589/589 645/645
f 208/208 797/797 639/639
f 889/889 1049/1049 593/593
f 909/909 1126/1126 728/728
f 848/848 89/89 1020/1020
f 348/348 639/639 463/463
f 457/457 314/314 900/900
f 540/540 730/730 455/455
f 553/553 250/250 1092/1092
f 1126/1126 314/314 1039/1039
f 601/601 407/407 249/249
f 200/200 879/879 537/537
f 553/553 645/645 589/589
f 657/657 589/589 819/819
f 1049/1049 901/901 569/569
f 517/517 745/745 819/819
f 908/908 892/892 745/745
f 639/639 797/797 393/393
f 731/731 797/797 208/208
f 908/908 409/409 569/569
f 199/199 980/980 406/406
f 463/463 639/639 1018/1018
f 205/205 463/463 114/114
f 469/469 200/200 721/721
f 35/35 980/980 199/199
f 142/142 69/69 978/978
f 334/334 360/360 1130/1130
f 793/793 34/34 370/370
f 396/396 935/935 948/948
f 1039/1039 795/795 248/248
f 592/592 424/424 467/467
f 142/142 324/324 264/264
f 480/480 777/777 1058/1058
f 588/588 1039/1039 743/743
f 653/653 823/823 728/728
f 550/550 748/748 323/323
f 1011/1011 870/870 1024/1024
f 305/305 73/73 277/277
f 743/743 248/248 677/677
f 156/156 185/185 424/424
f 69/69 13/13 102/102
f 1125/1125 799/799 34/34
f 656/656 159/159 286/286
f 55/55 820/820 333/333
f 795/795 13/13 837/837
f 211/211 588/588 154/154
f 590/590 370/370 653/653
f 768/768 479/479 238/238
f 1097/1097 788/788 40/40
f 1046/1046 601/601 281/281
f 281/281 601/601 528/528
f 370/370 159/159 823/823
f 281/281 391/391 935/935
f 13/13 795/795 457/457
f 314/314 457/457 795/795
f 1033/1033 184/184 668/668
f 65/65 1085/1085 1006/1006
f 796/796 124/124 747/747
f 272/272 1117/1117 460/460
f 1085/1085 399/399 602/602
f 184/184 1033/1033 66/66
f 399/399 659/659 937/937
f 1007/1007 1072/1072 341/341
f 259/259 603/603 936/936
f 502/502 616/616 1033/1033
f 201/201 929/929 764/764
f 835/835 768/768 343/343
f 124/124 903/903 510/510
f 317/317 834/834 73/73
f 903/903 47/47 70/70
f 834/834 791/791 515/515
f 47/47 317/317 305/305
f 231/231 965/965 1000/1000
f 243/243 1099/1099 166/166
f 965/965 616/616 665/665
f 10/10 163/163 1099/1099
f 616/616 502/502 570/570
f 257/257 68/68 163/163
f 502/502 191/191 243/243
f 191/191 1086/1086 10/10
f 1086/1086 203/203 257/257
f 63/63 704/704 702/702
f 270/270 273/273 718/718
f 835/835 705/705 955/955
f 296/296 747/747 459/459
f 863/863 712/712 153/153
f 918/918 403/403 202/202
f 377/377 674/674 289/289
f 480/480 614/614 58/58
f 509/509 360/360 176/176
f 811/811 789/789 1015/1015
f 1043/1043 260/260 694/694
f 614/614 444/444 224/224
f 746/746 449/449 874/874
f 149/149 125/125 302/302
f 1026/1026 515/515 990/990
f 1059/1059 519/519 640/640
f 495/495 551/551 716/716
f 647/647 48/48 160/160
f 874/874 788/788 1097/1097
f 955/955 1059/1059 479/479
f 701/701 448/448 359/359
f 614/614 480/480 954/954
f 769/769 270/270 520/520
f 640/640 390/390 459/459
f 57/57 74/74 3/3
f 591/591 998/998 630/630
f 149/149 67/67 152/152
f 975/975 355/355 527/527
f 1113/1113 651/651 153/153
f 145/145 101/101 247/247
f 1015/1015 789/789 289/289
f 947/947 125/125 613/613
f 382/382 700/700 160/160
f 289/289 789/789 713/713
f 355/355 58/58 224/224
f 811/811 527/527 12/12
f 527/527 224/224 444/444
f 40/40 814/814 1090/1090
f 789/789 811/811 611/611
f 377/377 814/814 655/655
f 738/738 815/815 623/623
f 273/273 425/425 397/397
f 95/95 1101/1101 1130/1130
f 746/746 975/975 1015/1015
f 66/66 965/965 231/231
f 500/500 290/290 183/183
f 19/19 404/404 919/919
f 151/151 334/334 128/128
f 738/738 572/572 746/746
f 616/616 965/965 66/66
f 3/3 74/74 372/372
f 449/449 655/655 788/788
f 572/572 355/355 975/975
f 40/40 788/788 655/655
f 815/815 874/874 327/327
f 547/547 232/232 146/146
f 387/387 742/742 504/504
f 278/278 151/151 545/545
f 713/713 611/611 24/24
f 151/151 1097/1097 300/300
f 378/378 906/906 350/350
f 449/449 1015/1015 674/674
f 500/500 458/458 572/572
f 253/253 437/437 1078/1078
f 623/623 145/145 630/630
f 113/113 101/101 145/145
f 630/630 247/247 839/839
f 458/458 58/58 355/355
f 232/232 160/160 992/992
f 1105/1105 758/758 1005/1005
f 726/726 785/785 326/326
f 74/74 1104/1104 9/9
f 785/785 726/726 1090/1090
f 290/290 354/354 769/769
f 372/372 9/9 354/354
f 270/270 769/769 354/354
f 560/560 700/700 273/273
f 222/222 157/157 1084/1084
f 9/9 1104/1104 146/146
f 551/551 146/146 1104/1104
f 219/219 987/987 790/790
f 24/24 1016/1016 1025/1025
f 611/611 12/12 219/219
f 437/437 434/434 28/28
f 458/458 183/183 777/777
f 24/24 219/219 198/198
f 1016/1016 691/691 1068/1068
f 1016/1016 198/198 555/555
f 1025/1025 1068/1068 51/51
f 1037/1037 201/201 130/130
f 713/713 842/842 29/29
f 842/842 1025/1025 1077/1077
f 813/813 379/379 376/376
f 790/790 63/63 1095/1095
f 278/278 327/327 1097/1097
f 444/444 614/614 1091/1091
f 987/987 1091/1091 63/63
f 434/434 350/350 906/906
f 452/452 283/283 94/94
f 716/716 57/57 839/839
f 74/74 57/57 716/716
f 1130/1130 1101/1101 545/545
f 105/105 8/8 869/869
f 410/410 613/613 125/125
f 1089/1089 813/813 158/158
f 291/291 1114/1114 333/333
f 1000/1000 352/352 169/169
f 332/332 1115/1115 101/101
f 696/696 266/266 117/117
f 247/247 118/118 265/265
f 101/101 1115/1115 118/118
f 1101/1101 332/332 113/113
f 796/796 169/169 352/352
f 688/688 778/778 239/239
f 191/191 502/502 341/341
f 352/352 1042/1042 903/903
f 1086/1086 191/191 1072/1072
f 1042/1042 166/166 47/47
f 203/203 1086/1086 259/259
f 47/47 166/166 1099/1099
f 317/317 1099/1099 163/163
f 163/163 68/68 791/791
f 696/696 316/316 494/494
f 878/878 1094/1094 986/986
f 8/8 225/225 881/881
f 152/152 67/67 846/846
f 470/470 1130/1130 360/360
f 79/79 78/78 256/256
f 326/326 349/349 559/559
f 971/971 583/583 107/107
f 353/353 1061/1061 672/672
f 1003/1003 484/484 19/19
f 509/509 559/559 315/315
f 215/215 152/152 967/967
f 351/351 1032/1032 107/107
f 389/389 46/46 881/881
f 105/105 426/426 884/884
f 542/542 107/107 1032/1032
f 105/105 1055/1055 123/123
f 353/353 953/953 524/524
f 1061/1061 846/846 67/67
f 168/168 1034/1034 350/350
f 168/168 210/210 628/628
f 621/621 1108/1108 971/971
f 210/210 462/462 621/621
f 994/994 167/167 331/331
f 609/609 1093/1093 542/542
f 1044/1044 192/192 389/389
f 629/629 331/331 167/167
f 1065/1065 984/984 301/301
f 301/301 78/78 79/79
f 437/437 253/253 462/462
f 434/434 437/437 210/210
f 1034/1034 168/168 1093/1093
f 331/331 629/629 933/933
f 1045/1045 967/967 167/167
f 856/856 933/933 629/629
f 192/192 542/542 46/46
f 107/107 542/542 1093/1093
f 967/967 846/846 1010/1010
f 1065/1065 496/496 1061/1061
f 496/496 1010/1010 846/846
f 1075/1075 336/336 613/613
f 594/594 881/881 225/225
f 878/878 302/302 885/885
f 127/127 523/523 737/737
f 564/564 225/225 946/946
f 96/96 737/737 237/237
f 921/921 884/884 426/426
f 1060/1060 703/703 608/608
f 214/214 389/389 594/594
f 960/960 782/782 426/426
f 514/514 868/868 173/173
f 703/703 96/96 596/596
f 96/96 703/703 280/280
f 681/681 280/280 703/703
f 782/782 960/960 1022/1022
f 1129/1129 331/331 158/158
f 1032/1032 351/351 1055/1055
f 960/960 737/737 523/523
f 67/67 149/149 986/986
f 986/986 1094/1094 953/953
f 596/596 237/237 351/351
f 933/933 856/856 1004/1004
f 1074/1074 594/594 564/564
f 1075/1075 410/410 152/152
f 79/79 629/629 1010/1010
f 671/671 608/608 971/971
f 1128/1128 1034/1034 609/609
f 1055/1055 351/351 237/237
f 1021/1021 524/524 953/953
f 583/583 971/971 608/608
f 737/737 960/960 123/123
f 1023/1023 770/770 239/239
f 126/126 279/279 1065/1065
f 46/46 1032/1032 869/869
f 375/375 350/350 1034/1034
f 946/946 225/225 8/8
f 856/856 256/256 483/483
f 993/993 609/609 192/192
f 321/321 530/530 80/80
f 241/241 95/95 470/470
f 65/65 667/667 185/185
f 244/244 959/959 840/840
f 345/345 661/661 662/662
f 547/547 841/841 958/958
f 551/551 495/495 841/841
f 316/316 696/696 742/742
f 518/518 417/417 173/173
f 654/654 400/400 49/49
f 381/381 429/429 328/328
f 604/604 108/108 981/981
f 319/319 1081/1081 804/804
f 595/595 686/686 887/887
f 654/654 178/178 287/287
f 877/877 1035/1035 195/195
f 173/173 417/417 779/779
f 513/513 255/255 982/982
f 173/173 197/197 644/644
f 342/342 27/27 178/178
f 893/893 786/786 722/722
f 109/109 347/347 122/122
f 612/612 155/155 1047/1047
f 786/786 345/345 177/177
f 369/369 804/804 1081/1081
f 868/868 514/514 961/961
f 197/197 342/342 673/673
f 779/779 417/417 805/805
f 923/923 941/941 25/25
f 111/111 673/673 697/697
f 514/514 97/97 11/11
f 154/154 743/743 698/698
f 325/325 1005/1005 155/155
f 618/618 722/722 177/177
f 342/342 654/654 697/697
f 408/408 833/833 1047/1047
f 41/41 177/177 662/662
f 80/80 530/530 658/658
f 112/112 111/111 836/836
f 676/676 321/321 698/698
f 112/112 794/794 872/872
f 373/373 891/891 728/728
f 121/121 549/549 530/530
f 879/879 481/481 1008/1008
f 935/935 391/391 828/828
f 18/18 318/318 293/293
f 652/652 828/828 432/432
f 652/652 566/566 456/456
f 794/794 112/112 318/318
f 759/759 230/230 692/692
f 618/618 41/41 686/686
f 802/802 323/323 748/748
f 1011/1011 1020/1020 89/89
f 155/155 1040/1040 864/864
f 133/133 872/872 685/685
f 456/456 618/618 595/595
f 1046/1046 1050/1050 865/865
f 44/44 330/330 320/320
f 848/848 1009/1009 482/482
f 783/783 568/568 345/345
f 664/664 805/805 417/417
f 55/55 283/283 56/56
f 636/636 1071/1071 178/178
f 357/357 316/316 387/387
f 505/505 664/664 518/518
f 288/288 150/150 710/710
f 478/478 783/783 786/786
f 696/696 233/233 319/319
f 53/53 942/942 429/429
f 233/233 291/291 1081/1081
f 637/637 369/369 648/648
f 1036/1036 451/451 1098/1098
f 295/295 193/193 897/897
f 432/432 1125/1125 793/793
f 1057/1057 322/322 454/454
f 601/601 1046/1046 733/733
f 486/486 348/348 205/205
f 93/93 865/865 1050/1050
f 866/866 469/469 199/199
f 866/866 92/92 200/200
f 373/373 823/823 159/159
f 92/92 481/481 879/879
f 15/15 205/205 175/175
f 1019/1019 36/36 356/356
f 1019/1019 1012/1012 175/175
f 531/531 976/976 1118/1118
f 848/848 234/234 86/86
f 230/230 759/759 396/396
f 208/208 348/348 486/486
f 607/607 759/759 1050/1050
f 734/734 18/18 748/748
f 445/445 685/685 872/872
f 447/447 261/261 86/86
f 759/759 607/607 935/935
f 638/638 794/794 18/18
f 77/77 445/445 89/89
f 436/436 872/872 794/794
f 77/77 643/643 685/685
f 261/261 643/643 77/77
f 230/230 86/86 234/234
f 89/89 445/445 436/436
f 165/165 927/927 974/974
f 1024/1024 638/638 734/734
f 632/632 442/442 461/461
f 473/473 43/43 925/925
f 990/990 515/515 791/791
f 181/181 425/425 382/382
f 870/870 436/436 638/638
f 754/754 633/633 666/666
f 576/576 634/634 871/871
f 226/226 119/119 689/689
f 1073/1073 951/951 715/715
f 54/54 587/587 284/284
f 928/928 1038/1038 1124/1124
f 995/995 25/25 1111/1111
f 751/751 308/308 408/408
f 799/799 528/528 286/286
f 176/176 360/360 334/334
f 183/183 769/769 1058/1058
f 141/141 454/454 322/322
f 1110/1110 131/131 411/411
f 715/715 633/633 806/806