# https://github.com/mikedh/trimesh
mtllib material0.mtl
usemtl material0
v 0.01179648 -0.08298603 0.00489114
v 0.00330624 0.05362380 0.00625851
v 0.00330624 0.05362380 0.00625851
v 0.00059328 0.02519523 0.00163386
v -0.00512640 0.08973414 0.00221517
v -0.00512640 0.08973414 0.00221517
v -0.00612864 0.02518578 0.00351810
v -0.00689472 -0.08711820 0.00033849
v 0.00449280 -0.06697161 0.00009342
v 0.00172224 -0.05667930 0.00151479
v 0.01570752 -0.06769251 0.00581688
v 0.01570752 -0.06769251 0.00581688
v 0.01617984 -0.06950250 0.00480879
v 0.01028160 0.07691454 0.00642105
v 0.01122624 0.06963030 0.00669222
v 0.01122624 0.06963030 0.00669222
v -0.01006272 -0.07754580 0.00033975
v -0.00469440 0.04488741 0.00638802
v -0.00551808 0.08705502 0.00624753
v -0.00604800 -0.00000054 0.00582570
v 0.01211904 0.07280190 0.00007911
v 0.00645696 0.05956002 0.00063585
v -0.00132480 -0.04508649 0.00540009
v -0.00927936 0.07540551 0.00009216
v -0.00633024 0.05954175 0.00064368
v -0.01617984 0.07795674 0.00222282
v -0.00367488 0.07333551 0.00059679
v 0.00977472 0.06838308 0.00031761
v 0.00977472 0.06838308 0.00031761
v 0.00570816 0.05362686 0.00067131
v 0.00417600 0.07088328 0.00642519
v -0.00419904 -0.04488390 0.00589779
v -0.00419904 -0.04488390 0.00589779
v -0.00472896 0.05361237 0.00638748
v 0.00258624 -0.07082622 0.00643590
v -0.00366336 0.07410735 0.00351324
v 0.00241344 -0.06433164 0.00639117
v -0.00767232 -0.08717193 0.00639891
v 0.00442737 0.05362506 0.00063747
v 0.01474929 -0.06950682 0.00077769
v -0.00129231 -0.07200189 0.00121590
v 0.01582065 -0.06950376 0.00120519
v 0.01582065 -0.06950376 0.00120519
v 0.01481841 0.07471161 0.00119592
v 0.01481841 0.07471161 0.00119592
v -0.00647055 0.05360958 0.00121050
v 0.01140849 0.08141976 0.00031572
v 0.01140849 0.08141976 0.00031572
v -0.01330191 -0.08247276 0.00626391
v -0.00592911 -0.02518731 0.00121554
v -0.01259343 0.06829371 0.00078516
v -0.00657423 -0.08164935 0.00079164
v 0.01283121 0.08142219 0.00580851
v -0.00268047 -0.04500432 0.00164070
v 0.01082673 -0.07686864 0.00009018
v 0.01082673 -0.07686864 0.00009018
v -0.00568719 0.08999982 0.00221553
v -0.00645327 -0.05361228 0.00352368
v 0.00333873 0.02519946 0.00551637
v -0.00491535 0.00000072 0.00064692
v 0.00340209 0.06219450 0.00638190
v 0.00063153 0.00000900 0.00539577
v 0.01237041 -0.08136999 0.00670185
v 0.01237041 -0.08136999 0.00670185
v 0.00375921 0.02519973 0.00113598
v 0.00375921 0.02519973 0.00113598
v -0.00538191 -0.08702523 0.00644184
v 0.01503153 -0.07465347 0.00120600
v 0.01503153 -0.07465347 0.00120600
v -0.00448911 0.05671422 0.00064278
v 0.00677745 -0.07162191 0.00059589
v 0.01008369 -0.06693732 0.00064224
v 0.01150065 -0.08137170 0.00078057
v 0.01551330 0.07278642 0.00350154
v -0.00978462 0.08465580 0.00638847
v -0.00512478 0.08973432 0.00481095
v -0.00512478 0.08973432 0.00481095
v 0.00071586 -0.06608673 0.00056907
v 0.00962658 -0.07469541 0.00032742
v 0.00962658 -0.07469541 0.00032742
v 0.00874530 -0.07285653 0.00009117
v -0.00552222 0.07423344 0.00693891
v -0.00274590 -0.06002802 0.00639405
v 0.01206306 -0.08244765 0.00032652
v 0.01206306 -0.08244765 0.00032652
v 0.01206306 -0.08244765 0.00032652
v -0.00981918 0.06228990 0.00221994
v 0.00941346 0.07473798 0.00031734
v 0.00941346 0.07473798 0.00031734
v 0.00941346 0.07473798 0.00031734
v -0.00780894 -0.07563969 0.00002268
v 0.01035810 -0.05952060 0.00077976
v 0.00516834 0.02520171 0.00067356
v -0.00591966 -0.04488642 0.00582867
v -0.00591966 -0.04488642 0.00582867
v -0.00927774 0.08198982 0.00009171
v 0.00717858 0.05362911 0.00350802
v -0.01617822 0.07795692 0.00481860
v 0.01083618 -0.07916976 0.00221688
v -0.00667998 0.07746984 0.00221697
v -0.00030942 -0.04509387 0.00163926
v -0.00585054 -0.07543800 0.00033705
v -0.00585054 -0.07543800 0.00033705
v -0.00585054 -0.07543800 0.00033705
v -0.00543582 -0.08996499 0.00583146
v 0.00606690 0.06725772 0.00693225
v 0.00406242 0.05964984 0.00638163
v 0.01237986 0.06232149 0.00077013
v 0.01597986 0.06956424 0.00220356
v -0.00495405 -0.05360994 0.00639495
v -0.00878445 0.06837012 0.00638901
v 0.01316115 -0.08136909 0.00351351
v -0.00606573 0.07543638 0.00032688
v -0.00606573 0.07543638 0.00032688
v 0.00071955 -0.06608628 0.00647127
v -0.00470637 0.00000099 0.00064683
v -0.00671085 -0.08710542 0.00010161
v -0.00671085 -0.08710542 0.00010161
v 0.00308115 -0.05359878 0.00114174
v 0.00308115 -0.05359878 0.00114174
v 0.00626643 -0.06444846 0.00064449
v -0.00824301 0.06229242 0.00635445
v -0.00482157 -0.02518533 0.00639288
v 0.01287315 -0.07686522 0.00670122
v 0.01287315 -0.07686522 0.00670122
v -0.01472877 -0.07187130 0.00583596
v -0.01472877 -0.07187130 0.00583596
v -0.00540909 0.08708382 0.00120753
v 0.00514899 -0.05669748 0.00638892
v 0.01252179 -0.08298504 0.00351405
v -0.00646893 -0.08163864 0.00121977
v -0.00747117 -0.07914780 0.00010161
v 0.01411731 0.07278660 0.00623646
v 0.01087443 -0.07916949 0.00582066
v -0.00145197 0.06239646 0.00064053
v 0.01518291 -0.06513678 0.00480906
v 0.00238419 0.07084953 0.00642627
v 0.00156051 0.05669955 0.00150714
v 0.00156051 0.05669955 0.00150714
v -0.00362925 -0.05689620 0.00072936
v -0.00362925 -0.05689620 0.00072936
v -0.00563373 0.08702541 0.00059706
v 0.00233235 -0.05621400 0.00114237
v 0.00233235 -0.05621400 0.00114237
v 0.01089747 0.07921629 0.00031617
v 0.01089747 0.07921629 0.00031617
v 0.00618003 0.02520324 0.00120465
v -0.00832941 0.07260669 0.00670401
v 0.00854163 0.07289703 0.00693036
v 0.00942867 0.07138269 0.00700875
v 0.00176211 0.05399280 0.00163116
v 0.01031571 0.07691418 0.00031662
v 0.01031571 0.07691418 0.00031662
v 0.00636435 -0.04486914 0.00120933
v 0.00636435 -0.04486914 0.00120933
v 0.00153171 -0.06021234 0.00639144
v 0.00890451 -0.05669217 0.00481239
v 0.00430596 0.06700005 0.00693333
v -0.00707580 0.08868429 0.00632511
v 0.00914436 0.07473888 0.00581121
v 0.00914436 0.07473888 0.00581121
v -0.00784188 -0.07296732 0.00010134
v -0.00589500 0.08897661 0.00670140
v -0.00589500 0.08897661 0.00670140
v 0.00071172 -0.07098327 0.00670824
v 0.00071172 -0.07098327 0.00670824
v -0.00241020 -0.05689098 0.00151731
v -0.00547452 -0.05954274 0.00639567
v 0.00874116 0.05673321 0.00220896
v 0.01257732 -0.07686612 0.00008910
v 0.00650628 -0.04486878 0.00351513
v -0.00569916 0.07556778 0.00108576
v -0.00569916 0.07556778 0.00108576
v -0.01413180 -0.08248491 0.00122454
v -0.01413180 -0.08248491 0.00122454
v -0.00605052 0.04488516 0.00121086
v 0.01258884 -0.07466211 0.00008892
v 0.01023300 -0.07686936 0.00221715
v 0.01188612 0.08357409 0.00350307
v 0.01188612 0.08357409 0.00350307
v -0.01294524 -0.08017353 0.00069192
v -0.00044028 0.02519406 0.00539469
v -0.00981756 0.06229008 0.00481572
v 0.00958788 -0.07469550 0.00059877
v 0.01166148 0.08303526 0.00104958
v 0.01166148 0.08303526 0.00104958
v -0.00656316 -0.08938206 0.00583209
v 0.00399492 0.00001377 0.00626175
v 0.00399492 0.00001377 0.00626175
v 0.01083780 -0.07916958 0.00481266
v -0.00667836 0.07747002 0.00481275
v 0.00258372 -0.07079130 0.00033156
v 0.00258372 -0.07079130 0.00033156
v 0.01060740 0.07691454 0.00007974
v -0.00118908 -0.05896287 0.00077265
v -0.00590652 -0.05361165 0.00078930
v -0.00590652 -0.05361165 0.00078930
v -0.00720252 -0.05671530 0.00352440
v 0.00937476 0.07473798 0.00058869
v 0.00937476 0.07473798 0.00058869
v 0.01598148 0.06956442 0.00479934
v -0.00536715 -0.08891964 0.00010098
v -0.00129483 -0.07171281 0.00033399
v -0.00129483 -0.07171281 0.00033399
v -0.00672075 0.08927784 0.00078012
v -0.00672075 0.08927784 0.00078012
v -0.00406539 -0.05966343 0.00065052
v 0.00230517 -0.05568732 0.00561897
v 0.00230517 -0.05568732 0.00561897
v 0.00401589 -0.02517273 0.00626346
v 0.00401589 -0.02517273 0.00626346
v -0.00117387 -0.05849559 0.00589689
v 0.00637749 0.04490298 0.00221121
v -0.00960651 0.08203743 0.00670419
v -0.00547659 0.08974656 0.00077931
v -0.00547659 0.08974656 0.00077931
v -0.00954315 -0.08466714 0.00639990
v -0.00812619 -0.07261434 0.00033822
v 0.00243189 0.06863706 0.00000657
v -0.00517131 -0.07494975 0.00077886
v -0.00517131 -0.07494975 0.00077886
v 0.01246581 -0.08137026 0.00059742
v 0.01246581 -0.08137026 0.00059742
v -0.00823563 -0.05954679 0.00482310
v -0.00923787 0.08729775 0.00624978
v -0.00923787 0.08729775 0.00624978
v -0.00363339 -0.07078554 0.00001980
v -0.01354059 0.08245026 0.00078471
v 0.01064565 0.07921602 0.00119817
v -0.00680715 0.08164575 0.00078066
v 0.01236213 0.07691751 0.00692766
v -0.01588491 0.07795368 0.00121464
v -0.01588491 0.07795368 0.00121464
v -0.00532683 -0.07598016 0.00222669
v -0.00532683 -0.07598016 0.00222669
v 0.00422901 -0.05962221 0.00064539
v 0.01455093 0.06956406 0.00076833
v -0.00715275 -0.07720776 0.00010125
v 0.01190133 -0.08298576 0.00596808
v 0.01190133 -0.08298576 0.00596808
v 0.00570933 -0.07097454 0.00643824
v 0.00930933 0.06872616 0.00008118
v 0.01562229 0.06956415 0.00119583
v 0.01562229 0.06956415 0.00119583
v -0.00826443 0.08457228 0.00693990
v 0.01137717 0.08142021 0.00642006
v 0.01061109 0.07921611 0.00350415
v -0.00543051 -0.09000000 0.00222768
v 0.01444725 -0.07103286 0.00077805
v -0.00596043 -0.08446338 0.00644202
v 0.00996966 -0.06833952 0.00032679
v 0.00996966 -0.06833952 0.00032679
v 0.00996966 -0.06833952 0.00032679
v 0.00625446 -0.06722433 0.00009234
v 0.00206694 0.02519739 0.00163296
v -0.01344474 -0.07790814 0.00636723
v -0.00660186 -0.05671458 0.00079002
v 0.01303974 -0.06924024 0.00067518
v -0.00766170 0.06859053 0.00638829
v 0.00626022 -0.07109442 0.00670491
v 0.00626022 -0.07109442 0.00670491
v 0.00874278 0.05673339 0.00480474
v 0.00897894 -0.05952213 0.00635220
v -0.00977562 0.08737731 0.00221823
v -0.00122202 -0.06036327 0.00639315
v 0.01375974 -0.07916535 0.00581895
v 0.01375974 -0.07916535 0.00581895
v -0.00487386 -0.05954193 0.00639531
v 0.01471014 0.06519555 0.00580842
v 0.01471014 0.06519555 0.00580842
v 0.01023462 -0.07686918 0.00481293
v 0.01265382 0.07691796 0.00669087
v 0.01265382 0.07691796 0.00669087
v 0.00498726 0.05672817 0.00638127
v 0.00811494 -0.07287408 0.00643257
v -0.00149850 0.07187724 0.00077805
v -0.00149850 0.07187724 0.00077805
v -0.01146330 0.06515784 0.00121275
v -0.01146330 0.06515784 0.00121275
v -0.00886554 0.08460468 0.00056466
v -0.00691866 0.07715241 0.00643158
v -0.00155034 0.06777072 0.00693693
v 0.00576486 0.02520261 0.00077679
v 0.00576486 0.02520261 0.00077679
v -0.00585306 -0.08446752 0.00625950
v -0.00962586 0.06229017 0.00121185
v -0.00962586 0.06229017 0.00121185
v -0.00154458 0.06658551 0.00646353
v -0.01168794 0.06515766 0.00222093
v 0.00252774 0.05992596 0.00063828
v 0.01108134 0.07917174 0.00007938
v 0.01108134 0.07917174 0.00007938
v 0.01179558 -0.08298612 0.00351450
v -0.00583785 -0.07544934 0.00059679
v -0.00583785 -0.07544934 0.00059679
v -0.00565929 -0.00000036 0.00078552
v -0.00565929 -0.00000036 0.00078552
v 0.00071703 -0.07044012 0.00694494
v -0.00705897 0.07911648 0.00221715
v -0.00682281 -0.08868789 0.00633708
v -0.00670185 0.08163540 0.00120870
v 0.00999063 -0.06840711 0.00050211
v 0.00999063 -0.06840711 0.00050211
v 0.00999063 -0.06840711 0.00050211
v -0.00628137 -0.06918678 0.00644733
v 0.01235799 0.07691706 0.00007875
v -0.00616041 -0.05954409 0.00065178
v 0.00581463 0.04490208 0.00077544
v 0.00581463 0.04490208 0.00077544
v -0.00438633 0.02518812 0.00114093
v -0.00438633 0.02518812 0.00114093
v -0.00857385 -0.06517053 0.00639801
v -0.00568233 -0.07243407 0.00002115
v 0.00210519 0.00001107 0.00539487
v 0.01142487 -0.06958170 0.00670158
v 0.01142487 -0.06958170 0.00670158
v -0.00532521 -0.07597998 0.00482247
v -0.00532521 -0.07597998 0.00482247
v 0.00989271 0.06698124 0.00063324
v -0.00491049 0.04488714 0.00638820
v -0.00420201 -0.04488426 0.00114561
v -0.00420201 -0.04488426 0.00114561
v 0.01001367 0.07691391 0.00220680
v 0.00871767 -0.05669271 0.00120870
v 0.00871767 -0.05669271 0.00120870
v -0.00337257 -0.05628096 0.00114588
v -0.00337257 -0.05628096 0.00114588
v -0.01280745 0.07184601 0.00068139
v 0.01078551 0.06229485 0.00634275
v -0.00649449 -0.07722000 0.00121941
v -0.00542889 -0.08999982 0.00482346
v -0.00395433 0.06890913 0.00008928
v -0.01504233 -0.08028153 0.00583668
v -0.01504233 -0.08028153 0.00583668
v 0.00135639 0.06023232 0.00063891
v 0.00531144 0.00001530 0.00067518
v 0.00785160 -0.07287804 0.00351621
v 0.00785160 -0.07287804 0.00351621
v 0.01582344 -0.06950340 0.00581697
v 0.01582344 -0.06950340 0.00581697
v -0.00977400 0.08737749 0.00481401
v -0.00646776 0.05360985 0.00582228
v -0.00646776 0.05360985 0.00582228
v -0.00505080 0.08900964 0.00351306
v 0.01353096 0.07922016 0.00119646
v 0.01353096 0.07922016 0.00119646
v -0.01236024 0.08239077 0.00068040
v 0.00999432 -0.06840666 0.00652707
v 0.00999432 -0.06840666 0.00652707
v 0.00999432 -0.06840666 0.00652707
v -0.01188792 0.07519401 0.00639045
v -0.00598968 0.08447076 0.00120807
v -0.00528120 -0.08840187 0.00688851
v -0.00528120 -0.08840187 0.00688851
v -0.00262584 0.05838273 0.00626184
v -0.01418616 -0.08026524 0.00079623
v -0.00952632 -0.08738919 0.00223002
v -0.00952632 -0.08738919 0.00223002
v -0.00964152 -0.06230196 0.00222840
v -0.00964152 -0.06230196 0.00222840
v 0.01601928 -0.06769206 0.00351081
v -0.00521208 0.00000027 0.00068166
v -0.00155448 0.06777027 0.00008793
v -0.00379512 -0.06827724 0.00671085
v 0.00257544 -0.07107309 0.00222147
v 0.01112904 0.08141949 0.00220572
v -0.00019512 -0.05446386 0.00540000
v 0.00700488 0.06922683 0.00000369
v -0.01464120 0.08246304 0.00351945
v -0.01464120 0.08246304 0.00351945
v -0.00708984 -0.08713170 0.00057528
v -0.00708984 -0.08713170 0.00057528
v -0.01127736 -0.06517476 0.00122157
v -0.01127736 -0.06517476 0.00122157
v 0.00270216 -0.05990265 0.00639063
v 0.00341064 -0.02517372 0.00551979
v -0.01168632 0.06515784 0.00481671
v 0.01503432 -0.07465320 0.00581778
v 0.01503432 -0.07465320 0.00581778
v 0.01255752 -0.06227046 0.00077859
v 0.00188424 0.06227100 0.00638280
v 0.00383112 -0.02517336 0.00113931
v 0.00383112 -0.02517336 0.00113931
v -0.00601848 -0.07594497 0.00077940
v -0.00601848 -0.07594497 0.00077940
v -0.01150200 -0.06517503 0.00222975
v 0.00790344 0.07291278 0.00058968
v 0.00436473 -0.07106265 0.00121239
v -0.00424647 -0.04488435 0.00077364
v -0.00424647 -0.04488435 0.00077364
v 0.01392057 -0.07916535 0.00221499
v 0.00088569 -0.05721930 0.00552357
v 0.00796473 -0.06781320 0.00694026
v 0.00696249 -0.07096392 0.00694116
v 0.01457145 0.06775191 0.00076842
v 0.01185849 0.08288487 0.00066393
v 0.01185849 0.08288487 0.00066393
v 0.01185849 0.08288487 0.00066393
v 0.01185849 0.08288487 0.00066393
v 0.01233081 -0.07275123 0.00693792
v -0.00542151 0.08983530 0.00120735
v -0.01361799 0.06829254 0.00351981
v -0.01555911 0.08025903 0.00352017
v -0.00435015 -0.02518470 0.00626859
v 0.00644409 -0.07056873 0.00009243
v -0.00705735 0.07911666 0.00481293
v -0.00511047 0.05361147 0.00064341
v -0.00982791 0.06516054 0.00635526
v -0.00345735 -0.07344063 0.00625725
v -0.00628551 -0.08447877 0.00695025
v -0.00628551 -0.08447877 0.00695025
v -0.01595655 -0.07798680 0.00353124
v -0.00498375 -0.08963451 0.00625932
v -0.00498375 -0.08963451 0.00625932
v -0.00498375 -0.08963451 0.00625932
v 0.01212345 -0.08352414 0.00190161
v 0.01212345 -0.08352414 0.00190161
v 0.01212345 -0.08352414 0.00190161
v 0.01330425 -0.07465635 0.00642951
v 0.01330425 -0.07465635 0.00642951
v -0.00645255 -0.05361219 0.00482157
v -0.00727623 0.08170731 0.00693945
v -0.00432711 0.04488795 0.00589176
v -0.00432711 0.04488795 0.00589176
v -0.00986823 0.07748505 0.00009234
v 0.00635193 0.00001683 0.00120627
v -0.00992583 -0.06830856 0.00639900
v 0.00075321 -0.06663735 0.00670797
v 0.01131129 -0.07912395 0.00693900
v 0.01131129 -0.07912395 0.00693900
v 0.01001529 0.07691409 0.00480258
v -0.00602631 -0.08911917 0.00636345
v 0.00524025 -0.02517138 0.00067698
v 0.01538937 0.07108875 0.00119583
v 0.01538937 0.07108875 0.00119583
v 0.00070713 -0.07124283 0.00582642
v 0.00412857 -0.06432255 0.00639009
v -0.01150038 -0.06517485 0.00482553
v 0.01551402 0.07278651 0.00479943
v 0.00702378 0.05362911 0.00581400
v 0.00702378 0.05362911 0.00581400
v 0.00059562 0.02519550 0.00539406
v 0.00720234 -0.06919119 0.00001305
v 0.01209834 -0.08283483 0.00635346
v 0.01209834 -0.08283483 0.00635346
v 0.01209834 -0.08283483 0.00635346
v 0.01209834 -0.08283483 0.00635346
v -0.00482454 -0.05671170 0.00639504
v 0.01139562 -0.08137179 0.00120870
v -0.00346518 -0.06525594 0.00065052
v 0.00679914 -0.06640362 0.00643905
v -0.00676566 0.06554700 0.00638793
v 0.01163754 0.07903836 0.00700686
v -0.01059606 0.07970319 0.00056601
v 0.00609642 0.07118748 0.00644130
v -0.00275094 -0.02518272 0.00163935
v -0.00965142 0.07165665 0.00064494
v -0.00528534 -0.08840232 0.00016227
v -0.00528534 -0.08840232 0.00016227
v -0.00634518 0.07508313 0.00693936
v 0.01276650 -0.08136954 0.00624780
v 0.01276650 -0.08136954 0.00624780
v -0.01094166 0.08471223 0.00635463
v -0.00604566 -0.07063470 0.00694908
v 0.00327402 -0.04489650 0.00552123
v -0.00952470 -0.08738901 0.00482580
v -0.00952470 -0.08738901 0.00482580
v -0.00963990 -0.06230178 0.00482418
v -0.00963990 -0.06230178 0.00482418
v 0.01537002 -0.07272711 0.00120573
v 0.01537002 -0.07272711 0.00120573
v 0.00652266 0.07078518 0.00693171
v 0.00599274 0.07106121 0.00669528
v 0.00599274 0.07106121 0.00669528
v 0.00050922 0.07100127 0.00669870
v 0.00050922 0.07100127 0.00669870
v -0.00137430 -0.02518074 0.00163854
v -0.00827478 0.08184888 0.00701892
v -0.00532566 -0.07623657 0.00352458
v -0.00532566 -0.07623657 0.00352458
v 0.01113066 0.08141967 0.00480150
v -0.00904086 0.06229134 0.00625140
v -0.00667926 -0.08166015 0.00060921
v -0.00673686 -0.07715943 0.00033768
v -0.00673686 -0.07715943 0.00033768
v 0.00618282 0.02520351 0.00581643
v -0.00567126 0.08701569 0.00032580
v -0.00567126 0.08701569 0.00032580
v -0.01050390 -0.07759692 0.00057672
v 0.00070506 -0.07128009 0.00352053
v -0.00135702 -0.06775857 0.00694602
v 0.00330282 0.05362344 0.00076221
v 0.00330282 0.05362344 0.00076221
v -0.00554454 0.05361120 0.00635346
v 0.01392219 -0.07916517 0.00481077
v -0.00317925 -0.05578668 0.00562239
v -0.00317925 -0.05578668 0.00562239
v 0.01027035 -0.07686936 0.00120915
v 0.00631899 0.02520351 0.00221256
v 0.01263195 -0.08256636 0.00141399
v 0.00237339 0.07109595 0.00350973
v -0.00245925 -0.05837373 0.00626976
v -0.00599589 -0.05671332 0.00636120
v 0.00550683 0.07100676 0.00642870
v 0.00887067 -0.07037199 0.00001206
v -0.00540261 0.08986500 0.00221535
v -0.01330533 -0.08247312 0.00079587
v -0.00009189 -0.05753754 0.00552420
v -0.00604773 0.04488552 0.00582264
v -0.00604773 0.04488552 0.00582264
v -0.00510309 -0.08953704 0.00033750
v -0.00510309 -0.08953704 0.00033750
v -0.00510309 -0.08953704 0.00033750
v 0.00592731 0.07148862 0.00107802
v -0.00516069 -0.08708328 0.00121932
v -0.00816741 -0.07223805 0.00057492
v 0.01171035 -0.08256744 0.00561447
v -0.00751653 -0.06526494 0.00065295
v -0.00728037 0.08170686 0.00009045
v -0.00267813 -0.04500405 0.00540090
v -0.00373797 0.05373603 0.00551880
v -0.00373797 0.05373603 0.00551880
v -0.01340901 -0.07525845 0.00069183
v -0.00780453 -0.07563924 0.00702936
v 0.01130715 -0.07912440 0.00009000
v 0.01130715 -0.07912440 0.00009000
v 0.00417051 0.07098705 0.00624267
v -0.00696933 -0.07905573 0.00625977
v -0.01239525 -0.06831351 0.00626238
v -0.00719973 0.07402131 0.00001206
v -0.00531045 -0.07423254 0.00694890
v 0.01232667 -0.07275168 0.00008892
v -0.00489573 0.06245253 0.00064260
v -0.00625140 0.07063299 0.00009054
v -0.00483444 -0.08898966 0.00121923
v 0.00448524 0.02520072 0.00063945
v 0.00366156 -0.04487301 0.00114075
v 0.00366156 -0.04487301 0.00114075
v 0.00779148 0.07291404 0.00077229
v 0.01086156 0.07921629 0.00058743
v -0.01102068 0.08223777 0.00638937
v -0.00364788 0.06526161 0.00638604
v 0.00266508 -0.06698133 0.00694350
v 0.01369548 0.07922052 0.00350226
v -0.01007028 0.07492275 0.00643977
v -0.00346356 -0.07329285 0.00671103
v -0.00346356 -0.07329285 0.00671103
v -0.00634932 0.07508268 0.00009036
v -0.01477620 -0.07797141 0.00079650
v 0.01147212 0.08261631 0.00140337
v 0.01064844 0.07921629 0.00580995
v -0.00886644 -0.06230097 0.00079173
v 0.01053900 -0.07686855 0.00670266
v 0.01053900 -0.07686855 0.00670266
v 0.01189836 -0.08298621 0.00106074
v 0.01189836 -0.08298621 0.00106074
v -0.01588212 0.07795395 0.00582642
v -0.01588212 0.07795395 0.00582642
v 0.00175500 0.05818320 0.00625914
v -0.00514548 -0.08986428 0.00352539
v 0.00340812 -0.02517399 0.00151155
v -0.01587636 0.07525278 0.00582660
v -0.01587636 0.07525278 0.00582660
v -0.01151028 -0.07994241 0.00640080
v -0.00519732 0.08893593 0.00077913
v 0.01220364 0.07917381 0.00692766
v 0.01220364 0.07917381 0.00692766
v 0.01562508 0.06956442 0.00580761
v 0.01562508 0.06956442 0.00580761
v -0.01126467 -0.06831153 0.00636525
v 0.01126845 0.08141967 0.00076959
v -0.00424323 -0.05360895 0.00639450
v 0.01038717 -0.07686882 0.00624897
v -0.00736515 0.05671026 0.00221886
v 0.00637821 0.04490307 0.00350910
v 0.01122237 0.06962985 0.00031662
v 0.01122237 0.06962985 0.00031662
v -0.00605763 -0.02518740 0.00222363
v -0.00139779 0.06037542 0.00064062
v -0.01012419 0.06829578 0.00064548
v -0.00581571 0.08924292 0.00061299
v -0.00581571 0.08924292 0.00061299
v -0.00540099 0.08986518 0.00481113
v 0.00091197 -0.05819859 0.00589554
v 0.00681021 -0.07162326 0.00032895
v 0.00681021 -0.07162326 0.00032895
v -0.00498627 0.05671395 0.00638739
v -0.00769923 0.06525909 0.00638847
v 0.01170621 -0.07686693 0.00701748
v 0.01141245 0.08142021 0.00669132
v 0.01141245 0.08142021 0.00669132
v -0.01099971 -0.07185969 0.00639990
v 0.01076733 -0.06843258 0.00064197
v 0.00027261 0.06233859 0.00638379
v 0.01277757 -0.07916706 0.00059706
v 0.01277757 -0.07916706 0.00059706
v 0.00458109 0.00001431 0.00064107
v -0.00378819 0.05690151 0.00630729
v -0.00378819 0.05690151 0.00630729
v 0.01213821 0.08142129 0.00669087
v 0.01213821 0.08142129 0.00669087
v -0.01493379 0.07184520 0.00582624
v -0.01493379 0.07184520 0.00582624
v -0.00962307 0.06229044 0.00582363
v -0.00962307 0.06229044 0.00582363
v 0.01096317 -0.06224760 0.00635121
v 0.00176445 0.05399307 0.00539136
v 0.00088317 -0.05721957 0.00151533
v 0.00613422 -0.07145559 0.00594675
v 0.00613422 -0.07145559 0.00594675
v 0.00613422 -0.07145559 0.00594675
v -0.00471762 -0.06245073 0.00065106
v 0.00601902 -0.06881796 0.00001377
v 0.01203822 0.08124165 0.00692757
v 0.01203822 0.08124165 0.00692757
v 0.01510830 0.07471197 0.00350163
v -0.01072530 0.07758216 0.00056628
v -0.00446994 -0.02518524 0.00064836
v -0.00446994 -0.02518524 0.00064836
v 0.00950958 -0.06868341 0.00693945
v 0.01416942 -0.07465473 0.00624645
v -0.00381906 -0.04491387 0.00552564
v -0.00381906 -0.04491387 0.00552564
v 0.00963054 -0.07469496 0.00670302
v 0.00963054 -0.07469496 0.00670302
v 0.01228590 -0.06504210 0.00635058
v 0.01228590 0.08303652 0.00487944
v 0.00733230 -0.05359248 0.00481311
v -0.00334098 0.05579325 0.00141381
v -0.00334098 0.05579325 0.00141381
v -0.00634770 0.07593561 0.00670257
v -0.00634770 0.07593561 0.00670257
v -0.01566162 -0.07528158 0.00583677
v -0.01566162 -0.07528158 0.00583677
v -0.00610578 -0.07593948 0.00060561
v 0.00050094 0.07126038 0.00120501
v -0.00740178 0.06229368 0.00638856
v -0.00964242 0.08735724 0.00121014
v -0.00964242 0.08735724 0.00121014
v -0.00574866 -0.08447202 0.00121950
v 0.01306926 0.07278660 0.00641961
v -0.00733842 0.08712657 0.00056349
v -0.00733842 0.08712657 0.00056349
v 0.01206702 -0.08244720 0.00670212
v 0.01206702 -0.08244720 0.00670212
v 0.01206702 -0.08244720 0.00670212
v 0.00345582 -0.05359833 0.00076941
v 0.00345582 -0.05359833 0.00076941
v -0.00615762 0.05671224 0.00635355
v -0.01441170 0.08024031 0.00625347
v 0.01236654 -0.08137044 0.00032625
v 0.01236654 -0.08137044 0.00032625
v 0.00399150 0.00001341 0.00076545
v 0.00399150 0.00001341 0.00076545
v -0.01205010 0.07773228 0.00064602
v -0.01440594 -0.08248860 0.00353061
v -0.00555858 0.05671269 0.00064341
v -0.00691218 0.08165619 0.00059823
v 0.00872046 -0.05669244 0.00582048
v 0.00872046 -0.05669244 0.00582048
v 0.01261422 -0.07916733 0.00032589
v 0.01261422 -0.07916733 0.00032589
v -0.00561042 0.02518677 0.00625185
v -0.00561042 0.02518677 0.00625185
v -0.00649170 -0.07721973 0.00583119
v 0.00353646 0.04489911 0.00588690
v 0.00353646 0.04489911 0.00588690
v -0.00654930 -0.07586262 0.00694980
v 0.01551150 0.06775290 0.00119601
v 0.01551150 0.06775290 0.00119601
v -0.00737298 0.07720245 0.00009081
v 0.00401247 -0.02517318 0.00076716
v 0.00401247 -0.02517318 0.00076716
v -0.00318177 -0.05578704 0.00142137
v -0.00318177 -0.05578704 0.00142137
v 0.00436959 -0.07095906 0.00078417
v -0.00595233 0.08447247 0.00351396
v -0.00353313 0.05628663 0.00113832
v -0.00353313 0.05628663 0.00113832
v -0.00736353 0.05671044 0.00481464
v -0.00588897 0.07243299 0.00001143
v 0.00608607 0.06448185 0.00638010
v 0.01292895 0.08142219 0.00350253
v -0.01072161 0.07758252 0.00646848
v -0.00641313 -0.06232131 0.00065214
v 0.01317087 0.06232266 0.00119781
v 0.01317087 0.06232266 0.00119781
v -0.00605601 -0.02518722 0.00481941
v -0.00705825 0.07915932 0.00351504
v 0.00214623 0.05570982 0.00561141
v 0.00214623 0.05570982 0.00561141
v -0.00009441 -0.05753790 0.00151596
v -0.00876321 0.06516171 0.00064485
v 0.00055647 0.06719877 0.00693567
v 0.01353375 0.07922043 0.00580824
v 0.01353375 0.07922043 0.00580824
v -0.01501281 -0.07187211 0.00223236
v 0.00439263 -0.07027092 0.00009369
v -0.00132705 -0.04508676 0.00163989
v 0.00451359 -0.06642135 0.00670563
v 0.00675999 0.07099983 0.00693153
v 0.00422559 0.06592482 0.00055782
v 0.00670815 -0.05359329 0.00624960
v -0.00508833 0.08899110 0.00120726
v -0.00632673 0.05954220 0.00638802
v 0.00647775 0.07165260 0.00625851
v 0.00571167 0.05362722 0.00634653
v -0.00366561 0.07364277 0.00120744
v 0.01031967 0.07691463 0.00669222
v 0.01031967 0.07691463 0.00669222
v -0.00519201 -0.07483257 0.00033660
v -0.00519201 -0.07483257 0.00033660
v -0.00601200 0.07548264 0.00629460
v -0.00601200 0.07548264 0.00629460
v 0.00206928 0.02519766 0.00539316
v 0.00000720 -0.05902083 0.00077193
v 0.00443088 0.05362542 0.00638181
v 0.00590544 0.07164513 0.00350757
v 0.00166032 -0.05758146 0.00589509
v 0.01286928 -0.07686567 0.00032562
v 0.01286928 -0.07686567 0.00032562
v 0.01423440 0.07691985 0.00119619
v 0.01423440 0.07691985 0.00119619
v 0.01016784 0.07691436 0.00623853
v -0.00658224 -0.06555015 0.00065241
v 0.01058832 0.06982596 0.00692928
v -0.00433008 0.04488759 0.00113958
v -0.00433008 0.04488759 0.00113958
v 0.01283472 -0.07079913 0.00061245
v 0.00050832 0.07103835 0.00642744
v 0.00257616 -0.07107300 0.00351936
v 0.00794448 0.07291278 0.00669402
v 0.00794448 0.07291278 0.00669402
v 0.01148688 0.07691634 0.00700704
v -0.00685296 0.08941266 0.00351414
v 0.00441360 -0.06589701 0.00056673
v 0.00258768 -0.07079085 0.00670716
v 0.00258768 -0.07079085 0.00670716
v 0.00070416 -0.07124310 0.00121464
v -0.00643248 -0.08163486 0.00352557
v 0.01539216 0.07108911 0.00580761
v 0.01539216 0.07108911 0.00580761
v -0.00849456 0.07110108 0.00064422
v 0.00660609 0.06643854 0.00058482
v 0.00241857 0.06593373 0.00055899
v -0.00719487 0.07905177 0.00624915
v 0.00926145 0.07473861 0.00623925
v 0.00926145 0.07473861 0.00623925
v 0.00625473 -0.02516958 0.00581985
v -0.00383103 0.07079076 0.00701694
v -0.00836991 0.07223031 0.00646740
v 0.00855873 0.05673321 0.00581283
v 0.00855873 0.05673321 0.00581283
v -0.00129087 -0.07175061 0.00643833
v -0.01361727 0.06829263 0.00481770
v 0.00337473 0.00001287 0.00551808
v -0.00553023 -0.04488579 0.00625653
v -0.00553023 -0.04488579 0.00625653
v 0.01139841 -0.08137143 0.00582048
v -0.00812223 -0.07261389 0.00671382
v 0.00267201 -0.06643755 0.00033120
v 0.00043137 0.06445035 0.00063918
v 0.00379521 0.00001314 0.00113760
v 0.00379521 0.00001314 0.00113760
v 0.00055233 0.06719832 0.00008667
v 0.01111041 0.07472421 0.00700749
v 0.01476801 -0.06769422 0.00624564
v 0.01223361 0.08142102 0.00058644
v 0.01223361 0.08142102 0.00058644
v -0.01501119 -0.07187193 0.00482814
v -0.00964287 -0.07749702 0.00695178
v 0.00764289 0.07291593 0.00220851
v 0.01537281 -0.07272675 0.00581751
v 0.01537281 -0.07272675 0.00581751
v 0.00452097 -0.04487184 0.00064422
v -0.01146303 0.06829497 0.00068085
v -0.00904383 -0.08200062 0.00010269
v 0.00074817 -0.06718059 0.00694467
v 0.00517185 0.02520207 0.00634878
v -0.01316799 -0.06831504 0.00122292
v -0.01316799 -0.06831504 0.00122292
v -0.01316799 -0.06831504 0.00122292
v 0.01160577 -0.08137152 0.00059796
v -0.00561663 0.08891982 0.00693792
v -0.00944703 -0.07166844 0.00065457
v 0.00441729 -0.06589656 0.00646893
v -0.00254079 -0.05409594 0.00164124
v -0.00773055 0.05953977 0.00078273
v -0.00855423 0.08458821 0.00670338
v 0.01132353 -0.07467588 0.00701757
v 0.01155969 0.08303544 0.00487989
v 0.01155969 0.08303544 0.00487989
v 0.01327041 -0.07916598 0.00624735
v 0.01327041 -0.07916598 0.00624735
v 0.01109106 -0.07916913 0.00643122
v 0.00660978 0.07165827 0.00669492
v 0.00660978 0.07165827 0.00669492
v -0.00371214 0.07267203 0.00693792
v -0.01409166 0.07184592 0.00078579
v 0.00997362 -0.06833907 0.00670239
v 0.00997362 -0.06833907 0.00670239
v 0.00997362 -0.06833907 0.00670239
v -0.00659790 -0.08941599 0.00352620
v 0.00419634 0.07029900 0.00693315
v 0.01027314 -0.07686900 0.00582093
v 0.00260658 -0.06591114 0.00056790
v 0.00237618 0.07106085 0.00581562
v 0.00626994 -0.06444801 0.00638883
v -0.00345294 -0.07393068 0.00222534
v -0.01212174 -0.08240985 0.00636678
v -0.00686862 -0.07906176 0.00121977
v -0.00527310 -0.08705457 0.00079128
v -0.00437454 0.04488750 0.00076752
v -0.00437454 0.04488750 0.00076752
v -0.00130446 -0.07114797 0.00009720
v -0.00560718 -0.08702883 0.00010098
v -0.00560718 -0.08702883 0.00010098
v -0.00537102 0.08709354 0.00221553
v -0.00713934 0.08711397 0.00670230
v -0.00713934 0.08711397 0.00670230
v 0.00070578 -0.07113204 0.00078651
v -0.00006030 -0.05856246 0.00114399
v -0.00996381 0.08208711 0.00056547
v -0.00483165 -0.08898939 0.00583101
v 0.01309923 -0.07686495 0.00642978
v 0.01309923 -0.07686495 0.00642978
v -0.00141021 0.00000576 0.00163683
v 0.01263267 0.07085097 0.00060291
v -0.00435357 -0.02518506 0.00077229
v -0.00806877 -0.06229989 0.00068769
v 0.00261027 -0.06591069 0.00647010
v -0.00600093 0.02518587 0.00121212
v -0.00859293 -0.06837903 0.00065385
v -0.00346077 -0.07344108 0.00078921
v 0.00314595 0.04492179 0.00551520
v 0.00314595 0.04492179 0.00551520
v 0.00214371 0.05570955 0.00141039
v 0.00214371 0.05570955 0.00141039
v -0.00439965 0.05361246 0.00064296
v -0.00416349 0.05361318 0.00626310
v -0.00416349 0.05361318 0.00626310
v -0.00533853 0.08886285 0.00670104
v -0.00533853 0.08886285 0.00670104
v 0.01572003 -0.07272612 0.00221346
v -0.01294173 -0.08017317 0.00636714
v -0.00278685 0.00000387 0.00163764
v 0.00777123 0.06785199 0.00693117
v 0.00942435 0.07138224 0.00000207
v 0.00570915 -0.07094232 0.00670518
v 0.00570915 -0.07094232 0.00670518
v 0.00731043 0.07158888 0.00008217
v -0.00135468 -0.06657336 0.00647253
v -0.01078956 -0.08225298 0.00065619
v 0.00419220 0.07029855 0.00008415
v 0.00885204 -0.06762402 0.00056412
v 0.00885204 -0.06762402 0.00056412
v -0.00129132 -0.07210413 0.00222390
v -0.00406188 -0.05966307 0.00639477
v 0.01369620 0.07922061 0.00480015
v 0.01228500 0.08303634 0.00350280
v 0.00809748 0.06221655 0.00063468
v -0.00682092 0.08937882 0.00120825
v -0.00274860 -0.02518245 0.00539955
v 0.00090900 -0.05819886 0.00114336
v -0.00746604 -0.06859584 0.00639756
v -0.01289196 0.08476902 0.00222030
v -0.00257004 0.05689980 0.00551790
v 0.00061524 -0.06443334 0.00064791
v -0.00681516 0.07714197 0.00624897
v -0.01566252 -0.07798311 0.00122517
v -0.01566252 -0.07798311 0.00122517
v 0.00816660 -0.05669316 0.00624897
v -0.00345132 -0.07393050 0.00482112
v -0.00439020 0.00000189 0.00626688
v -0.00137196 -0.02518047 0.00539874
v 0.01532052 -0.07465284 0.00221382
v 0.00624276 0.07060221 0.00008289
v 0.01078740 -0.06977916 0.00693873
v -0.00802476 0.07563249 0.00001251
v -0.00536940 0.08709372 0.00481131
v -0.00985068 0.07955991 0.00694116
v 0.00070740 -0.07102080 0.00060399
v -0.00666540 0.08163198 0.00351459
v 0.00625221 -0.07109883 0.00051237
v 0.00672453 -0.07074999 0.00694125
v 0.00548613 -0.06212835 0.00064476
v 0.01551429 0.06775317 0.00580779
v 0.01551429 0.06775317 0.00580779
v 0.01103301 -0.05951952 0.00120744
v 0.01103301 -0.05951952 0.00120744
v -0.00595323 0.08447238 0.00221607
v -0.00553851 -0.02518641 0.00625518
v -0.00553851 -0.02518641 0.00625518
v -0.00972603 -0.08209935 0.00647874
v -0.00854523 -0.07935939 0.00703008
v 0.01304325 -0.06923988 0.00635040
v -0.00571131 -0.08447319 0.00352539
v 0.00337221 0.00001260 0.00150984
v 0.01086597 0.05956668 0.00581121
v 0.01086597 0.05956668 0.00581121
v -0.00246267 -0.05837418 0.00077346
v 0.01334853 -0.06226929 0.00120618
v 0.01334853 -0.06226929 0.00120618
v 0.00072837 -0.06881085 0.00001701
v 0.01559493 -0.07102872 0.00581724
v 0.01559493 -0.07102872 0.00581724
v -0.01342395 -0.06831531 0.00223110
v -0.01342395 -0.06831531 0.00223110
v -0.00705339 -0.05671521 0.00121842
v -0.00705339 -0.05671521 0.00121842
v -0.00540027 0.07486227 0.00059481
v 0.01005381 0.07691418 0.00581049
v -0.00545787 -0.08986077 0.00625959
v -0.00545787 -0.08986077 0.00625959
v 0.01572165 -0.07272594 0.00480924
v -0.00963963 0.08735760 0.00582192
v -0.00769275 0.07914204 0.00693990
v -0.00574587 -0.08447166 0.00583128
v -0.00698427 -0.07402572 0.00702873
v -0.00704187 0.05954076 0.00067869
v 0.00416709 0.07098669 0.00077463
v -0.00697275 -0.07905609 0.00079173
v 0.01361349 -0.06226875 0.00351198
v 0.01149381 0.08124093 0.00692793
v 0.01149381 0.08124093 0.00692793
v -0.00431163 -0.02518470 0.00589653
v -0.00431163 -0.02518470 0.00589653
v 0.00353349 0.04489884 0.00113472
v 0.00353349 0.04489884 0.00113472
v 0.00253125 0.05992632 0.00638262
v 0.00613125 -0.07145586 0.00108765
v 0.00613125 -0.07145586 0.00108765
v 0.00613125 -0.07145586 0.00108765
v 0.01226565 -0.08119116 0.00008955
v 0.01226565 -0.08119116 0.00008955
v 0.01049733 -0.07686909 0.00059832
v 0.00259461 -0.07024707 0.00009477
v 0.00135990 0.06023277 0.00638325
v 0.00625590 -0.07109838 0.00652185
v -0.01078794 0.06515883 0.00078426
v 0.01304118 0.07921944 0.00076860
v 0.01304118 0.07921944 0.00076860
v 0.01032822 0.07284924 0.00000135
v -0.00128970 -0.07210395 0.00481968
v 0.00437814 -0.07085484 0.00643473
v 0.01116342 0.08141949 0.00119772
v 0.00668214 -0.07161759 0.00626814
v 0.00668214 -0.07161759 0.00626814
v -0.00623178 0.07594335 0.00626022
v -0.00623178 0.07594335 0.00626022
v 0.01317366 0.06232293 0.00580959
v 0.01317366 0.06232293 0.00580959
v 0.00550710 0.07110360 0.00625914
v 0.01287990 0.07691823 0.00641943
v 0.01287990 0.07691823 0.00641943
v -0.00905994 -0.07541586 0.00695133
v -0.00463626 -0.02518551 0.00064845
v -0.00828810 -0.07110918 0.00639819
v 0.00050166 0.07129764 0.00351090
v 0.01253430 0.08142183 0.00623682
v 0.01253430 0.08142183 0.00623682
v -0.01182474 -0.07775046 0.00640080
v -0.00615690 -0.05954373 0.00639612
v -0.00149706 0.07211583 0.00221418
v -0.00149706 0.07211583 0.00221418
v 0.00175158 0.05818275 0.00076284
v -0.00125514 -0.05443137 0.00540063
v 0.01166454 0.08303571 0.00595692
v 0.01166454 0.08303571 0.00595692
v 0.01532214 -0.07465266 0.00480960
v -0.00508554 0.08899137 0.00581904
v 0.00989622 0.06698169 0.00637758
v 0.01078326 -0.06977961 0.00008973
v -0.00673290 -0.07715898 0.00671328
v -0.00673290 -0.07715898 0.00671328
v -0.00566730 0.08701614 0.00670140
v -0.00566730 0.08701614 0.00670140
v -0.01280394 0.07184637 0.00635661
v -0.00985482 0.07955946 0.00009216
v -0.00802314 -0.08457912 0.00695124
v -0.00507402 -0.08956152 0.00060876
v -0.00507402 -0.08956152 0.00060876
v -0.00507402 -0.08956152 0.00060876
v 0.01108854 0.05956668 0.00220725
v 0.01108854 0.05956668 0.00220725
v -0.00141273 0.05444343 0.00163314
v 0.00790695 0.07291314 0.00642276
v -0.00394713 0.04491900 0.00551952
v -0.00394713 0.04491900 0.00551952
v -0.01527129 0.08025453 0.00582588
v -0.01527129 0.08025453 0.00582588
v 0.00165735 -0.05758173 0.00114291
v 0.00531495 0.00001566 0.00635040
v -0.00494361 -0.08893485 0.00079119
v -0.00671193 0.07721703 0.00582084
v 0.01098279 -0.07916931 0.00624870
v -0.00948249 -0.07534188 0.00033921
v 0.00449703 -0.06697116 0.00694242
v 0.00314343 0.04492152 0.00150696
v 0.00314343 0.04492152 0.00150696
v -0.00823833 0.05953914 0.00121113
v -0.00823833 0.05953914 0.00121113
v -0.00604953 0.07544826 0.00644265
v -0.00569241 0.08996535 0.00581931
v -0.01235673 0.08239113 0.00635562
v 0.01188711 0.08357427 0.00511578
v 0.01188711 0.08357427 0.00511578
v 0.01188711 0.08357427 0.00511578
v 0.01188711 0.08357427 0.00511578
v 0.01212327 0.07280244 0.00692811
v 0.00374823 0.04489911 0.00076257
v 0.00374823 0.04489911 0.00076257
v -0.00509913 -0.08953659 0.00671310
v -0.00509913 -0.08953659 0.00671310
v -0.00509913 -0.08953659 0.00671310
v 0.01106343 0.06934248 0.00645561
v 0.01106343 0.06934248 0.00645561
v -0.00149913 0.07176249 0.00059553
v -0.00149913 0.07176249 0.00059553
v -0.00432729 -0.05671134 0.00065043
v 0.01301607 -0.07465689 0.00670095
v 0.01301607 -0.07465689 0.00670095
v 0.00800487 0.05673249 0.00624132
v -0.00379161 0.05690106 0.00072171
v -0.00379161 0.05690106 0.00072171
v -0.00927513 0.07540596 0.00694116
v 0.01343655 0.06232329 0.00480141
v 0.01343655 0.06232329 0.00480141
v 0.01255527 0.07921908 0.00641943
v 0.01255527 0.07921908 0.00641943
v 0.01468071 -0.07686297 0.00221436
v -0.00637209 0.07003305 0.00032742
v 0.01155879 0.08303526 0.00350325
v 0.01155879 0.08303526 0.00350325
v 0.00436455 -0.07109712 0.00351828
v 0.01109016 0.05956695 0.00480303
v 0.01109016 0.05956695 0.00480303
v 0.01516248 0.07278615 0.00119583
v 0.01516248 0.07278615 0.00119583
v -0.01533096 -0.08028738 0.00223308
v 0.01186200 0.08288523 0.00634221
v 0.01186200 0.08288523 0.00634221
v 0.01186200 0.08288523 0.00634221
v 0.01186200 0.08288523 0.00634221
v 0.00590616 0.07164513 0.00480546
v -0.00523944 0.08963613 0.00624717
v -0.00523944 0.08963613 0.00624717
v -0.00523944 0.08963613 0.00624717
v 0.01499544 0.06519564 0.00220446
v 0.01228248 -0.06504246 0.00067536
v 0.01027800 0.07691418 0.00058797
v -0.01195560 0.08474598 0.00078363
v -0.00605160 -0.04488678 0.00222498
v -0.00510696 0.05361183 0.00638775
v 0.01577304 0.07108875 0.00479943
v -0.01241640 -0.08478342 0.00122364
v -0.01241640 -0.08478342 0.00122364
v 0.00416088 0.07112502 0.00221076
v -0.01441512 0.08023986 0.00078543
v 0.01083096 -0.07686819 0.00693918
v -0.00515304 0.08970975 0.00581895
v -0.00515304 0.08970975 0.00581895
v 0.00292824 0.05362290 0.00113454
v 0.00292824 0.05362290 0.00113454
v -0.00149544 0.07211601 0.00480996
v -0.00149544 0.07211601 0.00480996
v 0.00800280 -0.07287570 0.00625014
v -0.00709416 0.07905744 0.00120915
v 0.00417240 0.07088292 0.00059211
v -0.00667944 0.07764093 0.00351486
v 0.00258264 -0.07093188 0.00625338
v 0.01019160 0.05956569 0.00623979
v -0.01316520 -0.06831477 0.00583470
v -0.01316520 -0.06831477 0.00583470
v -0.01316520 -0.06831477 0.00583470
v -0.00632232 0.07593714 0.00059535
v 0.01432152 -0.07273017 0.00077823
v -0.00756072 -0.05954607 0.00079074
v -0.00862056 -0.08461377 0.00647829
v -0.00620136 0.08446230 0.00643068
v 0.01403352 -0.06513831 0.00624591
v -0.00707319 -0.07907148 0.00644238
v 0.01327689 -0.07273278 0.00642942
v -0.00659511 -0.07714485 0.00625941
v -0.00346743 -0.07329330 0.00033543
v -0.00346743 -0.07329330 0.00033543
v -0.00605943 0.05361012 0.00078210
v -0.00605943 0.05361012 0.00078210
v -0.00016119 0.05903604 0.00076401
v -0.00346167 -0.06525549 0.00639486
v 0.00874953 -0.07285599 0.00694017
v -0.00599607 -0.08446194 0.00671337
v -0.00599607 -0.08446194 0.00671337
v -0.00628983 -0.08447922 0.00010125
v -0.00628983 -0.08447922 0.00010125
v -0.00964791 0.07165701 0.00638928
v -0.00646263 -0.08928072 0.00626013
v -0.00646263 -0.08928072 0.00626013
v -0.00628407 0.08911746 0.00067626
v 0.01424457 0.07108929 0.00076842
v 0.00681417 -0.07162281 0.00670455
v 0.00681417 -0.07162281 0.00670455
v 0.00764361 0.07291602 0.00350640
v 0.01377801 -0.07686396 0.00624690
v 0.01053513 -0.07686900 0.00032706
v 0.01053513 -0.07686900 0.00032706
v -0.00609399 0.08446671 0.00624807
v -0.00538551 -0.08702559 0.00060876
v -0.00927351 0.08199036 0.00694071
v -0.01617399 0.07525323 0.00352089
v -0.01498743 0.07525125 0.00625419
v 0.01468233 -0.07686279 0.00481014
v -0.01521783 0.07184466 0.00222264
v -0.00601542 0.07548228 0.00073458
v -0.00601542 0.07548228 0.00073458
v -0.00554310 0.07623693 0.00351423
v 0.00106362 -0.05870241 0.00077130
v -0.00489222 0.06245289 0.00638694
v -0.00565830 0.04488606 0.00625050
v -0.00565830 0.04488606 0.00625050
v -0.01532934 -0.08028720 0.00482886
v -0.00512262 -0.08709282 0.00222732
v 0.00071802 -0.04504698 0.00163863
v 0.01446138 0.07692021 0.00220401
v -0.00423558 0.05966703 0.00064242
v -0.00676998 0.07585947 0.00009054
v -0.00358470 -0.05373036 0.00552609
v -0.00358470 -0.05373036 0.00552609
v -0.01367046 0.07788528 0.00068157
v 0.01499706 0.06519582 0.00480024
v -0.00670662 -0.08710497 0.00695061
v -0.00670662 -0.08710497 0.00695061
v 0.00237690 0.07095483 0.00077571
v 0.01016442 0.07691400 0.00077058
v 0.00639162 -0.02516958 0.00351387
v 0.01518138 -0.06513696 0.00221328
v -0.00746694 -0.07914735 0.00695061
v -0.00604998 -0.04488660 0.00482076
v 0.00439290 0.04490001 0.00063810
v -0.00522054 -0.08974638 0.00079137
v -0.00522054 -0.08974638 0.00079137
v -0.00645894 -0.07747290 0.00222741
v 0.00416250 0.07112520 0.00480654
v 0.00239418 0.07026957 0.00008532
v -0.00751302 -0.06526467 0.00639729
v -0.00827910 0.08184834 0.00001224
v -0.01340550 -0.07525809 0.00636705
v 0.01213434 0.08142084 0.00031527
v 0.01213434 0.08142084 0.00031527
v -0.00437958 -0.04488453 0.00064962
v -0.00437958 -0.04488453 0.00064962
v -0.00119430 -0.05747958 0.00552483
v -0.01499526 0.07794477 0.00625401
v 0.00417402 0.07084836 0.00032085
v 0.00417402 0.07084836 0.00032085
v 0.00629946 -0.07115355 0.00645084
v 0.01261818 -0.07916688 0.00670149
v 0.01261818 -0.07916688 0.00670149
v 0.00890298 -0.05669235 0.00221661
v -0.01521621 0.07184484 0.00481842
v -0.00442197 0.02518839 0.00626517
v -0.00394965 0.04491864 0.00151128
v -0.00394965 0.04491864 0.00151128
v -0.00518805 -0.07483221 0.00671220
v -0.00518805 -0.07483221 0.00671220
v 0.00065259 0.05429952 0.00539208
v 0.00531243 0.06215958 0.00638073
v 0.00649323 0.00001710 0.00221418
v 0.00448875 0.02520117 0.00638379
v -0.00783765 -0.07296678 0.00695034
v -0.00571221 -0.08447328 0.00222750
v -0.00671445 -0.08166375 0.00033795
v -0.00671445 -0.08166375 0.00033795
v -0.00482517 -0.02518578 0.00064863
v -0.00617877 0.04488516 0.00351684
v 0.01258155 -0.07686567 0.00693810
v -0.00635157 0.07593516 0.00032697
v -0.00635157 0.07593516 0.00032697
v 0.01476459 -0.06769458 0.00077760
v 0.00238059 0.07084908 0.00059319
v -0.00681813 0.08937918 0.00582003
v -0.01595925 -0.07528320 0.00353106
v -0.00150741 0.07115931 0.00008766
v 0.01259307 -0.07466166 0.00693792
v 0.00050283 0.07114923 0.00077688
v -0.01477269 -0.07527744 0.00626436
v -0.01027989 0.07753257 0.00670491
v 0.00570987 -0.07107138 0.00626868
v 0.00570987 -0.07107138 0.00626868
v 0.00594603 -0.04486941 0.00624951
v 0.00594603 -0.04486941 0.00624951
v 0.00394155 0.06434991 0.00063711
v 0.01597419 -0.07102764 0.00221319
v 0.01237995 0.07471359 0.00692784
v 0.01061163 0.07691508 0.00692874
v -0.00719829 0.07905141 0.00078111
v -0.00253845 -0.05409567 0.00540144
v -0.00135396 0.05897511 0.00626103
v 0.00867420 0.07041285 0.00700929
v -0.00536292 -0.08891910 0.00694998
v 0.01103580 -0.05951925 0.00581922
v 0.01103580 -0.05951925 0.00581922
v -0.00152676 0.06946524 0.00701559
v -0.00571428 0.08986113 0.00624744
v -0.00571428 0.08986113 0.00624744
v -0.00282276 0.02519037 0.00163602
v 0.00791388 0.06975549 0.00000306
v -0.00512100 -0.08709264 0.00482310
v -0.00618084 -0.00000099 0.00222201
v 0.01446300 0.07692039 0.00479979
v -0.00564516 -0.08897724 0.00033786
v -0.00564516 -0.08897724 0.00033786
v -0.00346212 -0.07332984 0.00643977
v -0.01059876 -0.06517350 0.00626103
v 0.00290844 -0.05685354 0.00631098
v 0.01075356 0.07921611 0.00077004
v -0.00823716 -0.05954697 0.00222732
v -0.00652644 0.08447679 0.00693882
v -0.00457956 -0.05360976 0.00065034
v -0.01012068 0.06829623 0.00638982
v -0.01212516 -0.08241021 0.00069156
v -0.01289124 0.08476911 0.00351819
v -0.01171044 -0.08476389 0.00626310
v 0.00450972 -0.06642180 0.00033003
v -0.00581220 0.08924328 0.00641403
v -0.00581220 0.08924328 0.00641403
v -0.00292068 0.06003576 0.00064161
v -0.00144612 0.02519235 0.00163512
v -0.00687204 -0.05954517 0.00068679
v -0.00645732 -0.07747272 0.00482319
v -0.01264932 -0.08478963 0.00352962
v 0.01212444 -0.08352405 0.00351432
v 0.01212444 -0.08352405 0.00351432
v -0.00043812 0.04510836 0.00163314
v 0.01077084 -0.06843222 0.00638631
v 0.00263196 -0.06861393 0.00702252
v 0.00605340 0.07112781 0.00031968
v 0.00605340 0.07112781 0.00031968
v -0.00804132 -0.08185581 0.00702999
v -0.00715428 -0.08452899 0.00702963
v 0.01172124 -0.08119197 0.00008991
v 0.01172124 -0.08119197 0.00008991
v 0.00458460 0.00001467 0.00638541
v -0.00714852 -0.07720722 0.00695025
v 0.00866268 0.06766479 0.00645723
v 0.00866268 0.06766479 0.00645723
v 0.01355868 0.07691922 0.00623646
v 0.00931356 0.06872661 0.00693018
v -0.00660708 0.05360940 0.00221859
v -0.00554355 0.07598034 0.00221643
v -0.00802035 0.07563294 0.00701919
v -0.00613107 -0.07593714 0.00671283
v -0.00613107 -0.07593714 0.00671283
v -0.00371187 -0.06752187 0.00647406
v -0.00471411 -0.06245037 0.00639540
v 0.00625869 -0.06722388 0.00694134
v 0.00649485 0.00001728 0.00480996
v -0.00140787 0.00000603 0.00539703
v 0.00089613 0.05872068 0.00076338
v 0.01116621 0.08141985 0.00580950
v 0.01582605 0.06775335 0.00350172
v 0.00910413 0.07473870 0.00350532
v 0.00910413 0.07473870 0.00350532
v -0.00416691 0.05361282 0.00076680
v -0.00416691 0.05361282 0.00076680
v 0.00267597 -0.06643710 0.00670680
v 0.01170189 -0.07686738 0.00001080
v -0.00486963 -0.08973261 0.00352521
v -0.00486963 -0.08973261 0.00352521
v -0.00345267 -0.07363710 0.00582912
v -0.00840627 0.05953905 0.00351720
v 0.00593037 0.07148898 0.00593712
v 0.00416205 0.07109037 0.00120276
v 0.00610893 -0.07161219 0.00221931
v 0.00610893 -0.07161219 0.00221931
v 0.00044685 -0.06232176 0.00064791
v 0.00794061 0.07291233 0.00031842
v 0.00794061 0.07291233 0.00031842
v 0.01136205 -0.08137170 0.00351468
v 0.00003789 0.06041151 0.00063972
v 0.00935757 -0.07469631 0.00582129
v 0.00599949 0.07108677 0.00644130
v 0.00570573 -0.07097490 0.00059652
v -0.00278451 0.00000405 0.00539784
v 0.01237581 0.07471305 0.00007884
v 0.01137357 0.08141976 0.00058698
v 0.01597581 -0.07102746 0.00480897
v 0.00217485 0.05623632 0.00588699
v 0.00217485 0.05623632 0.00588699
v 0.01108557 0.07917219 0.00692838
v 0.01108557 0.07917219 0.00692838
v 0.00931725 -0.07469658 0.00351540
v 0.00802125 0.06739299 0.00031869
v 0.00802125 0.06739299 0.00031869
v -0.00660546 0.05360958 0.00481437
v -0.00395010 0.06890958 0.00693828
v -0.00766530 0.06859008 0.00064395
v 0.01150398 -0.08137125 0.00624861
v 0.01475262 -0.06950646 0.00624573
v -0.00647874 0.06918480 0.00643797
v -0.00806850 -0.05954679 0.00121923
v -0.00806850 -0.05954679 0.00121923
v -0.00617922 -0.00000081 0.00481779
v -0.00434754 0.00000189 0.00589482
v -0.00434754 0.00000189 0.00589482
v 0.00149310 0.05760180 0.00113508
v 0.00149310 0.05760180 0.00113508
v -0.00640962 -0.06232095 0.00639648
v -0.00823554 0.05953941 0.00582291
v -0.00823554 0.05953941 0.00582291
v -0.00587394 0.06239097 0.00064323
v -0.00864450 0.08722449 0.00067779
v -0.00722754 -0.06229863 0.00065259
v -0.01436418 0.08246007 0.00582516
v -0.01436418 0.08246007 0.00582516
v -0.01436418 0.08246007 0.00582516
v -0.00875970 0.06516207 0.00638919
v 0.00498366 0.05672781 0.00063693
v -0.00439362 0.00000144 0.00077058
v 0.00811134 -0.07287444 0.00059949
v -0.01259010 0.06829407 0.00625320
v 0.00333630 0.02519919 0.00150813
v 0.00811710 -0.06971670 0.00701919
v -0.00149634 0.07215867 0.00351207
v -0.00149634 0.07215867 0.00351207
v -0.00692226 0.07715196 0.00059850
v -0.00792450 0.08716554 0.00064278
v 0.00558270 0.07044318 0.00008334
v 0.00257598 -0.07103799 0.00121347
v -0.00479682 -0.08900784 0.00352512
v -0.00119682 -0.05747985 0.00151659
v 0.00263934 0.05371569 0.00551493
v 0.00263934 0.05371569 0.00551493
v -0.00154818 0.06658506 0.00056133
v -0.00962370 -0.07957143 0.00695196
v -0.00855810 0.08458776 0.00032778
v 0.00530622 -0.04487067 0.00067824
v -0.00554193 -0.02518677 0.00078714
v -0.00554193 -0.02518677 0.00078714
v -0.00554193 0.07598052 0.00481221
v -0.00612945 0.02518569 0.00222021
v 0.01516527 0.07278651 0.00580761
v 0.01516527 0.07278651 0.00580761
v -0.00694737 0.08165970 0.00032697
v -0.00694737 0.08165970 0.00032697
v -0.00729873 0.07906716 0.00643167
v 0.01617903 -0.06950259 0.00351090
v -0.00546129 -0.08986122 0.00079155
v -0.00546129 -0.08986122 0.00079155
v -0.00628497 -0.06918714 0.00060201
v -0.00657873 -0.06554979 0.00639675
v -0.01241361 -0.08478315 0.00583542
v -0.01241361 -0.08478315 0.00583542
v -0.00899217 -0.08730792 0.00079353
v -0.00899217 -0.08730792 0.00079353
v 0.00611055 -0.07161201 0.00481509
v 0.00611055 -0.07161201 0.00481509
v -0.01317393 0.08015175 0.00068112
v 0.01036143 -0.05952015 0.00624780
v 0.00051183 0.07045767 0.00008640
v -0.00721233 0.05671071 0.00582255
v -0.00721233 0.05671071 0.00582255
v 0.00789039 -0.07287741 0.00582210
v -0.00714321 0.08711361 0.00032670
v -0.00714321 0.08711361 0.00032670
v 0.01125999 -0.05951898 0.00481113
v 0.01238319 0.06232185 0.00623817
v -0.00613521 -0.07508511 0.00010044
v 0.00660591 0.07165782 0.00031932
v 0.00660591 0.07165782 0.00031932
v -0.00542304 -0.08701605 0.00033759
v -0.00548064 -0.07556787 0.00595323
v -0.00548064 -0.07556787 0.00595323
v -0.00548064 -0.07556787 0.00595323
v -0.00329760 0.06244443 0.00064161
v 0.01263456 -0.08256609 0.00561393
v 0.00667872 -0.07161795 0.00076554
v 0.00667872 -0.07161795 0.00076554
v 0.01570464 -0.06769278 0.00120510
v 0.01570464 -0.06769278 0.00120510
v -0.01036512 -0.07971723 0.00647901
v 0.00550368 0.07110324 0.00075654
v 0.00644832 -0.07056828 0.00694143
v -0.00269280 0.05410431 0.00539415
v 0.00662688 -0.05952591 0.00064386
v 0.00043488 0.06445071 0.00638352
v 0.00633312 -0.06669315 0.00032895
v 0.00238176 0.07081380 0.00032193
v 0.00238176 0.07081380 0.00032193
v -0.00451872 0.00000171 0.00639099
v -0.00451872 0.00000171 0.00639099
v -0.00605088 -0.00000090 0.00121392
v -0.00534240 0.08886240 0.00032544
v -0.00534240 0.08886240 0.00032544
v 0.00197280 0.04498947 0.00163170
v 0.00592992 0.00001620 0.00077841
v 0.00592992 0.00001620 0.00077841
v 0.00021024 -0.06039567 0.00064791
v 0.00192096 -0.05816169 0.00626697
v -0.00645408 -0.05361237 0.00222579
v 0.00074592 0.05821704 0.00588771
v 0.01148256 0.07691580 0.00000036
v 0.00452448 -0.04487148 0.00638856
v -0.01145952 0.06829533 0.00635607
v -0.00508896 -0.08886186 0.00033750
v -0.00508896 -0.08886186 0.00033750
v 0.00570528 -0.07094277 0.00032958
v 0.00570528 -0.07094277 0.00032958
v -0.00986400 0.07748550 0.00694134
v -0.00962784 -0.07957188 0.00010296
v 0.00188064 0.06227055 0.00063846
v -0.00944352 -0.07166799 0.00639891
v -0.01174176 0.07992513 0.00064566
v 0.00247392 0.06700500 0.00693450
v -0.00454176 0.02518785 0.00064494
v -0.00454176 0.02518785 0.00064494
v 0.01551249 0.07278633 0.00220365
v -0.00937647 -0.08204868 0.00033966
v -0.00035055 0.05447925 0.00539262
v -0.00141039 0.05444370 0.00539334
v 0.01209681 0.06509268 0.00066654
v -0.00512559 0.08973423 0.00351306
v -0.00512559 0.08973423 0.00351306
v -0.00612783 0.02518587 0.00481599
v -0.00518319 -0.07486155 0.00644382
v -0.00128943 -0.07200153 0.00582768
v 0.01239633 0.08261766 0.00140283
v 0.00614673 0.06672681 0.00669555
v -0.00877167 0.07935102 0.00701937
v 0.01482129 0.07471188 0.00580770
v 0.01482129 0.07471188 0.00580770
v 0.01110609 0.07472367 0.00000081
v -0.00393327 -0.05360850 0.00589824
v 0.01330065 -0.07465671 0.00059643
v 0.01330065 -0.07465671 0.00059643
v -0.00592623 -0.02518695 0.00582732
v 0.01147473 0.08261658 0.00560331
v 0.01112337 -0.07916949 0.00032688
v 0.00800145 0.05673204 0.00077328
v 0.00717777 0.05362902 0.00221013
v -0.01617903 0.07795674 0.00352071
v 0.00611793 0.07119486 0.00031968
v 0.00611793 0.07119486 0.00031968
v -0.00555759 -0.08924328 0.00642609
v -0.00555759 -0.08924328 0.00642609
v 0.01284561 0.06929307 0.00634104
v -0.00390447 0.06752727 0.00646497
v 0.00222993 0.06435450 0.00638244
v 0.00394065 0.02520000 0.00076374
v 0.00394065 0.02520000 0.00076374
v -0.00118575 -0.05896251 0.00626895
v 0.01131921 -0.07467633 0.00001089
v -0.00590319 -0.05361129 0.00625734
v -0.00401391 -0.05360895 0.00077409
v -0.00401391 -0.05360895 0.00077409
v -0.01120815 0.07184385 0.00064584
v -0.00383535 0.07079031 0.00001026
v -0.00536751 -0.06566697 0.00065169
v -0.00695934 0.08710128 0.00008991
v -0.00695934 0.08710128 0.00008991
v -0.01362366 0.07523541 0.00068166
v -0.00831294 -0.08459595 0.00671472
v 0.01316034 -0.08136918 0.00221562
v 0.00620226 -0.07105311 0.00645093
v 0.00620226 -0.07105311 0.00645093
v -0.00547326 0.08974692 0.00624735
v -0.00547326 0.08974692 0.00624735
v 0.00679554 -0.06640398 0.00059373
v -0.00676926 0.06554655 0.00064359
v -0.00806526 -0.06229944 0.00636291
v 0.01252098 -0.08298522 0.00213741
v 0.00609282 0.07118703 0.00057366
v -0.00399294 0.02518902 0.00552096
v 0.00456066 -0.02517201 0.00638712
v -0.00858942 -0.06837867 0.00639819
v 0.01518210 -0.06513687 0.00351117
v -0.00439614 0.05361282 0.00638730
v 0.00657666 0.07165683 0.00642798
v -0.00350910 -0.07266645 0.00009873
v -0.00156222 0.06720543 0.00032463
v 0.00274626 0.05687784 0.00630324
v -0.00568638 0.08999991 0.00351342
v 0.00210114 -0.04496814 0.00163773
v 0.00799938 -0.07287606 0.00078210
v 0.00080514 -0.05428161 0.00163917
v 0.00257922 -0.07093224 0.00078534
v 0.01018818 0.05956533 0.00077175
v -0.00508734 -0.04488552 0.00068463
v 0.01455426 0.06956451 0.00623637
v 0.00246978 0.06700446 0.00008550
v 0.01196802 -0.08065287 0.00701757
v 0.01309122 0.07471026 0.00641943
v 0.01309122 0.07471026 0.00641943
v -0.00636813 0.07003350 0.00670302
v 0.00071091 -0.07102035 0.00643707
v 0.01174131 -0.07112682 0.00008919
v -0.00624717 0.07063353 0.00693954
v -0.00530253 0.08888121 0.00642978
v 0.01239219 0.07921890 0.00669087
v 0.01239219 0.07921890 0.00669087
v -0.00311949 -0.06243813 0.00065007
v -0.00659853 -0.05671422 0.00625806
v -0.01078605 -0.08225262 0.00640053
v -0.01473165 -0.07187166 0.00122418
v -0.01473165 -0.07187166 0.00122418
v 0.00172467 -0.05667903 0.00552303
v 0.01057203 0.06847848 0.00063270
v 0.00072243 0.05723775 0.00551583
v -0.00617805 0.04488525 0.00481473
v 0.00438003 -0.07082028 0.00670599
v 0.00438003 -0.07082028 0.00670599
v 0.00650547 -0.04486887 0.00221724
v -0.00947853 -0.07534143 0.00671481
v 0.00550323 0.07100640 0.00058698
v 0.01087155 -0.07916976 0.00120888
v -0.00540621 0.08708409 0.00581931
v -0.00617229 -0.07003557 0.00033687
v -0.00646605 -0.08928108 0.00079209
v -0.00646605 -0.08928108 0.00079209
v -0.00646605 -0.08928108 0.00079209
v -0.00646605 -0.08163837 0.00583155
v -0.00552141 0.08705466 0.00077949
v -0.00333837 0.05579352 0.00561483
v -0.00333837 0.05579352 0.00561483
v -0.00150669 0.06472422 0.00064044
v -0.00964557 -0.06517251 0.00068886
v 0.00061875 -0.06443298 0.00639225
v 0.00622323 -0.07112997 0.00632016
v 0.00622323 -0.07112997 0.00632016
v 0.00622323 -0.07112997 0.00632016
v -0.00805005 0.07296003 0.00009153
v -0.00510093 -0.02518578 0.00635850
v -0.00981837 0.06228999 0.00351783
v -0.00450765 0.04488732 0.00064359
v -0.00450765 0.04488732 0.00064359
v -0.00969741 0.07532991 0.00032904
v 0.00233523 -0.05621373 0.00589455
v 0.00233523 -0.05621373 0.00589455
v -0.00839565 -0.08723331 0.00068958
v -0.00839565 -0.07735212 0.00702990
v 0.00717939 0.05362929 0.00480591
v -0.00585549 0.08702793 0.00008919
v -0.00585549 0.08702793 0.00008919
v 0.01083699 -0.07916967 0.00351477
v 0.00576819 0.02520297 0.00624483
v 0.00576819 0.02520297 0.00624483
v -0.00720333 -0.05671539 0.00222651
v 0.01598067 0.06956433 0.00350145
v 0.00636723 -0.04486887 0.00582111
v 0.00636723 -0.04486887 0.00582111
v 0.00548964 -0.06212790 0.00638910
v 0.00425124 0.06864957 0.00701208
v 0.00655524 0.05362848 0.00624240
v 0.01316196 -0.08136900 0.00481140
v 0.00072036 -0.04504680 0.00539883
v -0.01260252 -0.07186671 0.00069111
v 0.00444708 -0.06862086 0.00702135
v -0.00669852 -0.07715556 0.00644202
v -0.01336284 0.06829272 0.00121374
v -0.01336284 0.06829272 0.00121374
v -0.01412892 -0.08248455 0.00583632
v -0.01412892 -0.08248455 0.00583632
v -0.00539676 0.07486272 0.00643365
v -0.00539676 -0.05671287 0.00065106
v 0.00191844 -0.05397174 0.00539865
v 0.00416484 0.07109073 0.00581454
v 0.01301220 -0.07465734 0.00032535
v 0.01301220 -0.07465734 0.00032535
v -0.00739548 0.08452458 0.00701820
v 0.00581796 0.04490244 0.00624348
v 0.00581796 0.04490244 0.00624348
v -0.00703836 0.05954112 0.00635391
v -0.00137052 -0.06719418 0.00033372
v 0.01061028 0.07921602 0.00220626
v 0.01126116 -0.06929433 0.00646497
v 0.01126116 -0.06929433 0.00646497
v 0.01279908 0.07470954 0.00031527
v 0.01279908 0.07470954 0.00031527
v -0.00601515 -0.07594461 0.00627048
v -0.00601515 -0.07594461 0.00627048
v -0.00854955 -0.07935984 0.00002340
v -0.00117675 -0.05849595 0.00114471
v -0.00736875 0.07720290 0.00693981
v 0.01292373 -0.07273413 0.00032526
v -0.00535851 0.08953758 0.00032544
v -0.00535851 0.08953758 0.00032544
v -0.00535851 0.08953758 0.00032544
v 0.00874197 0.05673330 0.00350685
v -0.00806571 -0.05954652 0.00583101
v -0.00806571 -0.05954652 0.00583101
v 0.00733077 -0.05359266 0.00221733
v 0.00650709 -0.04486869 0.00481302
v 0.00910485 0.07473879 0.00480321
v 0.00910485 0.07473879 0.00480321
v -0.00498987 0.05671350 0.00064305
v -0.01005867 -0.07754535 0.00671535
v -0.00345195 -0.07410168 0.00352323
v -0.01477611 -0.07527780 0.00079632
v 0.01023381 -0.07686927 0.00351504
v -0.00698859 -0.07402617 0.00002205
v 0.00026901 0.06233823 0.00063945
v -0.01388331 -0.07186995 0.00626355
v -0.00125739 -0.05443164 0.00164043
v 0.00623637 0.04490271 0.00120330
v 0.00623637 0.04490271 0.00120330
v 0.00594261 -0.04486977 0.00078147
v 0.00594261 -0.04486977 0.00078147
v -0.00944811 -0.06230178 0.00122022
v -0.00944811 -0.06230178 0.00122022
v -0.00944811 -0.06230178 0.00122022
v -0.00720171 -0.05671521 0.00482229
v -0.00442539 0.02518803 0.00076896
v 0.01179477 -0.08298630 0.00213786
v 0.01445382 -0.07686333 0.00120654
v 0.01445382 -0.07686333 0.00120654
v -0.00424314 -0.04488399 0.00626994
v -0.00424314 -0.04488399 0.00626994
v 0.01457478 0.06775227 0.00623646
v -0.00282042 0.02519064 0.00539622
v -0.00553338 0.08840277 0.00687654
v -0.00553338 0.08840277 0.00687654
v 0.01375686 -0.07916571 0.00120717
v 0.01375686 -0.07916571 0.00120717
v -0.00517626 0.02518695 0.00067995
v 0.00290502 -0.05685399 0.00072540
v -0.00599994 -0.08446239 0.00033777
v -0.00599994 -0.08446239 0.00033777
v 0.01411398 0.07278615 0.00076842
v 0.00550278 0.07097418 0.00032004
v 0.00550278 0.07097418 0.00032004
v 0.00880902 0.05956380 0.00634419
v 0.01470726 0.06519519 0.00119664
v 0.01470726 0.06519519 0.00119664
v -0.00375354 -0.06890427 0.00694755
v -0.00676026 0.05671143 0.00625041
v 0.01211526 0.08303598 0.00104931
v 0.01211526 0.08303598 0.00104931
v 0.01211526 0.08303598 0.00104931
v -0.00711162 -0.07907706 0.00033804
v -0.00711162 -0.07907706 0.00033804
v -0.00640314 0.08706501 0.00701739
v 0.00751878 -0.07155189 0.00694080
v -0.00132858 -0.06945300 0.00702495
v 0.00156294 0.05669982 0.00551538
v -0.00144378 0.02519262 0.00539532
v -0.00539514 -0.05361093 0.00068544
v 0.00439686 -0.07027038 0.00694269
v -0.00043578 0.04510863 0.00539334
v 0.01272006 0.07278660 0.00669105
v -0.00479610 -0.08900775 0.00482301
v -0.00432378 -0.05671098 0.00639477
v -0.01146042 0.06515820 0.00582453
v -0.01146042 0.06515820 0.00582453
v 0.01355526 0.07691886 0.00076842
v 0.00417798 0.07084881 0.00669645
v 0.00417798 0.07084881 0.00669645
v 0.00205830 -0.06224949 0.00064692
v 0.01061190 0.07921620 0.00480204
v -0.00542970 -0.08999991 0.00352557
v 0.00058950 0.04506453 0.00163251
v -0.00548361 -0.07556823 0.00109593
v -0.00548361 -0.07556823 0.00109593
v -0.00548361 -0.07556823 0.00109593
v 0.00248247 0.06646032 0.00032220
v 0.00785079 -0.07287813 0.00221832
v 0.00785079 -0.07287813 0.00221832
v 0.00608247 0.06448149 0.00063576
v -0.00240777 -0.05689071 0.00552555
v 0.00071991 0.05723748 0.00150759
v -0.00671049 -0.08166330 0.00671355
v -0.00671049 -0.08166330 0.00671355
v -0.00977481 0.08737740 0.00351612
v -0.00505161 0.08900955 0.00221517
v -0.00669897 0.08163576 0.00582048
v 0.00327159 -0.04489677 0.00151299
v 0.00327159 -0.04489677 0.00151299
v 0.01235511 -0.08298522 0.00596781
v 0.01235511 -0.08298522 0.00596781
v 0.01235511 -0.08298522 0.00596781
v 0.01601847 -0.06769215 0.00221292
v 0.00074295 0.05821686 0.00113553
v -0.00149769 0.07201341 0.00120618
v -0.00149769 0.07201341 0.00120618
v 0.01395639 0.07471107 0.00623637
v -0.00438345 0.02518848 0.00589311
v -0.00438345 0.02518848 0.00589311
v -0.01464201 0.08246295 0.00222156
v -0.01464201 0.08246295 0.00222156
v 0.00517815 0.04490118 0.00067221
v -0.01168713 0.06515775 0.00351882
v -0.00631881 0.07593759 0.00643419
v -0.00336969 -0.05628060 0.00589806
v -0.00336969 -0.05628060 0.00589806
v -0.01504521 -0.08028189 0.00122490
v -0.01504521 -0.08028189 0.00122490
v 0.00383400 -0.02517309 0.00589149
v 0.00383400 -0.02517309 0.00589149
v -0.01361880 0.06829245 0.00222192
v -0.00553752 0.08840232 0.00015030
v -0.00553752 0.08840232 0.00015030
v -0.00470808 0.02518767 0.00064503
v -0.01555992 0.08025894 0.00222228
v -0.00393624 -0.05360886 0.00114606
v -0.00399384 0.06828201 0.00032607
v -0.00375768 -0.06890472 0.00009855
v 0.00827496 -0.06217776 0.00064305
v 0.00821736 -0.06735402 0.00670338
v 0.00821736 -0.06735402 0.00670338
v -0.00924120 0.08729739 0.00078174
v -0.00924120 0.08729739 0.00078174
v -0.00564120 -0.08897679 0.00671346
v -0.00564120 -0.08897679 0.00671346
v 0.00751464 -0.07155234 0.00009180
v 0.01164456 -0.08137107 0.00670230
v 0.01164456 -0.08137107 0.00670230
v -0.00610776 0.08847513 0.00687690
v -0.00610776 0.08847513 0.00687690
v -0.01595736 -0.07798689 0.00223335
v -0.00598680 0.08447112 0.00581985
v 0.01489320 -0.06513741 0.00120546
v 0.01489320 -0.06513741 0.00120546
v -0.00628056 0.08911791 0.00635148
v -0.00456984 -0.04488480 0.00064980
v 0.00646056 0.05956038 0.00638019
v 0.00050472 0.07103799 0.00059436
v -0.00374040 0.05373576 0.00151056
v -0.00374040 0.05373576 0.00151056
v 0.00688104 0.05673087 0.00634554
v 0.00605736 0.07112826 0.00669528
v 0.00605736 0.07112826 0.00669528
v -0.00037080 -0.02517930 0.00163791
v -0.00579672 -0.07548327 0.00630477
v -0.00579672 -0.07548327 0.00630477
v -0.00579672 -0.07548327 0.00630477
v -0.00903960 -0.08200017 0.00695169
v -0.00367128 0.07333596 0.00642987
v 0.01001448 0.07691400 0.00350469
v 0.00582696 0.06885072 0.00701109
v -0.00555480 0.06566688 0.00064278
v -0.01127448 -0.06517449 0.00583335
v -0.01127448 -0.06517449 0.00583335
v -0.01150119 -0.06517494 0.00352764
v -0.00560295 -0.08702838 0.00694998
v -0.00560295 -0.08702838 0.00694998
v 0.01008729 -0.06693696 0.00638658
v -0.00837351 0.07222995 0.00056520
v 0.00436761 -0.07106238 0.00582417
v -0.00129447 -0.07175097 0.00060525
v 0.00802521 0.06739344 0.00669429
v 0.00802521 0.06739344 0.00669429
v 0.00785241 -0.07287795 0.00481410
v 0.00785241 -0.07287795 0.00481410
v -0.00541863 0.08983566 0.00581913
v 0.00779481 0.07291449 0.00624033
v 0.00767961 0.07291548 0.00120051
v -0.00423207 0.05966748 0.00638676
v -0.01366695 0.07788564 0.00635679
v 0.00963225 -0.07133913 0.00701838
v -0.00145575 0.04509837 0.00163377
v -0.00504999 0.08900964 0.00481095
v -0.00516519 -0.08983485 0.00121950
v -0.00952551 -0.08738910 0.00352791
v -0.00952551 -0.08738910 0.00352791
v -0.00392103 -0.02518416 0.00552429
v -0.01477287 -0.07797105 0.00626454
v 0.00439641 0.04490037 0.00638244
v -0.00964071 -0.06230187 0.00352629
v -0.00964071 -0.06230187 0.00352629
v 0.01602009 -0.06769197 0.00480870
v 0.01112985 0.08141958 0.00350361
v -0.00585639 -0.08446788 0.00079146
v -0.00491175 0.00000108 0.00639126
v -0.00886311 -0.06230061 0.00625977
v 0.00635481 0.00001719 0.00581805
v -0.01464039 0.08246313 0.00481734
v -0.01464039 0.08246313 0.00481734
v -0.00437607 -0.04488417 0.00639396
v -0.00437607 -0.04488417 0.00639396
v 0.00070425 -0.07128018 0.00222264
v -0.00519399 0.08893629 0.00624717
v -0.00448551 0.05671467 0.00638712
v -0.00130023 -0.07114752 0.00694620
v 0.00678105 -0.07162155 0.00643761
v 0.00584010 -0.02517021 0.00624825
v 0.00584010 -0.02517021 0.00624825
v 0.00731466 0.07158933 0.00693117
v 0.00065034 0.05429934 0.00163188
v 0.01392138 -0.07916526 0.00351288
v 0.00702090 0.05362875 0.00120222
v 0.00702090 0.05362875 0.00120222
v 0.01127178 0.08142003 0.00623763
v -0.01555830 0.08025912 0.00481806
v 0.00237258 0.07109577 0.00221184
v -0.00611190 0.08847468 0.00015066
v -0.00611190 0.08847468 0.00015066
v -0.01595574 -0.07798671 0.00482913
v 0.00197514 0.04498974 0.00539190
v 0.00191754 -0.05816205 0.00077067
v 0.01277514 0.06755859 0.00066600
v -0.00568566 0.09000000 0.00481131
v 0.00947466 -0.07469568 0.00624933
v 0.01154250 0.07117587 0.00692856
v 0.01054026 -0.07280361 0.00701793
v -0.00366390 0.07393626 0.00221535
v 0.00394506 0.06435027 0.00638145
v 0.00619146 -0.07102800 0.00032931
v 0.00619146 -0.07102800 0.00032931
v 0.00619146 -0.07102800 0.00032931
v 0.01108746 -0.07916949 0.00059814
v -0.00613494 -0.07593750 0.00033723
v -0.00613494 -0.07593750 0.00033723
v 0.01309563 -0.07686531 0.00059670
v 0.01309563 -0.07686531 0.00059670
v 0.01186299 -0.07898859 0.00701748
v 0.01369467 0.07922043 0.00220437
v -0.00382149 -0.04491414 0.00151740
v -0.00382149 -0.04491414 0.00151740
v -0.00470277 0.00000144 0.00639117
v -0.00694341 0.08166006 0.00670257
v -0.00694341 0.08166006 0.00670257
v -0.00552645 0.07423299 0.00008991
v 0.00934011 -0.06475023 0.00064260
v -0.00540549 0.07483293 0.00032643
v -0.00540549 0.07483293 0.00032643
v 0.00586107 -0.05359491 0.00067851
v -0.00457605 -0.05360940 0.00639468
v -0.00262917 0.05838237 0.00076554
v -0.00144837 0.06239682 0.00638487
v -0.01336005 0.06829308 0.00582552
v -0.01336005 0.06829308 0.00582552
v -0.00291717 0.06003621 0.00638595
v -0.00563013 0.08702577 0.00643014
v -0.00686853 -0.05954472 0.00636201
v -0.00515781 -0.08708301 0.00583110
v 0.01224315 0.07110657 0.00031590
v -0.00521541 0.04488633 0.00067860
v 0.00345915 -0.05359797 0.00626571
v 0.00345915 -0.05359797 0.00626571
v -0.00025605 0.05755320 0.00551637
v 0.01284219 0.06929262 0.00066582
v -0.00514629 -0.08986428 0.00222750
v 0.00387963 -0.04487238 0.00626490
v 0.00387963 -0.04487238 0.00626490
v 0.00606267 0.06725727 0.00008325
v 0.00624699 0.07060266 0.00693189
v 0.00052731 0.06610392 0.00056016
v 0.00070587 -0.07128000 0.00481842
v 0.00053100 0.06610437 0.00646236
v 0.00937836 0.07473843 0.00642177
v 0.00937836 0.07473843 0.00642177
v 0.01226988 -0.08119071 0.00693855
v 0.01226988 -0.08119071 0.00693855
v -0.00153108 0.06946479 0.00000891
v -0.00695700 0.07715529 0.00032724
v -0.00695700 0.07715529 0.00032724
v 0.00259884 -0.07024662 0.00694377
v 0.00602028 0.07116363 0.00631053
v -0.00541908 -0.08701560 0.00671319
v 0.00366444 -0.04487274 0.00589293
v 0.00366444 -0.04487274 0.00589293
v 0.00437292 -0.07095861 0.00625221
v 0.00631980 0.02520360 0.00351045
v 0.00237420 0.07109595 0.00480762
v -0.00623700 0.08446086 0.00670194
v -0.00623700 0.08446086 0.00670194
v -0.00653076 0.08447634 0.00008982
v -0.00746964 -0.06859620 0.00065322
v -0.00540180 0.08986500 0.00351324
v 0.00073260 -0.06881031 0.00702369
v 0.00633708 -0.06669270 0.00670455
v 0.00238572 0.07081425 0.00669753
v 0.00238572 0.07081425 0.00669753
v -0.00498708 -0.08963487 0.00079128
v -0.00498708 -0.08963487 0.00079128
v -0.00498708 -0.08963487 0.00079128
v 0.00274284 0.05687748 0.00071766
v 0.00262764 -0.06861447 0.00001584
v -0.00804564 -0.08185626 0.00002331
v -0.00733716 0.07907184 0.00032733
v -0.00733716 0.07907184 0.00032733
v 0.00959148 -0.07469514 0.00643185
v 0.01153836 0.07117542 0.00007956
v -0.00715860 -0.08452944 0.00002295
v 0.00045036 -0.06232131 0.00639225
v 0.00458028 -0.05359671 0.00064476
v 0.00210348 -0.04496787 0.00539793
v 0.00080748 -0.05428134 0.00539937
v 0.00004140 0.06041196 0.00638406
v 0.00853740 0.07289658 0.00008136
v 0.00623916 0.04490298 0.00581508
v 0.00623916 0.04490298 0.00581508
v -0.01587924 0.07525251 0.00121482
v -0.01587924 0.07525251 0.00121482
v -0.00508500 -0.08886141 0.00671310
v -0.00508500 -0.08886141 0.00671310
v -0.00986004 -0.07493526 0.00060462
v -0.00944532 -0.06230151 0.00583200
v -0.00944532 -0.06230151 0.00583200
v -0.00944532 -0.06230151 0.00583200
v -0.00631764 -0.05361219 0.00121770
v -0.00631764 -0.05361219 0.00121770
v -0.00366228 0.07393644 0.00481113
v -0.00135828 -0.06657372 0.00057033
v -0.00135828 0.05749209 0.00551709
v 0.00866988 0.07041240 0.00000261
v 0.01173789 0.08070300 0.00700668
v 0.00530973 -0.04487031 0.00635346
v -0.00972963 -0.08209971 0.00057654
v -0.00937251 -0.08204823 0.00671526
v 0.01445661 -0.07686306 0.00581832
v 0.01445661 -0.07686306 0.00581832
v 0.00578781 -0.07041105 0.00694179
v 0.01510749 0.07471188 0.00220374
v -0.00683235 -0.07916328 0.00352566
v 0.00001053 -0.05902038 0.00626823
v 0.01033245 0.07284969 0.00700803
v 0.00733149 -0.05359257 0.00351522
v -0.00505251 -0.08888013 0.00060867
v 0.00279261 -0.05369184 0.00552213
v 0.00279261 -0.05369184 0.00552213
v 0.01276317 -0.08136990 0.00077976
v 0.01276317 -0.08136990 0.00077976
v -0.00127395 -0.06238485 0.00064899
v 0.01246941 -0.08136990 0.00643050
v 0.01246941 -0.08136990 0.00643050
v 0.00621981 -0.07113033 0.00071406
v 0.00621981 -0.07113033 0.00071406
v 0.00621981 -0.07113033 0.00071406
v -0.00510435 -0.02518614 0.00068328
v -0.00587043 0.06239133 0.00638757
v -0.00392355 -0.02518443 0.00151605
v -0.00864099 0.08722485 0.00635301
v -0.00645795 -0.07764381 0.00352539
v -0.00722403 -0.06229827 0.00639693
v 0.00357597 -0.06216867 0.00064593
v 0.01112733 -0.07916904 0.00670248
v 0.01112733 -0.07916904 0.00670248
v -0.00904419 0.06229089 0.00078336
v -0.00792099 0.08716599 0.00638712
v -0.01440675 -0.08248869 0.00223272
v -0.01493667 0.07184484 0.00121446
v -0.01493667 0.07184484 0.00121446
v 0.00423261 -0.05962176 0.00638973
v -0.00514467 -0.08986410 0.00482328
v 0.00612189 0.07119531 0.00669519
v 0.00612189 0.07119531 0.00669519
v 0.00430173 0.06699951 0.00008433
v -0.00489699 0.02518740 0.00064521
v 0.00655182 0.05362812 0.00077436
v -0.00736434 0.05671035 0.00351675
v 0.00614286 0.06672636 0.00031995
v 0.00637902 0.04490316 0.00480699
v 0.00437454 -0.07085529 0.00060165
v 0.01292814 0.08142210 0.00220464
v 0.00915534 0.06479208 0.00063387
v -0.00564786 0.05954274 0.00064332
v 0.00066510 -0.02517786 0.00163728
v 0.01287630 0.07691787 0.00058635
v 0.01287630 0.07691787 0.00058635
v -0.00605682 -0.02518731 0.00352152
v -0.00829170 -0.07110954 0.00065385
v 0.01235214 -0.08298549 0.00106047
v 0.01235214 -0.08298549 0.00106047
v 0.01235214 -0.08298549 0.00106047
v -0.01566450 -0.07528194 0.00122499
v -0.01566450 -0.07528194 0.00122499
v 0.01306062 -0.08136945 0.00120771
v 0.01005390 -0.07469019 0.00693945
v -0.01182834 -0.07775082 0.00065646
v 0.00050382 0.07126074 0.00581679
v 0.00811278 -0.06971724 0.00001251
v -0.00155826 0.06720588 0.00670023
v -0.00132210 -0.06471279 0.00064917
v 0.00717390 -0.05359302 0.00120942
v 0.00717390 -0.05359302 0.00120942
v -0.00615474 -0.08706663 0.00702918
v -0.00149490 0.07201377 0.00581796
v -0.00149490 0.07201377 0.00581796
v -0.01317042 0.08015211 0.00635634
v -0.00886194 0.08460513 0.00646686
v 0.01343502 0.06232311 0.00220563
v 0.01343502 0.06232311 0.00220563
v -0.01239858 -0.06831387 0.00079434
v -0.00826866 0.08457174 0.00009090
v 0.00984078 0.07473483 0.00692937
v 0.01202958 -0.08176932 0.00687735
v -0.00772722 0.05954013 0.00625077
v 0.00070911 -0.07113159 0.00625455
v 0.00578367 -0.07041159 0.00009279
v -0.00453825 0.02518830 0.00638928
v -0.00453825 0.02518830 0.00638928
v -0.00583425 -0.07544898 0.00645291
v -0.00583425 -0.07544898 0.00645291
v 0.00053631 0.06882849 0.00701433
v 0.00590463 0.07164495 0.00220968
v -0.01408833 0.07184628 0.00625383
v -0.00353025 0.05628699 0.00589050
v -0.00353025 0.05628699 0.00589050
v -0.00329409 0.06244488 0.00638595
v 0.01510911 0.07471206 0.00479952
v -0.00269505 0.05410413 0.00163395
v 0.00703935 -0.05669514 0.00067797
v -0.00605313 0.07544790 0.00058653
v 0.01577151 0.07108857 0.00220365
v 0.00663039 -0.05952546 0.00638820
v -0.00616833 -0.07003512 0.00671247
v -0.00569601 -0.06239196 0.00065169
v 0.01105983 0.06934203 0.00055341
v 0.01105983 0.06934203 0.00055341
v 0.01489599 -0.06513714 0.00581724
v 0.01489599 -0.06513714 0.00581724
v -0.01388673 -0.07187031 0.00079551
v 0.01212543 -0.08352387 0.00512703
v 0.01212543 -0.08352387 0.00512703
v 0.01212543 -0.08352387 0.00512703
v 0.01183167 0.08249760 0.00669096
v 0.01183167 0.08249760 0.00669096
v 0.01183167 0.08249760 0.00669096
v -0.00025857 0.05755293 0.00150813
v 0.00021375 -0.06039531 0.00639225
v -0.00969345 0.07533036 0.00670464
v -0.00526977 -0.08705412 0.00625932
v -0.00998721 -0.07964253 0.00033984
v -0.01440513 -0.08248851 0.00482850
v 0.01384767 0.06519429 0.00623709
v -0.00685377 0.08941257 0.00221625
v 0.01255167 0.07921872 0.00058635
v 0.01255167 0.07921872 0.00058635
v -0.00478593 -0.04488507 0.00064989
v -0.00437121 0.04488786 0.00626382
v -0.00437121 0.04488786 0.00626382
v -0.00366273 0.07364313 0.00581922
v -0.00861633 0.07734420 0.00701946
v -0.00643329 -0.08163495 0.00222768
v -0.01173825 0.07992549 0.00639000
v -0.00831681 -0.08459640 0.00033921
v -0.00831681 -0.08459640 0.00033921
v 0.01244592 -0.07105590 0.00032544
v -0.00035280 0.05447898 0.00163242
v -0.01167696 -0.07521174 0.00065619
v 0.00059184 0.04506471 0.00539271
v -0.01120464 0.07184430 0.00639018
v 0.01238832 0.07921845 0.00031527
v 0.01238832 0.07921845 0.00031527
v 0.00230256 -0.05568768 0.00141795
v 0.00230256 -0.05568768 0.00141795
v 0.01038384 -0.07686918 0.00078093
v -0.00536400 -0.06566652 0.00639603
v 0.01280304 0.07470999 0.00669087
v 0.01280304 0.07470999 0.00669087
v 0.00071280 -0.07044057 0.00009594
v -0.00595152 0.08447256 0.00481185
v 0.01210032 0.06509313 0.00634176
v 0.00437616 -0.07082073 0.00033039
v 0.00437616 -0.07082073 0.00033039
v 0.01292976 0.08142228 0.00480042
v 0.00768240 0.07291575 0.00581229
v -0.00659088 0.06231825 0.00064368
v 0.00880560 0.05956335 0.00066897
v -0.00676368 0.05671098 0.00078237
v -0.00676368 0.05671098 0.00078237
v 0.01423728 0.07692012 0.00580797
v 0.01423728 0.07692012 0.00580797
v -0.00280656 0.04501242 0.00539478
v -0.00504720 0.05954364 0.00064296
v -0.00516240 -0.08983458 0.00583128
v -0.01501200 -0.07187202 0.00353025
v -0.01070352 -0.08472726 0.00069084
v 0.00056304 0.06665553 0.00669897
v -0.00532944 0.08956206 0.00059670
v -0.00532944 0.08956206 0.00059670
v -0.00532944 0.08956206 0.00059670
v -0.00862416 -0.08461422 0.00057609
v -0.00862416 -0.08461422 0.00057609
v -0.00620496 0.08446185 0.00059760
v -0.00136656 -0.06719373 0.00670932
v -0.00708624 -0.08713125 0.00647748
v -0.00708624 -0.08713125 0.00647748
v 0.01202544 -0.08176977 0.00015111
v 0.01202544 -0.08176977 0.00015111
v -0.00136080 0.05749182 0.00150885
v -0.00707679 -0.07907184 0.00060930
v 0.01327329 -0.07273323 0.00059634
v 0.00855585 0.05673294 0.00120105
v 0.00855585 0.05673294 0.00120105
v -0.01362015 0.07523577 0.00635688
v -0.00040671 0.00000720 0.00163620
v -0.00659871 -0.08941617 0.00222831
v 0.00632097 -0.07116174 0.00032922
v 0.00632097 -0.07116174 0.00032922
v 0.01416609 -0.07465509 0.00077841
v 0.01292769 -0.07273368 0.00670086
v -0.00877599 0.07935048 0.00001269
v -0.00535455 0.08953803 0.00670104
v -0.00535455 0.08953803 0.00670104
v -0.00535455 0.08953803 0.00670104
v -0.00676575 0.07585992 0.00693954
v 0.00279009 -0.05369211 0.00151389
v 0.00279009 -0.05369211 0.00151389
v -0.00469791 0.04488705 0.00064368
v -0.00257247 0.05689944 0.00150966
v -0.01265823 0.08476326 0.00121221
v -0.01265823 0.08476326 0.00121221
v 0.00379809 0.00001350 0.00588978
v 0.00379809 0.00001350 0.00588978
v 0.01188513 0.08357400 0.00189036
v 0.01188513 0.08357400 0.00189036
v 0.01188513 0.08357400 0.00189036
v 0.01188513 0.08357400 0.00189036
v 0.01395297 0.07471071 0.00076833
v 0.00239841 0.07027011 0.00693432
v 0.00257697 -0.07107291 0.00481725
v -0.00367263 0.07329897 0.00670113
v -0.00367263 0.07329897 0.00670113
v -0.00473247 0.05361201 0.00064314
v 0.00258273 -0.07082658 0.00060282
v -0.00508383 -0.04488516 0.00635985
v -0.00561375 0.02518632 0.00078381
v -0.00561375 0.02518632 0.00078381
v -0.00685215 0.08941275 0.00481203
v -0.00366687 0.07344675 0.00624735
v 0.00240993 -0.06433209 0.00064683
v -0.00767583 -0.08717238 0.00065457
v -0.00643167 -0.08163477 0.00482346
v 0.00625185 -0.02516994 0.00120807
v -0.00005742 -0.05856219 0.00589617
v -0.00129006 -0.07186536 0.00625581
v -0.00311598 -0.06243777 0.00639441
v -0.00022446 0.05857794 0.00588825
v 0.00237330 0.07106058 0.00120384
v 0.00432018 0.06644979 0.00032103
v 0.01057554 0.06847893 0.00637704
v 0.00550674 0.07097463 0.00669564
v 0.00550674 0.07097463 0.00669564
v -0.01059246 0.07970355 0.00646821
v -0.00710766 -0.07907661 0.00671364
v -0.00710766 -0.07907661 0.00671364
v -0.00150318 0.07115985 0.00693666
v -0.00150318 0.06472458 0.00638478
v -0.00964206 -0.06517206 0.00636408
v -0.00686574 -0.07906149 0.00583155
v 0.00687762 0.05673051 0.00067032
v 0.00339858 0.06219405 0.00063756
v -0.00450414 0.04488768 0.00638793
v -0.00450414 0.04488768 0.00638793
v -0.00580014 -0.07548363 0.00074475
v -0.00580014 -0.07548363 0.00074475
v -0.00580014 -0.07548363 0.00074475
v 0.00670482 -0.05359365 0.00078156
v -0.00839214 -0.08723295 0.00636480
v 0.00629586 -0.07115391 0.00058320
v -0.00036846 -0.02517912 0.00539811
v 0.00647442 0.07165215 0.00075591
v -0.00667566 -0.08165979 0.00644229
v 0.01196370 -0.08065332 0.00001089
v -0.00395694 0.00000243 0.00552258
v 0.00796050 -0.06781365 0.00009135
v 0.00695826 -0.07096437 0.00009216
v -0.01050030 -0.07759656 0.00647892
v 0.00530883 0.06215922 0.00063639
v -0.00978813 0.08465544 0.00064413
v -0.00683325 -0.07912062 0.00222777
v 0.00814851 -0.07287399 0.00032823
v 0.00814851 -0.07287399 0.00032823
v -0.00659709 -0.08941590 0.00482409
v 0.00248643 0.06646077 0.00669780
v -0.01078461 0.06515919 0.00625230
v 0.01304451 0.07921980 0.00623664
v 0.01304451 0.07921980 0.00623664
v -0.00689085 -0.08711775 0.00671409
v -0.00689085 -0.08711775 0.00671409
v 0.01163331 0.07903800 0.00000018
v 0.00791811 0.06975594 0.00700974
v 0.01228419 0.08303625 0.00212616
v -0.00599805 0.02518614 0.00582390
v -0.00145341 0.04509864 0.00539397
v -0.00274941 -0.06002838 0.00064971
v -0.01259901 -0.07186635 0.00636633
v -0.00604989 -0.07063515 0.00010008
v 0.00191619 -0.05397201 0.00163845
v 0.00651843 0.07078473 0.00008271
v -0.00539325 -0.05671251 0.00639540
v -0.00149949 0.07172424 0.00032427
v -0.00149949 0.07172424 0.00032427
v -0.00149949 0.07172424 0.00032427
v -0.00839997 -0.07735266 0.00002322
v -0.00816381 -0.07223769 0.00647712
v 0.01271619 0.07278615 0.00031545
v -0.00538173 0.07495056 0.00625977
v -0.00538173 0.07495056 0.00625977
v 0.00977859 0.06838353 0.00669321
v 0.00977859 0.06838353 0.00669321
v -0.00030717 -0.04509360 0.00539946
v 0.01172547 -0.08119143 0.00693891
v 0.01172547 -0.08119143 0.00693891
v 0.00405891 0.05964948 0.00063729
v -0.01021437 0.07962921 0.00032913
v -0.00136125 -0.06775902 0.00009702
v -0.00631485 -0.05361192 0.00582948
v -0.00631485 -0.05361192 0.00582948
v -0.00537021 0.08709363 0.00351342
v -0.00666621 0.08163189 0.00221670
v 0.00424692 0.06864912 0.00000540
v -0.00878796 0.06836967 0.00064467
v 0.00632052 0.02520369 0.00480834
v -0.00553356 -0.04488615 0.00078849
v -0.00553356 -0.04488615 0.00078849
v -0.00824652 0.06229206 0.00067923
v 0.01086516 0.07921665 0.00642051
v 0.00514548 -0.05669784 0.00064458
v -0.00494028 -0.08893449 0.00625923
v -0.00346572 -0.07333029 0.00060669
v 0.00213876 -0.02517579 0.00163638
v 0.00444276 -0.06862131 0.00001467
v -0.00398988 0.06828246 0.00670167
v -0.01565964 -0.07798275 0.00583695
v -0.01565964 -0.07798275 0.00583695
v 0.01572084 -0.07272603 0.00351135
v -0.00739980 0.08452404 0.00001152
v 0.00947124 -0.07469604 0.00078129
v 0.00375156 0.04489947 0.00625887
v 0.00375156 0.04489947 0.00625887
v 0.01361268 -0.06226884 0.00221409
v 0.00865908 0.06766443 0.00055503
v 0.00865908 0.06766443 0.00055503
v -0.00531468 -0.07423308 0.00009990
v 0.00152820 -0.06021279 0.00064710
v -0.00489996 -0.08970822 0.00121932
v -0.00489996 -0.08970822 0.00121932
v 0.01326708 -0.07916643 0.00077931
v 0.01326708 -0.07916643 0.00077931
v -0.00495756 -0.05361030 0.00065061
v 0.00583668 -0.02517057 0.00078021
v 0.00583668 -0.02517057 0.00078021
v 0.00925812 0.07473825 0.00077121
v 0.00925812 0.07473825 0.00077121
v -0.00666459 0.08163207 0.00481248
v -0.00371547 -0.06752232 0.00057186
v 0.00266085 -0.06698178 0.00009450
v -0.00129051 -0.07214679 0.00352179
v -0.00547803 -0.05954319 0.00065133
v -0.00252891 0.05783157 0.00588978
v -0.00683163 -0.07912044 0.00482355
v 0.01086309 0.05956632 0.00119943
v 0.01086309 0.05956632 0.00119943
v 0.00821349 -0.06735447 0.00032778
v 0.00821349 -0.06735447 0.00032778
v -0.00517275 0.02518731 0.00635517
v 0.00243621 0.06863751 0.00701325
v 0.01559205 -0.07102899 0.00120546
v 0.01559205 -0.07102899 0.00120546
v -0.01195227 0.08474643 0.00625167
v -0.01195227 0.08474643 0.00625167
v 0.01164069 -0.08137152 0.00032670
v 0.01335141 -0.06226893 0.00581796
v 0.01335141 -0.06226893 0.00581796
v -0.00139419 0.06037578 0.00638496
v 0.01005093 0.07691391 0.00119871
v -0.00705051 -0.05671494 0.00583020
v -0.00705051 -0.05671494 0.00583020
v -0.00362907 -0.07078509 0.00702648
v 0.01306341 -0.08136909 0.00581949
v 0.00050085 0.07129755 0.00221301
v -0.00539163 -0.05361057 0.00636066
v 0.00599589 0.07108641 0.00057366
v 0.00941733 0.07473843 0.00669294
v 0.00941733 0.07473843 0.00669294
v 0.00941733 0.07473843 0.00669294
v 0.00717669 -0.05359266 0.00582120
v 0.00717669 -0.05359266 0.00582120
v 0.01278117 -0.07916670 0.00643014
v 0.01278117 -0.07916670 0.00643014
v 0.00387621 -0.04487274 0.00076860
v 0.00387621 -0.04487274 0.00076860
v 0.00558693 0.07044363 0.00693234
v 0.01532133 -0.07465275 0.00351171
v 0.01219941 0.07917336 0.00007866
v 0.01219941 0.07917336 0.00007866
v -0.00431451 -0.02518497 0.00114435
v -0.00431451 -0.02518497 0.00114435
v 0.01432485 -0.07272981 0.00624627
v -0.00755739 -0.05954571 0.00625878
v -0.00584667 -0.07543755 0.00671265
v -0.00584667 -0.07543755 0.00671265
v -0.00584667 -0.07543755 0.00671265
v 0.01297125 -0.06750603 0.00635031
v 0.00206181 -0.06224913 0.00639126
v -0.00707931 0.08868393 0.00070353
v 0.01179621 0.08181954 0.00686637
v 0.00601686 0.07116327 0.00070443
v 0.00619542 -0.07102755 0.00670491
v 0.00619542 -0.07102755 0.00670491
v 0.00619542 -0.07102755 0.00670491
v -0.00613098 -0.07508457 0.00694944
v 0.00979542 0.06845076 0.00049284
v 0.00979542 0.06845076 0.00049284
v -0.00648234 0.06918444 0.00059265
v -0.00954666 -0.08466750 0.00065556
v -0.00571050 -0.08447310 0.00482328
v 0.01239894 0.08261793 0.00560277
v -0.00606186 0.07543683 0.00670248
v -0.00606186 0.07543683 0.00670248
v -0.00446634 -0.02518488 0.00639270
v -0.00446634 -0.02518488 0.00639270
v -0.00605610 0.05361048 0.00625014
v -0.00015786 0.05903640 0.00626031
v -0.00640746 0.08706456 0.00001071
v -0.00133290 -0.06945354 0.00001827
v -0.01342314 -0.06831522 0.00352899
v -0.01342314 -0.06831522 0.00352899
v 0.01170774 -0.08256771 0.00141453
v -0.00610218 -0.07593894 0.00644445
v 0.01424790 0.07108965 0.00623646
v -0.01028394 0.07753221 0.00032931
v -0.00733482 0.08712693 0.00646569
v -0.00733482 0.08712693 0.00646569
v -0.00408618 0.05361327 0.00589104
v 0.00051606 0.07045821 0.00693540
v -0.01204650 0.07773264 0.00639036
v 0.01343574 0.06232320 0.00350352
v 0.01343574 0.06232320 0.00350352
v -0.00555498 0.05671314 0.00638775
v 0.01361430 -0.06226866 0.00480987
v 0.01090134 0.07921674 0.00669177
v 0.01090134 0.07921674 0.00669177
v 0.00518166 0.04490154 0.00634743
v -0.00690858 0.08165664 0.00643131
v -0.00395946 0.00000216 0.00151434
v 0.01125846 -0.05951916 0.00221535
v -0.00596394 -0.08446383 0.00060894
v -0.00236394 -0.05782239 0.00589752
v 0.01155798 0.08303517 0.00212661
v 0.01155798 0.08303517 0.00212661
v 0.00436374 -0.07109721 0.00222039
v 0.01108935 0.05956686 0.00350514
v 0.01108935 0.05956686 0.00350514
v 0.01203399 0.08124120 0.00007857
v 0.01203399 0.08124120 0.00007857
v -0.01527417 0.08025417 0.00121410
v -0.01527417 0.08025417 0.00121410
v 0.00106695 -0.05870205 0.00626760
v 0.00979911 0.06845112 0.00651780
v 0.00979911 0.06845112 0.00651780
v -0.00671481 0.07721676 0.00120906
v 0.00950535 -0.06868395 0.00009045
v 0.00897543 -0.05952249 0.00067698
v -0.00358713 -0.05373063 0.00151785
v -0.00358713 -0.05373063 0.00151785
v -0.00730233 0.07906680 0.00059859
v -0.00122553 -0.06036363 0.00064881
v -0.00470457 0.02518803 0.00638937
v -0.00134073 0.05850819 0.00588897
v -0.00487737 -0.05954229 0.00065097
v 0.00238023 0.07095519 0.00624375
v 0.00827847 -0.06217731 0.00638739
v -0.00681849 0.07714161 0.00078093
v 0.00816327 -0.05669352 0.00078093
v 0.01577223 0.07108866 0.00350154
v -0.00540153 0.07483338 0.00670203
v -0.00540153 0.07483338 0.00670203
v -0.00569529 0.08996499 0.00120753
v 0.00050247 0.07129773 0.00480879
v -0.00521721 -0.08974593 0.00625941
v -0.00521721 -0.08974593 0.00625941
v 0.00604935 0.07113186 0.00050274
v -0.00456633 -0.04488444 0.00639414
v -0.00704313 -0.08171145 0.00695052
v -0.00657081 -0.08164899 0.00625968
v 0.01224711 0.07110693 0.00669150
v 0.00062919 0.00000873 0.00163557
v 0.00422919 0.06592518 0.00646002
v -0.00833337 0.07260624 0.00032841
v -0.00567801 -0.07243362 0.00702783
v -0.00939321 -0.08736885 0.00122193
v -0.00939321 -0.08736885 0.00122193
v -0.00939321 -0.08736885 0.00122193
v -0.00939321 -0.08736885 0.00122193
v -0.00555129 0.06566724 0.00638712
v -0.00655353 -0.07586307 0.00010080
v 0.01179207 0.08181909 0.00014013
v -0.01344825 -0.07790850 0.00069201
v 0.00436536 -0.07109703 0.00481617
v -0.00849096 0.07110153 0.00638856
v -0.00129096 -0.07171236 0.00670959
v -0.00129096 -0.07171236 0.00670959
v -0.00695304 0.07715574 0.00670284
v -0.00695304 0.07715574 0.00670284
v -0.01036872 -0.07971759 0.00057681
v -0.00682632 -0.08868825 0.00071550
v 0.00066744 -0.02517759 0.00539748
v -0.00452232 0.00000126 0.00064665
v -0.00452232 0.00000126 0.00064665
v -0.01265544 0.08476353 0.00582399
v -0.01265544 0.08476353 0.00582399
v 0.01211832 0.08303625 0.00595665
v 0.01211832 0.08303625 0.00595665
v 0.01211832 0.08303625 0.00595665
v 0.00675576 0.07099929 0.00008253
v -0.00857736 -0.06517098 0.00065367
v 0.00050616 0.07114959 0.00624492
v -0.00515592 0.08970948 0.00120717
v -0.00515592 0.08970948 0.00120717
v 0.00605304 0.07113222 0.00651222
v 0.01283832 -0.07079877 0.00641349
v -0.00733320 0.07907229 0.00670293
v -0.00733320 0.07907229 0.00670293
v -0.00491400 0.04488678 0.00064386
v 0.00293112 0.05362326 0.00588672
v 0.00293112 0.05362326 0.00588672
v 0.00582264 0.06885018 0.00000441
v 0.01242936 -0.07912233 0.00693837
v 0.01242936 -0.07912233 0.00693837
v -0.01617480 0.07525314 0.00222300
v -0.00709128 0.07905771 0.00582093
v 0.01078200 0.06229440 0.00066753
v 0.00700920 0.06922737 0.00701037
v 0.01468152 -0.07686288 0.00351225
v -0.00589896 0.08897616 0.00032580
v -0.00589896 0.08897616 0.00032580
v 0.00070776 -0.07098372 0.00033264
v 0.00070776 -0.07098372 0.00033264
v -0.00961047 0.08203698 0.00032859
v 0.00660969 0.06643899 0.00643014
v -0.00518679 -0.07486191 0.00060498
v 0.00242217 0.06593418 0.00646119
v -0.00695511 0.08710182 0.00693891
v -0.00695511 0.08710182 0.00693891
v -0.01533015 -0.08028729 0.00353097
v -0.00022743 0.05857758 0.00113607
v -0.00624087 0.08446041 0.00032634
v -0.00624087 0.08446041 0.00032634
v 0.00962793 -0.07133967 0.00001170
v 0.01499625 0.06519582 0.00350235
v -0.00623511 0.07594299 0.00076914
v -0.00623511 0.07594299 0.00076914
v 0.00639081 -0.02516967 0.00221598
v 0.01075689 0.07921647 0.00623808
v -0.01189143 0.07519356 0.00064611
v -0.00605079 -0.04488669 0.00352287
v 0.01058409 0.06982551 0.00008028
v 0.01253097 0.08142147 0.00076878
v 0.01253097 0.08142147 0.00076878
v 0.01223721 0.08142138 0.00641952
v 0.01223721 0.08142138 0.00641952
v -0.00704727 -0.08171190 0.00010152
v -0.00362583 -0.05689584 0.00631494
v -0.00362583 -0.05689584 0.00631494
v 0.00416169 0.07112511 0.00350865
v -0.00350487 -0.07266600 0.00694773
v 0.01277865 0.06755895 0.00634122
v -0.00556119 -0.08924364 0.00062505
v -0.00556119 -0.08924364 0.00062505
v 0.01384425 0.06519393 0.00076905
v -0.00390807 0.06752691 0.00056277
v 0.00222633 0.06435414 0.00063810
v 0.00269865 -0.05990301 0.00064629
v 0.01160937 -0.08137116 0.00643104
v -0.01521702 0.07184475 0.00352053
v 0.00625626 -0.07109487 0.00032931
v 0.00625626 -0.07109487 0.00032931
v 0.00619866 -0.07105356 0.00058329
v 0.00619866 -0.07105356 0.00058329
v 0.01174554 -0.07112637 0.00693819
v 0.01097946 -0.07916967 0.00078075
v 0.00720666 -0.06919074 0.00701973
v -0.00617958 0.04488507 0.00221895
v 0.00089946 0.05872104 0.00625968
v 0.00455706 -0.02517237 0.00064278
v -0.00983142 0.06516018 0.00068004
v -0.01596006 -0.07528329 0.00223317
v 0.00934362 -0.06474978 0.00638694
v 0.00586458 -0.05359455 0.00635373
v -0.00964710 -0.07749747 0.00010278
v 0.00657306 0.07165647 0.00058626
v 0.01264986 0.07691751 0.00031527
v 0.01264986 0.07691751 0.00031527
v 0.01282842 0.08142192 0.00119673
v -0.00044262 0.02519379 0.00163449
v -0.00804582 0.07296048 0.00694053
v 0.00764442 0.07291611 0.00480429
v 0.00074394 -0.06718113 0.00009567
v 0.01053594 -0.07280406 0.00001125
v -0.00521190 0.04488669 0.00635382
v -0.00992934 -0.06830892 0.00065466
v 0.01242522 -0.07912278 0.00008937
v 0.01242522 -0.07912278 0.00008937
v -0.00562086 0.08891928 0.00008892
v -0.00602982 -0.08911962 0.00068823
v 0.00376218 0.02520009 0.00588816
v 0.00376218 0.02520009 0.00588816
v -0.00585126 0.08702838 0.00693819
v -0.00585126 0.08702838 0.00693819
v -0.01617318 0.07525332 0.00481878
v 0.01308762 0.07470981 0.00058635
v 0.01308762 0.07470981 0.00058635
v 0.00412506 -0.06432300 0.00064575
v -0.00719541 0.07402185 0.00701874
v -0.00530613 0.08888085 0.00059670
v 0.01185867 -0.07898904 0.00001080
v 0.01209483 -0.08283519 0.00067518
v 0.01209483 -0.08283519 0.00067518
v 0.01209483 -0.08283519 0.00067518
v 0.01209483 -0.08283519 0.00067518
v -0.00671733 0.08927820 0.00624807
v -0.00671733 0.08927820 0.00624807
v -0.00524277 0.08963577 0.00077913
v -0.00524277 0.08963577 0.00077913
v -0.00524277 0.08963577 0.00077913
v -0.00996021 0.08208747 0.00646767
v -0.00482805 -0.05671206 0.00065070
v -0.00040437 0.00000747 0.00539640
v -0.00512181 -0.08709273 0.00352521
v 0.01446219 0.07692030 0.00350190
v 0.01263627 0.07085133 0.00640395
v 0.00639243 -0.02516949 0.00481176
v -0.00516789 -0.07494939 0.00626994
v -0.00516789 -0.07494939 0.00626994
v -0.01094517 0.08471196 0.00067941
v 0.00887499 -0.07037145 0.00701874
v -0.01353717 0.08245071 0.00625275
v -0.01265013 -0.08478972 0.00223173
v -0.00592245 -0.04488669 0.00121689
v 0.01142091 -0.06958215 0.00032598
v 0.01142091 -0.06958215 0.00032598
v -0.00680373 0.08164611 0.00624870
v 0.00263691 0.05371542 0.00150669
v 0.00263691 0.05371542 0.00150669
v 0.00458379 -0.05359635 0.00638910
v -0.00998325 -0.07964217 0.00671544
v -0.00367029 0.07344639 0.00077931
v -0.00543861 -0.08996535 0.00121968
v 0.01403019 -0.06513867 0.00077787
v -0.00985653 -0.07493490 0.00644994
v -0.00554805 0.05361084 0.00067824
v 0.00890379 -0.05669226 0.00351450
v -0.00489717 -0.08970795 0.00583110
v -0.00489717 -0.08970795 0.00583110
v -0.00371637 0.07267149 0.00008892
v 0.01445067 -0.07103250 0.00624609
v -0.00489348 0.02518776 0.00638955
v -0.00129348 -0.07186572 0.00078777
v -0.00253188 0.05783130 0.00113760
v 0.01244988 -0.07105545 0.00670104
v 0.00649404 0.00001719 0.00351207
v -0.00659844 -0.07714521 0.00079137
v 0.00885564 -0.06762357 0.00646632
v 0.00885564 -0.06762357 0.00646632
v -0.00599940 -0.05671377 0.00068598
v 0.00308412 -0.05359851 0.00589392
v 0.00308412 -0.05359851 0.00589392
v 0.00308412 -0.05359851 0.00589392
v 0.01582524 0.06775326 0.00220383
v 0.00910332 0.07473861 0.00220743
v 0.00910332 0.07473861 0.00220743
v 0.00810108 0.06221691 0.00637902
v -0.00670212 -0.07715592 0.00060894
v -0.00504900 -0.08887977 0.00644175
v -0.00487044 -0.08973270 0.00222732
v -0.00487044 -0.08973270 0.00222732
v -0.01595844 -0.07528311 0.00482895
v -0.00127044 -0.06238449 0.00639324
v -0.00840708 0.05953896 0.00221931
v 0.01182780 0.08249715 0.00031536
v 0.01182780 0.08249715 0.00031536
v 0.01182780 0.08249715 0.00031536
v 0.01377468 -0.07686432 0.00077886
v -0.00379908 -0.06827769 0.00033525
v -0.00898884 -0.08730747 0.00626157
v -0.00898884 -0.08730747 0.00626157
v 0.01136124 -0.08137179 0.00221679
v -0.00609732 0.08446626 0.00078003
v -0.00149508 0.07187760 0.00624609
v -0.00149508 0.07187760 0.00624609
v 0.00776700 0.06785145 0.00008217
v 0.00357948 -0.06216831 0.00639027
v -0.00585540 -0.08847585 0.00688887
v -0.00585540 -0.08847585 0.00688887
v -0.01499076 0.07525080 0.00078615
v 0.01597500 -0.07102755 0.00351108
v 0.01125756 -0.06929487 0.00056277
v 0.01125756 -0.06929487 0.00056277
v 0.00931644 -0.07469667 0.00221751
v -0.00566163 0.04488570 0.00078246
v -0.00566163 0.04488570 0.00078246
v 0.01050093 -0.07686864 0.00643140
v -0.01102419 0.08223732 0.00064503
v -0.00365139 0.06526125 0.00064170
v -0.00565587 0.00000009 0.00625356
v -0.00565587 0.00000009 0.00625356
v -0.01007379 0.07492230 0.00059445
v -0.00618003 -0.00000090 0.00351990
v 0.00632493 -0.07116129 0.00670482
v 0.00632493 -0.07116129 0.00670482
v 0.00915885 0.06479244 0.00637821
v -0.00564435 0.05954319 0.00638766
v 0.01252269 -0.08298495 0.00489069
v -0.00823635 -0.05954688 0.00352521
v -0.00345555 -0.07363737 0.00121734
v -0.00569619 0.07556814 0.00594306
v -0.00569619 0.07556814 0.00594306
v -0.01289043 0.08476920 0.00481608
v 0.00055917 0.06665508 0.00032337
v -0.01264851 -0.08478954 0.00482751
v 0.00593325 0.00001656 0.00624645
v 0.00593325 0.00001656 0.00624645
v 0.00935469 -0.07469658 0.00120951
v -0.00131859 -0.06471234 0.00639351
v 0.00210285 0.00001080 0.00163467
v -0.00479763 -0.08900784 0.00222723
v -0.00408915 0.05361291 0.00113886
v -0.00656595 -0.08938242 0.00122031
v -0.00656595 -0.08938242 0.00122031
v -0.00538515 0.07495020 0.00076869
v -0.00538515 0.07495020 0.00076869
v 0.00074925 -0.06663780 0.00033237
v -0.01499859 0.07794441 0.00078597
v -0.01151379 -0.07994277 0.00065646
v 0.00217197 0.05623596 0.00113481
v 0.00217197 0.05623596 0.00113481
v -0.00236691 -0.05782275 0.00114543
v 0.01173357 0.08070246 0.00000000
v 0.00914157 0.07473852 0.00119943
v 0.00914157 0.07473852 0.00119943
v -0.00660627 0.05360949 0.00351648
v -0.00401058 -0.05360859 0.00627039
v -0.00401058 -0.05360859 0.00627039
v -0.00507042 -0.08956107 0.00644184
v -0.00507042 -0.08956107 0.00644184
v -0.00507042 -0.08956107 0.00644184
v 0.00602334 -0.06881751 0.00702045
v -0.00134370 0.05850792 0.00113679
v -0.00435042 0.00000153 0.00114264
v -0.00435042 0.00000153 0.00114264
v 0.01617822 -0.06950268 0.00221301
v 0.00214110 -0.02517552 0.00539658
v 0.00432414 0.06645024 0.00669663
v 0.01582686 0.06775344 0.00479961
v 0.00149598 0.05760207 0.00588726
v 0.01004958 -0.07469064 0.00009045
v 0.00704286 -0.05669478 0.00635319
v -0.00770274 0.06525882 0.00064413
v -0.01436706 0.08245980 0.00121338
v -0.01436706 0.08245980 0.00121338
v -0.01436706 0.08245980 0.00121338
v -0.01342242 -0.06831513 0.00482688
v -0.01342242 -0.06831513 0.00482688
v -0.01100322 -0.07186005 0.00065556
v -0.00486882 -0.08973252 0.00482310
v -0.00486882 -0.08973252 0.00482310
v -0.00463266 -0.02518506 0.00639279
v -0.00569250 -0.06239160 0.00639603
v -0.00840546 0.05953914 0.00481509
v -0.00769698 0.07914150 0.00009090
v 0.00598878 0.07106076 0.00031968
v 0.00598878 0.07106076 0.00031968
v -0.01418274 -0.08026488 0.00626427
v 0.00050526 0.07100082 0.00032310
v 0.00050526 0.07100082 0.00032310
v -0.00615906 -0.08706708 0.00002250
v 0.00610974 -0.07161210 0.00351720
v 0.01136286 -0.08137161 0.00481257
v -0.00019746 -0.05446413 0.00163980
v -0.00585954 -0.08847630 0.00016263
v -0.00585954 -0.08847630 0.00016263
v -0.00367650 0.07329852 0.00032553
v -0.00367650 0.07329852 0.00032553
v -0.00520866 0.00000072 0.00635688
v 0.00257886 -0.07103763 0.00582525
v 0.00570654 -0.07107174 0.00076608
v 0.00570654 -0.07107174 0.00076608
v 0.00983646 0.07473438 0.00008037
v -0.00939042 -0.08736858 0.00583371
v -0.00939042 -0.08736858 0.00583371
v -0.00939042 -0.08736858 0.00583371
v 0.01148958 0.08124048 0.00007893
v 0.01148958 0.08124048 0.00007893
v 0.01095966 -0.06224796 0.00067599
v 0.00394398 0.02520036 0.00626004
v 0.00394398 0.02520036 0.00626004
v 0.01125918 -0.05951907 0.00351324
v -0.00478242 -0.04488471 0.00639423
v 0.00672030 -0.07075044 0.00009225
v -0.01126818 -0.06831189 0.00069003
v 0.01256094 -0.06227010 0.00624663
v 0.00931806 -0.07469649 0.00481329
v -0.00424674 -0.05360931 0.00065016
v 0.00053199 0.06882804 0.00000765
v -0.00571761 0.08986068 0.00077940
v -0.00571761 0.08986068 0.00077940
v -0.01167345 -0.07521138 0.00640053
v 0.00815247 -0.07287354 0.00670383
v 0.00815247 -0.07287354 0.00670383
v -0.00588465 0.07243344 0.00701811
v -0.01060209 -0.06517386 0.00079299
v -0.00399537 0.02518875 0.00151272
v -0.00658737 0.06231870 0.00638802
v -0.00906417 -0.07541631 0.00010233
v -0.00280881 0.04501215 0.00163458
v -0.01171377 -0.08476434 0.00079506
v -0.00740529 0.06229323 0.00064422
v -0.00504369 0.05954400 0.00638730
v 0.01306575 0.07278624 0.00058653
v -0.00616113 0.05671188 0.00067833
v -0.01070001 -0.08472690 0.00636606
v -0.00149553 0.07172469 0.00669987
v -0.00149553 0.07172469 0.00669987
v -0.00149553 0.07172469 0.00669987
v -0.00149553 0.07176285 0.00642861
v -0.00149553 0.07176285 0.00642861
v -0.00721521 0.05671044 0.00121077
v -0.00721521 0.05671044 0.00121077
v -0.00532593 0.08956251 0.00642978
v -0.00532593 0.08956251 0.00642978
v -0.00532593 0.08956251 0.00642978
v 0.00788751 -0.07287768 0.00121032
v -0.00862065 0.07734375 0.00001278
v 0.01296783 -0.06750639 0.00067509
v -0.01021041 0.07962966 0.00670473
v 0.00524367 -0.02517102 0.00635220
v -0.00802737 -0.08457966 0.00010233
v -0.00802737 -0.08457966 0.00010233
v -0.00135729 0.05897475 0.00076473
vt 0.83404600 0.23047300
vt 0.83087900 0.46313300
vt 0.09022200 0.79511600
vt 0.31713800 0.41535500
vt 0.55166200 0.16488900
vt 0.65538500 0.27481300
vt 0.55819400 0.55955700
vt 0.89282400 0.44271000
vt 0.29874900 0.85957500
vt 0.31221900 0.80995300
vt 0.03092500 0.21035300
vt 0.48186900 0.24167400
vt 0.47697900 0.23279600
vt 0.89375400 0.82529700
vt 0.05167300 0.87220400
vt 0.90468800 0.34647900
vt 0.36944100 0.91043700
vt 0.12908500 0.75306700
vt 0.63582600 0.28753200
vt 0.56950400 0.67873100
vt 0.26079100 0.18599600
vt 0.28838600 0.24977600
vt 0.11340700 0.31941900
vt 0.36456600 0.17330100
vt 0.35041100 0.24977600
vt 0.55433800 0.30062300
vt 0.66323700 0.35415100
vt 0.27221000 0.20727600
vt 0.45856800 0.09784100
vt 0.29206200 0.27836500
vt 0.89294500 0.93949000
vt 0.69984500 0.91189600
vt 0.12732600 0.32041500
vt 0.12919300 0.79511600
vt 0.66208900 0.18996300
vt 0.64908900 0.35044800
vt 0.09536300 0.22664200
vt 0.14444500 0.11663300
vt 0.29827200 0.27836500
vt 0.24906700 0.87186400
vt 0.63675500 0.17088600
vt 0.24390200 0.87185700
vt 0.45949700 0.23292900
vt 0.24776500 0.17681100
vt 0.45949700 0.92611300
vt 0.54693600 0.42484100
vt 0.92386300 0.84550300
vt 0.26419500 0.14445700
vt 0.17172600 0.13931900
vt 0.54729900 0.79761300
vt 0.38074000 0.20755300
vt 0.81406300 0.33317400
vt 0.48186900 0.95911900
vt 0.33350200 0.75365600
vt 0.26809500 0.90731700
vt 0.81072000 0.20065000
vt 0.55166200 0.16692900
vt 0.55879600 0.93151100
vt 0.09029400 0.65812600
vt 0.34396000 0.53674100
vt 0.08969100 0.83642100
vt 0.10360600 0.53674100
vt 0.90577700 0.22638100
vt 0.04716700 0.14445700
vt 0.30174500 0.41535500
vt 0.76426000 0.58656000
vt 0.84147400 0.30688700
vt 0.24776500 0.89667000
vt 0.45949700 0.20849600
vt 0.34150000 0.26341500
vt 0.81395600 0.17199900
vt 0.27167000 0.85944800
vt 0.81412800 0.22256600
vt 0.47068300 0.91659500
vt 0.15350200 0.94476300
vt 0.56425500 0.16488900
vt 0.64279300 0.27481300
vt 0.31709700 0.85528500
vt 0.27391800 0.89683500
vt 0.81206900 0.18923800
vt 0.27816300 0.88796600
vt 0.13287300 0.89450400
vt 0.12036000 0.24741800
vt 0.26215400 0.93421300
vt 0.81183800 0.22818600
vt 0.89272000 0.51822300
vt 0.55268500 0.38069300
vt 0.92255700 0.96982200
vt 0.92297200 0.81584200
vt 0.27391800 0.17664600
vt 0.35847300 0.90126600
vt 0.27029800 0.82370600
vt 0.29487700 0.41535500
vt 0.56976000 0.89090500
vt 0.13567500 0.32041500
vt 0.36451300 0.14156800
vt 0.47068300 0.82779100
vt 0.56691000 0.30074700
vt 0.82114200 0.21152900
vt 0.65538500 0.33312700
vt 0.32200300 0.75410400
vt 0.34899600 0.90030700
vt 0.63247700 0.14764400
vt 0.81186200 0.36273300
vt 0.72928800 0.11759400
vt 0.07670500 0.86080500
vt 0.08650600 0.82415300
vt 0.25964800 0.23650800
vt 0.46438700 0.90093600
vt 0.13102600 0.27836500
vt 0.14876300 0.86626800
vt 0.47068300 0.17695800
vt 0.34899600 0.17317400
vt 0.66455300 0.34313400
vt 0.10358800 0.21819700
vt 0.34294600 0.53674100
vt 0.35323200 0.95653200
vt 0.89163000 0.44284100
vt 0.76469000 0.95818000
vt 0.30557900 0.79511600
vt 0.29016900 0.84742700
vt 0.14618000 0.83697400
vt 0.13018700 0.41535500
vt 0.90598400 0.20493600
vt 0.04469800 0.16616400
vt 0.72702200 0.34717800
vt 0.17859400 0.19042200
vt 0.66027500 0.28743500
vt 0.08204100 0.26341500
vt 0.47068300 0.16944300
vt 0.81614000 0.33318500
vt 0.35686500 0.91817500
vt 0.03764700 0.88739600
vt 0.83858700 0.21156400
vt 0.32672900 0.23605100
vt 0.47697900 0.25415400
vt 0.89294500 0.93140300
vt 0.31221900 0.26352800
vt 0.76657300 0.43567300
vt 0.33812100 0.81096200
vt 0.63286200 0.42308900
vt 0.66323700 0.28762800
vt 0.30923000 0.80771500
vt 0.76490500 0.96982200
vt 0.92360900 0.83558100
vt 0.26668900 0.15507300
vt 0.45949700 0.69162200
vt 0.14651200 0.88668300
vt 0.06466200 0.88796600
vt 0.06036600 0.88066200
vt 0.31126900 0.27657400
vt 0.92333000 0.82526100
vt 0.26952700 0.16616400
vt 0.28959900 0.75306700
vt 0.45949700 0.35493100
vt 0.09961100 0.24650000
vt 0.47697900 0.29715100
vt 0.08524900 0.85957500
vt 0.14033700 0.96416000
vt 0.89629200 0.81610400
vt 0.89590800 0.96860300
vt 0.35862000 0.88838600
vt 0.13459000 0.96556100
vt 0.63343800 0.08366700
vt 0.10364900 0.19459600
vt 0.66340500 0.18089600
vt 0.33226500 0.81094500
vt 0.13359200 0.24977600
vt 0.46438700 0.84209800
vt 0.25960400 0.90731700
vt 0.47068300 0.35487700
vt 0.39537900 0.04020900
vt 0.66087000 0.34264500
vt 0.38927600 0.93421300
vt 0.74895800 0.29647300
vt 0.54687700 0.46645700
vt 0.25953300 0.89669500
vt 0.82117900 0.20008600
vt 0.90463700 0.12625500
vt 0.47068300 0.96982200
vt 0.38346700 0.92308200
vt 0.10863100 0.65812600
vt 0.56525700 0.38081700
vt 0.81339400 0.18920200
vt 0.96843100 0.36132800
vt 0.92046200 0.85289300
vt 0.73450800 0.11759400
vt 0.08725200 0.53674100
vt 0.83070900 0.71705600
vt 0.83371400 0.21153000
vt 0.64279300 0.33312700
vt 0.30805300 0.87797100
vt 0.63247700 0.18998200
vt 0.26809500 0.16616400
vt 0.32630300 0.82093900
vt 0.54540400 0.93189800
vt 0.34914900 0.79511600
vt 0.55902300 0.94545700
vt 0.92164800 0.81588000
vt 0.92124200 0.96964800
vt 0.47697900 0.90093600
vt 0.34672700 0.96528500
vt 0.63247700 0.17099000
vt 0.32687200 0.88238500
vt 0.54469600 0.17283800
vt 0.35211000 0.10646100
vt 0.34025000 0.82429500
vt 0.95558600 0.68035100
vt 0.09586300 0.26830300
vt 0.08732500 0.41535500
vt 0.83071400 0.83606400
vt 0.11274600 0.25479300
vt 0.46438700 0.78618200
vt 0.15264200 0.93214300
vt 0.54469600 0.16643200
vt 0.34607200 0.10421100
vt 0.15350200 0.12871800
vt 0.36001400 0.88668300
vt 0.30780200 0.20600100
vt 0.15575700 0.03708600
vt 0.63462200 0.15109700
vt 0.26021200 0.92902400
vt 0.89408400 0.52322900
vt 0.56561200 0.95791200
vt 0.57122100 0.18765000
vt 0.15083800 0.95749200
vt 0.33818600 0.87790100
vt 0.38523600 0.13931900
vt 0.91927000 0.83582000
vt 0.66235100 0.31301700
vt 0.04610200 0.90731700
vt 0.54937500 0.30087100
vt 0.39667000 0.16097500
vt 0.64164500 0.14994100
vt 0.82103000 0.35992600
vt 0.30001800 0.82415300
vt 0.24906700 0.20161700
vt 0.35530700 0.90882800
vt 0.95514400 0.60731600
vt 0.83923400 0.23057200
vt 0.66211000 0.20490500
vt 0.27444800 0.20561900
vt 0.24390200 0.20162400
vt 0.45949700 0.90107400
vt 0.14610300 0.94435000
vt 0.89428800 0.84553600
vt 0.90809200 0.83585500
vt 0.72926500 0.10022600
vt 0.25054300 0.87921700
vt 0.84147400 0.31941800
vt 0.27221000 0.86620500
vt 0.27273000 0.04330400
vt 0.96862400 0.05159600
vt 0.29020600 0.86080500
vt 0.30999000 0.41535500
vt 0.17238200 0.16131900
vt 0.35254300 0.81006600
vt 0.25735000 0.87056800
vt 0.14331600 0.86732300
vt 0.84365300 0.16901200
vt 0.07673600 0.19402200
vt 0.47697900 0.84209800
vt 0.06348300 0.24977600
vt 0.55166200 0.18990600
vt 0.11297000 0.24579200
vt 0.04045300 0.15507300
vt 0.48186900 0.18731300
vt 0.13067800 0.24977600
vt 0.03484400 0.85080800
vt 0.48186900 0.88044000
vt 0.83375100 0.20008600
vt 0.04469800 0.90731700
vt 0.89297600 0.74472500
vt 0.08204000 0.81006600
vt 0.84194100 0.17919000
vt 0.66235100 0.36199900
vt 0.92035600 0.91585500
vt 0.54823800 0.36553000
vt 0.37531100 0.22267400
vt 0.36253000 0.12896900
vt 0.63494100 0.33456100
vt 0.11365100 0.86333000
vt 0.29199100 0.41535500
vt 0.45742000 0.69178000
vt 0.84058800 0.31935700
vt 0.36641800 0.23650800
vt 0.54775000 0.38082800
vt 0.11365300 0.85761800
vt 0.55318200 0.36536600
vt 0.30744300 0.24798500
vt 0.92480200 0.83519500
vt 0.26578100 0.15528900
vt 0.82737800 0.23047300
vt 0.63373700 0.14770000
vt 0.81312200 0.36267400
vt 0.54498700 0.67886000
vt 0.34757800 0.53674100
vt 0.10360900 0.19721400
vt 0.65538500 0.32507100
vt 0.14033700 0.10932100
vt 0.66027500 0.31310800
vt 0.27188000 0.04327700
vt 0.27212200 0.86653100
vt 0.96777300 0.05192900
vt 0.13757000 0.20330200
vt 0.25960400 0.16616400
vt 0.35041100 0.82370600
vt 0.29161400 0.32041500
vt 0.45742000 0.78639500
vt 0.34125600 0.41535500
vt 0.63488300 0.81770600
vt 0.14866500 0.22267400
vt 0.34813600 0.88583100
vt 0.09645800 0.53674100
vt 0.05167300 0.20127700
vt 0.96897600 0.12749700
vt 0.65423700 0.14994100
vt 0.83362200 0.35992600
vt 0.27167000 0.21403300
vt 0.13013400 0.75306700
vt 0.34084600 0.75306700
vt 0.63488300 0.48101500
vt 0.91409600 0.82554900
vt 0.27826600 0.81006600
vt 0.45949700 0.29722100
vt 0.33690200 0.80799800
vt 0.63488300 0.42594500
vt 0.38174600 0.19043100
vt 0.05387700 0.83685500
vt 0.81614000 0.35442100
vt 0.72926500 0.11273600
vt 0.33878200 0.20464600
vt 0.18017200 0.14989200
vt 0.72649500 0.30774800
vt 0.31312300 0.24650000
vt 0.29435700 0.53674100
vt 0.64794100 0.21445700
vt 0.82788500 0.17895800
vt 0.03037500 0.20162400
vt 0.48186900 0.23292900
vt 0.56425500 0.18990600
vt 0.56927100 0.42506200
vt 0.13765300 0.79511600
vt 0.64908900 0.27832200
vt 0.25397900 0.15507300
vt 0.45949700 0.94827000
vt 0.37950400 0.13961400
vt 0.33377800 0.03721500
vt 0.05861200 0.20695000
vt 0.96812600 0.13369500
vt 0.16377000 0.89917700
vt 0.66027500 0.29976300
vt 0.13283200 0.11068900
vt 0.84364000 0.30023500
vt 0.11896400 0.81809300
vt 0.38949300 0.92351500
vt 0.74504500 0.26890900
vt 0.74803600 0.10022600
vt 0.74393300 0.20764900
vt 0.55344600 0.96946600
vt 0.47068300 0.24155500
vt 0.34540200 0.53674100
vt 0.32715000 0.21015200
vt 0.12549200 0.20766800
vt 0.64164500 0.18982600
vt 0.91463500 0.84576900
vt 0.10799300 0.27421700
vt 0.28561700 0.20319000
vt 0.55795800 0.22044300
vt 0.56017100 0.28086100
vt 0.35510500 0.95665600
vt 0.89402200 0.44257300
vt 0.74882300 0.19521500
vt 0.37531100 0.85080800
vt 0.09393200 0.24798500
vt 0.09029400 0.41535500
vt 0.56575400 0.36549000
vt 0.03423800 0.17681100
vt 0.48186900 0.20849600
vt 0.25964800 0.83697400
vt 0.09705400 0.83680000
vt 0.30174500 0.65812600
vt 0.76439500 0.82460500
vt 0.15473900 0.04330400
vt 0.81400700 0.36036300
vt 0.74393300 0.19420600
vt 0.92124200 0.95981200
vt 0.63675500 0.19842800
vt 0.34103500 0.75306700
vt 0.63307800 0.48103200
vt 0.46438700 0.18725100
vt 0.10276400 0.26093000
vt 0.06843400 0.20982400
vt 0.07331700 0.19464600
vt 0.24898100 0.21035100
vt 0.92237300 0.85199400
vt 0.26202700 0.13740000
vt 0.96705900 0.36273300
vt 0.89439400 0.65538200
vt 0.04728900 0.18599600
vt 0.54677300 0.16602800
vt 0.55998000 0.34878000
vt 0.56043800 0.29039900
vt 0.69804000 0.81720500
vt 0.28930900 0.87692500
vt 0.64279300 0.32507100
vt 0.34453600 0.27836500
vt 0.15384900 0.85080800
vt 0.66120300 0.15990600
vt 0.13767400 0.12960300
vt 0.84393800 0.31947000
vt 0.73754100 0.31946200
vt 0.13142600 0.10474600
vt 0.72697300 0.11965700
vt 0.84058900 0.29419900
vt 0.81950800 0.23332800
vt 0.46285900 0.16700700
vt 0.90672500 0.05246200
vt 0.90740100 0.19450500
vt 0.04260300 0.17680700
vt 0.56508200 0.93157300
vt 0.14132900 0.93053600
vt 0.69984500 0.48059200
vt 0.12732600 0.75306700
vt 0.36740800 0.16327400
vt 0.45949700 0.57056300
vt 0.15524500 0.20756000
vt 0.10341800 0.21554000
vt 0.05227900 0.15528900
vt 0.84388600 0.21176500
vt 0.90152300 0.82554900
vt 0.13647500 0.10723700
vt 0.29487700 0.65812600
vt 0.24502100 0.19427500
vt 0.45949700 0.90848800
vt 0.65912600 0.18077400
vt 0.08704300 0.22667300
vt 0.73134100 0.19420600
vt 0.47697900 0.91659500
vt 0.07220900 0.79511600
vt 0.48186900 0.82785100
vt 0.10360600 0.65812600
vt 0.28561700 0.87029100
vt 0.95553000 0.60523900
vt 0.90740100 0.23332800
vt 0.84104100 0.23004700
vt 0.04851300 0.13740000
vt 0.13041900 0.26341500
vt 0.81622900 0.22246600
vt 0.33737800 0.85125200
vt 0.07410100 0.21662600
vt 0.13899000 0.85264900
vt 0.04959800 0.91754300
vt 0.37095800 0.15257900
vt 0.89286200 0.94863200
vt 0.33370700 0.65812600
vt 0.36643700 0.19136600
vt 0.34633100 0.96279200
vt 0.81101100 0.30023500
vt 0.13685900 0.89860400
vt 0.04526700 0.14445700
vt 0.48394500 0.17710900
vt 0.15911600 0.94504400
vt 0.13641500 0.19632200
vt 0.09109300 0.32030300
vt 0.74803600 0.11273600
vt 0.73247200 0.26890600
vt 0.56601800 0.96959100
vt 0.73134100 0.20764900
vt 0.24611000 0.88738900
vt 0.45949700 0.21761900
vt 0.07447000 0.87780200
vt 0.07704900 0.87913600
vt 0.89163000 0.94794300
vt 0.10364900 0.87888600
vt 0.89163000 0.92327400
vt 0.32703000 0.65812600
vt 0.14616900 0.93122500
vt 0.64794100 0.14984200
vt 0.82732600 0.35869300
vt 0.90206300 0.84576900
vt 0.15005500 0.83697400
vt 0.81317800 0.33316300
vt 0.81186200 0.35480600
vt 0.35330600 0.90859800
vt 0.48186900 0.69162200
vt 0.34700200 0.11737100
vt 0.66455300 0.28766100
vt 0.37159900 0.91068100
vt 0.64794100 0.18075700
vt 0.11365100 0.21015200
vt 0.76249600 0.45182600
vt 0.30373600 0.27836500
vt 0.13315100 0.79511600
vt 0.47697900 0.18725100
vt 0.70118200 0.96466700
vt 0.12246700 0.26786200
vt 0.81628700 0.20012200
vt 0.46438700 0.69157000
vt 0.46049600 0.17141200
vt 0.90709300 0.93180200
vt 0.11896400 0.25538900
vt 0.13610300 0.26341500
vt 0.89292400 0.94567000
vt 0.27753200 0.87599300
vt 0.55166200 0.16589400
vt 0.38523600 0.93416200
vt 0.10750800 0.25940300
vt 0.56921200 0.46667800
vt 0.13567500 0.75306700
vt 0.34546700 0.96826200
vt 0.81186200 0.29471400
vt 0.89264800 0.45585100
vt 0.91887900 0.94842600
vt 0.81614000 0.30652300
vt 0.36022900 0.88487000
vt 0.83755000 0.22841300
vt 0.35702900 0.85126800
vt 0.35482700 0.14294500
vt 0.11997200 0.31982500
vt 0.70165000 0.43831500
vt 0.12442400 0.79570600
vt 0.38568200 0.89939100
vt 0.14497800 0.17221500
vt 0.26578000 0.91819200
vt 0.81071400 0.21176500
vt 0.89383100 0.93965000
vt 0.84058800 0.34578600
vt 0.16723000 0.20755300
vt 0.35448300 0.17998600
vt 0.13287300 0.17897800
vt 0.26079100 0.88748600
vt 0.34343300 0.23575700
vt 0.34991200 0.19632200
vt 0.81614000 0.29723900
vt 0.29818800 0.41535500
vt 0.30270400 0.75306700
vt 0.76450200 0.91751000
vt 0.92035600 0.95931200
vt 0.92228500 0.83561500
vt 0.15951500 0.93311800
vt 0.12386800 0.85125200
vt 0.09413600 0.21387000
vt 0.47068300 0.94820800
vt 0.15495300 0.89785700
vt 0.12391800 0.18349300
vt 0.66340500 0.15993300
vt 0.35035700 0.17487700
vt 0.39234000 0.91245600
vt 0.91867600 0.85109400
vt 0.89693400 0.83582000
vt 0.36356600 0.83697400
vt 0.05602000 0.16616400
vt 0.84282400 0.20037400
vt 0.90463700 0.05605000
vt 0.81546600 0.23057200
vt 0.18315100 0.91250600
vt 0.57171000 0.30109200
vt 0.09771500 0.81710000
vt 0.72783700 0.10648100
vt 0.30382300 0.65812600
vt 0.18314200 0.89948800
vt 0.57172600 0.31385800
vt 0.16301100 0.15150200
vt 0.66235100 0.27861900
vt 0.04685500 0.91819200
vt 0.89172400 0.73372500
vt 0.03037500 0.87185700
vt 0.48186900 0.90107400
vt 0.16174100 0.20755500
vt 0.92162800 0.84563600
vt 0.12757800 0.27836500
vt 0.84066600 0.20023000
vt 0.55204400 0.40938900
vt 0.47068300 0.78618200
vt 0.26518000 0.20127700
vt 0.45856800 0.09039700
vt 0.55221600 0.79753900
vt 0.32648000 0.24579200
vt 0.36875300 0.20756000
vt 0.54703000 0.09394700
vt 0.34770800 0.10663600
vt 0.56425500 0.16589400
vt 0.10262600 0.25621000
vt 0.28755800 0.88201000
vt 0.81265400 0.17203700
vt 0.13041900 0.81006600
vt 0.14352000 0.85126800
vt 0.05034400 0.16616400
vt 0.89298400 0.84550300
vt 0.05068800 0.92902400
vt 0.16047900 0.19045300
vt 0.26836400 0.86666000
vt 0.10487100 0.83713800
vt 0.25868500 0.91840800
vt 0.89418600 0.53369200
vt 0.29789700 0.53674100
vt 0.69782300 0.42308900
vt 0.12461000 0.81096200
vt 0.04716700 0.92902400
vt 0.89277000 0.72289300
vt 0.57148800 0.33085400
vt 0.17859400 0.88305900
vt 0.57008500 0.38104900
vt 0.15289800 0.83697400
vt 0.05387700 0.23662700
vt 0.09773700 0.79690700
vt 0.31629300 0.81255100
vt 0.81218300 0.03266600
vt 0.65972700 0.20675900
vt 0.84003300 0.17059800
vt 0.34343300 0.83772400
vt 0.29135300 0.86848400
vt 0.89163000 0.72372700
vt 0.04764300 0.92815900
vt 0.47068300 0.92600300
vt 0.37159900 0.16280000
vt 0.34197400 0.65812600
vt 0.63247700 0.57575000
vt 0.06094600 0.20561900
vt 0.03841500 0.17680900
vt 0.70165000 0.91218800
vt 0.12550000 0.32026700
vt 0.06041200 0.17664600
vt 0.84294900 0.18923800
vt 0.04748000 0.22315000
vt 0.47736100 0.96708500
vt 0.47697900 0.31265000
vt 0.33599300 0.26786200
vt 0.63622000 0.96432600
vt 0.13687600 0.90271300
vt 0.63362500 0.34062700
vt 0.18314200 0.17399300
vt 0.72659400 0.33195800
vt 0.81316400 0.36042300
vt 0.91827900 0.92371300
vt 0.14209800 0.83697400
vt 0.36632500 0.11569800
vt 0.54677300 0.18934200
vt 0.81614000 0.31929500
vt 0.04272300 0.88740300
vt 0.54703000 0.10453400
vt 0.35510500 0.11682500
vt 0.90572800 0.23143800
vt 0.04864700 0.13926800
vt 0.84271700 0.22818600
vt 0.76278400 0.95851500
vt 0.30373600 0.79511600
vt 0.13610300 0.81006600
vt 0.17598400 0.92351500
vt 0.26067400 0.92902400
vt 0.89276900 0.52328000
vt 0.30076600 0.53674100
vt 0.76247100 0.70574900
vt 0.37803000 0.16206800
vt 0.73771600 0.29671600
vt 0.34668800 0.26341500
vt 0.66323700 0.31292700
vt 0.06474100 0.26341500
vt 0.48186900 0.29722100
vt 0.25945800 0.91840800
vt 0.89287000 0.53376700
vt 0.13367100 0.65812600
vt 0.57129300 0.56017600
vt 0.83851200 0.35442100
vt 0.82901700 0.50455000
vt 0.08918200 0.75306700
vt 0.13889400 0.17113000
vt 0.24445200 0.21035300
vt 0.45949700 0.89241600
vt 0.35530700 0.16465300
vt 0.30083900 0.65812600
vt 0.76254300 0.82475700
vt 0.33599300 0.80561900
vt 0.63622000 0.42824400
vt 0.63467800 0.19849300
vt 0.64908900 0.29977000
vt 0.33690200 0.26548300
vt 0.63488300 0.96677000
vt 0.56461600 0.40951300
vt 0.34813600 0.18765000
vt 0.07665700 0.84742700
vt 0.47068300 0.95908100
vt 0.15809300 0.91068100
vt 0.35165600 0.83708900
vt 0.45949700 0.86723500
vt 0.25584300 0.23650800
vt 0.56478800 0.79766300
vt 0.64908900 0.32486500
vt 0.82806300 0.45213900
vt 0.09586300 0.80517800
vt 0.32103700 0.81407900
vt 0.36217400 0.22267400
vt 0.10343500 0.86055900
vt 0.04045300 0.91840800
vt 0.48186900 0.94827000
vt 0.74440200 0.34744800
vt 0.29925800 0.87547500
vt 0.32693800 0.75406300
vt 0.08517600 0.21655600
vt 0.07331700 0.87883500
vt 0.29916000 0.21908500
vt 0.07446200 0.27836500
vt 0.66027500 0.27839700
vt 0.13690200 0.82370600
vt 0.89374700 0.95116900
vt 0.07854900 0.79511600
vt 0.66027500 0.35267900
vt 0.05602000 0.90731700
vt 0.89245100 0.82526100
vt 0.34579700 0.89739400
vt 0.63247700 0.15104500
vt 0.09371600 0.04106000
vt 0.63560300 0.34293300
vt 0.09645800 0.65812600
vt 0.32050100 0.82122600
vt 0.08476100 0.79511600
vt 0.90709300 0.94860000
vt 0.09899200 0.25917900
vt 0.25820500 0.90731700
vt 0.89297600 0.54472500
vt 0.25058200 0.16616400
vt 0.45949700 0.93694700
vt 0.89460800 0.82540500
vt 0.35249900 0.85264900
vt 0.05475500 0.87315200
vt 0.34084600 0.32041500
vt 0.63488300 0.91231900
vt 0.25835000 0.87807900
vt 0.89294500 0.92333600
vt 0.64794100 0.18982600
vt 0.06756900 0.88804600
vt 0.89163000 0.95997900
vt 0.05034400 0.90731700
vt 0.55795800 0.17319900
vt 0.29916000 0.85439600
vt 0.09454800 0.19551000
vt 0.66340500 0.18998200
vt 0.63675500 0.18077400
vt 0.82732600 0.33318900
vt 0.03149400 0.87920600
vt 0.48186900 0.90848800
vt 0.36082900 0.19405100
vt 0.28761200 0.21662600
vt 0.30792500 0.21903000
vt 0.63582600 0.32532900
vt 0.89383100 0.96912600
vt 0.89424900 0.81599200
vt 0.48186900 0.44960700
vt 0.12469000 0.87790000
vt 0.14672200 0.88487000
vt 0.06474100 0.81006600
vt 0.48186900 0.84216800
vt 0.66208900 0.17097600
vt 0.56626600 0.34884200
vt 0.09029400 0.53674100
vt 0.13376700 0.32041500
vt 0.57172600 0.89129300
vt 0.83856600 0.22246600
vt 0.14651200 0.18679800
vt 0.30759400 0.85698900
vt 0.31758000 0.22616500
vt 0.30174500 0.53674100
vt 0.76432700 0.70558200
vt 0.31693500 0.21292200
vt 0.05218500 0.89675500
vt 0.03546300 0.21035100
vt 0.26021300 0.14445700
vt 0.89408600 0.64820200
vt 0.73182900 0.34744600
vt 0.15391100 0.16327400
vt 0.91339000 0.95864600
vt 0.03258300 0.18609200
vt 0.48186900 0.21761900
vt 0.29850000 0.75306700
vt 0.37525000 0.20755500
vt 0.36451300 0.93191300
vt 0.10343500 0.21292200
vt 0.08136400 0.65812600
vt 0.38450300 0.86592900
vt 0.74882300 0.18116200
vt 0.74996300 0.36249100
vt 0.81321500 0.22266600
vt 0.13322900 0.96528500
vt 0.36643700 0.88211500
vt 0.08565000 0.21908500
vt 0.33288800 0.79747400
vt 0.35721400 0.24977600
vt 0.14752000 0.94442900
vt 0.05218500 0.17672700
vt 0.90188300 0.85299100
vt 0.90707700 0.11962100
vt 0.04280700 0.15507300
vt 0.48394500 0.18749900
vt 0.84148700 0.21176900
vt 0.89163000 0.95176900
vt 0.07405200 0.88201000
vt 0.12410400 0.88696600
vt 0.38798300 0.19042300
vt 0.33462900 0.03718800
vt 0.05870400 0.20727600
vt 0.96897600 0.13402800
vt 0.73468200 0.10648100
vt 0.08575800 0.87547500
vt 0.83862300 0.20012200
vt 0.30792500 0.85445200
vt 0.89590800 0.93174500
vt 0.07665700 0.22605400
vt 0.64164500 0.15974700
vt 0.16599600 0.13961400
vt 0.81614000 0.34571900
vt 0.81406300 0.30670500
vt 0.34103600 0.32041500
vt 0.63307800 0.91233600
vt 0.32689800 0.87966300
vt 0.34787800 0.95617100
vt 0.81071400 0.30695800
vt 0.65538500 0.28740300
vt 0.14063900 0.95659200
vt 0.63364300 0.07478400
vt 0.63467800 0.18082600
vt 0.32085100 0.81901700
vt 0.36787400 0.14109400
vt 0.83851200 0.29723900
vt 0.90729900 0.20503500
vt 0.04361300 0.16616400
vt 0.32703000 0.53674100
vt 0.25835100 0.19540200
vt 0.63307800 0.57570600
vt 0.35968900 0.83697400
vt 0.09441500 0.21903000
vt 0.54699100 0.55956900
vt 0.36227100 0.86626800
vt 0.63467800 0.15990600
vt 0.82732300 0.50405100
vt 0.09109300 0.75317900
vt 0.30939000 0.26830300
vt 0.76594700 0.44090000
vt 0.34108800 0.27836500
vt 0.69804000 0.43874000
vt 0.12645600 0.79511600
vt 0.13189200 0.96500800
vt 0.63362500 0.27891600
vt 0.46438700 0.21748900
vt 0.16995900 0.15040000
vt 0.33370700 0.53674100
vt 0.06843400 0.86365700
vt 0.27386600 0.19281900
vt 0.07940700 0.19475900
vt 0.66340500 0.20491700
vt 0.28412400 0.19180900
vt 0.11365300 0.21586300
vt 0.37302200 0.93311800
vt 0.29925800 0.19800600
vt 0.27158200 0.03956900
vt 0.27764300 0.86274900
vt 0.64164500 0.17084800
vt 0.12674000 0.24918600
vt 0.47697900 0.94820800
vt 0.47068300 0.96708500
vt 0.28041100 0.23698400
vt 0.54677300 0.17310900
vt 0.12017700 0.41535500
vt 0.31614700 0.81727100
vt 0.14331600 0.20615800
vt 0.55166200 0.20850300
vt 0.11873700 0.81094500
vt 0.31758000 0.84731600
vt 0.63582600 0.33465100
vt 0.74878800 0.31920100
vt 0.39667000 0.91250600
vt 0.06740900 0.26341500
vt 0.65423700 0.15974700
vt 0.69804000 0.69619600
vt 0.11349900 0.41535500
vt 0.46438700 0.20838700
vt 0.28931000 0.19655600
vt 0.05475500 0.20033000
vt 0.35847300 0.17221500
vt 0.64279300 0.28740300
vt 0.15383200 0.92020500
vt 0.63379300 0.18087800
vt 0.64908900 0.31313800
vt 0.81366100 0.16902700
vt 0.07447000 0.19567900
vt 0.29393800 0.83624000
vt 0.03092500 0.86312800
vt 0.48186900 0.89241600
vt 0.26705500 0.82370600
vt 0.45949700 0.28274500
vt 0.65538500 0.29977000
vt 0.13367100 0.41535500
vt 0.57160000 0.79822100
vt 0.15436800 0.14109400
vt 0.14859600 0.15429100
vt 0.04383600 0.20291300
vt 0.82732600 0.31927500
vt 0.30382300 0.53674100
vt 0.05353000 0.82370600
vt 0.48186900 0.85488700
vt 0.33247600 0.81809200
vt 0.45949700 0.26864000
vt 0.25584200 0.83697400
vt 0.31701600 0.86841300
vt 0.03149400 0.19427500
vt 0.48186900 0.22569100
vt 0.74393300 0.18001200
vt 0.74501300 0.36273300
vt 0.54781400 0.94548900
vt 0.35476400 0.81006600
vt 0.66325100 0.34614900
vt 0.89665100 0.82551300
vt 0.13372700 0.10365900
vt 0.72935400 0.11965700
vt 0.47697900 0.21748900
vt 0.56914400 0.18934200
vt 0.14336800 0.91817500
vt 0.83851200 0.31929500
vt 0.14098800 0.17998600
vt 0.35386500 0.24977600
vt 0.92035600 0.93965000
vt 0.81406300 0.34578600
vt 0.47068300 0.26854000
vt 0.89185000 0.84457800
vt 0.05028400 0.92815900
vt 0.69984500 0.81722000
vt 0.12773600 0.41535500
vt 0.30270400 0.32041500
vt 0.76426100 0.49328200
vt 0.09393200 0.82549600
vt 0.63615500 0.20675900
vt 0.96962500 0.23083800
vt 0.81649800 0.17059800
vt 0.26114500 0.92815900
vt 0.89163000 0.52419100
vt 0.81326800 0.20033800
vt 0.30797900 0.87534800
vt 0.09961100 0.82698100
vt 0.84276700 0.16902700
vt 0.37200500 0.22267400
vt 0.25632400 0.15507300
vt 0.45742000 0.94845600
vt 0.26947200 0.18575500
vt 0.65423700 0.17084800
vt 0.66208900 0.19855900
vt 0.91952600 0.84573500
vt 0.81096400 0.03017800
vt 0.84145400 0.17188700
vt 0.09269700 0.04330400
vt 0.63577000 0.34063400
vt 0.04231700 0.83697400
vt 0.48186900 0.86723500
vt 0.89374700 0.94584500
vt 0.04361300 0.90731700
vt 0.89429300 0.74479800
vt 0.15106900 0.17330100
vt 0.34278000 0.65812600
vt 0.14732000 0.19405100
vt 0.90709300 0.92377600
vt 0.04526700 0.92902400
vt 0.48394500 0.95923200
vt 0.16452200 0.16206800
vt 0.13690200 0.24977600
vt 0.65538500 0.36085300
vt 0.91339000 0.91628200
vt 0.31122900 0.25638100
vt 0.11313400 0.27438100
vt 0.89669400 0.85289300
vt 0.95698800 0.54038300
vt 0.47697900 0.20838700
vt 0.63790300 0.27839700
vt 0.05815700 0.85944800
vt 0.26825700 0.87315200
vt 0.13980400 0.16488300
vt 0.84279000 0.35480600
vt 0.13349900 0.95611000
vt 0.63362500 0.28766100
vt 0.16823800 0.88305000
vt 0.36732900 0.15327700
vt 0.14610300 0.12913100
vt 0.34534600 0.96838100
vt 0.81317800 0.29458500
vt 0.89395700 0.45597700
vt 0.46438700 0.85480200
vt 0.81071400 0.10827900
vt 0.32666500 0.27438100
vt 0.89294500 0.95981200
vt 0.70165000 0.48059000
vt 0.12550000 0.75321400
vt 0.18017200 0.92358900
vt 0.57152700 0.29080500
vt 0.31251300 0.81430200
vt 0.08084400 0.53674100
vt 0.81406300 0.29754400
vt 0.63790300 0.33433000
vt 0.84063100 0.21166600
vt 0.36661200 0.89981900
vt 0.08524900 0.21390600
vt 0.30462200 0.32030300
vt 0.76617100 0.49282300
vt 0.35970700 0.24977600
vt 0.54738500 0.39514500
vt 0.63488500 0.34308300
vt 0.56914400 0.16702400
vt 0.16599600 0.93386700
vt 0.90085500 0.85522400
vt 0.90463700 0.11848300
vt 0.95698800 0.54488400
vt 0.47850600 0.96982200
vt 0.04728900 0.88748600
vt 0.30163600 0.32041500
vt 0.76240000 0.49346600
vt 0.13196500 0.10521900
vt 0.95570200 0.44276700
vt 0.84279000 0.29471400
vt 0.05247500 0.87081800
vt 0.90583700 0.34737300
vt 0.66323700 0.36255000
vt 0.92124200 0.91564900
vt 0.34150000 0.81006600
vt 0.90608600 0.19438300
vt 0.04398900 0.17680700
vt 0.06740900 0.81006600
vt 0.33812100 0.26252000
vt 0.63286200 0.96982200
vt 0.15106900 0.90018100
vt 0.82314800 0.09576900
vt 0.47697900 0.86713500
vt 0.04517200 0.91840800
vt 0.89418700 0.73362000
vt 0.46438700 0.19801700
vt 0.35051900 0.19921300
vt 0.90707700 0.12625500
vt 0.90855000 0.85299100
vt 0.64794100 0.19840700
vt 0.47697900 0.85480200
vt 0.81071400 0.09576900
vt 0.24611000 0.18609200
vt 0.45949700 0.91673100
vt 0.74387200 0.30799800
vt 0.95561600 0.53897800
vt 0.04851300 0.93608200
vt 0.89439400 0.71573800
vt 0.89487100 0.85199400
vt 0.90079700 0.94860000
vt 0.13142600 0.96873500
vt 0.57122100 0.16558100
vt 0.63582600 0.27524000
vt 0.46438700 0.88033100
vt 0.26099400 0.85033100
vt 0.92200600 0.82529700
vt 0.37753300 0.12826600
vt 0.55234200 0.89061000
vt 0.13102600 0.79511600
vt 0.47697900 0.90834000
vt 0.74929400 0.28397800
vt 0.38097200 0.94530300
vt 0.91339000 0.93986400
vt 0.38949400 0.14996600
vt 0.05459300 0.16616400
vt 0.56914400 0.16506200
vt 0.63790300 0.27491900
vt 0.76440200 0.45149100
vt 0.30558000 0.27836500
vt 0.64279300 0.36085300
vt 0.90079700 0.91628200
vt 0.84108600 0.17909100
vt 0.66027500 0.32534100
vt 0.92124200 0.93949000
vt 0.64908900 0.33230600
vt 0.66120300 0.18990400
vt 0.05678200 0.82370600
vt 0.72645200 0.18116200
vt 0.72762700 0.36248600
vt 0.17098400 0.20755200
vt 0.66325100 0.34062900
vt 0.25116400 0.88739600
vt 0.35721300 0.82370600
vt 0.14902300 0.12896900
vt 0.63494100 0.29972200
vt 0.03900800 0.22267400
vt 0.84147400 0.34575100
vt 0.04272300 0.18607800
vt 0.84058800 0.35482100
vt 0.33742100 0.88998800
vt 0.63247700 0.15993300
vt 0.54474900 0.42520900
vt 0.34914900 0.27836500
vt 0.32050100 0.25225500
vt 0.12386800 0.22222900
vt 0.06466200 0.18551500
vt 0.13628000 0.12968200
vt 0.84279000 0.31943900
vt 0.81071400 0.31947000
vt 0.35117100 0.94387800
vt 0.15292900 0.88211500
vt 0.13859800 0.10646100
vt 0.73398300 0.11965700
vt 0.34998500 0.10723700
vt 0.25054300 0.19426400
vt 0.07405200 0.19147200
vt 0.84353300 0.17203700
vt 0.90709300 0.95864600
vt 0.04032900 0.16616400
vt 0.26952600 0.90731700
vt 0.81194400 0.20037400
vt 0.63582600 0.29974200
vt 0.81317800 0.30688700
vt 0.15101600 0.93191300
vt 0.56064000 0.31346300
vt 0.17881100 0.89947400
vt 0.47697900 0.19801700
vt 0.55411300 0.33041400
vt 0.39667000 0.03933000
vt 0.66257500 0.34293300
vt 0.64908900 0.33949000
vt 0.31537400 0.81969900
vt 0.12992400 0.83772400
vt 0.13376700 0.75306700
vt 0.57117800 0.46706600
vt 0.73130000 0.30799600
vt 0.82103000 0.30646300
vt 0.31701800 0.75388500
vt 0.46438700 0.93686100
vt 0.34025000 0.24918600
vt 0.35239100 0.17113000
vt 0.70165000 0.95463100
vt 0.12442400 0.27777600
vt 0.38589000 0.16131900
vt 0.47697900 0.88033100
vt 0.95487200 0.45584100
vt 0.13973500 0.11694900
vt 0.92035600 0.93157400
vt 0.92109100 0.82540500
vt 0.47068300 0.44955500
vt 0.46438700 0.25415400
vt 0.14336800 0.15530600
vt 0.56491400 0.89073400
vt 0.29850000 0.32041500
vt 0.72814600 0.09330400
vt 0.34607100 0.96927100
vt 0.82103000 0.35319300
vt 0.90079700 0.93986400
vt 0.30797900 0.19813300
vt 0.14352000 0.22221300
vt 0.35966400 0.14225700
vt 0.17217400 0.17409100
vt 0.26067500 0.14445700
vt 0.89277000 0.64822700
vt 0.34167200 0.75306700
vt 0.63247700 0.48108200
vt 0.11285500 0.25969000
vt 0.17883000 0.91245600
vt 0.92255700 0.93943600
vt 0.29935900 0.19535600
vt 0.84241500 0.16932900
vt 0.90587800 0.21589400
vt 0.04595100 0.15507300
vt 0.46438700 0.29715100
vt 0.56668400 0.33053900
vt 0.69804000 0.57519000
vt 0.33902700 0.32026700
vt 0.63668800 0.91232100
vt 0.13229400 0.17608700
vt 0.66340500 0.15104500
vt 0.10312800 0.79839200
vt 0.08042600 0.83624000
vt 0.46438700 0.57051000
vt 0.08467600 0.65812600
vt 0.14512300 0.18509500
vt 0.82103000 0.31927500
vt 0.81186200 0.33316000
vt 0.35322900 0.93030600
vt 0.34369700 0.65812600
vt 0.55808000 0.46644500
vt 0.04610200 0.16616400
vt 0.35037900 0.17076800
vt 0.66455300 0.34062700
vt 0.24898000 0.86313000
vt 0.92124200 0.93140300
vt 0.56914400 0.17310900
vt 0.73768300 0.33223700
vt 0.32689800 0.19381800
vt 0.04603000 0.17678700
vt 0.92035600 0.92352500
vt 0.17881100 0.17400700
vt 0.15594000 0.91043700
vt 0.81218300 0.03541300
vt 0.66128700 0.20487100
vt 0.07809900 0.32041500
vt 0.48394500 0.35509100
vt 0.30055500 0.22667300
vt 0.46438700 0.22554900
vt 0.04603000 0.89669500
vt 0.05459300 0.90731700
vt 0.66235100 0.32532900
vt 0.11935700 0.27600700
vt 0.11279000 0.82093900
vt 0.06403200 0.87599300
vt 0.13322900 0.10819700
vt 0.05353000 0.24977600
vt 0.48186900 0.28274500
vt 0.11352100 0.87149600
vt 0.13372700 0.96982200
vt 0.57122100 0.16730800
vt 0.33370700 0.41535500
vt 0.28120400 0.20064900
vt 0.83362200 0.30646300
vt 0.55208600 0.67843500
vt 0.47697900 0.93686100
vt 0.34809300 0.96556100
vt 0.89272100 0.45268800
vt 0.66208900 0.15992700
vt 0.15849400 0.22267400
vt 0.09291300 0.26267800
vt 0.92137200 0.83571800
vt 0.55304100 0.95778800
vt 0.13767400 0.94387800
vt 0.34270200 0.79511600
vt 0.15524500 0.86592100
vt 0.37950400 0.93386700
vt 0.55795800 0.20850300
vt 0.16402200 0.12826600
vt 0.29868100 0.85692500
vt 0.13419900 0.96684500
vt 0.63481100 0.08454500
vt 0.33387000 0.24741800
vt 0.32703000 0.41535500
vt 0.35386500 0.82370600
vt 0.83362200 0.35319300
vt 0.73806300 0.28416900
vt 0.82732000 0.23332800
vt 0.47068300 0.16700700
vt 0.32200300 0.31937800
vt 0.05485100 0.20682100
vt 0.09430400 0.20600100
vt 0.92255700 0.94835200
vt 0.29024100 0.19402200
vt 0.14616900 0.14225700
vt 0.14188500 0.12936700
vt 0.26378500 0.92815900
vt 0.81071500 0.22192800
vt 0.08438500 0.53674100
vt 0.14181000 0.16465300
vt 0.90583700 0.35956400
vt 0.06413200 0.86274900
vt 0.04032900 0.90731700
vt 0.06094600 0.86786200
vt 0.55185500 0.42475900
vt 0.65538500 0.34072200
vt 0.14497800 0.90126600
vt 0.13687600 0.17076800
vt 0.84279000 0.36044300
vt 0.12509400 0.21130800
vt 0.12992400 0.23575700
vt 0.07670500 0.21267600
vt 0.47697900 0.57051000
vt 0.11349900 0.53674100
vt 0.31537400 0.25378300
vt 0.89719000 0.84573500
vt 0.47068300 0.89229600
vt 0.90709300 0.96842900
vt 0.90745000 0.81614200
vt 0.33996800 0.27836500
vt 0.63307800 0.95417100
vt 0.09409000 0.21649200
vt 0.26384400 0.90731700
vt 0.82732600 0.29368400
vt 0.72645200 0.10648100
vt 0.65912700 0.15985300
vt 0.55859900 0.39509500
vt 0.89530800 0.94842600
vt 0.91827900 0.93981000
vt 0.64164500 0.20658700
vt 0.82199400 0.17131500
vt 0.31838200 0.83713800
vt 0.92255700 0.95997900
vt 0.28107500 0.18543500
vt 0.82740700 0.22243300
vt 0.31951600 0.24562700
vt 0.83875000 0.18898400
vt 0.89286200 0.94802000
vt 0.63377200 0.20490500
vt 0.12017700 0.53674100
vt 0.25953300 0.17678700
vt 0.92254000 0.84553600
vt 0.47697900 0.22554900
vt 0.82939000 0.44969400
vt 0.09570800 0.80771500
vt 0.05227900 0.91819200
vt 0.89163000 0.83519500
vt 0.82759200 0.18894800
vt 0.45856800 0.10665200
vt 0.28072200 0.21203500
vt 0.56442700 0.42488400
vt 0.12528400 0.86883500
vt 0.35682400 0.20615800
vt 0.84061100 0.22256600
vt 0.03555000 0.20161700
vt 0.13757000 0.87017900
vt 0.35970700 0.82370600
vt 0.54811200 0.95790000
vt 0.56465800 0.67855900
vt 0.69984500 0.69621200
vt 0.12773600 0.53674100
vt 0.31251300 0.25917900
vt 0.76478700 0.43132800
vt 0.13814700 0.23639200
vt 0.56972000 0.39536600
vt 0.14618700 0.82370600
vt 0.34817800 0.23604700
vt 0.36144700 0.11634400
vt 0.35560600 0.83697400
vt 0.56914400 0.21921400
vt 0.57126200 0.28124800
vt 0.17575700 0.93421300
vt 0.14866500 0.85080800
vt 0.29555200 0.26341500
vt 0.63307800 0.69671500
vt 0.81368900 0.17919000
vt 0.16723000 0.86592900
vt 0.30382400 0.41535500
vt 0.06770400 0.20064900
vt 0.64908900 0.36064800
vt 0.90709300 0.91635700
vt 0.66323700 0.33456100
vt 0.35795300 0.11663300
vt 0.29251200 0.19731900
vt 0.63675500 0.18984600
vt 0.82732600 0.29713700
vt 0.32638300 0.81379100
vt 0.82746000 0.46202400
vt 0.09348900 0.79556400
vt 0.32716200 0.21586300
vt 0.15383200 0.15327700
vt 0.36102100 0.12905200
vt 0.29469300 0.75306700
vt 0.54511800 0.79795900
vt 0.34718300 0.65812600
vt 0.64279300 0.34072200
vt 0.55190800 0.55949500
vt 0.03258300 0.88738900
vt 0.48186900 0.91673100
vt 0.35322900 0.14317500
vt 0.66455300 0.31289600
vt 0.63494100 0.32521500
vt 0.47068300 0.23279600
vt 0.72935400 0.09330400
vt 0.34723900 0.96982200
vt 0.35107800 0.87017900
vt 0.13899000 0.22083300
vt 0.72695800 0.28397300
vt 0.16745200 0.12817900
vt 0.36434900 0.95749300
vt 0.95514400 0.74346700
vt 0.65423700 0.20658700
vt 0.83456700 0.17131500
vt 0.38346700 0.15040000
vt 0.05678200 0.24977600
vt 0.31710800 0.19721400
vt 0.56945600 0.40970300
vt 0.14124300 0.81006600
vt 0.83904300 0.17899100
vt 0.54586200 0.10370800
vt 0.35414100 0.11688900
vt 0.47697900 0.28266000
vt 0.04613200 0.83697400
vt 0.35035700 0.89860400
vt 0.92255700 0.95176900
vt 0.28755800 0.19147200
vt 0.81186200 0.30694800
vt 0.03037500 0.04021500
vt 0.65972200 0.14935300
vt 0.83910700 0.36196600
vt 0.33568100 0.23580700
vt 0.48087000 0.17141200
vt 0.81480300 0.17188700
vt 0.96839700 0.23332800
vt 0.24445200 0.86312800
vt 0.45949700 0.24167400
vt 0.15745100 0.15257900
vt 0.92044000 0.94584500
vt 0.07580900 0.19655600
vt 0.11935700 0.79747400
vt 0.28838600 0.82370600
vt 0.10406900 0.84731600
vt 0.28983800 0.85824600
vt 0.30805300 0.19551000
vt 0.92255700 0.93134600
vt 0.12854400 0.53674100
vt 0.69743800 0.69614700
vt 0.54716800 0.67851000
vt 0.34539400 0.10847300
vt 0.66455300 0.27891600
vt 0.31030900 0.31996700
vt 0.29136500 0.53674100
vt 0.45742000 0.57072400
vt 0.31951600 0.82785400
vt 0.09771500 0.25638100
vt 0.55251000 0.93144900
vt 0.10262600 0.81727100
vt 0.26384400 0.16616400
vt 0.08498800 0.32041500
vt 0.16174100 0.86592700
vt 0.34539400 0.96500800
vt 0.81186200 0.29795200
vt 0.29291300 0.87872200
vt 0.63247700 0.20491700
vt 0.15391100 0.91020700
vt 0.36732900 0.92020500
vt 0.31056500 0.23668100
vt 0.15292900 0.19136600
vt 0.37651900 0.15150200
vt 0.09413600 0.85961200
vt 0.34197400 0.41535500
vt 0.63247700 0.81776500
vt 0.46438700 0.91659500
vt 0.36614300 0.93214300
vt 0.10799300 0.79926400
vt 0.11313400 0.79910000
vt 0.26099400 0.22315000
vt 0.64908900 0.27481300
vt 0.55795800 0.16488900
vt 0.56448000 0.55961900
vt 0.66210300 0.15105800
vt 0.65912600 0.17088600
vt 0.46049600 0.96503000
vt 0.07633200 0.85824600
vt 0.14859600 0.91919000
vt 0.03423800 0.89667000
vt 0.48186900 0.92611300
vt 0.26568500 0.17672700
vt 0.69984500 0.95391100
vt 0.25611600 0.89667400
vt 0.89439300 0.55515600
vt 0.56963400 0.79783400
vt 0.89833400 0.85109400
vt 0.81191200 0.21180300
vt 0.28092400 0.26341500
vt 0.46438700 0.82779100
vt 0.56062400 0.30068500
vt 0.92255700 0.94876000
vt 0.28992800 0.19369900
vt 0.13419900 0.10663600
vt 0.95707100 0.44452900
vt 0.04383600 0.87056800
vt 0.12509400 0.86217300
vt 0.09536300 0.84684000
vt 0.30083900 0.41535500
vt 0.76240800 0.58671300
vt 0.11279000 0.25254300
vt 0.26568500 0.89675500
vt 0.13563700 0.27836500
vt 0.33996800 0.79511600
vt 0.63307800 0.43902900
vt 0.37398700 0.19045300
vt 0.33818600 0.19558100
vt 0.34660700 0.85322000
vt 0.54469600 0.10293200
vt 0.35323200 0.11694900
vt 0.38568200 0.17409100
vt 0.14752000 0.12905200
vt 0.46438700 0.17695800
vt 0.66217300 0.20724300
vt 0.84243600 0.16876200
vt 0.13255900 0.96927100
vt 0.57122100 0.16643200
vt 0.28761200 0.85685500
vt 0.35249900 0.22083300
vt 0.14618000 0.23650800
vt 0.46400500 0.16944200
vt 0.92132500 0.94863200
vt 0.12585800 0.65812600
vt 0.08467600 0.41535500
vt 0.14876300 0.20721300
vt 0.47068300 0.25415400
vt 0.12757800 0.79511600
vt 0.89292400 0.95161900
vt 0.33760200 0.88696600
vt 0.32720800 0.21287400
vt 0.09291300 0.81080300
vt 0.55795800 0.16692900
vt 0.31030900 0.75351400
vt 0.81460300 0.17909100
vt 0.31666000 0.79839200
vt 0.63467800 0.18990400
vt 0.27029800 0.24977600
vt 0.34510700 0.75306700
vt 0.03555000 0.87186400
vt 0.30763500 0.21387000
vt 0.04910000 0.14791700
vt 0.04260300 0.89667400
vt 0.89439400 0.75548700
vt 0.13701600 0.87426800
vt 0.66208900 0.18087800
vt 0.26361900 0.87965100
vt 0.13641500 0.87715900
vt 0.63494100 0.27884200
vt 0.04595100 0.91840800
vt 0.89287100 0.73357000
vt 0.33568100 0.83767400
vt 0.13903100 0.26341500
vt 0.15951500 0.14036300
vt 0.74935900 0.34718300
vt 0.39211200 0.88305900
vt 0.09869000 0.26352800
vt 0.26836400 0.20682100
vt 0.10276400 0.81255100
vt 0.56436600 0.46650700
vt 0.08585400 0.19535600
vt 0.66340500 0.19858000
vt 0.46438700 0.35487700
vt 0.15311000 0.17366200
vt 0.92126300 0.94567000
vt 0.81625000 0.21156400
vt 0.63790300 0.28743500
vt 0.35051900 0.87426800
vt 0.95519700 0.75521400
vt 0.73398300 0.09330500
vt 0.35210900 0.96702000
vt 0.83851200 0.33318500
vt 0.66235100 0.28753200
vt 0.70118200 0.42858500
vt 0.12246700 0.80561900
vt 0.32697900 0.22483200
vt 0.36735700 0.85080800
vt 0.10406900 0.22616500
vt 0.81071400 0.03339400
vt 0.66153800 0.20731400
vt 0.84180100 0.16914500
vt 0.35862100 0.18509500
vt 0.13154400 0.41535500
vt 0.55897100 0.38075500
vt 0.34167200 0.32041500
vt 0.63247700 0.91238600
vt 0.36661200 0.17366200
vt 0.95686800 0.68290400
vt 0.09570800 0.26576600
vt 0.36144700 0.95713700
vt 0.14785700 0.16396400
vt 0.47697900 0.82779100
vt 0.66570100 0.28753100
vt 0.34787800 0.11731100
vt 0.82742800 0.21153000
vt 0.07847600 0.65812600
vt 0.48394500 0.69178000
vt 0.55273700 0.94539500
vt 0.47068300 0.90093600
vt 0.48186900 0.35493100
vt 0.07607500 0.32041500
vt 0.08042600 0.23724100
vt 0.08550000 0.86752500
vt 0.07446200 0.79511600
vt 0.47697900 0.17695800
vt 0.10348700 0.31959600
vt 0.38174600 0.88305000
vt 0.08550000 0.20595600
vt 0.84147400 0.35481000
vt 0.38450300 0.20755200
vt 0.54874200 0.34891200
vt 0.72662200 0.29646900
vt 0.17575700 0.13926800
vt 0.63492700 0.34614900
vt 0.34668700 0.81006600
vt 0.09773700 0.27657400
vt 0.89590800 0.93981000
vt 0.25749600 0.89667500
vt 0.89307900 0.55527800
vt 0.14188500 0.94411400
vt 0.07809900 0.75306700
vt 0.48394500 0.78639500
vt 0.14035600 0.82370600
vt 0.32720800 0.86060700
vt 0.91437800 0.83585500
vt 0.05247500 0.20266300
vt 0.96782800 0.12894000
vt 0.25749600 0.17680700
vt 0.89307700 0.61573100
vt 0.03065100 0.03708600
vt 0.84064400 0.36036300
vt 0.36209100 0.91919000
vt 0.32626700 0.81868800
vt 0.14181000 0.90882800
vt 0.25791200 0.88740600
vt 0.54557800 0.09140700
vt 0.34546800 0.10521900
vt 0.66455300 0.27566700
vt 0.47068300 0.84209800
vt 0.57044700 0.95812100
vt 0.14618700 0.24977600
vt 0.46438700 0.31265000
vt 0.47697900 0.35487700
vt 0.90079700 0.96842900
vt 0.90116400 0.81614200
vt 0.34392900 0.26341500
vt 0.15594000 0.16304400
vt 0.64794100 0.15968100
vt 0.39232100 0.89947400
vt 0.82746500 0.20008600
vt 0.35448300 0.89349500
vt 0.31838200 0.23634400
vt 0.17447300 0.19042300
vt 0.32666500 0.79910000
vt 0.28959900 0.32041500
vt 0.45949700 0.78623500
vt 0.29161400 0.75306700
vt 0.45742000 0.35509100
vt 0.74882300 0.20851800
vt 0.36641800 0.83697400
vt 0.54851100 0.96960200
vt 0.56530900 0.94551900
vt 0.63307800 0.81772100
vt 0.82071100 0.23047400
vt 0.25058200 0.90731700
vt 0.45949700 0.19810300
vt 0.69804000 0.91187900
vt 0.12752300 0.32041500
vt 0.03546300 0.86313000
vt 0.12017700 0.65812600
vt 0.13283200 0.96279200
vt 0.63277500 0.28105100
vt 0.25397900 0.91840800
vt 0.45949700 0.18731300
vt 0.34505400 0.41535500
vt 0.30642600 0.81080300
vt 0.34978300 0.94379900
vt 0.81186200 0.31943900
vt 0.25116400 0.18608500
vt 0.92255700 0.94561200
vt 0.29291300 0.19475900
vt 0.06348300 0.82370600
vt 0.24837000 0.22267400
vt 0.45949700 0.88044000
vt 0.12528400 0.20464600
vt 0.13903100 0.81006600
vt 0.26080800 0.13667300
vt 0.96658700 0.36044400
vt 0.45878000 0.96714800
vt 0.81186200 0.34574000
vt 0.35513700 0.91783700
vt 0.13705400 0.95635100
vt 0.07062300 0.19180900
vt 0.11352100 0.20198500
vt 0.09869000 0.80995300
vt 0.11349900 0.65812600
vt 0.34666000 0.79511600
vt 0.08575800 0.19800600
vt 0.10847100 0.75410400
vt 0.04440500 0.88740600
vt 0.83362200 0.29713700
vt 0.12799000 0.26341500
vt 0.57057400 0.36575100
vt 0.16179100 0.85080800
vt 0.25384600 0.16616400
vt 0.08585400 0.87812500
vt 0.89163000 0.93943600
vt 0.31056500 0.83680100
vt 0.90180600 0.83585500
vt 0.72926500 0.10648100
vt 0.31701800 0.31959600
vt 0.15446600 0.04018100
vt 0.63615900 0.14935300
vt 0.81554400 0.36196600
vt 0.30759400 0.21649200
vt 0.64164500 0.21445700
vt 0.82159800 0.17895800
vt 0.29016900 0.22605400
vt 0.11873700 0.26253600
vt 0.31629300 0.26093000
vt 0.13972600 0.14317500
vt 0.84279000 0.33316000
vt 0.55795800 0.18990600
vt 0.65538500 0.27832200
vt 0.63790300 0.31310800
vt 0.30462200 0.75317900
vt 0.76641200 0.91727000
vt 0.95723200 0.60664400
vt 0.04728600 0.13667300
vt 0.48258600 0.16950600
vt 0.46438700 0.24155500
vt 0.31614800 0.25621000
vt 0.66027500 0.36134500
vt 0.91827900 0.91609900
vt 0.03841500 0.89667200
vt 0.69984500 0.57520500
vt 0.12773600 0.65812600
vt 0.55166200 0.22044300
vt 0.55388500 0.28079900
vt 0.29469300 0.32041500
vt 0.55946800 0.36542800
vt 0.63492700 0.34062900
vt 0.69984500 0.96696600
vt 0.12338200 0.26548300
vt 0.74883100 0.30775200
vt 0.39369100 0.92358900
vt 0.82896200 0.83587200
vt 0.08822300 0.41535500
vt 0.55369500 0.34871800
vt 0.34633100 0.11068900
vt 0.66540300 0.28105100
vt 0.34278000 0.41535500
vt 0.55415200 0.29033700
vt 0.63488300 0.43900000
vt 0.33899500 0.20766800
vt 0.33878200 0.86883500
vt 0.28041000 0.83649800
vt 0.33462900 0.04330400
vt 0.06721600 0.21203500
vt 0.36434900 0.11598900
vt 0.54469600 0.18765000
vt 0.13459000 0.10792000
vt 0.95573600 0.44593100
vt 0.28412400 0.88167300
vt 0.84277200 0.22269900
vt 0.05068800 0.14445700
vt 0.13561800 0.96314500
vt 0.63263000 0.08180300
vt 0.74382700 0.31946400
vt 0.63790300 0.29976300
vt 0.24837000 0.85080800
vt 0.45949700 0.25426300
vt 0.13647500 0.96624400
vt 0.34259500 0.75306700
vt 0.07487400 0.82370600
vt 0.92124200 0.92333600
vt 0.33795200 0.27777600
vt 0.63668800 0.95459600
vt 0.07285500 0.81006600
vt 0.89163000 0.94835200
vt 0.07673600 0.87945900
vt 0.32216200 0.65812600
vt 0.03167000 0.03933000
vt 0.66142700 0.14786700
vt 0.84081200 0.36249500
vt 0.15101600 0.14156800
vt 0.63494100 0.35415100
vt 0.90780900 0.82554900
vt 0.07785500 0.86848400
vt 0.34660800 0.22026100
vt 0.16179100 0.22267400
vt 0.72645200 0.19521500
vt 0.73763700 0.19420600
vt 0.13438000 0.11731100
vt 0.84393800 0.30695800
vt 0.05815700 0.21403300
vt 0.36022900 0.18861100
vt 0.65912600 0.19842800
vt 0.63379300 0.17097600
vt 0.90468800 0.36273300
vt 0.06721600 0.86144600
vt 0.65423700 0.21445700
vt 0.83417100 0.17895800
vt 0.56914400 0.16602800
vt 0.89383100 0.95931200
vt 0.91827900 0.95881200
vt 0.12674000 0.82429500
vt 0.17238200 0.91216200
vt 0.06036600 0.19281900
vt 0.32693900 0.31941900
vt 0.64279300 0.27832200
vt 0.72791400 0.09536800
vt 0.74803600 0.10648100
vt 0.73875800 0.26890700
vt 0.12585800 0.41535500
vt 0.17883000 0.16102500
vt 0.08498800 0.75306700
vt 0.73763700 0.20764900
vt 0.55973200 0.96952800
vt 0.47697900 0.24155500
vt 0.90834900 0.84576900
vt 0.81406300 0.31935700
vt 0.13045100 0.53674100
vt 0.15005500 0.23650800
vt 0.48186900 0.57056300
vt 0.56425500 0.22044300
vt 0.56645700 0.28092300
vt 0.12816300 0.32041500
vt 0.69743800 0.91182900
vt 0.64164500 0.18075700
vt 0.63582600 0.27861900
vt 0.12799000 0.81006600
vt 0.11339900 0.19381800
vt 0.84224900 0.17199900
vt 0.07847600 0.41535500
vt 0.48394500 0.44976500
vt 0.07062300 0.88167300
vt 0.31666000 0.27509000
vt 0.47068300 0.18725100
vt 0.28573300 0.27836500
vt 0.45949700 0.82785100
vt 0.89514500 0.84563600
vt 0.56672400 0.29046100
vt 0.91339000 0.93180200
vt 0.54484900 0.09668900
vt 0.34911700 0.11033600
vt 0.73125500 0.31946100
vt 0.09677700 0.75351400
vt 0.31122800 0.81710000
vt 0.25768700 0.21127000
vt 0.56425500 0.16692900
vt 0.84079200 0.18909300
vt 0.05011700 0.87965100
vt 0.05597200 0.18575500
vt 0.65538500 0.35127000
vt 0.08704300 0.84680800
vt 0.29055500 0.87913600
vt 0.63247700 0.20721900
vt 0.81278700 0.16863400
vt 0.81323500 0.21176900
vt 0.35037800 0.90271300
vt 0.81186200 0.36044300
vt 0.25712600 0.90731700
vt 0.89429100 0.54462600
vt 0.04959800 0.15593800
vt 0.46438700 0.94820800
vt 0.33902700 0.75321400
vt 0.63668800 0.48072300
vt 0.12943700 0.53674100
vt 0.13972600 0.93030600
vt 0.63362500 0.31289600
vt 0.34637100 0.17897800
vt 0.27526200 0.84890300
vt 0.34579700 0.17608700
vt 0.66455300 0.34628800
vt 0.29206200 0.79511600
vt 0.12919300 0.27836500
vt 0.33247600 0.25538900
vt 0.11321900 0.83743000
vt 0.57107700 0.34913300
vt 0.17098400 0.86592900
vt 0.12036000 0.82606300
vt 0.63494100 0.28762800
vt 0.14035600 0.24977600
vt 0.83851200 0.30652300
vt 0.26021800 0.19416700
vt 0.34510700 0.32041500
vt 0.83087900 0.96982200
vt 0.09022200 0.27836500
vt 0.10750800 0.81407900
vt 0.25735000 0.20291300
vt 0.72783700 0.10022600
vt 0.08812200 0.32041500
vt 0.83075900 0.92900000
vt 0.29020600 0.21267600
vt 0.07580900 0.87692500
vt 0.31709700 0.21819600
vt 0.65423700 0.18075700
vt 0.10358800 0.85528500
vt 0.89294500 0.96964800
vt 0.89339600 0.81588000
vt 0.90463700 0.22547000
vt 0.04764300 0.14532200
vt 0.32701800 0.20198500
vt 0.35330600 0.16488300
vt 0.66455300 0.33453100
vt 0.09448000 0.19813300
vt 0.89349600 0.94825000
vt 0.84279000 0.30694800
vt 0.82901700 0.92877700
vt 0.08918200 0.32041500
vt 0.66120300 0.19849300
vt 0.47068300 0.69157000
vt 0.90079700 0.93180200
vt 0.13628000 0.94379900
vt 0.63362500 0.29971500
vt 0.35117100 0.12960300
vt 0.35682400 0.86732300
vt 0.55795800 0.16589400
vt 0.10351800 0.20506800
vt 0.07633200 0.21523500
vt 0.09454800 0.87797100
vt 0.89163000 0.93134600
vt 0.72697300 0.09330500
vt 0.34493800 0.96873500
vt 0.81406300 0.29419900
vt 0.30642600 0.26267800
vt 0.30780200 0.86748000
vt 0.35966400 0.93122500
vt 0.35513700 0.15564400
vt 0.66455300 0.32517700
vt 0.84164500 0.18920200
vt 0.26361900 0.19383000
vt 0.35538000 0.94411400
vt 0.10487100 0.23634400
vt 0.29827200 0.79511600
vt 0.09677700 0.31996700
vt 0.10312800 0.27509000
vt 0.10600600 0.82785400
vt 0.27816300 0.18551500
vt 0.48186900 0.78623500
vt 0.07607500 0.75306700
vt 0.54939100 0.31363700
vt 0.39666100 0.17399300
vt 0.13189200 0.10847300
vt 0.84279000 0.29795200
vt 0.36845900 0.89785700
vt 0.57084600 0.96982200
vt 0.72645200 0.20851800
vt 0.15289800 0.23650800
vt 0.54759000 0.93153000
vt 0.35117300 0.79511600
vt 0.64279300 0.35127000
vt 0.32716100 0.85761800
vt 0.11285500 0.81379100
vt 0.27753200 0.19748800
vt 0.04910000 0.92556500
vt 0.08118100 0.32041500
vt 0.36787400 0.93238700
vt 0.15264200 0.14133800
vt 0.03705600 0.16616400
vt 0.48186900 0.19810300
vt 0.07901200 0.19731900
vt 0.46438700 0.92600300
vt 0.82732600 0.34521700
vt 0.10698700 0.25225500
vt 0.05597200 0.88772600
vt 0.47068300 0.31265000
vt 0.81317800 0.29785000
vt 0.95514400 0.67137300
vt 0.09348900 0.27791700
vt 0.25878300 0.92902400
vt 0.45742000 0.17710900
vt 0.32672900 0.83743000
vt 0.90709200 0.22643200
vt 0.04670000 0.14445700
vt 0.63434300 0.20731400
vt 0.81464800 0.16914500
vt 0.96815100 0.23011300
vt 0.34505400 0.65812600
vt 0.13466900 0.83743400
vt 0.33938600 0.65812600
vt 0.14793800 0.95713700
vt 0.82732600 0.35237100
vt 0.14209800 0.23650800
vt 0.30320300 0.83642100
vt 0.05318200 0.15507300
vt 0.84279100 0.21180300
vt 0.36356600 0.23650800
vt 0.14444500 0.95684800
vt 0.74400300 0.29671700
vt 0.39211200 0.19042200
vt 0.54915300 0.33063300
vt 0.08650600 0.24932800
vt 0.72783700 0.11273600
vt 0.89163000 0.94876000
vt 0.07642200 0.87978200
vt 0.29874900 0.21390600
vt 0.34369700 0.41535500
vt 0.28797700 0.27836500
vt 0.55833000 0.40945100
vt 0.28983800 0.21523500
vt 0.47697900 0.78618200
vt 0.63379300 0.19855900
vt 0.46438700 0.95908100
vt 0.27526200 0.22457800
vt 0.34710200 0.24977600
vt 0.31713800 0.65812600
vt 0.25712600 0.16616400
vt 0.89429300 0.62632200
vt 0.55850200 0.79760100
vt 0.36082900 0.87943000
vt 0.26080800 0.93680800
vt 0.90672500 0.05672200
vt 0.45878000 0.16950600
vt 0.74893000 0.33196300
vt 0.39666100 0.89948800
vt 0.45949700 0.17699600
vt 0.05834800 0.17666600
vt 0.37802900 0.91141300
vt 0.89590800 0.92371300
vt 0.28120400 0.87283200
vt 0.11370400 0.86060700
vt 0.32697900 0.84864900
vt 0.28573300 0.79511600
vt 0.45949700 0.31270900
vt 0.13705400 0.11713000
vt 0.63790300 0.36134500
vt 0.89590800 0.91609900
vt 0.16995900 0.92308200
vt 0.14902300 0.94451300
vt 0.46438700 0.86713500
vt 0.82314800 0.10827900
vt 0.38074000 0.86592900
vt 0.35960000 0.12913100
vt 0.05834800 0.89681500
vt 0.04881500 0.14253500
vt 0.14370200 0.82370600
vt 0.66120300 0.18082600
vt 0.29251200 0.87616300
vt 0.12846400 0.65812600
vt 0.69743800 0.57514600
vt 0.66214500 0.14770000
vt 0.84153000 0.36267400
vt 0.10351800 0.86841300
vt 0.91339000 0.94860000
vt 0.17447300 0.88305800
vt 0.69984500 0.42614100
vt 0.12338200 0.80799800
vt 0.12217100 0.83767400
vt 0.47697900 0.92600300
vt 0.33288800 0.27600700
vt 0.28636800 0.81006600
vt 0.66329300 0.34308300
vt 0.46438700 0.90834000
vt 0.07487400 0.24977600
vt 0.13701600 0.19921300
vt 0.34817800 0.83743400
vt 0.26598700 0.20266300
vt 0.45742000 0.09129200
vt 0.03484400 0.22267400
vt 0.48186900 0.25426300
vt 0.38798300 0.88305800
vt 0.95723200 0.61090400
vt 0.83513100 0.23332800
vt 0.47850600 0.16700700
vt 0.89272000 0.71760400
vt 0.89315400 0.85019100
vt 0.04864700 0.93421300
vt 0.32103700 0.25940300
vt 0.10600600 0.24562700
vt 0.15311000 0.89981900
vt 0.84058800 0.30670500
vt 0.36908900 0.92054300
vt 0.73143000 0.29671400
vt 0.03900800 0.85080800
vt 0.55166200 0.17319900
vt 0.25868500 0.15507300
vt 0.89418700 0.63750000
vt 0.34364300 0.75306700
vt 0.69804000 0.48057500
vt 0.12752300 0.75306700
vt 0.63790300 0.35267900
vt 0.14785700 0.90951700
vt 0.82103000 0.33318900
vt 0.16301100 0.92197900
vt 0.36102100 0.94442900
vt 0.89289500 0.42943800
vt 0.26021800 0.87931400
vt 0.32152400 0.27421700
vt 0.37727700 0.89917700
vt 0.10348700 0.75388500
vt 0.16047900 0.88302900
vt 0.25945800 0.15507300
vt 0.89287100 0.63755000
vt 0.30939000 0.80517800
vt 0.76624600 0.96732200
vt 0.81418300 0.20023000
vt 0.13309800 0.22026100
vt 0.04398900 0.89667500
vt 0.89307700 0.75538900
vt 0.31710800 0.87626700
vt 0.64279300 0.29977000
vt 0.04748000 0.85033100
vt 0.29935900 0.87812500
vt 0.63247700 0.19858000
vt 0.47697900 0.95908100
vt 0.89590800 0.95881200
vt 0.35165600 0.23639300
vt 0.27699700 0.24977600
vt 0.54492300 0.40988900
vt 0.35254300 0.26341500
vt 0.03705600 0.90731700
vt 0.48186900 0.93694700
vt 0.11997200 0.75365600
vt 0.34418800 0.24977600
vt 0.72791400 0.11759400
vt 0.73811500 0.34744700
vt 0.37262400 0.94504400
vt 0.10341800 0.85794100
vt 0.54688900 0.09120400
vt 0.34534600 0.10510100
vt 0.66323700 0.27556000
vt 0.36252900 0.94451300
vt 0.89412100 0.42921300
vt 0.66323700 0.29972200
vt 0.11370400 0.21287400
vt 0.95707100 0.45597700
vt 0.14159800 0.11682500
vt 0.26231900 0.93094600
vt 0.81096200 0.22494800
vt 0.32638300 0.25969000
vt 0.81317800 0.34575100
vt 0.25623600 0.88740300
vt 0.27826600 0.26341500
vt 0.45949700 0.84216800
vt 0.17217400 0.89939100
vt 0.32216200 0.53674100
vt 0.73468200 0.10022600
vt 0.28992800 0.87978200
vt 0.81276000 0.16939000
vt 0.25193200 0.89667200
vt 0.04440500 0.18607600
vt 0.36209200 0.15429100
vt 0.13196500 0.96826200
vt 0.63335800 0.08708500
vt 0.63362500 0.27566700
vt 0.13889400 0.90235100
vt 0.76657200 0.95836300
vt 0.30701900 0.79556400
vt 0.34259500 0.32041500
vt 0.33226500 0.26253600
vt 0.54677300 0.20746400
vt 0.38097200 0.12817900
vt 0.82896200 0.71685000
vt 0.08822300 0.53674100
vt 0.46285900 0.96982200
vt 0.90463700 0.13402800
vt 0.91647800 0.85522400
vt 0.96843100 0.35682800
vt 0.25193200 0.17680900
vt 0.09448000 0.87534800
vt 0.65423700 0.18982600
vt 0.63362500 0.35432800
vt 0.12391800 0.88998800
vt 0.34270200 0.27836500
vt 0.63379300 0.18996300
vt 0.13159700 0.32041500
vt 0.54481100 0.55991500
vt 0.34718300 0.41535500
vt 0.56425500 0.17319900
vt 0.63582600 0.35362000
vt 0.30887400 0.84684000
vt 0.35795300 0.95684800
vt 0.83362200 0.33318900
vt 0.45949700 0.44960700
vt 0.10733100 0.25446400
vt 0.66120300 0.17093500
vt 0.12217100 0.23580700
vt 0.10733100 0.81901700
vt 0.91827900 0.93174500
vt 0.29868100 0.21655600
vt 0.05485100 0.86666000
vt 0.07940700 0.87872200
vt 0.89163000 0.94561200
vt 0.15745100 0.92090200
vt 0.14163500 0.15564400
vt 0.84279000 0.34574000
vt 0.11339900 0.87966300
vt 0.11346900 0.84864900
vt 0.15384900 0.22267400
vt 0.83851200 0.34571900
vt 0.28636800 0.26341500
vt 0.30320300 0.23706000
vt 0.12816300 0.75306700
vt 0.69743800 0.48052500
vt 0.15575700 0.04106000
vt 0.63445500 0.14786700
vt 0.81384000 0.36249500
vt 0.28797700 0.79511600
vt 0.14793800 0.11634400
vt 0.81399600 0.16932900
vt 0.10863100 0.41535500
vt 0.92044000 0.95116900
vt 0.84147400 0.33316300
vt 0.26260000 0.92556500
vt 0.12585800 0.53674100
vt 0.28193500 0.86365700
vt 0.28681800 0.87883500
vt 0.15809300 0.16280000
vt 0.29393800 0.23724100
vt 0.36701000 0.12871800
vt 0.82103000 0.34542300
vt 0.81236500 0.17922300
vt 0.28107500 0.88804600
vt 0.73468200 0.11273600
vt 0.09409000 0.85698900
vt 0.15849400 0.85080800
vt 0.04280700 0.91840800
vt 0.48394500 0.94845600
vt 0.95597300 0.45590600
vt 0.14063900 0.11688900
vt 0.26309900 0.15593800
vt 0.06770400 0.87283200
vt 0.46400500 0.96708500
vt 0.56932600 0.55979000
vt 0.11340700 0.75406300
vt 0.33386900 0.82606300
vt 0.16823800 0.19043100
vt 0.34991200 0.87715900
vt 0.31126900 0.79690700
vt 0.28797100 0.19567900
vt 0.13317800 0.26341500
vt 0.92255700 0.91558000
vt 0.32687200 0.19109600
vt 0.66455300 0.36273300
vt 0.36135200 0.90951700
vt 0.14672200 0.18861100
vt 0.25791200 0.18607600
vt 0.09371600 0.03708600
vt 0.63577000 0.34573300
vt 0.05870400 0.86620500
vt 0.90468800 0.35392200
vt 0.10847100 0.31937800
vt 0.05028400 0.14532200
vt 0.84388700 0.22192800
vt 0.30001800 0.24932800
vt 0.36908900 0.15293800
vt 0.32715000 0.86333000
vt 0.56992600 0.93175100
vt 0.13765300 0.27836500
vt 0.64908900 0.28740300
vt 0.65538500 0.31313800
vt 0.29899800 0.20595600
vt 0.36227100 0.20721300
vt 0.47697900 0.69157000
vt 0.54524400 0.89103200
vt 0.34728000 0.75306700
vt 0.35969000 0.23650800
vt 0.89403300 0.83561500
vt 0.29555200 0.81006600
vt 0.84058900 0.29754400
vt 0.63379300 0.15992700
vt 0.30999000 0.65812600
vt 0.29899800 0.86752500
vt 0.12549200 0.86581300
vt 0.18315100 0.16097500
vt 0.72645200 0.31919600
vt 0.47068300 0.21748900
vt 0.35538000 0.12936700
vt 0.81430900 0.18909300
vt 0.08812200 0.75306700
vt 0.83075900 0.50477300
vt 0.46438700 0.26854000
vt 0.27764400 0.21073200
vt 0.45742000 0.10348200
vt 0.34637100 0.89450400
vt 0.31312200 0.82698100
vt 0.72658200 0.09536800
vt 0.81614000 0.29381200
vt 0.25632300 0.91840800
vt 0.45742000 0.18749900
vt 0.34453600 0.79511600
vt 0.29199100 0.65812600
vt 0.45742000 0.44976500
vt 0.92035600 0.96912600
vt 0.92073300 0.81599200
vt 0.64279300 0.31313800
vt 0.33860100 0.86217300
vt 0.30763500 0.85961200
vt 0.64794100 0.17083100
vt 0.34710100 0.82370600
vt 0.11851400 0.81543600
vt 0.83362200 0.34542200
vt 0.26705500 0.24977600
vt 0.45949700 0.85488700
vt 0.27273000 0.03718800
vt 0.28072200 0.86144600
vt 0.13154400 0.65812600
vt 0.09430400 0.86748000
vt 0.24502100 0.87920600
vt 0.45949700 0.22569100
vt 0.57122100 0.20434600
vt 0.16402200 0.94521500
vt 0.81189200 0.22269900
vt 0.04231700 0.23650800
vt 0.48186900 0.26864000
vt 0.11297000 0.82769000
vt 0.91898800 0.82551300
vt 0.57014900 0.94571000
vt 0.14124300 0.26341500
vt 0.12469000 0.19558100
vt 0.48186900 0.17699600
vt 0.91339000 0.92377600
vt 0.13315100 0.27836500
vt 0.92132500 0.94802000
vt 0.06041200 0.89683500
vt 0.89163000 0.96982200
vt 0.89209300 0.81584200
vt 0.07220900 0.27836500
vt 0.48186900 0.31270900
vt 0.90719300 0.21596900
vt 0.04517200 0.15507300
vt 0.30163600 0.75306700
vt 0.76264100 0.91769400
vt 0.07901200 0.87616300
vt 0.47068300 0.20838700
vt 0.26035700 0.15528900
vt 0.89172400 0.63739500
vt 0.34125600 0.65812600
vt 0.63488300 0.57569100
vt 0.03764700 0.18608500
vt 0.14370200 0.24977600
vt 0.13549300 0.17317400
vt 0.66340500 0.14764400
vt 0.84279000 0.36273300
vt 0.04417200 0.21127000
vt 0.09705400 0.23668100
vt 0.35384700 0.10932100
vt 0.04881500 0.93094600
vt 0.92069100 0.94825000
vt 0.07704900 0.19434500
vt 0.66340500 0.20721900
vt 0.84366600 0.16863400
vt 0.13685900 0.17487700
vt 0.27212200 0.20695000
vt 0.45771800 0.09771500
vt 0.35107800 0.20330200
vt 0.36701000 0.94476300
vt 0.83362200 0.31927500
vt 0.48087000 0.96503000
vt 0.13549300 0.90030700
vt 0.63362500 0.34313300
vt 0.12846400 0.41535500
vt 0.69743800 0.81716100
vt 0.13563700 0.79511600
vt 0.10698700 0.82122600
vt 0.35055000 0.11713000
vt 0.32701800 0.87149600
vt 0.73763700 0.18001200
vt 0.73872700 0.36273200
vt 0.81720800 0.22841300
vt 0.84148800 0.36042300
vt 0.03702600 0.87921700
vt 0.36944100 0.16304500
vt 0.14159800 0.95665600
vt 0.63481100 0.07395800
vt 0.69984500 0.43877000
vt 0.10360900 0.87626800
vt 0.16452200 0.91141300
vt 0.82314800 0.10202400
vt 0.47068300 0.86713500
vt 0.13317800 0.81006600
vt 0.47697900 0.26854000
vt 0.05318200 0.91840800
vt 0.89272900 0.83558100
vt 0.08118100 0.75306700
vt 0.63494100 0.31292700
vt 0.33938600 0.53674100
vt 0.46438700 0.28266000
vt 0.81317800 0.31941800
vt 0.11851400 0.25804600
vt 0.90707700 0.13289000
vt 0.91521800 0.85299100
vt 0.64164500 0.19840700
vt 0.47068300 0.85480200
vt 0.81071400 0.10202400
vt 0.26114500 0.14532200
vt 0.89163000 0.64739300
vt 0.39369100 0.14989200
vt 0.54919200 0.29058400
vt 0.10186100 0.25378300
vt 0.05861200 0.86653100
vt 0.90553900 0.35379600
vt 0.66027500 0.33433000
vt 0.27444800 0.86786200
vt 0.27699700 0.82370600
vt 0.33795200 0.79570600
vt 0.63668800 0.43828000
vt 0.66323700 0.32521500
vt 0.32648000 0.82768900
vt 0.12927100 0.65812600
vt 0.11274600 0.81868800
vt 0.34418800 0.82370600
vt 0.89383100 0.93157400
vt 0.06689800 0.23698400
vt 0.66235100 0.33465100
vt 0.28092400 0.81006600
vt 0.47068300 0.90834000
vt 0.13229400 0.89739400
vt 0.63362500 0.34628800
vt 0.54677300 0.16702400
vt 0.90079700 0.92377600
vt 0.13255900 0.10421100
vt 0.72814600 0.11965700
vt 0.92167000 0.94834000
vt 0.12908500 0.32041500
vt 0.14132900 0.14294500
vt 0.84058800 0.33317400
vt 0.04671100 0.87931400
vt 0.31713800 0.53674100
vt 0.08565000 0.85439600
vt 0.36001400 0.18679800
vt 0.13464000 0.18765000
vt 0.74738100 0.09536800
vt 0.74996300 0.26887800
vt 0.36632500 0.95778400
vt 0.95732000 0.74325900
vt 0.13309800 0.85322000
vt 0.35239100 0.90235100
vt 0.26231900 0.14253500
vt 0.38589000 0.91216200
vt 0.65423700 0.19840700
vt 0.14732000 0.87943000
vt 0.11336900 0.19109600
vt 0.66340500 0.17099000
vt 0.13980400 0.90859800
vt 0.63362500 0.33453100
vt 0.37095800 0.92090200
vt 0.35384700 0.96416000
vt 0.10360600 0.41535500
vt 0.34205400 0.53674100
vt 0.63247700 0.69676400
vt 0.56914400 0.20746400
vt 0.16745200 0.94530300
vt 0.95514400 0.54126800
vt 0.04728600 0.93680800
vt 0.48258600 0.96714800
vt 0.28681800 0.19464600
vt 0.36217300 0.85080800
vt 0.89383100 0.92352500
vt 0.54677300 0.16506200
vt 0.66027500 0.27491900
vt 0.89251700 0.94834000
vt 0.04483700 0.19540200
vt 0.14163500 0.91783700
vt 0.63362500 0.32517700
vt 0.34364300 0.32041500
vt 0.82918100 0.46275800
vt 0.09205800 0.79511600
vt 0.29135400 0.20499700
vt 0.90473300 0.21559600
vt 0.04685500 0.15528900
vt 0.55435400 0.31340100
vt 0.63790300 0.32534100
vt 0.26739100 0.23662700
vt 0.07211800 0.87029100
vt 0.47068300 0.19801700
vt 0.54565700 0.09482500
vt 0.34809300 0.10792000
vt 0.31715300 0.87888600
vt 0.63247700 0.18089600
vt 0.36614400 0.14133800
vt 0.07410100 0.85685500
vt 0.63377900 0.15105800
vt 0.09441500 0.85445100
vt 0.13973500 0.95653200
vt 0.63247700 0.07556000
vt 0.73758600 0.30799700
vt 0.32085200 0.25446400
vt 0.34978300 0.12968200
vt 0.66455300 0.29971500
vt 0.27386600 0.88066200
vt 0.47068300 0.88033100
vt 0.39565200 0.03708600
vt 0.66240700 0.34063400
vt 0.46438700 0.44955500
vt 0.89488900 0.83571800
vt 0.37727800 0.17430400
vt 0.55862800 0.89067200
vt 0.26825700 0.20033000
vt 0.25878300 0.14445700
vt 0.45742000 0.95923200
vt 0.04670000 0.92902400
vt 0.89408600 0.72291800
vt 0.35482700 0.93053600
vt 0.69782300 0.96982200
vt 0.12461000 0.26252000
vt 0.90709300 0.93986400
vt 0.12410400 0.18651500
vt 0.04417200 0.86221100
vt 0.34770800 0.96684500
vt 0.89412100 0.45400800
vt 0.25252500 0.22267400
vt 0.33860200 0.21130800
vt 0.30887400 0.22664200
vt 0.30744300 0.82549600
vt 0.84146700 0.22266600
vt 0.56039900 0.33047600
vt 0.29024100 0.87945900
vt 0.81277300 0.16901200
vt 0.63370900 0.20724300
vt 0.81401700 0.16876200
vt 0.05011700 0.19383000
vt 0.81414800 0.21166600
vt 0.07211800 0.20319000
vt 0.55179400 0.46638300
vt 0.10186100 0.81969900
vt 0.29818800 0.65812600
vt 0.36735800 0.22267400
vt 0.74396900 0.33223800
vt 0.06174900 0.22457800
vt 0.07854900 0.27836500
vt 0.36740800 0.91020700
vt 0.92126300 0.95161900
vt 0.25820500 0.16616400
vt 0.89297600 0.62639500
vt 0.45949700 0.95911900
vt 0.32216200 0.41535500
vt 0.14512300 0.88838600
vt 0.90079700 0.95864600
vt 0.31693500 0.86055900
vt 0.26947200 0.88772600
vt 0.13159700 0.75306700
vt 0.36875300 0.86592100
vt 0.26035700 0.91819200
vt 0.89172500 0.53406500
vt 0.34672700 0.10819700
vt 0.34998500 0.96624400
vt 0.82896200 0.59782800
vt 0.08822300 0.65812600
vt 0.13438000 0.95617100
vt 0.63247700 0.28753100
vt 0.56692600 0.31352500
vt 0.25611600 0.17680700
vt 0.89439400 0.61563300
vt 0.30055500 0.84680800
vt 0.14098800 0.89349500
vt 0.66323700 0.27884200
vt 0.26309800 0.91754300
vt 0.26202700 0.93608100
vt 0.90502300 0.05812700
vt 0.81353900 0.23004700
vt 0.89439300 0.51633300
vt 0.57122100 0.17283800
vt 0.13859800 0.96702000
vt 0.54469600 0.16558100
vt 0.34493800 0.10474600
vt 0.66235100 0.27524000
vt 0.15436800 0.93238700
vt 0.34392900 0.81006600
vt 0.10863100 0.53674100
vt 0.82732600 0.30646300
vt 0.47068300 0.93686100
vt 0.04483700 0.87807900
vt 0.47697900 0.44955500
vt 0.03167000 0.04330400
vt 0.66125900 0.15109700
vt 0.37262500 0.12843800
vt 0.06403200 0.19748800
vt 0.17172600 0.93416200
vt 0.74434900 0.28417000
vt 0.54742500 0.89068400
vt 0.26518000 0.87220400
vt 0.96862400 0.05812700
vt 0.63582600 0.31301700
vt 0.76628400 0.45079500
vt 0.30701900 0.27791700
vt 0.08476100 0.27836500
vt 0.15558800 0.15293800
vt 0.66235100 0.35362000
vt 0.72928700 0.09536800
vt 0.25252500 0.85080800
vt 0.15495300 0.17562400
vt 0.34666000 0.27836500
vt 0.47068300 0.29715100
vt 0.72658200 0.11759400
vt 0.83851200 0.29381200
vt 0.33760200 0.18651500
vt 0.03702600 0.19426400
vt 0.13018700 0.65812600
vt 0.63467800 0.17093500
vt 0.33203500 0.25804600
vt 0.04671100 0.19416700
vt 0.47068300 0.57051000
vt 0.81406300 0.35482100
vt 0.33348100 0.04092300
vt 0.06413200 0.21073200
vt 0.34961300 0.81006600
vt 0.95686800 0.67126000
vt 0.82918100 0.96944800
vt 0.09205800 0.27836500
vt 0.46438700 0.89229600
vt 0.91339000 0.96842900
vt 0.91373600 0.81614200
vt 0.06689800 0.83649700
vt 0.81317800 0.35481000
vt 0.84147400 0.29785000
vt 0.82103000 0.29368400
vt 0.72645200 0.10022600
vt 0.73139700 0.33223600
vt 0.11321900 0.23605100
vt 0.55231400 0.39503300
vt 0.92403300 0.85019200
vt 0.26215400 0.13926800
vt 0.89272000 0.65351600
vt 0.25384600 0.90731700
vt 0.33899500 0.86581300
vt 0.74541700 0.11965700
vt 0.15083800 0.11598900
vt 0.82112100 0.22243300
vt 0.66235100 0.29974300
vt 0.63582600 0.36199900
vt 0.89383100 0.91585500
vt 0.28193500 0.20982400
vt 0.08969100 0.23706000
vt 0.13561800 0.11033600
vt 0.95497900 0.44854000
vt 0.39232100 0.17400700
vt 0.47068300 0.22554900
vt 0.26598700 0.87081800
vt 0.96747500 0.05668400
vt 0.82130600 0.18894800
vt 0.54469600 0.46680400
vt 0.34728000 0.32041500
vt 0.84152000 0.20033800
vt 0.37302200 0.14036300
vt 0.33737800 0.22222900
vt 0.13406600 0.53674100
vt 0.57146900 0.67912200
vt 0.36846000 0.17562400
vt 0.55837200 0.67849700
vt 0.84363900 0.16939000
vt 0.07642200 0.19369900
vt 0.06174900 0.84890300
vt 0.13359200 0.82370600
vt 0.47736100 0.16944300
vt 0.55932700 0.95785000
vt 0.63675500 0.15985300
vt 0.09242100 0.04017500
vt 0.63730700 0.34264500
vt 0.56425500 0.20850300
vt 0.31692200 0.21554000
vt 0.73177700 0.28416700
vt 0.07785000 0.53674100
vt 0.48394500 0.57072400
vt 0.81641400 0.18898400
vt 0.11346900 0.22483200
vt 0.30999000 0.53674100
vt 0.82103000 0.29713700
vt 0.63488300 0.95414100
vt 0.95732000 0.75548700
vt 0.73450800 0.09536800
vt 0.39667000 0.04330400
vt 0.66240700 0.34573300
vt 0.31692200 0.85794100
vt 0.39234000 0.16102500
vt 0.37651900 0.92197900
vt 0.30923000 0.26576600
vt 0.76460300 0.43842600
vt 0.33203400 0.81543600
vt 0.26260000 0.14791700
vt 0.91827900 0.96860300
vt 0.91862800 0.81610400
vt 0.55814100 0.42482100
vt 0.69804000 0.95388200
vt 0.12645600 0.27836500
vt 0.13183800 0.10510100
vt 0.95701400 0.44256300
vt 0.84147400 0.29458500
vt 0.07785500 0.20499700
vt 0.32626700 0.25479300
vt 0.34125600 0.53674100
vt 0.63488300 0.69669900
vt 0.46438700 0.23279600
vt 0.09645800 0.41535500
vt 0.08517600 0.85692500
vt 0.47697900 0.89229600
vt 0.09899200 0.81430200
vt 0.27184900 0.89681500
vt 0.07285500 0.26341500
vt 0.35702900 0.22221300
vt 0.38927600 0.13926800
vt 0.54677300 0.21921400
vt 0.54892700 0.28102700
vt 0.73134100 0.18001200
vt 0.73244100 0.36273100
vt 0.37398700 0.88302900
vt 0.72645200 0.11273600
vt 0.83362200 0.29368400
vt 0.12927100 0.41535500
vt 0.13466900 0.23604700
vt 0.56488500 0.39515800
vt 0.35686500 0.15530600
vt 0.92255700 0.94794300
vt 0.29055500 0.19434500
vt 0.17598400 0.14996600
vt 0.92255700 0.92327400
vt 0.31715300 0.19459600
vt 0.35055000 0.95635100
vt 0.64794100 0.20658700
vt 0.83369300 0.22243300
vt 0.32152400 0.79926400
vt 0.34911700 0.96314500
vt 0.89186800 0.45012700
vt 0.33742100 0.18349300
vt 0.66455300 0.35432800
vt 0.13189200 0.53674100
vt 0.65912600 0.18984600
vt 0.63459400 0.20487100
vt 0.96962500 0.22809500
vt 0.27184900 0.17666600
vt 0.74738100 0.11759400
vt 0.72762700 0.26887300
vt 0.15280500 0.11569700
vt 0.92502200 0.84457800
vt 0.26378600 0.14532200
vt 0.26739100 0.83685500
vt 0.08732500 0.65812600
vt 0.83071400 0.59802000
vt 0.47068300 0.28266000
vt 0.13013400 0.32041500
vt 0.28797100 0.87780200
vt 0.37525000 0.86592700
vt 0.04613200 0.23650800
vt 0.83387800 0.18894800
vt 0.34108800 0.79511600
vt 0.31701600 0.20506800
vt 0.54469600 0.16730800
vt 0.34724000 0.10365900
vt 0.16377000 0.17430400
vt 0.06756900 0.18543500
vt 0.84324400 0.17922300
vt 0.13464000 0.88583100
vt 0.37200500 0.85080800
vt 0.33938600 0.41535500
vt 0.13814700 0.83708900
vt 0.36456600 0.90018100
vt 0.33350300 0.31982500
vt 0.37753300 0.94521500
vt 0.35560600 0.23650800
vt 0.13067800 0.82370600
vt 0.25623600 0.18607800
vt 0.34961300 0.26341500
vt 0.15911600 0.12843800
vt 0.11336900 0.88238500
vt 0.63362500 0.36273300
vt 0.89163000 0.91558000
vt 0.63494100 0.36255000
vt 0.89294500 0.91564900
vt 0.54712100 0.40948300
vt 0.35476400 0.26341500
vt 0.13183800 0.96838100
vt 0.63467000 0.08728800
vt 0.63494100 0.27556000
vt 0.81670600 0.17899100
vt 0.36135200 0.16396400
vt 0.25768700 0.86221100
vt 0.15558800 0.92054300
vt 0.08136400 0.41535500
vt 0.35960000 0.94435000
vt 0.89167300 0.42965100
vt 0.32630300 0.25254300
f 2232/2232 1219/1219 2510/2510
f 2510/2510 1564/1564 2232/2232
f 2232/2232 1564/1564 2548/2548
f 2548/2548 1646/1646 2232/2232
f 2232/2232 1646/1646 1488/1488
f 1488/1488 2029/2029 2232/2232
f 2232/2232 2029/2029 1723/1723
f 1723/1723 1219/1219 2232/2232
f 2662/2662 1485/1485 608/608
f 608/608 692/692 2662/2662
f 2662/2662 692/692 1331/1331
f 1331/1331 1603/1603 2662/2662
f 2662/2662 1603/1603 699/699
f 699/699 101/101 2662/2662
f 2662/2662 101/101 1123/1123
f 1123/1123 1485/1485 2662/2662
f 1398/1398 2227/2227 1657/1657
f 1657/1657 1276/1276 1398/1398
f 1398/1398 1276/1276 1923/1923
f 1923/1923 2350/2350 1398/1398
f 1398/1398 2350/2350 195/195
f 195/195 716/716 1398/1398
f 1398/1398 716/716 1117/1117
f 1117/1117 2227/2227 1398/1398
f 868/868 2122/2122 806/806
f 806/806 78/78 868/868
f 868/868 78/78 1903/1903
f 1903/1903 1973/1973 868/868
f 868/868 1973/1973 1923/1923
f 1923/1923 1276/1276 868/868
f 868/868 1276/1276 1657/1657
f 1657/1657 2122/2122 868/868
f 904/904 1877/1877 937/937
f 937/937 2051/2051 904/904
f 904/904 2051/2051 815/815
f 815/815 2308/2308 904/904
f 904/904 2308/2308 2198/2198
f 2198/2198 2481/2481 904/904
f 904/904 2481/2481 2239/2239
f 2239/2239 1877/1877 904/904
f 1385/1385 1706/1706 886/886
f 886/886 236/236 1385/1385
f 1385/1385 236/236 1625/1625
f 1625/1625 2210/2210 1385/1385
f 1385/1385 2210/2210 2002/2002
f 2002/2002 2346/2346 1385/1385
f 1385/1385 2346/2346 2677/2677
f 2677/2677 1706/1706 1385/1385
f 1885/1885 2210/2210 1625/1625
f 1625/1625 648/648 1885/1885
f 1885/1885 648/648 2273/2273
f 2273/2273 775/775 1885/1885
f 1885/1885 775/775 1337/1337
f 1337/1337 1825/1825 1885/1885
f 1885/1885 1825/1825 2002/2002
f 2002/2002 2210/2210 1885/1885
f 2177/2177 2350/2350 1923/1923
f 1923/1923 1501/1501 2177/2177
f 2177/2177 1501/1501 612/612
f 612/612 207/207 2177/2177
f 2177/2177 207/207 140/140
f 140/140 901/901 2177/2177
f 2177/2177 901/901 195/195
f 195/195 2350/2350 2177/2177
f 787/787 1603/1603 1331/1331
f 1331/1331 167/167 787/787
f 787/787 167/167 674/674
f 674/674 2347/2347 787/787
f 787/787 2347/2347 1816/1816
f 1816/1816 54/54 787/787
f 787/787 54/54 699/699
f 699/699 1603/1603 787/787
f 2456/2456 236/236 886/886
f 886/886 1935/1935 2456/2456
f 2456/2456 1935/1935 1657/1657
f 1657/1657 2227/2227 2456/2456
f 2456/2456 2227/2227 1117/1117
f 1117/1117 1798/1798 2456/2456
f 2456/2456 1798/1798 1625/1625
f 1625/1625 236/236 2456/2456
f 2180/2180 2099/2099 2045/2045
f 2045/2045 10/10 2180/2180
f 2180/2180 10/10 608/608
f 608/608 1485/1485 2180/2180
f 2180/2180 1485/1485 1123/1123
f 1123/1123 1483/1483 2180/2180
f 2180/2180 1483/1483 1675/1675
f 1675/1675 2099/2099 2180/2180
f 1267/1267 2499/2499 525/525
f 525/525 55/55 1267/1267
f 1267/1267 55/55 2639/2639
f 2639/2639 1452/1452 1267/1267
f 1267/1267 1452/1452 177/177
f 177/177 170/170 1267/1267
f 1267/1267 170/170 2485/2485
f 2485/2485 2499/2499 1267/1267
f 2155/2155 1241/1241 525/525
f 525/525 2499/2499 2155/2155
f 2155/2155 2499/2499 2485/2485
f 2485/2485 934/934 2155/2155
f 2155/2155 934/934 2079/2079
f 2079/2079 1241/1241 2155/2155
f 1174/1174 957/957 1723/1723
f 1723/1723 2029/2029 1174/1174
f 1174/1174 2029/2029 1488/1488
f 1488/1488 1929/1929 1174/1174
f 1174/1174 1929/1929 362/362
f 362/362 60/60 1174/1174
f 1174/1174 60/60 116/116
f 116/116 957/957 1174/1174
f 456/456 477/477 699/699
f 699/699 54/54 456/456
f 456/456 54/54 1816/1816
f 1816/1816 1931/1931 456/456
f 456/456 1931/1931 2328/2328
f 2328/2328 846/846 456/456
f 456/456 846/846 827/827
f 827/827 477/477 456/456
f 1731/1731 1957/1957 1123/1123
f 1123/1123 101/101 1731/1731
f 1731/1731 101/101 699/699
f 699/699 477/477 1731/1731
f 1731/1731 477/477 827/827
f 827/827 2087/2087 1731/1731
f 1731/1731 2087/2087 2370/2370
f 2370/2370 1957/1957 1731/1731
f 2213/2213 561/561 1675/1675
f 1675/1675 1483/1483 2213/2213
f 2213/2213 1483/1483 1123/1123
f 1123/1123 1957/1957 2213/2213
f 2213/2213 1957/1957 2370/2370
f 2370/2370 2608/2608 2213/2213
f 2213/2213 2608/2608 898/898
f 898/898 561/561 2213/2213
f 2468/2468 775/775 2273/2273
f 2273/2273 672/672 2468/2468
f 2468/2468 672/672 653/653
f 653/653 597/597 2468/2468
f 2468/2468 597/597 336/336
f 336/336 433/433 2468/2468
f 2468/2468 433/433 1337/1337
f 1337/1337 775/775 2468/2468
f 2436/2436 1168/1168 2544/2544
f 2544/2544 1135/1135 2436/2436
f 2436/2436 1135/1135 171/171
f 171/171 1512/1512 2436/2436
f 2436/2436 1512/1512 155/155
f 155/155 2125/2125 2436/2436
f 2436/2436 2125/2125 426/426
f 426/426 1168/1168 2436/2436
f 1591/1591 1512/1512 171/171
f 171/171 1917/1917 1591/1591
f 1591/1591 1917/1917 2535/2535
f 2535/2535 1159/1159 1591/1591
f 1591/1591 1159/1159 325/325
f 325/325 1975/1975 1591/1591
f 1591/1591 1975/1975 155/155
f 155/155 1512/1512 1591/1591
f 2329/2329 2223/2223 902/902
f 902/902 890/890 2329/2329
f 2329/2329 890/890 325/325
f 325/325 1159/1159 2329/2329
f 2329/2329 1159/1159 2535/2535
f 2535/2535 2680/2680 2329/2329
f 2329/2329 2680/2680 923/923
f 923/923 2223/2223 2329/2329
f 1031/1031 391/391 1623/1623
f 1623/1623 1615/1615 1031/1031
f 1031/1031 1615/1615 69/69
f 69/69 876/876 1031/1031
f 1031/1031 876/876 2276/2276
f 2276/2276 2417/2417 1031/1031
f 1031/1031 2417/2417 1788/1788
f 1788/1788 391/391 1031/1031
f 1463/1463 1471/1471 500/500
f 500/500 1967/1967 1463/1463
f 1463/1463 1967/1967 1623/1623
f 1623/1623 391/391 1463/1463
f 1463/1463 391/391 1788/1788
f 1788/1788 112/112 1463/1463
f 1463/1463 112/112 130/130
f 130/130 1471/1471 1463/1463
f 2570/2570 1613/1613 293/293
f 293/293 1279/1279 2570/2570
f 2570/2570 1279/1279 1544/1544
f 1544/1544 99/99 2570/2570
f 2570/2570 99/99 1515/1515
f 1515/1515 449/449 2570/2570
f 2570/2570 449/449 2311/2311
f 2311/2311 1613/1613 2570/2570
f 178/178 99/99 1544/1544
f 1544/1544 1599/1599 178/178
f 178/178 1599/1599 1292/1292
f 1292/1292 2582/2582 178/178
f 178/178 2582/2582 2606/2606
f 2606/2606 498/498 178/178
f 178/178 498/498 1515/1515
f 1515/1515 99/99 178/178
f 1779/1779 365/365 731/731
f 731/731 490/490 1779/1779
f 1779/1779 490/490 2240/2240
f 2240/2240 857/857 1779/1779
f 1779/1779 857/857 41/41
f 41/41 739/739 1779/1779
f 1779/1779 739/739 1329/1329
f 1329/1329 365/365 1779/1779
f 809/809 857/857 2240/2240
f 2240/2240 1597/1597 809/809
f 809/809 1597/1597 479/479
f 479/479 234/234 809/809
f 809/809 234/234 1662/1662
f 1662/1662 2598/2598 809/809
f 809/809 2598/2598 41/41
f 41/41 857/857 809/809
f 1142/1142 2162/2162 811/811
f 811/811 330/330 1142/1142
f 1142/1142 330/330 1663/1663
f 1663/1663 235/235 1142/1142
f 1142/1142 235/235 480/480
f 480/480 1933/1933 1142/1142
f 1142/1142 1933/1933 1914/1914
f 1914/1914 2162/2162 1142/1142
f 2034/2034 1171/1171 640/640
f 640/640 131/131 2034/2034
f 2034/2034 131/131 811/811
f 811/811 2162/2162 2034/2034
f 2034/2034 2162/2162 1914/1914
f 1914/1914 740/740 2034/2034
f 2034/2034 740/740 897/897
f 897/897 1171/1171 2034/2034
f 1122/1122 2609/2609 535/535
f 535/535 515/515 1122/1122
f 1122/1122 515/515 640/640
f 640/640 1171/1171 1122/1122
f 1122/1122 1171/1171 897/897
f 897/897 2512/2512 1122/1122
f 1122/1122 2512/2512 1330/1330
f 1330/1330 2609/2609 1122/1122
f 248/248 1841/1841 560/560
f 560/560 1659/1659 248/248
f 248/248 1659/1659 803/803
f 803/803 2088/2088 248/248
f 248/248 2088/2088 2612/2612
f 2612/2612 2531/2531 248/248
f 248/248 2531/2531 1761/1761
f 1761/1761 1841/1841 248/248
f 358/358 2088/2088 803/803
f 803/803 1762/1762 358/358
f 357/357 1763/1763 1231/1231
f 1231/1231 2521/2521 357/357
f 357/357 2521/2521 1056/1056
f 1056/1056 2375/2375 357/357
f 358/358 2374/2374 2612/2612
f 2612/2612 2088/2088 358/358
f 1940/1940 2521/2521 1231/1231
f 1231/1231 656/656 1940/1940
f 1940/1940 656/656 2428/2428
f 2428/2428 1040/1040 1940/1940
f 1940/1940 1040/1040 1694/1694
f 1694/1694 175/175 1940/1940
f 1940/1940 175/175 1056/1056
f 1056/1056 2521/2521 1940/1940
f 1718/1718 1040/1040 2428/2428
f 2428/2428 412/412 1718/1718
f 1718/1718 412/412 1182/1182
f 1182/1182 2470/2470 1718/1718
f 1718/1718 2470/2470 1965/1965
f 1965/1965 870/870 1718/1718
f 1718/1718 870/870 1694/1694
f 1694/1694 1040/1040 1718/1718
f 697/697 2470/2470 1182/1182
f 1182/1182 2067/2067 697/697
f 697/697 2067/2067 2310/2310
f 2310/2310 908/908 697/697
f 697/697 908/908 782/782
f 782/782 1504/1504 697/697
f 697/697 1504/1504 1965/1965
f 1965/1965 2470/2470 697/697
f 386/386 907/907 2309/2309
f 2309/2309 1742/1742 386/386
f 386/386 1742/1742 1767/1767
f 1767/1767 359/359 386/386
f 386/386 359/359 1608/1608
f 1608/1608 373/373 386/386
f 386/386 373/373 781/781
f 781/781 907/907 386/386
f 1217/1217 360/360 1768/1768
f 1768/1768 2597/2597 1217/1217
f 1217/1217 2597/2597 198/198
f 198/198 1547/1547 1217/1217
f 1217/1217 1547/1547 909/909
f 909/909 1302/1302 1217/1217
f 1217/1217 1302/1302 1610/1610
f 1610/1610 360/360 1217/1217
f 1400/1400 1547/1547 198/198
f 198/198 58/58 1400/1400
f 1400/1400 58/58 2439/2439
f 2439/2439 1053/1053 1400/1400
f 1400/1400 1053/1053 2522/2522
f 2522/2522 1900/1900 1400/1400
f 1400/1400 1900/1900 909/909
f 909/909 1547/1547 1400/1400
f 578/578 1053/1053 2439/2439
f 2439/2439 1960/1960 578/578
f 578/578 1960/1960 2591/2591
f 2591/2591 1209/1209 578/578
f 578/578 1209/1209 1392/1392
f 1392/1392 50/50 578/578
f 578/578 50/50 2522/2522
f 2522/2522 1053/1053 578/578
f 417/417 1964/1964 500/500
f 500/500 1471/1471 417/417
f 417/417 1471/1471 130/130
f 130/130 1233/1233 417/417
f 416/416 1232/1232 293/293
f 293/293 1613/1613 416/416
f 416/416 1613/1613 2311/2311
f 2311/2311 556/556 416/416
f 418/418 555/555 2501/2501
f 2501/2501 1963/1963 418/418
f 2123/2123 2298/2298 2073/2073
f 2073/2073 371/371 2123/2123
f 2123/2123 371/371 2451/2451
f 2451/2451 2488/2488 2123/2123
f 2123/2123 2488/2488 2389/2389
f 2389/2389 1539/1539 2123/2123
f 2123/2123 1539/1539 2068/2068
f 2068/2068 2298/2298 2123/2123
f 92/92 889/889 903/903
f 903/903 380/380 92/92
f 92/92 380/380 2677/2677
f 2677/2677 2346/2346 92/92
f 92/92 2346/2346 2002/2002
f 2002/2002 2357/2357 92/92
f 92/92 2357/2357 324/324
f 324/324 889/889 92/92
f 2149/2149 1825/1825 1337/1337
f 1337/1337 1606/1606 2149/2149
f 2149/2149 1606/1606 154/154
f 154/154 1974/1974 2149/2149
f 2149/2149 1974/1974 324/324
f 324/324 2357/2357 2149/2149
f 2149/2149 2357/2357 2002/2002
f 2002/2002 1825/1825 2149/2149
f 2233/2233 433/433 336/336
f 336/336 1396/1396 2233/2233
f 2234/2234 1397/1397 426/426
f 426/426 2125/2125 2234/2234
f 2234/2234 2125/2125 155/155
f 155/155 1607/1607 2234/2234
f 2233/2233 1606/1606 1337/1337
f 1337/1337 433/433 2233/2233
f 196/196 1900/1900 2522/2522
f 2522/2522 2206/2206 196/196
f 197/197 2207/2207 1488/1488
f 1488/1488 1646/1646 197/197
f 197/197 1646/1646 2548/2548
f 2548/2548 257/257 197/197
f 197/197 257/257 910/910
f 910/910 1901/1901 197/197
f 1338/1338 50/50 1392/1392
f 1392/1392 296/296 1338/1338
f 1339/1339 297/297 362/362
f 362/362 1929/1929 1339/1339
f 1339/1339 1929/1929 1488/1488
f 1488/1488 2207/2207 1339/1339
f 1338/1338 2206/2206 2522/2522
f 2522/2522 50/50 1338/1338
f 821/821 882/882 2116/2116
f 2116/2116 1486/1486 821/821
f 821/821 1486/1486 1329/1329
f 1329/1329 739/739 821/821
f 821/821 739/739 41/41
f 41/41 2541/2541 821/821
f 821/821 2541/2541 1748/1748
f 1748/1748 882/882 821/821
f 2047/2047 936/936 1809/1809
f 1809/1809 2464/2464 2047/2047
f 2047/2047 2464/2464 1515/1515
f 1515/1515 498/498 2047/2047
f 2047/2047 498/498 2606/2606
f 2606/2606 2220/2220 2047/2047
f 2047/2047 2220/2220 184/184
f 184/184 936/936 2047/2047
f 2566/2566 1614/1614 1622/1622
f 1622/1622 2230/2230 2566/2566
f 2566/2566 2230/2230 595/595
f 595/595 1812/1812 2566/2566
f 2566/2566 1812/1812 1434/1434
f 1434/1434 2091/2091 2566/2566
f 2566/2566 2091/2091 68/68
f 68/68 1614/1614 2566/2566
f 507/507 1221/1221 2068/2068
f 2068/2068 2699/2699 507/507
f 507/507 2699/2699 1057/1057
f 1057/1057 174/174 507/507
f 507/507 174/174 1695/1695
f 1695/1695 356/356 507/507
f 507/507 356/356 181/181
f 181/181 1221/1221 507/507
f 73/73 783/783 2502/2502
f 2502/2502 556/556 73/73
f 73/73 556/556 2311/2311
f 2311/2311 449/449 73/73
f 73/73 449/449 1515/1515
f 1515/1515 2464/2464 73/73
f 73/73 2464/2464 1809/1809
f 1809/1809 783/783 73/73
f 1922/1922 1967/1967 500/500
f 500/500 1964/1964 1922/1922
f 1921/1921 1962/1962 2500/2500
f 2500/2500 222/222 1921/1921
f 1921/1921 222/222 595/595
f 595/595 2230/2230 1921/1921
f 1922/1922 2231/2231 1623/1623
f 1623/1623 1967/1967 1922/1922
f 1354/1354 1539/1539 2389/2389
f 2389/2389 1520/1520 1354/1354
f 1355/1355 1518/1518 2611/2611
f 2611/2611 2377/2377 1355/1355
f 1354/1354 2376/2376 1057/1057
f 1057/1057 2699/2699 1354/1354
f 1354/1354 2699/2699 2068/2068
f 2068/2068 1539/1539 1354/1354
f 812/812 515/515 535/535
f 535/535 994/994 812/812
f 812/812 994/994 1918/1918
f 1918/1918 1108/1108 812/812
f 812/812 1108/1108 2330/2330
f 2330/2330 1771/1771 812/812
f 812/812 1771/1771 640/640
f 640/640 515/515 812/812
f 1349/1349 2488/2488 2451/2451
f 2451/2451 1141/1141 1349/1349
f 1348/1348 1140/1140 1761/1761
f 1761/1761 2531/2531 1348/1348
f 1348/1348 2531/2531 2612/2612
f 2612/2612 1519/1519 1348/1348
f 1349/1349 1520/1520 2389/2389
f 2389/2389 2488/2488 1349/1349
f 822/822 1582/1582 1331/1331
f 1331/1331 692/692 822/822
f 822/822 692/692 608/608
f 608/608 864/864 822/822
f 822/822 864/864 1117/1117
f 1117/1117 716/716 822/822
f 822/822 716/716 195/195
f 195/195 1582/1582 822/822
f 1703/1703 322/322 1817/1817
f 1817/1817 2348/2348 1703/1703
f 1703/1703 2348/2348 675/675
f 675/675 327/327 1703/1703
f 1703/1703 327/327 141/141
f 141/141 1455/1455 1703/1703
f 1703/1703 1455/1455 390/390
f 390/390 322/322 1703/1703
f 2620/2620 326/326 674/674
f 674/674 167/167 2620/2620
f 2620/2620 167/167 1331/1331
f 1331/1331 1582/1582 2620/2620
f 2620/2620 1582/1582 195/195
f 195/195 901/901 2620/2620
f 2620/2620 901/901 140/140
f 140/140 326/326 2620/2620
f 992/992 864/864 608/608
f 608/608 10/10 992/992
f 992/992 10/10 2045/2045
f 2045/2045 143/143 992/992
f 992/992 143/143 1625/1625
f 1625/1625 1798/1798 992/992
f 992/992 1798/1798 1117/1117
f 1117/1117 864/864 992/992
f 119/119 144/144 2046/2046
f 2046/2046 2098/2098 119/119
f 119/119 2098/2098 1676/1676
f 1676/1676 538/538 119/119
f 119/119 538/538 2274/2274
f 2274/2274 647/647 119/119
f 120/120 648/648 1625/1625
f 1625/1625 143/143 120/120
f 2279/2279 2632/2632 2328/2328
f 2328/2328 1931/1931 2279/2279
f 2279/2279 1931/1931 1816/1816
f 1816/1816 321/321 2279/2279
f 2280/2280 322/322 390/390
f 390/390 829/829 2280/2280
f 2280/2280 829/829 1319/1319
f 1319/1319 2633/2633 2280/2280
f 382/382 537/537 1675/1675
f 1675/1675 561/561 382/382
f 382/382 561/561 898/898
f 898/898 763/763 382/382
f 383/383 764/764 654/654
f 654/654 673/673 383/383
f 383/383 673/673 2274/2274
f 2274/2274 538/538 383/383
f 2558/2558 2609/2609 1330/1330
f 1330/1330 1268/1268 2558/2558
f 2559/2559 1269/1269 560/560
f 560/560 1841/1841 2559/2559
f 2559/2559 1841/1841 1761/1761
f 1761/1761 2228/2228 2559/2559
f 2558/2558 2229/2229 535/535
f 535/535 2609/2609 2558/2558
f 1875/1875 982/982 1918/1918
f 1918/1918 994/994 1875/1875
f 1875/1875 994/994 535/535
f 535/535 2229/2229 1875/1875
f 1873/1873 2228/2228 1761/1761
f 1761/1761 1140/1140 1873/1873
f 1874/1874 1141/1141 2451/2451
f 2451/2451 981/981 1874/1874
f 2659/2659 1883/1883 1095/1095
f 1095/1095 816/816 2659/2659
f 2659/2659 816/816 458/458
f 458/458 202/202 2659/2659
f 2659/2659 202/202 2663/2663
f 2663/2663 117/117 2659/2659
f 2659/2659 117/117 2720/2720
f 2720/2720 1883/1883 2659/2659
f 2686/2686 1454/1454 140/140
f 140/140 1020/1020 2686/2686
f 2686/2686 1020/1020 2510/2510
f 2510/2510 1219/1219 2686/2686
f 2686/2686 1219/1219 1723/1723
f 1723/1723 1150/1150 2686/2686
f 2686/2686 1150/1150 389/389
f 389/389 1454/1454 2686/2686
f 619/619 829/829 390/390
f 390/390 1151/1151 619/619
f 618/618 1150/1150 1723/1723
f 1723/1723 957/957 618/618
f 618/618 957/957 116/116
f 116/116 2391/2391 618/618
f 619/619 2392/2392 1319/1319
f 1319/1319 829/829 619/619
f 307/307 1313/1313 830/830
f 830/830 1229/1229 307/307
f 307/307 1229/1229 2548/2548
f 2548/2548 1564/1564 307/307
f 307/307 1564/1564 2510/2510
f 2510/2510 2241/2241 307/307
f 307/307 2241/2241 685/685
f 685/685 1313/1313 307/307
f 853/853 1221/1221 181/181
f 181/181 2617/2617 853/853
f 853/853 2617/2617 2388/2388
f 2388/2388 1908/1908 853/853
f 853/853 1908/1908 2073/2073
f 2073/2073 2298/2298 853/853
f 853/853 2298/2298 2068/2068
f 2068/2068 1221/1221 853/853
f 1078/1078 552/552 1609/1609
f 1609/1609 1301/1301 1078/1078
f 1078/1078 1301/1301 910/910
f 910/910 257/257 1078/1078
f 1078/1078 257/257 2548/2548
f 2548/2548 1229/1229 1078/1078
f 1078/1078 1229/1229 830/830
f 830/830 552/552 1078/1078
f 52/52 131/131 640/640
f 640/640 1771/1771 52/52
f 52/52 1771/1771 2330/2330
f 2330/2330 483/483 52/52
f 52/52 483/483 2082/2082
f 2082/2082 922/922 52/52
f 52/52 922/922 811/811
f 811/811 131/131 52/52
f 1878/1878 777/777 1410/1410
f 1410/1410 1581/1581 1878/1878
f 1878/1878 1581/1581 132/132
f 132/132 2445/2445 1878/1878
f 1878/1878 2445/2445 1095/1095
f 1095/1095 1883/1883 1878/1878
f 1878/1878 1883/1883 2720/2720
f 2720/2720 777/777 1878/1878
f 2353/2353 2007/2007 685/685
f 685/685 2241/2241 2353/2353
f 2353/2353 2241/2241 2510/2510
f 2510/2510 1020/1020 2353/2353
f 2353/2353 1020/1020 140/140
f 140/140 207/207 2353/2353
f 2353/2353 207/207 612/612
f 612/612 2007/2007 2353/2353
f 227/227 1479/1479 2226/2226
f 2226/2226 313/313 227/227
f 227/227 313/313 2179/2179
f 2179/2179 1705/1705 227/227
f 227/227 1705/1705 2198/2198
f 2198/2198 2308/2308 227/227
f 227/227 2308/2308 815/815
f 815/815 1479/1479 227/227
f 450/450 2238/2238 1350/1350
f 1350/1350 1458/1458 450/450
f 450/450 1458/1458 612/612
f 612/612 1501/1501 450/450
f 450/450 1501/1501 1923/1923
f 1923/1923 1973/1973 450/450
f 450/450 1973/1973 1903/1903
f 1903/1903 2238/2238 450/450
f 549/549 2381/2381 181/181
f 181/181 356/356 549/549
f 549/549 356/356 1695/1695
f 1695/1695 871/871 549/549
f 549/549 871/871 1966/1966
f 1966/1966 1598/1598 549/549
f 549/549 1598/1598 523/523
f 523/523 2381/2381 549/549
f 834/834 2598/2598 1662/1662
f 1662/1662 221/221 834/834
f 834/834 221/221 2424/2424
f 2424/2424 2212/2212 834/834
f 834/834 2212/2212 1748/1748
f 1748/1748 2541/2541 834/834
f 834/834 2541/2541 41/41
f 41/41 2598/2598 834/834
f 2399/2399 2484/2484 2683/2683
f 2683/2683 1526/1526 2399/2399
f 2399/2399 1526/1526 830/830
f 830/830 1313/1313 2399/2399
f 2399/2399 1313/1313 685/685
f 685/685 518/518 2399/2399
f 2399/2399 518/518 833/833
f 833/833 2484/2484 2399/2399
f 2647/2647 2484/2484 833/833
f 833/833 785/785 2647/2647
f 2647/2647 785/785 1896/1896
f 1896/1896 2040/2040 2647/2647
f 2647/2647 2040/2040 523/523
f 523/523 1556/1556 2647/2647
f 2647/2647 1556/1556 2683/2683
f 2683/2683 2484/2484 2647/2647
f 1969/1969 2381/2381 523/523
f 523/523 2040/2040 1969/1969
f 1969/1969 2040/2040 1896/1896
f 1896/1896 489/489 1969/1969
f 1969/1969 489/489 2388/2388
f 2388/2388 2617/2617 1969/1969
f 1969/1969 2617/2617 181/181
f 181/181 2381/2381 1969/1969
f 2694/2694 1983/1983 780/780
f 780/780 374/374 2694/2694
f 2694/2694 374/374 1609/1609
f 1609/1609 552/552 2694/2694
f 2694/2694 552/552 830/830
f 830/830 1526/1526 2694/2694
f 2694/2694 1526/1526 2683/2683
f 2683/2683 1983/1983 2694/2694
f 2012/2012 1598/1598 1966/1966
f 1966/1966 1505/1505 2012/2012
f 2012/2012 1505/1505 780/780
f 780/780 1983/1983 2012/2012
f 2012/2012 1983/1983 2683/2683
f 2683/2683 1556/1556 2012/2012
f 2012/2012 1556/1556 523/523
f 523/523 1598/1598 2012/2012
f 2545/2545 922/922 2082/2082
f 2082/2082 2556/2556 2545/2545
f 2545/2545 2556/2556 635/635
f 635/635 385/385 2545/2545
f 2545/2545 385/385 1663/1663
f 1663/1663 330/330 2545/2545
f 2545/2545 330/330 811/811
f 811/811 922/922 2545/2545
f 2148/2148 385/385 635/635
f 635/635 295/295 2148/2148
f 2147/2147 294/294 2424/2424
f 2424/2424 221/221 2147/2147
f 2146/2146 220/220 1661/1661
f 1661/1661 384/384 2146/2146
f 2186/2186 1581/1581 1410/1410
f 1410/1410 2473/2473 2186/2186
f 2186/2186 2473/2473 2697/2697
f 2697/2697 91/91 2186/2186
f 2186/2186 91/91 2379/2379
f 2379/2379 238/238 2186/2186
f 2186/2186 238/238 132/132
f 132/132 1581/1581 2186/2186
f 725/725 1867/1867 833/833
f 833/833 518/518 725/725
f 725/725 518/518 685/685
f 685/685 2007/2007 725/725
f 725/725 2007/2007 612/612
f 612/612 1458/1458 725/725
f 725/725 1458/1458 1350/1350
f 1350/1350 1867/1867 725/725
f 1600/1600 91/91 2697/2697
f 2697/2697 162/162 1600/1600
f 1600/1600 162/162 2179/2179
f 2179/2179 313/313 1600/1600
f 1600/1600 313/313 2226/2226
f 2226/2226 1368/1368 1600/1600
f 1600/1600 1368/1368 2379/2379
f 2379/2379 91/91 1600/1600
f 1961/1961 785/785 833/833
f 833/833 1867/1867 1961/1961
f 1961/1961 1867/1867 1350/1350
f 1350/1350 516/516 1961/1961
f 1961/1961 516/516 1896/1896
f 1896/1896 785/785 1961/1961
f 1136/1136 1721/1721 902/902
f 902/902 2223/2223 1136/1136
f 1136/1136 2223/2223 923/923
f 923/923 1476/1476 1136/1136
f 1136/1136 1476/1476 361/361
f 361/361 1680/1680 1136/1136
f 1136/1136 1680/1680 1380/1380
f 1380/1380 1721/1721 1136/1136
f 2634/2634 43/43 1380/1380
f 1380/1380 1680/1680 2634/2634
f 2634/2634 1680/1680 361/361
f 361/361 1347/1347 2634/2634
f 2634/2634 1347/1347 2579/2579
f 2579/2579 1193/1193 2634/2634
f 2634/2634 1193/1193 2251/2251
f 2251/2251 43/43 2634/2634
f 844/844 471/471 2251/2251
f 2251/2251 1193/1193 844/844
f 844/844 1193/1193 2579/2579
f 2579/2579 2218/2218 844/844
f 844/844 2218/2218 2276/2276
f 2276/2276 876/876 844/844
f 844/844 876/876 69/69
f 69/69 471/471 844/844
f 1665/1665 337/337 2660/2660
f 2660/2660 1274/1274 1665/1665
f 1666/1666 1275/1275 933/933
f 933/933 2715/2715 1666/1666
f 1666/1666 2715/2715 2606/2606
f 2606/2606 2582/2582 1666/1666
f 1666/1666 2582/2582 1292/1292
f 1292/1292 338/338 1666/1666
f 2334/2334 1035/1035 731/731
f 731/731 365/365 2334/2334
f 2334/2334 365/365 1329/1329
f 1329/1329 388/388 2334/2334
f 2334/2334 388/388 931/931
f 931/931 1274/1274 2334/2334
f 2334/2334 1274/1274 2660/2660
f 2660/2660 1035/1035 2334/2334
f 593/593 72/72 2717/2717
f 2717/2717 258/258 593/593
f 593/593 258/258 729/729
f 729/729 2580/2580 593/593
f 593/593 2580/2580 303/303
f 303/303 856/856 593/593
f 593/593 856/856 1468/1468
f 1468/1468 72/72 593/593
f 1822/1822 121/121 886/886
f 886/886 1706/1706 1822/1822
f 1822/1822 1706/1706 2677/2677
f 2677/2677 1050/1050 1822/1822
f 1822/1822 1050/1050 2717/2717
f 2717/2717 72/72 1822/1822
f 1822/1822 72/72 1468/1468
f 1468/1468 121/121 1822/1822
f 2482/2482 81/81 1713/1713
f 1713/1713 2432/2432 2482/2482
f 2482/2482 2432/2432 1496/1496
f 1496/1496 532/532 2482/2482
f 2482/2482 532/532 177/177
f 177/177 1452/1452 2482/2482
f 2482/2482 1452/1452 2639/2639
f 2639/2639 81/81 2482/2482
f 2214/2214 698/698 937/937
f 937/937 1877/1877 2214/2214
f 2214/2214 1877/1877 2239/2239
f 2239/2239 9/9 2214/2214
f 2214/2214 9/9 254/254
f 254/254 613/613 2214/2214
f 2214/2214 613/613 1989/1989
f 1989/1989 698/698 2214/2214
f 2496/2496 121/121 1468/1468
f 1468/1468 736/736 2496/2496
f 2496/2496 736/736 806/806
f 806/806 2122/2122 2496/2496
f 2496/2496 2122/2122 1657/1657
f 1657/1657 1935/1935 2496/2496
f 2496/2496 1935/1935 886/886
f 886/886 121/121 2496/2496
f 2532/2532 1720/1720 1379/1379
f 1379/1379 1179/1179 2532/2532
f 2532/2532 1179/1179 2717/2717
f 2717/2717 1050/1050 2532/2532
f 2532/2532 1050/1050 2677/2677
f 2677/2677 380/380 2532/2532
f 2532/2532 380/380 903/903
f 903/903 1720/1720 2532/2532
f 40/40 249/249 729/729
f 729/729 258/258 40/40
f 40/40 258/258 2717/2717
f 2717/2717 1179/1179 40/40
f 40/40 1179/1179 1379/1379
f 1379/1379 42/42 40/40
f 40/40 42/42 2250/2250
f 2250/2250 249/249 40/40
f 1077/1077 2091/2091 1434/1434
f 1434/1434 2083/2083 1077/1077
f 1077/1077 2083/2083 729/729
f 729/729 249/249 1077/1077
f 1077/1077 249/249 2250/2250
f 2250/2250 470/470 1077/1077
f 1077/1077 470/470 68/68
f 68/68 2091/2091 1077/1077
f 676/676 1953/1953 1283/1283
f 1283/1283 2669/2669 676/676
f 676/676 2669/2669 931/931
f 931/931 388/388 676/676
f 676/676 388/388 1329/1329
f 1329/1329 1486/1486 676/676
f 676/676 1486/1486 2116/2116
f 2116/2116 1953/1953 676/676
f 1484/1484 1320/1320 184/184
f 184/184 2220/2220 1484/1484
f 1484/1484 2220/2220 2606/2606
f 2606/2606 2715/2715 1484/1484
f 1484/1484 2715/2715 933/933
f 933/933 1377/1377 1484/1484
f 1484/1484 1377/1377 71/71
f 71/71 1320/1320 1484/1484
f 1926/1926 2669/2669 1283/1283
f 1283/1283 2461/2461 1926/1926
f 1927/1927 2462/2462 884/884
f 884/884 2151/2151 1927/1927
f 1927/1927 2151/2151 71/71
f 71/71 1377/1377 1927/1927
f 1928/1928 1378/1378 932/932
f 932/932 2670/2670 1928/1928
f 443/443 405/405 1989/1989
f 1989/1989 613/613 443/443
f 443/443 613/613 254/254
f 254/254 2157/2157 443/443
f 443/443 2157/2157 2345/2345
f 2345/2345 1971/1971 443/443
f 443/443 1971/1971 2682/2682
f 2682/2682 405/405 443/443
f 505/505 973/973 1496/1496
f 1496/1496 2432/2432 505/505
f 505/505 2432/2432 1713/1713
f 1713/1713 2158/2158 505/505
f 505/505 2158/2158 2682/2682
f 2682/2682 1971/1971 505/505
f 505/505 1971/1971 2345/2345
f 2345/2345 973/973 505/505
f 2615/2615 761/761 2239/2239
f 2239/2239 2481/2481 2615/2615
f 2615/2615 2481/2481 2198/2198
f 2198/2198 1573/1573 2615/2615
f 2615/2615 1573/1573 1903/1903
f 1903/1903 78/78 2615/2615
f 2615/2615 78/78 806/806
f 806/806 761/761 2615/2615
f 2420/2420 204/204 815/815
f 815/815 2051/2051 2420/2420
f 2420/2420 2051/2051 937/937
f 937/937 192/192 2420/2420
f 2421/2421 193/193 2116/2116
f 2116/2116 882/882 2421/2421
f 2421/2421 882/882 1748/1748
f 1748/1748 203/203 2421/2421
f 720/720 661/661 2485/2485
f 2485/2485 170/170 720/720
f 720/720 170/170 177/177
f 177/177 1567/1567 720/720
f 721/721 1568/1568 1435/1435
f 1435/1435 1813/1813 721/721
f 721/721 1813/1813 596/596
f 596/596 662/662 721/721
f 1105/1105 79/79 2639/2639
f 2639/2639 55/55 1105/1105
f 1106/1106 56/56 526/526
f 526/526 1438/1438 1106/1106
f 1106/1106 1438/1438 1809/1809
f 1809/1809 936/936 1106/1106
f 1106/1106 936/936 184/184
f 184/184 80/80 1106/1106
f 651/651 84/84 2079/2079
f 2079/2079 934/934 651/651
f 652/652 935/935 2486/2486
f 2486/2486 662/662 652/652
f 652/652 662/662 596/596
f 596/596 223/223 652/652
f 652/652 223/223 2503/2503
f 2503/2503 86/86 652/652
f 2254/2254 1438/1438 526/526
f 526/526 1242/1242 2254/2254
f 2254/2254 1242/1242 2080/2080
f 2080/2080 85/85 2254/2254
f 2254/2254 85/85 2502/2502
f 2502/2502 783/783 2254/2254
f 2254/2254 783/783 1809/1809
f 1809/1809 1438/1438 2254/2254
f 8/8 2037/2037 2721/2721
f 2721/2721 118/118 8/8
f 8/8 118/118 2664/2664
f 2664/2664 1212/1212 8/8
f 8/8 1212/1212 2452/2452
f 2452/2452 372/372 8/8
f 8/8 372/372 2074/2074
f 2074/2074 2037/2037 8/8
f 511/511 1211/1211 2663/2663
f 2663/2663 202/202 511/511
f 511/511 202/202 458/458
f 458/458 1405/1405 511/511
f 512/512 1406/1406 1918/1918
f 1918/1918 982/982 512/512
f 513/513 983/983 2452/2452
f 2452/2452 1212/1212 513/513
f 1371/1371 1406/1406 459/459
f 459/459 817/817 1371/1371
f 1371/1371 817/817 1094/1094
f 1094/1094 1627/1627 1371/1371
f 1371/1371 1627/1627 2330/2330
f 2330/2330 1108/1108 1371/1371
f 1371/1371 1108/1108 1918/1918
f 1918/1918 1406/1406 1371/1371
f 1173/1173 1626/1626 1095/1095
f 1095/1095 2445/2445 1173/1173
f 1173/1173 2445/2445 132/132
f 132/132 1640/1640 1173/1173
f 1172/1172 1639/1639 2082/2082
f 2082/2082 483/483 1172/1172
f 1172/1172 483/483 2330/2330
f 2330/2330 1627/1627 1172/1172
f 1418/1418 2023/2023 1410/1410
f 1410/1410 777/777 1418/1418
f 1418/1418 777/777 2720/2720
f 2720/2720 2036/2036 1418/1418
f 1418/1418 2036/2036 2073/2073
f 2073/2073 1908/1908 1418/1418
f 1418/1418 1908/1908 2388/2388
f 2388/2388 2023/2023 1418/1418
f 2567/2567 1573/1573 2198/2198
f 2198/2198 1705/1705 2567/2567
f 2567/2567 1705/1705 2179/2179
f 2179/2179 1517/1517 2567/2567
f 2567/2567 1517/1517 1350/1350
f 1350/1350 2238/2238 2567/2567
f 2567/2567 2238/2238 1903/1903
f 1903/1903 1573/1573 2567/2567
f 1085/1085 711/711 2226/2226
f 2226/2226 1479/1479 1085/1085
f 1085/1085 1479/1479 815/815
f 815/815 204/204 1085/1085
f 1086/1086 203/203 1748/1748
f 1748/1748 2212/2212 1086/1086
f 1086/1086 2212/2212 2424/2424
f 2424/2424 712/712 1086/1086
f 485/485 1640/1640 132/132
f 132/132 238/238 485/485
f 485/485 238/238 2379/2379
f 2379/2379 1810/1810 485/485
f 484/484 1811/1811 635/635
f 635/635 2556/2556 484/484
f 484/484 2556/2556 2082/2082
f 2082/2082 1639/1639 484/484
f 17/17 997/997 2697/2697
f 2697/2697 2473/2473 17/17
f 17/17 2473/2473 1410/1410
f 1410/1410 2023/2023 17/17
f 17/17 2023/2023 2388/2388
f 2388/2388 489/489 17/17
f 17/17 489/489 1896/1896
f 1896/1896 997/997 17/17
f 102/102 1810/1810 2379/2379
f 2379/2379 1368/1368 102/102
f 102/102 1368/1368 2226/2226
f 2226/2226 711/711 102/102
f 103/103 712/712 2424/2424
f 2424/2424 294/294 103/103
f 104/104 295/295 635/635
f 635/635 1811/1811 104/104
f 218/218 1517/1517 2179/2179
f 2179/2179 162/162 218/218
f 218/218 162/162 2697/2697
f 2697/2697 997/997 218/218
f 218/218 997/997 1896/1896
f 1896/1896 516/516 218/218
f 218/218 516/516 1350/1350
f 1350/1350 1517/1517 218/218
f 1584/1584 1567/1567 177/177
f 177/177 532/532 1584/1584
f 1584/1584 532/532 1496/1496
f 1496/1496 2038/2038 1584/1584
f 1584/1584 2038/2038 729/729
f 729/729 2083/2083 1584/1584
f 1584/1584 2083/2083 1434/1434
f 1434/1434 1567/1567 1584/1584
f 2164/2164 585/585 1713/1713
f 1713/1713 81/81 2164/2164
f 2164/2164 81/81 2639/2639
f 2639/2639 79/79 2164/2164
f 2163/2163 80/80 184/184
f 184/184 1320/1320 2163/2163
f 2163/2163 1320/1320 71/71
f 71/71 586/586 2163/2163
f 1224/1224 1387/1387 254/254
f 254/254 9/9 1224/1224
f 1224/1224 9/9 2239/2239
f 2239/2239 761/761 1224/1224
f 1224/1224 761/761 806/806
f 806/806 736/736 1224/1224
f 1224/1224 736/736 1468/1468
f 1468/1468 1387/1387 1224/1224
f 2054/2054 192/192 937/937
f 937/937 698/698 2054/2054
f 2054/2054 698/698 1989/1989
f 1989/1989 1407/1407 2054/2054
f 2055/2055 1408/1408 1283/1283
f 1283/1283 1953/1953 2055/2055
f 2055/2055 1953/1953 2116/2116
f 2116/2116 193/193 2055/2055
f 2247/2247 251/251 2345/2345
f 2345/2345 2157/2157 2247/2247
f 2247/2247 2157/2157 254/254
f 254/254 1387/1387 2247/2247
f 2247/2247 1387/1387 1468/1468
f 1468/1468 856/856 2247/2247
f 2246/2246 855/855 302/302
f 302/302 252/252 2246/2246
f 1806/1806 1407/1407 1989/1989
f 1989/1989 405/405 1806/1806
f 1806/1806 405/405 2682/2682
f 2682/2682 2459/2459 1806/1806
f 1808/1808 2460/2460 884/884
f 884/884 2462/2462 1808/1808
f 1807/1807 2461/2461 1283/1283
f 1283/1283 1408/1408 1807/1807
f 2089/2089 2459/2459 2682/2682
f 2682/2682 2158/2158 2089/2089
f 2089/2089 2158/2158 1713/1713
f 1713/1713 585/585 2089/2089
f 2090/2090 586/586 71/71
f 71/71 2151/2151 2090/2090
f 2090/2090 2151/2151 884/884
f 884/884 2460/2460 2090/2090
f 2523/2523 2038/2038 1496/1496
f 1496/1496 973/973 2523/2523
f 2523/2523 973/973 2345/2345
f 2345/2345 251/251 2523/2523
f 2524/2524 253/253 304/304
f 304/304 2581/2581 2524/2524
f 2523/2523 2580/2580 729/729
f 729/729 2038/2038 2523/2523
f 110/110 2681/2681 2117/2117
f 2117/2117 2264/2264 110/110
f 110/110 2264/2264 503/503
f 503/503 2182/2182 110/110
f 110/110 2182/2182 448/448
f 448/448 1826/1826 110/110
f 110/110 1826/1826 2366/2366
f 2366/2366 2681/2681 110/110
f 367/367 2193/2193 23/23
f 23/23 967/967 367/367
f 367/367 967/967 1152/1152
f 1152/1152 508/508 367/367
f 367/367 508/508 392/392
f 392/392 1887/1887 367/367
f 367/367 1887/1887 1555/1555
f 1555/1555 2193/2193 367/367
f 2020/2020 1915/1915 1451/1451
f 1451/1451 265/265 2020/2020
f 2020/2020 265/265 2561/2561
f 2561/2561 1884/1884 2020/2020
f 2020/2020 1884/1884 2287/2287
f 2287/2287 156/156 2020/2020
f 2020/2020 156/156 2341/2341
f 2341/2341 1915/1915 2020/2020
f 1527/1527 1884/1884 2561/2561
f 2561/2561 2607/2607 1527/1527
f 1527/1527 2607/2607 852/852
f 852/852 115/115 1527/1527
f 1527/1527 115/115 831/831
f 831/831 37/37 1527/1527
f 1527/1527 37/37 2287/2287
f 2287/2287 1884/1884 1527/1527
f 1869/1869 778/778 491/491
f 491/491 1643/1643 1869/1869
f 1869/1869 1643/1643 1782/1782
f 1782/1782 298/298 1869/1869
f 1869/1869 298/298 1856/1856
f 1856/1856 1236/1236 1869/1869
f 1869/1869 1236/1236 543/543
f 543/543 778/778 1869/1869
f 2005/2005 263/263 2640/2640
f 2640/2640 129/129 2005/2005
f 2005/2005 129/129 1215/1215
f 1215/1215 1943/1943 2005/2005
f 2005/2005 1943/1943 1551/1551
f 1551/1551 2355/2355 2005/2005
f 2005/2005 2355/2355 606/606
f 606/606 263/263 2005/2005
f 2528/2528 2472/2472 1907/1907
f 1907/1907 1403/1403 2528/2528
f 2528/2528 1403/1403 1842/1842
f 1842/1842 1838/1838 2528/2528
f 2528/2528 1838/1838 1215/1215
f 1215/1215 129/129 2528/2528
f 2528/2528 129/129 2640/2640
f 2640/2640 2472/2472 2528/2528
f 83/83 502/502 2447/2447
f 2447/2447 858/858 83/83
f 83/83 858/858 1255/1255
f 1255/1255 2128/2128 83/83
f 83/83 2128/2128 2561/2561
f 2561/2561 265/265 83/83
f 83/83 265/265 1451/1451
f 1451/1451 502/502 83/83
f 1197/1197 520/520 623/623
f 623/623 1128/1128 1197/1197
f 1197/1197 1128/1128 497/497
f 497/497 1668/1668 1197/1197
f 1197/1197 1668/1668 1152/1152
f 1152/1152 967/967 1197/1197
f 1197/1197 967/967 23/23
f 23/23 520/520 1197/1197
f 375/375 1399/1399 2341/2341
f 2341/2341 156/156 375/375
f 375/375 156/156 2287/2287
f 2287/2287 2575/2575 375/375
f 375/375 2575/2575 1551/1551
f 1551/1551 1943/1943 375/375
f 375/375 1943/1943 1215/1215
f 1215/1215 1399/1399 375/375
f 1565/1565 1886/1886 1555/1555
f 1555/1555 1887/1887 1565/1565
f 1565/1565 1887/1887 392/392
f 392/392 1506/1506 1565/1565
f 1565/1565 1506/1506 209/209
f 209/209 1920/1920 1565/1565
f 1565/1565 1920/1920 465/465
f 465/465 1886/1886 1565/1565
f 589/589 1176/1176 1184/1184
f 1184/1184 790/790 589/589
f 589/589 790/790 1968/1968
f 1968/1968 1060/1060 589/589
f 589/589 1060/1060 429/429
f 429/429 1814/1814 589/589
f 589/589 1814/1814 2412/2412
f 2412/2412 1176/1176 589/589
f 1491/1491 1852/1852 2412/2412
f 2412/2412 1814/1814 1491/1491
f 1491/1491 1814/1814 429/429
f 429/429 2194/2194 1491/1491
f 1491/1491 2194/2194 1986/1986
f 1986/1986 1852/1852 1491/1491
f 123/123 1772/1772 2667/2667
f 2667/2667 1532/1532 123/123
f 123/123 1532/1532 2117/2117
f 2117/2117 2681/2681 123/123
f 123/123 2681/2681 2366/2366
f 2366/2366 2650/2650 123/123
f 123/123 2650/2650 1818/1818
f 1818/1818 1772/1772 123/123
f 863/863 1284/1284 2156/2156
f 2156/2156 1764/1764 863/863
f 863/863 1764/1764 623/623
f 623/623 520/520 863/863
f 863/863 520/520 23/23
f 23/23 875/875 863/863
f 863/863 875/875 1258/1258
f 1258/1258 1284/1284 863/863
f 2152/2152 2511/2511 1258/1258
f 1258/1258 875/875 2152/2152
f 2152/2152 875/875 23/23
f 23/23 2193/2193 2152/2152
f 2152/2152 2193/2193 1555/1555
f 1555/1555 2390/2390 2152/2152
f 2152/2152 2390/2390 62/62
f 62/62 2511/2511 2152/2152
f 2635/2635 314/314 62/62
f 62/62 2390/2390 2635/2635
f 2635/2635 2390/2390 1555/1555
f 1555/1555 1886/1886 2635/2635
f 2635/2635 1886/1886 465/465
f 465/465 376/376 2635/2635
f 2635/2635 376/376 756/756
f 756/756 314/314 2635/2635
f 1474/1474 2719/2719 993/993
f 993/993 1243/1243 1474/1474
f 1474/1474 1243/1243 188/188
f 188/188 210/210 1474/1474
f 1474/1474 210/210 1842/1842
f 1842/1842 1403/1403 1474/1474
f 1474/1474 1403/1403 1907/1907
f 1907/1907 2719/2719 1474/1474
f 2515/2515 749/749 1549/1549
f 1549/1549 1592/1592 2515/2515
f 2515/2515 1592/1592 171/171
f 171/171 1135/1135 2515/2515
f 2515/2515 1135/1135 2544/2544
f 2544/2544 1257/1257 2515/2515
f 2515/2515 1257/1257 1774/1774
f 1774/1774 749/749 2515/2515
f 628/628 2270/2270 660/660
f 660/660 157/157 628/628
f 628/628 157/157 2535/2535
f 2535/2535 1917/1917 628/628
f 628/628 1917/1917 171/171
f 171/171 1592/1592 628/628
f 628/628 1592/1592 1549/1549
f 1549/1549 2270/2270 628/628
f 1366/1366 2680/2680 2535/2535
f 2535/2535 157/157 1366/1366
f 1366/1366 157/157 660/660
f 660/660 1202/1202 1366/1366
f 1366/1366 1202/1202 2256/2256
f 2256/2256 2323/2323 1366/1366
f 1366/1366 2323/2323 923/923
f 923/923 2680/2680 1366/1366
f 1112/1112 2417/2417 2276/2276
f 2276/2276 970/970 1112/1112
f 1112/1112 970/970 379/379
f 379/379 1911/1911 1112/1112
f 1112/1112 1911/1911 267/267
f 267/267 495/495 1112/1112
f 1112/1112 495/495 1788/1788
f 1788/1788 2417/2417 1112/1112
f 1554/1554 112/112 1788/1788
f 1788/1788 495/495 1554/1554
f 1554/1554 495/495 267/267
f 267/267 2262/2262 1554/1554
f 1554/1554 2262/2262 1376/1376
f 1376/1376 2596/2596 1554/1554
f 1554/1554 2596/2596 130/130
f 130/130 112/112 1554/1554
f 2661/2661 759/759 134/134
f 134/134 190/190 2661/2661
f 2661/2661 190/190 1544/1544
f 1544/1544 1279/1279 2661/2661
f 2661/2661 1279/1279 293/293
f 293/293 1/1 2661/2661
f 2661/2661 1/1 517/517
f 517/517 759/759 2661/2661
f 271/271 805/805 1281/1281
f 1281/1281 2685/2685 271/271
f 271/271 2685/2685 1292/1292
f 1292/1292 1599/1599 271/271
f 271/271 1599/1599 1544/1544
f 1544/1544 190/190 271/271
f 271/271 190/190 134/134
f 134/134 805/805 271/271
f 1847/1847 436/436 1426/1426
f 1426/1426 944/944 1847/1847
f 1847/1847 944/944 2240/2240
f 2240/2240 490/490 1847/1847
f 1847/1847 490/490 731/731
f 731/731 2112/2112 1847/1847
f 1847/1847 2112/2112 2668/2668
f 2668/2668 436/436 1847/1847
f 873/873 1270/1270 1373/1373
f 1373/1373 317/317 873/873
f 873/873 317/317 479/479
f 479/479 1597/1597 873/873
f 873/873 1597/1597 2240/2240
f 2240/2240 944/944 873/873
f 873/873 944/944 1426/1426
f 1426/1426 1270/1270 873/873
f 1230/1230 1933/1933 480/480
f 480/480 318/318 1230/1230
f 1230/1230 318/318 1374/1374
f 1374/1374 665/665 1230/1230
f 1230/1230 665/665 2141/2141
f 2141/2141 2243/2243 1230/1230
f 1230/1230 2243/2243 1914/1914
f 1914/1914 1933/1933 1230/1230
f 2124/2124 740/740 1914/1914
f 1914/1914 2243/2243 2124/2124
f 2124/2124 2243/2243 2141/2141
f 2141/2141 1521/1521 2124/2124
f 2124/2124 1521/1521 918/918
f 918/918 2299/2299 2124/2124
f 2124/2124 2299/2299 897/897
f 897/897 740/740 2124/2124
f 1208/1208 2512/2512 897/897
f 897/897 2299/2299 1208/1208
f 1208/1208 2299/2299 918/918
f 918/918 1834/1834 1208/1208
f 1208/1208 1834/1834 824/824
f 824/824 1650/1650 1208/1208
f 1208/1208 1650/1650 1330/1330
f 1330/1330 2512/2512 1208/1208
f 331/331 105/105 187/187
f 187/187 2165/2165 331/331
f 331/331 2165/2165 803/803
f 803/803 1659/1659 331/331
f 331/331 1659/1659 560/560
f 560/560 1944/1944 331/331
f 331/331 1944/1944 2066/2066
f 2066/2066 105/105 331/331
f 467/467 2673/2673 1352/1352
f 1352/1352 2603/2603 467/467
f 467/467 2603/2603 1231/1231
f 1231/1231 1763/1763 467/467
f 466/466 1762/1762 803/803
f 803/803 2165/2165 466/466
f 466/466 2165/2165 187/187
f 187/187 2672/2672 466/466
f 2024/2024 1561/1561 334/334
f 334/334 1121/1121 2024/2024
f 2024/2024 1121/1121 2428/2428
f 2428/2428 656/656 2024/2024
f 2024/2024 656/656 1231/1231
f 1231/1231 2603/2603 2024/2024
f 2024/2024 2603/2603 1352/1352
f 1352/1352 1561/1561 2024/2024
f 1796/1796 2217/2217 634/634
f 634/634 2560/2560 1796/1796
f 1796/1796 2560/2560 1182/1182
f 1182/1182 412/412 1796/1796
f 1796/1796 412/412 2428/2428
f 2428/2428 1121/1121 1796/1796
f 1796/1796 1121/1121 334/334
f 334/334 2217/2217 1796/1796
f 770/770 126/126 1074/1074
f 1074/1074 2646/2646 770/770
f 770/770 2646/2646 2310/2310
f 2310/2310 2067/2067 770/770
f 770/770 2067/2067 1182/1182
f 1182/1182 2560/2560 770/770
f 770/770 2560/2560 634/634
f 634/634 126/126 770/770
f 438/438 1741/1741 1898/1898
f 1898/1898 469/469 438/438
f 438/438 469/469 1767/1767
f 1767/1767 1742/1742 438/438
f 438/438 1742/1742 2309/2309
f 2309/2309 2645/2645 438/438
f 438/438 2645/2645 1073/1073
f 1073/1073 1741/1741 438/438
f 224/224 1589/1589 2259/2259
f 2259/2259 1611/1611 224/224
f 224/224 1611/1611 198/198
f 198/198 2597/2597 224/224
f 224/224 2597/2597 1768/1768
f 1768/1768 468/468 224/224
f 224/224 468/468 1897/1897
f 1897/1897 1589/1589 224/224
f 421/421 2199/2199 94/94
f 94/94 1138/1138 421/421
f 421/421 1138/1138 2439/2439
f 2439/2439 58/58 421/421
f 421/421 58/58 198/198
f 198/198 1611/1611 421/421
f 421/421 1611/1611 2259/2259
f 2259/2259 2199/2199 421/421
f 688/688 1436/1436 20/20
f 20/20 1303/1303 688/688
f 688/688 1303/1303 2591/2591
f 2591/2591 1960/1960 688/688
f 688/688 1960/1960 2439/2439
f 2439/2439 1138/1138 688/688
f 688/688 1138/1138 94/94
f 94/94 1436/1436 688/688
f 2014/2014 240/240 517/517
f 517/517 1/1 2014/2014
f 2014/2014 1/1 293/293
f 293/293 1232/1232 2014/2014
f 2015/2015 1233/1233 130/130
f 130/130 2596/2596 2015/2015
f 2015/2015 2596/2596 1376/1376
f 1376/1376 1679/1679 2015/2015
f 2013/2013 1677/1677 444/444
f 444/444 239/239 2013/2013
f 38/38 2150/2150 300/300
f 300/300 432/432 38/38
f 38/38 432/432 1444/1444
f 1444/1444 2078/2078 38/38
f 38/38 2078/2078 1079/1079
f 1079/1079 217/217 38/38
f 38/38 217/217 2704/2704
f 2704/2704 2150/2150 38/38
f 1359/1359 872/872 2640/2640
f 2640/2640 263/263 1359/1359
f 1359/1359 263/263 606/606
f 606/606 2684/2684 1359/1359
f 1359/1359 2684/2684 2255/2255
f 2255/2255 1201/1201 1359/1359
f 1359/1359 1201/1201 659/659
f 659/659 872/872 1359/1359
f 703/703 872/872 659/659
f 659/659 2269/2269 703/703
f 703/703 2269/2269 1550/1550
f 1550/1550 1190/1190 703/703
f 703/703 1190/1190 1907/1907
f 1907/1907 2472/2472 703/703
f 703/703 2472/2472 2640/2640
f 2640/2640 872/872 703/703
f 1785/1785 1191/1191 1549/1549
f 1549/1549 749/749 1785/1785
f 1785/1785 749/749 1774/1774
f 1774/1774 2605/2605 1785/1785
f 1784/1784 2604/2604 993/993
f 993/993 2719/2719 1784/1784
f 1784/1784 2719/2719 1907/1907
f 1907/1907 1190/1190 1784/1784
f 1453/1453 1502/1502 503/503
f 503/503 2264/2264 1453/1453
f 1453/1453 2264/2264 2117/2117
f 2117/2117 757/757 1453/1453
f 1453/1453 757/757 95/95
f 95/95 2200/2200 1453/1453
f 1453/1453 2200/2200 2260/2260
f 2260/2260 1502/1502 1453/1453
f 892/892 757/757 2117/2117
f 2117/2117 1532/1532 892/892
f 892/892 1532/1532 2667/2667
f 2667/2667 2588/2588 892/892
f 893/893 2589/2589 20/20
f 20/20 1436/1436 893/893
f 893/893 1436/1436 94/94
f 94/94 758/758 893/893
f 1988/1988 2127/2127 1426/1426
f 1426/1426 436/436 1988/1988
f 1988/1988 436/436 2668/2668
f 2668/2668 1071/1071 1988/1988
f 1988/1988 1071/1071 35/35
f 35/35 1495/1495 1988/1988
f 1988/1988 1495/1495 754/754
f 754/754 2127/2127 1988/1988
f 573/573 1801/1801 1281/1281
f 1281/1281 805/805 573/573
f 573/573 805/805 134/134
f 134/134 996/996 573/573
f 573/573 996/996 795/795
f 795/795 2585/2585 573/573
f 573/573 2585/2585 1881/1881
f 1881/1881 1801/1801 573/573
f 1104/1104 621/621 420/420
f 420/420 826/826 1104/1104
f 1104/1104 826/826 2272/2272
f 2272/2272 793/793 1104/1104
f 1104/1104 793/793 266/266
f 266/266 1910/1910 1104/1104
f 1104/1104 1910/1910 378/378
f 378/378 621/621 1104/1104
f 49/49 2656/2656 333/333
f 333/333 1562/1562 49/49
f 49/49 1562/1562 1353/1353
f 1353/1353 1223/1223 49/49
f 49/49 1223/1223 2704/2704
f 2704/2704 810/810 49/49
f 49/49 810/810 845/845
f 845/845 2656/2656 49/49
f 1298/1298 996/996 134/134
f 134/134 759/759 1298/1298
f 1298/1298 759/759 517/517
f 517/517 240/240 1298/1298
f 1298/1298 240/240 446/446
f 446/446 2457/2457 1298/1298
f 1298/1298 2457/2457 795/795
f 795/795 996/996 1298/1298
f 461/461 793/793 2272/2272
f 2272/2272 1925/1925 461/461
f 461/461 1925/1925 447/447
f 447/447 1678/1678 461/461
f 462/462 1679/1679 1376/1376
f 1376/1376 2262/2262 462/462
f 462/462 2262/2262 267/267
f 267/267 794/794 462/462
f 2569/2569 1223/1223 1353/1353
f 1353/1353 2674/2674 2569/2569
f 2568/2568 2672/2672 187/187
f 187/187 1098/1098 2568/2568
f 2569/2569 1097/1097 300/300
f 300/300 2150/2150 2569/2569
f 2569/2569 2150/2150 2704/2704
f 2704/2704 1223/1223 2569/2569
f 2022/2022 285/285 250/250
f 250/250 67/67 2022/2022
f 2022/2022 67/67 2557/2557
f 2557/2557 2211/2211 2022/2022
f 2022/2022 2211/2211 824/824
f 824/824 1834/1834 2022/2022
f 2022/2022 1834/1834 918/918
f 918/918 285/285 2022/2022
f 914/914 1098/1098 187/187
f 187/187 105/105 914/914
f 914/914 105/105 2066/2066
f 2066/2066 2364/2364 914/914
f 913/913 2363/2363 1444/1444
f 1444/1444 432/432 913/913
f 913/913 432/432 300/300
f 300/300 1097/1097 913/913
f 2126/2126 1915/1915 2341/2341
f 2341/2341 584/584 2126/2126
f 2126/2126 584/584 392/392
f 392/392 508/508 2126/2126
f 2126/2126 508/508 1152/1152
f 1152/1152 212/212 2126/2126
f 2126/2126 212/212 1451/1451
f 1451/1451 1915/1915 2126/2126
f 1433/1433 2625/2625 2446/2446
f 2446/2446 1692/1692 1433/1433
f 1433/1433 1692/1692 496/496
f 496/496 1127/1127 1433/1433
f 1433/1433 1127/1127 622/622
f 622/622 32/32 1433/1433
f 1433/1433 32/32 1616/1616
f 1616/1616 2625/2625 1433/1433
f 2331/2331 502/502 1451/1451
f 1451/1451 212/212 2331/2331
f 2331/2331 212/212 1152/1152
f 1152/1152 1668/1668 2331/2331
f 2331/2331 1668/1668 497/497
f 497/497 1693/1693 2331/2331
f 2331/2331 1693/1693 2447/2447
f 2447/2447 502/502 2331/2331
f 719/719 1399/1399 1215/1215
f 1215/1215 1538/1538 719/719
f 719/719 1538/1538 209/209
f 209/209 1506/1506 719/719
f 719/719 1506/1506 392/392
f 392/392 584/584 719/719
f 719/719 584/584 2341/2341
f 2341/2341 1399/1399 719/719
f 2550/2550 1837/1837 1843/1843
f 1843/1843 1859/1859 2550/2550
f 2551/2551 1860/1860 465/465
f 465/465 1920/1920 2551/2551
f 2549/2549 1919/1919 208/208
f 208/208 1537/1537 2549/2549
f 2551/2551 1538/1538 1215/1215
f 1215/1215 1838/1838 2551/2551
f 926/926 404/404 1616/1616
f 1616/1616 32/32 926/926
f 927/927 33/33 623/623
f 623/623 1764/1764 927/927
f 927/927 1764/1764 2156/2156
f 2156/2156 1305/1305 927/927
f 926/926 1304/1304 874/874
f 874/874 404/404 926/926
f 1696/1696 211/211 189/189
f 189/189 2104/2104 1696/1696
f 1697/1697 2105/2105 756/756
f 756/756 376/376 1697/1697
f 1697/1697 376/376 465/465
f 465/465 1860/1860 1697/1697
f 1696/1696 1859/1859 1843/1843
f 1843/1843 211/211 1696/1696
f 2648/2648 2536/2536 2066/2066
f 2066/2066 1944/1944 2648/2648
f 2648/2648 1944/1944 560/560
f 560/560 1269/1269 2648/2648
f 2649/2649 1268/1268 1330/1330
f 1330/1330 1650/1650 2649/2649
f 2649/2649 1650/1650 824/824
f 824/824 2537/2537 2649/2649
f 414/414 2364/2364 2066/2066
f 2066/2066 2536/2536 414/414
f 415/415 2537/2537 824/824
f 824/824 2211/2211 415/415
f 415/415 2211/2211 2557/2557
f 2557/2557 2629/2629 415/415
f 413/413 2627/2627 1444/1444
f 1444/1444 2363/2363 413/413
f 1976/1976 1132/1132 2576/2576
f 2576/2576 1200/1200 1976/1976
f 1976/1976 1200/1200 353/353
f 353/353 1743/1743 1976/1976
f 1976/1976 1743/1743 410/410
f 410/410 1240/1240 1976/1976
f 1976/1976 1240/1240 980/980
f 980/980 1132/1132 1976/1976
f 572/572 1777/1777 2366/2366
f 2366/2366 1826/1826 572/572
f 572/572 1826/1826 448/448
f 448/448 1651/1651 572/572
f 572/572 1651/1651 2447/2447
f 2447/2447 2626/2626 572/572
f 572/572 2626/2626 1617/1617
f 1617/1617 1777/1777 572/572
f 2303/2303 1390/1390 1818/1818
f 1818/1818 2650/2650 2303/2303
f 2303/2303 2650/2650 2366/2366
f 2366/2366 1777/1777 2303/2303
f 2304/2304 1778/1778 1616/1616
f 1616/1616 404/404 2304/2304
f 2304/2304 404/404 874/874
f 874/874 1391/1391 2304/2304
f 963/963 168/168 448/448
f 448/448 2182/2182 963/963
f 963/963 2182/2182 503/503
f 503/503 1833/1833 963/963
f 963/963 1833/1833 1470/1470
f 1470/1470 1934/1934 963/963
f 963/963 1934/1934 1308/1308
f 1308/1308 168/168 963/963
f 1503/1503 217/217 1079/1079
f 1079/1079 894/894 1503/1503
f 1503/1503 894/894 1381/1381
f 1381/1381 564/564 1503/1503
f 1503/1503 564/564 845/845
f 845/845 810/810 1503/1503
f 1503/1503 810/810 2704/2704
f 2704/2704 217/217 1503/1503
f 2282/2282 1833/1833 503/503
f 503/503 1502/1502 2282/2282
f 2282/2282 1502/1502 2260/2260
f 2260/2260 1590/1590 2282/2282
f 2282/2282 1590/1590 1899/1899
f 1899/1899 1773/1773 2282/2282
f 2282/2282 1773/1773 1470/1470
f 1470/1470 1833/1833 2282/2282
f 2368/2368 528/528 1082/1082
f 1082/1082 2154/2154 2368/2368
f 2368/2368 2154/2154 250/250
f 250/250 285/285 2368/2368
f 2368/2368 285/285 918/918
f 918/918 1521/1521 2368/2368
f 2368/2368 1521/1521 2141/2141
f 2141/2141 528/528 2368/2368
f 1239/1239 1240/1240 410/410
f 410/410 2367/2367 1239/1239
f 1239/1239 2367/2367 1137/1137
f 1137/1137 895/895 1239/1239
f 1239/1239 895/895 1335/1335
f 1335/1335 1735/1735 1239/1239
f 1239/1239 1735/1735 980/980
f 980/980 1240/1240 1239/1239
f 268/268 858/858 2447/2447
f 2447/2447 1651/1651 268/268
f 268/268 1651/1651 448/448
f 448/448 168/168 268/268
f 268/268 168/168 1308/1308
f 1308/1308 2651/2651 268/268
f 268/268 2651/2651 1255/1255
f 1255/1255 858/858 268/268
f 2261/2261 1643/1643 491/491
f 491/491 1634/1634 2261/2261
f 2261/2261 1634/1634 464/464
f 464/464 2373/2373 2261/2261
f 2261/2261 2373/2373 531/531
f 531/531 2449/2449 2261/2261
f 2261/2261 2449/2449 1782/1782
f 1782/1782 1643/1643 2261/2261
f 1090/1090 2607/2607 2561/2561
f 2561/2561 2128/2128 1090/1090
f 1090/1090 2128/2128 1255/1255
f 1255/1255 2048/2048 1090/1090
f 1090/1090 2048/2048 305/305
f 305/305 1254/1254 1090/1090
f 1090/1090 1254/1254 852/852
f 852/852 2607/2607 1090/1090
f 1765/1765 1186/1186 633/633
f 633/633 2216/2216 1765/1765
f 1765/1765 2216/2216 333/333
f 333/333 2656/2656 1765/1765
f 1765/1765 2656/2656 845/845
f 845/845 256/256 1765/1765
f 1765/1765 256/256 1147/1147
f 1147/1147 1186/1186 1765/1765
f 409/409 2127/2127 754/754
f 754/754 1213/1213 409/409
f 409/409 1213/1213 1425/1425
f 1425/1425 2517/2517 409/409
f 409/409 2517/2517 1373/1373
f 1373/1373 1270/1270 409/409
f 409/409 1270/1270 1426/1426
f 1426/1426 2127/2127 409/409
f 312/312 1145/1145 1308/1308
f 1308/1308 1934/1934 312/312
f 312/312 1934/1934 1470/1470
f 1470/1470 2140/2140 312/312
f 312/312 2140/2140 570/570
f 570/570 427/427 312/312
f 312/312 427/427 1475/1475
f 1475/1475 1145/1145 312/312
f 592/592 2178/2178 1147/1147
f 1147/1147 2690/2690 592/592
f 592/592 2690/2690 2533/2533
f 2533/2533 1412/1412 592/592
f 592/592 1412/1412 1475/1475
f 1475/1475 427/427 592/592
f 592/592 427/427 570/570
f 570/570 2178/2178 592/592
f 962/962 564/564 1381/1381
f 1381/1381 2159/2159 962/962
f 962/962 2159/2159 2533/2533
f 2533/2533 2690/2690 962/962
f 962/962 2690/2690 1147/1147
f 1147/1147 256/256 962/962
f 962/962 256/256 845/845
f 845/845 564/564 962/962
f 1214/1214 2140/2140 1470/1470
f 1470/1470 1773/1773 1214/1214
f 1214/1214 1773/1773 1899/1899
f 1899/1899 1740/1740 1214/1214
f 1214/1214 1740/1740 1075/1075
f 1075/1075 529/529 1214/1214
f 1214/1214 529/529 570/570
f 570/570 2140/2140 1214/1214
f 1602/1602 2178/2178 570/570
f 570/570 529/529 1602/1602
f 1602/1602 529/529 1075/1075
f 1075/1075 127/127 1602/1602
f 1602/1602 127/127 633/633
f 633/633 1186/1186 1602/1602
f 1602/1602 1186/1186 1147/1147
f 1147/1147 2178/2178 1602/1602
f 1084/1084 665/665 1374/1374
f 1374/1374 1580/1580 1084/1084
f 1084/1084 1580/1580 2312/2312
f 2312/2312 1558/1558 1084/1084
f 1084/1084 1558/1558 1082/1082
f 1082/1082 528/528 1084/1084
f 1084/1084 528/528 2141/2141
f 2141/2141 665/665 1084/1084
f 1733/1733 2517/2517 1425/1425
f 1425/1425 1992/1992 1733/1733
f 1734/1734 1993/1993 2312/2312
f 2312/2312 1580/1580 1734/1734
f 1732/1732 1579/1579 1372/1372
f 1372/1372 2516/2516 1732/1732
f 1540/1540 1244/1244 668/668
f 668/668 524/524 1540/1540
f 1540/1540 524/524 956/956
f 956/956 771/771 1540/1540
f 1540/1540 771/771 1335/1335
f 1335/1335 895/895 1540/1540
f 1540/1540 895/895 1137/1137
f 1137/1137 1244/1244 1540/1540
f 1351/1351 2048/2048 1255/1255
f 1255/1255 2651/2651 1351/1351
f 1351/1351 2651/2651 1308/1308
f 1308/1308 1145/1145 1351/1351
f 1351/1351 1145/1145 1475/1475
f 1475/1475 865/865 1351/1351
f 1351/1351 865/865 305/305
f 305/305 2048/2048 1351/1351
f 919/919 2294/2294 531/531
f 531/531 2373/2373 919/919
f 919/919 2373/2373 464/464
f 464/464 1170/1170 919/919
f 919/919 1170/1170 956/956
f 956/956 524/524 919/919
f 919/919 524/524 668/668
f 668/668 2294/2294 919/919
f 958/958 2187/2187 305/305
f 305/305 865/865 958/958
f 958/958 865/865 1475/1475
f 1475/1475 1412/1412 958/958
f 958/958 1412/1412 2533/2533
f 2533/2533 2187/2187 958/958
f 136/136 1769/1769 361/361
f 361/361 1476/1476 136/136
f 136/136 1476/1476 923/923
f 923/923 2323/2323 136/136
f 136/136 2323/2323 2256/2256
f 2256/2256 2011/2011 136/136
f 136/136 2011/2011 12/12
f 12/12 1769/1769 136/136
f 13/13 1287/1287 2579/2579
f 2579/2579 1347/1347 13/13
f 13/13 1347/1347 361/361
f 361/361 1769/1769 13/13
f 13/13 1769/1769 12/12
f 12/12 340/340 13/13
f 13/13 340/340 906/906
f 906/906 1287/1287 13/13
f 915/915 970/970 2276/2276
f 2276/2276 2218/2218 915/915
f 915/915 2218/2218 2579/2579
f 2579/2579 1287/1287 915/915
f 915/915 1287/1287 906/906
f 906/906 774/774 915/915
f 915/915 774/774 379/379
f 379/379 970/970 915/915
f 1752/1752 2685/2685 1281/1281
f 1281/1281 1363/1363 1752/1752
f 1752/1752 1363/1363 611/611
f 611/611 1357/1357 1752/1752
f 1751/1751 1356/1356 2660/2660
f 2660/2660 337/337 1751/1751
f 1752/1752 338/338 1292/1292
f 1292/1292 2685/2685 1752/1752
f 2382/2382 1356/1356 610/610
f 610/610 1747/1747 2382/2382
f 2382/2382 1747/1747 2668/2668
f 2668/2668 2112/2112 2382/2382
f 2382/2382 2112/2112 731/731
f 731/731 1035/1035 2382/2382
f 2382/2382 1035/1035 2660/2660
f 2660/2660 1356/1356 2382/2382
f 1235/1235 2547/2547 349/349
f 349/349 1575/1575 1235/1235
f 1235/1235 1575/1575 2404/2404
f 2404/2404 896/896 1235/1235
f 1235/1235 896/896 2286/2286
f 2286/2286 1745/1745 1235/1235
f 1235/1235 1745/1745 451/451
f 451/451 2547/2547 1235/1235
f 2471/2471 1745/1745 2286/2286
f 2286/2286 626/626 2471/2471
f 2471/2471 626/626 606/606
f 606/606 2355/2355 2471/2471
f 2471/2471 2355/2355 1551/1551
f 1551/1551 808/808 2471/2471
f 2471/2471 808/808 451/451
f 451/451 1745/1745 2471/2471
f 1803/1803 790/790 1184/1184
f 1184/1184 400/400 1803/1803
f 1803/1803 400/400 2463/2463
f 2463/2463 1758/1758 1803/1803
f 1803/1803 1758/1758 1642/1642
f 1642/1642 1091/1091 1803/1803
f 1803/1803 1091/1091 1968/1968
f 1968/1968 790/790 1803/1803
f 1557/1557 2630/2630 1256/1256
f 1256/1256 998/998 1557/1557
f 1557/1557 998/998 543/543
f 543/543 1236/1236 1557/1557
f 1557/1557 1236/1236 1856/1856
f 1856/1856 1647/1647 1557/1557
f 1557/1557 1647/1647 1912/1912
f 1912/1912 2630/2630 1557/1557
f 437/437 2575/2575 2287/2287
f 2287/2287 37/37 437/437
f 437/437 37/37 831/831
f 831/831 786/786 437/437
f 437/437 786/786 451/451
f 451/451 808/808 437/437
f 437/437 808/808 1551/1551
f 1551/1551 2575/2575 437/437
f 1081/1081 2684/2684 606/606
f 606/606 626/626 1081/1081
f 1081/1081 626/626 2286/2286
f 2286/2286 767/767 1081/1081
f 1081/1081 767/767 11/11
f 11/11 2010/2010 1081/1081
f 1081/1081 2010/2010 2255/2255
f 2255/2255 2684/2684 1081/1081
f 1299/1299 339/339 11/11
f 11/11 767/767 1299/1299
f 1299/1299 767/767 2286/2286
f 2286/2286 896/896 1299/1299
f 1299/1299 896/896 2404/2404
f 2404/2404 2539/2539 1299/1299
f 1299/1299 2539/2539 905/905
f 905/905 339/339 1299/1299
f 2281/2281 773/773 905/905
f 905/905 2539/2539 2281/2281
f 2281/2281 2539/2539 2404/2404
f 2404/2404 1083/1083 2281/2281
f 2281/2281 1083/1083 420/420
f 420/420 621/621 2281/2281
f 2281/2281 621/621 378/378
f 378/378 773/773 2281/2281
f 1861/1861 1071/1071 2668/2668
f 2668/2668 1747/1747 1861/1861
f 1861/1861 1747/1747 610/610
f 610/610 1189/1189 1861/1861
f 1861/1861 1189/1189 241/241
f 241/241 945/945 1861/1861
f 1861/1861 945/945 35/35
f 35/35 1071/1071 1861/1861
f 1067/1067 948/948 611/611
f 611/611 1363/1363 1067/1067
f 1067/1067 1363/1363 1281/1281
f 1281/1281 1801/1801 1067/1067
f 1067/1067 1801/1801 1881/1881
f 1881/1881 275/275 1067/1067
f 1067/1067 275/275 1783/1783
f 1783/1783 948/948 1067/1067
f 1530/1530 948/948 1783/1783
f 1783/1783 1156/1156 1530/1530
f 1530/1530 1156/1156 939/939
f 939/939 1465/1465 1530/1530
f 1529/1529 1464/1464 241/241
f 241/241 1189/1189 1529/1529
f 1528/1528 1188/1188 609/609
f 609/609 947/947 1528/1528
f 2465/2465 1323/1323 620/620
f 620/620 393/393 2465/2465
f 2465/2465 393/393 1256/1256
f 1256/1256 2630/2630 2465/2465
f 2465/2465 2630/2630 1912/1912
f 1912/1912 1383/1383 2465/2465
f 2465/2465 1383/1383 885/885
f 885/885 1323/1323 2465/2465
f 2519/2519 1323/1323 885/885
f 885/885 394/394 2519/2519
f 2519/2519 394/394 1642/1642
f 1642/1642 1758/1758 2519/2519
f 2519/2519 1758/1758 2463/2463
f 2463/2463 878/878 2519/2519
f 2519/2519 878/878 620/620
f 620/620 1323/1323 2519/2519
f 428/428 115/115 852/852
f 852/852 2076/2076 428/428
f 428/428 2076/2076 491/491
f 491/491 778/778 428/428
f 428/428 778/778 543/543
f 543/543 1266/1266 428/428
f 428/428 1266/1266 831/831
f 831/831 115/115 428/428
f 166/166 1495/1495 35/35
f 35/35 738/738 166/166
f 165/165 737/737 1856/1856
f 1856/1856 298/298 165/165
f 165/165 298/298 1782/1782
f 1782/1782 2384/2384 165/165
f 166/166 2385/2385 754/754
f 754/754 1495/1495 166/166
f 124/124 825/825 419/419
f 419/419 1021/1021 124/124
f 125/125 1022/1022 1184/1184
f 1184/1184 1176/1176 125/125
f 125/125 1176/1176 2412/2412
f 2412/2412 1158/1158 125/125
f 124/124 1157/1157 2271/2271
f 2271/2271 825/825 124/124
f 554/554 2585/2585 795/795
f 795/795 1937/1937 554/554
f 553/553 1936/1936 429/429
f 429/429 1060/1060 553/553
f 553/553 1060/1060 1968/1968
f 1968/1968 624/624 553/553
f 554/554 625/625 1881/1881
f 1881/1881 2585/2585 554/554
f 63/63 1924/1924 2271/2271
f 2271/2271 1157/1157 63/63
f 63/63 1157/1157 2411/2411
f 2411/2411 1851/1851 63/63
f 64/64 1852/1852 1986/1986
f 1986/1986 645/645 64/64
f 63/63 644/644 445/445
f 445/445 1924/1924 63/63
f 1714/1714 2457/2457 446/446
f 446/446 646/646 1714/1714
f 1715/1715 645/645 1986/1986
f 1986/1986 2194/2194 1715/1715
f 1714/1714 2195/2195 430/430
f 430/430 1937/1937 1714/1714
f 1714/1714 1937/1937 795/795
f 795/795 2457/2457 1714/1714
f 2170/2170 2077/2077 1445/1445
f 1445/1445 1712/1712 2170/2170
f 2170/2170 1712/1712 2577/2577
f 2577/2577 1131/1131 2170/2170
f 2171/2171 1132/1132 980/980
f 980/980 1462/1462 2171/2171
f 2171/2171 1462/1462 1079/1079
f 1079/1079 2078/2078 2171/2171
f 1015/1015 2629/2629 2557/2557
f 2557/2557 1895/1895 1015/1015
f 1013/1013 1894/1894 353/353
f 353/353 1200/1200 1013/1013
f 1013/1013 1200/1200 2576/2576
f 2576/2576 1711/1711 1013/1013
f 1014/1014 1712/1712 1445/1445
f 1445/1445 2628/2628 1014/1014
f 1858/1858 67/67 250/250
f 250/250 1093/1093 1858/1858
f 1858/1858 1093/1093 411/411
f 411/411 1744/1744 1858/1858
f 1858/1858 1744/1744 354/354
f 354/354 1895/1895 1858/1858
f 1858/1858 1895/1895 2557/2557
f 2557/2557 67/67 1858/1858
f 1671/1671 2154/2154 1082/1082
f 1082/1082 2137/2137 1671/1671
f 1670/1670 2136/2136 1137/1137
f 1137/1137 2367/2367 1670/1670
f 1670/1670 2367/2367 410/410
f 410/410 1092/1092 1670/1670
f 1671/1671 1093/1093 250/250
f 250/250 2154/2154 1671/1671
f 1909/1909 894/894 1079/1079
f 1079/1079 1462/1462 1909/1909
f 1909/1909 1462/1462 980/980
f 980/980 1735/1735 1909/1909
f 1909/1909 1735/1735 1335/1335
f 1335/1335 2529/2529 1909/1909
f 1909/1909 2529/2529 1381/1381
f 1381/1381 894/894 1909/1909
f 364/364 1254/1254 305/305
f 305/305 2006/2006 364/364
f 364/364 2006/2006 464/464
f 464/464 1634/1634 364/364
f 364/364 1634/1634 491/491
f 491/491 2076/2076 364/364
f 364/364 2076/2076 852/852
f 852/852 1254/1254 364/364
f 547/547 1213/1213 754/754
f 754/754 2385/2385 547/547
f 546/546 2384/2384 1782/1782
f 1782/1782 2449/2449 546/546
f 546/546 2449/2449 531/531
f 531/531 1164/1164 546/546
f 547/547 1165/1165 1425/1425
f 1425/1425 1213/1213 547/547
f 975/975 1558/1558 2312/2312
f 2312/2312 1253/1253 975/975
f 974/974 1252/1252 668/668
f 668/668 1244/1244 974/974
f 974/974 1244/1244 1137/1137
f 1137/1137 2136/2136 974/974
f 975/975 2137/2137 1082/1082
f 1082/1082 1558/1558 975/975
f 1596/1596 2159/2159 1381/1381
f 1381/1381 2529/2529 1596/1596
f 1596/1596 2529/2529 1335/1335
f 1335/1335 771/771 1596/1596
f 1596/1596 771/771 956/956
f 956/956 1513/1513 1596/1596
f 1596/1596 1513/1513 2533/2533
f 2533/2533 2159/2159 1596/1596
f 2284/2284 1992/1992 1425/1425
f 1425/1425 1165/1165 2284/2284
f 2283/2283 1164/1164 531/531
f 531/531 2294/2294 2283/2283
f 2283/2283 2294/2294 668/668
f 668/668 1252/1252 2283/2283
f 2285/2285 1253/1253 2312/2312
f 2312/2312 1993/1993 2285/2285
f 760/760 2187/2187 2533/2533
f 2533/2533 1513/1513 760/760
f 760/760 1513/1513 956/956
f 956/956 1170/1170 760/760
f 760/760 1170/1170 464/464
f 464/464 2006/2006 760/760
f 760/760 2006/2006 305/305
f 305/305 2187/2187 760/760
f 2092/2092 1083/1083 2404/2404
f 2404/2404 2543/2543 2092/2092
f 2092/2092 2543/2543 2463/2463
f 2463/2463 400/400 2092/2092
f 2092/2092 400/400 1184/1184
f 1184/1184 1022/1022 2092/2092
f 2092/2092 1022/1022 420/420
f 420/420 1083/1083 2092/2092
f 2692/2692 275/275 1881/1881
f 1881/1881 625/625 2692/2692
f 2691/2691 624/624 1968/1968
f 1968/1968 1091/1091 2691/2691
f 2691/2691 1091/1091 1642/1642
f 1642/1642 1101/1101 2691/2691
f 2692/2692 1102/1102 1783/1783
f 1783/1783 275/275 2692/2692
f 700/700 786/786 831/831
f 831/831 1266/1266 700/700
f 700/700 1266/1266 543/543
f 543/543 998/998 700/700
f 700/700 998/998 1256/1256
f 1256/1256 1870/1870 700/700
f 700/700 1870/1870 451/451
f 451/451 786/786 700/700
f 1511/1511 945/945 241/241
f 241/241 850/850 1511/1511
f 1510/1510 849/849 1912/1912
f 1912/1912 1647/1647 1510/1510
f 1510/1510 1647/1647 1856/1856
f 1856/1856 737/737 1510/1510
f 1511/1511 738/738 35/35
f 35/35 945/945 1511/1511
f 1708/1708 2547/2547 451/451
f 451/451 1870/1870 1708/1708
f 1708/1708 1870/1870 1256/1256
f 1256/1256 393/393 1708/1708
f 1708/1708 393/393 620/620
f 620/620 801/801 1708/1708
f 1707/1707 800/800 348/348
f 348/348 2546/2546 1707/1707
f 2293/2293 1465/1465 939/939
f 939/939 260/260 2293/2293
f 2291/2291 261/261 885/885
f 885/885 1383/1383 2291/2291
f 2291/2291 1383/1383 1912/1912
f 1912/1912 849/849 2291/2291
f 2292/2292 850/850 241/241
f 241/241 1464/1464 2292/2292
f 2592/2592 1156/1156 1783/1783
f 1783/1783 1102/1102 2592/2592
f 2593/2593 1101/1101 1642/1642
f 1642/1642 394/394 2593/2593
f 2593/2593 394/394 885/885
f 885/885 261/261 2593/2593
f 2592/2592 260/260 939/939
f 939/939 1156/1156 2592/2592
f 316/316 1576/1576 350/350
f 350/350 802/802 316/316
f 315/315 801/801 620/620
f 620/620 878/878 315/315
f 315/315 878/878 2463/2463
f 2463/2463 2543/2543 315/315
f 315/315 2543/2543 2404/2404
f 2404/2404 1575/1575 315/315
f 407/407 2407/2407 1836/1836
f 1836/1836 2534/2534 407/407
f 407/407 2534/2534 2703/2703
f 2703/2703 657/657 407/407
f 407/407 657/657 1595/1595
f 1595/1595 2115/2115 407/407
f 407/407 2115/2115 2100/2100
f 2100/2100 2407/2407 407/407
f 2039/2039 1234/1234 1759/1759
f 1759/1759 986/986 2039/2039
f 2039/2039 986/986 2081/2081
f 2081/2081 2019/2019 2039/2039
f 2039/2039 2019/2019 1669/1669
f 1669/1669 1787/1787 2039/2039
f 2039/2039 1787/1787 1660/1660
f 1660/1660 1234/1234 2039/2039
f 1280/1280 1089/1089 2722/2722
f 2722/2722 579/579 1280/1280
f 1280/1280 579/579 135/135
f 135/135 1601/1601 1280/1280
f 1280/1280 1601/1601 1411/1411
f 1411/1411 335/335 1280/1280
f 1280/1280 335/335 1259/1259
f 1259/1259 1089/1089 1280/1280
f 762/762 1601/1601 135/135
f 135/135 1525/1525 762/762
f 762/762 1525/1525 1334/1334
f 1334/1334 1846/1846 762/762
f 762/762 1846/1846 745/745
f 745/745 2455/2455 762/762
f 762/762 2455/2455 1411/1411
f 1411/1411 1601/1601 762/762
f 2687/2687 765/765 363/363
f 363/363 1853/1853 2687/2687
f 2687/2687 1853/1853 1183/1183
f 1183/1183 1360/1360 2687/2687
f 2687/2687 1360/1360 1144/1144
f 1144/1144 219/219 2687/2687
f 2687/2687 219/219 1490/1490
f 1490/1490 765/765 2687/2687
f 22/22 2059/2059 2142/2142
f 2142/2142 1318/1318 22/22
f 22/22 1318/1318 1876/1876
f 1876/1876 2196/2196 22/22
f 22/22 2196/2196 2160/2160
f 2160/2160 861/861 22/22
f 22/22 861/861 2415/2415
f 2415/2415 2059/2059 22/22
f 39/39 30/30 1689/1689
f 1689/1689 1139/1139 39/39
f 39/39 1139/1139 1011/1011
f 1011/1011 493/493 39/39
f 39/39 493/493 1876/1876
f 1876/1876 1318/1318 39/39
f 39/39 1318/1318 2142/2142
f 2142/2142 30/30 39/39
f 1227/1227 1827/1827 1024/1024
f 1024/1024 1125/1125 1227/1227
f 1227/1227 1125/1125 533/533
f 533/533 1375/1375 1227/1227
f 1227/1227 1375/1375 135/135
f 135/135 579/579 1227/1227
f 1227/1227 579/579 2722/2722
f 2722/2722 1827/1827 1227/1227
f 2001/2001 2698/2698 1162/1162
f 1162/1162 1726/1726 2001/2001
f 2001/2001 1726/1726 629/629
f 629/629 2101/2101 2001/2001
f 2001/2001 2101/2101 2081/2081
f 2081/2081 986/986 2001/2001
f 2001/2001 986/986 1759/1759
f 1759/1759 2698/2698 2001/2001
f 290/290 966/966 1259/1259
f 1259/1259 335/335 290/290
f 290/290 335/335 1411/1411
f 1411/1411 2143/2143 290/290
f 290/290 2143/2143 2160/2160
f 2160/2160 2196/2196 290/290
f 290/290 2196/2196 1876/1876
f 1876/1876 966/966 290/290
f 151/151 1395/1395 1660/1660
f 1660/1660 1787/1787 151/151
f 151/151 1787/1787 1669/1669
f 1669/1669 138/138 151/151
f 151/151 138/138 837/837
f 837/837 2527/2527 151/151
f 151/151 2527/2527 999/999
f 999/999 1395/1395 151/151
f 1402/1402 306/306 1285/1285
f 1285/1285 1432/1432 1402/1402
f 1402/1402 1432/1432 2671/2671
f 2671/2671 194/194 1402/1402
f 1402/1402 194/194 292/292
f 292/292 2172/2172 1402/1402
f 1402/1402 2172/2172 2277/2277
f 2277/2277 306/306 1402/1402
f 2621/2621 2337/2337 2277/2277
f 2277/2277 2172/2172 2621/2621
f 2621/2621 2172/2172 292/292
f 292/292 2676/2676 2621/2621
f 2621/2621 2676/2676 2380/2380
f 2380/2380 2337/2337 2621/2621
f 1948/1948 60/60 362/362
f 362/362 1624/1624 1948/1948
f 1948/1948 1624/1624 1836/1836
f 1836/1836 2407/2407 1948/1948
f 1948/1948 2407/2407 2100/2100
f 2100/2100 1701/1701 1948/1948
f 1948/1948 1701/1701 116/116
f 116/116 60/60 1948/1948
f 1206/1206 846/846 2328/2328
f 2328/2328 2695/2695 1206/1206
f 1206/1206 2695/2695 1162/1162
f 1162/1162 2698/2698 1206/1206
f 1206/1206 2698/2698 1759/1759
f 1759/1759 1228/1228 1206/1206
f 1206/1206 1228/1228 827/827
f 827/827 846/846 1206/1206
f 2478/2478 2087/2087 827/827
f 827/827 1228/1228 2478/2478
f 2478/2478 1228/1228 1759/1759
f 1759/1759 1234/1234 2478/2478
f 2478/2478 1234/1234 1660/1660
f 1660/1660 4/4 2478/2478
f 2478/2478 4/4 2370/2370
f 2370/2370 2087/2087 2478/2478
f 255/255 2608/2608 2370/2370
f 2370/2370 4/4 255/255
f 255/255 4/4 1660/1660
f 1660/1660 1395/1395 255/255
f 255/255 1395/1395 999/999
f 999/999 1322/1322 255/255
f 255/255 1322/1322 898/898
f 898/898 2608/2608 255/255
f 536/536 93/93 336/336
f 336/336 597/597 536/536
f 536/536 597/597 653/653
f 653/653 1449/1449 536/536
f 536/536 1449/1449 1011/1011
f 1011/1011 1139/1139 536/536
f 536/536 1139/1139 1689/1689
f 1689/1689 93/93 536/536
f 499/499 147/147 1605/1605
f 1605/1605 213/213 499/499
f 499/499 213/213 575/575
f 575/575 1862/1862 499/499
f 499/499 1862/1862 2544/2544
f 2544/2544 1168/1168 499/499
f 499/499 1168/1168 426/426
f 426/426 147/147 499/499
f 1440/1440 1790/1790 2085/2085
f 2085/2085 169/169 1440/1440
f 1440/1440 169/169 1588/1588
f 1588/1588 97/97 1440/1440
f 1440/1440 97/97 575/575
f 575/575 213/213 1440/1440
f 1440/1440 213/213 1605/1605
f 1605/1605 1790/1790 1440/1440
f 984/984 2335/2335 1588/1588
f 1588/1588 169/169 984/984
f 984/984 169/169 2085/2085
f 2085/2085 2245/2245 984/984
f 984/984 2245/2245 686/686
f 686/686 1981/1981 984/984
f 985/985 1982/1982 2320/2320
f 2320/2320 2336/2336 985/985
f 1124/1124 2513/2513 616/616
f 616/616 1913/1913 1124/1124
f 1124/1124 1913/1913 45/45
f 45/45 723/723 1124/1124
f 1124/1124 723/723 346/346
f 346/346 1815/1815 1124/1124
f 1124/1124 1815/1815 544/544
f 544/544 2513/2513 1124/1124
f 1954/1954 683/683 544/544
f 544/544 1815/1815 1954/1954
f 1954/1954 1815/1815 346/346
f 346/346 2477/2477 1954/1954
f 1954/1954 2477/2477 1427/1427
f 1427/1427 2174/2174 1954/1954
f 1954/1954 2174/2174 860/860
f 860/860 683/683 1954/1954
f 366/366 946/946 229/229
f 229/229 1574/1574 366/366
f 366/366 1574/1574 247/247
f 247/247 1770/1770 366/366
f 366/366 1770/1770 1034/1034
f 1034/1034 2333/2333 366/366
f 366/366 2333/2333 550/550
f 550/550 946/946 366/366
f 323/323 2258/2258 2623/2623
f 2623/2623 2554/2554 323/323
f 323/323 2554/2554 1263/1263
f 1263/1263 1737/1737 323/323
f 323/323 1737/1737 247/247
f 247/247 1574/1574 323/323
f 323/323 1574/1574 229/229
f 229/229 2258/2258 323/323
f 2263/2263 636/636 1683/1683
f 1683/1683 965/965 2263/2263
f 2263/2263 965/965 1325/1325
f 1325/1325 959/959 2263/2263
f 2263/2263 959/959 501/501
f 501/501 1793/1793 2263/2263
f 2263/2263 1793/1793 2130/2130
f 2130/2130 636/636 2263/2263
f 1804/1804 708/708 173/173
f 173/173 1250/1250 1804/1804
f 1804/1804 1250/1250 1116/1116
f 1116/1116 36/36 1804/1804
f 1804/1804 36/36 1324/1324
f 1324/1324 964/964 1804/1804
f 1804/1804 964/964 1682/1682
f 1682/1682 708/708 1804/1804
f 100/100 1070/1070 1116/1116
f 1116/1116 1250/1250 100/100
f 100/100 1250/1250 173/173
f 173/173 2344/2344 100/100
f 100/100 2344/2344 1068/1068
f 1068/1068 299/299 100/100
f 100/100 299/299 689/689
f 689/689 1070/1070 100/100
f 2202/2202 883/883 689/689
f 689/689 299/299 2202/2202
f 2202/2202 299/299 1068/1068
f 1068/1068 301/301 2202/2202
f 2202/2202 301/301 352/352
f 352/352 891/891 2202/2202
f 2202/2202 891/891 677/677
f 677/677 883/883 2202/2202
f 818/818 2201/2201 677/677
f 677/677 891/891 818/818
f 818/818 891/891 352/352
f 352/352 128/128 818/818
f 818/818 128/128 704/704
f 704/704 1673/1673 818/818
f 818/818 1673/1673 344/344
f 344/344 2201/2201 818/818
f 57/57 2361/2361 862/862
f 862/862 2026/2026 57/57
f 57/57 2026/2026 735/735
f 735/735 1482/1482 57/57
f 57/57 1482/1482 1868/1868
f 1868/1868 506/506 57/57
f 57/57 506/506 401/401
f 401/401 2361/2361 57/57
f 264/264 639/639 2102/2102
f 2102/2102 866/866 264/264
f 264/264 866/866 1222/1222
f 1222/1222 1672/1672 264/264
f 264/264 1672/1672 735/735
f 735/735 2026/2026 264/264
f 264/264 2026/2026 862/862
f 862/862 639/639 264/264
f 1688/1688 2644/2644 2340/2340
f 2340/2340 1702/1702 1688/1688
f 1688/1688 1702/1702 403/403
f 403/403 370/370 1688/1688
f 1687/1687 369/369 1222/1222
f 1222/1222 866/866 1687/1687
f 1687/1687 866/866 2102/2102
f 2102/2102 2643/2643 1687/1687
f 26/26 232/232 1892/1892
f 1892/1892 2413/2413 26/26
f 26/26 2413/2413 1110/1110
f 1110/1110 1441/1441 26/26
f 26/26 1441/1441 403/403
f 403/403 1702/1702 26/26
f 26/26 1702/1702 2340/2340
f 2340/2340 232/232 26/26
f 1113/1113 1942/1942 1560/1560
f 1560/1560 1698/1698 1113/1113
f 1113/1113 1698/1698 402/402
f 402/402 2458/2458 1113/1113
f 1113/1113 2458/2458 1110/1110
f 1110/1110 2413/2413 1113/1113
f 1113/1113 2413/2413 1892/1892
f 1892/1892 1942/1942 1113/1113
f 289/289 278/278 287/287
f 287/287 87/87 289/289
f 289/289 87/87 1533/1533
f 1533/1533 1690/1690 289/289
f 289/289 1690/1690 402/402
f 402/402 1698/1698 289/289
f 289/289 1698/1698 1560/1560
f 1560/1560 278/278 289/289
f 2562/2562 1002/1002 2710/2710
f 2710/2710 574/574 2562/2562
f 2562/2562 574/574 1950/1950
f 1950/1950 1271/1271 2562/2562
f 2562/2562 1271/1271 1533/1533
f 1533/1533 87/87 2562/2562
f 2562/2562 87/87 287/287
f 287/287 1002/1002 2562/2562
f 1249/1249 46/46 176/176
f 176/176 2466/2466 1249/1249
f 1249/1249 2466/2466 1175/1175
f 1175/1175 2624/2624 1249/1249
f 1249/1249 2624/2624 1950/1950
f 1950/1950 574/574 1249/1249
f 1249/1249 574/574 2710/2710
f 2710/2710 46/46 1249/1249
f 1341/1341 832/832 1392/1392
f 1392/1392 1209/1209 1341/1341
f 1341/1341 1209/1209 2591/2591
f 2591/2591 7/7 1341/1341
f 1341/1341 7/7 1175/1175
f 1175/1175 2466/2466 1341/1341
f 1341/1341 2466/2466 176/176
f 176/176 832/832 1341/1341
f 2108/2108 186/186 550/550
f 550/550 2333/2333 2108/2108
f 2107/2107 2332/2332 1033/1033
f 1033/1033 179/179 2107/2107
f 2106/2106 180/180 860/860
f 860/860 2174/2174 2106/2106
f 2106/2106 2174/2174 1427/1427
f 1427/1427 1638/1638 2106/2106
f 2109/2109 1637/1637 398/398
f 398/398 185/185 2109/2109
f 1327/1327 1312/1312 2288/2288
f 2288/2288 1099/1099 1327/1327
f 1327/1327 1099/1099 582/582
f 582/582 643/643 1327/1327
f 1327/1327 643/643 280/280
f 280/280 2161/2161 1327/1327
f 1327/1327 2161/2161 2518/2518
f 2518/2518 1312/1312 1327/1327
f 1487/1487 1439/1439 2142/2142
f 2142/2142 2059/2059 1487/1487
f 1487/1487 2059/2059 2415/2415
f 2415/2415 108/108 1487/1487
f 1487/1487 108/108 687/687
f 687/687 2244/2244 1487/1487
f 1487/1487 2244/2244 2084/2084
f 2084/2084 1439/1439 1487/1487
f 1949/1949 1439/1439 2084/2084
f 2084/2084 1789/1789 1949/1949
f 1949/1949 1789/1789 1604/1604
f 1604/1604 308/308 1949/1949
f 1949/1949 308/308 1689/1689
f 1689/1689 30/30 1949/1949
f 1949/1949 30/30 2142/2142
f 2142/2142 1439/1439 1949/1949
f 284/284 309/309 1605/1605
f 1605/1605 147/147 284/284
f 284/284 147/147 426/426
f 426/426 1397/1397 284/284
f 283/283 1396/1396 336/336
f 336/336 93/93 283/283
f 283/283 93/93 1689/1689
f 1689/1689 308/308 283/283
f 1088/1088 2061/2061 2703/2703
f 2703/2703 2534/2534 1088/1088
f 1088/1088 2534/2534 1836/1836
f 1836/1836 2584/2584 1088/1088
f 1087/1087 2583/2583 176/176
f 176/176 46/46 1087/1087
f 1087/1087 46/46 2710/2710
f 2710/2710 2060/2060 1087/1087
f 2119/2119 2584/2584 1836/1836
f 1836/1836 1624/1624 2119/2119
f 2119/2119 1624/1624 362/362
f 362/362 297/297 2119/2119
f 2118/2118 296/296 1392/1392
f 1392/1392 832/832 2118/2118
f 2118/2118 832/832 176/176
f 176/176 2583/2583 2118/2118
f 1185/1185 277/277 1683/1683
f 1683/1683 636/636 1185/1185
f 1185/1185 636/636 2130/2130
f 2130/2130 1133/1133 1185/1185
f 1185/1185 1133/1133 1180/1180
f 1180/1180 1725/1725 1185/1185
f 1185/1185 1725/1725 1019/1019
f 1019/1019 277/277 1185/1185
f 1134/1134 2236/2236 2623/2623
f 2623/2623 2258/2258 1134/1134
f 1134/1134 2258/2258 229/229
f 229/229 1216/1216 1134/1134
f 1134/1134 1216/1216 540/540
f 540/540 1051/1051 1134/1134
f 1134/1134 1051/1051 199/199
f 199/199 2236/2236 1134/1134
f 1654/1654 2110/2110 2494/2494
f 2494/2494 1958/1958 1654/1654
f 1654/1654 1958/1958 2027/2027
f 2027/2027 941/941 1654/1654
f 1654/1654 941/941 345/345
f 345/345 722/722 1654/1654
f 1654/1654 722/722 44/44
f 44/44 2110/2110 1654/1654
f 228/228 1059/1059 2339/2339
f 2339/2339 2642/2642 228/228
f 228/228 2642/2642 2103/2103
f 2103/2103 1052/1052 228/228
f 228/228 1052/1052 2518/2518
f 2518/2518 347/347 228/228
f 228/228 347/347 1358/1358
f 1358/1358 1059/1059 228/228
f 571/571 1216/1216 229/229
f 229/229 946/946 571/571
f 571/571 946/946 550/550
f 550/550 186/186 571/571
f 571/571 186/186 396/396
f 396/396 1286/1286 571/571
f 571/571 1286/1286 540/540
f 540/540 1216/1216 571/571
f 2441/2441 941/941 2027/2027
f 2027/2027 768/768 2441/2441
f 2441/2441 768/768 397/397
f 397/397 1636/1636 2441/2441
f 2442/2442 1638/1638 1427/1427
f 1427/1427 2477/2477 2442/2442
f 2442/2442 2477/2477 346/346
f 346/346 942/942 2442/2442
f 1709/1709 1052/1052 2103/2103
f 2103/2103 638/638 1709/1709
f 1710/1710 639/639 862/862
f 862/862 205/205 1710/1710
f 1709/1709 206/206 2288/2288
f 2288/2288 1312/1312 1709/1709
f 1709/1709 1312/1312 2518/2518
f 2518/2518 1052/1052 1709/1709
f 1522/1522 2571/2571 2075/2075
f 2075/2075 142/142 1522/1522
f 1522/1522 142/142 2498/2498
f 2498/2498 565/565 1522/1522
f 1522/1522 565/565 704/704
f 704/704 128/128 1522/1522
f 1522/1522 128/128 352/352
f 352/352 2571/2571 1522/1522
f 2688/2688 205/205 862/862
f 862/862 2361/2361 2688/2688
f 2688/2688 2361/2361 401/401
f 401/401 215/215 2688/2688
f 2689/2689 216/216 582/582
f 582/582 1099/1099 2689/2689
f 2689/2689 1099/1099 2288/2288
f 2288/2288 206/206 2689/2689
f 2429/2429 1089/1089 1259/1259
f 1259/1259 1681/1681 2429/2429
f 2429/2429 1681/1681 1669/1669
f 1669/1669 2019/2019 2429/2429
f 2429/2429 2019/2019 2081/2081
f 2081/2081 2631/2631 2429/2429
f 2429/2429 2631/2631 2722/2722
f 2722/2722 1089/1089 2429/2429
f 2610/2610 1265/1265 1025/1025
f 1025/1025 679/679 2610/2610
f 2610/2610 679/679 630/630
f 630/630 1727/1727 2610/2610
f 2610/2610 1727/1727 1163/1163
f 1163/1163 728/728 2610/2610
f 2610/2610 728/728 814/814
f 814/814 1265/1265 2610/2610
f 2542/2542 1827/1827 2722/2722
f 2722/2722 2631/2631 2542/2542
f 2542/2542 2631/2631 2081/2081
f 2081/2081 2101/2101 2542/2542
f 2542/2542 2101/2101 629/629
f 629/629 678/678 2542/2542
f 2542/2542 678/678 1024/1024
f 1024/1024 1827/1827 2542/2542
f 1306/1306 966/966 1876/1876
f 1876/1876 2618/2618 1306/1306
f 1307/1307 2619/2619 838/838
f 838/838 139/139 1307/1307
f 1306/1306 138/138 1669/1669
f 1669/1669 1681/1681 1306/1306
f 1306/1306 1681/1681 1259/1259
f 1259/1259 966/966 1306/1306
f 1063/1063 492/492 1012/1012
f 1012/1012 929/929 1063/1063
f 1063/1063 929/929 1000/1000
f 1000/1000 2526/2526 1063/1063
f 1063/1063 2526/2526 838/838
f 838/838 2619/2619 1063/1063
f 1064/1064 2618/2618 1876/1876
f 1876/1876 493/493 1064/1064
f 311/311 1612/1612 814/814
f 814/814 728/728 311/311
f 310/310 727/727 1162/1162
f 1162/1162 2695/2695 310/310
f 310/310 2695/2695 2328/2328
f 2328/2328 2632/2632 310/310
f 311/311 2633/2633 1319/1319
f 1319/1319 1612/1612 311/311
f 66/66 1450/1450 654/654
f 654/654 764/764 66/66
f 65/65 763/763 898/898
f 898/898 1322/1322 65/65
f 65/65 1322/1322 999/999
f 999/999 928/928 65/65
f 66/66 929/929 1012/1012
f 1012/1012 1450/1450 66/66
f 5/5 2401/2401 401/401
f 401/401 506/506 5/5
f 5/5 506/506 1868/1868
f 1868/1868 1423/1423 5/5
f 6/6 1422/1422 344/344
f 344/344 1673/1673 6/6
f 6/6 1673/1673 704/704
f 704/704 2402/2402 6/6
f 2506/2506 215/215 401/401
f 401/401 2401/2401 2506/2506
f 2508/2508 2402/2402 704/704
f 704/704 565/565 2508/2508
f 2508/2508 565/565 2498/2498
f 2498/2498 2072/2072 2508/2508
f 2507/2507 2071/2071 582/582
f 582/582 216/216 2507/2507
f 2307/2307 1460/1460 1795/1795
f 1795/1795 2487/2487 2307/2307
f 2307/2307 2487/2487 1699/1699
f 1699/1699 1543/1543 2307/2307
f 2307/2307 1543/1543 1866/1866
f 1866/1866 2219/2219 2307/2307
f 2307/2307 2219/2219 1984/1984
f 1984/1984 1460/1460 2307/2307
f 839/839 1534/1534 2100/2100
f 2100/2100 2115/2115 839/839
f 839/839 2115/2115 1595/1595
f 1595/1595 70/70 839/839
f 839/839 70/70 1024/1024
f 1024/1024 1264/1264 839/839
f 839/839 1264/1264 813/813
f 813/813 1534/1534 839/839
f 1415/1415 2391/2391 116/116
f 116/116 1701/1701 1415/1415
f 1415/1415 1701/1701 2100/2100
f 2100/2100 1534/1534 1415/1415
f 1416/1416 1535/1535 814/814
f 814/814 1612/1612 1416/1416
f 1416/1416 1612/1612 1319/1319
f 1319/1319 2392/2392 1416/1416
f 25/25 1956/1956 1595/1595
f 1595/1595 657/657 25/25
f 25/25 657/657 2703/2703
f 2703/2703 920/920 25/25
f 25/25 920/920 2208/2208
f 2208/2208 2700/2700 25/25
f 25/25 2700/2700 2058/2058
f 2058/2058 1956/1956 25/25
f 2586/2586 2161/2161 280/280
f 280/280 823/823 2586/2586
f 2586/2586 823/823 454/454
f 454/454 1413/1413 2586/2586
f 2586/2586 1413/1413 1358/1358
f 1358/1358 347/347 2586/2586
f 2586/2586 347/347 2518/2518
f 2518/2518 2161/2161 2586/2586
f 788/788 920/920 2703/2703
f 2703/2703 2061/2061 788/788
f 788/788 2061/2061 2711/2711
f 2711/2711 1001/1001 788/788
f 788/788 1001/1001 286/286
f 286/286 1938/1938 788/788
f 788/788 1938/1938 2208/2208
f 2208/2208 920/920 788/788
f 230/230 1196/1196 2349/2349
f 2349/2349 658/658 230/230
f 230/230 658/658 2075/2075
f 2075/2075 2571/2571 230/230
f 230/230 2571/2571 352/352
f 352/352 301/301 230/230
f 230/230 301/301 1068/1068
f 1068/1068 1196/1196 230/230
f 1146/1146 2219/2219 1866/1866
f 1866/1866 519/519 1146/1146
f 1146/1146 519/519 2653/2653
f 2653/2653 2093/2093 1146/1146
f 1146/1146 2093/2093 979/979
f 979/979 96/96 1146/1146
f 1146/1146 96/96 1984/1984
f 1984/1984 2219/2219 1146/1146
f 2065/2065 1125/1125 1024/1024
f 1024/1024 70/70 2065/2065
f 2065/2065 70/70 1595/1595
f 1595/1595 1956/1956 2065/2065
f 2065/2065 1956/1956 2058/2058
f 2058/2058 1311/1311 2065/2065
f 2065/2065 1311/1311 533/533
f 533/533 1125/1125 2065/2065
f 1457/1457 1853/1853 363/363
f 363/363 332/332 1457/1457
f 1457/1457 332/332 534/534
f 534/534 681/681 1457/1457
f 1457/1457 681/681 1821/1821
f 1821/1821 2538/2538 1457/1457
f 1457/1457 2538/2538 1183/1183
f 1183/1183 1853/1853 1457/1457
f 2587/2587 1525/1525 135/135
f 135/135 1375/1375 2587/2587
f 2587/2587 1375/1375 533/533
f 533/533 1739/1739 2587/2587
f 2587/2587 1739/1739 2297/2297
f 2297/2297 2454/2454 2587/2587
f 2587/2587 2454/2454 1334/1334
f 1334/1334 1525/1525 2587/2587
f 2616/2616 2578/2578 1893/1893
f 1893/1893 233/233 2616/2616
f 2616/2616 233/233 2339/2339
f 2339/2339 1059/1059 2616/2616
f 2616/2616 1059/1059 1358/1358
f 1358/1358 1129/1129 2616/2616
f 2616/2616 1129/1129 1461/1461
f 1461/1461 2578/2578 2616/2616
f 2530/2530 276/276 1018/1018
f 1018/1018 27/27 2530/2530
f 2530/2530 27/27 911/911
f 911/911 2614/2614 2530/2530
f 2530/2530 2614/2614 173/173
f 173/173 708/708 2530/2530
f 2530/2530 708/708 1682/1682
f 1682/1682 276/276 2530/2530
f 693/693 2641/2641 2058/2058
f 2058/2058 2700/2700 693/693
f 693/693 2700/2700 2208/2208
f 2208/2208 2469/2469 693/693
f 693/693 2469/2469 776/776
f 776/776 580/580 693/693
f 693/693 580/580 2204/2204
f 2204/2204 2641/2641 693/693
f 1456/1456 328/328 1461/1461
f 1461/1461 2438/2438 1456/1456
f 1456/1456 2438/2438 2590/2590
f 2590/2590 457/457 1456/1456
f 1456/1456 457/457 2204/2204
f 2204/2204 580/580 1456/1456
f 1456/1456 580/580 776/776
f 776/776 328/328 1456/1456
f 655/655 1413/1413 454/454
f 454/454 617/617 655/655
f 655/655 617/617 2590/2590
f 2590/2590 2438/2438 655/655
f 655/655 2438/2438 1461/1461
f 1461/1461 1129/1129 655/655
f 655/655 1129/1129 1358/1358
f 1358/1358 1413/1413 655/655
f 940/940 2469/2469 2208/2208
f 2208/2208 1938/1938 940/940
f 940/940 1938/1938 286/286
f 286/286 279/279 940/940
f 940/940 279/279 1559/1559
f 1559/1559 51/51 940/940
f 940/940 51/51 776/776
f 776/776 2469/2469 940/940
f 799/799 328/328 776/776
f 776/776 51/51 799/799
f 799/799 51/51 1559/1559
f 1559/1559 1941/1941 799/799
f 799/799 1941/1941 1893/1893
f 1893/1893 2578/2578 799/799
f 799/799 2578/2578 1461/1461
f 1461/1461 328/328 799/799
f 2356/2356 2344/2344 173/173
f 173/173 2435/2435 2356/2356
f 2356/2356 2435/2435 1076/1076
f 1076/1076 1326/1326 2356/2356
f 2356/2356 1326/1326 2349/2349
f 2349/2349 1196/1196 2356/2356
f 2356/2356 1196/1196 1068/1068
f 1068/1068 2344/2344 2356/2356
f 1115/1115 2614/2614 911/911
f 911/911 2003/2003 1115/1115
f 1115/1115 2003/2003 1076/1076
f 1076/1076 2435/2435 1115/1115
f 1114/1114 2434/2434 172/172
f 172/172 2613/2613 1114/1114
f 2716/2716 671/671 1126/1126
f 1126/1126 879/879 2716/2716
f 2716/2716 879/879 24/24
f 24/24 425/425 2716/2716
f 2716/2716 425/425 979/979
f 979/979 2093/2093 2716/2716
f 2716/2716 2093/2093 2653/2653
f 2653/2653 671/671 2716/2716
f 1469/1469 1739/1739 533/533
f 533/533 1311/1311 1469/1469
f 1469/1469 1311/1311 2058/2058
f 2058/2058 2641/2641 1469/1469
f 1469/1469 2641/2641 2204/2204
f 2204/2204 1297/1297 1469/1469
f 1469/1469 1297/1297 2297/2297
f 2297/2297 1739/1739 1469/1469
f 530/530 548/548 1821/1821
f 1821/1821 681/681 530/530
f 530/530 681/681 534/534
f 534/534 1531/1531 530/530
f 530/530 1531/1531 24/24
f 24/24 879/879 530/530
f 530/530 879/879 1126/1126
f 1126/1126 548/548 530/530
f 743/743 1746/1746 2297/2297
f 2297/2297 1297/1297 743/743
f 743/743 1297/1297 2204/2204
f 2204/2204 457/457 743/743
f 743/743 457/457 2590/2590
f 2590/2590 1746/1746 743/743
f 1049/1049 2552/2552 1261/1261
f 1261/1261 2433/2433 1049/1049
f 1049/1049 2433/2433 2321/2321
f 2321/2321 1981/1981 1049/1049
f 1049/1049 1981/1981 686/686
f 686/686 1633/1633 1049/1049
f 1049/1049 1633/1633 670/670
f 670/670 2552/2552 1049/1049
f 109/109 2004/2004 2358/2358
f 2358/2358 1548/1548 109/109
f 109/109 1548/1548 1261/1261
f 1261/1261 2552/2552 109/109
f 109/109 2552/2552 670/670
f 670/670 244/244 109/109
f 109/109 244/244 435/435
f 435/435 2004/2004 109/109
f 1417/1417 1913/1913 616/616
f 616/616 74/74 1417/1417
f 1417/1417 74/74 2358/2358
f 2358/2358 2004/2004 1417/1417
f 1417/1417 2004/2004 435/435
f 435/435 1039/1039 1417/1417
f 1417/1417 1039/1039 45/45
f 45/45 1913/1913 1417/1417
f 772/772 2553/2553 2622/2622
f 2622/2622 1755/1755 772/772
f 772/772 1755/1755 514/514
f 514/514 1995/1995 772/772
f 772/772 1995/1995 718/718
f 718/718 1103/1103 772/772
f 772/772 1103/1103 1262/1262
f 1262/1262 2553/2553 772/772
f 1058/1058 1995/1995 514/514
f 514/514 1273/1273 1058/1058
f 1058/1058 1273/1273 2130/2130
f 2130/2130 1793/1793 1058/1058
f 1058/1058 1793/1793 501/501
f 501/501 2448/2448 1058/1058
f 1058/1058 2448/2448 718/718
f 718/718 1995/1995 1058/1058
f 1507/1507 2224/2224 2295/2295
f 2295/2295 2008/2008 1507/1507
f 1507/1507 2008/2008 828/828
f 828/828 1840/1840 1507/1507
f 1507/1507 1840/1840 1799/1799
f 1799/1799 319/319 1507/1507
f 1507/1507 319/319 744/744
f 744/744 2224/2224 1507/1507
f 1955/1955 319/319 1799/1799
f 1799/1799 1421/1421 1955/1955
f 1955/1955 1421/1421 2415/2415
f 2415/2415 861/861 1955/1955
f 1955/1955 861/861 2160/2160
f 2160/2160 1667/1667 1955/1955
f 1955/1955 1667/1667 744/744
f 744/744 319/319 1955/1955
f 943/943 1432/1432 1285/1285
f 1285/1285 21/21 943/943
f 943/943 21/21 1882/1882
f 1882/1882 848/848 943/943
f 943/943 848/848 851/851
f 851/851 1889/1889 943/943
f 943/943 1889/1889 2671/2671
f 2671/2671 1432/1432 943/943
f 2203/2203 2410/2410 1844/1844
f 1844/1844 1947/1947 2203/2203
f 2203/2203 1947/1947 1490/1490
f 1490/1490 219/219 2203/2203
f 2203/2203 219/219 1144/1144
f 1144/1144 854/854 2203/2203
f 2203/2203 854/854 1328/1328
f 1328/1328 2410/2410 2203/2203
f 1192/1192 2143/2143 1411/1411
f 1411/1411 2455/2455 1192/1192
f 1192/1192 2455/2455 745/745
f 745/745 702/702 1192/1192
f 1192/1192 702/702 744/744
f 744/744 1667/1667 1192/1192
f 1192/1192 1667/1667 2160/2160
f 2160/2160 2143/2143 1192/1192
f 2453/2453 108/108 2415/2415
f 2415/2415 1421/1421 2453/2453
f 2453/2453 1421/1421 1799/1799
f 1799/1799 395/395 2453/2453
f 2453/2453 395/395 669/669
f 669/669 1632/1632 2453/2453
f 2453/2453 1632/1632 687/687
f 687/687 108/108 2453/2453
f 237/237 243/243 669/669
f 669/669 395/395 237/237
f 237/237 395/395 1799/1799
f 1799/1799 1840/1840 237/237
f 237/237 1840/1840 828/828
f 828/828 1100/1100 237/237
f 237/237 1100/1100 434/434
f 434/434 243/243 237/237
f 1628/1628 1038/1038 434/434
f 434/434 1100/1100 1628/1628
f 1628/1628 1100/1100 828/828
f 828/828 2702/2702 1628/1628
f 1628/1628 2702/2702 2494/2494
f 2494/2494 2110/2110 1628/1628
f 1628/1628 2110/2110 44/44
f 44/44 1038/1038 1628/1628
f 921/921 1133/1133 2130/2130
f 2130/2130 1273/1273 921/921
f 921/921 1273/1273 514/514
f 514/514 1382/1382 921/921
f 921/921 1382/1382 1514/1514
f 1514/1514 1069/1069 921/921
f 921/921 1069/1069 1180/1180
f 1180/1180 1133/1133 921/921
f 539/539 2153/2153 514/514
f 514/514 1755/1755 539/539
f 539/539 1755/1755 2622/2622
f 2622/2622 2235/2235 539/539
f 539/539 2235/2235 200/200
f 200/200 387/387 539/539
f 539/539 387/387 2474/2474
f 2474/2474 2153/2153 539/539
f 2290/2290 2153/2153 2474/2474
f 2474/2474 1472/1472 2290/2290
f 2290/2290 1472/1472 2365/2365
f 2365/2365 2265/2265 2290/2290
f 2290/2290 2265/2265 1514/1514
f 1514/1514 1382/1382 2290/2290
f 2290/2290 1382/1382 514/514
f 514/514 2153/2153 2290/2290
f 368/368 1207/1207 242/242
f 242/242 2574/2574 368/368
f 368/368 2574/2574 1844/1844
f 1844/1844 2410/2410 368/368
f 368/368 2410/2410 1328/1328
f 1328/1328 877/877 368/368
f 368/368 877/877 2181/2181
f 2181/2181 1207/1207 368/368
f 1905/1905 1207/1207 2181/2181
f 2181/2181 2398/2398 1905/1905
f 1905/1905 2398/2398 851/851
f 851/851 848/848 1905/1905
f 1905/1905 848/848 1882/1882
f 1882/1882 2440/2440 1905/1905
f 1905/1905 2440/2440 242/242
f 242/242 1207/1207 1905/1905
f 2602/2602 1846/1846 1334/1334
f 1334/1334 1480/1480 2602/2602
f 2602/2602 1480/1480 363/363
f 363/363 765/765 2602/2602
f 2602/2602 765/765 1490/1490
f 1490/1490 1664/1664 2602/2602
f 2602/2602 1664/1664 745/745
f 745/745 1846/1846 2602/2602
f 2657/2657 1725/1725 1180/1180
f 1180/1180 1389/1389 2657/2657
f 2658/2658 1388/1388 1144/1144
f 1144/1144 1360/1360 2658/2658
f 2658/2658 1360/1360 1183/1183
f 1183/1183 2184/2184 2658/2658
f 2657/2657 2183/2183 1019/1019
f 1019/1019 1725/1725 2657/2657
f 2476/2476 1959/1959 2495/2495
f 2495/2495 1578/1578 2476/2476
f 2475/2475 1577/1577 1285/1285
f 1285/1285 306/306 2475/2475
f 2475/2475 306/306 2277/2277
f 2277/2277 2043/2043 2475/2475
f 2476/2476 2044/2044 2028/2028
f 2028/2028 1959/1959 2476/2476
f 152/152 1051/1051 540/540
f 540/540 145/145 152/152
f 153/153 146/146 292/292
f 292/292 194/194 153/153
f 153/153 194/194 2671/2671
f 2671/2671 90/90 153/153
f 152/152 89/89 199/199
f 199/199 1051/1051 152/152
f 1149/1149 769/769 2028/2028
f 2028/2028 2044/2044 1149/1149
f 1149/1149 2044/2044 2278/2278
f 2278/2278 2338/2338 1149/1149
f 1148/1148 2337/2337 2380/2380
f 2380/2380 2564/2564 1148/1148
f 1149/1149 2565/2565 399/399
f 399/399 769/769 1149/1149
f 47/47 1286/1286 396/396
f 396/396 2563/2563 47/47
f 48/48 2564/2564 2380/2380
f 2380/2380 2676/2676 48/48
f 47/47 2675/2675 291/291
f 291/291 145/145 47/47
f 47/47 145/145 540/540
f 540/540 1286/1286 47/47
f 1364/1364 642/642 581/581
f 581/581 2418/2418 1364/1364
f 1364/1364 2418/2418 1794/1794
f 1794/1794 1459/1459 1364/1364
f 1365/1365 1460/1460 1984/1984
f 1984/1984 1336/1336 1365/1365
f 1365/1365 1336/1336 280/280
f 280/280 643/643 1365/1365
f 1587/1587 2072/2072 2498/2498
f 2498/2498 1394/1394 1587/1587
f 1586/1586 1393/1393 1699/1699
f 1699/1699 2487/2487 1586/1586
f 1586/1586 2487/2487 1795/1795
f 1795/1795 2419/2419 1586/1586
f 1585/1585 2418/2418 581/581
f 581/581 2070/2070 1585/1585
f 488/488 142/142 2075/2075
f 2075/2075 2431/2431 488/488
f 487/487 2430/2430 1866/1866
f 1866/1866 1543/1543 487/487
f 488/488 1542/1542 1700/1700
f 1700/1700 1394/1394 488/488
f 488/488 1394/1394 2498/2498
f 2498/2498 142/142 488/488
f 1345/1345 658/658 2349/2349
f 2349/2349 1880/1880 1345/1345
f 1344/1344 1879/1879 2653/2653
f 2653/2653 519/519 1344/1344
f 1344/1344 519/519 1866/1866
f 1866/1866 2430/2430 1344/1344
f 1345/1345 2431/2431 2075/2075
f 2075/2075 658/658 1345/1345
f 2422/2422 823/823 280/280
f 280/280 1336/1336 2422/2422
f 2422/2422 1336/1336 1984/1984
f 1984/1984 96/96 2422/2422
f 2422/2422 96/96 979/979
f 979/979 2197/2197 2422/2422
f 2422/2422 2197/2197 454/454
f 454/454 823/823 2422/2422
f 1704/1704 2454/2454 2297/2297
f 2297/2297 1032/1032 1704/1704
f 1704/1704 1032/1032 534/534
f 534/534 332/332 1704/1704
f 1704/1704 332/332 363/363
f 363/363 1480/1480 1704/1704
f 1704/1704 1480/1480 1334/1334
f 1334/1334 2454/2454 1704/1704
f 2666/2666 27/27 1018/1018
f 1018/1018 2185/2185 2666/2666
f 2665/2665 2184/2184 1183/1183
f 1183/1183 2538/2538 2665/2665
f 2665/2665 2538/2538 1821/1821
f 1821/1821 1823/1823 2665/2665
f 2666/2666 1824/1824 911/911
f 911/911 27/27 2666/2666
f 1855/1855 1326/1326 1076/1076
f 1076/1076 1178/1178 1855/1855
f 1854/1854 1177/1177 1126/1126
f 1126/1126 671/671 1854/1854
f 1854/1854 671/671 2653/2653
f 2653/2653 1879/1879 1854/1854
f 1855/1855 1880/1880 2349/2349
f 2349/2349 1326/1326 1855/1855
f 2314/2314 617/617 454/454
f 454/454 2197/2197 2314/2314
f 2314/2314 2197/2197 979/979
f 979/979 425/425 2314/2314
f 2314/2314 425/425 24/24
f 24/24 1536/1536 2314/2314
f 2314/2314 1536/1536 2590/2590
f 2590/2590 617/617 2314/2314
f 114/114 2003/2003 911/911
f 911/911 1824/1824 114/114
f 113/113 1823/1823 1821/1821
f 1821/1821 548/548 113/113
f 113/113 548/548 1126/1126
f 1126/1126 1177/1177 113/113
f 114/114 1178/1178 1076/1076
f 1076/1076 2003/2003 114/114
f 2372/2372 1746/1746 2590/2590
f 2590/2590 1536/1536 2372/2372
f 2372/2372 1536/1536 24/24
f 24/24 1531/1531 2372/2372
f 2372/2372 1531/1531 534/534
f 534/534 1032/1032 2372/2372
f 2372/2372 1032/1032 2297/2297
f 2297/2297 1746/1746 2372/2372
f 2188/2188 2702/2702 828/828
f 828/828 1835/1835 2188/2188
f 2188/2188 1835/1835 1882/1882
f 1882/1882 21/21 2188/2188
f 2188/2188 21/21 1285/1285
f 1285/1285 1577/1577 2188/2188
f 2188/2188 1577/1577 2494/2494
f 2494/2494 2702/2702 2188/2188
f 1277/1277 387/387 200/200
f 200/200 88/88 1277/1277
f 1278/1278 90/90 2671/2671
f 2671/2671 1889/1889 1278/1278
f 1278/1278 1889/1889 851/851
f 851/851 1370/1370 1278/1278
f 1277/1277 1369/1369 2474/2474
f 2474/2474 387/387 1277/1277
f 2131/2131 702/702 745/745
f 745/745 1664/1664 2131/2131
f 2131/2131 1664/1664 1490/1490
f 1490/1490 1947/1947 2131/2131
f 2131/2131 1947/1947 1844/1844
f 1844/1844 1951/1951 2131/2131
f 2131/2131 1951/1951 744/744
f 744/744 702/702 2131/2131
f 1154/1154 1069/1069 1514/1514
f 1514/1514 1629/1629 1154/1154
f 1155/1155 1630/1630 1328/1328
f 1328/1328 854/854 1155/1155
f 1155/1155 854/854 1144/1144
f 1144/1144 1388/1388 1155/1155
f 1154/1154 1389/1389 1180/1180
f 1180/1180 1069/1069 1154/1154
f 1294/1294 2224/2224 744/744
f 744/744 1951/1951 1294/1294
f 1294/1294 1951/1951 1844/1844
f 1844/1844 2574/2574 1294/1294
f 1294/1294 2574/2574 242/242
f 242/242 28/28 1294/1294
f 1293/1293 29/29 2296/2296
f 2296/2296 2225/2225 1293/1293
f 2654/2654 2265/2265 2365/2365
f 2365/2365 1237/1237 2654/2654
f 2655/2655 1238/1238 2181/2181
f 2181/2181 877/877 2655/2655
f 2655/2655 877/877 1328/1328
f 1328/1328 1630/1630 2655/2655
f 2654/2654 1629/1629 1514/1514
f 1514/1514 2265/2265 2654/2654
f 1442/1442 1472/1472 2474/2474
f 2474/2474 1369/1369 1442/1442
f 1443/1443 1370/1370 851/851
f 851/851 2398/2398 1443/1443
f 1443/1443 2398/2398 2181/2181
f 2181/2181 1238/1238 1443/1443
f 1442/1442 1237/1237 2365/2365
f 2365/2365 1472/1472 1442/1442
f 577/577 2009/2009 2296/2296
f 2296/2296 29/29 577/577
f 576/576 28/28 242/242
f 242/242 2440/2440 576/576
f 576/576 2440/2440 1882/1882
f 1882/1882 1835/1835 576/576
f 576/576 1835/1835 828/828
f 828/828 2008/2008 576/576
f 1054/1054 34/34 587/587
f 587/587 2322/2322 1054/1054
f 1054/1054 2322/2322 649/649
f 649/649 494/494 1054/1054
f 1054/1054 494/494 2483/2483
f 2483/2483 320/320 1054/1054
f 1054/1054 320/320 18/18
f 18/18 34/34 1054/1054
f 1419/1419 1166/1166 1508/1508
f 1508/1508 1839/1839 1419/1419
f 1419/1419 1839/1839 1904/1904
f 1904/1904 1420/1420 1419/1419
f 1419/1419 1420/1420 2176/2176
f 2176/2176 1648/1648 1419/1419
f 1419/1419 1648/1648 2041/2041
f 2041/2041 1166/1166 1419/1419
f 1888/1888 938/938 381/381
f 381/381 594/594 1888/1888
f 1888/1888 594/594 1828/1828
f 1828/1828 2257/2257 1888/1888
f 1888/1888 2257/2257 1198/1198
f 1198/1198 2306/2306 1888/1888
f 1888/1888 2306/2306 2467/2467
f 2467/2467 938/938 1888/1888
f 1386/1386 1448/1448 2425/2425
f 2425/2425 1848/1848 1386/1386
f 1386/1386 1848/1848 288/288
f 288/288 2139/2139 1386/1386
f 1386/1386 2139/2139 1828/1828
f 1828/1828 594/594 1386/1386
f 1386/1386 594/594 381/381
f 381/381 1448/1448 1386/1386
f 1994/1994 2249/2249 2111/2111
f 2111/2111 2318/2318 1994/1994
f 1994/1994 2318/2318 2138/2138
f 2138/2138 1203/1203 1994/1994
f 1994/1994 1203/1203 282/282
f 282/282 694/694 1994/1994
f 1994/1994 694/694 1414/1414
f 1414/1414 2249/2249 1994/1994
f 1724/1724 2555/2555 1167/1167
f 1167/1167 107/107 1724/1724
f 1724/1724 107/107 1481/1481
f 1481/1481 274/274 1724/1724
f 1724/1724 274/274 1728/1728
f 1728/1728 1631/1631 1724/1724
f 1724/1724 1631/1631 329/329
f 329/329 2555/2555 1724/1724
f 717/717 274/274 1481/1481
f 1481/1481 3/3 717/717
f 717/717 3/3 2221/2221
f 2221/2221 1766/1766 717/717
f 717/717 1766/1766 2326/2326
f 2326/2326 707/707 717/717
f 717/717 707/707 1728/1728
f 1728/1728 274/274 717/717
f 1831/1831 2257/2257 1828/1828
f 1828/1828 1999/1999 1831/1831
f 1831/1831 1999/1999 1118/1118
f 1118/1118 1756/1756 1831/1831
f 1831/1831 1756/1756 599/599
f 599/599 355/355 1831/1831
f 1831/1831 355/355 1198/1198
f 1198/1198 2257/2257 1831/1831
f 1384/1384 1420/1420 1904/1904
f 1904/1904 867/867 1384/1384
f 1384/1384 867/867 1524/1524
f 1524/1524 522/522 1384/1384
f 1384/1384 522/522 989/989
f 989/989 2064/2064 1384/1384
f 1384/1384 2064/2064 2176/2176
f 2176/2176 1420/1420 1384/1384
f 930/930 107/107 1167/1167
f 1167/1167 61/61 930/930
f 930/930 61/61 381/381
f 381/381 938/938 930/930
f 930/930 938/938 2467/2467
f 2467/2467 559/559 930/930
f 930/930 559/559 1481/1481
f 1481/1481 107/107 930/930
f 607/607 1333/1333 691/691
f 691/691 1644/1644 607/607
f 607/607 1644/1644 1508/1508
f 1508/1508 1166/1166 607/607
f 607/607 1166/1166 2041/2041
f 2041/2041 1797/1797 607/607
f 607/607 1797/1797 836/836
f 836/836 1333/1333 607/607
f 734/734 453/453 1290/1290
f 1290/1290 1195/1195 734/734
f 734/734 1195/1195 1985/1985
f 1985/1985 766/766 734/734
f 734/734 766/766 1194/1194
f 1194/1194 231/231 734/734
f 734/734 231/231 566/566
f 566/566 453/453 734/734
f 1906/1906 925/925 1290/1290
f 1290/1290 453/453 1906/1906
f 1906/1906 453/453 566/566
f 566/566 615/615 1906/1906
f 1906/1906 615/615 2289/2289
f 2289/2289 925/925 1906/1906
f 2540/2540 2351/2351 18/18
f 18/18 320/320 2540/2540
f 2540/2540 320/320 2483/2483
f 2483/2483 2248/2248 2540/2540
f 2540/2540 2248/2248 2667/2667
f 2667/2667 1772/1772 2540/2540
f 2540/2540 1772/1772 1818/1818
f 1818/1818 2351/2351 2540/2540
f 1619/1619 1645/1645 2176/2176
f 2176/2176 2064/2064 1619/1619
f 1619/1619 2064/2064 989/989
f 989/989 1473/1473 1619/1619
f 1619/1619 1473/1473 2156/2156
f 2156/2156 1284/1284 1619/1619
f 1619/1619 1284/1284 1258/1258
f 1258/1258 1645/1645 1619/1619
f 182/182 442/442 2041/2041
f 2041/2041 1648/1648 182/182
f 182/182 1648/1648 2176/2176
f 2176/2176 1645/1645 182/182
f 182/182 1645/1645 1258/1258
f 1258/1258 2511/2511 182/182
f 182/182 2511/2511 62/62
f 62/62 442/442 182/182
f 715/715 59/59 836/836
f 836/836 1797/1797 715/715
f 715/715 1797/1797 2041/2041
f 2041/2041 442/442 715/715
f 715/715 442/442 62/62
f 62/62 314/314 715/715
f 715/715 314/314 756/756
f 756/756 59/59 715/715
f 1169/1169 1766/1766 2221/2221
f 2221/2221 2678/2678 1169/1169
f 1169/1169 2678/2678 188/188
f 188/188 1243/1243 1169/1169
f 1169/1169 1243/1243 993/993
f 993/993 779/779 1169/1169
f 1169/1169 779/779 2326/2326
f 2326/2326 1766/1766 1169/1169
f 2205/2205 1257/1257 2544/2544
f 2544/2544 1862/1862 2205/2205
f 2205/2205 1862/1862 575/575
f 575/575 1952/1952 2205/2205
f 2205/2205 1952/1952 1890/1890
f 1890/1890 486/486 2205/2205
f 2205/2205 486/486 1774/1774
f 1774/1774 1257/1257 2205/2205
f 1541/1541 1952/1952 575/575
f 575/575 97/97 1541/1541
f 1541/1541 97/97 1588/1588
f 1588/1588 262/262 1541/1541
f 1541/1541 262/262 753/753
f 753/753 441/441 1541/1541
f 1541/1541 441/441 1890/1890
f 1890/1890 1952/1952 1541/1541
f 1036/1036 1028/1028 952/952
f 952/952 900/900 1036/1036
f 1036/1036 900/900 753/753
f 753/753 262/262 1036/1036
f 1036/1036 262/262 1588/1588
f 1588/1588 2335/2335 1036/1036
f 1037/1037 2336/2336 2320/2320
f 2320/2320 1027/1027 1037/1037
f 1210/1210 859/859 696/696
f 696/696 2063/2063 1210/1210
f 1210/1210 2063/2063 1431/1431
f 1431/1431 2000/2000 1210/1210
f 1210/1210 2000/2000 616/616
f 616/616 2513/2513 1210/1210
f 1210/1210 2513/2513 544/544
f 544/544 859/859 1210/1210
f 2056/2056 627/627 2300/2300
f 2300/2300 53/53 2056/2056
f 2056/2056 53/53 696/696
f 696/696 859/859 2056/2056
f 2056/2056 859/859 544/544
f 544/544 683/683 2056/2056
f 2056/2056 683/683 860/860
f 860/860 627/627 2056/2056
f 481/481 791/791 1034/1034
f 1034/1034 1770/1770 481/481
f 481/481 1770/1770 247/247
f 247/247 1658/1658 481/481
f 481/481 1658/1658 551/551
f 551/551 1260/1260 481/481
f 481/481 1260/1260 1437/1437
f 1437/1437 791/791 481/481
f 431/431 1658/1658 247/247
f 247/247 1737/1737 431/431
f 431/431 1737/1737 1263/1263
f 1263/1263 1594/1594 431/431
f 431/431 1594/1594 160/160
f 160/160 912/912 431/431
f 431/431 912/912 551/551
f 551/551 1658/1658 431/431
f 2362/2362 1863/1863 501/501
f 501/501 959/959 2362/2362
f 2362/2362 959/959 1325/1325
f 1325/1325 1066/1066 2362/2362
f 2362/2362 1066/1066 1978/1978
f 1978/1978 1970/1970 2362/2362
f 2362/2362 1970/1970 807/807
f 807/807 1863/1863 2362/2362
f 1902/1902 1065/1065 1324/1324
f 1324/1324 36/36 1902/1902
f 1902/1902 36/36 1116/1116
f 1116/1116 1340/1340 1902/1902
f 1902/1902 1340/1340 2600/2600
f 2600/2600 2032/2032 1902/1902
f 1902/1902 2032/2032 1977/1977
f 1977/1977 1065/1065 1902/1902
f 191/191 406/406 2414/2414
f 2414/2414 995/995 191/191
f 191/191 995/995 2600/2600
f 2600/2600 1340/1340 191/191
f 191/191 1340/1340 1116/1116
f 1116/1116 1070/1070 191/191
f 191/191 1070/1070 689/689
f 689/689 406/406 191/191
f 2237/2237 2052/2052 1719/1719
f 1719/1719 1674/1674 2237/2237
f 2237/2237 1674/1674 2414/2414
f 2414/2414 406/406 2237/2237
f 2237/2237 406/406 689/689
f 689/689 883/883 2237/2237
f 2237/2237 883/883 677/677
f 677/677 2052/2052 2237/2237
f 880/880 1760/1760 971/971
f 971/971 1516/1516 880/880
f 880/880 1516/1516 1719/1719
f 1719/1719 2052/2052 880/880
f 880/880 2052/2052 677/677
f 677/677 2201/2201 880/880
f 880/880 2201/2201 344/344
f 344/344 1760/1760 880/880
f 1800/1800 583/583 1868/1868
f 1868/1868 1482/1482 1800/1800
f 1800/1800 1482/1482 735/735
f 735/735 2120/2120 1800/1800
f 1800/1800 2120/2120 1181/1181
f 1181/1181 1004/1004 1800/1800
f 1800/1800 1004/1004 1753/1753
f 1753/1753 583/583 1800/1800
f 341/341 2120/2120 735/735
f 735/735 1672/1672 341/341
f 341/341 1672/1672 1222/1222
f 1222/1222 2601/2601 341/341
f 341/341 2601/2601 2393/2393
f 2393/2393 916/916 341/341
f 341/341 916/916 1181/1181
f 1181/1181 2120/2120 341/341
f 1775/1775 2601/2601 1222/1222
f 1222/1222 369/369 1775/1775
f 1776/1776 370/370 403/403
f 403/403 1792/1792 1776/1776
f 1776/1776 1792/1792 991/991
f 991/991 1315/1315 1776/1776
f 1775/1775 1314/1314 2393/2393
f 2393/2393 2601/2601 1775/1775
f 98/98 1792/1792 403/403
f 403/403 1441/1441 98/98
f 98/98 1441/1441 1110/1110
f 1110/1110 2493/2493 98/98
f 98/98 2493/2493 563/563
f 563/563 558/558 98/98
f 98/98 558/558 991/991
f 991/991 1792/1792 98/98
f 1160/1160 2493/2493 1110/1110
f 1110/1110 2458/2458 1160/1160
f 1160/1160 2458/2458 402/402
f 402/402 755/755 1160/1160
f 1160/1160 755/755 1829/1829
f 1829/1829 602/602 1160/1160
f 1160/1160 602/602 563/563
f 563/563 2493/2493 1160/1160
f 377/377 755/755 402/402
f 402/402 1690/1690 377/377
f 377/377 1690/1690 1533/1533
f 1533/1533 183/183 377/377
f 377/377 183/183 604/604
f 604/604 1652/1652 377/377
f 377/377 1652/1652 1829/1829
f 1829/1829 755/755 377/377
f 2652/2652 183/183 1533/1533
f 1533/1533 1271/1271 2652/2652
f 2652/2652 1271/1271 1950/1950
f 1950/1950 680/680 2652/2652
f 2652/2652 680/680 1361/1361
f 1361/1361 1309/1309 2652/2652
f 2652/2652 1309/1309 604/604
f 604/604 183/183 2652/2652
f 1295/1295 680/680 1950/1950
f 1950/1950 2624/2624 1295/1295
f 1295/1295 2624/2624 1175/1175
f 1175/1175 1509/1509 1295/1295
f 1295/1295 1509/1509 509/509
f 509/509 342/342 1295/1295
f 1295/1295 342/342 1361/1361
f 1361/1361 680/680 1295/1295
f 1424/1424 1509/1509 1175/1175
f 1175/1175 7/7 1424/1424
f 1424/1424 7/7 2591/2591
f 2591/2591 1303/1303 1424/1424
f 1424/1424 1303/1303 20/20
f 20/20 2175/2175 1424/1424
f 1424/1424 2175/2175 509/509
f 509/509 1509/1509 1424/1424
f 1009/1009 2397/2397 2300/2300
f 2300/2300 627/627 1009/1009
f 1009/1009 627/627 860/860
f 860/860 180/180 1009/1009
f 1007/1007 179/179 1033/1033
f 1033/1033 792/792 1007/1007
f 1006/1006 791/791 1437/1437
f 1437/1437 968/968 1006/1006
f 1008/1008 969/969 1041/1041
f 1041/1041 2395/2395 1008/1008
f 1939/1939 75/75 1980/1980
f 1980/1980 2315/2315 1939/1939
f 1939/1939 2315/2315 1225/1225
f 1225/1225 1722/1722 1939/1939
f 1939/1939 1722/1722 159/159
f 159/159 1932/1932 1939/1939
f 1939/1939 1932/1932 463/463
f 463/463 75/75 1939/1939
f 1072/1072 899/899 951/951
f 951/951 1367/1367 1072/1072
f 1072/1072 1367/1367 329/329
f 329/329 1631/1631 1072/1072
f 1072/1072 1631/1631 1728/1728
f 1728/1728 1023/1023 1072/1072
f 1072/1072 1023/1023 752/752
f 752/752 899/899 1072/1072
f 1553/1553 707/707 2326/2326
f 2326/2326 1570/1570 1553/1553
f 1553/1553 1570/1570 1891/1891
f 1891/1891 440/440 1553/1553
f 1553/1553 440/440 752/752
f 752/752 1023/1023 1553/1553
f 1553/1553 1023/1023 1728/1728
f 1728/1728 707/707 1553/1553
f 1545/1545 779/779 993/993
f 993/993 2604/2604 1545/1545
f 1546/1546 2605/2605 1774/1774
f 1774/1774 486/486 1546/1546
f 1546/1546 486/486 1890/1890
f 1890/1890 1571/1571 1546/1546
f 1545/1545 1570/1570 2326/2326
f 2326/2326 779/779 1545/1545
f 2305/2305 343/343 510/510
f 510/510 1119/1119 2305/2305
f 2305/2305 1119/1119 2483/2483
f 2483/2483 494/494 2305/2305
f 2305/2305 494/494 649/649
f 649/649 1635/1635 2305/2305
f 2305/2305 1635/1635 1362/1362
f 1362/1362 343/343 2305/2305
f 664/664 2175/2175 20/20
f 20/20 2589/2589 664/664
f 663/663 2588/2588 2667/2667
f 2667/2667 2248/2248 663/663
f 663/663 2248/2248 2483/2483
f 2483/2483 1119/1119 663/663
f 664/664 1120/1120 509/509
f 509/509 2175/2175 664/664
f 2400/2400 730/730 137/137
f 137/137 2354/2354 2400/2400
f 2400/2400 2354/2354 807/807
f 807/807 1970/1970 2400/2400
f 2400/2400 1970/1970 1978/1978
f 1978/1978 2573/2573 2400/2400
f 2400/2400 2573/2573 2709/2709
f 2709/2709 730/730 2400/2400
f 724/724 14/14 2209/2209
f 2209/2209 2437/2437 724/724
f 724/724 2437/2437 551/551
f 551/551 912/912 724/724
f 724/724 912/912 160/160
f 160/160 748/748 724/724
f 724/724 748/748 1850/1850
f 1850/1850 14/14 724/724
f 1247/1247 2062/2062 695/695
f 695/695 2168/2168 1247/1247
f 1247/1247 2168/2168 1029/1029
f 1029/1029 954/954 1247/1247
f 1247/1247 954/954 1492/1492
f 1492/1492 1684/1684 1247/1247
f 1247/1247 1684/1684 1430/1430
f 1430/1430 2062/2062 1247/1247
f 2520/2520 1005/1005 463/463
f 463/463 2253/2253 2520/2520
f 2520/2520 2253/2253 2394/2394
f 2394/2394 1316/1316 2520/2520
f 2520/2520 1316/1316 990/990
f 990/990 650/650 2520/2520
f 2520/2520 650/650 1979/1979
f 1979/1979 1005/1005 2520/2520
f 1791/1791 246/246 1044/1044
f 1044/1044 968/968 1791/1791
f 1791/1791 968/968 1437/1437
f 1437/1437 1260/1260 1791/1791
f 1791/1791 1260/1260 551/551
f 551/551 2437/2437 1791/1791
f 1791/1791 2437/2437 2209/2209
f 2209/2209 246/246 1791/1791
f 961/961 53/53 2300/2300
f 2300/2300 2397/2397 961/961
f 960/960 2396/2396 1042/1042
f 1042/1042 2443/2443 960/960
f 960/960 2443/2443 1029/1029
f 1029/1029 2168/2168 960/960
f 961/961 2169/2169 696/696
f 696/696 53/53 961/961
f 226/226 1932/1932 159/159
f 159/159 2505/2505 226/226
f 225/225 2504/2504 1181/1181
f 1181/1181 916/916 225/225
f 225/225 916/916 2393/2393
f 2393/2393 2252/2252 225/225
f 226/226 2253/2253 463/463
f 463/463 1932/1932 226/226
f 19/19 1516/1516 971/971
f 971/971 1780/1780 19/19
f 19/19 1780/1780 1498/1498
f 1498/1498 1832/1832 19/19
f 19/19 1832/1832 1080/1080
f 1080/1080 1107/1107 19/19
f 19/19 1107/1107 1719/1719
f 1719/1719 1516/1516 19/19
f 1204/1204 1722/1722 1225/1225
f 1225/1225 1466/1466 1204/1204
f 1205/1205 1467/1467 1753/1753
f 1753/1753 1004/1004 1205/1205
f 1205/1205 1004/1004 1181/1181
f 1181/1181 2504/2504 1205/1205
f 1204/1204 2505/2505 159/159
f 159/159 1722/1722 1204/1204
f 2129/2129 2352/2352 1904/1904
f 1904/1904 1839/1839 2129/2129
f 2129/2129 1839/1839 1508/1508
f 1508/1508 1401/1401 2129/2129
f 2129/2129 1401/1401 2467/2467
f 2467/2467 2306/2306 2129/2129
f 2129/2129 2306/2306 1198/1198
f 1198/1198 2352/2352 2129/2129
f 2317/2317 423/423 988/988
f 988/988 521/521 2317/2317
f 2317/2317 521/521 1523/1523
f 1523/1523 1997/1997 2317/2317
f 2317/2317 1997/1997 598/598
f 598/598 840/840 2317/2317
f 2317/2317 840/840 2030/2030
f 2030/2030 423/423 2317/2317
f 2242/2242 1998/1998 1524/1524
f 1524/1524 867/867 2242/2242
f 2242/2242 867/867 1904/1904
f 1904/1904 2352/2352 2242/2242
f 2242/2242 2352/2352 1198/1198
f 1198/1198 355/355 2242/2242
f 2242/2242 355/355 599/599
f 599/599 1998/1998 2242/2242
f 2638/2638 1401/1401 1508/1508
f 1508/1508 1644/1644 2638/2638
f 2638/2638 1644/1644 691/691
f 691/691 1289/1289 2638/2638
f 2638/2638 1289/1289 1481/1481
f 1481/1481 559/559 2638/2638
f 2638/2638 559/559 2467/2467
f 2467/2467 1401/1401 2638/2638
f 2408/2408 1288/1288 690/690
f 690/690 1332/1332 2408/2408
f 2408/2408 1332/1332 835/835
f 835/835 666/666 2408/2408
f 2408/2408 666/666 2222/2222
f 2222/2222 2/2 2408/2408
f 2409/2409 3/3 1481/1481
f 1481/1481 1289/1289 2409/2409
f 1686/1686 1305/1305 2156/2156
f 2156/2156 1473/1473 1686/1686
f 1686/1686 1473/1473 989/989
f 989/989 424/424 1686/1686
f 1685/1685 423/423 2030/2030
f 2030/2030 1161/1161 1685/1685
f 1685/1685 1161/1161 874/874
f 874/874 1304/1304 1685/1685
f 2490/2490 667/667 836/836
f 836/836 59/59 2490/2490
f 2490/2490 59/59 756/756
f 756/756 2105/2105 2490/2490
f 2489/2489 2104/2104 189/189
f 189/189 2679/2679 2489/2489
f 2489/2489 2679/2679 2222/2222
f 2222/2222 666/666 2489/2489
f 77/77 1760/1760 344/344
f 344/344 1422/1422 77/77
f 76/76 1423/1423 1868/1868
f 1868/1868 583/583 76/76
f 76/76 583/583 1753/1753
f 1753/1753 1061/1061 76/76
f 77/77 1062/1062 971/971
f 971/971 1760/1760 77/77
f 1048/1048 2714/2714 1498/1498
f 1498/1498 1780/1780 1048/1048
f 1048/1048 1780/1780 971/971
f 971/971 1062/1062 1048/1048
f 1047/1047 1061/1061 1753/1753
f 1753/1753 1467/1467 1047/1047
f 1046/1046 1466/1466 1225/1225
f 1225/1225 2712/2712 1046/1046
f 1641/1641 1569/1569 1218/1218
f 1218/1218 2491/2491 1641/1641
f 1641/1641 2491/2491 1620/1620
f 1620/1620 784/784 1641/1641
f 1641/1641 784/784 1716/1716
f 1716/1716 2426/2426 1641/1641
f 1641/1641 2426/2426 245/245
f 245/245 1569/1569 1641/1641
f 1477/1477 841/841 599/599
f 599/599 1781/1781 1477/1477
f 1477/1477 1781/1781 587/587
f 587/587 34/34 1477/1477
f 1477/1477 34/34 18/18
f 18/18 2144/2144 1477/1477
f 1477/1477 2144/2144 2031/2031
f 2031/2031 841/841 1477/1477
f 1991/1991 1161/1161 2030/2030
f 2030/2030 2145/2145 1991/1991
f 1990/1990 2144/2144 18/18
f 18/18 2351/2351 1990/1990
f 1990/1990 2351/2351 1818/1818
f 1818/1818 1390/1390 1990/1990
f 1991/1991 1391/1391 874/874
f 874/874 1161/1161 1991/1991
f 705/705 637/637 122/122
f 122/122 1572/1572 705/705
f 705/705 1572/1572 649/649
f 649/649 2322/2322 705/705
f 705/705 2322/2322 587/587
f 587/587 2595/2595 705/705
f 705/705 2595/2595 2696/2696
f 2696/2696 637/637 705/705
f 541/541 1005/1005 1979/1979
f 1979/1979 2035/2035 541/541
f 541/541 2035/2035 2135/2135
f 2135/2135 2509/2509 541/541
f 541/541 2509/2509 1980/1980
f 1980/1980 75/75 541/541
f 541/541 75/75 463/463
f 463/463 1005/1005 541/541
f 1987/1987 482/482 605/605
f 605/605 1310/1310 1987/1987
f 1987/1987 1310/1310 1362/1362
f 1362/1362 1635/1635 1987/1987
f 1987/1987 1635/1635 649/649
f 649/649 1572/1572 1987/1987
f 1987/1987 1572/1572 122/122
f 122/122 482/482 1987/1987
f 2525/2525 1674/1674 1719/1719
f 1719/1719 1107/1107 2525/2525
f 2525/2525 1107/1107 1080/1080
f 1080/1080 2327/2327 2525/2525
f 2525/2525 2327/2327 1346/1346
f 1346/1346 746/746 2525/2525
f 2525/2525 746/746 2414/2414
f 2414/2414 1674/1674 2525/2525
f 478/478 1109/1109 881/881
f 881/881 1429/1429 478/478
f 478/478 1429/1429 917/917
f 917/917 422/422 478/478
f 478/478 422/422 1218/1218
f 1218/1218 1569/1569 478/478
f 478/478 1569/1569 245/245
f 245/245 1109/1109 478/478
f 2701/2701 1930/1930 2696/2696
f 2696/2696 2595/2595 2701/2701
f 2701/2701 2595/2595 587/587
f 587/587 1781/1781 2701/2701
f 2701/2701 1781/1781 599/599
f 599/599 1756/1756 2701/2701
f 2701/2701 1756/1756 1118/1118
f 1118/1118 1930/1930 2701/2701
f 750/750 798/798 82/82
f 82/82 2693/2693 750/750
f 750/750 2693/2693 1497/1497
f 1497/1497 1296/1296 750/750
f 750/750 1296/1296 282/282
f 282/282 1203/1203 750/750
f 750/750 1203/1203 2138/2138
f 2138/2138 798/798 750/750
f 542/542 1447/1447 1300/1300
f 1300/1300 2378/2378 542/542
f 542/542 2378/2378 1118/1118
f 1118/1118 1999/1999 542/542
f 542/542 1999/1999 1828/1828
f 1828/1828 2139/2139 542/542
f 542/542 2139/2139 288/288
f 288/288 1447/1447 542/542
f 1153/1153 1757/1757 1979/1979
f 1979/1979 650/650 1153/1153
f 1153/1153 650/650 990/990
f 990/990 557/557 1153/1153
f 1153/1153 557/557 562/562
f 562/562 1111/1111 1153/1153
f 1153/1153 1111/1111 2086/2086
f 2086/2086 1757/1757 1153/1153
f 2121/2121 2032/2032 2600/2600
f 2600/2600 2190/2190 2121/2121
f 2121/2121 2190/2190 1563/1563
f 1563/1563 1736/1736 2121/2121
f 2121/2121 1736/1736 2708/2708
f 2708/2708 2572/2572 2121/2121
f 2121/2121 2572/2572 1977/1977
f 1977/1977 2032/2032 2121/2121
f 1317/1317 1220/1220 1404/1404
f 1404/1404 408/408 1317/1317
f 1317/1317 408/408 122/122
f 122/122 637/637 1317/1317
f 1317/1317 637/637 2696/2696
f 2696/2696 588/588 1317/1317
f 1317/1317 588/588 111/111
f 111/111 1220/1220 1317/1317
f 2042/2042 1220/1220 111/111
f 111/111 1096/1096 2042/2042
f 2042/2042 1096/1096 545/545
f 545/545 351/351 2042/2042
f 2042/2042 351/351 2086/2086
f 2086/2086 978/978 2042/2042
f 2042/2042 978/978 1404/1404
f 1404/1404 1220/1220 2042/2042
f 2319/2319 1757/1757 2086/2086
f 2086/2086 351/351 2319/2319
f 2319/2319 351/351 545/545
f 545/545 684/684 2319/2319
f 2319/2319 684/684 2135/2135
f 2135/2135 2035/2035 2319/2319
f 2319/2319 2035/2035 1979/1979
f 1979/1979 1757/1757 2319/2319
f 2167/2167 1321/1321 1830/1830
f 1830/1830 1653/1653 2167/2167
f 2167/2167 1653/1653 605/605
f 605/605 482/482 2167/2167
f 2167/2167 482/482 122/122
f 122/122 408/408 2167/2167
f 2167/2167 408/408 1404/1404
f 1404/1404 1321/1321 2167/2167
f 1996/1996 1111/1111 562/562
f 562/562 603/603 1996/1996
f 1996/1996 603/603 1830/1830
f 1830/1830 1321/1321 1996/1996
f 1996/1996 1321/1321 1404/1404
f 1404/1404 978/978 1996/1996
f 1996/1996 978/978 2086/2086
f 2086/2086 1111/1111 1996/1996
f 869/869 746/746 1346/1346
f 1346/1346 281/281 869/869
f 869/869 281/281 1691/1691
f 1691/1691 950/950 869/869
f 869/869 950/950 2600/2600
f 2600/2600 995/995 869/869
f 869/869 995/995 2414/2414
f 2414/2414 746/746 869/869
f 714/714 950/950 1691/1691
f 1691/1691 1003/1003 714/714
f 714/714 1003/1003 1563/1563
f 1563/1563 2190/2190 714/714
f 713/713 2189/2189 2599/2599
f 2599/2599 949/949 713/713
f 2033/2033 1429/1429 881/881
f 881/881 1409/1409 2033/2033
f 2033/2033 1409/1409 1026/1026
f 1026/1026 1251/1251 2033/2033
f 2033/2033 1251/1251 2097/2097
f 2097/2097 1583/1583 2033/2033
f 2033/2033 1583/1583 917/917
f 917/917 1429/1429 2033/2033
f 452/452 259/259 111/111
f 111/111 588/588 452/452
f 452/452 588/588 2696/2696
f 2696/2696 1930/1930 452/452
f 452/452 1930/1930 1118/1118
f 1118/1118 2378/2378 452/452
f 452/452 2378/2378 1300/1300
f 1300/1300 259/259 452/452
f 2497/2497 1251/1251 1026/1026
f 1026/1026 2479/2479 2497/2497
f 2497/2497 2479/2479 1497/1497
f 1497/1497 2693/2693 2497/2497
f 2497/2497 2693/2693 82/82
f 82/82 460/460 2497/2497
f 2497/2497 460/460 2097/2097
f 2097/2097 1251/1251 2497/2497
f 2383/2383 1096/1096 111/111
f 111/111 259/259 2383/2383
f 2383/2383 259/259 1300/1300
f 1300/1300 751/751 2383/2383
f 2383/2383 751/751 545/545
f 545/545 1096/1096 2383/2383
f 1130/1130 270/270 952/952
f 952/952 1028/1028 1130/1130
f 1130/1130 1028/1028 2321/2321
f 2321/2321 2433/2433 1130/1130
f 1130/1130 2433/2433 1261/1261
f 1261/1261 2637/2637 1130/1130
f 1130/1130 2637/2637 888/888
f 888/888 270/270 1130/1130
f 201/201 569/569 888/888
f 888/888 2637/2637 201/201
f 201/201 2637/2637 1261/1261
f 1261/1261 1548/1548 201/201
f 201/201 1548/1548 2358/2358
f 2358/2358 1055/1055 201/201
f 201/201 1055/1055 742/742
f 742/742 569/569 201/201
f 439/439 1343/1343 742/742
f 742/742 1055/1055 439/439
f 439/439 1055/1055 2358/2358
f 2358/2358 74/74 439/439
f 439/439 74/74 616/616
f 616/616 2000/2000 439/439
f 439/439 2000/2000 1431/1431
f 1431/1431 1343/1343 439/439
f 2480/2480 1103/1103 718/718
f 718/718 1045/1045 2480/2480
f 2480/2480 1045/1045 1272/1272
f 1272/1272 2057/2057 2480/2480
f 2480/2480 2057/2057 161/161
f 161/161 1593/1593 2480/2480
f 2480/2480 1593/1593 1262/1262
f 1262/1262 1103/1103 2480/2480
f 1143/1143 2448/2448 501/501
f 501/501 1863/1863 1143/1143
f 1143/1143 1863/1863 807/807
f 807/807 1566/1566 1143/1143
f 1143/1143 1566/1566 1272/1272
f 1272/1272 1045/1045 1143/1143
f 1143/1143 1045/1045 718/718
f 718/718 2448/2448 1143/1143
f 2132/2132 972/972 2450/2450
f 2450/2450 1446/1446 2132/2132
f 2132/2132 1446/1446 2514/2514
f 2514/2514 1016/1016 2132/2132
f 2132/2132 1016/1016 2342/2342
f 2342/2342 1246/1246 2132/2132
f 2132/2132 1246/1246 2423/2423
f 2423/2423 972/972 2132/2132
f 2594/2594 682/682 1167/1167
f 1167/1167 2555/2555 2594/2594
f 2594/2594 2555/2555 329/329
f 329/329 2053/2053 2594/2594
f 2594/2594 2053/2053 2450/2450
f 2450/2450 972/972 2594/2594
f 2594/2594 972/972 2423/2423
f 2423/2423 682/682 2594/2594
f 1916/1916 149/149 1786/1786
f 1786/1786 150/150 1916/1916
f 1916/1916 150/150 1802/1802
f 1802/1802 1010/1010 1916/1916
f 1916/1916 1010/1010 1194/1194
f 1194/1194 766/766 1916/1916
f 1916/1916 766/766 1985/1985
f 1985/1985 149/149 1916/1916
f 1552/1552 804/804 2111/2111
f 2111/2111 2249/2249 1552/1552
f 1552/1552 2249/2249 1414/1414
f 1414/1414 158/158 1552/1552
f 1552/1552 158/158 106/106
f 106/106 1738/1738 1552/1552
f 1552/1552 1738/1738 2275/2275
f 2275/2275 804/804 1552/1552
f 1805/1805 682/682 2423/2423
f 2423/2423 2371/2371 1805/1805
f 1805/1805 2371/2371 2425/2425
f 2425/2425 1448/1448 1805/1805
f 1805/1805 1448/1448 381/381
f 381/381 61/61 1805/1805
f 1805/1805 61/61 1167/1167
f 1167/1167 682/682 1805/1805
f 2025/2025 269/269 887/887
f 887/887 1618/1618 2025/2025
f 2025/2025 1618/1618 2450/2450
f 2450/2450 2053/2053 2025/2025
f 2025/2025 2053/2053 329/329
f 329/329 1367/1367 2025/2025
f 2025/2025 1367/1367 951/951
f 951/951 269/269 2025/2025
f 1489/1489 2313/2313 2514/2514
f 2514/2514 1446/1446 1489/1489
f 1489/1489 1446/1446 2450/2450
f 2450/2450 1618/1618 1489/1489
f 1489/1489 1618/1618 887/887
f 887/887 568/568 1489/1489
f 1489/1489 568/568 741/741
f 741/741 2313/2313 1489/1489
f 133/133 1684/1684 1492/1492
f 1492/1492 641/641 133/133
f 133/133 641/641 2514/2514
f 2514/2514 2313/2313 133/133
f 133/133 2313/2313 741/741
f 741/741 1342/1342 133/133
f 133/133 1342/1342 1430/1430
f 1430/1430 1684/1684 133/133
f 527/527 31/31 504/504
f 504/504 953/953 527/527
f 527/527 953/953 1272/1272
f 1272/1272 1566/1566 527/527
f 527/527 1566/1566 807/807
f 807/807 2354/2354 527/527
f 527/527 2354/2354 137/137
f 137/137 31/31 527/527
f 1754/1754 987/987 1849/1849
f 1849/1849 747/747 1754/1754
f 1754/1754 747/747 161/161
f 161/161 2057/2057 1754/1754
f 1754/1754 2057/2057 1272/1272
f 1272/1272 706/706 1754/1754
f 1754/1754 706/706 1478/1478
f 1478/1478 987/987 1754/1754
f 1857/1857 953/953 504/504
f 504/504 1282/1282 1857/1857
f 1857/1857 1282/1282 2403/2403
f 2403/2403 455/455 1857/1857
f 1857/1857 455/455 1478/1478
f 1478/1478 706/706 1857/1857
f 1857/1857 706/706 1272/1272
f 1272/1272 953/953 1857/1857
f 2416/2416 1845/1845 2275/2275
f 2275/2275 1738/1738 2416/2416
f 2416/2416 1738/1738 106/106
f 106/106 847/847 2416/2416
f 2416/2416 847/847 1248/1248
f 1248/1248 2173/2173 2416/2416
f 2416/2416 2173/2173 472/472
f 472/472 1845/1845 2416/2416
f 1199/1199 726/726 1802/1802
f 1802/1802 150/150 1199/1199
f 1199/1199 150/150 1786/1786
f 1786/1786 701/701 1199/1199
f 1199/1199 701/701 472/472
f 472/472 2173/2173 1199/1199
f 1199/1199 2173/2173 1248/1248
f 1248/1248 726/726 1199/1199
f 2069/2069 2166/2166 1414/1414
f 1414/1414 694/694 2069/2069
f 2069/2069 694/694 282/282
f 282/282 1972/1972 2069/2069
f 2069/2069 1972/1972 288/288
f 288/288 1848/1848 2069/2069
f 2069/2069 1848/1848 2425/2425
f 2425/2425 2166/2166 2069/2069
f 475/475 2705/2705 2138/2138
f 2138/2138 2318/2318 475/475
f 475/475 2318/2318 2111/2111
f 2111/2111 1871/1871 475/475
f 476/476 1872/1872 137/137
f 137/137 730/730 476/476
f 476/476 730/730 2709/2709
f 2709/2709 2707/2707 476/476
f 272/272 1499/1499 566/566
f 566/566 231/231 272/272
f 272/272 231/231 1194/1194
f 1194/1194 2049/2049 272/272
f 273/273 2050/2050 1493/1493
f 1493/1493 955/955 273/273
f 273/273 955/955 1030/1030
f 1030/1030 1500/1500 273/273
f 709/709 2266/2266 1985/1985
f 1985/1985 1195/1195 709/709
f 709/709 1195/1195 1290/1290
f 1290/1290 2324/2324 709/709
f 710/710 2325/2325 2209/2209
f 2209/2209 14/14 710/710
f 710/710 14/14 1850/1850
f 1850/1850 2268/2268 710/710
f 600/600 2018/2018 2289/2289
f 2289/2289 615/615 600/600
f 601/601 614/614 567/567
f 567/567 1500/1500 601/601
f 601/601 1500/1500 1030/1030
f 1030/1030 2444/2444 601/601
f 601/601 2444/2444 1043/1043
f 1043/1043 2016/2016 601/601
f 590/590 2325/2325 1291/1291
f 1291/1291 924/924 590/590
f 591/591 925/925 2289/2289
f 2289/2289 2018/2018 591/591
f 590/590 2017/2017 1044/1044
f 1044/1044 246/246 590/590
f 590/590 246/246 2209/2209
f 2209/2209 2325/2325 590/590
f 819/819 789/789 245/245
f 245/245 2426/2426 819/819
f 820/820 2427/2427 1717/1717
f 1717/1717 164/164 820/820
f 820/820 164/164 1226/1226
f 1226/1226 2316/2316 820/820
f 819/819 2315/2315 1980/1980
f 1980/1980 789/789 819/819
f 2094/2094 163/163 1716/1716
f 1716/1716 784/784 2094/2094
f 2094/2094 784/784 1620/1620
f 1620/1620 842/842 2094/2094
f 2096/2096 843/843 1498/1498
f 1498/1498 2714/2714 2096/2096
f 2095/2095 2713/2713 1226/1226
f 1226/1226 164/164 2095/2095
f 977/977 843/843 1621/1621
f 1621/1621 2492/2492 977/977
f 976/976 2491/2491 1218/1218
f 1218/1218 1864/1864 976/976
f 977/977 1865/1865 1080/1080
f 1080/1080 1832/1832 977/977
f 977/977 1832/1832 1498/1498
f 1498/1498 843/843 977/977
f 1819/1819 1864/1864 1218/1218
f 1218/1218 422/422 1819/1819
f 1819/1819 422/422 917/917
f 917/917 2405/2405 1819/1819
f 1820/1820 2406/2406 1346/1346
f 1346/1346 2327/2327 1820/1820
f 1820/1820 2327/2327 1080/1080
f 1080/1080 1865/1865 1820/1820
f 214/214 2718/2718 881/881
f 881/881 1109/1109 214/214
f 214/214 1109/1109 245/245
f 245/245 789/789 214/214
f 214/214 789/789 1980/1980
f 1980/1980 2509/2509 214/214
f 214/214 2509/2509 2135/2135
f 2135/2135 2718/2718 214/214
f 2215/2215 1972/1972 282/282
f 282/282 1296/1296 2215/2215
f 2215/2215 1296/1296 1497/1497
f 1497/1497 1494/1494 2215/2215
f 2215/2215 1494/1494 1300/1300
f 1300/1300 1447/1447 2215/2215
f 2215/2215 1447/1447 288/288
f 288/288 1972/1972 2215/2215
f 2114/2114 2359/2359 82/82
f 82/82 798/798 2114/2114
f 2114/2114 798/798 2138/2138
f 2138/2138 2705/2705 2114/2114
f 2113/2113 2706/2706 2708/2708
f 2708/2708 1736/1736 2113/2113
f 2113/2113 1736/1736 1563/1563
f 1563/1563 2360/2360 2113/2113
f 2386/2386 2405/2405 917/917
f 917/917 1583/1583 2386/2386
f 2386/2386 1583/1583 2097/2097
f 2097/2097 631/631 2386/2386
f 2387/2387 632/632 1691/1691
f 1691/1691 281/281 2387/2387
f 2387/2387 281/281 1346/1346
f 1346/1346 2406/2406 2387/2387
f 1187/1187 2021/2021 1026/1026
f 1026/1026 1409/1409 1187/1187
f 1187/1187 1409/1409 881/881
f 881/881 2718/2718 1187/1187
f 1187/1187 2718/2718 2135/2135
f 2135/2135 684/684 1187/1187
f 1187/1187 684/684 545/545
f 545/545 2021/2021 1187/1187
f 2301/2301 631/631 2097/2097
f 2097/2097 460/460 2301/2301
f 2301/2301 460/460 82/82
f 82/82 2359/2359 2301/2301
f 2302/2302 2360/2360 1563/1563
f 1563/1563 1003/1003 2302/2302
f 2302/2302 1003/1003 1691/1691
f 1691/1691 632/632 2302/2302
f 148/148 1494/1494 1497/1497
f 1497/1497 2479/2479 148/148
f 148/148 2479/2479 1026/1026
f 1026/1026 2021/2021 148/148
f 148/148 2021/2021 545/545
f 545/545 751/751 148/148
f 148/148 751/751 1300/1300
f 1300/1300 1494/1494 148/148
f 1649/1649 2049/2049 1194/1194
f 1194/1194 1010/1010 1649/1649
f 1649/1649 1010/1010 1802/1802
f 1802/1802 2369/2369 1649/1649
f 1649/1649 2369/2369 2514/2514
f 2514/2514 641/641 1649/1649
f 1649/1649 641/641 1492/1492
f 1492/1492 2049/2049 1649/1649
f 732/732 797/797 1786/1786
f 1786/1786 149/149 732/732
f 732/732 149/149 1985/1985
f 1985/1985 2266/2266 732/732
f 733/733 2267/2267 1849/1849
f 1849/1849 987/987 733/733
f 733/733 987/987 1478/1478
f 1478/1478 796/796 733/733
f 2636/2636 1428/1428 106/106
f 106/106 158/158 2636/2636
f 2636/2636 158/158 1414/1414
f 1414/1414 2166/2166 2636/2636
f 2636/2636 2166/2166 2425/2425
f 2425/2425 2371/2371 2636/2636
f 2636/2636 2371/2371 2423/2423
f 2423/2423 1428/1428 2636/2636
f 1655/1655 1871/1871 2111/2111
f 2111/2111 804/804 1655/1655
f 1655/1655 804/804 2275/2275
f 2275/2275 2133/2133 1655/1655
f 1656/1656 2134/2134 504/504
f 504/504 31/31 1656/1656
f 1656/1656 31/31 137/137
f 137/137 1872/1872 1656/1656
f 1750/1750 2191/2191 1248/1248
f 1248/1248 847/847 1750/1750
f 1750/1750 847/847 106/106
f 106/106 1428/1428 1750/1750
f 1750/1750 1428/1428 2423/2423
f 2423/2423 1246/1246 1750/1750
f 1749/1749 1245/1245 2343/2343
f 2343/2343 2192/2192 1749/1749
f 473/473 2133/2133 2275/2275
f 2275/2275 1845/1845 473/473
f 473/473 1845/1845 472/472
f 472/472 1730/1730 473/473
f 474/474 1729/1729 2403/2403
f 2403/2403 1282/1282 474/474
f 474/474 1282/1282 504/504
f 504/504 2134/2134 474/474
f 1946/1946 1730/1730 472/472
f 472/472 701/701 1946/1946
f 1946/1946 701/701 1786/1786
f 1786/1786 797/797 1946/1946
f 1945/1945 796/796 1478/1478
f 1478/1478 455/455 1945/1945
f 1945/1945 455/455 2403/2403
f 2403/2403 1729/1729 1945/1945
f 15/15 2369/2369 1802/1802
f 1802/1802 726/726 15/15
f 15/15 726/726 1248/1248
f 1248/1248 2191/2191 15/15
f 16/16 2192/2192 2343/2343
f 2343/2343 1017/1017 16/16
f 15/15 1016/1016 2514/2514
f 2514/2514 2369/2369 15/15