# https://github.com/mikedh/trimesh
mtllib material0.mtl
usemtl material0
v 0.01894078 0.05356329 0.00599960
v 0.01894078 0.05356329 0.00599960
v 0.00554364 0.03958629 0.00601283
v -0.00862345 0.06317685 0.00428766
v -0.00230985 0.06456637 0.00138711
v 0.00639059 -0.08070044 0.00595629
v 0.00639059 -0.08070044 0.00595629
v 0.00954739 -0.06635891 0.00860420
v 0.01270418 0.04468721 0.00118380
v 0.01586098 0.04329288 0.00117899
v -0.00384975 0.06106791 0.00427924
v 0.01278118 0.03777690 0.00499144
v 0.00885443 -0.07771087 0.00330838
v -0.00454271 -0.06422711 0.00778612
v -0.01162625 -0.07812833 0.00333966
v -0.00685256 -0.07078973 0.00357666
v -0.00053897 -0.08876688 0.00860901
v -0.00130892 0.03888731 0.00602366
v -0.00130892 0.03888731 0.00602366
v -0.00130892 0.03888731 0.00650247
v 0.00816148 0.04196591 0.00776928
v -0.00600561 0.01959644 0.00421789
v -0.02394546 0.07038792 0.01085390
v -0.00423473 -0.00740716 0.00420225
v 0.00523566 0.06585002 0.00778492
v 0.00523566 0.06585002 0.00778492
v 0.00523566 0.06584160 0.01047975
v 0.00130892 -0.03933485 0.00778853
v -0.01285817 -0.07815359 0.00422871
v 0.01793985 0.04608395 0.01081781
v 0.01716990 0.04710172 0.00290536
v -0.00254084 0.09000000 0.00429007
v 0.00692955 0.01848964 0.00359711
v -0.00962438 -0.02674255 0.00865112
v -0.00092394 -0.07022791 0.00409277
v -0.00954739 0.05691258 0.00913715
v 0.00713287 0.02213848 0.00600321
v 0.00713287 0.02213848 0.00600321
v -0.01565767 0.05761877 0.00781259
v 0.01983705 0.04805334 0.01081540
v 0.00097327 0.04318340 0.00966889
v -0.01003703 0.02208314 0.00843457
v 0.01837415 0.04457893 0.00908903
v 0.00112726 0.05886994 0.00426962
v 0.00744085 0.04591311 0.01121842
v 0.00744085 0.04591311 0.01121842
v -0.01226988 0.03122751 0.00845261
v 0.01298449 0.04496631 0.00424556
v -0.00356944 0.03988464 0.00693798
v -0.00356944 0.03988584 0.00650608
v -0.00433939 -0.02663187 0.00419382
v -0.00272250 0.01825264 0.00782101
v 0.00359110 -0.08785376 0.00331199
v 0.00913474 -0.03275057 0.00837923
v -0.00426240 -0.08687569 0.00861623
v -0.00025866 0.04602620 0.00181420
v -0.00025866 0.04602620 0.00181420
v -0.01049900 0.05493597 0.00122470
v -0.00734220 0.02723459 0.00361997
v -0.01442575 0.07187488 0.00781740
v -0.00811215 0.03181941 0.00844540
v -0.00572530 0.04577597 0.00462572
v 0.01005868 0.04625959 0.00776808
v 0.01005868 0.04625959 0.00776808
v -0.00333846 0.05416963 0.00603328
v -0.00333846 0.05416963 0.00603328
v -0.00095161 -0.06855447 0.00837802
v 0.00143524 0.05726026 0.00426841
v 0.01721922 0.04521174 0.00290536
v 0.01721922 0.04521174 0.00290536
v -0.01273185 -0.07138404 0.00423112
v 0.01329247 0.04694773 0.00909745
v -0.00641826 0.00536198 0.00782101
v -0.00795816 0.05421775 0.00779936
v -0.00711122 0.01175739 0.00421548
v 0.01742254 0.07188812 0.00999612
v 0.00086860 0.02205547 0.00841772
v 0.00402540 -0.02646224 0.00418059
v 0.00879909 0.04340837 0.00819877
v 0.01511269 0.05013822 0.00118260
v -0.00144125 0.06444125 0.00779455
v -0.00852480 0.06165980 0.00428646
v 0.00964604 0.07150675 0.00187916
v -0.00059431 -0.08604318 0.00836960
v 0.00494934 -0.06653576 0.00777049
v -0.00213421 0.05538832 0.00293905
v -0.00213421 0.05538832 0.00293905
v -0.01237455 -0.05242882 0.00599840
v -0.01237455 -0.05242882 0.00599840
v 0.00025264 0.02142147 0.00420826
v -0.01152760 -0.00755755 0.00842254
v -0.00521401 0.04821695 0.00756837
v 0.00741318 -0.04561837 0.00861623
v 0.00356343 0.06549993 0.00426962
v -0.01614731 0.05982756 0.00605614
v -0.01614731 0.05982756 0.00605614
v 0.00595027 0.05526681 0.00777891
v 0.01226387 0.04560634 0.00400735
v 0.01226387 0.08176995 0.00602246
v 0.01226387 0.08176995 0.00602246
v -0.02084400 0.07806336 0.00785590
v 0.00756717 -0.00073266 0.00775003
v 0.00756717 -0.00073386 0.00839607
v -0.00582997 0.04088317 0.00751544
v -0.00582997 0.02129635 0.00782703
v -0.00105628 -0.06370739 0.00417097
v 0.01472771 0.06390469 0.00164938
v -0.01838016 0.08148723 0.00606938
v -0.01838016 0.08148723 0.00606938
v -0.00575297 0.04700187 0.00680203
v 0.01241786 0.05801096 0.00777049
v -0.00413608 0.02153696 0.00782462
v 0.01873145 0.04641358 0.00908903
v 0.00456436 -0.05208234 0.00416856
v 0.00063762 0.06329354 0.00427323
v 0.01326480 0.03867558 0.00757198
v -0.01668627 0.04196591 0.00846464
v 0.00233151 0.05326614 0.00120425
v -0.02446277 0.06150822 0.00606938
v -0.02446277 0.06150822 0.00606938
v -0.02446277 0.06150822 0.00606938
v -0.02446277 0.06150822 0.00606938
v -0.00159524 0.03278546 0.00758762
v -0.01183558 0.02858562 0.00427563
v -0.01183558 0.05934755 0.01079254
v -0.01024636 -0.05879054 0.00334688
v -0.02364350 0.06208568 0.01088878
v -0.00470271 0.04937188 0.00822163
v -0.00470271 0.04937188 0.00822163
v 0.01423807 0.04473533 0.00800027
v 0.00245783 -0.06408515 0.00777530
v -0.02433645 0.06827176 0.00921414
v -0.00139193 0.05530290 0.00912391
v 0.00730851 -0.07774215 0.00355140
v -0.01317217 0.03721989 0.00362478
v -0.00516468 -0.08917230 0.00597073
v -0.00516468 -0.08917230 0.00597073
v 0.00984935 0.04834447 0.00910346
v 0.00984935 -0.07087635 0.00860179
v 0.01616295 0.04739888 0.00290777
v -0.00116094 -0.05860647 0.00417337
v 0.00438270 -0.03286486 0.00778612
v 0.00522965 0.06585243 0.00426721
v 0.00522965 0.06585243 0.00426721
v 0.01077329 -0.06634086 0.00595629
v 0.01077329 -0.06634086 0.00595629
v 0.01077329 0.04786446 0.01082984
v 0.00053295 0.04567972 0.01203890
v -0.00809050 0.04188170 0.00845141
v -0.02464443 0.06348483 0.01089119
v 0.01716388 0.04503369 0.01081901
v -0.01040035 -0.06670178 0.00334327
v -0.01117030 0.01167438 0.00602607
v -0.01117030 0.01167438 0.00602607
v 0.00384374 -0.00724235 0.00358989
v -0.00696324 0.04138484 0.00603328
v -0.00696324 0.04138484 0.00603328
v 0.00882075 -0.02634675 0.00773680
v 0.00882075 -0.02634795 0.00838284
v 0.00173720 0.03424957 0.00445007
v 0.00019730 0.04352506 0.00967010
v -0.00057265 -0.08753014 0.00331921
v 0.02468173 0.05265138 0.00774883
v 0.02468173 0.05265138 0.00774883
v 0.00658789 0.05390616 0.00777650
v 0.00828178 0.04225465 0.00348403
v 0.00828178 0.04225465 0.00348403
v -0.00272851 0.01825384 0.00421187
v 0.01705922 0.04496511 0.00909143
v 0.01705922 0.04496511 0.00909143
v 0.01705922 0.07739567 0.00777169
v -0.00657826 0.03246304 0.00361275
v -0.00657826 -0.00745649 0.00781500
v -0.01443176 0.07187609 0.00429969
v -0.00496137 0.02804425 0.00843457
v -0.00180457 0.05050033 0.00402780
v -0.01835851 0.06097286 0.00915279
v 0.00766582 0.06702419 0.00166141
v 0.01005267 0.04626079 0.00425037
v 0.01005267 0.04626079 0.00425037
v -0.02459511 0.06304572 0.00224729
v -0.01828151 0.06057466 0.00915279
v 0.00858976 0.04729782 0.00728084
v 0.00858976 0.04729782 0.00728084
v -0.00796418 0.05422016 0.00428165
v -0.00873413 0.05456062 0.00780056
v 0.00073627 0.02759551 0.00842494
v -0.02367117 0.06150221 0.00808207
v 0.01182355 0.07054672 0.01015974
v -0.00706791 0.06667411 0.00428646
v -0.00468106 0.04943443 0.00526574
v -0.02123500 0.05168534 0.00873292
v -0.02123500 0.05168654 0.00781861
v 0.01271982 0.04468240 0.01082502
v 0.00879308 0.04340957 0.00382208
v 0.01510667 0.05014303 0.00776206
v 0.00725317 0.00567117 0.00775364
v 0.00332643 0.02739219 0.00842133
v -0.00691392 0.05973373 0.00780056
v 0.01911041 0.04624636 0.00908903
v -0.00768387 0.06229983 0.00780297
v -0.01630731 0.07152841 0.00606216
v -0.01630731 0.07152841 0.00606216
v 0.01918741 0.06193530 0.00164096
v 0.00579027 -0.05846692 0.00777289
v 0.01526066 0.05115479 0.00776206
v 0.02157425 0.04983745 0.00117297
v 0.00348042 -0.00084213 0.00359350
v -0.01222657 0.05610293 0.00780658
v -0.00906978 -0.05876768 0.00358629
v 0.00594426 0.05526922 0.00426120
v 0.00756115 -0.00073025 0.00423232
v -0.00583598 0.02129876 0.00421789
v -0.00029234 0.02085363 0.00420946
v 0.00602125 -0.04564363 0.00356824
v -0.00737589 -0.00747333 0.00781620
v -0.00421909 0.04777663 0.00045596
v -0.00421909 0.04777663 0.00045596
v -0.00814584 -0.00108154 0.00842013
v 0.00686820 0.05126307 0.01083705
v 0.01241184 0.05801216 0.00425277
v -0.00414209 0.02153937 0.00421548
v -0.00491204 0.06006577 0.00779816
v -0.00960874 0.06213862 0.00428766
v 0.01325879 0.03867678 0.00442962
v 0.01325879 0.05082275 0.00776567
v -0.01669229 0.04196832 0.00429007
v 0.00540529 0.01844032 0.00335771
v -0.00167825 -0.03298757 0.00779575
v -0.00637495 0.04358401 0.00331560
v -0.00637495 0.04358401 0.00331560
v 0.00309544 -0.08672290 0.00331319
v 0.01572263 0.04311843 0.00347560
v -0.01184160 -0.08276126 0.00598396
v -0.01184160 -0.08276126 0.00598396
v -0.02364951 0.06114971 0.00782703
v -0.02364951 0.06726120 0.00431172
v 0.00237482 0.05056049 0.00903128
v 0.00237482 0.05056049 0.00903128
v 0.00160487 -0.04573627 0.00778492
v 0.01346210 0.03978840 0.00760567
v 0.00245181 -0.06408274 0.00416615
v -0.00301484 0.04325919 0.00813381
v -0.00378479 0.05162157 0.01065780
v -0.00216789 0.02782529 0.00360914
v 0.02069964 0.04894961 0.00860299
v 0.00021895 0.03318487 0.00758522
v -0.00447774 -0.05226641 0.00418179
v 0.00183585 0.05600428 0.00778492
v -0.00286085 0.02509798 0.00842494
v 0.00660954 0.04018901 0.00452947
v 0.00268280 0.06236359 0.01067825
v -0.01071434 -0.08226681 0.00333725
v -0.00755755 -0.02029181 0.00781019
v -0.01541104 0.06149499 0.00605614
v -0.01541104 0.06149499 0.00605614
v -0.01225424 -0.04601658 0.00600201
v -0.01225424 -0.04601658 0.00600201
v 0.00907339 0.04868734 0.00910467
v -0.01140730 -0.00114771 0.00842615
v 0.00121989 0.02004278 0.00781500
v 0.00437669 -0.03286245 0.00417698
v 0.01230718 0.05137736 0.00118741
v 0.00607058 0.06773159 0.01038591
v 0.00607058 0.06774121 0.00778372
v -0.01048336 0.05493116 0.01086593
v -0.00101297 -0.06560580 0.00778011
v 0.00530063 0.04032135 0.01116789
v -0.00886646 -0.04594800 0.00359110
v 0.00691752 -0.07775177 0.00783786
v 0.01007432 -0.05196324 0.00836960
v 0.01407806 0.03969456 0.00729528
v -0.00401577 0.04549806 0.00256369
v -0.00794252 0.01173814 0.00842615
v 0.01099826 -0.07089921 0.00771274
v -0.00948242 0.05901912 0.00913835
v -0.01025237 0.02491993 0.00843697
v -0.00866315 -0.03312953 0.00359711
v 0.00080725 0.01832603 0.00420585
v 0.00319409 0.04051624 0.00812298
v -0.00781620 0.07805133 0.00605133
v -0.00781620 0.07805133 0.00605133
v 0.00565793 -0.03924462 0.00357185
v 0.00881473 -0.02634554 0.00421909
v -0.00773921 -0.03311148 0.00780537
v 0.01828512 0.04675164 0.00290416
v 0.01828512 0.04675164 0.00290416
v 0.01828512 0.04675164 0.00290416
v 0.01435837 0.04848764 0.00909624
v -0.02421615 0.07006550 0.00607298
v -0.02421615 0.07006550 0.00607298
v -0.02421615 0.07006550 0.00607298
v -0.02421615 0.07006550 0.00607298
v 0.02467571 0.05265259 0.00423112
v 0.02467571 0.05265259 0.00423112
v 0.00658187 0.05390737 0.00425879
v -0.00997206 0.01169723 0.00867036
v 0.01289547 0.08319316 0.00778131
v -0.01074201 -0.02676541 0.00865352
v -0.00281152 0.02261970 0.00782342
v -0.00673827 -0.07223099 0.00838524
v 0.00827577 0.03465138 0.00359110
v 0.01066261 0.04599251 0.00776688
v 0.00042227 0.03915078 0.00602125
v 0.00673586 0.04971835 0.00292341
v 0.01620626 0.04386673 0.00799666
v 0.01620626 0.04386673 0.00799666
v -0.00350448 0.04285858 0.00602847
v 0.00758281 -0.02638043 0.00333485
v 0.01705320 0.07737401 0.00978198
v -0.00658428 -0.00745529 0.00420585
v -0.00342748 0.03311148 0.00445729
v -0.01998142 0.07034581 0.00782583
v -0.00104064 -0.06421388 0.00778011
v 0.00842976 0.04257947 0.00601043
v 0.00842976 0.04257947 0.00601043
v 0.00134621 0.05010694 0.00426601
v 0.00450301 0.00558695 0.00335410
v 0.00765980 0.06016562 0.01066983
v 0.00057626 0.05044860 0.00778492
v -0.02306122 0.05648911 0.00782342
v 0.00927670 0.04706804 0.00878465
v -0.00727724 0.03940342 0.00764537
v 0.00219316 -0.06679802 0.00356463
v 0.00850675 -0.01994413 0.00774041
v -0.02460112 0.06359431 0.01002740
v 0.01405039 0.04449592 0.00776086
v -0.01035704 -0.00753469 0.00866194
v -0.01035704 0.03733298 0.00845261
v 0.01489734 0.05691498 0.00776567
v -0.01189694 -0.02678586 0.00360433
v -0.00874014 0.05456182 0.00428285
v 0.00704384 -0.03921575 0.00332883
v -0.00951009 -0.02033030 0.00336372
v 0.00627389 0.06384815 0.00778252
v -0.02367718 0.06150341 0.00405427
v -0.01104999 0.01808421 0.00602847
v -0.01104999 0.01808421 0.00602847
v -0.00630397 -0.07258829 0.00598035
v -0.00630397 -0.07258829 0.00598035
v -0.01023072 0.05446678 0.00141960
v -0.00707392 0.06667170 0.00139554
v -0.02362786 0.06116896 0.01088878
v -0.02124101 0.05168774 0.00430090
v 0.01425371 0.08193597 0.00238564
v 0.01741051 0.07189173 0.00202232
v -0.00938377 0.03449860 0.00845021
v -0.00384013 0.06106550 0.01085871
v 0.01510065 0.05014423 0.00424435
v 0.00409036 -0.08898342 0.00595629
v 0.00409036 -0.08898342 0.00595629
v 0.00724716 0.00567237 0.00423593
v -0.00060634 0.03451905 0.00701257
v 0.00493731 -0.06511135 0.00777049
v -0.00845983 -0.02030865 0.00360192
v -0.00291619 0.05810360 0.00779334
v 0.00578425 0.02720091 0.00359711
v 0.00578425 -0.05846571 0.00416375
v 0.01525465 0.05115600 0.00424435
v -0.00206924 -0.01377249 0.00780537
v 0.00031760 0.03646197 0.00510934
v 0.00270445 0.04011563 0.00601764
v -0.00199225 0.05570833 0.00293905
v -0.00199225 0.05570833 0.00293905
v -0.00199225 0.04350461 0.00081807
v -0.01138564 -0.05881700 0.00864029
v -0.00507205 0.04854899 0.00535837
v 0.00439834 0.05595255 0.00778131
v 0.00755514 0.04736519 0.00601404
v 0.00755514 0.04736519 0.00601404
v 0.00678519 0.05694386 0.00777770
v 0.00917204 0.04425531 0.00727242
v -0.00738190 -0.00747093 0.00420706
v 0.00524529 -0.06469028 0.00777049
v -0.00183826 0.03736065 0.00511295
v -0.00260821 0.03520960 0.00503115
v -0.00337816 0.05037401 0.00132576
v -0.00022136 0.05170579 0.00301965
v -0.00022136 0.05170579 0.00301965
v -0.01361850 0.07415706 0.00159644
v 0.01240583 0.05800976 0.00136787
v -0.00099131 -0.06658147 0.00837923
v -0.00491806 0.06063962 0.01085991
v -0.00491806 0.06006697 0.00428044
v 0.01717952 0.04709932 0.00909143
v 0.00693918 0.01207499 0.00775725
v -0.00083732 0.02314423 0.00842013
v 0.00231948 -0.08494239 0.00596110
v 0.00231948 -0.08494239 0.00596110
v 0.00547627 0.03589052 0.00693557
v -0.00237722 0.02699398 0.00842615
v 0.00868240 -0.07085470 0.00860299
v 0.00321575 0.03688785 0.00749980
v 0.00244580 -0.06453870 0.00416615
v -0.01249124 -0.05883986 0.00840088
v 0.01668988 0.05052319 0.00775966
v 0.00883639 -0.05199091 0.00332041
v 0.00413969 0.01198717 0.00335771
v 0.00421668 0.04076166 0.00080725
v -0.01310720 0.03384775 0.00779816
v 0.00976033 -0.04555821 0.00772597
v 0.01291712 0.03800789 0.00600080
v 0.01291712 0.03800789 0.00600080
v -0.02334755 0.07022671 0.00607178
v -0.02334755 0.07022671 0.00607178
v 0.01137722 0.04926962 0.00118861
v 0.01137722 0.04926962 0.00118861
v 0.00668052 -0.03281433 0.00333244
v 0.00275378 0.01195829 0.00359952
v -0.00432977 0.04390643 0.00396164
v -0.01141331 -0.00114650 0.00426240
v -0.00825652 -0.00748897 0.00360794
v 0.00991432 0.04592153 0.01082984
v 0.00598757 0.04896284 0.00300882
v 0.00598757 0.04896284 0.00300882
v -0.00425277 0.03098088 0.00844058
v -0.01995976 0.07752079 0.01053870
v 0.00606456 0.06774241 0.00426601
v 0.00529461 -0.03284320 0.00357546
v 0.00691151 -0.07775057 0.00407713
v 0.01006831 -0.05196083 0.00420585
v -0.00017204 -0.00732656 0.00780537
v -0.00094199 0.04304264 0.01123406
v -0.01195228 0.06464697 0.00123072
v 0.01407205 0.04778385 0.00118380
v 0.01722885 0.04520933 0.00909143
v 0.01722885 0.04520933 0.00909143
v -0.00956543 0.05708101 0.00295108
v -0.02296257 0.06995362 0.01085269
v 0.01099225 -0.07089801 0.00354899
v -0.02365553 0.06115092 0.00430932
v -0.01020906 0.07265085 0.00159043
v -0.02437615 0.06085858 0.00606938
v -0.02437615 0.06085858 0.00606938
v 0.00796177 -0.08628379 0.00771033
v -0.00697527 0.08917230 0.00781379
v -0.00774522 -0.03310908 0.00419623
v 0.00488197 -0.07186526 0.00355862
v -0.00135463 0.01828031 0.00781861
v -0.00212458 0.05538591 0.00912512
v -0.00212458 0.05538591 0.00912512
v -0.00605133 0.03563307 0.00759604
v 0.01604625 0.04560634 0.00290656
v 0.00819275 -0.01354030 0.00774402
v -0.00204759 0.04907953 0.00244459
v -0.00281754 0.02262091 0.00421428
v -0.01144098 0.08710908 0.00781981
v 0.01065660 0.04599492 0.00424916
v 0.00988665 0.04633538 0.00776808
v 0.01620024 0.04386793 0.00400013
v 0.01620024 0.04386793 0.00400013
v -0.00351049 0.05225317 0.00779214
v -0.00351049 0.05225317 0.00779214
v -0.00035370 0.03949365 0.00602246
v -0.00035370 0.03949365 0.00602246
v 0.00595990 0.05006122 0.00292461
v -0.01213394 -0.03960794 0.00600441
v -0.01213394 -0.03960794 0.00600441
v -0.00897714 0.02075739 0.00843216
v -0.00974709 -0.03315239 0.00864871
v -0.01051704 0.06254044 0.00780778
v -0.00104665 -0.06421147 0.00417097
v -0.01128699 0.00526333 0.00842855
v 0.01473733 0.04138244 0.00514784
v 0.00057024 0.05044981 0.00426721
v -0.00019971 0.05278252 0.00602847
v -0.00019971 0.05278252 0.00602847
v 0.00611389 0.04008074 0.00766702
v 0.00850074 -0.01994292 0.00422270
v -0.00805320 0.00533070 0.00361396
v 0.01643123 0.05623406 0.01064818
v 0.00619088 -0.06569242 0.00776808
v -0.00720626 0.02821989 0.00843818
v 0.00388103 -0.03928071 0.00417458
v 0.01019463 0.07707806 0.00778252
v 0.00626788 0.06384935 0.00426480
v -0.02368320 0.06528940 0.00297754
v 0.00234113 0.05326253 0.00778372
v 0.00234113 0.05326253 0.00778372
v 0.00631720 -0.02641532 0.00333605
v -0.01023673 -0.00112244 0.00337335
v -0.02363387 0.06073827 0.00124756
v 0.00239046 0.01835851 0.00360313
v -0.00784989 0.01815038 0.00361877
v 0.01278479 0.03777570 0.00701016
v -0.02347988 0.06718540 0.00124997
v 0.00493129 -0.02644299 0.00357907
v 0.00493129 -0.06511015 0.00416134
v 0.01440168 0.04157492 0.00515025
v 0.00654819 0.04531520 0.00237722
v -0.01154565 -0.06680283 0.00863668
v -0.00207526 -0.01377129 0.00419623
v 0.01370873 0.05184053 0.00776567
v -0.00276821 0.04384748 0.00081928
v -0.00276821 0.04384748 0.00081928
v -0.00985176 0.01810948 0.00338177
v 0.00046558 0.02647788 0.00842013
v 0.00362238 0.04431306 0.00180818
v 0.00362238 0.04431306 0.00180818
v 0.00677917 0.04770806 0.00601524
v 0.00677917 0.04770806 0.00601524
v 0.01232282 0.05137375 0.01082863
v -0.02386486 0.07100628 0.00354899
v -0.01123767 0.07954672 0.00185871
v 0.00377637 0.01838738 0.00336132
v 0.00693316 0.01207619 0.00359350
v 0.00693316 0.01848964 0.00600201
v 0.00693316 0.01848964 0.00600201
v -0.00646398 0.06075030 0.00780056
v -0.00646398 0.02190509 0.00842855
v -0.00646398 0.04267331 0.00603328
v -0.00646398 0.04267331 0.00603328
v -0.00723393 0.06182943 0.00428405
v -0.00092033 -0.07022911 0.00597313
v -0.00092033 -0.07022911 0.00597313
v -0.01116067 0.05727349 0.00135463
v 0.00462331 -0.06553121 0.00416134
v -0.00007339 0.04364417 0.00237722
v -0.01424048 0.03717297 0.00780176
v -0.00233391 0.05494319 0.00121147
v 0.00243978 -0.06499706 0.00416495
v -0.02435450 0.06822002 0.00126079
v -0.00225692 0.05767772 0.00779214
v -0.01565406 0.04169282 0.00363080
v -0.01249726 -0.05883745 0.00423713
v 0.01668387 0.05052440 0.00424195
v -0.00926347 -0.00750942 0.00336853
v -0.01157332 0.06179214 0.00429127
v 0.01760781 0.05577450 0.00424315
v 0.00344072 0.04110453 0.00080845
v 0.00344072 0.04110453 0.00080845
v -0.01311322 0.03384895 0.00362358
v 0.00975431 -0.04555701 0.00420826
v 0.01606791 0.05227122 0.00776206
v 0.00267077 0.04074723 0.00391231
v 0.00190082 -0.05213768 0.00778131
v 0.00190082 0.06514624 0.00778973
v 0.00113086 0.03109277 0.00360072
v -0.00987943 -0.03956102 0.00335530
v -0.01696297 0.05819503 0.00605614
v -0.01696297 0.05819503 0.00605614
v 0.01776180 0.05564938 0.00424315
v 0.00836840 0.05979508 0.01066141
v -0.00025505 0.02463481 0.00842013
v 0.00528860 0.02250902 0.00360072
v -0.01126534 -0.05240476 0.00335169
v 0.00690549 0.04118153 0.00334928
v 0.01876273 0.07131667 0.00600802
v 0.01876273 0.07131667 0.00600802
v 0.00852239 -0.04558829 0.00332402
v -0.00171795 0.04338551 0.01123526
v -0.00171795 0.04338551 0.01123526
v -0.01511509 0.08459230 0.00606577
v -0.01511509 0.08459230 0.00606577
v 0.00859939 0.05288117 0.00425638
v -0.00633766 0.01177182 0.00782342
v 0.00944633 -0.03915439 0.00772958
v -0.02366154 0.06305053 0.01088999
v -0.00782823 0.07804050 0.00185269
v 0.00795575 -0.08628258 0.00354658
v -0.00698129 0.08914945 0.00981928
v -0.00536439 0.04677570 0.00364644
v -0.00451744 -0.06468427 0.00778492
v -0.00136065 0.01828272 0.00420946
v -0.00213060 0.04455367 0.00967371
v -0.01237094 -0.05242882 0.00775725
v 0.01049659 -0.08230651 0.00354418
v 0.01365339 0.03935169 0.00794132
v 0.01919703 0.06194252 0.00600201
v 0.01919703 0.06194252 0.00600201
v -0.00759725 0.08775511 0.00994199
v 0.01527028 0.04594920 0.00290777
v 0.00818674 -0.01353790 0.00358027
v 0.00741679 0.04116950 0.00833832
v -0.00913715 -0.08663387 0.00773680
v -0.01067705 0.05541839 0.00604531
v -0.01067705 0.05541839 0.00604531
v -0.01144700 0.08711028 0.00430210
v -0.00513340 0.04857185 0.00950769
v 0.00595388 -0.02001390 0.00333966
v -0.02084040 0.07805975 0.01053389
v -0.01052306 0.06254284 0.00429007
v -0.01837655 0.08148603 0.00782823
v 0.00449098 0.04064256 0.01122444
v 0.00449098 0.04064256 0.01122444
v 0.00056423 0.05244566 0.00602727
v 0.00056423 0.05244566 0.00602727
v -0.02461315 0.06359791 0.00211375
v 0.00695482 0.03923379 0.00776928
v 0.00618487 -0.06569122 0.00415894
v 0.01257546 0.04439246 0.00137990
v 0.00233512 0.05326494 0.00426601
v 0.00233512 0.05326494 0.00426601
v -0.02445916 0.06761850 0.00431413
v -0.02445916 0.06761850 0.00431413
v 0.00156517 0.01834167 0.00420465
v 0.01893838 0.05356450 0.00424074
v -0.01332255 0.06884441 0.01072998
v 0.00407833 0.04181192 0.00966288
v -0.02271595 0.07419075 0.00143885
v -0.00693196 -0.06677877 0.00778853
v -0.02348590 0.06032442 0.01069269
v -0.00454511 0.03605654 0.00503475
v 0.02070926 0.04894479 0.00775244
v 0.02070926 0.04894479 0.00775244
v 0.00338538 0.03266635 0.00359711
v -0.00762492 0.02301551 0.00362117
v -0.00131132 0.03888731 0.00511295
v 0.00815907 0.04196591 0.00601043
v 0.00815907 0.04196591 0.00601043
v 0.01370271 0.05184173 0.00424796
v -0.00516107 -0.08917351 0.00772958
v -0.00115733 0.02232616 0.00781981
v -0.00585403 0.04598048 0.00470392
v 0.00284641 0.04465593 0.00180938
v 0.00284641 0.04465593 0.00180938
v 0.00600321 0.04326160 0.00189600
v 0.00600321 0.04326160 0.00189600
v 0.01077690 -0.06634327 0.00771515
v -0.01201363 -0.03319690 0.00600682
v -0.01201363 -0.03319690 0.00600682
v -0.00254324 0.08997353 0.00966529
v -0.00646999 0.06075271 0.00428285
v -0.01116669 0.01167197 0.00843096
v -0.00800989 -0.05234100 0.00779695
v 0.01408769 0.04777904 0.01082502
v -0.00639300 -0.08376701 0.00357065
v -0.00007940 0.04923473 0.00081687
v -0.00084935 0.04398583 0.00237843
v -0.01424649 0.03717417 0.00428405
v -0.01424649 0.03717538 0.00362719
v -0.02448683 0.06186071 0.00405547
v -0.02448683 0.06186071 0.00405547
v 0.01028726 0.06586686 0.00165660
v 0.01344406 0.04635944 0.00118380
v 0.00004692 0.05158789 0.00903489
v 0.00320372 -0.02648028 0.00779094
v -0.00226293 0.05767892 0.00427443
v -0.01566007 0.05761997 0.00605374
v -0.01566007 0.05761997 0.00605374
v 0.00012391 -0.01372798 0.00780176
v 0.01983465 0.04805454 0.00860299
v -0.01011643 -0.05238310 0.00864029
v -0.00695963 0.04138244 0.00764537
v 0.01829475 0.04674923 0.00909023
v 0.01829475 0.04674923 0.00909023
v 0.01829475 0.04674923 0.00909023
v -0.00372584 -0.08548135 0.00356583
v -0.00765259 -0.02670044 0.00419864
v 0.02468534 0.05264537 0.01063975
v 0.01444499 0.04083625 0.00223647
v 0.01760179 0.05577209 0.00135223
v 0.01367504 0.08059578 0.00971822
v 0.01606189 0.05227242 0.00424435
v 0.00189480 -0.05213648 0.00417217
v -0.01227229 0.03122871 0.00779575
v -0.00357185 0.03988705 0.00554846
v 0.01775578 0.05564697 0.00135824
v 0.00358869 0.03863227 0.00300882
v 0.00674549 -0.05844526 0.00356102
v 0.00674549 0.04971595 0.00910948
v -0.00665165 -0.06576220 0.00778853
v -0.01057840 -0.07133471 0.00863307
v -0.00426480 -0.01381700 0.00780898
v -0.00819155 -0.08116121 0.00357425
v 0.00443564 0.03427603 0.00842855
v 0.00289574 0.05661663 0.00778372
v 0.00920933 0.03065606 0.00776206
v -0.01127135 0.05764523 0.01074923
v -0.00257091 0.04704999 0.01204491
v 0.01005628 0.04626079 0.00600922
v 0.01005628 0.04626079 0.00600922
v 0.01005628 0.04626079 0.00600922
v 0.01005628 0.04626079 0.00600922
v 0.01005628 0.04628004 0.00118861
v -0.00649766 -0.00104785 0.00781740
v 0.00612953 0.04649298 0.00080604
v 0.01482997 0.04157131 0.00599960
v 0.01482997 0.04157131 0.00599960
v -0.02459150 0.06625785 0.00125117
v -0.00796057 0.05421895 0.00604050
v -0.00796057 0.05421895 0.00604050
v -0.00480377 0.02306363 0.00842615
v -0.00634367 0.01177302 0.00421428
v 0.00944032 -0.03915319 0.00356583
v -0.00395682 0.05922845 0.00121628
v -0.00706430 -0.06784106 0.00838885
v -0.02438818 0.06829582 0.00783184
v -0.02438818 0.06829582 0.00783184
v 0.01349338 0.03905093 0.00826855
v -0.00306055 0.05074094 0.00603208
v -0.00460045 0.06197380 0.00779816
v -0.00144366 0.06444125 0.00603569
v -0.00144366 0.06444125 0.00603569
v -0.00144366 0.02159230 0.00781981
v -0.00614036 0.03916642 0.00751544
v -0.02346424 0.06718059 0.01089119
v 0.00417698 0.06372544 0.00778492
v -0.01237695 -0.05242762 0.00423954
v 0.01364737 0.03935410 0.00406029
v -0.01630370 0.07152720 0.00782101
v -0.01076006 0.05944018 0.00295469
v 0.02157786 0.04983625 0.00423473
v 0.02157786 0.04983625 0.00423473
v -0.00914316 -0.08663147 0.00357305
v -0.00513942 0.04857305 0.00603328
v -0.00513942 0.04857305 0.00603328
v -0.00198262 0.05570592 0.00912512
v -0.00198262 0.05570592 0.00912512
v -0.00275257 0.01972036 0.00782101
v 0.01226146 0.08176995 0.00426360
v -0.02084641 0.07806456 0.00607178
v -0.02084641 0.07806456 0.00607178
v -0.00583238 0.04088558 0.00603088
v -0.00583238 0.04088558 0.00603088
v 0.00363802 0.04430825 0.01203409
v 0.00679481 -0.07463588 0.00355380
v 0.00602486 0.00563147 0.00864269
v -0.01052907 0.02682917 0.00844058
v -0.00105868 0.01187889 0.00781500
v -0.01838257 0.08148723 0.00431052
v -0.00575538 0.04700187 0.00526694
v 0.00687181 0.03145368 0.00842133
v 0.01557225 0.04306911 0.00137508
v -0.02461917 0.06117377 0.00124876
v -0.00490843 0.04892073 0.00470392
v -0.00175164 0.05147601 0.00778853
v -0.00567839 0.05520184 0.00294506
v -0.00644834 0.05554351 0.00603930
v -0.00644834 0.05554351 0.00603930
v -0.01668868 0.04196832 0.00604892
v -0.01668868 0.04196832 0.00604892
v 0.00225211 -0.06907539 0.00356343
v 0.00071220 -0.02652961 0.00418540
v 0.00625585 0.04884494 0.00902406
v 0.00941265 0.05052921 0.00291980
v -0.00714129 -0.05232175 0.00779575
v 0.01572624 0.04311723 0.00599960
v 0.01572624 0.04311723 0.00599960
v -0.02369523 0.06494052 0.00297754
v -0.00398449 0.05052319 0.00151825
v -0.00398449 0.05052319 0.00151825
v -0.02446518 0.06150822 0.00431052
v -0.02446518 0.06150822 0.00431052
v -0.01183799 0.02858562 0.00362358
v -0.00552440 0.04751557 0.00736386
v 0.01107887 0.05447280 0.00119102
v -0.00231827 0.05493958 0.01085269
v 0.00638217 -0.06720706 0.00355862
v 0.00953897 -0.06635650 0.00331319
v -0.00701497 0.01816482 0.00782703
v 0.01508261 0.04583732 0.00290897
v -0.00855487 -0.02672089 0.00840930
v 0.00330237 0.04215479 0.00966408
v -0.00693798 -0.06677757 0.00417939
v 0.02070325 0.04894720 0.00423473
v 0.02070325 0.04894720 0.00423473
v 0.01361970 0.04006269 0.00760567
v -0.00293423 0.05221468 0.00338899
v -0.00054739 -0.08876447 0.00331801
v 0.00345636 0.03492207 0.00762612
v 0.00345636 0.02981633 0.00359952
v 0.00976995 0.04563160 0.00138471
v 0.01292675 0.03805841 0.00425879
v 0.01215680 0.05252506 0.00776808
v -0.00755394 0.02020037 0.00842976
v 0.00191646 0.01194145 0.00420104
v -0.00516709 -0.08917230 0.00421187
v -0.00593704 0.04311603 0.00889533
v -0.00593704 0.04311603 0.00889533
v -0.00116335 0.02232736 0.00421067
v -0.01771728 0.08071367 0.01037749
v -0.01055674 0.05548817 0.01069389
v -0.02395388 0.07045408 0.00872210
v -0.00424315 0.06269082 0.00779816
v 0.01077089 -0.06634086 0.00355140
v -0.00416615 0.04929247 0.00847186
v -0.00963280 -0.02674014 0.00336132
v -0.00093236 -0.06951691 0.00837802
v -0.01117270 0.01167438 0.00426721
v -0.00801591 0.06143604 0.00780297
v -0.00801591 -0.05233859 0.00418781
v -0.00955581 0.05707860 0.00913715
v 0.00307138 0.02495722 0.00841532
v -0.00085537 0.04957880 0.00081807
v -0.00085537 0.04957880 0.00081807
v 0.01492862 0.04123326 0.00498904
v 0.01808542 0.04630651 0.00117658
v 0.01808542 0.04630651 0.00117658
v -0.01263561 0.06306376 0.01087315
v -0.00157599 0.03164376 0.00436706
v 0.00319770 -0.02647908 0.00418179
v -0.00072905 0.05193076 0.00903609
v -0.00072905 0.05193076 0.00903609
v -0.00781259 0.07805133 0.00781019
v -0.00696565 0.04138364 0.00442120
v -0.00380885 0.05836225 0.00779575
v 0.00250475 -0.08535744 0.00836599
v -0.00142200 -0.04579642 0.00418059
v 0.00804839 0.04235931 0.00863066
v -0.00219195 0.05526320 0.00121147
v 0.00727844 -0.01998022 0.00862826
v 0.00496859 -0.07046611 0.00836840
v 0.01128218 0.04901818 0.01082984
v 0.01605587 0.04560273 0.00909263
v 0.01605587 0.05227483 0.00118260
v -0.00365486 0.05191512 0.01085390
v -0.00835156 -0.01390122 0.00841532
v -0.00835156 -0.06747293 0.00358027
v -0.01227831 0.03122992 0.00362117
v -0.01227831 0.03122992 0.00427804
v -0.00280791 0.05383157 0.01085390
v -0.01304826 0.05845729 0.00295709
v -0.00673466 0.01988036 0.00782823
v -0.01381821 0.07255220 0.00152787
v -0.00665767 -0.06576099 0.00417939
v 0.00596952 0.05005882 0.00911068
v 0.01705681 0.07739687 0.00601283
v 0.01705681 0.07739687 0.00601283
v 0.00365967 0.04999144 0.00301363
v 0.00288972 0.05661783 0.00426601
v 0.00920332 0.03065847 0.00359110
v -0.00103703 0.04637027 0.00001083
v -0.00103703 0.04637027 0.00001083
v -0.01204732 0.05998877 0.01080938
v -0.00650368 -0.00104665 0.00420826
v -0.02305761 0.05648911 0.00953897
v 0.00219677 -0.05854030 0.00777770
v 0.00219677 0.05897099 0.00778612
v -0.00958348 -0.08177115 0.00333485
v 0.00227376 0.00554003 0.00780778
v -0.01189333 -0.02678706 0.00600922
v -0.01189333 -0.02678706 0.00600922
v -0.00873653 0.05456182 0.00604171
v -0.00873653 0.05456182 0.00604171
v 0.00704745 0.05356690 0.00425879
v -0.02367357 0.06528699 0.00916361
v -0.00396284 0.06390950 0.00603930
v -0.00396284 0.06390950 0.00603930
v -0.01104638 0.01808181 0.00843336
v 0.00009023 0.04188772 0.00812779
v -0.00699332 0.08915305 0.00229060
v -0.00460647 0.06197621 0.00428044
v -0.00144967 0.02159350 0.00421067
v 0.00409397 -0.08898583 0.00836118
v 0.00725077 0.00567237 0.00599479
v 0.00725077 0.00567237 0.00599479
v 0.00571087 0.01203529 0.00864630
v -0.01161302 0.02677503 0.00362478
v -0.01630972 0.07152841 0.00430330
v -0.00760928 0.08775872 0.00217030
v -0.00445248 0.02225759 0.00782583
v -0.00283558 0.02350154 0.00361396
v 0.01294840 0.04697540 0.00600561
v 0.01294840 0.04697540 0.00600561
v 0.01610520 0.04359965 0.01081901
v -0.00437548 -0.06597393 0.00778492
v -0.00198864 0.02901390 0.00843096
v -0.01222898 0.05610413 0.00604772
v -0.01222898 0.05610413 0.00604772
v 0.01063855 0.04759858 0.00118861
v -0.00429849 -0.02022564 0.00780537
v 0.00517190 0.04362732 0.00000000
v 0.00517190 0.04362732 0.00000000
v -0.01138203 0.02496204 0.00779094
v 0.00755875 0.04736399 0.00777289
v 0.01071555 0.04776581 0.00291619
v 0.01071555 0.04776581 0.00291619
v -0.00899519 0.06374108 0.00780537
v -0.00268159 0.04052226 0.00602607
v 0.00363200 0.05108983 0.00292822
v 0.00678880 -0.08085804 0.00836118
v 0.00678880 0.04291632 0.01185243
v 0.00286205 0.04465112 0.01203529
v 0.00286205 0.04465112 0.01203529
v -0.00106470 0.01188130 0.00420585
v -0.00183465 0.03736065 0.00693437
v -0.00260460 0.03520960 0.00701617
v -0.00175765 0.05147841 0.00427082
v 0.01718313 0.04512632 0.00204157
v -0.00252760 0.05181887 0.00778973
v -0.00645435 0.03744847 0.00446451
v -0.00876420 0.01812873 0.00867157
v 0.00547988 0.04918901 0.00902526
v 0.00547988 0.04918901 0.00902526
v -0.01107405 0.08615867 0.01002139
v -0.01184400 -0.08276246 0.00422510
v -0.01184400 -0.08276246 0.00357907
v 0.01418032 0.04110573 0.00751785
v -0.00471113 -0.08802580 0.00861623
v -0.00155434 0.03050207 0.00360433
v -0.00702099 0.01816602 0.00421789
v -0.00779094 -0.06667651 0.00418059
v 0.01037990 -0.05836466 0.00355621
v -0.01010079 0.00528739 0.00866676
v -0.01087074 -0.03317524 0.00865112
v -0.02426788 0.06956864 0.00431413
v -0.02426788 0.06956864 0.00431413
v -0.00209330 0.04114423 0.00903369
v 0.01292073 0.03886446 0.00443203
v -0.02334394 0.07022550 0.00783064
v 0.00268039 0.06236960 0.00778733
v 0.01215078 0.05252747 0.00425037
v -0.00440315 -0.03945154 0.00779695
v -0.00124636 0.05736613 0.01085269
v -0.01225665 -0.04601778 0.00359711
v 0.00352734 0.03777931 0.00601524
v 0.00984093 -0.07087395 0.00331079
v -0.00355621 -0.08506269 0.00784989
v -0.00193931 -0.02017752 0.00780176
v -0.00424916 0.06269202 0.00428044
v 0.01784842 0.06252600 0.00164336
v 0.00606817 0.06774241 0.00602486
v 0.00606817 0.06774241 0.00602486
v -0.01048576 -0.01394453 0.00865833
v 0.01476861 0.04142454 0.00768146
v -0.00571207 0.04288504 0.00310025
v -0.00255527 0.05382315 0.00293905
v 0.00691512 -0.07775177 0.00595749
v 0.00691512 -0.07775177 0.00595749
v -0.00409517 0.01822617 0.00421428
v -0.00802192 0.06143724 0.00428526
v 0.00067852 0.03213701 0.00767063
v 0.01415265 0.04026721 0.00375351
v -0.01264163 -0.06682449 0.00775124
v -0.00317123 0.08855875 0.00780778
v -0.00709798 0.03517471 0.00768387
v 0.01104518 0.05506229 0.00425277
v 0.01974562 0.05121976 0.00775605
v 0.00319169 0.04680577 0.00966649
v -0.00781861 0.07805253 0.00429247
v -0.02437254 0.06085737 0.00859337
v 0.00719543 -0.06618567 0.00836720
v 0.01982262 0.04805815 0.00117417
v -0.00381486 0.05836466 0.00427804
v 0.01358602 0.03880791 0.00775124
v 0.01358602 0.03880791 0.00775124
v 0.00965927 0.07150314 0.01016335
v 0.00811937 0.02701684 0.00600321
v 0.00811937 0.02701684 0.00600321
v 0.01366301 0.08059939 0.00232188
v 0.01289306 0.08319316 0.00602246
v 0.01289306 0.08319316 0.00602246
v 0.01527991 0.04594560 0.00909384
v 0.00111282 0.04213314 0.00081206
v -0.00828058 -0.08574362 0.00862224
v 0.00434661 0.03638858 0.00762612
v 0.00434661 0.03638979 0.00686579
v 0.01066021 0.04599372 0.00600802
v 0.01066021 0.04599372 0.00600802
v 0.00041986 -0.02012939 0.00779816
v -0.00666368 -0.01386392 0.00420345
v -0.00743363 -0.08485096 0.00333004
v -0.01213033 -0.03960914 0.00840930
v -0.01213033 -0.03960794 0.00776327
v 0.00842735 0.04258067 0.00425157
v 0.01474094 0.06390108 0.01037147
v -0.00181299 0.05869550 0.00427443
v -0.00181299 0.04671314 0.00001323
v -0.00181299 0.04671314 0.00001323
v -0.00181299 0.04671314 0.00001323
v -0.00181299 0.04671314 0.00001323
v 0.00765740 0.06017043 0.00777891
v -0.01205334 0.03403422 0.00362238
v -0.02306363 0.05649031 0.00606456
v -0.02306363 0.05649031 0.00606456
v 0.00219075 -0.05853910 0.00416856
v 0.00850434 -0.01994172 0.00598155
v 0.00850434 -0.01994172 0.00598155
v -0.02460353 0.06116896 0.01088999
v 0.01404799 0.04449713 0.00600201
v 0.01404799 0.04449713 0.00600201
v 0.00696444 -0.01357760 0.00863187
v -0.00404585 0.04441412 0.01124007
v 0.00226774 0.00554124 0.00419864
v 0.00858134 0.04775859 0.00898797
v 0.00858134 0.04775859 0.00898797
v -0.01112939 -0.04599612 0.00864510
v -0.00874255 0.03740275 0.00361877
v 0.00072784 0.02759791 0.00360553
v 0.00550154 0.05425023 0.00777891
v 0.01263441 0.03751945 0.00795575
v 0.01263441 0.05797246 0.00776928
v -0.00076273 0.00547748 0.00781139
v 0.01425130 0.04044767 0.00875939
v -0.00230263 0.06456998 0.00427804
v -0.01877957 0.06312391 0.00296912
v 0.00100815 -0.03293103 0.00418179
v -0.00684534 -0.07079094 0.00838645
v -0.02339928 0.06972985 0.00431293
v 0.00262505 -0.00086138 0.00780417
v -0.01231199 0.06012472 0.00295709
v -0.00915519 0.06085978 0.00780417
v 0.01686914 0.04325077 0.00775605
v -0.00361155 0.05185617 0.00496738
v -0.00361155 0.05185617 0.00496738
v 0.01217244 0.04731827 0.00600682
v 0.01217244 0.04731827 0.00600682
v -0.00430450 -0.02022444 0.00419623
v -0.01138805 0.02496444 0.00362478
v 0.00439594 0.04397019 0.00000241
v 0.00439594 0.04397019 0.00000241
v 0.00439594 0.04397019 0.00000241
v 0.00439594 0.04397019 0.00000241
v 0.00755273 0.04736519 0.00425518
v -0.00900120 0.06374348 0.00428766
v 0.01702313 0.04487970 0.00995522
v 0.00678278 0.04770686 0.00777409
v -0.00345756 0.04086512 0.00602727
v -0.00345756 0.04086512 0.00602727
v 0.00285604 0.05143270 0.00292942
v 0.00285604 -0.02007766 0.00418540
v -0.00738431 0.06727683 0.00428766
v -0.00815426 -0.00107913 0.00361035
v 0.00216308 0.04167117 0.01122804
v -0.00253362 0.05182008 0.00427202
v 0.00693677 0.01848844 0.00776086
v 0.00693677 0.01848723 0.00840690
v -0.02455420 0.06584882 0.00989868
v 0.00547387 0.03589052 0.00508769
v -0.00476648 0.02954926 0.00361275
v 0.00786071 0.05121494 0.00292220
v -0.01185002 0.05935236 0.00130531
v -0.00233030 -0.00096244 0.00781139
v -0.00625705 0.01818046 0.00782583
v 0.00321334 0.03688905 0.00601524
v 0.00321334 0.03688905 0.00601524
v -0.02358094 0.06793971 0.00431293
v 0.00560019 -0.01361730 0.00863427
v 0.01430063 0.04009758 0.00628352
v 0.01353068 0.03871047 0.00664924
v 0.00252038 -0.01367865 0.00779816
v 0.02069122 0.04895201 0.00338658
v -0.00610306 0.04621628 0.00477129
v -0.00610306 0.04621628 0.00477129
v 0.00814102 -0.05842000 0.00861021
v -0.00286927 0.04148710 0.00903489
v -0.00286927 0.04148710 0.00903489
v -0.01310961 0.03384895 0.00603930
v -0.01310961 0.03384895 0.00603930
v 0.00975792 -0.04555701 0.00596712
v 0.00975792 -0.04555701 0.00596712
v 0.01607151 0.05227002 0.01082382
v -0.02334995 0.07022791 0.00431293
v 0.00267438 0.06237081 0.00426962
v 0.00821802 -0.03918928 0.00861863
v 0.01060487 0.05321080 0.00777049
v 0.00275137 0.03812218 0.00601644
v 0.00275137 0.03812218 0.00601644
v -0.00510213 0.04503609 0.00107312
v -0.00510213 0.04650261 0.00867157
v -0.00194533 -0.02017631 0.00419262
v 0.00359832 -0.08785617 0.00860299
v -0.02396591 0.05924769 0.00782703
v -0.00109838 0.04968828 0.01123767
v -0.00502513 0.04813274 0.00344312
v -0.00502513 0.04813274 0.00344312
v -0.00102139 0.04636546 0.01023673
v 0.00767905 0.06702059 0.01038350
v 0.01083585 0.04803770 0.00291619
v 0.01083585 0.04803770 0.00291619
v -0.01272464 -0.07138645 0.00839487
v -0.02450488 0.06529782 0.00297875
v -0.02450488 0.06529782 0.00297875
v -0.01264764 -0.06682208 0.00423352
v -0.00317725 0.04501444 0.00238324
v -0.00317725 0.08856115 0.00429007
v -0.00710400 0.03517591 0.00437789
v -0.00312792 0.04925879 0.00291859
v 0.00241572 0.04714864 0.00966769
v 0.00795936 -0.08628258 0.00595148
v 0.00795936 -0.08628258 0.00595148
v 0.01427296 0.08195763 0.00777770
v -0.00697768 0.08917351 0.00605494
v -0.00697768 0.08917351 0.00605494
v -0.00697768 -0.06535436 0.00778853
v 0.00095281 0.03788878 0.00602005
v 0.00095281 0.03788878 0.00602005
v 0.00095281 0.03788878 0.00649886
v 0.00095281 0.03788758 0.00693076
v 0.00333966 0.03874415 0.00902406
v 0.00333966 0.03874415 0.00902406
v -0.00690068 -0.03309344 0.00780417
v -0.00844058 -0.07806456 0.00786071
v -0.00998048 0.01169964 0.00337936
v 0.01920064 0.06194132 0.00776086
v 0.01920064 0.06193169 0.01036305
v -0.01075043 -0.02676300 0.00336252
v -0.00759364 0.03742321 0.00768507
v -0.00443684 -0.04585898 0.00779455
v 0.00819035 -0.01353910 0.00598516
v 0.00819035 -0.01353910 0.00598516
v -0.00913354 -0.00110199 0.00866315
v 0.00033685 0.04247601 0.00081326
v 0.00033685 0.04247601 0.00081326
v 0.00665045 -0.00717377 0.00863548
v 0.00511055 0.04694533 0.01122684
v 0.01381099 0.04042240 0.00792929
v 0.00988424 0.04633659 0.00600922
v 0.00988424 0.04633659 0.00600922
v 0.01619783 0.06861462 0.01015252
v -0.00351290 0.05225438 0.00603328
v -0.00351290 0.05225438 0.00603328
v -0.00351290 0.05225438 0.00603328
v -0.00351290 0.05225438 0.00603328
v 0.00518754 0.04362251 0.01022591
v -0.01213635 -0.03960674 0.00424556
v -0.01051945 0.06254164 0.00604892
v -0.01051945 0.06254164 0.00604892
v 0.01157813 0.04210306 0.00976875
v 0.00765138 0.06017284 0.00426120
v -0.00258896 0.04705601 0.00182262
v -0.00258896 0.04705601 0.00182262
v -0.00258896 0.05045943 0.00782823
v 0.00295469 0.05118487 0.00602246
v 0.00295469 0.05118487 0.00602246
v -0.01359925 0.07063815 0.00781620
v -0.00728566 -0.00106349 0.00781861
v 0.01558187 0.07700107 0.00982649
v -0.00566876 0.05519944 0.00913113
v -0.01036546 -0.00753228 0.00337094
v 0.01019222 0.07707927 0.00602366
v 0.01019222 0.07707927 0.00602366
v -0.02368560 0.06441238 0.01088999
v -0.02368560 0.06493691 0.00916361
v 0.00549552 0.05425144 0.00426120
v -0.02445555 0.06075150 0.01069389
v -0.01023914 -0.05879294 0.00863788
v 0.01262839 0.03752186 0.00404585
v -0.00076875 0.00547868 0.00420225
v -0.01177904 0.04351063 0.00362599
v 0.01108849 0.05447039 0.00777049
v -0.00939219 0.03449980 0.00361877
v 0.00639179 -0.05204745 0.00837442
v 0.00246504 0.05559043 0.00426601
v 0.01509223 0.04583492 0.00909504
v -0.00300160 0.05601270 0.00294145
v -0.00454151 0.03605534 0.00701978
v -0.00608141 -0.08344820 0.00785470
v -0.01316495 0.03721748 0.00845622
v 0.00261903 -0.00086018 0.00419503
v -0.00130771 0.03888611 0.00693437
v -0.00916121 0.06086098 0.00428646
v 0.00977957 0.04562919 0.00776808
v 0.01609317 0.04359364 0.00775725
v -0.00277062 0.06287368 0.00427804
v -0.01378091 0.05678866 0.00605133
v -0.01378091 0.05678866 0.00605133
v -0.01139406 0.04733872 0.00871608
v 0.01701711 0.05242401 0.00424315
v 0.00677677 0.04770806 0.00425638
v 0.01309036 0.03792127 0.00600080
v 0.01309036 0.03792127 0.00600080
v -0.00662037 0.04522858 0.00336132
v -0.00739032 0.06727443 0.00141599
v 0.00523687 -0.00721588 0.00863788
v 0.00685376 0.05126788 0.00119583
v 0.01316736 0.03846264 0.00906978
v 0.00138711 0.04201404 0.01123045
v 0.00138711 0.04201404 0.01123045
v -0.01201003 -0.03319930 0.00776567
v 0.00693076 0.01849084 0.00424315
v 0.00777770 -0.05201858 0.00861382
v -0.00877623 0.05657091 0.00604291
v -0.00877623 0.05657091 0.00604291
v 0.00385096 -0.00724475 0.00839968
v -0.01424288 0.03717538 0.00604291
v -0.01424288 0.03717538 0.00604291
v -0.01108608 0.08616228 0.00209812
v 0.00867397 -0.07085229 0.00331199
v 0.00790402 -0.03278666 0.00862224
v -0.00233632 -0.00096124 0.00420225
v -0.00626307 0.01818166 0.00421668
v -0.00379922 0.05162518 0.00140877
v 0.00251437 -0.01367745 0.00418901
v -0.01165272 -0.01396618 0.00601524
v -0.01165272 -0.01396618 0.00601524
v -0.00449218 -0.06513902 0.00778492
v -0.00841893 0.03964283 0.00361877
v -0.00526213 0.02075137 0.00782583
v -0.02335597 0.06778091 0.01088277
v 0.00266836 0.06236840 0.00137869
v 0.00189841 0.06514744 0.00603088
v 0.00189841 0.06514744 0.00603088
v -0.01303863 0.05845489 0.00914316
v -0.01696538 0.05819623 0.00429729
v 0.00836599 0.05979989 0.00777650
v -0.00187435 0.05002994 0.01123887
v -0.00187435 0.05002994 0.01123887
v -0.00580110 0.06250314 0.00428285
v 0.00767304 0.04702593 0.00601283
v -0.00572410 0.04706202 0.00822283
v -0.00572410 0.04706202 0.00822283
v 0.00297634 -0.00726280 0.00780056
v -0.02381794 0.07109771 0.01084427
v 0.01876033 0.07131787 0.00424916
v 0.01799038 0.04474856 0.00599599
v 0.01799038 0.04474856 0.00599599
v -0.01511750 0.08459350 0.00430691
v 0.00944392 -0.03915439 0.00597073
v 0.00944392 -0.03915439 0.00597073
v -0.02207472 0.05605481 0.00953776
v 0.00394961 0.05493597 0.00778131
v -0.00706069 0.06666689 0.01069509
v 0.01426694 0.08195883 0.00425999
v -0.00698369 -0.06535196 0.00417939
v -0.00459685 0.04962211 0.00603328
v 0.00487355 -0.00081567 0.00864149
v -0.00536680 0.05905039 0.00428044
v 0.01919463 0.06194252 0.00424315
v -0.00051611 -0.09000000 0.00772236
v 0.00579749 -0.06643470 0.00776928
v -0.01075645 0.02849900 0.00844419
v -0.00444286 -0.04585777 0.00418540
v -0.00128606 -0.05220265 0.00778612
v -0.00521281 0.04821695 0.00855968
v -0.00521281 0.04821695 0.00855968
v -0.00913955 -0.08663147 0.00597794
v -0.00913955 -0.08663147 0.00597794
v 0.00348764 -0.00084334 0.00840329
v -0.01067945 0.05541960 0.00428646
v -0.00513581 0.04857185 0.00779214
v 0.00433458 0.04728820 0.01122804
v 0.00433458 0.04728820 0.01122804
v -0.00906256 -0.05877008 0.00839607
v -0.00505882 0.06217591 0.00779936
v 0.00441158 0.04396538 0.01022711
v 0.01072517 0.04776340 0.00910226
v 0.01072517 0.04776340 0.00910226
v 0.00048483 0.04000374 0.00301363
v 0.00364163 0.05108622 0.00911429
v -0.00975551 -0.03314998 0.00335771
v 0.00602847 -0.04564604 0.00837802
v 0.00764537 0.06016923 0.00137027
v -0.00336492 0.05938123 0.00427683
v -0.01991886 0.06628913 0.00430571
v -0.00020813 0.05798690 0.00778973
v 0.00610547 0.05667077 0.00426120
v -0.01360527 0.07063935 0.00429849
v -0.00729167 -0.00106109 0.00420946
v -0.00413488 -0.06920171 0.00357305
v 0.00217872 -0.00727844 0.00780176
v 0.01480591 0.05013942 0.00424556
v -0.00490483 0.04891953 0.00736265
v 0.00695241 0.03923500 0.00601043
v 0.00695241 0.03923500 0.00601043
v 0.00302567 0.04786446 0.00081206
v 0.00618246 -0.08457546 0.00860059
v -0.02376861 0.06299880 0.00297634
v 0.00225571 0.04261556 0.00237361
v 0.01803970 0.04630531 0.00995402
v 0.01334300 0.03879468 0.00339861
v 0.01572985 0.04311723 0.00852359
v -0.01106443 0.04042120 0.00845502
v -0.02446157 0.06761970 0.00278385
v -0.01814797 0.04632456 0.00846825
v 0.00630878 0.05189948 0.00292461
v -0.02364229 0.06117377 0.00124756
v -0.01101510 0.02175591 0.00778973
v -0.01101510 0.05116923 0.00951851
v -0.00385456 0.06106911 0.00121748
v -0.00454752 -0.06422470 0.00417698
v -0.00293062 0.05359217 0.00121267
v 0.01208341 0.04536573 0.00776447
v 0.00815666 0.04196712 0.00425157
v -0.01155407 -0.06680043 0.00334568
v -0.00839727 -0.07484160 0.00357786
v -0.00285363 0.05375939 0.00294025
v -0.00285363 0.05375939 0.00294025
v -0.00046678 -0.00092394 0.00780898
v -0.02171742 0.07375164 0.01070472
v 0.01146745 0.04946692 0.00291619
v 0.01146745 0.04946692 0.00291619
v 0.01462425 0.04068106 0.00535116
v 0.01701109 0.04488330 0.00204157
v 0.00915760 -0.05839594 0.00860781
v 0.00130410 -0.03933244 0.00417939
v -0.00577944 0.03328592 0.00768026
v -0.00493250 0.06064323 0.00121869
v -0.01201604 -0.03319690 0.00360192
v -0.01201604 -0.03319690 0.00424796
v -0.00254565 0.05381954 0.00912512
v -0.00408555 0.01968066 0.00782342
v -0.02456623 0.06585243 0.00224489
v -0.00485550 0.05284748 0.00779455
v 0.00777169 0.04109852 0.00382208
v -0.00955220 0.05691378 0.00604411
v -0.00955220 0.05691378 0.00604411
v 0.01331533 0.03954177 0.00794011
v 0.01493223 0.04123205 0.00701016
v 0.01493223 0.04123205 0.00701016
v 0.01970592 0.04919142 0.00775485
v 0.00315199 0.05021641 0.00902887
v -0.00865593 -0.03313073 0.00840690
v 0.00712806 0.02213848 0.00359832
v -0.01019583 0.07265566 0.00781139
v -0.02359297 0.06581874 0.01089119
v -0.01566248 0.05761997 0.00429488
v -0.00696204 0.04138484 0.00688504
v 0.00566515 -0.03924703 0.00838163
v -0.00141839 0.01973479 0.00781981
v 0.00019850 0.05459912 0.00293544
v -0.00526815 0.02075257 0.00421668
v -0.01235169 0.06213621 0.00781019
v -0.00919489 -0.06651651 0.00358268
v 0.00820599 -0.08141024 0.00859939
v 0.00112244 0.05887114 0.00120786
v -0.01227470 0.03122871 0.00603689
v -0.01227470 0.03122871 0.00603689
v 0.00905293 0.05389654 0.00777289
v 0.00196939 0.02321160 0.00360674
v 0.00989988 0.04592635 0.00118861
v 0.00835998 0.05980230 0.00425879
v 0.00759003 -0.02638284 0.00862585
v 0.00920692 0.03065727 0.00600321
v 0.00920692 0.03065727 0.00600321
v -0.00888691 0.01171889 0.00866796
v -0.00573012 0.04706323 0.00384614
v -0.00573012 0.04706323 0.00384614
v -0.00334327 0.05417083 0.00294025
v 0.00297032 -0.00726039 0.00419142
v -0.00411322 -0.07030972 0.00357305
v -0.00642307 0.00536439 0.00421187
v -0.02297701 0.06995843 0.00129087
v -0.02374696 0.06334648 0.00916241
v -0.01188972 -0.02678826 0.00841412
v -0.01188972 -0.02678826 0.00776808
v 0.00705106 -0.03921815 0.00861984
v 0.00312431 0.00555567 0.00840569
v -0.00395923 0.06390830 0.00779816
v 0.00394359 0.05493717 0.00426360
v 0.00633044 -0.00076995 0.00334808
v 0.00717738 0.04671916 0.00811335
v -0.00144606 0.06444245 0.00427683
v -0.01876995 0.06312030 0.00915519
v 0.00725438 0.00566996 0.00839968
v 0.00494453 -0.06653455 0.00416134
v -0.00845261 -0.02031105 0.00841171
v -0.00999251 -0.04597327 0.00864390
v -0.00052212 -0.08999759 0.00355862
v -0.00521882 0.04821815 0.00449820
v -0.01230237 0.06012231 0.00914316
v 0.00509852 -0.08353482 0.00836238
v -0.00514183 0.04857425 0.00427443
v -0.01615212 0.05982877 0.00296311
v 0.01618580 0.06861823 0.00186833
v 0.01225906 0.08174469 0.00976273
v -0.02084882 0.07806456 0.00428766
v 0.00201871 0.02039888 0.00360553
v -0.00583478 0.04088437 0.00454632
v -0.00583478 0.04534527 0.00603328
v -0.00029114 0.04034661 0.00301484
v -0.00029114 0.04034661 0.00301484
v 0.00286566 0.05142909 0.00911549
v -0.00498784 0.03411001 0.00759364
v 0.01395295 0.03947200 0.00647601
v 0.00055581 0.05136172 0.00301845
v 0.01556984 0.07700468 0.00220398
v 0.01872664 0.04641478 0.00599599
v 0.01872664 0.04641478 0.00599599
v -0.01122444 0.07954191 0.01025598
v -0.00175404 0.05147721 0.00602968
v -0.00175404 0.05147721 0.00602968
v -0.00883759 -0.07807419 0.00838645
v 0.01641679 0.05623767 0.00136065
v -0.00722069 -0.05873279 0.00779214
v 0.00224970 0.04820612 0.00081326
v 0.00224970 0.04820612 0.00081326
v 0.00856329 0.04331694 0.00844540
v 0.01018019 0.04653509 0.00801230
v 0.01018019 0.04653509 0.00801230
v -0.00160005 0.03278666 0.00445489
v 0.00787034 0.05121134 0.00910827
v -0.01102112 0.02175712 0.00362599
v 0.01500321 0.04189734 0.00793049
v -0.02272437 0.07414624 0.00607298
v -0.02272437 0.07414624 0.00607298
v -0.02272437 0.07413541 0.00812538
v 0.01207740 0.04536693 0.00424676
v 0.00183705 -0.00087702 0.00780537
v -0.00994319 0.07214437 0.00157479
v -0.00047280 -0.00092274 0.00419984
v -0.00516950 0.02668240 0.00361877
v 0.00668774 -0.03281674 0.00862345
v 0.00984454 0.04834568 0.00601043
v 0.00984454 0.04834568 0.00601043
v 0.00676474 0.04861997 0.00300762
v 0.00206804 0.04499880 0.00000602
v 0.00206804 0.04499880 0.00000602
v 0.00445489 0.04873426 0.00777770
v -0.01602580 0.07111215 0.00781981
v -0.00024181 0.04602139 0.01204010
v -0.00024181 0.04602139 0.01204010
v 0.00530183 -0.03284561 0.00838524
v -0.00809531 0.04188411 0.00511175
v 0.01084548 0.04803529 0.00910226
v 0.01084548 0.04803529 0.00910226
v 0.01561917 0.04778746 0.00290897
v -0.00409157 0.01968186 0.00421428
v 0.01407927 0.03969456 0.00802072
v 0.01407927 0.03969456 0.00802072
v -0.00563147 0.05319035 0.00779575
v 0.01330932 0.03954418 0.00406149
v -0.02449525 0.06529542 0.00916482
v -0.02449525 0.06529542 0.00916482
v 0.01099947 -0.07090041 0.00835878
v 0.00707272 -0.08543082 0.00859939
v -0.00948122 0.05523312 0.00805801
v 0.00473520 -0.03926387 0.00778252
v -0.01020184 0.07265807 0.00429368
v -0.00781500 0.07803689 0.01024997
v 0.01982623 0.04805694 0.00338658
v -0.01012485 -0.05238070 0.00334928
v -0.00142441 0.01973600 0.00421067
v 0.00488919 -0.07186766 0.00836840
v 0.00411924 0.03840369 0.00902045
v 0.01836332 0.04978332 0.00775725
v 0.00812298 0.02701564 0.00776206
v -0.01235771 0.06213741 0.00429247
v 0.01451357 0.04091926 0.00448135
v -0.00519717 0.04251571 0.00903850
v 0.00512017 -0.06758963 0.00355982
v 0.00596712 0.04327964 0.01202927
v 0.00596712 0.04327964 0.01202927
v -0.01058682 -0.07133231 0.00334207
v 0.01228071 0.03688063 0.00867518
v 0.00835396 0.05979989 0.00137388
v 0.00442722 0.03427844 0.00359711
v 0.01705440 0.07739808 0.00425398
v -0.01289667 0.06251036 0.00123192
v -0.00735303 0.06319008 0.00780297
v -0.00419623 0.05052921 0.00603328
v -0.00419623 0.05052921 0.00603328
v -0.00419623 0.05052921 0.00603328
v -0.01913327 0.04676006 0.00781379
v -0.01990322 0.06560700 0.00782342
v 0.00850795 -0.01994413 0.00838645
v -0.01120278 0.03130811 0.00362117
v 0.00458121 0.04787528 0.00391351
v 0.00935490 -0.08186018 0.00859698
v -0.01189574 -0.02678586 0.00425037
v 0.00627510 0.06383973 0.01053990
v -0.02367598 0.06305414 0.00124876
v -0.00396525 0.06390950 0.00428044
v -0.00945956 0.05488063 0.00780176
v 0.01263802 0.05796645 0.01066021
v -0.00707272 -0.06783866 0.00357907
v 0.00239767 0.01835610 0.00841291
v -0.01099947 -0.03958508 0.00864751
v -0.00784267 0.01814797 0.00842855
v -0.01176942 -0.02037843 0.00777169
v 0.00008782 0.04817725 0.00967250
v -0.00383893 0.03204558 0.00767785
v 0.00247467 0.03556931 0.00453188
v -0.00299198 0.05600909 0.00912752
v -0.00691873 0.05973493 0.00428285
v -0.00060513 -0.08558722 0.00784507
v -0.00768868 0.06230103 0.00428526
v 0.00493851 -0.02644540 0.00838885
v 0.00101176 0.03977276 0.00902767
v 0.01048215 0.03367812 0.00776206
v 0.01048215 0.03964764 0.00293664
v -0.00291498 0.05358735 0.01085390
v 0.01533284 0.04247119 0.00599960
v 0.01533284 0.04247119 0.00599960
v -0.01223139 0.05610413 0.00428887
v -0.01061449 -0.02035557 0.00865593
v -0.02085483 0.07806336 0.00160968
v -0.01138444 0.02496324 0.00603208
v -0.01138444 0.02496324 0.00603208
v 0.00601644 0.00563387 0.00335169
v -0.01053749 0.02683157 0.00362358
v -0.00815065 0.03471755 0.00361636
v -0.01839099 0.08147761 0.00178051
v -0.02462759 0.06252119 0.01089119
v -0.00253001 0.05182008 0.00603088
v -0.00253001 0.05182008 0.00603088
v 0.00062679 0.05221227 0.00602607
v 0.00694038 0.01207379 0.00840329
v 0.01009718 -0.07768801 0.00859818
v 0.01325398 0.05082516 0.00424796
v -0.01038350 -0.07810547 0.00862946
v -0.00722671 -0.05873038 0.00418300
v 0.01802767 0.04630892 0.00204037
v -0.00168306 -0.03298516 0.00418661
v 0.01017417 0.04653629 0.00400615
v 0.01017417 0.04653629 0.00400615
v -0.00791966 -0.04593116 0.00779936
v 0.01810467 0.06777249 0.01014891
v 0.00552680 0.04130183 0.00257573
v 0.01499719 0.04189854 0.00406871
v 0.00160005 -0.04573506 0.00417578
v 0.00475685 0.05258522 0.00292702
v 0.01030049 0.06586205 0.01037869
v 0.01345729 0.03978960 0.00439594
v -0.01333699 0.06884801 0.00138230
v 0.01268734 0.03840730 0.00500708
v -0.02273038 0.07413782 0.00402059
v 0.01592113 0.04337829 0.00873533
v -0.02350033 0.06032803 0.00144366
v -0.00063280 0.05695950 0.00778973
v 0.00491084 -0.05848496 0.00777409
v -0.00609945 0.04621508 0.00729769
v 0.00021414 0.03318607 0.00445248
v 0.00183104 0.05600668 0.00426721
v 0.00183104 -0.00087582 0.00419623
v -0.01310600 0.03384654 0.00845502
v 0.00976153 -0.04555942 0.00837201
v 0.00976153 0.03799345 0.00867879
v -0.00756236 -0.02029060 0.00420104
v 0.00113808 0.05886633 0.01084908
v 0.00113808 0.03109036 0.00843216
v -0.01541585 0.06149619 0.00296311
v -0.00355862 -0.08506149 0.00596952
v -0.00355862 -0.08506149 0.00596952
v 0.00906857 0.04868854 0.00601163
v 0.00906857 0.04868854 0.00601163
v 0.00121508 0.02004518 0.00420585
v 0.00129207 0.04534167 0.00000722
v 0.00129207 0.04534167 0.00000722
v 0.00129207 0.04534167 0.00000722
v 0.00129207 0.04534167 0.00000722
v 0.00444887 0.04873667 0.00425999
v -0.00579147 0.04589146 0.00739634
v 0.00367892 0.04907713 0.00777891
v 0.00683572 0.04946932 0.00601524
v 0.01946291 0.04808221 0.00599599
v 0.01946291 0.04808221 0.00599599
v 0.01946291 0.04808221 0.00599599
v 0.01946291 0.04808221 0.00599599
v -0.00101778 -0.06560460 0.00417097
v -0.00810132 -0.05874963 0.00779334
v 0.01407325 0.03969697 0.00397848
v 0.01407325 0.03969697 0.00397848
v 0.01407325 0.03969697 0.00397848
v 0.01099345 -0.07089801 0.00419503
v 0.01415025 0.04023232 0.00793049
v -0.01264403 -0.06682329 0.00599238
v -0.01264403 -0.06682329 0.00599238
v -0.00948723 0.05523433 0.00403021
v -0.00317364 0.08855995 0.00604892
v -0.00317364 0.08855995 0.00604892
v 0.00629675 0.04543430 0.00966168
v 0.01974322 0.05122096 0.00599719
v 0.01974322 0.05122096 0.00599719
v 0.00796297 -0.08628499 0.00835637
v 0.00249632 -0.08535503 0.00355621
v -0.00535717 0.04677329 0.00842013
v -0.00220037 -0.00736746 0.00780778
v 0.00727002 -0.01997781 0.00333725
v 0.00496017 -0.07046371 0.00355862
v 0.02467090 0.05264898 0.00134020
v 0.00811696 0.02701805 0.00359350
v 0.00811696 0.02701805 0.00424435
v 0.01050381 -0.08230892 0.00835396
v 0.01050381 -0.08230892 0.00770793
v 0.00657706 0.05390857 0.00119703
v 0.01289066 0.08319436 0.00426360
v 0.00819396 -0.01354030 0.00839005
v 0.00111041 0.04772370 0.00237722
v -0.01228673 0.06389146 0.00123072
v 0.00434421 0.03638979 0.00516228
v -0.00820599 -0.06598596 0.00779094
v -0.01998623 0.07034701 0.00430811
v -0.00735904 0.06319128 0.00428526
v -0.01128579 0.05765005 0.00134621
v -0.01913929 0.04676126 0.00363922
v -0.01913929 0.04676126 0.00429608
v -0.02306603 0.05649151 0.00430571
v 0.00611509 0.05666836 0.01084066
v -0.00728205 0.03940463 0.00442120
v 0.01558548 0.04306550 0.01062411
v 0.00850194 0.04362732 0.00833712
v 0.01404558 0.04449713 0.00424315
v 0.00380524 0.04821815 0.00391472
v -0.02375899 0.06299519 0.00916241
v 0.01489253 0.05691619 0.00424796
v 0.00149539 0.00552319 0.00780898
v -0.02445194 0.06761730 0.00936212
v 0.00472918 -0.03926267 0.00417337
v 0.00631841 0.05189707 0.00911068
v 0.00477851 -0.08322804 0.00783786
v -0.01177543 -0.02037602 0.00360794
v -0.01177543 -0.02037602 0.00425398
v -0.00861863 0.06317564 0.00780537
v -0.00384494 0.06106670 0.00779695
v -0.00384494 -0.07087395 0.00785710
v -0.00068814 0.04852012 0.00967371
v -0.00061115 -0.08558602 0.00408435
v 0.00570245 0.01203770 0.00335530
v -0.00846464 0.06041946 0.00780297
v 0.01047614 0.03367932 0.00358749
v -0.00292100 0.05810480 0.00427563
v 0.00023580 0.04011563 0.00902887
v 0.00023580 0.04011563 0.00902887
v 0.00339259 0.03266395 0.00842855
v 0.01601978 0.04362612 0.00775725
v 0.01601978 0.04362612 0.00775725
v -0.00761770 0.02301310 0.00843096
v 0.01524983 0.04608154 0.00290777
v 0.01132309 -0.07766034 0.00354538
v -0.00600080 0.01959524 0.00782703
v 0.01686673 0.04325197 0.00599719
v 0.01686673 0.04325197 0.00599719
v 0.01686673 0.04325197 0.00599719
v 0.01686673 0.04325197 0.00599719
v -0.00284400 0.05375698 0.00912632
v -0.00284400 0.05375698 0.00912632
v 0.00508649 -0.04566529 0.00777891
v -0.00353696 0.04747467 0.00221601
v -0.00353696 0.04747467 0.00221601
v -0.01377730 0.05678866 0.00781019
v 0.00200668 0.04831680 0.01123165
v 0.01147708 0.04946451 0.00910226
v 0.01147708 0.04946451 0.00910226
v 0.00439353 0.05595375 0.00426360
v 0.00678038 0.05694626 0.00425999
v -0.00661676 0.04522858 0.00603449
v -0.00661676 0.04522858 0.00603449
v -0.00422992 -0.00740837 0.00781139
v 0.00208368 0.04499398 0.01023192
v 0.00524048 -0.06468908 0.00416134
v -0.01285336 -0.07815600 0.00774642
v -0.00253602 0.08999880 0.00780778
v 0.00693437 0.01207619 0.00423954
v -0.00014918 0.05255514 0.00602847
v -0.00014918 0.05255514 0.00602847
v 0.01170806 0.05150849 0.00776808
v -0.00877262 0.01813113 0.00338056
v -0.00638578 -0.08376942 0.00838043
v 0.00547146 0.03589052 0.00359591
v -0.01423927 0.03717297 0.00845863
v -0.00792568 -0.04592875 0.00419022
v -0.02447962 0.06185951 0.00808328
v -0.02447962 0.06185951 0.00808328
v 0.00552079 0.04577717 0.00966288
v 0.00321093 0.03688905 0.00453068
v 0.01352827 0.03871047 0.00535236
v -0.00063882 0.05696190 0.00427202
v -0.01087916 -0.03317284 0.00336011
v 0.01514517 0.07289507 0.01000094
v 0.00490483 -0.05848256 0.00416495
v -0.01164911 -0.01396738 0.00777409
v -0.00610547 0.05738297 0.00294626
v 0.00020813 0.05459551 0.00912151
v -0.00371862 -0.08548376 0.00837442
v -0.01311202 0.03384895 0.00428044
v 0.01375926 0.03912672 0.00487836
v -0.00279468 0.02183291 0.00782222
v -0.01380497 0.07254739 0.01058923
v -0.00433458 0.05022002 0.00477008
v -0.00433458 0.05022002 0.00477008
v -0.01057118 0.05549298 0.00139674
v -0.02396832 0.05924769 0.00606817
v -0.02396832 0.05924769 0.00606817
v -0.01288103 0.06250675 0.01087315
v 0.00605975 0.04981339 0.00601764
v 0.00605975 0.04981339 0.00601764
v -0.01049419 -0.01394212 0.00336733
v -0.00418059 -0.06692795 0.00357425
v 0.00767665 0.04088678 0.00294145
v -0.00333365 0.05416843 0.00912632
v -0.00017685 -0.00732536 0.00419623
v 0.00144005 0.05725906 0.00778612
v 0.01406724 0.04847320 0.00291138
v 0.01414423 0.04023352 0.00407111
v -0.01265005 0.06306857 0.00123192
v 0.00944753 -0.03915439 0.00837562
v 0.01419356 0.04826868 0.00291138
v 0.01819730 0.04652667 0.00995402
v 0.01819730 0.04652667 0.00995402
v 0.00795696 -0.08628258 0.00419262
v 0.01427055 0.08195763 0.00601885
v 0.01427055 0.08195763 0.00601885
v -0.00698008 -0.03950448 0.00780056
v -0.00698008 0.08917471 0.00429608
v 0.00095041 0.03788758 0.00510934
v 0.01357760 0.04662532 0.01082502
v -0.00374629 0.06159725 0.00779695
v 0.00256730 0.03345676 0.00766823
v 0.01126774 0.04902299 0.00118861
v -0.00844299 -0.07806456 0.00598035
v -0.00844299 -0.07806456 0.00598035
v -0.01236974 -0.05242882 0.00840329
v 0.01049779 -0.08230651 0.00419022
v -0.00605614 0.03563548 0.00446331
v -0.00366930 0.05191993 0.00121267
v 0.00818794 -0.01353790 0.00422631
v -0.00913594 -0.08663387 0.00838284
v -0.00282235 0.05383639 0.00121267
v 0.00033445 0.04806657 0.00237843
v -0.01144580 0.08708983 0.00998289
v -0.00828900 -0.08574121 0.00333124
v -0.01614249 0.05982636 0.00914918
v 0.00988183 0.04633659 0.00425037
v -0.00351531 0.05225438 0.00427443
v -0.00351531 0.05225438 0.00427443
v -0.01452560 0.08379227 0.01018019
v -0.00821200 -0.06598476 0.00418179
v 0.01704237 0.07737762 0.00224368
v 0.00680203 -0.07463828 0.00836359
v 0.01942922 0.06718540 0.00186232
v -0.00105146 -0.06370980 0.00778011
v -0.01206176 0.05999358 0.00129087
v -0.00259136 0.01184761 0.00781740
v -0.00336132 0.04740008 0.01199799
v -0.00336132 0.04740008 0.01199799
v -0.00020452 0.05278372 0.00293544
v 0.00533913 0.03998088 0.00412645
v -0.02461195 0.06160326 0.01088999
v 0.00456918 -0.02004278 0.00358268
v 0.00456918 -0.05208354 0.00777770
v 0.01719636 0.04512271 0.00995522
v 0.00695602 -0.01357519 0.00334086
v 0.00695602 0.03923259 0.00868360
v 0.00225932 -0.06907780 0.00837321
v 0.01018981 0.07705761 0.00992996
v 0.01018981 0.07708047 0.00426480
v 0.00787996 -0.00713648 0.00774763
v -0.01183077 0.02858441 0.00779334
v -0.02440864 0.06123032 0.00881473
v 0.00477249 -0.08322684 0.00407713
v -0.01178145 -0.07132629 0.00863427
v 0.01424288 0.04045007 0.00324221
v -0.00623780 0.04590710 0.00603449
v 0.00638939 -0.06720946 0.00836840
v -0.00385096 -0.07087274 0.00409638
v 0.01354993 0.03991472 0.00600080
v 0.01354993 0.03991472 0.00600080
v -0.00454391 0.05669483 0.00912993
v -0.00847066 0.06042067 0.00428526
v -0.00608381 -0.08344820 0.00597433
v -0.00608381 -0.08344820 0.00597433
v 0.01601377 0.04362853 0.00423954
v 0.01601377 0.04362853 0.00423954
v -0.02025090 0.05124983 0.00873172
v -0.00131012 0.03888731 0.00554485
v 0.00346357 0.02981513 0.00842374
v 0.00977717 0.04563040 0.00600922
v 0.00977717 0.04563040 0.00600922
v 0.01609076 0.04359484 0.00599840
v 0.01609076 0.04359484 0.00599840
v 0.01609076 0.04360446 0.00117778
v 0.00508047 -0.04566408 0.00416976
v -0.00515987 -0.08917351 0.00837562
v 0.00115372 0.01192341 0.00781139
v -0.01378332 0.05678987 0.00429247
v -0.00115613 -0.05860767 0.00778252
v 0.00123072 0.04865967 0.01123286
v 0.00123072 0.04865967 0.01123286
v -0.00900962 0.00530785 0.00866555
v 0.01786165 0.06252239 0.01036546
v 0.00130771 0.04533685 0.01023312
v 0.01077810 -0.06634327 0.00836118
v -0.00261903 0.04137522 0.00301965
v -0.01285938 -0.07815359 0.00358268
v -0.00415894 0.00540770 0.00781740
v 0.01562879 0.04778506 0.00909504
v 0.01170205 0.05150969 0.00425037
v -0.00084815 0.06031600 0.00779094
v 0.01809263 0.06777610 0.00186472
v 0.01344526 0.03855768 0.00600080
v 0.00320492 0.05327095 0.00293062
v 0.00559177 -0.01361489 0.00334327
v 0.01506216 0.04147026 0.00599960
v 0.01506216 0.04147026 0.00599960
v 0.00089507 0.02922804 0.00360433
v 0.00174201 0.03424836 0.00758281
v -0.01165513 -0.01396618 0.00361035
v -0.01165513 -0.01396498 0.00425638
v 0.00813260 -0.05841759 0.00331921
v 0.00420585 -0.01364256 0.00358629
v 0.00659270 0.05390376 0.01083826
v -0.00126079 0.05737094 0.00121147
v 0.00189600 0.06514864 0.00427202
v 0.00820960 -0.03918687 0.00332763
v -0.00834434 -0.06747534 0.00839005
v -0.00834434 0.06298436 0.00604531
v -0.00834434 0.06298436 0.00604531
v -0.01227109 0.06388785 0.01087194
v -0.00280070 0.02183411 0.00421307
v -0.00357065 0.03988584 0.00602727
v -0.00357065 0.03988584 0.00602727
v -0.00434060 0.04783197 0.00921174
v 0.01698703 0.04479668 0.01081901
v -0.00272370 0.05405414 0.00293905
v -0.00272370 0.05405414 0.00293905
v -0.00349365 0.05231814 0.00121267
v 0.00913354 -0.03275057 0.00773319
v -0.00896030 -0.05236025 0.00839848
v 0.00921053 0.03065606 0.00841532
v -0.00102981 -0.06471675 0.00778011
v -0.01273306 -0.07138404 0.00358508
v -0.00957626 -0.08177356 0.00862585
v 0.00228098 -0.07018580 0.00356343
v 0.00543778 -0.05206670 0.00777650
v 0.00944152 -0.03915319 0.00421187
v -0.00706309 0.06667290 0.00780417
v 0.01426454 0.08193236 0.00965205
v -0.00544620 0.02453014 0.00842855
v -0.00698610 -0.03950207 0.00419142
v -0.00375231 0.06159845 0.00427924
v 0.00256129 0.03345796 0.00436225
v -0.01714945 0.05853549 0.00800749
v -0.00452226 -0.06468186 0.00417578
v -0.01160580 0.02677262 0.00844179
v -0.01160580 0.02677262 0.00779214
v 0.01049178 0.03964523 0.00907459
v -0.00051851 -0.08999880 0.00596351
v -0.00051851 -0.08999880 0.00596351
v -0.01152881 -0.00755755 0.00777650
v 0.01133872 0.05180684 0.00776928
v -0.00914196 -0.08663147 0.00421909
v -0.00914196 -0.00109959 0.00337214
v -0.00282837 0.02349913 0.00842374
v 0.00348523 0.02104130 0.00360313
v 0.00664203 -0.00717137 0.00334447
v -0.00436827 -0.03304291 0.00779936
v -0.00121147 0.04246157 0.00391953
v 0.01457252 0.04058241 0.00775003
v 0.01457252 0.04058241 0.00775003
v -0.00583117 0.04088437 0.00681045
v -0.00028753 0.02085243 0.00781861
v -0.00259738 0.01184882 0.00420826
v 0.00055942 0.05244687 0.00293423
v 0.01873025 0.04442133 0.00599479
v 0.01873025 0.04442133 0.00599479
v 0.00695001 0.03923620 0.00425157
v -0.00960393 0.06213741 0.00780537
v -0.01668747 0.04196591 0.00780778
v 0.00856690 -0.06633725 0.00331440
v -0.00875698 -0.03953937 0.00840329
v -0.02446398 0.06761970 0.00125237
v 0.00787395 -0.00713407 0.00358388
v 0.00787395 -0.00713407 0.00422992
v -0.01183679 -0.08276487 0.00838885
v -0.02364470 0.06725999 0.00782943
v -0.01101751 0.02175712 0.00603088
v -0.01101751 0.02175712 0.00603088
v -0.00154712 0.03049967 0.00843577
v -0.00154712 -0.03939380 0.00779214
v 0.00476648 0.05258281 0.00911309
v 0.00638337 -0.05204505 0.00356463
v 0.01747066 0.04909878 0.00775845
v 0.01038711 -0.05836706 0.00836599
v 0.01038711 -0.05836586 0.00771996
v 0.01439086 0.04026601 0.00487716
v -0.01001658 0.06110520 0.00780658
v 0.01208101 0.04536573 0.00600561
v 0.01208101 0.04536573 0.00600561
v -0.00447293 -0.05226881 0.00779094
v 0.00184066 0.05600307 0.01084668
v 0.00422751 -0.04568333 0.00778131
v 0.00114771 0.01192581 0.00420225
v -0.01540623 0.06149258 0.00914918
v -0.01224943 -0.04602018 0.00840690
v -0.01140249 0.04734113 0.00336974
v 0.01385189 0.03929394 0.00571688
v 0.00522845 -0.00721347 0.00334688
v 0.01077209 -0.06634207 0.00419743
v -0.00578185 0.04194426 0.00603208
v 0.01315894 0.03846625 0.00293183
v 0.01631573 0.04762144 0.00290777
v -0.00339500 0.04171809 0.00302085
v -0.00339500 0.04171809 0.00302085
v -0.00416495 0.00540890 0.00420826
v -0.00809170 0.04188411 0.00695963
v -0.02456864 0.06335249 0.00916361
v -0.02456864 0.06335249 0.00916361
v -0.00485791 0.05284748 0.00603569
v -0.00485791 0.05284748 0.00603569
v 0.00776928 -0.05201617 0.00332282
v 0.01015613 0.05219423 0.00777049
v -0.00085416 0.06031841 0.00427323
v -0.02449165 0.06564670 0.00297875
v -0.02449165 0.06564670 0.00297875
v 0.01415987 0.04026601 0.00824810
v 0.01970352 0.04919142 0.00599599
v 0.01970352 0.04919142 0.00599599
v 0.00789560 -0.03278425 0.00333124
v -0.00550154 0.04690803 0.00375952
v 0.00081206 0.01832482 0.00781500
v -0.01019824 0.07265686 0.00605253
v -0.01019824 0.07265686 0.00605253
v 0.00011910 -0.01372677 0.00419262
v -0.00696444 0.04138484 0.00518153
v 0.01513314 0.07289868 0.00202714
v 0.00804959 0.07221294 0.01016696
v 0.00804959 0.07222978 0.00602486
v 0.00804959 0.07222978 0.00602486
v 0.00096605 0.04947293 0.00813020
v -0.01004425 0.02208435 0.00362478
v -0.00765740 0.05806871 0.00294867
v -0.01235410 0.06213741 0.00605133
v -0.01235410 0.06213741 0.00605133
v 0.01451718 0.04091806 0.00751785
v 0.00674068 0.04971715 0.00601644
v 0.00674068 0.04971715 0.00601644
v 0.00281393 0.03897514 0.00301003
v 0.00281393 0.03897514 0.00301003
v 0.00912752 -0.03274937 0.00421548
v 0.00912752 -0.03274937 0.00356944
v -0.00742641 -0.08485336 0.00862104
v -0.00426962 -0.01381580 0.00419984
v -0.00426962 -0.08687328 0.00332522
v -0.00342267 0.03311028 0.00759003
v 0.01944486 0.06719623 0.00776327
v 0.00920452 0.03065847 0.00424435
v -0.00103582 -0.06471555 0.00417097
v -0.00811937 0.03182182 0.00361636
v 0.00135102 0.05010573 0.00778372
v -0.01204612 0.03403181 0.00845382
v 0.00689467 0.04024796 0.00739513
v -0.00095883 -0.06855327 0.00356824
v 0.00535477 0.04683585 0.00080725
v 0.00535477 0.04683585 0.00080725
v -0.02459631 0.06507405 0.00211496
v 0.01251531 0.04915773 0.00291378
v -0.00719543 0.00534514 0.00782222
v 0.00543176 -0.05206430 0.00416736
v -0.00873533 0.03740035 0.00845021
v -0.00950528 0.05867023 0.00295228
v -0.02439300 0.06829702 0.00431413
v -0.02439300 0.06829702 0.00431413
v 0.01818527 0.04653028 0.00204037
v 0.01818527 0.04653028 0.00204037
v -0.00229542 0.06456276 0.01068667
v 0.00086138 0.02205788 0.00360794
v -0.00937896 -0.01392167 0.00865713
v 0.01587542 0.04328806 0.01082021
v 0.00247828 0.03556811 0.00750100
v 0.00486512 -0.00081326 0.00335049
v -0.00614517 0.03916762 0.00454632
v -0.00060152 -0.08604077 0.00355982
v -0.01715546 0.05853790 0.00410720
v -0.01161182 0.02677503 0.00427443
v 0.00417217 0.06372784 0.00426721
v -0.01076487 0.02850140 0.00362238
v 0.01525946 0.04607793 0.00909384
v -0.01153482 -0.00755634 0.00425879
v -0.01153482 -0.00755514 0.00361275
v 0.01133271 0.05180925 0.00425157
v -0.00522123 0.04821936 0.00350688
v -0.00522123 0.04821936 0.00350688
v -0.00522123 0.04821936 0.00350688
v 0.00740596 -0.04561596 0.00332522
v -0.00437428 -0.03304171 0.00419022
v -0.01145783 0.08709344 0.00213902
v 0.01456650 0.04058361 0.00424916
v 0.01456650 0.04058361 0.00424916
v -0.00514423 0.04857425 0.00255888
v -0.00275739 0.01972156 0.00421187
v 0.01302660 0.03821481 0.00699693
v -0.01453763 0.08379588 0.00194894
v -0.01138083 0.02496204 0.00843938
v 0.00755995 -0.00073145 0.00358629
v -0.00583719 0.04681420 0.00603449
v -0.00737709 0.06726962 0.01067705
v -0.00337335 0.05256236 0.00806643
v -0.00337335 0.05256236 0.00806643
v 0.00455714 -0.07236813 0.00784387
v -0.00645315 0.05554471 0.00294626
v -0.01669349 0.04196832 0.00363320
v 0.00617404 -0.08457305 0.00330958
v 0.00147734 0.04924676 0.00391833
v 0.01017778 0.07706122 0.00211736
v -0.00714610 -0.05232055 0.00418661
v -0.02370004 0.06441719 0.00124876
v -0.00398931 0.03825932 0.00693798
v -0.01107285 0.04042361 0.00362358
v -0.00791605 -0.07511589 0.00786192
v 0.01495148 0.04178786 0.00507927
v -0.02446999 0.06075632 0.00144486
v -0.00475926 0.02954685 0.00843697
v -0.01815640 0.04632696 0.00363681
v 0.01418153 0.04803168 0.00118380
v 0.01418153 0.04803168 0.00118380
v -0.00552921 0.04751678 0.00470512
v -0.00470993 0.04937428 0.00384494
v -0.00470993 0.04937428 0.00384494
v -0.00155313 -0.03939139 0.00418300
v 0.01423085 0.04473774 0.00400374
v -0.00547988 0.04762264 0.00563026
v 0.01269095 0.03840610 0.00699693
v 0.00245061 -0.06454110 0.00777530
v 0.01746464 0.04909999 0.00424074
v 0.01038110 -0.05836345 0.00420225
v 0.01361489 0.04006390 0.00439594
v -0.00609584 0.05738056 0.00913234
v -0.01002259 0.06110640 0.00428887
v -0.00370900 0.05024529 0.00745529
v 0.00422149 -0.04568213 0.00417217
v 0.00345154 0.03492327 0.00440195
v -0.01140850 -0.00114771 0.00778011
v -0.00347801 0.05231333 0.01085390
v 0.00914918 -0.05839353 0.00331680
v 0.00522243 0.06584521 0.00157238
v 0.00445248 0.04873546 0.00601885
v 0.00445248 0.04873546 0.00601885
v 0.01946652 0.04808221 0.00775485
v 0.01946652 0.04608876 0.00599479
v 0.01946652 0.04608876 0.00599479
v -0.00809771 0.04188411 0.00361997
v 0.00768627 0.04088437 0.00907940
v -0.00255407 0.08997714 0.00243256
v 0.01007312 -0.05196204 0.00772357
v 0.00144967 0.04987595 0.00602486
v 0.00776327 0.04248563 0.00887248
v 0.01407686 0.04846959 0.00909745
v -0.00563387 0.05319035 0.00603689
v -0.00563387 0.05319035 0.00603689
v 0.01015011 0.05219543 0.00425277
v 0.01099706 -0.07089801 0.00595388
v 0.01099706 -0.07089801 0.00595388
v -0.01264042 -0.06682449 0.00839727
v 0.01420318 0.04826507 0.00909745
v 0.00881353 -0.02634554 0.00357305
v 0.01512712 0.05013461 0.01082382
v 0.00019008 0.04981580 0.00813140
v -0.00450662 -0.05867625 0.00778853
v 0.01605106 0.04560513 0.00599960
v 0.01605106 0.04560513 0.00599960
v -0.02337041 0.06778572 0.00125839
v 0.00819757 -0.08140783 0.00330838
v -0.00673947 -0.02027617 0.00780898
v -0.00673947 0.01988277 0.00421909
v 0.00596471 0.05006002 0.00601764
v 0.00596471 0.05006002 0.00601764
v 0.00049806 0.01972637 0.00781620
v 0.01943885 0.06719864 0.00424556
v -0.00735543 0.06319008 0.00604411
v -0.00735543 0.06319008 0.00604411
v 0.01158535 0.04971234 0.00910106
v 0.01158535 0.04971234 0.00910106
v 0.01158535 0.04971234 0.00910106
v -0.00496859 0.02804545 0.00361275
v -0.00889533 0.01172129 0.00337695
v -0.01913568 0.04676126 0.00605494
v -0.01913568 0.04676126 0.00605494
v 0.00373185 0.05084080 0.00602125
v -0.00019489 0.05278131 0.00912151
v -0.02383238 0.07110132 0.00130170
v 0.00219195 0.05897340 0.00426841
v -0.00720144 0.00534755 0.00421307
v -0.02375538 0.06334888 0.00297634
v 0.00388584 -0.03928312 0.00778372
v 0.00311589 0.00555808 0.00359591
v 0.00627269 -0.07482476 0.00784026
v 0.00234594 0.05326133 0.01084548
v -0.02444834 0.06761609 0.01089360
v 0.01812993 0.04652907 0.00290416
v 0.01812993 0.04652907 0.00290416
v -0.00468828 0.04915894 0.00362117
v -0.02124221 0.05168774 0.00338658
v -0.01177182 -0.02037722 0.00601283
v -0.01177182 -0.02037722 0.00601283
v -0.01177182 0.04350822 0.00845743
v 0.00639901 0.04707405 0.00812057
v 0.00170231 0.05393504 0.00293303
v 0.00724596 0.00567237 0.00358989
v 0.00331921 0.02739460 0.00360192
v -0.00060754 -0.08558602 0.00596471
v -0.00060754 -0.08558602 0.00596471
v 0.00886285 -0.07771327 0.00859939
v -0.01161783 -0.07813073 0.00863066
v 0.01047975 0.03367932 0.00600321
v 0.01047975 0.03367932 0.00600321
v -0.01000094 -0.04597086 0.00335289
v -0.00445729 0.02225999 0.00421668
v 0.01132669 -0.07766034 0.00595027
v 0.01132669 -0.07766034 0.00595027
v 0.00739995 0.04264443 0.00282235
v 0.00739995 0.04264443 0.00282235
v 0.00739995 0.04025277 0.00474723
v 0.01294359 0.04697661 0.00291258
v -0.00438030 -0.06597153 0.00417578
v 0.00509009 -0.08353242 0.00355260
v 0.00832389 0.04548242 0.00429729
v -0.01138685 0.02496444 0.00427323
v -0.00661315 0.04522738 0.00779334
v -0.00661315 0.04522617 0.00870766
v -0.00337936 0.05256356 0.00400013
v -0.00337936 0.05256356 0.00400013
v -0.02386005 0.07100508 0.00607298
v -0.02386005 0.07100508 0.00607298
v 0.00455113 -0.07236573 0.00408314
v -0.00884601 -0.07807298 0.00357666
v 0.00693798 0.01207619 0.00599840
v 0.00693798 0.01207619 0.00599840
v -0.00722911 0.06182703 0.00780176
v 0.00462812 -0.06553362 0.00777049
v 0.00070138 0.04958963 0.00391953
v 0.00547507 0.03589052 0.00601163
v 0.00547507 0.03589052 0.00601163
v -0.00792207 -0.07511349 0.00410119
v -0.00476527 0.04801965 0.00881954
v 0.01417551 0.04110814 0.00448376
v -0.00946197 0.05488183 0.00604291
v -0.00946197 0.05488183 0.00604291
v 0.00321454 0.05326734 0.00911670
v 0.00321454 0.03688905 0.00679481
v 0.00244459 -0.06499826 0.00777409
v -0.00779575 -0.08099158 0.00785831
v -0.01249245 -0.05883866 0.00775485
v -0.00379201 0.05162398 0.00603328
v -0.00379201 0.05162398 0.00603328
v -0.00379201 0.04360206 0.00813501
v -0.01156851 0.06178973 0.00780898
v -0.00841171 0.03964163 0.00845021
v 0.01445582 0.04083264 0.00976273
v 0.01761262 0.05577329 0.00776086
v 0.00421548 0.04635223 0.00237241
v -0.00286807 0.02510039 0.00361516
v 0.00660233 0.03986900 0.00601163
v -0.00440797 -0.03944914 0.00418781
v 0.00821922 0.04539821 0.01094653
v -0.02173185 0.07375645 0.00143644
v 0.01376287 0.04462224 0.00600321
v 0.01376287 0.04462224 0.00600321
v 0.01376287 0.07547921 0.00992394
v 0.01376287 0.03912552 0.00712325
v -0.00356102 -0.08506029 0.00408916
v -0.00433097 0.05021882 0.00729648
v -0.00433097 0.05021882 0.00729648
v -0.01141452 -0.00114650 0.00361636
v 0.01776661 0.05564697 0.00776086
v -0.00271408 0.05405053 0.00912512
v -0.00271408 0.05405053 0.00912512
v 0.00367651 0.04907833 0.00602005
v 0.00367651 0.04907833 0.00602005
v 0.01946050 0.04808341 0.00423713
v -0.00733378 0.02723219 0.00843457
v 0.01476380 0.04142695 0.00431774
v 0.00691031 0.04684668 0.00390870
v 0.01006710 -0.05196083 0.00355982
v 0.01322390 0.03815827 0.00701136
v 0.01322390 0.03815827 0.00701136
v 0.00067371 0.03213942 0.00436466
v 0.00067371 0.05021882 0.00602607
v 0.00860420 0.05287996 0.00777409
v -0.00794974 0.01174054 0.00361636
v 0.00706430 -0.08542842 0.00330838
v -0.00317605 0.08853950 0.00993477
v -0.01025959 0.02492234 0.00362478
v 0.01419717 0.04802687 0.01082382
v 0.01419717 0.04802687 0.01082382
v 0.01974081 0.05122096 0.00423834
v -0.02360741 0.06582355 0.00124997
v 0.00241692 0.04086031 0.00812418
v 0.00803756 0.07221775 0.00188277
v 0.01358121 0.03880912 0.00425037
v 0.01358121 0.03880912 0.00425037
v -0.00451263 -0.05867504 0.00417939
v 0.01050140 -0.08230651 0.00594907
v 0.01050140 -0.08230651 0.00594907
v -0.00920933 0.05875444 0.00295228
v 0.01288825 0.08316789 0.00963040
v 0.01527510 0.04594680 0.00600080
v 0.01527510 0.04594680 0.00600080
v 0.02158869 0.04983264 0.01081420
v -0.00674549 -0.02027376 0.00419984
v -0.00674549 -0.07222978 0.00357546
v 0.00434180 0.03638979 0.00440195
v 0.00041505 -0.02012819 0.00418901
v 0.01227229 0.03688304 0.00332883
v -0.00428165 0.04320626 0.00602968
v 0.00203195 -0.07075364 0.00784868
v 0.00049205 0.01972878 0.00420706
v -0.01998864 0.07084628 0.00782583
v -0.01128820 0.00526333 0.00778252
v -0.02468534 0.06485269 0.00125117
v 0.00056904 0.05244446 0.00912030
v 0.00688264 0.04747708 0.00601524
v -0.02306844 0.05649151 0.00259136
v -0.00412766 -0.06920412 0.00838284
v 0.00849953 -0.01994172 0.00357666
v 0.00934648 -0.08185777 0.00330598
v -0.01036426 0.03733538 0.00362117
v 0.01096337 0.04984347 0.00291619
v 0.01335022 0.03879227 0.00860299
v 0.00626668 -0.07482355 0.00407953
v 0.01258027 0.03819917 0.00600201
v 0.01258027 0.03819917 0.00600201
v 0.01181032 0.07055033 0.00187555
v -0.02445435 0.06761730 0.00783184
v -0.02445435 0.06761730 0.00783184
v 0.00156998 0.01834046 0.00781379
v 0.01262959 0.05797367 0.00425157
v 0.01894319 0.05356209 0.00775845
v -0.01100789 -0.03958268 0.00335650
v 0.00477610 -0.08322564 0.00595749
v 0.00477610 -0.08322564 0.00595749
v 0.00793290 0.04421682 0.00314597
v 0.00639300 -0.08070285 0.00783665
v -0.00384735 -0.07087395 0.00597674
v -0.00384735 -0.07087395 0.00597674
v 0.00731694 -0.07774455 0.00836118
v 0.01286058 0.04504090 0.00118380
v 0.01601738 0.04362732 0.00599840
v 0.01601738 0.04362732 0.00599840
v 0.01601738 0.04362732 0.00599840
v 0.01601738 0.04362732 0.00599840
v -0.00839005 -0.07484400 0.00838765
v 0.01686432 0.04325317 0.00423834
v -0.00992996 0.07214918 0.00781139
v -0.00992996 0.07214076 0.01053028
v 0.01216762 0.04731948 0.00291378
v 0.00192728 0.04045970 0.00601885
v 0.00354418 -0.03288170 0.00778733
v 0.01617137 0.04739527 0.00909384
v -0.00353937 0.04349018 0.00392314
v -0.01062291 -0.02035316 0.00336492
v -0.00746611 -0.01388317 0.00781379
v -0.01139286 -0.05881460 0.00334928
v -0.00661917 0.04522978 0.00427563
v 0.01470846 0.04083264 0.00599960
v -0.01285577 -0.07815359 0.00598757
v -0.01285577 -0.07815359 0.00598757
v 0.01632536 0.04761903 0.00909384
v -0.00099853 -0.06657907 0.00356944
v 0.01794225 0.05016709 0.00775845
v -0.01200882 -0.03319930 0.00841171
v -0.00253843 0.08999880 0.00604892
v -0.00253843 0.08999880 0.00604892
v 0.01008876 -0.07768560 0.00330718
v -0.01039193 -0.07810306 0.00333846
v -0.01039193 -0.06670418 0.00863427
v 0.00777891 0.04109731 0.00819877
v -0.00246144 0.00544259 0.00781500
v -0.00084454 0.02314664 0.00361035
v -0.02448202 0.06564430 0.00916482
v -0.02448202 0.06564430 0.00916482
v -0.00238444 0.02699639 0.00361396
v 0.00713528 0.02213608 0.00840810
v 0.00713528 0.02213608 0.00776206
v -0.00780176 -0.08099038 0.00409758
v -0.01249846 -0.05883745 0.00359110
v 0.01591271 0.04338070 0.00326387
v -0.00056423 -0.08753255 0.00861021
v -0.00764777 -0.02670164 0.00780778
v -0.00764777 0.05806630 0.00913474
v -0.00918768 -0.06651891 0.00839246
v 0.00343951 0.04669509 0.00237361
v 0.00975311 0.03799586 0.00333244
v 0.00975311 -0.04555701 0.00356222
v -0.01149753 0.05777276 0.00295469
v -0.00834073 0.06298316 0.00780417
v 0.01060005 0.05321200 0.00425277
v 0.01298690 0.04496511 0.00600441
v 0.01298690 0.04496511 0.00600441
v 0.00197661 0.02320920 0.00841652
v 0.00829020 0.04225224 0.00853683
v -0.02397073 0.05924890 0.00430932
v -0.00425999 0.03098329 0.00360914
v -0.00656984 0.03246063 0.00844419
v 0.00605735 0.06773520 0.00166381
v -0.00495295 0.04881366 0.00643751
v 0.01791458 0.04876674 0.00775725
v -0.00179615 0.04670833 0.01023794
v -0.00410600 -0.07031212 0.00838284
v 0.01876153 0.07129742 0.00999492
v -0.00487595 0.04806657 0.00077837
v -0.00487595 0.04806657 0.00077837
v -0.00487595 0.04806657 0.00077837
v -0.00487595 0.04806657 0.00077837
v -0.01511629 0.08457546 0.01015493
v -0.01272945 -0.07138404 0.00598997
v -0.01272945 -0.07138404 0.00598997
v 0.01252493 0.04915533 0.00909985
v -0.00949566 0.05866783 0.00913835
v 0.01337188 0.03959952 0.00600080
v 0.01337188 0.03959952 0.00600080
v 0.00236158 -0.06583679 0.00777409
v 0.00633766 -0.00077236 0.00863909
v -0.01021628 0.05446197 0.01066863
v -0.00705948 -0.04591311 0.00779816
v -0.00782943 -0.03952132 0.00780176
v -0.00690549 -0.03309223 0.00419503
v -0.00844540 -0.07806336 0.00409999
v -0.00051490 -0.09000000 0.00836840
v -0.00759845 0.03742561 0.00437909
v -0.00444165 0.04930932 0.00375952
v 0.02158268 0.04983505 0.00775244
v 0.02158268 0.04983505 0.00775244
v 0.01380618 0.04042361 0.00407232
v 0.00356583 0.06549993 0.00602847
v 0.00356583 0.06549993 0.00602847
v 0.01226627 0.08176875 0.00778131
v 0.00202593 0.02039647 0.00841532
v 0.00202593 -0.07075244 0.00408796
v -0.00898436 0.02075979 0.00362238
v 0.01311322 0.04670712 0.00291138
v -0.01999465 0.07084748 0.00430811
v -0.01129421 0.00526454 0.00426480
v -0.01129421 0.00526574 0.00361877
v -0.01837776 0.08147400 0.01035824
v -0.01360406 0.07415346 0.01052065
v 0.01242026 0.05800615 0.01065539
v 0.01403716 0.05374134 0.00776567
v -0.00567357 0.05520064 0.00603810
v -0.00567357 0.05520064 0.00603810
v -0.00644352 0.05554231 0.00913234
v -0.00721347 0.02822230 0.00361636
v 0.00541371 0.01843791 0.00864871
v 0.00071702 -0.02653201 0.00779455
v 0.00310386 -0.08672530 0.00860420
v 0.00626066 0.06384454 0.00150742
v -0.02446037 0.06150702 0.00782823
v -0.02446037 0.06150702 0.00782823
v 0.00787756 -0.00713528 0.00598877
v 0.00787756 -0.00713528 0.00598877
v -0.01183318 0.02858562 0.00603449
v -0.01183318 0.02858562 0.00603449
v 0.01262358 0.05797006 0.00136065
v -0.01101390 0.02175591 0.00843577
v 0.01108368 0.05447159 0.00425277
v 0.00638698 -0.08070164 0.00407593
v 0.00877383 0.04334220 0.00977356
v 0.01439447 0.04026480 0.00712204
v -0.00215947 0.02782288 0.00843096
v -0.01871341 0.06277864 0.00296792
v -0.00608622 -0.08344700 0.00409397
v 0.00977476 0.04563040 0.00425037
v -0.00993597 0.07215158 0.00429368
v 0.01293156 0.03805601 0.00774282
v 0.01608836 0.04359604 0.00423954
v -0.01070592 -0.08226922 0.00862826
v 0.00192127 0.01193905 0.00781019
v 0.01139166 0.04926601 0.01082984
v 0.01139166 0.04926601 0.01082984
v -0.00516228 0.02667999 0.00842855
v 0.00353816 -0.03288050 0.00417818
v -0.00747213 -0.01388076 0.00420465
v 0.01462545 0.04067986 0.00664804
v 0.00045836 0.02648028 0.00361035
v 0.00523205 0.06585122 0.00602607
v 0.00523205 0.06585122 0.00602607
v 0.00523205 0.06585122 0.00602607
v 0.00523205 0.06585122 0.00602607
v -0.02464203 0.06252480 0.00124997
v 0.01793624 0.05016829 0.00424074
v -0.00885804 -0.04595041 0.00840088
v -0.00647119 0.02190750 0.00361877
v -0.01116789 0.01167317 0.00778492
v -0.02456503 0.06370619 0.00297754
v -0.02456503 0.06370619 0.00297754
v -0.01193784 0.06464216 0.01087194
v -0.00878105 0.05657332 0.00294987
v -0.00562425 0.04560513 0.00750822
v -0.00246745 0.00544499 0.00420585
v 0.01813955 0.04652667 0.00909023
v 0.01813955 0.04652667 0.00909023
v -0.00157118 0.03164256 0.00767304
v 0.00712926 0.02213848 0.00424435
v -0.01019463 0.07264724 0.01051464
v 0.01983344 0.04805454 0.00775364
v 0.01983344 0.04805454 0.00775364
v -0.00141719 -0.04579762 0.00778973
v 0.00805320 0.07222858 0.00778372
v -0.00449699 -0.06513782 0.00417578
v 0.00189360 0.04109009 0.00391472
v -0.00834675 0.06298436 0.00428646
v 0.01375084 0.07548282 0.00211135
v -0.00357305 0.03988584 0.00511656
v 0.00512739 -0.06759203 0.00836960
v 0.00828419 0.03464898 0.00842254
v 0.00913113 -0.03274937 0.00597433
v 0.00913113 -0.03274937 0.00597433
v -0.01997300 0.07752440 0.00160246
v -0.00026226 0.02463721 0.00361035
v -0.01442935 0.07187609 0.00605855
v -0.01442935 0.07187609 0.00605855
v -0.02466970 0.06484788 0.01089239
v 0.01790857 0.04876915 0.00423954
v 0.00451143 0.00558455 0.00864510
v 0.00220158 -0.06680043 0.00837442
v -0.01119556 0.03130571 0.00845021
v -0.00488197 0.04806897 0.00333966
v -0.00488197 0.04806897 0.00333966
v 0.01798556 0.04474977 0.00290295
v -0.00957867 0.05672972 0.00295108
v 0.00705227 0.05356450 0.00777650
v -0.00950167 -0.02033271 0.00865473
v -0.00318808 0.08854311 0.00216308
v 0.00235557 -0.06583438 0.00416495
v -0.02284949 0.07066702 0.00130049
v -0.00706550 -0.04591191 0.00418901
v -0.02361944 0.06073346 0.01088878
v -0.00783545 -0.03951891 0.00419262
v -0.00467865 0.04943323 0.00680083
v 0.00171194 0.05393143 0.00911910
v 0.00332883 -0.01366301 0.00779695
v -0.01160821 0.02677503 0.00603328
v -0.01160821 0.02677503 0.00603328
v -0.01237816 -0.05242762 0.00359350
v -0.00290777 0.04489774 0.00967491
v 0.01287622 0.04503729 0.01082502
v 0.01287622 0.08317150 0.00241452
v -0.00052092 -0.08999880 0.00420465
v 0.00579267 0.02719850 0.00841652
v 0.00579267 -0.06643350 0.00416014
v -0.00129087 -0.05220144 0.00417698
v -0.01153121 -0.00755634 0.00601764
v -0.01153121 -0.00755634 0.00601764
v 0.01449312 0.04176380 0.00600080
v 0.01449312 0.04176380 0.00600080
v 0.01295321 0.04697420 0.00909865
v -0.00506363 0.06217832 0.00428165
v 0.00756356 -0.00073145 0.00599118
v 0.00756356 -0.00073145 0.00599118
v -0.00583358 0.04088558 0.00525130
v 0.00363681 0.05108862 0.00602125
v 0.00363681 0.05108862 0.00602125
v 0.01156730 0.04210667 0.00224248
v -0.00814343 0.03471515 0.00844780
v -0.00021294 0.05798931 0.00427202
v 0.00610065 0.05667197 0.00119944
v 0.00217391 -0.00727724 0.00419262
v 0.01403115 0.05374255 0.00424796
v 0.00694760 0.03923500 0.00333725
v -0.00644954 0.03744727 0.00759725
v -0.01114624 0.05726988 0.01074081
v -0.00483264 0.04484360 0.01111015
v -0.00483264 0.04484360 0.01111015
v 0.01179829 0.07634661 0.00992635
v 0.01495509 0.04178666 0.00691993
v -0.01183919 -0.08276367 0.00774282
v -0.01101992 0.02175712 0.00427202
v -0.02441706 0.06123272 0.00332402
v -0.01178987 -0.07132389 0.00334327
v -0.00778612 -0.06667772 0.00778973
v -0.02434006 0.06821641 0.01088518
v 0.00407111 0.04810266 0.00812538
v 0.01038471 -0.05836466 0.00596110
v 0.01038471 -0.05836466 0.00596110
v 0.00884481 -0.05199332 0.00861142
v -0.02426307 0.06956744 0.00783184
v -0.02426307 0.06956744 0.00783184
v -0.00455233 0.05669723 0.00294386
v 0.00099131 0.05624248 0.00778733
v 0.00414811 0.01198476 0.00864871
v -0.02025932 0.05125344 0.00338538
v 0.01292554 0.03886325 0.00757198
v -0.00516829 -0.08917110 0.00356583
v -0.01225184 -0.04601898 0.00776086
v 0.00276220 0.01195709 0.00840930
v -0.00824810 -0.00749138 0.00841772
v -0.00901805 0.00531025 0.00337455
v -0.00578425 0.03328713 0.00437428
v 0.00922978 0.04650261 0.00715332
v 0.00922978 0.04650261 0.00715332
v -0.00809411 0.04188411 0.00603569
v -0.00809411 0.04188411 0.00603569
v -0.00255046 0.05382195 0.00603208
v -0.00255046 0.05382195 0.00603208
v 0.00930678 0.04456450 0.00600922
v 0.00930678 0.04456450 0.00600922
v 0.01246357 0.03721869 0.00600201
v 0.01246357 0.03721869 0.00600201
v -0.00409036 0.01822497 0.00782342
v -0.01117391 0.01167438 0.00362117
v -0.00486031 0.05284868 0.00427683
v -0.00955701 0.05691498 0.00295108
v 0.01970111 0.04919262 0.00423713
v 0.01104999 0.05506109 0.00777049
v 0.01982743 0.04805694 0.00423593
v 0.01982743 0.04805694 0.00423593
v 0.00881714 -0.02634554 0.00597794
v 0.00881714 -0.02634554 0.00597794
v 0.00804719 0.07223099 0.00426601
v -0.00296311 0.05040650 0.00434902
v -0.02421374 0.07006430 0.00783184
v -0.02421374 0.07006430 0.00783184
v 0.01836452 0.04458254 0.00290295
v 0.00812418 0.02701564 0.00841291
v -0.00919971 0.05875204 0.00913835
v -0.00596591 0.04560393 0.00603328
v 0.00904812 0.05389774 0.00425518
v -0.00665887 -0.01386633 0.00781259
v -0.00896872 -0.05235784 0.00358869
v 0.01944245 0.06718179 0.01014650
v 0.01944245 0.06719743 0.00600441
v 0.01944245 0.06719743 0.00600441
v -0.00419503 -0.00099973 0.00781379
v 0.00843216 0.04257826 0.00776928
v -0.00180818 -0.02658254 0.00779936
v -0.00180818 0.05869429 0.00779214
v 0.00134862 0.05010694 0.00602486
v 0.00134862 0.05010694 0.00602486
v -0.01913207 0.04676006 0.00847066
v 0.01636265 0.04945248 0.00775966
v 0.01874950 0.07130103 0.00202112
v -0.00804478 0.00532830 0.00842374
v -0.01512833 0.08457907 0.00197661
v 0.01328285 0.04695014 0.00291138
v -0.00481099 0.02306603 0.00361636
v 0.01097300 0.04984106 0.00910226
v 0.01258989 0.04438885 0.01062893
v -0.01104759 0.01808421 0.00778733
v -0.00630156 -0.07259070 0.00786071
v 0.00632562 -0.02641772 0.00862706
v -0.01022831 -0.00112485 0.00866435
v -0.02123860 0.05168774 0.00605975
v -0.02123860 0.05168774 0.00605975
v -0.01176821 -0.02037843 0.00841772
v -0.00545462 0.02453135 0.00361877
v -0.00229782 0.06456757 0.00779575
v 0.01348616 0.03905213 0.00373306
v 0.00409277 -0.08898583 0.00771515
v 0.01356316 0.04663013 0.00118380
v -0.02270151 0.07418594 0.01070712
v 0.00332282 -0.01366061 0.00418781
v 0.00101297 -0.03293343 0.00779094
v 0.01048336 0.03367812 0.00841893
v -0.02339447 0.06972865 0.00783064
v 0.01133030 -0.07766275 0.00835517
v 0.01133030 -0.07766275 0.00770913
v 0.00740356 0.04025157 0.00727363
v 0.00032001 0.03646077 0.00693076
v 0.01217725 0.04731707 0.00909985
v -0.00198984 0.05096230 0.00602968
v -0.00984334 0.01810707 0.00867277
v 0.01302419 0.03821601 0.00500468
v -0.00345275 0.05235784 0.00343470
v -0.00345275 0.05235784 0.00343470
v -0.00345275 0.04927804 0.00894466
v 0.00286085 -0.02007887 0.00779455
v 0.00286085 0.05143149 0.00602246
v 0.00286085 0.05143149 0.00602246
v -0.00737949 0.06727563 0.00780537
v -0.00499265 0.03411242 0.00446090
v 0.00686459 0.03145609 0.00359471
v 0.00686459 0.05126547 0.00777530
v 0.00686459 0.05126547 0.00777530
v -0.00730250 -0.06494773 0.00778973
v -0.02385644 0.07100508 0.00859698
v 0.01872183 0.04641719 0.00290295
v -0.02462639 0.06160807 0.00124876
v 0.00455474 0.04850568 0.00601885
v 0.00455474 -0.07236693 0.00596351
v 0.00455474 -0.07236693 0.00596351
v 0.00378479 0.01838377 0.00865232
v -0.00876541 -0.03953816 0.00359471
v -0.00953536 0.06142641 0.00780537
v -0.00399171 0.03826053 0.00511656
v 0.00232188 -0.08494239 0.00784147
v 0.00547868 0.03588812 0.00842735
v -0.00791846 -0.07511349 0.00598155
v -0.00791846 -0.07511349 0.00598155
v -0.02208555 0.05605721 0.00258896
v -0.01102593 0.05117284 0.00256971
v 0.01345849 0.04635463 0.01082502
v -0.02357613 0.06793851 0.00783064
v 0.00876180 0.04334581 0.00224729
v -0.02434608 0.06827536 0.00293183
v -0.00856209 -0.02671849 0.00359952
v -0.01564564 0.04169042 0.00846224
v 0.00329515 0.04844553 0.00812659
v -0.00378840 0.05162278 0.00779214
v -0.00140155 0.05530531 0.00293784
v 0.00098530 0.05624368 0.00426962
v -0.00925505 -0.00751183 0.00865954
v 0.01761623 0.05576728 0.01065178
v -0.00756115 0.02020278 0.00361997
v -0.01148790 0.05776915 0.00914076
v -0.01225785 -0.04601778 0.00424315
v 0.01376648 0.04462224 0.00776206
v 0.00983973 0.04834808 0.00291739
v -0.00987101 -0.03956343 0.00864630
v -0.00040061 0.04148710 0.00602366
v -0.01141091 -0.00114650 0.00602125
v -0.01141091 -0.00114650 0.00602125
v 0.01777022 0.05564336 0.01064577
v -0.02396110 0.07039273 0.00129207
v -0.02396110 0.07045649 0.00342387
v 0.00368012 -0.02006323 0.00779334
v -0.01603061 0.07111335 0.00430210
v -0.00417337 -0.06692915 0.00838404
v 0.00529702 0.02250662 0.00841051
v -0.01125692 -0.05240716 0.00864269
v 0.01792421 0.04608876 0.00117658
v 0.00691392 0.04117912 0.00867397
v 0.01007071 0.04627523 0.01082984
v 0.01007071 -0.05196083 0.00596471
v 0.01007071 -0.05196083 0.00596471
v -0.00093958 -0.06951450 0.00356824
v 0.00853081 -0.04559070 0.00861502
v -0.02457706 0.06625304 0.01089239
v -0.02457706 0.06335610 0.00297754
v -0.02457706 0.06335610 0.00297754
v 0.01407446 0.03969576 0.00470392
v -0.00563628 0.05319155 0.00427804
v 0.00306416 0.02495963 0.00360553
v -0.02365312 0.06114971 0.00606817
v -0.02365312 0.06114971 0.00606817
v -0.00394239 0.05922484 0.01085751
v 0.01420078 0.03991953 0.00552440
v -0.02283385 0.07066221 0.01084307
v -0.02421976 0.07006550 0.00431413
v -0.02421976 0.07006550 0.00431413
v 0.01835851 0.04978572 0.00423954
v 0.00496137 0.05774990 0.00778131
v -0.00681887 -0.02668480 0.00780658
v -0.00835878 -0.01389881 0.00360553
v 0.00434541 0.03638979 0.00601404
v 0.00434541 0.03638979 0.00601404
v 0.00750221 0.05458107 0.00777650
v 0.01697260 0.04480029 0.00117778
v 0.00596230 -0.02001631 0.00863066
v 0.01704959 0.04496872 0.00290536
v 0.01704959 0.04496872 0.00290536
v 0.01312284 0.04670352 0.00909745
v 0.00288250 0.05033431 0.00301484
v 0.00288250 0.05033431 0.00301484
v -0.00420104 -0.00099853 0.00420465
v 0.01473974 0.04138244 0.00685136
v -0.00181420 -0.02658134 0.00419022
v -0.01836813 0.06097527 0.00296672
v 0.00057265 0.05044860 0.00602607
v 0.00057265 0.05044860 0.00602607
v 0.01635664 0.04945368 0.00424195
v -0.01990803 0.06560821 0.00430571
v -0.00412405 0.01181633 0.00781981
v -0.01829114 0.06057706 0.00296672
v 0.00457639 -0.02004518 0.00839246
v 0.00627028 -0.07482476 0.00595990
v 0.00627028 -0.07482476 0.00595990
v -0.01105360 0.01808542 0.00426962
v -0.01105360 0.01808421 0.00362358
v 0.01109330 0.05446919 0.01083224
v -0.00938738 -0.01391926 0.00336613
v -0.00384374 0.03204679 0.00437188
v -0.00068694 0.04223179 0.00812899
v 0.00246986 0.05558923 0.00778372
v 0.00408675 -0.08898342 0.00419743
v 0.00408675 -0.08898342 0.00355140
v 0.01910079 0.04624997 0.00290295
v -0.00060995 0.03452025 0.00502754
v 0.01440409 0.04157372 0.00685136
v -0.01870378 0.06277623 0.00915399
v 0.01047734 0.03367932 0.00424435
v 0.01132429 -0.07766154 0.00419142
v 0.00978439 0.04562799 0.01063374
v -0.00199586 0.02901631 0.00360914
v -0.00276581 0.06287127 0.00779575
v 0.01224823 0.08174830 0.00228218
v 0.01702192 0.05242280 0.00776086
v 0.00678158 -0.08085563 0.00355140
v 0.00916843 0.04425652 0.00474602
v -0.00576861 0.04554859 0.00141960
v -0.00576861 0.04554859 0.00141960
v 0.00685858 0.05126668 0.00425759
v 0.00685858 0.05126668 0.00425759
v -0.01285216 -0.07815600 0.00839246
v -0.00730851 -0.06494533 0.00418059
v 0.00377877 0.04884735 0.00602005
v -0.00091793 -0.07023032 0.00785350
v -0.02455541 0.06370378 0.00916361
v -0.02455541 0.06370378 0.00916361
v -0.00877142 0.05656971 0.00913594
v -0.00954137 0.06142762 0.00428766
v 0.00231587 -0.08494118 0.00408074
v 0.01178626 0.07635022 0.00211375
v 0.01809985 0.04630290 0.01081781
v 0.01809985 0.04630290 0.01081781
v -0.00946438 0.05488304 0.00428405
v -0.00630758 -0.07258829 0.00409999
v -0.00471835 -0.08802339 0.00332522
v 0.00321214 0.03689026 0.00523566
v -0.00779816 -0.08099158 0.00597794
v -0.00779816 -0.08099158 0.00597794
v 0.00090229 0.02922564 0.00842615
v -0.01249485 -0.05883745 0.00599599
v -0.01249485 -0.05883745 0.00599599
v -0.01010801 0.00528980 0.00337575
v -0.00379441 0.05162398 0.00427443
v -0.01164791 -0.01396859 0.00842013
v -0.00217752 0.05525959 0.01085269
v 0.00182623 0.05600789 0.00120545
v 0.00421307 -0.01364497 0.00839607
v 0.00113327 0.05886753 0.00778733
v 0.01376046 0.04462345 0.00424435
v 0.01299051 0.04496511 0.00776327
v -0.01696057 0.05819382 0.00781500
v 0.00906376 0.04868975 0.00291859
v -0.00433338 -0.02663427 0.00780297
v -0.00117658 0.04182997 0.00602486
v -0.01773052 0.08071728 0.00175886
v 0.01776420 0.05564818 0.00600201
v 0.01776420 0.05564818 0.00600201
v 0.00675391 -0.05844767 0.00837081
v -0.00818313 -0.08116361 0.00838404
v 0.01075765 0.04786927 0.00118861
v -0.00579628 0.06250194 0.00780056
v 0.00051731 0.04568453 0.00181299
v 0.00051731 0.04568453 0.00181299
v 0.00367411 0.04907953 0.00426120
v 0.00367411 -0.02006202 0.00418420
v -0.00810614 -0.05874843 0.00418420
v -0.02466007 0.06348844 0.00124997
v 0.01714824 0.04503850 0.00117778
v 0.01322149 0.03815947 0.00499024
v 0.01322149 0.03815947 0.00499024
v 0.01876514 0.07131547 0.00776688
v -0.02458308 0.06507045 0.01002861
v -0.02458308 0.06304211 0.00989386
v 0.01799519 0.04474616 0.00908903
v -0.01511269 0.08459230 0.00782462
v -0.01272584 -0.07138645 0.00774883
v -0.00956904 0.05672611 0.00913715
v 0.00228820 -0.07018701 0.00837321
v -0.01264884 -0.06682208 0.00358749
v -0.00949205 0.05902152 0.00295228
v -0.00317845 0.05176233 0.00494212
v -0.00710520 0.01175498 0.00782462
v -0.02365914 0.06209050 0.00124756
v -0.02437976 0.06085858 0.00354538
v 0.00403141 -0.02646344 0.00778973
v 0.00718821 -0.06618326 0.00355741
v -0.00851878 0.06165860 0.00780417
v 0.01434875 0.04849004 0.00291017
v -0.00536198 0.04788611 0.00670940
v -0.00536198 0.05904799 0.00779816
v -0.00220519 -0.00736506 0.00419864
v 0.00095161 0.03788878 0.00554124
v 0.00726521 0.03994239 0.00601043
v 0.00495535 0.05775231 0.00426360
v 0.00025866 0.02142026 0.00781740
v -0.00682489 -0.02668360 0.00419743
v -0.01075164 0.05943657 0.00914076
v 0.00349245 0.02103890 0.00841291
v -0.00043430 0.04211870 0.00391833
v -0.01067464 0.05541719 0.00780417
v -0.01144459 0.08711028 0.00606095
v -0.01144459 0.08711028 0.00606095
v 0.00749619 0.05458348 0.00425879
v 0.01065299 0.04759377 0.01082984
v 0.00356944 0.06549873 0.00778733
v 0.01226988 0.04560513 0.00800388
v 0.00202954 -0.07075364 0.00596832
v 0.00202954 -0.07075364 0.00596832
v -0.01213755 -0.03960674 0.00359952
v -0.01999104 0.07084748 0.00606697
v -0.01999104 0.07084748 0.00606697
v -0.01129060 0.00526454 0.00602366
v -0.01129060 0.00526454 0.00602366
v 0.01157693 0.04971474 0.00291498
v 0.01157693 0.04971474 0.00291498
v 0.01157693 0.04971474 0.00291498
v -0.00336011 0.05938003 0.00779455
v -0.01991405 0.06628793 0.00782342
v 0.00611028 0.05666956 0.00777891
v -0.00413006 0.01181874 0.00421067
v 0.01481072 0.05013822 0.00776327
v 0.00064363 0.06329114 0.00779094
v 0.00303048 0.04227269 0.00237241
v 0.00857412 -0.06633966 0.00860540
v -0.01113661 -0.04599372 0.00335410
v 0.00149058 0.00552440 0.00419984
v 0.00942107 0.05052680 0.00910587
v 0.00788117 -0.00713648 0.00839366
v -0.01182957 0.02858321 0.00844540
vt 0.28474300 0.47565100
vt 0.32842700 0.67985300
vt 0.40014300 0.08207500
vt 0.22352500 0.89145500
vt 0.21500500 0.84884600
vt 0.54411500 0.86278800
vt 0.14950400 0.14206500
vt 0.51661700 0.80619500
vt 0.05766900 0.72563000
vt 0.04477000 0.71648700
vt 0.20403100 0.87724300
vt 0.06140700 0.68255300
vt 0.13118700 0.14960100
vt 0.57912900 0.79275800
vt 0.21463900 0.15073600
vt 0.19522600 0.18271200
vt 0.56589200 0.89628000
vt 0.54753600 0.29477400
vt 0.15292500 0.71007900
vt 0.54843800 0.29699400
vt 0.48466000 0.28196900
vt 0.17715400 0.60344900
vt 0.72328600 0.18088400
vt 0.17305400 0.47546200
vt 0.33308900 0.38614900
vt 0.33778200 0.39611200
vt 0.32645800 0.39544000
vt 0.54795100 0.67974300
vt 0.22251700 0.14981100
vt 0.42676600 0.27843400
vt 0.29842900 0.65819100
vt 0.33963400 0.92109600
vt 0.11327700 0.59586500
vt 0.59757500 0.61881500
vt 0.16956900 0.18418000
vt 0.42255600 0.38458400
vt 0.49377700 0.39330400
vt 0.09916700 0.61154900
vt 0.42750400 0.35992000
vt 0.51859800 0.18344500
vt 0.80696100 0.76636700
vt 0.59247600 0.38873200
vt 0.29917100 0.51495100
vt 0.18459400 0.86884500
vt 0.28275800 0.05995500
vt 0.89355900 0.53945100
vt 0.60607700 0.34394700
vt 0.28483400 0.63593600
vt 0.56099500 0.29358700
vt 0.55984600 0.29161800
vt 0.17722800 0.38548800
vt 0.55608700 0.40818600
vt 0.15529600 0.11128500
vt 0.50905500 0.65060300
vt 0.57989000 0.88864700
vt 0.71791800 0.52519400
vt 0.82227800 0.93564300
vt 0.23743200 0.78757000
vt 0.18468700 0.64222000
vt 0.66390900 0.09446700
vt 0.58467900 0.33892200
vt 0.87969800 0.32278000
vt 0.47394400 0.26279800
vt 0.53457200 0.12057300
vt 0.37238800 0.54043400
vt 0.42416300 0.43168900
vt 0.56402700 0.81286300
vt 0.38014200 0.59033900
vt 0.03121600 0.71654100
vt 0.12199900 0.87493200
vt 0.22438400 0.17941400
vt 0.52829200 0.12820300
vt 0.57559800 0.46899400
vt 0.42961300 0.40002100
vt 0.18325700 0.56617900
vt 0.27431700 0.39493500
vt 0.53730000 0.38942200
vt 0.13808200 0.38466000
vt 0.30777000 0.11187400
vt 0.13828600 0.82221000
vt 0.36610600 0.38612700
vt 0.42983600 0.56575200
vt 0.42070800 0.66419500
vt 0.56571000 0.88574400
vt 0.53780000 0.80467700
vt 0.18223200 0.88556800
vt 0.18972700 0.79973900
vt 0.23133200 0.26710700
vt 0.62594300 0.73774600
vt 0.14656100 0.61165500
vt 0.60301200 0.52867000
vt 0.84376600 0.28484400
vt 0.51994800 0.71026500
vt 0.41001200 0.61981800
vt 0.42528400 0.34950700
vt 0.45457100 0.53931300
vt 0.35679000 0.44538200
vt 0.13391800 0.88231800
vt 0.27444100 0.34808800
vt 0.45599000 0.69015600
vt 0.74209200 0.15282300
vt 0.50689500 0.50042300
vt 0.50992400 0.50043300
vt 0.57367300 0.28827200
vt 0.57082200 0.39323300
vt 0.16897600 0.21387100
vt 0.38660200 0.66942500
vt 0.75065100 0.13845900
vt 0.35604000 0.86639300
vt 0.85250400 0.30164800
vt 0.31991900 0.44437900
vt 0.56261700 0.39213000
vt 0.29890600 0.50822400
vt 0.14089400 0.26531800
vt 0.40820200 0.60334900
vt 0.45329400 0.31694500
vt 0.63872400 0.29340200
vt 0.17655600 0.81334900
vt 0.23037300 0.96328300
vt 0.72344300 0.23120500
vt 0.62498200 0.04156900
vt 0.32883100 0.77364700
vt 0.54963400 0.33128900
vt 0.21092000 0.64704400
vt 0.64748100 0.19911400
vt 0.21077100 0.23708100
vt 0.70425400 0.21199400
vt 0.82564300 0.27155000
vt 0.83640600 0.26891900
vt 0.52269400 0.12340500
vt 0.54813500 0.79339000
vt 0.72694700 0.19182600
vt 0.39619400 0.42553700
vt 0.13754600 0.15021800
vt 0.22048300 0.69129600
vt 0.19322800 0.09775100
vt 0.58784000 0.90710100
vt 0.34950800 0.49521000
vt 0.51750300 0.82667800
vt 0.12764300 0.87138400
vt 0.16850600 0.23677600
vt 0.53231600 0.65017500
vt 0.41792800 0.63150800
vt 0.40796500 0.62681400
vt 0.10525400 0.19750100
vt 0.49986500 0.80735100
vt 0.45756300 0.26295200
vt 0.84747900 0.73218900
vt 0.58942800 0.27952900
vt 0.71116600 0.20864000
vt 0.43156600 0.28231000
vt 0.21140700 0.20107300
vt 0.21486200 0.56677300
vt 0.60947200 0.43808000
vt 0.13428300 0.47466900
vt 0.57291700 0.27833100
vt 0.17830600 0.72652200
vt 0.50620100 0.62057300
vt 0.50922400 0.62059300
vt 0.13700500 0.68180700
vt 0.82000700 0.76767900
vt 0.17119800 0.11329800
vt 0.50315400 0.17034300
vt 0.50963300 0.15901300
vt 0.55549700 0.13507900
vt 0.44954500 0.13232800
vt 0.89114800 0.40481600
vt 0.16147600 0.59666600
vt 0.51664500 0.12910800
vt 0.42697400 0.28918900
vt 0.26081100 0.37668800
vt 0.18209100 0.66983300
vt 0.57868300 0.52917200
vt 0.26929900 0.91038500
vt 0.56715800 0.35808100
vt 0.84336800 0.18966100
vt 0.62167000 0.06981300
vt 0.40873800 0.64929400
vt 0.07933300 0.74205500
vt 0.13996200 0.88428000
vt 0.31944700 0.79205600
vt 0.62006700 0.06957700
vt 0.90975600 0.48308500
vt 0.25167500 0.09774800
vt 0.40405600 0.53498400
vt 0.43054800 0.39699900
vt 0.53704900 0.36054500
vt 0.62933400 0.04947500
vt 0.29486500 0.39034500
vt 0.23921700 0.87478900
vt 0.87287100 0.26970900
vt 0.67632700 0.25534800
vt 0.67933300 0.25871900
vt 0.45228000 0.27922300
vt 0.89411500 0.42029600
vt 0.52896500 0.13957300
vt 0.50692800 0.47032900
vt 0.52328400 0.36217700
vt 0.40035800 0.38599800
vt 0.29741800 0.50972500
vt 0.39412800 0.37496300
vt 0.66879100 0.08716100
vt 0.27418100 0.91769100
vt 0.37386500 0.68167400
vt 0.53152500 0.76905400
vt 0.31350300 0.48215100
vt 0.12111300 0.82770300
vt 0.13468400 0.50476400
vt 0.43081300 0.37245000
vt 0.20531300 0.23711600
vt 0.35869600 0.60780700
vt 0.11228400 0.50443000
vt 0.17621100 0.61162000
vt 0.14931600 0.60896700
vt 0.13188200 0.29477200
vt 0.58242700 0.52909900
vt 0.92945100 0.17804000
vt 0.74090500 0.93369600
vt 0.58574500 0.49893800
vt 0.55570500 0.18955700
vt 0.35969900 0.64467700
vt 0.16800700 0.61272300
vt 0.39210300 0.39184700
vt 0.43482300 0.56400800
vt 0.05868300 0.68790800
vt 0.32459600 0.48204300
vt 0.24658200 0.70919400
vt 0.12078500 0.59614400
vt 0.56064800 0.64956100
vt 0.74481400 0.87029800
vt 0.89110500 0.35391800
vt 0.15700200 0.11572500
vt 0.04002000 0.70681300
vt 0.61857600 0.87714400
vt 0.22396400 0.12770900
vt 0.62772300 0.04886000
vt 0.25833500 0.94636600
vt 0.85775200 0.66225500
vt 0.66513800 0.65823900
vt 0.54785800 0.70955800
vt 0.44760500 0.31492900
vt 0.15352400 0.21146300
vt 0.69066600 0.80286300
vt 0.59624800 0.21992900
vt 0.15780700 0.64575000
vt 0.51162700 0.18286200
vt 0.53992400 0.32897900
vt 0.18259600 0.26628200
vt 0.57073100 0.13064400
vt 0.55616700 0.37333900
vt 0.41967300 0.10267500
vt 0.58553400 0.16056800
vt 0.21013700 0.13433100
vt 0.58570800 0.58908600
vt 0.41715500 0.34808800
vt 0.45599000 0.54744200
vt 0.62454600 0.70782600
vt 0.22993500 0.29702700
vt 0.35368300 0.49206500
vt 0.60129500 0.49866600
vt 0.53667200 0.40005500
vt 0.13770500 0.35467800
vt 0.14697400 0.82245600
vt 0.31981400 0.38992500
vt 0.32600000 0.38117200
vt 0.63204300 0.21728300
vt 0.56375700 0.79935700
vt 0.34405700 0.04903800
vt 0.20269200 0.29625000
vt 0.53478200 0.85438300
vt 0.50904600 0.74039600
vt 0.78816400 0.45332400
vt 0.71225400 0.90460500
vt 0.58274600 0.43860900
vt 0.50942400 0.82769900
vt 0.60175400 0.10118600
vt 0.59363200 0.37470800
vt 0.19949500 0.35598900
vt 0.14435100 0.59650300
vt 0.92379100 0.65427100
vt 0.69693700 0.09699700
vt 0.30232700 0.90785500
vt 0.13219600 0.32464300
vt 0.11159000 0.38427900
vt 0.58898000 0.64899100
vt 0.12175800 0.86981000
vt 0.12193400 0.81436700
vt 0.02412200 0.72219500
vt 0.52808600 0.13335500
vt 0.66954800 0.05951200
vt 0.34752100 0.81713000
vt 0.27493800 0.94533900
vt 0.74213200 0.18772200
vt 0.10854300 0.83451100
vt 0.11502200 0.84584100
vt 0.16088700 0.86977400
vt 0.59247900 0.43856200
vt 0.27012300 0.35587000
vt 0.60281000 0.61871400
vt 0.55607000 0.38697000
vt 0.58934900 0.82841200
vt 0.09614100 0.68018200
vt 0.34667500 0.51008200
vt 0.96863400 0.69295900
vt 0.32327700 0.59789100
vt 0.51686100 0.12426800
vt 0.42942800 0.29761800
vt 0.69211300 0.83799200
vt 0.12048500 0.38434300
vt 0.26787000 0.37730200
vt 0.18407300 0.47568100
vt 0.16479100 0.67502900
vt 0.66079700 0.07417500
vt 0.56363300 0.79321400
vt 0.48993200 0.27485900
vt 0.09532100 0.72999400
vt 0.34283500 0.56603600
vt 0.12838300 0.53478900
vt 0.56534000 0.16260400
vt 0.40076800 0.45883500
vt 0.69843600 0.24244100
vt 0.26494000 0.08711900
vt 0.58210300 0.29641700
vt 0.15538900 0.19884800
vt 0.50638900 0.59054900
vt 0.71488500 0.21025200
vt 0.52273900 0.12234500
vt 0.59741300 0.52877800
vt 0.59994200 0.31026300
vt 0.30985100 0.45251900
vt 0.21368000 0.38624900
vt 0.40707900 0.53404800
vt 0.12563000 0.32448300
vt 0.20118800 0.41600300
vt 0.33738100 0.40580900
vt 0.23472500 0.95537700
vt 0.21387300 0.59667500
vt 0.60848300 0.40817800
vt 0.18692500 0.16951900
vt 0.58153600 0.83533300
vt 0.23525900 0.78562900
vt 0.24601800 0.85642400
vt 0.70243300 0.21561200
vt 0.28472200 0.74613400
vt 0.44160200 0.69422100
vt 0.40914300 0.69027900
vt 0.59268600 0.32517000
vt 0.61250700 0.17500000
vt 0.13435500 0.86528100
vt 0.54435200 0.90787700
vt 0.14974100 0.09697500
vt 0.11231700 0.53452300
vt 0.54468200 0.32146100
vt 0.53750300 0.79850500
vt 0.19614400 0.41589800
vt 0.58690600 0.12365400
vt 0.11568100 0.64077600
vt 0.13691400 0.23579800
vt 0.32192700 0.65109300
vt 0.55877000 0.55962000
vt 0.14551500 0.69383200
vt 0.92469700 0.69251500
vt 0.18304400 0.88455900
vt 0.18896700 0.80068600
vt 0.84931600 0.90820700
vt 0.61064000 0.76782500
vt 0.87120500 0.28158600
vt 0.36331500 0.43797700
vt 0.37030800 0.50121900
vt 0.30285900 0.59428900
vt 0.34861900 0.43882400
vt 0.28832800 0.11871600
vt 0.18781700 0.47575400
vt 0.53603700 0.79674100
vt 0.15706400 0.69798300
vt 0.16071600 0.68659200
vt 0.89963800 0.20495900
vt 0.81967000 0.16551000
vt 0.74835300 0.59292500
vt 0.30431400 0.86434200
vt 0.36893800 0.65290600
vt 0.56385800 0.80439400
vt 0.61689400 0.17933900
vt 0.41223100 0.57249400
vt 0.30640600 0.50564900
vt 0.50661600 0.43998700
vt 0.54590400 0.38360400
vt 0.16234200 0.12946600
vt 0.55695300 0.87538700
vt 0.51116900 0.30347500
vt 0.55358000 0.36347000
vt 0.52263500 0.82596900
vt 0.52451200 0.30808900
vt 0.15365600 0.20944700
vt 0.61584600 0.76788200
vt 0.30669200 0.48653800
vt 0.12025300 0.26465200
vt 0.12856300 0.56527100
vt 0.46810000 0.07019500
vt 0.61467600 0.33243500
vt 0.50588800 0.71054200
vt 0.05780500 0.67903600
vt 0.45241600 0.32581700
vt 0.66934500 0.06263500
vt 0.27473500 0.94221700
vt 0.05896300 0.74772700
vt 0.14695100 0.81597700
vt 0.12600100 0.35444200
vt 0.13529900 0.56545700
vt 0.70801700 0.87276800
vt 0.20970700 0.50635700
vt 0.19278200 0.47588100
vt 0.46269100 0.27066800
vt 0.78104300 0.58544300
vt 0.97057900 0.43617100
vt 0.56385200 0.34243300
vt 0.72881800 0.15022000
vt 0.42290600 0.63859700
vt 0.13257800 0.35459100
vt 0.14017100 0.15047000
vt 0.11143400 0.26442500
vt 0.54862700 0.52978500
vt 0.84774500 0.76760100
vt 0.26521600 0.83004900
vt 0.04805300 0.73836100
vt 0.51660900 0.12992100
vt 0.42582700 0.28831200
vt 0.20026800 0.90715000
vt 0.71882200 0.18026700
vt 0.11769200 0.17740900
vt 0.23311400 0.95599200
vt 0.28508200 0.87501000
vt 0.72116600 0.23354900
vt 0.32655500 0.77130400
vt 0.53089800 0.89071300
vt 0.74170100 0.09217100
vt 0.19436900 0.35586200
vt 0.14510100 0.17604400
vt 0.54947600 0.40823400
vt 0.57684100 0.11928500
vt 0.58433800 0.20511400
vt 0.57403500 0.31700600
vt 0.28959000 0.65331400
vt 0.50658000 0.56051900
vt 0.86942600 0.16467300
vt 0.16146000 0.61788300
vt 0.74521500 0.10723700
vt 0.29399600 0.61792200
vt 0.34923400 0.50794800
vt 0.03481700 0.70723500
vt 0.12225100 0.88058600
vt 0.56774800 0.10870500
vt 0.58269200 0.22006500
vt 0.97932500 0.69375700
vt 0.78121400 0.83873900
vt 0.32695300 0.59401400
vt 0.62295600 0.67787700
vt 0.22834500 0.32697600
vt 0.58716900 0.39526500
vt 0.59933500 0.64876100
vt 0.40202800 0.36520500
vt 0.16902200 0.21163900
vt 0.59966100 0.46863200
vt 0.04301100 0.69418400
vt 0.34524200 0.56382800
vt 0.41224500 0.45248700
vt 0.35159000 0.55235200
vt 0.37386100 0.08385400
vt 0.11177800 0.41430300
vt 0.18955700 0.53601300
vt 0.29890100 0.44429100
vt 0.53221900 0.80138900
vt 0.57882600 0.35753700
vt 0.14131600 0.32483400
vt 0.29153900 0.35995900
vt 0.39826800 0.62721500
vt 0.24995700 0.94969500
vt 0.56371500 0.12588200
vt 0.56811600 0.20103100
vt 0.12641000 0.38443500
vt 0.20104300 0.50608800
vt 0.30700800 0.78737800
vt 0.13566600 0.59648100
vt 0.18703500 0.59677200
vt 0.45601800 0.32230000
vt 0.31984600 0.81323500
vt 0.13299400 0.38457800
vt 0.14289200 0.20634700
vt 0.04378700 0.69238900
vt 0.93287500 0.41331300
vt 0.61126600 0.80433700
vt 0.16415900 0.44523200
vt 0.32106200 0.47696500
vt 0.67437800 0.91125700
vt 0.85896300 0.90969000
vt 0.19675400 0.59667800
vt 0.53865900 0.36642500
vt 0.92865500 0.79852300
vt 0.81734800 0.52278800
vt 0.37326600 0.49894500
vt 0.30513200 0.59133100
vt 0.54158500 0.18239700
vt 0.33832000 0.82364900
vt 0.32045000 0.88546800
vt 0.12878100 0.59631400
vt 0.11507400 0.56497100
vt 0.49643800 0.41022800
vt 0.10182700 0.59462500
vt 0.39525700 0.38411100
vt 0.57463000 0.38952600
vt 0.74254700 0.83808300
vt 0.85834500 0.36038500
vt 0.42611000 0.57042200
vt 0.56431600 0.82814600
vt 0.16970500 0.17670600
vt 0.24522900 0.79734000
vt 0.14434100 0.20458700
vt 0.81085400 0.90559900
vt 0.62350000 0.31688000
vt 0.19813400 0.80275900
vt 0.15378700 0.20743400
vt 0.32542400 0.81524300
vt 0.38965900 0.41049800
vt 0.23862900 0.71151500
vt 0.22421500 0.23704800
vt 0.31754000 0.65790500
vt 0.19763900 0.47597800
vt 0.43989300 0.55730900
vt 0.13657100 0.84791700
vt 0.89988400 0.77021800
vt 0.47368100 0.06248200
vt 0.21709300 0.67388900
vt 0.11127700 0.29431000
vt 0.52982500 0.14609100
vt 0.92576200 0.73038800
vt 0.54781700 0.73918200
vt 0.35190200 0.39175100
vt 0.13974900 0.66324200
vt 0.20644600 0.32617800
vt 0.20836100 0.93942000
vt 0.60297000 0.06543300
vt 0.34271700 0.67241300
vt 0.32241400 0.42211800
vt 0.54269500 0.37597000
vt 0.11999000 0.61661100
vt 0.21486300 0.26661800
vt 0.44108500 0.11051900
vt 0.40279700 0.70912300
vt 0.25547400 0.40128100
vt 0.12013600 0.29445700
vt 0.85760400 0.76844700
vt 0.66252300 0.76766200
vt 0.75182100 0.12234700
vt 0.35721000 0.88250500
vt 0.34024800 0.61702200
vt 0.57421600 0.43870300
vt 0.50591300 0.68058300
vt 0.70632400 0.20819300
vt 0.30950800 0.89514300
vt 0.13808500 0.11609600
vt 0.73628900 0.09471800
vt 0.89611700 0.31290600
vt 0.57907800 0.79477800
vt 0.15486500 0.59661900
vt 0.69039000 0.76739800
vt 0.61775800 0.73808400
vt 0.12698800 0.13048800
vt 0.45085400 0.31308600
vt 0.36565300 0.69674900
vt 0.26784800 0.43842400
vt 0.73409900 0.09783700
vt 0.29095500 0.64881400
vt 0.11499400 0.44431400
vt 0.34951400 0.09846500
vt 0.60062700 0.88942400
vt 0.43840300 0.37844000
vt 0.42563800 0.52619400
vt 0.35060400 0.89761500
vt 0.59477400 0.23704800
vt 0.12683700 0.41444800
vt 0.73245200 0.15108900
vt 0.43887200 0.56256800
vt 0.74439200 0.13780100
vt 0.34357800 0.03987300
vt 0.89325400 0.61698100
vt 0.41028300 0.45565900
vt 0.34841800 0.55431400
vt 0.32027300 0.79460100
vt 0.49322500 0.29415000
vt 0.13760800 0.20346400
vt 0.05874700 0.72424800
vt 0.16910500 0.87897100
vt 0.17350500 0.80382200
vt 0.26045000 0.94887700
vt 0.33727200 0.80827900
vt 0.14067800 0.59644900
vt 0.32884800 0.67227500
vt 0.67895500 0.15950900
vt 0.92317300 0.61599000
vt 0.33353500 0.83869900
vt 0.58992400 0.80361900
vt 0.70038600 0.21923600
vt 0.17103600 0.69074700
vt 0.51399700 0.14480400
vt 0.50950300 0.18382600
vt 0.12676400 0.67195900
vt 0.18581500 0.62085400
vt 0.15464300 0.70584200
vt 0.49159100 0.27745600
vt 0.09698000 0.72739700
vt 0.32711200 0.64353500
vt 0.58472500 0.89991800
vt 0.54796500 0.38852200
vt 0.87876900 0.31962100
vt 0.82690700 0.52548400
vt 0.93917000 0.80000800
vt 0.47604400 0.10765000
vt 0.92080200 0.39153200
vt 0.50795900 0.80688000
vt 0.62126700 0.64791400
vt 0.22665600 0.35693900
vt 0.73313000 0.08711000
vt 0.41996600 0.56933900
vt 0.59821200 0.43854400
vt 0.59353400 0.73837000
vt 0.44266400 0.26649200
vt 0.19312800 0.12845100
vt 0.74000500 0.55648200
vt 0.82288200 0.90660300
vt 0.22888900 0.68797300
vt 0.22605800 0.68992200
vt 0.23709200 0.95795000
vt 0.32278000 0.78193500
vt 0.40034700 0.65678800
vt 0.05238900 0.73251700
vt 0.73480200 0.66295400
vt 0.53657000 0.62010800
vt 0.39358000 0.57493700
vt 0.44781900 0.53169300
vt 0.43290300 0.35625800
vt 0.54848600 0.55983600
vt 0.51304800 0.18597500
vt 0.60418800 0.73825900
vt 0.57984100 0.28404700
vt 0.51636800 0.13504400
vt 0.51654500 0.19048700
vt 0.41873300 0.28265800
vt 0.18297700 0.12151200
vt 0.19274000 0.38580200
vt 0.51032500 0.16695700
vt 0.05428400 0.70451400
vt 0.13732300 0.83969000
vt 0.27323900 0.36479200
vt 0.13521500 0.85876300
vt 0.15320700 0.26567000
vt 0.60919200 0.34505900
vt 0.16523500 0.71323500
vt 0.35823400 0.67002000
vt 0.43794300 0.05658800
vt 0.13172600 0.23559000
vt 0.36670600 0.48080100
vt 0.58859100 0.79925600
vt 0.60642400 0.82472000
vt 0.56905400 0.55940800
vt 0.20018600 0.13885400
vt 0.51470500 0.32342400
vt 0.36915800 0.43093300
vt 0.48701300 0.34969500
vt 0.64113400 0.20603600
vt 0.73181600 0.73453800
vt 0.08628500 0.74593500
vt 0.13924700 0.88904700
vt 0.48089600 0.25891800
vt 0.53385600 0.11580700
vt 0.06715400 0.73557900
vt 0.57711300 0.49912400
vt 0.95317000 0.40652900
vt 0.03934200 0.69167400
vt 0.43395300 0.31317900
vt 0.32216100 0.80728900
vt 0.43607600 0.40183900
vt 0.40223800 0.52852000
vt 0.56620300 0.38372500
vt 0.17960600 0.56615000
vt 0.11432100 0.32426100
vt 0.21467800 0.82071200
vt 0.59071000 0.80899700
vt 0.73280900 0.19363100
vt 0.65736900 0.05689300
vt 0.45331700 0.31266300
vt 0.83654300 0.22955800
vt 0.38473000 0.38591400
vt 0.36295200 0.37905300
vt 0.42502400 0.60164500
vt 0.54947400 0.39210400
vt 0.57546100 0.29768200
vt 0.71445800 0.19161700
vt 0.34618100 0.40236000
vt 0.22314700 0.26676900
vt 0.05624300 0.69176700
vt 0.66302900 0.08773700
vt 0.43074900 0.55018000
vt 0.11345900 0.82413300
vt 0.11858000 0.85671400
vt 0.20413900 0.11730800
vt 0.18368000 0.76535600
vt 0.57829100 0.23949600
vt 0.57765400 0.12029400
vt 0.58357800 0.20416700
vt 0.55606100 0.40108400
vt 0.44921800 0.68968600
vt 0.74865700 0.15388300
vt 0.35404600 0.85096800
vt 0.56869100 0.28241900
vt 0.17408000 0.72243400
vt 0.96639300 0.57907200
vt 0.13825100 0.16342000
vt 0.51585100 0.47020000
vt 0.59533400 0.36531100
vt 0.54909100 0.43902300
vt 0.34978100 0.86705100
vt 0.87142600 0.30248200
vt 0.50200500 0.34162100
vt 0.04601400 0.71520000
vt 0.31138400 0.78764600
vt 0.87949200 0.27694000
vt 0.41154600 0.44206000
vt 0.39502200 0.54799800
vt 0.39443500 0.53132100
vt 0.43327600 0.40964200
vt 0.64766900 0.30154100
vt 0.25305800 0.70331200
vt 0.15559800 0.18895900
vt 0.15359400 0.38499400
vt 0.96594900 0.50514900
vt 0.32318200 0.61588800
vt 0.58952600 0.73841000
vt 0.03263700 0.69697800
vt 0.42724800 0.30787500
vt 0.24867100 0.95016300
vt 0.90422500 0.21239300
vt 0.68847500 0.36623700
vt 0.23548600 0.95856300
vt 0.32253900 0.77975800
vt 0.20779000 0.64780400
vt 0.84588400 0.29441600
vt 0.15392200 0.82936600
vt 0.59274400 0.20209400
vt 0.13680600 0.19618100
vt 0.12200600 0.19865800
vt 0.57672600 0.40817700
vt 0.12787300 0.87659800
vt 0.59243800 0.61892000
vt 0.93704600 0.61737300
vt 0.19531300 0.20123400
vt 0.11489200 0.82102800
vt 0.11938700 0.86005000
vt 0.44638800 0.31412000
vt 0.87623900 0.22366100
vt 0.17128100 0.10857300
vt 0.52194500 0.31889700
vt 0.12717400 0.65574400
vt 0.06933100 0.73314700
vt 0.06214800 0.68659200
vt 0.32864500 0.47143900
vt 0.58011100 0.39804400
vt 0.14023000 0.56554500
vt 0.19011400 0.10493500
vt 0.82465400 0.35342200
vt 0.74138100 0.80505100
vt 0.15335400 0.61633100
vt 0.73205800 0.13661300
vt 0.63344600 0.21476500
vt 0.73178800 0.18331400
vt 0.38120600 0.38449300
vt 0.11630100 0.19813500
vt 0.81823300 0.27043900
vt 0.20296500 0.38603800
vt 0.56410800 0.81698900
vt 0.20663300 0.56643500
vt 0.39799700 0.37660900
vt 0.19892300 0.26648300
vt 0.59487800 0.09770300
vt 0.52532800 0.37493800
vt 0.74978400 0.55762900
vt 0.85249000 0.13710800
vt 0.81636200 0.43458600
vt 0.03115900 0.72724400
vt 0.12678900 0.81521700
vt 0.65933000 0.18373500
vt 0.15478800 0.66742600
vt 0.14195900 0.38474400
vt 0.74475300 0.66438800
vt 0.77782100 0.23074600
vt 0.69964500 0.10260000
vt 0.18523000 0.72080500
vt 0.39376500 0.40224800
vt 0.55373100 0.88372300
vt 0.16728400 0.29560400
vt 0.32714000 0.10280100
vt 0.19742000 0.80459600
vt 0.51528600 0.59049400
vt 0.53886700 0.82275500
vt 0.45429500 0.25816700
vt 0.31128300 0.51448700
vt 0.13800100 0.82879800
vt 0.59650400 0.21824300
vt 0.58906900 0.55897300
vt 0.20188600 0.19764000
vt 0.21146600 0.66090600
vt 0.21458100 0.65979400
vt 0.59467400 0.20851700
vt 0.43650800 0.54280900
vt 0.57529100 0.39997000
vt 0.29936000 0.85855200
vt 0.19398000 0.20559700
vt 0.37058200 0.47712500
vt 0.42819100 0.71059900
vt 0.25399800 0.37588600
vt 0.84933000 0.59039200
vt 0.37314500 0.59543900
vt 0.09543200 0.65690400
vt 0.84564600 0.94499700
vt 0.73955800 0.52145800
vt 0.64958100 0.19685700
vt 0.18250200 0.50572900
vt 0.69288700 0.23613900
vt 0.54788700 0.76845800
vt 0.36608200 0.41835000
vt 0.20573600 0.13637600
vt 0.53455600 0.46979100
vt 0.61952900 0.61794400
vt 0.22491800 0.38690900
vt 0.43694800 0.39834700
vt 0.40573000 0.52764800
vt 0.34709500 0.60984300
vt 0.64456600 0.05515600
vt 0.37292500 0.37418600
vt 0.42989200 0.59167100
vt 0.59718400 0.40827400
vt 0.80763700 0.80199000
vt 0.34167800 0.91013300
vt 0.41816400 0.57986700
vt 0.15486300 0.61274900
vt 0.54817600 0.89809700
vt 0.10405700 0.53448500
vt 0.49866800 0.47036800
vt 0.51568800 0.43974000
vt 0.20598800 0.63898500
vt 0.26842000 0.91711500
vt 0.33948800 0.90701400
vt 0.56412600 0.38857100
vt 0.16148600 0.62330300
vt 0.28253500 0.62557700
vt 0.33902000 0.52154300
vt 0.43797700 0.28729500
vt 0.57863400 0.80048800
vt 0.55150600 0.35276800
vt 0.43775700 0.37128400
vt 0.43279400 0.52684000
vt 0.06371800 0.74078000
vt 0.57044600 0.58939800
vt 0.49730000 0.09145400
vt 0.93850900 0.37735200
vt 0.60225400 0.37508300
vt 0.36615200 0.49557200
vt 0.14082700 0.87854300
vt 0.06994000 0.74579700
vt 0.62142500 0.11261300
vt 0.84899700 0.83815400
vt 0.33963400 0.58227700
vt 0.53570900 0.86702200
vt 0.31429900 0.05652700
vt 0.97686000 0.57997600
vt 0.77866700 0.73107900
vt 0.15448000 0.56583000
vt 0.55167500 0.30687000
vt 0.55532700 0.31826100
vt 0.36201700 0.55305100
vt 0.03409300 0.71958800
vt 0.41346200 0.43941200
vt 0.18221900 0.69757800
vt 0.58620500 0.40811100
vt 0.97601100 0.50590000
vt 0.77880600 0.65865800
vt 0.73525300 0.10858000
vt 0.21701400 0.13104500
vt 0.21460600 0.13217000
vt 0.44194700 0.31136800
vt 0.58175400 0.89301200
vt 0.15456300 0.66008800
vt 0.18211500 0.59667600
vt 0.19896800 0.20175600
vt 0.11491400 0.23476500
vt 0.59397500 0.46870700
vt 0.60459200 0.64866400
vt 0.33981100 0.81666900
vt 0.26705700 0.94635700
vt 0.84828500 0.80292400
vt 0.05679200 0.68725900
vt 0.66313700 0.06225700
vt 0.58335600 0.14938100
vt 0.33263900 0.63595200
vt 0.57459400 0.67918700
vt 0.59306700 0.18746000
vt 0.21872300 0.29646000
vt 0.40651800 0.04889500
vt 0.12289200 0.17817500
vt 0.57656200 0.88097200
vt 0.55939600 0.58962700
vt 0.41958400 0.58339100
vt 0.37764300 0.67808300
vt 0.42893400 0.63448000
vt 0.33011600 0.37514400
vt 0.59920500 0.55877000
vt 0.44004100 0.30709800
vt 0.73358700 0.86995800
vt 0.37555500 0.55726700
vt 0.54165400 0.85364300
vt 0.14704300 0.15121000
vt 0.16807200 0.59668900
vt 0.42746900 0.56660000
vt 0.53739100 0.33461000
vt 0.05262800 0.69617900
vt 0.61934400 0.80455100
vt 0.72978000 0.08350200
vt 0.57954400 0.31986000
vt 0.34748400 0.63375700
vt 0.29243100 0.48592000
vt 0.80656700 0.69473300
vt 0.30503500 0.90225200
vt 0.71220600 0.22490500
vt 0.52726800 0.80432000
vt 0.12398800 0.82140900
vt 0.40183000 0.57083100
vt 0.77523400 0.45446400
vt 0.35241400 0.20093500
vt 0.30040200 0.38336900
vt 0.48712600 0.37046400
vt 0.09251500 0.63438900
vt 0.43928500 0.69135800
vt 0.26738300 0.34966600
vt 0.45441200 0.69721300
vt 0.31578300 0.51312300
vt 0.96915900 0.76978100
vt 0.59522200 0.88392600
vt 0.51727400 0.30927100
vt 0.51779300 0.30477500
vt 0.28819500 0.61429400
vt 0.35030300 0.51588200
vt 0.54834500 0.58985900
vt 0.18566500 0.44567300
vt 0.19728200 0.12431200
vt 0.61172900 0.67849600
vt 0.61474300 0.67832900
vt 0.08832100 0.72561400
vt 0.29517100 0.41747600
vt 0.39646500 0.58023100
vt 0.74971400 0.52224800
vt 0.85559800 0.94681800
vt 0.68655500 0.94388800
vt 0.89456100 0.11801500
vt 0.56417300 0.15299700
vt 0.21182700 0.67557800
vt 0.30951900 0.75587100
vt 0.70413000 0.24898100
vt 0.15327600 0.23639500
vt 0.10354100 0.41435700
vt 0.49815200 0.59049600
vt 0.70599500 0.21720600
vt 0.52203000 0.11757700
vt 0.12742000 0.88727600
vt 0.51548100 0.56046500
vt 0.73070700 0.76968800
vt 0.13994600 0.53506100
vt 0.89646900 0.49977000
vt 0.25768600 0.07968000
vt 0.60798700 0.70846000
vt 0.19625500 0.69613300
vt 0.14243800 0.64430800
vt 0.36160700 0.44970200
vt 0.46001800 0.31913200
vt 0.54707700 0.15521700
vt 0.54890500 0.46946600
vt 0.44787400 0.30588800
vt 0.21101500 0.86227700
vt 0.23579200 0.93384900
vt 0.15346100 0.35502500
vt 0.58983700 0.82214100
vt 0.26683700 0.94319600
vt 0.53423000 0.50000400
vt 0.43715100 0.54901800
vt 0.60935000 0.10753000
vt 0.30224300 0.52517000
vt 0.86067200 0.23358100
vt 0.71024400 0.41115700
vt 0.28441200 0.62209100
vt 0.34250600 0.51966600
vt 0.17583600 0.41545500
vt 0.20452700 0.63021800
vt 0.94750800 0.37385700
vt 0.79568500 0.50932700
vt 0.90692000 0.80596000
vt 0.50381100 0.08383500
vt 0.30850500 0.59844500
vt 0.22681500 0.89223900
vt 0.42982400 0.28612600
vt 0.36892400 0.49365900
vt 0.85883400 0.83892900
vt 0.66477300 0.84008400
vt 0.34347500 0.57874400
vt 0.14230500 0.41475000
vt 0.24341500 0.87564400
vt 0.19113500 0.50591500
vt 0.96690300 0.61683000
vt 0.36466600 0.55113500
vt 0.50478100 0.40930600
vt 0.50788800 0.40898700
vt 0.72021700 0.20104400
vt 0.11655800 0.70137800
vt 0.17166500 0.65471300
vt 0.33011700 0.60777200
vt 0.25287100 0.80573800
vt 0.55752800 0.49949900
vt 0.57310400 0.40817200
vt 0.12948600 0.70426400
vt 0.52409700 0.30058900
vt 0.26071200 0.94543500
vt 0.52187700 0.56037700
vt 0.79710500 0.44392100
vt 0.77820300 0.44187300
vt 0.53726300 0.56007500
vt 0.11701700 0.82199200
vt 0.87706800 0.31333300
vt 0.87750300 0.31529500
vt 0.51995100 0.76957000
vt 0.85813100 0.80370600
vt 0.66303000 0.80390700
vt 0.62234100 0.33625400
vt 0.22773100 0.66859900
vt 0.10306100 0.29429100
vt 0.49767200 0.71056100
vt 0.53261100 0.17605500
vt 0.26852800 0.94259500
vt 0.18874600 0.85547200
vt 0.51479300 0.68048000
vt 0.33601300 0.46548600
vt 0.89502800 0.69415900
vt 0.40887900 0.04000200
vt 0.73755700 0.90155300
vt 0.82409100 0.30902500
vt 0.16478500 0.41522600
vt 0.54990700 0.89356700
vt 0.70919700 0.23306300
vt 0.73324000 0.69884800
vt 0.90527800 0.29730900
vt 0.73138000 0.35660700
vt 0.69094200 0.73158700
vt 0.31530200 0.39534000
vt 0.14094900 0.87773800
vt 0.06919000 0.74695700
vt 0.61610400 0.82533700
vt 0.25094900 0.95270400
vt 0.32778600 0.79999700
vt 0.22473400 0.20030100
vt 0.69851900 0.90533000
vt 0.33517000 0.92134900
vt 0.18493300 0.68499300
vt 0.87945500 0.18233900
vt 0.81965700 0.69629600
vt 0.13110200 0.10841700
vt 0.52571400 0.89643600
vt 0.26581700 0.35959800
vt 0.74675700 0.08943400
vt 0.35214700 0.91541700
vt 0.58996900 0.79743500
vt 0.14141500 0.70612100
vt 0.53602500 0.29873200
vt 0.53660000 0.30105800
vt 0.53713500 0.30323000
vt 0.37591900 0.03749800
vt 0.89392000 0.65559300
vt 0.58506000 0.64906700
vt 0.59511000 0.85333200
vt 0.19786800 0.56629000
vt 0.27460000 0.43486300
vt 0.28292200 0.43021300
vt 0.20819900 0.38613900
vt 0.58314600 0.30780500
vt 0.57593200 0.70897200
vt 0.10373100 0.44438700
vt 0.49834200 0.56046600
vt 0.59051300 0.49885100
vt 0.97983000 0.77140700
vt 0.78628800 0.90876500
vt 0.51566400 0.53042200
vt 0.96615700 0.54170400
vt 0.44575100 0.31184000
vt 0.29029500 0.61116400
vt 0.35343300 0.51378200
vt 0.28332600 0.40381000
vt 0.56356000 0.10392100
vt 0.18032800 0.78321100
vt 0.57493900 0.22164200
vt 0.16895100 0.90093200
vt 0.92298300 0.57780900
vt 0.22013200 0.32652300
vt 0.44524200 0.56672100
vt 0.39787500 0.35883600
vt 0.46139600 0.29054500
vt 0.16956300 0.85185600
vt 0.89899900 0.14722000
vt 0.70579800 0.93323700
vt 0.81037700 0.24400800
vt 0.66700600 0.62144800
vt 0.85836400 0.62680400
vt 0.65910100 0.09779200
vt 0.58081600 0.49905700
vt 0.27265700 0.37646100
vt 0.41659900 0.40905600
vt 0.20280200 0.47607400
vt 0.29417800 0.35362200
vt 0.45045600 0.67041800
vt 0.70933900 0.20287600
vt 0.64328000 0.05468800
vt 0.35437600 0.60299000
vt 0.70513300 0.21887800
vt 0.60538200 0.76777100
vt 0.06540700 0.68572100
vt 0.15429400 0.53538700
vt 0.22100300 0.72690000
vt 0.54545300 0.14386500
vt 0.19807500 0.67968300
vt 0.52630600 0.73980600
vt 0.36920500 0.59058500
vt 0.52248300 0.12825500
vt 0.38764300 0.56349800
vt 0.56564600 0.31410600
vt 0.58588600 0.87457500
vt 0.61509400 0.31355700
vt 0.13961900 0.50484900
vt 0.54925400 0.29901100
vt 0.21474000 0.89732300
vt 0.47541500 0.26552400
vt 0.30553900 0.52490100
vt 0.41581800 0.58929600
vt 0.43619300 0.36425300
vt 0.43982400 0.52840400
vt 0.62145600 0.25734300
vt 0.32664400 0.66133600
vt 0.31041900 0.59567300
vt 0.77071900 0.43127800
vt 0.38106700 0.20116800
vt 0.19819100 0.74826400
vt 0.24979700 0.85831400
vt 0.52229700 0.53033000
vt 0.16109400 0.81529600
vt 0.45863100 0.31114500
vt 0.97745900 0.61767200
vt 0.77913600 0.76711400
vt 0.61304900 0.64838600
vt 0.11017100 0.59554700
vt 0.51980500 0.74003400
vt 0.43757700 0.38991800
vt 0.41416000 0.52701900
vt 0.52889400 0.53018400
vt 0.23616200 0.68297700
vt 0.63077300 0.32187600
vt 0.34064200 0.89627100
vt 0.12802400 0.17888300
vt 0.51492300 0.65051000
vt 0.16291700 0.50535400
vt 0.17849300 0.59668100
vt 0.20163800 0.78492400
vt 0.14265300 0.44477700
vt 0.61600700 0.55799500
vt 0.22139700 0.44685800
vt 0.57903000 0.79679700
vt 0.19593700 0.70959300
vt 0.56811900 0.39588800
vt 0.71538400 0.18902900
vt 0.19092400 0.84428500
vt 0.41952800 0.61528600
vt 0.34931100 0.38455000
vt 0.42178800 0.36757000
vt 0.21338300 0.93470200
vt 0.33517600 0.42802200
vt 0.74320800 0.70023900
vt 0.77063600 0.26661000
vt 0.42381500 0.57740400
vt 0.92615000 0.46879100
vt 0.83374800 0.30155100
vt 0.83503300 0.30005900
vt 0.53386200 0.53010400
vt 0.72431800 0.17815100
vt 0.40388000 0.70220700
vt 0.29045400 0.52419400
vt 0.27988400 0.67414200
vt 0.35102600 0.88264500
vt 0.10307500 0.32429000
vt 0.49768600 0.68056200
vt 0.68777400 0.23648000
vt 0.36815900 0.44213100
vt 0.64062900 0.14842900
vt 0.44448000 0.69877900
vt 0.19535800 0.20741700
vt 0.86352200 0.26675600
vt 0.52268600 0.50024500
vt 0.41003100 0.56726500
vt 0.36921500 0.68999600
vt 0.56603000 0.90408600
vt 0.53414800 0.80444300
vt 0.59699600 0.35702400
vt 0.18132200 0.29588000
vt 0.56251100 0.73884200
vt 0.82663600 0.28731800
vt 0.83154800 0.28430500
vt 0.21143700 0.10991800
vt 0.60604800 0.89493400
vt 0.52929400 0.50008800
vt 0.42556300 0.53281700
vt 0.58648000 0.23839000
vt 0.97647200 0.54262500
vt 0.77854900 0.69492900
vt 0.59992300 0.76773600
vt 0.38569200 0.38372500
vt 0.93677100 0.57936000
vt 0.46455100 0.25905600
vt 0.53543700 0.12631000
vt 0.96940600 0.73128900
vt 0.38231900 0.46444300
vt 0.20472500 0.35609200
vt 0.52649300 0.71008100
vt 0.17073000 0.84224900
vt 0.40436700 0.57611400
vt 0.25094800 0.93345100
vt 0.37964700 0.41573000
vt 0.16710100 0.86395700
vt 0.26449100 0.90705900
vt 0.18620500 0.50579600
vt 0.18330400 0.18951400
vt 0.53760700 0.53002300
vt 0.31692300 0.64783300
vt 0.84671800 0.27549500
vt 0.10491300 0.71640500
vt 0.49952400 0.28844800
vt 0.84970700 0.55573700
vt 0.53926800 0.88146500
vt 0.24153700 0.95281000
vt 0.93996500 0.76807900
vt 0.42326700 0.28093700
vt 0.06097800 0.69278400
vt 0.43463100 0.29804000
vt 0.60694600 0.29348800
vt 0.33076500 0.81046900
vt 0.65253700 0.27471600
vt 0.33747900 0.60015300
vt 0.30782200 0.78924000
vt 0.60045600 0.39059400
vt 0.62739800 0.23748100
vt 0.21789700 0.82985300
vt 0.18451800 0.21209400
vt 0.20029800 0.79505200
vt 0.52857200 0.12147500
vt 0.09004900 0.72288400
vt 0.21665500 0.20051600
vt 0.20160100 0.16502500
vt 0.19250500 0.79361000
vt 0.17811400 0.89042800
vt 0.54876500 0.49968100
vt 0.72416000 0.16499700
vt 0.14159500 0.87350600
vt 0.06510600 0.75308400
vt 0.80802000 0.43617900
vt 0.03521300 0.71872700
vt 0.51529000 0.76980100
vt 0.15334000 0.32510900
vt 0.57187100 0.32940600
vt 0.22228400 0.82551400
vt 0.21542200 0.35629200
vt 0.21843800 0.35646700
vt 0.40732900 0.42852300
vt 0.56251900 0.40114500
vt 0.32560500 0.80380700
vt 0.42223800 0.42156800
vt 0.43406600 0.12288400
vt 0.43780600 0.38627600
vt 0.41780100 0.52679000
vt 0.44953400 0.31433500
vt 0.31144500 0.21008500
vt 0.80864600 0.45688500
vt 0.29356100 0.49427600
vt 0.84787300 0.66115800
vt 0.59410600 0.64886300
vt 0.11074700 0.61403700
vt 0.67173000 0.11458700
vt 0.71199200 0.19713700
vt 0.44415700 0.53709300
vt 0.57632800 0.28108000
vt 0.52680700 0.68020900
vt 0.54958600 0.40117200
vt 0.36949200 0.57401700
vt 0.17350800 0.60896500
vt 0.40849200 0.36091400
vt 0.20583000 0.20202400
vt 0.53027000 0.86976000
vt 0.19179500 0.82861800
vt 0.61719000 0.34797900
vt 0.22257900 0.65687400
vt 0.34322800 0.45908400
vt 0.13681100 0.62111500
vt 0.06808100 0.73418600
vt 0.37605500 0.62942100
vt 0.51509500 0.62051000
vt 0.08480500 0.65069300
vt 0.47941600 0.35416000
vt 0.58735900 0.43858100
vt 0.88896900 0.30243700
vt 0.89205500 0.30766200
vt 0.38016900 0.55489600
vt 0.13925100 0.47474800
vt 0.18330700 0.18470600
vt 0.18098800 0.53585900
vt 0.32421100 0.82458500
vt 0.63744400 0.05253300
vt 0.60829100 0.61860300
vt 0.61130800 0.61842600
vt 0.52024100 0.68037000
vt 0.52963700 0.46988400
vt 0.37657400 0.38111300
vt 0.36194600 0.59643700
vt 0.12119800 0.50450500
vt 0.92522800 0.50326800
vt 0.41795100 0.59849100
vt 0.63040100 0.07100300
vt 0.50996000 0.47031800
vt 0.14318900 0.20017600
vt 0.59075400 0.58895500
vt 0.60269900 0.70852600
vt 0.17137000 0.10354100
vt 0.88160900 0.28651200
vt 0.41557900 0.36692700
vt 0.54326500 0.87713700
vt 0.19186900 0.76646300
vt 0.44545600 0.54290900
vt 0.40026800 0.68127100
vt 0.27454300 0.36042600
vt 0.34748100 0.85202800
vt 0.13716000 0.60672500
vt 0.17906300 0.71658100
vt 0.86032700 0.32574200
vt 0.98017400 0.73228200
vt 0.78309000 0.87412500
vt 0.38585300 0.46060200
vt 0.56789700 0.32483800
vt 0.78847300 0.44329500
vt 0.73853100 0.59149100
vt 0.42761700 0.69193900
vt 0.28527000 0.50593200
vt 0.29814600 0.67932600
vt 0.71506000 0.11938300
vt 0.41721900 0.44583500
vt 0.35824300 0.54737700
vt 0.59774800 0.85345600
vt 0.35978700 0.66569600
vt 0.59072800 0.76773900
vt 0.67447100 0.54636100
vt 0.85940900 0.55656800
vt 0.31072100 0.10732500
vt 0.47219200 0.26206300
vt 0.53473000 0.12162200
vt 0.15502400 0.67356400
vt 0.35682400 0.47396000
vt 0.20269300 0.61446500
vt 0.43864300 0.30449800
vt 0.74576700 0.17032000
vt 0.35115600 0.83453200
vt 0.73785600 0.16873100
vt 0.13396300 0.88337900
vt 0.53793600 0.49992000
vt 0.28173800 0.87380500
vt 0.15415400 0.50517200
vt 0.17347700 0.63968300
vt 0.52061100 0.65041100
vt 0.36013900 0.50814400
vt 0.29593400 0.60445800
vt 0.96137000 0.43695900
vt 0.84818600 0.52112400
vt 0.96496900 0.81058300
vt 0.38343700 0.47969000
vt 0.66146200 0.08858400
vt 0.85735200 0.73311800
vt 0.66286200 0.73132400
vt 0.52718900 0.65026200
vt 0.18575700 0.72931900
vt 0.46380100 0.25789600
vt 0.53555900 0.12711600
vt 0.30176400 0.65008300
vt 0.16790800 0.60370800
vt 0.33818700 0.20317400
vt 0.78539600 0.46132500
vt 0.42377500 0.41873500
vt 0.05492400 0.69051800
vt 0.64555800 0.05214700
vt 0.72239700 0.20485500
vt 0.51230300 0.82744300
vt 0.53607500 0.88499200
vt 0.58722900 0.09397100
vt 0.53196800 0.68011300
vt 0.27712000 0.89026500
vt 0.70411800 0.10970900
vt 0.11843800 0.81887800
vt 0.20957700 0.26659300
vt 0.15497500 0.60368000
vt 0.53971200 0.82880900
vt 0.37500000 0.04647300
vt 0.29924800 0.49117200
vt 0.49522800 0.36737900
vt 0.44316300 0.55610500
vt 0.04727300 0.69538400
vt 0.73034200 0.80396500
vt 0.14263200 0.19478000
vt 0.31219400 0.04716200
vt 0.89303800 0.57832600
vt 0.21181300 0.18013200
vt 0.46545400 0.31855200
vt 0.38196000 0.64218300
vt 0.12009400 0.68142900
vt 0.42738900 0.70378500
vt 0.26459400 0.81801500
vt 0.39023200 0.37312400
vt 0.73401200 0.40657100
vt 0.86406100 0.25453800
vt 0.84242600 0.24612300
vt 0.66015400 0.27664200
vt 0.64289800 0.07066600
vt 0.50941300 0.59057000
vt 0.20596900 0.66188800
vt 0.80935000 0.58716900
vt 0.52596300 0.87200500
vt 0.21669800 0.38642700
vt 0.32582100 0.40485200
vt 0.31171300 0.79665900
vt 0.42296400 0.58802300
vt 0.58573200 0.09327400
vt 0.54790500 0.16394700
vt 0.19609900 0.19585500
vt 0.53027600 0.40837200
vt 0.60633300 0.67858800
vt 0.58164500 0.40808000
vt 0.60954800 0.58845600
vt 0.69202200 0.69550100
vt 0.56141600 0.33550900
vt 0.13325700 0.68930800
vt 0.40109800 0.41643500
vt 0.41807900 0.56423900
vt 0.56566800 0.88315100
vt 0.42911400 0.57046900
vt 0.52760400 0.62027400
vt 0.96768700 0.65480800
vt 0.47712400 0.33547900
vt 0.07602600 0.70349500
vt 0.59490900 0.20980100
vt 0.03556100 0.69475300
vt 0.43017200 0.31010000
vt 0.43162700 0.53378400
vt 0.60100900 0.58874800
vt 0.33784200 0.85376300
vt 0.21583100 0.62857800
vt 0.61044100 0.37627500
vt 0.12124100 0.53465300
vt 0.20072300 0.63954200
vt 0.19146800 0.68149200
vt 0.34095200 0.86807500
vt 0.70898500 0.21236600
vt 0.36128800 0.54545000
vt 0.41914600 0.44279000
vt 0.73659600 0.62709500
vt 0.50968500 0.43988200
vt 0.52069800 0.85583000
vt 0.32203500 0.64000000
vt 0.60413000 0.85377900
vt 0.19611700 0.23711400
vt 0.02865600 0.72391600
vt 0.16603700 0.35529100
vt 0.07758100 0.74279000
vt 0.14012000 0.88323100
vt 0.59211600 0.70870500
vt 0.27827900 0.40945200
vt 0.45306500 0.09288900
vt 0.04403200 0.70035500
vt 0.15324700 0.29529500
vt 0.34521200 0.59276200
vt 0.30780900 0.40373100
vt 0.05299400 0.68992400
vt 0.28434400 0.84534400
vt 0.05729400 0.68397300
vt 0.34324500 0.83612100
vt 0.43381900 0.29620200
vt 0.30577500 0.78561700
vt 0.38479000 0.41903800
vt 0.53552000 0.76888300
vt 0.84592900 0.31195900
vt 0.14531300 0.67587400
vt 0.17612100 0.87420900
vt 0.14332600 0.50493300
vt 0.61170400 0.33096400
vt 0.50890100 0.71053700
vt 0.47715600 0.30881400
vt 0.19109800 0.41576700
vt 0.58640500 0.17623500
vt 0.53436000 0.34161100
vt 0.44551600 0.54666000
vt 0.17950300 0.12968500
vt 0.57411400 0.87516700
vt 0.36319200 0.50580200
vt 0.29827600 0.60140500
vt 0.14206100 0.60479700
vt 0.97601500 0.81262500
vt 0.85825000 0.52159200
vt 0.68687700 0.50788500
vt 0.79306000 0.94130700
vt 0.32438700 0.58115900
vt 0.84307200 0.31704300
vt 0.38531500 0.47698700
vt 0.96481800 0.46991700
vt 0.28672500 0.49776000
vt 0.28669100 0.50053300
vt 0.30354500 0.67790600
vt 0.30631800 0.67787200
vt 0.16914600 0.20549500
vt 0.59472800 0.76774400
vt 0.80082700 0.41672700
vt 0.42127600 0.21419000
vt 0.81751000 0.41086300
vt 0.11481300 0.17715400
vt 0.44647400 0.31006000
vt 0.23284600 0.20026000
vt 0.62745700 0.80459200
vt 0.19261900 0.91088100
vt 0.33492700 0.92754700
vt 0.72953700 0.07730400
vt 0.92349700 0.53990300
vt 0.28499000 0.48631900
vt 0.31775900 0.67960600
vt 0.53269600 0.88875700
vt 0.15912000 0.12113000
vt 0.82867600 0.30546700
vt 0.55814600 0.52958500
vt 0.12067600 0.41435900
vt 0.14425600 0.18209700
vt 0.11571400 0.83789700
vt 0.10369300 0.63861900
vt 0.10061700 0.63747400
vt 0.52159900 0.87436500
vt 0.51924700 0.87559700
vt 0.16578000 0.82203600
vt 0.44820800 0.69447300
vt 0.50960500 0.56053900
vt 0.70238600 0.55210400
vt 0.26494200 0.82576600
vt 0.12318200 0.70007800
vt 0.59537100 0.80010000
vt 0.26618800 0.93067700
vt 0.43095400 0.57436400
vt 0.24652300 0.79881600
vt 0.26328200 0.73054900
vt 0.26554300 0.72821100
vt 0.30382500 0.76241100
vt 0.56585100 0.17552700
vt 0.18749300 0.70843600
vt 0.44062500 0.28965300
vt 0.30601700 0.10602600
vt 0.12812900 0.88250900
vt 0.82217200 0.58936600
vt 0.63614600 0.05204200
vt 0.35155900 0.65474500
vt 0.53823700 0.46970300
vt 0.72537600 0.19438300
vt 0.13735700 0.32474000
vt 0.36444300 0.46659800
vt 0.54505200 0.87522400
vt 0.21191900 0.41621800
vt 0.21493700 0.41639700
vt 0.61813500 0.11339700
vt 0.59864100 0.12761000
vt 0.57653400 0.82324500
vt 0.70516500 0.69749200
vt 0.17105700 0.12170100
vt 0.12107700 0.56511300
vt 0.40289600 0.37826800
vt 0.08512300 0.67168700
vt 0.19229600 0.88119900
vt 0.97831000 0.65559700
vt 0.77996500 0.80301900
vt 0.52137500 0.33289400
vt 0.51690700 0.12320800
vt 0.42998600 0.29946800
vt 0.58042500 0.38399900
vt 0.12783800 0.87578400
vt 0.12092100 0.14831800
vt 0.57176500 0.40140400
vt 0.29622700 0.53059500
vt 0.27183200 0.66127700
vt 0.27348300 0.66837000
vt 0.30332000 0.53224600
vt 0.57272300 0.11442500
vt 0.58711500 0.21124300
vt 0.53167800 0.70996700
vt 0.71827900 0.93146000
vt 0.90391400 0.16210400
vt 0.42962400 0.36619200
vt 0.84751900 0.69669800
vt 0.53620500 0.13134800
vt 0.45971700 0.25176900
vt 0.36610000 0.60128100
vt 0.36525300 0.61597800
vt 0.18488500 0.74862400
vt 0.57949500 0.25622900
vt 0.56766500 0.52939100
vt 0.80659600 0.73060100
vt 0.14142600 0.20811100
vt 0.61712800 0.85504100
vt 0.73424500 0.08375600
vt 0.11200500 0.56486600
vt 0.79486400 0.19725800
vt 0.74650800 0.62857300
vt 0.33240100 0.47641200
vt 0.19159400 0.59674200
vt 0.58774000 0.87640100
vt 0.11255000 0.69212800
vt 0.62066900 0.31493100
vt 0.19750500 0.29614700
vt 0.71739100 0.22291700
vt 0.63170100 0.04690200
vt 0.93707600 0.54172900
vt 0.12990100 0.69676400
vt 0.78315100 0.42757500
vt 0.38503900 0.57980600
vt 0.20998200 0.35618800
vt 0.28013300 0.38828800
vt 0.14090900 0.23596900
vt 0.60778400 0.55847900
vt 0.40573700 0.55586300
vt 0.39057900 0.43458500
vt 0.57758800 0.88334100
vt 0.22006500 0.67241800
vt 0.79021700 0.42416000
vt 0.55606000 0.39081000
vt 0.69397000 0.14630000
vt 0.72463500 0.39169300
vt 0.87944700 0.25939700
vt 0.23883500 0.79008800
vt 0.32048700 0.76547000
vt 0.71509900 0.23938200
vt 0.65920500 0.18683700
vt 0.97449500 0.47016800
vt 0.77953100 0.62221700
vt 0.20459400 0.44608300
vt 0.18316500 0.19940300
vt 0.08772600 0.71442700
vt 0.40970100 0.42390900
vt 0.15401600 0.47506800
vt 0.37425800 0.42393600
vt 0.30595000 0.64143100
vt 0.05186300 0.69479300
vt 0.26472000 0.82111700
vt 0.50893200 0.68059200
vt 0.13350500 0.87224500
vt 0.51896800 0.19005000
vt 0.42224900 0.28011600
vt 0.13628700 0.11414000
vt 0.26047000 0.35500200
vt 0.44907600 0.70412600
vt 0.58661900 0.67896000
vt 0.34709100 0.91268100
vt 0.14252400 0.70162300
vt 0.44617800 0.27123200
vt 0.38281700 0.39000800
vt 0.52691800 0.32741000
vt 0.05968400 0.74668600
vt 0.19357200 0.15191200
vt 0.58818300 0.85294100
vt 0.61476000 0.73821100
vt 0.12463600 0.12925600
vt 0.17942400 0.68784700
vt 0.20189400 0.78661000
vt 0.11196900 0.44433400
vt 0.59875000 0.88754400
vt 0.20006300 0.79633600
vt 0.71470000 0.55513200
vt 0.73828100 0.10805700
vt 0.20061000 0.12092700
vt 0.42168700 0.35862200
vt 0.29612900 0.61536300
vt 0.18808200 0.78478800
vt 0.17313900 0.89614800
vt 0.73451600 0.12178800
vt 0.20076000 0.20475300
vt 0.42677500 0.69672700
vt 0.53286200 0.84143300
vt 0.39073500 0.68986600
vt 0.56358700 0.79098200
vt 0.25497000 0.80799500
vt 0.55640400 0.43890900
vt 0.77647700 0.30264400
vt 0.74195600 0.73590600
vt 0.36103000 0.56587500
vt 0.42700500 0.08470000
vt 0.70695700 0.21570100
vt 0.13342400 0.41458900
vt 0.53550500 0.73953500
vt 0.42870400 0.28526500
vt 0.12087000 0.44438700
vt 0.48958300 0.29712400
vt 0.55020900 0.81589400
vt 0.28821800 0.36704300
vt 0.44411800 0.67305800
vt 0.50675800 0.53047900
vt 0.60553000 0.35780900
vt 0.71265300 0.22284800
vt 0.15044000 0.12962800
vt 0.61176900 0.82488000
vt 0.05326300 0.69896500
vt 0.86131400 0.31681800
vt 0.53141700 0.80867200
vt 0.18192300 0.18160700
vt 0.44284300 0.32071000
vt 0.04823200 0.68414300
vt 0.40527300 0.40737900
vt 0.42580900 0.56170100
vt 0.18666400 0.13490100
vt 0.58127500 0.86995100
vt 0.03537500 0.70538500
vt 0.12229800 0.88164600
vt 0.67100100 0.25560500
vt 0.15382700 0.70785900
vt 0.52178500 0.34910900
vt 0.08780400 0.74321100
vt 0.48241500 0.26164200
vt 0.27235100 0.65786500
vt 0.30673200 0.53172700
vt 0.04336600 0.71755800
vt 0.13706800 0.29488600
vt 0.58365200 0.89747200
vt 0.53852300 0.43922600
vt 0.43788600 0.53497200
vt 0.56311600 0.76807700
vt 0.85740200 0.69771400
vt 0.66377200 0.69485600
vt 0.58885000 0.46877200
vt 0.28651400 0.42643500
vt 0.81967000 0.73203400
vt 0.51091200 0.80671800
vt 0.84958600 0.87327900
vt 0.21982800 0.15026500
vt 0.56495000 0.46916400
vt 0.31451400 0.50231400
vt 0.32766600 0.63219600
vt 0.37537600 0.40386100
vt 0.39462600 0.68631800
vt 0.77875400 0.43405800
vt 0.35319900 0.58595500
vt 0.12726700 0.44447500
vt 0.29770400 0.21419000
vt 0.81550400 0.44677400
vt 0.14129300 0.65305800
vt 0.53161600 0.32304600
vt 0.21015400 0.44619500
vt 0.21317300 0.44637400
vt 0.12534000 0.23528300
vt 0.13385800 0.44461700
vt 0.56039100 0.18281800
vt 0.19845700 0.81739300
vt 0.41232600 0.61269500
vt 0.12018200 0.32437200
vt 0.59649700 0.80721200
vt 0.43993400 0.57478300
vt 0.38981400 0.36414400
vt 0.65955300 0.17908600
vt 0.16144900 0.61404300
vt 0.16400300 0.71534700
vt 0.55861400 0.28950600
vt 0.81230600 0.29110600
vt 0.43264800 0.28318600
vt 0.19210800 0.79497500
vt 0.17887100 0.88952000
vt 0.20162400 0.78858200
vt 0.50603300 0.65058700
vt 0.59873000 0.73829800
vt 0.49004200 0.34794900
vt 0.56367800 0.79544100
vt 0.22149300 0.17951600
vt 0.60034700 0.86847700
vt 0.15576100 0.18415500
vt 0.53149900 0.73966100
vt 0.11130300 0.32427000
vt 0.63382700 0.13006300
vt 0.27037500 0.36247600
vt 0.56947300 0.37624200
vt 0.19200900 0.32589300
vt 0.41407000 0.58177900
vt 0.13230700 0.67744300
vt 0.60971100 0.07007800
vt 0.18446700 0.21007400
vt 0.60059900 0.36586800
vt 0.60369800 0.36644900
vt 0.47063700 0.30135800
vt 0.56617500 0.91217500
vt 0.17156400 0.09267700
vt 0.60603200 0.52849400
vt 0.54057300 0.13772400
vt 0.20601600 0.11542800
vt 0.19590200 0.50600200
vt 0.55609700 0.38155000
vt 0.12960200 0.60966000
vt 0.12105300 0.47443100
vt 0.57322400 0.64930200
vt 0.82234900 0.87324000
vt 0.79762600 0.46221200
vt 0.32441300 0.20639600
vt 0.57126700 0.28542000
vt 0.54392600 0.39588600
vt 0.16179300 0.56594300
vt 0.35682700 0.56875400
vt 0.28355700 0.67702300
vt 0.28757400 0.52052100
vt 0.09861500 0.71070300
vt 0.40058800 0.36925500
vt 0.64119200 0.29565900
vt 0.12639600 0.19919300
vt 0.59573900 0.67876900
vt 0.32450400 0.81277800
vt 0.11517400 0.47435700
vt 0.11214800 0.47437400
vt 0.60921700 0.87268200
vt 0.65294400 0.05848500
vt 0.21418600 0.61370700
vt 0.60879700 0.39114600
vt 0.54917400 0.34476500
vt 0.56127200 0.67945700
vt 0.37183500 0.45886600
vt 0.13169600 0.26504600
vt 0.52185000 0.14054900
vt 0.50952500 0.77008800
vt 0.50654500 0.77016700
vt 0.80457500 0.42912700
vt 0.40511400 0.37095700
vt 0.13324900 0.88814600
vt 0.52785900 0.11670800
vt 0.57720700 0.73857100
vt 0.57827900 0.18499200
vt 0.53566800 0.70986200
vt 0.14391200 0.56562700
vt 0.41793600 0.35856200
vt 0.61333400 0.70839300
vt 0.22684600 0.74751000
vt 0.78911800 0.43413100
vt 0.12768700 0.47452200
vt 0.11334800 0.19797300
vt 0.73117800 0.83734300
vt 0.06402000 0.69370700
vt 0.12760900 0.87063900
vt 0.66816500 0.87602200
vt 0.85940900 0.87421600
vt 0.17033900 0.53568800
vt 0.58036800 0.27553400
vt 0.71789300 0.21351100
vt 0.63849400 0.04948000
vt 0.42828700 0.42459600
vt 0.37948100 0.53630900
vt 0.12519400 0.26481800
vt 0.34009600 0.47035800
vt 0.40021600 0.58922000
vt 0.32844800 0.80156500
vt 0.25220500 0.95224100
vt 0.44723900 0.30867400
vt 0.30871600 0.67873200
vt 0.28586400 0.49536200
vt 0.12031200 0.35434300
vt 0.89434000 0.31062300
vt 0.53896200 0.40835000
vt 0.67611700 0.10437100
vt 0.28150700 0.90048000
vt 0.15387600 0.44501700
vt 0.18171700 0.72377300
vt 0.41579000 0.68446300
vt 0.30441200 0.37798100
vt 0.44013800 0.65147700
vt 0.31312000 0.36394000
vt 0.69351100 0.65925300
vt 0.19786500 0.61612000
vt 0.41465400 0.55315000
vt 0.44957900 0.55983000
vt 0.40476600 0.35449900
vt 0.44188400 0.30946900
vt 0.31141700 0.58527900
vt 0.37931800 0.49266000
vt 0.89677300 0.73251600
vt 0.44192300 0.04803600
vt 0.11142300 0.35426500
vt 0.11444400 0.35424900
vt 0.59189300 0.88054100
vt 0.17444300 0.44544500
vt 0.18527900 0.11620600
vt 0.55940200 0.32982400
vt 0.26620100 0.41597100
vt 0.09240200 0.65515800
vt 0.16906700 0.20941200
vt 0.19006800 0.66593100
vt 0.39856000 0.46124200
vt 0.60643800 0.32927500
vt 0.37289900 0.09684600
vt 0.16941600 0.19198900
vt 0.96200800 0.40418700
vt 0.78460400 0.54774800
vt 0.32354200 0.80077300
vt 0.31100200 0.63285400
vt 0.57926700 0.46894000
vt 0.13688800 0.26519100
vt 0.59086600 0.30872000
vt 0.20590300 0.90427600
vt 0.33819800 0.81122100
vt 0.26276000 0.94795900
vt 0.02763800 0.72473600
vt 0.12435700 0.81480400
vt 0.60961500 0.15600600
vt 0.14268900 0.61543100
vt 0.59401900 0.55887100
vt 0.43938100 0.28836600
vt 0.52786700 0.31554500
vt 0.12807500 0.50460800
vt 0.18085100 0.70717100
vt 0.17109900 0.11910800
vt 0.21510100 0.93477400
vt 0.20908800 0.63840400
vt 0.40171700 0.61841500
vt 0.20238500 0.64782900
vt 0.52244800 0.12907000
vt 0.21142200 0.47635900
vt 0.20840100 0.47618300
vt 0.14596300 0.86712900
vt 0.90307300 0.29558000
vt 0.73401200 0.35810000
vt 0.89382800 0.28705100
vt 0.12533700 0.29458800
vt 0.17861300 0.35555100
vt 0.34367100 0.89679500
vt 0.81099000 0.42358800
vt 0.81711800 0.42273300
vt 0.20016300 0.76780500
vt 0.16145100 0.60376800
vt 0.45377300 0.32101000
vt 0.33990500 0.88306400
vt 0.59913800 0.37463400
vt 0.11531300 0.50442000
vt 0.86185300 0.30460000
vt 0.64440700 0.14653800
vt 0.56878100 0.10990300
vt 0.58360800 0.21810900
vt 0.54193100 0.83130300
vt 0.39972100 0.54639200
vt 0.24411300 0.71145100
vt 0.14465600 0.12338700
vt 0.69823400 0.58697300
vt 0.43703500 0.67637900
vt 0.19491500 0.26644200
vt 0.31472800 0.80197600
vt 0.56317200 0.30234800
vt 0.21233500 0.71136500
vt 0.59338100 0.84117700
vt 0.04140900 0.69595500
vt 0.31052200 0.78597400
vt 0.56627600 0.35014000
vt 0.25792600 0.73013600
vt 0.13850600 0.81579200
vt 0.04729800 0.73938900
vt 0.87865700 0.29586200
vt 0.72742000 0.37318600
vt 0.89034200 0.27129700
vt 0.16666200 0.32539600
vt 0.12808400 0.88144900
vt 0.86731000 0.29391900
vt 0.45190500 0.32088000
vt 0.54826700 0.79540500
vt 0.12724000 0.86430500
vt 0.11193400 0.23468600
vt 0.05177700 0.69073300
vt 0.40873400 0.39834100
vt 0.43312100 0.55948200
vt 0.82418400 0.25221700
vt 0.14105800 0.29499100
vt 0.12733400 0.68595600
vt 0.60431700 0.49849600
vt 0.59623500 0.21627100
vt 0.12067900 0.23505200
vt 0.40863800 0.63813900
vt 0.38839100 0.48421600
vt 0.31986100 0.57620500
vt 0.29460900 0.49916300
vt 0.28483200 0.51046400
vt 0.29361400 0.67976500
vt 0.19481800 0.72532400
vt 0.48233700 0.29042600
vt 0.33852000 0.91774200
vt 0.50604500 0.74042700
vt 0.69548500 0.62298700
vt 0.32597500 0.09669200
vt 0.32316600 0.49812800
vt 0.42982600 0.42134000
vt 0.38273700 0.53477100
vt 0.33371900 0.62450000
vt 0.10684500 0.17639800
vt 0.50145600 0.82845500
vt 0.61638400 0.80454600
vt 0.52811500 0.13260900
vt 0.11461300 0.38426000
vt 0.53289600 0.18264400
vt 0.70667100 0.66139300
vt 0.57835000 0.76782700
vt 0.31530600 0.52960600
vt 0.27447200 0.64929100
vt 0.32077300 0.81582300
vt 0.13565900 0.13509200
vt 0.58187600 0.58916400
vt 0.18068000 0.60488200
vt 0.31419900 0.58250000
vt 0.38209700 0.48987900
vt 0.54025500 0.40148600
vt 0.38810700 0.69839600
vt 0.38609000 0.36650100
vt 0.43757600 0.57850700
vt 0.54128200 0.19386200
vt 0.45900800 0.25071600
vt 0.53631800 0.13208400
vt 0.17254700 0.64677200
vt 0.19274900 0.56627200
vt 0.66614900 0.28281900
vt 0.27153800 0.72203400
vt 0.84852000 0.62565100
vt 0.39872200 0.44304800
vt 0.32970700 0.82670100
vt 0.38572800 0.59851500
vt 0.18465600 0.53591300
vt 0.24283400 0.95231800
vt 0.53592700 0.68001900
vt 0.13502600 0.53496800
vt 0.53593200 0.84219200
vt 0.57116700 0.19150400
vt 0.71911500 0.19207400
vt 0.12179400 0.87055300
vt 0.02514600 0.72137500
vt 0.72660400 0.36921300
vt 0.28171600 0.74950500
vt 0.61777000 0.58797100
vt 0.22315900 0.41688200
vt 0.61561400 0.27795300
vt 0.93824200 0.50519500
vt 0.36128300 0.57969500
vt 0.11534900 0.53453400
vt 0.12867300 0.64267500
vt 0.56557500 0.87710700
vt 0.17096300 0.12774600
vt 0.52579800 0.85525200
vt 0.60925000 0.85411700
vt 0.47025300 0.34146600
vt 0.07564300 0.66338700
vt 0.20808800 0.29632700
vt 0.16951500 0.61628200
vt 0.11069500 0.14593600
vt 0.50530600 0.85891700
vt 0.90303000 0.40002400
vt 0.45949100 0.12192300
vt 0.41534300 0.11466700
vt 0.29738500 0.63413900
vt 0.18402300 0.20436400
vt 0.14865400 0.12771500
vt 0.91358500 0.43841400
vt 0.20764300 0.62977000
vt 0.58807500 0.25658100
vt 0.59280200 0.25658900
vt 0.18899800 0.78674400
vt 0.17417200 0.89495000
vt 0.74305800 0.18365800
vt 0.34844700 0.82119400
vt 0.14732000 0.17355000
vt 0.20313700 0.15139700
vt 0.10369500 0.56456800
vt 0.49830600 0.44028500
vt 0.39417500 0.37796800
vt 0.53895200 0.80026600
vt 0.71112000 0.58959600
vt 0.51310100 0.29915200
vt 0.11849000 0.70570100
vt 0.19877000 0.16367600
vt 0.81991600 0.28908300
vt 0.04733600 0.69348500
vt 0.18655300 0.91638800
vt 0.58116300 0.08846500
vt 0.37864200 0.45087800
vt 0.52429900 0.30444500
vt 0.54839700 0.79741900
vt 0.59238300 0.86494900
vt 0.61882600 0.76780500
vt 0.18094600 0.78017400
vt 0.57555700 0.22467900
vt 0.70352100 0.80403200
vt 0.40728800 0.36418400
vt 0.59054800 0.29526000
vt 0.44889500 0.30033900
vt 0.53118100 0.15693600
vt 0.81238100 0.55256700
vt 0.16155600 0.63151400
vt 0.39658900 0.09818600
vt 0.17998300 0.32566600
vt 0.28704400 0.06914100
vt 0.32954900 0.83985400
vt 0.32747500 0.52691200
vt 0.27716600 0.63712200
vt 0.28040000 0.37808300
vt 0.78164800 0.44892500
vt 0.18195100 0.12388000
vt 0.84830700 0.25802400
vt 0.83099200 0.25678800
vt 0.20668400 0.50618700
vt 0.29218400 0.46136100
vt 0.57348100 0.11533300
vt 0.58671800 0.20987700
vt 0.39078100 0.48142600
vt 0.32265100 0.57381600
vt 0.30491400 0.66998800
vt 0.57929800 0.36263300
vt 0.04543000 0.69775500
vt 0.93854900 0.43986000
vt 0.11443500 0.26445600
vt 0.76986100 0.44346600
vt 0.36679700 0.20017000
vt 0.14278000 0.67024300
vt 0.70859100 0.62531600
vt 0.34757500 0.46383000
vt 0.18813500 0.56624400
vt 0.14146400 0.11986100
vt 0.73104000 0.08860900
vt 0.19902100 0.63014400
vt 0.44190900 0.26546400
vt 0.53311700 0.18906200
vt 0.31815800 0.67216600
vt 0.31738100 0.80771500
vt 0.93769800 0.65553600
vt 0.42609700 0.66018400
vt 0.78859700 0.41584000
vt 0.40808300 0.20861500
vt 0.18373900 0.23702600
vt 0.51246600 0.87923900
vt 0.11785500 0.12561400
vt 0.42303700 0.55133700
vt 0.27173300 0.35930900
vt 0.31897100 0.52871600
vt 0.27536200 0.64562600
vt 0.51572300 0.17715100
vt 0.18726500 0.41568900
vt 0.19473800 0.17644100
vt 0.12266300 0.69558200
vt 0.15373400 0.41499400
vt 0.07084300 0.68630100
vt 0.70498200 0.83871800
vt 0.55195300 0.82371400
vt 0.14564500 0.60336700
vt 0.66256700 0.07448500
vt 0.60268700 0.46847600
vt 0.31953300 0.80158500
vt 0.39584300 0.44725100
vt 0.93909400 0.47067400
vt 0.29827600 0.76871400
vt 0.57791500 0.81533900
vt 0.11480200 0.41428300
vt 0.13135100 0.13284800
vt 0.20533200 0.69459000
vt 0.31680300 0.62422100
vt 0.45558900 0.31206900
vt 0.14132000 0.16266100
vt 0.05617800 0.67948600
vt 0.45078800 0.32536700
vt 0.41373200 0.66973100
vt 0.65505900 0.05597400
vt 0.73188300 0.19657300
vt 0.53528900 0.40840400
vt 0.15246600 0.84963600
vt 0.29232200 0.47523000
vt 0.21172200 0.32626500
vt 0.15488300 0.13448500
vt 0.54949400 0.87036800
vt 0.91034200 0.41776900
vt 0.53807800 0.86585500
vt 0.57361800 0.82992500
vt 0.17900700 0.17492800
vt 0.53215700 0.85463500
vt 0.05647900 0.72716900
vt 0.51620000 0.11844300
vt 0.03038900 0.69864000
vt 0.42500000 0.30621300
vt 0.12159100 0.88641100
vt 0.59621200 0.83982800
vt 0.27890800 0.66235300
vt 0.66900300 0.11615500
vt 0.67634900 0.13104700
vt 0.29989300 0.62959100
vt 0.93857600 0.69369700
vt 0.53623600 0.65008700
vt 0.52225300 0.13346900
vt 0.69465700 0.87250700
vt 0.20639800 0.41610500
vt 0.58406400 0.55910300
vt 0.21602900 0.23702800
vt 0.19346500 0.74827200
vt 0.80747000 0.44399400
vt 0.62478300 0.85645100
vt 0.23017200 0.14840100
vt 0.52221900 0.13421500
vt 0.16924700 0.20045900
vt 0.52227900 0.14375600
vt 0.61003200 0.64856000
vt 0.34141400 0.92633500
vt 0.73602500 0.07851700
vt 0.12608700 0.14902200
vt 0.20951900 0.15107300
vt 0.60601800 0.80378000
vt 0.34985400 0.10498400
vt 0.55693000 0.46930700
vt 0.15129400 0.62124900
vt 0.72305900 0.20328700
vt 0.64681400 0.05261000
vt 0.15896900 0.64138300
vt 0.50535800 0.39081600
vt 0.50215600 0.39150000
vt 0.19777200 0.13990400
vt 0.22123600 0.23697000
vt 0.03920800 0.70865100
vt 0.56580900 0.89155400
vt 0.58735100 0.61905100
vt 0.41144600 0.38942400
vt 0.60044100 0.80282800
vt 0.82464800 0.55518200
vt 0.08254500 0.69603800
vt 0.11429000 0.29431500
vt 0.43011600 0.54267800
vt 0.39402500 0.37067600
vt 0.33859100 0.62858400
vt 0.27834700 0.63351100
vt 0.33108600 0.52573100
vt 0.53142200 0.38373700
vt 0.32791100 0.10732400
vt 0.31458500 0.77179000
vt 0.16924100 0.66242000
vt 0.57670200 0.33502000
vt 0.41415300 0.64478300
vt 0.85806500 0.27743700
vt 0.30170400 0.49574600
vt 0.70401300 0.73340700
vt 0.57791800 0.82014700
vt 0.27074500 0.39885400
vt 0.74978400 0.93276300
vt 0.70328000 0.33346200
vt 0.93533000 0.30948300
vt 0.93533000 0.18891900
vt 0.73774300 0.12199300
vt 0.23239000 0.17908400
vt 0.62700100 0.82576800
vt 0.33174200 0.49307600
vt 0.60051300 0.10057600
vt 0.44426200 0.32165100
vt 0.04965100 0.68320200
vt 0.54894300 0.80108900
vt 0.51580900 0.50034800
vt 0.62987000 0.21922400
vt 0.58812500 0.70876700
vt 0.59057900 0.67888800
vt 0.19044900 0.35578600
vt 0.20049900 0.15152000
vt 0.56598100 0.90131100
vt 0.18853500 0.69704800
vt 0.72320100 0.37195200
vt 0.51319000 0.14814000
vt 0.50807000 0.18072100
vt 0.05114100 0.69301300
vt 0.41718600 0.62212200
vt 0.34247400 0.38689200
vt 0.27491000 0.35485900
vt 0.53177100 0.39812800
vt 0.15734200 0.18113900
vt 0.19255900 0.60958800
vt 0.13371500 0.87746600
vt 0.26795700 0.93036700
vt 0.20807600 0.53637700
vt 0.20505000 0.53622000
vt 0.73556300 0.13677700
vt 0.69892500 0.14050900
vt 0.31169100 0.43513900
vt 0.31719200 0.46728100
vt 0.39085600 0.53238000
vt 0.43221600 0.41322200
vt 0.41820500 0.40435600
vt 0.18421500 0.64731600
vt 0.51539600 0.40870900
vt 0.54820500 0.61985900
vt 0.55161300 0.88912800
vt 0.39922600 0.63877600
vt 0.71715000 0.22509500
vt 0.63009500 0.04628900
vt 0.10390800 0.47441900
vt 0.49851800 0.53043400
vt 0.21901000 0.64502600
vt 0.61362000 0.35982600
vt 0.15329500 0.84090700
vt 0.59730400 0.39038800
vt 0.15084300 0.86098800
vt 0.14346700 0.13899700
vt 0.47256900 0.28049500
vt 0.79600600 0.45389300
vt 0.55241700 0.35910300
vt 0.23439300 0.93404400
vt 0.19127400 0.13027800
vt 0.08080400 0.73932900
vt 0.27439300 0.88869700
vt 0.45675900 0.31826100
vt 0.27917700 0.65905700
vt 0.60474800 0.87052100
vt 0.53484100 0.43930700
vt 0.54156200 0.18887600
vt 0.45357400 0.25712600
vt 0.56808700 0.36517000
vt 0.14162500 0.35476500
vt 0.18945300 0.44574900
vt 0.80307200 0.45047700
vt 0.14404800 0.63842800
vt 0.33561900 0.38902300
vt 0.33727200 0.38006000
vt 0.41505500 0.62897700
vt 0.42401800 0.62732400
vt 0.31437400 0.79248600
vt 0.12766900 0.86109800
vt 0.59730200 0.70860200
vt 0.18001900 0.61532700
vt 0.60124300 0.43841800
vt 0.24517100 0.95488300
vt 0.32420600 0.79287000
vt 0.65982700 0.17480400
vt 0.41485400 0.54263400
vt 0.84085700 0.32100200
vt 0.16231900 0.53554500
vt 0.51640400 0.13430100
vt 0.41975700 0.28347800
vt 0.54939900 0.33742700
vt 0.10754500 0.61335300
vt 0.67969300 0.12984200
vt 0.51479500 0.14147200
vt 0.51092500 0.18693900
vt 0.56189500 0.70924800
vt 0.30941600 0.37002600
vt 0.18441900 0.20805600
vt 0.93945200 0.73153600
vt 0.43340100 0.57057100
vt 0.42599500 0.68419700
vt 0.16638400 0.71126600
vt 0.53724300 0.81007200
vt 0.49075100 0.32467100
vt 0.10319000 0.35430600
vt 0.49780100 0.65054700
vt 0.33420700 0.85463200
vt 0.14808500 0.62888300
vt 0.66961900 0.09295000
vt 0.27500900 0.91190200
vt 0.71414400 0.20326700
vt 0.30833200 0.66289300
vt 0.52299400 0.47006300
vt 0.55000000 0.80600500
vt 0.60058000 0.34296500
vt 0.90719000 0.29859700
vt 0.72921000 0.35534300
vt 0.28855200 0.66388000
vt 0.19904200 0.90773900
vt 0.35475300 0.45698200
vt 0.59579800 0.58885000
vt 0.33643000 0.91624200
vt 0.15433200 0.20376400
vt 0.32540800 0.82752300
vt 0.19351400 0.29608600
vt 0.70161900 0.21747400
vt 0.19596800 0.32596500
vt 0.85394900 0.26887400
vt 0.38490200 0.44279400
vt 0.53347500 0.56015700
vt 0.21721200 0.63684600
vt 0.61182300 0.36800700
vt 0.22014900 0.26664100
vt 0.70335100 0.76896000
vt 0.45109000 0.27768400
vt 0.44476800 0.69286400
vt 0.17141900 0.10076700
vt 0.51029200 0.36407700
vt 0.13953700 0.20041000
vt 0.16790000 0.26601000
vt 0.21964700 0.47683600
vt 0.61425700 0.52801600
vt 0.04042600 0.69002900
vt 0.43503700 0.31482400
vt 0.33045800 0.50669300
vt 0.42035300 0.57890500
vt 0.10404100 0.50445300
vt 0.49865200 0.50039900
vt 0.17665600 0.71943300
vt 0.39564300 0.47451200
vt 0.32956600 0.56895400
vt 0.06678500 0.71430800
vt 0.58607900 0.32336100
vt 0.38834700 0.58495000
vt 0.17124100 0.82932600
vt 0.14299600 0.47483000
vt 0.33679700 0.64740400
vt 0.09497200 0.70772900
vt 0.57682900 0.30727500
vt 0.63983900 0.20751300
vt 0.79562100 0.33325200
vt 0.74122700 0.77097200
vt 0.28492400 0.37213200
vt 0.43602000 0.30889800
vt 0.61162500 0.87380700
vt 0.20584500 0.61425900
vt 0.31804200 0.78200400
vt 0.21715800 0.17997200
vt 0.59357900 0.80309700
vt 0.72003500 0.18960900
vt 0.80691400 0.65879700
vt 0.10378800 0.23446100
vt 0.49839800 0.77039200
vt 0.51486400 0.74020100
vt 0.73442200 0.18818300
vt 0.66166600 0.05849400
vt 0.39669900 0.55932300
vt 0.37937200 0.42743600
vt 0.52317400 0.43958200
vt 0.27639000 0.74924800
vt 0.45140300 0.31759300
vt 0.18904100 0.10738000
vt 0.61634200 0.70823900
vt 0.52991000 0.43939600
vt 0.58739300 0.52897200
vt 0.19424000 0.53608100
vt 0.17726000 0.67544700
vt 0.90023900 0.47570900
vt 0.26125700 0.10426800
vt 0.18137200 0.73129200
vt 0.57598300 0.27356100
vt 0.36893400 0.54205400
vt 0.42254200 0.43514300
vt 0.27238000 0.12829300
vt 0.89164700 0.45184900
vt 0.06125700 0.67675300
vt 0.45586800 0.32810000
vt 0.56268300 0.40816400
vt 0.20360100 0.56630900
vt 0.38250900 0.54235800
vt 0.41949400 0.54204100
vt 0.30980200 0.67103600
vt 0.33084000 0.45659400
vt 0.11631500 0.81791500
vt 0.12018500 0.86338200
vt 0.10335500 0.38433000
vt 0.49796500 0.62052300
vt 0.43405200 0.65518000
vt 0.85646100 0.20553000
vt 0.73502500 0.18610300
vt 0.66334000 0.05911000
vt 0.28912700 0.66542600
vt 0.49830400 0.36623300
vt 0.41326000 0.38104000
vt 0.86073900 0.32198700
vt 0.34499300 0.62136900
vt 0.58027600 0.55918000
vt 0.20411900 0.26655400
vt 0.27473000 0.41334200
vt 0.38592900 0.70518100
vt 0.25941500 0.41814900
vt 0.56629000 0.49932600
vt 0.48293200 0.27923900
vt 0.56002200 0.61961000
vt 0.38436600 0.40761200
vt 0.33841600 0.56086700
vt 0.40372900 0.46566100
vt 0.65789300 0.27430400
vt 0.30905100 0.49172000
vt 0.40522400 0.69385100
vt 0.58416700 0.46883900
vt 0.34313200 0.88285900
vt 0.13368200 0.87665100
vt 0.17159200 0.62112800
vt 0.34037600 0.48727500
vt 0.45335800 0.28060500
vt 0.60023300 0.40823700
vt 0.58684700 0.83050000
vt 0.52102100 0.62041700
vt 0.59565400 0.49876400
vt 0.29044200 0.73970300
vt 0.68505300 0.26514900
vt 0.60652900 0.58863500
vt 0.17486200 0.62861100
vt 0.60562500 0.14257500
vt 0.05870600 0.69219000
vt 0.54719500 0.90058400
vt 0.05156700 0.73362100
vt 0.72814600 0.16615300
vt 0.13886400 0.44469600
vt 0.54807100 0.64982800
vt 0.47973400 0.33316600
vt 0.66144600 0.06165600
vt 0.51553300 0.85653500
vt 0.51287000 0.85712400
vt 0.37226600 0.10546400
vt 0.54012600 0.31102000
vt 0.33500600 0.50418500
vt 0.82345700 0.21733500
vt 0.59136400 0.40817500
vt 0.05916200 0.68384300
vt 0.87814800 0.22931500
vt 0.69032200 0.40231700
vt 0.80719600 0.26887700
vt 0.53691500 0.59010200
vt 0.39801700 0.47158100
vt 0.33249600 0.56657900
vt 0.63802500 0.12920900
vt 0.17328600 0.68001500
vt 0.10739400 0.66323100
vt 0.55038700 0.12947900
vt 0.55468700 0.19833000
vt 0.59136200 0.79561000
vt 0.73293100 0.18120300
vt 0.29585300 0.66569100
vt 0.31234600 0.78915100
vt 0.80774300 0.62286500
vt 0.54741200 0.83590100
vt 0.15280100 0.16895200
vt 0.52339200 0.40853900
vt 0.20112900 0.32608400
vt 0.61210600 0.10681700
vt 0.16856200 0.70250500
vt 0.55467800 0.88130900
vt 0.50716100 0.31272500
vt 0.19203800 0.16137000
vt 0.58664900 0.84348200
vt 0.29316300 0.76837300
vt 0.23278700 0.76737200
vt 0.44700000 0.27233600
vt 0.65532100 0.05941700
vt 0.07795800 0.72435800
vt 0.33233600 0.81302600
vt 0.19782700 0.38593300
vt 0.63324000 0.29333800
vt 0.82000100 0.66050600
vt 0.58338200 0.22307400
vt 0.37854100 0.56840300
vt 0.37664100 0.58522500
vt 0.59225000 0.52887500
vt 0.53193300 0.16516300
vt 0.18550000 0.60680900
vt 0.42191900 0.37396100
vt 0.22173100 0.29661300
vt 0.32546900 0.52016600
vt 0.30886800 0.61508900
vt 0.60105700 0.67867400
vt 0.80858700 0.83736900
vt 0.21793400 0.50681800
vt 0.61254500 0.49803500
vt 0.29457600 0.44584400
vt 0.32867500 0.82396800
vt 0.33717600 0.82153800
vt 0.53308200 0.59018400
vt 0.26685200 0.91626800
vt 0.57777600 0.80545000
vt 0.51460100 0.38824200
vt 0.60947400 0.73823400
vt 0.03215500 0.72641900
vt 0.34899500 0.08902700
vt 0.46176500 0.26927400
vt 0.10324200 0.26433200
vt 0.49785300 0.74052100
vt 0.16949700 0.18786400
vt 0.51474700 0.71039500
vt 0.71677200 0.19756300
vt 0.24388500 0.95537200
vt 0.32328100 0.79134200
vt 0.79805900 0.42472800
vt 0.38534200 0.54082200
vt 0.13071800 0.62991500
vt 0.62260800 0.04414100
vt 0.22799900 0.96071100
vt 0.60928800 0.18414100
vt 0.79775000 0.43475700
vt 0.72001900 0.17732900
vt 0.34041400 0.81874900
vt 0.26873100 0.94574200
vt 0.31290600 0.66534900
vt 0.35641700 0.43001400
vt 0.58347300 0.61912900
vt 0.19445800 0.44588000
vt 0.51839600 0.30054200
vt 0.12378500 0.70431100
vt 0.35016700 0.45246200
vt 0.03803700 0.72166700
vt 0.52144700 0.59040500
vt 0.03236300 0.71566400
vt 0.12203500 0.87574600
vt 0.52832500 0.12738800
vt 0.66968700 0.58433800
vt 0.85908400 0.59150700
vt 0.17167900 0.50552700
vt 0.43762200 0.31066900
vt 0.16541100 0.38524300
vt 0.22706100 0.93503900
vt 0.34121500 0.55858000
vt 0.40601700 0.46286300
vt 0.31235800 0.65554500
vt 0.24828800 0.93418600
vt 0.56370500 0.43881400
vt 0.22545800 0.93527500
vt 0.52803500 0.59026400
vt 0.54271200 0.84417800
vt 0.14810100 0.16067500
vt 0.20562200 0.59661600
vt 0.20257400 0.59657800
vt 0.54853200 0.17548800
vt 0.19940800 0.44598200
vt 0.16680500 0.66934400
vt 0.82063400 0.80318900
vt 0.37401100 0.43487300
vt 0.15258400 0.10426900
vt 0.15356500 0.10675500
vt 0.29435200 0.66717900
vt 0.15007100 0.68339200
vt 0.43839800 0.31246400
vt 0.62900200 0.07080800
vt 0.08251300 0.66937400
vt 0.11825900 0.14772900
vt 0.46394200 0.27170600
vt 0.15689500 0.65208500
vt 0.37530100 0.38825900
vt 0.44365200 0.69005400
vt 0.30326100 0.47743400
vt 0.14109800 0.13783000
vt 0.89435000 0.43656700
vt 0.74742300 0.90165600
vt 0.91811200 0.33596300
vt 0.15577700 0.87537400
vt 0.16007600 0.80652300
vt 0.61443900 0.85458800
vt 0.19675100 0.20924200
vt 0.82077500 0.62476300
vt 0.56418000 0.82067300
vt 0.71881700 0.21198200
vt 0.63978000 0.04996900
vt 0.42196300 0.38922300
vt 0.21749600 0.89803500
vt 0.16006600 0.12354400
vt 0.43194600 0.67967300
vt 0.52139900 0.18963700
vt 0.42577000 0.27760800
vt 0.19112200 0.91157800
vt 0.19223600 0.17435300
vt 0.18714300 0.11184000
vt 0.12968800 0.70040800
vt 0.19160300 0.14265900
vt 0.58621400 0.86219400
vt 0.53590400 0.35179500
vt 0.23236200 0.23725300
vt 0.62697300 0.76760000
vt 0.19936500 0.53614600
vt 0.18877100 0.78177900
vt 0.60476400 0.55865700
vt 0.59203100 0.20025700
vt 0.18366900 0.81986100
vt 0.52846800 0.56023500
vt 0.57920400 0.13600800
vt 0.28391200 0.63912800
vt 0.32866100 0.51924400
vt 0.60799300 0.07015000
vt 0.31201200 0.61091400
vt 0.57183800 0.61936500
vt 0.82147600 0.83847300
vt 0.33744800 0.86823900
vt 0.28324300 0.46459000
vt 0.33948800 0.68135300
vt 0.52633600 0.76926300
vt 0.59479700 0.86599800
vt 0.06295200 0.74190100
vt 0.38719300 0.38026200
vt 0.70834300 0.52216800
vt 0.81272900 0.93434600
vt 0.32709100 0.57928200
vt 0.13847200 0.41466800
vt 0.20011800 0.23710800
vt 0.31655500 0.79621200
vt 0.03695500 0.72254300
vt 0.77757700 0.42116700
vt 0.39484200 0.20416200
vt 0.26238900 0.40019700
vt 0.71815300 0.20407900
vt 0.71405800 0.21279600
vt 0.30071700 0.51552600
vt 0.74563700 0.12220700
vt 0.61899500 0.82543800
vt 0.59365200 0.09711400
vt 0.55037200 0.82069800
vt 0.22177300 0.20030700
vt 0.20714500 0.90366700
vt 0.85962900 0.22853300
vt 0.57786700 0.43867400
vt 0.30964300 0.79285900
vt 0.31759500 0.77994700
vt 0.53269200 0.62019200
vt 0.13265700 0.20053300
vt 0.39884400 0.37424100
vt 0.13347600 0.87149800
vt 0.85417100 0.28977000
vt 0.39733100 0.39404700
vt 0.16353600 0.47526800
vt 0.14198900 0.70379500
vt 0.39442200 0.10878600
vt 0.37406400 0.60817900
vt 0.54117200 0.39319800
vt 0.18886300 0.38572400
vt 0.41441700 0.37332900
vt 0.52421300 0.39519300
vt 0.80972600 0.87219600
vt 0.43178000 0.37851500
vt 0.75132600 0.10640400
vt 0.35671600 0.89844700
vt 0.35161600 0.61443000
vt 0.45832900 0.26407300
vt 0.34477800 0.39406600
vt 0.52852800 0.12253500
vt 0.16047200 0.17462700
vt 0.55508300 0.83022600
vt 0.21711800 0.32635600
vt 0.66863900 0.07457000
vt 0.27402900 0.93028100
vt 0.21630600 0.53680100
vt 0.61091600 0.46805200
vt 0.06439700 0.75413700
vt 0.14170800 0.87277000
vt 0.14667100 0.81099100
vt 0.38848200 0.39971000
vt 0.64555800 0.07140000
vt 0.56171100 0.14089600
vt 0.16909500 0.56603900
vt 0.31676300 0.48715500
vt 0.36124700 0.39587500
vt 0.92680000 0.76693500
vt 0.52100700 0.80566000
vt 0.21337600 0.29639200
vt 0.14362600 0.53514900
vt 0.34870900 0.48089500
vt 0.50978500 0.53049600
vt 0.60240000 0.35704900
f 2065/2065 2327/2327 1836/1836
f 2065/2065 1836/1836 2654/2654
f 2327/2327 946/946 1689/1689
f 2327/2327 1689/1689 1836/1836
f 946/946 890/890 1745/1745
f 946/946 1745/1745 1689/1689
f 890/890 17/17 2280/2280
f 890/890 2280/2280 1745/1745
f 2195/2195 340/340 2500/2500
f 2195/2195 2500/2500 1587/1587
f 67/67 2175/2175 2578/2578
f 67/67 2578/2578 382/382
f 798/798 2306/2306 2239/2239
f 798/798 2239/2239 84/84
f 1723/1723 2065/2065 2654/2654
f 1723/1723 2654/2654 1062/1062
f 250/250 1800/1800 2331/2331
f 250/250 2331/2331 391/391
f 1800/1800 1599/1599 277/277
f 1800/1800 277/277 2331/2331
f 2315/2315 1955/1955 277/277
f 2315/2315 277/277 42/42
f 42/42 2522/2522 840/840
f 42/42 840/840 2315/2315
f 643/643 1790/1790 1225/1225
f 643/643 1225/1225 1128/1128
f 6/6 919/919 270/270
f 6/6 270/270 2194/2194
f 1515/1515 2062/2062 1457/1457
f 1515/1515 1457/1457 909/909
f 1364/1364 2692/2692 1794/1794
f 1364/1364 1794/1794 1482/1482
f 2671/2671 1733/1733 1139/1139
f 2671/2671 1139/1139 2103/2103
f 1733/1733 1515/1515 909/909
f 1733/1733 909/909 1139/1139
f 2580/2580 643/643 1128/1128
f 2580/2580 1128/1128 366/366
f 766/766 1450/1450 883/883
f 766/766 883/883 459/459
f 510/510 766/766 459/459
f 510/510 459/459 1599/1599
f 683/683 510/510 1599/1599
f 683/683 1599/1599 1800/1800
f 1815/1815 683/683 1800/1800
f 1815/1815 1800/1800 250/250
f 2460/2460 1025/1025 1602/1602
f 2460/2460 1602/1602 1283/1283
f 857/857 267/267 382/382
f 857/857 382/382 2578/2578
f 601/601 857/857 2578/2578
f 601/601 2578/2578 687/687
f 300/300 852/852 683/683
f 300/300 683/683 1815/1815
f 852/852 105/105 510/510
f 852/852 510/510 683/683
f 105/105 814/814 766/766
f 105/105 766/766 510/510
f 814/814 751/751 1450/1450
f 814/814 1450/1450 766/766
f 2431/2431 601/601 687/687
f 2431/2431 687/687 1777/1777
f 625/625 1532/1532 1225/1225
f 625/625 1225/1225 1790/1790
f 1178/1178 1792/1792 267/267
f 1178/1178 267/267 857/857
f 662/662 1178/1178 857/857
f 662/662 857/857 601/601
f 1649/1649 112/112 852/852
f 1649/1649 852/852 300/300
f 112/112 1180/1180 105/105
f 112/112 105/105 852/852
f 1180/1180 1602/1602 814/814
f 1180/1180 814/814 105/105
f 1602/1602 1025/1025 751/751
f 1602/1602 751/751 814/814
f 1076/1076 662/662 601/601
f 1076/1076 601/601 2431/2431
f 737/737 1366/1366 1532/1532
f 737/737 1532/1532 625/625
f 314/314 563/563 14/14
f 314/314 14/14 1703/1703
f 1283/1283 1602/1602 1180/1180
f 1283/1283 1180/1180 112/112
f 1283/1283 710/710 52/52
f 1283/1283 52/52 2460/2460
f 14/14 2535/2535 1366/1366
f 14/14 1366/1366 2020/2020
f 1076/1076 563/563 1178/1178
f 1076/1076 1178/1178 662/662
f 1703/1703 14/14 2020/2020
f 1703/1703 2020/2020 1748/1748
f 112/112 1649/1649 710/710
f 112/112 710/710 1283/1283
f 1128/1128 1225/1225 2242/2242
f 1128/1128 2242/2242 2227/2227
f 1532/1532 1366/1366 2535/2535
f 1532/1532 2535/2535 1563/1563
f 2623/2623 556/556 1025/1025
f 2623/2623 1025/1025 2460/2460
f 366/366 1128/1128 2227/2227
f 366/366 2227/2227 491/491
f 1225/1225 1532/1532 1563/1563
f 1225/1225 1563/1563 2242/2242
f 1705/1705 2623/2623 2460/2460
f 1705/1705 2460/2460 52/52
f 1748/1748 2020/2020 1851/1851
f 1748/1748 1851/1851 1215/1215
f 1215/1215 1851/1851 1090/1090
f 1215/1215 1090/1090 2358/2358
f 2358/2358 1090/1090 904/904
f 2358/2358 904/904 1841/1841
f 1841/1841 904/904 1818/1818
f 1841/1841 1818/1818 229/229
f 229/229 1818/1818 2686/2686
f 229/229 2686/2686 2486/2486
f 2486/2486 2686/2686 862/862
f 2486/2486 862/862 910/910
f 910/910 862/862 664/664
f 910/910 664/664 360/360
f 360/360 664/664 1620/1620
f 360/360 1620/1620 1549/1549
f 1549/1549 1620/1620 2484/2484
f 1549/1549 2484/2484 1024/1024
f 1024/1024 2484/2484 1757/1757
f 1024/1024 1757/1757 2229/2229
f 2229/2229 1757/1757 2623/2623
f 2229/2229 2623/2623 1705/1705
f 2020/2020 1366/1366 737/737
f 2020/2020 737/737 1851/1851
f 1851/1851 737/737 2276/2276
f 1851/1851 2276/2276 1090/1090
f 1090/1090 2276/2276 1675/1675
f 1090/1090 1675/1675 904/904
f 904/904 1675/1675 1083/1083
f 904/904 1083/1083 1818/1818
f 1818/1818 1083/1083 2603/2603
f 1818/1818 2603/2603 2686/2686
f 2686/2686 2603/2603 2025/2025
f 2686/2686 2025/2025 862/862
f 862/862 2025/2025 2479/2479
f 862/862 2479/2479 664/664
f 664/664 2479/2479 173/173
f 664/664 173/173 1620/1620
f 1620/1620 173/173 676/676
f 1620/1620 676/676 2484/2484
f 2484/2484 676/676 73/73
f 2484/2484 73/73 1757/1757
f 1757/1757 73/73 556/556
f 1757/1757 556/556 2623/2623
f 1025/1025 556/556 2715/2715
f 1025/1025 2715/2715 751/751
f 556/556 73/73 1919/1919
f 556/556 1919/1919 2715/2715
f 73/73 676/676 1118/1118
f 73/73 1118/1118 1919/1919
f 676/676 173/173 216/216
f 676/676 216/216 1118/1118
f 173/173 2479/2479 2213/2213
f 173/173 2213/2213 216/216
f 2479/2479 2025/2025 254/254
f 2479/2479 254/254 2213/2213
f 2025/2025 2603/2603 2240/2240
f 2025/2025 2240/2240 254/254
f 2603/2603 1083/1083 285/285
f 2603/2603 285/285 2240/2240
f 1083/1083 1675/1675 2277/2277
f 1083/1083 2277/2277 285/285
f 1675/1675 2276/2276 1488/1488
f 1675/1675 1488/1488 2277/2277
f 2276/2276 737/737 625/625
f 2276/2276 625/625 1488/1488
f 751/751 2715/2715 274/274
f 751/751 274/274 1450/1450
f 2715/2715 1919/1919 2493/2493
f 2715/2715 2493/2493 274/274
f 1919/1919 1118/1118 219/219
f 1919/1919 219/219 2493/2493
f 1118/1118 216/216 2447/2447
f 1118/1118 2447/2447 219/219
f 216/216 2213/2213 808/808
f 216/216 808/808 2447/2447
f 2213/2213 254/254 1338/1338
f 2213/2213 1338/1338 808/808
f 254/254 2240/2240 753/753
f 254/254 753/753 1338/1338
f 2240/2240 285/285 1294/1294
f 2240/2240 1294/1294 753/753
f 285/285 2277/2277 1832/1832
f 285/285 1832/1832 1294/1294
f 2277/2277 1488/1488 2342/2342
f 2277/2277 2342/2342 1832/1832
f 1488/1488 625/625 1790/1790
f 1488/1488 1790/1790 2342/2342
f 2522/2522 883/883 1317/1317
f 2522/2522 1317/1317 297/297
f 297/297 1317/1317 1751/1751
f 297/297 1751/1751 895/895
f 895/895 1751/1751 1093/1093
f 895/895 1093/1093 2502/2502
f 2502/2502 1093/1093 2562/2562
f 2502/2502 2562/2562 328/328
f 328/328 2562/2562 1929/1929
f 328/328 1929/1929 915/915
f 915/915 1929/1929 2383/2383
f 915/915 2383/2383 1467/1467
f 1467/1467 2383/2383 34/34
f 1467/1467 34/34 299/299
f 299/299 34/34 460/460
f 299/299 460/460 896/896
f 896/896 460/460 2569/2569
f 896/896 2569/2569 1449/1449
f 1449/1449 2569/2569 1339/1339
f 1449/1449 1339/1339 978/978
f 978/978 1339/1339 643/643
f 978/978 643/643 2580/2580
f 883/883 1450/1450 274/274
f 883/883 274/274 1317/1317
f 1317/1317 274/274 2493/2493
f 1317/1317 2493/2493 1751/1751
f 1751/1751 2493/2493 219/219
f 1751/1751 219/219 1093/1093
f 1093/1093 219/219 2447/2447
f 1093/1093 2447/2447 2562/2562
f 2562/2562 2447/2447 808/808
f 2562/2562 808/808 1929/1929
f 1929/1929 808/808 1338/1338
f 1929/1929 1338/1338 2383/2383
f 2383/2383 1338/1338 753/753
f 2383/2383 753/753 34/34
f 34/34 753/753 1294/1294
f 34/34 1294/1294 460/460
f 460/460 1294/1294 1832/1832
f 460/460 1832/1832 2569/2569
f 2569/2569 1832/1832 2342/2342
f 2569/2569 2342/2342 1339/1339
f 1339/1339 2342/2342 1790/1790
f 1339/1339 1790/1790 643/643
f 1480/1480 2516/2516 1555/1555
f 1480/1480 1555/1555 1440/1440
f 1440/1440 1555/1555 1546/1546
f 1440/1440 1546/1546 1407/1407
f 1407/1407 1546/1546 845/845
f 1407/1407 845/845 1053/1053
f 1053/1053 845/845 2280/2280
f 1053/1053 2280/2280 17/17
f 2741/2741 514/514 2657/2657
f 2741/2741 2657/2657 2167/2167
f 2626/2626 2540/2540 1961/1961
f 2626/2626 1961/1961 2048/2048
f 2062/2062 389/389 2546/2546
f 2062/2062 2546/2546 1457/1457
f 139/139 1406/1406 2516/2516
f 139/139 2516/2516 1480/1480
f 544/544 497/497 784/784
f 544/544 784/784 2251/2251
f 1508/1508 271/271 2436/2436
f 1508/1508 2436/2436 2587/2587
f 2579/2579 2234/2234 1018/1018
f 2579/2579 1018/1018 2304/2304
f 989/989 663/663 1777/1777
f 989/989 1777/1777 687/687
f 1163/1163 1036/1036 2691/2691
f 1163/1163 2691/2691 1134/1134
f 2540/2540 2741/2741 2167/2167
f 2540/2540 2167/2167 1961/1961
f 919/919 2626/2626 2048/2048
f 919/919 2048/2048 270/270
f 2192/2192 6/6 2194/2194
f 2192/2192 2194/2194 1582/1582
f 389/389 2192/2192 1582/1582
f 389/389 1582/1582 2546/2546
f 2436/2436 1276/1276 1036/1036
f 2436/2436 1036/1036 1163/1163
f 2289/2289 2731/2731 2542/2542
f 2289/2289 2542/2542 1448/1448
f 77/77 2251/2251 2731/2731
f 77/77 2731/2731 2289/2289
f 387/387 544/544 2251/2251
f 387/387 2251/2251 77/77
f 1815/1815 250/250 544/544
f 1815/1815 544/544 387/387
f 439/439 1301/1301 2029/2029
f 439/439 2029/2029 1882/1882
f 2273/2273 2376/2376 382/382
f 2273/2273 382/382 267/267
f 85/85 2365/2365 2376/2376
f 85/85 2376/2376 2273/2273
f 300/300 1815/1815 387/387
f 300/300 387/387 613/613
f 613/613 387/387 77/77
f 613/613 77/77 2728/2728
f 2728/2728 77/77 2289/2289
f 2728/2728 2289/2289 261/261
f 261/261 2289/2289 1448/1448
f 261/261 1448/1448 2187/2187
f 1212/1212 1726/1726 2365/2365
f 1212/1212 2365/2365 85/85
f 1796/1796 1134/1134 2691/2691
f 1796/1796 2691/2691 205/205
f 2102/2102 2273/2273 267/267
f 2102/2102 267/267 1792/1792
f 2091/2091 85/85 2273/2273
f 2091/2091 2273/2273 2102/2102
f 1649/1649 300/300 613/613
f 1649/1649 613/613 695/695
f 695/695 613/613 2728/2728
f 695/695 2728/2728 1823/1823
f 1823/1823 2728/2728 261/261
f 1823/1823 261/261 2029/2029
f 2029/2029 261/261 2187/2187
f 2029/2029 2187/2187 1882/1882
f 354/354 1212/1212 85/85
f 354/354 85/85 2091/2091
f 1712/1712 1796/1796 205/205
f 1712/1712 205/205 1502/1502
f 314/314 1703/1703 131/131
f 314/314 131/131 1985/1985
f 1301/1301 695/695 1823/1823
f 1301/1301 1823/1823 2029/2029
f 1301/1301 439/439 52/52
f 1301/1301 52/52 710/710
f 131/131 828/828 1502/1502
f 131/131 1502/1502 374/374
f 354/354 2091/2091 2102/2102
f 354/354 2102/2102 1985/1985
f 1703/1703 1748/1748 828/828
f 1703/1703 828/828 131/131
f 695/695 1301/1301 710/710
f 695/695 710/710 1649/1649
f 1036/1036 2757/2757 933/933
f 1036/1036 933/933 2691/2691
f 205/205 472/472 374/374
f 205/205 374/374 1502/1502
f 720/720 439/439 1882/1882
f 720/720 1882/1882 1746/1746
f 1276/1276 8/8 2757/2757
f 1276/1276 2757/2757 1036/1036
f 2691/2691 933/933 472/472
f 2691/2691 472/472 205/205
f 1705/1705 52/52 439/439
f 1705/1705 439/439 720/720
f 1748/1748 1215/1215 536/536
f 1748/1748 536/536 828/828
f 1215/1215 2358/2358 240/240
f 1215/1215 240/240 536/536
f 2358/2358 1841/1841 28/28
f 2358/2358 28/28 240/240
f 1841/1841 229/229 2513/2513
f 1841/1841 2513/2513 28/28
f 229/229 2486/2486 2305/2305
f 229/229 2305/2305 2513/2513
f 2486/2486 910/910 951/951
f 2486/2486 951/951 2305/2305
f 910/910 360/360 641/641
f 910/910 641/641 951/951
f 360/360 1549/1549 422/422
f 360/360 422/422 641/641
f 1549/1549 1024/1024 1270/1270
f 1549/1549 1270/1270 422/422
f 1024/1024 2229/2229 984/984
f 1024/1024 984/984 1270/1270
f 2229/2229 1705/1705 720/720
f 2229/2229 720/720 984/984
f 828/828 536/536 1712/1712
f 828/828 1712/1712 1502/1502
f 536/536 240/240 1853/1853
f 536/536 1853/1853 1712/1712
f 240/240 28/28 2046/2046
f 240/240 2046/2046 1853/1853
f 28/28 2513/2513 2209/2209
f 28/28 2209/2209 2046/2046
f 2513/2513 2305/2305 637/637
f 2513/2513 637/637 2209/2209
f 2305/2305 951/951 2527/2527
f 2305/2305 2527/2527 637/637
f 951/951 641/641 1032/1032
f 951/951 1032/1032 2527/2527
f 641/641 422/422 1242/1242
f 641/641 1242/1242 1032/1032
f 422/422 1270/1270 1380/1380
f 422/422 1380/1380 1242/1242
f 1270/1270 984/984 1578/1578
f 1270/1270 1578/1578 1380/1380
f 984/984 720/720 1746/1746
f 984/984 1746/1746 1578/1578
f 1882/1882 2187/2187 2328/2328
f 1882/1882 2328/2328 1746/1746
f 1746/1746 2328/2328 831/831
f 1746/1746 831/831 1578/1578
f 1578/1578 831/831 991/991
f 1578/1578 991/991 1380/1380
f 1380/1380 991/991 1194/1194
f 1380/1380 1194/1194 1242/1242
f 1242/1242 1194/1194 2392/2392
f 1242/1242 2392/2392 1032/1032
f 1032/1032 2392/2392 2576/2576
f 1032/1032 2576/2576 2527/2527
f 2527/2527 2576/2576 2718/2718
f 2527/2527 2718/2718 637/637
f 637/637 2718/2718 142/142
f 637/637 142/142 2209/2209
f 2209/2209 142/142 1409/1409
f 2209/2209 1409/1409 2046/2046
f 2046/2046 1409/1409 1609/1609
f 2046/2046 1609/1609 1853/1853
f 1853/1853 1609/1609 1796/1796
f 1853/1853 1796/1796 1712/1712
f 2187/2187 1448/1448 2446/2446
f 2187/2187 2446/2446 2328/2328
f 2328/2328 2446/2446 1329/1329
f 2328/2328 1329/1329 831/831
f 831/831 1329/1329 1220/1220
f 831/831 1220/1220 991/991
f 991/991 1220/1220 1166/1166
f 991/991 1166/1166 1194/1194
f 1194/1194 1166/1166 2680/2680
f 1194/1194 2680/2680 2392/2392
f 2392/2392 2680/2680 2625/2625
f 2392/2392 2625/2625 2576/2576
f 2576/2576 2625/2625 1459/1459
f 2576/2576 1459/1459 2718/2718
f 2718/2718 1459/1459 1394/1394
f 2718/2718 1394/1394 142/142
f 142/142 1394/1394 1300/1300
f 142/142 1300/1300 1409/1409
f 1409/1409 1300/1300 1233/1233
f 1409/1409 1233/1233 1609/1609
f 1609/1609 1233/1233 1134/1134
f 1609/1609 1134/1134 1796/1796
f 2304/2304 848/848 2441/2441
f 2304/2304 2441/2441 2542/2542
f 848/848 718/718 2375/2375
f 848/848 2375/2375 2441/2441
f 718/718 2274/2274 1208/1208
f 718/718 1208/1208 2375/2375
f 2274/2274 1096/1096 1156/1156
f 2274/2274 1156/1156 1208/1208
f 1096/1096 973/973 1029/1029
f 1096/1096 1029/1029 1156/1156
f 973/973 802/802 2609/2609
f 973/973 2609/2609 1029/1029
f 802/802 1314/1314 2501/2501
f 802/802 2501/2501 2609/2609
f 1314/1314 1171/1171 1384/1384
f 1314/1314 1384/1384 2501/2501
f 1171/1171 1046/1046 1328/1328
f 1171/1171 1328/1328 1384/1384
f 1046/1046 2587/2587 93/93
f 1046/1046 93/93 1328/1328
f 2587/2587 2436/2436 1163/1163
f 2587/2587 1163/1163 93/93
f 2542/2542 2441/2441 2446/2446
f 2542/2542 2446/2446 1448/1448
f 2441/2441 2375/2375 1329/1329
f 2441/2441 1329/1329 2446/2446
f 2375/2375 1208/1208 1220/1220
f 2375/2375 1220/1220 1329/1329
f 1208/1208 1156/1156 1166/1166
f 1208/1208 1166/1166 1220/1220
f 1156/1156 1029/1029 2680/2680
f 1156/1156 2680/2680 1166/1166
f 1029/1029 2609/2609 2625/2625
f 1029/1029 2625/2625 2680/2680
f 2609/2609 2501/2501 1459/1459
f 2609/2609 1459/1459 2625/2625
f 2501/2501 1384/1384 1394/1394
f 2501/2501 1394/1394 1459/1459
f 1384/1384 1328/1328 1300/1300
f 1384/1384 1300/1300 1394/1394
f 1328/1328 93/93 1233/1233
f 1328/1328 1233/1233 1300/1300
f 93/93 1163/1163 1134/1134
f 93/93 1134/1134 1233/1233
f 187/187 198/198 784/784
f 187/187 784/784 497/497
f 719/719 2132/2132 2331/2331
f 719/719 2331/2331 277/277
f 2109/2109 1921/1921 329/329
f 2109/2109 329/329 1254/1254
f 2672/2672 1738/1738 198/198
f 2672/2672 198/198 187/187
f 858/858 2672/2672 187/187
f 858/858 187/187 2320/2320
f 1806/1806 2762/2762 1213/1213
f 1806/1806 1213/1213 719/719
f 1599/1599 459/459 42/42
f 1599/1599 42/42 277/277
f 2251/2251 784/784 2579/2579
f 2251/2251 2579/2579 2731/2731
f 1668/1668 1508/1508 2587/2587
f 1668/1668 2587/2587 1046/1046
f 54/54 1668/1668 1046/1046
f 54/54 1046/1046 1171/1171
f 159/159 54/54 1171/1171
f 159/159 1171/1171 1314/1314
f 1437/1437 159/159 1314/1314
f 1437/1437 1314/1314 802/802
f 1559/1559 1437/1437 802/802
f 1559/1559 802/802 973/973
f 2761/2761 1559/1559 973/973
f 2761/2761 973/973 1096/1096
f 103/103 2761/2761 1096/1096
f 103/103 1096/1096 2274/2274
f 1336/1336 103/103 2274/2274
f 1336/1336 2274/2274 718/718
f 1479/1479 1336/1336 718/718
f 1479/1479 718/718 848/848
f 1018/1018 1479/1479 848/848
f 1018/1018 848/848 2304/2304
f 1845/1845 1754/1754 8/8
f 1845/1845 8/8 1276/1276
f 271/271 1845/1845 1276/1276
f 271/271 1276/1276 2436/2436
f 392/392 139/139 1480/1480
f 392/392 1480/1480 2064/2064
f 2306/2306 1053/1053 17/17
f 2306/2306 17/17 2239/2239
f 1248/1248 1407/1407 1053/1053
f 1248/1248 1053/1053 2306/2306
f 1306/1306 1440/1440 1407/1407
f 1306/1306 1407/1407 1248/1248
f 2064/2064 1480/1480 1440/1440
f 2064/2064 1440/1440 1306/1306
f 1856/1856 978/978 2580/2580
f 1856/1856 2580/2580 1684/1684
f 954/954 1449/1449 978/978
f 954/954 978/978 1856/1856
f 2222/2222 896/896 1449/1449
f 2222/2222 1449/1449 954/954
f 1326/1326 299/299 896/896
f 1326/1326 896/896 2222/2222
f 2505/2505 1467/1467 299/299
f 2505/2505 299/299 1326/1326
f 2677/2677 915/915 1467/1467
f 2677/2677 1467/1467 2505/2505
f 91/91 328/328 915/915
f 91/91 915/915 2677/2677
f 260/260 2502/2502 328/328
f 260/260 328/328 91/91
f 463/463 895/895 2502/2502
f 463/463 2502/2502 260/260
f 624/624 297/297 895/895
f 624/624 895/895 463/463
f 840/840 2522/2522 297/297
f 840/840 297/297 624/624
f 395/395 366/366 491/491
f 395/395 491/491 2015/2015
f 1684/1684 2580/2580 366/366
f 1684/1684 366/366 395/395
f 663/663 1482/1482 2065/2065
f 663/663 2065/2065 1723/1723
f 55/55 2239/2239 17/17
f 55/55 17/17 890/890
f 1903/1903 55/55 890/890
f 1903/1903 890/890 946/946
f 1794/1794 1903/1903 946/946
f 1794/1794 946/946 2327/2327
f 1482/1482 1794/1794 2327/2327
f 1482/1482 2327/2327 2065/2065
f 2731/2731 2579/2579 2304/2304
f 2731/2731 2304/2304 2542/2542
f 459/459 883/883 2522/2522
f 459/459 2522/2522 42/42
f 2579/2579 784/784 198/198
f 2579/2579 198/198 2400/2400
f 2475/2475 2234/2234 2579/2579
f 2475/2475 2579/2579 2400/2400
f 416/416 1840/1840 858/858
f 416/416 858/858 1974/1974
f 723/723 1738/1738 1596/1596
f 723/723 1596/1596 666/666
f 2643/2643 413/413 194/194
f 2643/2643 194/194 2498/2498
f 1791/1791 723/723 2366/2366
f 1791/1791 2366/2366 2514/2514
f 1912/1912 2377/2377 47/47
f 1912/1912 47/47 1507/1507
f 47/47 2377/2377 1213/1213
f 47/47 1213/1213 2762/2762
f 2557/2557 1140/1140 1632/1632
f 2557/2557 1632/1632 117/117
f 1140/1140 1912/1912 1507/1507
f 1140/1140 1507/1507 1632/1632
f 329/329 347/347 1912/1912
f 329/329 1912/1912 1140/1140
f 1254/1254 329/329 1140/1140
f 1254/1254 1140/1140 2557/2557
f 347/347 61/61 2377/2377
f 347/347 2377/2377 1912/1912
f 519/519 1830/1830 117/117
f 519/519 117/117 1632/1632
f 1840/1840 1512/1512 2672/2672
f 1840/1840 2672/2672 858/858
f 2415/2415 2255/2255 61/61
f 2415/2415 61/61 347/347
f 1512/1512 1596/1596 1738/1738
f 1512/1512 1738/1738 2672/2672
f 1921/1921 2415/2415 347/347
f 1921/1921 347/347 329/329
f 473/473 1213/1213 2377/2377
f 473/473 2377/2377 61/61
f 61/61 2255/2255 416/416
f 61/61 416/416 1974/1974
f 1955/1955 1806/1806 719/719
f 1955/1955 719/719 277/277
f 1213/1213 473/473 2132/2132
f 1213/1213 2132/2132 719/719
f 497/497 391/391 2320/2320
f 497/497 2320/2320 187/187
f 544/544 250/250 391/391
f 544/544 391/391 497/497
f 442/442 2421/2421 1138/1138
f 442/442 1138/1138 1355/1355
f 1089/1089 927/927 2415/2415
f 1089/1089 2415/2415 1921/1921
f 927/927 1278/1278 2255/2255
f 927/927 2255/2255 2415/2415
f 1453/1453 2353/2353 1840/1840
f 1453/1453 1840/1840 416/416
f 323/323 1089/1089 1921/1921
f 323/323 1921/1921 2109/2109
f 761/761 947/947 2547/2547
f 761/761 2547/2547 666/666
f 923/923 1680/1680 1596/1596
f 923/923 1596/1596 1512/1512
f 2353/2353 923/923 1512/1512
f 2353/2353 1512/1512 1840/1840
f 1278/1278 1453/1453 416/416
f 1278/1278 416/416 2255/2255
f 1969/1969 49/49 1142/1142
f 1969/1969 1142/1142 877/877
f 2519/2519 1080/1080 393/393
f 2519/2519 393/393 1931/1931
f 877/877 1142/1142 1080/1080
f 877/877 1080/1080 2519/2519
f 123/123 353/353 1768/1768
f 123/123 1768/1768 247/247
f 858/858 2320/2320 175/175
f 858/858 175/175 1974/1974
f 175/175 2320/2320 391/391
f 175/175 391/391 2331/2331
f 175/175 2331/2331 2132/2132
f 175/175 2132/2132 473/473
f 1974/1974 175/175 473/473
f 1974/1974 473/473 61/61
f 2498/2498 194/194 1930/1930
f 2498/2498 1930/1930 1572/1572
f 2275/2275 266/266 807/807
f 2275/2275 807/807 244/244
f 602/602 2388/2388 266/266
f 602/602 266/266 2275/2275
f 1127/1127 970/970 2388/2388
f 1127/1127 2388/2388 602/602
f 626/626 804/804 2330/2330
f 626/626 2330/2330 2145/2145
f 2355/2355 2297/2297 1361/1361
f 2355/2355 1361/1361 1411/1411
f 30/30 626/626 2145/2145
f 30/30 2145/2145 2665/2665
f 1650/1650 417/417 772/772
f 1650/1650 772/772 2297/2297
f 748/748 125/125 825/825
f 748/748 825/825 2678/2678
f 40/40 2018/2018 1043/1043
f 40/40 1043/1043 2160/2160
f 905/905 1656/1656 790/790
f 905/905 790/790 2596/2596
f 2018/2018 502/502 2630/2630
f 2018/2018 2630/2630 1043/1043
f 1852/1852 2049/2049 2678/2678
f 1852/1852 2678/2678 905/905
f 502/502 2329/2329 220/220
f 502/502 220/220 1773/1773
f 1773/1773 220/220 2049/2049
f 1773/1773 2049/2049 1852/1852
f 1570/1570 1511/1511 252/252
f 1570/1570 252/252 319/319
f 2160/2160 1043/1043 2563/2563
f 2160/2160 2563/2563 650/650
f 1511/1511 348/348 1927/1927
f 1511/1511 1927/1927 252/252
f 2630/2630 1570/1570 319/319
f 2630/2630 319/319 1446/1446
f 1043/1043 2630/2630 1446/1446
f 1043/1043 1446/1446 2563/2563
f 1927/1927 348/348 2347/2347
f 1927/1927 2347/2347 1204/1204
f 2206/2206 1650/1650 2297/2297
f 2206/2206 2297/2297 2355/2355
f 2297/2297 772/772 1698/1698
f 2297/2297 1698/1698 1361/1361
f 1361/1361 1698/1698 886/886
f 1361/1361 886/886 571/571
f 571/571 886/886 1692/1692
f 571/571 1692/1692 561/561
f 2143/2143 571/571 561/561
f 2143/2143 561/561 622/622
f 1124/1124 1297/1297 825/825
f 1124/1124 825/825 125/125
f 697/697 1297/1297 2588/2588
f 697/697 2588/2588 2050/2050
f 886/886 1698/1698 2266/2266
f 886/886 2266/2266 1692/1692
f 1271/1271 2598/2598 1195/1195
f 1271/1271 1195/1195 2511/2511
f 1698/1698 772/772 2296/2296
f 1698/1698 2296/2296 2266/2266
f 343/343 2388/2388 970/970
f 343/343 970/970 1710/1710
f 1411/1411 1361/1361 571/571
f 1411/1411 571/571 2143/2143
f 429/429 2598/2598 2347/2347
f 429/429 2347/2347 1780/1780
f 1906/1906 878/878 353/353
f 1906/1906 353/353 123/123
f 1355/1355 1138/1138 878/878
f 1355/1355 878/878 1906/1906
f 696/696 104/104 49/49
f 696/696 49/49 1969/1969
f 926/926 795/795 1411/1411
f 926/926 1411/1411 2143/2143
f 612/612 575/575 1689/1689
f 612/612 1689/1689 1745/1745
f 982/982 1461/1461 2514/2514
f 982/982 2514/2514 1426/1426
f 2708/2708 447/447 1692/1692
f 2708/2708 1692/1692 2266/2266
f 1211/1211 612/612 1745/1745
f 1211/1211 1745/1745 2280/2280
f 436/436 1624/1624 622/622
f 436/436 622/622 561/561
f 1624/1624 926/926 2143/2143
f 1624/1624 2143/2143 622/622
f 668/668 1418/1418 2475/2475
f 668/668 2475/2475 1791/1791
f 447/447 436/436 561/561
f 447/447 561/561 1692/1692
f 656/656 400/400 1507/1507
f 656/656 1507/1507 47/47
f 1623/1623 2709/2709 1062/1062
f 1623/1623 1062/1062 2654/2654
f 1615/1615 2034/2034 2330/2330
f 1615/1615 2330/2330 804/804
f 1299/1299 1822/1822 104/104
f 1299/1299 104/104 644/644
f 2197/2197 2064/2064 1306/1306
f 2197/2197 1306/1306 872/872
f 1720/1720 656/656 47/47
f 1720/1720 47/47 2762/2762
f 1405/1405 2231/2231 1019/1019
f 1405/1405 1019/1019 2705/2705
f 948/948 390/390 2547/2547
f 948/948 2547/2547 947/947
f 872/872 1306/1306 1248/1248
f 872/872 1248/1248 1343/1343
f 1830/1830 1435/1435 2490/2490
f 1830/1830 2490/2490 117/117
f 1499/1499 1253/1253 1930/1930
f 1499/1499 1930/1930 856/856
f 1343/1343 1248/1248 2306/2306
f 1343/1343 2306/2306 798/798
f 50/50 20/20 1142/1142
f 50/50 1142/1142 49/49
f 514/514 2195/2195 1587/1587
f 514/514 1587/1587 2657/2657
f 1807/1807 1720/1720 2762/2762
f 1807/1807 2762/2762 1806/1806
f 1960/1960 453/453 807/807
f 1960/1960 807/807 1995/1995
f 20/20 1079/1079 1080/1080
f 20/20 1080/1080 1142/1142
f 340/340 2549/2549 1971/1971
f 340/340 1971/1971 2500/2500
f 925/925 2104/2104 395/395
f 925/925 395/395 2015/2015
f 400/400 519/519 1632/1632
f 400/400 1632/1632 1507/1507
f 1716/1716 2376/2376 2365/2365
f 1716/1716 2365/2365 803/803
f 1846/1846 619/619 1754/1754
f 1846/1846 1754/1754 1845/1845
f 1259/1259 865/865 1955/1955
f 1259/1259 1955/1955 2315/2315
f 2757/2757 392/392 1726/1726
f 2757/2757 1726/1726 933/933
f 2517/2517 1556/1556 1555/1555
f 2517/2517 1555/1555 2516/2516
f 2437/2437 2472/2472 2536/2536
f 2437/2437 2536/2536 774/774
f 1079/1079 2101/2101 393/393
f 1079/1079 393/393 1080/1080
f 1556/1556 435/435 1546/1546
f 1556/1556 1546/1546 1555/1555
f 1822/1822 50/50 49/49
f 1822/1822 49/49 104/104
f 435/435 2509/2509 845/845
f 435/435 845/845 1546/1546
f 642/642 1670/1670 2664/2664
f 642/642 2664/2664 40/40
f 2509/2509 1211/1211 2280/2280
f 2509/2509 2280/2280 845/845
f 2104/2104 566/566 1684/1684
f 2104/2104 1684/1684 395/395
f 566/566 2445/2445 1856/1856
f 566/566 1856/1856 1684/1684
f 2006/2006 1846/1846 1845/1845
f 2006/2006 1845/1845 271/271
f 2445/2445 955/955 954/954
f 2445/2445 954/954 1856/1856
f 401/401 2006/2006 271/271
f 401/401 271/271 1508/1508
f 2499/2499 1259/1259 2315/2315
f 2499/2499 2315/2315 840/840
f 955/955 1161/1161 2222/2222
f 955/955 2222/2222 954/954
f 557/557 401/401 1508/1508
f 557/557 1508/1508 1668/1668
f 2530/2530 1798/1798 1204/1204
f 2530/2530 1204/1204 1958/1958
f 275/275 2517/2517 2516/2516
f 275/275 2516/2516 1406/1406
f 1161/1161 1327/1327 1326/1326
f 1161/1161 1326/1326 2222/2222
f 1789/1789 557/557 1668/1668
f 1789/1789 1668/1668 54/54
f 1327/1327 1451/1451 2505/2505
f 1327/1327 2505/2505 1326/1326
f 158/158 1789/1789 54/54
f 158/158 54/54 159/159
f 1451/1451 1643/1643 2677/2677
f 1451/1451 2677/2677 2505/2505
f 325/325 158/158 159/159
f 325/325 159/159 1437/1437
f 1643/1643 1811/1811 91/91
f 1643/1643 91/91 2677/2677
f 444/444 325/325 1437/1437
f 444/444 1437/1437 1559/1559
f 479/479 709/709 2678/2678
f 479/479 2678/2678 2049/2049
f 1811/1811 1994/1994 260/260
f 1811/1811 260/260 91/91
f 1719/1719 444/444 1559/1559
f 1719/1719 1559/1559 2761/2761
f 1994/1994 2170/2170 463/463
f 1994/1994 463/463 260/260
f 102/102 1719/1719 2761/2761
f 102/102 2761/2761 103/103
f 2170/2170 2344/2344 624/624
f 2170/2170 624/624 463/463
f 197/197 102/102 103/103
f 197/197 103/103 1336/1336
f 2033/2033 2534/2534 220/220
f 2033/2033 220/220 2329/2329
f 1144/1144 63/63 413/413
f 1144/1144 413/413 2643/2643
f 386/386 197/197 1336/1336
f 386/386 1336/1336 1479/1479
f 2534/2534 479/479 2049/2049
f 2534/2534 2049/2049 220/220
f 2344/2344 2499/2499 840/840
f 2344/2344 840/840 624/624
f 983/983 2111/2111 2563/2563
f 983/983 2563/2563 1446/1446
f 2111/2111 164/164 650/650
f 2111/2111 650/650 2563/2563
f 2709/2709 925/925 2015/2015
f 2709/2709 2015/2015 1062/1062
f 963/963 983/983 1446/1446
f 963/963 1446/1446 319/319
f 865/865 1807/1807 1806/1806
f 865/865 1806/1806 1955/1955
f 2507/2507 902/902 252/252
f 2507/2507 252/252 1927/1927
f 193/193 192/192 2490/2490
f 193/193 2490/2490 1435/1435
f 2235/2235 1017/1017 1018/1018
f 2235/2235 1018/1018 2234/2234
f 902/902 963/963 319/319
f 902/902 319/319 252/252
f 163/163 2284/2284 2160/2160
f 163/163 2160/2160 650/650
f 2692/2692 1630/1630 1903/1903
f 2692/2692 1903/1903 1794/1794
f 2549/2549 1683/1683 1084/1084
f 2549/2549 1084/1084 1971/1971
f 2080/2080 1867/1867 149/149
f 2080/2080 149/149 2081/2081
f 1630/1630 1646/1646 55/55
f 1630/1630 55/55 1903/1903
f 1798/1798 2507/2507 1927/1927
f 1798/1798 1927/1927 1204/1204
f 1646/1646 84/84 2239/2239
f 1646/1646 2239/2239 55/55
f 1017/1017 386/386 1479/1479
f 1017/1017 1479/1479 1018/1018
f 101/101 583/583 2296/2296
f 101/101 2296/2296 581/581
f 2175/2175 989/989 687/687
f 2175/2175 687/687 2578/2578
f 67/67 382/382 2376/2376
f 67/67 2376/2376 1716/1716
f 1418/1418 2235/2235 2234/2234
f 1418/1418 2234/2234 2475/2475
f 301/301 2203/2203 663/663
f 301/301 663/663 989/989
f 795/795 1296/1296 2355/2355
f 795/795 2355/2355 1411/1411
f 2227/2227 2242/2242 1777/1777
f 2227/2227 1777/1777 663/663
f 583/583 2708/2708 2266/2266
f 583/583 2266/2266 2296/2296
f 2427/2427 1623/1623 2654/2654
f 2427/2427 2654/2654 1836/1836
f 575/575 2427/2427 1836/1836
f 575/575 1836/1836 1689/1689
f 198/198 1738/1738 723/723
f 198/198 723/723 2400/2400
f 2421/2421 696/696 1969/1969
f 2421/2421 1969/1969 1138/1138
f 878/878 877/877 2519/2519
f 878/878 2519/2519 353/353
f 353/353 2519/2519 1931/1931
f 353/353 1931/1931 1768/1768
f 1138/1138 1969/1969 877/877
f 1138/1138 877/877 878/878
f 1680/1680 761/761 666/666
f 1680/1680 666/666 1596/1596
f 644/644 323/323 2109/2109
f 644/644 2109/2109 149/149
f 2057/2057 1254/1254 2557/2557
f 2057/2057 2557/2557 1256/1256
f 1256/1256 2557/2557 117/117
f 1256/1256 117/117 2490/2490
f 149/149 2109/2109 1254/1254
f 149/149 1254/1254 2057/2057
f 2366/2366 723/723 666/666
f 2366/2366 666/666 2547/2547
f 1461/1461 668/668 1791/1791
f 1461/1461 1791/1791 2514/2514
f 2475/2475 2400/2400 723/723
f 2475/2475 723/723 1791/1791
f 2559/2559 1222/1222 579/579
f 2559/2559 579/579 244/244
f 1222/1222 2080/2080 2081/2081
f 1222/1222 2081/2081 579/579
f 1054/1054 1127/1127 827/827
f 1054/1054 827/827 321/321
f 321/321 827/827 192/192
f 321/321 192/192 193/193
f 2490/2490 192/192 1736/1736
f 2490/2490 1736/1736 1256/1256
f 192/192 827/827 1202/1202
f 192/192 1202/1202 1736/1736
f 1256/1256 1736/1736 1149/1149
f 1256/1256 1149/1149 2057/2057
f 1736/1736 1202/1202 1260/1260
f 1736/1736 1260/1260 1149/1149
f 2057/2057 1149/1149 2081/2081
f 2057/2057 2081/2081 149/149
f 1149/1149 1260/1260 579/579
f 1149/1149 579/579 2081/2081
f 390/390 589/589 1715/1715
f 390/390 1715/1715 2547/2547
f 21/21 2485/2485 2318/2318
f 21/21 2318/2318 2004/2004
f 1375/1375 985/985 2110/2110
f 1375/1375 2110/2110 1572/1572
f 2180/2180 982/982 1426/1426
f 2180/2180 1426/1426 1158/1158
f 2366/2366 1509/1509 1426/1426
f 2366/2366 1426/1426 2514/2514
f 1808/1808 1110/1110 2110/2110
f 1808/1808 2110/2110 1158/1158
f 2547/2547 1715/1715 1509/1509
f 2547/2547 1509/1509 2366/2366
f 2004/2004 2318/2318 1110/1110
f 2004/2004 1110/1110 1808/1808
f 619/619 275/275 1406/1406
f 619/619 1406/1406 1754/1754
f 2015/2015 491/491 1723/1723
f 2015/2015 1723/1723 1062/1062
f 1754/1754 1406/1406 139/139
f 1754/1754 139/139 8/8
f 374/374 354/354 1985/1985
f 374/374 1985/1985 131/131
f 1792/1792 314/314 1985/1985
f 1792/1792 1985/1985 2102/2102
f 374/374 472/472 1212/1212
f 374/374 1212/1212 354/354
f 472/472 933/933 1726/1726
f 472/472 1726/1726 1212/1212
f 8/8 139/139 392/392
f 8/8 392/392 2757/2757
f 2203/2203 1364/1364 1482/1482
f 2203/2203 1482/1482 663/663
f 2535/2535 14/14 563/563
f 2535/2535 563/563 1076/1076
f 1792/1792 1178/1178 563/563
f 1792/1792 563/563 314/314
f 2535/2535 1076/1076 2431/2431
f 2535/2535 2431/2431 1563/1563
f 1563/1563 2431/2431 1777/1777
f 1563/1563 1777/1777 2242/2242
f 491/491 2227/2227 663/663
f 491/491 663/663 1723/1723
f 146/146 2014/2014 275/275
f 146/146 275/275 619/619
f 568/568 1537/1537 1098/1098
f 568/568 1098/1098 1289/1289
f 2616/2616 679/679 2406/2406
f 2616/2616 2406/2406 2639/2639
f 966/966 321/321 193/193
f 966/966 193/193 2504/2504
f 1655/1655 1054/1054 321/321
f 1655/1655 321/321 966/966
f 2066/2066 1316/1316 668/668
f 2066/2066 668/668 1461/1461
f 1219/1219 234/234 2427/2427
f 1219/1219 2427/2427 575/575
f 234/234 2217/2217 1623/1623
f 234/234 1623/1623 2427/2427
f 108/108 553/553 2708/2708
f 108/108 2708/2708 583/583
f 281/281 1883/1883 1296/1296
f 281/281 1296/1296 795/795
f 939/939 37/37 2235/2235
f 939/939 2235/2235 1418/1418
f 712/712 108/108 583/583
f 712/712 583/583 101/101
f 507/507 2089/2089 386/386
f 507/507 386/386 1017/1017
f 1740/1740 673/673 63/63
f 1740/1740 63/63 1144/1144
f 37/37 507/507 1017/1017
f 37/37 1017/1017 2235/2235
f 2504/2504 193/193 1435/1435
f 2504/2504 1435/1435 2038/2038
f 1470/1470 2394/2394 1807/1807
f 1470/1470 1807/1807 865/865
f 1619/1619 2453/2453 1867/1867
f 1619/1619 1867/1867 2080/2080
f 2268/2268 1539/1539 925/925
f 2268/2268 925/925 2709/2709
f 2106/2106 707/707 1222/1222
f 2106/2106 1222/1222 2559/2559
f 707/707 1619/1619 2080/2080
f 707/707 2080/2080 1222/1222
f 154/154 338/338 2499/2499
f 154/154 2499/2499 2344/2344
f 2089/2089 847/847 197/197
f 2089/2089 197/197 386/386
f 847/847 2410/2410 102/102
f 847/847 102/102 197/197
f 2746/2746 154/154 2344/2344
f 2746/2746 2344/2344 2170/2170
f 2410/2410 2311/2311 1719/1719
f 2410/2410 1719/1719 102/102
f 2572/2572 2746/2746 2170/2170
f 2572/2572 2170/2170 1994/1994
f 2311/2311 1092/1092 444/444
f 2311/2311 444/444 1719/1719
f 2404/2404 2572/2572 1994/1994
f 2404/2404 1994/1994 1811/1811
f 1092/1092 969/969 325/325
f 1092/1092 325/325 444/444
f 1176/1176 2404/2404 1811/1811
f 1176/1176 1811/1811 1643/1643
f 969/969 2469/2469 158/158
f 969/969 158/158 325/325
f 2055/2055 1176/1176 1643/1643
f 2055/2055 1643/1643 1451/1451
f 2469/2469 2368/2368 1789/1789
f 2469/2469 1789/1789 158/158
f 832/832 2055/2055 1451/1451
f 832/832 1451/1451 1327/1327
f 2368/2368 1201/1201 557/557
f 2368/2368 557/557 1789/1789
f 620/620 832/832 1327/1327
f 620/620 1327/1327 1161/1161
f 2014/2014 2071/2071 2517/2517
f 2014/2014 2517/2517 275/275
f 2093/2093 1246/1246 589/589
f 2093/2093 589/589 390/390
f 1201/1201 1042/1042 401/401
f 1201/1201 401/401 557/557
f 457/457 620/620 1161/1161
f 457/457 1161/1161 955/955
f 338/338 1839/1839 1259/1259
f 338/338 1259/1259 2499/2499
f 1042/1042 2585/2585 2006/2006
f 1042/1042 2006/2006 401/401
f 257/257 457/457 955/955
f 257/257 955/955 2445/2445
f 2585/2585 2435/2435 1846/1846
f 2585/2585 1846/1846 2006/2006
f 89/89 257/257 2445/2445
f 89/89 2445/2445 566/566
f 2674/2674 89/89 566/566
f 2674/2674 566/566 2104/2104
f 350/350 1809/1809 1211/1211
f 350/350 1211/1211 2509/2509
f 609/609 315/315 2485/2485
f 609/609 2485/2485 21/21
f 1072/1072 350/350 2509/2509
f 1072/1072 2509/2509 435/435
f 2154/2154 1072/1072 435/435
f 2154/2154 435/435 1556/1556
f 688/688 2437/2437 774/774
f 688/688 774/774 132/132
f 2071/2071 2154/2154 1556/1556
f 2071/2071 1556/1556 2517/2517
f 1839/1839 1470/1470 865/865
f 1839/1839 865/865 1259/1259
f 2435/2435 146/146 619/619
f 2435/2435 619/619 1846/1846
f 1039/1039 1168/1168 519/519
f 1039/1039 519/519 400/400
f 1539/1539 2674/2674 2104/2104
f 1539/1539 2104/2104 925/925
f 2394/2394 2313/2313 1720/1720
f 2394/2394 1720/1720 1807/1807
f 130/130 2739/2739 1264/1264
f 130/130 1264/1264 327/327
f 731/731 2038/2038 1435/1435
f 731/731 1435/1435 1830/1830
f 2313/2313 1308/1308 656/656
f 2313/2313 656/656 1720/1720
f 2217/2217 2268/2268 2709/2709
f 2217/2217 2709/2709 1623/1623
f 1308/1308 1039/1039 400/400
f 1308/1308 400/400 656/656
f 2734/2734 1074/1074 436/436
f 2734/2734 436/436 447/447
f 1316/1316 939/939 1418/1418
f 1316/1316 1418/1418 668/668
f 2224/2224 1542/1542 926/926
f 2224/2224 926/926 1624/1624
f 1074/1074 2224/2224 1624/1624
f 1074/1074 1624/1624 436/436
f 1809/1809 137/137 612/612
f 1809/1809 612/612 1211/1211
f 553/553 2734/2734 447/447
f 553/553 447/447 2708/2708
f 2459/2459 2066/2066 1461/1461
f 2459/2459 1461/1461 982/982
f 137/137 1219/1219 575/575
f 137/137 575/575 612/612
f 1542/1542 281/281 795/795
f 1542/1542 795/795 926/926
f 1168/1168 731/731 1830/1830
f 1168/1168 1830/1830 519/519
f 714/714 1783/1783 50/50
f 714/714 50/50 1822/1822
f 1078/1078 1027/1027 2101/2101
f 1078/1078 2101/2101 1079/1079
f 18/18 1078/1078 1079/1079
f 18/18 1079/1079 20/20
f 1959/1959 1408/1408 1445/1445
f 1959/1959 1445/1445 452/452
f 1783/1783 18/18 20/20
f 1783/1783 20/20 50/50
f 2605/2605 2093/2093 390/390
f 2605/2605 390/390 948/948
f 156/156 714/714 1822/1822
f 156/156 1822/1822 1299/1299
f 2739/2739 1371/1371 64/64
f 2739/2739 64/64 1264/1264
f 1586/1586 2681/2681 902/902
f 1586/1586 902/902 2507/2507
f 2681/2681 2752/2752 963/963
f 2681/2681 963/963 902/902
f 2752/2752 1132/1132 983/983
f 2752/2752 983/983 963/963
f 165/165 1812/1812 1132/1132
f 165/165 1132/1132 2752/2752
f 249/249 165/165 2752/2752
f 249/249 2752/2752 2681/2681
f 356/356 249/249 2681/2681
f 356/356 2681/2681 1586/1586
f 2111/2111 983/983 1132/1132
f 2111/2111 1132/1132 534/534
f 164/164 2111/2111 534/534
f 164/164 534/534 2283/2283
f 196/196 1812/1812 2035/2035
f 196/196 2035/2035 289/289
f 1844/1844 196/196 289/289
f 1844/1844 289/289 2219/2219
f 1445/1445 2684/2684 541/541
f 1445/1445 541/541 2099/2099
f 452/452 1445/1445 2099/2099
f 452/452 2099/2099 1102/1102
f 1837/1837 2185/2185 2232/2232
f 1837/1837 2232/2232 837/837
f 313/313 1391/1391 701/701
f 313/313 701/701 2169/2169
f 2507/2507 1798/1798 1585/1585
f 2507/2507 1585/1585 1586/1586
f 356/356 993/993 276/276
f 356/356 276/276 708/708
f 1264/1264 64/64 674/674
f 1264/1264 674/674 1850/1850
f 188/188 1635/1635 2309/2309
f 188/188 2309/2309 236/236
f 327/327 1264/1264 1850/1850
f 327/327 1850/1850 971/971
f 2169/2169 701/701 202/202
f 2169/2169 202/202 2743/2743
f 901/901 2169/2169 2743/2743
f 901/901 2743/2743 404/404
f 1408/1408 1804/1804 2684/2684
f 1408/1408 2684/2684 1445/1445
f 2594/2594 236/236 2309/2309
f 2594/2594 2309/2309 121/121
f 1586/1586 1585/1585 993/993
f 1586/1586 993/993 356/356
f 2283/2283 534/534 2221/2221
f 2283/2283 2221/2221 604/604
f 534/534 1132/1132 1812/1812
f 534/534 1812/1812 196/196
f 708/708 478/478 249/249
f 708/708 249/249 356/356
f 478/478 2533/2533 165/165
f 478/478 165/165 249/249
f 2533/2533 2035/2035 1812/1812
f 2533/2533 1812/1812 165/165
f 2284/2284 605/605 246/246
f 2284/2284 246/246 2160/2160
f 1570/1570 1773/1773 1852/1852
f 1570/1570 1852/1852 1511/1511
f 2630/2630 502/502 1773/1773
f 2630/2630 1773/1773 1570/1570
f 1511/1511 1852/1852 905/905
f 1511/1511 905/905 348/348
f 2146/2146 2329/2329 502/502
f 2146/2146 502/502 2018/2018
f 2678/2678 825/825 1656/1656
f 2678/2678 1656/1656 905/905
f 2664/2664 2146/2146 2018/2018
f 2664/2664 2018/2018 40/40
f 1335/1335 276/276 993/993
f 1335/1335 993/993 1436/1436
f 2553/2553 689/689 2185/2185
f 2553/2553 2185/2185 1837/1837
f 2231/2231 2186/2186 1579/1579
f 2231/2231 1579/1579 1019/1019
f 1297/1297 697/697 1656/1656
f 1297/1297 1656/1656 825/825
f 1181/1181 697/697 2050/2050
f 1181/1181 2050/2050 2432/2432
f 783/783 177/177 182/182
f 783/783 182/182 2710/2710
f 1325/1325 2659/2659 1869/1869
f 1325/1325 1869/1869 1576/1576
f 2127/2127 783/783 2710/2710
f 2127/2127 2710/2710 1607/1607
f 2128/2128 1608/1608 1463/1463
f 2128/2128 1463/1463 812/812
f 1634/1634 1868/1868 2706/2706
f 1634/1634 2706/2706 1721/1721
f 558/558 127/127 1475/1475
f 558/558 1475/1475 150/150
f 343/343 127/127 2422/2422
f 343/343 2422/2422 773/773
f 1995/1995 773/773 2422/2422
f 1995/1995 2422/2422 1463/1463
f 72/72 1397/1397 1229/1229
f 72/72 1229/1229 2612/2612
f 1939/1939 72/72 2612/2612
f 1939/1939 2612/2612 1136/1136
f 1713/1713 1007/1007 1785/1785
f 1713/1713 1785/1785 151/151
f 1370/1370 1228/1228 2737/2737
f 1370/1370 2737/2737 2583/2583
f 856/856 2397/2397 2552/2552
f 856/856 2552/2552 1785/1785
f 2397/2397 2583/2583 2737/2737
f 2397/2397 2737/2737 2552/2552
f 293/293 2084/2084 2536/2536
f 293/293 2536/2536 2472/2472
f 772/772 417/417 581/581
f 772/772 581/581 2296/2296
f 598/598 1271/1271 417/417
f 598/598 417/417 1650/1650
f 701/701 60/60 2371/2371
f 701/701 2371/2371 202/202
f 1296/1296 2205/2205 2206/2206
f 1296/1296 2206/2206 2355/2355
f 1958/1958 598/598 1650/1650
f 1958/1958 1650/1650 2206/2206
f 2544/2544 993/993 1585/1585
f 2544/2544 1585/1585 869/869
f 2453/2453 156/156 1299/1299
f 2453/2453 1299/1299 1867/1867
f 1027/1027 2605/2605 948/948
f 1027/1027 948/948 2101/2101
f 104/104 696/696 323/323
f 104/104 323/323 644/644
f 1768/1768 1931/1931 761/761
f 1768/1768 761/761 1680/1680
f 2101/2101 948/948 947/947
f 2101/2101 947/947 393/393
f 1867/1867 1299/1299 644/644
f 1867/1867 644/644 149/149
f 1355/1355 1906/1906 1453/1453
f 1355/1355 1453/1453 1278/1278
f 123/123 247/247 923/923
f 123/123 923/923 2353/2353
f 247/247 1768/1768 1680/1680
f 247/247 1680/1680 923/923
f 1931/1931 393/393 947/947
f 1931/1931 947/947 761/761
f 696/696 2421/2421 1089/1089
f 696/696 1089/1089 323/323
f 1906/1906 123/123 2353/2353
f 1906/1906 2353/2353 1453/1453
f 442/442 1355/1355 1278/1278
f 442/442 1278/1278 927/927
f 2421/2421 442/442 927/927
f 2421/2421 927/927 1089/1089
f 315/315 1740/1740 1144/1144
f 315/315 1144/1144 2485/2485
f 2201/2201 739/739 1253/1253
f 2201/2201 1253/1253 1598/1598
f 1253/1253 1375/1375 1572/1572
f 1253/1253 1572/1572 1930/1930
f 2485/2485 1144/1144 2643/2643
f 2485/2485 2643/2643 2318/2318
f 1110/1110 2498/2498 1572/1572
f 1110/1110 1572/1572 2110/2110
f 2318/2318 2643/2643 2498/2498
f 2318/2318 2498/2498 1110/1110
f 1104/1104 2106/2106 2559/2559
f 1104/1104 2559/2559 453/453
f 120/120 2308/2308 932/932
f 120/120 932/932 433/433
f 453/453 2559/2559 244/244
f 453/453 244/244 807/807
f 827/827 1127/1127 602/602
f 827/827 602/602 1202/1202
f 1202/1202 602/602 2275/2275
f 1202/1202 2275/2275 1260/1260
f 1260/1260 2275/2275 244/244
f 1260/1260 244/244 579/579
f 177/177 1325/1325 1576/1576
f 177/177 1576/1576 182/182
f 2751/2751 2553/2553 1837/1837
f 2751/2751 1837/1837 1436/1436
f 541/541 2684/2684 236/236
f 541/541 236/236 2594/2594
f 2473/2473 901/901 404/404
f 2473/2473 404/404 290/290
f 1804/1804 188/188 236/236
f 1804/1804 236/236 2684/2684
f 1436/1436 1837/1837 837/837
f 1436/1436 837/837 1335/1335
f 433/433 932/932 1054/1054
f 433/433 1054/1054 1655/1655
f 1378/1378 1376/1376 712/712
f 1378/1378 712/712 101/101
f 1721/1721 2706/2706 1475/1475
f 1721/1721 1475/1475 1710/1710
f 932/932 970/970 1127/1127
f 932/932 1127/1127 1054/1054
f 1019/1019 1579/1579 2050/2050
f 1019/1019 2050/2050 2588/2588
f 1378/1378 101/101 581/581
f 1378/1378 581/581 2511/2511
f 774/774 2536/2536 1195/1195
f 774/774 1195/1195 23/23
f 2705/2705 1019/1019 2588/2588
f 2705/2705 2588/2588 2373/2373
f 426/426 1939/1939 1136/1136
f 426/426 1136/1136 169/169
f 1597/1597 327/327 971/971
f 1597/1597 971/971 2199/2199
f 2356/2356 1844/1844 2219/2219
f 2356/2356 2219/2219 645/645
f 306/306 130/130 327/327
f 306/306 327/327 1597/1597
f 427/427 170/170 1007/1007
f 427/427 1007/1007 1713/1713
f 2357/2357 646/646 1670/1670
f 2357/2357 1670/1670 642/642
f 307/307 1598/1598 1253/1253
f 307/307 1253/1253 1499/1499
f 1253/1253 739/739 1465/1465
f 1253/1253 1465/1465 1375/1375
f 2160/2160 246/246 642/642
f 2160/2160 642/642 40/40
f 642/642 246/246 605/605
f 642/642 605/605 2357/2357
f 604/604 2221/2221 1844/1844
f 604/604 1844/1844 2356/2356
f 1844/1844 2221/2221 534/534
f 1844/1844 534/534 196/196
f 647/647 2352/2352 1251/1251
f 647/647 1251/1251 1671/1671
f 645/645 2219/2219 2210/2210
f 645/645 2210/2210 2351/2351
f 1671/1671 1251/1251 30/30
f 1671/1671 30/30 2665/2665
f 2219/2219 289/289 2016/2016
f 2219/2219 2016/2016 2210/2210
f 289/289 2035/2035 1614/1614
f 289/289 1614/1614 2016/2016
f 1396/1396 1615/1615 804/804
f 1396/1396 804/804 147/147
f 151/151 1678/1678 626/626
f 151/151 626/626 30/30
f 1678/1678 147/147 804/804
f 1678/1678 804/804 626/626
f 2552/2552 2737/2737 147/147
f 2552/2552 147/147 1678/1678
f 1785/1785 2552/2552 1678/1678
f 1785/1785 1678/1678 151/151
f 1228/1228 1396/1396 147/147
f 1228/1228 147/147 2737/2737
f 2352/2352 427/427 1713/1713
f 2352/2352 1713/1713 1251/1251
f 2351/2351 2210/2210 1939/1939
f 2351/2351 1939/1939 426/426
f 1251/1251 1713/1713 151/151
f 1251/1251 151/151 30/30
f 2210/2210 2016/2016 72/72
f 2210/2210 72/72 1939/1939
f 2016/2016 1614/1614 1397/1397
f 2016/2016 1397/1397 72/72
f 326/326 2705/2705 2373/2373
f 326/326 2373/2373 150/150
f 1335/1335 837/837 1125/1125
f 1335/1335 1125/1125 2640/2640
f 1297/1297 1124/1124 2373/2373
f 1297/1297 2373/2373 2588/2588
f 709/709 441/441 748/748
f 709/709 748/748 2678/2678
f 708/708 276/276 2270/2270
f 708/708 2270/2270 440/440
f 837/837 2232/2232 1404/1404
f 837/837 1404/1404 1125/1125
f 276/276 1335/1335 2640/2640
f 276/276 2640/2640 2270/2270
f 2658/2658 1405/1405 2705/2705
f 2658/2658 2705/2705 326/326
f 558/558 1124/1124 125/125
f 558/558 125/125 669/669
f 812/812 669/669 125/125
f 812/812 125/125 748/748
f 1463/1463 2422/2422 669/669
f 1463/1463 669/669 812/812
f 127/127 558/558 669/669
f 127/127 669/669 2422/2422
f 1868/1868 2658/2658 326/326
f 1868/1868 326/326 2706/2706
f 2706/2706 326/326 150/150
f 2706/2706 150/150 1475/1475
f 2640/2640 1125/1125 1325/1325
f 2640/2640 1325/1325 177/177
f 1124/1124 558/558 150/150
f 1124/1124 150/150 2373/2373
f 441/441 2128/2128 812/812
f 441/441 812/812 748/748
f 440/440 2270/2270 783/783
f 440/440 783/783 2127/2127
f 1125/1125 1404/1404 2659/2659
f 1125/1125 2659/2659 1325/1325
f 2270/2270 2640/2640 177/177
f 2270/2270 177/177 783/783
f 170/170 307/307 1499/1499
f 170/170 1499/1499 1007/1007
f 169/169 1136/1136 130/130
f 169/169 130/130 306/306
f 194/194 413/413 2583/2583
f 194/194 2583/2583 2397/2397
f 1930/1930 194/194 2397/2397
f 1930/1930 2397/2397 856/856
f 63/63 1370/1370 2583/2583
f 63/63 2583/2583 413/413
f 2612/2612 1229/1229 1371/1371
f 2612/2612 1371/1371 2739/2739
f 1136/1136 2612/2612 2739/2739
f 1136/1136 2739/2739 130/130
f 1007/1007 1499/1499 856/856
f 1007/1007 856/856 1785/1785
f 932/932 1721/1721 1710/1710
f 932/932 1710/1710 970/970
f 182/182 1576/1576 188/188
f 182/182 188/188 1804/1804
f 807/807 266/266 773/773
f 807/807 773/773 1995/1995
f 2388/2388 343/343 773/773
f 2388/2388 773/773 266/266
f 2308/2308 1634/1634 1721/1721
f 2308/2308 1721/1721 932/932
f 2710/2710 182/182 1804/1804
f 2710/2710 1804/1804 1408/1408
f 1576/1576 1869/1869 1635/1635
f 1576/1576 1635/1635 188/188
f 1607/1607 2710/2710 1408/1408
f 1607/1607 1408/1408 1959/1959
f 1608/1608 1960/1960 1995/1995
f 1608/1608 1995/1995 1463/1463
f 127/127 343/343 1710/1710
f 127/127 1710/1710 1475/1475
f 2169/2169 901/901 2515/2515
f 2169/2169 2515/2515 313/313
f 901/901 2473/2473 2438/2438
f 901/901 2438/2438 2515/2515
f 2751/2751 2544/2544 1391/1391
f 2751/2751 1391/1391 313/313
f 701/701 1391/1391 1117/1117
f 701/701 1117/1117 60/60
f 2530/2530 2205/2205 1117/1117
f 2530/2530 1117/1117 869/869
f 60/60 1117/1117 2205/2205
f 60/60 2205/2205 1296/1296
f 60/60 1296/1296 1883/1883
f 60/60 1883/1883 2371/2371
f 1798/1798 2530/2530 869/869
f 1798/1798 869/869 1585/1585
f 1436/1436 993/993 2544/2544
f 1436/1436 2544/2544 2751/2751
f 2536/2536 1378/1378 2511/2511
f 2536/2536 2511/2511 1195/1195
f 2536/2536 2084/2084 1376/1376
f 2536/2536 1376/1376 1378/1378
f 313/313 2515/2515 2553/2553
f 313/313 2553/2553 2751/2751
f 1391/1391 2544/2544 869/869
f 1391/1391 869/869 1117/1117
f 1204/1204 2347/2347 598/598
f 1204/1204 598/598 1958/1958
f 2347/2347 2598/2598 1271/1271
f 2347/2347 1271/1271 598/598
f 2515/2515 2438/2438 689/689
f 2515/2515 689/689 2553/2553
f 2186/2186 688/688 132/132
f 2186/2186 132/132 1579/1579
f 2205/2205 2530/2530 1958/1958
f 2205/2205 1958/1958 2206/2206
f 417/417 1271/1271 2511/2511
f 417/417 2511/2511 581/581
f 2598/2598 429/429 23/23
f 2598/2598 23/23 1195/1195
f 1181/1181 429/429 1780/1780
f 1181/1181 1780/1780 790/790
f 697/697 1181/1181 790/790
f 697/697 790/790 1656/1656
f 429/429 1181/1181 2432/2432
f 429/429 2432/2432 23/23
f 1579/1579 132/132 2432/2432
f 1579/1579 2432/2432 2050/2050
f 132/132 774/774 23/23
f 132/132 23/23 2432/2432
f 2596/2596 790/790 1780/1780
f 2596/2596 1780/1780 383/383
f 383/383 1780/1780 2347/2347
f 383/383 2347/2347 348/348
f 348/348 905/905 2596/2596
f 348/348 2596/2596 383/383
f 2325/2325 485/485 2459/2459
f 2325/2325 2459/2459 982/982
f 690/690 2325/2325 982/982
f 690/690 982/982 2180/2180
f 916/916 1877/1877 985/985
f 916/916 985/985 1375/1375
f 1465/1465 2426/2426 916/916
f 1465/1465 916/916 1375/1375
f 241/241 1984/1984 2443/2443
f 241/241 2443/2443 1289/1289
f 2639/2639 758/758 1098/1098
f 2639/2639 1098/1098 889/889
f 1537/1537 1896/1896 889/889
f 1537/1537 889/889 1098/1098
f 1953/1953 116/116 2443/2443
f 1953/1953 2443/2443 1984/1984
f 758/758 241/241 1289/1289
f 758/758 1289/1289 1098/1098
f 1877/1877 690/690 2180/2180
f 1877/1877 2180/2180 985/985
f 1246/1246 609/609 21/21
f 1246/1246 21/21 589/589
f 116/116 568/568 1289/1289
f 116/116 1289/1289 2443/2443
f 1715/1715 2004/2004 1808/1808
f 1715/1715 1808/1808 1509/1509
f 1509/1509 1808/1808 1158/1158
f 1509/1509 1158/1158 1426/1426
f 985/985 2180/2180 1158/1158
f 985/985 1158/1158 2110/2110
f 589/589 21/21 2004/2004
f 589/589 2004/2004 1715/1715
f 1537/1537 568/568 690/690
f 1537/1537 690/690 1877/1877
f 2616/2616 1896/1896 916/916
f 2616/2616 916/916 2426/2426
f 1896/1896 1537/1537 1877/1877
f 1896/1896 1877/1877 916/916
f 568/568 116/116 2325/2325
f 568/568 2325/2325 690/690
f 1953/1953 403/403 2459/2459
f 1953/1953 2459/2459 485/485
f 116/116 1953/1953 485/485
f 116/116 485/485 2325/2325
f 679/679 2616/2616 2426/2426
f 679/679 2426/2426 1465/1465
f 1728/1728 2271/2271 241/241
f 1728/1728 241/241 758/758
f 403/403 1953/1953 1984/1984
f 403/403 1984/1984 2183/2183
f 2406/2406 1728/1728 758/758
f 2406/2406 758/758 2639/2639
f 2271/2271 2183/2183 1984/1984
f 2271/2271 1984/1984 241/241
f 1896/1896 2616/2616 2639/2639
f 1896/1896 2639/2639 889/889
f 2692/2692 1364/1364 1084/1084
f 2692/2692 1084/1084 2103/2103
f 1630/1630 2692/2692 2103/2103
f 1630/1630 2103/2103 1139/1139
f 1646/1646 1630/1630 1139/1139
f 1646/1646 1139/1139 909/909
f 84/84 1646/1646 909/909
f 84/84 909/909 1457/1457
f 2260/2260 779/779 2657/2657
f 2260/2260 2657/2657 1587/1587
f 301/301 2260/2260 1587/1587
f 301/301 1587/1587 2500/2500
f 2203/2203 301/301 2500/2500
f 2203/2203 2500/2500 1971/1971
f 1364/1364 2203/2203 1971/1971
f 1364/1364 1971/1971 1084/1084
f 2194/2194 270/270 2197/2197
f 2194/2194 2197/2197 872/872
f 1582/1582 2194/2194 872/872
f 1582/1582 872/872 1343/1343
f 2546/2546 1582/1582 1343/1343
f 2546/2546 1343/1343 798/798
f 1457/1457 2546/2546 798/798
f 1457/1457 798/798 84/84
f 2167/2167 2657/2657 779/779
f 2167/2167 779/779 2711/2711
f 1961/1961 2167/2167 2711/2711
f 1961/1961 2711/2711 1415/1415
f 2048/2048 1961/1961 1415/1415
f 2048/2048 1415/1415 1701/1701
f 270/270 2048/2048 1701/1701
f 270/270 1701/1701 2197/2197
f 1683/1683 2671/2671 2103/2103
f 1683/1683 2103/2103 1084/1084
f 1415/1415 803/803 392/392
f 1415/1415 392/392 1701/1701
f 779/779 67/67 1716/1716
f 779/779 1716/1716 2711/2711
f 2260/2260 301/301 989/989
f 2260/2260 989/989 2175/2175
f 2711/2711 1716/1716 803/803
f 2711/2711 803/803 1415/1415
f 779/779 2260/2260 2175/2175
f 779/779 2175/2175 67/67
f 803/803 2365/2365 1726/1726
f 803/803 1726/1726 392/392
f 1701/1701 392/392 2064/2064
f 1701/1701 2064/2064 2197/2197
f 15/15 1756/1756 888/888
f 15/15 888/888 253/253
f 253/253 888/888 705/705
f 253/253 705/705 1693/1693
f 1693/1693 705/705 2444/2444
f 1693/1693 2444/2444 2668/2668
f 2668/2668 2444/2444 1340/1340
f 2668/2668 1340/1340 760/760
f 2196/2196 1727/1727 2667/2667
f 2196/2196 2667/2667 339/339
f 1914/1914 2220/2220 1660/1660
f 1914/1914 1660/1660 1241/1241
f 1547/1547 1934/1934 162/162
f 1547/1547 162/162 232/232
f 2430/2430 1793/1793 1756/1756
f 2430/2430 1756/1756 15/15
f 2113/2113 2233/2233 1383/1383
f 2113/2113 1383/1383 2506/2506
f 2506/2506 1383/1383 2144/2144
f 2506/2506 2144/2144 607/607
f 1374/1374 1892/1892 2144/2144
f 1374/1374 2144/2144 1000/1000
f 1892/1892 1374/1374 2629/2629
f 1892/1892 2629/2629 496/496
f 1413/1413 126/126 210/210
f 1413/1413 210/210 2480/2480
f 7/7 2317/2317 420/420
f 7/7 420/420 920/920
f 1514/1514 2122/2122 1589/1589
f 1514/1514 1589/1589 2063/2063
f 2087/2087 2226/2226 830/830
f 2087/2087 830/830 665/665
f 2670/2670 2236/2236 2322/2322
f 2670/2670 2322/2322 1732/1732
f 1732/1732 2322/2322 2122/2122
f 1732/1732 2122/2122 1514/1514
f 546/546 2214/2214 126/126
f 546/546 126/126 1413/1413
f 2564/2564 2291/2291 1629/1629
f 2564/2564 1629/1629 484/484
f 2343/2343 607/607 2291/2291
f 2343/2343 2291/2291 2564/2564
f 2496/2496 2506/2506 607/607
f 2496/2496 607/607 2343/2343
f 853/853 2113/2113 2506/2506
f 853/853 2506/2506 2496/2496
f 921/921 1399/1399 22/22
f 921/921 22/22 1173/1173
f 2076/2076 1660/1660 2220/2220
f 2076/2076 2220/2220 1531/1531
f 755/755 1447/1447 1660/1660
f 755/755 1660/1660 2076/2076
f 446/446 853/853 2496/2496
f 446/446 2496/2496 2069/2069
f 2069/2069 2496/2496 2343/2343
f 2069/2069 2343/2343 213/213
f 213/213 2343/2343 2564/2564
f 213/213 2564/2564 2026/2026
f 2026/2026 2564/2564 484/484
f 2026/2026 484/484 892/892
f 893/893 809/809 1447/1447
f 893/893 1447/1447 755/755
f 782/782 2480/2480 210/210
f 782/782 210/210 2699/2699
f 2360/2360 2076/2076 1531/1531
f 2360/2360 1531/1531 1909/1909
f 816/816 755/755 2076/2076
f 816/816 2076/2076 2360/2360
f 1781/1781 446/446 2069/2069
f 1781/1781 2069/2069 222/222
f 222/222 2069/2069 213/213
f 222/222 213/213 1303/1303
f 1303/1303 213/213 2026/2026
f 1303/1303 2026/2026 22/22
f 22/22 2026/2026 892/892
f 22/22 892/892 1173/1173
f 1206/1206 893/893 755/755
f 1206/1206 755/755 816/816
f 1967/1967 782/782 2699/2699
f 1967/1967 2699/2699 1483/1483
f 462/462 106/106 1262/1262
f 462/462 1262/1262 1805/1805
f 1399/1399 222/222 1303/1303
f 1399/1399 1303/1303 22/22
f 1399/1399 921/921 168/168
f 1399/1399 168/168 1952/1952
f 1262/1262 2153/2153 1483/1483
f 1262/1262 1483/1483 2655/2655
f 1206/1206 816/816 2360/2360
f 1206/1206 2360/2360 1805/1805
f 106/106 141/141 2153/2153
f 106/106 2153/2153 1262/1262
f 222/222 1399/1399 1952/1952
f 222/222 1952/1952 1781/1781
f 126/126 152/152 1305/1305
f 126/126 1305/1305 210/210
f 2699/2699 1699/1699 2655/2655
f 2699/2699 2655/2655 1483/1483
f 2753/2753 921/921 1173/1173
f 2753/2753 1173/1173 684/684
f 2214/2214 1266/1266 152/152
f 2214/2214 152/152 126/126
f 210/210 1305/1305 1699/1699
f 210/210 1699/1699 2699/2699
f 1824/1824 168/168 921/921
f 1824/1824 921/921 2753/2753
f 141/141 2402/2402 248/248
f 141/141 248/248 2153/2153
f 2402/2402 799/799 1214/1214
f 2402/2402 1214/1214 248/248
f 799/799 1981/1981 2115/2115
f 799/799 2115/2115 1214/1214
f 1981/1981 1485/1485 1947/1947
f 1981/1981 1947/1947 2115/2115
f 1485/1485 2617/2617 51/51
f 1485/1485 51/51 1947/1947
f 2617/2617 1052/1052 999/999
f 2617/2617 999/999 51/51
f 1052/1052 492/492 1904/1904
f 1052/1052 1904/1904 999/999
f 492/492 2724/2724 24/24
f 492/492 24/24 1904/1904
f 2724/2724 1172/1172 2615/2615
f 2724/2724 2615/2615 24/24
f 1172/1172 2350/2350 1866/1866
f 1172/1172 1866/1866 2615/2615
f 2350/2350 1824/1824 2753/2753
f 2350/2350 2753/2753 1866/1866
f 2153/2153 248/248 1967/1967
f 2153/2153 1967/1967 1483/1483
f 248/248 1214/1214 2387/2387
f 248/248 2387/2387 1967/1967
f 1214/1214 2115/2115 1801/1801
f 1214/1214 1801/1801 2387/2387
f 2115/2115 1947/1947 2278/2278
f 2115/2115 2278/2278 1801/1801
f 1947/1947 51/51 2729/2729
f 1947/1947 2729/2729 2278/2278
f 51/51 999/999 2161/2161
f 51/51 2161/2161 2729/2729
f 999/999 1904/1904 952/952
f 999/999 952/952 2161/2161
f 1904/1904 24/24 311/311
f 1904/1904 311/311 952/952
f 24/24 2615/2615 826/826
f 24/24 826/826 311/311
f 2615/2615 1866/1866 1323/1323
f 2615/2615 1323/1323 826/826
f 1866/1866 2753/2753 684/684
f 1866/1866 684/684 1323/1323
f 1173/1173 892/892 75/75
f 1173/1173 75/75 684/684
f 684/684 75/75 2044/2044
f 684/684 2044/2044 1323/1323
f 1323/1323 2044/2044 1240/1240
f 1323/1323 1240/1240 826/826
f 826/826 1240/1240 373/373
f 826/826 373/373 311/311
f 311/311 373/373 2333/2333
f 311/311 2333/2333 952/952
f 952/952 2333/2333 1510/1510
f 952/952 1510/1510 2161/2161
f 2161/2161 1510/1510 649/649
f 2161/2161 649/649 2729/2729
f 2729/2729 649/649 437/437
f 2729/2729 437/437 2278/2278
f 2278/2278 437/437 2389/2389
f 2278/2278 2389/2389 1801/1801
f 1801/1801 2389/2389 1633/1633
f 1801/1801 1633/1633 2387/2387
f 2387/2387 1633/1633 782/782
f 2387/2387 782/782 1967/1967
f 892/892 484/484 2141/2141
f 892/892 2141/2141 75/75
f 75/75 2141/2141 470/470
f 75/75 470/470 2044/2044
f 2044/2044 470/470 1014/1014
f 2044/2044 1014/1014 1240/1240
f 1240/1240 1014/1014 412/412
f 1240/1240 412/412 373/373
f 373/373 412/412 2604/2604
f 373/373 2604/2604 2333/2333
f 2333/2333 2604/2604 355/355
f 2333/2333 355/355 1510/1510
f 1510/1510 355/355 2556/2556
f 1510/1510 2556/2556 649/649
f 649/649 2556/2556 278/278
f 649/649 278/278 437/437
f 437/437 278/278 2543/2543
f 437/437 2543/2543 2389/2389
f 2389/2389 2543/2543 269/269
f 2389/2389 269/269 1633/1633
f 1633/1633 269/269 2480/2480
f 1633/1633 2480/2480 782/782
f 496/496 1085/1085 2037/2037
f 496/496 2037/2037 1629/1629
f 1085/1085 2675/2675 2448/2448
f 1085/1085 2448/2448 2037/2037
f 2675/2675 481/481 1814/1814
f 2675/2675 1814/1814 2448/2448
f 481/481 1121/1121 527/527
f 481/481 527/527 1814/1814
f 1121/1121 1659/1659 2631/2631
f 1121/1121 2631/2631 527/527
f 1659/1659 2212/2212 334/334
f 1659/1659 334/334 2631/2631
f 2212/2212 1088/1088 778/778
f 2212/2212 778/778 334/334
f 1088/1088 1640/1640 1232/1232
f 1088/1088 1232/1232 778/778
f 1640/1640 2190/2190 539/539
f 1640/1640 539/539 1232/1232
f 2190/2190 2758/2758 2068/2068
f 2190/2190 2068/2068 539/539
f 2758/2758 546/546 1413/1413
f 2758/2758 1413/1413 2068/2068
f 1629/1629 2037/2037 2141/2141
f 1629/1629 2141/2141 484/484
f 2037/2037 2448/2448 470/470
f 2037/2037 470/470 2141/2141
f 2448/2448 1814/1814 1014/1014
f 2448/2448 1014/1014 470/470
f 1814/1814 527/527 412/412
f 1814/1814 412/412 1014/1014
f 527/527 2631/2631 2604/2604
f 527/527 2604/2604 412/412
f 2631/2631 334/334 355/355
f 2631/2631 355/355 2604/2604
f 334/334 778/778 2556/2556
f 334/334 2556/2556 355/355
f 778/778 1232/1232 278/278
f 778/778 278/278 2556/2556
f 1232/1232 539/539 2543/2543
f 1232/1232 2543/2543 278/278
f 539/539 2068/2068 269/269
f 539/539 269/269 2543/2543
f 2068/2068 1413/1413 2480/2480
f 2068/2068 2480/2480 269/269
f 2225/2225 2177/2177 567/567
f 2225/2225 567/567 1601/1601
f 2177/2177 2142/2142 560/560
f 2177/2177 560/560 567/567
f 2142/2142 53/53 2636/2636
f 2142/2142 2636/2636 560/560
f 53/53 760/760 1340/1340
f 53/53 1340/1340 2636/2636
f 2740/2740 2290/2290 35/35
f 2740/2740 35/35 515/515
f 2627/2627 2181/2181 2086/2086
f 2627/2627 2086/2086 2541/2541
f 2063/2063 1589/1589 2662/2662
f 2063/2063 2662/2662 388/388
f 908/908 2225/2225 1601/1601
f 908/908 1601/1601 430/430
f 2370/2370 1311/1311 2593/2593
f 2370/2370 2593/2593 2335/2335
f 2245/2245 550/550 397/397
f 2245/2245 397/397 2135/2135
f 545/545 228/228 33/33
f 545/545 33/33 1295/1295
f 16/16 1447/1447 809/809
f 16/16 809/809 1425/1425
f 1872/1872 1843/1843 660/660
f 1872/1872 660/660 1771/1771
f 2541/2541 2086/2086 2290/2290
f 2541/2541 2290/2290 2740/2740
f 920/920 420/420 2181/2181
f 920/920 2181/2181 2627/2627
f 2191/2191 1722/1722 2317/2317
f 2191/2191 2317/2317 7/7
f 388/388 2662/2662 1722/1722
f 388/388 1722/1722 2191/2191
f 397/397 1872/1872 1771/1771
f 397/397 1771/1771 1996/1996
f 1349/1349 483/483 505/505
f 1349/1349 505/505 1816/1816
f 1928/1928 1349/1349 1816/1816
f 1928/1928 1816/1816 1311/1311
f 2230/2230 1928/1928 1311/1311
f 2230/2230 1311/1311 2370/2370
f 853/853 2230/2230 2370/2370
f 853/853 2370/2370 2113/2113
f 564/564 279/279 2168/2168
f 564/564 2168/2168 1414/1414
f 2385/2385 1531/1531 2220/2220
f 2385/2385 2220/2220 324/324
f 1337/1337 2385/2385 324/324
f 1337/1337 324/324 1422/1422
f 446/446 771/771 2230/2230
f 446/446 2230/2230 853/853
f 771/771 90/90 1928/1928
f 771/771 1928/1928 2230/2230
f 90/90 1518/1518 1349/1349
f 90/90 1349/1349 1928/1928
f 1518/1518 596/596 483/483
f 1518/1518 483/483 1349/1349
f 2401/2401 1337/1337 1422/1422
f 2401/2401 1422/1422 749/749
f 1920/1920 358/358 660/660
f 1920/1920 660/660 1843/1843
f 521/521 1909/1909 1531/1531
f 521/521 1531/1531 2385/2385
f 517/517 521/521 2385/2385
f 517/517 2385/2385 1337/1337
f 1781/1781 844/844 771/771
f 1781/1781 771/771 446/446
f 844/844 214/214 90/90
f 844/844 90/90 771/771
f 214/214 2168/2168 1518/1518
f 214/214 1518/1518 90/90
f 2168/2168 279/279 596/596
f 2168/2168 596/596 1518/1518
f 488/488 517/517 1337/1337
f 488/488 1337/1337 2401/2401
f 114/114 1642/1642 358/358
f 114/114 358/358 1920/1920
f 462/462 394/394 242/242
f 462/462 242/242 106/106
f 1414/1414 2168/2168 214/214
f 1414/1414 214/214 844/844
f 1414/1414 1952/1952 168/168
f 1414/1414 168/168 564/564
f 242/242 1622/1622 1642/1642
f 242/242 1642/1642 967/967
f 488/488 394/394 521/521
f 488/488 521/521 517/517
f 106/106 242/242 967/967
f 106/106 967/967 141/141
f 844/844 1781/1781 1952/1952
f 844/844 1952/1952 1414/1414
f 1771/1771 660/660 2719/2719
f 1771/1771 2719/2719 1831/1831
f 358/358 1642/1642 1622/1622
f 358/358 1622/1622 590/590
f 876/876 1854/1854 279/279
f 876/876 279/279 564/564
f 1996/1996 1771/1771 1831/1831
f 1996/1996 1831/1831 750/750
f 660/660 358/358 590/590
f 660/660 590/590 2719/2719
f 1824/1824 876/876 564/564
f 1824/1824 564/564 168/168
f 141/141 967/967 655/655
f 141/141 655/655 2402/2402
f 2402/2402 655/655 1492/1492
f 2402/2402 1492/1492 799/799
f 799/799 1492/1492 1277/1277
f 799/799 1277/1277 1981/1981
f 1981/1981 1277/1277 988/988
f 1981/1981 988/988 1485/1485
f 1485/1485 988/988 734/734
f 1485/1485 734/734 2617/2617
f 2617/2617 734/734 2164/2164
f 2617/2617 2164/2164 1052/1052
f 1052/1052 2164/2164 1885/1885
f 1052/1052 1885/1885 492/492
f 492/492 1885/1885 1663/1663
f 492/492 1663/1663 2724/2724
f 2724/2724 1663/1663 1382/1382
f 2724/2724 1382/1382 1172/1172
f 1172/1172 1382/1382 1130/1130
f 1172/1172 1130/1130 2350/2350
f 2350/2350 1130/1130 876/876
f 2350/2350 876/876 1824/1824
f 967/967 1642/1642 114/114
f 967/967 114/114 655/655
f 655/655 114/114 1992/1992
f 655/655 1992/1992 1492/1492
f 1492/1492 1992/1992 474/474
f 1492/1492 474/474 1277/1277
f 1277/1277 474/474 2332/2332
f 1277/1277 2332/2332 988/988
f 988/988 2332/2332 792/792
f 988/988 792/792 734/734
f 734/734 792/792 1012/1012
f 734/734 1012/1012 2164/2164
f 2164/2164 1012/1012 1175/1175
f 2164/2164 1175/1175 1885/1885
f 1885/1885 1175/1175 2418/2418
f 1885/1885 2418/2418 1663/1663
f 1663/1663 2418/2418 1506/1506
f 1663/1663 1506/1506 1382/1382
f 1382/1382 1506/1506 2759/2759
f 1382/1382 2759/2759 1130/1130
f 1130/1130 2759/2759 1854/1854
f 1130/1130 1854/1854 876/876
f 279/279 1854/1854 767/767
f 279/279 767/767 596/596
f 1854/1854 2759/2759 975/975
f 1854/1854 975/975 767/767
f 2759/2759 1506/1506 1141/1141
f 2759/2759 1141/1141 975/975
f 1506/1506 2418/2418 1321/1321
f 1506/1506 1321/1321 1141/1141
f 2418/2418 1175/1175 2512/2512
f 2418/2418 2512/2512 1321/1321
f 1175/1175 1012/1012 2698/2698
f 1175/1175 2698/2698 2512/2512
f 1012/1012 792/792 78/78
f 1012/1012 78/78 2698/2698
f 792/792 2332/2332 262/262
f 792/792 262/262 78/78
f 2332/2332 474/474 1580/1580
f 2332/2332 1580/1580 262/262
f 474/474 1992/1992 1744/1744
f 474/474 1744/1744 1580/1580
f 1992/1992 114/114 1920/1920
f 1992/1992 1920/1920 1744/1744
f 596/596 767/767 409/409
f 596/596 409/409 483/483
f 767/767 975/975 2047/2047
f 767/767 2047/2047 409/409
f 975/975 1141/1141 208/208
f 975/975 208/208 2047/2047
f 1141/1141 1321/1321 155/155
f 1141/1141 155/155 208/208
f 1321/1321 2512/2512 1772/1772
f 1321/1321 1772/1772 155/155
f 2512/2512 2698/2698 1711/1711
f 2512/2512 1711/1711 1772/1772
f 2698/2698 78/78 487/487
f 2698/2698 487/487 1711/1711
f 78/78 262/262 419/419
f 78/78 419/419 487/487
f 262/262 1580/1580 283/283
f 262/262 283/283 419/419
f 1580/1580 1744/1744 215/215
f 1580/1580 215/215 283/283
f 1744/1744 1920/1920 1843/1843
f 1744/1744 1843/1843 215/215
f 228/228 505/505 398/398
f 228/228 398/398 1590/1590
f 1590/1590 398/398 318/318
f 1590/1590 318/318 1471/1471
f 1471/1471 318/318 1932/1932
f 1471/1471 1932/1932 1332/1332
f 1332/1332 1932/1932 1859/1859
f 1332/1332 1859/1859 1817/1817
f 1817/1817 1859/1859 1764/1764
f 1817/1817 1764/1764 1714/1714
f 1714/1714 1764/1764 580/580
f 1714/1714 580/580 1550/1550
f 1550/1550 580/580 480/480
f 1550/1550 480/480 309/309
f 309/309 480/480 408/408
f 309/309 408/408 1880/1880
f 1880/1880 408/408 333/333
f 1880/1880 333/333 1776/1776
f 1776/1776 333/333 1946/1946
f 1776/1776 1946/1946 550/550
f 550/550 1946/1946 1872/1872
f 550/550 1872/1872 397/397
f 505/505 483/483 409/409
f 505/505 409/409 398/398
f 398/398 409/409 2047/2047
f 398/398 2047/2047 318/318
f 318/318 2047/2047 208/208
f 318/318 208/208 1932/1932
f 1932/1932 208/208 155/155
f 1932/1932 155/155 1859/1859
f 1859/1859 155/155 1772/1772
f 1859/1859 1772/1772 1764/1764
f 1764/1764 1772/1772 1711/1711
f 1764/1764 1711/1711 580/580
f 580/580 1711/1711 487/487
f 580/580 487/487 480/480
f 480/480 487/487 419/419
f 480/480 419/419 408/408
f 408/408 419/419 283/283
f 408/408 283/283 333/333
f 333/333 283/283 215/215
f 333/333 215/215 1946/1946
f 1946/1946 215/215 1843/1843
f 1946/1946 1843/1843 1872/1872
f 980/980 2335/2335 2593/2593
f 980/980 2593/2593 2061/2061
f 1472/1472 2144/2144 1383/1383
f 1472/1472 1383/1383 59/59
f 1179/1179 1970/1970 2178/2178
f 1179/1179 2178/2178 979/979
f 1767/1767 980/980 2061/2061
f 1767/1767 2061/2061 762/762
f 2644/2644 245/245 980/980
f 2644/2644 980/980 1767/1767
f 849/849 1472/1472 1938/1938
f 849/849 1938/1938 745/745
f 607/607 2144/2144 1892/1892
f 607/607 1892/1892 2291/2291
f 1311/1311 1816/1816 545/545
f 1311/1311 545/545 2593/2593
f 685/685 1776/1776 550/550
f 685/685 550/550 2245/2245
f 1902/1902 1880/1880 1776/1776
f 1902/1902 1776/1776 685/685
f 2017/2017 309/309 1880/1880
f 2017/2017 1880/1880 1902/1902
f 2176/2176 1550/1550 309/309
f 2176/2176 309/309 2017/2017
f 573/573 1714/1714 1550/1550
f 573/573 1550/1550 2176/2176
f 1834/1834 1817/1817 1714/1714
f 1834/1834 1714/1714 573/573
f 1956/1956 1332/1332 1817/1817
f 1956/1956 1817/1817 1834/1834
f 2060/2060 1471/1471 1332/1332
f 2060/2060 1332/1332 1956/1956
f 506/506 1590/1590 1471/1471
f 506/506 1471/1471 2060/2060
f 33/33 228/228 1590/1590
f 33/33 1590/1590 506/506
f 894/894 1996/1996 750/750
f 894/894 750/750 776/776
f 2135/2135 397/397 1996/1996
f 2135/2135 1996/1996 894/894
f 1170/1170 13/13 2225/2225
f 1170/1170 2225/2225 908/908
f 232/232 162/162 760/760
f 232/232 760/760 53/53
f 1964/1964 232/232 53/53
f 1964/1964 53/53 2142/2142
f 2024/2024 1964/1964 2142/2142
f 2024/2024 2142/2142 2177/2177
f 13/13 2024/2024 2177/2177
f 13/13 2177/2177 2225/2225
f 906/906 2395/2395 546/546
f 906/906 546/546 2758/2758
f 2742/2742 906/906 2758/2758
f 2742/2742 2758/2758 2190/2190
f 1280/1280 2742/2742 2190/2190
f 1280/1280 2190/2190 1640/1640
f 331/331 1280/1280 1640/1640
f 331/331 1640/1640 1088/1088
f 1583/1583 331/331 1088/1088
f 1583/1583 1088/1088 2212/2212
f 1769/1769 1583/1583 2212/2212
f 1769/1769 2212/2212 1659/1659
f 1941/1941 1769/1769 1659/1659
f 1941/1941 1659/1659 1121/1121
f 2125/2125 1941/1941 1121/1121
f 2125/2125 1121/1121 481/481
f 2295/2295 2125/2125 481/481
f 2295/2295 481/481 2675/2675
f 2461/2461 2295/2295 2675/2675
f 2461/2461 2675/2675 1085/1085
f 2629/2629 2461/2461 1085/1085
f 2629/2629 1085/1085 496/496
f 2237/2237 2712/2712 1266/1266
f 2237/2237 1266/1266 2214/2214
f 2395/2395 2237/2237 2214/2214
f 2395/2395 2214/2214 546/546
f 1425/1425 2430/2430 15/15
f 1425/1425 15/15 2226/2226
f 1905/1905 2668/2668 760/760
f 1905/1905 760/760 162/162
f 953/953 1693/1693 2668/2668
f 953/953 2668/2668 1905/1905
f 830/830 253/253 1693/1693
f 830/830 1693/1693 953/953
f 2226/2226 15/15 253/253
f 2226/2226 253/253 830/830
f 1816/1816 505/505 228/228
f 1816/1816 228/228 545/545
f 2291/2291 1892/1892 496/496
f 2291/2291 496/496 1629/1629
f 545/545 357/357 2061/2061
f 545/545 2061/2061 2593/2593
f 1553/1553 357/357 545/545
f 1553/1553 545/545 1295/1295
f 2254/2254 1021/1021 2644/2644
f 2254/2254 2644/2644 891/891
f 2532/2532 1428/1428 606/606
f 2532/2532 606/606 762/762
f 763/763 591/591 9/9
f 763/763 9/9 1312/1312
f 822/822 1592/1592 302/302
f 822/822 302/302 2532/2532
f 964/964 532/532 810/810
f 964/964 810/810 1438/1438
f 810/810 745/745 1938/1938
f 810/810 1938/1938 1438/1438
f 524/524 1963/1963 631/631
f 524/524 631/631 135/135
f 135/135 631/631 532/532
f 135/135 532/532 964/964
f 2178/2178 135/135 964/964
f 2178/2178 964/964 1133/1133
f 1970/1970 524/524 135/135
f 1970/1970 135/135 2178/2178
f 1133/1133 964/964 1438/1438
f 1133/1133 1438/1438 1910/1910
f 630/630 631/631 1963/1963
f 630/630 1963/1963 227/227
f 891/891 2644/2644 1767/1767
f 891/891 1767/1767 538/538
f 1473/1473 1133/1133 1910/1910
f 1473/1473 1910/1910 172/172
f 538/538 1767/1767 762/762
f 538/538 762/762 606/606
f 979/979 2178/2178 1133/1133
f 979/979 1133/1133 1473/1473
f 2303/2303 1910/1910 1438/1438
f 2303/2303 1438/1438 1938/1938
f 1910/1910 1021/1021 2254/2254
f 1910/1910 2254/2254 172/172
f 1000/1000 2144/2144 1472/1472
f 1000/1000 1472/1472 849/849
f 1938/1938 1472/1472 59/59
f 1938/1938 59/59 2303/2303
f 2335/2335 980/980 245/245
f 2335/2335 245/245 2233/2233
f 2370/2370 2335/2335 2233/2233
f 2370/2370 2233/2233 2113/2113
f 1686/1686 2531/2531 603/603
f 1686/1686 603/603 882/882
f 2281/2281 979/979 1473/1473
f 2281/2281 1473/1473 1068/1068
f 1068/1068 1473/1473 172/172
f 1068/1068 172/172 2449/2449
f 2632/2632 2254/2254 891/891
f 2632/2632 891/891 791/791
f 1571/1571 1179/1179 979/979
f 1571/1571 979/979 2281/2281
f 1993/1993 1428/1428 1631/1631
f 1993/1993 1631/1631 2163/2163
f 2138/2138 538/538 606/606
f 2138/2138 606/606 1803/1803
f 791/791 891/891 538/538
f 791/791 538/538 2138/2138
f 2449/2449 172/172 2254/2254
f 2449/2449 2254/2254 2632/2632
f 2545/2545 375/375 608/608
f 2545/2545 608/608 2364/2364
f 361/361 1454/1454 1637/1637
f 361/361 1637/1637 1677/1677
f 375/375 361/361 1677/1677
f 375/375 1677/1677 608/608
f 1372/1372 1504/1504 160/160
f 1372/1372 160/160 2638/2638
f 2644/2644 1021/1021 2036/2036
f 2644/2644 2036/2036 245/245
f 2036/2036 1383/1383 2233/2233
f 2036/2036 2233/2233 245/245
f 2036/2036 2303/2303 59/59
f 2036/2036 59/59 1383/1383
f 1021/1021 1910/1910 2303/2303
f 1021/1021 2303/2303 2036/2036
f 591/591 724/724 10/10
f 591/591 10/10 9/9
f 341/341 1174/1174 1687/1687
f 341/341 1687/1687 58/58
f 1500/1500 341/341 58/58
f 1500/1500 58/58 482/482
f 1973/1973 1500/1500 482/482
f 1973/1973 482/482 725/725
f 425/425 1977/1977 406/406
f 425/425 406/406 1681/1681
f 432/432 559/559 504/504
f 432/432 504/504 380/380
f 2581/2581 788/788 1977/1977
f 2581/2581 1977/1977 425/425
f 815/815 380/380 2688/2688
f 815/815 2688/2688 2369/2369
f 520/520 801/801 1704/1704
f 520/520 1704/1704 1023/1023
f 934/934 207/207 806/806
f 934/934 806/806 80/80
f 1774/1774 686/686 1667/1667
f 1774/1774 1667/1667 1430/1430
f 80/80 806/806 747/747
f 80/80 747/747 263/263
f 2679/2679 1774/1774 801/801
f 2679/2679 801/801 118/118
f 263/263 1557/1557 1157/1157
f 263/263 1157/1157 407/407
f 1557/1557 2679/2679 118/118
f 1557/1557 118/118 1157/1157
f 2417/2417 1234/1234 1182/1182
f 2417/2417 1182/1182 1307/1307
f 207/207 1552/1552 652/652
f 207/207 652/652 806/806
f 1307/1307 1182/1182 5/5
f 1307/1307 5/5 1261/1261
f 747/747 2314/2314 1234/1234
f 747/747 1234/1234 2417/2417
f 806/806 652/652 2314/2314
f 806/806 2314/2314 747/747
f 5/5 342/342 424/424
f 5/5 424/424 1261/1261
f 1381/1381 432/432 380/380
f 1381/1381 380/380 815/815
f 380/380 504/504 1954/1954
f 380/380 1954/1954 2688/2688
f 504/504 851/851 1169/1169
f 504/504 1169/1169 1954/1954
f 851/851 842/842 1948/1948
f 851/851 1948/1948 1169/1169
f 2384/2384 2005/2005 842/842
f 2384/2384 842/842 851/851
f 1968/1968 1023/1023 1704/1704
f 1968/1968 1704/1704 2148/2148
f 486/486 1833/1833 680/680
f 486/486 680/680 2148/2148
f 1169/1169 1948/1948 2494/2494
f 1169/1169 2494/2494 1954/1954
f 2117/2117 600/600 2042/2042
f 2117/2117 2042/2042 2386/2386
f 1954/1954 2494/2494 1474/1474
f 1954/1954 1474/1474 2688/2688
f 1258/1258 2538/2538 725/725
f 1258/1258 725/725 482/482
f 559/559 2384/2384 851/851
f 559/559 851/851 504/504
f 1324/1324 1561/1561 424/424
f 1324/1324 424/424 2386/2386
f 312/312 1372/1372 2638/2638
f 312/312 2638/2638 376/376
f 2531/2531 312/312 376/376
f 2531/2531 376/376 603/603
f 1933/1933 2545/2545 2364/2364
f 1933/1933 2364/2364 1350/1350
f 1067/1067 2384/2384 559/559
f 1067/1067 559/559 931/931
f 768/768 2444/2444 705/705
f 768/768 705/705 1813/1813
f 1129/1129 2165/2165 1592/1592
f 1129/1129 1592/1592 2641/2641
f 1199/1199 2494/2494 1948/1948
f 1199/1199 1948/1948 578/578
f 2399/2399 1340/1340 2444/2444
f 2399/2399 2444/2444 768/768
f 1676/1676 842/842 2005/2005
f 1676/1676 2005/2005 32/32
f 32/32 2005/2005 2384/2384
f 32/32 2384/2384 1067/1067
f 1908/1908 822/822 1553/1553
f 1908/1908 1553/1553 1554/1554
f 578/578 1948/1948 842/842
f 578/578 842/842 1676/1676
f 811/811 810/810 532/532
f 811/811 532/532 1647/1647
f 29/29 1756/1756 1793/1793
f 29/29 1793/1793 71/71
f 1273/1273 1681/1681 406/406
f 1273/1273 406/406 2747/2747
f 1886/1886 796/796 1350/1350
f 1886/1886 1350/1350 2411/2411
f 134/134 2648/2648 2024/2024
f 134/134 2024/2024 13/13
f 124/124 745/745 810/810
f 124/124 810/810 811/811
f 1064/1064 1917/1917 1284/1284
f 1064/1064 1284/1284 1875/1875
f 1562/1562 2163/2163 1631/1631
f 1562/1562 1631/1631 1020/1020
f 2648/2648 2077/2077 1964/1964
f 2648/2648 1964/1964 2024/2024
f 227/227 1963/1963 1567/1567
f 227/227 1567/1567 1568/1568
f 2238/2238 1743/1743 10/10
f 2238/2238 10/10 233/233
f 2077/2077 1547/1547 232/232
f 2077/2077 232/232 1964/1964
f 657/657 2364/2364 608/608
f 657/657 608/608 1737/1737
f 515/515 35/35 1727/1727
f 515/515 1727/1727 2196/2196
f 1936/1936 849/849 745/745
f 1936/1936 745/745 124/124
f 2082/2082 1788/1788 1687/1687
f 2082/2082 1687/1687 1696/1696
f 1737/1737 608/608 1677/1677
f 1737/1737 1677/1677 2725/2725
f 339/339 2667/2667 2095/2095
f 339/339 2095/2095 2548/2548
f 1065/1065 2712/2712 2237/2237
f 1065/1065 2237/2237 525/525
f 1647/1647 532/532 631/631
f 1647/1647 631/631 630/630
f 733/733 1551/1551 1422/1422
f 733/733 1422/1422 324/324
f 1987/1987 894/894 776/776
f 1987/1987 776/776 1860/1860
f 2428/2428 1374/1374 1000/1000
f 2428/2428 1000/1000 2079/2079
f 1831/1831 2719/2719 749/749
f 1831/1831 749/749 1170/1170
f 2642/2642 1601/1601 567/567
f 2642/2642 567/567 1685/1685
f 897/897 2575/2575 503/503
f 897/897 503/503 2599/2599
f 2725/2725 1677/1677 1637/1637
f 2725/2725 1637/1637 2669/2669
f 1685/1685 567/567 560/560
f 1685/1685 560/560 1672/1672
f 2411/2411 1350/1350 2364/2364
f 2411/2411 2364/2364 657/657
f 1672/1672 560/560 2636/2636
f 1672/1672 2636/2636 2635/2635
f 1412/1412 934/934 789/789
f 1412/1412 789/789 1926/1926
f 2635/2635 2636/2636 1340/1340
f 2635/2635 1340/1340 2399/2399
f 525/525 2237/2237 2395/2395
f 525/525 2395/2395 699/699
f 699/699 2395/2395 906/906
f 699/699 906/906 2566/2566
f 421/421 2135/2135 894/894
f 421/421 894/894 1987/1987
f 2566/2566 906/906 2742/2742
f 2566/2566 2742/2742 1107/1107
f 533/533 2245/2245 2135/2135
f 533/533 2135/2135 421/421
f 2628/2628 2629/2629 1374/1374
f 2628/2628 1374/1374 2428/2428
f 1107/1107 2742/2742 1280/1280
f 1107/1107 1280/1280 1281/1281
f 1797/1797 685/685 2245/2245
f 1797/1797 2245/2245 533/533
f 1013/1013 1155/1155 342/342
f 1013/1013 342/342 190/190
f 1536/1536 430/430 1601/1601
f 1536/1536 1601/1601 2642/2642
f 1281/1281 1280/1280 331/331
f 1281/1281 331/331 1441/1441
f 1901/1901 1902/1902 685/685
f 1901/1901 685/685 1797/1797
f 1441/1441 331/331 1583/1583
f 1441/1441 1583/1583 1584/1584
f 284/284 2017/2017 1902/1902
f 284/284 1902/1902 1901/1901
f 1584/1584 1583/1583 1769/1769
f 1584/1584 1769/1769 1770/1770
f 469/469 2176/2176 2017/2017
f 469/469 2017/2017 284/284
f 1770/1770 1769/1769 1941/1941
f 1770/1770 1941/1941 1940/1940
f 1688/1688 573/573 2176/2176
f 1688/1688 2176/2176 469/469
f 593/593 118/118 801/801
f 593/593 801/801 364/364
f 1940/1940 1941/1941 2125/2125
f 1940/1940 2125/2125 411/411
f 1835/1835 1834/1834 573/573
f 1835/1835 573/573 1688/1688
f 411/411 2125/2125 2295/2295
f 411/411 2295/2295 2294/2294
f 212/212 1956/1956 1834/1834
f 212/212 1834/1834 1835/1835
f 2294/2294 2295/2295 2461/2461
f 2294/2294 2461/2461 780/780
f 352/352 2060/2060 1956/1956
f 352/352 1956/1956 212/212
f 2749/2749 407/407 1157/1157
f 2749/2749 1157/1157 2653/2653
f 2323/2323 763/763 1312/1312
f 2323/2323 1312/1312 179/179
f 1625/1625 506/506 2060/2060
f 1625/1625 2060/2060 352/352
f 2653/2653 1157/1157 118/118
f 2653/2653 118/118 593/593
f 780/780 2461/2461 2629/2629
f 780/780 2629/2629 2628/2628
f 2188/2188 2314/2314 652/652
f 2188/2188 652/652 529/529
f 529/529 652/652 1552/1552
f 529/529 1552/1552 295/295
f 71/71 1793/1793 2712/2712
f 71/71 2712/2712 1065/1065
f 1111/1111 1234/1234 2314/2314
f 1111/1111 2314/2314 2188/2188
f 2079/2079 1000/1000 849/849
f 2079/2079 849/849 1936/1936
f 986/986 5/5 1182/1182
f 986/986 1182/1182 1045/1045
f 344/344 1568/1568 1567/1567
f 344/344 1567/1567 2054/2054
f 2354/2354 1295/1295 33/33
f 2354/2354 33/33 1162/1162
f 1045/1045 1182/1182 1234/1234
f 1045/1045 1234/1234 1111/1111
f 294/294 1552/1552 207/207
f 294/294 207/207 703/703
f 665/665 830/830 953/953
f 665/665 953/953 627/627
f 2548/2548 2095/2095 2279/2279
f 2548/2548 2279/2279 1682/1682
f 2215/2215 1154/1154 2003/2003
f 2215/2215 2003/2003 1395/1395
f 627/627 953/953 1905/1905
f 627/627 1905/1905 648/648
f 190/190 342/342 5/5
f 190/190 5/5 986/986
f 648/648 1905/1905 162/162
f 648/648 162/162 1934/1934
f 1162/1162 33/33 506/506
f 1162/1162 506/506 1625/1625
f 1348/1348 1468/1468 1474/1474
f 1348/1348 1474/1474 721/721
f 1241/1241 1660/1660 1447/1447
f 1241/1241 1447/1447 16/16
f 1914/1914 733/733 324/324
f 1914/1914 324/324 2220/2220
f 1554/1554 1553/1553 1295/1295
f 1554/1554 1295/1295 2354/2354
f 2162/2162 16/16 1425/1425
f 2162/2162 1425/1425 1267/1267
f 931/931 559/559 432/432
f 931/931 432/432 1410/1410
f 152/152 1425/1425 809/809
f 152/152 809/809 1305/1305
f 721/721 1474/1474 2494/2494
f 721/721 2494/2494 1199/1199
f 887/887 888/888 1756/1756
f 887/887 1756/1756 29/29
f 1813/1813 705/705 888/888
f 1813/1813 888/888 887/887
f 2061/2061 357/357 2532/2532
f 2061/2061 2532/2532 762/762
f 882/882 603/603 2545/2545
f 882/882 2545/2545 1933/1933
f 376/376 2638/2638 361/361
f 376/376 361/361 375/375
f 2638/2638 160/160 1454/1454
f 2638/2638 1454/1454 361/361
f 603/603 376/376 375/375
f 603/603 375/375 2545/2545
f 1803/1803 606/606 1428/1428
f 1803/1803 1428/1428 1993/1993
f 796/796 2003/2003 1179/1179
f 796/796 1179/1179 1571/1571
f 1131/1131 1975/1975 524/524
f 1131/1131 524/524 1970/1970
f 1975/1975 1567/1567 1963/1963
f 1975/1975 1963/1963 524/524
f 2003/2003 1131/1131 1970/1970
f 2003/2003 1970/1970 1179/1179
f 302/302 1631/1631 1428/1428
f 302/302 1428/1428 2532/2532
f 2641/2641 1592/1592 822/822
f 2641/2641 822/822 1908/1908
f 1553/1553 822/822 2532/2532
f 1553/1553 2532/2532 357/357
f 2676/2676 1174/1174 1951/1951
f 2676/2676 1951/1951 1344/1344
f 1344/1344 1951/1951 1154/1154
f 1344/1344 1154/1154 2215/2215
f 2253/2253 1569/1569 2174/2174
f 2253/2253 2174/2174 1973/1973
f 1569/1569 344/344 2054/2054
f 1569/1569 2054/2054 2174/2174
f 1567/1567 1975/1975 2442/2442
f 1567/1567 2442/2442 2054/2054
f 2054/2054 2442/2442 2550/2550
f 2054/2054 2550/2550 2174/2174
f 1975/1975 1131/1131 1857/1857
f 1975/1975 1857/1857 2442/2442
f 2442/2442 1857/1857 2551/2551
f 2442/2442 2551/2551 2550/2550
f 1131/1131 2003/2003 1154/1154
f 1131/1131 1154/1154 1857/1857
f 1857/1857 1154/1154 1951/1951
f 1857/1857 1951/1951 2551/2551
f 1020/1020 1631/1631 2420/2420
f 1020/1020 2420/2420 1828/1828
f 1265/1265 1661/1661 2554/2554
f 1265/1265 2554/2554 956/956
f 1491/1491 724/724 651/651
f 1491/1491 651/651 1724/1724
f 1252/1252 1862/1862 2165/2165
f 1252/1252 2165/2165 1129/1129
f 302/302 1592/1592 2165/2165
f 302/302 2165/2165 2244/2244
f 1462/1462 1862/1862 651/651
f 1462/1462 651/651 2414/2414
f 1631/1631 302/302 2244/2244
f 1631/1631 2244/2244 2420/2420
f 1661/1661 1462/1462 2414/2414
f 1661/1661 2414/2414 2554/2554
f 1860/1860 776/776 430/430
f 1860/1860 430/430 1536/1536
f 2712/2712 1793/1793 2430/2430
f 2712/2712 2430/2430 1266/1266
f 776/776 750/750 908/908
f 776/776 908/908 430/430
f 1622/1622 242/242 394/394
f 1622/1622 394/394 488/488
f 1909/1909 521/521 394/394
f 1909/1909 394/394 462/462
f 1622/1622 488/488 2401/2401
f 1622/1622 2401/2401 590/590
f 590/590 2401/2401 749/749
f 590/590 749/749 2719/2719
f 750/750 1831/1831 1170/1170
f 750/750 1170/1170 908/908
f 1267/1267 1425/1425 2226/2226
f 1267/1267 2226/2226 2087/2087
f 2655/2655 1206/1206 1805/1805
f 2655/2655 1805/1805 1262/1262
f 1909/1909 462/462 1805/1805
f 1909/1909 1805/1805 2360/2360
f 2655/2655 1699/1699 893/893
f 2655/2655 893/893 1206/1206
f 1699/1699 1305/1305 809/809
f 1699/1699 809/809 893/893
f 1266/1266 2430/2430 1425/1425
f 1266/1266 1425/1425 152/152
f 145/145 1860/1860 1536/1536
f 145/145 1536/1536 2013/2013
f 700/700 1403/1403 2285/2285
f 700/700 2285/2285 1666/1666
f 464/464 489/489 2405/2405
f 464/464 2405/2405 678/678
f 965/965 2503/2503 344/344
f 965/965 344/344 1569/1569
f 1654/1654 965/965 1569/1569
f 1654/1654 1569/1569 2253/2253
f 2067/2067 2641/2641 1908/1908
f 2067/2067 1908/1908 1315/1315
f 1218/1218 1813/1813 887/887
f 1218/1218 887/887 235/235
f 235/235 887/887 29/29
f 235/235 29/29 2218/2218
f 109/109 721/721 1199/1199
f 109/109 1199/1199 554/554
f 282/282 931/931 1410/1410
f 282/282 1410/1410 1884/1884
f 940/940 1554/1554 2354/2354
f 940/940 2354/2354 38/38
f 713/713 1348/1348 721/721
f 713/713 721/721 109/109
f 508/508 1162/1162 1625/1625
f 508/508 1625/1625 2088/2088
f 1739/1739 2323/2323 179/179
f 1739/1739 179/179 671/671
f 38/38 2354/2354 1162/1162
f 38/38 1162/1162 508/508
f 2503/2503 2039/2039 1568/1568
f 2503/2503 1568/1568 344/344
f 1469/1469 2079/2079 1936/1936
f 1469/1469 1936/1936 2393/2393
f 1618/1618 2215/2215 1395/1395
f 1618/1618 1395/1395 2452/2452
f 2267/2267 71/71 1065/1065
f 2267/2267 1065/1065 1538/1538
f 2105/2105 2676/2676 1344/1344
f 2105/2105 1344/1344 706/706
f 706/706 1344/1344 2215/2215
f 706/706 2215/2215 1618/1618
f 153/153 780/780 2628/2628
f 153/153 2628/2628 337/337
f 2088/2088 1625/1625 352/352
f 2088/2088 352/352 846/846
f 846/846 352/352 212/212
f 846/846 212/212 2409/2409
f 2745/2745 2294/2294 780/780
f 2745/2745 780/780 153/153
f 2409/2409 212/212 1835/1835
f 2409/2409 1835/1835 2310/2310
f 2571/2571 411/411 2294/2294
f 2571/2571 2294/2294 2745/2745
f 2310/2310 1835/1835 1688/1688
f 2310/2310 1688/1688 1091/1091
f 2403/2403 1940/1940 411/411
f 2403/2403 411/411 2571/2571
f 1091/1091 1688/1688 469/469
f 1091/1091 469/469 968/968
f 1177/1177 1770/1770 1940/1940
f 1177/1177 1940/1940 2403/2403
f 968/968 469/469 284/284
f 968/968 284/284 2468/2468
f 2056/2056 1584/1584 1770/1770
f 2056/2056 1770/1770 1177/1177
f 2468/2468 284/284 1901/1901
f 2468/2468 1901/1901 2367/2367
f 833/833 1441/1441 1584/1584
f 833/833 1584/1584 2056/2056
f 2367/2367 1901/1901 1797/1797
f 2367/2367 1797/1797 1200/1200
f 621/621 1281/1281 1441/1441
f 621/621 1441/1441 833/833
f 2013/2013 1536/1536 2642/2642
f 2013/2013 2642/2642 2070/2070
f 2094/2094 1020/1020 1828/1828
f 2094/2094 1828/1828 1245/1245
f 1200/1200 1797/1797 533/533
f 1200/1200 533/533 1041/1041
f 458/458 1107/1107 1281/1281
f 458/458 1281/1281 621/621
f 337/337 2628/2628 2428/2428
f 337/337 2428/2428 1838/1838
f 1041/1041 533/533 421/421
f 1041/1041 421/421 2584/2584
f 258/258 2566/2566 1107/1107
f 258/258 1107/1107 458/458
f 2584/2584 421/421 1987/1987
f 2584/2584 1987/1987 2434/2434
f 88/88 699/699 2566/2566
f 88/88 2566/2566 258/258
f 2673/2673 525/525 699/699
f 2673/2673 699/699 88/88
f 351/351 2635/2635 2399/2399
f 351/351 2399/2399 1810/1810
f 610/610 1265/1265 956/956
f 610/610 956/956 316/316
f 1071/1071 1672/1672 2635/2635
f 1071/1071 2635/2635 351/351
f 2155/2155 1685/1685 1672/1672
f 2155/2155 1672/1672 1071/1071
f 1923/1923 2555/2555 2575/2575
f 1923/1923 2575/2575 897/897
f 2070/2070 2642/2642 1685/1685
f 2070/2070 1685/1685 2155/2155
f 1838/1838 2428/2428 2079/2079
f 1838/1838 2079/2079 1469/1469
f 2434/2434 1987/1987 1860/1860
f 2434/2434 1860/1860 145/145
f 1040/1040 1647/1647 630/630
f 1040/1040 630/630 1167/1167
f 1538/1538 1065/1065 525/525
f 1538/1538 525/525 2673/2673
f 2393/2393 1936/1936 124/124
f 2393/2393 124/124 2312/2312
f 1982/1982 1574/1574 1379/1379
f 1982/1982 1379/1379 98/98
f 732/732 227/227 1568/1568
f 732/732 1568/1568 2039/2039
f 2312/2312 124/124 811/811
f 2312/2312 811/811 1309/1309
f 2218/2218 29/29 71/71
f 2218/2218 71/71 2267/2267
f 1309/1309 811/811 1647/1647
f 1309/1309 1647/1647 1040/1040
f 2735/2735 578/578 1676/1676
f 2735/2735 1676/1676 1075/1075
f 1315/1315 1908/1908 1554/1554
f 1315/1315 1554/1554 940/940
f 2223/2223 32/32 1067/1067
f 2223/2223 1067/1067 1541/1541
f 1075/1075 1676/1676 32/32
f 1075/1075 32/32 2223/2223
f 1810/1810 2399/2399 768/768
f 1810/1810 768/768 136/136
f 554/554 1199/1199 578/578
f 554/554 578/578 2735/2735
f 2458/2458 1129/1129 2641/2641
f 2458/2458 2641/2641 2067/2067
f 136/136 768/768 1813/1813
f 136/136 1813/1813 1218/1218
f 1541/1541 1067/1067 931/931
f 1541/1541 931/931 282/282
f 1167/1167 630/630 227/227
f 1167/1167 227/227 732/732
f 715/715 2411/2411 657/657
f 715/715 657/657 1782/1782
f 1077/1077 2725/2725 2669/2669
f 1077/1077 2669/2669 1026/1026
f 19/19 1737/1737 2725/2725
f 19/19 2725/2725 1077/1077
f 2083/2083 1697/1697 2666/2666
f 2083/2083 2666/2666 1540/1540
f 1782/1782 657/657 1737/1737
f 1782/1782 1737/1737 19/19
f 2606/2606 1562/1562 1020/1020
f 2606/2606 1020/1020 2094/2094
f 157/157 1886/1886 2411/2411
f 157/157 2411/2411 715/715
f 98/98 1379/1379 180/180
f 98/98 180/180 1487/1487
f 11/11 986/986 1045/1045
f 11/11 1045/1045 44/44
f 44/44 1045/1045 1111/1111
f 44/44 1111/1111 1238/1238
f 1238/1238 1111/1111 2188/2188
f 1238/1238 2188/2188 2316/2316
f 296/296 1238/1238 2316/2316
f 296/296 2316/2316 1942/1942
f 1505/1505 44/44 1238/1238
f 1505/1505 1238/1238 296/296
f 1593/1593 11/11 44/44
f 1593/1593 44/44 1505/1505
f 529/529 654/654 2316/2316
f 529/529 2316/2316 2188/2188
f 295/295 704/704 654/654
f 295/295 654/654 529/529
f 349/349 2721/2721 2748/2748
f 349/349 2748/2748 1942/1942
f 1986/1986 1863/1863 2721/2721
f 1986/1986 2721/2721 349/349
f 2666/2666 2098/2098 540/540
f 2666/2666 540/540 1186/1186
f 1697/1697 1105/1105 2098/2098
f 1697/1697 2098/2098 2666/2666
f 237/237 477/477 1876/1876
f 237/237 1876/1876 594/594
f 1564/1564 2293/2293 850/850
f 1564/1564 850/850 2577/2577
f 986/986 11/11 4/4
f 986/986 4/4 190/190
f 1593/1593 363/363 2713/2713
f 1593/1593 2713/2713 1143/1143
f 1379/1379 1849/1849 672/672
f 1379/1379 672/672 180/180
f 336/336 431/431 743/743
f 336/336 743/743 632/632
f 1574/1574 972/972 1849/1849
f 1574/1574 1849/1849 1379/1379
f 2293/2293 2744/2744 203/203
f 2293/2293 203/203 850/850
f 1044/1044 405/405 2744/2744
f 1044/1044 2744/2744 2293/2293
f 1540/1540 2666/2666 1186/1186
f 1540/1540 1186/1186 1935/1935
f 2595/2595 119/119 743/743
f 2595/2595 743/743 431/431
f 11/11 1593/1593 1143/1143
f 11/11 1143/1143 4/4
f 704/704 757/757 2341/2341
f 704/704 2341/2341 654/654
f 654/654 349/349 1942/1942
f 654/654 1942/1942 2316/2316
f 363/363 1593/1593 1505/1505
f 363/363 1505/1505 592/592
f 592/592 1505/1505 296/296
f 592/592 296/296 2652/2652
f 2652/2652 296/296 1942/1942
f 2652/2652 1942/1942 2748/2748
f 703/703 207/207 1033/1033
f 703/703 1033/1033 756/756
f 2417/2417 1307/1307 2679/2679
f 2417/2417 2679/2679 1557/1557
f 747/747 2417/2417 1557/1557
f 747/747 1557/1557 263/263
f 1307/1307 1261/1261 1774/1774
f 1307/1307 1774/1774 2679/2679
f 1976/1976 80/80 263/263
f 1976/1976 263/263 407/407
f 801/801 1774/1774 1430/1430
f 801/801 1430/1430 1704/1704
f 789/789 934/934 80/80
f 789/789 80/80 1976/1976
f 987/987 2622/2622 1143/1143
f 987/987 1143/1143 2713/2713
f 1028/1028 237/237 594/594
f 1028/1028 594/594 1924/1924
f 1875/1875 1284/1284 1255/1255
f 1875/1875 1255/1255 595/595
f 2148/2148 1704/1704 1430/1430
f 2148/2148 1430/1430 486/486
f 2023/2023 522/522 1833/1833
f 2023/2023 1833/1833 486/486
f 428/428 2381/2381 2624/2624
f 428/428 2624/2624 2618/2618
f 2045/2045 1249/1249 2589/2589
f 2045/2045 2589/2589 2345/2345
f 1787/1787 1269/1269 2381/2381
f 1787/1787 2381/2381 428/428
f 1786/1786 1690/1690 1263/1263
f 1786/1786 1263/1263 1268/1268
f 633/633 2429/2429 181/181
f 633/633 181/181 2590/2590
f 1443/1443 2700/2700 2340/2340
f 1443/1443 2340/2340 2716/2716
f 1258/1258 1653/1653 516/516
f 1258/1258 516/516 2716/2716
f 1788/1788 1263/1263 516/516
f 1788/1788 516/516 1653/1653
f 2495/2495 2292/2292 867/867
f 2495/2495 867/867 1060/1060
f 1600/1600 752/752 2292/2292
f 1600/1600 2292/2292 2495/2495
f 880/880 2701/2701 2608/2608
f 880/880 2608/2608 1275/1275
f 1486/1486 675/675 861/861
f 1486/1486 861/861 868/868
f 1743/1743 2608/2608 635/635
f 1743/1743 635/635 2198/2198
f 2198/2198 635/635 861/861
f 2198/2198 861/861 675/675
f 291/291 2599/2599 503/503
f 291/291 503/503 2085/2085
f 2688/2688 1474/1474 1468/1468
f 2688/2688 1468/1468 2369/2369
f 1496/1496 815/815 2369/2369
f 1496/1496 2369/2369 2117/2117
f 850/850 203/203 2372/2372
f 850/850 2372/2372 174/174
f 1410/1410 432/432 1381/1381
f 1410/1410 1381/1381 2324/2324
f 1155/1155 1381/1381 815/815
f 1155/1155 815/815 1496/1496
f 2661/2661 1006/1006 4/4
f 2661/2661 4/4 1143/1143
f 2452/2452 1395/1395 1886/1886
f 2452/2452 1886/1886 157/157
f 1026/1026 2669/2669 1562/1562
f 1026/1026 1562/1562 2606/2606
f 1350/1350 796/796 1571/1571
f 1350/1350 1571/1571 1933/1933
f 160/160 1803/1803 1993/1993
f 160/160 1993/1993 1454/1454
f 2669/2669 1637/1637 2163/2163
f 2669/2669 2163/2163 1562/1562
f 1395/1395 2003/2003 796/796
f 1395/1395 796/796 1886/1886
f 2531/2531 2449/2449 2632/2632
f 2531/2531 2632/2632 312/312
f 1372/1372 791/791 2138/2138
f 1372/1372 2138/2138 1504/1504
f 1504/1504 2138/2138 1803/1803
f 1504/1504 1803/1803 160/160
f 1454/1454 1993/1993 2163/2163
f 1454/1454 2163/2163 1637/1637
f 1933/1933 1571/1571 2281/2281
f 1933/1933 2281/2281 882/882
f 312/312 2632/2632 791/791
f 312/312 791/791 1372/1372
f 1686/1686 1068/1068 2449/2449
f 1686/1686 2449/2449 2531/2531
f 882/882 2281/2281 1068/1068
f 882/882 1068/1068 1686/1686
f 316/316 956/956 2323/2323
f 316/316 2323/2323 1739/1739
f 2200/2200 1734/1734 233/233
f 2200/2200 233/233 738/738
f 233/233 10/10 724/724
f 233/233 724/724 1491/1491
f 956/956 2554/2554 763/763
f 956/956 763/763 2323/2323
f 2414/2414 651/651 724/724
f 2414/2414 724/724 591/591
f 2554/2554 2414/2414 591/591
f 2554/2554 591/591 763/763
f 1103/1103 1696/1696 2676/2676
f 1103/1103 2676/2676 2105/2105
f 122/122 434/434 2717/2717
f 122/122 2717/2717 744/744
f 1696/1696 1687/1687 1174/1174
f 1696/1696 1174/1174 2676/2676
f 2174/2174 2550/2550 1500/1500
f 2174/2174 1500/1500 1973/1973
f 2550/2550 2551/2551 341/341
f 2550/2550 341/341 1500/1500
f 2551/2551 1951/1951 1174/1174
f 2551/2551 1174/1174 341/341
f 2618/2618 2624/2624 1249/1249
f 2618/2618 1249/1249 2045/2045
f 1236/1236 2622/2622 237/237
f 1236/1236 237/237 1028/1028
f 540/540 2595/2595 431/431
f 540/540 431/431 1186/1186
f 2600/2600 292/292 405/405
f 2600/2600 405/405 1044/1044
f 1935/1935 1186/1186 431/431
f 1935/1935 431/431 336/336
f 2622/2622 987/987 477/477
f 2622/2622 477/477 237/237
f 434/434 1654/1654 2253/2253
f 434/434 2253/2253 2717/2717
f 1498/1498 1348/1348 713/713
f 1498/1498 713/713 1377/1377
f 2429/2429 2538/2538 2340/2340
f 2429/2429 2340/2340 181/181
f 2717/2717 2253/2253 1973/1973
f 2717/2717 1973/1973 725/725
f 1284/1284 680/680 1833/1833
f 1284/1284 1833/1833 1255/1255
f 1498/1498 600/600 1468/1468
f 1498/1498 1468/1468 1348/1348
f 2575/2575 2574/2574 2042/2042
f 2575/2575 2042/2042 503/503
f 1917/1917 2171/2171 680/680
f 1917/1917 680/680 1284/1284
f 70/70 2611/2611 752/752
f 70/70 752/752 1600/1600
f 1735/1735 2202/2202 972/972
f 1735/1735 972/972 1574/1574
f 2467/2467 286/286 1863/1863
f 2467/2467 1863/1863 1986/1986
f 451/451 1735/1735 1574/1574
f 451/451 1574/1574 1982/1982
f 69/69 880/880 1275/1275
f 69/69 1275/1275 2610/2610
f 2466/2466 1412/1412 1926/1926
f 2466/2466 1926/1926 287/287
f 450/450 2238/2238 233/233
f 450/450 233/233 1734/1734
f 233/233 1491/1491 1464/1464
f 233/233 1464/1464 738/738
f 207/207 934/934 1412/1412
f 207/207 1412/1412 1033/1033
f 1412/1412 2466/2466 756/756
f 1412/1412 756/756 1033/1033
f 757/757 2467/2467 1986/1986
f 757/757 1986/1986 2341/2341
f 1986/1986 349/349 654/654
f 1986/1986 654/654 2341/2341
f 288/288 1925/1925 1484/1484
f 288/288 1484/1484 2052/2052
f 286/286 2051/2051 140/140
f 286/286 140/140 1863/1863
f 1925/1925 788/788 2581/2581
f 1925/1925 2581/2581 1484/1484
f 1863/1863 140/140 1669/1669
f 1863/1863 1669/1669 2721/2721
f 2721/2721 1669/1669 1272/1272
f 2721/2721 1272/1272 2748/2748
f 1061/1061 2693/2693 1681/1681
f 1061/1061 1681/1681 1273/1273
f 2701/2701 2581/2581 425/425
f 2701/2701 425/425 2510/2510
f 2510/2510 425/425 1681/1681
f 2510/2510 1681/1681 2693/2693
f 635/635 2510/2510 2693/2693
f 635/635 2693/2693 861/861
f 2608/2608 2701/2701 2510/2510
f 2608/2608 2510/2510 635/635
f 868/868 861/861 2693/2693
f 868/868 2693/2693 1061/1061
f 2052/2052 1484/1484 880/880
f 2052/2052 880/880 69/69
f 2051/2051 70/70 1600/1600
f 2051/2051 1600/1600 140/140
f 1484/1484 2581/2581 2701/2701
f 1484/1484 2701/2701 880/880
f 140/140 1600/1600 2495/2495
f 140/140 2495/2495 1669/1669
f 1669/1669 2495/2495 1060/1060
f 1669/1669 1060/1060 1272/1272
f 588/588 2700/2700 2171/2171
f 588/588 2171/2171 1917/1917
f 987/987 2321/2321 740/740
f 987/987 740/740 477/477
f 2148/2148 680/680 2171/2171
f 2148/2148 2171/2171 1968/1968
f 364/364 801/801 520/520
f 364/364 520/520 87/87
f 363/363 86/86 1922/1922
f 363/363 1922/1922 2713/2713
f 477/477 740/740 1063/1063
f 477/477 1063/1063 1876/1876
f 2713/2713 1922/1922 2321/2321
f 2713/2713 2321/2321 987/987
f 2346/2346 588/588 1917/1917
f 2346/2346 1917/1917 1064/1064
f 1443/1443 1566/1566 1023/1023
f 1443/1443 1023/1023 1968/1968
f 1690/1690 520/520 1023/1023
f 1690/1690 1023/1023 1566/1566
f 1263/1263 1690/1690 1566/1566
f 1263/1263 1566/1566 516/516
f 2716/2716 516/516 1566/1566
f 2716/2716 1566/1566 1443/1443
f 2590/2590 181/181 588/588
f 2590/2590 588/588 2346/2346
f 181/181 2340/2340 2700/2700
f 181/181 2700/2700 588/588
f 2321/2321 2618/2618 2045/2045
f 2321/2321 2045/2045 740/740
f 1968/1968 2171/2171 2700/2700
f 1968/1968 2700/2700 1443/1443
f 87/87 520/520 1690/1690
f 87/87 1690/1690 1786/1786
f 86/86 1787/1787 428/428
f 86/86 428/428 1922/1922
f 740/740 2045/2045 2345/2345
f 740/740 2345/2345 1063/1063
f 1922/1922 428/428 2618/2618
f 1922/1922 2618/2618 2321/2321
f 2610/2610 1275/1275 2238/2238
f 2610/2610 2238/2238 450/450
f 2611/2611 451/451 1982/1982
f 2611/2611 1982/1982 752/752
f 9/9 2198/2198 675/675
f 9/9 675/675 1312/1312
f 10/10 1743/1743 2198/2198
f 10/10 2198/2198 9/9
f 179/179 1312/1312 675/675
f 179/179 675/675 1486/1486
f 2292/2292 98/98 1487/1487
f 2292/2292 1487/1487 867/867
f 752/752 1982/1982 98/98
f 752/752 98/98 2292/2292
f 1275/1275 2608/2608 1743/1743
f 1275/1275 1743/1743 2238/2238
f 2717/2717 725/725 2538/2538
f 2717/2717 2538/2538 2429/2429
f 2624/2624 1935/1935 336/336
f 2624/2624 336/336 1249/1249
f 1687/1687 1788/1788 1653/1653
f 1687/1687 1653/1653 58/58
f 482/482 58/58 1653/1653
f 482/482 1653/1653 1258/1258
f 744/744 2717/2717 2429/2429
f 744/744 2429/2429 633/633
f 2381/2381 1540/1540 1935/1935
f 2381/2381 1935/1935 2624/2624
f 1249/1249 336/336 632/632
f 1249/1249 632/632 2589/2589
f 1269/1269 2083/2083 1540/1540
f 1269/1269 1540/1540 2381/2381
f 1268/1268 1263/1263 1788/1788
f 1268/1268 1788/1788 2082/2082
f 2716/2716 2340/2340 2538/2538
f 2716/2716 2538/2538 1258/1258
f 2293/2293 1564/1564 990/990
f 2293/2293 990/990 1044/1044
f 1044/1044 990/990 898/898
f 1044/1044 898/898 2600/2600
f 1236/1236 1564/1564 2577/2577
f 1236/1236 2577/2577 2661/2661
f 850/850 174/174 1239/1239
f 850/850 1239/1239 2577/2577
f 1013/1013 1006/1006 1239/1239
f 1013/1013 1239/1239 2324/2324
f 174/174 1410/1410 2324/2324
f 174/174 2324/2324 1239/1239
f 174/174 2372/2372 1884/1884
f 174/174 1884/1884 1410/1410
f 190/190 4/4 1006/1006
f 190/190 1006/1006 1013/1013
f 2622/2622 1236/1236 2661/2661
f 2622/2622 2661/2661 1143/1143
f 503/503 2042/2042 600/600
f 503/503 600/600 1498/1498
f 503/503 1498/1498 1377/1377
f 503/503 1377/1377 2085/2085
f 1564/1564 1236/1236 1028/1028
f 1564/1564 1028/1028 990/990
f 2577/2577 1239/1239 1006/1006
f 2577/2577 1006/1006 2661/2661
f 342/342 1155/1155 1496/1496
f 342/342 1496/1496 424/424
f 424/424 1496/1496 2117/2117
f 424/424 2117/2117 2386/2386
f 990/990 1028/1028 1924/1924
f 990/990 1924/1924 898/898
f 595/595 1255/1255 2555/2555
f 595/595 2555/2555 1923/1923
f 2324/2324 1381/1381 1155/1155
f 2324/2324 1155/1155 1013/1013
f 2369/2369 1468/1468 600/600
f 2369/2369 600/600 2117/2117
f 2386/2386 2042/2042 2574/2574
f 2386/2386 2574/2574 1324/1324
f 2023/2023 1667/1667 1561/1561
f 2023/2023 1561/1561 1324/1324
f 486/486 1430/1430 1667/1667
f 486/486 1667/1667 2023/2023
f 1324/1324 2574/2574 522/522
f 1324/1324 522/522 2023/2023
f 1255/1255 1833/1833 522/522
f 1255/1255 522/522 2555/2555
f 2555/2555 522/522 2574/2574
f 2555/2555 2574/2574 2575/2575
f 686/686 1279/1279 1561/1561
f 686/686 1561/1561 1667/1667
f 1279/1279 1261/1261 424/424
f 1279/1279 424/424 1561/1561
f 1261/1261 1279/1279 686/686
f 1261/1261 686/686 1774/1774
f 764/764 1129/1129 2458/2458
f 764/764 2458/2458 12/12
f 2508/2508 1252/1252 1129/1129
f 2508/2508 1129/1129 764/764
f 2133/2133 1491/1491 1724/1724
f 2133/2133 1724/1724 924/924
f 1464/1464 1491/1491 2133/2133
f 1464/1464 2133/2133 1972/1972
f 1495/1495 1403/1403 900/900
f 1495/1495 900/900 1497/1497
f 489/489 2097/2097 2285/2285
f 489/489 2285/2285 1988/1988
f 1666/1666 2285/2285 2097/2097
f 1666/1666 2097/2097 1420/1420
f 2523/2523 1497/1497 900/900
f 2523/2523 900/900 225/225
f 1988/1988 2285/2285 1403/1403
f 1988/1988 1403/1403 1495/1495
f 924/924 1724/1724 1252/1252
f 924/924 1252/1252 2508/2508
f 1245/1245 1828/1828 1265/1265
f 1245/1245 1265/1265 610/610
f 225/225 900/900 1403/1403
f 225/225 1403/1403 700/700
f 2420/2420 2244/2244 1462/1462
f 2420/2420 1462/1462 1661/1661
f 2244/2244 2165/2165 1862/1862
f 2244/2244 1862/1862 1462/1462
f 1724/1724 651/651 1862/1862
f 1724/1724 1862/1862 1252/1252
f 1828/1828 2420/2420 1661/1661
f 1828/1828 1661/1661 1265/1265
f 1666/1666 924/924 2508/2508
f 1666/1666 2508/2508 700/700
f 464/464 1972/1972 2133/2133
f 464/464 2133/2133 1420/1420
f 1420/1420 2133/2133 924/924
f 1420/1420 924/924 1666/1666
f 700/700 2508/2508 764/764
f 700/700 764/764 225/225
f 2523/2523 12/12 2458/2458
f 2523/2523 2458/2458 402/402
f 225/225 764/764 12/12
f 225/225 12/12 2523/2523
f 678/678 1464/1464 1972/1972
f 678/678 1972/1972 464/464
f 1729/1729 1988/1988 1495/1495
f 1729/1729 1495/1495 2272/2272
f 402/402 2182/2182 1497/1497
f 402/402 1497/1497 2523/2523
f 2405/2405 489/489 1988/1988
f 2405/2405 1988/1988 1729/1729
f 2272/2272 1495/1495 1497/1497
f 2272/2272 1497/1497 2182/2182
f 1420/1420 2097/2097 489/489
f 1420/1420 489/489 464/464
f 665/665 2236/2236 2279/2279
f 665/665 2279/2279 2087/2087
f 627/627 2322/2322 2236/2236
f 627/627 2236/2236 665/665
f 648/648 2122/2122 2322/2322
f 648/648 2322/2322 627/627
f 1934/1934 1589/1589 2122/2122
f 1934/1934 2122/2122 648/648
f 1322/1322 1727/1727 35/35
f 1322/1322 35/35 2586/2586
f 2162/2162 2667/2667 1727/1727
f 2162/2162 1727/1727 1322/1322
f 1267/1267 2095/2095 2667/2667
f 1267/1267 2667/2667 2162/2162
f 2087/2087 2279/2279 2095/2095
f 2087/2087 2095/2095 1267/1267
f 2317/2317 2648/2648 134/134
f 2317/2317 134/134 420/420
f 1722/1722 2077/2077 2648/2648
f 1722/1722 2648/2648 2317/2317
f 2662/2662 1547/1547 2077/2077
f 2662/2662 2077/2077 1722/1722
f 1589/1589 1934/1934 1547/1547
f 1589/1589 1547/1547 2662/2662
f 2290/2290 1795/1795 2586/2586
f 2290/2290 2586/2586 35/35
f 2086/2086 438/438 1795/1795
f 2086/2086 1795/1795 2290/2290
f 2181/2181 717/717 438/438
f 2181/2181 438/438 2086/2086
f 420/420 134/134 717/717
f 420/420 717/717 2181/2181
f 1682/1682 2279/2279 2236/2236
f 1682/1682 2236/2236 2670/2670
f 438/438 717/717 1170/1170
f 438/438 1170/1170 1551/1551
f 2586/2586 1795/1795 733/733
f 2586/2586 733/733 1914/1914
f 1322/1322 1241/1241 16/16
f 1322/1322 16/16 2162/2162
f 1795/1795 438/438 1551/1551
f 1795/1795 1551/1551 733/733
f 2586/2586 1914/1914 1241/1241
f 2586/2586 1241/1241 1322/1322
f 1551/1551 1170/1170 749/749
f 1551/1551 749/749 1422/1422
f 717/717 134/134 13/13
f 717/717 13/13 1170/1170
f 1369/1369 800/800 2008/2008
f 1369/1369 2008/2008 1573/1573
f 800/800 574/574 2582/2582
f 800/800 2582/2582 2008/2008
f 574/574 1913/1913 468/468
f 574/574 468/468 2582/2582
f 1913/1913 2114/2114 3/3
f 1913/1913 3/3 468/468
f 2114/2114 251/251 1709/1709
f 2114/2114 1709/1709 3/3
f 251/251 547/547 1490/1490
f 251/251 1490/1490 1709/1709
f 547/547 2073/2073 617/617
f 547/547 617/617 1490/1490
f 2072/2072 2193/2193 490/490
f 2072/2072 490/490 618/618
f 2193/2193 2078/2078 2134/2134
f 2193/2193 2134/2134 490/490
f 2451/2451 322/322 977/977
f 2451/2451 977/977 184/184
f 322/322 2116/2116 45/45
f 322/322 45/45 977/977
f 2116/2116 873/873 1423/1423
f 2116/2116 1423/1423 45/45
f 873/873 268/268 584/584
f 873/873 584/584 1423/1423
f 268/268 1416/1416 1081/1081
f 268/268 1081/1081 584/584
f 1416/1416 907/907 1049/1049
f 1416/1416 1049/1049 1081/1081
f 907/907 659/659 1900/1900
f 907/907 1900/1900 1049/1049
f 659/659 399/399 531/531
f 659/659 531/531 1900/1900
f 399/399 863/863 1004/1004
f 399/399 1004/1004 531/531
f 864/864 677/677 1915/1915
f 864/864 1915/1915 1001/1001
f 677/677 1387/1387 415/415
f 677/677 415/415 1915/1915
f 183/183 976/976 1333/1333
f 183/183 1333/1333 1191/1191
f 976/976 46/46 1543/1543
f 976/976 1543/1543 1333/1333
f 46/46 1424/1424 1106/1106
f 46/46 1106/1106 1543/1543
f 1424/1424 585/585 599/599
f 1424/1424 599/599 1106/1106
f 585/585 1082/1082 280/280
f 585/585 280/280 599/599
f 1082/1082 1048/1048 362/362
f 1082/1082 362/362 280/280
f 1048/1048 1899/1899 535/535
f 1048/1048 535/535 362/362
f 1899/1899 530/530 2756/2756
f 1899/1899 2756/2756 535/535
f 530/530 1003/1003 498/498
f 530/530 498/498 2756/2756
f 1002/1002 1916/1916 2112/2112
f 1002/1002 2112/2112 499/499
f 1916/1916 414/414 1439/1439
f 1916/1916 1439/1439 2112/2112
f 1191/1191 1333/1333 2058/2058
f 1191/1191 2058/2058 2173/2173
f 1333/1333 1543/1543 1636/1636
f 1333/1333 1636/1636 2058/2058
f 1543/1543 1106/1106 1227/1227
f 1543/1543 1227/1227 1636/1636
f 1106/1106 599/599 754/754
f 1106/1106 754/754 1227/1227
f 599/599 280/280 2149/2149
f 599/599 2149/2149 754/754
f 280/280 362/362 2208/2208
f 280/280 2208/2208 2149/2149
f 362/362 535/535 2361/2361
f 362/362 2361/2361 2208/2208
f 535/535 2756/2756 1250/1250
f 535/535 1250/1250 2361/2361
f 2756/2756 498/498 616/616
f 2756/2756 616/616 1250/1250
f 499/499 2112/2112 2243/2243
f 499/499 2243/2243 615/615
f 2112/2112 1439/1439 1575/1575
f 2112/2112 1575/1575 2243/2243
f 2173/2173 2058/2058 735/735
f 2173/2173 735/735 1526/1526
f 2058/2058 1636/1636 1097/1097
f 2058/2058 1097/1097 735/735
f 1636/1636 1227/1227 716/716
f 1636/1636 716/716 1097/1097
f 1227/1227 754/754 1015/1015
f 1227/1227 1015/1015 716/716
f 754/754 2149/2149 1460/1460
f 754/754 1460/1460 1015/1015
f 2149/2149 2208/2208 304/304
f 2149/2149 304/304 1460/1460
f 2208/2208 2361/2361 1230/1230
f 2208/2208 1230/1230 304/304
f 2361/2361 1250/1250 945/945
f 2361/2361 945/945 1230/1230
f 1250/1250 616/616 1389/1389
f 1250/1250 1389/1389 945/945
f 615/615 2243/2243 1247/1247
f 615/615 1247/1247 1388/1388
f 2243/2243 1575/1575 820/820
f 2243/2243 820/820 1247/1247
f 1526/1526 735/735 884/884
f 1526/1526 884/884 1657/1657
f 735/735 1097/1097 1223/1223
f 735/735 1223/1223 884/884
f 1097/1097 716/716 874/874
f 1097/1097 874/874 1223/1223
f 716/716 1015/1015 1159/1159
f 716/716 1159/1159 874/874
f 1015/1015 1460/1460 1594/1594
f 1015/1015 1594/1594 1159/1159
f 1460/1460 304/304 454/454
f 1460/1460 454/454 1594/1594
f 304/304 1230/1230 1352/1352
f 304/304 1352/1352 454/454
f 1230/1230 945/945 1094/1094
f 1230/1230 1094/1094 1352/1352
f 945/945 1389/1389 1519/1519
f 945/945 1519/1519 1094/1094
f 1388/1388 1247/1247 1368/1368
f 1388/1388 1368/1368 1520/1520
f 1247/1247 820/820 2614/2614
f 1247/1247 2614/2614 1368/1368
f 1658/1658 885/885 2433/2433
f 1658/1658 2433/2433 2539/2539
f 885/885 1224/1224 930/930
f 885/885 930/930 2433/2433
f 1224/1224 875/875 1621/1621
f 1224/1224 1621/1621 930/930
f 875/875 1160/1160 41/41
f 875/875 41/41 1621/1621
f 1160/1160 1595/1595 841/841
f 1160/1160 841/841 41/41
f 1595/1595 455/455 2570/2570
f 1595/1595 2570/2570 841/841
f 455/455 1353/1353 2732/2732
f 455/455 2732/2732 2570/2570
f 1353/1353 1095/1095 518/518
f 1353/1353 518/518 2732/2732
f 1095/1095 1522/1522 2696/2696
f 1095/1095 2696/2696 518/518
f 1521/1521 1367/1367 1560/1560
f 1521/1521 1560/1560 2695/2695
f 1367/1367 2613/2613 1965/1965
f 1367/1367 1965/1965 1560/1560
f 2539/2539 2433/2433 2558/2558
f 2539/2539 2558/2558 2656/2656
f 2433/2433 930/930 1070/1070
f 2433/2433 1070/1070 2558/2558
f 930/930 1621/1621 1753/1753
f 930/930 1753/1753 1070/1070
f 1621/1621 41/41 161/161
f 1621/1621 161/161 1753/1753
f 41/41 841/841 2633/2633
f 41/41 2633/2633 161/161
f 841/841 2570/2570 2687/2687
f 841/841 2687/2687 2633/2633
f 2570/2570 2732/2732 1819/1819
f 2570/2570 1819/1819 2687/2687
f 2732/2732 518/518 629/629
f 2732/2732 629/629 1819/1819
f 518/518 2696/2696 57/57
f 518/518 57/57 629/629
f 2695/2695 1560/1560 1691/1691
f 2695/2695 1691/1691 56/56
f 1560/1560 1965/1965 2092/2092
f 1560/1560 2092/2092 1691/1691
f 2656/2656 2558/2558 1293/1293
f 2656/2656 1293/1293 2040/2040
f 2558/2558 1070/1070 1613/1613
f 2558/2558 1613/1613 1293/1293
f 1070/1070 1753/1753 148/148
f 1070/1070 148/148 1613/1613
f 1753/1753 161/161 423/423
f 1753/1753 423/423 148/148
f 161/161 2633/2633 899/899
f 161/161 899/899 423/423
f 2633/2633 2687/2687 870/870
f 2633/2633 870/870 899/899
f 2687/2687 1819/1819 1755/1755
f 2687/2687 1755/1755 870/870
f 1819/1819 629/629 365/365
f 1819/1819 365/365 1755/1755
f 629/629 57/57 823/823
f 629/629 823/823 365/365
f 56/56 1691/1691 628/628
f 56/56 628/628 824/824
f 1691/1691 2092/2092 1357/1357
f 1691/1691 1357/1357 628/628
f 2040/2040 1293/1293 238/238
f 2040/2040 238/238 1116/1116
f 1293/1293 1613/1613 1749/1749
f 1293/1293 1749/1749 238/238
f 1613/1613 148/148 1392/1392
f 1613/1613 1392/1392 1749/1749
f 148/148 423/423 551/551
f 148/148 551/551 1392/1392
f 423/423 899/899 1037/1037
f 423/423 1037/1037 551/551
f 899/899 870/870 1009/1009
f 899/899 1009/1009 1037/1037
f 870/870 1755/1755 1865/1865
f 870/870 1865/1865 1009/1009
f 1755/1755 365/365 495/495
f 1755/1755 495/495 1865/1865
f 365/365 823/823 960/960
f 365/365 960/960 495/495
f 824/824 628/628 785/785
f 824/824 785/785 959/959
f 628/628 1357/1357 379/379
f 628/628 379/379 785/785
f 1115/1115 239/239 1891/1891
f 1115/1115 1891/1891 2007/2007
f 239/239 1750/1750 1452/1452
f 239/239 1452/1452 1891/1891
f 1750/1750 1393/1393 1058/1058
f 1750/1750 1058/1058 1452/1452
f 1393/1393 552/552 565/565
f 1393/1393 565/565 1058/1058
f 552/552 1038/1038 243/243
f 552/552 243/243 565/565
f 1038/1038 1010/1010 308/308
f 1038/1038 308/308 243/243
f 1010/1010 1864/1864 2211/2211
f 1010/1010 2211/2211 308/308
f 1864/1864 494/494 1066/1066
f 1864/1864 1066/1066 2211/2211
f 494/494 961/961 1113/1113
f 494/494 1113/1113 1066/1066
f 962/962 786/786 445/445
f 962/962 445/445 1112/1112
f 786/786 378/378 176/176
f 786/786 176/176 445/445
f 2007/2007 1891/1891 2019/2019
f 2007/2007 2019/2019 2139/2139
f 1891/1891 1452/1452 1588/1588
f 1891/1891 1588/1588 2019/2019
f 1452/1452 1058/1058 2259/2259
f 1452/1452 2259/2259 1588/1588
f 1058/1058 565/565 2396/2396
f 1058/1058 2396/2396 2259/2259
f 565/565 243/243 2107/2107
f 565/565 2107/2107 2396/2396
f 243/243 308/308 2166/2166
f 243/243 2166/2166 2107/2107
f 308/308 2211/2211 410/410
f 308/308 410/410 2166/2166
f 2211/2211 1066/1066 273/273
f 2211/2211 273/273 410/410
f 1066/1066 1113/1113 1610/1610
f 1066/1066 1610/1610 273/273
f 1112/1112 445/445 1069/1069
f 1112/1112 1069/1069 1611/1611
f 445/445 176/176 2471/2471
f 445/445 2471/2471 1069/1069
f 1478/1478 636/636 793/793
f 1478/1478 793/793 1627/1627
f 636/636 1055/1055 1188/1188
f 636/636 1188/1188 793/793
f 1055/1055 670/670 1707/1707
f 1055/1055 1707/1707 1188/1188
f 670/670 974/974 2424/2424
f 670/670 2424/2424 1707/1707
f 974/974 1421/1421 770/770
f 974/974 770/770 2424/2424
f 1421/1421 1861/1861 511/511
f 1421/1421 511/511 770/770
f 1861/1861 917/917 230/230
f 1861/1861 230/230 511/511
f 917/917 1050/1050 2650/2650
f 917/917 2650/2650 230/230
f 1050/1050 218/218 2262/2262
f 1050/1050 2262/2262 2650/2650
f 217/217 377/377 741/741
f 217/217 741/741 2265/2265
f 377/377 759/759 2524/2524
f 377/377 2524/2524 741/741
f 759/759 2714/2714 995/995
f 759/759 995/995 2524/2524
f 2521/2521 1114/1114 1991/1991
f 2521/2521 1991/1991 691/691
f 1114/1114 2526/2526 777/777
f 1114/1114 777/777 1991/1991
f 2526/2526 1784/1784 2096/2096
f 2526/2526 2096/2096 777/777
f 1784/1784 1051/1051 1548/1548
f 1784/1784 1548/1548 2096/2096
f 1051/1051 2349/2349 1524/1524
f 1051/1051 1524/1524 1548/1548
f 2349/2349 1351/1351 2477/2477
f 2349/2349 2477/2477 1524/1524
f 1351/1351 62/62 614/614
f 1351/1351 614/614 2477/2477
f 62/62 562/562 1881/1881
f 62/62 1881/1881 614/614
f 562/562 2378/2378 1056/1056
f 562/562 1056/1056 1881/1881
f 2379/2379 2282/2282 2053/2053
f 2379/2379 2053/2053 1057/1057
f 2457/2457 1191/1191 2078/2078
f 2457/2457 2078/2078 2649/2649
f 1191/1191 2173/2173 2134/2134
f 1191/1191 2134/2134 2078/2078
f 2173/2173 1526/1526 1387/1387
f 2173/2173 1387/1387 2134/2134
f 1526/1526 1657/1657 415/415
f 1526/1526 415/415 1387/1387
f 1658/1658 2539/2539 1439/1439
f 1658/1658 1439/1439 414/414
f 2539/2539 2656/2656 1575/1575
f 2539/2539 1575/1575 1439/1439
f 2656/2656 2040/2040 820/820
f 2656/2656 820/820 1575/1575
f 2040/2040 1116/1116 2614/2614
f 2040/2040 2614/2614 820/820
f 1115/1115 2007/2007 1965/1965
f 1115/1115 1965/1965 2613/2613
f 2007/2007 2139/2139 2092/2092
f 2007/2007 2092/2092 1965/1965
f 2139/2139 1478/1478 1357/1357
f 2139/2139 1357/1357 2092/2092
f 1478/1478 1627/1627 379/379
f 1478/1478 379/379 1357/1357
f 1626/1626 2521/2521 176/176
f 1626/1626 176/176 378/378
f 2521/2521 691/691 2471/2471
f 2521/2521 2471/2471 176/176
f 2457/2457 2450/2450 183/183
f 2457/2457 183/183 1191/1191
f 2456/2456 372/372 322/322
f 2456/2456 322/322 2451/2451
f 372/372 79/79 1369/1369
f 372/372 1369/1369 1573/1573
f 372/372 1573/1573 2116/2116
f 372/372 2116/2116 322/322
f 2471/2471 691/691 2714/2714
f 2471/2471 2714/2714 759/759
f 2714/2714 691/691 1434/1434
f 2714/2714 1434/1434 995/995
f 2525/2525 996/996 1432/1432
f 2525/2525 1432/1432 1651/1651
f 742/742 2525/2525 1651/1651
f 742/742 1651/1651 2282/2282
f 2282/2282 1651/1651 1979/1979
f 2282/2282 1979/1979 2053/2053
f 79/79 2252/2252 800/800
f 79/79 800/800 1369/1369
f 2252/2252 2228/2228 574/574
f 2252/2252 574/574 800/800
f 2228/2228 2518/2518 1913/1913
f 2228/2228 1913/1913 574/574
f 2518/2518 2726/2726 2114/2114
f 2518/2518 2114/2114 1913/1913
f 2726/2726 2074/2074 251/251
f 2726/2726 251/251 2114/2114
f 2074/2074 1286/1286 547/547
f 2074/2074 547/547 251/251
f 1286/1286 166/166 2073/2073
f 1286/1286 2073/2073 547/547
f 167/167 195/195 2193/2193
f 167/167 2193/2193 2072/2072
f 195/195 2649/2649 2078/2078
f 195/195 2078/2078 2193/2193
f 1573/1573 2008/2008 873/873
f 1573/1573 873/873 2116/2116
f 2008/2008 2582/2582 268/268
f 2008/2008 268/268 873/873
f 2582/2582 468/468 1416/1416
f 2582/2582 1416/1416 268/268
f 468/468 3/3 907/907
f 468/468 907/907 1416/1416
f 3/3 1709/1709 659/659
f 3/3 659/659 907/907
f 1709/1709 1490/1490 399/399
f 1709/1709 399/399 659/659
f 1490/1490 617/617 863/863
f 1490/1490 863/863 399/399
f 618/618 490/490 677/677
f 618/618 677/677 864/864
f 490/490 2134/2134 1387/1387
f 490/490 1387/1387 677/677
f 2139/2139 2019/2019 636/636
f 2139/2139 636/636 1478/1478
f 2019/2019 1588/1588 1055/1055
f 2019/2019 1055/1055 636/636
f 1588/1588 2259/2259 670/670
f 1588/1588 670/670 1055/1055
f 2259/2259 2396/2396 974/974
f 2259/2259 974/974 670/670
f 2396/2396 2107/2107 1421/1421
f 2396/2396 1421/1421 974/974
f 2107/2107 2166/2166 1861/1861
f 2107/2107 1861/1861 1421/1421
f 2166/2166 410/410 917/917
f 2166/2166 917/917 1861/1861
f 410/410 273/273 1050/1050
f 410/410 1050/1050 917/917
f 273/273 1610/1610 218/218
f 273/273 218/218 1050/1050
f 1611/1611 1069/1069 377/377
f 1611/1611 377/377 217/217
f 1069/1069 2471/2471 759/759
f 1069/1069 759/759 377/377
f 1626/1626 794/794 1114/1114
f 1626/1626 1114/1114 2521/2521
f 794/794 1189/1189 2526/2526
f 794/794 2526/2526 1114/1114
f 1189/1189 1706/1706 1784/1784
f 1189/1189 1784/1784 2526/2526
f 1706/1706 2423/2423 1051/1051
f 1706/1706 1051/1051 1784/1784
f 2423/2423 769/769 2349/2349
f 2423/2423 2349/2349 1051/1051
f 769/769 512/512 1351/1351
f 769/769 1351/1351 2349/2349
f 512/512 231/231 62/62
f 512/512 62/62 1351/1351
f 231/231 2651/2651 562/562
f 231/231 562/562 62/62
f 2651/2651 2264/2264 2378/2378
f 2651/2651 2378/2378 562/562
f 2263/2263 742/742 2282/2282
f 2263/2263 2282/2282 2379/2379
f 691/691 1991/1991 2124/2124
f 691/691 2124/2124 1434/1434
f 1991/1991 777/777 128/128
f 1991/1991 128/128 2124/2124
f 777/777 2096/2096 1216/1216
f 777/777 1216/1216 128/128
f 2096/2096 1548/1548 1192/1192
f 2096/2096 1192/1192 1216/1216
f 1548/1548 1524/1524 1503/1503
f 1548/1548 1503/1503 1192/1192
f 1524/1524 2477/2477 1725/1725
f 1524/1524 1725/1725 1503/1503
f 2477/2477 614/614 1035/1035
f 2477/2477 1035/1035 1725/1725
f 614/614 1881/1881 1319/1319
f 614/614 1319/1319 1035/1035
f 1881/1881 1056/1056 1943/1943
f 1881/1881 1943/1943 1319/1319
f 1057/1057 2053/2053 1979/1979
f 1057/1057 1979/1979 1944/1944
f 372/372 2456/2456 1765/1765
f 372/372 1765/1765 1290/1290
f 2726/2726 2518/2518 2137/2137
f 2726/2726 2137/2137 1153/1153
f 2457/2457 2649/2649 787/787
f 2457/2457 787/787 1766/1766
f 2252/2252 79/79 1821/1821
f 2252/2252 1821/1821 1400/1400
f 2649/2649 195/195 1950/1950
f 2649/2649 1950/1950 787/787
f 1286/1286 2074/2074 2703/2703
f 1286/1286 2703/2703 2152/2152
f 166/166 1286/1286 2152/2152
f 166/166 2152/2152 1534/1534
f 79/79 372/372 1290/1290
f 79/79 1290/1290 1821/1821
f 2228/2228 2252/2252 1400/1400
f 2228/2228 1400/1400 937/937
f 2518/2518 2228/2228 937/937
f 2518/2518 937/937 2137/2137
f 195/195 167/167 1535/1535
f 195/195 1535/1535 1950/1950
f 2074/2074 2726/2726 1153/1153
f 2074/2074 1153/1153 2703/2703
f 726/726 191/191 367/367
f 726/726 367/367 1341/1341
f 191/191 1207/1207 2257/2257
f 191/191 2257/2257 367/367
f 1207/1207 2390/2390 1244/1244
f 1207/1207 1244/1244 2257/2257
f 1341/1341 367/367 1983/1983
f 1341/1341 1983/1983 1978/1978
f 367/367 2257/2257 2722/2722
f 367/367 2722/2722 1983/1983
f 2257/2257 1244/1244 92/92
f 2257/2257 92/92 2722/2722
f 1978/1978 1983/1983 1957/1957
f 1978/1978 1957/1957 722/722
f 1983/1983 2722/2722 110/110
f 1983/1983 110/110 1957/1957
f 2722/2722 92/92 746/746
f 2722/2722 746/746 110/110
f 2390/2390 1207/1207 1433/1433
f 2390/2390 1433/1433 2123/2123
f 110/110 746/746 1193/1193
f 110/110 1193/1193 1503/1503
f 1341/1341 1978/1978 1318/1318
f 1341/1341 1318/1318 1945/1945
f 1244/1244 2390/2390 2123/2123
f 1244/1244 2123/2123 129/129
f 1957/1957 110/110 1503/1503
f 1957/1957 1503/1503 1725/1725
f 726/726 1341/1341 1945/1945
f 726/726 1945/1945 1980/1980
f 1207/1207 191/191 1652/1652
f 1207/1207 1652/1652 1433/1433
f 92/92 1244/1244 129/129
f 92/92 129/129 1217/1217
f 722/722 1957/1957 1725/1725
f 722/722 1725/1725 1034/1034
f 191/191 726/726 1980/1980
f 191/191 1980/1980 1652/1652
f 746/746 92/92 1217/1217
f 746/746 1217/1217 1193/1193
f 1978/1978 722/722 1034/1034
f 1978/1978 1034/1034 1318/1318
f 2591/2591 2597/2597 1274/1274
f 2591/2591 1274/1274 1847/1847
f 2597/2597 1030/1030 2216/2216
f 2597/2597 2216/2216 1274/1274
f 1030/1030 2319/2319 2334/2334
f 1030/1030 2334/2334 2216/2216
f 1648/1648 1858/1858 2597/2597
f 1648/1648 2597/2597 2591/2591
f 1858/1858 1356/1356 1030/1030
f 1858/1858 1030/1030 2597/2597
f 1356/1356 272/272 2319/2319
f 1356/1356 2319/2319 1030/1030
f 1638/1638 1762/1762 1858/1858
f 1638/1638 1858/1858 1648/1648
f 1762/1762 1031/1031 1356/1356
f 1762/1762 1356/1356 1858/1858
f 1031/1031 2121/2121 272/272
f 1031/1031 272/272 1356/1356
f 2216/2216 2334/2334 1291/1291
f 2216/2216 1291/1291 1766/1766
f 2121/2121 1031/1031 2136/2136
f 2121/2121 2136/2136 936/936
f 1648/1648 2591/2591 1533/1533
f 1648/1648 1533/1533 2151/2151
f 1274/1274 2216/2216 1766/1766
f 1274/1274 1766/1766 787/787
f 2334/2334 2319/2319 1820/1820
f 2334/2334 1820/1820 1291/1291
f 1031/1031 1762/1762 1152/1152
f 1031/1031 1152/1152 2136/2136
f 2591/2591 1847/1847 1949/1949
f 2591/2591 1949/1949 1533/1533
f 2319/2319 272/272 1401/1401
f 2319/2319 1401/1401 1820/1820
f 1762/1762 1638/1638 2702/2702
f 1762/1762 2702/2702 1152/1152
f 1847/1847 1274/1274 787/787
f 1847/1847 787/787 1949/1949
f 272/272 2121/2121 936/936
f 272/272 936/936 1401/1401
f 1638/1638 1648/1648 2151/2151
f 1638/1638 2151/2151 2702/2702
f 298/298 1073/1073 1799/1799
f 298/298 1799/1799 2157/2157
f 330/330 111/111 2298/2298
f 330/330 2298/2298 471/471
f 1187/1187 335/335 1442/1442
f 1187/1187 1442/1442 543/543
f 1310/1310 1047/1047 1873/1873
f 1310/1310 1873/1873 2140/2140
f 206/206 396/396 2491/2491
f 206/206 2491/2491 2754/2754
f 97/97 2607/2607 2382/2382
f 97/97 2382/2382 981/981
f 2750/2750 797/797 2723/2723
f 2750/2750 2723/2723 223/223
f 2720/2720 1848/1848 2108/2108
f 2720/2720 2108/2108 1829/1829
f 2247/2247 1431/1431 2694/2694
f 2247/2247 2694/2694 201/201
f 2647/2647 2126/2126 2189/2189
f 2647/2647 2189/2189 929/929
f 765/765 493/493 226/226
f 765/765 226/226 1628/1628
f 2704/2704 1907/1907 2481/2481
f 2704/2704 2481/2481 2261/2261
f 1073/1073 171/171 310/310
f 1073/1073 310/310 1799/1799
f 2126/2126 330/330 471/471
f 2126/2126 471/471 2573/2573
f 2359/2359 475/475 1717/1717
f 2359/2359 1717/1717 1888/1888
f 509/509 199/199 1591/1591
f 509/509 1591/1591 781/781
f 1237/1237 1501/1501 523/523
f 1237/1237 523/523 2487/2487
f 335/335 26/26 27/27
f 335/335 27/27 1442/1442
f 667/667 368/368 1203/1203
f 667/667 1203/1203 2634/2634
f 1907/1907 1086/1086 1087/1087
f 1907/1907 1087/1087 2481/2481
f 1086/1086 2126/2126 2573/2573
f 1086/1086 2573/2573 1087/1087
f 111/111 1187/1187 543/543
f 111/111 543/543 2298/2298
f 2100/2100 2391/2391 2634/2634
f 2100/2100 2634/2634 1203/1203
f 1873/1873 2760/2760 1373/1373
f 1873/1873 1373/1373 2140/2140
f 2565/2565 209/209 1612/1612
f 2565/2565 1612/1612 1185/1185
f 2269/2269 2497/2497 1628/1628
f 2269/2269 1628/1628 226/226
f 1730/1730 1120/1120 2302/2302
f 1730/1730 2302/2302 1989/1989
f 2302/2302 74/74 186/186
f 2302/2302 186/186 2660/2660
f 994/994 1145/1145 805/805
f 994/994 805/805 2707/2707
f 1185/1185 1612/1612 39/39
f 1185/1185 39/39 1694/1694
f 2258/2258 385/385 1758/1758
f 2258/2258 1758/1758 2491/2491
f 1842/1842 1231/1231 1354/1354
f 1842/1842 1354/1354 2100/2100
f 1390/1390 1525/1525 1231/1231
f 1390/1390 1231/1231 817/817
f 2041/2041 727/727 881/881
f 2041/2041 881/881 1282/1282
f 981/981 1842/1842 2100/2100
f 981/981 2100/2100 1203/1203
f 1758/1758 944/944 2407/2407
f 1758/1758 2407/2407 2009/2009
f 2491/2491 1758/1758 2009/2009
f 2491/2491 2009/2009 2754/2754
f 259/259 866/866 1008/1008
f 259/259 1008/1008 661/661
f 797/797 1730/1730 1989/1989
f 797/797 1989/1989 2723/2723
f 1285/1285 1402/1402 1120/1120
f 1285/1285 1120/1120 1662/1662
f 1501/1501 133/133 1455/1455
f 1501/1501 1455/1455 523/523
f 2760/2760 259/259 661/661
f 2760/2760 661/661 1373/1373
f 1455/1455 1730/1730 797/797
f 1455/1455 797/797 523/523
f 1373/1373 661/661 817/817
f 1373/1373 817/817 1581/1581
f 1662/1662 1120/1120 1730/1730
f 1662/1662 1730/1730 1455/1455
f 2140/2140 1373/1373 1581/1581
f 2140/2140 1581/1581 2382/2382
f 1330/1330 775/775 2694/2694
f 1330/1330 2694/2694 1431/1431
f 81/81 2645/2645 775/775
f 81/81 775/775 1330/1330
f 537/537 2755/2755 2645/2645
f 537/537 2645/2645 81/81
f 2738/2738 698/698 2755/2755
f 2738/2738 2755/2755 537/537
f 335/335 1187/1187 371/371
f 335/335 371/371 698/698
f 1187/1187 111/111 2465/2465
f 1187/1187 2465/2465 371/371
f 111/111 330/330 2299/2299
f 111/111 2299/2299 2465/2465
f 330/330 2126/2126 2647/2647
f 330/330 2647/2647 2299/2299
f 2647/2647 1417/1417 396/396
f 2647/2647 396/396 206/206
f 944/944 2567/2567 2683/2683
f 944/944 2683/2683 2407/2407
f 817/817 1231/1231 1842/1842
f 817/817 1842/1842 1581/1581
f 385/385 805/805 944/944
f 385/385 944/944 1758/1758
f 1581/1581 1842/1842 981/981
f 1581/1581 981/981 2382/2382
f 2707/2707 805/805 385/385
f 2707/2707 385/385 113/113
f 113/113 385/385 2258/2258
f 113/113 2258/2258 2000/2000
f 2733/2733 209/209 2565/2565
f 2733/2733 2565/2565 36/36
f 36/36 2565/2565 2730/2730
f 36/36 2730/2730 2476/2476
f 2476/2476 2730/2730 1848/1848
f 2476/2476 1848/1848 1591/1591
f 133/133 1282/1282 1662/1662
f 133/133 1662/1662 1455/1455
f 2440/2440 1645/1645 133/133
f 2440/2440 133/133 1501/1501
f 1645/1645 2041/2041 1282/1282
f 1645/1645 1282/1282 133/133
f 2108/2108 1342/1342 1855/1855
f 2108/2108 1855/1855 1304/1304
f 1342/1342 1185/1185 1694/1694
f 1342/1342 1694/1694 1855/1855
f 2754/2754 2009/2009 2269/2269
f 2754/2754 2269/2269 226/226
f 2009/2009 2407/2407 2520/2520
f 2009/2009 2520/2520 2269/2269
f 2723/2723 1989/1989 2241/2241
f 2723/2723 2241/2241 199/199
f 1989/1989 2302/2302 2660/2660
f 1989/1989 2660/2660 2241/2241
f 199/199 2241/2241 2476/2476
f 199/199 2476/2476 1591/1591
f 2241/2241 2660/2660 36/36
f 2241/2241 36/36 2476/2476
f 303/303 449/449 138/138
f 303/303 138/138 2520/2520
f 2520/2520 138/138 2497/2497
f 2520/2520 2497/2497 2269/2269
f 1848/1848 2730/2730 1342/1342
f 1848/1848 1342/1342 2108/2108
f 2730/2730 2565/2565 1185/1185
f 2730/2730 1185/1185 1342/1342
f 1911/1911 320/320 2172/2172
f 1911/1911 2172/2172 1354/1354
f 1354/1354 2172/2172 2391/2391
f 1354/1354 2391/2391 2100/2100
f 2634/2634 2391/2391 1645/1645
f 2634/2634 1645/1645 2440/2440
f 2391/2391 2172/2172 2041/2041
f 2391/2391 2041/2041 1645/1645
f 1628/1628 2497/2497 2760/2760
f 1628/1628 2760/2760 1873/1873
f 2497/2497 138/138 259/259
f 2497/2497 259/259 2760/2760
f 2299/2299 2647/2647 206/206
f 2299/2299 206/206 493/493
f 2647/2647 929/929 1292/1292
f 2647/2647 1292/1292 1417/1417
f 2465/2465 765/765 1047/1047
f 2465/2465 1047/1047 1310/1310
f 371/371 2465/2465 1310/1310
f 371/371 1310/1310 2607/2607
f 2465/2465 2299/2299 493/493
f 2465/2465 493/493 765/765
f 509/509 692/692 1679/1679
f 509/509 1679/1679 223/223
f 829/829 2602/2602 667/667
f 829/829 667/667 1664/1664
f 2602/2602 371/371 2607/2607
f 2602/2602 2607/2607 97/97
f 2602/2602 97/97 368/368
f 2602/2602 368/368 667/667
f 2258/2258 1417/1417 1292/1292
f 2258/2258 1292/1292 2000/2000
f 2491/2491 396/396 1417/1417
f 2491/2491 1417/1417 2258/2258
f 493/493 206/206 2754/2754
f 493/493 2754/2754 226/226
f 1047/1047 765/765 1628/1628
f 1047/1047 1628/1628 1873/1873
f 2607/2607 1310/1310 2140/2140
f 2607/2607 2140/2140 2382/2382
f 368/368 97/97 981/981
f 368/368 981/981 1203/1203
f 1664/1664 667/667 2634/2634
f 1664/1664 2634/2634 2440/2440
f 1664/1664 2440/2440 1501/1501
f 1664/1664 1501/1501 1237/1237
f 2487/2487 523/523 797/797
f 2487/2487 797/797 2750/2750
f 223/223 2723/2723 199/199
f 223/223 199/199 509/509
f 781/781 1591/1591 1848/1848
f 781/781 1848/1848 2720/2720
f 1304/1304 461/461 1829/1829
f 1304/1304 1829/1829 2108/2108
f 1237/1237 1760/1760 829/829
f 1237/1237 829/829 1664/1664
f 2750/2750 223/223 1679/1679
f 2750/2750 1679/1679 1760/1760
f 2487/2487 2750/2750 1760/1760
f 2487/2487 1760/1760 1237/1237
f 2720/2720 1829/1829 201/201
f 2720/2720 201/201 2090/2090
f 2247/2247 201/201 1829/1829
f 2247/2247 1829/1829 461/461
f 775/775 2645/2645 1679/1679
f 775/775 1679/1679 692/692
f 2645/2645 2755/2755 1760/1760
f 2645/2645 1760/1760 1679/1679
f 2755/2755 698/698 829/829
f 2755/2755 829/829 1760/1760
f 698/698 371/371 2602/2602
f 698/698 2602/2602 829/829
f 781/781 2720/2720 2090/2090
f 781/781 2090/2090 509/509
f 1226/1226 2694/2694 775/775
f 1226/1226 775/775 692/692
f 1226/1226 692/692 509/509
f 1226/1226 509/509 2090/2090
f 2694/2694 1226/1226 2090/2090
f 2694/2694 2090/2090 201/201
f 26/26 335/335 698/698
f 26/26 698/698 2738/2738
f 25/25 265/265 264/264
f 25/25 264/264 27/27
f 265/265 2359/2359 1888/1888
f 265/265 1888/1888 264/264
f 171/171 2704/2704 2261/2261
f 171/171 2261/2261 310/310
f 2288/2288 298/298 2157/2157
f 2288/2288 2157/2157 1347/1347
f 475/475 2288/2288 1347/1347
f 475/475 1347/1347 1717/1717
f 2620/2620 586/586 2172/2172
f 2620/2620 2172/2172 320/320
f 2412/2412 2528/2528 1354/1354
f 2412/2412 1354/1354 1231/1231
f 914/914 1890/1890 2359/2359
f 914/914 2359/2359 265/265
f 1742/1742 2021/2021 805/805
f 1742/1742 805/805 1145/1145
f 570/570 2689/2689 2126/2126
f 570/570 2126/2126 1086/1086
f 1100/1100 1385/1385 138/138
f 1100/1100 138/138 449/449
f 586/586 466/466 2041/2041
f 586/586 2041/2041 2172/2172
f 1197/1197 1603/1603 994/994
f 1197/1197 994/994 2707/2707
f 2031/2031 838/838 1330/1330
f 2031/2031 1330/1330 1431/1431
f 1197/1197 2707/2707 43/43
f 1197/1197 43/43 1827/1827
f 1385/1385 1516/1516 259/259
f 1385/1385 259/259 138/138
f 1998/1998 2129/2129 1525/1525
f 1998/1998 1525/1525 1390/1390
f 2301/2301 730/730 2302/2302
f 2301/2301 2302/2302 1120/1120
f 2129/2129 2412/2412 1231/1231
f 2129/2129 1231/1231 1525/1525
f 1544/1544 1879/1879 1292/1292
f 1544/1544 1292/1292 929/929
f 693/693 1184/1184 537/537
f 693/693 537/537 81/81
f 466/466 1362/1362 727/727
f 466/466 727/727 2041/2041
f 1895/1895 1109/1109 461/461
f 1895/1895 461/461 1304/1304
f 1362/1362 1477/1477 881/881
f 1362/1362 881/881 727/727
f 2287/2287 2336/2336 26/26
f 2287/2287 26/26 2738/2738
f 1516/1516 369/369 866/866
f 1516/1516 866/866 259/259
f 1527/1527 1359/1359 113/113
f 1527/1527 113/113 2000/2000
f 2337/2337 914/914 265/265
f 2337/2337 265/265 25/25
f 681/681 834/834 186/186
f 681/681 186/186 74/74
f 1898/1898 2028/2028 817/817
f 1898/1898 817/817 661/661
f 2483/2483 570/570 1086/1086
f 2483/2483 1086/1086 1907/1907
f 2528/2528 2489/2489 1911/1911
f 2528/2528 1911/1911 1354/1354
f 838/838 693/693 81/81
f 838/838 81/81 1330/1330
f 95/95 255/255 1855/1855
f 95/95 1855/1855 1694/1694
f 1184/1184 2287/2287 2738/2738
f 1184/1184 2738/2738 537/537
f 1779/1779 2031/2031 1431/1431
f 1779/1779 1431/1431 2247/2247
f 66/66 1870/1870 1285/1285
f 66/66 1285/1285 1662/1662
f 2118/2118 2250/2250 2683/2683
f 2118/2118 2683/2683 2567/2567
f 1673/1673 819/819 171/171
f 1673/1673 171/171 1073/1073
f 1890/1890 1122/1122 475/475
f 1890/1890 475/475 2359/2359
f 2689/2689 1/1 2189/2189
f 2689/2689 2189/2189 2126/2126
f 1287/1287 576/576 2733/2733
f 1287/1287 2733/2733 36/36
f 730/730 681/681 74/74
f 730/730 74/74 2302/2302
f 2250/2250 855/855 2407/2407
f 2250/2250 2407/2407 2683/2683
f 549/549 2483/2483 1907/1907
f 549/549 1907/1907 2704/2704
f 998/998 950/950 303/303
f 998/998 303/303 2520/2520
f 1606/1606 1742/1742 1145/1145
f 1606/1606 1145/1145 994/994
f 2455/2455 66/66 1662/1662
f 2455/2455 1662/1662 1282/1282
f 640/640 95/95 1694/1694
f 640/640 1694/1694 39/39
f 1109/1109 1779/1779 2247/2247
f 1109/1109 2247/2247 461/461
f 942/942 1673/1673 1073/1073
f 942/942 1073/1073 298/298
f 1879/1879 1528/1528 2000/2000
f 1879/1879 2000/2000 1292/1292
f 1122/1122 99/99 2288/2288
f 1122/1122 2288/2288 475/475
f 576/576 859/859 209/209
f 576/576 209/209 2733/2733
f 2158/2158 2118/2118 2567/2567
f 2158/2158 2567/2567 944/944
f 819/819 549/549 2704/2704
f 819/819 2704/2704 171/171
f 1/1 1544/1544 929/929
f 1/1 929/929 2189/2189
f 1477/1477 2455/2455 1282/1282
f 1477/1477 1282/1282 881/881
f 255/255 1895/1895 1304/1304
f 255/255 1304/1304 1855/1855
f 2489/2489 2620/2620 320/320
f 2489/2489 320/320 1911/1911
f 855/855 998/998 2520/2520
f 855/855 2520/2520 2407/2407
f 859/859 1147/1147 1612/1612
f 859/859 1612/1612 209/209
f 2028/2028 1998/1998 1390/1390
f 2028/2028 1390/1390 817/817
f 99/99 942/942 298/298
f 99/99 298/298 2288/2288
f 1147/1147 640/640 39/39
f 1147/1147 39/39 1612/1612
f 2010/2010 2301/2301 1120/1120
f 2010/2010 1120/1120 1402/1402
f 950/950 1100/1100 449/449
f 950/950 449/449 303/303
f 834/834 1164/1164 2660/2660
f 834/834 2660/2660 186/186
f 1164/1164 1287/1287 36/36
f 1164/1164 36/36 2660/2660
f 1870/1870 2010/2010 1402/1402
f 1870/1870 1402/1402 1285/1285
f 2021/2021 2158/2158 944/944
f 2021/2021 944/944 805/805
f 369/369 500/500 1008/1008
f 369/369 1008/1008 866/866
f 500/500 1898/1898 661/661
f 500/500 661/661 1008/1008
f 1059/1059 938/938 189/189
f 1059/1059 189/189 1494/1494
f 1494/1494 189/189 1101/1101
f 1494/1494 1101/1101 957/957
f 189/189 2120/2120 1641/1641
f 189/189 1641/1641 1101/1101
f 1119/1119 310/310 2261/2261
f 1119/1119 2261/2261 76/76
f 653/653 1799/1799 310/310
f 653/653 310/310 1119/1119
f 76/76 2261/2261 2481/2481
f 76/76 2481/2481 1489/1489
f 1752/1752 1087/1087 2573/2573
f 1752/1752 2573/2573 471/471
f 938/938 2425/2425 2120/2120
f 938/938 2120/2120 189/189
f 957/957 1752/1752 471/471
f 957/957 471/471 2298/2298
f 1641/1641 76/76 1489/1489
f 1641/1641 1489/1489 1101/1101
f 2425/2425 653/653 1119/1119
f 2425/2425 1119/1119 2120/2120
f 2120/2120 1119/1119 76/76
f 2120/2120 76/76 1641/1641
f 1717/1717 1347/1347 653/653
f 1717/1717 653/653 2425/2425
f 1888/1888 1717/1717 2425/2425
f 1888/1888 2425/2425 938/938
f 1347/1347 2157/2157 1799/1799
f 1347/1347 1799/1799 653/653
f 264/264 1888/1888 938/938
f 264/264 938/938 1059/1059
f 27/27 264/264 1059/1059
f 27/27 1059/1059 1442/1442
f 1101/1101 1489/1489 1752/1752
f 1101/1101 1752/1752 957/957
f 1489/1489 2481/2481 1087/1087
f 1489/1489 1087/1087 1752/1752
f 543/543 1494/1494 957/957
f 543/543 957/957 2298/2298
f 1442/1442 1059/1059 1494/1494
f 1442/1442 1494/1494 543/543
f 2001/2001 1827/1827 43/43
f 2001/2001 43/43 200/200
f 2707/2707 113/113 200/200
f 2707/2707 200/200 43/43
f 113/113 1359/1359 2001/2001
f 113/113 2001/2001 200/200
f 1558/1558 2398/2398 345/345
f 1558/1558 345/345 1205/1205
f 1577/1577 1365/1365 381/381
f 1577/1577 381/381 221/221
f 1313/1313 1427/1427 2307/2307
f 1313/1313 2307/2307 476/476
f 2478/2478 555/555 2012/2012
f 2478/2478 2012/2012 2248/2248
f 359/359 1243/1243 2621/2621
f 359/359 2621/2621 526/526
f 211/211 1126/1126 836/836
f 211/211 836/836 2736/2736
f 1235/1235 384/384 1209/1209
f 1235/1235 1209/1209 935/935
f 82/82 224/224 528/528
f 82/82 528/528 1990/1990
f 2362/2362 1458/1458 1190/1190
f 2362/2362 1190/1190 1565/1565
f 1150/1150 2147/2147 597/597
f 1150/1150 597/597 542/542
f 903/903 1759/1759 1481/1481
f 903/903 1481/1481 611/611
f 1196/1196 2492/2492 1702/1702
f 1196/1196 1702/1702 2030/2030
f 1205/1205 345/345 1700/1700
f 1205/1205 1700/1700 1429/1429
f 542/542 658/658 1365/1365
f 542/542 1365/1365 1577/1577
f 2470/2470 2150/2150 1966/1966
f 2470/2470 1966/1966 1718/1718
f 623/623 922/922 1731/1731
f 623/623 1731/1731 1456/1456
f 2416/2416 958/958 638/638
f 2416/2416 638/638 1639/1639
f 476/476 2307/2307 1997/1997
f 476/476 1997/1997 144/144
f 821/821 1135/1135 1331/1331
f 821/821 1331/1331 1616/1616
f 2030/2030 1702/1702 204/204
f 2030/2030 204/204 1210/1210
f 1210/1210 204/204 658/658
f 1210/1210 658/658 542/542
f 221/221 381/381 1427/1427
f 221/221 1427/1427 1313/1313
f 1763/1763 1331/1331 1135/1135
f 1763/1763 1135/1135 2059/2059
f 2012/2012 555/555 1022/1022
f 2012/2012 1022/1022 736/736
f 2246/2246 813/813 1747/1747
f 2246/2246 1747/1747 1466/1466
f 1918/1918 1481/1481 1759/1759
f 1918/1918 1759/1759 2179/2179
f 2439/2439 1644/1644 1962/1962
f 2439/2439 1962/1962 728/728
f 1962/1962 2348/2348 332/332
f 1962/1962 332/332 185/185
f 2204/2204 2380/2380 443/443
f 2204/2204 443/443 2326/2326
f 813/813 1345/1345 1298/1298
f 813/813 1298/1298 1747/1747
f 2374/2374 2621/2621 1398/1398
f 2374/2374 1398/1398 31/31
f 1493/1493 1763/1763 1011/1011
f 1493/1493 1011/1011 871/871
f 1523/1523 456/456 871/871
f 1523/1523 871/871 2697/2697
f 1708/1708 918/918 1016/1016
f 1708/1708 1016/1016 879/879
f 1126/1126 1331/1331 1763/1763
f 1126/1126 1763/1763 1493/1493
f 1398/1398 1665/1665 2075/2075
f 1398/1398 2075/2075 572/572
f 2621/2621 1243/1243 1665/1665
f 2621/2621 1665/1665 1398/1398
f 2685/2685 305/305 1151/1151
f 2685/2685 1151/1151 1005/1005
f 935/935 1209/1209 1644/1644
f 935/935 1644/1644 2439/2439
f 2462/2462 1320/1320 728/728
f 2462/2462 728/728 2592/2592
f 1639/1639 638/638 1137/1137
f 1639/1639 1137/1137 2560/2560
f 736/736 1022/1022 305/305
f 736/736 305/305 2685/2685
f 1137/1137 638/638 935/935
f 1137/1137 935/935 2439/2439
f 1022/1022 1257/1257 456/456
f 1022/1022 456/456 305/305
f 1320/1320 1137/1137 2439/2439
f 1320/1320 2439/2439 728/728
f 555/555 836/836 1257/1257
f 555/555 1257/1257 1022/1022
f 1444/1444 1565/1565 1190/1190
f 1444/1444 1190/1190 911/911
f 1334/1334 1444/1444 911/911
f 1334/1334 911/911 1146/1146
f 1775/1775 1334/1334 1146/1146
f 1775/1775 1146/1146 115/115
f 94/94 1775/1775 115/115
f 94/94 115/115 1937/1937
f 476/476 1937/1937 1617/1617
f 476/476 1617/1617 1313/1313
f 1313/1313 1617/1617 928/928
f 1313/1313 928/928 221/221
f 221/221 928/928 2419/2419
f 221/221 2419/2419 1577/1577
f 1577/1577 2419/2419 1150/1150
f 1577/1577 1150/1150 542/542
f 1150/1150 359/359 526/526
f 1150/1150 526/526 2601/2601
f 572/572 2075/2075 48/48
f 572/572 48/48 2682/2682
f 456/456 1257/1257 1493/1493
f 456/456 1493/1493 871/871
f 31/31 1398/1398 572/572
f 31/31 572/572 443/443
f 1257/1257 836/836 1126/1126
f 1257/1257 1126/1126 1493/1493
f 2380/2380 2537/2537 31/31
f 2380/2380 31/31 443/443
f 2537/2537 2131/2131 2374/2374
f 2537/2537 2374/2374 31/31
f 1221/1221 2463/2463 2246/2246
f 1221/1221 2246/2246 1466/1466
f 2463/2463 2156/2156 702/702
f 2463/2463 702/702 2246/2246
f 2156/2156 1731/1731 1990/1990
f 2156/2156 1990/1990 702/702
f 2560/2560 1137/1137 1320/1320
f 2560/2560 1320/1320 918/918
f 2561/2561 1639/1639 2560/2560
f 2561/2561 2560/2560 1302/1302
f 1302/1302 2560/2560 918/918
f 1302/1302 918/918 1708/1708
f 528/528 1419/1419 1513/1513
f 528/528 1513/1513 992/992
f 992/992 1513/1513 1345/1345
f 992/992 1345/1345 813/813
f 1243/1243 1481/1481 1918/1918
f 1243/1243 1918/1918 1665/1665
f 1665/1665 1918/1918 2207/2207
f 1665/1665 2207/2207 2075/2075
f 1209/1209 1456/1456 1893/1893
f 1209/1209 1893/1893 1644/1644
f 1644/1644 1893/1893 2348/2348
f 1644/1644 2348/2348 1962/1962
f 1456/1456 1731/1731 2156/2156
f 1456/1456 2156/2156 1893/1893
f 1893/1893 2156/2156 2463/2463
f 1893/1893 2463/2463 2348/2348
f 448/448 2207/2207 2568/2568
f 448/448 2568/2568 1695/1695
f 2207/2207 1918/1918 2179/2179
f 2207/2207 2179/2179 2568/2568
f 1990/1990 528/528 992/992
f 1990/1990 992/992 702/702
f 702/702 992/992 813/813
f 702/702 813/813 2246/2246
f 317/317 1011/1011 1825/1825
f 317/317 1825/1825 465/465
f 1011/1011 1763/1763 2059/2059
f 1011/1011 2059/2059 1825/1825
f 1135/1135 2561/2561 1302/1302
f 1135/1135 1302/1302 2059/2059
f 2059/2059 1302/1302 1708/1708
f 2059/2059 1708/1708 1825/1825
f 1759/1759 2012/2012 736/736
f 1759/1759 736/736 2179/2179
f 2179/2179 736/736 2685/2685
f 2179/2179 2685/2685 2568/2568
f 2419/2419 611/611 359/359
f 2419/2419 359/359 1150/1150
f 1150/1150 2601/2601 2464/2464
f 1150/1150 2464/2464 2147/2147
f 928/928 2478/2478 2248/2248
f 928/928 2248/2248 903/903
f 1617/1617 2736/2736 2478/2478
f 1617/1617 2478/2478 928/928
f 928/928 903/903 611/611
f 928/928 611/611 2419/2419
f 623/623 384/384 1802/1802
f 623/623 1802/1802 843/843
f 2043/2043 68/68 821/821
f 2043/2043 821/821 2727/2727
f 2727/2727 211/211 2736/2736
f 2727/2727 2736/2736 1617/1617
f 2727/2727 821/821 1616/1616
f 2727/2727 1616/1616 211/211
f 2374/2374 2131/2131 2464/2464
f 2374/2374 2464/2464 2601/2601
f 2621/2621 2374/2374 2601/2601
f 2621/2621 2601/2601 526/526
f 611/611 1481/1481 1243/1243
f 611/611 1243/1243 359/359
f 2248/2248 2012/2012 1759/1759
f 2248/2248 1759/1759 903/903
f 2736/2736 836/836 555/555
f 2736/2736 555/555 2478/2478
f 1616/1616 1331/1331 1126/1126
f 1616/1616 1126/1126 211/211
f 68/68 2561/2561 1135/1135
f 68/68 1135/1135 821/821
f 68/68 2416/2416 1639/1639
f 68/68 1639/1639 2561/2561
f 958/958 1235/1235 935/935
f 958/958 935/935 638/638
f 384/384 623/623 1456/1456
f 384/384 1456/1456 1209/1209
f 922/922 82/82 1990/1990
f 922/922 1990/1990 1731/1731
f 1419/1419 528/528 224/224
f 1419/1419 224/224 582/582
f 2416/2416 68/68 2043/2043
f 2416/2416 2043/2043 1874/1874
f 1235/1235 1874/1874 1802/1802
f 1235/1235 1802/1802 384/384
f 958/958 2416/2416 1874/1874
f 958/958 1874/1874 1235/1235
f 82/82 513/513 1458/1458
f 82/82 1458/1458 224/224
f 2362/2362 582/582 224/224
f 2362/2362 224/224 1458/1458
f 911/911 843/843 1802/1802
f 911/911 1802/1802 1146/1146
f 1146/1146 1802/1802 1874/1874
f 1146/1146 1874/1874 115/115
f 115/115 1874/1874 2043/2043
f 115/115 2043/2043 1937/1937
f 1937/1937 2043/2043 2727/2727
f 1937/1937 2727/2727 1617/1617
f 922/922 623/623 513/513
f 922/922 513/513 82/82
f 2408/2408 843/843 911/911
f 2408/2408 911/911 1190/1190
f 2408/2408 513/513 623/623
f 2408/2408 623/623 843/843
f 1190/1190 1458/1458 513/513
f 1190/1190 513/513 2408/2408
f 144/144 94/94 1937/1937
f 144/144 1937/1937 476/476
f 143/143 1997/1997 2256/2256
f 143/143 2256/2256 418/418
f 418/418 2256/2256 2150/2150
f 418/418 2150/2150 2470/2470
f 1429/1429 1700/1700 2492/2492
f 1429/1429 2492/2492 1196/1196
f 711/711 2646/2646 2398/2398
f 711/711 2398/2398 1558/1558
f 1718/1718 1966/1966 2646/2646
f 1718/1718 2646/2646 711/711
f 2619/2619 465/465 1825/1825
f 2619/2619 1825/1825 587/587
f 2413/2413 871/871 1011/1011
f 2413/2413 1011/1011 2529/2529
f 913/913 418/418 2470/2470
f 913/913 2470/2470 1889/1889
f 1741/1741 2326/2326 443/443
f 1741/1741 443/443 2022/2022
f 569/569 1210/1210 542/542
f 569/569 542/542 2690/2690
f 1099/1099 1695/1695 2568/2568
f 1099/1099 2568/2568 1386/1386
f 587/587 1825/1825 1708/1708
f 587/587 1708/1708 467/467
f 1198/1198 2380/2380 2204/2204
f 1198/1198 2204/2204 1605/1605
f 2032/2032 1565/1565 1444/1444
f 2032/2032 1444/1444 839/839
f 1198/1198 1826/1826 2474/2474
f 1198/1198 2474/2474 2380/2380
f 1386/1386 2568/2568 2685/2685
f 1386/1386 2685/2685 1517/1517
f 1999/1999 1523/1523 2697/2697
f 1999/1999 2697/2697 2130/2130
f 2300/2300 728/728 1962/1962
f 2300/2300 1962/1962 729/729
f 2130/2130 2697/2697 871/871
f 2130/2130 871/871 2413/2413
f 1545/1545 2147/2147 2464/2464
f 1545/1545 2464/2464 1878/1878
f 694/694 1334/1334 1775/1775
f 694/694 1775/1775 1183/1183
f 467/467 1708/1708 879/879
f 467/467 879/879 1363/1363
f 1894/1894 1419/1419 582/582
f 1894/1894 582/582 1108/1108
f 1363/1363 879/879 1016/1016
f 1363/1363 1016/1016 1476/1476
f 2286/2286 94/94 144/144
f 2286/2286 144/144 2338/2338
f 1517/1517 2685/2685 1005/1005
f 1517/1517 1005/1005 370/370
f 1530/1530 2131/2131 2537/2537
f 1530/1530 2537/2537 1360/1360
f 2339/2339 143/143 418/418
f 2339/2339 418/418 913/913
f 682/682 185/185 332/332
f 682/682 332/332 835/835
f 1897/1897 305/305 456/456
f 1897/1897 456/456 2027/2027
f 2482/2482 2030/2030 1210/1210
f 2482/2482 1210/1210 569/569
f 2529/2529 1011/1011 317/317
f 2529/2529 317/317 2488/2488
f 839/839 1444/1444 1334/1334
f 839/839 1334/1334 694/694
f 96/96 1345/1345 1513/1513
f 96/96 1513/1513 256/256
f 1183/1183 1775/1775 94/94
f 1183/1183 94/94 2286/2286
f 1778/1778 2362/2362 1565/1565
f 1778/1778 1565/1565 2032/2032
f 65/65 1320/1320 2462/2462
f 65/65 2462/2462 1871/1871
f 2119/2119 2682/2682 48/48
f 2119/2119 48/48 2249/2249
f 1674/1674 1205/1205 1429/1429
f 1674/1674 1429/1429 818/818
f 1889/1889 2470/2470 1718/1718
f 1889/1889 1718/1718 1123/1123
f 2690/2690 542/542 597/597
f 2690/2690 597/597 2/2
f 1288/1288 2463/2463 1221/1221
f 1288/1288 1221/1221 577/577
f 729/729 1962/1962 185/185
f 729/729 185/185 682/682
f 2249/2249 48/48 2075/2075
f 2249/2249 2075/2075 854/854
f 548/548 1196/1196 2030/2030
f 548/548 2030/2030 2482/2482
f 997/997 2207/2207 448/448
f 997/997 448/448 949/949
f 1604/1604 2204/2204 2326/2326
f 1604/1604 2326/2326 1741/1741
f 2454/2454 918/918 1320/1320
f 2454/2454 1320/1320 65/65
f 639/639 1298/1298 1345/1345
f 639/639 1345/1345 96/96
f 1108/1108 582/582 2362/2362
f 1108/1108 2362/2362 1778/1778
f 943/943 1558/1558 1205/1205
f 943/943 1205/1205 1674/1674
f 1878/1878 2464/2464 2131/2131
f 1878/1878 2131/2131 1529/1529
f 1123/1123 1718/1718 711/711
f 1123/1123 711/711 100/100
f 577/577 1221/1221 1466/1466
f 577/577 1466/1466 860/860
f 2159/2159 572/572 2682/2682
f 2159/2159 2682/2682 2119/2119
f 818/818 1429/1429 1196/1196
f 818/818 1196/1196 548/548
f 2/2 597/597 2147/2147
f 2/2 2147/2147 1545/1545
f 1476/1476 1016/1016 918/918
f 1476/1476 918/918 2454/2454
f 256/256 1513/1513 1419/1419
f 256/256 1419/1419 1894/1894
f 2488/2488 317/317 465/465
f 2488/2488 465/465 2619/2619
f 854/854 2075/2075 2207/2207
f 854/854 2207/2207 997/997
f 860/860 1466/1466 1747/1747
f 860/860 1747/1747 1148/1148
f 2027/2027 456/456 1523/1523
f 2027/2027 1523/1523 1999/1999
f 100/100 711/711 1558/1558
f 100/100 1558/1558 943/943
f 1148/1148 1747/1747 1298/1298
f 1148/1148 1298/1298 639/639
f 2011/2011 2592/2592 728/728
f 2011/2011 728/728 2300/2300
f 949/949 448/448 1695/1695
f 949/949 1695/1695 1099/1099
f 835/835 332/332 2348/2348
f 835/835 2348/2348 1165/1165
f 1165/1165 2348/2348 2463/2463
f 1165/1165 2463/2463 1288/1288
f 1871/1871 2462/2462 2592/2592
f 1871/1871 2592/2592 2011/2011
f 2022/2022 443/443 572/572
f 2022/2022 572/572 2159/2159
f 370/370 1005/1005 1151/1151
f 370/370 1151/1151 501/501
f 501/501 1151/1151 305/305
f 501/501 305/305 1897/1897
f 178/178 634/634 2184/2184
f 178/178 2184/2184 83/83
f 634/634 107/107 1346/1346
f 634/634 1346/1346 2184/2184
f 2184/2184 1346/1346 1887/1887
f 2184/2184 1887/1887 2363/2363
f 1358/1358 346/346 2492/2492
f 1358/1358 2492/2492 1700/1700
f 941/941 1358/1358 1700/1700
f 941/941 1700/1700 345/345
f 346/346 1761/1761 1702/1702
f 346/346 1702/1702 2492/2492
f 912/912 1365/1365 658/658
f 912/912 658/658 204/204
f 83/83 2184/2184 2363/2363
f 83/83 2363/2363 2663/2663
f 107/107 381/381 1365/1365
f 107/107 1365/1365 912/912
f 1887/1887 1346/1346 1761/1761
f 1887/1887 1761/1761 346/346
f 2663/2663 2363/2363 1358/1358
f 2663/2663 1358/1358 941/941
f 2363/2363 1887/1887 346/346
f 2363/2363 346/346 1358/1358
f 1966/1966 2663/2663 941/941
f 1966/1966 941/941 2646/2646
f 2150/2150 83/83 2663/2663
f 2150/2150 2663/2663 1966/1966
f 2646/2646 941/941 345/345
f 2646/2646 345/345 2398/2398
f 2256/2256 178/178 83/83
f 2256/2256 83/83 2150/2150
f 1997/1997 2307/2307 178/178
f 1997/1997 178/178 2256/2256
f 1346/1346 107/107 912/912
f 1346/1346 912/912 1761/1761
f 1761/1761 912/912 204/204
f 1761/1761 204/204 1702/1702
f 1427/1427 381/381 107/107
f 1427/1427 107/107 634/634
f 2307/2307 1427/1427 634/634
f 2307/2307 634/634 178/178
f 2002/2002 2637/2637 2474/2474
f 2002/2002 2474/2474 1826/1826
f 2380/2380 2474/2474 2637/2637
f 2380/2380 2637/2637 2537/2537
f 2537/2537 2637/2637 2002/2002
f 2537/2537 2002/2002 1360/1360