# https://github.com/mikedh/trimesh
mtllib material0.mtl
usemtl material0
v 0.00178605 0.00226625 0.00510307
v -0.00019105 0.03299398 0.01127968
v -0.00019105 0.03299398 0.01127968
v -0.00019105 0.03299398 0.01127968
v 0.00357017 0.02024715 0.00621820
v 0.00357017 0.02024715 0.00621820
v -0.00027516 0.04489368 0.00074727
v -0.00027516 0.04489368 0.00074727
v -0.00027516 0.04489368 0.00074727
v -0.01076176 -0.00703626 0.00136100
v -0.01076176 -0.00703626 0.00136100
v -0.01017856 -0.02744188 0.00494043
v 0.02549195 -0.06550659 0.00994627
v 0.00368223 0.01631856 0.00863081
v 0.02319521 -0.06550002 0.00061756
v 0.02319521 -0.06550002 0.00061756
v -0.00023330 0.08472665 0.00271720
v 0.01179581 -0.00461287 0.00253301
v 0.01179581 -0.00461287 0.00253301
v -0.00348258 -0.00404398 0.00899701
v -0.00348258 -0.00404398 0.00899701
v 0.00182608 0.01917366 0.01133813
v 0.00182608 0.01917366 0.01133813
v -0.00110346 0.03431327 0.00439899
v 0.00221717 -0.00047455 0.00290031
v 0.01070192 -0.00417217 0.01270721
v 0.01070192 -0.00417217 0.01270721
v -0.01070192 -0.00417217 0.01270721
v -0.01070192 -0.00417217 0.01270721
v 0.00348258 -0.00404398 0.00899701
v 0.00348258 -0.00404398 0.00899701
v -0.02319521 -0.06550002 0.00061756
v -0.02319521 -0.06550002 0.00061756
v -0.02401886 -0.07399256 0.00494270
v 0.00968151 0.01862304 0.00392926
v -0.02549195 -0.06550659 0.00994627
v 0.01017856 -0.02744188 0.00494043
v -0.00296135 -0.00303287 0.00741383
v 0.00788788 -0.00737116 0.00236431
v 0.00788788 -0.00737116 0.00236431
v -0.00926474 0.01972208 0.00538666
v -0.01469812 -0.07758345 0.01474741
v -0.01469812 -0.07758345 0.01474741
v 0.00704537 -0.01045174 0.01224029
v 0.00704537 -0.01045174 0.01224029
v -0.00220464 0.08065925 0.00204455
v -0.00165218 0.03462745 0.00601009
v -0.00617073 0.01748171 0.00440525
v -0.00372529 -0.00339837 0.01115526
v -0.00372529 -0.00339837 0.01115526
v -0.00372529 -0.00339837 0.01115526
v -0.02265303 -0.07822018 0.00994369
v 0.02368527 -0.03450103 0.01239322
v 0.00909102 0.00040015 0.00970980
v 0.00909102 0.00040015 0.00970980
v -0.00299745 0.04346745 0.00887186
v -0.00299745 0.04346745 0.00887186
v -0.01050597 -0.00420065 0.01248739
v -0.01050597 -0.00420065 0.01248739
v -0.01050597 -0.00420065 0.01248739
v -0.01050597 -0.00420065 0.01248739
v 0.01292756 -0.00498271 0.00505224
v -0.01379973 -0.00500946 0.00443428
v 0.00351629 0.02390796 0.00804377
v -0.00489411 0.02189484 0.01131867
v -0.00489411 0.02189484 0.01131867
v -0.01855680 -0.05500228 0.01427892
v -0.01855680 -0.05500228 0.01427892
v 0.00118686 0.06141097 0.00909656
v -0.00022096 0.06291068 0.00888888
v -0.00022096 0.06291068 0.00888888
v -0.00295249 0.03525345 0.01131976
v -0.00295249 0.03525345 0.01131976
v -0.00295249 0.03525345 0.01131976
v -0.00075553 0.04448608 0.00347208
v -0.00075553 0.04448608 0.00347208
v 0.00002762 0.07997635 0.00213117
v 0.00002762 0.07997635 0.00213117
v -0.01822295 -0.08742193 0.00967528
v -0.00207721 0.02863732 0.01133812
v -0.00207721 0.02863732 0.01133812
v -0.00067325 0.03416258 0.00604045
v -0.00022177 0.04479046 0.00286935
v -0.00022177 0.04479046 0.00286935
v -0.00716101 -0.01134910 0.00546583
v -0.00011377 0.01869457 0.00621857
v -0.00011377 0.01869457 0.00621857
v 0.00555330 -0.01176051 0.01067112
v 0.02118129 -0.02514436 0.00238467
v -0.00886662 0.00941681 0.00648303
v -0.00481235 0.02192579 0.01133813
v -0.00481235 0.02192579 0.01133813
v -0.00788150 0.02723530 0.00607885
v -0.00788150 0.02723530 0.00607885
v -0.00788150 0.02723530 0.00607885
v -0.00788150 0.02723530 0.00607885
v -0.00854186 0.00942964 0.00074714
v -0.00854186 0.00942964 0.00074714
v 0.01308580 -0.00374186 0.00445014
v -0.00888731 0.02382800 0.00603284
v -0.00888731 0.02382800 0.00603284
v 0.01952915 -0.06528140 0.00000000
v -0.01031293 0.03464104 0.00904277
v -0.00008273 0.02904320 0.00804378
v -0.00008273 0.02904320 0.00804378
v -0.01025153 -0.00933669 0.00222836
v -0.01025153 -0.00933669 0.00222836
v -0.00161035 0.01550065 0.00611950
v -0.00161035 0.01550065 0.00611950
v 0.00006684 0.04484772 0.01131662
v 0.00006684 0.04484772 0.01131662
v 0.00006684 0.04484772 0.01131662
v -0.00368443 -0.00301630 0.01122233
v -0.00368443 -0.00301630 0.01122233
v 0.01130004 -0.08547969 0.00498650
v 0.00192038 0.02876788 0.01131866
v 0.00192038 0.02876788 0.01131866
v -0.00637719 -0.01012477 0.00088212
v -0.00637719 -0.01012477 0.00088212
v -0.01226402 -0.00302312 0.01087116
v 0.01007756 0.03419522 0.00474213
v 0.00806284 0.02745241 0.00444888
v 0.00146228 0.00808215 0.01134414
v 0.00146228 0.00808215 0.01134414
v -0.02210181 -0.03507759 0.00061221
v -0.02210181 -0.03507759 0.00061221
v 0.00152877 0.04404517 0.00442089
v 0.00152877 0.04404517 0.00442089
v -0.01028840 0.03429443 0.00591982
v -0.00523122 0.06713076 0.00697866
v -0.00862707 0.02207704 0.00205229
v 0.00770778 0.00661077 0.00074656
v 0.00770778 0.00661077 0.00074656
v 0.00461397 -0.00472547 0.00121273
v 0.00461397 -0.00472547 0.00121273
v 0.00461397 -0.00472547 0.00121273
v 0.01272349 -0.08739814 0.00287962
v 0.00310318 -0.00478089 0.00752445
v 0.00310318 -0.00478089 0.00752445
v 0.00001227 0.04480415 0.00238613
v 0.00001227 0.04480415 0.00238613
v 0.02283988 -0.06510184 0.01465955
v 0.02283988 -0.06510184 0.01465955
v 0.00196172 0.00227498 0.01134414
v 0.00196172 0.00227498 0.01134414
v -0.00003017 0.03391456 0.00979566
v -0.00003017 0.03391456 0.00979566
v 0.00968227 0.01862274 0.00529950
v -0.00023505 0.04483578 0.00443484
v -0.00023505 0.04483578 0.00443484
v -0.01948552 -0.08544325 0.00498876
v -0.01463428 -0.07339880 0.00061982
v -0.01463428 -0.07339880 0.00061982
v -0.00574065 -0.00966754 0.00785785
v -0.00205765 0.02389918 0.00804376
v 0.00342330 0.04261875 0.01131842
v 0.00342330 0.04261875 0.01131842
v -0.01000870 -0.00003368 0.00785947
v 0.00869938 0.02383704 0.01126436
v 0.00869938 0.02383704 0.01126436
v -0.00107930 0.01514526 0.00564453
v -0.00107930 0.01514526 0.00564453
v -0.00708389 -0.00952638 0.01188662
v -0.00708389 -0.00952638 0.01188662
v -0.00708389 -0.00952638 0.01188662
v -0.00206229 0.02861371 0.00804377
v -0.00206229 0.02861371 0.00804377
v -0.01401318 -0.08854961 0.01130834
v -0.01401318 -0.08854961 0.01130834
v -0.02222663 -0.07857640 0.00250639
v 0.01073813 -0.00433805 0.00563772
v 0.00956100 0.00069825 0.00354471
v -0.01058352 -0.00590954 0.00080644
v -0.01058352 -0.00590954 0.00080644
v 0.00259207 0.08538082 0.00468295
v -0.01000525 0.04133394 0.00222768
v -0.00599255 -0.00203574 0.01151609
v -0.01047050 0.00005267 0.00413122
v -0.01047050 0.00005267 0.00413122
v -0.00913577 -0.00006846 0.00967215
v -0.00076192 0.04453992 0.00601158
v -0.00875850 0.00660288 0.00813222
v 0.00806548 0.02744584 0.00609231
v 0.00080843 0.03256316 0.00208053
v -0.00891281 0.02383018 0.00204787
v 0.00713789 -0.00434379 0.01262257
v -0.01389371 -0.07331436 0.01275624
v -0.00605743 0.01752158 0.00074771
v -0.00605743 0.01752158 0.00074771
v 0.00640038 -0.00987753 0.00108288
v 0.00640038 -0.00987753 0.00108288
v 0.00640038 -0.00987753 0.00108288
v -0.00401197 0.01634737 0.00307835
v 0.00116897 0.01141214 0.00741383
v -0.00180118 0.00507490 0.00305505
v -0.00180118 0.00507490 0.00628314
v -0.00180118 0.00507490 0.00741383
v -0.00180118 0.00507490 0.00506547
v 0.00333528 -0.00294346 0.01104494
v 0.00333528 -0.00294346 0.01104494
v -0.01918632 -0.03566244 0.01460363
v 0.00866280 0.00941681 0.00648303
v 0.02168195 -0.02426329 0.00478516
v 0.00905785 0.01972330 0.00402992
v -0.00763338 -0.01124210 0.00393508
v 0.00259188 0.08533971 0.00429778
v 0.01428636 -0.08775798 0.01221566
v 0.01428636 -0.08775798 0.01221566
v 0.01428636 -0.08775798 0.01221566
v 0.00770156 0.02721762 0.00129929
v 0.00770156 0.02721762 0.00129929
v -0.00268304 0.02323792 0.00622846
v -0.01000132 0.01599379 0.01134414
v -0.01000132 0.01599379 0.01134414
v -0.00027408 0.01518994 0.00202477
v 0.01232836 -0.03645612 0.00984033
v -0.00199468 0.01549542 0.01134697
v -0.00009773 0.02390227 0.00804376
v 0.00744454 0.02950231 0.01138009
v 0.00948110 0.02906110 0.01122173
v 0.00948110 0.02906110 0.01122173
v -0.00364692 -0.00529409 0.00635835
v -0.00052913 0.03404862 0.00438773
v 0.00439250 -0.00468910 0.00048185
v 0.00439250 -0.00468910 0.00048185
v 0.00439250 -0.00468910 0.00048185
v -0.00615154 0.01747656 0.01134737
v 0.00084717 0.03256545 0.00446045
v -0.00857996 0.02545133 0.00203461
v -0.00406334 0.01610556 0.00070675
v -0.00406334 0.01610556 0.00070675
v 0.02386602 -0.05508099 0.01431788
v 0.02386602 -0.05508099 0.01431788
v 0.00463237 0.02588744 0.00804377
v 0.00463237 0.02588744 0.00804377
v -0.00518788 -0.01069669 0.01045464
v -0.01453592 -0.03629814 0.00061755
v -0.01453592 -0.03629814 0.00061755
v -0.00941139 -0.00063439 0.00239268
v -0.00941139 -0.00063439 0.00239268
v -0.00830822 0.02746667 0.00883013
v 0.00708716 0.01867016 0.01134737
v 0.00708716 0.01867016 0.01134737
v 0.00778812 0.02037294 0.00630065
v 0.00778812 0.02037294 0.00630065
v 0.00870788 0.02390817 0.00074714
v 0.00870788 0.02390817 0.00074714
v -0.00624284 0.01723456 0.00072420
v -0.00624284 0.01723456 0.00072420
v -0.00487359 0.07344048 0.00412385
v -0.00487359 0.07349690 0.00479754
v -0.00487359 0.07352015 0.00555012
v 0.00869212 0.00941681 0.00531834
v 0.00116880 0.01141422 0.00635268
v 0.00208663 -0.00047455 0.00632075
v 0.00875661 0.03386394 0.00087924
v 0.00875661 0.03386394 0.00087924
v 0.01001999 0.04149293 0.00958707
v 0.01001999 0.04149293 0.00958707
v -0.00717420 0.02878942 0.00629814
v -0.00717420 0.02878942 0.00629814
v -0.00717420 0.02878942 0.01128303
v -0.00717420 0.02878942 0.01128303
v -0.01930821 -0.02514733 0.01375540
v -0.01930821 -0.02514733 0.01375540
v 0.00902210 0.01127608 0.00074726
v 0.00902210 0.01127608 0.00074726
v -0.00017927 0.07475035 0.00465032
v 0.00529681 -0.00988479 0.00551688
v -0.00016528 0.03374456 0.00285748
v -0.00016528 0.03374456 0.00285748
v 0.00037828 0.03935485 0.00207107
v -0.00755691 0.00069176 0.01135240
v -0.00755691 0.00069176 0.01135240
v -0.00002461 0.07380275 0.00258232
v -0.00002461 0.07463518 0.00378418
v -0.00810637 0.02024673 0.00436050
v -0.00810637 0.02024673 0.00436050
v -0.00958748 -0.00456923 0.01122734
v -0.00958748 -0.00456923 0.01122734
v -0.00091662 0.08325423 0.00573995
v 0.00362872 -0.00529409 0.00741383
v 0.00589500 0.01750649 0.00862949
v -0.00983094 0.01860110 0.00074714
v -0.00983094 0.01860110 0.00074714
v 0.00337240 0.03158938 0.00136785
v -0.00861609 -0.01076465 0.00265453
v 0.00622982 -0.01133999 0.00788689
v -0.00002828 0.03384867 0.00437159
v -0.00002828 0.03384867 0.00437159
v 0.00034009 0.03374710 0.00205705
v 0.00034009 0.03374710 0.00205705
v -0.00834161 0.02753673 0.01132004
v -0.00834161 0.02753673 0.01132004
v 0.00906645 0.01126275 0.00389570
v 0.00906645 0.01126275 0.00527044
v 0.00149556 0.08883974 0.00338991
v 0.00149556 0.08883974 0.00338991
v 0.00781506 0.02036167 0.00879265
v -0.02652865 -0.05518971 0.00993460
v -0.02268428 -0.07856732 0.00494948
v -0.01474406 -0.05495401 0.00989067
v 0.00362533 0.02766249 0.00621817
v 0.00362533 0.02766249 0.00621817
v -0.00334853 -0.00493881 0.00192095
v -0.00334853 -0.00493881 0.00192095
v 0.02556692 -0.05514000 0.01244140
v 0.01352999 -0.00608226 0.00486767
v -0.01184497 -0.08535740 0.00265445
v 0.01879027 -0.08477968 0.01181261
v -0.02027213 -0.06501463 0.01533661
v -0.01004880 0.01600365 0.00741383
v -0.01004880 0.01600365 0.00633438
v -0.01004880 0.01600365 0.00527044
v -0.01004880 0.01600365 0.00389570
v -0.00384910 0.01633607 0.00611967
v -0.00384910 0.01633607 0.00611967
v 0.00380600 0.01633814 0.01134737
v 0.00380600 0.01633814 0.01134737
v -0.00064526 0.09000000 0.00454512
v -0.00064526 0.09000000 0.00454512
v -0.00064526 0.09000000 0.00454512
v 0.01869242 -0.07316475 0.01561625
v 0.00571117 0.03027346 0.00611039
v 0.00571117 0.03027346 0.00611039
v 0.01543744 -0.08971045 0.00960182
v -0.00344380 0.03155897 0.00628425
v -0.00344380 0.03155897 0.00628425
v -0.00727724 -0.01129134 0.00981021
v 0.00143520 0.01551191 0.00628952
v 0.00143520 0.01551191 0.00628952
v 0.02018775 -0.08332491 0.00257190
v -0.00925927 -0.00357816 0.00076207
v -0.00925927 -0.00357816 0.00076207
v -0.01388176 -0.08954483 0.00509499
v -0.01388176 -0.08954483 0.00509499
v 0.01953638 -0.02619095 0.00059617
v 0.01953638 -0.02619095 0.00059617
v -0.01073932 -0.02746258 0.00247021
v -0.02450595 -0.03442219 0.01000813
v 0.00846871 0.02226785 0.00074714
v 0.00846871 0.02226785 0.00074714
v 0.00037708 0.04475950 0.00204846
v 0.00037708 0.04475950 0.00204846
v 0.00500856 -0.01129161 0.00791400
v 0.00045643 0.08823079 0.00277691
v 0.00045643 0.08823079 0.00277691
v 0.00916790 -0.00853511 0.01291197
v -0.00883216 -0.01980513 0.01166732
v -0.00024144 0.01521473 0.00074714
v -0.00024144 0.01521473 0.00074714
v -0.01242592 -0.08774244 0.00967528
v -0.00935280 -0.00253930 0.01205480
v -0.00935280 -0.00253930 0.01205480
v -0.01332383 -0.00610193 0.00553199
v 0.00217944 -0.00047455 0.00741383
v 0.01427990 -0.04553583 0.00247022
v -0.00016390 0.03296978 0.00872102
v -0.00016390 0.03296978 0.00872102
v 0.00836938 0.02547533 0.01128514
v 0.00836938 0.02547533 0.01128514
v -0.00809117 0.02024222 0.00318494
v -0.00809117 0.02024222 0.00318494
v -0.01321264 -0.01801560 0.01386719
v 0.00603889 -0.00921561 0.01266093
v 0.00603889 -0.00921561 0.01266093
v -0.00063205 0.02302340 0.00620031
v 0.00637159 -0.01178550 0.00316474
v -0.00869487 -0.01979973 0.00248042
v -0.01275107 -0.07762260 0.01267165
v -0.00977396 0.01313603 0.01134414
v -0.00977396 0.01313603 0.01134414
v -0.00267528 0.04362117 0.00597928
v -0.00267528 0.04362117 0.00597928
v 0.01078060 -0.00264834 0.00234261
v 0.01004106 0.00069825 0.00565361
v 0.00980646 0.00069825 0.00752354
v 0.00121681 0.01140688 0.01134414
v 0.00121681 0.01140688 0.01134414
v -0.00023558 0.04483374 0.00609154
v -0.00023558 0.04483374 0.00609154
v 0.01285290 -0.00561006 0.01010253
v -0.00805988 -0.00155366 0.00094585
v -0.00805988 -0.00155366 0.00094585
v -0.00825189 -0.00663856 0.01335779
v -0.01593764 -0.07327699 0.01490892
v -0.01593764 -0.07327699 0.01490892
v 0.01692312 -0.08906531 0.00962019
v 0.01692312 -0.08906531 0.00962019
v -0.00892801 0.02390151 0.00879245
v -0.00102636 0.03259650 0.01131487
v -0.00102636 0.03259650 0.01131487
v -0.00008350 0.02915734 0.01131866
v -0.00008350 0.02915734 0.01131866
v -0.02181306 -0.07780770 0.01260237
v -0.00474756 -0.00743034 0.00533683
v 0.00873298 0.02382861 0.00866651
v -0.01143136 -0.08277471 0.00253573
v -0.00290601 0.07938223 0.00205740
v -0.00290601 0.07938223 0.00205740
v -0.02563152 -0.04479063 0.00247022
v 0.00846584 0.02225899 0.00603277
v 0.00846584 0.02225899 0.00603277
v 0.01829605 -0.08227209 0.01374061
v 0.01829605 -0.08227209 0.01374061
v 0.01080038 -0.08277473 0.00495682
v -0.01765959 -0.01567015 0.01155639
v -0.01610519 -0.03642179 0.01394665
v -0.01610519 -0.03642179 0.01394665
v 0.01665560 -0.05499419 0.00061756
v 0.01665560 -0.05499419 0.00061756
v 0.02526706 -0.04479063 0.01245078
v 0.00358004 -0.00478544 0.00748582
v -0.00066025 0.08823079 0.00277691
v -0.00066025 0.08823079 0.00277691
v 0.00083178 0.01512574 0.00202477
v 0.00083178 0.01512574 0.00202477
v -0.00569259 -0.00740593 0.01122233
v -0.00569259 -0.00740593 0.01122233
v 0.00903344 0.03185421 0.01135523
v 0.00957013 0.01313603 0.01134414
v 0.00957013 0.01313603 0.01134414
v 0.01034931 -0.00195174 0.00564657
v -0.00500139 -0.01061557 0.00467937
v -0.00500139 -0.01061557 0.00467937
v 0.00000136 0.03389312 0.01132064
v 0.00000136 0.03389312 0.01132064
v 0.00000136 0.03389312 0.01132064
v -0.00205300 0.01917252 0.00804376
v -0.00205300 0.01917252 0.00804376
v -0.00654187 -0.01081208 0.00334497
v 0.00666147 -0.00816387 0.01056867
v 0.00666147 -0.00816387 0.01056867
v -0.01541654 -0.08886262 0.01123488
v 0.00771108 0.02721964 0.00203660
v -0.01817370 -0.08714392 0.00287962
v 0.00597463 -0.00920954 0.00875853
v 0.01829978 -0.03573077 0.00000000
v 0.01368715 -0.06498682 0.00494044
v -0.00238327 -0.00047455 0.00741383
v 0.01233289 -0.00437395 0.01040847
v 0.00922613 -0.00862869 0.00142234
v 0.00922613 -0.00862869 0.00142234
v -0.00682635 -0.01125431 0.00077054
v -0.00682635 -0.01125431 0.00077054
v -0.00687972 0.05291119 0.00959095
v -0.01310514 -0.00279561 0.00855430
v 0.01788342 -0.01681358 0.00231862
v -0.00797467 0.02036853 0.00604358
v -0.00797467 0.02036853 0.00604358
v -0.01024086 -0.00482368 0.00409975
v -0.00058091 0.04475950 0.00204846
v -0.00058091 0.04475950 0.00204846
v -0.01270602 -0.03645936 0.00247022
v 0.01148290 -0.00664258 0.01238799
v 0.01148290 -0.00664258 0.01238799
v 0.00481989 -0.01089531 0.00467603
v -0.00052638 0.03398282 0.00351044
v 0.01294333 -0.07331475 0.00247022
v -0.00629729 -0.00322320 0.00001122
v -0.00629729 -0.00322320 0.00001122
v -0.00303902 0.04348759 0.01131856
v -0.00303902 0.04348759 0.01131856
v -0.00303902 0.04348759 0.01131856
v -0.01025053 0.04145895 0.00828237
v 0.00762587 0.00661153 0.01134827
v 0.00762587 0.00661153 0.01134827
v 0.01747590 -0.07746600 0.01539315
v -0.00724248 -0.00544730 0.00023688
v -0.01743303 -0.08665539 0.00133400
v -0.01743303 -0.08665539 0.00133400
v -0.01923687 -0.08532324 0.00266350
v 0.00229081 0.02272036 0.00625621
v -0.00400983 0.01633814 0.01134737
v 0.00873513 0.02391274 0.00203033
v -0.00210688 0.02871855 0.01131866
v -0.00210688 0.02871855 0.01131866
v -0.00058211 0.03935485 0.00207107
v -0.00003855 0.03374456 0.00285748
v -0.00003855 0.03374456 0.00285748
v -0.01013309 -0.00195174 0.00362944
v -0.00595902 0.03035044 0.01132032
v -0.00595902 0.03035044 0.01132032
v 0.00957190 0.01313570 0.00074717
v 0.00957190 0.01313570 0.00074717
v -0.00537389 -0.01043992 0.01031602
v -0.00537389 -0.01043992 0.01031602
v -0.00633213 0.03119546 0.01137441
v 0.00187146 0.01908688 0.01131867
v 0.00187146 0.01908688 0.01131867
v 0.01547488 -0.08771694 0.00168198
v 0.01547488 -0.08771694 0.00168198
v -0.01099803 -0.00534607 0.01192807
v -0.01099803 -0.00534607 0.01192807
v -0.01099803 -0.00534607 0.01192807
v -0.00073216 0.08157417 0.00207575
v -0.00073216 0.08157417 0.00207575
v -0.00169939 0.08883974 0.00338991
v -0.00169939 0.08883974 0.00338991
v -0.02132810 -0.07316652 0.01488973
v -0.02132810 -0.07316652 0.01488973
v 0.00813778 0.02753673 0.01132004
v 0.00813778 0.02753673 0.01132004
v 0.00700715 0.01871725 0.00617137
v 0.00700715 0.01871725 0.00617137
v 0.00629729 -0.00322320 0.00001122
v 0.00629729 -0.00322320 0.00001122
v -0.00054392 0.03374710 0.00205705
v -0.00054392 0.03374710 0.00205705
v -0.00017555 0.03384867 0.00437159
v -0.00017555 0.03384867 0.00437159
v -0.00161006 0.01547612 0.00202477
v -0.01788342 -0.01681358 0.00231862
v 0.00283241 -0.00303287 0.00285597
v 0.00770154 0.02722878 0.00075951
v 0.00770154 0.02722878 0.00075951
v 0.00770154 0.02722878 0.00075951
v -0.00238508 0.03937569 0.00439765
v 0.00071279 0.08325423 0.00573995
v 0.00572443 0.03029463 0.00207425
v -0.00474828 0.05772926 0.00081396
v -0.01192411 -0.08533751 0.01182993
v 0.01381226 -0.00537276 0.00880522
v -0.00723220 0.01873904 0.00619301
v -0.00723220 0.01873904 0.00619301
v -0.00922613 -0.00862869 0.00142234
v -0.00922613 -0.00862869 0.00142234
v -0.00763799 0.02773505 0.00616973
v -0.00763799 0.02773505 0.00616973
v -0.00907946 0.00660288 0.00692896
v -0.00597463 -0.00920954 0.00875853
v -0.00922593 0.01127608 0.00074726
v -0.00922593 0.01127608 0.00074726
v 0.01616295 -0.01658068 0.01334795
v 0.01616295 -0.01658068 0.01334795
v 0.00460315 0.02195757 0.00804376
v 0.00460315 0.02195757 0.00804376
v -0.00229046 -0.00047455 0.00632075
v -0.00739811 0.01845401 0.00074076
v -0.00739811 0.01845401 0.00074076
v 0.00503398 0.02390469 0.01133812
v 0.00503398 0.02390469 0.01133812
v 0.00503398 0.02390469 0.01133812
v -0.00137263 0.01141422 0.00635268
v -0.00666147 -0.00816387 0.01056867
v -0.00666147 -0.00816387 0.01056867
v -0.01024644 0.04140119 0.00566939
v 0.00654187 -0.01081208 0.00334497
v 0.00500139 -0.01061557 0.00467937
v 0.00500139 -0.01061557 0.00467937
v 0.01032891 -0.02746071 0.00979265
v 0.00907162 0.01971781 0.00737861
v -0.01282231 -0.00673356 0.00392382
v 0.01651391 -0.01839105 0.00059254
v 0.01651391 -0.01839105 0.00059254
v 0.00185238 0.02390534 0.00804377
v 0.01558551 -0.04560956 0.01228566
v -0.00064628 0.08999772 0.00434811
v -0.00064628 0.08999772 0.00434811
v 0.01143136 -0.08277471 0.00253573
v 0.00968495 0.01862167 0.00740503
v -0.02181933 -0.07390369 0.00063112
v -0.02181933 -0.07390369 0.00063112
v 0.01318493 -0.08511260 0.01328738
v 0.01318493 -0.08511260 0.01328738
v -0.01428499 -0.08777893 0.00195123
v -0.01428499 -0.08777893 0.00195123
v -0.01428499 -0.08777893 0.00195123
v 0.00594771 0.01747656 0.01134737
v 0.00594771 0.01747656 0.01134737
v 0.00837536 0.02542399 0.00629293
v 0.00837536 0.02542399 0.00629293
v 0.00255882 0.08377324 0.00268692
v 0.00255882 0.08377324 0.00268692
v 0.00032531 0.03404862 0.00438773
v -0.00860187 0.02208145 0.00603277
v -0.00860187 0.02208145 0.00603277
v 0.01694142 -0.08630560 0.01276462
v 0.01694142 -0.08630560 0.01276462
v -0.00017455 0.03375292 0.00301638
v -0.00017455 0.03375292 0.00301638
v 0.01536826 -0.08772402 0.01239731
v 0.01536826 -0.08772402 0.01239731
v -0.00764837 0.02950231 0.01138009
v 0.00317093 -0.00301738 0.00055825
v 0.00317093 -0.00301738 0.00055825
v 0.00825189 -0.00663856 0.01335779
v 0.01977418 -0.08255623 0.01207654
v 0.01016973 -0.01967145 0.00063492
v 0.01016973 -0.01967145 0.00063492
v 0.00979749 0.01599379 0.01134414
v 0.00979749 0.01599379 0.01134414
v -0.00055839 0.03368180 0.00072968
v -0.00055839 0.03368180 0.00072968
v 0.00002681 0.08646933 0.00484559
v -0.00790539 0.02721762 0.00129929
v -0.00790539 0.02721762 0.00129929
v -0.02665194 -0.05520628 0.00494667
v 0.00049128 0.03414269 0.01132048
v 0.00049128 0.03414269 0.01132048
v -0.00009086 0.02906343 0.01133812
v -0.00009086 0.02906343 0.01133812
v 0.00869487 -0.01979973 0.00248042
v -0.00010062 0.03295892 0.00077579
v -0.00010062 0.03295892 0.00077579
v -0.00010062 0.03295892 0.00077579
v -0.00637158 -0.01178550 0.00316474
v 0.02560016 -0.06557289 0.00494044
v -0.00011242 0.01866043 0.01131867
v -0.00011242 0.01866043 0.01131867
v -0.00003014 0.06132693 0.00393189
v -0.00826931 0.02744584 0.00609231
v -0.01399661 -0.04553224 0.00986451
v 0.00935280 -0.00253930 0.01205480
v 0.00935280 -0.00253930 0.01205480
v -0.02204164 -0.03484013 0.01410433
v -0.02204164 -0.03484013 0.01410433
v 0.00093545 0.03258987 0.01132065
v 0.00883216 -0.01980513 0.01166732
v 0.00980142 0.04133394 0.00222768
v -0.00372659 0.02389655 0.00804377
v -0.00916790 -0.00853511 0.01291197
v 0.01823093 -0.07365006 0.00000905
v 0.00349011 0.02028177 0.01133813
v 0.00349011 0.02028177 0.01133813
v 0.00362179 0.02765675 0.01131867
v 0.00362179 0.02765675 0.01131867
v -0.00162344 0.01545650 0.00445446
v -0.01495247 -0.05495706 0.00247022
v -0.01527917 -0.08640262 0.01317659
v 0.02068246 -0.07843245 0.00067181
v 0.02068246 -0.07843245 0.00067181
v 0.00925928 -0.00357816 0.00076207
v 0.00925928 -0.00357816 0.00076207
v 0.00727724 -0.01129134 0.00981021
v 0.00587938 0.05017027 0.01076146
v 0.00704172 0.02870786 0.00622083
v 0.00704172 0.02870786 0.00622083
v -0.00212117 0.02873412 0.00621842
v -0.00212117 0.02873412 0.00621842
v -0.00328941 -0.00440298 0.00746547
v -0.00328941 -0.00440298 0.00746547
v 0.01029902 -0.00588514 0.00102103
v 0.01029902 -0.00588514 0.00102103
v 0.01029902 -0.00588514 0.00102103
v 0.00186977 0.01912188 0.00621845
v 0.00186977 0.01912188 0.00621845
v 0.00381623 0.01637032 0.00868455
v 0.01335938 -0.01927278 0.00001847
v 0.00082539 0.03252784 0.00612043
v 0.00082539 0.03252784 0.00612043
v 0.00003238 0.04482760 0.00971175
v 0.00003238 0.04482760 0.00971175
v -0.00021610 0.04480415 0.00238613
v -0.00021610 0.04480415 0.00238613
v -0.00761373 0.02783085 0.00869458
v 0.02404621 -0.03465898 0.00244883
v 0.02497390 -0.06557289 0.00247022
v -0.01783783 -0.08679913 0.01152873
v 0.01140732 -0.00739620 0.00069478
v 0.01140732 -0.00739620 0.00069478
v -0.01087770 -0.00169655 0.01040544
v -0.00173260 0.04404517 0.00442089
v -0.00173260 0.04404517 0.00442089
v 0.00212860 0.03942904 0.00071818
v 0.00212860 0.03942904 0.00071818
v 0.00079006 0.07528918 0.00691574
v 0.01205884 -0.03642798 0.00494043
v -0.00957868 0.02892675 0.00209365
v 0.00001794 0.04479046 0.00286935
v 0.00001794 0.04479046 0.00286935
v -0.00166611 0.00808215 0.01134414
v -0.00166611 0.00808215 0.01134414
v 0.00141493 0.00808101 0.00630053
v -0.00011268 0.01877484 0.00804375
v -0.00011268 0.01877484 0.00804375
v 0.00001504 0.06051697 0.00103594
v 0.00001504 0.06051697 0.00103594
v 0.00764045 -0.00018249 0.01119892
v 0.00764045 -0.00018249 0.01119892
v 0.00764045 -0.00018249 0.01119892
v -0.01028138 0.03419522 0.00474213
v -0.01627708 -0.05497351 0.01239030
v 0.00570106 0.03027745 0.00075446
v 0.00570106 0.03027745 0.00075446
v -0.00260840 0.03510169 0.00598686
v -0.00260840 0.03510169 0.00598686
v 0.00715152 -0.01178279 0.00793436
v 0.02032614 -0.05508646 0.00000000
v -0.00027067 0.04484772 0.01131662
v -0.00027067 0.04484772 0.01131662
v -0.00027067 0.04484772 0.01131662
v -0.01004045 0.00044172 0.00779608
v -0.01004045 0.00044172 0.00779608
v 0.00861610 -0.01076465 0.00265453
v 0.01010910 0.03464104 0.00904277
v 0.00310256 -0.00434400 0.00391338
v 0.00310256 -0.00434400 0.00391338
v 0.00770736 0.02723151 0.00625053
v 0.00770736 0.02723151 0.00625053
v 0.00770736 0.02723151 0.00625053
v 0.00770736 0.02723151 0.00625053
v -0.00529681 -0.00988479 0.00551688
v 0.00810154 -0.00630829 0.01126903
v 0.00841441 0.02208345 0.00630055
v 0.00841441 0.02208345 0.00630055
v 0.00841441 0.02208345 0.01125743
v 0.00841441 0.02208345 0.01125743
v -0.00790555 0.02722752 0.00875415
v -0.00002667 0.03389746 0.00609722
v -0.00002667 0.03389746 0.00609722
v 0.00046942 0.03416258 0.00604045
v -0.00170076 0.08955498 0.00452238
v -0.00170076 0.08955498 0.00452238
v -0.00170076 0.08955498 0.00452238
v 0.00274866 0.03525345 0.01131976
v 0.00274866 0.03525345 0.01131976
v 0.00274866 0.03525345 0.01131976
v 0.00705934 0.05944300 0.00734074
v 0.00705934 0.05944300 0.00734074
v 0.00001713 0.06291068 0.00888888
v 0.00001713 0.06291068 0.00888888
v -0.01214656 -0.00456351 0.00237876
v 0.01241373 -0.08788722 0.00504279
v 0.00839620 0.02557740 0.00436681
v 0.01277224 -0.08731852 0.01152873
v -0.00483876 0.07351187 0.00606254
v -0.00483876 0.07351187 0.00606254
v -0.00860191 0.02217516 0.00630929
v -0.00860191 0.02217516 0.00630929
v 0.00279362 0.04346745 0.00887186
v 0.00279362 0.04346745 0.00887186
v 0.00880721 0.00347776 0.00867102
v -0.00205956 0.01914845 0.01133813
v -0.00205956 0.01914845 0.01133813
v -0.00017450 0.06228624 0.00774513
v 0.00200081 0.08065925 0.00204455
v -0.00655220 -0.00890571 0.00263804
v -0.00655220 -0.00890571 0.00263804
v 0.00906091 0.01972208 0.00538666
v 0.00941139 -0.00063439 0.00239268
v 0.00941139 -0.00063439 0.00239268
v -0.00801633 0.02035106 0.00437777
v -0.00198988 0.00226625 0.00510307
v -0.01693171 -0.08847932 0.00308840
v -0.01693171 -0.08847932 0.00308840
v -0.00926772 0.01972089 0.00633663
v -0.00988534 0.01862304 0.00392926
v -0.01676415 -0.08827373 0.01130834
v -0.01676415 -0.08827373 0.01130834
v -0.01544441 -0.09000000 0.00511238
v -0.01544441 -0.08902183 0.00315800
v 0.00361115 -0.00369018 0.01154646
v 0.00361115 -0.00369018 0.01154646
v 0.00361115 -0.00369018 0.01154646
v 0.02051625 -0.08331583 0.00496586
v 0.01395920 -0.08868893 0.00308840
v 0.01395920 -0.08868893 0.00308840
v -0.00242100 -0.00047455 0.00290031
v -0.00202198 0.00226625 0.00741383
v 0.00351737 0.02390310 0.01133812
v 0.00293329 -0.00471867 0.00380403
v 0.00293329 -0.00471867 0.00380403
v 0.01539110 -0.06498655 0.01260481
v -0.01242524 -0.02734073 0.00061755
v -0.01242524 -0.02734073 0.00061755
v 0.01830691 -0.08763301 0.00504279
v 0.00164439 0.00508058 0.01134414
v 0.00164439 0.00508058 0.01134414
v 0.00002667 0.08655247 0.00519429
v 0.00002667 0.08655247 0.00519429
v 0.00191869 0.02877344 0.00621842
v 0.00191869 0.02877344 0.00621842
v 0.00116828 0.01142079 0.00305505
v 0.00936887 0.00347776 0.00737490
v 0.00046539 0.03405321 0.00344223
v 0.00046539 0.03405321 0.00344223
v -0.00592430 0.03030991 0.00874192
v 0.00002596 0.04378327 0.00282356
v 0.01389371 -0.07331436 0.01275624
v -0.00713789 -0.00434379 0.01262257
v -0.00520826 -0.01101965 0.00786090
v -0.00520826 -0.01101965 0.00786090
v -0.00593184 0.03030534 0.00871730
v -0.02032614 -0.05508646 0.00000000
v 0.00583496 0.03025087 0.00284914
v 0.01364069 -0.08684605 0.00133400
v 0.01364069 -0.08684605 0.00133400
v 0.01389526 -0.08929147 0.00962019
v 0.01389526 -0.08929147 0.00962019
v -0.02130788 -0.05503660 0.01492591
v -0.00823819 -0.01980765 0.00490592
v -0.00969252 0.02892160 0.00495981
v -0.00885591 0.02924739 0.00084502
v -0.00885591 0.02924739 0.00084502
v 0.00708389 -0.00952638 0.01188662
v 0.00708389 -0.00952638 0.01188662
v 0.00708389 -0.00952638 0.01188662
v -0.00491650 0.02191769 0.00621792
v -0.00491650 0.02191769 0.00621792
v 0.02365041 -0.04488745 0.00061756
v 0.02365041 -0.04488745 0.00061756
v 0.00370786 -0.00529409 0.00303242
v 0.00349206 0.02029590 0.00804375
v 0.00349206 0.02029590 0.00804375
v 0.00948989 0.02893814 0.00615087
v 0.01000870 -0.00003368 0.00785947
v 0.01722224 -0.07807973 0.00003618
v 0.00772965 0.02722752 0.00437857
v -0.00169062 0.08763004 0.00273653
v -0.00169062 0.08763004 0.00273653
v 0.00580012 0.03033448 0.00136341
v -0.00141429 0.01146395 0.00074714
v -0.00141429 0.01146395 0.00074714
v 0.00751404 -0.01026497 0.00190627
v -0.00020138 0.03933965 0.00242045
v -0.00222306 0.04477598 0.00074141
v -0.00222306 0.04477598 0.00074141
v -0.00222306 0.04477598 0.00074141
v 0.01378413 -0.03657195 0.01218894
v -0.00860182 0.02208144 0.00075179
v -0.00860182 0.02208144 0.00075179
v -0.01602323 -0.08303004 0.00016719
v 0.02618664 -0.04479063 0.01003041
v 0.00835110 0.02556797 0.00603278
v 0.00835110 0.02556797 0.00603278
v 0.00865208 0.02924739 0.00084502
v 0.00865208 0.02924739 0.00084502
v -0.00240766 0.03942904 0.00071818
v -0.00240766 0.03942904 0.00071818
v -0.00013335 0.03295095 0.00622317
v -0.00013335 0.03295095 0.00622317
v -0.00013335 0.03295095 0.00622317
v -0.00013335 0.03295095 0.00622317
v 0.00711586 0.03381317 0.00083922
v -0.01130003 -0.08547969 0.00498650
v 0.00966727 -0.00826779 0.01193309
v 0.00803272 0.02793210 0.00078931
v 0.00803272 0.02793210 0.00078931
v 0.00143410 0.01551190 0.01125743
v 0.00143410 0.01551190 0.01125743
v 0.00201923 0.04477598 0.00074141
v 0.00201923 0.04477598 0.00074141
v 0.00201923 0.04477598 0.00074141
v -0.00000244 0.03933965 0.00242045
v 0.02593986 -0.05520628 0.00247022
v -0.02358042 -0.04490588 0.01421231
v -0.02358042 -0.04490588 0.01421231
v 0.00829822 -0.01986135 0.00952462
v 0.00121046 0.01146395 0.00074714
v 0.00121046 0.01146395 0.00074714
v 0.00430244 -0.00520217 0.01104494
v 0.00430244 -0.00520217 0.01104494
v -0.00822662 0.04050624 0.01117345
v -0.01535595 -0.08469965 0.01376166
v 0.00148679 0.08763004 0.00273653
v 0.00148679 0.08763004 0.00273653
v -0.01371048 -0.07773689 0.00062660
v -0.01371048 -0.07773689 0.00062660
v -0.01020257 -0.00010650 0.00426597
v -0.01020257 -0.00010650 0.00426597
v -0.00010106 0.03296120 0.00213619
v -0.00010106 0.03296120 0.00213619
v -0.00391169 -0.00529409 0.00303242
v -0.00369486 0.07626472 0.00605073
v -0.00867972 0.02222910 0.00882259
v -0.00957270 0.00347776 0.00737490
v -0.00137211 0.01142079 0.00305505
v 0.00813546 -0.00196824 0.00074692
v 0.00813546 -0.00196824 0.00074692
v -0.00182740 0.03467930 0.01132012
v -0.00182740 0.03467930 0.01132012
v 0.00403584 -0.00761284 0.00427845
v 0.00470915 0.02193859 0.00621794
v 0.00470915 0.02193859 0.00621794
v -0.00731695 0.01883048 0.00441063
v 0.01050597 -0.00420065 0.01248739
v 0.01050597 -0.00420065 0.01248739
v 0.01050597 -0.00420065 0.01248739
v 0.01050597 -0.00420065 0.01248739
v 0.00315688 0.03160415 0.00074882
v 0.00315688 0.03160415 0.00074882
v 0.02265304 -0.07822018 0.00994369
v 0.01326738 -0.02727280 0.01361890
v 0.01326738 -0.02727280 0.01361890
v 0.00372529 -0.00339837 0.01115526
v 0.00372529 -0.00339837 0.01115526
v 0.00372529 -0.00339837 0.01115526
v -0.00069619 0.03418926 0.00964018
v -0.00704537 -0.01045174 0.01224029
v -0.00704537 -0.01045174 0.01224029
v 0.01362985 -0.08682775 0.01276462
v 0.01362985 -0.08682775 0.01276462
v 0.01469812 -0.07758345 0.01474741
v 0.01469812 -0.07758345 0.01474741
v -0.00794531 -0.01013759 0.01142487
v -0.00794531 -0.01013759 0.01142487
v 0.00964693 0.01859146 0.01134409
v 0.00964693 0.01859146 0.01134409
v -0.00022978 0.04378327 0.00282356
v -0.00922429 0.01127682 0.01134414
v -0.00922429 0.01127682 0.01134414
v -0.00864708 0.02207355 0.00436681
v -0.02152662 -0.02419719 0.00964221
v 0.00770170 0.02734983 0.01127449
v 0.00770170 0.02734983 0.01127449
v 0.00770170 0.02734983 0.01127449
v 0.00001992 0.07573824 0.00696616
v 0.00001992 0.07573824 0.00696616
v 0.00826905 -0.00798819 0.00052668
v 0.00826905 -0.00798819 0.00052668
v 0.00826905 -0.00798819 0.00052668
v -0.00023049 0.08655247 0.00519429
v -0.00023049 0.08655247 0.00519429
v 0.01824979 -0.01538628 0.00460867
v -0.00184822 0.00508058 0.01134414
v -0.00184822 0.00508058 0.01134414
v 0.00899292 0.00660288 0.00546203
v 0.00788308 0.02012574 0.00874835
v 0.00788308 0.02012574 0.00874835
v 0.00181815 0.00226625 0.00741383
v -0.01589581 -0.06506234 0.00061756
v -0.01589581 -0.06506234 0.00061756
v -0.01822833 -0.01516722 0.00917210
v -0.01179580 -0.00461287 0.00253301
v -0.01179580 -0.00461287 0.00253301
v -0.00592580 -0.00951836 0.00392344
v -0.00292181 0.03528018 0.00891409
v -0.00292181 0.03528018 0.00891409
v 0.01008952 0.03480184 0.01048170
v 0.01008952 0.03480184 0.01048170
v 0.01076177 -0.00703626 0.00136100
v 0.01076177 -0.00703626 0.00136100
v 0.00906389 0.01972089 0.00633663
v -0.00579376 -0.00173323 0.01215510
v -0.00579376 -0.00173323 0.01215510
v 0.00319094 0.03161826 0.00208053
v -0.00201272 0.04318530 0.00441346
v -0.00017716 0.03389746 0.00609722
v -0.00017716 0.03389746 0.00609722
v -0.01752759 -0.08446619 0.01326574
v -0.01752759 -0.08446619 0.01326574
v 0.00703358 0.02897298 0.00079888
v 0.00703358 0.02897298 0.00079888
v -0.01634939 -0.02627167 0.01424631
v -0.00717161 0.02878350 0.00624389
v -0.00717161 0.02878350 0.00624389
v -0.00002933 0.06228624 0.00774513
v -0.00901103 0.00347776 0.00867102
v -0.00384789 0.02760449 0.00621816
v -0.00384789 0.02760449 0.00621816
v 0.00463493 0.07351187 0.00606254
v 0.00463493 0.07351187 0.00606254
v 0.01696501 -0.08933524 0.00509499
v 0.01696501 -0.08933524 0.00509499
v -0.02405670 -0.05517633 0.00061756
v -0.02405670 -0.05517633 0.00061756
v -0.01547488 -0.08771694 0.00168198
v -0.01547488 -0.08771694 0.00168198
v -0.00627631 -0.00345879 0.00080575
v -0.00627631 -0.00345879 0.00080575
v -0.00627631 -0.00345879 0.00080575
v -0.01027896 -0.01931155 0.01325876
v -0.01027896 -0.01931155 0.01325876
v 0.00858256 0.00941681 0.00759343
v -0.00726317 0.05944300 0.00734074
v -0.00726317 0.05944300 0.00734074
v -0.00031000 0.01517008 0.00445446
v -0.00854028 0.04131490 0.00089964
v -0.00854028 0.04131490 0.00089964
v -0.00729479 0.01866709 0.01134868
v -0.00387006 0.01629552 0.00445446
v 0.00937485 0.02892675 0.00209365
v -0.01160231 -0.07762260 0.00996101
v 0.00852045 0.02227959 0.00436681
v -0.02048501 -0.08296871 0.00981223
v -0.00099389 0.07528918 0.00691574
v -0.01556628 -0.08657728 0.00081879
v 0.00319719 0.03158823 0.00612131
v 0.00319719 0.03158823 0.00612131
v -0.01134068 -0.02753790 0.01199820
v -0.01299998 -0.08283855 0.00074124
v -0.01299998 -0.08283855 0.00074124
v 0.00696654 0.02899873 0.01131931
v -0.00610299 -0.01151971 0.00967443
v 0.00240457 0.03510169 0.00598686
v 0.00240457 0.03510169 0.00598686
v -0.00340104 -0.00473478 0.00410338
v -0.01222138 -0.00568047 0.00325811
v -0.01820026 -0.08519125 0.00095353
v -0.01820026 -0.08519125 0.00095353
v -0.00893536 0.02382628 0.00436681
v -0.00021887 0.06051697 0.00103594
v -0.00021887 0.06051697 0.00103594
v -0.00161876 0.00808101 0.00630053
v -0.00884313 -0.00901066 0.00087436
v -0.01893964 -0.08323143 0.00078645
v -0.01893964 -0.08323143 0.00078645
v -0.00062468 0.04460033 0.00444375
v -0.00860735 0.02543760 0.00436681
v 0.00464250 0.02247544 0.00626131
v 0.01580531 -0.08241632 0.01434148
v -0.01755135 -0.06499367 0.01464973
v -0.01755135 -0.06499367 0.01464973
v 0.00778707 -0.00062662 0.01106537
v 0.00778707 -0.00062662 0.01106537
v -0.00023621 0.04482760 0.00971175
v -0.00023621 0.04482760 0.00971175
v -0.00017974 0.07534662 0.00619176
v 0.00460518 0.02194735 0.01133813
v 0.00460518 0.02194735 0.01133813
v -0.02476556 -0.03443871 0.00493277
v -0.01300273 -0.00564687 0.01083833
v 0.00940905 -0.00105787 0.00265404
v -0.00608321 0.05017027 0.01076146
v 0.02454105 -0.06530770 0.01261267
v 0.01668601 -0.08762929 0.00195123
v 0.01668601 -0.08762929 0.00195123
v 0.01668601 -0.08762929 0.00195123
v -0.02639798 -0.04479063 0.00496536
v -0.01238975 -0.07331442 0.00494044
v 0.00844297 0.02207847 0.00884939
v -0.00808293 0.02820420 0.01138346
v -0.01797154 -0.04557163 0.01410561
v -0.01797154 -0.04557163 0.01410561
v 0.00555810 -0.00733308 0.01137614
v 0.00555810 -0.00733308 0.01137614
v -0.00023063 0.08646933 0.00484559
v 0.01610519 -0.03642179 0.01394665
v 0.01610519 -0.03642179 0.01394665
v 0.00474350 0.02594054 0.00621792
v 0.00474350 0.02594054 0.00621792
v 0.00840571 -0.00813064 0.00029241
v -0.01441290 -0.05494989 0.00494044
v -0.00064725 0.08995591 0.00414367
v -0.00064725 0.08995591 0.00414367
v 0.00770185 0.02721351 0.00423678
v 0.00770185 0.02721351 0.00423678
v -0.00113927 0.03258987 0.01132065
v -0.00113927 0.03258987 0.01132065
v -0.01398111 -0.06498642 0.00994430
v 0.00144491 0.01548266 0.00870470
v -0.00475180 0.07260803 0.00249349
v -0.01187513 -0.00773430 0.00265273
v 0.01381570 -0.00415669 0.00863289
v -0.00017369 0.06132693 0.00393189
v -0.00346560 -0.00457708 0.00219288
v -0.00346560 -0.00457708 0.00219288
v -0.01351064 -0.00539431 0.00842603
v 0.00968727 -0.00051176 0.00211324
v 0.00968727 -0.00051176 0.00211324
v -0.01142255 -0.00558927 0.01286432
v -0.01142255 -0.00558927 0.01286432
v 0.01274859 -0.00290370 0.00854566
v 0.01274859 -0.00290370 0.00854566
v -0.00010320 0.03295892 0.00077579
v -0.00010320 0.03295892 0.00077579
v -0.00010320 0.03295892 0.00077579
v -0.00069511 0.03414269 0.01132048
v -0.00069511 0.03414269 0.01132048
v -0.00800562 0.02021942 0.01130001
v -0.00800562 0.02021942 0.01130001
v -0.00800562 0.02021942 0.01130001
v -0.00478892 0.02193860 0.00804378
v -0.00478892 0.02193860 0.00804378
v -0.00522352 0.02389393 0.01133813
v -0.00522352 0.02389393 0.01133813
v 0.00884811 -0.00795772 0.01350813
v 0.00035456 0.03368180 0.00072968
v 0.00035456 0.03368180 0.00072968
v -0.00256212 0.07446924 0.00661081
v 0.00837609 0.02557321 0.00203032
v -0.01607417 -0.04546104 0.00061756
v -0.01607417 -0.04546104 0.00061756
v -0.00727955 0.01885714 0.00074943
v -0.00727955 0.01885714 0.00074943
v -0.00730034 0.01884232 0.00203853
v -0.00337475 -0.00301738 0.00055825
v -0.00337475 -0.00301738 0.00055825
v -0.01367021 -0.04551380 0.00494043
v 0.01321264 -0.01801560 0.01386719
v -0.02348553 -0.07399482 0.00247926
v -0.02089255 -0.04525164 0.01475587
v 0.00603981 -0.01194511 0.00512119
v -0.00586554 -0.01197769 0.00790642
v -0.00159643 0.01550048 0.00074714
v -0.00159643 0.01550048 0.00074714
v 0.00808527 -0.00196026 0.00127251
v 0.00808527 -0.00196026 0.00127251
v 0.00808527 -0.00196026 0.00127251
v -0.00276264 0.08377324 0.00268692
v -0.00276264 0.08377324 0.00268692
v 0.00822198 -0.00654895 0.01310393
v 0.00822198 -0.00654895 0.01310393
v 0.00916456 0.00069825 0.00885062
v -0.00518121 -0.01194278 0.00470177
v -0.00480984 -0.00743034 0.00635098
v -0.00988878 0.01862167 0.00740503
v -0.00540677 -0.00717136 0.00076240
v -0.00540677 -0.00717136 0.00076240
v -0.00637207 -0.01080740 0.01003641
v 0.00044245 0.08999772 0.00434811
v 0.00044245 0.08999772 0.00434811
v 0.00906284 0.01967041 0.01134394
v 0.00906284 0.01967041 0.01134394
v 0.00932128 -0.00573654 0.00291423
v 0.00932128 -0.00573654 0.00291423
v 0.00835105 0.02556799 0.00074714
v 0.00835105 0.02556799 0.00074714
v -0.00935792 0.00347776 0.00358858
v -0.01008160 0.03389978 0.00221042
v 0.00454445 0.05772926 0.00081396
v -0.00474316 -0.00491320 0.00120397
v -0.00474316 -0.00491320 0.00120397
v 0.01141747 -0.07762260 0.00494044
v 0.01598765 -0.02691996 0.00000000
v -0.00927545 0.01971781 0.00737861
v 0.00778812 0.02037294 0.01125743
v 0.00778812 0.02037294 0.01125743
v 0.00185082 0.02390135 0.01133812
v 0.01983115 -0.04517791 0.00000000
v -0.01196328 -0.00311087 0.01075349
v -0.01196328 -0.00311087 0.01075349
v 0.01004261 0.04140119 0.00566939
v 0.01086733 -0.08277473 0.00982955
v -0.01238792 -0.00630306 0.00286825
v -0.00380117 0.02021081 0.00621819
v -0.00380117 0.02021081 0.00621819
v -0.00137255 0.01141531 0.00534364
v -0.00930378 0.04102542 0.01057495
v -0.01036015 0.00067584 0.00790793
v -0.01036015 0.00067584 0.00790793
v -0.00534058 -0.01228681 0.00816116
v -0.00805529 0.02023117 0.00074714
v -0.00805529 0.02023117 0.00074714
v -0.00805529 0.02023117 0.00074714
v 0.01939191 -0.08523740 0.00974625
v 0.00887563 0.00660288 0.00692896
v -0.00022094 0.04381579 0.00242132
v -0.00211982 0.00227352 0.00070647
v -0.00211982 0.00227352 0.00070647
v -0.00161880 0.00808049 0.00741383
v -0.00279893 -0.00303288 0.00634895
v 0.00408094 -0.00765328 0.00769761
v 0.01300329 -0.00444159 0.01099786
v -0.00977573 0.01313570 0.00074717
v -0.00977573 0.01313570 0.00074717
v 0.00575520 0.03035044 0.01132032
v 0.00992926 -0.00195174 0.00362944
v 0.00391771 0.07369927 0.00629173
v -0.01271610 -0.00383202 0.00453699
v -0.01271610 -0.00383202 0.00453699
v 0.00218125 0.03937569 0.00439765
v -0.00790536 0.02722878 0.00075951
v -0.00790536 0.02722878 0.00075951
v -0.00790536 0.02722878 0.00075951
v 0.01262734 -0.07331433 0.00998216
v -0.00303623 -0.00303287 0.00285597
v -0.01328025 -0.08268512 0.01382720
v -0.01328025 -0.08268512 0.01382720
v -0.00575781 0.05892393 0.00108056
v -0.00575781 0.05892393 0.00108056
v -0.01574145 -0.08516195 0.00037751
v 0.00243515 -0.00046335 0.00058441
v 0.00243515 -0.00046335 0.00058441
v 0.00052833 0.08157417 0.00207575
v 0.00052833 0.08157417 0.00207575
v 0.01574145 -0.08516195 0.00037751
v 0.01328025 -0.08268512 0.01382720
v 0.01328025 -0.08268512 0.01382720
v -0.01262734 -0.07331433 0.00998216
v 0.00612830 0.03119546 0.01137441
v 0.01271610 -0.00383202 0.00453699
v 0.01271610 -0.00383202 0.00453699
v -0.01205884 -0.03642798 0.00494043
v -0.01300329 -0.00444159 0.01099786
v -0.00893712 -0.00738473 0.01246898
v -0.00893712 -0.00738473 0.01246898
v -0.01939191 -0.08523740 0.00974625
v -0.00756178 0.00347853 0.00074611
v -0.00756178 0.00347853 0.00074611
v -0.00797463 0.02036851 0.00075117
v -0.00797463 0.02036851 0.00075117
v 0.00534058 -0.01228681 0.00816116
v 0.01036015 0.00067584 0.00790793
v 0.01036015 0.00067584 0.00790793
v 0.01238792 -0.00630306 0.00286825
v -0.01086733 -0.08277473 0.00982955
v -0.00807537 0.02757012 0.00073986
v -0.00807537 0.02757012 0.00073986
v 0.01196328 -0.00311087 0.01075349
v 0.01196328 -0.00311087 0.01075349
v -0.01983115 -0.04517791 0.00000000
v -0.01201169 -0.07762260 0.00247022
v -0.00782970 0.00661153 0.01134827
v -0.00782970 0.00661153 0.01134827
v -0.00788413 0.02728267 0.00868906
v -0.00788413 0.02728267 0.00868906
v 0.01004670 0.04145895 0.00828237
v 0.01101596 -0.00680120 0.00187801
v -0.01598765 -0.02691996 0.00000000
v 0.00283519 0.04348759 0.01131856
v 0.00283519 0.04348759 0.01131856
v 0.00283519 0.04348759 0.01131856
v -0.00081107 0.04451720 0.00949990
v 0.00667589 0.05291119 0.00959095
v -0.00020490 0.03366146 0.00073356
v -0.00020490 0.03366146 0.00073356
v -0.00020490 0.03366146 0.00073356
v 0.00093269 0.01512905 0.00883111
v 0.00093269 0.01512905 0.00883111
v 0.00637207 -0.01080740 0.01003641
v 0.00540677 -0.00717136 0.00076240
v 0.00540677 -0.00717136 0.00076240
v 0.00253282 -0.00303287 0.00532869
v -0.00822198 -0.00654895 0.01310393
v -0.00822198 -0.00654895 0.01310393
v -0.00665472 0.02365203 0.00623635
v 0.00473781 0.02593057 0.01131867
v 0.00473781 0.02593057 0.01131867
v -0.00808527 -0.00196026 0.00127251
v -0.00808527 -0.00196026 0.00127251
v -0.00808527 -0.00196026 0.00127251
v -0.00587738 0.03026538 0.00629470
v -0.00587738 0.03026538 0.00629470
v 0.02348553 -0.07399482 0.00247926
v -0.00588231 0.03027575 0.01128755
v -0.00588231 0.03027575 0.01128755
v 0.01367021 -0.04551380 0.00494043
v 0.01607417 -0.04546104 0.00061756
v 0.01607417 -0.04546104 0.00061756
v -0.00020519 0.03389312 0.01132064
v -0.00020519 0.03389312 0.01132064
v -0.00020519 0.03389312 0.01132064
v -0.01055314 -0.00195174 0.00564657
v -0.00708294 0.05921467 0.00229601
v -0.00923726 0.03185421 0.01135523
v -0.00113171 0.03254547 0.00872102
v -0.00349294 0.03163717 0.01132065
v -0.00349294 0.03163717 0.01132065
v -0.00884811 -0.00795772 0.01350813
v 0.00003175 0.04483374 0.00609154
v 0.00003175 0.04483374 0.00609154
v -0.00142064 0.01140688 0.01134414
v -0.00142064 0.01140688 0.01134414
v -0.01001029 0.00069825 0.00752354
v -0.00316802 0.04280806 0.00597512
v -0.01274859 -0.00290370 0.00854566
v -0.01274859 -0.00290370 0.00854566
v 0.00270218 0.07938223 0.00205740
v 0.00270218 0.07938223 0.00205740
v -0.00968727 -0.00051176 0.00211324
v -0.00968727 -0.00051176 0.00211324
v 0.00454373 -0.00743034 0.00533683
v 0.01351064 -0.00539431 0.00842603
v -0.01381570 -0.00415669 0.00863289
v 0.01187513 -0.00773430 0.00265273
v 0.00047776 0.04485554 0.00072438
v 0.00047776 0.04485554 0.00072438
v 0.01398111 -0.06498642 0.00994430
v 0.01169916 -0.08277473 0.01214581
v 0.01441290 -0.05494989 0.00494044
v -0.00840571 -0.00813064 0.00029241
v -0.01173621 -0.00219651 0.00439434
v 0.00875289 0.00660288 0.00372020
v 0.02222663 -0.07857640 0.00250639
v -0.00802916 0.02020407 0.00626028
v -0.00802916 0.02020407 0.00626028
v -0.00802916 0.02020407 0.00626028
v -0.00802916 0.02020407 0.00626028
v 0.01797154 -0.04557163 0.01410561
v 0.01797154 -0.04557163 0.01410561
v -0.00819942 -0.00196612 0.01135137
v -0.00819942 -0.00196612 0.01135137
v 0.00612662 -0.01091941 0.00506843
v 0.01238975 -0.07331442 0.00494044
v 0.02639798 -0.04479063 0.00496536
v -0.01668601 -0.08762929 0.00195123
v -0.01668601 -0.08762929 0.00195123
v -0.01668601 -0.08762929 0.00195123
v 0.00247146 0.04362117 0.00597928
v 0.00247146 0.04362117 0.00597928
v -0.02454105 -0.06530770 0.01261267
v 0.01300273 -0.00564687 0.01083833
v 0.02476556 -0.03443871 0.00493277
v -0.00503097 -0.00743034 0.00321453
v -0.00739907 0.04060453 0.00068965
v 0.00337169 0.03154332 0.00302821
v 0.01158813 -0.00648945 0.01145294
v 0.01158813 -0.00648945 0.01145294
v 0.01041197 -0.00387313 0.01028283
v 0.00788734 0.02024222 0.00318494
v 0.00788734 0.02024222 0.00318494
v -0.00003006 0.06142685 0.00515447
v -0.00003992 0.03296978 0.00872102
v -0.00003992 0.03296978 0.00872102
v 0.00961703 0.01312895 0.00389570
v 0.00961703 0.01312895 0.00741383
v 0.00961703 0.01312895 0.00527044
v 0.01755135 -0.06499367 0.01464973
v 0.01755135 -0.06499367 0.01464973
v -0.01024527 0.04138465 0.00461105
v -0.00336143 0.03158061 0.00628555
v -0.00336143 0.03158061 0.00628555
v 0.00616983 -0.00309682 0.00046689
v -0.01580531 -0.08241632 0.01434148
v -0.00229209 0.03365760 0.00071661
v -0.00229209 0.03365760 0.00071661
v -0.00229209 0.03365760 0.00071661
v -0.00888482 0.02383392 0.00074676
v -0.00888482 0.02383392 0.00074676
v 0.01893964 -0.08323143 0.00078645
v 0.01893964 -0.08323143 0.00078645
v -0.00831239 -0.00150834 0.00054353
v -0.00831239 -0.00150834 0.00054353
v -0.00831239 -0.00150834 0.00054353
v -0.00793909 0.02378709 0.00628051
v -0.00526199 -0.01078992 0.00262102
v 0.01820026 -0.08519125 0.00095353
v 0.01820026 -0.08519125 0.00095353
v 0.00082885 0.01512361 0.00072151
v 0.00082885 0.01512361 0.00072151
v 0.00082885 0.01512361 0.00072151
v 0.01222138 -0.00568047 0.00325811
v 0.00082991 0.01512612 0.00563861
v 0.00082991 0.01512612 0.00563861
v -0.00372132 0.02024487 0.01133813
v -0.00372132 0.02024487 0.01133813
v 0.00610299 -0.01151971 0.00967443
v -0.00374598 0.02750282 0.00804377
v -0.00374598 0.02750282 0.00804377
v -0.00374598 0.02750282 0.00804377
v -0.01176219 -0.00153181 0.00829227
v -0.00616444 0.01746748 0.00307835
v 0.01299998 -0.08283855 0.00074124
v 0.01299998 -0.08283855 0.00074124
v 0.00958238 -0.00195174 0.00867102
v 0.00563707 -0.01185100 0.00255892
v 0.01556628 -0.08657728 0.00081879
v -0.00799787 0.02035878 0.00204885
v -0.00493558 0.02347276 0.00623224
v 0.00044143 0.09000000 0.00454512
v 0.00044143 0.09000000 0.00454512
v 0.00044143 0.09000000 0.00454512
v 0.02048501 -0.08296871 0.00981223
v 0.00984497 0.01600365 0.00741383
v 0.00984497 0.01600365 0.00633438
v 0.00984497 0.01600365 0.00527044
v 0.00984497 0.01600365 0.00389570
v 0.00076919 0.03255579 0.00074172
v 0.00076919 0.03255579 0.00074172
v 0.00831639 0.00943053 0.01134517
v 0.00831639 0.00943053 0.01134517
v 0.00648876 -0.01039784 0.01281513
v 0.00648876 -0.01039784 0.01281513
v -0.00174944 0.08332731 0.00554925
v 0.01641798 -0.08746100 0.01221566
v 0.01641798 -0.08746100 0.01221566
v 0.01641798 -0.08746100 0.01221566
v -0.00609377 0.01750742 0.00619301
v -0.00609377 0.01750742 0.00619301
v 0.02086533 -0.02451260 0.01202114
v -0.00886865 0.02389803 0.01128494
v -0.00886865 0.02389803 0.01128494
v -0.00384908 0.01633606 0.00074714
v -0.00384908 0.01633606 0.00074714
v 0.01027896 -0.01931155 0.01325876
v 0.01027896 -0.01931155 0.01325876
v -0.00009172 0.02916635 0.00621855
v -0.00009172 0.02916635 0.00621855
v 0.01078201 -0.00381382 0.00882541
v 0.02405670 -0.05517633 0.00061756
v 0.02405670 -0.05517633 0.00061756
v -0.01696501 -0.08933524 0.00509499
v -0.01696501 -0.08933524 0.00509499
v -0.00927028 0.01126275 0.00389570
v -0.00927028 0.01126275 0.00741383
v -0.00927028 0.01126275 0.00527044
v -0.00927028 0.01126275 0.00633438
v -0.00058452 0.04384618 0.00207735
v -0.00436943 0.03939763 0.01131947
v -0.00436943 0.03939763 0.01131947
v 0.00354507 0.02758352 0.01133812
v 0.00354507 0.02758352 0.01133812
v 0.01634939 -0.02627167 0.01424631
v 0.01752759 -0.08446619 0.01326574
v 0.01752759 -0.08446619 0.01326574
v -0.00616129 -0.00901047 0.01243588
v -0.00616129 -0.00901047 0.01243588
v -0.00616129 -0.00901047 0.01243588
v -0.00616129 -0.00901047 0.01243588
v 0.00150474 0.08949689 0.00452238
v 0.00150474 0.08949689 0.00452238
v 0.00150474 0.08949689 0.00452238
v 0.00962711 0.01860110 0.00074714
v 0.00962711 0.01860110 0.00074714
v -0.00383254 -0.00529409 0.00741383
v 0.00790255 0.02024673 0.00436050
v 0.00790255 0.02024673 0.00436050
v -0.00017922 0.07380275 0.00258232
v -0.00017922 0.07463518 0.00378418
v 0.00735309 0.00069176 0.01135240
v 0.00735309 0.00069176 0.01135240
v 0.00145936 0.00809614 0.00074714
v 0.00145936 0.00809614 0.00074714
v -0.00002456 0.07475035 0.00465032
v 0.00442873 -0.00766594 0.00233395
v 0.00061907 0.04357540 0.00343164
v 0.00179234 0.01558871 0.00620975
v 0.00179234 0.01558871 0.00620975
v 0.00592580 -0.00951836 0.00392344
v -0.00131046 0.01515793 0.00069141
v -0.00131046 0.01515793 0.00069141
v -0.00131046 0.01515793 0.00069141
v 0.00070038 0.03935041 0.00340793
v -0.01022381 0.04149293 0.00958707
v -0.01022381 0.04149293 0.00958707
v -0.00134894 0.08679648 0.00501134
v -0.00896044 0.03386394 0.00087924
v -0.00896044 0.03386394 0.00087924
v 0.01822833 -0.01516722 0.00917210
v 0.01589581 -0.06506234 0.00061756
v 0.01589581 -0.06506234 0.00061756
v 0.00786258 0.02020532 0.00609589
v 0.00786258 0.02020532 0.00609589
v 0.00786258 0.02020532 0.00609589
v 0.00786258 0.02020532 0.00609589
v 0.00637161 0.02229541 0.00626743
v -0.00889595 0.00941681 0.00531834
v 0.00466977 0.07344048 0.00412385
v 0.00466977 0.07349690 0.00479754
v 0.00466977 0.07352015 0.00555012
v -0.00854730 0.02546390 0.00073152
v -0.00854730 0.02546390 0.00073152
v -0.01824979 -0.01538628 0.00460867
v -0.00107736 0.01515125 0.00618218
v -0.00107736 0.01515125 0.00618218
v -0.00107736 0.01515125 0.00618218
v -0.00107736 0.01515125 0.00618218
v 0.00810439 0.02746667 0.00883013
v -0.00826905 -0.00798819 0.00052668
v -0.00826905 -0.00798819 0.00052668
v -0.00826905 -0.00798819 0.00052668
v 0.02152662 -0.02419719 0.00964221
v 0.01014405 -0.00195174 0.00738511
v 0.00794531 -0.01013759 0.01142487
v 0.00794531 -0.01013759 0.01142487
v -0.01362985 -0.08682775 0.01276462
v -0.01362985 -0.08682775 0.01276462
v -0.00883594 0.00941681 0.00385183
v -0.01326738 -0.02727280 0.01361890
v -0.01326738 -0.02727280 0.01361890
v 0.00409417 -0.00527501 0.00080527
v 0.00409417 -0.00527501 0.00080527
v 0.00968302 0.01862244 0.00633495
v 0.00805562 0.02747175 0.00147438
v -0.00403584 -0.00761284 0.00427845
v 0.00344309 -0.00529409 0.00635835
v -0.00968493 0.02906110 0.01122173
v -0.00968493 0.02906110 0.01122173
v -0.01001946 0.03492063 0.01073341
v 0.00179085 0.01549542 0.01134697
v 0.00179085 0.01549542 0.01134697
v -0.00023082 0.08617368 0.00370708
v -0.00430482 -0.00723551 0.00950482
v 0.00517887 -0.00740597 0.00103777
v 0.00517887 -0.00740597 0.00103777
v -0.00279590 0.08538082 0.00468295
v -0.00281669 -0.00046181 0.01134414
v -0.00281669 -0.00046181 0.01134414
v -0.00976482 0.00069825 0.00354471
v 0.01020257 -0.00010650 0.00426597
v 0.01020257 -0.00010650 0.00426597
v 0.01421527 -0.06498814 0.00247022
v -0.00279571 0.08533971 0.00429778
v -0.00926168 0.01972330 0.00402992
v 0.01371048 -0.07773689 0.00062660
v 0.01371048 -0.07773689 0.00062660
v 0.01535595 -0.08469965 0.01376166
v 0.00411395 0.03940411 0.00877140
v -0.00538753 -0.01050869 0.00272253
v -0.00538753 -0.01050869 0.00272253
v -0.00829822 -0.01986135 0.00952462
v 0.00159735 0.00507490 0.00305505
v 0.00159735 0.00507490 0.00628314
v 0.00159735 0.00507490 0.00741383
v 0.00159735 0.00507490 0.00506547
v -0.00137280 0.01141214 0.00741383
v 0.02358042 -0.04490588 0.01421231
v 0.02358042 -0.04490588 0.01421231
v -0.02593986 -0.05520628 0.00247022
v -0.00530815 0.02389375 0.01131867
v -0.00530815 0.02389375 0.01131867
v 0.01294744 -0.00596358 0.00230954
v -0.00966727 -0.00826779 0.01193309
v -0.00020930 0.03933965 0.00281961
v 0.00855468 0.00660288 0.00813222
v 0.00055809 0.04453992 0.00601158
v 0.00363420 0.06253408 0.00819738
v -0.00356841 0.04264428 0.00876999
v 0.01019135 -0.00053991 0.00444758
v 0.00259175 0.08524009 0.00378626
v 0.01318239 -0.08522183 0.00094223
v 0.01318239 -0.08522183 0.00094223
v -0.00110498 0.03251045 0.00628336
v -0.00110498 0.03251045 0.00628336
v -0.00029709 0.01521539 0.00611944
v -0.00029709 0.01521539 0.00611944
v -0.02618664 -0.04479063 0.01003041
v -0.00170369 0.08946291 0.00412337
v -0.00170369 0.08946291 0.00412337
v -0.00170465 0.08951115 0.00433695
v -0.00170465 0.08951115 0.00433695
v 0.01602323 -0.08303004 0.00016719
v -0.01378413 -0.03657195 0.01218894
v -0.00362713 0.04261875 0.01131842
v -0.00362713 0.04261875 0.01131842
v -0.02391919 -0.07382290 0.00997832
v -0.00751404 -0.01026497 0.00190627
v 0.00441412 -0.00439444 0.00090087
v 0.00441412 -0.00439444 0.00090087
v 0.00003122 0.04483578 0.00443484
v 0.00003122 0.04483578 0.00443484
v -0.00988610 0.01862274 0.00529950
v 0.01131982 -0.08544350 0.00975058
v -0.00017365 0.03391456 0.00979566
v -0.00017365 0.03391456 0.00979566
v -0.01722224 -0.07807973 0.00003618
v -0.00216555 0.00227498 0.01134414
v -0.00216555 0.00227498 0.01134414
v 0.00514206 0.02390943 0.01131867
v 0.00514206 0.02390943 0.01131867
v -0.00791161 0.00661077 0.00074656
v -0.00791161 0.00661077 0.00074656
v -0.02365041 -0.04488745 0.00061756
v -0.02365041 -0.04488745 0.00061756
v 0.00150083 0.08951115 0.00433695
v 0.00150083 0.08951115 0.00433695
v 0.01008458 0.03429443 0.00591982
v 0.00149986 0.08946291 0.00412337
v 0.00149986 0.08946291 0.00412337
v 0.00823819 -0.01980765 0.00490592
v 0.02130788 -0.05503660 0.01492591
v -0.01389526 -0.08929147 0.00962019
v -0.01389526 -0.08929147 0.00962019
v 0.00719280 -0.01100187 0.00145879
v 0.00719280 -0.01100187 0.00145879
v -0.01364069 -0.08684605 0.00133400
v -0.01364069 -0.08684605 0.00133400
v -0.00826667 0.02745241 0.00444888
v -0.00279558 0.08524009 0.00378626
v -0.00728445 0.01868282 0.00307835
v 0.00336458 0.04264428 0.00876999
v -0.00383803 0.06253408 0.00819738
v 0.00000547 0.03933965 0.00281961
v 0.00373005 -0.00493232 0.00245238
v -0.00514966 -0.00620940 0.01198875
v -0.00514966 -0.00620940 0.01198875
v 0.00520826 -0.01101965 0.00786090
v 0.00520826 -0.01101965 0.00786090
v 0.00937149 0.00059941 0.00999334
v 0.00937149 0.00059941 0.00999334
v -0.00010321 0.03296319 0.00323065
v -0.00010321 0.03296319 0.00323065
v 0.00782319 -0.00009227 0.01162294
v 0.00782319 -0.00009227 0.01162294
v 0.00782319 -0.00009227 0.01162294
v -0.00431778 0.03940411 0.00877140
v 0.00400260 -0.00377896 0.01098631
v 0.00400260 -0.00377896 0.01098631
v 0.00833803 0.00942964 0.00074714
v 0.00833803 0.00942964 0.00074714
v 0.00187709 0.02866250 0.00804378
v 0.00187709 0.02866250 0.00804378
v -0.02301468 -0.07347115 0.01274088
v -0.00776288 0.01968164 0.00440525
v -0.01830691 -0.08763301 0.00504279
v 0.01242524 -0.02734073 0.00061755
v 0.01242524 -0.02734073 0.00061755
v 0.00711861 0.01884647 0.00876443
v -0.00576586 -0.00162650 0.01169689
v -0.00576586 -0.00162650 0.01169689
v -0.00538270 -0.00740597 0.00153310
v -0.00538270 -0.00740597 0.00153310
v -0.01539110 -0.06498655 0.01260481
v -0.00293329 -0.00471867 0.00380403
v -0.00293329 -0.00471867 0.00380403
v -0.00023144 0.07997635 0.00213117
v -0.00023144 0.07997635 0.00213117
v 0.00055170 0.04448608 0.00347208
v 0.00055170 0.04448608 0.00347208
v 0.00002699 0.08617368 0.00370708
v 0.00981563 0.03492063 0.01073341
v -0.00139069 0.06141097 0.00909656
v 0.00700801 0.02879613 0.00607711
v 0.00700801 0.02879613 0.00607711
v 0.00470817 0.02191342 0.01131867
v 0.00470817 0.02191342 0.01131867
v 0.00849907 0.02227942 0.00203033
v -0.00386069 0.01631362 0.00202477
v -0.01395920 -0.08868893 0.00308840
v -0.01395920 -0.08868893 0.00308840
v -0.00825945 0.02747175 0.00147438
v -0.02051625 -0.08331583 0.00496586
v -0.00361115 -0.00369018 0.01154646
v -0.00361115 -0.00369018 0.01154646
v -0.00361115 -0.00369018 0.01154646
v -0.00905836 -0.00946457 0.00016547
v 0.01544441 -0.09000000 0.00511238
v 0.01544441 -0.08902183 0.00315800
v 0.01676415 -0.08827373 0.01130834
v 0.01676415 -0.08827373 0.01130834
v -0.00330911 -0.00440924 0.00922515
v -0.00330911 -0.00440924 0.00922515
v -0.00377339 -0.00441883 0.00890948
v -0.00988685 0.01862244 0.00633495
v -0.00378808 0.02018589 0.01131867
v -0.00378808 0.02018589 0.01131867
v 0.00863211 0.00941681 0.00385183
v 0.01693171 -0.08847932 0.00308840
v 0.01693171 -0.08847932 0.00308840
v 0.00655220 -0.00890571 0.00263804
v 0.00655220 -0.00890571 0.00263804
v 0.00007134 0.04489368 0.00074727
v 0.00007134 0.04489368 0.00074727
v 0.00007134 0.04489368 0.00074727
v -0.00001278 0.03299398 0.01127968
v -0.00001278 0.03299398 0.01127968
v -0.00001278 0.03299398 0.01127968
v -0.00166318 0.00809614 0.00074714
v -0.00166318 0.00809614 0.00074714
v -0.01034787 -0.00195174 0.00738511
v -0.00495007 0.02590521 0.00621791
v -0.00495007 0.02590521 0.00621791
v 0.00275752 -0.00303287 0.00741383
v 0.00087353 0.01515125 0.00618218
v 0.00087353 0.01515125 0.00618218
v 0.00087353 0.01515125 0.00618218
v 0.00087353 0.01515125 0.00618218
v 0.00377339 -0.00441883 0.00890948
v 0.00330911 -0.00440924 0.00922515
v 0.00330911 -0.00440924 0.00922515
v -0.01277224 -0.08731852 0.01152873
v 0.00905836 -0.00946457 0.00016547
v -0.01241373 -0.08788722 0.00504279
v 0.01304051 -0.00416707 0.00848939
v 0.01214656 -0.00456351 0.00237876
v -0.00090421 0.03935041 0.00340793
v 0.00870720 0.02390596 0.00603283
v 0.00870720 0.02390596 0.00603283
v 0.00002947 0.08472665 0.00271720
v 0.00576586 -0.00162650 0.01169689
v 0.00576586 -0.00162650 0.01169689
v 0.00463920 0.02588807 0.01133812
v 0.00463920 0.02588807 0.01133812
v -0.00206839 0.02389724 0.01133812
v -0.00082290 0.04357540 0.00343164
v -0.00382766 0.02758302 0.01131866
v -0.00382766 0.02758302 0.01131866
v -0.00382766 0.02758302 0.01131866
v -0.00810154 -0.00630829 0.01126903
v -0.00400260 -0.00377896 0.01098631
v -0.00400260 -0.00377896 0.01098631
v -0.00782319 -0.00009227 0.01162294
v -0.00782319 -0.00009227 0.01162294
v -0.00782319 -0.00009227 0.01162294
v -0.00310256 -0.00434400 0.00391338
v -0.00310256 -0.00434400 0.00391338
v -0.00937149 0.00059941 0.00999334
v -0.00937149 0.00059941 0.00999334
v 0.01004045 0.00044172 0.00779608
v 0.01004045 0.00044172 0.00779608
v 0.00476843 -0.00743034 0.00741383
v -0.00209656 0.01906726 0.01131867
v -0.00209656 0.01906726 0.01131867
v -0.00181637 0.03472400 0.00927426
v 0.00742378 0.02791534 0.01131827
v -0.00082728 0.04455507 0.01132089
v -0.00082728 0.04455507 0.01132089
v 0.00514966 -0.00620940 0.01198875
v 0.00514966 -0.00620940 0.01198875
v -0.00373004 -0.00493232 0.00245238
v 0.00416560 0.03939763 0.01131947
v 0.00416560 0.03939763 0.01131947
v 0.00038069 0.04384618 0.00207735
v 0.00906645 0.01126275 0.00741383
v 0.00906645 0.01126275 0.00633438
v -0.00715152 -0.01178279 0.00793436
v 0.01627708 -0.05497351 0.01239030
v -0.00010128 0.03296235 0.00282104
v -0.00010128 0.03296235 0.00282104
v -0.00099029 0.03252242 0.00627644
v -0.00099029 0.03252242 0.00627644
v -0.00764045 -0.00018249 0.01119892
v -0.00764045 -0.00018249 0.01119892
v -0.00764045 -0.00018249 0.01119892
v 0.00924290 0.02989085 0.01134842
v -0.00741962 0.00347891 0.01135137
v -0.00741962 0.00347891 0.01135137
v -0.00855712 0.02544023 0.00603278
v -0.00855712 0.02544023 0.00603278
v -0.00719280 -0.01100187 0.00145879
v -0.00719280 -0.01100187 0.00145879
v 0.01087770 -0.00169655 0.01040544
v -0.01140732 -0.00739620 0.00069478
v -0.01140732 -0.00739620 0.00069478
v 0.01783783 -0.08679913 0.01152873
v -0.02497390 -0.06557289 0.00247022
v -0.02404621 -0.03465898 0.00244883
v -0.00852022 0.00943053 0.01134517
v -0.00852022 0.00943053 0.01134517
v -0.01335938 -0.01927278 0.00001847
v -0.00607458 0.01750237 0.00202820
v -0.00004118 0.03372747 0.00239338
v -0.00004118 0.03372747 0.00239338
v -0.01131982 -0.08544350 0.00975058
v -0.00978621 -0.00195174 0.00867102
v 0.00773671 0.02215399 0.00629761
v -0.01029902 -0.00588514 0.00102103
v -0.01029902 -0.00588514 0.00102103
v -0.01029902 -0.00588514 0.00102103
v 0.00328941 -0.00440298 0.00746547
v 0.00328941 -0.00440298 0.00746547
v -0.00108856 0.01511665 0.00307751
v -0.00108856 0.01511665 0.00307751
v -0.00441412 -0.00439444 0.00090087
v -0.00441412 -0.00439444 0.00090087
v 0.02391919 -0.07382290 0.00997832
v -0.00465158 -0.00527501 0.01122233
v -0.00465158 -0.00527501 0.01122233
v -0.00370707 0.02026663 0.00804377
v -0.00370707 0.02026663 0.00804377
v -0.02068246 -0.07843245 0.00067181
v -0.02068246 -0.07843245 0.00067181
v 0.00366784 0.01634636 0.00629640
v 0.00366784 0.01634636 0.00629640
v 0.00366784 0.01634636 0.01125743
v 0.00366784 0.01634636 0.01125743
v 0.01527917 -0.08640262 0.01317659
v 0.01495247 -0.05495706 0.00247022
v -0.01823093 -0.07365006 0.00000905
v -0.01318238 -0.08522183 0.00094223
v -0.01318238 -0.08522183 0.00094223
v 0.02204164 -0.03484013 0.01410433
v 0.02204164 -0.03484013 0.01410433
v -0.01019135 -0.00053991 0.00444758
v -0.00806371 0.02023952 0.00886108
v -0.00806371 0.02023952 0.00886108
v 0.00208827 0.03365760 0.00071661
v 0.00208827 0.03365760 0.00071661
v 0.00208827 0.03365760 0.00071661
v 0.00840776 0.02544408 0.00862837
v 0.00182789 0.01919215 0.00804375
v 0.00182789 0.01919215 0.00804375
v 0.01399661 -0.04553224 0.00986451
v 0.01004144 0.04138465 0.00461105
v -0.00982085 0.01312895 0.00389570
v -0.00982085 0.01312895 0.00741383
v -0.00982085 0.01312895 0.00527044
v -0.00982085 0.01312895 0.00633438
v 0.00219539 0.08685309 0.00496067
v 0.00219539 0.08685309 0.00496067
v -0.00017377 0.06142685 0.00515447
v 0.00719524 0.04060453 0.00068965
v -0.02560016 -0.06557289 0.00494044
v 0.00205104 -0.00047455 0.00521588
v 0.00482715 -0.00743034 0.00321453
v 0.00538753 -0.01050869 0.00272253
v 0.00538753 -0.01050869 0.00272253
v -0.00871662 0.03487011 0.01132024
v 0.02665194 -0.05520628 0.00494667
v -0.01421526 -0.06498814 0.00247022
v 0.00799560 -0.00196612 0.01135137
v 0.00799560 -0.00196612 0.01135137
v -0.01016973 -0.01967145 0.00063492
v -0.01016973 -0.01967145 0.00063492
v 0.00430482 -0.00723551 0.00950482
v -0.01977418 -0.08255623 0.01207654
v -0.00970429 0.02899939 0.00956255
v -0.00895672 0.00660288 0.00372020
v -0.01536826 -0.08772402 0.01239731
v -0.01536826 -0.08772402 0.01239731
v -0.01694142 -0.08630560 0.01276462
v -0.01694142 -0.08630560 0.01276462
v 0.00870087 0.02382421 0.00629898
v 0.00870087 0.02382421 0.00629898
v -0.00357574 -0.00529408 0.00536629
v 0.01428499 -0.08777893 0.00195123
v 0.01428499 -0.08777893 0.00195123
v 0.01428499 -0.08777893 0.00195123
v -0.01318493 -0.08511260 0.01328738
v -0.01318493 -0.08511260 0.01328738
v -0.00068159 0.04485554 0.00072438
v -0.00068159 0.04485554 0.00072438
v 0.02181933 -0.07390369 0.00063112
v 0.02181933 -0.07390369 0.00063112
v -0.02015676 -0.07747312 0.01466082
v -0.02015676 -0.07747312 0.01466082
v 0.00706575 0.02884973 0.00329554
v 0.00979931 0.01599416 0.00074714
v 0.00979931 0.01599416 0.00074714
v -0.00918190 0.01970618 0.00074714
v -0.00918190 0.01970618 0.00074714
v -0.01558551 -0.04560956 0.01228566
v 0.00296419 0.04280806 0.00597512
v -0.00113652 0.01512905 0.00883111
v -0.00113652 0.01512905 0.00883111
v 0.00000107 0.03366146 0.00073356
v 0.00000107 0.03366146 0.00073356
v 0.00000107 0.03366146 0.00073356
v -0.01651391 -0.01839105 0.00059254
v -0.01651391 -0.01839105 0.00059254
v 0.00002688 0.08628624 0.00426504
v 0.01282231 -0.00673356 0.00392382
v 0.00687911 0.05921467 0.00229601
v 0.02401886 -0.07399256 0.00494270
v -0.01032891 -0.02746071 0.00979265
v -0.00235900 0.04398690 0.00071924
v -0.00235900 0.04398690 0.00071924
v 0.00337265 0.03160522 0.00079679
v 0.00337265 0.03160522 0.00079679
v -0.01616295 -0.01658068 0.01334795
v -0.01616295 -0.01658068 0.01334795
v -0.00442873 -0.00766594 0.00233395
v 0.00646878 0.05859886 0.00787093
v -0.00273665 -0.00303287 0.00532869
v -0.00338115 0.03162209 0.01130112
v -0.00338115 0.03162209 0.01130112
v -0.01381226 -0.00537276 0.00880522
v -0.00772345 0.01972903 0.00619301
v -0.00772345 0.01972903 0.00619301
v 0.01192411 -0.08533751 0.01182993
v 0.00179495 0.00226625 0.00629254
v -0.00775307 0.01966305 0.00307835
v -0.00202954 0.00226625 0.00301637
v 0.00616129 -0.00901047 0.01243588
v 0.00616129 -0.00901047 0.01243588
v 0.00616129 -0.00901047 0.01243588
v 0.00616129 -0.00901047 0.01243588
v 0.00584851 0.03005939 0.00621790
v 0.00584851 0.03005939 0.00621790
v -0.00010165 0.03296706 0.00563249
v -0.00010165 0.03296706 0.00563249
v 0.00060724 0.04451720 0.00949990
v 0.02132810 -0.07316652 0.01488973
v 0.02132810 -0.07316652 0.01488973
v 0.00768030 0.02728267 0.00868906
v 0.00768030 0.02728267 0.00868906
v -0.00722188 0.02882261 0.00874747
v 0.01099803 -0.00534607 0.01192807
v 0.01099803 -0.00534607 0.01192807
v 0.01099803 -0.00534607 0.01192807
v -0.00017368 0.06112265 0.00245160
v 0.00514687 0.02392634 0.00621780
v 0.00514687 0.02392634 0.00621780
v 0.00514687 0.02392634 0.00621780
v -0.01078200 -0.00381382 0.00882541
v 0.00587365 0.01753038 0.00630205
v 0.00587365 0.01753038 0.00630205
v 0.00587365 0.01753038 0.01125743
v 0.00587365 0.01753038 0.01125743
v 0.00588951 0.01754827 0.00620022
v 0.00588951 0.01754827 0.00620022
v 0.00537389 -0.01043992 0.01031602
v 0.00537389 -0.01043992 0.01031602
v 0.00735795 0.00347853 0.00074611
v 0.00735795 0.00347853 0.00074611
v -0.02086533 -0.02451260 0.01202114
v -0.01641797 -0.08746100 0.01221566
v -0.01641797 -0.08746100 0.01221566
v -0.01641797 -0.08746100 0.01221566
v -0.00648876 -0.01039784 0.01281513
v -0.00648876 -0.01039784 0.01281513
v 0.00790264 0.02010349 0.01132140
v 0.00790264 0.02010349 0.01132140
v 0.00790264 0.02010349 0.01132140
v 0.00141491 0.00808128 0.00513501
v 0.01923687 -0.08532324 0.00266350
v 0.01743303 -0.08665539 0.00133400
v 0.01743303 -0.08665539 0.00133400
v 0.00724248 -0.00544730 0.00023688
v -0.00563707 -0.01185100 0.00255892
v 0.01176219 -0.00153181 0.00829227
v 0.00322301 0.03162692 0.00446091
v -0.00608839 0.01748692 0.00444350
v -0.00771897 0.00069197 0.00074641
v -0.00771897 0.00069197 0.00074641
v -0.01747590 -0.07746600 0.01539315
v -0.00263897 -0.00046335 0.00058441
v -0.00263897 -0.00046335 0.00058441
v -0.00347356 0.03159597 0.00872102
v -0.01294333 -0.07331475 0.00247022
v -0.00484570 0.02585198 0.01133812
v -0.00484570 0.02585198 0.01133812
v 0.00187581 0.02867707 0.01133812
v 0.00187581 0.02867707 0.01133812
v -0.00481989 -0.01089531 0.00467603
v -0.01148290 -0.00664258 0.01238799
v -0.01148290 -0.00664258 0.01238799
v 0.01270602 -0.03645936 0.00247022
v -0.00977797 0.00347776 0.00560572
v 0.01024086 -0.00482368 0.00409975
v 0.00555398 0.05892393 0.00108056
v 0.00555398 0.05892393 0.00108056
v 0.00702919 0.02881092 0.00205543
v 0.01310514 -0.00279561 0.00855430
v 0.00593521 0.01749615 0.00867501
v 0.00526199 -0.01078992 0.00262102
v 0.00831239 -0.00150834 0.00054353
v 0.00831239 -0.00150834 0.00054353
v 0.00831239 -0.00150834 0.00054353
v -0.00099012 0.06062526 0.00089154
v 0.00682635 -0.01125431 0.00077054
v 0.00682635 -0.01125431 0.00077054
v -0.00105045 0.03258367 0.00871872
v -0.00393342 0.01637971 0.00619301
v -0.00393342 0.01637971 0.00619301
v 0.00987777 0.03389978 0.00221042
v 0.00915409 0.00347776 0.00358858
v 0.00768787 0.02720980 0.00074852
v 0.00768787 0.02720980 0.00074852
v 0.00144959 0.03458591 0.00440377
v 0.00144959 0.03458591 0.00440377
v -0.01233289 -0.00437395 0.01040847
v -0.00616983 -0.00309682 0.00046689
v 0.00259511 -0.00303288 0.00634895
v 0.00141497 0.00808049 0.00741383
v 0.00044774 0.08936459 0.00341863
v 0.00044774 0.08936459 0.00341863
v 0.00191599 0.00227352 0.00070647
v 0.00191599 0.00227352 0.00070647
v 0.00001711 0.04381579 0.00242132
v -0.01368715 -0.06498682 0.00494044
v -0.01829978 -0.03573077 0.00000000
v 0.01817370 -0.08714392 0.00287962
v 0.00785146 0.02023117 0.00074714
v 0.00785146 0.02023117 0.00074714
v 0.00785146 0.02023117 0.00074714
v -0.01041196 -0.00387313 0.01028283
v 0.00909995 0.04102542 0.01057495
v -0.01158813 -0.00648945 0.01145294
v -0.01158813 -0.00648945 0.01145294
v 0.00094692 0.01511352 0.01134454
v 0.00094692 0.01511352 0.01134454
v 0.00094692 0.01511352 0.01134454
v 0.00116872 0.01141531 0.00534364
v 0.01541654 -0.08886262 0.01123488
v 0.00704598 0.02882261 0.00441386
v -0.00612661 -0.01091941 0.00506843
v 0.00946280 0.03520036 0.01100773
v -0.00358004 -0.00478544 0.00748582
v -0.02526706 -0.04479063 0.01245078
v -0.01665560 -0.05499419 0.00061756
v -0.01665560 -0.05499419 0.00061756
v -0.00383049 0.03940050 0.00597152
v 0.00332465 0.03143033 0.00621596
v 0.00332465 0.03143033 0.00621596
v 0.01765959 -0.01567015 0.01155639
v -0.01080038 -0.08277473 0.00495682
v -0.01829605 -0.08227209 0.01374061
v -0.01829605 -0.08227209 0.01374061
v -0.00161864 0.00808259 0.00305505
v 0.02563152 -0.04479063 0.00247022
v 0.00164263 0.00507967 0.00074715
v 0.00164263 0.00507967 0.00074715
v 0.01173621 -0.00219651 0.00439434
v -0.00926667 0.01967041 0.01134394
v -0.00926667 0.01967041 0.01134394
v -0.01169916 -0.08277473 0.01214581
v 0.02181306 -0.07780770 0.01260237
v 0.00460601 -0.00743034 0.00635098
v 0.02015676 -0.07747312 0.01466082
v 0.02015676 -0.07747312 0.01466082
v -0.00936839 0.00069825 0.00885062
v 0.00968717 0.04140343 0.00995585
v -0.00533664 0.02391628 0.00621779
v -0.00533664 0.02391628 0.00621779
v 0.00709245 0.05943688 0.00532044
v 0.00709245 0.05944270 0.00662335
v 0.00709245 0.05942277 0.00446183
v -0.01692312 -0.08906531 0.00962019
v -0.01692312 -0.08906531 0.00962019
v 0.00276205 -0.00038897 0.01134414
v 0.00276205 -0.00038897 0.01134414
v 0.01593764 -0.07327699 0.01490892
v 0.01593764 -0.07327699 0.01490892
v 0.00805988 -0.00155366 0.00094585
v 0.00805988 -0.00155366 0.00094585
v -0.00374444 0.02389548 0.01133812
v -0.01285290 -0.00561006 0.01010253
v 0.00235829 0.07446924 0.00661081
v 0.00141481 0.00808259 0.00305505
v -0.01078060 -0.00264834 0.00234261
v 0.00362666 0.03940050 0.00597152
v 0.01275107 -0.07762260 0.01267165
v 0.00875626 0.02391413 0.00436681
v -0.00729628 0.05943688 0.00532044
v -0.00729628 0.05944270 0.00662335
v -0.00729628 0.05942277 0.00446183
v -0.00603889 -0.00921561 0.01266093
v -0.00603889 -0.00921561 0.01266093
v -0.01427990 -0.04553583 0.00247022
v -0.00989100 0.04140343 0.00995585
v 0.00454797 0.07260803 0.00249349
v 0.01332383 -0.00610193 0.00553199
v 0.01242592 -0.08774244 0.00967528
v 0.00704108 0.02894425 0.00138095
v -0.00790568 0.02721351 0.00423678
v -0.00790568 0.02721351 0.00423678
v 0.00044342 0.08995591 0.00414367
v 0.00044342 0.08995591 0.00414367
v -0.00184646 0.00507967 0.00074715
v -0.00184646 0.00507967 0.00074715
v 0.00042086 0.04460033 0.00444375
v -0.00500856 -0.01129161 0.00791400
v -0.00966663 0.03520036 0.01100773
v 0.02450595 -0.03442219 0.01000813
v 0.01073932 -0.02746258 0.00247021
v -0.00011458 0.01875267 0.01133813
v -0.00011458 0.01875267 0.01133813
v -0.01953638 -0.02619095 0.00059617
v -0.01953638 -0.02619095 0.00059617
v 0.01388176 -0.08954483 0.00509499
v 0.01388176 -0.08954483 0.00509499
v 0.00787910 0.02820420 0.01138346
v -0.01101596 -0.00680120 0.00187801
v -0.00789730 0.01948092 0.00074714
v -0.00789730 0.01948092 0.00074714
v -0.02018775 -0.08332491 0.00257190
v -0.00481819 0.02583932 0.00804378
v -0.00481819 0.02583932 0.00804378
v -0.01543744 -0.08971045 0.00960182
v 0.01201169 -0.07762260 0.00247022
v -0.00002409 0.07534662 0.00619176
v -0.00115075 0.01511352 0.01134454
v -0.00115075 0.01511352 0.01134454
v -0.00115075 0.01511352 0.01134454
v -0.00376742 0.02752481 0.01133812
v -0.00376742 0.02752481 0.01133812
v -0.01869242 -0.07316475 0.01561625
v 0.00574411 0.03030748 0.00444915
v 0.02027213 -0.06501463 0.01533661
v -0.00065157 0.08936459 0.00341863
v -0.00065157 0.08936459 0.00341863
v -0.01879027 -0.08477968 0.01181261
v 0.00893712 -0.00738473 0.01246898
v 0.00893712 -0.00738473 0.01246898
v -0.00165341 0.03458591 0.00440377
v -0.00165341 0.03458591 0.00440377
v 0.01184497 -0.08535740 0.00265445
v -0.01352999 -0.00608226 0.00486767
v -0.02556692 -0.05514000 0.01244140
v 0.00334853 -0.00493881 0.00192095
v 0.00334853 -0.00493881 0.00192095
v 0.00078629 0.06062526 0.00089154
v 0.01474406 -0.05495401 0.00989067
v 0.02268428 -0.07856732 0.00494948
v 0.02652865 -0.05518971 0.00993460
v 0.00957414 0.00347776 0.00560572
v -0.00622982 -0.01133999 0.00788689
v -0.00717037 0.02899873 0.01131931
v -0.00717037 0.02899873 0.01131931
v -0.00341601 0.03163666 0.00873005
v 0.00751515 0.00069197 0.00074641
v 0.00751515 0.00069197 0.00074641
v -0.00492371 0.02588228 0.01131867
v -0.00492371 0.02588228 0.01131867
v 0.00958748 -0.00456923 0.01122734
v 0.00958748 -0.00456923 0.01122734
v -0.00785315 0.02720530 0.00629981
v -0.00785315 0.02720530 0.00629981
v -0.00785315 0.02720530 0.01128303
v -0.00785315 0.02720530 0.01128303
v -0.00715016 0.02892965 0.00870613
v -0.00161874 0.00808128 0.00513501
v -0.00408094 -0.00765328 0.00769761
v 0.00182571 0.00226625 0.00301637
v 0.00180889 0.04318530 0.00441346
v 0.00833645 0.04131490 0.00089964
v 0.00833645 0.04131490 0.00089964
v 0.01930821 -0.02514733 0.01375540
v 0.01930821 -0.02514733 0.01375540
v -0.00878639 0.00941681 0.00759343
v 0.00357251 0.02021506 0.01131867
v 0.00357251 0.02021506 0.01131867
v -0.01304051 -0.00416707 0.00848939
v -0.00003015 0.06112265 0.00245160
v -0.00605747 0.01752159 0.00610894
v -0.00605747 0.01752159 0.00610894
v -0.01141746 -0.07762260 0.00494044
v -0.00010218 0.03296706 0.00563249
v -0.00010218 0.03296706 0.00563249
v -0.00022375 0.07573824 0.00696616
v -0.00022375 0.07573824 0.00696616
v 0.01453592 -0.03629814 0.00061755
v 0.01453592 -0.03629814 0.00061755
v 0.00518788 -0.01069669 0.01045464
v -0.00790553 0.02734983 0.01127449
v -0.00790553 0.02734983 0.01127449
v -0.00790553 0.02734983 0.01127449
v -0.00932128 -0.00573654 0.00291423
v -0.00932128 -0.00573654 0.00291423
v 0.00902046 0.01127682 0.01134414
v 0.00902046 0.01127682 0.01134414
v -0.02386602 -0.05508099 0.01431788
v -0.02386602 -0.05508099 0.01431788
v -0.00199878 0.00226625 0.00629254
v -0.01029335 0.03480184 0.01048170
v -0.01029335 0.03480184 0.01048170
v -0.00727959 0.01885716 0.00607627
v -0.00727959 0.01885716 0.00607627
v 0.00518121 -0.01194278 0.00470177
v 0.00271798 0.03528018 0.00891409
v 0.00271798 0.03528018 0.00891409
v -0.00667261 0.05859886 0.00787093
v -0.00439250 -0.00468910 0.00048185
v -0.00439250 -0.00468910 0.00048185
v -0.00439250 -0.00468910 0.00048185
v 0.00586554 -0.01197769 0.00790642
v -0.00603981 -0.01194511 0.00512119
v 0.02089255 -0.04525164 0.01475587
v -0.01232836 -0.03645612 0.00984033
v -0.00400005 0.01634918 0.00440525
v -0.00919675 0.00660288 0.00546203
v 0.00215518 0.04398690 0.00071924
v 0.00215518 0.04398690 0.00071924
v -0.00023071 0.08628624 0.00426504
v 0.02301468 -0.07347115 0.01274088
v -0.01428636 -0.08775798 0.01221566
v -0.01428636 -0.08775798 0.01221566
v -0.01428636 -0.08775798 0.01221566
v -0.00591251 0.03024202 0.00627429
v -0.00591251 0.03024202 0.00627429
v 0.00763338 -0.01124210 0.00393508
v 0.00157726 0.08298237 0.00559059
v -0.02168195 -0.02426329 0.00478516
v 0.01918632 -0.03566244 0.01460363
v 0.00768792 0.02720979 0.00604380
v 0.00768792 0.02720979 0.00604380
v -0.00985076 0.01859146 0.01134409
v -0.00985076 0.01859146 0.01134409
v -0.00640038 -0.00987753 0.00108288
v -0.00640038 -0.00987753 0.00108288
v -0.00640038 -0.00987753 0.00108288
v 0.00897807 0.01970618 0.00074714
v 0.00897807 0.01970618 0.00074714
v 0.00049236 0.03418926 0.00964018
v -0.01000314 0.01599416 0.00074714
v -0.01000314 0.01599416 0.00074714
v 0.01142255 -0.00558927 0.01286432
v 0.01142255 -0.00558927 0.01286432
v -0.00729626 0.01870257 0.00440525
v 0.00346560 -0.00457708 0.00219288
v 0.00346560 -0.00457708 0.00219288
v 0.00378544 0.01643053 0.00620968
v 0.00378544 0.01643053 0.00620968
v 0.00913577 -0.00006846 0.00967215
v -0.00210217 0.01909699 0.00621844
v -0.00210217 0.01909699 0.00621844
v 0.01047050 0.00005267 0.00413122
v 0.01047050 0.00005267 0.00413122
v -0.00857211 0.02557740 0.00876939
v 0.00599255 -0.00203574 0.01151609
v 0.00337192 -0.00529408 0.00536629
v 0.01058352 -0.00590954 0.00080644
v 0.01058352 -0.00590954 0.00080644
v -0.00833929 -0.00196824 0.00124224
v -0.00833929 -0.00196824 0.00124224
v 0.00950046 0.02899939 0.00956255
v -0.01073813 -0.00433805 0.00563772
v 0.00578681 0.03036642 0.00079586
v 0.00578681 0.03036642 0.00079586
v 0.01401318 -0.08854961 0.01130834
v 0.01401318 -0.08854961 0.01130834
v -0.01024488 0.00069825 0.00565361
v -0.00862010 0.02223036 0.01129066
v -0.00862010 0.02223036 0.01129066
v 0.00851279 0.03487011 0.01132024
v 0.00574065 -0.00966754 0.00785785
v 0.01463428 -0.07339880 0.00061982
v 0.01463428 -0.07339880 0.00061982
v 0.01948552 -0.08544325 0.00498876
v -0.00940904 -0.00105787 0.00265404
v 0.00802280 0.04050624 0.01117345
v 0.00709414 0.01886392 0.01125743
v 0.00709414 0.01886392 0.01125743
v 0.00709414 0.01886392 0.00630231
v 0.00709414 0.01886392 0.00630231
v -0.00225487 -0.00047455 0.00521588
v 0.00354089 0.02757583 0.00804378
v 0.00354089 0.02757583 0.00804378
v -0.02283988 -0.06510184 0.01465955
v -0.02283988 -0.06510184 0.01465955
v -0.00310318 -0.00478089 0.00752445
v -0.00310318 -0.00478089 0.00752445
v -0.01272349 -0.08739814 0.00287962
v -0.00461397 -0.00472547 0.00121273
v -0.00461397 -0.00472547 0.00121273
v -0.00461397 -0.00472547 0.00121273
v -0.00239922 0.08685309 0.00496067
v -0.00239922 0.08685309 0.00496067
v -0.00778706 -0.00062662 0.01106537
v -0.00778706 -0.00062662 0.01106537
v 0.00961703 0.01312895 0.00633438
v -0.00007048 0.03295095 0.00622317
v -0.00007048 0.03295095 0.00622317
v -0.00007048 0.03295095 0.00622317
v -0.00007048 0.03295095 0.00622317
v 0.02210181 -0.03507759 0.00061221
v 0.02210181 -0.03507759 0.00061221
v -0.00851548 0.02556559 0.00630362
v -0.00851548 0.02556559 0.00630362
v -0.00851548 0.02556559 0.01128303
v -0.00851548 0.02556559 0.01128303
v 0.00884313 -0.00901066 0.00087436
v 0.00865208 0.02924739 0.00084502
v 0.00948869 0.02892160 0.00495981
v 0.00596319 0.03068440 0.00080764
v 0.00340105 -0.00473478 0.00410338
v 0.01226402 -0.00302312 0.01087116
v 0.00637719 -0.01012477 0.00088212
v 0.00637719 -0.01012477 0.00088212
v 0.00700796 0.02879615 0.00075266
v 0.00700796 0.02879615 0.00075266
v -0.00748041 0.02373815 0.00623953
v -0.01294744 -0.00596358 0.00230954
v 0.01025153 -0.00933669 0.00222836
v 0.01025153 -0.00933669 0.00222836
v -0.01952915 -0.06528140 0.00000000
v 0.01134068 -0.02753790 0.01199820
v -0.00519412 0.02389424 0.00804379
v -0.00519412 0.02389424 0.00804379
v -0.01308580 -0.00374186 0.00445014
v -0.00016265 0.03372747 0.00239338
v -0.00016265 0.03372747 0.00239338
v -0.02118129 -0.02514436 0.00238467
v -0.00969372 0.02893814 0.00615087
v -0.00555330 -0.01176051 0.01067112
v 0.01160231 -0.07762260 0.00996101
v 0.00716101 -0.01134910 0.00546583
v 0.00181480 0.01553045 0.00868551
v -0.00066922 0.03405321 0.00344223
v -0.00066922 0.03405321 0.00344223
v 0.01822295 -0.08742193 0.00967528
v 0.00706023 0.01867272 0.00864638
v -0.00010274 0.02389930 0.01133812
v 0.00502773 0.02391035 0.00804376
v 0.00502773 0.02391035 0.00804376
v 0.01855680 -0.05500228 0.01427892
v 0.01855680 -0.05500228 0.01427892
v 0.00721580 0.00347891 0.01135137
v 0.00721580 0.00347891 0.01135137
v -0.00944672 0.02989085 0.01134842
v 0.00627631 -0.00345879 0.00080575
v 0.00627631 -0.00345879 0.00080575
v 0.00627631 -0.00345879 0.00080575
v 0.01379973 -0.00500946 0.00443428
v -0.01292756 -0.00498271 0.00505224
v -0.00909102 0.00040015 0.00970980
v -0.00909102 0.00040015 0.00970980
v -0.02368527 -0.03450103 0.01239322
v 0.00062346 0.04455507 0.01132089
v 0.00062346 0.04455507 0.01132089
v -0.00762760 0.02791534 0.01131827
v -0.00762760 0.02791534 0.01131827
v -0.00497226 -0.00743034 0.00741383
v -0.00886410 0.02388423 0.00630748
v -0.00886410 0.02388423 0.00630748
v -0.00788788 -0.00737116 0.00236431
v -0.00788788 -0.00737116 0.00236431
v 0.00247207 0.08239145 0.00547518
v 0.00579376 -0.00173323 0.01215510
v 0.00579376 -0.00173323 0.01215510
vt 0.46630300 0.58045000
vt 0.90268800 0.07669100
vt 0.54633600 0.77903100
vt 0.44761100 0.44331000
vt 0.47786700 0.15099800
vt 0.93991600 0.33152100
vt 0.07704200 0.36437700
vt 0.46547000 0.64869500
vt 0.09037400 0.32691400
vt 0.94931800 0.37141900
vt 0.25276900 0.06563100
vt 0.91435300 0.56257100
vt 0.16586900 0.93732500
vt 0.75986000 0.57130200
vt 0.28276500 0.19016000
vt 0.16591500 0.81909100
vt 0.19477900 0.67307200
vt 0.59353600 0.83977500
vt 0.03283500 0.64174000
vt 0.13400500 0.37561600
vt 0.76119300 0.72532500
vt 0.49228300 0.21387900
vt 0.56301000 0.61458900
vt 0.22778500 0.57615000
vt 0.43908400 0.59904800
vt 0.59271900 0.97244600
vt 0.28012800 0.01464500
vt 0.59271900 0.97244600
vt 0.28012800 0.01464500
vt 0.13400500 0.37561600
vt 0.76119300 0.72532500
vt 0.28276500 0.19016000
vt 0.16591500 0.81909100
vt 0.10680700 0.87390900
vt 0.79626000 0.24796700
vt 0.16586900 0.93732500
vt 0.91435300 0.56257100
vt 0.73355600 0.38747300
vt 0.05132600 0.51295700
vt 0.10493200 0.35029200
vt 0.59863800 0.35711000
vt 0.80284000 0.91402300
vt 0.30521800 0.52229000
vt 0.16156400 0.02380700
vt 0.45115700 0.49245100
vt 0.09766000 0.60428700
vt 0.23201500 0.55646800
vt 0.58391000 0.54887000
vt 0.13136100 0.40249600
vt 0.75875000 0.69787600
vt 0.27892400 0.55975300
vt 0.07738200 0.93729300
vt 0.38167100 0.96833900
vt 0.08635400 0.38630300
vt 0.03657200 0.05787100
vt 0.75278000 0.02064000
vt 0.47516200 0.74923500
vt 0.28286600 0.01234700
vt 0.59553000 0.97153900
vt 0.92942600 0.31040700
vt 0.01451000 0.51868300
vt 0.02401600 0.60885300
vt 0.58693500 0.86746500
vt 0.58739500 0.74911900
vt 0.13285400 0.47860700
vt 0.34391200 0.60667300
vt 0.26233300 0.36969300
vt 0.80328700 0.75748500
vt 0.13641100 0.20629200
vt 0.34303300 0.74944600
vt 0.44740500 0.23718300
vt 0.24169600 0.49160600
vt 0.42858500 0.42774200
vt 0.53098200 0.77952700
vt 0.46824000 0.68241400
vt 0.81881900 0.00422500
vt 0.67372200 0.67532400
vt 0.35461600 0.38269200
vt 0.01333700 0.93389100
vt 0.59097300 0.21082900
vt 0.60181500 0.67123400
vt 0.22474500 0.55609700
vt 0.46617100 0.67495500
vt 0.82618800 0.00010200
vt 0.05250000 0.58780400
vt 0.50290300 0.14999000
vt 0.92088300 0.35045700
vt 0.83831500 0.45653000
vt 0.44679400 0.84148800
vt 0.52852300 0.37067700
vt 0.54141100 0.21203100
vt 0.61040000 0.62338800
vt 0.85102800 0.31681700
vt 0.45115700 0.07869000
vt 0.96603800 0.01172600
vt 0.79059900 0.53804400
vt 0.74508500 0.13711800
vt 0.52861100 0.29969800
vt 0.59572800 0.86752300
vt 0.76948100 0.53746300
vt 0.85333700 0.34056400
vt 0.30792200 0.19166000
vt 0.50341800 0.11553600
vt 0.61606700 0.71834600
vt 0.20735000 0.65001200
vt 0.00105000 0.65425800
vt 0.03077900 0.54637100
vt 0.69394100 0.53806800
vt 0.91959900 0.37411000
vt 0.22062500 0.08159000
vt 0.14455800 0.31907900
vt 0.78737600 0.91401700
vt 0.16462900 0.64549400
vt 0.73344300 0.43454800
vt 0.92780400 0.96439300
vt 0.21886900 0.60837000
vt 0.17230400 0.42578600
vt 0.39781400 0.57048900
vt 0.96132900 0.44089600
vt 0.60079900 0.94900300
vt 0.04900400 0.77103600
vt 0.00296800 0.77468200
vt 0.54342200 0.54098500
vt 0.55249300 0.23526300
vt 0.29026800 0.39891600
vt 0.37765800 0.81902300
vt 0.23181000 0.16587600
vt 0.70205300 0.91947000
vt 0.50105200 0.07671400
vt 0.41290600 0.20797900
vt 0.75735200 0.48725400
vt 0.09436900 0.10204500
vt 0.71456500 0.28738300
vt 0.76974400 0.82184100
vt 0.09037400 0.37879400
vt 0.12619400 0.27935500
vt 0.95475100 0.97676500
vt 0.21181100 0.07995200
vt 0.13805800 0.35717100
vt 0.10384500 0.31952300
vt 0.67687600 0.91431300
vt 0.24016500 0.44228900
vt 0.16868700 0.99706300
vt 0.51382900 0.24132900
vt 0.54342200 0.58039100
vt 0.76855700 0.98830600
vt 0.07234300 0.65838000
vt 0.79625800 0.23099700
vt 0.46586300 0.69432800
vt 0.80704700 0.00002000
vt 0.02710900 0.87449300
vt 0.97993300 0.87883300
vt 0.34151000 0.13596000
vt 0.80129000 0.74118100
vt 0.57956500 0.71256300
vt 0.16931100 0.33093200
vt 0.78739800 0.92916200
vt 0.03519700 0.08144500
vt 0.70084600 0.60376700
vt 0.22270500 0.45261900
vt 0.54995900 0.53176100
vt 0.61016600 0.36560400
vt 0.05304200 0.66997800
vt 0.88690800 0.33103600
vt 0.89072000 0.32985000
vt 0.19377400 0.65074800
vt 0.61048900 0.70595800
vt 0.84573900 0.99044300
vt 0.01280500 0.49981900
vt 0.07490300 0.84303000
vt 0.00731200 0.11158500
vt 0.67435400 0.25273000
vt 0.36979400 0.59856700
vt 0.58123500 0.81732700
vt 0.39846900 0.77177200
vt 0.54910900 0.03081600
vt 0.27413300 0.57763800
vt 0.07691800 0.31742400
vt 0.91798600 0.42388700
vt 0.03335600 0.05857300
vt 0.78777000 0.00407400
vt 0.50940100 0.39108500
vt 0.00291300 0.75425000
vt 0.85867200 0.09752400
vt 0.76949600 0.48719800
vt 0.48852000 0.47185300
vt 0.82691000 0.88359200
vt 0.72579700 0.47079900
vt 0.01293700 0.18756100
vt 0.05784500 0.53171200
vt 0.95873800 0.43927200
vt 0.39959800 0.57350100
vt 0.56866100 0.56480600
vt 0.49485600 0.51838900
vt 0.67852200 0.33359600
vt 0.67852200 0.37349700
vt 0.67852200 0.38747300
vt 0.67852200 0.35844600
vt 0.53972500 0.61580100
vt 0.47951800 0.25297400
vt 0.24401400 0.23706400
vt 0.73364900 0.21634000
vt 0.45292700 0.87191200
vt 0.80393300 0.24672000
vt 0.04918000 0.56821400
vt 0.39818800 0.77656000
vt 0.31705800 0.59281900
vt 0.83338100 0.98442600
vt 0.01551000 0.51118200
vt 0.00074800 0.81384400
vt 0.79704500 0.68033800
vt 0.89207000 0.20877600
vt 0.10399800 0.52325300
vt 0.57321700 0.43083000
vt 0.68549100 0.48628000
vt 0.85476000 0.62713400
vt 0.15847800 0.51902400
vt 0.58231800 0.72541700
vt 0.20887000 0.41559500
vt 0.01395100 0.69047800
vt 0.22288800 0.41658400
vt 0.74890500 0.37442700
vt 0.22354300 0.57628700
vt 0.23355900 0.02201700
vt 0.21486100 0.16435200
vt 0.12707100 0.27030500
vt 0.12856100 0.50960100
vt 0.85851600 0.12713800
vt 0.78072500 0.48703100
vt 0.56766500 0.59451400
vt 0.78779700 0.10392000
vt 0.23843300 0.99273200
vt 0.22585600 0.37407400
vt 0.60193800 0.75368100
vt 0.24379100 0.64835100
vt 0.84078800 0.44906900
vt 0.34218500 0.39054100
vt 0.97099200 0.62198000
vt 0.08472100 0.29562300
vt 0.03585900 0.15076400
vt 0.45444600 0.11289300
vt 0.62604900 0.26798100
vt 0.61008000 0.57355000
vt 0.94842600 0.16264600
vt 0.72529400 0.54195700
vt 0.11721100 0.21626400
vt 0.93928500 0.08142300
vt 0.79639900 0.11802100
vt 0.58265900 0.59498200
vt 0.76828800 0.05438800
vt 0.76867300 0.06276300
vt 0.76883200 0.07211800
vt 0.73364900 0.23076400
vt 0.48174400 0.51837500
vt 0.48134900 0.59904800
vt 0.41345000 0.07189200
vt 0.04674200 0.81906200
vt 0.21814500 0.32704800
vt 0.09882800 0.71080100
vt 0.87969400 0.25505400
vt 0.60248900 0.45030600
vt 0.11093800 0.43426200
vt 0.60248900 0.51274500
vt 0.23557000 0.16479400
vt 0.44677400 0.98560300
vt 0.74629300 0.28737500
vt 0.10748400 0.13187300
vt 0.26257500 0.69699400
vt 0.80055300 0.77080100
vt 0.54123600 0.67480800
vt 0.22046200 0.59498200
vt 0.67297800 0.95134000
vt 0.13499300 0.62415300
vt 0.46923300 0.43093300
vt 0.67930400 0.71727300
vt 0.69417500 0.71161600
vt 0.60654300 0.54925700
vt 0.60742700 0.34445500
vt 0.00077400 0.04111900
vt 0.24371400 0.58236200
vt 0.44261200 0.09701600
vt 0.49485600 0.63175200
vt 0.74466500 0.57128600
vt 0.59093500 0.29969800
vt 0.80725700 0.14146600
vt 0.75779300 0.67894700
vt 0.04227300 0.55182600
vt 0.05904400 0.61878900
vt 0.70144300 0.98875400
vt 0.07216000 0.59212300
vt 0.67280400 0.98944400
vt 0.11678600 0.37761400
vt 0.39145400 0.48091000
vt 0.45491500 0.14384500
vt 0.74620300 0.24838300
vt 0.74620300 0.23135700
vt 0.36581800 0.44562100
vt 0.42208400 0.78784800
vt 0.72503900 0.57311700
vt 0.23767600 0.93717800
vt 0.07496600 0.87399500
vt 0.85859700 0.75521900
vt 0.92160400 0.28520800
vt 0.62905700 0.14699100
vt 0.13470800 0.28789900
vt 0.21492800 0.14813500
vt 0.23802200 0.96894900
vt 0.90052600 0.37788900
vt 0.95717400 0.96251900
vt 0.03172700 0.96098000
vt 0.25777100 0.43983200
vt 0.57328400 0.38219500
vt 0.57328400 0.36883700
vt 0.57328400 0.35567200
vt 0.57328400 0.33866000
vt 0.90355700 0.37454000
vt 0.70944600 0.53831200
vt 0.60889200 0.24709500
vt 0.61015900 0.54668500
vt 0.15894300 0.69569300
vt 0.44448200 0.05053700
vt 0.11342400 0.67700700
vt 0.27453600 0.49477300
vt 0.92802400 0.26370300
vt 0.89537200 0.14815300
vt 0.02120400 0.47750200
vt 0.92490600 0.01455400
vt 0.86778300 0.27873000
vt 0.05168300 0.64340400
vt 0.89622800 0.15019000
vt 0.77529000 0.54202600
vt 0.04185200 0.84386100
vt 0.26290500 0.04117800
vt 0.96035800 0.39664100
vt 0.92741900 0.99258400
vt 0.00638600 0.42115300
vt 0.30787200 0.45989500
vt 0.43951000 0.81882000
vt 0.94550000 0.56162600
vt 0.38222000 0.93810900
vt 0.95049400 0.08142300
vt 0.11408400 0.20556700
vt 0.67269800 0.91461600
vt 0.10139600 0.31539500
vt 0.87296100 0.45207000
vt 0.68171200 0.61923600
vt 0.35750500 0.43832900
vt 0.45601600 0.47307800
vt 0.82770100 0.51266200
vt 0.68551600 0.47016300
vt 0.04949800 0.16676200
vt 0.86925400 0.98212400
vt 0.82014100 0.42180000
vt 0.49238500 0.45227700
vt 0.01483200 0.60367300
vt 0.49485600 0.59904800
vt 0.94986900 0.68674900
vt 0.90250200 0.04486400
vt 0.54650100 0.74736800
vt 0.21892600 0.44188100
vt 0.68959500 0.60390700
vt 0.60644900 0.56395600
vt 0.60758000 0.32990800
vt 0.27235700 0.11131000
vt 0.31496800 0.04519900
vt 0.81261500 0.43978700
vt 0.90405500 0.20186500
vt 0.16280200 0.13637800
vt 0.94351900 0.50858000
vt 0.82901800 0.91338100
vt 0.10824100 0.54231400
vt 0.55379700 0.43083000
vt 0.47411800 0.71344000
vt 0.78814200 0.01825600
vt 0.93721800 0.40239300
vt 0.67435400 0.22661200
vt 0.67435400 0.20345400
vt 0.54342200 0.51842500
vt 0.57464800 0.23206200
vt 0.46587700 0.71482900
vt 0.78679500 0.00003000
vt 0.00848400 0.54657800
vt 0.03076200 0.16947800
vt 0.09515100 0.27732900
vt 0.29814900 0.02938600
vt 0.79976200 0.88428000
vt 0.29357400 0.49355300
vt 0.00189900 0.93319200
vt 0.03155800 0.47701200
vt 0.56886700 0.48154900
vt 0.64729200 0.51244500
vt 0.14879800 0.40275400
vt 0.20512600 0.60911500
vt 0.15841800 0.42505800
vt 0.08025300 0.97098900
vt 0.76340500 0.36180000
vt 0.70125100 0.57128500
vt 0.95804600 0.94458700
vt 0.09179600 0.59644200
vt 0.80885100 0.02869900
vt 0.31005400 0.84257200
vt 0.95055400 0.14719000
vt 0.96534000 0.30667700
vt 0.28385100 0.55715700
vt 0.04918000 0.98541600
vt 0.92752400 0.94565300
vt 0.51273600 0.95773200
vt 0.80298300 0.62870400
vt 0.26576500 0.24006100
vt 0.97551200 0.75141500
vt 0.32764000 0.26225000
vt 0.31005400 0.96906800
vt 0.76561800 0.74451800
vt 0.11502700 0.65324900
vt 0.17096600 0.67381100
vt 0.67783200 0.48616100
vt 0.42826500 0.49319000
vt 0.15524500 0.67700700
vt 0.76324000 0.43454800
vt 0.21735900 0.39823700
vt 0.59014300 0.28720500
vt 0.75894300 0.15613700
vt 0.65633100 0.22669900
vt 0.06767800 0.57773900
vt 0.91357600 0.44596500
vt 0.15450100 0.39303300
vt 0.78742600 0.98845200
vt 0.07247000 0.67700700
vt 0.54856100 0.71918500
vt 0.32026300 0.64731300
vt 0.05685100 0.56066200
vt 0.79713000 0.70582700
vt 0.24096800 0.55003500
vt 0.02250500 0.49820500
vt 0.91665800 0.09746700
vt 0.01526400 0.84780700
vt 0.79982200 0.72951300
vt 0.31635700 0.39443400
vt 0.92343000 0.82249800
vt 0.71619000 0.38747300
vt 0.01683100 0.54197000
vt 0.00841200 0.66508200
vt 0.03798600 0.53605600
vt 0.39508700 0.56238900
vt 0.96300900 0.44866700
vt 0.39991600 0.30446800
vt 0.60234300 0.91955900
vt 0.50477700 0.84065100
vt 0.74551800 0.53759900
vt 0.86772300 0.35981000
vt 0.00530300 0.13124000
vt 0.46638200 0.66479700
vt 0.10096900 0.33895200
vt 0.94767500 0.62391200
vt 0.81514200 0.39102300
vt 0.46009700 0.45259600
vt 0.91368600 0.44790000
vt 0.22333600 0.58700500
vt 0.95658500 0.87906600
vt 0.11072400 0.26511300
vt 0.25025200 0.02448800
vt 0.72286700 0.02080800
vt 0.47502500 0.77951300
vt 0.42798800 0.37100900
vt 0.54996200 0.10608400
vt 0.54553000 0.27723700
vt 0.71457000 0.15608600
vt 0.28601800 0.52349100
vt 0.24363000 0.04010800
vt 0.32211600 0.04498600
vt 0.01868000 0.82812500
vt 0.02794400 0.84502200
vt 0.92114100 0.19203300
vt 0.14408600 0.51525000
vt 0.93925400 0.09738900
vt 0.19125000 0.60986800
vt 0.14518600 0.42993600
vt 0.50311000 0.66507600
vt 0.68270800 0.98946100
vt 0.07179200 0.57362600
vt 0.45126900 0.33536500
vt 0.94208800 0.07719600
vt 0.40787000 0.46152400
vt 0.11288400 0.14373900
vt 0.75894100 0.28737600
vt 0.06506000 0.64987700
vt 0.84247300 0.44723100
vt 0.40529900 0.45570200
vt 0.18115200 0.49113400
vt 0.29331000 0.60635500
vt 0.33526800 0.03620400
vt 0.01444700 0.37713100
vt 0.92850600 0.32139800
vt 0.00737900 0.52638900
vt 0.93010400 0.33037000
vt 0.10831900 0.60900000
vt 0.21620200 0.66513500
vt 0.87341400 0.04526400
vt 0.10782900 0.66160600
vt 0.25640100 0.49669100
vt 0.11255600 0.99998000
vt 0.00351800 0.68925500
vt 0.21541000 0.42819600
vt 0.67413100 0.57340500
vt 0.96516700 0.33240100
vt 0.11072400 0.26511300
vt 0.25025200 0.02448800
vt 0.54121800 0.66490300
vt 0.11758800 0.35334800
vt 0.54052800 0.69354500
vt 0.22082500 0.57648500
vt 0.69474400 0.48642500
vt 0.50477700 0.84065100
vt 0.43853600 0.61640800
vt 0.00144100 0.82055100
vt 0.79696700 0.68726000
vt 0.40633900 0.02717000
vt 0.50296800 0.69386800
vt 0.11250600 0.05940200
vt 0.89564700 0.09793600
vt 0.05927200 0.45401300
vt 0.84149500 0.96642100
vt 0.85619200 0.38814000
vt 0.59486300 0.52648400
vt 0.85191500 0.19361800
vt 0.00841200 0.66508200
vt 0.03798600 0.53605600
vt 0.85128700 0.31309300
vt 0.96225800 0.01290200
vt 0.50940100 0.37619500
vt 0.79982200 0.72951300
vt 0.54115800 0.29970000
vt 0.75780100 0.14084300
vt 0.50639800 0.98043900
vt 0.25101800 0.10357000
vt 0.57611500 0.75897000
vt 0.27077200 0.64762100
vt 0.71619000 0.37396200
vt 0.59421100 0.59478400
vt 0.80512800 0.12520400
vt 0.54856100 0.65010100
vt 0.65571900 0.21047000
vt 0.45468600 0.21561700
vt 0.63549200 0.37435700
vt 0.79713000 0.70582700
vt 0.24096800 0.55003500
vt 0.54956800 0.07360100
vt 0.05685100 0.56066200
vt 0.06767800 0.57773900
vt 0.91357600 0.44596500
vt 0.85318600 0.56483700
vt 0.80370600 0.20524800
vt 0.01421000 0.62544700
vt 0.49379800 0.81877400
vt 0.32861200 0.51341800
vt 0.58505800 0.73820700
vt 0.82614500 0.69158100
vt 0.15895900 0.69325500
vt 0.11392700 0.67527600
vt 0.95804600 0.94458700
vt 0.79625100 0.20492100
vt 0.10742500 0.81926300
vt 0.29220700 0.13249500
vt 0.82306600 0.96550600
vt 0.32107600 0.57300700
vt 0.00640600 0.38112200
vt 0.34677300 0.03569400
vt 0.97004800 0.97993300
vt 0.61752000 0.26090800
vt 0.61008000 0.56233600
vt 0.96580800 0.19200000
vt 0.69061300 0.54149100
vt 0.38749300 0.79658800
vt 0.37167700 0.40828300
vt 0.07488000 0.59232000
vt 0.85950800 0.35072200
vt 0.75738300 0.53746200
vt 0.29607900 0.58393300
vt 0.02113800 0.97318800
vt 0.54117900 0.67677500
vt 0.22054200 0.59304100
vt 0.02319900 0.51295700
vt 0.30704200 0.59448500
vt 0.39623000 0.46736700
vt 0.41014400 0.61630300
vt 0.05515700 0.04219100
vt 0.29814900 0.02938600
vt 0.04720300 0.96432500
vt 0.37214500 0.50463200
vt 0.96675300 0.50688000
vt 0.77837900 0.15613700
vt 0.60939100 0.28738900
vt 0.06466600 0.29000000
vt 0.11749100 0.33713000
vt 0.70730800 0.63120500
vt 0.45198200 0.01927400
vt 0.79047600 0.47775600
vt 0.23756100 0.87395900
vt 0.15756900 0.39088500
vt 0.07615800 0.67700500
vt 0.58937700 0.67679900
vt 0.60448300 0.21068000
vt 0.94351900 0.50858000
vt 0.73311700 0.68582900
vt 0.65695100 0.99479900
vt 0.35375200 0.06579200
vt 0.16280200 0.13637800
vt 0.16540800 0.87388000
vt 0.16817400 0.49589100
vt 0.30693500 0.60635500
vt 0.69600200 0.80204300
vt 0.45422500 0.07885800
vt 0.85664900 0.68998000
vt 0.82014100 0.42180000
vt 0.49238500 0.45227700
vt 0.22377100 0.23347100
vt 0.37931100 0.99002600
vt 0.16203700 0.40093900
vt 0.82770100 0.51266200
vt 0.09774300 0.80229700
vt 0.57722000 0.70161700
vt 0.45601600 0.47307800
vt 0.31683000 0.13423600
vt 0.55363800 0.62418000
vt 0.48097500 0.21433600
vt 0.23053700 0.60773700
vt 0.18483400 0.43166800
vt 0.69435900 0.51707000
vt 0.95214700 0.75197400
vt 0.30751500 0.58338400
vt 0.30000800 0.10141900
vt 0.07590400 0.81977900
vt 0.26290500 0.04117800
vt 0.96035800 0.39664100
vt 0.05168300 0.64340400
vt 0.17878100 0.27783000
vt 0.78655000 0.61722100
vt 0.96659500 0.21576400
vt 0.58997400 0.14742600
vt 0.88312600 0.29299300
vt 0.13567800 0.35656600
vt 0.76230100 0.74476100
vt 0.02804800 0.66476500
vt 0.37358900 0.60010900
vt 0.58482700 0.81773300
vt 0.48942300 0.15053400
vt 0.93215900 0.34280600
vt 0.64310700 0.54689100
vt 0.35025800 0.50736700
vt 0.85820400 0.14778900
vt 0.89192900 0.26195700
vt 0.22049700 0.10121200
vt 0.76751800 0.91415400
vt 0.46607800 0.66897500
vt 0.10124700 0.34374300
vt 0.96197500 0.04431300
vt 0.38057200 0.84230100
vt 0.16540800 0.84257200
vt 0.01764000 0.95723900
vt 0.36365300 0.58886300
vt 0.57019200 0.81980000
vt 0.84535900 0.42062500
vt 0.47123600 0.69415500
vt 0.80720600 0.01136900
vt 0.36877700 0.10940100
vt 0.65623800 0.95083600
vt 0.12057800 0.11305500
vt 0.91652500 0.62478200
vt 0.46440900 0.02915000
vt 0.22054400 0.18485800
vt 0.68285500 0.91440600
vt 0.16772200 0.56871800
vt 0.65810900 0.43605400
vt 0.48110000 0.54099300
vt 0.54865800 0.73246900
vt 0.30693700 0.64731300
vt 0.66017000 0.80754700
vt 0.35453200 0.25153500
vt 0.03121700 0.03935100
vt 0.27484700 0.59498200
vt 0.09752400 0.40437600
vt 0.50037500 0.06207400
vt 0.82708900 0.75645500
vt 0.10315200 0.26148000
vt 0.89576500 0.08151400
vt 0.23917400 0.55675200
vt 0.53201300 0.71353400
vt 0.05256600 0.61939700
vt 0.30245300 0.26161700
vt 0.46578200 0.77948800
vt 0.72292100 0.00018300
vt 0.44706300 0.36163700
vt 0.07976200 0.36277500
vt 0.03855000 0.08201500
vt 0.04227300 0.55182600
vt 0.05204800 0.71756800
vt 0.13505700 0.31265600
vt 0.76117800 0.78910900
vt 0.00005500 0.75229100
vt 0.79694800 0.61684000
vt 0.67820800 0.54082800
vt 0.96664600 0.20490000
vt 0.80055300 0.77080100
vt 0.24274000 0.56638000
vt 0.95693200 0.17142000
vt 0.71354900 0.54183100
vt 0.22244500 0.46471800
vt 0.71288800 0.60380900
vt 0.59174500 0.48106900
vt 0.72279500 0.98842200
vt 0.07231400 0.61320300
vt 0.07608500 0.61250900
vt 0.43720900 0.05360300
vt 0.10604600 0.67485900
vt 0.87829600 0.05934200
vt 0.09303400 0.67699700
vt 0.17174300 0.38125300
vt 0.78741500 0.97920800
vt 0.18434500 0.20801600
vt 0.22138100 0.73872900
vt 0.75733700 0.79128200
vt 0.12709900 0.19728500
vt 0.59042900 0.83984600
vt 0.92767600 0.98108500
vt 0.92788000 0.12646100
vt 0.84584700 0.98001900
vt 0.76877600 0.07848800
vt 0.41526400 0.16345300
vt 0.85289600 0.21841300
vt 0.55699300 0.45044600
vt 0.24108200 0.11144900
vt 0.75712600 0.92339600
vt 0.69325700 0.18924300
vt 0.51868900 0.21281000
vt 0.58846700 0.60900500
vt 0.34727600 0.73529200
vt 0.36791600 0.38729500
vt 0.80066700 0.80513200
vt 0.09090900 0.34376400
vt 0.80401900 0.22991700
vt 0.08472100 0.29562300
vt 0.03585900 0.15076400
vt 0.74539700 0.51658700
vt 0.69758600 0.35891100
vt 0.02583000 0.39424300
vt 0.00617700 0.84854000
vt 0.59859400 0.36886600
vt 0.59108400 0.33907500
vt 0.00624700 0.95628200
vt 0.03194800 0.49848000
vt 0.01727400 0.42061300
vt 0.01554300 0.39584900
vt 0.13317200 0.40723900
vt 0.21381300 0.02937000
vt 0.50411400 0.49145900
vt 0.04191600 0.87420200
vt 0.00514700 0.39569000
vt 0.95466100 0.98555600
vt 0.71619000 0.33168400
vt 0.69758600 0.38747300
vt 0.55850900 0.64797600
vt 0.13725300 0.31118300
vt 0.21583500 0.12540800
vt 0.82680600 0.82587100
vt 0.96882700 0.55996700
vt 0.35666800 0.45200600
vt 0.01186800 0.87517700
vt 0.54342200 0.56135300
vt 0.53247300 0.23788900
vt 0.10475100 0.03780400
vt 0.71162300 0.63064100
vt 0.61745000 0.14712200
vt 0.90818200 0.28258400
vt 0.44099600 0.51833000
vt 0.69325700 0.20529400
vt 0.68994400 0.98736400
vt 0.07573800 0.58077000
vt 0.61294700 0.48091600
vt 0.68228900 0.92125000
vt 0.82691000 0.88359200
vt 0.48852000 0.47185300
vt 0.87356500 0.45016300
vt 0.06622400 0.61845700
vt 0.94190200 0.04481800
vt 0.30245300 0.26161700
vt 0.77568300 0.66045900
vt 0.97425800 0.97222600
vt 0.34843700 0.04367000
vt 0.01048900 0.47848500
vt 0.86962000 0.99485300
vt 0.24342700 0.37191800
vt 0.91294200 0.50970300
vt 0.46437400 0.06478000
vt 0.00527800 0.26824200
vt 0.46659800 0.01362800
vt 0.05304200 0.66997800
vt 0.88690800 0.33103600
vt 0.89072000 0.32985000
vt 0.53956700 0.14864100
vt 0.88286900 0.34247000
vt 0.30938100 0.81909100
vt 0.27964200 0.33160200
vt 0.44071700 0.63175200
vt 0.56366400 0.75399800
vt 0.28218000 0.64731300
vt 0.01311200 0.75352200
vt 0.03519700 0.08144500
vt 0.32375100 0.10383900
vt 0.91660500 0.12660800
vt 0.10760300 0.65021300
vt 0.86515500 0.03714200
vt 0.77499000 0.67950800
vt 0.75539500 0.08831600
vt 0.63515400 0.30506900
vt 0.05001900 0.54224900
vt 0.50321300 0.66940000
vt 0.46627000 0.64862200
vt 0.06396400 0.36541600
vt 0.10117300 0.31954300
vt 0.82517900 0.62897000
vt 0.00026400 0.22029800
vt 0.75738300 0.47085000
vt 0.33197900 0.06987100
vt 0.31005400 0.93839200
vt 0.92794400 0.14719000
vt 0.95630000 0.28636200
vt 0.41274600 0.04077600
vt 0.01522300 0.81948800
vt 0.05773200 0.32999200
vt 0.50260600 0.64833500
vt 0.85102800 0.14897200
vt 0.90229400 0.01379400
vt 0.54662900 0.71645800
vt 0.88489500 0.26173400
vt 0.40239200 0.07154900
vt 0.92780400 0.96439300
vt 0.90727500 0.33846000
vt 0.00624300 0.82018000
vt 0.40857100 0.03191100
vt 0.18159100 0.51566300
vt 0.77529700 0.60414600
vt 0.36804000 0.14543900
vt 0.09037400 0.29941900
vt 0.65652600 0.91450400
vt 0.67730100 0.95144300
vt 0.23756100 0.84257200
vt 0.30925200 0.99139400
vt 0.22046200 0.30384900
vt 0.85472800 0.51210800
vt 0.41247800 0.51803700
vt 0.05565400 0.14043300
vt 0.53972500 0.63112800
vt 0.46484200 0.26051000
vt 0.39229300 0.39133900
vt 0.30583800 0.57173500
vt 0.41382500 0.79597100
vt 0.36445300 0.43427800
vt 0.98089600 0.90886900
vt 0.34784900 0.10619200
vt 0.07909200 0.31901400
vt 0.03786500 0.12685400
vt 0.67378400 0.99478400
vt 0.73362000 0.66838600
vt 0.74890500 0.33331700
vt 0.42347000 0.14517400
vt 0.55736400 0.48192600
vt 0.48816500 0.38171300
vt 0.63544700 0.33359600
vt 0.08918900 0.04453100
vt 0.65621900 0.28737900
vt 0.43633700 0.43169800
vt 0.23322500 0.49160200
vt 0.19432300 0.12124600
vt 0.46498200 0.15159200
vt 0.94275300 0.31812400
vt 0.73486400 0.51700100
vt 0.28286600 0.01234700
vt 0.59553000 0.97153900
vt 0.92942600 0.31040700
vt 0.01451000 0.51868300
vt 0.87622300 0.08118700
vt 0.08745600 0.27269300
vt 0.07738200 0.93729300
vt 0.80490400 0.56522100
vt 0.27867600 0.17505100
vt 0.13136100 0.40249600
vt 0.75875000 0.69787600
vt 0.27892400 0.55975300
vt 0.22496100 0.51212300
vt 0.16156400 0.02380700
vt 0.45115700 0.49245100
vt 0.82998000 0.97713300
vt 0.31935000 0.58514500
vt 0.80284000 0.91402300
vt 0.30521800 0.52229000
vt 0.88810500 0.33891400
vt 0.04698800 0.66406800
vt 0.79604600 0.15613800
vt 0.62672100 0.28516400
vt 0.47301600 0.67438900
vt 0.54116300 0.43083000
vt 0.11371100 0.55433400
vt 0.75732800 0.51644800
vt 0.45338700 0.93347200
vt 0.00031900 0.68983000
vt 0.21264500 0.42987000
vt 0.67672500 0.60363600
vt 0.11495700 0.11075600
vt 0.73354600 0.70412100
vt 0.38686600 0.58619100
vt 0.01545700 0.67700700
vt 0.04471200 0.52459300
vt 0.18237100 0.70372600
vt 0.44733900 0.07429100
vt 0.51471100 0.86967500
vt 0.67848300 0.43605400
vt 0.16933900 0.58913700
vt 0.71451100 0.22898500
vt 0.64228200 0.58443500
vt 0.81165700 0.18822200
vt 0.49485600 0.58045000
vt 0.33285300 0.19316400
vt 0.97794600 0.82111800
vt 0.51623600 0.92751300
vt 0.59353600 0.83977500
vt 0.03283500 0.64174000
vt 0.80128000 0.78995800
vt 0.24158700 0.52099300
vt 0.53080000 0.74975800
vt 0.05314500 0.69967800
vt 0.22407600 0.37589600
vt 0.94931800 0.37141900
vt 0.25276900 0.06563100
vt 0.80395900 0.21815300
vt 0.11401800 0.41555300
vt 0.50902600 0.47158200
vt 0.87617900 0.09775900
vt 0.47707900 0.69406300
vt 0.54019700 0.71489900
vt 0.22097500 0.55540400
vt 0.03390900 0.97939700
vt 0.29072600 0.57169900
vt 0.78468300 0.68675500
vt 0.40183700 0.03892600
vt 0.25674400 0.17039100
vt 0.85155300 0.30539100
vt 0.95443200 0.01391900
vt 0.74318500 0.79552500
vt 0.48816500 0.39775200
vt 0.87521600 0.30437100
vt 0.57823100 0.14755200
vt 0.31743500 0.75462000
vt 0.14819800 0.12139900
vt 0.00002000 0.87583900
vt 0.02784000 0.41965300
vt 0.23776900 0.81909100
vt 0.27685400 0.26100100
vt 0.33526800 0.03620400
vt 0.01444700 0.37713100
vt 0.10583800 0.38245200
vt 0.05732700 0.47928700
vt 0.11197100 0.27486800
vt 0.29348200 0.11810600
vt 0.80751900 0.50994600
vt 0.73364900 0.20258800
vt 0.39045900 0.25550600
vt 0.67273300 0.09437800
vt 0.68526200 0.51692800
vt 0.54897900 0.01430700
vt 0.01867000 0.34828500
vt 0.11972000 0.50265500
vt 0.70991900 0.51731200
vt 0.01303400 0.80396400
vt 0.86319100 0.91218700
vt 0.95041300 0.12646100
vt 0.04433200 0.93562700
vt 0.44207900 0.15189500
vt 0.33519400 0.04555400
vt 0.87562900 0.14803300
vt 0.90906200 0.26184000
vt 0.82539900 0.56634200
vt 0.98068500 0.94423900
vt 0.35272400 0.07118500
vt 0.20612300 0.41944500
vt 0.15965100 0.05707200
vt 0.72142900 0.98024000
vt 0.09051300 0.61185500
vt 0.76457400 0.78675200
vt 0.02345600 0.63337300
vt 0.02886300 0.82334900
vt 0.31704000 0.05504100
vt 0.76946900 0.51644800
vt 0.35930000 0.65226700
vt 0.09203400 0.46833400
vt 0.65811700 0.37371200
vt 0.23344000 0.06557100
vt 0.31196700 0.06848900
vt 0.04250300 0.82123100
vt 0.80693800 0.00307600
vt 0.78063000 0.51644800
vt 0.93488500 0.18411500
vt 0.30109500 0.55634800
vt 0.80102700 0.82682000
vt 0.27647900 0.43772000
vt 0.02825500 0.04125200
vt 0.27194900 0.59345900
vt 0.74254200 0.00005500
vt 0.46591900 0.75962900
vt 0.25852200 0.71606900
vt 0.46829600 0.21492500
vt 0.54864500 0.63666200
vt 0.38210500 0.87378300
vt 0.83664500 0.39067300
vt 0.03269200 0.14766900
vt 0.40696700 0.32517600
vt 0.16725400 0.97112000
vt 0.01077900 0.83298300
vt 0.32334700 0.03632300
vt 0.02311300 0.37995400
vt 0.31005400 0.87419600
vt 0.92544300 0.88015100
vt 0.71324400 0.57370000
vt 0.39323600 0.47631100
vt 0.25954000 0.30437400
vt 0.80319200 0.69212000
vt 0.54381700 0.64558800
vt 0.45115700 0.26991900
vt 0.18293600 0.69941100
vt 0.80298300 0.62870400
vt 0.26576500 0.24006100
vt 0.64302200 0.14698700
vt 0.93289900 0.29311800
vt 0.38411600 0.58397200
vt 0.92100300 0.75301100
vt 0.15924300 0.69072500
vt 0.11438400 0.67329400
vt 0.00002000 0.77732700
vt 0.79707400 0.64266500
vt 0.44107800 0.44609400
vt 0.90916500 0.07720000
vt 0.86034700 0.82469800
vt 0.77522300 0.57222600
vt 0.76260500 0.03412100
vt 0.01049400 0.64420800
vt 0.59287000 0.92067900
vt 0.35379500 0.68810400
vt 0.13293400 0.29137200
vt 0.76400000 0.81040500
vt 0.01333100 0.56621400
vt 0.08255900 0.29223500
vt 0.94310400 0.41850800
vt 0.27568800 0.02450500
vt 0.58289900 0.97430900
vt 0.03108200 0.56268500
vt 0.60477500 0.91955400
vt 0.85209800 0.08120100
vt 0.54657400 0.64904800
vt 0.06702000 0.28476200
vt 0.44413800 0.43539500
vt 0.22482000 0.49159800
vt 0.54354000 0.51295700
vt 0.11345400 0.49285800
vt 0.60754800 0.43032800
vt 0.34310200 0.64762400
vt 0.56289300 0.69737800
vt 0.61584200 0.63572700
vt 0.55479200 0.21165300
vt 0.29511700 0.03894100
vt 0.10779800 0.36411500
vt 0.35682000 0.07066400
vt 0.43127400 0.15754400
vt 0.92790800 0.09738900
vt 0.97320700 0.68541600
vt 0.33162900 0.32766600
vt 0.00605000 0.19759600
vt 0.73504800 0.47082000
vt 0.73494600 0.48708000
vt 0.73345100 0.30273400
vt 0.65910400 0.10827400
vt 0.91872200 0.68768400
vt 0.27235700 0.11131000
vt 0.10679100 0.84268700
vt 0.23920800 0.30428500
vt 0.16104400 0.11303200
vt 0.15894300 0.07930200
vt 0.69490100 0.47031000
vt 0.04074400 0.16993200
vt 0.02765400 0.16555100
vt 0.04100700 0.47560900
vt 0.09648800 0.28125900
vt 0.83882600 0.03652500
vt 0.09685900 0.62554000
vt 0.90768600 0.30902300
vt 0.29997000 0.02649200
vt 0.67435400 0.18701800
vt 0.91361500 0.45516400
vt 0.76340500 0.37433600
vt 0.59107400 0.38208600
vt 0.19633200 0.16225000
vt 0.22597000 0.03924600
vt 0.05804400 0.64629900
vt 0.36167100 0.46004300
vt 0.70115300 0.60723000
vt 0.80338300 0.15614000
vt 0.63367400 0.28074600
vt 0.00002000 0.14665200
vt 0.03590600 0.50859500
vt 0.92794400 0.08142300
vt 0.11638800 0.22764800
vt 0.48816500 0.33486000
vt 0.49835800 0.03060200
vt 0.38506000 0.23274500
vt 0.74631900 0.31071600
vt 0.64702000 0.11835000
vt 0.92648500 0.90997700
vt 0.33222300 0.45489300
vt 0.59852300 0.38176000
vt 0.72463300 0.60393400
vt 0.21984200 0.47685000
vt 0.56944000 0.64564000
vt 0.30584900 0.32960900
vt 0.60325100 0.94866700
vt 0.02519500 0.53659400
vt 0.09820200 0.75950800
vt 0.86609400 0.94779800
vt 0.92665400 0.37553600
vt 0.52796200 0.14897100
vt 0.89410800 0.35029200
vt 0.63548400 0.36188400
vt 0.38548700 0.38671200
vt 0.07714000 0.36425900
vt 0.87529600 0.43466600
vt 0.87008600 0.45906800
vt 0.60622500 0.59443600
vt 0.60791900 0.29974100
vt 0.81736600 0.12878100
vt 0.02854100 0.93479000
vt 0.71451100 0.21081700
vt 0.47279500 0.66941100
vt 0.69403200 0.09736600
vt 0.69753700 0.30456700
vt 0.65812000 0.38747300
vt 0.73355600 0.37431100
vt 0.19103400 0.07957000
vt 0.59088700 0.95065300
vt 0.77054300 0.14366100
vt 0.55379500 0.29969900
vt 0.19667100 0.41147500
vt 0.65633100 0.25168000
vt 0.14318200 0.12081500
vt 0.03339600 0.61413600
vt 0.59851900 0.86788400
vt 0.70176500 0.95119800
vt 0.00971700 0.25391400
vt 0.45281800 0.01256500
vt 0.79303700 0.47094700
vt 0.86188300 0.88237000
vt 0.73355600 0.33113600
vt 0.31866500 0.55637100
vt 0.81567400 0.94893800
vt 0.05366900 0.46291100
vt 0.66918900 0.01655600
vt 0.33391200 0.05524200
vt 0.41046800 0.59897200
vt 0.05264800 0.05988300
vt 0.67303600 0.66446700
vt 0.35799100 0.39346200
vt 0.33391200 0.05524200
vt 0.31866500 0.55637100
vt 0.81567400 0.94893800
vt 0.86188300 0.88237000
vt 0.19838700 0.40542200
vt 0.03339600 0.61413600
vt 0.59851900 0.86788400
vt 0.91652500 0.62478200
vt 0.59088700 0.95065300
vt 0.90824100 0.32987000
vt 0.90916200 0.31996500
vt 0.02854100 0.93479000
vt 0.48817000 0.29968600
vt 0.70467500 0.13333200
vt 0.00283700 0.20830800
vt 0.74551700 0.47084200
vt 0.87008600 0.45906800
vt 0.07714000 0.36425900
vt 0.87529600 0.43466600
vt 0.92665400 0.37553600
vt 0.86609400 0.94779800
vt 0.00890500 0.25634600
vt 0.45514800 0.01232100
vt 0.60325100 0.94866700
vt 0.02519500 0.53659400
vt 0.30584900 0.32960900
vt 0.95762600 0.90888900
vt 0.50946000 0.43088100
vt 0.12754100 0.58448100
vt 0.45135500 0.11113800
vt 0.96614300 0.04419500
vt 0.09859600 0.72702200
vt 0.01928100 0.65407600
vt 0.33222300 0.45489300
vt 0.24125000 0.08153600
vt 0.16452100 0.32562900
vt 0.78740000 0.92325900
vt 0.74512800 0.00443600
vt 0.18302500 0.25691700
vt 0.54180000 0.64852500
vt 0.06700000 0.28953400
vt 0.11986200 0.33717700
vt 0.51236900 0.49316700
vt 0.64142100 0.52724900
vt 0.05804400 0.64629900
vt 0.19633200 0.16225000
vt 0.22597000 0.03924600
vt 0.46909100 0.61640800
vt 0.90768600 0.30902300
vt 0.29997000 0.02649200
vt 0.86886000 0.22215100
vt 0.24238800 0.60741600
vt 0.19399800 0.44225300
vt 0.02765400 0.16555100
vt 0.04100700 0.47560900
vt 0.09648800 0.28125900
vt 0.89166900 0.26056100
vt 0.61264100 0.45026300
vt 0.10679100 0.84268700
vt 0.11824300 0.42301100
vt 0.61330100 0.51279500
vt 0.91872200 0.68768400
vt 0.97320700 0.68541600
vt 0.33162900 0.32766600
vt 0.54022600 0.77953800
vt 0.44751400 0.43711500
vt 0.22113300 0.49159600
vt 0.45126900 0.36032600
vt 0.67117400 0.03166600
vt 0.38528600 0.45119000
vt 0.90911300 0.04486400
vt 0.92524200 0.07720000
vt 0.42486100 0.45265800
vt 0.29511700 0.03894100
vt 0.72272400 0.91411200
vt 0.22047200 0.14546500
vt 0.16622600 0.54605900
vt 0.63554100 0.43605400
vt 0.46927700 0.38355300
vt 0.47964300 0.71338900
vt 0.03108200 0.56268500
vt 0.60477500 0.91955400
vt 0.37264300 0.37868800
vt 0.35751400 0.80441400
vt 0.08255900 0.29223500
vt 0.94310400 0.41850800
vt 0.46919100 0.64624800
vt 0.01333100 0.56621400
vt 0.59287000 0.92067900
vt 0.01049400 0.64420800
vt 0.10072100 0.29921100
vt 0.35765100 0.14597600
vt 0.86034700 0.82469800
vt 0.83689300 0.94881800
vt 0.92100300 0.75301100
vt 0.38411600 0.58397200
vt 0.91113300 0.40673600
vt 0.71451100 0.25055600
vt 0.07490300 0.84303000
vt 0.54343500 0.44983200
vt 0.85102800 0.20477100
vt 0.60596600 0.52548900
vt 0.60766700 0.36796200
vt 0.25954000 0.30437400
vt 0.80319200 0.69212000
vt 0.13317800 0.64269000
vt 0.45117100 0.43092000
vt 0.05976900 0.58271900
vt 0.92544300 0.88015100
vt 0.31005400 0.87419600
vt 0.01077900 0.83298300
vt 0.32334700 0.03632300
vt 0.02311300 0.37995400
vt 0.72133500 0.92235100
vt 0.23869700 0.14681200
vt 0.16725400 0.97112000
vt 0.83664500 0.39067300
vt 0.38210500 0.87378300
vt 0.76340500 0.33556800
vt 0.02560200 0.34248800
vt 0.75840500 0.65765700
vt 0.00002000 0.53287900
vt 0.92699200 0.33956400
vt 0.00643500 0.05270700
vt 0.96433400 0.11175600
vt 0.81216400 0.25712100
vt 0.71113000 0.80136500
vt 0.75526000 0.99472600
vt 0.65340900 0.47982400
vt 0.75889500 0.24838300
vt 0.75889500 0.20481200
vt 0.75889500 0.23135700
vt 0.80102700 0.82682000
vt 0.27647900 0.43772000
vt 0.54945500 0.06044500
vt 0.91067700 0.26175600
vt 0.62994100 0.44979300
vt 0.11125700 0.27076400
vt 0.30109500 0.55634800
vt 0.05310200 0.29146100
vt 0.10585800 0.33697000
vt 0.54182600 0.64831500
vt 0.00002000 0.23223000
vt 0.76952200 0.47078600
vt 0.31196700 0.06848900
vt 0.04250300 0.82123100
vt 0.26874100 0.02630100
vt 0.09333100 0.27239900
vt 0.96560900 0.41204200
vt 0.86135700 0.22648400
vt 0.93956800 0.44626600
vt 0.02886300 0.82334900
vt 0.31704000 0.05504100
vt 0.41216200 0.49320400
vt 0.05653800 0.16515400
vt 0.67810800 0.46972500
vt 0.02345600 0.63337300
vt 0.67713400 0.53173900
vt 0.47292100 0.49318700
vt 0.60089800 0.61388100
vt 0.52998200 0.21235300
vt 0.15965100 0.05707200
vt 0.18222700 0.65137400
vt 0.60085300 0.69646100
vt 0.38130300 0.64866000
vt 0.86852400 0.41740300
vt 0.58346000 0.56547300
vt 0.98068500 0.94423900
vt 0.35272400 0.07118500
vt 0.65633100 0.18924300
vt 0.94060700 0.45358500
vt 0.33519400 0.04555400
vt 0.74545000 0.48721100
vt 0.87890600 0.21636200
vt 0.10428000 0.01415600
vt 0.36241200 0.46169200
vt 0.70359000 0.60721500
vt 0.04433200 0.93562700
vt 0.77844600 0.20481200
vt 0.77844600 0.21818100
vt 0.77844600 0.23135700
vt 0.77844600 0.24838300
vt 0.85866700 0.08086400
vt 0.07245100 0.28126200
vt 0.56473600 0.28054200
vt 0.73374200 0.15612400
vt 0.31311700 0.05402600
vt 0.81095700 0.44804000
vt 0.43687400 0.09651200
vt 0.03034300 0.51014500
vt 0.01122900 0.96897000
vt 0.29740800 0.59498200
vt 0.85553100 0.18296300
vt 0.58403800 0.52647400
vt 0.45119100 0.96362300
vt 0.10414500 0.46886200
vt 0.56884300 0.51276900
vt 0.02653000 0.17760200
vt 0.71050200 0.47055300
vt 0.29348200 0.11810600
vt 0.80751900 0.50994600
vt 0.60377700 0.14727500
vt 0.89467600 0.28519600
vt 0.00813300 0.07108100
vt 0.23776900 0.81909100
vt 0.27685400 0.26100100
vt 0.00002000 0.87583900
vt 0.02784000 0.41965300
vt 0.54106700 0.33866000
vt 0.54106700 0.38219500
vt 0.54106700 0.35567200
vt 0.54106700 0.36883700
vt 0.47258800 0.66515400
vt 0.41882200 0.39918800
vt 0.50281900 0.77952400
vt 0.56346000 0.67216100
vt 0.62921200 0.21040800
vt 0.25674400 0.17039100
vt 0.03390900 0.97939700
vt 0.29072600 0.57169900
vt 0.05952600 0.67700700
vt 0.31696700 0.04225800
vt 0.88690800 0.32053100
vt 0.81540300 0.43826800
vt 0.11193000 0.01654200
vt 0.36954300 0.45823900
vt 0.42657100 0.77376800
vt 0.79611100 0.28737600
vt 0.11836500 0.18007300
vt 0.74890500 0.38747300
vt 0.96430400 0.12638300
vt 0.81194700 0.24256400
vt 0.26901400 0.67140300
vt 0.26335700 0.68627600
vt 0.67431000 0.15603500
vt 0.50575000 0.27818300
vt 0.41247800 0.54089000
vt 0.05416000 0.11777900
vt 0.70489200 0.71083400
vt 0.19457400 0.14458500
vt 0.68981300 0.92266200
vt 0.67382300 0.53354400
vt 0.94056600 0.36500100
vt 0.80128000 0.78995800
vt 0.54872900 0.59384600
vt 0.78014400 0.08588500
vt 0.61008000 0.30438000
vt 0.68951900 0.95137000
vt 0.55019400 0.12230300
vt 0.37425800 0.38055500
vt 0.43963300 0.07260900
vt 0.00890100 0.29907400
vt 0.49811300 0.01405300
vt 0.51623600 0.92751300
vt 0.33285300 0.19316400
vt 0.97794600 0.82111800
vt 0.67510700 0.58472900
vt 0.96458700 0.14797600
vt 0.81205200 0.22107000
vt 0.96675000 0.32098300
vt 0.94499100 0.17829300
vt 0.52852300 0.35626400
vt 0.31694700 0.77872300
vt 0.31733200 0.77034700
vt 0.31749100 0.76099100
vt 0.00379200 0.24276600
vt 0.78081200 0.47059400
vt 0.51471100 0.86967500
vt 0.87984500 0.15483500
vt 0.55025100 0.52502900
vt 0.61012500 0.37224900
vt 0.79254300 0.54068400
vt 0.00308900 0.72021100
vt 0.38686600 0.58619100
vt 0.01545700 0.67700700
vt 0.04471200 0.52459300
vt 0.45338700 0.93347200
vt 0.65633100 0.20516800
vt 0.88810500 0.33891400
vt 0.04698800 0.66406800
vt 0.82998000 0.97713300
vt 0.31935000 0.58514500
vt 0.52852300 0.33811700
vt 0.80490400 0.56522100
vt 0.27867600 0.17505100
vt 0.41319700 0.63162200
vt 0.05919100 0.02629700
vt 0.79625600 0.21817400
vt 0.00310000 0.81166300
vt 0.19432300 0.12124600
vt 0.48181400 0.63175200
vt 0.46532600 0.14262300
vt 0.38234400 0.47032300
vt 0.37868700 0.42953300
vt 0.60230300 0.23399200
vt 0.61025500 0.53307900
vt 0.18494600 0.68532200
vt 0.19149300 0.05691500
vt 0.41607000 0.64608200
vt 0.06441800 0.01109600
vt 0.84980100 0.06133800
vt 0.16806100 0.62744000
vt 0.71610400 0.43605400
vt 0.46927700 0.33431700
vt 0.07909200 0.31901400
vt 0.03786500 0.12685400
vt 0.95457200 0.82142000
vt 0.84952000 0.05655000
vt 0.59869500 0.34032100
vt 0.98089600 0.90886900
vt 0.34784900 0.10619200
vt 0.30583800 0.57173500
vt 0.75588300 0.95100500
vt 0.06496400 0.55269600
vt 0.93822000 0.44436400
vt 0.85472800 0.51210800
vt 0.44099600 0.56139100
vt 0.48088500 0.56139100
vt 0.49485600 0.56139100
vt 0.46583800 0.56139100
vt 0.63550600 0.38747300
vt 0.30925200 0.99139400
vt 0.22046200 0.30384900
vt 0.23756100 0.84257200
vt 0.12816600 0.46551600
vt 0.35763600 0.60704500
vt 0.58042600 0.84080500
vt 0.90727500 0.33846000
vt 0.50321300 0.67434000
vt 0.71451100 0.19591500
vt 0.22451600 0.14644000
vt 0.15167100 0.19604000
vt 0.48075600 0.74797400
vt 0.03470000 0.12477100
vt 0.39750800 0.78292000
vt 0.97872700 0.96082700
vt 0.35147200 0.05483100
vt 0.87995300 0.26692100
vt 0.90893000 0.01454300
vt 0.92849500 0.37258200
vt 0.68484500 0.53792500
vt 0.31005400 0.93839200
vt 0.10691500 0.67094200
vt 0.87766800 0.05438200
vt 0.10643200 0.67303400
vt 0.87799700 0.05703700
vt 0.33197900 0.06987100
vt 0.82517900 0.62897000
vt 0.42393600 0.37699500
vt 0.48093000 0.77951100
vt 0.10798700 0.93773200
vt 0.05001900 0.54224900
vt 0.12614800 0.27556600
vt 0.76709500 0.82567700
vt 0.70222600 0.91409800
vt 0.22046200 0.16571600
vt 0.59108200 0.35603100
vt 0.86773400 0.96623900
vt 0.54008000 0.76066700
vt 0.22100400 0.51022400
vt 0.32375100 0.10383900
vt 0.69752700 0.43605400
vt 0.16985800 0.60836300
vt 0.25626400 0.60704100
vt 0.19864100 0.45550300
vt 0.72586600 0.13421000
vt 0.50945500 0.29969100
vt 0.30938100 0.81909100
vt 0.27964200 0.33160200
vt 0.36879900 0.45677100
vt 0.42666800 0.77607400
vt 0.04968100 0.75639400
vt 0.36802800 0.45476200
vt 0.42633900 0.77872900
vt 0.91294200 0.50970300
vt 0.24342700 0.37191800
vt 0.01048900 0.47848500
vt 0.86962000 0.99485300
vt 0.21533500 0.06694700
vt 0.16691000 0.15556800
vt 0.97425800 0.97222600
vt 0.34843700 0.04367000
vt 0.45425300 0.05842800
vt 0.84884000 0.05019100
vt 0.59482700 0.56546300
vt 0.75586600 0.92898900
vt 0.42248300 0.23977800
vt 0.68224000 0.95144300
vt 0.76705700 0.80718700
vt 0.19348200 0.02478900
vt 0.48353400 0.49023100
vt 0.87356500 0.45016300
vt 0.06622400 0.61845700
vt 0.84751700 0.43878400
vt 0.08415400 0.38989500
vt 0.85168100 0.11174300
vt 0.54654500 0.67942600
vt 0.51249100 0.45368700
vt 0.82561900 0.44118600
vt 0.09632600 0.40966300
vt 0.50277500 0.74799200
vt 0.76199900 0.69999900
vt 0.27567700 0.55918500
vt 0.73373600 0.28737600
vt 0.10120200 0.12022100
vt 0.61630200 0.73173500
vt 0.22079000 0.64928300
vt 0.11043600 0.97274500
vt 0.60209100 0.54874700
vt 0.01186800 0.87517700
vt 0.96882700 0.55996700
vt 0.35666800 0.45200600
vt 0.73544700 0.57287500
vt 0.11363200 0.40991500
vt 0.27726400 0.57859700
vt 0.63058600 0.12381300
vt 0.76324000 0.31478400
vt 0.82680600 0.82587100
vt 0.13725300 0.31118300
vt 0.21583500 0.12540800
vt 0.11015700 0.59789500
vt 0.22706000 0.66582000
vt 0.22466700 0.17748800
vt 0.69031300 0.91647400
vt 0.69322100 0.63321400
vt 0.22084400 0.37596700
vt 0.43934500 0.24751600
vt 0.90588600 0.14774200
vt 0.93981600 0.26963900
vt 0.26996700 0.60667000
vt 0.19760700 0.46937800
vt 0.95041500 0.09738900
vt 0.71033200 0.48666800
vt 0.00514700 0.39569000
vt 0.95466100 0.98555600
vt 0.45433700 0.02145100
vt 0.04191600 0.87420200
vt 0.13317200 0.40723900
vt 0.21381300 0.02937000
vt 0.50411400 0.49145900
vt 0.37977100 0.57467000
vt 0.01727400 0.42061300
vt 0.01554300 0.39584900
vt 0.00624700 0.95628200
vt 0.03194800 0.49848000
vt 0.21212200 0.05865800
vt 0.13634100 0.37831700
vt 0.76447000 0.72642200
vt 0.59108000 0.36884400
vt 0.14193400 0.48908600
vt 0.33218000 0.60635500
vt 0.73364900 0.24892600
vt 0.02583000 0.39424300
vt 0.00617700 0.84854000
vt 0.80066700 0.80513200
vt 0.09090900 0.34376400
vt 0.10344900 0.29949100
vt 0.65659800 0.91370500
vt 0.35491100 0.14623300
vt 0.15525800 0.39911200
vt 0.65425300 0.51186200
vt 0.78691900 0.99456100
vt 0.73290400 0.09156800
vt 0.65801400 0.30506900
vt 0.45126900 0.38184000
vt 0.87262800 0.31772500
vt 0.56667700 0.14787500
vt 0.49485600 0.61640800
vt 0.67420200 0.52708000
vt 0.67672500 0.53859000
vt 0.93594500 0.37003700
vt 0.47963700 0.49301600
vt 0.76447000 0.72642200
vt 0.21212200 0.05865800
vt 0.13634100 0.37831700
vt 0.84584700 0.98001900
vt 0.37977100 0.57467000
vt 0.92767600 0.98108500
vt 0.02212200 0.56457300
vt 0.59042900 0.83984600
vt 0.50314000 0.68162000
vt 0.96269900 0.29581500
vt 0.93930100 0.14719100
vt 0.68097300 0.64304700
vt 0.11363200 0.40991500
vt 0.27726400 0.57859700
vt 0.64293600 0.21040800
vt 0.55391700 0.66256300
vt 0.59514700 0.64014800
vt 0.47442900 0.68191300
vt 0.17944900 0.61050700
vt 0.13465500 0.43922700
vt 0.38296400 0.60773300
vt 0.24274000 0.56638000
vt 0.76199900 0.69999900
vt 0.27567700 0.55918500
vt 0.51249100 0.45368700
vt 0.82561900 0.44118600
vt 0.09632600 0.40966300
vt 0.13505700 0.31265600
vt 0.76117800 0.78910900
vt 0.84751700 0.43878400
vt 0.08415400 0.38989500
vt 0.07976200 0.36277500
vt 0.03855000 0.08201500
vt 0.49485600 0.64624800
vt 0.15440500 0.49502800
vt 0.32056200 0.60635500
vt 0.23328800 0.51659300
vt 0.21023500 0.42631900
vt 0.72286400 0.00439700
vt 0.44322700 0.36365400
vt 0.19348200 0.02478900
vt 0.48353400 0.49023100
vt 0.76705700 0.80718700
vt 0.78741100 0.95104900
vt 0.17737200 0.35195600
vt 0.67305600 0.92082200
vt 0.74620300 0.20481200
vt 0.74620300 0.21818100
vt 0.05256600 0.61939700
vt 0.82708900 0.75645500
vt 0.68225800 0.99477600
vt 0.73387300 0.65960400
vt 0.64624500 0.44934400
vt 0.92777800 0.26105800
vt 0.03121700 0.03935100
vt 0.27484700 0.59498200
vt 0.09752400 0.40437600
vt 0.22036200 0.41129000
vt 0.48817300 0.43092000
vt 0.13327700 0.60522300
vt 0.85133700 0.32969500
vt 0.78064800 0.53746200
vt 0.21533500 0.06694700
vt 0.16691000 0.15556800
vt 0.84535900 0.42062500
vt 0.36365300 0.58886300
vt 0.57019200 0.81980000
vt 0.01764000 0.95723900
vt 0.16540800 0.84257200
vt 0.38057200 0.84230100
vt 0.52861700 0.43084300
vt 0.12021100 0.56612000
vt 0.35025800 0.50736700
vt 0.72566400 0.48695000
vt 0.67696600 0.98957700
vt 0.11696300 0.38245200
vt 0.86773400 0.96623900
vt 0.45126900 0.39775200
vt 0.95297100 0.17370200
vt 0.02804800 0.66476500
vt 0.37358900 0.60010900
vt 0.58482700 0.81773300
vt 0.13567800 0.35656600
vt 0.76230100 0.74476100
vt 0.54856100 0.56390300
vt 0.61036000 0.33387400
vt 0.12614800 0.27556600
vt 0.76709500 0.82567700
vt 0.10798700 0.93773200
vt 0.74877500 0.43454800
vt 0.16024700 0.66164700
vt 0.55343300 0.70680700
vt 0.33162300 0.64731200
vt 0.30000800 0.10141900
vt 0.07590400 0.81977900
vt 0.91218800 0.14921200
vt 0.75995900 0.54211200
vt 0.19586700 0.50791600
vt 0.75995900 0.60414600
vt 0.30751500 0.58338400
vt 0.95214700 0.75197400
vt 0.31683000 0.13423600
vt 0.97872700 0.96082700
vt 0.35147200 0.05483100
vt 0.22377100 0.23347100
vt 0.37931100 0.99002600
vt 0.03470000 0.12477100
vt 0.54367900 0.48240800
vt 0.60739600 0.40014800
vt 0.36850500 0.07050100
vt 0.11735200 0.35747800
vt 0.65621900 0.99005200
vt 0.69016400 0.57069000
vt 0.29360900 0.64731300
vt 0.55410200 0.74461900
vt 0.85664900 0.68998000
vt 0.09808900 0.77266600
vt 0.55374900 0.33866000
vt 0.55374900 0.38219500
vt 0.55374900 0.35567200
vt 0.55374900 0.36883700
vt 0.11909500 0.03372000
vt 0.40852100 0.76831900
vt 0.35311600 0.70323300
vt 0.40292700 0.11732400
vt 0.16540800 0.87388000
vt 0.46769700 0.59904800
vt 0.44296700 0.64624800
vt 0.06496400 0.55269600
vt 0.93822000 0.44436400
vt 0.38887000 0.43038300
vt 0.23756100 0.87395900
vt 0.95457200 0.82142000
vt 0.48824800 0.28373200
vt 0.65623300 0.15604800
vt 0.37214500 0.50463200
vt 0.96675300 0.50688000
vt 0.19149300 0.05691500
vt 0.04720300 0.96432500
vt 0.46490500 0.12199800
vt 0.50940100 0.33648800
vt 0.02319900 0.51295700
vt 0.30704200 0.59448500
vt 0.29607900 0.58393300
vt 0.02113800 0.97318800
vt 0.70159700 0.54168300
vt 0.96343700 0.18130700
vt 0.74890500 0.36216400
vt 0.00640600 0.38112200
vt 0.34677300 0.03569400
vt 0.97004800 0.97993300
vt 0.82306600 0.96550600
vt 0.32107600 0.57300700
vt 0.09247900 0.32515700
vt 0.07430000 0.36450300
vt 0.10742500 0.81926300
vt 0.29220700 0.13249500
vt 0.08258100 0.99707900
vt 0.26757600 0.52547900
vt 0.78555100 0.65473600
vt 0.77838100 0.28737600
vt 0.11707200 0.16255600
vt 0.59895800 0.29969900
vt 0.81437100 0.13659000
vt 0.82614500 0.69158100
vt 0.72128400 0.92787600
vt 0.61027600 0.40499200
vt 0.79294900 0.57380700
vt 0.10585800 0.36548000
vt 0.65642900 0.99002600
vt 0.35443800 0.07052700
vt 0.49379800 0.81877400
vt 0.32861200 0.51341800
vt 0.70012500 0.63244900
vt 0.01421000 0.62544700
vt 0.21982200 0.80144800
vt 0.10680700 0.87390900
vt 0.85318600 0.56483700
vt 0.47163200 0.64834800
vt 0.06232100 0.36029000
vt 0.75758200 0.68626900
vt 0.37716200 0.05666800
vt 0.50639800 0.98043900
vt 0.25101800 0.10357000
vt 0.19457400 0.14458500
vt 0.18182600 0.21369600
vt 0.73355600 0.36170000
vt 0.13383800 0.41155900
vt 0.63109400 0.51260600
vt 0.85619200 0.38814000
vt 0.85160500 0.20102500
vt 0.60214400 0.52636700
vt 0.84149500 0.96642100
vt 0.48100100 0.58045000
vt 0.60195100 0.56534300
vt 0.69758600 0.33311800
vt 0.05952600 0.67700700
vt 0.31696700 0.04225800
vt 0.88690800 0.32053100
vt 0.81540300 0.43826800
vt 0.77703200 0.61726100
vt 0.96297000 0.22730300
vt 0.85128200 0.14162600
vt 0.54651900 0.70914800
vt 0.22487700 0.10379800
vt 0.25640100 0.49669100
vt 0.11255600 0.99998000
vt 0.00002200 0.72197400
vt 0.67753100 0.57131400
vt 0.60271700 0.48098500
vt 0.92850600 0.32139800
vt 0.00737900 0.52638900
vt 0.93010400 0.33037000
vt 0.35518300 0.66978600
vt 0.45115700 0.15229400
vt 0.65601300 0.14704800
vt 0.94047800 0.30464500
vt 0.00813300 0.07108100
vt 0.74481200 0.54218300
vt 0.92893700 0.15044900
vt 0.74448100 0.60414400
vt 0.20962300 0.49783900
vt 0.67377400 0.56241500
vt 0.96114800 0.34249200
vt 0.06506000 0.64987700
vt 0.84247300 0.44723100
vt 0.69326200 0.28738900
vt 0.08910900 0.08151900
vt 0.45119100 0.96362300
vt 0.03034300 0.51014500
vt 0.01122900 0.96897000
vt 0.29740800 0.59498200
vt 0.31311700 0.05402600
vt 0.81095700 0.44804000
vt 0.81127600 0.15635700
vt 0.61044300 0.58441800
vt 0.63603200 0.27277200
vt 0.46669800 0.54099100
vt 0.02794400 0.84502200
vt 0.32211600 0.04498600
vt 0.01868000 0.82812500
vt 0.24363000 0.04010800
vt 0.94060700 0.45358500
vt 0.86852400 0.41740300
vt 0.87596300 0.12737700
vt 0.72542100 0.51741500
vt 0.46923400 0.29968900
vt 0.68604300 0.13569500
vt 0.28601800 0.52349100
vt 0.67590300 0.10213600
vt 0.71611400 0.30305800
vt 0.92511000 0.04486400
vt 0.95658500 0.87906600
vt 0.61609400 0.64909900
vt 0.56810400 0.21127700
vt 0.61785800 0.21053300
vt 0.57593600 0.67700700
vt 0.91368600 0.44790000
vt 0.81514200 0.39102300
vt 0.46009700 0.45259600
vt 0.94767500 0.62391200
vt 0.48816500 0.35982100
vt 0.00530300 0.13124000
vt 0.39186500 0.24079700
vt 0.21783700 0.81655900
vt 0.90578500 0.09770100
vt 0.60234300 0.91955900
vt 0.64314700 0.56237400
vt 0.93956800 0.44626600
vt 0.26874100 0.02630100
vt 0.09333100 0.27239900
vt 0.96560900 0.41204200
vt 0.08700100 0.46977700
vt 0.39508700 0.56238900
vt 0.96300900 0.44866700
vt 0.64645900 0.47993700
vt 0.56989400 0.52578600
vt 0.86569400 0.17015700
vt 0.04698700 0.80251200
vt 0.69325700 0.25218600
vt 0.11350900 0.23919900
vt 0.91672600 0.08144000
vt 0.08323900 0.59251600
vt 0.70184100 0.98374400
vt 0.01683100 0.54197000
vt 0.11125700 0.27076400
vt 0.48169800 0.61640800
vt 0.49485600 0.54099600
vt 0.35878600 0.44921800
vt 0.68965200 0.61153200
vt 0.05175200 0.07858900
vt 0.41197600 0.58040100
vt 0.67731200 0.92102900
vt 0.92343000 0.82249800
vt 0.31635700 0.39443400
vt 0.01526400 0.84780700
vt 0.10806900 0.19258600
vt 0.96441000 0.08142300
vt 0.81264300 0.28731000
vt 0.00643500 0.05270700
vt 0.20833800 0.33531100
vt 0.00002000 0.53287900
vt 0.92699200 0.33956400
vt 0.54342700 0.49327200
vt 0.59935000 0.22851800
vt 0.61032100 0.52723900
vt 0.46927600 0.51836700
vt 0.02250500 0.49820500
vt 0.90570500 0.12704700
vt 0.05976900 0.58271900
vt 0.21705700 0.37511600
vt 0.76561800 0.74451800
vt 0.31005400 0.96906800
vt 0.97551200 0.75141500
vt 0.32764000 0.26225000
vt 0.50280000 0.71334400
vt 0.95124300 0.24259100
vt 0.75925900 0.61677300
vt 0.51273600 0.95773200
vt 0.92752400 0.94565300
vt 0.28385100 0.55715700
vt 0.04918000 0.98541600
vt 0.65810600 0.33359600
vt 0.31005400 0.84257200
vt 0.05255800 0.09752600
vt 0.41247800 0.56135900
vt 0.91113300 0.40673600
vt 0.10546800 0.49775600
vt 0.59820100 0.43082700
vt 0.83689300 0.94881800
vt 0.08025300 0.97098900
vt 0.48172300 0.64624800
vt 0.08258100 0.99707900
vt 0.26757600 0.52547900
vt 0.46927700 0.39997400
vt 0.21411100 0.32938600
vt 0.87522400 0.33108200
vt 0.55315500 0.14825600
vt 0.22133900 0.76384600
vt 0.22137900 0.74764800
vt 0.22124300 0.77452100
vt 0.00189900 0.93319200
vt 0.03155800 0.47701200
vt 0.54342200 0.59846700
vt 0.49636000 0.24793700
vt 0.79976200 0.88428000
vt 0.29357400 0.49355300
vt 0.03076200 0.16947800
vt 0.09515100 0.27732900
vt 0.60614100 0.63779900
vt 0.00848400 0.54657800
vt 0.13193300 0.11709900
vt 0.44099600 0.54098200
vt 0.93721800 0.40239300
vt 0.72124000 0.95103000
vt 0.82901800 0.91338100
vt 0.93924500 0.12646100
vt 0.67269100 0.06926300
vt 0.67273100 0.08546000
vt 0.67259500 0.05859000
vt 0.31496800 0.04519900
vt 0.81261500 0.43978700
vt 0.94986900 0.68674900
vt 0.37859300 0.38228200
vt 0.31126400 0.79899300
vt 0.01483200 0.60367300
vt 0.86925400 0.98212400
vt 0.78488500 0.67929000
vt 0.45120800 0.05579100
vt 0.79044800 0.51480800
vt 0.36094100 0.45813900
vt 0.69862300 0.60751500
vt 0.67848900 0.30506900
vt 0.71274100 0.09421400
vt 0.22351800 0.16560700
vt 0.87296100 0.45207000
vt 0.38231900 0.42810000
vt 0.38222000 0.93810900
vt 0.94550000 0.56162600
vt 0.57515500 0.60912100
vt 0.50547200 0.21334500
vt 0.30787200 0.45989500
vt 0.43951000 0.81882000
vt 0.92741900 0.99258400
vt 0.00638600 0.42115300
vt 0.21303200 0.42393900
vt 0.01928100 0.65407600
vt 0.60171400 0.59458100
vt 0.81225500 0.12807300
vt 0.04185200 0.84386100
vt 0.36988200 0.64835000
vt 0.58844400 0.69174600
vt 0.02120400 0.47750200
vt 0.95762600 0.90888900
vt 0.72396500 0.70678200
vt 0.16453300 0.52080000
vt 0.61038100 0.43605900
vt 0.79304700 0.60523500
vt 0.57947800 0.21095600
vt 0.61135200 0.66157800
vt 0.27453600 0.49477300
vt 0.89534300 0.12748400
vt 0.25777100 0.43983200
vt 0.16326100 0.68175200
vt 0.11527400 0.66418300
vt 0.03172700 0.96098000
vt 0.90824100 0.32987000
vt 0.90916200 0.31996500
vt 0.23190200 0.57609100
vt 0.53551800 0.69394300
vt 0.95717400 0.96251900
vt 0.90052600 0.37788900
vt 0.23802200 0.96894900
vt 0.13470800 0.28789900
vt 0.21492800 0.14813500
vt 0.35973000 0.25226500
vt 0.85859700 0.75521900
vt 0.07496600 0.87399500
vt 0.23767600 0.93717800
vt 0.69325700 0.22720500
vt 0.05904400 0.61878900
vt 0.95384900 0.07706400
vt 0.39952300 0.47083700
vt 0.63019400 0.48041300
vt 0.67431100 0.28738500
vt 0.08754800 0.06282100
vt 0.12887400 0.45173800
vt 0.37128800 0.60741600
vt 0.00077400 0.04111900
vt 0.24371400 0.58236200
vt 0.87121000 0.24719800
vt 0.59159200 0.45032700
vt 0.59159200 0.51274500
vt 0.10786000 0.44559100
vt 0.95383100 0.04455600
vt 0.65811500 0.35930600
vt 0.19103400 0.07957000
vt 0.44051800 0.58045000
vt 0.70196100 0.92531300
vt 0.41061900 0.12211100
vt 0.09761300 0.81880800
vt 0.23557000 0.16479400
vt 0.44677400 0.98560300
vt 0.52852300 0.38441700
vt 0.28162700 0.60635500
vt 0.19155600 0.48191100
vt 0.02212200 0.56457300
vt 0.67768600 0.80343200
vt 0.72527000 0.53841900
vt 0.88682400 0.37271400
vt 0.92648500 0.90997700
vt 0.71704500 0.99474400
vt 0.73491200 0.62355400
vt 0.44738600 0.14880100
vt 0.25586100 0.72565200
vt 0.34218500 0.39054100
vt 0.97099200 0.62198000
vt 0.84078800 0.44906900
vt 0.39445800 0.48219800
vt 0.45173700 0.14327800
vt 0.96617300 0.07635700
vt 0.00002000 0.14665200
vt 0.03590600 0.50859500
vt 0.74629900 0.15613700
vt 0.57743200 0.28439400
vt 0.23843300 0.99273200
vt 0.22585600 0.37407400
vt 0.69758600 0.37361300
vt 0.37547600 0.42993800
vt 0.50451600 0.13342400
vt 0.87585400 0.36747200
vt 0.73504900 0.53801100
vt 0.91361500 0.45516400
vt 0.75764900 0.97902700
vt 0.09292800 0.64761200
vt 0.39596900 0.26286900
vt 0.23355900 0.02201700
vt 0.21486100 0.16435200
vt 0.12707100 0.27030500
vt 0.15894300 0.07930200
vt 0.16104400 0.11303200
vt 0.23920800 0.30428500
vt 0.85476000 0.62713400
vt 0.56933400 0.54818900
vt 0.50940100 0.35804200
vt 0.36895600 0.14012100
vt 0.65625100 0.91986600
vt 0.18418100 0.69222700
vt 0.11043600 0.97274500
vt 0.31705800 0.59281900
vt 0.83338100 0.98442600
vt 0.01551000 0.51118200
vt 0.85572400 0.29314100
vt 0.94182300 0.01442800
vt 0.04918000 0.56821400
vt 0.11859500 0.06041600
vt 0.45292700 0.87191200
vt 0.24401400 0.23706400
vt 0.94804000 0.27780700
vt 0.91672600 0.14732700
vt 0.10255100 0.50558800
vt 0.59086900 0.43083000
vt 0.05784500 0.53171200
vt 0.95873800 0.43927200
vt 0.39959800 0.57350100
vt 0.80430400 0.28737300
vt 0.11507800 0.18803700
vt 0.07630200 0.65648100
vt 0.57321900 0.29969800
vt 0.78983800 0.14384500
vt 0.27568800 0.02450500
vt 0.58289900 0.97430900
vt 0.59498100 0.54886700
vt 0.13293400 0.29137200
vt 0.76400000 0.81040500
vt 0.95085900 0.35474500
vt 0.67373400 0.54704200
vt 0.03335600 0.05857300
vt 0.51641600 0.14944200
vt 0.90748900 0.35295400
vt 0.07691800 0.31742400
vt 0.91798600 0.42388700
vt 0.58039500 0.48126000
vt 0.27413300 0.57763800
vt 0.46955600 0.63175200
vt 0.36979400 0.59856700
vt 0.58123500 0.81732700
vt 0.66847700 0.14110800
vt 0.45115700 0.30582500
vt 0.01353000 0.71110600
vt 0.00731200 0.11158500
vt 0.77472500 0.68678400
vt 0.39343400 0.04831800
vt 0.84573900 0.99044300
vt 0.01280500 0.49981900
vt 0.46927700 0.36041300
vt 0.10740300 0.47987600
vt 0.55737200 0.51284000
vt 0.21098700 0.37837400
vt 0.80129000 0.74118100
vt 0.97993300 0.87883300
vt 0.34151000 0.13596000
vt 0.02710900 0.87449300
vt 0.03269200 0.14766900
vt 0.20227800 0.34065700
vt 0.21659200 0.48768600
vt 0.73499400 0.60404500
vt 0.94005600 0.15529200
vt 0.73565500 0.54208900
vt 0.71619000 0.36030500
vt 0.23220000 0.64866400
vt 0.61149300 0.74416600
vt 0.24016500 0.44228900
vt 0.16868700 0.99706300
vt 0.21181100 0.07995200
vt 0.13805800 0.35717100
vt 0.95475100 0.97676500
vt 0.76974400 0.82184100
vt 0.09037400 0.37879400
vt 0.12619400 0.27935500
vt 0.85985100 0.06479100
vt 0.43239700 0.07221900
vt 0.02825500 0.04125200
vt 0.27194900 0.59345900
vt 0.75889500 0.21818100
vt 0.72435300 0.99485300
vt 0.65255700 0.44854700
vt 0.93458500 0.26117500
vt 0.73535500 0.61598700
vt 0.29026800 0.39891600
vt 0.37765800 0.81902300
vt 0.58031400 0.45037500
vt 0.86267700 0.23895600
vt 0.10494700 0.45727900
vt 0.58031400 0.51274500
vt 0.23344000 0.06557100
vt 0.41274600 0.04077600
vt 0.01299900 0.76833000
vt 0.39462300 0.05046100
vt 0.76457400 0.78675200
vt 0.60079900 0.94900300
vt 0.39781400 0.57048900
vt 0.96132900 0.44089600
vt 0.11046700 0.25039600
vt 0.90588600 0.08149100
vt 0.86403400 0.22493200
vt 0.58042600 0.84080500
vt 0.00105000 0.65425800
vt 0.03077900 0.54637100
vt 0.30792200 0.19166000
vt 0.82539900 0.56634200
vt 0.57515800 0.69199300
vt 0.35652800 0.64798800
vt 0.59572800 0.86752300
vt 0.54135200 0.66906500
vt 0.12014600 0.35745700
vt 0.44679400 0.84148800
vt 0.46448700 0.07958600
vt 0.83831500 0.45653000
vt 0.86319100 0.91218700
vt 0.05250000 0.58780400
vt 0.64318500 0.53336400
vt 0.53913800 0.68204400
vt 0.22440400 0.58783800
vt 0.01333700 0.93389100
vt 0.64350100 0.57343600
vt 0.58225400 0.64290300
vt 0.58951900 0.75903200
vt 0.25736500 0.64798400
vt 0.26233300 0.36969300
vt 0.80328700 0.75748500
vt 0.69326500 0.15604800
vt 0.52435500 0.27595800
vt 0.38412300 0.46467200
vt 0.10583800 0.38245200
vt 0.05732700 0.47928700
vt 0.11197100 0.27486800
vt 0.58693500 0.86746500
vt 0.02401600 0.60885300
vt 0.08635400 0.38630300
vt 0.03657200 0.05787100
vt 0.38167100 0.96833900
vt 0.22483800 0.08153400
vt 0.14859000 0.32052500
vt 0.39637300 0.47830200
vt 0.96188100 0.07695300
vt 0.76340500 0.38747300
vt 0.56874800 0.45042300
vt 0.85595300 0.22960300
vt 0.05132600 0.51295700
vt 0.10493200 0.35029200
vt 0.12519100 0.06355300
vt 0.11401800 0.41555300
vt 0.50902600 0.47158200
f 984/984 1148/1148 117/117
f 117/117 627/627 984/984
f 394/394 117/117 1148/1148
f 1148/1148 618/618 394/394
f 984/984 627/627 1220/1220
f 1220/1220 1677/1677 984/984
f 1532/1532 160/160 360/360
f 360/360 906/906 1532/1532
f 1598/1598 2185/2185 1119/1119
f 1119/1119 1532/1532 1598/1598
f 489/489 1737/1737 1861/1861
f 1861/1861 2085/2085 489/489
f 217/217 2035/2035 840/840
f 840/840 609/609 217/217
f 227/227 1617/1617 65/65
f 65/65 971/971 227/227
f 1492/1492 1363/1363 2176/2176
f 2176/2176 1062/1062 1492/1492
f 2066/2066 262/262 2073/2073
f 2073/2073 1492/1492 2066/2066
f 477/477 1827/1827 1227/1227
f 1227/1227 1659/1659 477/477
f 217/217 609/609 1674/1674
f 1674/1674 474/474 217/217
f 391/391 1628/1628 1296/1296
f 1296/1296 1915/1915 391/391
f 2206/2206 1692/1692 1915/1915
f 1915/1915 1296/1296 2206/2206
f 1849/1849 261/261 2071/2071
f 2071/2071 709/709 1849/1849
f 709/709 2072/2072 263/263
f 263/263 1849/1849 709/709
f 1849/1849 263/263 1228/1228
f 1228/1228 778/778 1849/1849
f 778/778 1225/1225 261/261
f 261/261 1849/1849 778/778
f 2162/2162 2211/2211 2267/2267
f 2267/2267 390/390 2162/2162
f 390/390 1364/1364 2214/2214
f 2214/2214 2162/2162 390/390
f 2162/2162 2214/2214 2072/2072
f 2072/2072 709/709 2162/2162
f 709/709 2071/2071 2211/2211
f 2211/2211 2162/2162 709/709
f 866/866 1747/1747 1061/1061
f 1061/1061 2177/2177 866/866
f 2177/2177 1364/1364 390/390
f 390/390 866/866 2177/2177
f 2267/2267 730/730 866/866
f 866/866 390/390 2267/2267
f 730/730 1267/1267 1747/1747
f 1747/1747 866/866 730/730
f 1736/1736 14/14 1042/1042
f 1042/1042 331/331 1736/1736
f 2188/2188 1580/1580 283/283
f 283/283 1858/1858 2188/2188
f 706/706 1022/1022 299/299
f 299/299 245/245 706/706
f 397/397 1785/1785 572/572
f 572/572 1752/1752 397/397
f 705/705 244/244 2187/2187
f 2187/2187 1718/1718 705/705
f 1799/1799 637/637 1840/1840
f 1840/1840 786/786 1799/1799
f 700/700 637/637 1799/1799
f 1799/1799 1038/1038 700/700
f 2123/2123 48/48 1361/1361
f 1361/1361 1916/1916 2123/2123
f 1437/1437 161/161 2123/2123
f 2123/2123 1916/1916 1437/1437
f 2123/2123 161/161 1724/1724
f 1724/1724 193/193 2123/2123
f 193/193 1334/1334 48/48
f 48/48 2123/2123 193/193
f 1334/1334 193/193 230/230
f 230/230 249/249 1334/1334
f 193/193 1724/1724 1412/1412
f 1412/1412 230/230 193/193
f 249/249 539/539 1552/1552
f 1552/1552 1334/1334 249/249
f 539/539 2027/2027 1834/1834
f 1834/1834 1552/1552 539/539
f 1334/1334 1552/1552 2152/2152
f 2152/2152 48/48 1334/1334
f 1552/1552 1834/1834 1576/1576
f 1576/1576 2152/2152 1552/1552
f 2152/2152 1576/1576 1831/1831
f 1831/1831 524/524 2152/2152
f 48/48 2152/2152 524/524
f 524/524 1361/1361 48/48
f 2092/2092 1691/1691 1288/1288
f 2092/2092 1288/1288 1957/1957
f 2092/2092 1957/1957 2208/2208
f 1220/1220 1532/1532 906/906
f 906/906 1677/1677 1220/1220
f 1598/1598 2085/2085 1861/1861
f 1861/1861 2185/2185 1598/1598
f 489/489 609/609 840/840
f 840/840 1737/1737 489/489
f 1617/1617 227/227 474/474
f 474/474 1674/1674 1617/1617
f 65/65 1492/1492 1062/1062
f 1062/1062 971/971 65/65
f 2066/2066 1659/1659 1227/1227
f 1227/1227 262/262 2066/2066
f 234/234 2191/2191 64/64
f 64/64 2247/2247 234/234
f 1330/1330 166/166 476/476
f 476/476 1658/1658 1330/1330
f 166/166 105/105 393/393
f 393/393 476/476 166/166
f 105/105 1574/1574 116/116
f 116/116 393/393 105/105
f 1574/1574 2190/2190 626/626
f 626/626 116/116 1574/1574
f 2190/2190 235/235 1219/1219
f 1219/1219 626/626 2190/2190
f 235/235 2248/2248 1531/1531
f 1531/1531 1219/1219 235/235
f 2248/2248 537/537 1597/1597
f 1597/1597 1531/1531 2248/2248
f 537/537 805/805 2084/2084
f 2084/2084 1597/1597 537/537
f 805/805 1753/1753 490/490
f 490/490 2084/2084 805/805
f 1753/1753 676/676 610/610
f 610/610 490/490 1753/1753
f 676/676 430/430 1675/1675
f 1675/1675 610/610 676/676
f 430/430 1732/1732 1618/1618
f 1618/1618 1675/1675 430/430
f 1732/1732 1064/1064 66/66
f 66/66 1618/1618 1732/1732
f 1064/1064 2232/2232 1493/1493
f 1493/1493 66/66 1064/1064
f 2232/2232 2030/2030 2067/2067
f 2067/2067 1493/1493 2232/2232
f 2030/2030 1332/1332 1660/1660
f 1660/1660 2067/2067 2030/2030
f 1840/1840 1957/1957 1288/1288
f 1288/1288 786/786 1840/1840
f 1042/1042 1807/1807 1439/1439
f 1439/1439 331/331 1042/1042
f 1858/1858 283/283 14/14
f 14/14 1736/1736 1858/1858
f 245/245 299/299 1580/1580
f 1580/1580 2188/2188 245/245
f 1785/1785 397/397 1022/1022
f 1022/1022 706/706 1785/1785
f 701/701 1848/1848 1752/1752
f 1752/1752 572/572 701/701
f 1134/1134 362/362 1834/1834
f 1834/1834 2027/2027 1134/1134
f 1834/1834 362/362 277/277
f 277/277 1576/1576 1834/1834
f 1831/1831 1576/1576 277/277
f 277/277 1269/1269 1831/1831
f 1692/1692 1304/1304 2063/2063
f 2063/2063 1915/1915 1692/1692
f 1225/1225 778/778 2063/2063
f 2063/2063 1304/1304 1225/1225
f 1228/1228 1828/1828 2063/2063
f 2063/2063 778/778 1228/1228
f 1828/1828 391/391 1915/1915
f 1915/1915 2063/2063 1828/1828
f 1469/1469 1196/1196 1699/1699
f 1699/1699 113/113 1469/1469
f 1730/1730 273/273 1273/1273
f 1273/1273 418/418 1730/1730
f 1756/1756 121/121 1918/1918
f 1918/1918 620/620 1756/1756
f 210/210 1456/1456 122/122
f 122/122 1037/1037 210/210
f 1962/1962 868/868 1129/1129
f 1129/1129 2075/2075 1962/1962
f 1725/1725 162/162 1129/1129
f 1129/1129 868/868 1725/1725
f 1835/1835 195/195 198/198
f 198/198 744/744 1835/1835
f 195/195 1962/1962 2075/2075
f 2075/2075 198/198 195/195
f 1158/1158 759/759 2189/2189
f 2189/2189 1826/1826 1158/1158
f 759/759 1835/1835 744/744
f 744/744 2189/2189 759/759
f 1286/1286 864/864 1787/1787
f 1787/1787 396/396 1286/1286
f 864/864 1158/1158 1826/1826
f 1826/1826 1787/1787 864/864
f 1886/1886 2168/2168 481/481
f 481/481 1471/1471 1886/1886
f 1534/1534 1180/1180 1110/1110
f 1110/1110 1780/1780 1534/1534
f 532/532 98/98 1450/1450
f 1450/1450 1376/1376 532/532
f 2148/2148 1147/1147 1757/1757
f 1757/1757 315/315 2148/2148
f 748/748 1476/1476 1802/1802
f 1802/1802 284/284 748/748
f 1555/1555 779/779 1932/1932
f 1932/1932 845/845 1555/1555
f 1522/1522 611/611 2087/2087
f 1522/1522 2087/2087 141/141
f 1522/1522 141/141 671/671
f 1651/1651 275/275 276/276
f 276/276 1592/1592 1651/1651
f 2087/2087 611/611 276/276
f 276/276 275/275 2087/2087
f 857/857 347/347 1928/1928
f 1928/1928 297/297 857/857
f 1815/1815 2004/2004 1430/1430
f 1430/1430 1980/1980 1815/1815
f 573/573 1502/1502 1430/1430
f 1430/1430 2004/2004 573/573
f 620/620 1815/1815 1980/1980
f 1980/1980 1756/1756 620/620
f 620/620 1918/1918 257/257
f 257/257 2080/2080 620/620
f 1456/1456 838/838 828/828
f 828/828 973/973 1456/1456
f 1414/1414 1725/1725 868/868
f 868/868 814/814 1414/1414
f 814/814 868/868 1962/1962
f 1962/1962 1631/1631 814/814
f 1962/1962 195/195 2012/2012
f 2012/2012 1631/1631 1962/1962
f 1835/1835 1141/1141 2012/2012
f 2012/2012 195/195 1835/1835
f 1835/1835 759/759 1890/1890
f 1890/1890 1141/1141 1835/1835
f 1158/1158 1078/1078 1890/1890
f 1890/1890 759/759 1158/1158
f 1158/1158 864/864 1113/1113
f 1113/1113 1078/1078 1158/1158
f 1286/1286 1584/1584 1113/1113
f 1113/1113 864/864 1286/1286
f 1110/1110 1471/1471 2175/2175
f 2175/2175 1901/1901 1110/1110
f 1471/1471 481/481 1235/1235
f 1235/1235 2175/2175 1471/1471
f 1110/1110 1180/1180 1886/1886
f 1886/1886 1471/1471 1110/1110
f 1450/1450 1780/1780 2124/2124
f 2124/2124 1429/1429 1450/1450
f 1780/1780 1110/1110 1901/1901
f 1901/1901 2124/2124 1780/1780
f 1450/1450 98/98 1534/1534
f 1534/1534 1780/1780 1450/1450
f 1757/1757 1376/1376 1378/1378
f 1378/1378 1759/1759 1757/1757
f 1376/1376 1450/1450 1429/1429
f 1429/1429 1378/1378 1376/1376
f 1757/1757 1147/1147 532/532
f 532/532 1376/1376 1757/1757
f 748/748 315/315 314/314
f 314/314 1524/1524 748/748
f 315/315 1757/1757 1759/1759
f 1759/1759 314/314 315/315
f 748/748 284/284 2148/2148
f 2148/2148 315/315 748/748
f 41/41 1476/1476 748/748
f 748/748 1524/1524 41/41
f 363/363 1135/1135 1802/1802
f 1802/1802 1476/1476 363/363
f 1555/1555 1415/1415 1408/1408
f 1408/1408 779/779 1555/1555
f 1685/1685 2126/2126 666/666
f 666/666 272/272 1685/1685
f 1625/1625 141/141 2087/2087
f 2087/2087 677/677 1625/1625
f 2087/2087 275/275 77/77
f 77/77 677/677 2087/2087
f 1651/1651 77/77 275/275
f 347/347 857/857 737/737
f 737/737 1167/1167 347/347
f 573/573 2004/2004 1251/1251
f 1815/1815 1904/1904 1251/1251
f 1251/1251 2004/2004 1815/1815
f 1815/1815 620/620 2080/2080
f 2080/2080 1904/1904 1815/1815
f 1539/1539 121/121 1756/1756
f 1756/1756 1124/1124 1539/1539
f 1037/1037 122/122 183/183
f 183/183 699/699 1037/1037
f 544/544 995/995 2075/2075
f 2075/2075 1129/1129 544/544
f 1129/1129 162/162 1438/1438
f 1438/1438 544/544 1129/1129
f 196/196 2107/2107 744/744
f 744/744 198/198 196/196
f 198/198 2075/2075 995/995
f 995/995 196/196 198/198
f 538/538 1143/1143 1826/1826
f 1826/1826 2189/2189 538/538
f 2189/2189 744/744 2107/2107
f 2107/2107 538/538 2189/2189
f 222/222 1097/1097 396/396
f 396/396 1787/1787 222/222
f 1787/1787 1826/1826 1143/1143
f 1143/1143 222/222 1787/1787
f 1246/1246 867/867 1901/1901
f 1901/1901 2175/2175 1246/1246
f 2175/2175 1235/1235 1632/1632
f 1632/1632 1246/1246 2175/2175
f 530/530 90/90 1429/1429
f 1429/1429 2124/2124 530/530
f 2124/2124 1901/1901 867/867
f 867/867 530/530 2124/2124
f 1379/1379 1760/1760 1759/1759
f 1759/1759 1378/1378 1379/1379
f 1378/1378 1429/1429 90/90
f 90/90 1379/1379 1378/1378
f 313/313 1616/1616 1524/1524
f 1524/1524 314/314 313/313
f 314/314 1759/1759 1760/1760
f 1760/1760 313/313 314/314
f 1524/1524 1616/1616 747/747
f 747/747 41/41 1524/1524
f 1522/1522 1242/1242 1294/1294
f 1294/1294 611/611 1522/1522
f 1406/1406 1813/1813 1592/1592
f 1592/1592 276/276 1406/1406
f 276/276 611/611 1294/1294
f 1294/1294 1406/1406 276/276
f 297/297 1928/1928 2010/2010
f 2010/2010 1540/1540 297/297
f 1431/1431 1978/1978 1980/1980
f 1980/1980 1430/1430 1431/1431
f 1430/1430 1502/1502 206/206
f 206/206 1431/1431 1430/1430
f 1756/1756 1980/1980 1978/1978
f 1978/1978 1124/1124 1756/1756
f 1181/1181 1079/1079 1114/1114
f 1114/1114 1887/1887 1181/1181
f 1887/1887 1114/1114 1583/1583
f 1583/1583 2167/2167 1887/1887
f 97/97 1140/1140 1889/1889
f 1889/1889 1533/1533 97/97
f 1533/1533 1889/1889 1079/1079
f 1079/1079 1181/1181 1533/1533
f 1146/1146 1630/1630 2013/2013
f 2013/2013 533/533 1146/1146
f 533/533 2013/2013 1140/1140
f 1140/1140 97/97 533/533
f 231/231 1413/1413 813/813
f 285/285 231/231 813/813
f 285/285 813/813 2149/2149
f 2149/2149 813/813 1630/1630
f 1630/1630 1146/1146 2149/2149
f 2028/2028 540/540 1803/1803
f 1803/1803 1136/1136 2028/2028
f 1803/1803 540/540 248/248
f 248/248 231/231 285/285
f 1803/1803 248/248 285/285
f 2055/2055 1167/1167 737/737
f 737/737 1112/1112 2055/2055
f 835/835 2218/2218 1749/1749
f 1749/1749 665/665 835/835
f 1685/1685 343/343 844/844
f 844/844 2126/2126 1685/1685
f 141/141 1932/1932 779/779
f 779/779 671/671 141/141
f 779/779 1408/1408 1591/1591
f 1591/1591 671/671 779/779
f 1590/1590 2014/2014 1523/1523
f 1523/1523 670/670 1590/1590
f 1498/1498 1243/1243 1523/1523
f 1523/1523 2014/2014 1498/1498
f 479/479 1555/1555 845/845
f 845/845 1714/1714 479/479
f 1069/1069 292/292 1750/1750
f 344/344 1258/1258 843/843
f 1438/1438 1806/1806 1488/1488
f 1488/1488 544/544 1438/1438
f 1142/1142 995/995 544/544
f 544/544 1488/1488 1142/1142
f 197/197 196/196 995/995
f 995/995 1142/1142 197/197
f 760/760 2107/2107 196/196
f 196/196 197/197 760/760
f 440/440 538/538 2107/2107
f 2107/2107 760/760 440/440
f 38/38 1143/1143 538/538
f 538/538 440/440 38/38
f 1397/1397 222/222 1143/1143
f 1143/1143 38/38 1397/1397
f 2266/2266 1097/1097 222/222
f 222/222 1397/1397 2266/2266
f 1974/1974 1246/1246 1632/1632
f 1632/1632 1717/1717 1974/1974
f 949/949 867/867 1246/1246
f 1246/1246 1974/1974 949/949
f 182/182 530/530 867/867
f 867/867 949/949 182/182
f 2083/2083 90/90 530/530
f 530/530 182/182 2083/2083
f 1377/1377 1379/1379 90/90
f 90/90 2083/2083 1377/1377
f 1758/1758 1760/1760 1379/1379
f 1379/1379 1377/1377 1758/1758
f 312/312 313/313 1760/1760
f 1760/1760 1758/1758 312/312
f 1098/1098 1616/1616 313/313
f 313/313 312/312 1098/1098
f 1117/1117 747/747 1616/1616
f 1616/1616 1098/1098 1117/1117
f 747/747 1117/1117 1748/1748
f 1748/1748 1270/1270 747/747
f 2205/2205 1295/1295 146/146
f 146/146 710/710 2205/2205
f 712/712 2147/2147 2114/2114
f 2114/2114 987/987 712/712
f 986/986 2113/2113 1480/1480
f 1480/1480 1994/1994 986/986
f 1805/1805 1994/1994 1480/1480
f 1480/1480 1553/1553 1805/1805
f 1498/1498 1844/1844 652/652
f 652/652 1243/1243 1498/1498
f 1242/1242 653/653 948/948
f 948/948 1294/1294 1242/1242
f 1294/1294 948/948 2034/2034
f 2034/2034 1406/1406 1294/1294
f 1406/1406 2034/2034 595/595
f 595/595 1813/1813 1406/1406
f 2010/2010 1102/1102 1537/1537
f 1537/1537 1540/1540 2010/2010
f 206/206 175/175 1432/1432
f 1432/1432 1431/1431 206/206
f 1431/1431 1432/1432 1979/1979
f 1979/1979 1978/1978 1431/1431
f 1978/1978 1979/1979 1199/1199
f 1199/1199 1124/1124 1978/1978
f 1124/1124 1199/1199 696/696
f 696/696 1539/1539 1124/1124
f 183/183 1440/1440 1847/1847
f 1847/1847 699/699 183/183
f 636/636 2184/2184 1940/1940
f 1940/1940 1206/1206 636/636
f 1206/1206 1940/1940 1975/1975
f 1975/1975 1825/1825 1206/1206
f 2184/2184 2178/2178 1950/1950
f 1950/1950 1940/1940 2184/2184
f 1940/1940 1950/1950 1593/1593
f 1593/1593 1975/1975 1940/1940
f 1697/1697 420/420 219/219
f 219/219 2025/2025 1697/1697
f 1172/1172 219/219 420/420
f 420/420 2178/2178 1172/1172
f 1203/1203 636/636 69/69
f 69/69 2263/2263 1203/1203
f 636/636 1206/1206 1499/1499
f 1499/1499 69/69 636/636
f 1825/1825 1499/1499 1206/1206
f 1991/1991 667/667 69/69
f 69/69 1499/1499 1991/1991
f 2135/2135 519/519 667/667
f 667/667 1991/1991 2135/2135
f 1991/1991 1150/1150 2271/2271
f 2271/2271 2135/2135 1991/1991
f 1499/1499 1825/1825 1150/1150
f 1150/1150 1991/1991 1499/1499
f 1112/1112 1764/1764 2125/2125
f 1112/1112 2125/2125 842/842
f 2055/2055 1112/1112 842/842
f 2055/2055 842/842 1259/1259
f 1677/1677 2025/2025 219/219
f 219/219 984/984 1677/1677
f 984/984 219/219 1172/1172
f 1172/1172 1148/1148 984/984
f 599/599 426/426 1627/1627
f 1627/1627 618/618 599/599
f 599/599 618/618 1148/1148
f 1148/1148 1172/1172 717/717
f 599/599 1148/1148 717/717
f 1172/1172 2178/2178 2184/2184
f 717/717 1172/1172 2184/2184
f 717/717 2184/2184 1684/1684
f 2184/2184 636/636 1203/1203
f 1203/1203 156/156 2184/2184
f 111/111 2263/2263 69/69
f 69/69 722/722 111/111
f 722/722 69/69 667/667
f 667/667 908/908 722/722
f 908/908 667/667 519/519
f 519/519 770/770 908/908
f 770/770 519/519 2135/2135
f 2135/2135 1392/1392 770/770
f 1392/1392 2135/2135 2271/2271
f 2271/2271 1761/1761 1392/1392
f 1761/1761 2271/2271 1150/1150
f 1150/1150 953/953 1761/1761
f 953/953 1150/1150 1825/1825
f 1825/1825 719/719 953/953
f 719/719 1825/1825 1975/1975
f 1975/1975 258/258 719/719
f 258/258 1975/1975 1593/1593
f 1593/1593 931/931 258/258
f 503/503 2025/2025 1677/1677
f 1677/1677 906/906 503/503
f 2079/2079 1764/1764 1112/1112
f 1112/1112 1903/1903 2079/2079
f 1903/1903 1112/1112 737/737
f 737/737 1250/1250 1903/1903
f 1250/1250 737/737 857/857
f 857/857 574/574 1250/1250
f 573/573 856/856 298/298
f 298/298 1502/1502 573/573
f 1502/1502 298/298 1541/1541
f 1541/1541 206/206 1502/1502
f 206/206 1541/1541 1538/1538
f 1538/1538 175/175 206/206
f 771/771 1344/1344 1103/1103
f 1103/1103 595/595 771/771
f 1813/1813 2011/2011 1929/1929
f 1929/1929 1592/1592 1813/1813
f 1592/1592 1929/1929 346/346
f 346/346 1651/1651 1592/1592
f 1651/1651 346/346 1166/1166
f 1166/1166 77/77 1651/1651
f 78/78 1167/1167 2055/2055
f 2055/2055 678/678 78/78
f 678/678 2055/2055 1259/1259
f 1259/1259 1626/1626 678/678
f 278/278 363/363 1476/1476
f 1476/1476 41/41 278/278
f 747/747 1270/1270 278/278
f 278/278 41/41 747/747
f 1730/1730 113/113 1699/1699
f 1699/1699 273/273 1730/1730
f 1469/1469 1530/1530 1711/1711
f 1711/1711 1196/1196 1469/1469
f 1711/1711 672/672 1244/1244
f 1244/1244 902/902 1711/1711
f 1245/1245 673/673 1142/1142
f 1142/1142 1488/1488 1245/1245
f 1245/1245 1488/1488 1806/1806
f 1806/1806 2036/2036 1245/1245
f 916/916 1529/1529 760/760
f 760/760 197/197 916/916
f 673/673 916/916 197/197
f 197/197 1142/1142 673/673
f 1470/1470 114/114 38/38
f 38/38 440/440 1470/1470
f 1529/1529 1470/1470 440/440
f 440/440 760/760 1529/1529
f 1729/1729 419/419 2266/2266
f 2266/2266 1397/1397 1729/1729
f 114/114 1729/1729 1397/1397
f 1397/1397 38/38 114/114
f 274/274 1698/1698 949/949
f 949/949 1974/1974 274/274
f 1274/1274 274/274 1974/1974
f 1974/1974 1717/1717 1274/1274
f 1195/1195 1710/1710 2083/2083
f 2083/2083 182/182 1195/1195
f 1698/1698 1195/1195 182/182
f 182/182 949/949 1698/1698
f 901/901 372/372 1758/1758
f 1758/1758 1377/1377 901/901
f 1710/1710 901/901 1377/1377
f 1377/1377 2083/2083 1710/1710
f 214/214 2141/2141 1098/1098
f 1098/1098 312/312 214/214
f 372/372 214/214 312/312
f 312/312 1758/1758 372/372
f 2141/2141 1968/1968 1117/1117
f 1117/1117 1098/1098 2141/2141
f 1968/1968 1063/1063 1748/1748
f 1748/1748 1117/1117 1968/1968
f 600/600 716/716 2114/2114
f 2114/2114 2147/2147 600/600
f 157/157 1553/1553 1480/1480
f 1480/1480 1683/1683 157/157
f 110/110 652/652 1844/1844
f 1844/1844 2262/2262 110/110
f 112/112 721/721 948/948
f 948/948 653/653 112/112
f 909/909 771/771 595/595
f 595/595 2034/2034 909/909
f 948/948 721/721 909/909
f 909/909 2034/2034 948/948
f 1393/1393 1537/1537 1102/1102
f 1102/1102 1343/1343 1393/1393
f 952/952 720/720 1979/1979
f 1979/1979 1432/1432 952/952
f 175/175 1762/1762 952/952
f 952/952 1432/1432 175/175
f 720/720 259/259 1199/1199
f 1199/1199 1979/1979 720/720
f 259/259 930/930 696/696
f 696/696 1199/1199 259/259
f 905/905 1847/1847 1440/1440
f 1440/1440 502/502 905/905
f 1394/1394 1762/1762 175/175
f 175/175 1538/1538 1394/1394
f 595/595 1103/1103 2011/2011
f 2011/2011 1813/1813 595/595
f 2025/2025 503/503 221/221
f 221/221 1697/1697 2025/2025
f 502/502 1440/1440 2169/2169
f 2169/2169 220/220 502/502
f 806/806 2169/2169 1440/1440
f 1440/1440 183/183 806/806
f 183/183 122/122 2217/2217
f 2217/2217 806/806 183/183
f 1456/1456 973/973 2217/2217
f 2217/2217 122/122 1456/1456
f 666/666 1751/1751 291/291
f 291/291 272/272 666/666
f 2262/2262 1844/1844 731/731
f 731/731 1202/1202 2262/2262
f 1282/1282 731/731 1844/1844
f 1844/1844 1498/1498 1282/1282
f 2014/2014 1590/1590 127/127
f 1498/1498 2014/2014 127/127
f 127/127 1282/1282 1498/1498
f 1408/1408 1415/1415 1153/1153
f 1153/1153 2078/2078 1408/1408
f 1805/1805 2078/2078 1153/1153
f 1153/1153 1994/1994 1805/1805
f 776/776 1923/1923 1153/1153
f 1153/1153 1415/1415 776/776
f 1624/1624 1258/1258 344/344
f 344/344 140/140 1624/1624
f 141/141 343/343 1685/1685
f 1685/1685 1932/1932 141/141
f 1932/1932 1685/1685 272/272
f 272/272 845/845 1932/1932
f 1069/1069 1808/1808 1715/1715
f 1715/1715 292/292 1069/1069
f 289/289 479/479 1690/1690
f 1690/1690 2091/2091 289/289
f 1629/1629 427/427 146/146
f 146/146 1295/1295 1629/1629
f 600/600 2147/2147 147/147
f 147/147 428/428 600/600
f 712/712 711/711 147/147
f 147/147 2147/2147 712/712
f 777/777 480/480 290/290
f 290/290 575/575 777/777
f 272/272 291/291 1714/1714
f 1714/1714 845/845 272/272
f 776/776 1415/1415 1555/1555
f 1555/1555 479/479 776/776
f 986/986 1994/1994 1153/1153
f 1153/1153 1923/1923 986/986
f 712/712 987/987 1922/1922
f 1922/1922 575/575 712/712
f 575/575 1922/1922 777/777
f 718/718 1683/1683 1480/1480
f 1480/1480 2113/2113 718/718
f 1281/1281 128/128 2078/2078
f 2078/2078 1805/1805 1281/1281
f 1408/1408 2078/2078 128/128
f 128/128 1591/1591 1408/1408
f 1805/1805 1553/1553 732/732
f 732/732 1281/1281 1805/1805
f 157/157 1204/1204 732/732
f 732/732 1553/1553 157/157
f 710/710 289/289 2091/2091
f 2091/2091 2205/2205 710/710
f 712/712 575/575 290/290
f 290/290 711/711 712/712
f 828/828 257/257 1918/1918
f 1918/1918 973/973 828/828
f 1918/1918 121/121 2217/2217
f 2217/2217 973/973 1918/1918
f 1539/1539 806/806 2217/2217
f 2217/2217 121/121 1539/1539
f 1539/1539 696/696 2169/2169
f 2169/2169 806/806 1539/1539
f 930/930 220/220 2169/2169
f 2169/2169 696/696 930/930
f 221/221 931/931 1593/1593
f 1593/1593 1697/1697 221/221
f 1593/1593 1950/1950 420/420
f 420/420 1697/1697 1593/1593
f 2178/2178 420/420 1950/1950
f 1392/1392 1342/1342 770/770
f 839/839 517/517 944/944
f 827/827 839/839 944/944
f 827/827 944/944 2216/2216
f 907/907 361/361 1752/1752
f 1752/1752 1848/1848 907/907
f 361/361 159/159 397/397
f 397/397 1752/1752 361/361
f 159/159 708/708 1022/1022
f 1022/1022 397/397 159/159
f 1022/1022 708/708 1118/1118
f 1118/1118 299/299 1022/1022
f 299/299 1118/1118 2186/2186
f 2186/2186 1580/1580 299/299
f 1580/1580 2186/2186 1860/1860
f 1860/1860 283/283 1580/1580
f 1860/1860 1738/1738 14/14
f 14/14 283/283 1860/1860
f 1738/1738 841/841 1042/1042
f 1042/1042 14/14 1738/1738
f 841/841 2037/2037 1807/1807
f 1807/1807 1042/1042 841/841
f 167/167 155/155 218/218
f 218/218 104/104 167/167
f 1331/1331 621/621 155/155
f 155/155 167/167 1331/1331
f 1573/1573 104/104 218/218
f 218/218 556/556 1573/1573
f 2191/2191 1573/1573 556/556
f 556/556 64/64 2191/2191
f 2031/2031 2231/2231 621/621
f 621/621 1331/1331 2031/2031
f 1065/1065 1731/1731 621/621
f 621/621 2231/2231 1065/1065
f 1731/1731 429/429 155/155
f 155/155 621/621 1731/1731
f 429/429 675/675 218/218
f 218/218 155/155 429/429
f 218/218 675/675 1754/1754
f 1754/1754 556/556 218/218
f 556/556 1754/1754 804/804
f 804/804 64/64 556/556
f 64/64 804/804 536/536
f 536/536 2247/2247 64/64
f 1532/1532 1119/1119 707/707
f 707/707 160/160 1532/1532
f 2073/2073 2213/2213 1363/1363
f 1363/1363 1492/1492 2073/2073
f 392/392 1827/1827 477/477
f 477/477 394/394 392/392
f 618/618 1627/1627 392/392
f 392/392 394/394 618/618
f 1714/1714 862/862 1690/1690
f 1690/1690 479/479 1714/1714
f 863/863 604/604 1820/1820
f 1820/1820 286/286 863/863
f 286/286 1820/1820 2171/2171
f 2171/2171 812/812 286/286
f 812/812 2171/2171 943/943
f 943/943 2007/2007 812/812
f 2007/2007 943/943 516/516
f 516/516 211/211 2007/2007
f 211/211 1038/1038 1799/1799
f 1799/1799 2007/2007 211/211
f 2007/2007 1799/1799 786/786
f 786/786 812/812 2007/2007
f 786/786 1288/1288 286/286
f 286/286 812/812 786/786
f 1288/1288 1691/1691 863/863
f 863/863 286/286 1288/1288
f 1809/1809 605/605 862/862
f 862/862 1714/1714 1809/1809
f 156/156 1684/1684 2184/2184
f 1456/1456 210/210 515/515
f 515/515 838/838 1456/1456
f 2172/2172 2218/2218 2216/2216
f 2216/2216 944/944 2172/2172
f 1070/1070 1749/1749 2218/2218
f 1821/1821 1070/1070 2218/2218
f 2172/2172 1821/1821 2218/2218
f 256/256 835/835 1764/1764
f 1764/1764 2079/2079 256/256
f 256/256 827/827 2216/2216
f 256/256 2216/2216 2218/2218
f 835/835 256/256 2218/2218
f 665/665 2125/2125 1764/1764
f 1764/1764 835/835 665/665
f 1917/1917 212/212 367/367
f 367/367 1436/1436 1917/1917
f 1436/1436 367/367 473/473
f 473/473 330/330 1436/1436
f 1735/1735 330/330 473/473
f 473/473 1001/1001 1735/1735
f 1859/1859 1735/1735 1001/1001
f 1001/1001 1428/1428 1859/1859
f 2187/2187 1859/1859 1428/1428
f 1428/1428 1718/1718 2187/2187
f 1360/1360 1341/1341 212/212
f 212/212 1917/1917 1360/1360
f 525/525 1218/1218 1341/1341
f 1341/1341 1360/1360 525/525
f 1830/1830 2225/2225 1218/1218
f 1218/1218 525/525 1830/1830
f 1268/1268 1317/1317 2225/2225
f 2225/2225 1830/1830 1268/1268
f 729/729 2268/2268 1317/1317
f 1317/1317 1268/1268 729/729
f 2212/2212 2070/2070 1317/1317
f 1317/1317 2268/2268 2212/2212
f 2070/2070 260/260 2225/2225
f 2225/2225 1317/1317 2070/2070
f 260/260 1224/1224 1218/1218
f 1218/1218 2225/2225 260/260
f 1224/1224 1303/1303 1341/1341
f 1341/1341 1218/1218 1224/1224
f 1303/1303 1693/1693 212/212
f 212/212 1341/1341 1303/1303
f 1693/1693 2207/2207 367/367
f 367/367 212/212 1693/1693
f 367/367 2207/2207 1956/1956
f 1956/1956 473/473 367/367
f 473/473 1956/1956 1841/1841
f 1841/1841 1001/1001 473/473
f 1001/1001 1841/1841 638/638
f 638/638 1428/1428 1001/1001
f 638/638 702/702 571/571
f 638/638 571/571 1718/1718
f 1428/1428 638/638 1718/1718
f 705/705 1718/1718 571/571
f 571/571 1786/1786 705/705
f 606/606 1810/1810 1070/1070
f 1070/1070 1821/1821 606/606
f 971/971 1062/1062 1967/1967
f 1967/1967 2140/2140 971/971
f 971/971 2140/2140 213/213
f 213/213 227/227 971/971
f 227/227 213/213 371/371
f 371/371 474/474 227/227
f 474/474 371/371 902/902
f 902/902 217/217 474/474
f 1711/1711 1530/1530 917/917
f 917/917 672/672 1711/1711
f 1244/1244 2035/2035 217/217
f 217/217 902/902 1244/1244
f 2252/2252 466/466 1984/1984
f 1984/1984 200/200 2252/2252
f 1773/1773 1403/1403 853/853
f 853/853 1027/1027 1773/1773
f 1302/1302 176/176 1111/1111
f 1111/1111 682/682 1302/1302
f 596/596 2008/2008 1550/1550
f 1550/1550 1603/1603 596/596
f 2009/2009 597/597 229/229
f 229/229 1000/1000 2009/2009
f 1340/1340 743/743 903/903
f 903/903 131/131 1340/1340
f 185/185 131/131 903/903
f 903/903 992/992 185/185
f 1713/1713 1885/1885 876/876
f 876/876 1077/1077 1713/1713
f 1077/1077 876/876 743/743
f 743/743 1340/1340 1077/1077
f 512/512 628/628 972/972
f 972/972 1600/1600 512/512
f 1600/1600 972/972 1885/1885
f 1885/1885 1713/1713 1600/1600
f 215/215 416/416 1325/1325
f 1325/1325 968/968 215/215
f 628/628 512/512 215/215
f 215/215 968/968 628/628
f 1992/1992 1877/1877 1946/1946
f 1946/1946 774/774 1992/1992
f 1946/1946 1326/1326 417/417
f 417/417 774/774 1946/1946
f 2077/2077 1/1 1487/1487
f 1487/1487 1484/1484 2077/2077
f 1484/1484 1487/1487 1877/1877
f 1877/1877 1992/1992 1484/1484
f 514/514 1215/1215 1766/1766
f 1766/1766 25/25 514/514
f 25/25 1766/1766 1/1
f 1/1 2077/2077 25/25
f 1767/1767 1254/1254 2164/2164
f 2164/2164 803/803 1767/1767
f 803/803 2164/2164 1215/1215
f 1215/1215 514/514 803/803
f 2064/2064 172/172 1149/1149
f 1149/1149 870/870 2064/2064
f 133/133 1265/1265 1919/1919
f 1919/1919 1866/1866 133/133
f 266/266 295/295 1619/1619
f 1619/1619 1571/1571 266/266
f 1800/1800 1349/1349 1297/1297
f 1297/1297 485/485 1800/1800
f 35/35 1395/1395 2145/2145
f 2145/2145 204/204 35/35
f 1108/1108 1072/1072 475/475
f 475/475 247/247 1108/1108
f 435/435 1921/1921 2224/2224
f 2224/2224 1905/1905 435/435
f 1496/1496 816/816 1139/1139
f 1139/1139 900/900 1496/1496
f 149/149 83/83 654/654
f 149/149 654/654 1853/1853
f 149/149 1853/1853 1046/1046
f 17/17 1464/1464 1401/1401
f 1401/1401 1400/1400 17/17
f 1853/1853 1400/1400 1401/1401
f 1401/1401 1046/1046 1853/1853
f 810/810 499/499 2044/2044
f 2044/2044 414/414 810/810
f 1236/1236 1999/1999 250/250
f 250/250 1043/1043 1236/1236
f 1091/1091 1043/1043 250/250
f 250/250 1551/1551 1091/1091
f 176/176 1302/1302 1999/1999
f 1999/1999 1236/1236 176/176
f 176/176 969/969 1420/1420
f 1420/1420 1111/1111 176/176
f 1155/1155 596/596 1603/1603
f 1603/1603 1190/1190 1155/1155
f 597/597 1156/1156 1434/1434
f 1434/1434 229/229 597/597
f 185/185 1311/1311 822/822
f 822/822 131/131 185/185
f 1340/1340 131/131 822/822
f 822/822 1183/1183 1340/1340
f 1340/1340 1183/1183 1076/1076
f 1076/1076 1077/1077 1340/1340
f 1713/1713 1077/1077 1076/1076
f 1076/1076 188/188 1713/1713
f 1713/1713 188/188 1366/1366
f 1366/1366 1600/1600 1713/1713
f 512/512 1600/1600 1366/1366
f 1366/1366 1086/1086 512/512
f 512/512 1086/1086 350/350
f 350/350 215/215 512/512
f 416/416 215/215 350/350
f 350/350 1323/1323 416/416
f 774/774 417/417 1321/1321
f 1321/1321 850/850 774/774
f 850/850 1404/1404 1992/1992
f 1992/1992 774/774 850/850
f 1992/1992 1404/1404 1965/1965
f 1965/1965 1484/1484 1992/1992
f 2077/2077 1484/1484 1965/1965
f 1965/1965 1931/1931 2077/2077
f 2077/2077 1931/1931 1164/1164
f 1164/1164 25/25 2077/2077
f 514/514 25/25 1164/1164
f 1164/1164 585/585 514/514
f 514/514 585/585 1453/1453
f 1453/1453 803/803 514/514
f 1767/1767 803/803 1453/1453
f 1453/1453 1466/1466 1767/1767
f 1919/1919 2059/2059 376/376
f 376/376 172/172 1919/1919
f 172/172 376/376 423/423
f 423/423 1149/1149 172/172
f 1919/1919 172/172 2064/2064
f 2064/2064 1866/1866 1919/1919
f 1619/1619 253/253 918/918
f 918/918 1265/1265 1619/1619
f 1265/1265 918/918 2059/2059
f 2059/2059 1919/1919 1265/1265
f 1619/1619 1265/1265 133/133
f 133/133 1571/1571 1619/1619
f 1297/1297 1299/1299 296/296
f 296/296 295/295 1297/1297
f 295/295 296/296 253/253
f 253/253 1619/1619 295/295
f 1297/1297 295/295 266/266
f 266/266 485/485 1297/1297
f 35/35 148/148 1348/1348
f 1348/1348 1349/1349 35/35
f 1349/1349 1348/1348 1299/1299
f 1299/1299 1297/1297 1349/1349
f 35/35 1349/1349 1800/1800
f 1800/1800 1395/1395 35/35
f 740/740 148/148 35/35
f 35/35 204/204 740/740
f 1293/1293 204/204 2145/2145
f 2145/2145 1938/1938 1293/1293
f 475/475 1996/1996 975/975
f 975/975 1599/1599 475/475
f 341/341 247/247 475/475
f 475/475 1599/1599 341/341
f 435/435 809/809 725/725
f 725/725 1072/1072 435/435
f 1072/1072 725/725 1996/1996
f 1996/1996 475/475 1072/1072
f 435/435 1072/1072 1108/1108
f 1108/1108 1921/1921 435/435
f 520/520 2041/2041 1948/1948
f 1948/1948 1905/1905 520/520
f 1905/1905 1948/1948 809/809
f 809/809 435/435 1905/1905
f 1563/1563 1842/1842 228/228
f 228/228 184/184 1563/1563
f 184/184 1350/1350 1056/1056
f 1056/1056 1563/1563 184/184
f 2234/2234 270/270 580/580
f 1207/1207 2234/2234 580/580
f 1057/1057 1207/1207 580/580
f 1057/1057 580/580 1564/1564
f 1496/1496 900/900 1657/1657
f 1657/1657 1648/1648 1496/1496
f 1380/1380 478/478 830/830
f 830/830 1818/1818 1380/1380
f 8/8 993/993 1853/1853
f 1853/1853 654/654 8/8
f 1853/1853 993/993 1589/1589
f 1589/1589 1400/1400 1853/1853
f 17/17 1400/1400 1589/1589
f 414/414 496/496 46/46
f 46/46 810/810 414/414
f 1091/1091 400/400 1043/1043
f 1236/1236 1043/1043 400/400
f 400/400 1162/1162 1236/1236
f 1236/1236 1162/1162 969/969
f 969/969 176/176 1236/1236
f 129/129 547/547 1302/1302
f 1302/1302 682/682 129/129
f 2008/2008 94/94 612/612
f 612/612 1550/1550 2008/2008
f 2009/2009 1000/1000 1701/1701
f 1701/1701 96/96 2009/2009
f 577/577 903/903 743/743
f 743/743 449/449 577/577
f 903/903 577/577 100/100
f 100/100 992/992 903/903
f 2111/2111 876/876 1885/1885
f 1885/1885 2088/2088 2111/2111
f 876/876 2111/2111 449/449
f 449/449 743/743 876/876
f 317/317 972/972 628/628
f 628/628 108/108 317/317
f 972/972 317/317 2088/2088
f 2088/2088 1885/1885 972/972
f 968/968 1325/1325 1637/1637
f 1637/1637 1508/1508 968/968
f 628/628 968/968 1508/1508
f 1508/1508 108/108 628/628
f 254/254 1946/1946 1877/1877
f 1877/1877 674/674 254/254
f 1639/1639 1326/1326 1946/1946
f 1946/1946 254/254 1639/1639
f 1485/1485 1487/1487 1/1
f 1/1 1833/1833 1485/1485
f 1487/1487 1485/1485 674/674
f 674/674 1877/1877 1487/1487
f 255/255 1766/1766 1215/1215
f 1215/1215 1926/1926 255/255
f 1766/1766 255/255 1833/1833
f 1833/1833 1/1 1766/1766
f 1458/1458 2164/2164 1254/1254
f 1254/1254 1971/1971 1458/1458
f 2164/2164 1458/1458 1926/1926
f 1926/1926 1215/1215 2164/2164
f 377/377 376/376 2059/2059
f 2059/2059 775/775 377/377
f 376/376 377/377 1445/1445
f 1445/1445 423/423 376/376
f 1138/1138 918/918 253/253
f 253/253 202/202 1138/1138
f 918/918 1138/1138 775/775
f 775/775 2059/2059 918/918
f 1687/1687 296/296 1299/1299
f 1299/1299 2204/2204 1687/1687
f 296/296 1687/1687 202/202
f 202/202 253/253 296/296
f 1347/1347 1348/1348 148/148
f 148/148 1455/1455 1347/1347
f 1348/1348 1347/1347 2204/2204
f 2204/2204 1299/1299 1348/1348
f 148/148 740/740 934/934
f 934/934 1455/1455 148/148
f 402/402 975/975 1996/1996
f 1996/1996 1650/1650 402/402
f 1425/1425 1398/1398 975/975
f 975/975 402/402 1425/1425
f 825/825 725/725 809/809
f 809/809 2139/2139 825/825
f 725/725 825/825 1650/1650
f 1650/1650 1996/1996 725/725
f 1595/1595 1948/1948 2041/2041
f 2041/2041 325/325 1595/1595
f 1948/1948 1595/1595 2139/2139
f 2139/2139 809/809 1948/1948
f 1842/1842 831/831 650/650
f 650/650 228/228 1842/1842
f 149/149 1046/1046 1763/1763
f 1763/1763 380/380 149/149
f 268/268 1401/1401 1464/1464
f 1464/1464 2127/2127 268/268
f 1401/1401 268/268 1763/1763
f 1763/1763 1046/1046 1401/1401
f 499/499 1510/1510 1036/1036
f 1036/1036 2044/2044 499/499
f 251/251 250/250 1999/1999
f 1999/1999 1997/1997 251/251
f 250/250 251/251 1475/1475
f 1475/1475 1551/1551 250/250
f 1302/1302 547/547 1997/1997
f 1997/1997 1999/1999 1302/1302
f 1867/1867 2065/2065 1454/1454
f 1454/1454 586/586 1867/1867
f 2065/2065 869/869 1467/1467
f 1467/1467 1454/1454 2065/2065
f 1572/1572 132/132 1165/1165
f 1165/1165 1930/1930 1572/1572
f 132/132 1867/1867 586/586
f 586/586 1165/1165 132/132
f 484/484 267/267 1964/1964
f 1964/1964 1405/1405 484/484
f 267/267 1572/1572 1930/1930
f 1930/1930 1964/1964 267/267
f 1801/1801 851/851 1322/1322
f 1322/1322 1396/1396 1801/1801
f 1801/1801 484/484 1405/1405
f 1405/1405 851/851 1801/1801
f 1936/1936 2146/2146 351/351
f 351/351 1087/1087 1936/1936
f 246/246 342/342 1365/1365
f 1365/1365 189/189 246/246
f 342/342 1936/1936 1087/1087
f 1087/1087 1365/1365 342/342
f 1920/1920 1109/1109 1075/1075
f 1075/1075 1182/1182 1920/1920
f 1109/1109 246/246 189/189
f 189/189 1075/1075 1109/1109
f 684/684 2223/2223 821/821
f 821/821 1310/1310 684/684
f 2223/2223 1920/1920 1182/1182
f 1182/1182 821/821 2223/2223
f 882/882 684/684 1310/1310
f 1310/1310 1433/1433 882/882
f 1912/1912 521/521 46/46
f 46/46 496/496 1912/1912
f 1307/1307 1287/1287 1819/1819
f 1819/1819 829/829 1307/1307
f 1380/1380 1818/1818 817/817
f 817/817 452/452 1380/1380
f 654/654 83/83 900/900
f 900/900 1139/1139 654/654
f 900/900 83/83 75/75
f 75/75 1657/1657 900/900
f 76/76 84/84 150/150
f 150/150 999/999 76/76
f 181/181 999/999 150/150
f 150/150 381/381 181/181
f 270/270 2234/2234 816/816
f 816/816 1496/1496 270/270
f 594/594 1308/1308 509/509
f 453/453 819/819 1793/1793
f 101/101 576/576 450/450
f 450/450 1976/1976 101/101
f 450/450 2110/2110 800/800
f 800/800 1976/1976 450/450
f 2110/2110 2089/2089 1128/1128
f 1128/1128 800/800 2110/2110
f 2089/2089 316/316 2159/2159
f 2159/2159 1128/1128 2089/2089
f 316/316 109/109 87/87
f 87/87 2159/2159 316/316
f 980/980 773/773 303/303
f 303/303 324/324 980/980
f 980/980 651/651 773/773
f 194/194 1210/1210 1639/1639
f 1639/1639 254/254 194/194
f 1927/1927 194/194 254/254
f 254/254 674/674 1927/1927
f 1486/1486 1927/1927 674/674
f 674/674 1485/1485 1486/1486
f 921/921 1486/1486 1485/1485
f 1485/1485 1833/1833 921/921
f 356/356 921/921 1833/1833
f 1833/1833 255/255 356/356
f 1635/1635 356/356 255/255
f 255/255 1926/1926 1635/1635
f 282/282 1635/1635 1926/1926
f 1926/1926 1458/1458 282/282
f 1673/1673 282/282 1458/1458
f 1458/1458 1971/1971 1673/1673
f 1095/1095 1337/1337 1445/1445
f 1445/1445 377/377 1095/1095
f 733/733 1095/1095 377/377
f 377/377 775/775 733/733
f 1497/1497 733/733 775/775
f 775/775 1138/1138 1497/1497
f 965/965 1497/1497 1138/1138
f 1138/1138 202/202 965/965
f 1686/1686 965/965 202/202
f 202/202 1687/1687 1686/1686
f 1298/1298 1686/1686 1687/1687
f 1687/1687 2204/2204 1298/1298
f 1346/1346 1298/1298 2204/2204
f 2204/2204 1347/1347 1346/1346
f 561/561 1346/1346 1347/1347
f 1347/1347 1455/1455 561/561
f 552/552 561/561 1455/1455
f 1455/1455 934/934 552/552
f 934/934 1426/1426 920/920
f 920/920 552/552 934/934
f 529/529 947/947 2074/2074
f 2074/2074 656/656 529/529
f 947/947 2133/2133 784/784
f 784/784 2074/2074 947/947
f 832/832 358/358 1238/1238
f 1238/1238 1506/1506 832/832
f 833/833 939/939 1526/1526
f 1526/1526 359/359 833/833
f 82/82 47/47 1676/1676
f 1676/1676 889/889 82/82
f 47/47 686/686 928/928
f 928/928 1676/1676 47/47
f 687/687 1955/1955 1568/1568
f 1568/1568 929/929 687/687
f 1247/1247 1500/1500 1568/1568
f 1568/1568 1955/1955 1247/1247
f 181/181 381/381 1007/1007
f 1007/1007 1205/1205 181/181
f 380/380 1763/1763 736/736
f 736/736 1008/1008 380/380
f 1763/1763 268/268 1009/1009
f 1009/1009 736/736 1763/1763
f 268/268 2127/2127 1028/1028
f 1028/1028 1009/1009 268/268
f 1036/1036 1510/1510 1512/1512
f 1512/1512 559/559 1036/1036
f 1475/1475 251/251 252/252
f 252/252 1468/1468 1475/1475
f 251/251 1997/1997 1998/1998
f 1998/1998 252/252 251/251
f 1997/1997 547/547 465/465
f 465/465 1998/1998 1997/1997
f 547/547 129/129 103/103
f 103/103 465/465 547/547
f 612/612 94/94 1197/1197
f 1197/1197 241/241 612/612
f 1015/1015 446/446 1130/1130
f 1130/1130 854/854 1015/1015
f 446/446 2115/2115 2003/2003
f 2003/2003 1130/1130 446/446
f 854/854 1130/1130 2016/2016
f 2016/2016 1770/1770 854/854
f 1130/1130 2003/2003 1461/1461
f 1461/1461 2016/2016 1130/1130
f 2253/2253 1023/1023 584/584
f 584/584 1237/1237 2253/2253
f 488/488 1770/1770 1237/1237
f 1237/1237 584/584 488/488
f 464/464 1679/1679 1594/1594
f 1594/1594 1015/1015 464/464
f 1015/1015 1594/1594 1554/1554
f 1554/1554 446/446 1015/1015
f 2115/2115 446/446 1554/1554
f 1554/1554 130/130 2115/2115
f 1356/1356 1071/1071 977/977
f 977/977 281/281 1356/1356
f 865/865 1071/1071 1356/1356
f 1356/1356 2201/2201 865/865
f 1912/1912 1794/1794 818/818
f 1819/1819 1287/1287 521/521
f 818/818 1819/1819 521/521
f 1912/1912 818/818 521/521
f 1989/1989 2039/2039 1893/1893
f 1893/1893 1066/1066 1989/1989
f 2264/2264 2062/2062 584/584
f 584/584 1023/1023 2264/2264
f 2062/2062 483/483 488/488
f 488/488 584/584 2062/2062
f 1059/1059 1039/1039 4/4
f 4/4 1233/1233 1059/1059
f 1059/1059 871/871 1240/1240
f 1240/1240 1039/1039 1059/1059
f 871/871 73/73 488/488
f 488/488 483/483 1240/1240
f 871/871 488/488 1240/1240
f 73/73 1381/1381 854/854
f 854/854 1770/1770 488/488
f 73/73 854/854 488/488
f 1381/1381 1516/1516 854/854
f 692/692 71/71 1594/1594
f 1594/1594 1679/1679 692/692
f 71/71 2093/2093 977/977
f 977/977 1594/1594 71/71
f 2093/2093 914/914 281/281
f 281/281 977/977 2093/2093
f 2201/2201 728/728 130/130
f 130/130 865/865 2201/2201
f 728/728 966/966 2115/2115
f 2115/2115 130/130 728/728
f 966/966 1417/1417 2003/2003
f 2003/2003 2115/2115 966/966
f 1417/1417 2108/2108 1461/1461
f 1461/1461 2003/2003 1417/1417
f 293/293 2098/2098 2264/2264
f 2264/2264 1023/1023 293/293
f 970/970 1161/1161 521/521
f 521/521 1287/1287 970/970
f 1161/1161 399/399 46/46
f 46/46 521/521 1161/1161
f 399/399 1092/1092 810/810
f 810/810 46/46 399/399
f 1091/1091 1551/1551 498/498
f 498/498 811/811 1091/1091
f 1551/1551 1475/1475 1511/1511
f 1511/1511 498/498 1551/1551
f 1475/1475 1468/1468 1513/1513
f 1513/1513 1511/1511 1475/1475
f 913/913 1028/1028 558/558
f 558/558 320/320 913/913
f 2127/2127 1464/1464 2043/2043
f 2043/2043 1035/1035 2127/2127
f 1464/1464 17/17 415/415
f 415/415 2043/2043 1464/1464
f 17/17 1589/1589 497/497
f 497/497 415/415 17/17
f 1588/1588 994/994 1912/1912
f 1912/1912 496/496 1588/1588
f 994/994 7/7 1794/1794
f 1794/1794 1912/1912 994/994
f 1154/1154 1189/1189 1058/1058
f 1058/1058 1351/1351 1154/1154
f 2132/2132 946/946 1633/1633
f 1633/1633 950/950 2132/2132
f 528/528 93/93 1633/1633
f 1633/1633 946/946 528/528
f 1507/1507 1638/1638 1410/1410
f 1410/1410 87/87 109/109
f 1507/1507 1410/1410 109/109
f 1863/1863 505/505 875/875
f 875/875 6/6 1863/1863
f 1427/1427 1856/1856 875/875
f 875/875 505/505 1427/1427
f 403/403 1649/1649 1856/1856
f 1856/1856 1427/1427 403/403
f 826/826 2138/2138 1856/1856
f 1856/1856 1649/1649 826/826
f 2138/2138 1596/1596 1032/1032
f 1032/1032 1856/1856 2138/2138
f 1596/1596 324/324 303/303
f 303/303 1032/1032 1596/1596
f 602/602 1895/1895 772/772
f 772/772 1369/1369 602/602
f 1895/1895 1384/1384 304/304
f 304/304 772/772 1895/1895
f 1384/1384 1654/1654 1031/1031
f 1031/1031 304/304 1384/1384
f 1654/1654 542/542 1855/1855
f 1855/1855 1031/1031 1654/1654
f 543/543 1010/1010 874/874
f 874/874 1854/1854 543/543
f 1010/1010 625/625 5/5
f 5/5 874/874 1010/1010
f 625/625 22/22 646/646
f 646/646 5/5 625/625
f 22/22 2020/2020 86/86
f 86/86 646/646 22/22
f 2020/2020 734/734 2158/2158
f 2158/2158 86/86 2020/2020
f 734/734 1328/1328 1127/1127
f 1127/1127 2158/2158 734/734
f 1328/1328 91/91 799/799
f 799/799 1127/1127 1328/1328
f 91/91 1067/1067 1977/1977
f 1977/1977 799/799 91/91
f 1067/1067 1894/1894 1634/1634
f 1634/1634 1977/1977 1067/1067
f 1894/1894 2038/2038 951/951
f 951/951 1634/1634 1894/1894
f 2038/2038 80/80 639/639
f 639/639 951/951 2038/2038
f 80/80 602/602 1369/1369
f 1369/1369 639/639 80/80
f 1599/1599 975/975 1398/1398
f 1398/1398 1292/1292 1599/1599
f 1937/1937 341/341 1599/1599
f 1599/1599 1292/1292 1937/1937
f 1399/1399 740/740 204/204
f 204/204 1293/1293 1399/1399
f 934/934 740/740 1399/1399
f 1399/1399 1426/1426 934/934
f 2252/2252 200/200 853/853
f 853/853 1403/1403 2252/2252
f 1352/1352 144/144 1984/1984
f 1984/1984 466/466 1352/1352
f 1352/1352 124/124 769/769
f 769/769 144/144 1352/1352
f 1907/1907 2245/2245 504/504
f 504/504 1862/1862 1907/1907
f 1409/1409 1636/1636 1211/1211
f 1211/1211 2241/2241 1409/1409
f 1463/1463 2241/2241 1211/1211
f 1211/1211 1945/1945 1463/1463
f 1463/1463 319/319 648/648
f 648/648 2241/2241 1463/1463
f 319/319 570/570 1907/1907
f 1907/1907 648/648 319/319
f 570/570 243/243 2245/2245
f 2245/2245 1907/1907 570/570
f 243/243 1875/1875 919/919
f 919/919 2245/2245 243/243
f 378/378 194/194 1927/1927
f 1927/1927 123/123 378/378
f 1210/1210 194/194 378/378
f 378/378 1943/1943 1210/1210
f 768/768 1486/1486 921/921
f 921/921 145/145 768/768
f 123/123 1927/1927 1486/1486
f 1486/1486 768/768 123/123
f 1983/1983 356/356 1635/1635
f 1635/1635 199/199 1983/1983
f 145/145 921/921 356/356
f 356/356 1983/1983 145/145
f 852/852 282/282 1673/1673
f 1673/1673 1026/1026 852/852
f 199/199 1635/1635 282/282
f 282/282 852/852 199/199
f 1402/1402 1095/1095 733/733
f 733/733 2251/2251 1402/1402
f 1774/1774 1337/1337 1095/1095
f 1095/1095 1402/1402 1774/1774
f 467/467 1497/1497 965/965
f 965/965 1353/1353 467/467
f 2251/2251 733/733 1497/1497
f 1497/1497 467/467 2251/2251
f 2103/2103 1686/1686 1298/1298
f 1298/1298 422/422 2103/2103
f 1353/1353 965/965 1686/1686
f 1686/1686 2103/2103 1353/1353
f 591/591 1346/1346 561/561
f 561/561 898/898 591/591
f 422/422 1298/1298 1346/1346
f 1346/1346 591/591 422/422
f 898/898 561/561 552/552
f 552/552 1104/1104 898/898
f 1104/1104 552/552 920/920
f 920/920 1874/1874 1104/1104
f 1424/1424 504/504 2245/2245
f 2245/2245 919/919 1424/1424
f 648/648 1907/1907 1862/1862
f 1862/1862 2156/2156 648/648
f 2241/2241 648/648 2156/2156
f 2156/2156 1409/1409 2241/2241
f 1410/1410 2155/2155 647/647
f 647/647 87/87 1410/1410
f 2155/2155 1863/1863 6/6
f 6/6 647/647 2155/2155
f 2061/2061 2074/2074 784/784
f 784/784 482/482 2061/2061
f 656/656 2074/2074 2061/2061
f 2061/2061 2265/2265 656/656
f 2/2 1040/1040 1238/1238
f 1238/1238 358/358 2/2
f 1060/1060 889/889 1676/1676
f 1676/1676 872/872 1060/1060
f 72/72 872/872 1676/1676
f 1676/1676 928/928 72/72
f 1517/1517 1382/1382 1568/1568
f 1568/1568 1500/1500 1517/1517
f 691/691 1678/1678 1205/1205
f 1205/1205 1007/1007 691/691
f 690/690 1008/1008 736/736
f 736/736 70/70 690/690
f 2094/2094 1009/1009 1028/1028
f 1028/1028 913/913 2094/2094
f 736/736 1009/1009 2094/2094
f 2094/2094 70/70 736/736
f 714/714 322/322 559/559
f 559/559 1512/1512 714/714
f 727/727 252/252 1998/1998
f 1998/1998 967/967 727/727
f 1468/1468 252/252 727/727
f 727/727 2200/2200 1468/1468
f 967/967 1998/1998 465/465
f 465/465 1416/1416 967/967
f 1416/1416 465/465 103/103
f 103/103 2109/2109 1416/1416
f 2099/2099 294/294 241/241
f 241/241 1197/1197 2099/2099
f 715/715 1513/1513 1468/1468
f 1468/1468 2200/2200 715/715
f 1028/1028 2127/2127 1035/1035
f 1035/1035 558/558 1028/1028
f 1023/1023 2253/2253 1460/1460
f 1460/1460 293/293 1023/1023
f 294/294 1459/1459 1779/1779
f 1779/1779 241/241 294/294
f 2237/2237 612/612 241/241
f 241/241 1779/1779 2237/2237
f 612/612 2237/2237 793/793
f 793/793 1550/1550 612/612
f 1603/1603 1550/1550 793/793
f 793/793 669/669 1603/1603
f 1603/1603 669/669 795/795
f 795/795 1190/1190 1603/1603
f 1311/1311 185/185 229/229
f 229/229 1434/1434 1311/1311
f 185/185 992/992 1000/1000
f 1000/1000 229/229 185/185
f 1000/1000 992/992 100/100
f 100/100 1701/1701 1000/1000
f 2100/2100 1198/1198 656/656
f 656/656 2265/2265 2100/2100
f 95/95 529/529 656/656
f 656/656 1198/1198 95/95
f 1040/1040 1239/1239 1891/1891
f 1891/1891 1238/1238 1040/1040
f 482/482 784/784 1891/1891
f 1891/1891 1239/1239 482/482
f 327/327 1891/1891 784/784
f 784/784 2133/2133 327/327
f 327/327 1506/1506 1238/1238
f 1238/1238 1891/1891 327/327
f 640/640 1370/1370 834/834
f 834/834 1505/1505 640/640
f 328/328 2132/2132 950/950
f 950/950 640/640 328/328
f 1884/1884 228/228 650/650
f 650/650 979/979 1884/1884
f 2041/2041 1884/1884 979/979
f 979/979 325/325 2041/2041
f 937/937 1884/1884 2041/2041
f 2041/2041 520/520 937/937
f 937/937 184/184 228/228
f 228/228 1884/1884 937/937
f 881/881 937/937 520/520
f 520/520 685/685 881/881
f 1350/1350 184/184 937/937
f 937/937 881/881 1350/1350
f 520/520 1905/1905 2224/2224
f 2224/2224 685/685 520/520
f 830/830 478/478 508/508
f 508/508 1309/1309 830/830
f 1678/1678 462/462 56/56
f 56/56 1205/1205 1678/1678
f 374/374 181/181 1205/1205
f 1205/1205 56/56 374/374
f 999/999 664/664 76/76
f 181/181 374/374 664/664
f 664/664 999/999 181/181
f 1657/1657 938/938 518/518
f 518/518 1648/1648 1657/1657
f 1247/1247 1955/1955 518/518
f 518/518 938/938 1247/1247
f 2242/2242 1648/1648 518/518
f 518/518 2049/2049 2242/2242
f 9/9 655/655 453/453
f 453/453 1793/1793 9/9
f 654/654 1139/1139 1380/1380
f 1380/1380 452/452 654/654
f 1139/1139 816/816 478/478
f 478/478 1380/1380 1139/1139
f 594/594 509/509 2235/2235
f 2235/2235 1209/1209 594/594
f 1843/1843 1564/1564 580/580
f 580/580 510/510 1843/1843
f 3/3 359/359 1526/1526
f 1526/1526 1232/1232 3/3
f 1060/1060 1234/1234 1527/1527
f 1527/1527 889/889 1060/1060
f 82/82 889/889 1527/1527
f 1527/1527 940/940 82/82
f 223/223 511/511 581/581
f 581/581 458/458 223/223
f 271/271 2243/2243 458/458
f 458/458 581/581 271/271
f 478/478 816/816 2234/2234
f 2234/2234 508/508 478/478
f 2242/2242 270/270 1496/1496
f 1496/1496 1648/1648 2242/2242
f 687/687 2049/2049 518/518
f 518/518 1955/1955 687/687
f 24/24 47/47 82/82
f 82/82 223/223 24/24
f 223/223 458/458 24/24
f 24/24 458/458 2243/2243
f 2243/2243 2048/2048 24/24
f 47/47 24/24 2048/2048
f 2048/2048 686/686 47/47
f 74/74 929/929 1568/1568
f 1568/1568 1382/1382 74/74
f 373/373 1247/1247 938/938
f 938/938 663/663 373/373
f 1657/1657 75/75 663/663
f 663/663 938/938 1657/1657
f 1247/1247 373/373 57/57
f 57/57 1500/1500 1247/1247
f 1517/1517 1500/1500 57/57
f 57/57 463/463 1517/1517
f 939/939 833/833 1843/1843
f 1843/1843 510/510 939/939
f 82/82 940/940 511/511
f 511/511 223/223 82/82
f 795/795 669/669 1111/1111
f 1111/1111 1420/1420 795/795
f 1111/1111 669/669 793/793
f 793/793 682/682 1111/1111
f 129/129 682/682 793/793
f 793/793 2237/2237 129/129
f 129/129 2237/2237 1779/1779
f 1779/1779 103/103 129/129
f 2109/2109 103/103 1779/1779
f 1779/1779 1459/1459 2109/2109
f 1460/1460 2253/2253 1461/1461
f 1461/1461 2108/2108 1460/1460
f 1461/1461 2253/2253 1237/1237
f 1237/1237 2016/2016 1461/1461
f 1770/1770 2016/2016 1237/1237
f 1896/1896 601/601 2246/2246
f 2246/2246 1120/1120 1896/1896
f 1383/1383 1896/1896 1120/1120
f 1120/1120 761/761 1383/1383
f 1655/1655 1383/1383 761/761
f 761/761 541/541 1655/1655
f 2246/2246 601/601 81/81
f 81/81 1656/1656 2246/2246
f 1656/1656 81/81 2039/2039
f 2039/2039 1989/1989 1656/1656
f 92/92 1327/1327 1989/1989
f 1989/1989 1066/1066 92/92
f 1327/1327 735/735 1656/1656
f 1656/1656 1989/1989 1327/1327
f 735/735 2019/2019 2246/2246
f 2246/2246 1656/1656 735/735
f 2246/2246 2019/2019 23/23
f 23/23 1120/1120 2246/2246
f 1120/1120 23/23 624/624
f 624/624 761/761 1120/1120
f 761/761 624/624 1011/1011
f 1011/1011 541/541 761/761
f 651/651 834/834 1370/1370
f 1370/1370 773/773 651/651
f 1505/1505 328/328 640/640
f 1700/1700 101/101 1976/1976
f 93/93 1700/1700 1976/1976
f 93/93 1976/1976 1633/1633
f 1419/1419 970/970 1287/1287
f 1287/1287 1307/1307 1419/1419
f 1307/1307 593/593 794/794
f 794/794 1419/1419 1307/1307
f 1351/1351 882/882 1433/1433
f 1433/1433 1154/1154 1351/1351
f 593/593 1208/1208 1058/1058
f 794/794 593/593 1058/1058
f 1189/1189 794/794 1058/1058
f 464/464 1015/1015 854/854
f 854/854 1516/1516 464/464
f 1322/1322 351/351 2146/2146
f 2146/2146 1396/1396 1322/1322
f 1105/1105 1876/1876 242/242
f 242/242 899/899 1105/1105
f 592/592 899/899 242/242
f 242/242 569/569 592/592
f 421/421 592/592 569/569
f 569/569 318/318 421/421
f 2104/2104 421/421 318/318
f 318/318 1462/1462 2104/2104
f 1462/1462 1944/1944 379/379
f 379/379 2104/2104 1462/1462
f 1352/1352 2104/2104 379/379
f 379/379 124/124 1352/1352
f 1356/1356 281/281 914/914
f 914/914 1418/1418 1356/1356
f 1594/1594 977/977 1071/1071
f 1071/1071 1554/1554 1594/1594
f 130/130 1554/1554 1071/1071
f 1071/1071 865/865 130/130
f 1418/1418 713/713 2201/2201
f 2201/2201 1356/1356 1418/1418
f 1418/1418 914/914 321/321
f 321/321 713/713 1418/1418
f 1316/1316 334/334 1993/1993
f 1316/1316 1993/1993 1253/1253
f 179/179 1253/1253 1993/1993
f 179/179 1993/1993 1264/1264
f 239/239 1252/1252 178/178
f 239/239 178/178 860/860
f 384/384 1315/1315 1252/1252
f 384/384 1252/1252 239/239
f 1132/1132 179/179 1264/1264
f 1132/1132 1264/1264 1333/1333
f 693/693 860/860 178/178
f 693/693 178/178 1131/1131
f 1669/1669 1132/1132 1333/1333
f 1669/1669 1333/1333 662/662
f 353/353 1665/1665 1669/1669
f 353/353 1669/1669 662/662
f 1666/1666 1696/1696 2259/2259
f 1666/1666 2259/2259 1670/1670
f 1670/1670 2259/2259 693/693
f 1670/1670 693/693 1131/1131
f 781/781 936/936 1664/1664
f 781/781 1664/1664 354/354
f 1558/1558 1607/1607 936/936
f 1558/1558 936/936 781/781
f 1605/1605 49/49 1581/1581
f 1605/1605 1581/1581 935/935
f 935/935 1581/1581 1696/1696
f 935/935 1696/1696 1666/1666
f 1613/1613 1606/1606 1557/1557
f 1613/1613 1557/1557 1465/1465
f 2194/2194 1613/1613 1465/1465
f 2194/2194 1465/1465 2076/2076
f 2195/2195 641/641 20/20
f 2195/2195 20/20 1614/1614
f 1614/1614 20/20 49/49
f 1614/1614 49/49 1605/1605
f 1587/1587 2194/2194 2076/2076
f 1587/1587 2076/2076 1457/1457
f 1586/1586 1667/1667 641/641
f 1586/1586 641/641 2195/2195
f 306/306 1587/1587 1457/1457
f 306/306 1457/1457 1824/1824
f 2117/2117 306/306 1824/1824
f 2117/2117 1824/1824 1099/1099
f 1047/1047 305/305 2118/2118
f 1047/1047 2118/2118 1726/1726
f 1667/1667 1586/1586 305/305
f 1667/1667 305/305 1047/1047
f 2116/2116 1100/1100 469/469
f 2116/2116 469/469 461/461
f 461/461 469/469 333/333
f 461/461 333/333 1314/1314
f 1925/1925 460/460 1315/1315
f 1925/1925 1315/1315 384/384
f 1726/1726 2118/2118 460/460
f 1726/1726 460/460 1925/1925
f 2183/2183 240/240 861/861
f 2183/2183 861/861 1746/1746
f 1221/1221 383/383 240/240
f 1221/1221 240/240 2183/2183
f 694/694 158/158 1746/1746
f 694/694 1746/1746 861/861
f 1694/1694 2202/2202 180/180
f 1694/1694 180/180 2260/2260
f 2260/2260 180/180 158/158
f 2260/2260 158/158 694/694
f 51/51 1663/1663 177/177
f 51/51 177/177 1582/1582
f 1582/1582 177/177 2203/2203
f 1582/1582 2203/2203 1695/1695
f 21/21 642/642 1951/1951
f 21/21 1951/1951 1615/1615
f 50/50 21/21 1615/1615
f 50/50 1615/1615 1662/1662
f 642/642 1668/1668 988/988
f 642/642 988/988 1951/1951
f 1682/1682 1048/1048 1727/1727
f 1682/1682 1727/1727 2197/2197
f 988/988 1668/1668 1048/1048
f 988/988 1048/1048 1682/1682
f 962/962 1925/1925 384/384
f 962/962 384/384 1223/1223
f 2199/2199 1726/1726 1925/1925
f 2199/2199 1925/1925 962/962
f 334/334 10/10 1126/1126
f 334/334 1126/1126 1993/1993
f 1264/1264 1993/1993 1126/1126
f 1264/1264 1126/1126 2051/2051
f 1333/1333 1264/1264 2051/2051
f 1333/1333 2051/2051 1829/1829
f 662/662 1333/1333 1829/1829
f 662/662 1829/1829 1013/1013
f 353/353 662/662 1013/1013
f 353/353 1013/1013 1898/1898
f 622/622 781/781 354/354
f 622/622 354/354 1899/1899
f 891/891 1558/1558 781/781
f 891/891 781/781 622/622
f 1465/1465 1557/1557 890/890
f 1465/1465 890/890 985/985
f 2076/2076 1465/1465 985/985
f 2076/2076 985/985 1085/1085
f 1457/1457 2076/2076 1085/1085
f 1457/1457 1085/1085 2120/2120
f 1824/1824 1457/1457 2120/2120
f 1824/1824 2120/2120 607/607
f 1099/1099 1824/1824 607/607
f 1099/1099 607/607 1703/1703
f 1100/1100 1702/1702 996/996
f 1100/1100 996/996 469/469
f 469/469 996/996 11/11
f 469/469 11/11 333/333
f 2198/2198 960/960 2270/2270
f 2198/2198 2270/2270 739/739
f 988/988 1682/1682 927/927
f 988/988 927/927 703/703
f 1662/1662 1615/1615 531/531
f 1662/1662 531/531 545/545
f 2203/2203 177/177 1661/1661
f 2203/2203 1661/1661 280/280
f 158/158 180/180 1939/1939
f 158/158 1939/1939 1857/1857
f 2101/2101 1221/1221 2183/2183
f 2101/2101 2183/2183 451/451
f 2269/2269 961/961 1222/1222
f 2269/2269 1222/1222 2102/2102
f 1682/1682 2197/2197 738/738
f 1682/1682 738/738 927/927
f 1951/1951 988/988 703/703
f 1951/1951 703/703 154/154
f 1615/1615 1951/1951 154/154
f 1615/1615 154/154 531/531
f 177/177 1663/1663 546/546
f 177/177 546/546 1661/1661
f 180/180 2202/2202 279/279
f 180/180 279/279 1939/1939
f 1746/1746 158/158 1857/1857
f 1746/1746 1857/1857 2170/2170
f 2183/2183 1746/1746 2170/2170
f 2183/2183 2170/2170 451/451
f 791/791 1083/1083 848/848
f 791/791 848/848 2106/2106
f 67/67 1024/1024 1083/1083
f 67/67 1083/1083 791/791
f 1024/1024 409/409 201/201
f 1024/1024 201/201 1083/1083
f 1083/1083 201/201 616/616
f 1083/1083 616/616 848/848
f 34/34 1518/1518 36/36
f 34/34 36/36 1765/1765
f 1765/1765 36/36 300/300
f 1765/1765 300/300 598/598
f 151/151 1179/1179 976/976
f 151/151 976/976 1604/1604
f 1604/1604 976/976 52/52
f 1604/1604 52/52 301/301
f 1374/1374 1981/1981 79/79
f 1374/1374 79/79 1577/1577
f 1577/1577 79/79 1179/1179
f 1577/1577 1179/1179 151/151
f 336/336 1544/1544 2032/2032
f 336/336 2032/2032 751/751
f 751/751 2032/2032 1982/1982
f 751/751 1982/1982 1375/1375
f 836/836 1716/1716 352/352
f 836/836 352/352 1645/1645
f 1645/1645 352/352 1545/1545
f 1645/1645 1545/1545 335/335
f 1188/1188 1959/1959 2090/2090
f 1188/1188 2090/2090 974/974
f 1959/1959 1188/1188 1716/1716
f 1959/1959 1716/1716 836/836
f 974/974 2090/2090 1021/1021
f 974/974 1021/1021 1171/1171
f 1041/1041 1933/1933 1034/1034
f 1041/1041 1034/1034 302/302
f 1171/1171 1021/1021 1933/1933
f 1171/1171 1933/1933 1041/1041
f 1175/1175 2122/2122 613/613
f 1175/1175 613/613 1080/1080
f 1080/1080 613/613 302/302
f 1080/1080 302/302 1034/1034
f 792/792 1483/1483 1817/1817
f 792/792 1817/1817 12/12
f 12/12 1817/1817 2122/2122
f 12/12 2122/2122 1175/1175
f 1096/1096 1133/1133 1483/1483
f 1096/1096 1483/1483 792/792
f 1256/1256 63/63 1435/1435
f 1256/1256 1435/1435 924/924
f 904/904 2136/2136 1012/1012
f 904/904 1012/1012 340/340
f 924/924 1435/1435 2136/2136
f 924/924 2136/2136 904/904
f 1509/1509 1020/1020 598/598
f 1509/1509 598/598 300/300
f 340/340 1012/1012 1020/1020
f 340/340 1020/1020 1509/1509
f 1518/1518 1575/1575 1283/1283
f 1518/1518 1283/1283 36/36
f 501/501 2193/2193 1283/1283
f 501/501 1283/1283 1575/1575
f 2193/2193 2105/2105 2052/2052
f 2193/2193 2052/2052 1283/1283
f 36/36 1283/1283 2052/2052
f 36/36 2052/2052 300/300
f 1708/1708 1765/1765 598/598
f 1708/1708 598/598 1491/1491
f 956/956 33/33 1708/1708
f 956/956 1708/1708 1491/1491
f 33/33 562/562 1082/1082
f 33/33 1082/1082 1708/1708
f 1082/1082 34/34 1765/1765
f 1082/1082 1765/1765 1708/1708
f 1179/1179 2045/2045 1778/1778
f 1179/1179 1778/1778 976/976
f 941/941 1961/1961 1778/1778
f 941/941 1778/1778 2045/2045
f 1778/1778 1961/1961 1797/1797
f 1778/1778 1797/1797 395/395
f 976/976 1778/1778 395/395
f 976/976 395/395 52/52
f 998/998 2029/2029 170/170
f 998/998 170/170 1734/1734
f 998/998 990/990 472/472
f 998/998 472/472 2029/2029
f 472/472 151/151 1604/1604
f 472/472 1604/1604 2029/2029
f 2029/2029 1604/1604 301/301
f 2029/2029 301/301 170/170
f 1981/1981 749/749 659/659
f 1981/1981 659/659 79/79
f 749/749 1870/1870 1784/1784
f 749/749 1784/1784 659/659
f 1784/1784 941/941 2045/2045
f 1784/1784 2045/2045 659/659
f 79/79 659/659 2045/2045
f 79/79 2045/2045 1179/1179
f 436/436 1577/1577 151/151
f 436/436 151/151 472/472
f 471/471 436/436 472/472
f 471/471 472/472 990/990
f 1278/1278 746/746 436/436
f 1278/1278 436/436 471/471
f 746/746 1374/1374 1577/1577
f 746/746 1577/1577 436/436
f 1544/1544 169/169 434/434
f 1544/1544 434/434 2032/2032
f 169/169 2131/2131 1781/1781
f 169/169 1781/1781 434/434
f 434/434 1781/1781 1869/1869
f 434/434 1869/1869 750/750
f 2032/2032 434/434 750/750
f 2032/2032 750/750 1982/1982
f 752/752 751/751 1375/1375
f 752/752 1375/1375 745/745
f 959/959 752/752 745/745
f 959/959 745/745 1280/1280
f 566/566 1601/1601 752/752
f 566/566 752/752 959/959
f 1601/1601 336/336 751/751
f 1601/1601 751/751 752/752
f 1716/1716 522/522 1643/1643
f 1716/1716 1643/1643 352/352
f 1643/1643 522/522 1791/1791
f 1643/1643 1791/1791 1448/1448
f 1643/1643 1448/1448 2130/2130
f 1643/1643 2130/2130 168/168
f 352/352 1643/1643 168/168
f 352/352 168/168 1545/1545
f 2196/2196 1645/1645 335/335
f 2196/2196 335/335 1602/1602
f 1548/1548 2196/2196 1602/1602
f 1548/1548 1602/1602 568/568
f 309/309 2196/2196 1548/1548
f 309/309 1548/1548 1742/1742
f 309/309 836/836 1645/1645
f 309/309 1645/1645 2196/2196
f 1188/1188 974/974 370/370
f 1188/1188 370/370 1969/1969
f 1969/1969 370/370 42/42
f 1969/1969 42/42 1160/1160
f 522/522 1969/1969 1160/1160
f 522/522 1160/1160 1791/1791
f 1716/1716 1188/1188 1969/1969
f 1716/1716 1969/1969 522/522
f 1959/1959 836/836 309/309
f 1959/1959 309/309 398/398
f 398/398 309/309 1742/1742
f 398/398 1742/1742 982/982
f 1194/1194 398/398 982/982
f 1194/1194 982/982 858/858
f 2090/2090 1959/1959 398/398
f 2090/2090 398/398 1194/1194
f 974/974 1171/1171 187/187
f 974/974 187/187 370/370
f 370/370 187/187 386/386
f 370/370 386/386 42/42
f 1892/1892 1194/1194 858/858
f 1892/1892 858/858 152/152
f 2090/2090 1194/1194 1892/1892
f 2090/2090 1892/1892 1021/1021
f 1041/1041 302/302 683/683
f 1041/1041 683/683 1585/1585
f 1585/1585 683/683 68/68
f 1585/1585 68/68 1003/1003
f 187/187 1585/1585 1003/1003
f 187/187 1003/1003 386/386
f 187/187 1171/1171 1041/1041
f 187/187 1041/1041 1585/1585
f 1021/1021 1892/1892 1772/1772
f 1021/1021 1772/1772 1933/1933
f 1772/1772 1892/1892 152/152
f 1772/1772 152/152 923/923
f 629/629 1772/1772 923/923
f 629/629 923/923 1953/1953
f 1933/1933 1772/1772 629/629
f 1933/1933 629/629 1034/1034
f 2122/2122 1515/1515 1804/1804
f 2122/2122 1804/1804 613/613
f 1804/1804 1515/1515 408/408
f 1804/1804 408/408 1025/1025
f 683/683 1804/1804 1025/1025
f 683/683 1025/1025 68/68
f 302/302 613/613 1804/1804
f 302/302 1804/1804 683/683
f 2002/2002 1080/1080 1034/1034
f 2002/2002 1034/1034 629/629
f 2002/2002 629/629 1953/1953
f 2002/2002 1953/1953 1073/1073
f 454/454 2002/2002 1073/1073
f 454/454 1073/1073 238/238
f 454/454 1175/1175 1080/1080
f 454/454 1080/1080 2002/2002
f 1483/1483 349/349 981/981
f 1483/1483 981/981 1817/1817
f 349/349 964/964 1451/1451
f 349/349 1451/1451 981/981
f 981/981 1451/1451 408/408
f 981/981 408/408 1515/1515
f 1817/1817 981/981 1515/1515
f 1817/1817 1515/1515 2122/2122
f 339/339 12/12 1175/1175
f 339/339 1175/1175 454/454
f 765/765 339/339 454/454
f 765/765 454/454 238/238
f 1776/1776 369/369 339/339
f 1776/1776 339/339 765/765
f 369/369 792/792 12/12
f 369/369 12/12 339/339
f 1133/1133 2238/2238 349/349
f 1133/1133 349/349 1483/1483
f 2238/2238 1873/1873 964/964
f 2238/2238 964/964 349/349
f 1882/1882 1096/1096 792/792
f 1882/1882 792/792 369/369
f 445/445 1882/1882 369/369
f 445/445 369/369 1776/1776
f 1176/1176 1256/1256 924/924
f 1176/1176 924/924 407/407
f 1053/1053 1176/1176 407/407
f 1053/1053 407/407 1822/1822
f 63/63 2226/2226 513/513
f 63/63 513/513 1435/1435
f 2226/2226 1706/1706 1811/1811
f 2226/2226 1811/1811 513/513
f 1868/1868 904/904 340/340
f 1868/1868 340/340 2261/2261
f 265/265 1868/1868 2261/2261
f 265/265 2261/2261 617/617
f 1822/1822 407/407 1868/1868
f 1822/1822 1868/1868 265/265
f 407/407 924/924 904/904
f 407/407 904/904 1868/1868
f 1435/1435 513/513 2236/2236
f 1435/1435 2236/2236 2136/2136
f 513/513 1811/1811 2022/2022
f 513/513 2022/2022 2236/2236
f 2236/2236 2022/2022 126/126
f 2236/2236 126/126 1709/1709
f 2136/2136 2236/2236 1709/1709
f 2136/2136 1709/1709 1012/1012
f 2052/2052 1952/1952 1509/1509
f 2052/2052 1509/1509 300/300
f 2105/2105 847/847 1952/1952
f 2105/2105 1952/1952 2052/2052
f 847/847 617/617 2261/2261
f 847/847 2261/2261 1952/1952
f 2261/2261 340/340 1509/1509
f 2261/2261 1509/1509 1952/1952
f 1012/1012 1709/1709 401/401
f 1012/1012 401/401 1020/1020
f 126/126 1535/1535 401/401
f 126/126 401/401 1709/1709
f 1535/1535 956/956 1491/1491
f 1535/1535 1491/1491 401/401
f 401/401 1491/1491 598/598
f 401/401 598/598 1020/1020
f 978/978 958/958 1279/1279
f 978/978 1279/1279 470/470
f 1163/1163 978/978 470/470
f 1163/1163 470/470 991/991
f 1743/1743 1549/1549 978/978
f 1743/1743 978/978 1163/1163
f 1549/1549 567/567 958/958
f 1549/1549 958/958 978/978
f 174/174 1706/1706 2226/2226
f 174/174 2226/2226 723/723
f 723/723 2226/2226 63/63
f 723/723 63/63 2233/2233
f 925/925 723/723 2233/2233
f 925/925 2233/2233 1152/1152
f 1721/1721 174/174 723/723
f 1721/1721 723/723 925/925
f 447/447 2233/2233 63/63
f 447/447 63/63 1256/1256
f 1249/1249 1152/1152 2233/2233
f 1249/1249 2233/2233 447/447
f 1176/1176 120/120 447/447
f 1176/1176 447/447 1256/1256
f 1053/1053 28/28 120/120
f 1053/1053 120/120 1176/1176
f 28/28 59/59 1122/1122
f 28/28 1122/1122 120/120
f 120/120 1122/1122 1249/1249
f 120/120 1249/1249 447/447
f 1241/1241 385/385 29/29
f 1241/1241 29/29 1052/1052
f 1872/1872 2000/2000 385/385
f 1872/1872 385/385 1241/1241
f 2000/2000 1389/1389 1217/1217
f 2000/2000 1217/1217 385/385
f 385/385 1217/1217 58/58
f 385/385 58/58 29/29
f 2238/2238 236/236 2001/2001
f 2238/2238 2001/2001 1873/1873
f 2015/2015 236/236 2238/2238
f 2015/2015 2238/2238 1133/1133
f 236/236 2015/2015 782/782
f 236/236 782/782 487/487
f 236/236 487/487 1391/1391
f 236/236 1391/1391 2001/2001
f 1897/1897 2015/2015 1133/1133
f 1897/1897 1133/1133 1096/1096
f 1897/1897 425/425 782/782
f 1897/1897 782/782 2015/2015
f 1897/1897 1096/1096 1882/1882
f 1897/1897 1882/1882 1318/1318
f 1318/1318 1882/1882 445/445
f 1318/1318 445/445 119/119
f 1482/1482 1318/1318 119/119
f 1482/1482 119/119 2143/2143
f 425/425 1897/1897 1318/1318
f 425/425 1318/1318 1482/1482
f 118/118 444/444 1608/1608
f 118/118 1608/1608 1263/1263
f 1263/1263 1608/1608 1705/1705
f 1263/1263 1705/1705 173/173
f 1441/1441 1263/1263 173/173
f 1441/1441 173/173 1720/1720
f 2144/2144 118/118 1263/1263
f 2144/2144 1263/1263 1441/1441
f 989/989 926/926 1151/1151
f 989/989 1151/1151 2258/2258
f 2026/2026 1719/1719 926/926
f 2026/2026 926/926 989/989
f 1151/1151 1248/1248 2086/2086
f 1151/1151 2086/2086 2258/2258
f 61/61 494/494 1924/1924
f 61/61 1924/1924 1123/1123
f 1123/1123 1924/1924 2086/2086
f 1123/1123 2086/2086 1248/1248
f 1390/1390 165/165 1178/1178
f 1390/1390 1178/1178 1216/1216
f 1216/1216 1178/1178 493/493
f 1216/1216 493/493 60/60
f 486/486 783/783 2060/2060
f 486/486 2060/2060 1101/1101
f 1388/1388 486/486 1101/1101
f 1388/1388 1101/1101 163/163
f 783/783 424/424 1949/1949
f 783/783 1949/1949 2060/2060
f 1481/1481 2142/2142 1519/1519
f 1481/1481 1519/1519 431/431
f 424/424 1481/1481 431/431
f 424/424 431/431 1949/1949
f 526/526 1442/1442 1719/1719
f 526/526 1719/1719 2026/2026
f 1519/1519 2142/2142 1443/1443
f 1519/1519 1443/1443 527/527
f 553/553 989/989 2258/2258
f 553/553 2258/2258 355/355
f 1044/1044 2026/2026 989/989
f 1044/1044 989/989 553/553
f 2258/2258 2086/2086 1049/1049
f 2258/2258 1049/1049 355/355
f 494/494 1941/1941 1990/1990
f 494/494 1990/1990 1924/1924
f 1924/1924 1990/1990 1049/1049
f 1924/1924 1049/1049 2086/2086
f 164/164 896/896 1495/1495
f 164/164 1495/1495 1177/1177
f 1177/1177 1495/1495 1942/1942
f 1177/1177 1942/1942 495/495
f 1101/1101 2060/2060 1688/1688
f 1101/1101 1688/1688 329/329
f 163/163 1101/1101 329/329
f 163/163 329/329 897/897
f 2060/2060 1949/1949 85/85
f 2060/2060 85/85 1688/1688
f 431/431 1519/1519 287/287
f 431/431 287/287 205/205
f 1949/1949 431/431 205/205
f 1949/1949 205/205 85/85
f 106/106 526/526 2026/2026
f 106/106 2026/2026 1044/1044
f 287/287 1519/1519 527/527
f 287/287 527/527 107/107
f 1797/1797 501/501 1575/1575
f 1797/1797 1575/1575 395/395
f 52/52 395/395 1575/1575
f 52/52 1575/1575 1518/1518
f 301/301 52/52 1518/1518
f 301/301 1518/1518 34/34
f 170/170 301/301 34/34
f 170/170 34/34 1082/1082
f 562/562 1734/1734 170/170
f 562/562 170/170 1082/1082
f 630/630 855/855 942/942
f 630/630 942/942 1783/1783
f 1782/1782 630/630 1783/1783
f 1782/1782 1783/1783 1871/1871
f 2129/2129 1449/1449 630/630
f 2129/2129 630/630 1782/1782
f 1449/1449 1792/1792 855/855
f 1449/1449 855/855 630/630
f 1306/1306 1888/1888 1798/1798
f 1306/1306 1798/1798 1960/1960
f 855/855 1306/1306 1960/1960
f 855/855 1960/1960 942/942
f 1792/1792 1159/1159 1306/1306
f 1792/1792 1306/1306 855/855
f 1159/1159 43/43 1888/1888
f 1159/1159 1888/1888 1306/1306
f 1888/1888 2040/2040 500/500
f 1888/1888 500/500 1798/1798
f 43/43 387/387 2040/2040
f 43/43 2040/2040 1888/1888
f 311/311 791/791 2106/2106
f 311/311 2106/2106 2192/2192
f 2040/2040 311/311 2192/2192
f 2040/2040 2192/2192 500/500
f 387/387 1004/1004 311/311
f 387/387 311/311 2040/2040
f 1004/1004 67/67 791/791
f 1004/1004 791/791 311/311
f 409/409 1452/1452 945/945
f 409/409 945/945 201/201
f 963/963 364/364 945/945
f 963/963 945/945 1452/1452
f 364/364 1823/1823 264/264
f 364/364 264/264 945/945
f 201/201 945/945 264/264
f 201/201 264/264 616/616
f 1872/1872 1241/1241 364/364
f 1872/1872 364/364 963/963
f 1241/1241 1052/1052 1823/1823
f 1241/1241 1823/1823 364/364
f 1705/1705 1608/1608 1712/1712
f 1705/1705 1712/1712 1812/1812
f 1608/1608 444/444 1775/1775
f 1608/1608 1775/1775 1712/1712
f 1201/1201 1934/1934 125/125
f 1201/1201 125/125 2021/2021
f 1712/1712 1201/1201 2021/2021
f 1712/1712 2021/2021 1812/1812
f 1775/1775 766/766 1201/1201
f 1775/1775 1201/1201 1712/1712
f 766/766 237/237 1934/1934
f 766/766 1934/1934 1201/1201
f 1193/1193 785/785 957/957
f 1193/1193 957/957 1536/1536
f 1934/1934 1193/1193 1536/1536
f 1934/1934 1536/1536 125/125
f 237/237 1074/1074 1193/1193
f 237/237 1193/1193 1934/1934
f 1074/1074 1954/1954 785/785
f 1074/1074 785/785 1193/1193
f 2229/2229 1741/1741 563/563
f 2229/2229 563/563 32/32
f 785/785 2229/2229 32/32
f 785/785 32/32 957/957
f 1954/1954 922/922 2229/2229
f 1954/1954 2229/2229 785/785
f 922/922 153/153 1741/1741
f 922/922 1741/1741 2229/2229
f 1528/1528 823/823 997/997
f 1528/1528 997/997 1733/1733
f 1741/1741 1528/1528 1733/1733
f 1741/1741 1733/1733 563/563
f 153/153 859/859 1528/1528
f 153/153 1528/1528 1741/1741
f 859/859 983/983 823/823
f 859/859 823/823 1528/1528
f 823/823 1163/1163 991/991
f 823/823 991/991 997/997
f 983/983 1743/1743 1163/1163
f 983/983 1163/1163 823/823
f 1051/1051 375/375 634/634
f 1051/1051 634/634 1911/1911
f 1966/1966 375/375 1051/1051
f 1966/1966 1051/1051 2161/2161
f 1472/1472 2160/2160 1050/1050
f 1472/1472 1050/1050 741/741
f 741/741 1050/1050 1910/1910
f 741/741 1910/1910 1988/1988
f 1883/1883 1966/1966 2161/2161
f 1883/1883 2161/2161 1186/1186
f 1185/1185 2160/2160 1472/1472
f 1185/1185 1472/1472 1671/1671
f 1704/1704 1883/1883 1186/1186
f 1704/1704 1186/1186 1561/1561
f 1704/1704 1561/1561 1566/1566
f 1704/1704 1566/1566 614/614
f 1562/1562 54/54 681/681
f 1562/1562 681/681 1567/1567
f 1185/1185 1671/1671 54/54
f 1185/1185 54/54 1562/1562
f 615/615 1565/1565 2273/2273
f 615/615 2273/2273 186/186
f 186/186 2273/2273 755/755
f 186/186 755/755 1681/1681
f 2272/2272 1652/1652 886/886
f 2272/2272 886/886 753/753
f 1567/1567 681/681 1652/1652
f 1567/1567 1652/1652 2272/2272
f 1777/1777 1680/1680 754/754
f 1777/1777 754/754 1641/1641
f 1144/1144 1777/1777 1641/1641
f 1144/1144 1641/1641 138/138
f 1642/1642 30/30 1722/1722
f 1642/1642 1722/1722 139/139
f 753/753 886/886 30/30
f 753/753 30/30 1642/1642
f 873/873 1144/1144 138/138
f 873/873 138/138 763/763
f 139/139 1722/1722 697/697
f 139/139 697/697 762/762
f 1407/1407 873/873 763/763
f 1407/1407 763/763 2054/2054
f 1213/1213 1407/1407 2054/2054
f 1213/1213 2054/2054 225/225
f 1520/1520 226/226 2053/2053
f 1520/1520 2053/2053 2153/2153
f 2153/2153 2053/2053 762/762
f 2153/2153 762/762 697/697
f 507/507 1881/1881 1214/1214
f 507/507 1214/1214 224/224
f 1909/1909 633/633 1881/1881
f 1909/1909 1881/1881 507/507
f 1988/1988 1910/1910 506/506
f 1988/1988 506/506 1305/1305
f 1305/1305 506/506 226/226
f 1305/1305 226/226 1520/1520
f 1501/1501 1473/1473 742/742
f 1501/1501 742/742 1014/1014
f 1014/1014 742/742 1987/1987
f 1014/1014 1987/1987 1088/1088
f 1473/1473 1501/1501 807/807
f 1473/1473 807/807 1672/1672
f 55/55 2157/2157 1005/1005
f 55/55 1005/1005 679/679
f 1672/1672 807/807 2157/2157
f 1672/1672 2157/2157 55/55
f 1653/1653 2163/2163 1570/1570
f 1653/1653 1570/1570 888/888
f 680/680 1006/1006 2163/2163
f 680/680 2163/2163 1653/1653
f 1640/1640 413/413 1723/1723
f 1640/1640 1723/1723 31/31
f 1569/1569 1640/1640 31/31
f 1569/1569 31/31 887/887
f 413/413 2219/2219 698/698
f 413/413 698/698 1723/1723
f 134/134 1521/1521 2154/2154
f 134/134 2154/2154 1556/1556
f 1556/1556 2154/2154 698/698
f 1556/1556 698/698 2219/2219
f 1090/1090 1988/1988 1305/1305
f 1090/1090 1305/1305 2256/2256
f 2256/2256 1305/1305 1520/1520
f 2256/2256 1520/1520 136/136
f 375/375 1187/1187 932/932
f 375/375 932/932 634/634
f 308/308 1187/1187 375/375
f 308/308 375/375 1966/1966
f 523/523 308/308 1966/1966
f 523/523 1966/1966 1883/1883
f 1284/1284 523/523 1883/1883
f 1284/1284 1883/1883 1704/1704
f 455/455 1284/1284 1704/1704
f 455/455 1704/1704 614/614
f 456/456 615/615 186/186
f 456/456 186/186 348/348
f 348/348 186/186 1681/1681
f 348/348 1681/1681 45/45
f 1329/1329 44/44 1680/1680
f 1329/1329 1680/1680 1777/1777
f 2119/2119 1329/1329 1777/1777
f 2119/2119 1777/1777 1144/1144
f 1084/1084 2119/2119 1144/1144
f 1084/1084 1144/1144 873/873
f 368/368 1084/1084 873/873
f 368/368 873/873 1407/1407
f 1547/1547 368/368 1407/1407
f 1547/1547 1407/1407 1213/1213
f 1881/1881 2215/2215 1546/1546
f 1881/1881 1546/1546 1214/1214
f 633/633 933/933 2215/2215
f 633/633 2215/2215 1881/1881
f 1623/1623 40/40 2254/2254
f 1623/1623 2254/2254 135/135
f 269/269 1411/1411 1556/1556
f 269/269 1556/1556 2219/2219
f 432/432 437/437 1640/1640
f 432/432 1640/1640 1569/1569
f 2069/2069 704/704 2163/2163
f 2069/2069 2163/2163 1006/1006
f 1371/1371 1291/1291 2157/2157
f 1371/1371 2157/2157 807/807
f 1902/1902 1014/1014 1088/1088
f 1902/1902 1088/1088 1106/1106
f 1107/1107 1089/1089 2255/2255
f 1107/1107 2255/2255 39/39
f 1411/1411 1622/1622 134/134
f 1411/1411 134/134 1556/1556
f 2179/2179 269/269 2219/2219
f 2179/2179 2219/2219 413/413
f 437/437 2179/2179 413/413
f 437/437 413/413 1640/1640
f 704/704 433/433 1570/1570
f 704/704 1570/1570 2163/2163
f 1291/1291 2068/2068 1005/1005
f 1291/1291 1005/1005 2157/2157
f 171/171 1371/1371 807/807
f 171/171 807/807 1501/1501
f 1902/1902 171/171 1501/1501
f 1902/1902 1501/1501 1014/1014
f 233/233 1490/1490 2121/2121
f 233/233 2121/2121 1543/1543
f 1543/1543 2121/2121 1271/1271
f 1543/1543 1271/1271 2249/2249
f 2121/2121 2137/2137 1030/1030
f 2121/2121 1030/1030 1271/1271
f 1490/1490 1744/1744 2137/2137
f 1490/1490 2137/2137 2121/2121
f 608/608 13/13 1728/1728
f 608/608 1728/1728 1816/1816
f 1771/1771 2058/2058 13/13
f 1771/1771 13/13 608/608
f 756/756 1345/1345 1137/1137
f 756/756 1137/1137 2182/2182
f 2057/2057 883/883 1345/1345
f 2057/2057 1345/1345 756/756
f 767/767 2244/2244 388/388
f 767/767 388/388 954/954
f 2182/2182 1137/1137 2244/2244
f 2182/2182 2244/2244 767/767
f 1609/1609 326/326 789/789
f 1609/1609 789/789 2024/2024
f 955/955 389/389 326/326
f 955/955 326/326 1609/1609
f 724/724 2006/2006 1525/1525
f 724/724 1525/1525 115/115
f 2023/2023 790/790 2006/2006
f 2023/2023 2006/2006 724/724
f 2239/2239 1115/1115 406/406
f 2239/2239 406/406 1125/1125
f 115/115 1525/1525 1125/1125
f 115/115 1125/1125 406/406
f 1157/1157 1276/1276 1115/1115
f 1157/1157 1115/1115 2239/2239
f 2056/2056 1262/1262 439/439
f 2056/2056 439/439 1260/1260
f 1260/1260 439/439 1276/1276
f 1260/1260 1276/1276 1157/1157
f 1229/1229 1755/1755 216/216
f 1229/1229 216/216 668/668
f 1262/1262 2056/2056 1755/1755
f 1262/1262 1755/1755 1229/1229
f 37/37 551/551 849/849
f 37/37 849/849 1542/1542
f 668/668 216/216 551/551
f 668/668 551/551 37/37
f 1542/1542 849/849 1184/1184
f 1542/1542 1184/1184 2112/2112
f 1421/1421 915/915 2257/2257
f 1421/1421 2257/2257 1045/1045
f 2017/2017 1285/1285 203/203
f 2017/2017 203/203 1444/1444
f 1444/1444 203/203 915/915
f 1444/1444 915/915 1421/1421
f 2058/2058 1771/1771 1277/1277
f 2058/2058 1277/1277 824/824
f 824/824 1277/1277 1285/1285
f 824/824 1285/1285 2017/2017
f 13/13 1016/1016 2128/2128
f 13/13 2128/2128 1728/1728
f 2128/2128 1016/1016 143/143
f 2128/2128 143/143 1846/1846
f 1016/1016 307/307 232/232
f 1016/1016 232/232 143/143
f 2058/2058 307/307 1016/1016
f 2058/2058 1016/1016 13/13
f 846/846 1771/1771 608/608
f 846/846 608/608 658/658
f 846/846 658/658 16/16
f 846/846 16/16 1372/1372
f 658/658 1226/1226 1795/1795
f 658/658 1795/1795 16/16
f 658/658 608/608 1816/1816
f 658/658 1816/1816 1226/1226
f 1345/1345 588/588 310/310
f 1345/1345 310/310 1137/1137
f 310/310 588/588 405/405
f 310/310 405/405 1386/1386
f 1970/1970 1972/1972 405/405
f 1970/1970 405/405 588/588
f 883/883 1970/1970 588/588
f 883/883 588/588 1345/1345
f 632/632 1266/1266 332/332
f 632/632 332/332 1313/1313
f 332/332 1878/1878 1319/1319
f 332/332 1319/1319 1313/1313
f 332/332 756/756 2182/2182
f 332/332 2182/2182 1878/1878
f 1266/1266 2057/2057 756/756
f 1266/1266 756/756 332/332
f 2244/2244 1707/1707 1611/1611
f 2244/2244 1611/1611 388/388
f 1707/1707 579/579 1358/1358
f 1707/1707 1358/1358 1611/1611
f 1707/1707 310/310 1386/1386
f 1707/1707 1386/1386 579/579
f 1137/1137 310/310 1707/1707
f 1137/1137 1707/1707 2244/2244
f 1878/1878 2182/2182 767/767
f 1878/1878 767/767 1935/1935
f 1319/1319 1878/1878 1935/1935
f 1319/1319 1935/1935 1880/1880
f 1880/1880 1935/1935 1621/1621
f 1880/1880 1621/1621 1017/1017
f 1935/1935 767/767 954/954
f 1935/1935 954/954 1621/1621
f 326/326 1947/1947 2174/2174
f 326/326 2174/2174 789/789
f 1947/1947 582/582 209/209
f 1947/1947 209/209 2174/2174
f 1612/1612 1357/1357 582/582
f 1612/1612 582/582 1947/1947
f 389/389 1612/1612 1947/1947
f 389/389 1947/1947 326/326
f 1620/1620 955/955 1609/1609
f 1620/1620 1609/1609 1610/1610
f 1019/1019 1620/1620 1610/1610
f 1019/1019 1610/1610 492/492
f 492/492 1610/1610 757/757
f 492/492 757/757 1788/1788
f 1610/1610 1609/1609 2024/2024
f 1610/1610 2024/2024 757/757
f 2006/2006 726/726 1832/1832
f 2006/2006 1832/1832 1525/1525
f 892/892 564/564 1832/1832
f 892/892 1832/1832 726/726
f 2173/2173 208/208 892/892
f 2173/2173 892/892 726/726
f 790/790 2173/2173 726/726
f 790/790 726/726 2006/2006
f 758/758 2023/2023 724/724
f 758/758 724/724 137/137
f 1790/1790 758/758 137/137
f 1790/1790 137/137 787/787
f 1503/1503 787/787 137/137
f 1503/1503 137/137 2050/2050
f 137/137 724/724 115/115
f 137/137 115/115 2050/2050
f 1261/1261 1995/1995 2239/2239
f 1261/1261 2239/2239 1125/1125
f 1170/1170 894/894 1995/1995
f 1170/1170 1995/1995 1261/1261
f 564/564 1170/1170 1261/1261
f 564/564 1261/1261 1832/1832
f 1832/1832 1261/1261 1125/1125
f 1832/1832 1125/1125 1525/1525
f 560/560 2050/2050 115/115
f 560/560 115/115 406/406
f 1335/1335 1503/1503 2050/2050
f 1335/1335 2050/2050 560/560
f 1477/1477 1335/1335 560/560
f 1477/1477 560/560 2033/2033
f 2033/2033 560/560 406/406
f 2033/2033 406/406 1115/1115
f 1995/1995 780/780 1157/1157
f 1995/1995 1157/1157 2239/2239
f 894/894 1985/1985 780/780
f 894/894 780/780 1995/1995
f 2180/2180 1477/1477 2033/2033
f 2180/2180 2033/2033 459/459
f 1276/1276 459/459 2033/2033
f 1276/1276 2033/2033 1115/1115
f 764/764 1689/1689 2056/2056
f 764/764 2056/2056 1260/1260
f 1300/1300 2250/2250 1689/1689
f 1300/1300 1689/1689 764/764
f 1985/1985 1300/1300 764/764
f 1985/1985 764/764 780/780
f 764/764 1260/1260 1157/1157
f 764/764 1157/1157 780/780
f 439/439 1474/1474 459/459
f 439/439 459/459 1276/1276
f 1423/1423 2180/2180 459/459
f 1423/1423 459/459 1474/1474
f 410/410 1423/1423 1474/1474
f 410/410 1474/1474 1740/1740
f 1262/1262 1740/1740 1474/1474
f 1262/1262 1474/1474 439/439
f 1755/1755 557/557 820/820
f 1755/1755 820/820 216/216
f 1272/1272 1029/1029 820/820
f 1272/1272 820/820 557/557
f 2250/2250 1272/1272 557/557
f 2250/2250 557/557 1689/1689
f 1689/1689 557/557 1755/1755
f 1689/1689 1755/1755 2056/2056
f 1740/1740 1262/1262 1229/1229
f 1740/1740 1229/1229 357/357
f 1230/1230 410/410 1740/1740
f 1230/1230 1740/1740 357/357
f 2096/2096 1230/1230 357/357
f 2096/2096 357/357 1900/1900
f 357/357 1229/1229 668/668
f 357/357 668/668 1900/1900
f 551/551 2230/2230 619/619
f 551/551 619/619 849/849
f 2230/2230 884/884 1368/1368
f 2230/2230 1368/1368 619/619
f 820/820 1029/1029 884/884
f 820/820 884/884 2230/2230
f 216/216 820/820 2230/2230
f 216/216 2230/2230 551/551
f 1900/1900 668/668 37/37
f 1900/1900 37/37 2018/2018
f 2096/2096 1900/1900 2018/2018
f 2096/2096 2018/2018 1578/1578
f 1578/1578 2018/2018 603/603
f 1578/1578 603/603 590/590
f 2018/2018 37/37 1542/1542
f 2018/2018 1542/1542 603/603
f 849/849 619/619 88/88
f 849/849 88/88 1184/1184
f 619/619 1368/1368 1355/1355
f 619/619 1355/1355 88/88
f 603/603 1542/1542 2112/2112
f 603/603 2112/2112 1338/1338
f 590/590 603/603 1338/1338
f 590/590 1338/1338 1914/1914
f 1958/1958 1421/1421 1045/1045
f 1958/1958 1045/1045 1145/1145
f 534/534 1958/1958 1145/1145
f 534/534 1145/1145 2151/2151
f 915/915 448/448 1494/1494
f 915/915 1494/1494 2257/2257
f 448/448 554/554 661/661
f 448/448 661/661 1494/1494
f 53/53 2017/2017 1444/1444
f 53/53 1444/1444 1362/1362
f 1745/1745 53/53 1362/1362
f 1745/1745 1362/1362 2082/2082
f 2082/2082 1362/1362 1958/1958
f 2082/2082 1958/1958 534/534
f 1362/1362 1444/1444 1421/1421
f 1362/1362 1421/1421 1958/1958
f 203/203 89/89 448/448
f 203/203 448/448 915/915
f 89/89 338/338 554/554
f 89/89 554/554 448/448
f 657/657 2210/2210 338/338
f 657/657 338/338 89/89
f 1285/1285 657/657 89/89
f 1285/1285 89/89 203/203
f 2058/2058 824/824 412/412
f 2058/2058 412/412 307/307
f 307/307 412/412 1489/1489
f 307/307 1489/1489 232/232
f 412/412 53/53 1745/1745
f 412/412 1745/1745 1489/1489
f 412/412 824/824 2017/2017
f 412/412 2017/2017 53/53
f 1277/1277 1963/1963 657/657
f 1277/1277 657/657 1285/1285
f 657/657 1963/1963 801/801
f 657/657 801/801 2210/2210
f 1963/1963 846/846 1372/1372
f 1963/1963 1372/1372 801/801
f 1277/1277 1771/1771 846/846
f 1277/1277 846/846 1963/1963
f 1879/1879 1018/1018 491/491
f 1879/1879 491/491 1339/1339
f 1320/1320 1879/1879 1339/1339
f 1320/1320 1339/1339 1168/1168
f 1168/1168 1339/1339 788/788
f 1168/1168 788/788 1504/1504
f 1339/1339 491/491 1789/1789
f 1339/1339 1789/1789 788/788
f 1647/1647 1494/1494 661/661
f 1647/1647 661/661 2166/2166
f 99/99 2257/2257 1494/1494
f 99/99 1494/1494 1647/1647
f 1174/1174 99/99 1647/1647
f 1174/1174 1647/1647 18/18
f 18/18 1647/1647 2166/2166
f 18/18 2166/2166 645/645
f 1045/1045 2257/2257 99/99
f 1045/1045 99/99 1906/1906
f 1906/1906 99/99 1174/1174
f 1906/1906 1174/1174 1055/1055
f 1045/1045 1906/1906 2220/2220
f 1045/1045 2220/2220 1145/1145
f 1145/1145 2220/2220 26/26
f 1145/1145 26/26 2151/2151
f 2220/2220 1191/1191 878/878
f 2220/2220 878/878 26/26
f 1906/1906 1055/1055 1191/1191
f 1906/1906 1191/1191 2220/2220
f 2150/2150 27/27 587/587
f 2150/2150 587/587 1068/1068
f 1068/1068 587/587 365/365
f 1068/1068 365/365 1354/1354
f 587/587 1094/1094 1837/1837
f 587/587 1837/1837 365/365
f 27/27 877/877 1094/1094
f 27/27 1094/1094 587/587
f 1355/1355 366/366 2097/2097
f 1355/1355 2097/2097 88/88
f 1184/1184 88/88 2097/2097
f 1184/1184 2097/2097 345/345
f 1865/1865 1559/1559 345/345
f 1865/1865 345/345 2097/2097
f 366/366 1839/1839 1865/1865
f 366/366 1865/1865 2097/2097
f 2112/2112 1184/1184 345/345
f 2112/2112 345/345 457/457
f 345/345 1559/1559 550/550
f 345/345 550/550 457/457
f 1908/1908 1338/1338 2112/2112
f 1908/1908 2112/2112 457/457
f 2222/2222 1914/1914 1338/1338
f 2222/2222 1338/1338 1908/1908
f 191/191 2222/2222 1908/1908
f 191/191 1908/1908 1769/1769
f 1769/1769 1908/1908 457/457
f 1769/1769 457/457 550/550
f 1033/1033 1644/1644 1913/1913
f 1033/1033 1913/1913 2221/2221
f 2165/2165 660/660 1644/1644
f 2165/2165 1644/1644 1033/1033
f 644/644 2165/2165 1033/1033
f 644/644 1033/1033 910/910
f 910/910 1033/1033 2221/2221
f 910/910 2221/2221 192/192
f 62/62 1173/1173 19/19
f 62/62 19/19 1324/1324
f 1324/1324 19/19 643/643
f 1324/1324 643/643 1200/1200
f 62/62 1646/1646 1054/1054
f 62/62 1054/1054 1173/1173
f 1192/1192 441/441 1851/1851
f 1192/1192 1851/1851 880/880
f 1054/1054 1646/1646 441/441
f 1054/1054 441/441 1192/1192
f 1093/1093 2047/2047 798/798
f 1093/1093 798/798 1838/1838
f 879/879 1850/1850 2047/2047
f 879/879 2047/2047 1093/1093
f 1212/1212 288/288 1560/1560
f 1212/1212 1560/1560 1864/1864
f 796/796 1212/1212 1864/1864
f 796/796 1864/1864 1836/1836
f 288/288 1275/1275 549/549
f 288/288 549/549 1560/1560
f 548/548 815/815 190/190
f 548/548 190/190 1768/1768
f 1275/1275 548/548 1768/1768
f 1275/1275 1768/1768 549/549
f 1200/1200 643/643 911/911
f 1200/1200 911/911 442/442
f 443/443 912/912 190/190
f 443/443 190/190 815/815
f 2005/2005 62/62 1324/1324
f 2005/2005 1324/1324 1814/1814
f 1814/1814 1324/1324 1200/1200
f 1814/1814 1200/1200 1257/1257
f 2005/2005 1255/1255 1646/1646
f 2005/2005 1646/1646 62/62
f 441/441 382/382 1289/1289
f 441/441 1289/1289 1851/1851
f 1646/1646 1255/1255 382/382
f 1646/1646 382/382 441/441
f 2046/2046 837/837 1446/1446
f 2046/2046 1446/1446 797/797
f 1852/1852 1290/1290 837/837
f 1852/1852 837/837 2046/2046
f 635/635 688/688 288/288
f 635/635 288/288 1212/1212
f 1447/1447 635/635 1212/1212
f 1447/1447 1212/1212 796/796
f 688/688 2240/2240 1275/1275
f 688/688 1275/1275 288/288
f 2134/2134 695/695 815/815
f 2134/2134 815/815 548/548
f 2240/2240 2134/2134 548/548
f 2240/2240 548/548 1275/1275
f 1257/1257 1200/1200 442/442
f 1257/1257 442/442 2227/2227
f 2228/2228 443/443 815/815
f 2228/2228 815/815 695/695
f 1970/1970 2128/2128 1846/1846
f 1970/1970 1846/1846 1972/1972
f 1728/1728 2128/2128 1970/1970
f 1728/1728 1970/1970 883/883
f 1816/1816 1728/1728 883/883
f 1816/1816 883/883 2057/2057
f 1226/1226 1816/1816 2057/2057
f 1226/1226 2057/2057 1266/1266
f 1226/1226 1266/1266 632/632
f 1226/1226 632/632 1795/1795
f 578/578 1387/1387 1479/1479
f 578/578 1479/1479 1739/1739
f 1359/1359 578/578 1739/1739
f 1359/1359 1739/1739 583/583
f 583/583 1739/1739 893/893
f 583/583 893/893 207/207
f 1739/1739 1479/1479 565/565
f 1739/1739 565/565 893/893
f 404/404 1973/1973 468/468
f 404/404 468/468 1002/1002
f 1387/1387 404/404 1002/1002
f 1387/1387 1002/1002 1479/1479
f 1479/1479 1002/1002 1169/1169
f 1479/1479 1169/1169 565/565
f 1002/1002 468/468 895/895
f 1002/1002 895/895 1169/1169
f 1973/1973 1845/1845 323/323
f 1973/1973 323/323 468/468
f 468/468 323/323 1986/1986
f 468/468 1986/1986 895/895
f 142/142 233/233 1543/1543
f 142/142 1543/1543 2042/2042
f 1845/1845 142/142 2042/2042
f 1845/1845 2042/2042 323/323
f 323/323 2042/2042 1301/1301
f 323/323 1301/1301 1986/1986
f 2042/2042 1543/1543 2249/2249
f 2042/2042 2249/2249 1301/1301
f 2137/2137 1385/1385 885/885
f 2137/2137 885/885 1030/1030
f 885/885 1385/1385 1081/1081
f 885/885 1081/1081 1367/1367
f 1385/1385 2081/2081 535/535
f 1385/1385 535/535 1081/1081
f 1744/1744 2081/2081 1385/1385
f 1744/1744 1385/1385 2137/2137
f 1367/1367 1081/1081 1068/1068
f 1367/1367 1068/1068 1354/1354
f 1081/1081 535/535 2150/2150
f 1081/1081 2150/2150 1068/1068
f 555/555 649/649 1644/1644
f 555/555 1644/1644 660/660
f 649/649 589/589 1913/1913
f 649/649 1913/1913 1644/1644
f 337/337 2209/2209 438/438
f 337/337 438/438 1116/1116
f 555/555 337/337 1116/1116
f 555/555 1116/1116 649/649
f 649/649 1116/1116 1579/1579
f 649/649 1579/1579 589/589
f 1116/1116 438/438 2095/2095
f 1116/1116 2095/2095 1579/1579
f 802/802 1373/1373 689/689
f 802/802 689/689 1121/1121
f 2209/2209 802/802 1121/1121
f 2209/2209 1121/1121 438/438
f 438/438 1121/1121 1231/1231
f 438/438 1231/1231 2095/2095
f 1121/1121 689/689 411/411
f 1121/1121 411/411 1231/1231
f 15/15 1796/1796 623/623
f 15/15 623/623 102/102
f 1373/1373 15/15 102/102
f 1373/1373 102/102 689/689
f 689/689 102/102 1422/1422
f 689/689 1422/1422 411/411
f 102/102 623/623 2181/2181
f 102/102 2181/2181 1422/1422
f 631/631 1312/1312 1514/1514
f 631/631 1514/1514 808/808
f 1796/1796 631/631 808/808
f 1796/1796 808/808 623/623
f 623/623 808/808 1478/1478
f 623/623 1478/1478 2181/2181
f 808/808 1514/1514 1336/1336
f 808/808 1336/1336 1478/1478
f 1312/1312 1320/1320 1168/1168
f 1312/1312 1168/1168 1514/1514
f 1514/1514 1168/1168 1504/1504
f 1514/1514 1504/1504 1336/1336