# https://github.com/mikedh/trimesh
mtllib material0.mtl
usemtl material0
v 0.00335591 0.02906924 0.01836453
v 0.00335591 0.02906924 0.01836453
v 0.00335591 0.02906924 0.00829460
v 0.00335591 0.02906924 0.00829460
v 0.00335591 0.02512166 0.01861594
v 0.00335591 0.02512166 0.00804320
v 0.00640610 0.00841532 0.02262991
v 0.00640610 0.00841532 0.02262991
v 0.01400996 0.00823303 0.00484854
v 0.01400996 0.00823303 0.02181059
v 0.02452745 0.02411246 0.00099946
v 0.02452745 0.02411246 0.00099946
v -0.01888505 -0.08977759 0.01188663
v -0.01888505 -0.08977759 0.01477249
v -0.02501356 0.02187721 0.02561291
v 0.00121291 0.07467621 0.00877248
v 0.00121291 0.07467621 0.00877248
v 0.00121291 0.07467621 0.01788665
v 0.00121291 0.07467621 0.01788665
v -0.00798791 0.03660623 0.00868535
v -0.00798791 0.03660623 0.00868535
v 0.00163656 0.03299028 0.00880860
v 0.00163656 0.03299028 0.00880860
v -0.02125561 -0.08421226 0.00630620
v -0.01974556 -0.05074107 0.00375651
v -0.00604589 0.02208098 0.02495253
v 0.02501356 0.02187721 0.00104622
v -0.01400996 0.00823303 0.00484854
v 0.01516238 -0.08957447 0.01599481
v 0.01516238 -0.08957447 0.01599481
v 0.01516238 -0.08957447 0.01066433
v 0.01516238 -0.08957447 0.01066433
v -0.00335591 0.02906924 0.01836453
v -0.00335591 0.02906924 0.01836453
v -0.00335591 0.02906924 0.00829460
v -0.00335591 0.02906924 0.00829460
v -0.00335591 0.02512166 0.00804320
v -0.00335591 0.02512166 0.01861594
v 0.00595909 0.00684055 0.00592665
v -0.01068789 0.04133017 0.01788656
v -0.01068789 0.04133017 0.01788656
v 0.01389004 0.03159223 0.00583961
v 0.01389004 0.03159223 0.00583961
v 0.01389004 0.03159223 0.02081953
v 0.01389004 0.03159223 0.02081953
v -0.01983263 0.01064790 0.01920186
v -0.00837862 0.04403016 0.01788656
v -0.00781419 0.05176241 0.01324234
v -0.00781419 0.05176241 0.01324234
v 0.02224867 0.02550409 0.00256440
v 0.02224867 0.02550409 0.02409474
v -0.00125471 0.02685254 0.02193149
v -0.00125471 0.02685254 0.02193149
v 0.02684231 -0.02793900 0.01998270
v 0.02684231 -0.02793900 0.00667644
v -0.01043539 0.04560377 0.01327202
v 0.01292066 -0.08736739 0.00920301
v 0.01292066 -0.08736739 0.00920301
v 0.01292066 -0.08736739 0.01745612
v 0.01292066 -0.08736739 0.01745612
v -0.02013350 0.01245500 0.01929994
v 0.01992464 0.02666891 0.00340803
v 0.01992464 0.02666891 0.02325111
v 0.00709488 0.00651389 0.02195207
v 0.00709488 0.00651389 0.02195207
v -0.00498188 0.05357293 0.01788656
v -0.00498188 0.05357293 0.01788656
v 0.00354390 0.01927797 0.00002958
v 0.00354390 0.01927797 0.00002958
v 0.00354390 0.01927797 0.00002958
v -0.02406811 -0.00906029 0.00705943
v 0.01109242 0.00590591 0.02173155
v 0.01109242 0.00590591 0.00492758
v 0.00061139 0.04129845 0.01330780
v -0.00058961 0.02840950 0.00756804
v -0.00058961 0.02840950 0.00756804
v -0.00058961 0.02840950 0.00756804
v 0.01949703 0.00595064 0.00687518
v 0.01949703 0.00595064 0.01978396
v -0.00682949 0.00492509 0.00613244
v -0.02155341 0.01585654 0.01957832
v 0.00583410 0.00991173 0.00324232
v 0.00583410 0.00991173 0.00324232
v 0.01659043 0.01423633 0.02225437
v 0.01659043 0.01423633 0.00440476
v 0.01680643 -0.08970932 0.01564178
v 0.01680643 -0.08970932 0.01101735
v 0.01021307 0.00988656 0.02252130
v 0.01021307 0.00988656 0.00413784
v 0.01798057 0.01285192 0.00606727
v 0.01798057 0.01285192 0.02059186
v -0.00080948 0.01968843 0.01332957
v -0.00709488 0.00651389 0.02195207
v -0.00709488 0.00651389 0.02195207
v -0.00984185 0.04145335 0.01788656
v 0.01740109 0.00777852 0.00609422
v 0.01740109 0.00777852 0.02056492
v 0.00060851 0.02832361 0.02067399
v 0.00060851 0.02832361 0.02067399
v 0.00060851 0.02832361 0.02067399
v -0.00800121 -0.00270668 0.01907965
v -0.00800121 -0.00270668 0.01907965
v -0.01408194 0.00657280 0.00509722
v 0.00080591 0.01651160 0.01332957
v 0.01324850 -0.05997658 0.01332957
v -0.02677416 -0.01868298 0.01754783
v -0.01062595 0.00751287 0.02184598
v 0.00534500 0.03244725 0.01777660
v -0.00839184 0.04401813 0.01334806
v 0.00143200 0.02429577 0.00562391
v -0.01915068 -0.02783080 0.02262455
v -0.01095778 0.04415861 0.00868535
v -0.01095778 0.04415861 0.00868535
v -0.02266672 -0.08428596 0.00868228
v -0.00367852 0.05410366 0.01788656
v -0.00367852 0.05410366 0.01788656
v -0.00676993 0.03543341 0.01788656
v 0.00233737 0.01370213 0.00288441
v -0.02406129 -0.07489105 0.01913114
v -0.00983313 0.04787565 0.00868535
v 0.02767437 -0.05074107 0.01332957
v -0.02002453 0.01029266 0.01332956
v -0.01549602 0.02202245 0.02662955
v -0.01549602 0.02202245 0.02662955
v -0.00163595 0.01358047 0.01332957
v 0.00795557 0.03013332 0.02112728
v 0.00795557 0.03013332 0.02112728
v 0.00795557 0.03013332 0.00553185
v 0.00795557 0.03013332 0.00553185
v -0.02814701 -0.03953260 0.01896890
v -0.02814701 -0.03953260 0.00769022
v -0.00136440 0.07642214 0.01761998
v -0.00136440 0.07642214 0.01761998
v -0.00136440 0.07642214 0.00877248
v -0.00136440 0.07642214 0.00877248
v -0.01913473 0.02486725 0.02457637
v 0.00526974 0.00855735 0.02116123
v -0.00680476 0.03540171 0.01337828
v -0.00680476 0.03540171 0.01337828
v -0.00494200 0.02520708 0.00877257
v -0.00467467 0.00702505 0.00757395
v -0.00467467 0.00702505 0.00757395
v 0.00063222 0.02636783 0.00754989
v 0.00063222 0.02636783 0.00754989
v -0.01776991 0.02814096 0.02243848
v -0.01092209 0.04456331 0.01788656
v -0.01092209 0.04456331 0.01788656
v 0.01261777 -0.08451642 0.01332957
v 0.00560201 0.04281074 0.01788656
v 0.01381629 -0.05074107 0.00657546
v 0.01381629 -0.05074107 0.00657546
v 0.01381629 -0.05074107 0.02008368
v 0.01381629 -0.05074107 0.02008368
v 0.00619613 0.00899954 0.02293797
v 0.00619613 0.00899954 0.02293797
v -0.00640610 0.00841532 0.02262991
v -0.00640610 0.00841532 0.02262991
v 0.00069088 0.02639490 0.01332957
v 0.00763476 0.04737956 0.01788656
v -0.01655622 -0.00188411 0.02107219
v -0.02009640 -0.03950926 0.00378912
v -0.01432991 -0.03950926 0.00691499
v -0.01432991 -0.03950926 0.00691499
v -0.01576647 0.03019135 0.00481854
v 0.01270615 -0.07509088 0.01978483
v 0.01270615 -0.07509088 0.01978483
v 0.01270615 -0.07509088 0.00687431
v 0.01270615 -0.07509088 0.00687431
v -0.00117980 0.05505232 0.00868535
v -0.00117980 0.05505232 0.00868535
v -0.00117980 0.05505232 0.00868535
v -0.00117980 0.05509387 0.01324234
v -0.00117980 0.05509387 0.01324234
v -0.00117980 0.05509387 0.01324234
v -0.00117980 0.05509387 0.01324234
v -0.02258510 -0.07504051 0.02099679
v -0.02361134 0.01759425 0.01906655
v -0.02060918 -0.07509087 0.02131055
v -0.02762167 -0.02790876 0.00903391
v 0.00953109 0.03820112 0.01788656
v 0.00953109 0.03820112 0.01788656
v 0.00953109 0.03820112 0.01332957
v 0.00953109 0.03820112 0.01332957
v 0.01481915 -0.08968865 0.01332957
v 0.01481915 -0.08968865 0.01332957
v 0.01481915 -0.08968865 0.01332957
v 0.01481915 -0.08968865 0.01332957
v 0.01481915 -0.08968865 0.01332957
v 0.01349293 -0.05997659 0.02013960
v 0.01349293 -0.05997659 0.02013960
v 0.01349293 -0.05997659 0.00651953
v 0.01349293 -0.05997659 0.00651953
v 0.02150330 0.01680351 0.02016209
v 0.02150330 0.01680351 0.00649705
v 0.02009640 -0.03950926 0.00378912
v 0.02009640 -0.03950926 0.02287001
v 0.00905875 0.05076309 0.01788656
v 0.01536906 -0.07509087 0.02155764
v 0.01536906 -0.07509087 0.02155764
v 0.01536906 -0.07509087 0.00510150
v 0.01536906 -0.07509087 0.00510150
v 0.00322569 0.01007807 0.01908744
v 0.00322569 0.01007807 0.01908744
v -0.01401364 0.03162398 0.00600628
v -0.01401364 0.03162398 0.00600628
v -0.01261777 -0.08451642 0.01332956
v -0.02640818 0.02243428 0.02345154
v -0.02640818 0.02243428 0.00320758
v -0.01160881 0.02520708 0.01332957
v -0.01160881 0.02520708 0.00877257
v -0.01160881 0.02520708 0.00877257
v 0.00080940 0.02374838 0.01909114
v 0.00080940 0.02374838 0.01909114
v -0.01859891 -0.08785491 0.00803695
v -0.00063222 0.02636783 0.00754989
v -0.00063222 0.02636783 0.00754989
v 0.00645244 0.05281698 0.01324234
v 0.00645244 0.05281698 0.01324234
v 0.00645244 0.05281698 0.00868535
v 0.00645244 0.05281698 0.00868535
v 0.01316350 -0.01855261 0.02081178
v 0.01316350 -0.01855261 0.00584736
v -0.02004880 0.00619213 0.01874177
v 0.00080591 0.01651160 0.01909121
v 0.00080591 0.01651160 0.01909121
v -0.00489343 0.03244725 0.00877257
v -0.01765203 -0.08452989 0.02096847
v -0.01556977 0.01244150 0.00453886
v 0.02329692 -0.08433525 0.01018504
v 0.02329692 -0.08433525 0.01647410
v 0.01913473 0.02486725 0.00208276
v -0.00612227 0.03244725 0.01788656
v 0.01029822 0.04512484 0.01327445
v 0.00243091 0.02299606 0.00292209
v 0.00243091 0.02299606 0.00292209
v -0.02491410 -0.02818564 0.00523475
v -0.02491410 -0.02818564 0.02142437
v -0.00620371 0.00628136 0.02062937
v 0.00163595 0.01358047 0.00756921
v 0.00163595 0.01358047 0.00756921
v -0.00534713 0.04033949 0.01332957
v 0.00620371 0.00628136 0.00602976
v 0.00598372 0.04746198 0.01332957
v 0.00700071 0.04634526 0.01324234
v 0.00700071 0.04634526 0.00868535
v 0.00971953 0.04498201 0.01324234
v 0.00971953 0.04498201 0.00868535
v 0.00818565 0.05131726 0.01324234
v 0.00818565 0.05131726 0.01324234
v 0.00818565 0.05131726 0.01324234
v 0.00818565 0.05131726 0.00868535
v 0.00818565 0.05131726 0.00868535
v 0.00818565 0.05131726 0.00868535
v 0.00285816 0.04001134 0.01324234
v -0.00153558 0.07190400 0.01761998
v -0.00153558 0.07190400 0.01761998
v -0.00153558 0.07190400 0.00877248
v -0.00153558 0.07190400 0.00877248
v -0.00143199 0.02429577 0.00562391
v 0.02553741 0.02434960 0.00134541
v 0.02553741 0.02434960 0.00134541
v 0.00953151 0.02890736 0.00457377
v 0.00953151 0.02890736 0.02208536
v -0.00732719 0.02520708 0.01788656
v -0.00287611 0.02520708 0.00877257
v -0.00287611 0.02520708 0.00877257
v -0.00287611 0.02520708 0.01788656
v -0.00287611 0.02520708 0.01788656
v -0.00287611 0.02520708 0.01332957
v -0.00287611 0.02520708 0.01332957
v -0.00059979 0.02836323 0.00671525
v -0.00059979 0.02836323 0.00671525
v -0.00012033 0.07099032 0.01616020
v -0.00012033 0.07099032 0.01616020
v 0.02470602 -0.07488385 0.00859352
v 0.02470602 -0.07488385 0.01806562
v -0.00238959 0.04931828 0.00868535
v -0.00238959 0.04934819 0.01324234
v 0.01408195 0.00657280 0.02156191
v 0.01408195 0.00657280 0.00509723
v -0.00549504 0.00800827 0.02099509
v -0.01347421 0.03148393 0.02096996
v -0.01347421 0.03148393 0.02096996
v 0.00939309 0.01257458 0.00236387
v 0.01596737 0.03023803 0.02138709
v 0.01596737 0.03023803 0.00527204
v 0.00516279 0.00600977 0.00757471
v 0.00516279 0.00600977 0.00757471
v 0.02814700 -0.03953260 0.00769023
v 0.02814700 -0.03953260 0.01896891
v -0.00451141 0.00951782 0.02159664
v 0.00583890 0.00471710 0.01908336
v 0.00583890 0.00471710 0.01908336
v 0.01067115 0.04688887 0.01788656
v 0.01067115 0.04688887 0.01788656
v 0.02219934 0.01610175 0.01900689
v 0.02219934 0.01610175 0.00765225
v -0.01919229 0.00817385 0.00676646
v -0.00354390 0.01927797 0.00002958
v -0.00354390 0.01927797 0.00002958
v -0.00354390 0.01927797 0.00002958
v -0.00127585 0.07140007 0.01761922
v -0.00127585 0.07140007 0.01761922
v -0.00127585 0.07140007 0.01761922
v -0.00127585 0.07140007 0.01761922
v 0.00417511 0.03988886 0.01324234
v 0.00417511 0.03988886 0.00868535
v -0.01807845 0.02827127 0.00626827
v 0.02836212 -0.03954233 0.00897399
v 0.02836212 -0.03954233 0.01768515
v -0.02690239 -0.05065355 0.00651281
v -0.02690239 -0.05065355 0.02014631
v 0.01432992 -0.03950926 0.00691499
v 0.01432992 -0.03950926 0.00691499
v 0.01432992 -0.03950926 0.01974414
v 0.01432992 -0.03950926 0.01974414
v 0.01443878 -0.08932530 0.01596167
v 0.01443878 -0.08932530 0.01069746
v 0.01346909 0.02378818 0.02501519
v -0.00595909 0.00684055 0.00592665
v 0.00395601 0.05410366 0.00868535
v 0.00395601 0.05410366 0.00868535
v -0.00583890 0.00471710 0.01908336
v -0.00583890 0.00471710 0.01908336
v -0.01615752 -0.05997658 0.02236087
v -0.01615752 -0.05997658 0.02236087
v -0.01690144 0.02594529 0.02377048
v 0.00762822 0.04744970 0.01336864
v -0.01381629 -0.05074107 0.00657546
v -0.01381629 -0.05074107 0.00657546
v -0.00673561 0.04052664 0.01788656
v 0.00467467 0.00702505 0.01332957
v -0.02684232 -0.02793900 0.01998269
v -0.02684232 -0.02793900 0.00667643
v 0.02671760 -0.05997658 0.01332957
v 0.01500790 0.01143513 0.02202794
v 0.01500790 0.01143513 0.00463119
v -0.00572536 0.00743211 0.02085698
v 0.02028238 -0.00209772 0.02059430
v 0.02028238 -0.00209772 0.00606483
v 0.00009117 0.08108785 0.00877257
v 0.00009117 0.08108785 0.00877257
v 0.00009117 0.08108785 0.01788656
v 0.00009117 0.08108785 0.01788656
v -0.00604589 0.02208098 0.00170660
v -0.00750133 0.04432822 0.01788656
v -0.01087809 0.02693644 0.02297724
v 0.00403491 0.03244725 0.00868535
v 0.00443089 0.00753282 0.01332957
v -0.00775675 0.04070688 0.01788656
v -0.01419221 0.00932520 0.00477091
v 0.00163595 0.01358047 0.01332957
v -0.00134859 0.05505232 0.01761988
v -0.00134859 0.05505232 0.01761988
v -0.00134859 0.05505232 0.01761988
v -0.00134859 0.05509387 0.01726994
v -0.00106801 0.04894429 0.00868535
v -0.00106801 0.04894429 0.01324234
v -0.01423013 -0.07509087 0.02112697
v -0.00719475 0.03244725 0.00877257
v 0.01359360 -0.08903427 0.01592297
v 0.01359360 -0.08903427 0.01592297
v 0.01359360 -0.08903427 0.01073617
v 0.01359360 -0.08903427 0.01073617
v -0.00552055 0.03449416 0.00877257
v -0.00552055 0.03449416 0.00877257
v -0.01254034 -0.07509087 0.01332956
v -0.00233736 0.01370213 0.02377472
v 0.02452745 0.02411246 0.02565968
v 0.02452745 0.02411246 0.02565968
v 0.02266672 -0.08428596 0.01797685
v 0.02266672 -0.08428596 0.00868229
v 0.01039737 0.04710392 0.01788656
v -0.01598145 0.03024929 0.02076201
v 0.01180933 0.05279028 0.01788656
v 0.01180933 0.05279028 0.01788656
v 0.01180933 0.05279028 0.01788656
v 0.01180933 0.05279028 0.00877258
v 0.01180933 0.05279028 0.00877258
v 0.01180933 0.05279028 0.00877258
v 0.01030336 0.04707232 0.01332957
v -0.01364527 -0.02783080 0.01907785
v -0.01364527 -0.02783080 0.01907785
v -0.02607651 0.02232516 0.00165420
v -0.02013350 0.01245500 0.00735919
v -0.01046503 0.00827843 0.02201403
v 0.02501356 0.02187721 0.02561292
v -0.00285812 0.02499111 0.01332957
v -0.00285812 0.02499111 0.01332957
v -0.00285812 0.02499111 0.01826262
v -0.00285812 0.02499111 0.00839651
v 0.01358476 -0.05074107 0.01332957
v 0.01413360 -0.08803958 0.00890953
v 0.01413360 -0.08803958 0.01774961
v -0.00583409 0.00991173 0.02341681
v -0.00583409 0.00991173 0.02341681
v -0.02041873 0.01267811 0.01849467
v -0.02005140 0.01382949 0.01984176
v -0.02544327 0.01937546 0.01871127
v -0.02544327 0.01937546 0.00794785
v 0.00058961 0.02840950 0.01332957
v 0.00058961 0.02840950 0.01332957
v 0.00058961 0.02840950 0.01332957
v -0.01072988 -0.00869375 0.02047799
v -0.01178455 0.03110244 0.01332956
v -0.01178455 0.03110244 0.01332956
v -0.01178455 0.03110244 0.01332956
v -0.01178455 0.03110244 0.01332956
v -0.01178455 0.02715487 0.01332956
v -0.01178455 0.02715487 0.01332956
v -0.01755983 0.01159286 0.02058295
v -0.01406915 0.03163889 0.02043632
v -0.01406915 0.03163889 0.02043632
v 0.02357513 0.01873799 0.02143853
v 0.02357513 0.01873799 0.00522061
v -0.00972819 0.01164136 0.00312947
v -0.01176064 0.02718355 0.00850308
v -0.01176064 0.03113112 0.00875448
v -0.01176064 0.03113112 0.00875448
v -0.01292066 -0.08736739 0.01745612
v -0.01292066 -0.08736739 0.01745612
v 0.02035400 0.02697222 0.02031345
v 0.02035400 0.02697222 0.00634569
v -0.01062595 0.00751287 0.00481314
v -0.02746403 -0.05070155 0.01900808
v -0.02746403 -0.05070155 0.00765105
v -0.01915067 -0.02783080 0.00403458
v -0.01956374 0.01213746 0.00675639
v -0.01520241 0.02765407 0.02278355
v -0.01825535 -0.07509087 0.00498460
v 0.01063638 0.04692054 0.01332957
v 0.01063638 0.04692054 0.01332957
v 0.02066940 -0.08768327 0.00875169
v 0.02066940 -0.08768327 0.01790745
v 0.00849109 0.07102296 0.01618595
v 0.00849109 0.07102296 0.01618595
v 0.00486871 0.02555046 0.02283448
v 0.00526975 0.00855735 0.00549790
v -0.01050781 0.04717421 0.01324234
v -0.01050781 0.04717421 0.01324234
v -0.01050781 0.04717421 0.00868535
v -0.01050781 0.04717421 0.00868535
v 0.00119310 0.07798675 0.00877257
v 0.00119310 0.07798675 0.00877257
v 0.00119310 0.07798675 0.01788656
v 0.00119310 0.07798675 0.01788656
v 0.01743659 -0.08785491 0.00794428
v 0.01743659 -0.08785491 0.01871486
v -0.01171282 0.03111891 0.00856871
v -0.01171282 0.03111891 0.00856871
v -0.02273110 0.01732939 0.01977709
v -0.00526974 0.00855735 0.00549790
v -0.02452745 0.02411246 0.02565967
v -0.02452745 0.02411246 0.02565967
v -0.01746165 -0.01855261 0.00437333
v -0.02734456 0.02256199 0.01332956
v -0.02117453 0.01776084 0.02214624
v 0.00619613 0.00899954 0.00372116
v 0.00619613 0.00899954 0.00372116
v -0.00795557 0.03013332 0.02112728
v -0.00795557 0.03013332 0.02112728
v -0.00667134 0.05253275 0.01332957
v -0.00667134 0.05253275 0.01332957
v -0.02758383 -0.03951866 0.00657657
v -0.02758383 -0.03951866 0.02008255
v 0.00448529 0.04741583 0.01313360
v 0.00696679 0.02006394 0.02662955
v 0.00696679 0.02006394 0.02662955
v 0.01254295 -0.08209308 0.01332957
v 0.02033358 0.02703017 0.01332957
v 0.02064714 0.01540477 0.01989906
v 0.02064714 0.01540477 0.00676008
v -0.01051512 0.04092248 0.01324234
v -0.01051512 0.04092248 0.01324234
v 0.00007279 0.09000000 0.00877257
v 0.00007279 0.09000000 0.00877257
v 0.00007279 0.09000000 0.00877257
v 0.00007279 0.09000000 0.01788656
v 0.00007279 0.09000000 0.01788656
v 0.00007279 0.09000000 0.01788656
v -0.02185319 -0.05997658 0.02188226
v -0.01171283 0.02717133 0.00831730
v 0.00282732 0.03308877 0.01777660
v 0.00282732 0.03308877 0.01777660
v 0.00282732 0.03308877 0.01777660
v 0.00282732 0.03308877 0.01324234
v 0.00282732 0.03308877 0.01324234
v 0.00282732 0.03308877 0.01324234
v 0.00282732 0.03308877 0.01324234
v 0.00282732 0.03308877 0.00868535
v 0.00282732 0.03308877 0.00868535
v 0.00282732 0.03308877 0.00868535
v -0.02361134 0.01759425 0.00759257
v 0.00080745 0.01968800 0.00756795
v 0.00080745 0.01968800 0.00756795
v 0.00292739 0.04815407 0.00868535
v 0.00292739 0.04815407 0.01324234
v -0.00080940 0.02374838 0.01909114
v -0.00080940 0.02374838 0.01909114
v -0.02222703 -0.00144897 0.01332956
v -0.02262200 0.02600955 0.01332956
v -0.00369086 0.03244725 0.00877257
v -0.00498188 0.05357293 0.01332957
v -0.00498188 0.05357293 0.01332957
v 0.01809814 0.02823891 0.02157243
v 0.01809814 0.02823891 0.00508671
v -0.02134602 -0.08771970 0.00995810
v -0.00685237 0.00711851 0.02214312
v -0.00685237 0.00711851 0.02214312
v -0.00322570 0.01007807 0.01908744
v -0.00322570 0.01007807 0.01908744
v -0.00491571 0.00651589 0.00757432
v -0.00491571 0.00651589 0.00757432
v 0.02269279 0.02578529 0.00396147
v 0.02269279 0.02578529 0.02269767
v -0.02427499 0.01876807 0.01992787
v -0.02427499 0.01876807 0.00673125
v -0.01346909 0.02378818 0.02501519
v 0.01530020 -0.00862057 0.00497461
v 0.01530020 -0.00862057 0.02168453
v -0.00876182 0.04098688 0.01788656
v 0.01725297 0.01574462 0.00373749
v 0.01725297 0.01574462 0.02292164
v -0.01871210 -0.08985339 0.01332956
v -0.00039467 0.04036224 0.00868535
v -0.00802161 0.03652292 0.01332957
v -0.00802161 0.03652292 0.01332957
v -0.01617500 0.03037484 0.01332956
v 0.01125021 0.02705059 0.01861389
v 0.01125021 0.02705059 0.00804524
v -0.00936283 0.04928976 0.01332957
v -0.00936283 0.04928976 0.01332957
v 0.00458776 0.05410366 0.00877257
v 0.00458776 0.05410366 0.00877257
v 0.00458776 0.05410366 0.01788656
v -0.00274001 0.02893869 0.01801122
v -0.00274001 0.02893869 0.01801122
v -0.00274001 0.02893869 0.00864792
v -0.00274001 0.02893869 0.00864792
v -0.01925475 0.01517010 0.02089829
v -0.00367852 0.05410366 0.01332957
v -0.00367852 0.05410366 0.01332957
v 0.00752081 0.02520708 0.01324234
v 0.00752081 0.02520708 0.01777660
v 0.00752081 0.02520708 0.01777660
v 0.00196503 0.02476443 0.02269963
v 0.00196503 0.02476443 0.02269963
v 0.01655622 -0.00188411 0.02107219
v 0.01655622 -0.00188411 0.00558694
v 0.00760862 0.07065666 0.00877257
v 0.00760862 0.07065666 0.00877257
v 0.02462900 -0.00897996 0.01858004
v 0.02462900 -0.00897996 0.00807910
v -0.00243090 0.02299606 0.00292209
v -0.00243090 0.02299606 0.00292209
v 0.01089918 0.04556551 0.01788656
v -0.01454739 0.01038800 0.02193855
v 0.01911899 -0.00872293 0.02124495
v 0.01911899 -0.00872293 0.00541419
v 0.00984375 0.04729910 0.01323971
v -0.00798791 0.03660623 0.01324234
v -0.00798791 0.03660623 0.01324234
v 0.00285090 0.02129498 0.00176579
v 0.00285090 0.02129498 0.00176579
v 0.00930450 -0.00890182 0.01907818
v 0.00930450 -0.00890182 0.01907818
v 0.00930450 -0.00890182 0.00758095
v 0.00930450 -0.00890182 0.00758095
v 0.00930450 -0.00890182 0.01332957
v 0.01124294 0.03099816 0.01833477
v 0.01124294 0.03099816 0.01833477
v 0.01124294 0.03099816 0.00832436
v 0.01124294 0.03099816 0.00832436
v -0.00402857 0.04156411 0.01324234
v -0.00402857 0.04154996 0.00868535
v 0.00954188 0.04447175 0.01788656
v 0.00954188 0.04447175 0.01332957
v -0.01124294 0.03099816 0.01833477
v -0.01124294 0.03099816 0.01833477
v -0.00418770 0.00804087 0.00757319
v -0.00418770 0.00804087 0.00757319
v -0.00039556 0.04036007 0.01324234
v -0.01854854 0.01405253 0.00598197
v 0.01913472 0.02486725 0.02457637
v -0.02400775 -0.01906134 0.02122044
v -0.02400775 -0.01906134 0.00543869
v 0.01401364 0.03162398 0.02065286
v 0.01401364 0.03162398 0.02065286
v 0.01401364 0.03162398 0.00600628
v 0.01401364 0.03162398 0.00600628
v 0.02673505 -0.05981303 0.00920666
v 0.02673505 -0.05981303 0.01745248
v 0.00129830 0.02055377 0.00412401
v 0.02767688 -0.05071067 0.00895832
v 0.02767688 -0.05071067 0.01770082
v -0.00451141 0.00951782 0.00506249
v 0.00199123 0.03312781 0.01329442
v 0.00199123 0.03312781 0.01329442
v 0.00583891 0.00471710 0.00757577
v 0.00583891 0.00471710 0.00757577
v -0.00196503 0.02476443 0.02269963
v -0.00196503 0.02476443 0.02269963
v 0.01925475 0.01517010 0.02089829
v 0.01925475 0.01517010 0.00576085
v 0.02553740 0.02434960 0.02531373
v 0.02553740 0.02434960 0.02531373
v -0.01447345 0.00492111 0.00531598
v 0.01943052 -0.08452991 0.00590849
v 0.01943052 -0.08452991 0.02075065
v 0.02677415 -0.01868298 0.00911131
v 0.02677415 -0.01868298 0.01754783
v -0.01125021 0.02705059 0.01861389
v -0.01986146 -0.08901221 0.01665036
v -0.00060851 0.02832361 0.02067399
v -0.00060851 0.02832361 0.02067399
v -0.00060851 0.02832361 0.02067399
v -0.00662490 0.00778061 0.02237390
v -0.00662490 0.00778061 0.02237390
v 0.00939308 0.01257458 0.02429526
v -0.01177161 0.05947505 0.01127734
v -0.01177161 0.05947505 0.01127734
v -0.01021307 0.00988656 0.02252129
v -0.00359779 0.04569839 0.01340328
v 0.02651935 -0.05984262 0.00790298
v 0.02651935 -0.05984262 0.01875616
v -0.00777832 0.04068726 0.01335974
v 0.00681513 0.03971825 0.01324234
v 0.00681513 0.03971825 0.00868535
v -0.01659043 0.01423633 0.02225437
v -0.02269280 0.02578529 0.00396146
v -0.02269280 0.02578529 0.02269767
v 0.00685237 0.00711851 0.02214313
v 0.00685237 0.00711851 0.02214313
v -0.00516279 0.00600977 0.00757471
v -0.00516279 0.00600977 0.00757471
v -0.00025816 0.04644748 0.01331623
v -0.00939308 0.01257458 0.02429526
v -0.00641127 0.00338777 0.01908247
v -0.00641127 0.00338777 0.01908247
v 0.02262200 0.02600955 0.01332957
v -0.02027409 0.00601999 0.01332956
v -0.02208301 0.01586621 0.01332956
v -0.01919725 -0.05997659 0.00425100
v -0.01591023 -0.02783080 0.02264767
v -0.01591023 -0.02783080 0.02264767
v -0.02216568 -0.00947006 0.02078472
v 0.00276625 0.02893869 0.01332957
v 0.00276625 0.02893869 0.01332957
v 0.00276625 0.02893869 0.01332957
v 0.00276625 0.02893869 0.01332957
v 0.00962462 0.04955261 0.01332957
v 0.00962462 0.04955261 0.01332957
v 0.00962462 0.04955261 0.01332957
v 0.00962462 0.04955261 0.01332957
v 0.00962462 0.04955261 0.01788656
v 0.00962462 0.04955261 0.01788656
v 0.00962462 0.04955261 0.01788656
v 0.00059980 0.02836323 0.00671525
v 0.00059980 0.02836323 0.00671525
v 0.00547678 0.02378416 0.02383379
v -0.01037795 0.04560377 0.00868535
v 0.01681219 0.01782299 0.00002722
v -0.02705512 0.02081312 0.01332956
v -0.01423013 -0.07509087 0.00553216
v -0.00233736 0.01370213 0.00288441
v -0.01364526 -0.02783080 0.01332956
v -0.00996654 0.04825223 0.01332957
v -0.00996654 0.04825223 0.01332957
v 0.00370296 0.00905773 0.01332957
v -0.02125561 -0.08421226 0.02035292
v -0.01743659 -0.08785491 0.01871485
v 0.02037739 0.02688125 0.02198486
v 0.02037739 0.02688125 0.00467428
v -0.00790817 0.05131726 0.01332957
v -0.00790817 0.05131726 0.01332957
v -0.01046502 0.00827843 0.00464510
v -0.02253852 0.01784105 0.00600447
v -0.02253852 0.01784105 0.02065465
v 0.00059083 0.04127842 0.01790753
v -0.00583409 0.00991173 0.00324232
v -0.00583409 0.00991173 0.00324232
v 0.00309471 0.02505273 0.00810790
v 0.00309471 0.02505273 0.01855123
v -0.02175045 -0.08769353 0.01604578
v 0.01915067 -0.02783080 0.00403458
v 0.01915067 -0.02783080 0.02262455
v -0.01755983 0.01159286 0.00607618
v -0.02057454 -0.01855261 0.02174895
v -0.02607652 0.02232516 0.02500492
v 0.00192772 0.05464133 0.00868535
v 0.00192772 0.05464133 0.00868535
v 0.00546694 0.02520708 0.00868535
v -0.01995650 0.00815380 0.01332956
v 0.01178455 0.03110244 0.01332957
v 0.01178455 0.03110244 0.01332957
v 0.01178455 0.03110244 0.01332957
v 0.01178455 0.03110244 0.01332957
v 0.01178455 0.02715487 0.01332957
v 0.01178455 0.02715487 0.01332957
v -0.00922828 0.04380001 0.01332957
v -0.00114273 0.01800199 0.00291324
v -0.00058961 0.02840950 0.01909109
v -0.00058961 0.02840950 0.01909109
v -0.00058961 0.02840950 0.01909109
v -0.00534057 0.04920171 0.00868535
v 0.00486871 0.02555046 0.00382465
v -0.02497587 -0.05042143 0.02169396
v -0.02497587 -0.05042143 0.00496516
v 0.02253852 0.01784105 0.00600448
v 0.02253852 0.01784105 0.02065466
v 0.00145728 0.05505559 0.01752783
v 0.00145728 0.05505559 0.01752783
v 0.00145728 0.05505232 0.00877257
v 0.00145728 0.05505232 0.00877257
v 0.00145728 0.05505232 0.00877257
v 0.00145728 0.05505232 0.01788656
v 0.00145728 0.05505232 0.01788656
v 0.00145728 0.05505232 0.01788656
v 0.00145728 0.05509387 0.01332957
v 0.00145728 0.05509387 0.01332957
v 0.00145728 0.05509387 0.01332957
v 0.00145728 0.05509387 0.01332957
v 0.00767757 0.00510316 0.02176239
v 0.00767757 0.00510316 0.02176239
v 0.01046503 0.00827843 0.00464510
v 0.01046503 0.00827843 0.02201403
v -0.01734635 0.01028870 0.02059763
v -0.00847009 0.04846497 0.01324234
v -0.00029227 0.04643445 0.01790376
v -0.02037739 0.02688125 0.02198486
v -0.00572536 0.00743211 0.00580215
v -0.00370296 0.00905773 0.00757243
v -0.00370296 0.00905773 0.00757243
v 0.01364527 -0.02783080 0.01332957
v 0.00143200 0.02429577 0.02103522
v -0.02266672 -0.08428596 0.01797684
v -0.02452745 0.02411246 0.00099945
v -0.02452745 0.02411246 0.00099945
v 0.00233736 0.01370213 0.02377472
v 0.01423013 -0.07509087 0.02112697
v 0.01423013 -0.07509087 0.00553216
v 0.00900897 0.04055160 0.01324234
v 0.00900897 0.04055160 0.00868535
v -0.00534713 0.04033949 0.01788656
v -0.01681219 0.01782299 0.02663191
v -0.00739188 0.00352838 0.02052068
v 0.01417635 -0.03950925 0.01332957
v 0.00009177 0.05521749 0.01627206
v 0.00009177 0.05521749 0.01627206
v -0.01789400 0.00527201 0.00611493
v 0.00187788 0.07729890 0.00877257
v 0.00187788 0.07729890 0.00877257
v 0.00187788 0.07729890 0.01788656
v 0.00187788 0.07729890 0.01788656
v -0.00443089 0.00753282 0.01908556
v -0.00443089 0.00753282 0.01908556
v -0.01661878 -0.05074106 0.02290553
v -0.01661878 -0.05074106 0.02290553
v 0.02216568 -0.00947006 0.00587441
v 0.02216568 -0.00947006 0.02078473
v 0.00826540 0.03660623 0.01332957
v 0.00826540 0.03660623 0.01332957
v 0.00826540 0.03660623 0.01788656
v 0.00826540 0.03660623 0.01788656
v -0.00871319 0.05034483 0.01332957
v -0.00871319 0.05034483 0.01332957
v 0.00830065 0.03244725 0.00868535
v 0.00641128 0.00338777 0.00757666
v 0.00641128 0.00338777 0.00757666
v -0.01161496 0.00428975 0.00488653
v -0.02023853 0.00625411 0.00921880
v -0.00685237 0.00711851 0.00451600
v -0.00685237 0.00711851 0.00451600
v -0.00798298 0.05176243 0.01761988
v -0.00798298 0.05176243 0.01761988
v 0.01690144 0.02594529 0.02377048
v 0.01690144 0.02594529 0.00288865
v 0.00192560 0.05462651 0.01324234
v 0.00192560 0.05462651 0.01324234
v -0.01346909 0.02378818 0.00164394
v -0.02041873 0.01267811 0.00816446
v -0.01072988 -0.00869375 0.00618114
v 0.02548333 0.01991821 0.02052225
v 0.02548333 0.01991821 0.00613688
v 0.00686576 0.04326544 0.01332957
v 0.00686576 0.04326544 0.01788656
v 0.02222904 -0.08778326 0.01332957
v -0.01195021 -0.00851562 0.00498270
v -0.01195021 -0.00851562 0.00498270
v -0.00943099 0.04955261 0.00868535
v -0.00943099 0.04955261 0.00868535
v -0.00943099 0.04955261 0.00868535
v -0.01259053 -0.08451695 0.00803513
v -0.01259053 -0.08451695 0.00803513
v -0.01943052 -0.08452991 0.00590848
v -0.00933516 0.03848110 0.01788656
v 0.00458776 0.05410366 0.01332957
v 0.00458776 0.05410366 0.01332957
v 0.02675060 -0.01855261 0.01332957
v 0.02482828 -0.00890182 0.01332957
v 0.01919229 0.00817385 0.01989267
v 0.01919229 0.00817385 0.00676647
v -0.02219934 0.01610175 0.01900689
v 0.00383857 0.07098088 0.00877257
v 0.00383857 0.07098088 0.01788656
v -0.00009835 0.05521749 0.01616782
v -0.00009835 0.05521749 0.01616782
v -0.01520241 0.02765407 0.00387558
v -0.00724332 0.02520708 0.00877257
v -0.01549602 0.02202245 0.00002958
v -0.01549602 0.02202245 0.00002958
v 0.00384267 0.01050516 0.00462932
v -0.02484214 -0.00896748 0.00929775
v -0.02484214 -0.00896748 0.01736137
v -0.01401364 0.03162398 0.02065285
v -0.01401364 0.03162398 0.02065285
v -0.02761272 -0.02783080 0.01332956
v -0.01596737 0.03023803 0.02138709
v -0.01164000 0.04014523 0.01788656
v -0.01164000 0.04014523 0.01788656
v -0.01164000 0.04014523 0.01788656
v -0.01164000 0.04014523 0.01332957
v -0.01164000 0.04014523 0.01332957
v 0.00082926 0.02171930 0.01332957
v 0.01067924 0.04550516 0.01332957
v 0.01506017 -0.05997658 0.00475227
v 0.01506017 -0.05997658 0.02190687
v 0.00418770 0.00804087 0.01332957
v 0.00096759 0.02662898 0.00602940
v -0.01083262 0.04290470 0.01324234
v -0.01083262 0.04290470 0.01324234
v -0.01433432 0.02988798 0.00463249
v 0.00163595 0.01358047 0.01908992
v 0.00163595 0.01358047 0.01908992
v 0.00739188 0.00352838 0.02052068
v 0.00620371 0.00628136 0.02062938
v 0.01080187 0.04093930 0.01777660
v 0.01080187 0.04093930 0.01777660
v 0.01080187 0.04093930 0.01777660
v 0.01080187 0.04093930 0.01324234
v 0.01080187 0.04093930 0.01324234
v 0.01080187 0.04093930 0.01324234
v 0.01080187 0.04093930 0.01324234
v 0.01080187 0.04093930 0.00868535
v 0.01080187 0.04093930 0.00868535
v 0.01080187 0.04093930 0.00868535
v 0.01383446 -0.08899735 0.01332957
v 0.01383446 -0.08899735 0.01332957
v -0.00552055 0.03449416 0.01332957
v -0.00552055 0.03449416 0.01332957
v -0.02597023 -0.01871239 0.00678982
v -0.02597023 -0.01871239 0.01986931
v -0.02329692 -0.08433525 0.01647410
v -0.02740556 -0.02790568 0.01889176
v -0.02740556 -0.02790568 0.00776736
v 0.00166167 0.04681985 0.01332957
v 0.00166167 0.04681985 0.01788656
v 0.01164969 0.03244725 0.01777660
v 0.01164969 0.03244725 0.01777660
v 0.01164969 0.03244725 0.01324234
v 0.01164969 0.03244725 0.00868535
v 0.01164969 0.03244725 0.00868535
v -0.01993042 0.00854796 0.01776509
v -0.00276625 0.02893869 0.01332957
v -0.00276625 0.02893869 0.01332957
v -0.00276625 0.02893869 0.01332957
v -0.00276625 0.02893869 0.01332957
v 0.02505571 -0.07509086 0.01332957
v 0.00510838 0.01380628 0.02665409
v 0.00510838 0.01380628 0.02665409
v -0.01051511 0.04092248 0.00868535
v -0.01051511 0.04092248 0.00868535
v 0.00318360 0.02910967 0.02089417
v 0.00318360 0.02910967 0.02089417
v -0.02582176 0.02441932 0.02463173
v -0.02582176 0.02441932 0.02463173
v -0.02655111 -0.01867270 0.00785862
v -0.02655111 -0.01867270 0.01880050
v 0.00089723 0.07278189 0.01788665
v 0.00089723 0.07278189 0.01788665
v 0.00089723 0.07278189 0.00877248
v 0.00089723 0.07278189 0.00877248
v -0.00322569 0.01007807 0.01332957
v -0.01530019 -0.00862057 0.00497460
v -0.00555025 0.01087081 0.00272504
v -0.00555025 0.01087081 0.00272504
v 0.02427499 0.01876807 0.01992788
v 0.02427499 0.01876807 0.00673126
v -0.01397067 -0.08594434 0.01895445
v 0.00491571 0.00651589 0.01332957
v 0.00285812 0.04001109 0.00868535
v 0.00685237 0.00711851 0.00451601
v 0.00685237 0.00711851 0.00451601
v 0.02134602 -0.08771970 0.00995811
v 0.02134602 -0.08771970 0.01670103
v -0.01809814 0.02823891 0.00508670
v -0.01919229 0.00817385 0.01989266
v -0.00121730 0.04097981 0.01332957
v -0.00121730 0.04097981 0.01788656
v 0.02361134 0.01759425 0.01906656
v 0.02361134 0.01759425 0.00759258
v -0.01801130 -0.08985962 0.01127642
v -0.01692719 -0.08903076 0.01768201
v -0.01692719 -0.08903076 0.00897712
v -0.01692719 -0.09000000 0.01332956
v -0.02216568 -0.00947006 0.00587441
v 0.00547678 0.02378416 0.00282534
v 0.01755987 -0.08999999 0.01332957
v -0.01170064 0.05153695 0.01761988
v -0.01170064 0.05153695 0.01761988
v -0.01170064 0.05153695 0.01761988
v 0.02117453 0.01776084 0.00451289
v 0.02117453 0.01776084 0.02214625
v 0.00406997 0.02769063 0.02209517
v -0.01454739 0.01038800 0.00472057
v 0.02582175 0.02441932 0.02463174
v 0.02582175 0.02441932 0.02463174
v -0.01016116 0.04332643 0.01788656
v 0.01433432 0.02988798 0.00463249
v 0.01433432 0.02988798 0.02202664
v -0.00921003 -0.00253565 0.00620018
v 0.00893241 0.01404601 0.00000000
v 0.00160440 0.07904511 0.00877257
v 0.00160440 0.07904511 0.00877257
v 0.00160440 0.07904511 0.01788656
v 0.00160440 0.07904511 0.01788656
v -0.00096758 0.02662898 0.00602940
v -0.01974333 0.00841901 0.00770003
v 0.00712249 0.03547997 0.01332957
v 0.00712249 0.03547997 0.01332957
v 0.00712249 0.03547997 0.01788656
v 0.00712249 0.03547997 0.01788656
v -0.01160697 0.02714352 0.00817430
v 0.00921003 -0.00253565 0.00620018
v 0.00921003 -0.00253565 0.02045896
v -0.00384266 0.01050516 0.00462932
v -0.00667134 0.05253275 0.01788656
v -0.00667134 0.05253275 0.01788656
v 0.02002453 0.01029266 0.01332957
v -0.00736925 0.07108633 0.01761988
v -0.00736925 0.07108633 0.01761988
v -0.00124776 0.07804009 0.00877257
v -0.00124776 0.07804009 0.00877257
v -0.00124776 0.07804009 0.01761988
v -0.00124776 0.07804009 0.01761988
v 0.02406129 -0.07489105 0.00752799
v 0.02406129 -0.07489105 0.01913115
v 0.01825535 -0.07509087 0.00498460
v 0.01825535 -0.07509087 0.02167453
v -0.02634308 0.02242583 0.00235714
v 0.00201942 0.07548693 0.00877248
v 0.00201942 0.07548693 0.00877248
v 0.00201942 0.07548693 0.01788665
v 0.00201942 0.07548693 0.01788665
v 0.00274001 0.02893869 0.00864792
v 0.00274001 0.02893869 0.00864792
v 0.00274001 0.02893869 0.01801122
v 0.00274001 0.02893869 0.01801122
v 0.00912448 0.05074021 0.01318473
v 0.00912448 0.05074021 0.01318473
v 0.00647457 0.05299505 0.01788656
v -0.00967263 0.04161722 0.01334142
v 0.01062595 0.00751287 0.02184599
v 0.01062595 0.00751287 0.00481315
v 0.02351908 0.01743372 0.01332957
v -0.00168990 0.05459469 0.01789779
v -0.00168990 0.05459469 0.01789779
v -0.00080591 0.01651160 0.01909121
v -0.00080591 0.01651160 0.01909121
v -0.02200127 -0.00156405 0.00707043
v -0.01545087 -0.05074107 0.02214440
v 0.01195021 -0.00851562 0.02167643
v 0.01195021 -0.00851562 0.02167643
v 0.01195021 -0.00851562 0.00498271
v 0.01195021 -0.00851562 0.00498271
v -0.02357512 0.01873799 0.02143852
v -0.02357512 0.01873799 0.00522061
v 0.01406915 0.03163889 0.00622281
v 0.01406915 0.03163889 0.00622281
v 0.01406915 0.03163889 0.02043632
v 0.01406915 0.03163889 0.02043632
v 0.01839024 -0.08932455 0.01723601
v 0.01839024 -0.08932455 0.00942313
v 0.00199214 0.03309667 0.01791352
v 0.00199214 0.03309667 0.01791352
v -0.00193346 0.07735166 0.01761988
v -0.00193346 0.07735166 0.01761988
v -0.00193346 0.07735166 0.00877257
v -0.00193346 0.07735166 0.00877257
v -0.01005746 0.04342685 0.01333683
v 0.02761272 -0.02783080 0.01332957
v -0.00491571 0.00651589 0.01332957
v 0.01681219 0.01782299 0.02663192
v -0.01681219 0.01782299 0.00002721
v -0.01413360 -0.08803958 0.00890952
v -0.01413360 -0.08803958 0.01774960
v -0.01949704 0.00595064 0.01978396
v -0.00496593 0.03244725 0.01788656
v 0.02681910 0.02442866 0.01332957
v 0.02681910 0.02442866 0.01332957
v -0.01109242 0.00590591 0.00492758
v 0.00045462 0.05493022 0.01332957
v 0.00045462 0.05493022 0.01332957
v 0.00045462 0.05493022 0.01788656
v 0.00045462 0.05493022 0.01788656
v -0.00156525 0.03303360 0.00868535
v -0.00156525 0.03303360 0.00868535
v -0.00156525 0.03303360 0.01324234
v -0.00156525 0.03303360 0.01324234
v -0.00134475 0.05523800 0.01761988
v -0.00134475 0.05523800 0.01761988
v -0.00134475 0.05523800 0.01761988
v -0.00134475 0.05523800 0.01761988
v -0.00134475 0.05516746 0.01630721
v -0.00134475 0.05516746 0.01630721
v 0.02587406 0.02442866 0.00289864
v 0.02587406 0.02442866 0.00289864
v 0.02587406 0.02442866 0.02376049
v 0.02587406 0.02442866 0.02376049
v -0.01992464 0.02666891 0.02325110
v 0.00767758 0.00510316 0.00489674
v 0.00767758 0.00510316 0.00489674
v -0.00641127 0.00338777 0.00757666
v -0.00641127 0.00338777 0.00757666
v -0.00163437 0.05459663 0.01332957
v -0.00163437 0.05459663 0.01332957
v -0.01839024 -0.08932455 0.01723601
v -0.00972820 0.01164136 0.02352965
v -0.01734635 0.01028870 0.00606149
v -0.02037739 0.02688125 0.00467427
v -0.00936283 0.04928976 0.01788656
v -0.00936283 0.04928976 0.01788656
v 0.01364527 -0.02783080 0.01907786
v 0.01364527 -0.02783080 0.01907786
v 0.01364527 -0.02783080 0.00758128
v 0.01364527 -0.02783080 0.00758128
v -0.01196472 -0.01855261 0.01907817
v -0.01196472 -0.01855261 0.01907817
v -0.00127475 0.07152663 0.01622003
v -0.00127475 0.07152663 0.01622003
v 0.01983263 0.01064790 0.00745727
v 0.01983263 0.01064790 0.01920187
v -0.00380600 0.02520708 0.01788656
v -0.02564097 -0.03951379 0.00506382
v 0.00837187 0.03657920 0.01324234
v 0.00837187 0.03657920 0.01324234
v 0.00837187 0.03657920 0.00868535
v 0.00837187 0.03657920 0.01777660
v 0.00837187 0.03657920 0.01777660
v -0.01359360 -0.08903427 0.01592296
v -0.01359360 -0.08903427 0.01592296
v -0.01359360 -0.08903427 0.01073616
v -0.01359360 -0.08903427 0.01073616
v 0.00806892 0.04569868 0.01324234
v 0.00806892 0.04569868 0.00868535
v -0.02198884 -0.08767431 0.01129866
v -0.01164206 0.03109109 0.00836724
v -0.01164206 0.03109109 0.00836724
v -0.00678369 0.03542091 0.00881102
v -0.00678369 0.03542091 0.00881102
v -0.01516238 -0.08957447 0.01599480
v -0.01516238 -0.08957447 0.01599480
v -0.01516238 -0.08957447 0.01066432
v -0.01516238 -0.08957447 0.01066432
v 0.01419221 0.00932520 0.00477091
v 0.01419221 0.00932520 0.02188822
v -0.00443089 0.00753282 0.00757357
v -0.00443089 0.00753282 0.00757357
v -0.01661877 -0.05074106 0.00375360
v -0.01661877 -0.05074106 0.00375360
v 0.00370296 0.00905773 0.00757244
v 0.00370296 0.00905773 0.00757244
v -0.02028238 -0.00209772 0.00606483
v 0.00572536 0.00743211 0.00580215
v -0.00354735 0.04576102 0.01783479
v -0.02673468 0.02081312 0.01902941
v -0.02673468 0.02081312 0.00762972
v 0.00082533 0.02171858 0.01909116
v 0.00082533 0.02171858 0.01909116
v 0.01888505 -0.08977759 0.01188664
v 0.01888505 -0.08977759 0.01477250
v -0.00823142 0.00364876 0.02175199
v -0.00823142 0.00364876 0.02175199
v -0.01400996 0.00823303 0.02181059
v -0.01443878 -0.08932530 0.01069746
v 0.00114273 0.01800199 0.00291324
v -0.00517258 0.04520197 0.01332957
v 0.02836208 -0.03950925 0.01332957
v -0.01579611 -0.03950925 0.00485834
v 0.00080744 0.01968800 0.01909118
v 0.00080744 0.01968800 0.01909118
v -0.02219933 0.01610175 0.00765224
v 0.02594986 -0.05985111 0.00677267
v 0.02594986 -0.05985111 0.01988647
v 0.02634309 0.02242583 0.00235715
v -0.00682949 0.00492509 0.02052669
v -0.00375743 0.03244725 0.01788656
v 0.00821679 0.03244725 0.01777660
v -0.00516279 0.00600977 0.01332957
v -0.01066652 0.04629087 0.01332957
v -0.01066652 0.04629087 0.01332957
v -0.01819014 0.02830036 0.01332956
v -0.01596737 0.03023803 0.00527204
v 0.00169034 0.02240682 0.02159414
v 0.01347421 0.03148393 0.02096996
v 0.01347421 0.03148393 0.02096996
v 0.01347421 0.03148393 0.00568917
v 0.01347421 0.03148393 0.00568917
v -0.01033864 0.00910368 0.02224106
v -0.01418983 -0.01855261 0.02229599
v -0.01418983 -0.01855261 0.02229599
v 0.01545087 -0.05074107 0.00451473
v 0.01545087 -0.05074107 0.02214441
v 0.01168444 0.02520708 0.01777660
v 0.01168444 0.02520708 0.01777660
v 0.01168444 0.02520708 0.01777660
v 0.01168444 0.02520708 0.01324234
v 0.01168444 0.02520708 0.01324234
v 0.01168444 0.02520708 0.00868535
v 0.01168444 0.02520708 0.00868535
v -0.00893241 0.01404601 0.00000000
v 0.00739188 0.00352838 0.00613845
v -0.01536906 -0.07509087 0.00510149
v -0.01536906 -0.07509087 0.00510149
v -0.00163595 0.01358047 0.01908992
v -0.00163595 0.01358047 0.01908992
v -0.00243091 0.02299606 0.02373704
v -0.00243091 0.02299606 0.02373704
v -0.02329692 -0.08433525 0.01018503
v -0.01084099 0.04554876 0.00868535
v -0.01084099 0.04554876 0.00868535
v 0.01556977 0.01244150 0.02212027
v 0.01556977 0.01244150 0.00453887
v -0.01993042 0.00854796 0.00889404
v 0.00285089 0.02129498 0.02489334
v 0.00285089 0.02129498 0.02489334
v 0.00510838 0.01380628 0.00000504
v 0.00510838 0.01380628 0.00000504
v -0.00790817 0.05131726 0.01788656
v -0.00790817 0.05131726 0.01788656
v 0.02004881 0.00619213 0.00791736
v 0.02004881 0.00619213 0.01874177
v -0.00418770 0.00804087 0.01908594
v -0.00418770 0.00804087 0.01908594
v 0.02208302 0.01586621 0.01332957
v -0.01316350 -0.01855261 0.00584735
v 0.00318360 0.02910967 0.00576496
v 0.00318360 0.02910967 0.00576496
v -0.01854854 0.01405253 0.02067715
v -0.00406997 0.02769063 0.02209517
v -0.00422559 0.04057002 0.01332957
v -0.00422559 0.04057002 0.01788656
v 0.02705511 0.02081312 0.01332957
v 0.00129830 0.02055377 0.02253512
v 0.00171266 0.07374312 0.00877248
v 0.00171266 0.07374312 0.00877248
v 0.00171266 0.07374312 0.01788665
v 0.00171266 0.07374312 0.01788665
v -0.02150330 0.01680351 0.02016208
v -0.01349293 -0.05997659 0.00651953
v -0.01349293 -0.05997659 0.00651953
v -0.01481915 -0.08968865 0.01332956
v -0.01481915 -0.08968865 0.01332956
v -0.01481915 -0.08968865 0.01332956
v -0.01481915 -0.08968865 0.01332956
v -0.01481915 -0.08968865 0.01332956
v 0.01927162 0.01040606 0.01996478
v 0.01927162 0.01040606 0.00669436
v -0.01576647 0.03019135 0.02184058
v 0.01094648 0.04128782 0.01324234
v 0.01094648 0.04128782 0.01324234
v -0.01270615 -0.07509088 0.00687430
v -0.01270615 -0.07509088 0.00687430
v -0.01356951 -0.00213699 0.02168757
v -0.01927162 0.01040606 0.00669435
v -0.00922828 0.04380001 0.01788656
v -0.01396770 -0.08340594 0.00636734
v 0.00583409 0.00991173 0.02341681
v 0.00583409 0.00991173 0.02341681
v 0.00525637 0.05355984 0.01324234
v 0.00525637 0.05355984 0.01324234
v -0.01170064 0.05279028 0.00877257
v -0.01170064 0.05279028 0.00877257
v -0.01170064 0.05279028 0.00877257
v -0.00129830 0.02055377 0.00412401
v 0.00406997 0.02769063 0.00456396
v 0.02655111 -0.01867270 0.01880051
v 0.02655111 -0.01867270 0.00785863
v -0.00318360 0.02910967 0.02089417
v -0.00318360 0.02910967 0.02089417
v -0.01859892 -0.08785491 0.01862218
v 0.00541836 0.03244725 0.00868535
v 0.00809167 0.05176241 0.01332957
v 0.00809167 0.05176241 0.01332957
v 0.00809167 0.05176243 0.00877257
v 0.00809167 0.05176243 0.00877257
v 0.00809167 0.05176243 0.01788656
v -0.02109722 0.01442424 0.00791204
v 0.00418770 0.00804087 0.00757319
v 0.00418770 0.00804087 0.00757319
v -0.00282754 0.03244725 0.00877257
v -0.00282754 0.03244725 0.00877257
v -0.00282754 0.03244725 0.01788656
v -0.00282754 0.03244725 0.01788656
v -0.00282754 0.03244725 0.01332957
v -0.00282754 0.03244725 0.01332957
v -0.02505572 -0.07509086 0.01332956
v -0.00285089 0.02129498 0.00176579
v -0.00285089 0.02129498 0.00176579
v 0.00093142 0.04855468 0.01324234
v -0.00264095 0.04082510 0.01780208
v 0.02018292 0.01654033 0.02139846
v 0.02018292 0.01654033 0.00526068
v 0.01549602 0.02202245 0.00002958
v 0.01549602 0.02202245 0.00002958
v 0.00598372 0.04746198 0.01788656
v 0.00898036 0.04729469 0.01788656
v 0.00898036 0.04729468 0.01332957
v -0.02006271 0.01083169 0.00845627
v 0.02508235 -0.07492351 0.01690749
v 0.02508235 -0.07492351 0.00975165
v -0.00174423 0.07379658 0.01761998
v -0.00174423 0.07379658 0.01761998
v -0.00174423 0.07379658 0.00877248
v -0.00174423 0.07379658 0.00877248
v 0.00893241 0.01404601 0.02665913
v 0.00413213 0.04239016 0.01332957
v 0.00413213 0.04237434 0.01788656
v -0.00125470 0.02685254 0.00472764
v -0.00125470 0.02685254 0.00472764
v -0.01324850 -0.05997658 0.01332956
v -0.00080591 0.01651160 0.00756792
v -0.00080591 0.01651160 0.00756792
v -0.01020182 0.04831461 0.00868535
v -0.01020182 0.04831461 0.00868535
v -0.01545087 -0.05074107 0.00451472
v 0.01418983 -0.01855261 0.02229599
v 0.01418983 -0.01855261 0.02229599
v 0.01418983 -0.01855261 0.00436314
v 0.01418983 -0.01855261 0.00436314
v -0.01740109 0.00777852 0.00609421
v 0.00464383 0.04743049 0.01788656
v -0.00377358 0.03359454 0.00877257
v -0.00377358 0.03359454 0.00877257
v -0.00377358 0.03359454 0.01788656
v -0.00377358 0.03359454 0.01332957
v -0.00377358 0.03359454 0.01332957
v 0.01819014 0.02830036 0.01332957
v -0.01798057 0.01285192 0.00606727
v 0.00516279 0.00600977 0.01332957
v -0.01680643 -0.08970932 0.01101735
v 0.02155341 0.01585654 0.00708081
v 0.02155341 0.01585654 0.01957832
v -0.02634309 0.02242583 0.02430198
v -0.00673639 0.04256069 0.00868535
v -0.02594986 -0.05985111 0.00677266
v -0.02594986 -0.05985111 0.01988646
v 0.02406811 -0.00906029 0.01959970
v 0.02406811 -0.00906029 0.00705944
v 0.00175695 0.03284203 0.01307423
v 0.00175695 0.03284203 0.01307423
v -0.02482828 -0.00890182 0.01332956
v -0.00295784 0.08997502 0.01761988
v -0.00295784 0.08997502 0.01761988
v -0.00295784 0.08997502 0.01761988
v -0.00295784 0.08997502 0.01761988
v -0.00295784 0.08997502 0.00877257
v -0.00295784 0.08997502 0.00877257
v -0.00295784 0.08997502 0.00877257
v -0.00295784 0.08997502 0.00877257
v 0.00577561 0.03458477 0.01788656
v 0.00577561 0.03458477 0.01788656
v 0.00577561 0.03458477 0.01332957
v 0.00577561 0.03458477 0.01332957
v -0.01992464 0.02666891 0.00340802
v 0.00662490 0.00778061 0.00428524
v 0.00662490 0.00778061 0.00428524
v 0.02013350 0.01245500 0.01929994
v 0.02013350 0.01245500 0.00735920
v 0.00011376 0.07099032 0.01626444
v 0.00011376 0.07099032 0.01626444
v -0.01807845 0.02827127 0.02039085
v 0.01579611 -0.03950925 0.02180079
v 0.01579611 -0.03950925 0.00485834
v -0.02224866 0.02550409 0.02409474
v -0.02064714 0.01540477 0.00676007
v -0.01513735 -0.08716637 0.01917275
v -0.01513735 -0.08716637 0.01917275
v -0.02836208 -0.03950925 0.01332956
v -0.00995464 0.04787565 0.01330513
v -0.00114273 0.01800199 0.02374589
v 0.00196503 0.02476443 0.00395950
v 0.00196503 0.02476443 0.00395950
v -0.00272287 0.03321989 0.01332957
v -0.00272287 0.03321989 0.01332957
v -0.00272287 0.03321989 0.01332957
v -0.00272287 0.03321989 0.01332957
v -0.00272287 0.03321989 0.00877257
v -0.00272287 0.03321989 0.00877257
v -0.00272287 0.03321989 0.00877257
v -0.00272287 0.03321989 0.01788656
v -0.00272287 0.03321989 0.01788656
v -0.00595909 0.00684055 0.02073248
v -0.02257290 -0.05074108 0.02228765
v 0.01097078 0.04553358 0.01332957
v 0.01097078 0.04553358 0.01332957
v -0.00431028 0.05410366 0.00868535
v -0.00534058 0.04920171 0.01324234
v -0.00082533 0.02171858 0.00756797
v -0.00082533 0.02171858 0.00756797
v 0.00549504 0.00800827 0.02099509
v 0.01974556 -0.05074107 0.02290263
v 0.01974556 -0.05074107 0.00375651
v -0.00370296 0.00905773 0.01908670
v -0.00370296 0.00905773 0.01908670
v -0.00930450 -0.00890182 0.01907818
v -0.00930450 -0.00890182 0.01907818
v 0.01661877 -0.05074106 0.02290553
v 0.01661877 -0.05074106 0.02290553
v 0.01661877 -0.05074106 0.00375360
v 0.01661877 -0.05074106 0.00375360
v 0.00082533 0.02171858 0.00756797
v 0.00082533 0.02171858 0.00756797
v 0.00443089 0.00753282 0.01908556
v 0.00443089 0.00753282 0.01908556
v 0.00133295 0.07637019 0.00877248
v 0.00133295 0.07637019 0.00877248
v 0.00133295 0.07637019 0.01788665
v 0.00133295 0.07637019 0.01788665
v -0.00823142 0.00364876 0.00490714
v -0.00823142 0.00364876 0.00490714
v -0.02564097 -0.03951379 0.02159530
v -0.02277282 -0.00135457 0.00947580
v -0.02277282 -0.00135457 0.01718333
v 0.02758383 -0.03951866 0.00657658
v 0.02758383 -0.03951866 0.02008256
v -0.01419221 0.00932520 0.02188822
v 0.01164206 0.03109109 0.00836725
v 0.01164206 0.03109109 0.00836725
v 0.01164206 0.03109109 0.01829189
v 0.01164206 0.03109109 0.01829189
v 0.00396835 0.03244725 0.01777660
v -0.00552055 0.03449416 0.01788656
v 0.02734456 0.02256199 0.01332957
v -0.01068789 0.04133017 0.01332957
v -0.01068789 0.04133017 0.01332957
v 0.01087808 0.02693644 0.02297724
v 0.01087808 0.02693644 0.00368189
v -0.01983263 0.01064790 0.00745726
v 0.01196472 -0.01855261 0.00758097
v 0.01196472 -0.01855261 0.00758097
v 0.01196472 -0.01855261 0.01907817
v 0.01196472 -0.01855261 0.01907817
v 0.01196472 -0.01855261 0.01332957
v -0.01689782 -0.03950925 0.02289623
v -0.01689782 -0.03950925 0.02289623
v -0.02098684 0.01410511 0.01332956
v 0.00641127 0.00338777 0.01908248
v 0.00641127 0.00338777 0.01908248
v -0.00767758 0.00510316 0.02176239
v -0.00767758 0.00510316 0.02176239
v -0.02587406 0.02442866 0.00289864
v -0.02587406 0.02442866 0.00289864
v -0.02587406 0.02442866 0.02376049
v -0.02587406 0.02442866 0.02376049
v 0.00080948 0.01968843 0.01332957
v 0.02497587 -0.05042143 0.02169397
v 0.02497587 -0.05042143 0.00496517
v -0.02681910 0.02442866 0.01332956
v -0.02681910 0.02442866 0.01332956
v 0.00846390 0.07111427 0.01040067
v 0.00846390 0.07111427 0.01040067
v -0.02155341 0.01585654 0.00708081
v 0.00555025 0.01087081 0.00272504
v 0.00555025 0.01087081 0.00272504
v 0.00401692 0.02520708 0.01777660
v 0.00401692 0.02520708 0.01777660
v 0.00401692 0.02520708 0.01324234
v -0.01839024 -0.08932455 0.00942312
v -0.01033864 0.00910368 0.00441807
v -0.01418982 -0.01855261 0.00436314
v -0.01418982 -0.01855261 0.00436314
v -0.01176064 0.02718355 0.01815605
v -0.01176064 0.03113112 0.01790464
v -0.01176064 0.03113112 0.01790464
v 0.02200127 -0.00156405 0.01958871
v 0.02200127 -0.00156405 0.00707043
v -0.00800121 -0.00270668 0.00757948
v -0.00800121 -0.00270668 0.00757948
v -0.00128965 0.07153974 0.01761998
v -0.00128965 0.07153974 0.01761998
v -0.00128965 0.07153974 0.00877248
v -0.00128965 0.07153974 0.00877248
v -0.00373944 0.02520708 0.00877257
v 0.00080591 0.01651160 0.00756792
v 0.00080591 0.01651160 0.00756792
v 0.00125471 0.02685254 0.00472764
v 0.00125471 0.02685254 0.00472764
v -0.01956374 0.01213746 0.01990274
v -0.00696679 0.02006394 0.00002958
v -0.00696679 0.02006394 0.00002958
v 0.02634308 0.02242583 0.02430199
v 0.02006271 0.01083169 0.01820286
v 0.02006271 0.01083169 0.00845628
v -0.01825535 -0.07509087 0.02167453
v 0.01006671 0.01059577 0.00376523
v 0.01006671 0.01059577 0.02289390
v -0.00163595 0.01358047 0.00756921
v -0.00163595 0.01358047 0.00756921
v -0.00619613 0.00899954 0.02293797
v -0.00619613 0.00899954 0.02293797
v 0.00384266 0.01050516 0.02202981
v 0.01160697 0.02714352 0.00817431
v 0.01160697 0.02714352 0.01848483
v 0.01974333 0.00841901 0.00770003
v 0.01974333 0.00841901 0.01895911
v 0.00096758 0.02662898 0.02062973
v 0.02109722 0.01442424 0.00791205
v 0.02109722 0.01442424 0.01874709
v -0.01171282 0.03111891 0.01809042
v -0.01171282 0.03111891 0.01809042
v 0.00281753 0.03231614 0.01777660
v 0.00281753 0.03231614 0.01777660
v 0.00281753 0.03231614 0.00868535
v 0.00281753 0.03231614 0.00868535
v 0.00281753 0.03231614 0.01324234
v -0.01433432 0.02988798 0.02202664
v -0.01776991 0.02814096 0.00422065
v -0.01092209 0.04456331 0.01332957
v -0.01092209 0.04456331 0.01332957
v 0.01014859 0.04825282 0.01332957
v 0.01014859 0.04825282 0.01332957
v -0.02582175 0.02441932 0.00202739
v -0.02582175 0.02441932 0.00202739
v -0.00526974 0.00855735 0.02116123
v -0.01746165 -0.01855261 0.02228580
v 0.01454739 0.01038800 0.00472058
v 0.01454739 0.01038800 0.02193856
v -0.00406997 0.02769063 0.00456396
v -0.00501450 0.02520708 0.01788656
v -0.01655622 -0.00188411 0.00558694
v 0.01396770 -0.08340594 0.00636735
v 0.01396770 -0.08340594 0.02029179
v -0.01755987 -0.08999999 0.01332956
v 0.00028438 0.03286667 0.00868535
v 0.00028438 0.03286667 0.00868535
v 0.00028438 0.03286667 0.01324234
v 0.00028438 0.03286667 0.01324234
v -0.00959978 0.04955261 0.01332957
v -0.00959978 0.04955261 0.01332957
v -0.00959978 0.04955261 0.01332957
v -0.00959978 0.04955261 0.01332957
v -0.02150330 0.01680351 0.00649704
v -0.00547678 0.02378416 0.02383379
v -0.00906196 0.03874565 0.01334870
v 0.01692719 -0.08903076 0.01768201
v 0.01692719 -0.08903076 0.00897713
v 0.01692719 -0.09000000 0.01332957
v 0.01801130 -0.08985962 0.01538271
v 0.01801130 -0.08985962 0.01127643
v 0.01169523 0.04005097 0.01777660
v 0.01169523 0.04005097 0.01777660
v 0.01169523 0.04005097 0.01777660
v 0.01169523 0.04005097 0.01324234
v 0.01169523 0.04005097 0.01324234
v 0.01169523 0.04005097 0.00868535
v 0.01169523 0.04005097 0.00868535
v 0.01169523 0.04005097 0.00868535
v -0.01171283 0.02717133 0.01834183
v -0.02060918 -0.07509087 0.00534857
v -0.00447907 0.05410366 0.01761988
v -0.00447907 0.05410366 0.01761988
v -0.01356950 -0.00213699 0.00497156
v -0.01486552 -0.02783080 0.02100110
v 0.01871210 -0.08985339 0.01332957
v -0.02134602 -0.08771970 0.01670102
v -0.00491571 0.00651589 0.01908481
v -0.00491571 0.00651589 0.01908481
v 0.01397067 -0.08594434 0.01895446
v 0.01397067 -0.08594434 0.00770468
v 0.00309643 0.04730901 0.01332957
v 0.00309643 0.04728323 0.01788656
v -0.01216325 0.02531618 0.00271160
v 0.00423939 0.04782119 0.00868535
v -0.00555025 0.01087081 0.02393409
v -0.00555025 0.01087081 0.02393409
v 0.00322569 0.01007807 0.01332957
v -0.01809814 0.02823891 0.02157242
v 0.00747794 0.07108633 0.01788656
v 0.00747794 0.07108633 0.01788656
v 0.02582176 0.02441932 0.00202740
v 0.02582176 0.02441932 0.00202740
v 0.00525593 0.05355815 0.00868535
v 0.00525593 0.05355815 0.00868535
v -0.00318360 0.02910967 0.00576496
v -0.00318360 0.02910967 0.00576496
v -0.00641127 0.00338777 0.01332956
v -0.01505797 -0.08452991 0.02079135
v -0.01505797 -0.08452991 0.02079135
v 0.00271488 0.05436116 0.00881114
v 0.00271488 0.05436116 0.00881114
v 0.01986146 -0.08901221 0.01000877
v 0.01986146 -0.08901221 0.01665037
v -0.02004880 0.00619213 0.00791736
v 0.00646403 0.05310811 0.01339254
v 0.00646403 0.05310811 0.01339254
v -0.00227494 0.04083471 0.00868535
v -0.00227494 0.04083471 0.01324234
v -0.01765203 -0.08452989 0.00569065
v 0.01109615 0.04302302 0.01788656
v 0.01109615 0.04302302 0.01788656
v 0.01109615 0.04302302 0.01332957
v 0.01109615 0.04302302 0.01332957
v -0.00620371 0.00628136 0.00602976
v -0.02018292 0.01654033 0.02139845
v -0.02673505 -0.05981303 0.00920665
v -0.02673505 -0.05981303 0.01745247
v -0.00838239 0.07102296 0.01618594
v -0.00838239 0.07102296 0.01618594
v 0.02273110 0.01732939 0.00688205
v 0.02273110 0.01732939 0.01977709
v 0.00760467 0.02520708 0.00868535
v 0.00604589 0.02208098 0.02495253
v -0.00096759 0.02662898 0.02062973
v -0.00418770 0.00804087 0.01332957
v -0.01506017 -0.05997658 0.02190686
v -0.00467467 0.00702505 0.01332957
v -0.00549504 0.00800827 0.00566404
v -0.00082926 0.02171930 0.01332957
v -0.00617084 0.02520708 0.01788656
v -0.01911899 -0.00872293 0.02124494
v 0.00836783 0.04383142 0.01788656
v -0.02462900 -0.00897996 0.01858003
v -0.02462900 -0.00897996 0.00807909
v 0.02306437 -0.08430561 0.00941423
v 0.02306437 -0.08430561 0.01724491
v -0.00384267 0.01050516 0.02202981
v 0.01549602 0.02202245 0.02662955
v 0.01549602 0.02202245 0.02662955
v 0.01216326 0.02531618 0.00271160
v 0.01216326 0.02531618 0.02394753
v 0.00306653 0.08997502 0.00877257
v 0.00306653 0.08997502 0.00877257
v 0.00306653 0.08997502 0.00877257
v 0.00306653 0.08997502 0.00877257
v 0.00306653 0.08997502 0.01788656
v 0.00306653 0.08997502 0.01788656
v 0.00306653 0.08997502 0.01788656
v 0.00306653 0.08997502 0.01788656
v -0.02066940 -0.08768327 0.01790744
v 0.00583891 0.00471710 0.01332957
v 0.01520241 0.02765407 0.00387558
v 0.01520241 0.02765407 0.02278356
v 0.01956374 0.01213746 0.01990274
v 0.01956374 0.01213746 0.00675640
v -0.00517258 0.04520197 0.01788656
v -0.01447345 0.00492111 0.02134315
v -0.01161811 0.03244725 0.01788656
v -0.01161811 0.03244725 0.01788656
v -0.01161811 0.03244725 0.01332957
v -0.02224866 0.02550409 0.00256439
v -0.01513734 -0.08716637 0.00748638
v -0.01513734 -0.08716637 0.00748638
v 0.01576648 0.03019135 0.02184059
v 0.01576648 0.03019135 0.00481855
v -0.01177161 0.05947505 0.01512342
v -0.01177161 0.05947505 0.01512342
v 0.01072988 -0.00869375 0.02047799
v 0.01072988 -0.00869375 0.00618114
v 0.00539357 0.02520708 0.01777660
v 0.00539357 0.02520708 0.01777660
v 0.00539357 0.02520708 0.01324234
v -0.01725297 0.01574462 0.02292164
v 0.00162813 0.07195541 0.00877248
v 0.00162813 0.07195541 0.00877248
v 0.00162813 0.07195541 0.01788665
v 0.00162813 0.07195541 0.01788665
v 0.00081405 0.02374934 0.01332957
v -0.00583890 0.00471710 0.00757577
v -0.00583890 0.00471710 0.00757577
v -0.01615752 -0.05997658 0.00429826
v -0.01615752 -0.05997658 0.00429826
v -0.02257290 -0.05074108 0.00437147
v -0.01358476 -0.05074107 0.01332956
v -0.00516279 0.00600977 0.01908442
v -0.00516279 0.00600977 0.01908442
v 0.01161496 0.00428975 0.02177260
v 0.01161496 0.00428975 0.00488654
v -0.01109243 0.00590591 0.02173155
v 0.01114989 0.04416511 0.01788656
v 0.01114989 0.04416511 0.01788656
v 0.01114989 0.04416511 0.01332957
v 0.01114989 0.04416511 0.01332957
v 0.00549504 0.00800827 0.00566404
v 0.00467467 0.00702505 0.00757395
v 0.00467467 0.00702505 0.00757395
v -0.00847009 0.04846498 0.00868535
v -0.01919726 -0.05997659 0.02240812
v -0.02402113 -0.05963822 0.02138765
v -0.02402113 -0.05963822 0.00527147
v 0.00443089 0.00753282 0.00757357
v 0.00443089 0.00753282 0.00757357
v 0.02220176 -0.02783080 0.02202106
v 0.02220176 -0.02783080 0.00463808
v 0.01789400 0.00527201 0.00611494
v 0.01789400 0.00527201 0.02054420
v -0.00287925 0.02900030 0.01829982
v -0.00287925 0.02900030 0.01829982
v -0.00287925 0.02900030 0.00835931
v -0.00287925 0.02900030 0.00835931
v 0.02198884 -0.08767431 0.01129866
v 0.02198884 -0.08767431 0.01536048
v -0.01417635 -0.03950925 0.01332956
v 0.00287925 0.02900030 0.00835931
v 0.00287925 0.02900030 0.00835931
v 0.00287925 0.02900030 0.01829982
v 0.00287925 0.02900030 0.01829982
v 0.02564097 -0.03951379 0.02159531
v 0.02564097 -0.03951379 0.00506383
v -0.02306509 -0.03950925 0.02222836
v -0.01598145 0.03024929 0.00589712
v 0.01269508 -0.08628050 0.01332957
v -0.01364527 -0.02783080 0.00758127
v -0.01364527 -0.02783080 0.00758127
v 0.02370133 -0.08452989 0.01332957
v 0.00370296 0.00905773 0.01908670
v 0.00370296 0.00905773 0.01908670
v -0.01406185 0.03172381 0.01332956
v -0.01406185 0.03172381 0.01332956
v -0.01406185 0.03172381 0.01332956
v -0.02028238 -0.00209772 0.02059430
v -0.01689781 -0.03950925 0.00376290
v -0.01689781 -0.03950925 0.00376290
v 0.00572536 0.00743211 0.02085698
v 0.01734635 0.01028870 0.00606150
v 0.01734635 0.01028870 0.02059764
v -0.00767757 0.00510316 0.00489674
v -0.00767757 0.00510316 0.00489674
v 0.02069952 0.01419297 0.00726696
v 0.02069952 0.01419297 0.01939218
v -0.00169034 0.02240682 0.00506499
v -0.00633876 0.04459007 0.01332957
v -0.00486871 0.02555046 0.02283448
v -0.02257292 -0.00139558 0.00816177
v -0.02257292 -0.00139558 0.01849735
v 0.00312735 0.05474198 0.01788656
v -0.02767438 -0.05074107 0.01332956
v -0.01024495 -0.00238923 0.00501930
v -0.01024495 -0.00238923 0.00501930
v -0.01263038 -0.08209311 0.01943166
v -0.01263038 -0.08209311 0.01943166
v -0.02005140 0.01382949 0.00681737
v 0.00058961 0.02840950 0.00756804
v 0.00058961 0.02840950 0.00756804
v 0.00058961 0.02840950 0.00756804
v 0.00114273 0.01800199 0.02374589
v -0.00208645 0.07557507 0.00877248
v -0.00208645 0.07557507 0.00877248
v -0.00208645 0.07557507 0.01761998
v -0.00208645 0.07557507 0.01761998
v -0.01406915 0.03163889 0.00622281
v -0.01406915 0.03163889 0.00622281
v -0.00549812 0.03458477 0.00868535
v -0.00549812 0.03458477 0.00868535
v 0.01995650 0.00815380 0.01332957
v -0.01292066 -0.08736739 0.00920301
v -0.01292066 -0.08736739 0.00920301
v -0.00017713 0.05493022 0.00868535
v -0.00017713 0.05493022 0.00868535
v -0.00017713 0.05493022 0.01324234
v -0.00017713 0.05493022 0.01324234
v 0.01188030 0.05947505 0.01512342
v 0.01188030 0.05947505 0.01512342
v 0.01188030 0.05947505 0.01153571
v 0.01188030 0.05947505 0.01153571
v 0.02607652 0.02232516 0.00165421
v 0.02057454 -0.01855261 0.00491018
v 0.02057454 -0.01855261 0.02174895
v -0.00014163 0.09000000 0.00877257
v -0.00014163 0.09000000 0.00877257
v -0.00014163 0.09000000 0.00877257
v -0.00014163 0.09000000 0.01761988
v -0.00014163 0.09000000 0.01761988
v -0.00014163 0.09000000 0.01761988
v 0.01755983 0.01159286 0.00607618
v 0.01755983 0.01159286 0.02058295
v 0.00548533 0.04732680 0.00868535
v 0.00548533 0.04732680 0.01324234
v 0.02175045 -0.08769353 0.01061335
v 0.02175045 -0.08769353 0.01604579
v 0.00149034 0.07147314 0.00877248
v 0.00149034 0.07147314 0.00877248
v 0.00149034 0.07147314 0.01788665
v 0.00149034 0.07147314 0.01788665
v -0.01389004 0.03159223 0.00583960
v -0.01389004 0.03159223 0.00583960
v -0.00604409 0.03244725 0.00877257
v 0.00929958 0.05071360 0.00877257
v 0.00929958 0.05071360 0.00877257
v 0.00836382 0.04387445 0.01335354
v 0.02544327 0.01937546 0.01871128
v 0.02544327 0.01937546 0.00794786
v -0.00309471 0.02505273 0.01855123
v -0.00309471 0.02505273 0.00810790
v -0.00126716 0.07469351 0.01761998
v -0.00126716 0.07469351 0.01761998
v -0.00126716 0.07469351 0.00877248
v -0.00126716 0.07469351 0.00877248
v 0.01263038 -0.08209311 0.01943167
v 0.01263038 -0.08209311 0.01943167
v 0.01263038 -0.08209311 0.00722747
v 0.01263038 -0.08209311 0.00722747
v 0.00029493 0.03291628 0.01332957
v 0.00029493 0.03291628 0.01332957
v 0.00029493 0.03291628 0.01788656
v 0.00029493 0.03291628 0.01788656
v -0.00935869 0.04399769 0.00868535
v 0.00640610 0.00841532 0.00402922
v 0.00640610 0.00841532 0.00402922
v -0.00619613 0.00899954 0.00372116
v -0.00619613 0.00899954 0.00372116
v 0.02257292 -0.00139558 0.01849736
v 0.02257292 -0.00139558 0.00816178
v 0.01518133 -0.08861508 0.01804110
v 0.01518133 -0.08861508 0.01804110
v 0.01518133 -0.08861508 0.00861804
v 0.01518133 -0.08861508 0.00861804
v 0.01019578 0.04823200 0.01788656
v 0.01019578 0.04823200 0.01788656
v -0.00510838 0.01380628 0.02665409
v -0.00510838 0.01380628 0.02665409
v 0.02125561 -0.08421226 0.02035293
v 0.02125561 -0.08421226 0.00630621
v -0.00893241 0.01404601 0.02665913
v -0.00370296 0.00905773 0.01332957
v -0.00930450 -0.00890182 0.00758095
v -0.00930450 -0.00890182 0.00758095
v -0.02508236 -0.07492351 0.01690748
v -0.02508236 -0.07492351 0.00975164
v 0.02306509 -0.03950925 0.00443077
v 0.02306509 -0.03950925 0.02222837
v 0.00243091 0.02299606 0.02373704
v 0.00243091 0.02299606 0.02373704
v -0.02117453 0.01776084 0.00451288
v -0.00795557 0.03013332 0.00553185
v -0.00795557 0.03013332 0.00553185
v -0.01789400 0.00527201 0.02054419
v 0.02033481 0.01225067 0.01332957
v -0.02220176 -0.02783080 0.02202106
v -0.00196503 0.02476443 0.00395950
v -0.00196503 0.02476443 0.00395950
v -0.00547678 0.02378416 0.00282534
v -0.00059980 0.02836323 0.01994388
v -0.00059980 0.02836323 0.01994388
v 0.01591023 -0.02783080 0.02264767
v 0.01591023 -0.02783080 0.02264767
v 0.01591023 -0.02783080 0.00401146
v 0.01591023 -0.02783080 0.00401146
v 0.02540522 0.01930910 0.01332957
v 0.01919725 -0.05997659 0.02240813
v 0.01919725 -0.05997659 0.00425101
v -0.01500790 0.01143513 0.02202794
v -0.02185319 -0.05997658 0.00477687
v 0.00800121 -0.00270668 0.01332957
v 0.00800121 -0.00270668 0.01907965
v 0.00800121 -0.00270668 0.01907965
v 0.00800121 -0.00270668 0.00757948
v 0.00800121 -0.00270668 0.00757948
v 0.02027409 0.00601999 0.01332957
v 0.00641127 0.00338777 0.01332957
v 0.00709489 0.00651389 0.00470706
v 0.00709489 0.00651389 0.00470706
v -0.00006217 0.08115153 0.00877257
v -0.00006217 0.08115153 0.00877257
v -0.00006217 0.08115153 0.01761988
v -0.00006217 0.08115153 0.01761988
v -0.01486552 -0.02783080 0.00565803
v -0.01161496 0.00428975 0.02177259
v -0.02023853 0.00625411 0.01744033
v 0.00153385 0.04009372 0.01324234
v 0.00153385 0.04009372 0.00868535
v 0.02257487 0.02595505 0.02080409
v 0.02257487 0.02595505 0.00585505
v -0.02651935 -0.05984262 0.00790298
v -0.02651935 -0.05984262 0.01875615
v 0.00682949 0.00492509 0.02052669
v 0.01094648 0.04128782 0.00868535
v 0.01094648 0.04128782 0.00868535
v -0.00709488 0.00651389 0.00470706
v -0.00709488 0.00651389 0.00470706
v 0.00060851 0.02832361 0.00598514
v 0.00060851 0.02832361 0.00598514
v 0.00060851 0.02832361 0.00598514
v -0.01195021 -0.00851562 0.02167642
v -0.01195021 -0.00851562 0.02167642
v -0.01259053 -0.08451695 0.01862400
v -0.01259053 -0.08451695 0.01862400
v -0.02351908 0.01743372 0.01332956
v 0.02258510 -0.07504051 0.02099679
v 0.02258510 -0.07504051 0.00566234
v -0.01943052 -0.08452991 0.02075064
v -0.02553740 0.02434960 0.00134540
v -0.02553740 0.02434960 0.00134540
v -0.01925475 0.01517010 0.00576084
v 0.02597023 -0.01871239 0.00678982
v 0.02597023 -0.01871239 0.01986932
v -0.00168300 0.07915017 0.00877257
v -0.00168300 0.07915017 0.00877257
v -0.00168300 0.07915017 0.01761988
v -0.00168300 0.07915017 0.01761988
v -0.02406129 -0.07489105 0.00752798
v 0.00451141 0.00951782 0.02159664
v 0.00980297 0.04731329 0.01788656
v -0.00129830 0.02055377 0.02253512
v -0.02018291 0.01654033 0.00526068
v -0.02306438 -0.08430561 0.01724491
v -0.01913472 0.02486725 0.00208276
v 0.00823142 0.00364876 0.00490715
v 0.00823142 0.00364876 0.00490715
v 0.00823142 0.00364876 0.02175199
v 0.00823142 0.00364876 0.02175199
v 0.00604589 0.02208098 0.00170661
v 0.00418770 0.00804087 0.01908594
v 0.00418770 0.00804087 0.01908594
v 0.00363458 0.03356352 0.01332957
v 0.00363458 0.03356352 0.01332957
v 0.00363458 0.03356352 0.01788656
v 0.00363458 0.03356352 0.01788656
v -0.02470602 -0.07488385 0.01806561
v -0.02470602 -0.07488385 0.00859351
v -0.01124294 0.03099816 0.00832436
v -0.01124294 0.03099816 0.00832436
v -0.01069962 0.04090923 0.01788656
v -0.01069962 0.04090923 0.01788656
v -0.01069962 0.04090923 0.01788656
v -0.01069962 0.04090923 0.01332957
v -0.01069962 0.04090923 0.01332957
v -0.01069962 0.04090923 0.01332957
v -0.01069962 0.04090923 0.01332957
v -0.01069962 0.04090923 0.00877257
v -0.01069962 0.04090923 0.00877257
v -0.01069962 0.04090923 0.00877257
v -0.01506016 -0.05997658 0.00475227
v -0.00285090 0.02129498 0.02489334
v -0.00285090 0.02129498 0.02489334
v -0.00953152 0.02890736 0.02208536
v 0.02740555 -0.02790568 0.00776737
v 0.02740555 -0.02790568 0.01889177
v -0.01911899 -0.00872293 0.00541419
v -0.00640610 0.00841532 0.00402922
v -0.00640610 0.00841532 0.00402922
v 0.00145344 0.05523800 0.01788656
v 0.00145344 0.05523800 0.01788656
v 0.00145344 0.05523800 0.01788656
v 0.00145344 0.05516746 0.01630721
v 0.00145344 0.05516746 0.01630721
v 0.00145344 0.05516746 0.01630721
v -0.02675060 -0.01855261 0.01332956
v -0.00781419 0.05176243 0.00868535
v -0.02258510 -0.07504051 0.00566234
v 0.01259053 -0.08451695 0.01862400
v 0.01259053 -0.08451695 0.01862400
v 0.01259053 -0.08451695 0.00803514
v 0.01259053 -0.08451695 0.00803514
v -0.00120263 0.03299260 0.01775017
v -0.00120263 0.03299260 0.01775017
v -0.01125021 0.02705059 0.00804524
v 0.01617500 0.03037484 0.01332957
v -0.01986146 -0.08901221 0.01000876
v -0.02222904 -0.08778326 0.01332956
v -0.02548333 0.01991821 0.00613688
v -0.01725297 0.01574462 0.00373749
v -0.01530020 -0.00862057 0.02168452
v -0.01085161 0.04277266 0.01788656
v -0.01085161 0.04277266 0.01788656
v 0.00491571 0.00651589 0.01908481
v 0.00491571 0.00651589 0.01908481
v 0.00322570 0.01007807 0.00757169
v 0.00322570 0.01007807 0.00757169
v -0.02257487 0.02595505 0.02080408
v -0.02257487 0.02595505 0.00585504
v 0.01486552 -0.02783080 0.00565803
v 0.01486552 -0.02783080 0.02100110
v -0.00802161 0.03652292 0.01788656
v 0.00662489 0.00778061 0.02237390
v 0.00662489 0.00778061 0.02237390
v -0.01505797 -0.08452991 0.00586778
v -0.01505797 -0.08452991 0.00586778
v 0.00080940 0.02374838 0.00756800
v 0.00080940 0.02374838 0.00756800
v -0.00080745 0.01968800 0.01909118
v -0.00080745 0.01968800 0.01909118
v -0.00835521 0.07111427 0.01027503
v -0.00835521 0.07111427 0.01027503
v -0.00800121 -0.00270668 0.01332956
v 0.01171283 0.02717133 0.01834183
v 0.01171283 0.02717133 0.00831730
v 0.02185319 -0.05997658 0.02188226
v 0.02185319 -0.05997658 0.00477687
v -0.01801130 -0.08985962 0.01538270
v -0.02762168 -0.02790876 0.01762522
v 0.01116025 0.04267554 0.01324234
v 0.01116025 0.04267554 0.01324234
v 0.01116025 0.04267554 0.00868535
v 0.01116025 0.04267554 0.00868535
v -0.01383445 -0.08899735 0.01332956
v -0.01383445 -0.08899735 0.01332956
v -0.02033481 0.01225067 0.01332956
v -0.00431028 0.05410366 0.01324234
v -0.00431028 0.05410366 0.01324234
v 0.00550476 0.04280175 0.01320936
v 0.01746165 -0.01855261 0.00437333
v 0.01746165 -0.01855261 0.02228580
v -0.02306509 -0.03950925 0.00443076
v -0.00082533 0.02171858 0.01909116
v -0.00082533 0.02171858 0.01909116
v -0.00921003 -0.00253565 0.02045895
v 0.01171282 0.03111891 0.01809042
v 0.01171282 0.03111891 0.01809042
v 0.01171282 0.03111891 0.00856871
v 0.01171282 0.03111891 0.00856871
v 0.02673468 0.02081312 0.00762973
v 0.02673468 0.02081312 0.01902941
v -0.01743659 -0.08785491 0.00794428
v -0.01974333 0.00841901 0.01895910
v -0.01160698 0.02714352 0.01848482
v -0.01518133 -0.08861508 0.01804109
v -0.01518133 -0.08861508 0.01804109
v -0.01518133 -0.08861508 0.00861804
v -0.01518133 -0.08861508 0.00861804
v -0.01347421 0.03148393 0.00568917
v -0.01347421 0.03148393 0.00568917
v 0.00242435 0.04169531 0.01788656
v 0.00242435 0.04169531 0.01332957
v -0.00486871 0.02555046 0.00382465
v -0.01006671 0.01059577 0.02289390
v -0.01263038 -0.08209311 0.00722747
v -0.01263038 -0.08209311 0.00722747
v -0.02066940 -0.08768327 0.00875168
v -0.00959978 0.04955261 0.01761988
v -0.00959978 0.04955261 0.01761988
v -0.00959978 0.04955261 0.01761988
v -0.02175044 -0.08769353 0.01061334
v -0.01161811 0.03244725 0.00877257
v -0.01161811 0.03244725 0.00877257
v 0.02746403 -0.05070155 0.01900808
v 0.02746403 -0.05070155 0.00765105
v -0.02057453 -0.01855261 0.00491018
v 0.01089949 0.04158744 0.01332957
v 0.01089949 0.04158744 0.01332957
v 0.01089949 0.04158744 0.01788656
v 0.01089949 0.04158744 0.01788656
v -0.02035400 0.02697222 0.02031344
v -0.02200127 -0.00156405 0.01958870
v 0.01176064 0.02718355 0.00850308
v 0.01176064 0.02718355 0.01815605
v 0.01176064 0.03113112 0.01790465
v 0.01176064 0.03113112 0.01790465
v 0.01176064 0.03113112 0.00875449
v 0.01176064 0.03113112 0.00875449
v 0.00972819 0.01164136 0.02352966
v 0.00972819 0.01164136 0.00312948
v 0.01100064 0.04553708 0.01788656
v 0.01100064 0.04553708 0.01788656
v 0.00239217 0.07103783 0.00876938
v -0.00058961 0.02840950 0.01332957
v -0.00058961 0.02840950 0.01332957
v -0.00058961 0.02840950 0.01332957
v 0.02005140 0.01382949 0.00681737
v 0.02005140 0.01382949 0.01984177
v 0.02041873 0.01267811 0.00816446
v 0.02041873 0.01267811 0.01849468
v 0.00555024 0.01087081 0.02393409
v 0.00555024 0.01087081 0.02393409
v 0.01024495 -0.00238923 0.02163983
v 0.01024495 -0.00238923 0.02163983
v 0.01024495 -0.00238923 0.00501930
v 0.01024495 -0.00238923 0.00501930
v -0.01690144 0.02594529 0.00288865
v 0.00285812 0.02499111 0.00839651
v 0.00285812 0.02499111 0.01332957
v 0.00285812 0.02499111 0.01332957
v 0.00285812 0.02499111 0.01826262
v -0.02069951 0.01419297 0.00726696
v -0.02069951 0.01419297 0.01939217
v -0.02501356 0.02187721 0.00104622
v 0.01099128 0.04508941 0.01324234
v 0.01099128 0.04508941 0.01324234
v 0.01099128 0.04508941 0.00868535
v 0.01099128 0.04508941 0.00868535
v 0.00125470 0.02685254 0.02193149
v 0.00125470 0.02685254 0.02193149
v -0.00510838 0.01380628 0.00000504
v -0.00510838 0.01380628 0.00000504
v 0.01689782 -0.03950925 0.02289623
v 0.01689782 -0.03950925 0.02289623
v 0.01689782 -0.03950925 0.00376290
v 0.01689782 -0.03950925 0.00376290
v 0.02607651 0.02232516 0.02500493
v 0.01406185 0.03172381 0.01332957
v 0.01406185 0.03172381 0.01332957
v 0.01406185 0.03172381 0.01332957
v -0.02370133 -0.08452989 0.01332956
v -0.01269508 -0.08628050 0.01332956
v 0.00423956 0.04782202 0.01324234
v -0.01087808 0.02693644 0.00368189
v 0.01598145 0.03024929 0.00589712
v 0.01598145 0.03024929 0.02076201
v -0.01095778 0.04415861 0.01324234
v -0.01095778 0.04415861 0.01324234
v -0.00696680 0.02006394 0.02662955
v -0.00696680 0.02006394 0.02662955
v -0.00739188 0.00352838 0.00613845
v -0.02198884 -0.08767431 0.01536047
v -0.01164206 0.03109109 0.01829189
v -0.01164206 0.03109109 0.01829189
v -0.02220176 -0.02783080 0.00463807
v 0.02277281 -0.00135457 0.01718334
v 0.02277281 -0.00135457 0.00947580
v -0.00443089 0.00753282 0.01332957
v 0.01180933 0.05153695 0.01788656
v 0.01180933 0.05153695 0.01788656
v 0.01180933 0.05153695 0.01788656
v 0.01180933 0.05153695 0.00877258
v 0.01180933 0.05153695 0.00877258
v 0.01180933 0.05153695 0.00877258
v 0.02402113 -0.05963822 0.02138766
v 0.02402113 -0.05963822 0.00527148
v -0.00996654 0.04825223 0.01788656
v -0.00996654 0.04825223 0.01788656
v -0.01500790 0.01143513 0.00463119
v -0.02671760 -0.05997658 0.01332956
v -0.01974557 -0.05074107 0.02290262
v -0.00467467 0.00702505 0.01908518
v -0.00467467 0.00702505 0.01908518
v 0.00539538 0.03960933 0.01324234
v 0.00539538 0.03960933 0.00868535
v -0.00133551 0.03282756 0.01352376
v -0.00133551 0.03282756 0.01352376
v 0.00093352 0.04856180 0.00868535
v 0.02257290 -0.05074108 0.00437148
v 0.02257290 -0.05074108 0.02228766
v 0.01615752 -0.05997658 0.02236087
v 0.01615752 -0.05997658 0.02236087
v 0.01615752 -0.05997658 0.00429826
v 0.01615752 -0.05997658 0.00429826
v 0.00595909 0.00684055 0.02073248
v 0.00682949 0.00492509 0.00613244
v -0.01443878 -0.08932530 0.01596167
v -0.01432992 -0.03950926 0.01974414
v -0.01432992 -0.03950926 0.01974414
v 0.01513735 -0.08716637 0.01917275
v 0.01513735 -0.08716637 0.01917275
v 0.01513735 -0.08716637 0.00748638
v 0.01513735 -0.08716637 0.00748638
v -0.01579611 -0.03950925 0.02180079
v -0.00096281 0.07284621 0.01761998
v -0.00096281 0.07284621 0.01761998
v -0.00096281 0.07284621 0.00877248
v -0.00096281 0.07284621 0.00877248
v 0.02690239 -0.05065355 0.00651282
v 0.02690239 -0.05065355 0.02014632
v -0.02836212 -0.03954233 0.00897398
v -0.02836212 -0.03954233 0.01768514
v 0.01807845 0.02827127 0.00626828
v 0.01807845 0.02827127 0.02039086
v -0.00372988 0.07098088 0.01761988
v -0.00372988 0.07098088 0.00877257
v 0.00147544 0.07146002 0.01622003
v 0.00147544 0.07146002 0.01622003
v 0.00147544 0.07146002 0.01622003
v 0.01031448 0.04000003 0.01332957
v 0.01031448 0.04000003 0.01332957
v 0.01031448 0.04000003 0.01788656
v 0.01031448 0.04000003 0.01788656
v -0.02677415 -0.01868298 0.00911130
v 0.01447345 0.00492111 0.02134315
v 0.01447345 0.00492111 0.00531598
v 0.00354390 0.01927797 0.02662955
v 0.00354390 0.01927797 0.02662955
v 0.00354390 0.01927797 0.02662955
v -0.02406811 -0.00906029 0.01959970
v 0.00286360 0.02520708 0.01777660
v 0.00286360 0.02520708 0.01777660
v 0.00286360 0.02520708 0.01777660
v 0.00286360 0.02520708 0.00868535
v 0.00286360 0.02520708 0.00868535
v 0.00286360 0.02520708 0.01324234
v 0.00286360 0.02520708 0.01324234
v -0.00583890 0.00471710 0.01332956
v 0.00408349 0.02520708 0.00868535
v 0.00451141 0.00951782 0.00506249
v -0.01216325 0.02531618 0.02394753
v -0.02306437 -0.08430561 0.00941422
v -0.01066652 0.04629087 0.01788656
v -0.01066652 0.04629087 0.01788656
v -0.01163999 0.04014523 0.00877257
v -0.01163999 0.04014523 0.00877257
v -0.01163999 0.04014523 0.00877257
v -0.01160881 0.02520708 0.01788656
v -0.01160881 0.02520708 0.01788656
v -0.00673561 0.04052664 0.01332957
v -0.01408195 0.00657280 0.02156190
v -0.00727861 0.03244725 0.01788656
v 0.00287182 0.05471834 0.01301369
v 0.00287182 0.05471834 0.01301369
v -0.01083261 0.04290470 0.00868535
v -0.01083261 0.04290470 0.00868535
v -0.00609266 0.02520708 0.00877257
v 0.00059979 0.02836323 0.01994388
v 0.00059979 0.02836323 0.01994388
v 0.00569097 0.03435609 0.01777660
v 0.00569097 0.03435609 0.01777660
v 0.00569097 0.03435609 0.01324234
v 0.00569097 0.03435609 0.01324234
v 0.00569097 0.03435609 0.00868535
v -0.00750133 0.04432822 0.01332957
v -0.00953151 0.02890736 0.00457377
v -0.02553741 0.02434960 0.02531372
v -0.02553741 0.02434960 0.02531372
v -0.02273110 0.01732939 0.00688204
v 0.02491410 -0.02818564 0.00523476
v 0.02491410 -0.02818564 0.02142438
v 0.00696680 0.02006394 0.00002958
v 0.00696680 0.02006394 0.00002958
v -0.01084100 0.04554876 0.01324234
v -0.01084100 0.04554876 0.01324234
v 0.01024402 0.04825223 0.01324234
v 0.01024402 0.04825223 0.01324234
v 0.01024402 0.04825223 0.00868535
v 0.01024402 0.04825223 0.00868535
v -0.00272325 0.04072288 0.01344986
v 0.01765203 -0.08452989 0.02096848
v 0.01765203 -0.08452989 0.00569066
v -0.00871319 0.05034483 0.01788656
v -0.00871319 0.05034483 0.01788656
v -0.01316350 -0.01855261 0.02081178
v 0.00063222 0.02636783 0.01910925
v 0.00063222 0.02636783 0.01910925
v 0.01859891 -0.08785491 0.00803695
v 0.01859891 -0.08785491 0.01862219
v -0.00080940 0.02374838 0.00756800
v -0.00080940 0.02374838 0.00756800
v 0.01505797 -0.08452991 0.00586778
v 0.01505797 -0.08452991 0.00586778
v 0.01505797 -0.08452991 0.02079135
v 0.01505797 -0.08452991 0.02079135
v 0.02640818 0.02243428 0.02345155
v 0.02640818 0.02243428 0.00320759
v -0.00633876 0.04459007 0.01788656
v 0.02484213 -0.00896748 0.01736138
v 0.02484213 -0.00896748 0.00929776
v -0.00322569 0.01007807 0.00757169
v -0.00322569 0.01007807 0.00757169
v -0.02767688 -0.05071067 0.00895831
v -0.02767688 -0.05071067 0.01770082
v -0.01536906 -0.07509087 0.02155764
v -0.01536906 -0.07509087 0.02155764
v -0.01397067 -0.08594434 0.00770467
v 0.00491571 0.00651589 0.00757433
v 0.00491571 0.00651589 0.00757433
v -0.02009640 -0.03950926 0.02287001
v -0.00081405 0.02374934 0.01332957
v -0.01349293 -0.05997659 0.02013960
v -0.01349293 -0.05997659 0.02013960
v 0.01356950 -0.00213699 0.02168757
v 0.01356950 -0.00213699 0.00497157
v 0.02222703 -0.00144897 0.01332957
v 0.01027320 0.04513355 0.01788656
v -0.00549812 0.03458477 0.01324234
v -0.00549812 0.03458477 0.01324234
v 0.02762167 -0.02790876 0.00903392
v 0.02762167 -0.02790876 0.01762522
v 0.02060918 -0.07509087 0.02131056
v 0.02060918 -0.07509087 0.00534858
v -0.00080744 0.01968800 0.00756795
v -0.00080744 0.01968800 0.00756795
v -0.01270615 -0.07509088 0.01978482
v -0.01270615 -0.07509088 0.01978482
v -0.01927162 0.01040606 0.01996478
v -0.02548334 0.01991821 0.02052225
v -0.02033358 0.02703017 0.01332956
v -0.01254295 -0.08209308 0.01332956
v 0.00899437 0.05011303 0.01324234
v 0.00899437 0.05011303 0.01324234
v 0.00899437 0.05011303 0.00868535
v 0.00899437 0.05011303 0.00868535
v -0.01396770 -0.08340594 0.02029179
v -0.01170064 0.05153695 0.00877257
v -0.01170064 0.05153695 0.00877257
v -0.01170064 0.05153695 0.00877257
v -0.01170064 0.05279028 0.01761988
v -0.01170064 0.05279028 0.01761988
v -0.01170064 0.05279028 0.01761988
v -0.00069088 0.02639490 0.01332957
v -0.00935869 0.04399769 0.01324234
v -0.01381629 -0.05074107 0.02008367
v -0.01381629 -0.05074107 0.02008367
v 0.02400775 -0.01906134 0.02122044
v 0.02400775 -0.01906134 0.00543869
v -0.00749993 0.07065666 0.00877257
v -0.00749993 0.07065666 0.00877257
v 0.01854854 0.01405253 0.00598198
v 0.01854854 0.01405253 0.02067716
v 0.01776991 0.02814096 0.02243848
v 0.01776991 0.02814096 0.00422065
v -0.00063222 0.02636783 0.01910925
v -0.00063222 0.02636783 0.01910925
v 0.00467467 0.00702505 0.01908518
v 0.00467467 0.00702505 0.01908518
v -0.02109722 0.01442424 0.01874709
v -0.00930450 -0.00890182 0.01332956
v 0.01993042 0.00854796 0.00889404
v 0.01993042 0.00854796 0.01776509
v -0.01556977 0.01244150 0.02212026
v -0.00217028 0.04606134 0.01332957
v -0.00217028 0.04606134 0.01788656
v -0.01006671 0.01059577 0.00376523
v -0.02006271 0.01083169 0.01820286
v -0.00335710 0.03356352 0.00868535
v -0.00335710 0.03356352 0.00868535
v -0.00335710 0.03356352 0.01324234
v -0.00335710 0.03356352 0.01324234
v -0.00143200 0.02429577 0.02103522
v -0.00080591 0.01651160 0.01332957
v -0.01020183 0.04831461 0.01324234
v -0.01020183 0.04831461 0.01324234
v -0.02035400 0.02697222 0.00634569
v 0.01033864 0.00910368 0.02224106
v 0.01033864 0.00910368 0.00441807
v -0.00060851 0.02832361 0.00598514
v -0.00060851 0.02832361 0.00598514
v -0.00060851 0.02832361 0.00598514
v -0.01740109 0.00777852 0.02056491
v -0.00662489 0.00778061 0.00428523
v -0.00662489 0.00778061 0.00428523
v -0.00169034 0.02240682 0.02159414
v -0.01798057 0.01285192 0.02059186
v -0.01021307 0.00988656 0.00413783
v 0.00516279 0.00600977 0.01908442
v 0.00516279 0.00600977 0.01908442
v -0.01680643 -0.08970932 0.01564178
v 0.01346909 0.02378818 0.00164395
v -0.01024495 -0.00238923 0.02163983
v -0.01024495 -0.00238923 0.02163983
v -0.01085161 0.04277266 0.01332957
v -0.01085161 0.04277266 0.01332957
v -0.01659043 0.01423633 0.00440476
v -0.01949703 0.00595064 0.00687517
v -0.00876182 0.04098688 0.01332957
v 0.00058961 0.02840950 0.01909109
v 0.00058961 0.02840950 0.01909109
v 0.00058961 0.02840950 0.01909109
v 0.00970847 0.04955261 0.00877258
v 0.00970847 0.04955261 0.00877258
v 0.00970847 0.04955261 0.00877258
v 0.02023853 0.00625411 0.00921880
v 0.02023853 0.00625411 0.01744034
v -0.00673639 0.04256069 0.01324234
v -0.00354390 0.01927797 0.02662955
v -0.00354390 0.01927797 0.02662955
v -0.00354390 0.01927797 0.02662955
v -0.00802161 0.03652292 0.00877257
v -0.00802161 0.03652292 0.00877257
v 0.00169034 0.02240682 0.00506499
v -0.00939308 0.01257458 0.00236387
v -0.02540521 0.01930910 0.01332956
v -0.01591023 -0.02783080 0.00401146
v -0.01591023 -0.02783080 0.00401146
v 0.02098684 0.01410511 0.01332957
v -0.02064714 0.01540477 0.01989905
v -0.01196472 -0.01855261 0.01332956
v -0.01196472 -0.01855261 0.00758096
v -0.01196472 -0.01855261 0.00758096
v -0.01389004 0.03159223 0.02081953
v -0.01389004 0.03159223 0.02081953
v 0.01254034 -0.07509087 0.01332957
v 0.00147654 0.07133347 0.01788590
v 0.00147654 0.07133347 0.01788590
v 0.00147654 0.07133347 0.01788590
v 0.00395601 0.03356978 0.01777660
v 0.00395601 0.03356978 0.01777660
v 0.00395601 0.03356978 0.01324234
v 0.00395601 0.03356978 0.01324234
v 0.00395601 0.03356978 0.00868535
v 0.00395601 0.05410366 0.01324234
v 0.00395601 0.05410366 0.01324234
vt 0.26050600 0.47521100
vt 0.54653500 0.66310700
vt 0.31123200 0.48028300
vt 0.69871100 0.66818000
vt 0.28158000 0.47792800
vt 0.33230500 0.48300100
vt 0.10985200 0.95938600
vt 0.88108800 0.95379800
vt 0.88049900 0.76375900
vt 0.88824000 0.91197400
vt 0.11329400 0.95611200
vt 0.98768300 0.77041300
vt 0.34966100 0.55624600
vt 0.34907300 0.54167200
vt 0.97385500 0.46542000
vt 0.82277200 0.29828000
vt 0.15180300 0.77247900
vt 0.65538400 0.37030300
vt 0.15073700 0.72381800
vt 0.10533500 0.63424200
vt 0.93076600 0.10711700
vt 0.95030700 0.05549600
vt 0.04849200 0.63358800
vt 0.38559600 0.58189000
vt 0.56319900 0.61832800
vt 0.22200600 0.51830900
vt 0.97745200 0.77749100
vt 0.88733600 0.60244900
vt 0.33550300 0.88498600
vt 0.63964900 0.98567700
vt 0.33365100 0.84881200
vt 0.63964800 0.27044700
vt 0.77480000 0.66818000
vt 0.70689100 0.29259900
vt 0.28586900 0.47521100
vt 0.62262300 0.66818000
vt 0.30694300 0.47792800
vt 0.72796500 0.29531700
vt 0.11563600 0.25534600
vt 0.37310800 0.74201900
vt 0.83528200 0.30537300
vt 0.64070800 0.65503300
vt 0.10681700 0.88103000
vt 0.48853200 0.64996100
vt 0.18152900 0.84951900
vt 0.89510300 0.49160700
vt 0.82077100 0.31777800
vt 0.26176300 0.71553200
vt 0.60880800 0.73172000
vt 0.11269300 0.93966600
vt 0.21964300 0.89449900
vt 0.00994700 0.32626500
vt 0.19220100 0.54404700
vt 0.68635400 0.88410300
vt 0.68280100 0.81375100
vt 0.29462600 0.70151000
vt 0.64060600 0.13297400
vt 0.62110100 0.26889300
vt 0.64060600 0.08847200
vt 0.62110100 0.98412300
vt 0.90547000 0.49067600
vt 0.11003300 0.92509600
vt 0.21097800 0.88245500
vt 0.87812400 0.94934100
vt 0.11814000 0.96207300
vt 0.76945600 0.33606300
vt 0.44935900 0.74199600
vt 0.01571800 0.89545800
vt 0.91391700 0.67752700
vt 0.05063400 0.22893000
vt 0.78706600 0.56543700
vt 0.87650700 0.92792700
vt 0.86727400 0.74894800
vt 0.11478200 0.54208200
vt 0.00050000 0.06602700
vt 0.00050000 0.19966400
vt 0.63785800 0.66429500
vt 0.86801200 0.79841700
vt 0.87227200 0.87874400
vt 0.12449100 0.18488300
vt 0.92631700 0.48868000
vt 0.10251900 0.24133300
vt 0.87230800 0.71703100
vt 0.92020000 0.90746900
vt 0.91281400 0.76505800
vt 0.34284700 0.88065000
vt 0.34140000 0.85237000
vt 0.89349400 0.93563500
vt 0.88335200 0.73978100
vt 0.90489700 0.78390200
vt 0.91048800 0.88953900
vt 0.04829600 0.03463500
vt 0.11814000 0.31785800
vt 0.86824500 0.41588200
vt 0.83461900 0.30991400
vt 0.87771800 0.78498400
vt 0.88341100 0.89102400
vt 0.00151100 0.97747900
vt 0.19721500 0.77754600
vt 0.56180800 0.65073600
vt 0.16332700 0.33916300
vt 0.17606600 0.00329100
vt 0.87829600 0.60167800
vt 0.06550300 0.11072300
vt 0.49128500 0.11072300
vt 0.73321000 0.51097800
vt 0.87566700 0.43419700
vt 0.28534900 0.84219700
vt 0.10031600 0.59030600
vt 0.02371300 0.26034100
vt 0.68305200 0.45528200
vt 0.89029300 0.12303600
vt 0.14939200 0.63425400
vt 0.38682900 0.56900600
vt 0.45675600 0.74199400
vt 0.76656900 0.34308100
vt 0.86691300 0.32640900
vt 0.08082700 0.24732900
vt 0.43422900 0.51550500
vt 0.87038300 0.11701400
vt 0.56455100 0.85543600
vt 0.89520800 0.52690000
vt 0.95616100 0.41915200
vt 0.22741500 0.46739000
vt 0.08198000 0.03463500
vt 0.52125900 0.64831100
vt 0.18927500 0.81755000
vt 0.07821200 0.86479400
vt 0.67343600 0.65338300
vt 0.62218400 0.50917900
vt 0.62450800 0.56716400
vt 0.11803700 0.66809600
vt 0.81348100 0.24196200
vt 0.71697000 0.07167900
vt 0.11720500 0.71567700
vt 0.20821700 0.44790600
vt 0.10898700 0.96934300
vt 0.28615200 0.60891400
vt 0.14635800 0.58182200
vt 0.31953000 0.64856100
vt 0.11427500 0.19542400
vt 0.12056000 0.06600800
vt 0.01161200 0.27177200
vt 0.01176600 0.14223800
vt 0.18632300 0.45464400
vt 0.39023100 0.74201500
vt 0.81792900 0.30411600
vt 0.62503500 0.11072300
vt 0.82702700 0.39296200
vt 0.44098200 0.14209600
vt 0.42628700 0.26483000
vt 0.44098200 0.07935000
vt 0.42628800 0.98006000
vt 0.10724800 0.95822400
vt 0.88209800 0.95573000
vt 0.87120400 0.41090300
vt 0.10985200 0.31517100
vt 0.01165200 0.11072300
vt 0.80246500 0.40389200
vt 0.82595800 0.46222600
vt 0.62522300 0.61634200
vt 0.36531000 0.19237500
vt 0.37976600 0.06598700
vt 0.09223100 0.43096400
vt 0.57369600 0.07942600
vt 0.55833500 0.97659900
vt 0.57369600 0.14202000
vt 0.55833400 0.26136900
vt 0.23559500 0.72051000
vt 0.44691600 0.73065500
vt 0.83196600 0.07065900
vt 0.23634200 0.69672600
vt 0.57028200 0.73572700
vt 0.44688500 0.70627400
vt 0.24398300 0.75094700
vt 0.43106100 0.50405200
vt 0.94109500 0.49356300
vt 0.42761700 0.49472200
vt 0.68604000 0.55784500
vt 0.10682900 0.63993600
vt 0.85172800 0.41406700
vt 0.13123800 0.49424300
vt 0.10622900 0.66423600
vt 0.64482800 0.99950000
vt 0.64482700 0.28427000
vt 0.65743600 0.11061500
vt 0.65743700 0.11083100
vt 0.33021600 0.86712000
vt 0.49128600 0.07934300
vt 0.47632700 0.97910100
vt 0.49128600 0.14210300
vt 0.47632700 0.26387100
vt 0.93535400 0.87701200
vt 0.93102100 0.79376400
vt 0.61800100 0.77589100
vt 0.62620800 0.93061700
vt 0.78429400 0.41154300
vt 0.42513900 0.93948200
vt 0.55745200 0.95597800
vt 0.41718600 0.78544900
vt 0.55745200 0.24074800
vt 0.10280000 0.07933700
vt 0.10096100 0.98407500
vt 0.56393300 0.65592900
vt 0.09286700 0.44454800
vt 0.62503500 0.03463500
vt 0.97669000 0.47109500
vt 0.98090800 0.57620500
vt 0.32514300 0.65994800
vt 0.31952900 0.68455300
vt 0.32514300 0.68500200
vt 0.02617000 0.98690100
vt 0.02632500 0.07931800
vt 0.36399600 0.57817100
vt 0.01161200 0.20075700
vt 0.01176600 0.06615000
vt 0.25615400 0.79173800
vt 0.48998800 0.70627400
vt 0.48998800 0.73065400
vt 0.84414900 0.02968600
vt 0.25210900 0.97006100
vt 0.25210900 0.25483000
vt 0.87008400 0.49515800
vt 0.06479100 0.98849300
vt 0.06550400 0.07931700
vt 0.28001600 0.64829600
vt 0.37326600 0.50030600
vt 0.90966100 0.60080900
vt 0.38535800 0.84853900
vt 0.38698600 0.88013300
vt 0.09800600 0.93066900
vt 0.88293700 0.32988700
vt 0.09421400 0.49009000
vt 0.02859800 0.87301800
vt 0.03114200 0.24497300
vt 0.68510300 0.58370200
vt 0.68113200 0.48624200
vt 0.11766800 0.32668600
vt 0.08088300 0.27193200
vt 0.08198000 0.14212200
vt 0.11996000 0.57401700
vt 0.11766800 0.25567000
vt 0.08175800 0.51321100
vt 0.29070000 0.79467400
vt 0.87883400 0.02673500
vt 0.29798000 0.80919700
vt 0.88616300 0.01215900
vt 0.26416200 0.80099800
vt 0.50225000 0.70627400
vt 0.79181900 0.66118200
vt 0.85220600 0.02039100
vt 0.50225000 0.73065400
vt 0.79181900 0.68500200
vt 0.32450200 0.77254500
vt 0.83760800 0.24050300
vt 0.14855100 0.66890000
vt 0.14686000 0.71645400
vt 0.74107000 0.07312800
vt 0.02371300 0.18932500
vt 0.11735900 0.95892000
vt 0.98963200 0.77420000
vt 0.07871900 0.87666000
vt 0.19751500 0.82616200
vt 0.92180100 0.32341400
vt 0.71805300 0.73065500
vt 0.31953100 0.63728400
vt 0.92178900 0.34732300
vt 0.22489200 0.64025700
vt 0.71805300 0.70627700
vt 0.22488300 0.66456500
vt 0.00104500 0.19512200
vt 0.63787900 0.65972300
vt 0.24451800 0.90120000
vt 0.35740100 0.73065500
vt 0.43488400 0.83750800
vt 0.43739900 0.88587300
vt 0.86269900 0.07712900
vt 0.27465000 0.74448800
vt 0.87927700 0.91131200
vt 0.87154200 0.76525000
vt 0.11117300 0.32559300
vt 0.71910100 0.65422600
vt 0.16734200 0.47831100
vt 0.89310500 0.72686400
vt 0.18900200 0.86091600
vt 0.10984300 0.89433500
vt 0.11711700 0.26598100
vt 0.12636100 0.14209200
vt 0.62198300 0.82407500
vt 0.62499200 0.88156200
vt 0.10416900 0.32463800
vt 0.13415000 0.07935900
vt 0.12347200 0.98074400
vt 0.05859200 0.63701400
vt 0.80500900 0.42134900
vt 0.93279400 0.86712800
vt 0.92948800 0.80383500
vt 0.88407600 0.56918500
vt 0.00050000 0.43013200
vt 0.93014500 0.68500200
vt 0.05063500 0.15791500
vt 0.23383800 0.90479900
vt 0.84124800 0.24194100
vt 0.35557900 0.71938700
vt 0.15241000 0.66902500
vt 0.32516000 0.77958300
vt 0.91339100 0.04187900
vt 0.10498300 0.41886100
vt 0.62247400 0.83011900
vt 0.62488500 0.87527700
vt 0.56568400 0.57749000
vt 0.56273300 0.50396600
vt 0.36531000 0.26339000
vt 0.37976600 0.14207600
vt 0.36531000 0.97862000
vt 0.37976600 0.07937000
vt 0.63602000 0.98774900
vt 0.63602000 0.27251900
vt 0.22968900 0.84734400
vt 0.11563600 0.18433000
vt 0.47491100 0.73065400
vt 0.83719000 0.04309000
vt 0.13415000 0.00327100
vt 0.12347200 0.33653000
vt 0.47508100 0.31089400
vt 0.50207500 0.45288000
vt 0.20064900 0.45964400
vt 0.08181900 0.50442500
vt 0.44098300 0.06600800
vt 0.42628700 0.19381400
vt 0.83956100 0.32660300
vt 0.12056000 0.11072300
vt 0.68292400 0.49886100
vt 0.68580200 0.57090400
vt 0.51594100 0.85774000
vt 0.90515000 0.91079300
vt 0.89750400 0.76327900
vt 0.11340100 0.32597200
vt 0.82779000 0.88765000
vt 0.82267800 0.79362900
vt 0.19496800 0.77211000
vt 0.78857600 0.30456000
vt 0.62118300 0.36402400
vt 0.19486500 0.72343800
vt 0.02228300 0.43359000
vt 0.81915600 0.32249500
vt 0.19395800 0.49208900
vt 0.95329000 0.04260500
vt 0.11766300 0.11072300
vt 0.83860900 0.32111500
vt 0.89323000 0.60247300
vt 0.08198000 0.11072300
vt 0.56862600 0.71175200
vt 0.92860200 0.24204300
vt 0.23768600 0.67251200
vt 0.23734900 0.67431800
vt 0.86474000 0.07003400
vt 0.27680900 0.75155100
vt 0.55785900 0.32127500
vt 0.28001500 0.66086000
vt 0.65038600 0.09655100
vt 0.63178200 0.99016900
vt 0.65038500 0.12489500
vt 0.63178100 0.27493900
vt 0.26884500 0.65171800
vt 0.29480900 0.63427600
vt 0.57368800 0.03463500
vt 0.08082600 0.31834500
vt 0.23118300 0.90632900
vt 0.99064400 0.89729400
vt 0.38693200 0.88576200
vt 0.38472100 0.84288400
vt 0.80392800 0.41873000
vt 0.17085800 0.46343600
vt 0.77341800 0.42629400
vt 0.42599000 0.37215100
vt 0.89470700 0.97718500
vt 0.42280700 0.42072700
vt 0.94077600 0.24228700
vt 0.38238200 0.94370200
vt 0.08378600 0.49001500
vt 0.31615000 0.00329600
vt 0.30204400 0.33476000
vt 0.98067800 0.57896300
vt 0.90828200 0.56220900
vt 0.87868900 0.43248000
vt 0.97973600 0.89131900
vt 0.30966500 0.44808000
vt 0.73068700 0.26546900
vt 0.72898800 0.29192500
vt 0.30796500 0.47453600
vt 0.44098600 0.11072300
vt 0.62734800 0.26414900
vt 0.62734900 0.97938000
vt 0.10251800 0.31234900
vt 0.87463700 0.40484900
vt 0.90717900 0.49687200
vt 0.91255900 0.48475500
vt 0.95520600 0.49605500
vt 0.95722500 0.55295700
vt 0.00057100 0.11072300
vt 0.71394700 0.69514700
vt 0.56177100 0.69007400
vt 0.19791100 0.32993900
vt 0.26427300 0.54400800
vt 0.72836600 0.69514700
vt 0.57618900 0.69514700
vt 0.68529500 0.36139600
vt 0.28509000 0.54804300
vt 0.70611200 0.36543100
vt 0.89829700 0.47265200
vt 0.16438200 0.47446900
vt 0.71580100 0.65709100
vt 0.95313200 0.87877400
vt 0.94855000 0.79017900
vt 0.90007700 0.63359800
vt 0.28987500 0.52255600
vt 0.26880100 0.51984400
vt 0.57627800 0.67064700
vt 0.64060700 0.01238400
vt 0.62110100 0.33990900
vt 0.19567900 0.89001100
vt 0.12611100 0.91937700
vt 0.88315700 0.62092800
vt 0.56318400 0.51050800
vt 0.56561200 0.57084500
vt 0.68956400 0.61459700
vt 0.90619000 0.56819100
vt 0.19002100 0.46871300
vt 0.44776000 0.60854400
vt 0.05770700 0.66134000
vt 0.08583300 0.48766600
vt 0.36554000 0.84479300
vt 0.36762900 0.88582600
vt 0.79574600 0.98805500
vt 0.32465900 0.37636100
vt 0.21562300 0.80105500
vt 0.10898700 0.25411300
vt 0.28623400 0.70109800
vt 0.16566400 0.60991500
vt 0.87413800 0.12062800
vt 0.16565100 0.63426300
vt 0.80481200 0.29838500
vt 0.17528000 0.77215900
vt 0.17488000 0.72348900
vt 0.63741700 0.37020000
vt 0.35444400 0.83249900
vt 0.35786400 0.89913800
vt 0.26906200 0.51883500
vt 0.57654400 0.66964900
vt 0.93702500 0.48811800
vt 0.10898700 0.18309700
vt 0.21596400 0.41925900
vt 0.98424300 0.45867400
vt 0.74128100 0.61444500
vt 0.97883800 0.52358400
vt 0.93849400 0.47013300
vt 0.10724800 0.24299400
vt 0.86998300 0.72094300
vt 0.74952400 0.65338300
vt 0.17405700 0.50803900
vt 0.05479500 0.58107700
vt 0.43891500 0.76614000
vt 0.62443800 0.57328000
vt 0.62169300 0.50319400
vt 0.08202900 0.52128000
vt 0.94120900 0.97871900
vt 0.25121000 0.81221800
vt 0.61182000 0.11072300
vt 0.16079900 0.90447000
vt 0.92610600 0.87706700
vt 0.92179200 0.79465800
vt 0.32458200 0.70301500
vt 0.12677400 0.60989800
vt 0.24231700 0.77209800
vt 0.96937700 0.11177400
vt 0.74109300 0.30413400
vt 0.57369900 0.36445000
vt 0.24229800 0.72342700
vt 0.96935800 0.06225700
vt 0.50872100 0.48279600
vt 0.29013600 0.52155000
vt 0.25920000 0.57843900
vt 0.47903000 0.37778200
vt 0.28115500 0.82946700
vt 0.36075600 0.77332200
vt 0.25920000 0.60384100
vt 0.04108000 0.60989600
vt 0.47903000 0.40227200
vt 0.94912100 0.04815900
vt 0.04108000 0.63423800
vt 0.47903000 0.42630100
vt 0.94332700 0.55644000
vt 0.04782000 0.27271300
vt 0.04830100 0.14212900
vt 0.86905300 0.04859800
vt 0.28103500 0.77290100
vt 0.02617000 0.34268600
vt 0.02632500 0.00323000
vt 0.82970900 0.52951400
vt 0.15080300 0.40878800
vt 0.28001700 0.64173100
vt 0.44935900 0.76613900
vt 0.04922500 0.57203000
vt 0.19709500 0.87435500
vt 0.11387200 0.90949700
vt 0.36781200 0.56263900
vt 0.11555700 0.31707800
vt 0.86906000 0.41449000
vt 0.10280000 0.00324900
vt 0.10096100 0.33986000
vt 0.11572700 0.19517400
vt 0.12345900 0.06600600
vt 0.12039800 0.93743800
vt 0.21265700 0.89848600
vt 0.94886500 0.48878600
vt 0.95154700 0.56065600
vt 0.21447100 0.47824500
vt 0.78875300 0.76041500
vt 0.79762200 0.92355400
vt 0.83711600 0.31571400
vt 0.92163800 0.76330900
vt 0.92915600 0.90830100
vt 0.34732000 0.54900900
vt 0.91074300 0.06641000
vt 0.14037200 0.58833500
vt 0.27704400 0.60918300
vt 0.13439300 0.44753900
vt 0.26589400 0.51867800
vt 0.31661900 0.52375000
vt 0.41670100 0.76614700
vt 0.07214700 0.59549500
vt 0.54545900 0.73064500
vt 0.93372800 0.28104000
vt 0.76637800 0.38753500
vt 0.77756300 0.67007700
vt 0.70791300 0.28921500
vt 0.28689100 0.47182700
vt 0.62538700 0.67007700
vt 0.91946000 0.47256000
vt 0.04637500 0.56504400
vt 0.45675600 0.76613700
vt 0.64715500 0.73065500
vt 0.64715500 0.70606200
vt 0.32465200 0.85401000
vt 0.21918200 0.78532800
vt 0.02160800 0.96587100
vt 0.83234600 0.90718300
vt 0.82519300 0.77369900
vt 0.84489800 0.26483000
vt 0.28420000 0.94326700
vt 0.78805900 0.87041700
vt 0.78508000 0.81465100
vt 0.03114200 0.17395700
vt 0.01338000 0.45257100
vt 0.81218400 0.42142400
vt 0.89291400 0.45172300
vt 0.79330000 0.90363300
vt 0.78657800 0.78074400
vt 0.08259800 0.49253100
vt 0.10533700 0.60989400
vt 0.34265800 0.71459500
vt 0.04009000 0.23870400
vt 0.02265600 0.88249300
vt 0.21043500 0.07938800
vt 0.19728200 0.98511200
vt 0.21043500 0.14205800
vt 0.19728200 0.26988200
vt 0.21043600 0.11072300
vt 0.24482000 0.51595900
vt 0.50302000 0.66311800
vt 0.29554500 0.52103200
vt 0.65519600 0.66819100
vt 0.31619800 0.73573900
vt 0.90431200 0.08590300
vt 0.81806500 0.41413200
vt 0.09772000 0.49416500
vt 0.69120500 0.33334700
vt 0.73128500 0.66819100
vt 0.11101700 0.19608500
vt 0.11476200 0.06601200
vt 0.32263100 0.75514900
vt 0.91642400 0.57947200
vt 0.22343500 0.87768200
vt 0.73006900 0.48602100
vt 0.73390600 0.58045500
vt 0.48784500 0.65085600
vt 0.18067200 0.85040900
vt 0.64002100 0.65592900
vt 0.10808500 0.88104000
vt 0.51561400 0.83575300
vt 0.51785500 0.87963500
vt 0.04365500 0.25439100
vt 0.56349300 0.83225200
vt 0.56586200 0.87861100
vt 0.10416900 0.18260700
vt 0.15660500 0.66471100
vt 0.15843900 0.53470000
vt 0.13415000 0.14208600
vt 0.12347200 0.26551400
vt 0.02160800 0.32165700
vt 0.20396400 0.54026100
vt 0.92476400 0.88855400
vt 0.91928000 0.78340000
vt 0.99218400 0.89332800
vt 0.23029400 0.91122000
vt 0.86930200 0.60025100
vt 0.37680300 0.82411300
vt 0.38099400 0.90520400
vt 0.73303600 0.82303500
vt 0.73547700 0.86757400
vt 0.71227800 0.33606600
vt 0.35704800 0.53286400
vt 0.00151100 0.33326500
vt 0.18199700 0.54804300
vt 0.79007300 0.65580900
vt 0.11265200 0.31614100
vt 0.87017400 0.41281000
vt 0.90455800 0.94751300
vt 0.68442000 0.98339500
vt 0.79050800 0.17203400
vt 0.88493500 0.42798600
vt 0.09130300 0.56463400
vt 0.51478400 0.82890800
vt 0.51777100 0.88650300
vt 0.11811500 0.58702700
vt 0.32607500 0.79369100
vt 0.91434700 0.02771700
vt 0.91362200 0.45383900
vt 0.10518000 0.38815100
vt 0.19743900 0.42710300
vt 0.87889400 0.95058500
vt 0.11555700 0.96129300
vt 0.11711700 0.19496500
vt 0.12636100 0.06600400
vt 0.08727200 0.54674300
vt 0.89512300 0.41512900
vt 0.12997100 0.33652500
vt 0.14188600 0.00327600
vt 0.16602100 0.91680000
vt 0.87124600 0.52786000
vt 0.92881000 0.52552900
vt 0.51154500 0.61674300
vt 0.68372800 0.43799400
vt 0.30277200 0.31158800
vt 0.78236700 0.48497300
vt 0.31386700 0.45179600
vt 0.26314100 0.44672300
vt 0.70147500 0.69514700
vt 0.54929900 0.69007400
vt 0.04108000 0.65998700
vt 0.96633800 0.08742900
vt 0.07053800 0.49322300
vt 0.50805300 0.70617200
vt 0.04284700 0.63574400
vt 0.96811400 0.06305200
vt 0.79078800 0.41503200
vt 0.00104500 0.26613800
vt 0.71396700 0.65972300
vt 0.22640600 0.80428200
vt 0.88255400 0.11993000
vt 0.93708000 0.74547200
vt 0.96864700 0.52399000
vt 0.55785900 0.17924400
vt 0.08082700 0.17631300
vt 0.31615300 0.03463500
vt 0.41041100 0.76615000
vt 0.07769600 0.59872800
vt 0.10878600 0.11072300
vt 0.38281100 0.51328700
vt 0.35480800 0.51500400
vt 0.20449900 0.88676200
vt 0.11763800 0.92343900
vt 0.06129900 0.58770100
vt 0.42980100 0.76614200
vt 0.88631300 0.62240800
vt 0.94293500 0.56788600
vt 0.93966500 0.48225700
vt 0.83535400 0.36602100
vt 0.10251900 0.17031700
vt 0.88448600 0.65033200
vt 0.33283900 0.48159400
vt 0.28211300 0.47652100
vt 0.36751000 0.53662900
vt 0.68222400 0.77100300
vt 0.69066000 0.92762400
vt 0.90255500 0.58076000
vt 0.73374900 0.46819500
vt 0.97652100 0.46736300
vt 0.46368500 0.73065400
vt 0.83427000 0.05397200
vt 0.99207400 0.03493100
vt 0.88322300 0.52738000
vt 0.28963600 0.54908000
vt 0.23891000 0.54400800
vt 0.65227700 0.69514700
vt 0.50010100 0.69007400
vt 0.31045300 0.55311500
vt 0.25972800 0.54804300
vt 0.10148600 0.59478400
vt 0.05716400 0.17836300
vt 0.00050000 0.00324300
vt 0.00050000 0.34169600
vt 0.79003500 0.66429500
vt 0.86329800 0.09294400
vt 0.04807500 0.87196300
vt 0.56242300 0.49096900
vt 0.56646100 0.59035600
vt 0.93979000 0.79256700
vt 0.94418400 0.87730300
vt 0.04119600 0.72958700
vt 0.48436700 0.74389100
vt 0.92863500 0.29784300
vt 0.04293000 0.77630800
vt 0.56300900 0.73064300
vt 0.04108000 0.72767800
vt 0.76133700 0.37071300
vt 0.48436300 0.74199100
vt 0.04108000 0.53766000
vt 0.04225400 0.75197900
vt 0.48439800 0.76613400
vt 0.56309100 0.70626200
vt 0.87318400 0.94657200
vt 0.12536300 0.96289600
vt 0.87738600 0.74417600
vt 0.88707300 0.93181800
vt 0.89150700 0.47268000
vt 0.27936100 0.71202100
vt 0.80768400 0.36127900
vt 0.18928100 0.43882600
vt 0.11340100 0.18394100
vt 0.10609600 0.19696100
vt 0.10878600 0.06601600
vt 0.31615300 0.11072300
vt 0.02371300 0.97557100
vt 0.38508200 0.52603800
vt 0.98927800 0.58776800
vt 0.09807600 0.36947600
vt 0.08082600 0.96255900
vt 0.55785900 0.96548900
vt 0.55785900 0.25025900
vt 0.32162800 0.80540400
vt 0.90989400 0.01596300
vt 0.84054500 0.33406400
vt 0.93829400 0.43496900
vt 0.13133400 0.32705300
vt 0.37977000 0.11072300
vt 0.15501000 0.59086800
vt 0.57489800 0.75601700
vt 0.86868000 0.58028900
vt 0.80850700 0.29470500
vt 0.17005400 0.77219700
vt 0.64111400 0.37387900
vt 0.16949100 0.72352800
vt 0.11271600 0.33776700
vt 0.11766300 0.00325900
vt 0.42562200 0.30908500
vt 0.55478500 0.44662900
vt 0.78180400 0.79644300
vt 0.78680500 0.88860000
vt 0.13977400 0.50103400
vt 0.11736000 0.66445200
vt 0.11756700 0.64014600
vt 0.86030300 0.40726500
vt 0.42319000 0.76614400
vt 0.06650300 0.59201300
vt 0.95330400 0.02374100
vt 0.12997100 0.26551000
vt 0.14188600 0.14208100
vt 0.86753100 0.61650900
vt 0.87297900 0.55166000
vt 0.87815000 0.64111000
vt 0.11555700 0.17504700
vt 0.60721800 0.70774200
vt 0.94625600 0.20644600
vt 0.21586700 0.86594500
vt 0.09478100 0.91709400
vt 0.46368900 0.70627400
vt 0.24648400 0.76754100
vt 0.05653400 0.41139200
vt 0.90949000 0.55587800
vt 0.19791100 0.18790700
vt 0.96274800 0.87083300
vt 0.95893800 0.79708100
vt 0.10418800 0.50850500
vt 0.82456400 0.39975500
vt 0.36812700 0.86534600
vt 0.80071300 0.63005800
vt 0.19845000 0.17852500
vt 0.17972000 0.63427600
vt 0.86139800 0.11486100
vt 0.97236600 0.43644600
vt 0.62498700 0.06221300
vt 0.60653500 0.19226500
vt 0.40293400 0.58850400
vt 0.85057200 0.31263300
vt 0.54545900 0.70626000
vt 0.04627100 0.52069400
vt 0.73518300 0.84531100
vt 0.78766100 0.84253400
vt 0.88489700 0.87910600
vt 0.88052200 0.79668900
vt 0.92936400 0.49370900
vt 0.84315700 0.28506300
vt 0.67578900 0.38351500
vt 0.44087000 0.73064100
vt 0.32694100 0.90106800
vt 0.08039800 0.42237900
vt 0.31952900 0.66112500
vt 0.05553700 0.39461200
vt 0.96455200 0.62944300
vt 0.09920400 0.25289000
vt 0.78764700 0.55268000
vt 0.78593200 0.50970100
vt 0.16545400 0.47517900
vt 0.71611000 0.65592900
vt 0.68566900 0.53503500
vt 0.17378400 0.46467200
vt 0.84514200 0.30157500
vt 0.97950300 0.33654700
vt 0.40370400 0.63489500
vt 0.97950300 0.36113400
vt 0.40370400 0.65994800
vt 0.03731000 0.11072300
vt 0.09216800 0.48802200
vt 0.47565600 0.25094500
vt 0.47565600 0.96617500
vt 0.11476200 0.11072300
vt 0.01071500 0.26287000
vt 0.30903300 0.69938900
vt 0.14270800 0.60990300
vt 0.08553100 0.43478600
vt 0.08088300 0.98716200
vt 0.08198000 0.07932400
vt 0.13133400 0.97126700
vt 0.11766800 0.97090000
vt 0.97998700 0.23729300
vt 0.31672500 0.57843900
vt 0.24398300 0.87044000
vt 0.97950300 0.26100400
vt 0.31672500 0.60384100
vt 0.85480600 0.66118200
vt 0.32421400 0.81361700
vt 0.97950300 0.28427000
vt 0.85480600 0.68500200
vt 0.91249400 0.00772200
vt 0.65081700 0.11065600
vt 0.65081700 0.11079000
vt 0.29480900 0.60918300
vt 0.15120000 0.57494900
vt 0.73475300 0.56791600
vt 0.73192100 0.49847500
vt 0.38562500 0.53177700
vt 0.68366300 0.50537600
vt 0.68605100 0.56452000
vt 0.08527400 0.53647500
vt 0.80557300 0.37178600
vt 0.28534800 0.87775900
vt 0.44495200 0.64003700
vt 0.44495200 0.66529300
vt 0.95330600 0.00050000
vt 0.44495200 0.69007400
vt 0.88376700 0.50160600
vt 0.28850400 0.44672300
vt 0.77756300 0.69514700
vt 0.62538700 0.69514700
vt 0.70952600 0.26411200
vt 0.43558500 0.86172800
vt 0.08077800 0.94149600
vt 0.90600800 0.97535400
vt 0.91261700 0.11873300
vt 0.12676800 0.63424600
vt 0.54739100 0.64955800
vt 0.19384600 0.79167400
vt 0.21285500 0.41285700
vt 0.98768100 0.46485300
vt 0.73501700 0.56179400
vt 0.73269800 0.50457300
vt 0.13840500 0.72412800
vt 0.66530100 0.36866900
vt 0.13981200 0.77278000
vt 0.83268600 0.29991400
vt 0.10280000 0.03463500
vt 0.79643000 0.61272700
vt 0.88799800 0.65415300
vt 0.09770000 0.16821500
vt 0.95278500 0.87011500
vt 0.94909000 0.79882500
vt 0.61634700 0.32896500
vt 0.12346000 0.11072300
vt 0.91270200 0.04894800
vt 0.11555700 0.24606200
vt 0.86749000 0.72626200
vt 0.36660400 0.85135100
vt 0.36800900 0.87924400
vt 0.09865400 0.41609100
vt 0.88074900 0.48564100
vt 0.11649500 0.55187100
vt 0.83699600 0.35629800
vt 0.94446400 0.86619100
vt 0.94120900 0.80357300
vt 0.34720100 0.56045500
vt 0.34668600 0.52235500
vt 0.34884500 0.57572400
vt 0.34087500 0.54930900
vt 0.78612700 0.57760600
vt 0.04287200 0.88203100
vt 0.34272900 0.86645800
vt 0.94746500 0.18650000
vt 0.74616500 0.13970400
vt 0.98473600 0.38692500
vt 0.93832500 0.78059200
vt 0.94396000 0.88937600
vt 0.20356100 0.79681300
vt 0.89887500 0.60207200
vt 0.99341600 0.89036400
vt 0.22807400 0.91273200
vt 0.82456600 0.30820100
vt 0.10074900 0.89080200
vt 0.19276500 0.85192800
vt 0.16456300 0.18712100
vt 0.90251600 0.71590200
vt 0.18127000 0.77213700
vt 0.79931600 0.29604900
vt 0.18102600 0.72346500
vt 0.63192200 0.37253500
vt 0.01071500 0.19185500
vt 0.88530700 0.56147400
vt 0.14581300 0.50717600
vt 0.12609100 0.66447500
vt 0.86637000 0.40112100
vt 0.12609100 0.64016800
vt 0.29045600 0.52062800
vt 0.16456200 0.25813600
vt 0.16456300 0.97336600
vt 0.09920400 0.18187400
vt 0.43891500 0.74199800
vt 0.77507400 0.32697700
vt 0.89559800 0.83728500
vt 0.44025200 0.44508400
vt 0.84257400 0.20974100
vt 0.10645300 0.71553800
vt 0.70830000 0.07105500
vt 0.10695100 0.66795300
vt 0.80480000 0.24258800
vt 0.43377100 0.83175900
vt 0.43690100 0.89170200
vt 0.42251900 0.79972700
vt 0.42899500 0.92473200
vt 0.98137800 0.57800900
vt 0.15824000 0.77235500
vt 0.81804100 0.29388300
vt 0.15734500 0.72369100
vt 0.65065400 0.37469900
vt 0.31225400 0.47689900
vt 0.70147500 0.67007700
vt 0.26152800 0.47182700
vt 0.54929900 0.66500500
vt 0.51511800 0.70702700
vt 0.06423400 0.49648700
vt 0.77232400 0.39766600
vt 0.11315400 0.59716300
vt 0.88405000 0.93043900
vt 0.87453200 0.74581800
vt 0.94148700 0.83495000
vt 0.46756000 0.74193300
vt 0.76389200 0.35377700
vt 0.06479100 0.34427900
vt 0.06550400 0.00322900
vt 0.82873200 0.56582700
vt 0.42592900 0.32142800
vt 0.80222300 0.94086800
vt 0.19845000 0.96477000
vt 0.19845000 0.24954000
vt 0.79164800 0.74272300
vt 0.94844800 0.48003700
vt 0.95186400 0.56938600
vt 0.10937100 0.88076500
vt 0.63971300 0.65709200
vt 0.17960000 0.85112000
vt 0.48753600 0.65201900
vt 0.35348000 0.88668500
vt 0.35137800 0.84531600
vt 0.15663200 0.64007200
vt 0.87926100 0.37354400
vt 0.11218600 0.66801000
vt 0.80849400 0.23890800
vt 0.11152200 0.71559300
vt 0.71199100 0.07472700
vt 0.10348300 0.59921900
vt 0.68588300 0.84869100
vt 0.12346000 0.03463500
vt 0.94636500 0.92444200
vt 0.94544900 0.61513900
vt 0.62734900 0.19313400
vt 0.62734800 0.33516500
vt 0.86820400 0.48711700
vt 0.88292700 0.33609900
vt 0.99052600 0.83242400
vt 0.17537100 0.93892500
vt 0.87547500 0.61833500
vt 0.04194100 0.54294100
vt 0.47902700 0.76613400
vt 0.47902300 0.74199100
vt 0.76204700 0.36530800
vt 0.94999100 0.07267900
vt 0.06565900 0.63424100
vt 0.36173700 0.74890400
vt 0.06565900 0.60989400
vt 0.33544500 0.90819400
vt 0.44075400 0.71940500
vt 0.92760600 0.24206400
vt 0.23671300 0.67245000
vt 0.23660000 0.68070400
vt 0.32720400 0.90762000
vt 0.99152500 0.77991200
vt 0.12302600 0.95664900
vt 0.22459300 0.91375700
vt 0.99438200 0.88719200
vt 0.19575900 0.44313300
vt 0.86216600 0.73067600
vt 0.12536300 0.24766500
vt 0.12997100 0.19449400
vt 0.14188600 0.06599300
vt 0.46785000 0.76613500
vt 0.04372900 0.55410400
vt 0.35147300 0.52784800
vt 0.89152700 0.42027300
vt 0.89575400 0.58123900
vt 0.10242000 0.40215000
vt 0.41669400 0.74200500
vt 0.79254500 0.31249600
vt 0.31615000 0.07938400
vt 0.30204500 0.97897400
vt 0.31615000 0.14206200
vt 0.30204500 0.26374400
vt 0.26487000 0.00329800
vt 0.25129600 0.33734800
vt 0.24206500 0.90771900
vt 0.15152700 0.67770800
vt 0.89502700 0.80235100
vt 0.89871800 0.87209000
vt 0.92179300 0.34232900
vt 0.62461900 0.58616300
vt 0.34283100 0.80200400
vt 0.29423900 0.60384100
vt 0.93117300 0.01937300
vt 0.26291800 0.85863000
vt 0.29423900 0.57843900
vt 0.65038600 0.02046300
vt 0.63178100 0.34595400
vt 0.65038600 0.04880700
vt 0.63178100 0.20392300
vt 0.29415300 0.80038200
vt 0.88231500 0.02100500
vt 0.36849900 0.55767700
vt 0.26938200 0.51791100
vt 0.57713100 0.66888300
vt 0.28617600 0.63406400
vt 0.26378500 0.65861500
vt 0.33376900 0.53138700
vt 0.63964800 0.34146300
vt 0.33523800 0.56775200
vt 0.63964900 0.19943200
vt 0.88635300 0.76326300
vt 0.89405000 0.91189700
vt 0.11271600 0.19573500
vt 0.11766300 0.06601000
vt 0.42562200 0.16705300
vt 0.56239200 0.63494900
vt 0.10609600 0.26797700
vt 0.10878500 0.14210500
vt 0.82704800 0.57727400
vt 0.11340100 0.25495700
vt 0.81138000 0.34376100
vt 0.96599500 0.49502000
vt 0.96815500 0.55306100
vt 0.03704000 0.98743000
vt 0.03732100 0.07931800
vt 0.34902700 0.85905900
vt 0.34974500 0.87319800
vt 0.13250100 0.31894200
vt 0.85783600 0.42150500
vt 0.88127600 0.45228100
vt 0.63602000 0.20150300
vt 0.05716400 0.24937900
vt 0.09396800 0.57307200
vt 0.62394200 0.85263000
vt 0.36540300 0.17852600
vt 0.04782000 0.98794300
vt 0.04830100 0.07931700
vt 0.93175100 0.55723400
vt 0.51376600 0.82239800
vt 0.51746000 0.89307100
vt 0.98110200 0.78139700
vt 0.12449100 0.32691400
vt 0.88291600 0.34259000
vt 0.28534900 0.85374600
vt 0.12636200 0.03463500
vt 0.08817900 0.60247300
vt 0.39944000 0.76615400
vt 0.14041200 0.43331900
vt 0.09462600 0.43125400
vt 0.03386300 0.97276100
vt 0.18256000 0.84727800
vt 0.49083600 0.64915300
vt 0.10444300 0.88017600
vt 0.64301300 0.65422600
vt 0.88196500 0.43041800
vt 0.73658900 0.43424600
vt 0.25280500 0.31600000
vt 0.42592900 0.25041200
vt 0.42592900 0.96564300
vt 0.62442400 0.70606200
vt 0.32465200 0.87731200
vt 0.48432600 0.64003700
vt 0.62442400 0.73065500
vt 0.48432600 0.66529300
vt 0.99208100 0.00094000
vt 0.48432600 0.69007400
vt 0.91460000 0.64829700
vt 0.13133400 0.25603700
vt 0.42452600 0.62319600
vt 0.55745200 0.16973200
vt 0.08088300 0.34294700
vt 0.08198000 0.00323600
vt 0.03114200 0.31598800
vt 0.21461300 0.53781700
vt 0.38689300 0.56327400
vt 0.15681100 0.63425800
vt 0.88284700 0.12241100
vt 0.91044100 0.90996600
vt 0.90284900 0.76357200
vt 0.88581400 0.55303300
vt 0.24055700 0.78998500
vt 0.04009000 0.95393400
vt 0.08077800 0.22626600
vt 0.89165800 0.69902600
vt 0.78162600 0.32032400
vt 0.42980000 0.74200000
vt 0.87002500 0.80620700
vt 0.87343200 0.87077100
vt 0.11101700 0.33811700
vt 0.11476200 0.00325700
vt 0.92951900 0.83556400
vt 0.25210900 0.18381500
vt 0.05677600 0.84984700
vt 0.69956800 0.65463000
vt 0.91223800 0.47284900
vt 0.18834300 0.52877500
vt 0.11872100 0.56801700
vt 0.83928000 0.34009500
vt 0.96979700 0.83349400
vt 0.04365500 0.96962100
vt 0.82758600 0.29572000
vt 0.14637500 0.77260300
vt 0.14513900 0.72394700
vt 0.66020100 0.37286200
vt 0.93091800 0.48332700
vt 0.49128600 0.06601400
vt 0.47632700 0.19285600
vt 0.64482800 0.21325400
vt 0.64482700 0.35528600
vt 0.65743800 0.03452600
vt 0.65743700 0.03474300
vt 0.33021600 0.54973900
vt 0.89738100 0.87865700
vt 0.89297500 0.79596900
vt 0.17565100 0.46618000
vt 0.84809400 0.66118200
vt 0.31769800 0.81574700
vt 0.57369700 0.06593200
vt 0.55833500 0.19035300
vt 0.82562000 0.44585600
vt 0.89650700 0.56889800
vt 0.82201700 0.31321100
vt 0.60288300 0.18046700
vt 0.10251900 0.95656300
vt 0.88485200 0.95941200
vt 0.48245400 0.70627400
vt 0.25218500 0.78534300
vt 0.64978700 0.99950000
vt 0.75610600 0.18741300
vt 0.84403700 0.12702000
vt 0.04365500 0.18337500
vt 0.05360700 0.86038800
vt 0.73551700 0.87390700
vt 0.73248400 0.81647100
vt 0.77565600 0.65463000
vt 0.17862700 0.53391400
vt 0.35868400 0.51895300
vt 0.95329800 0.03519200
vt 0.05878100 0.50198700
vt 0.52289500 0.70625500
vt 0.52289500 0.73065100
vt 0.94629500 0.26223500
vt 0.77893400 0.40634900
vt 0.92026200 0.55669200
vt 0.11101700 0.26710100
vt 0.11476200 0.14210100
vt 0.67932100 0.73065500
vt 0.28001700 0.63701900
vt 0.18626600 0.64024200
vt 0.88291000 0.34758500
vt 0.18625900 0.66455000
vt 0.67932100 0.70627700
vt 0.43563000 0.54554600
vt 0.00743800 0.44309600
vt 0.04009000 0.16768900
vt 0.27889200 0.76223400
vt 0.83787300 0.34862500
vt 0.93422700 0.88851500
vt 0.92871900 0.78245800
vt 0.95453500 0.72906500
vt 0.07075600 0.93097600
vt 0.80203500 0.39502300
vt 0.80291200 0.41111800
vt 0.08264300 0.49719000
vt 0.89871100 0.55479100
vt 0.43732900 0.88013900
vt 0.43542200 0.84322800
vt 0.13589500 0.66849300
vt 0.82756800 0.23992400
vt 0.13454600 0.71606200
vt 0.73104200 0.07370900
vt 0.91506000 0.95744400
vt 0.10891900 0.52321400
vt 0.82939800 0.38506000
vt 0.00994700 0.18423300
vt 0.02488400 0.47325500
vt 0.49128600 0.03463500
vt 0.06479100 0.20224700
vt 0.06550400 0.06604100
vt 0.17194300 0.63426600
vt 0.86802900 0.11899000
vt 0.42592900 0.17939700
vt 0.74602100 0.94351900
vt 0.25280500 0.96021400
vt 0.73455500 0.74479200
vt 0.25280500 0.24498400
vt 0.88245900 0.58127400
vt 0.80222600 0.38782200
vt 0.27375500 0.64218300
vt 0.30563100 0.63427600
vt 0.87675200 0.34250500
vt 0.15600100 0.56560800
vt 0.30563100 0.60918300
vt 0.15563000 0.89226900
vt 0.90942300 0.58004300
vt 0.12636200 0.11072300
vt 0.34260800 0.56354000
vt 0.92639100 0.79903000
vt 0.93021800 0.87223400
vt 0.97728200 0.46903700
vt 0.89887500 0.10041600
vt 0.51701600 0.57805300
vt 0.51413500 0.50690200
vt 0.78762400 0.87649100
vt 0.78396400 0.80854600
vt 0.36277500 0.76665400
vt 0.04796100 0.61078500
vt 0.78746300 0.53116200
vt 0.97443000 0.28724800
vt 0.54330400 0.44558600
vt 0.95826300 0.13376300
vt 0.74122800 0.23341100
vt 0.97471100 0.33499500
vt 0.64485500 0.08021000
vt 0.85415200 0.99834700
vt 0.95854700 0.18206300
vt 0.87120300 0.39387900
vt 0.13477800 0.64018700
vt 0.13477800 0.66449500
vt 0.15062000 0.51441800
vt 0.09481400 0.40049300
vt 0.11265200 0.24512500
vt 0.86838500 0.72471200
vt 0.90917700 0.87210000
vt 0.90543900 0.80130000
vt 0.23049500 0.62920400
vt 0.48999300 0.75588200
vt 0.17548200 0.44862400
vt 0.36540300 0.96477200
vt 0.36540300 0.24954100
vt 0.20442500 0.43108900
vt 0.92497500 0.56749900
vt 0.62474700 0.32440000
vt 0.34870800 0.50387400
vt 0.62379200 0.53807800
vt 0.28250000 0.70408400
vt 0.05716400 0.32039500
vt 0.03436100 0.86342600
vt 0.02160800 0.25064100
vt 0.18208900 0.66454500
vt 0.15799600 0.55998100
vt 0.31177400 0.60918300
vt 0.67515000 0.70627700
vt 0.31177400 0.63427600
vt 0.67515000 0.73065500
vt 0.27580000 0.63644800
vt 0.18209200 0.64024000
vt 0.87873900 0.34815500
vt 0.11563500 0.32636200
vt 0.55893100 0.47828800
vt 0.06324500 0.66180100
vt 0.09113300 0.48661500
vt 0.83702100 0.08743500
vt 0.27543000 0.72873000
vt 0.03704000 0.20118400
vt 0.03732100 0.06604000
vt 0.11117300 0.96980800
vt 0.56405700 0.93266200
vt 0.55602100 0.77848000
vt 0.10609600 0.33899200
vt 0.10878600 0.00325300
vt 0.21043600 0.00330000
vt 0.19728200 0.34089800
vt 0.56338400 0.94935400
vt 0.42562200 0.95329900
vt 0.42562200 0.23806900
vt 0.55380300 0.76193200
vt 0.03704000 0.27220000
vt 0.03732100 0.14212800
vt 0.11271600 0.98198100
vt 0.11766200 0.07934800
vt 0.16420400 0.77226400
vt 0.81349500 0.29775900
vt 0.64610300 0.37082500
vt 0.16347600 0.72359700
vt 0.13250100 0.17691100
vt 0.86648300 0.63504400
vt 0.62071300 0.49042200
vt 0.82981900 0.55093800
vt 0.82810900 0.50815300
vt 0.62139600 0.81829800
vt 0.62497600 0.88761000
vt 0.88722500 0.45177200
vt 0.29474500 0.52298300
vt 0.65321900 0.66888300
vt 0.24401900 0.51791100
vt 0.50104300 0.66381000
vt 0.28535000 0.83472200
vt 0.87194000 0.33312100
vt 0.98009000 0.83296200
vt 0.11468900 0.60259000
vt 0.37311400 0.76616100
vt 0.20917600 0.83350000
vt 0.07585600 0.89002800
vt 0.89789800 0.56210800
vt 0.26487000 0.14205900
vt 0.25129600 0.26633200
vt 0.26487000 0.07938600
vt 0.25129600 0.98156200
vt 0.26487200 0.11072300
vt 0.61811600 0.44325600
vt 0.36548200 0.30870000
vt 0.91732000 0.52600100
vt 0.12997100 0.98074000
vt 0.14188600 0.07936400
vt 0.86323700 0.41910400
vt 0.12536300 0.31868100
vt 0.10780900 0.36894000
vt 0.99249500 0.57819900
vt 0.20937500 0.41183200
vt 0.98807500 0.46820300
vt 0.04829500 0.11072300
vt 0.56705000 0.90468200
vt 0.56188200 0.80618100
vt 0.16015300 0.38666400
vt 0.98922500 0.52318000
vt 0.28290800 0.93321200
vt 0.32330500 0.40723500
vt 0.92913300 0.56252200
vt 0.87533700 0.71293800
vt 0.09770000 0.23923100
vt 0.66571200 0.70606200
vt 0.32465300 0.83498600
vt 0.66571200 0.73065500
vt 0.35316700 0.56986600
vt 0.88973800 0.62421600
vt 0.74452900 0.63156400
vt 0.25280500 0.17396800
vt 0.71089700 0.33994400
vt 0.72845400 0.67064700
vt 0.68982300 0.33723200
vt 0.82937600 0.87631100
vt 0.82550400 0.80481500
vt 0.16332700 0.19713200
vt 0.17606600 0.06597800
vt 0.84049700 0.24186700
vt 0.15167500 0.66900000
vt 0.74397600 0.07175700
vt 0.14993800 0.71656600
vt 0.31953100 0.64199600
vt 0.06479100 0.27326300
vt 0.06550400 0.14212900
vt 0.00994700 0.25524900
vt 0.04010200 0.85233500
vt 0.90290400 0.48489900
vt 0.01630000 0.41996600
vt 0.94079800 0.66926600
vt 0.98288500 0.88671200
vt 0.89947100 0.86499800
vt 0.89653500 0.80932300
vt 0.42346000 0.48332500
vt 0.88578800 0.73697700
vt 0.89621900 0.93819000
vt 0.08088300 0.20091600
vt 0.08198000 0.06603400
vt 0.87213200 0.40880300
vt 0.10724800 0.31401000
vt 0.09920400 0.96812000
vt 0.31581900 0.52570000
vt 0.26509300 0.52062800
vt 0.88249600 0.80409500
vt 0.88606600 0.87158400
vt 0.01071500 0.97810000
vt 0.91798400 0.80544300
vt 0.92119800 0.86670000
vt 0.72872100 0.66964900
vt 0.69008400 0.33622300
vt 0.28535000 0.83003500
vt 0.47491800 0.37778200
vt 0.95328600 0.04758700
vt 0.47491800 0.42630100
vt 0.47491800 0.40227200
vt 0.17754700 0.47366000
vt 0.09310700 0.41526600
vt 0.39023800 0.76615700
vt 0.09741100 0.60384100
vt 0.07745000 0.48933500
vt 0.04907700 0.66063300
vt 0.10470000 0.36717400
vt 0.99207600 0.58135300
vt 0.10898600 0.32512900
vt 0.73468500 0.45156500
vt 0.89196900 0.76322600
vt 0.89963600 0.91139000
vt 0.03838900 0.46520100
vt 0.92180100 0.33583800
vt 0.83137500 0.59692200
vt 0.60288300 0.25148300
vt 0.60288400 0.96671300
vt 0.34277700 0.54922300
vt 0.95092200 0.06276300
vt 0.05576200 0.63424000
vt 0.36262700 0.75877400
vt 0.05576200 0.60989400
vt 0.17929600 0.60945300
vt 0.62333000 0.72998600
vt 0.27355400 0.70600200
vt 0.97126200 0.41201500
vt 0.93414400 0.56751400
vt 0.21118800 0.52130600
vt 0.12849800 0.59390000
vt 0.34920300 0.89263300
vt 0.34650400 0.83982800
vt 0.34088600 0.86656900
vt 0.34740500 0.87748400
vt 0.34626500 0.85503900
vt 0.98719500 0.23729300
vt 0.24676900 0.87757900
vt 0.40630400 0.64003700
vt 0.98719500 0.26100400
vt 0.40630400 0.66529300
vt 0.98719500 0.28427000
vt 0.91524500 0.00067700
vt 0.40630400 0.69007400
vt 0.71115800 0.33893800
vt 0.45099400 0.59684700
vt 0.93369200 0.22524700
vt 0.58546300 0.70994500
vt 0.83234400 0.61328900
vt 0.30243600 0.32227600
vt 0.34724500 0.86618600
vt 0.36666000 0.53393200
vt 0.11572700 0.33720500
vt 0.12345900 0.00326300
vt 0.61634700 0.97317900
vt 0.61634700 0.25794900
vt 0.08265000 0.52878700
vt 0.80304700 0.37950400
vt 0.05853500 0.42347200
vt 0.87087200 0.04155300
vt 0.87782600 0.40076900
vt 0.09770000 0.31024700
vt 0.10280000 0.11072300
vt 0.18187600 0.45123300
vt 0.79412900 0.97758400
vt 0.67522200 0.40304800
vt 0.11991800 0.95841400
vt 0.99059700 0.77670600
vt 0.84014800 0.03611000
vt 0.48245600 0.73065400
vt 0.62348000 0.65463000
vt 0.04155800 0.47574200
vt 0.14188600 0.03463500
vt 0.36596700 0.48939800
vt 0.60953300 0.31525600
vt 0.93234500 0.29109200
vt 0.55545700 0.73048300
vt 0.35699400 0.85032700
vt 0.35854600 0.88115900
vt 0.87269900 0.56055700
vt 0.05158600 0.51065600
vt 0.53414400 0.70589200
vt 0.90817600 0.07649600
vt 0.32009500 0.74510800
vt 0.39928100 0.59558700
vt 0.07953300 0.63865400
vt 0.82585400 0.42344400
vt 0.07804400 0.66291600
vt 0.10546000 0.48484300
vt 0.11766800 0.18465500
vt 0.92887700 0.47179600
vt 0.51751700 0.56442600
vt 0.51576300 0.52045900
vt 0.43864500 0.45548300
vt 0.85353000 0.14402700
vt 0.93715600 0.79833000
vt 0.94098000 0.87183100
vt 0.99207900 0.02348000
vt 0.23722500 0.80728000
vt 0.01071500 0.33388600
vt 0.11476200 0.03463500
vt 0.47565600 0.32196100
vt 0.12056100 0.03463500
vt 0.11117300 0.18356200
vt 0.03731000 0.03463500
vt 0.92180800 0.32962600
vt 0.78741800 0.46936900
vt 0.82151200 0.40782400
vt 0.78526600 0.50317300
vt 0.78753000 0.55924400
vt 0.38510000 0.84561800
vt 0.38702500 0.88302900
vt 0.09920400 0.32390600
vt 0.24263300 0.85819800
vt 0.96543200 0.93894800
vt 0.07375300 0.90211700
vt 0.21944500 0.84040800
vt 0.98442100 0.11180300
vt 0.21862000 0.41419700
vt 0.17803900 0.94281600
vt 0.74122800 0.28920700
vt 0.57383800 0.37937600
vt 0.98482400 0.06228900
vt 0.21901600 0.36552000
vt 0.69036800 0.97808900
vt 0.36568300 0.52737700
vt 0.13415000 0.11072300
vt 0.09561600 0.90321000
vt 0.20523900 0.85687500
vt 0.90714400 0.87788200
vt 0.90278900 0.79578000
vt 0.81441600 0.33501800
vt 0.86350500 0.45590700
vt 0.36495100 0.63489500
vt 0.88295000 0.30038500
vt 0.36495100 0.65994800
vt 0.09747500 0.38592200
vt 0.62474700 0.18236800
vt 0.35235300 0.59399100
vt 0.19087000 0.85940800
vt 0.10744800 0.89462500
vt 0.37476600 0.46180900
vt 0.78958400 0.15167400
vt 0.19791100 0.97415300
vt 0.19791100 0.25892300
vt 0.32465300 0.84246000
vt 0.65842100 0.70606200
vt 0.65842100 0.73065500
vt 0.92241700 0.45231000
vt 0.13373500 0.77296400
vt 0.83762700 0.29629900
vt 0.13216100 0.72432200
vt 0.67024700 0.37228100
vt 0.02630500 0.11072300
vt 0.13415000 0.06599800
vt 0.12347200 0.19449900
vt 0.47508200 0.16886300
vt 0.50929900 0.63282000
vt 0.56397400 0.60309100
vt 0.44098600 0.03463500
vt 0.11711600 0.33699700
vt 0.12636100 0.00326600
vt 0.86870300 0.92622100
vt 0.85962800 0.75139000
vt 0.86823500 0.43734900
vt 0.81991200 0.42333400
vt 0.07363900 0.63822700
vt 0.07194400 0.66247100
vt 0.09954100 0.48494600
vt 0.11117300 0.25457800
vt 0.11427500 0.26644000
vt 0.12056000 0.14209600
vt 0.86723200 0.10971100
vt 0.50557900 0.46873700
vt 0.51303300 0.49399400
vt 0.51694600 0.59100400
vt 0.11271600 0.26675100
vt 0.11766200 0.14209800
vt 0.68893900 0.91114700
vt 0.68248200 0.78742100
vt 0.86406000 0.78732900
vt 0.86957800 0.89015300
vt 0.77625000 0.66852900
vt 0.70742400 0.29119500
vt 0.28640200 0.47380700
vt 0.62407400 0.66853000
vt 0.36775200 0.85608900
vt 0.36860500 0.87455700
vt 0.37977000 0.03463500
vt 0.31176400 0.47888000
vt 0.70016200 0.66853000
vt 0.26103900 0.47380700
vt 0.54798500 0.66345700
vt 0.62527700 0.90045600
vt 0.62027800 0.80573200
vt 0.61981200 0.47639700
vt 0.09756200 0.43249300
vt 0.63466900 0.11072300
vt 0.31615000 0.06597400
vt 0.30204500 0.19272800
vt 0.38592800 0.86436000
vt 0.10609600 0.98320700
vt 0.10878500 0.07934100
vt 0.56355400 0.69514700
vt 0.12916500 0.45990800
vt 0.71573000 0.69514700
vt 0.82321400 0.48214100
vt 0.36548300 0.16666900
vt 0.62597400 0.63339100
vt 0.11340100 0.97018700
vt 0.89105200 0.78394100
vt 0.89676900 0.89084500
vt 0.87207500 0.63692400
vt 0.12536300 0.17665000
vt 0.91580500 0.80027700
vt 0.91957800 0.87207200
vt 0.03386300 0.18651500
vt 0.09724600 0.57931500
vt 0.20040400 0.52453400
vt 0.82957800 0.55864500
vt 0.82724200 0.50049700
vt 0.76296900 0.37968900
vt 0.56445700 0.54061900
vt 0.16562100 0.17855000
vt 0.83435600 0.63099000
vt 0.59511500 0.33095900
vt 0.61181900 0.00343400
vt 0.91579400 0.56755800
vt 0.00050000 0.14211500
vt 0.00050000 0.27068000
vt 0.71394600 0.66429500
vt 0.05716400 0.96460900
vt 0.72151300 0.07554400
vt 0.12300300 0.71578400
vt 0.12400500 0.66820600
vt 0.81802600 0.23808700
vt 0.56362500 0.65709100
vt 0.09415300 0.44482400
vt 0.08824400 0.63424200
vt 0.94161700 0.09377200
vt 0.88358200 0.83788700
vt 0.64060700 0.05688600
vt 0.62110100 0.19787700
vt 0.83268000 0.06526400
vt 0.45231900 0.73065400
vt 0.24485900 0.75630700
vt 0.45231900 0.70627400
vt 0.38910800 0.38455900
vt 0.86006400 0.99442700
vt 0.38813400 0.40369600
vt 0.34773300 0.92647000
vt 0.98007800 0.78014400
vt 0.73279200 0.77912300
vt 0.73991600 0.90990800
vt 0.64471400 0.06531600
vt 0.04108000 0.71533900
vt 0.98919900 0.33498300
vt 0.04113400 0.66775200
vt 0.98925300 0.28723500
vt 0.74109300 0.24833600
vt 0.89791400 0.78381700
vt 0.90358900 0.89031900
vt 0.87355200 0.03486500
vt 0.28545800 0.78657600
vt 0.36747400 0.85396000
vt 0.36858000 0.87662600
vt 0.13056800 0.77306800
vt 0.84051700 0.29766400
vt 0.12896000 0.72441200
vt 0.67314500 0.37091400
vt 0.56462000 0.65503300
vt 0.09159900 0.44455900
vt 0.28001600 0.65457800
vt 0.51433300 0.73065500
vt 0.95192400 0.25575200
vt 0.10092200 0.50048400
vt 0.95842300 0.86251400
vt 0.95549000 0.80579600
vt 0.72849800 0.29391000
vt 0.30747600 0.47652100
vt 0.13044200 0.66835000
vt 0.82275600 0.24248300
vt 0.12926700 0.71592400
vt 0.72623400 0.07115500
vt 0.59511600 0.97517300
vt 0.61181800 0.07952200
vt 0.59511600 0.25994300
vt 0.61181800 0.14192300
vt 0.15957500 0.54375800
vt 0.16576800 0.66453200
vt 0.88026500 0.36443000
vt 0.16576800 0.64022700
vt 0.89116300 0.11446700
vt 0.10985200 0.24415500
vt 0.86922300 0.72293000
vt 0.10724800 0.17197800
vt 0.88166900 0.64657900
vt 0.83016700 0.86929400
vt 0.82709400 0.81176200
vt 0.34302600 0.89961900
vt 0.63269700 0.97531800
vt 0.33964300 0.83350600
vt 0.63269700 0.26008800
vt 0.79773000 0.41892200
vt 0.05089100 0.63639500
vt 0.08077800 0.29728200
vt 0.89450000 0.38733500
vt 0.38576000 0.89861800
vt 0.38222100 0.83019400
vt 0.90481700 0.40445100
vt 0.10878600 0.03463500
vt 0.21043600 0.06597000
vt 0.19728200 0.19886600
vt 0.43568500 0.52706900
vt 0.43716600 0.56395700
vt 0.61917900 0.79189500
vt 0.62562300 0.91450200
vt 0.03114200 0.96020300
vt 0.22983200 0.78777200
vt 0.94276300 0.58006700
vt 0.59734800 0.65338300
vt 0.06299400 0.46079500
vt 0.86450900 0.47583400
vt 0.90680500 0.83672100
vt 0.68293900 0.47180000
vt 0.01914300 0.46216300
vt 0.02160800 0.17962600
vt 0.02765400 0.44355800
vt 0.00104400 0.33715400
vt 0.79005500 0.65972300
vt 0.69315600 0.94481900
vt 0.30277200 0.95580300
vt 0.68220700 0.75365300
vt 0.30277200 0.24057300
vt 0.95655800 0.83417300
vt 0.51233100 0.93178300
vt 0.50470100 0.78436900
vt 0.89847800 0.45179300
vt 0.51355100 0.60249000
vt 0.17606700 0.11072300
vt 0.16332700 0.98337800
vt 0.17606600 0.07938000
vt 0.16332700 0.26814700
vt 0.17606600 0.14206600
vt 0.87160100 0.83847900
vt 0.14188600 0.11072300
vt 0.11814000 0.24684300
vt 0.86692200 0.72752900
vt 0.69210100 0.06489000
vt 0.08730200 0.71543200
vt 0.08748400 0.66784500
vt 0.78856700 0.24876200
vt 0.30243700 0.18024500
vt 0.86047400 0.43985900
vt 0.87107600 0.50400000
vt 0.32405700 0.76546200
vt 0.91222000 0.05606100
vt 0.20286400 0.90124900
vt 0.12918700 0.93235100
vt 0.51737200 0.57139700
vt 0.51503900 0.51351200
vt 0.12449100 0.97112800
vt 0.84809400 0.68500200
vt 0.90595400 0.00558600
vt 0.87722900 0.63976700
vt 0.11814000 0.17582700
vt 0.00151100 0.26224900
vt 0.04442000 0.84228600
vt 0.71398500 0.65580900
vt 0.19844900 0.32055600
vt 0.79277600 0.43156600
vt 0.62498700 0.00705600
vt 0.60653500 0.33429700
vt 0.94055300 0.52503700
vt 0.43475000 0.90339000
vt 0.43042500 0.82035700
vt 0.37747500 0.50707600
vt 0.99077600 0.58380000
vt 0.10214100 0.36666900
vt 0.92362600 0.57918600
vt 0.73167100 0.81019700
vt 0.73526900 0.87996200
vt 0.70281800 0.07338600
vt 0.10064100 0.71549500
vt 0.79930500 0.24025200
vt 0.10097800 0.66790900
vt 0.43667300 0.57559400
vt 0.10416900 0.96885300
vt 0.80280700 0.41553800
vt 0.04365500 0.32540600
vt 0.93305700 0.57919000
vt 0.38542200 0.52883600
vt 0.08278700 0.39491900
vt 0.13250100 0.24792700
vt 0.85695400 0.73299500
vt 0.13250100 0.96315700
vt 0.86785000 0.94480700
vt 0.03750100 0.89199900
vt 0.11101700 0.98233100
vt 0.11476200 0.07934600
vt 0.15609800 0.52589700
vt 0.14748400 0.66451100
vt 0.87671800 0.38237400
vt 0.14748400 0.64020300
vt 0.43523600 0.52130500
vt 0.43719800 0.56973200
vt 0.27018300 0.51595900
vt 0.57910800 0.66819100
vt 0.36572400 0.74202000
vt 0.98577600 0.33654700
vt 0.84253500 0.30724000
vt 0.36572900 0.76616300
vt 0.98577600 0.36113400
vt 0.12190900 0.60073100
vt 0.25412800 0.60918300
vt 0.23891000 0.67802800
vt 0.98577600 0.38572100
vt 0.25412800 0.63427600
vt 0.47565600 0.17992900
vt 0.04009000 0.30972000
vt 0.22533900 0.53560300
vt 0.18229600 0.49942600
vt 0.68353300 0.81980200
vt 0.68658400 0.87785700
vt 0.79241400 0.59277300
vt 0.10985200 0.17314000
vt 0.88057400 0.64454400
vt 0.16027300 0.58075500
vt 0.04207700 0.72763000
vt 0.76030300 0.37070600
vt 0.57516900 0.74926900
vt 0.04205700 0.73607400
vt 0.15267700 0.58454600
vt 0.73500500 0.53314200
vt 0.84956300 0.10620100
vt 0.43443600 0.58726700
vt 0.62498600 0.08314500
vt 0.60653600 0.97851100
vt 0.62498600 0.13830100
vt 0.60653500 0.26328100
vt 0.87990500 0.35636100
vt 0.17383500 0.64095400
vt 0.29125600 0.51867800
vt 0.14961100 0.87804900
vt 0.35831300 0.56443300
vt 0.36812900 0.54830500
vt 0.96145500 0.56140000
vt 0.92820800 0.59914300
vt 0.78984400 0.44916900
vt 0.82754000 0.30449400
vt 0.38077600 0.74201700
vt 0.11572700 0.98142000
vt 0.12345900 0.07935200
vt 0.10280000 0.14210900
vt 0.10096100 0.26884400
vt 0.18764600 0.42433900
vt 0.11396900 0.39323700
vt 0.30243700 0.25126000
vt 0.30243700 0.96649000
vt 0.86107500 0.31968600
vt 0.88001200 0.95207500
vt 0.11265200 0.96035500
vt 0.37072100 0.60704300
vt 0.60953400 0.17322400
vt 0.02617000 0.27167000
vt 0.02632500 0.14212800
vt 0.04782000 0.34372900
vt 0.04830100 0.00322900
vt 0.74926200 0.98943400
vt 0.85470600 0.17533300
vt 0.17606700 0.03463500
vt 0.26477300 0.52154900
vt 0.31549900 0.52662200
vt 0.51420200 0.91748700
vt 0.50801000 0.79841700
vt 0.34628100 0.53768200
vt 0.68415800 0.51219600
vt 0.31029100 0.81688800
vt 0.84075400 0.66118200
vt 0.89851900 0.00444200
vt 0.84075400 0.68500200
vt 0.65081800 0.03456700
vt 0.65081800 0.03470200
vt 0.90635000 0.52644900
vt 0.24926600 0.73423200
vt 0.58715800 0.73391700
vt 0.10668600 0.51582300
vt 0.73331100 0.76227000
vt 0.74244700 0.92640000
vt 0.62481900 0.60023600
vt 0.03704000 0.34321600
vt 0.03732100 0.00323000
vt 0.16456200 0.32915200
vt 0.24369900 0.51883400
vt 0.50045600 0.66457700
vt 0.65263200 0.66965000
vt 0.29442500 0.52390700
vt 0.96644400 0.80462900
vt 0.96942900 0.86255100
vt 0.36045400 0.58241100
vt 0.88258800 0.49323400
vt 0.71147800 0.33801600
vt 0.33992700 0.51600700
vt 0.63269600 0.33110400
vt 0.34262100 0.58259400
vt 0.63269700 0.18907200
vt 0.56692400 0.65422600
vt 0.08922500 0.44541200
vt 0.83307800 0.37587900
vt 0.11264900 0.53237400
vt 0.03285700 0.45362600
vt 0.88749200 0.42515100
vt 0.59511600 0.18892800
vt 0.61181900 0.06583500
vt 0.36737300 0.56922700
vt 0.62146000 0.70650600
vt 0.95811300 0.19777100
vt 0.96935800 0.38810200
vt 0.36842100 0.55992100
vt 0.36495100 0.68500200
vt 0.28001500 0.68500200
vt 0.56602600 0.88541700
vt 0.56291500 0.82549000
vt 0.73900100 0.59794600
vt 0.08555000 0.66337800
vt 0.11265100 0.48623200
vt 0.08679100 0.63910300
vt 0.83306900 0.42206600
vt 0.18046000 0.43557800
vt 0.82581300 0.49341100
vt 0.31523800 0.52762800
vt 0.26451300 0.52255500
vt 0.24343800 0.51984300
vt 0.50018900 0.66557500
vt 0.65236600 0.67064700
vt 0.29416400 0.52491600
vt 0.90059300 0.94269300
vt 0.88966600 0.73206100
vt 0.06492200 0.63752500
vt 0.81114600 0.42283500
vt 0.84285300 0.29282500
vt 0.00057100 0.03463500
vt 0.79003600 0.69514700
vt 0.63785900 0.69514700
vt 0.91252800 0.79549400
vt 0.91683300 0.87718000
vt 0.90723800 0.80725200
vt 0.91033100 0.86598600
vt 0.88831500 0.96319400
vt 0.09770000 0.95446100
vt 0.16562100 0.96479600
vt 0.83578900 0.94122600
vt 0.82530100 0.73945000
vt 0.16562100 0.24956500
vt 0.07956300 0.40849400
vt 0.33332800 0.47960900
vt 0.33502800 0.45315300
vt 0.28430300 0.44808000
vt 0.28260300 0.47453600
vt 0.91859300 0.56226900
vt 0.91578100 0.48978100
vt 0.97838000 0.58189100
vt 0.82810500 0.66118200
vt 0.29740700 0.81598600
vt 0.82810500 0.68500200
vt 0.88559000 0.00534800
vt 0.20742000 0.78154100
vt 0.00994700 0.97047900
vt 0.08077800 0.15525000
vt 0.90571500 0.66619600
vt 0.36548300 0.95291500
vt 0.62713800 0.94771100
vt 0.61713000 0.75880500
vt 0.36548200 0.23768500
vt 0.98206600 0.88841000
vt 0.48746500 0.69007400
vt 0.14438300 0.86568100
vt 0.63964200 0.69514700
vt 0.38597600 0.54754400
vt 0.63467000 0.03463500
vt 0.28281100 0.77991600
vt 0.06063800 0.43556000
vt 0.11278000 0.89309600
vt 0.18607600 0.86215200
vt 0.30233800 0.69871600
vt 0.14940300 0.60990600
vt 0.23599200 0.51337100
vt 0.92921300 0.38140800
vt 0.13133400 0.18502100
vt 0.36779700 0.53890400
vt 0.72930800 0.66888300
vt 0.69040400 0.33529900
vt 0.68807200 0.59811200
vt 0.83032600 0.86177400
vt 0.82809800 0.81925400
vt 0.11766300 0.03463500
vt 0.95245300 0.06188800
vt 0.78014200 0.42630100
vt 0.43290300 0.37266600
vt 0.94750500 0.24228500
vt 0.94906800 0.11065300
vt 0.42953100 0.42122900
vt 0.51751000 0.90598000
vt 0.51249100 0.80954700
vt 0.41040400 0.74200800
vt 0.79812400 0.30924900
vt 0.90440400 0.60156500
vt 0.51584700 0.54247700
vt 0.55691500 0.46313900
vt 0.11427500 0.33745600
vt 0.12056000 0.00326100
vt 0.32665400 0.78610600
vt 0.91491400 0.03533000
vt 0.16007200 0.55250100
vt 0.17444600 0.66351200
vt 0.86683000 0.05929600
vt 0.55820600 0.79359400
vt 0.56468000 0.91740000
vt 0.47508200 0.95510900
vt 0.51026900 0.94794900
vt 0.47508200 0.23987800
vt 0.50104600 0.76848100
vt 0.11563600 0.97057600
vt 0.12449100 0.25589800
vt 0.63601900 0.34353500
vt 0.36530900 0.33440600
vt 0.37976600 0.00328200
vt 0.62474700 0.96861400
vt 0.35273600 0.91082800
vt 0.62474700 0.25338400
vt 0.34814300 0.82138700
vt 0.36540200 0.32055700
vt 0.83266800 0.24411600
vt 0.14246100 0.66869100
vt 0.14094000 0.71625500
vt 0.73613300 0.06952400
vt 0.56235000 0.81907800
vt 0.56616000 0.89190800
vt 0.62446800 0.56078900
vt 0.62258400 0.51543900
vt 0.12020100 0.90672700
vt 0.19070100 0.87696500
vt 0.84313900 0.22926800
vt 0.74659900 0.08433800
vt 0.12908300 0.73331800
vt 0.48746500 0.74916700
vt 0.23762500 0.62886400
vt 0.09528200 0.66385400
vt 0.12165400 0.48939700
vt 0.09622800 0.63956500
vt 0.84210500 0.41891300
vt 0.73498900 0.55537500
vt 0.87035300 0.91000400
vt 0.86276900 0.76741500
vt 0.93038700 0.99442700
vt 0.25464800 0.79373400
vt 0.05063500 0.94416000
vt 0.78428400 0.49703500
vt 0.43674000 0.37778200
vt 0.67028400 0.70606200
vt 0.32465300 0.83029900
vt 0.43674000 0.42630100
vt 0.99206600 0.04732400
vt 0.43674000 0.40227200
vt 0.67028400 0.73065500
vt 0.13415000 0.03463500
vt 0.99206800 0.04234300
vt 0.10416900 0.25362200
vt 0.20422600 0.48518100
vt 0.38693400 0.56620100
vt 0.80865600 0.30548900
vt 0.39943200 0.74201200
vt 0.97950300 0.38572100
vt 0.24156300 0.68379100
vt 0.40370400 0.68500200
vt 0.92180300 0.30082700
vt 0.32514300 0.63489500
vt 0.11896600 0.58144500
vt 0.87231300 0.45378000
vt 0.88294700 0.32367400
vt 0.04302700 0.53000700
vt 0.55523700 0.70790900
vt 0.89701100 0.12236400
vt 0.14270000 0.63425100
vt 0.31953000 0.65484300
vt 0.00104500 0.98136800
vt 0.56179000 0.65465100
vt 0.27498700 0.84407500
vt 0.27518800 0.57843900
vt 0.27518800 0.60384100
vt 0.35469600 0.78769000
vt 0.94307000 0.03373500
vt 0.09865300 0.58553700
vt 0.06350100 0.44892900
vt 0.21507600 0.41436800
vt 0.98619900 0.46173000
vt 0.93980400 0.56223500
vt 0.68089600 0.80162800
vt 0.68579000 0.89683200
vt 0.92631100 0.69202600
vt 0.03151800 0.90562300
vt 0.15682400 0.60991000
vt 0.29491600 0.69933300
vt 0.81111700 0.66118200
vt 0.28052500 0.81199600
vt 0.81111700 0.68500200
vt 0.86864900 0.00935100
vt 0.11789000 0.55995800
vt 0.37740300 0.91227500
vt 0.37250700 0.81743300
vt 0.42318500 0.74200200
vt 0.78686700 0.31599200
vt 0.25210900 0.32584600
vt 0.01161200 0.98700300
vt 0.01176600 0.07920800
vt 0.35838900 0.83643300
vt 0.36137800 0.89484100
vt 0.02617000 0.20065500
vt 0.02632500 0.06603900
vt 0.36501600 0.80662100
vt 0.60953400 0.24424000
vt 0.37106100 0.92379400
vt 0.60953400 0.95947000
vt 0.98326700 0.88468400
vt 0.98119200 0.78352900
vt 0.81772900 0.32874500
vt 0.78812400 0.86399100
vt 0.78585000 0.82111300
vt 0.10280000 0.06602000
vt 0.10096100 0.19782900
vt 0.56552700 0.56387400
vt 0.56364600 0.51738700
vt 0.41832200 0.46903600
vt 0.55745200 0.31176400
vt 0.61634700 0.18693300
vt 0.11572700 0.26618900
vt 0.12345900 0.14209400
vt 0.61887400 0.46031200
vt 0.02630500 0.03463500
vt 0.49128600 0.00325500
vt 0.47632700 0.33488700
vt 0.83350900 0.92351100
vt 0.82469400 0.75729900
vt 0.82996200 0.84048200
vt 0.81450700 0.41806100
vt 0.08824400 0.60989400
vt 0.35345100 0.72789500
vt 0.68404100 0.82616800
vt 0.68655900 0.87134400
vt 0.43213300 0.91298500
vt 0.42683600 0.81108700
vt 0.04782000 0.20169700
vt 0.04830100 0.06604000
vt 0.57369700 0.00333800
vt 0.55833400 0.33238500
vt 0.89317500 0.48495900
vt 0.95866200 0.48722900
vt 0.14558100 0.42111800
vt 0.61182100 0.03463500
vt 0.79940100 0.66118200
vt 0.27059100 0.80532200
vt 0.79940100 0.68500200
vt 0.85867300 0.01605000
vt 0.60288300 0.32249900
vt 0.85075800 0.12702100
vt 0.74960400 0.18789100
vt 0.98815400 0.43481000
vt 0.34036100 0.44468300
vt 0.75303700 0.13921100
vt 0.94073900 0.18650100
vt 0.01165200 0.03463500
vt 0.30320300 0.70726900
vt 0.44098300 0.00326200
vt 0.42628700 0.33584600
vt 0.73455900 0.89249800
vt 0.72960100 0.79746300
vt 0.74797900 0.99891600
vt 0.74833800 0.10452700
vt 0.91201700 0.78380000
vt 0.91753200 0.88890700
vt 0.20154100 0.87094400
vt 0.10832500 0.91032200
vt 0.01161200 0.34278800
vt 0.01176600 0.00311900
vt 0.11427500 0.98167000
vt 0.12056000 0.07935000
vt 0.91789000 0.49518400
vt 0.21043600 0.03463500
vt 0.88381100 0.81224600
vt 0.88650100 0.86335900
vt 0.90378600 0.45213600
vt 0.08934700 0.55697900
vt 0.80972700 0.35117700
vt 0.89566600 0.62905100
vt 0.89649600 0.49882400
vt 0.07561000 0.63424100
vt 0.94711700 0.08229100
vt 0.35890500 0.73933100
vt 0.07561000 0.60989400
vt 0.02371300 0.33135700
vt 0.06550300 0.03463500
vt 0.17195700 0.60992000
vt 0.28014500 0.70273100
vt 0.11089300 0.40621200
vt 0.89040900 0.93352600
vt 0.88051300 0.74216900
vt 0.00151100 0.19123400
vt 0.02920200 0.48330300
vt 0.63789700 0.65580800
vt 0.87822600 0.47373300
vt 0.87939400 0.64271000
vt 0.11265200 0.17410900
vt 0.03386200 0.32854700
vt 0.90519700 0.47283400
vt 0.89289100 0.62641700
vt 0.11711700 0.98121100
vt 0.12636100 0.07935400
vt 0.34145400 0.53498900
vt 0.07175200 0.91419600
vt 0.82622600 0.42806600
vt 0.16562000 0.32058100
vt 0.10698000 0.60346400
vt 0.38078200 0.76615900
vt 0.91932100 0.59832400
vt 0.87146700 0.56872800
vt 0.11651900 0.59229200
vt 0.00050000 0.07933100
vt 0.00050000 0.98591000
vt 0.56177000 0.65922300
vt 0.95815500 0.25355800
vt 0.96452400 0.11180300
vt 0.50775500 0.73056700
vt 0.87115300 0.81479400
vt 0.87362200 0.86209700
vt 0.31087600 0.72127700
vt 0.23943000 0.53185500
vt 0.91730800 0.36659700
vt 0.05063400 0.29994600
vt 0.25777200 0.66537500
vt 0.27704400 0.63427600
vt 0.03386300 0.25753100
vt 0.90407300 0.63844200
vt 0.95548200 0.52454800
vt 0.69175500 0.63177200
vt 0.30277200 0.16955700
vt 0.91787900 0.83615900
vt 0.92174900 0.48407400
vt 0.26487200 0.03463500
vt 0.26487000 0.06597100
vt 0.25129600 0.19531600
vt 0.71679700 0.65503300
vt 0.16631100 0.47607000
vt 0.57368700 0.11072300
vt 0.12820600 0.72443500
vt 0.23736500 0.61988100
vt 0.67390600 0.37083700
vt 0.26476700 0.57843900
vt 0.27925500 0.83465500
vt 0.35889100 0.77842400
vt 0.26476700 0.60384100
vt 0.94726800 0.04303300
vt 0.47491100 0.70627400
vt 0.24927800 0.77839100
f 1870/1870 2014/2014 524/524
f 1550/1550 613/613 1476/1476
f 420/420 2004/2004 1050/1050
f 1907/1907 1165/1165 1050/1050
f 1050/1050 2004/2004 1907/1907
f 1870/1870 524/524 1056/1056
f 1939/1939 507/507 1869/1869
f 1666/1666 1052/1052 2004/2004
f 1906/1906 1052/1052 1164/1164
f 1052/1052 1906/1906 2004/2004
f 787/787 1475/1475 1612/1612
f 434/434 895/895 1503/1503
f 59/59 361/361 1622/1622
f 848/848 361/361 187/187
f 361/361 848/848 1622/1622
f 787/787 1611/1611 1475/1475
f 433/433 1502/1502 894/894
f 57/57 1622/1622 363/363
f 847/847 186/186 363/363
f 363/363 1622/1622 847/847
f 1047/1047 1467/1467 846/846
f 1462/1462 1048/1048 839/839
f 302/302 1039/1039 273/273
f 775/775 1941/1941 909/909
f 356/356 1014/1014 172/172
f 1471/1471 1012/1012 354/354
f 356/356 355/355 1013/1013
f 1010/1010 807/807 1015/1015
f 255/255 1390/1390 2067/2067
f 305/305 1391/1391 1040/1040
f 2067/2067 941/941 1266/1266
f 256/256 1040/1040 1391/1391
f 2067/2067 1390/1390 303/303
f 255/255 1223/1223 2057/2057
f 1223/1223 1660/1660 1706/1706
f 1660/1660 987/987 133/133
f 987/987 1809/1809 945/945
f 1776/1776 1266/1266 1684/1684
f 1809/1809 1266/1266 1776/1776
f 987/987 1266/1266 1809/1809
f 1660/1660 1266/1266 987/987
f 1660/1660 2067/2067 1266/1266
f 791/791 1859/1859 2189/2189
f 792/792 2191/2191 1452/1452
f 169/169 172/172 1393/1393
f 258/258 2068/2068 1392/1392
f 258/258 2060/2060 1225/1225
f 1225/1225 1708/1708 1657/1657
f 1657/1657 134/134 989/989
f 989/989 943/943 1807/1807
f 1773/1773 1679/1679 1268/1268
f 1807/1807 1773/1773 1268/1268
f 989/989 1807/1807 1268/1268
f 1657/1657 989/989 1268/1268
f 1657/1657 1268/1268 2068/2068
f 356/356 1013/1013 1014/1014
f 940/940 1518/1518 1264/1264
f 1893/1893 2201/2201 1269/1269
f 2202/2202 2068/2068 1268/1268
f 712/712 718/718 1004/1004
f 1884/1884 819/819 796/796
f 2098/2098 2263/2263 1840/1840
f 2279/2279 1280/1280 2071/2071
f 1197/1197 2022/2022 197/197
f 711/711 720/720 1856/1856
f 711/711 1853/1853 716/716
f 1852/1852 1857/1857 748/748
f 1577/1577 805/805 1694/1694
f 2278/2278 2069/2069 1693/1693
f 805/805 1546/1546 1490/1490
f 1576/1576 1693/1693 2069/2069
f 805/805 2280/2280 1694/1694
f 1577/1577 880/880 1158/1158
f 1158/1158 18/18 954/954
f 954/954 1328/1328 753/753
f 753/753 446/446 926/926
f 343/343 478/478 1546/1546
f 926/926 343/343 1546/1546
f 753/753 926/926 1546/1546
f 954/954 753/753 1546/1546
f 954/954 1546/1546 805/805
f 2254/2254 2024/2024 1699/1699
f 2255/2255 652/652 2025/2025
f 714/714 1691/1691 720/720
f 1575/1575 1155/1155 882/882
f 1155/1155 952/952 16/16
f 952/952 751/751 1327/1327
f 751/751 924/924 443/443
f 342/342 1545/1545 477/477
f 924/924 1545/1545 342/342
f 751/751 1545/1545 924/924
f 952/952 1545/1545 751/751
f 952/952 804/804 1545/1545
f 711/711 1856/1856 1853/1853
f 1489/1489 1549/1549 435/435
f 1371/1371 1544/1544 551/551
f 550/550 1545/1545 804/804
f 805/805 535/535 1646/1646
f 1646/1646 717/717 1854/1854
f 961/961 535/535 375/375
f 2022/2022 657/657 197/197
f 2024/2024 1196/1196 1699/1699
f 819/819 1835/1835 796/796
f 421/421 996/996 889/889
f 421/421 889/889 1797/1797
f 2003/2003 853/853 2014/2014
f 2003/2003 2014/2014 1870/1870
f 1650/1650 2188/2188 359/359
f 1650/1650 359/359 2179/2179
f 1651/1651 2178/2178 367/367
f 1651/1651 367/367 2183/2183
f 853/853 2003/2003 1207/1207
f 853/853 1207/1207 1738/1738
f 359/359 1526/1526 2165/2165
f 359/359 2165/2165 2179/2179
f 367/367 2178/2178 2164/2164
f 367/367 2164/2164 1231/1231
f 1738/1738 1207/1207 2032/2032
f 1738/1738 2032/2032 1517/1517
f 1526/1526 971/971 2198/2198
f 1526/1526 2198/2198 2165/2165
f 1231/1231 2164/2164 2197/2197
f 1231/1231 2197/2197 1584/1584
f 1517/1517 2032/2032 1647/1647
f 1517/1517 1647/1647 2156/2156
f 971/971 2056/2056 2050/2050
f 971/971 2050/2050 2198/2198
f 1584/1584 2197/2197 2051/2051
f 1584/1584 2051/2051 1613/1613
f 1647/1647 1289/1289 2064/2064
f 1647/1647 2064/2064 2156/2156
f 2050/2050 2056/2056 1474/1474
f 2050/2050 1474/1474 383/383
f 1613/1613 2051/2051 382/382
f 1613/1613 382/382 666/666
f 1289/1289 817/817 1901/1901
f 1289/1289 1901/1901 2064/2064
f 383/383 1474/1474 2137/2137
f 383/383 2137/2137 1038/1038
f 382/382 1037/1037 2272/2272
f 382/382 2272/2272 666/666
f 817/817 1858/1858 106/106
f 817/817 106/106 1901/1901
f 1317/1317 404/404 1917/1917
f 1317/1317 1917/1917 101/101
f 1316/1316 102/102 1895/1895
f 1316/1316 1895/1895 2212/2212
f 1262/1262 500/500 1334/1334
f 1262/1262 1334/1334 814/814
f 646/646 1531/1531 688/688
f 646/646 688/688 585/585
f 1316/1316 2212/2212 2272/2272
f 1316/1316 2272/2272 1037/1037
f 1858/1858 1262/1262 814/814
f 1858/1858 814/814 106/106
f 638/638 746/746 1096/1096
f 638/638 1096/1096 324/324
f 639/639 323/323 2090/2090
f 639/639 2090/2090 1497/1497
f 1779/1779 641/641 693/693
f 1779/1779 693/693 863/863
f 1585/1585 238/238 1303/1303
f 1585/1585 1303/1303 1477/1477
f 1586/1586 1478/1478 992/992
f 1586/1586 992/992 1099/1099
f 2219/2219 122/122 1908/1908
f 2219/2219 1908/1908 397/397
f 1537/1537 368/368 1125/1125
f 1537/1537 1125/1125 511/511
f 883/883 510/510 1126/1126
f 883/883 1126/1126 125/125
f 663/663 456/456 207/207
f 663/663 207/207 1076/1076
f 540/540 1515/1515 629/629
f 540/540 629/629 2215/2215
f 1315/1315 1735/1735 1525/1525
f 1315/1315 1525/1525 1144/1144
f 2267/2267 399/399 177/177
f 2267/2267 177/177 1798/1798
f 368/368 1291/1291 968/968
f 368/368 968/968 1125/1125
f 125/125 1126/1126 969/969
f 125/125 969/969 2225/2225
f 456/456 1370/1370 1365/1365
f 456/456 1365/1365 207/207
f 1291/1291 1814/1814 1891/1891
f 1291/1291 1891/1891 968/968
f 969/969 1892/1892 92/92
f 969/969 92/92 2225/2225
f 2276/2276 283/283 1427/1427
f 2276/2276 1427/1427 1169/1169
f 671/671 227/227 1498/1498
f 671/671 1498/1498 1288/1288
f 1166/1166 905/905 2242/2242
f 1166/1166 2242/2242 1061/1061
f 903/903 671/671 1288/1288
f 903/903 1288/1288 1927/1927
f 227/227 1405/1405 2157/2157
f 227/227 2157/2157 1498/1498
f 1405/1405 1598/1598 326/326
f 1405/1405 326/326 2157/2157
f 1598/1598 2033/2033 758/758
f 1598/1598 758/758 326/326
f 2033/2033 2162/2162 1355/1355
f 2033/2033 1355/1355 758/758
f 1355/1355 2162/2162 111/111
f 1355/1355 111/111 644/644
f 644/644 111/111 1436/1436
f 644/644 1436/1436 1110/1110
f 1795/1795 1873/1873 1174/1174
f 1795/1795 1174/1174 2244/2244
f 1794/1794 404/404 2137/2137
f 1794/1794 2137/2137 1111/1111
f 1083/1083 1778/1778 1589/1589
f 1083/1083 1589/1589 1360/1360
f 107/107 386/386 509/509
f 107/107 509/509 94/94
f 637/637 1734/1734 1731/1731
f 637/637 1731/1731 1485/1485
f 1537/1537 291/291 395/395
f 1537/1537 395/395 1486/1486
f 1873/1873 1795/1795 1110/1110
f 1873/1873 1110/1110 1436/1436
f 1485/1485 396/396 1028/1028
f 1485/1485 1028/1028 637/637
f 1191/1191 1801/1801 227/227
f 1191/1191 227/227 671/671
f 905/905 1444/1444 1900/1900
f 905/905 1900/1900 2242/2242
f 1027/1027 1191/1191 671/671
f 1027/1027 671/671 903/903
f 1801/1801 178/178 1405/1405
f 1801/1801 1405/1405 227/227
f 178/178 481/481 1598/1598
f 178/178 1598/1598 1405/1405
f 481/481 1304/1304 2033/2033
f 481/481 2033/2033 1598/1598
f 1304/1304 1620/1620 2162/2162
f 1304/1304 2162/2162 2033/2033
f 2162/2162 1620/1620 1749/1749
f 2162/2162 1749/1749 111/111
f 111/111 1749/1749 688/688
f 111/111 688/688 1436/1436
f 1873/1873 1531/1531 160/160
f 1873/1873 160/160 1174/1174
f 1557/1557 2103/2103 1589/1589
f 1557/1557 1589/1589 1778/1778
f 1084/1084 1337/1337 386/386
f 1084/1084 386/386 107/107
f 1573/1573 745/745 1734/1734
f 1573/1573 1734/1734 637/637
f 1531/1531 1873/1873 1436/1436
f 1531/1531 1436/1436 688/688
f 637/637 1028/1028 629/629
f 637/637 629/629 1573/1573
f 1550/1550 670/670 1801/1801
f 1550/1550 1801/1801 1191/1191
f 524/524 14/14 1900/1900
f 524/524 1900/1900 1444/1444
f 613/613 1550/1550 1191/1191
f 613/613 1191/1191 1027/1027
f 670/670 176/176 178/178
f 670/670 178/178 1801/1801
f 176/176 1599/1599 481/481
f 176/176 481/481 178/178
f 1599/1599 707/707 1304/1304
f 1599/1599 1304/1304 481/481
f 707/707 1332/1332 1620/1620
f 707/707 1620/1620 1304/1304
f 1620/1620 1332/1332 237/237
f 1620/1620 237/237 1749/1749
f 1749/1749 237/237 585/585
f 1749/1749 585/585 688/688
f 1531/1531 646/646 1631/1631
f 1531/1531 1631/1631 160/160
f 1747/1747 2234/2234 2103/2103
f 1747/1747 2103/2103 1557/1557
f 727/727 411/411 1337/1337
f 727/727 1337/1337 1084/1084
f 457/457 15/15 745/745
f 457/457 745/745 1573/1573
f 15/15 454/454 123/123
f 15/15 123/123 745/745
f 124/124 453/453 136/136
f 124/124 136/136 518/518
f 2014/2014 684/684 14/14
f 2014/2014 14/14 524/524
f 853/853 1816/1816 684/684
f 853/853 684/684 2014/2014
f 1738/1738 1829/1829 1816/1816
f 1738/1738 1816/1816 853/853
f 1517/1517 1785/1785 1829/1829
f 1517/1517 1829/1829 1738/1738
f 2156/2156 425/425 1785/1785
f 2156/2156 1785/1785 1517/1517
f 2064/2064 130/130 425/425
f 2064/2064 425/425 2156/2156
f 1901/1901 854/854 130/130
f 1901/1901 130/130 2064/2064
f 106/106 878/878 854/854
f 106/106 854/854 1901/1901
f 1334/1334 1645/1645 1533/1533
f 1334/1334 1533/1533 814/814
f 646/646 585/585 852/852
f 646/646 852/852 2082/2082
f 814/814 1533/1533 878/878
f 814/814 878/878 106/106
f 863/863 1925/1925 223/223
f 863/863 223/223 1779/1779
f 2219/2219 397/397 61/61
f 2219/2219 61/61 46/46
f 670/670 1550/1550 1476/1476
f 670/670 1476/1476 736/736
f 176/176 670/670 736/736
f 176/176 736/736 119/119
f 1599/1599 176/176 119/119
f 1599/1599 119/119 1257/1257
f 707/707 1599/1599 1257/1257
f 707/707 1257/1257 312/312
f 1332/1332 707/707 312/312
f 1332/1332 312/312 465/465
f 237/237 1332/1332 465/465
f 237/237 465/465 333/333
f 585/585 237/237 333/333
f 585/585 333/333 852/852
f 1747/1747 1631/1631 1954/1954
f 1747/1747 1954/1954 997/997
f 727/727 2234/2234 897/897
f 727/727 897/897 2180/2180
f 540/540 1149/1149 2271/2271
f 540/540 2271/2271 1159/1159
f 207/207 1254/1254 2181/2181
f 207/207 2181/2181 1076/1076
f 1365/1365 876/876 1254/1254
f 1365/1365 1254/1254 207/207
f 454/454 15/15 689/689
f 454/454 689/689 2120/2120
f 1159/1159 678/678 1515/1515
f 1159/1159 1515/1515 540/540
f 976/976 689/689 15/15
f 976/976 15/15 457/457
f 451/451 516/516 678/678
f 451/451 678/678 1159/1159
f 2011/2011 124/124 518/518
f 2011/2011 518/518 26/26
f 1734/1734 745/745 123/123
f 1734/1734 123/123 2012/2012
f 1190/1190 615/615 53/53
f 1190/1190 53/53 1150/1150
f 2012/2012 2261/2261 1731/1731
f 2012/2012 1731/1731 1734/1734
f 460/460 282/282 579/579
f 460/460 579/579 33/33
f 1967/1967 704/704 536/536
f 1967/1967 536/536 865/865
f 413/413 1630/1630 406/406
f 413/413 406/406 1384/1384
f 704/704 1189/1189 1607/1607
f 704/704 1607/1607 536/536
f 1189/1189 460/460 33/33
f 1189/1189 33/33 1607/1607
f 282/282 2275/2275 2015/2015
f 282/282 2015/2015 579/579
f 816/816 1420/1420 2015/2015
f 816/816 2015/2015 2275/2275
f 815/815 818/818 374/374
f 815/815 374/374 412/412
f 412/412 374/374 528/528
f 412/412 528/528 1629/1629
f 1189/1189 704/704 1754/1754
f 1189/1189 1754/1754 616/616
f 52/52 1524/1524 2224/2224
f 52/52 2224/2224 601/601
f 2208/2208 2195/2195 2163/2163
f 2208/2208 2163/2163 499/499
f 327/327 1020/1020 145/145
f 327/327 145/145 429/429
f 1427/1427 1846/1846 347/347
f 1427/1427 347/347 429/429
f 1846/1846 1150/1150 1643/1643
f 1846/1846 1643/1643 347/347
f 1128/1128 1454/1454 1643/1643
f 1128/1128 1643/1643 602/602
f 145/145 1020/1020 730/730
f 145/145 730/730 1488/1488
f 1282/1282 1953/1953 2182/2182
f 1282/1282 2182/2182 1102/1102
f 1127/1127 2237/2237 1814/1814
f 1127/1127 1814/1814 1844/1844
f 1916/1916 1529/1529 92/92
f 1916/1916 92/92 1892/1892
f 327/327 2093/2093 518/518
f 327/327 518/518 136/136
f 2093/2093 1454/1454 26/26
f 2093/2093 26/26 518/518
f 453/453 2119/2119 1285/1285
f 453/453 1285/1285 136/136
f 2260/2260 2011/2011 26/26
f 2260/2260 26/26 1845/1845
f 1285/1285 2119/2119 875/875
f 1285/1285 875/875 631/631
f 1880/1880 1364/1364 1369/1369
f 1880/1880 1369/1369 501/501
f 1163/1163 1062/1062 2049/2049
f 1163/1163 2049/2049 1051/1051
f 34/34 578/578 612/612
f 34/34 612/612 38/38
f 867/867 537/537 390/390
f 867/867 390/390 389/389
f 1385/1385 408/408 410/410
f 1385/1385 410/410 1383/1383
f 537/537 1608/1608 1703/1703
f 537/537 1703/1703 390/390
f 1608/1608 34/34 38/38
f 1608/1608 38/38 1703/1703
f 578/578 2016/2016 1926/1926
f 578/578 1926/1926 612/612
f 2016/2016 1421/1421 1469/1469
f 2016/2016 1469/1469 1926/1926
f 617/617 157/157 281/281
f 617/617 281/281 338/338
f 756/756 2020/2020 1527/1527
f 756/756 1527/1527 2035/2035
f 642/642 803/803 2211/2211
f 642/642 2211/2211 1357/1357
f 1109/1109 622/622 156/156
f 1109/1109 156/156 618/618
f 557/557 1762/1762 622/622
f 557/557 622/622 1109/1109
f 2238/2238 1149/1149 1762/1762
f 2238/2238 1762/1762 557/557
f 2211/2211 803/803 81/81
f 2211/2211 81/81 1985/1985
f 2238/2238 411/411 1399/1399
f 2238/2238 1399/1399 398/398
f 93/93 238/238 1096/1096
f 93/93 1096/1096 1361/1361
f 1586/1586 1099/1099 2090/2090
f 1586/1586 2090/2090 323/323
f 122/122 2219/2219 863/863
f 122/122 863/863 693/693
f 107/107 94/94 1360/1360
f 107/107 1360/1360 1589/1589
f 1084/1084 107/107 1589/1589
f 1084/1084 1589/1589 2103/2103
f 2234/2234 727/727 1084/1084
f 2234/2234 1084/1084 2103/2103
f 863/863 2219/2219 46/46
f 863/863 46/46 1925/1925
f 2234/2234 1747/1747 997/997
f 2234/2234 997/997 897/897
f 1082/1082 746/746 1917/1917
f 1082/1082 1917/1917 2245/2245
f 639/639 1497/1497 1895/1895
f 639/639 1895/1895 102/102
f 641/641 1779/1779 1334/1334
f 641/641 1334/1334 500/500
f 1778/1778 1083/1083 2244/2244
f 1778/1778 2244/2244 1174/1174
f 1557/1557 1778/1778 1174/1174
f 1557/1557 1174/1174 160/160
f 1747/1747 1557/1557 160/160
f 1747/1747 160/160 1631/1631
f 1779/1779 223/223 1645/1645
f 1779/1779 1645/1645 1334/1334
f 646/646 2082/2082 1954/1954
f 646/646 1954/1954 1631/1631
f 1515/1515 457/457 1573/1573
f 1515/1515 1573/1573 629/629
f 510/510 883/883 1735/1735
f 510/510 1735/1735 1315/1315
f 2267/2267 663/663 1076/1076
f 2267/2267 1076/1076 399/399
f 1314/1314 1143/1143 1435/1435
f 1314/1314 1435/1435 291/291
f 396/396 1410/1410 1936/1936
f 396/396 1936/1936 1028/1028
f 1028/1028 1936/1936 2215/2215
f 1028/1028 2215/2215 629/629
f 678/678 976/976 457/457
f 678/678 457/457 1515/1515
f 399/399 1076/1076 2181/2181
f 399/399 2181/2181 516/516
f 1651/1651 2183/2183 206/206
f 1651/1651 206/206 1796/1796
f 903/903 1927/1927 1061/1061
f 903/903 1061/1061 2242/2242
f 1027/1027 903/903 2242/2242
f 1027/1027 2242/2242 1900/1900
f 613/613 1027/1027 1900/1900
f 613/613 1900/1900 14/14
f 684/684 1476/1476 613/613
f 684/684 613/613 14/14
f 1816/1816 736/736 1476/1476
f 1816/1816 1476/1476 684/684
f 1829/1829 119/119 736/736
f 1829/1829 736/736 1816/1816
f 1257/1257 119/119 1829/1829
f 1257/1257 1829/1829 1785/1785
f 312/312 1257/1257 1785/1785
f 312/312 1785/1785 425/425
f 465/465 312/312 425/425
f 465/465 425/425 130/130
f 333/333 465/465 130/130
f 333/333 130/130 854/854
f 878/878 852/852 333/333
f 878/878 333/333 854/854
f 1645/1645 1954/1954 2082/2082
f 1645/1645 2082/2082 1533/1533
f 2082/2082 852/852 878/878
f 2082/2082 878/878 1533/1533
f 897/897 997/997 223/223
f 897/897 223/223 1925/1925
f 398/398 1399/1399 61/61
f 398/398 61/61 1985/1985
f 1254/1254 689/689 976/976
f 1254/1254 976/976 2181/2181
f 876/876 2120/2120 689/689
f 876/876 689/689 1254/1254
f 177/177 399/399 516/516
f 177/177 516/516 451/451
f 413/413 1384/1384 1420/1420
f 413/413 1420/1420 816/816
f 815/815 2276/2276 1169/1169
f 815/815 1169/1169 818/818
f 1880/1880 1953/1953 730/730
f 1880/1880 730/730 631/631
f 1364/1364 1880/1880 631/631
f 1364/1364 631/631 875/875
f 1421/1421 1385/1385 1383/1383
f 1421/1421 1383/1383 1469/1469
f 1159/1159 2271/2271 81/81
f 1159/1159 81/81 451/451
f 2180/2180 897/897 1925/1925
f 2180/2180 1925/1925 46/46
f 997/997 1954/1954 1645/1645
f 997/997 1645/1645 223/223
f 976/976 678/678 516/516
f 976/976 516/516 2181/2181
f 1928/1928 996/996 2049/2049
f 1928/1928 2049/2049 1062/1062
f 1499/1499 2188/2188 889/889
f 1499/1499 889/889 1287/1287
f 420/420 1796/1796 206/206
f 420/420 206/206 2004/2004
f 136/136 1285/1285 1020/1020
f 136/136 1020/1020 327/327
f 1845/1845 26/26 1454/1454
f 1845/1845 1454/1454 1128/1128
f 1020/1020 1285/1285 631/631
f 1020/1020 631/631 730/730
f 1953/1953 1880/1880 501/501
f 1953/1953 501/501 2182/2182
f 601/601 2224/2224 2237/2237
f 601/601 2237/2237 1127/1127
f 499/499 2163/2163 1529/1529
f 499/499 1529/1529 1916/1916
f 429/429 347/347 2093/2093
f 429/429 2093/2093 327/327
f 347/347 1643/1643 1454/1454
f 347/347 1454/1454 2093/2093
f 1953/1953 1282/1282 1488/1488
f 1953/1953 1488/1488 730/730
f 429/429 145/145 1169/1169
f 429/429 1169/1169 1427/1427
f 602/602 1643/1643 1150/1150
f 602/602 1150/1150 53/53
f 818/818 1488/1488 1282/1282
f 818/818 1282/1282 374/374
f 1282/1282 1102/1102 528/528
f 1282/1282 528/528 374/374
f 614/614 1753/1753 1524/1524
f 614/614 1524/1524 52/52
f 702/702 1966/1966 2195/2195
f 702/702 2195/2195 2208/2208
f 283/283 461/461 1846/1846
f 283/283 1846/1846 1427/1427
f 461/461 1190/1190 1150/1150
f 461/461 1150/1150 1846/1846
f 1169/1169 145/145 1488/1488
f 1169/1169 1488/1488 818/818
f 1149/1149 2238/2238 398/398
f 1149/1149 398/398 2271/2271
f 157/157 1411/1411 1435/1435
f 157/157 1435/1435 281/281
f 1144/1144 1525/1525 2020/2020
f 1144/1144 2020/2020 756/756
f 1798/1798 177/177 803/803
f 1798/1798 803/803 642/642
f 622/622 1936/1936 1410/1410
f 622/622 1410/1410 156/156
f 1762/1762 2215/2215 1936/1936
f 1762/1762 1936/1936 622/622
f 1149/1149 540/540 2215/2215
f 1149/1149 2215/2215 1762/1762
f 803/803 177/177 451/451
f 803/803 451/451 81/81
f 2271/2271 398/398 1985/1985
f 2271/2271 1985/1985 81/81
f 508/508 617/617 338/338
f 508/508 338/338 1303/1303
f 2035/2035 1527/1527 992/992
f 2035/2035 992/992 1478/1478
f 1357/1357 2211/2211 397/397
f 1357/1357 397/397 1908/1908
f 386/386 1109/1109 618/618
f 386/386 618/618 509/509
f 1337/1337 557/557 1109/1109
f 1337/1337 1109/1109 386/386
f 411/411 2238/2238 557/557
f 411/411 557/557 1337/1337
f 397/397 2211/2211 1985/1985
f 397/397 1985/1985 61/61
f 411/411 727/727 2180/2180
f 411/411 2180/2180 1399/1399
f 1399/1399 2180/2180 46/46
f 1399/1399 46/46 61/61
f 996/996 1928/1928 1287/1287
f 996/996 1287/1287 889/889
f 2188/2188 1499/1499 2158/2158
f 2188/2188 2158/2158 359/359
f 2158/2158 325/325 1526/1526
f 2158/2158 1526/1526 359/359
f 325/325 757/757 971/971
f 325/325 971/971 1526/1526
f 757/757 1356/1356 2056/2056
f 757/757 2056/2056 971/971
f 2056/2056 1356/1356 645/645
f 2056/2056 645/645 1474/1474
f 1474/1474 645/645 1111/1111
f 1474/1474 1111/1111 2137/2137
f 404/404 1794/1794 2245/2245
f 404/404 2245/2245 1917/1917
f 746/746 1082/1082 1361/1361
f 746/746 1361/1361 1096/1096
f 93/93 508/508 1303/1303
f 93/93 1303/1303 238/238
f 1486/1486 1730/1730 368/368
f 1486/1486 368/368 1537/1537
f 1730/1730 2262/2262 1291/1291
f 1730/1730 1291/1291 368/368
f 1291/1291 2262/2262 1844/1844
f 1291/1291 1844/1844 1814/1814
f 404/404 1317/1317 1038/1038
f 404/404 1038/1038 2137/2137
f 511/511 1314/1314 291/291
f 511/511 291/291 1537/1537
f 2207/2207 498/498 2224/2224
f 2207/2207 2224/2224 1524/1524
f 1915/1915 1891/1891 1814/1814
f 1915/1915 1814/1814 2237/2237
f 755/755 2034/2034 338/338
f 755/755 338/338 281/281
f 238/238 1585/1585 324/324
f 238/238 324/324 1096/1096
f 746/746 638/638 101/101
f 746/746 101/101 1917/1917
f 1411/1411 395/395 291/291
f 1411/1411 291/291 1435/1435
f 996/996 421/421 1051/1051
f 996/996 1051/1051 2049/2049
f 2188/2188 1650/1650 1797/1797
f 2188/2188 1797/1797 889/889
f 498/498 1915/1915 2237/2237
f 498/498 2237/2237 2224/2224
f 1753/1753 703/703 2207/2207
f 1753/1753 2207/2207 1524/1524
f 1143/1143 755/755 281/281
f 1143/1143 281/281 1435/1435
f 2034/2034 1477/1477 1303/1303
f 2034/2034 1303/1303 338/338
f 1667/1667 794/794 2159/2159
f 1667/1667 2159/2159 995/995
f 1056/1056 1129/1129 2003/2003
f 1056/1056 2003/2003 1870/1870
f 1937/1937 1173/1173 664/664
f 1937/1937 664/664 1177/1177
f 367/367 1172/1172 1938/1938
f 367/367 1938/1938 2183/2183
f 1129/1129 1739/1739 1207/1207
f 1129/1129 1207/1207 2003/2003
f 1161/1161 1843/1843 664/664
f 1161/1161 664/664 1173/1173
f 367/367 1231/1231 1160/1160
f 367/367 1160/1160 1172/1172
f 1739/1739 1516/1516 2032/2032
f 1739/1739 2032/2032 1207/1207
f 330/330 1236/1236 1843/1843
f 330/330 1843/1843 1161/1161
f 1231/1231 1584/1584 329/329
f 1231/1231 329/329 1160/1160
f 1516/1516 2155/2155 1647/1647
f 1516/1516 1647/1647 2032/2032
f 162/162 1089/1089 1236/1236
f 162/162 1236/1236 330/330
f 1584/1584 1613/1613 163/163
f 1584/1584 163/163 329/329
f 2063/2063 1289/1289 1647/1647
f 2063/2063 1647/1647 2155/2155
f 162/162 1624/1624 1777/1777
f 162/162 1777/1777 1089/1089
f 1613/1613 666/666 1623/1623
f 1613/1613 1623/1623 163/163
f 179/179 817/817 1289/1289
f 179/179 1289/1289 2063/2063
f 1624/1624 2274/2274 1146/1146
f 1624/1624 1146/1146 1777/1777
f 2272/2272 2273/2273 1623/1623
f 2272/2272 1623/1623 666/666
f 2076/2076 1858/1858 817/817
f 2076/2076 817/817 179/179
f 1737/1737 1388/1388 921/921
f 1737/1737 921/921 782/782
f 1895/1895 1389/1389 1736/1736
f 1895/1895 1736/1736 2212/2212
f 1333/1333 500/500 1262/1262
f 1333/1333 1262/1262 813/813
f 1948/1948 1849/1849 906/906
f 1948/1948 906/906 586/586
f 2272/2272 2212/2212 1736/1736
f 2272/2272 1736/1736 2273/2273
f 1858/1858 2076/2076 813/813
f 1858/1858 813/813 1262/1262
f 1023/1023 1580/1580 80/80
f 1023/1023 80/80 2013/2013
f 2090/2090 1579/1579 1024/1024
f 2090/2090 1024/1024 1497/1497
f 771/771 1134/1134 693/693
f 771/771 693/693 641/641
f 634/634 512/512 320/320
f 634/634 320/320 1514/1514
f 992/992 513/513 635/635
f 992/992 635/635 1099/1099
f 1219/1219 781/781 1908/1908
f 1219/1219 1908/1908 122/122
f 1408/1408 665/665 936/936
f 1408/1408 936/936 2154/2154
f 883/883 125/125 1409/1409
f 883/883 1409/1409 2153/2153
f 208/208 456/456 663/663
f 208/208 663/663 1077/1077
f 1804/1804 228/228 2248/2248
f 1804/1804 2248/2248 1815/1815
f 1525/1525 1735/1735 733/733
f 1525/1525 733/733 581/581
f 493/493 400/400 2267/2267
f 493/493 2267/2267 1798/1798
f 1232/1232 701/701 665/665
f 1232/1232 665/665 1408/1408
f 125/125 2225/2225 1233/1233
f 125/125 1233/1233 1409/1409
f 1363/1363 1370/1370 456/456
f 1363/1363 456/456 208/208
f 2176/2176 1185/1185 701/701
f 2176/2176 701/701 1232/1232
f 92/92 2177/2177 1233/1233
f 92/92 1233/1233 2225/2225
f 1696/1696 164/164 832/832
f 1696/1696 832/832 1932/1932
f 1887/1887 1509/1509 1924/1924
f 1887/1887 1924/1924 1563/1563
f 1166/1166 1063/1063 1251/1251
f 1166/1166 1251/1251 905/905
f 1563/1563 1924/1924 904/904
f 1563/1563 904/904 1929/1929
f 1123/1123 430/430 1509/1509
f 1123/1123 1509/1509 1887/1887
f 1582/1582 643/643 430/430
f 1582/1582 430/430 1123/1123
f 1070/1070 25/25 643/643
f 1070/1070 643/643 1582/1582
f 1633/1633 161/161 25/25
f 1633/1633 25/25 1070/1070
f 1633/1633 2268/2268 427/427
f 1633/1633 427/427 161/161
f 2268/2268 1381/1381 455/455
f 2268/2268 455/455 427/427
f 788/788 1649/1649 1473/1473
f 788/788 1473/1473 884/884
f 789/789 1382/1382 1146/1146
f 789/789 1146/1146 782/782
f 1331/1331 1637/1637 1001/1001
f 1331/1331 1001/1001 770/770
f 772/772 676/676 424/424
f 772/772 424/424 1789/1789
f 1994/1994 1121/1121 2266/2266
f 1994/1994 2266/2266 885/885
f 680/680 596/596 936/936
f 680/680 936/936 886/886
f 884/884 455/455 1381/1381
f 884/884 1381/1381 788/788
f 416/416 681/681 885/885
f 416/416 885/885 2266/2266
f 1509/1509 795/795 214/214
f 1509/1509 214/214 1924/1924
f 905/905 1251/1251 902/902
f 905/905 902/902 1444/1444
f 1924/1924 214/214 1379/1379
f 1924/1924 1379/1379 904/904
f 430/430 1470/1470 795/795
f 430/430 795/795 1509/1509
f 643/643 1763/1763 1470/1470
f 643/643 1470/1470 430/430
f 25/25 1583/1583 1763/1763
f 25/25 1763/1763 643/643
f 161/161 1914/1914 1583/1583
f 161/161 1583/1583 25/25
f 161/161 427/427 2017/2017
f 161/161 2017/2017 1914/1914
f 427/427 455/455 1948/1948
f 427/427 1948/1948 2017/2017
f 884/884 1473/1473 1441/1441
f 884/884 1441/1441 1849/1849
f 1001/1001 103/103 607/607
f 1001/1001 607/607 770/770
f 676/676 351/351 28/28
f 676/676 28/28 424/424
f 1121/1121 994/994 1872/1872
f 1121/1121 1872/1872 2266/2266
f 1849/1849 1948/1948 455/455
f 1849/1849 455/455 884/884
f 2248/2248 416/416 2266/2266
f 2248/2248 2266/2266 1872/1872
f 795/795 24/24 1939/1939
f 795/795 1939/1939 214/214
f 902/902 13/13 524/524
f 902/902 524/524 1444/1444
f 214/214 1939/1939 1869/1869
f 214/214 1869/1869 1379/1379
f 1470/1470 1860/1860 24/24
f 1470/1470 24/24 795/795
f 1763/1763 1600/1600 1860/1860
f 1763/1763 1860/1860 1470/1470
f 1583/1583 708/708 1600/1600
f 1583/1583 1600/1600 1763/1763
f 1914/1914 1044/1044 708/708
f 1914/1914 708/708 1583/1583
f 1914/1914 2017/2017 236/236
f 1914/1914 236/236 1044/1044
f 2017/2017 1948/1948 586/586
f 2017/2017 586/586 236/236
f 1849/1849 1441/1441 1073/1073
f 1849/1849 1073/1073 906/906
f 103/103 1241/1241 750/750
f 103/103 750/750 607/607
f 351/351 687/687 1029/1029
f 351/351 1029/1029 28/28
f 994/994 1986/1986 1744/1744
f 994/994 1744/1744 1872/1872
f 811/811 737/737 1986/1986
f 811/811 1986/1986 994/994
f 810/810 780/780 1817/1817
f 810/810 1817/1817 738/738
f 13/13 1943/1943 1056/1056
f 13/13 1056/1056 524/524
f 1943/1943 2094/2094 1129/1129
f 1943/1943 1129/1129 1056/1056
f 2094/2094 1830/1830 1739/1739
f 2094/2094 1739/1739 1129/1129
f 1830/1830 1784/1784 1516/1516
f 1830/1830 1516/1516 1739/1739
f 1784/1784 426/426 2155/2155
f 1784/1784 2155/2155 1516/1516
f 426/426 131/131 2063/2063
f 426/426 2063/2063 2155/2155
f 131/131 855/855 179/179
f 131/131 179/179 2063/2063
f 855/855 877/877 2076/2076
f 855/855 2076/2076 179/179
f 1534/1534 1644/1644 1333/1333
f 1534/1534 1333/1333 813/813
f 906/906 71/71 851/851
f 906/906 851/851 586/586
f 877/877 1534/1534 813/813
f 877/877 813/813 2076/2076
f 1504/1504 928/928 1134/1134
f 1504/1504 1134/1134 771/771
f 1219/1219 1349/1349 385/385
f 1219/1219 385/385 781/781
f 24/24 114/114 507/507
f 24/24 507/507 1939/1939
f 1860/1860 1811/1811 114/114
f 1860/1860 114/114 24/24
f 1600/1600 1256/1256 1811/1811
f 1600/1600 1811/1811 1860/1860
f 708/708 311/311 1256/1256
f 708/708 1256/1256 1600/1600
f 1044/1044 464/464 311/311
f 1044/1044 311/311 708/708
f 236/236 334/334 464/464
f 236/236 464/464 1044/1044
f 586/586 851/851 334/334
f 586/586 334/334 236/236
f 750/750 2249/2249 970/970
f 750/750 970/970 1073/1073
f 1029/1029 1175/1175 298/298
f 1029/1029 298/298 1241/1241
f 1804/1804 1453/1453 1286/1286
f 1804/1804 1286/1286 583/583
f 208/208 1077/1077 1871/1871
f 208/208 1871/1871 950/950
f 950/950 1434/1434 1363/1363
f 950/950 1363/1363 208/208
f 737/737 1802/1802 384/384
f 737/737 384/384 1986/1986
f 1815/1815 677/677 1453/1453
f 1815/1815 1453/1453 1804/1804
f 1986/1986 384/384 977/977
f 1986/1986 977/977 1744/1744
f 677/677 517/517 2121/2121
f 677/677 2121/2121 1453/1453
f 1400/1400 345/345 780/780
f 1400/1400 780/780 810/810
f 1121/1121 1401/1401 811/811
f 1121/1121 811/811 994/994
f 1496/1496 1439/1439 1230/1230
f 1496/1496 1230/1230 2232/2232
f 1401/1401 1121/1121 1994/1994
f 1401/1401 1994/1994 300/300
f 1745/1745 36/36 1832/1832
f 1745/1745 1832/1832 1931/1931
f 1968/1968 866/866 539/539
f 1968/1968 539/539 77/77
f 1661/1661 419/419 407/407
f 1661/1661 407/407 1628/1628
f 77/77 539/539 1610/1610
f 77/77 1610/1610 1495/1495
f 1495/1495 1610/1610 36/36
f 1495/1495 36/36 1745/1745
f 1931/1931 1832/1832 1058/1058
f 1931/1931 1058/1058 1695/1695
f 1058/1058 450/450 204/204
f 1058/1058 204/204 1695/1695
f 1621/1621 1103/1103 205/205
f 1621/1621 205/205 1662/1662
f 528/528 1621/1621 1662/1662
f 528/528 1662/1662 1629/1629
f 1495/1495 2233/2233 272/272
f 1495/1495 272/272 77/77
f 259/259 927/927 1229/1229
f 259/259 1229/1229 1751/1751
f 2163/2163 2195/2195 216/216
f 2163/2163 216/216 2143/2143
f 1428/1428 1275/1275 1979/1979
f 1428/1428 1979/1979 808/808
f 2006/2006 2118/2118 832/832
f 2006/2006 832/832 808/808
f 1935/1935 1439/1439 2118/2118
f 1935/1935 2118/2118 2006/2006
f 1935/1935 1752/1752 555/555
f 1935/1935 555/555 1750/1750
f 1428/1428 896/896 1030/1030
f 1428/1428 1030/1030 1275/1275
f 308/308 1102/1102 2182/2182
f 308/308 2182/2182 2228/2228
f 1185/1185 1641/1641 554/554
f 1185/1185 554/554 1209/1209
f 92/92 1529/1529 1310/1310
f 92/92 1310/1310 2177/2177
f 780/780 1483/1483 1979/1979
f 780/780 1979/1979 1817/1817
f 345/345 1752/1752 1483/1483
f 345/345 1483/1483 780/780
f 1561/1561 1803/1803 738/738
f 1561/1561 738/738 1817/1817
f 345/345 1400/1400 299/299
f 345/345 299/299 1208/1208
f 1561/1561 630/630 1433/1433
f 1561/1561 1433/1433 1803/1803
f 1881/1881 501/501 1369/1369
f 1881/1881 1369/1369 1362/1362
f 1162/1162 1053/1053 1085/1085
f 1162/1162 1085/1085 1064/1064
f 35/35 37/37 1867/1867
f 35/35 1867/1867 1831/1831
f 864/864 388/388 391/391
f 864/864 391/391 538/538
f 418/418 417/417 409/409
f 418/418 409/409 405/405
f 538/538 391/391 1704/1704
f 538/538 1704/1704 1609/1609
f 1609/1609 1704/1704 37/37
f 1609/1609 37/37 35/35
f 1831/1831 1867/1867 933/933
f 1831/1831 933/933 1057/1057
f 1057/1057 933/933 482/482
f 1057/1057 482/482 449/449
f 2236/2236 731/731 1528/1528
f 2236/2236 1528/1528 1850/1850
f 1527/1527 2020/2020 1068/1068
f 1527/1527 1068/1068 142/142
f 1198/1198 1092/1092 642/642
f 1198/1198 642/642 1357/1357
f 1380/1380 2235/2235 1851/1851
f 1380/1380 1851/1851 2239/2239
f 915/915 1380/1380 2239/2239
f 915/915 2239/2239 2031/2031
f 1249/1249 915/915 2031/2031
f 1249/1249 2031/2031 583/583
f 1198/1198 1984/1984 1373/1373
f 1198/1198 1373/1373 1092/1092
f 1249/1249 1652/1652 428/428
f 1249/1249 428/428 687/687
f 80/80 1514/1514 1790/1790
f 80/80 1790/1790 1638/1638
f 2090/2090 1099/1099 635/635
f 2090/2090 635/635 1579/1579
f 1134/1134 1219/1219 122/122
f 1134/1134 122/122 693/693
f 1637/1637 1789/1789 424/424
f 1637/1637 424/424 1001/1001
f 1001/1001 424/424 28/28
f 1001/1001 28/28 103/103
f 1241/1241 103/103 28/28
f 1241/1241 28/28 1029/1029
f 1134/1134 928/928 1349/1349
f 1134/1134 1349/1349 1219/1219
f 1241/1241 298/298 2249/2249
f 1241/1241 2249/2249 750/750
f 921/921 2013/2013 1330/1330
f 921/921 1330/1330 1648/1648
f 1895/1895 1497/1497 1024/1024
f 1895/1895 1024/1024 1389/1389
f 1333/1333 771/771 641/641
f 1333/1333 641/641 500/500
f 1649/1649 1331/1331 770/770
f 1649/1649 770/770 1473/1473
f 1473/1473 770/770 607/607
f 1473/1473 607/607 1441/1441
f 1441/1441 607/607 750/750
f 1441/1441 750/750 1073/1073
f 1644/1644 1504/1504 771/771
f 1644/1644 771/771 1333/1333
f 970/970 71/71 906/906
f 970/970 906/906 1073/1073
f 1815/1815 2248/2248 1872/1872
f 1815/1815 1872/1872 1744/1744
f 1735/1735 883/883 2153/2153
f 1735/1735 2153/2153 733/733
f 2267/2267 400/400 1077/1077
f 2267/2267 1077/1077 663/663
f 732/732 596/596 452/452
f 732/732 452/452 580/580
f 681/681 416/416 2218/2218
f 681/681 2218/2218 1721/1721
f 416/416 2248/2248 228/228
f 416/416 228/228 2218/2218
f 677/677 1815/1815 1744/1744
f 677/677 1744/1744 977/977
f 400/400 517/517 1871/1871
f 400/400 1871/1871 1077/1077
f 1938/1938 793/793 206/206
f 1938/1938 206/206 2183/2183
f 1063/1063 1929/1929 904/904
f 1063/1063 904/904 1251/1251
f 1251/1251 904/904 1379/1379
f 1251/1251 1379/1379 902/902
f 902/902 1379/1379 1869/1869
f 902/902 1869/1869 13/13
f 1943/1943 13/13 1869/1869
f 1943/1943 1869/1869 507/507
f 2094/2094 1943/1943 507/507
f 2094/2094 507/507 114/114
f 1830/1830 2094/2094 114/114
f 1830/1830 114/114 1811/1811
f 1830/1830 1811/1811 1256/1256
f 1830/1830 1256/1256 1784/1784
f 1784/1784 1256/1256 311/311
f 1784/1784 311/311 426/426
f 426/426 311/311 464/464
f 426/426 464/464 131/131
f 131/131 464/464 334/334
f 131/131 334/334 855/855
f 877/877 855/855 334/334
f 877/877 334/334 851/851
f 1644/1644 1534/1534 71/71
f 1644/1644 71/71 970/970
f 877/877 851/851 71/71
f 877/877 71/71 1534/1534
f 1504/1504 2249/2249 298/298
f 1504/1504 298/298 928/928
f 385/385 428/428 1652/1652
f 385/385 1652/1652 1984/1984
f 950/950 1871/1871 977/977
f 950/950 977/977 384/384
f 1434/1434 950/950 384/384
f 1434/1434 384/384 1802/1802
f 517/517 400/400 493/493
f 517/517 493/493 2121/2121
f 450/450 419/419 1661/1661
f 450/450 1661/1661 204/204
f 205/205 1103/1103 164/164
f 205/205 164/164 1696/1696
f 1030/1030 2228/2228 1881/1881
f 1030/1030 1881/1881 630/630
f 630/630 1881/1881 1362/1362
f 630/630 1362/1362 1433/1433
f 449/449 482/482 417/417
f 449/449 417/417 418/418
f 1373/1373 1286/1286 1453/1453
f 1373/1373 1453/1453 2121/2121
f 928/928 298/298 1175/1175
f 928/928 1175/1175 1349/1349
f 1644/1644 970/970 2249/2249
f 1644/1644 2249/2249 1504/1504
f 517/517 677/677 977/977
f 517/517 977/977 1871/1871
f 1085/1085 995/995 1930/1930
f 1085/1085 1930/1930 1064/1064
f 2159/2159 1177/1177 1888/1888
f 2159/2159 1888/1888 1562/1562
f 1666/1666 2004/2004 206/206
f 1666/1666 206/206 793/793
f 1275/1275 1561/1561 1817/1817
f 1275/1275 1817/1817 1979/1979
f 1752/1752 345/345 1208/1208
f 1752/1752 1208/1208 555/555
f 1275/1275 1030/1030 630/630
f 1275/1275 630/630 1561/1561
f 2228/2228 2182/2182 501/501
f 2228/2228 501/501 1881/1881
f 1641/1641 259/259 1751/1751
f 1641/1641 1751/1751 554/554
f 1529/1529 2163/2163 2143/2143
f 1529/1529 2143/2143 1310/1310
f 1483/1483 2006/2006 808/808
f 1483/1483 808/808 1979/1979
f 1752/1752 1935/1935 2006/2006
f 1752/1752 2006/2006 1483/1483
f 2228/2228 1030/1030 896/896
f 2228/2228 896/896 308/308
f 164/164 1428/1428 808/808
f 164/164 808/808 832/832
f 1439/1439 1935/1935 1750/1750
f 1439/1439 1750/1750 1230/1230
f 1103/1103 1621/1621 308/308
f 1103/1103 308/308 896/896
f 528/528 1102/1102 308/308
f 528/528 308/308 1621/1621
f 927/927 271/271 2231/2231
f 927/927 2231/2231 1229/1229
f 2195/2195 1966/1966 75/75
f 2195/2195 75/75 216/216
f 2118/2118 1746/1746 1932/1932
f 2118/2118 1932/1932 832/832
f 1439/1439 1496/1496 1746/1746
f 1439/1439 1746/1746 2118/2118
f 164/164 1103/1103 896/896
f 164/164 896/896 1428/1428
f 583/583 1286/1286 1652/1652
f 583/583 1652/1652 1249/1249
f 1850/1850 1528/1528 452/452
f 1850/1850 452/452 1720/1720
f 2020/2020 1525/1525 581/581
f 2020/2020 581/581 1068/1068
f 1092/1092 493/493 1798/1798
f 1092/1092 1798/1798 642/642
f 2239/2239 1851/1851 1721/1721
f 2239/2239 1721/1721 2218/2218
f 2031/2031 2239/2239 2218/2218
f 2031/2031 2218/2218 228/228
f 583/583 2031/2031 228/228
f 583/583 228/228 1804/1804
f 1092/1092 1373/1373 2121/2121
f 1092/1092 2121/2121 493/493
f 1286/1286 1373/1373 1984/1984
f 1286/1286 1984/1984 1652/1652
f 773/773 320/320 731/731
f 773/773 731/731 2236/2236
f 992/992 1527/1527 142/142
f 992/992 142/142 513/513
f 781/781 1198/1198 1357/1357
f 781/781 1357/1357 1908/1908
f 676/676 772/772 2235/2235
f 676/676 2235/2235 1380/1380
f 351/351 676/676 1380/1380
f 351/351 1380/1380 915/915
f 687/687 351/351 915/915
f 687/687 915/915 1249/1249
f 781/781 385/385 1984/1984
f 781/781 1984/1984 1198/1198
f 687/687 428/428 1175/1175
f 687/687 1175/1175 1029/1029
f 428/428 385/385 1349/1349
f 428/428 1349/1349 1175/1175
f 995/995 2159/2159 1562/1562
f 995/995 1562/1562 1930/1930
f 1177/1177 664/664 1124/1124
f 1177/1177 1124/1124 1888/1888
f 1843/1843 1581/1581 1124/1124
f 1843/1843 1124/1124 664/664
f 1236/1236 1069/1069 1581/1581
f 1236/1236 1581/1581 1843/1843
f 1089/1089 1632/1632 1069/1069
f 1089/1089 1069/1069 1236/1236
f 1089/1089 1777/1777 2269/2269
f 1089/1089 2269/2269 1632/1632
f 1777/1777 1146/1146 1382/1382
f 1777/1777 1382/1382 2269/2269
f 782/782 921/921 1648/1648
f 782/782 1648/1648 789/789
f 2013/2013 80/80 1638/1638
f 2013/2013 1638/1638 1330/1330
f 320/320 773/773 1790/1790
f 320/320 1790/1790 1514/1514
f 665/665 1993/1993 886/886
f 665/665 886/886 936/936
f 701/701 301/301 1993/1993
f 701/701 1993/1993 665/665
f 701/701 1185/1185 1209/1209
f 701/701 1209/1209 301/301
f 782/782 1146/1146 2274/2274
f 782/782 2274/2274 1737/1737
f 596/596 732/732 2154/2154
f 596/596 2154/2154 936/936
f 259/259 2142/2142 215/215
f 259/259 215/215 927/927
f 1185/1185 2176/2176 1309/1309
f 1185/1185 1309/1309 1641/1641
f 731/731 141/141 1067/1067
f 731/731 1067/1067 1528/1528
f 1514/1514 80/80 1580/1580
f 1514/1514 1580/1580 634/634
f 2013/2013 921/921 1388/1388
f 2013/2013 1388/1388 1023/1023
f 596/596 680/680 1720/1720
f 596/596 1720/1720 452/452
f 995/995 1085/1085 1053/1053
f 995/995 1053/1053 1667/1667
f 1177/1177 2159/2159 794/794
f 1177/1177 794/794 1937/1937
f 1641/1641 1309/1309 2142/2142
f 1641/1641 2142/2142 259/259
f 271/271 927/927 215/215
f 271/271 215/215 76/76
f 1528/1528 1067/1067 580/580
f 1528/1528 580/580 452/452
f 320/320 512/512 141/141
f 320/320 141/141 731/731
f 60/60 1862/1862 1479/1479
f 60/60 1479/1479 394/394
f 1612/1612 230/230 1625/1625
f 1612/1612 1625/1625 787/787
f 1709/1709 166/166 740/740
f 1709/1709 740/740 1443/1443
f 2277/2277 165/165 1710/1710
f 2277/2277 1710/1710 469/469
f 230/230 1220/1220 868/868
f 230/230 868/868 1625/1625
f 190/190 827/827 740/740
f 190/190 740/740 166/166
f 2277/2277 105/105 189/189
f 2277/2277 189/189 165/165
f 1220/1220 592/592 335/335
f 1220/1220 335/335 868/868
f 153/153 1113/1113 827/827
f 153/153 827/827 190/190
f 105/105 392/392 152/152
f 105/105 152/152 189/189
f 592/592 595/595 121/121
f 592/592 121/121 335/335
f 315/315 1283/1283 1113/1113
f 315/315 1113/1113 153/153
f 392/392 747/747 316/316
f 392/392 316/316 152/152
f 310/310 1088/1088 121/121
f 310/310 121/121 595/595
f 315/315 1034/1034 1883/1883
f 315/315 1883/1883 1283/1283
f 747/747 734/734 1033/1033
f 747/747 1033/1033 316/316
f 2173/2173 991/991 1088/1088
f 2173/2173 1088/1088 310/310
f 1034/1034 1353/1353 221/221
f 1034/1034 221/221 1883/1883
f 1354/1354 1352/1352 1033/1033
f 1354/1354 1033/1033 734/734
f 611/611 799/799 991/991
f 611/611 991/991 2173/2173
f 566/566 1765/1765 935/935
f 566/566 935/935 1568/1568
f 1764/1764 1766/1766 565/565
f 1764/1764 565/565 569/569
f 2018/2018 2168/2168 800/800
f 2018/2018 800/800 2151/2151
f 1678/1678 558/558 760/760
f 1678/1678 760/760 2199/2199
f 1354/1354 569/569 565/565
f 1354/1354 565/565 1352/1352
f 799/799 611/611 2151/2151
f 799/799 2151/2151 800/800
f 1358/1358 293/293 1786/1786
f 1358/1358 1786/1786 835/835
f 1551/1551 292/292 1359/1359
f 1551/1551 1359/1359 1770/1770
f 2258/2258 2214/2214 1665/1665
f 2258/2258 1665/1665 1769/1769
f 2240/2240 1876/1876 2047/2047
f 2240/2240 2047/2047 836/836
f 890/890 1877/1877 2241/2241
f 890/890 2241/2241 1250/1250
f 1403/1403 1972/1972 1748/1748
f 1403/1403 1748/1748 939/939
f 833/833 739/739 1412/1412
f 833/833 1412/1412 203/203
f 1487/1487 352/352 834/834
f 1487/1487 834/834 202/202
f 2148/2148 1344/1344 1153/1153
f 2148/2148 1153/1153 1923/1923
f 603/603 1132/1132 84/84
f 603/603 84/84 1212/1212
f 828/828 669/669 1627/1627
f 828/828 1627/1627 1824/1824
f 900/900 1701/1701 1759/1759
f 900/900 1759/1759 965/965
f 224/224 1656/1656 739/739
f 224/224 739/739 833/833
f 352/352 104/104 225/225
f 352/352 225/225 834/834
f 1019/1019 999/999 1344/1344
f 1019/1019 1344/1344 2148/2148
f 1090/1090 1154/1154 1656/1656
f 1090/1090 1656/1656 224/224
f 1366/1366 1091/1091 225/225
f 1366/1366 225/225 104/104
f 45/45 1564/1564 920/920
f 45/45 920/920 1105/1105
f 2146/2146 2133/2133 448/448
f 2146/2146 448/448 2053/2053
f 188/188 29/29 86/86
f 188/188 86/86 1458/1458
f 2053/2053 448/448 1456/1456
f 2053/2053 1456/1456 1724/1724
f 198/198 949/949 2133/2133
f 198/198 2133/2133 2146/2146
f 2044/2044 1760/1760 949/949
f 2044/2044 949/949 198/198
f 1318/1318 1312/1312 1760/1760
f 1318/1318 1760/1760 2044/2044
f 1996/1996 196/196 1312/1312
f 1996/1996 1312/1312 1318/1318
f 1996/1996 1755/1755 686/686
f 1996/1996 686/686 196/196
f 1755/1755 1237/1237 1913/1913
f 1755/1755 1913/1913 686/686
f 972/972 1976/1976 2166/2166
f 972/972 2166/2166 520/520
f 973/973 1238/1238 221/221
f 973/973 221/221 1568/1568
f 1821/1821 723/723 72/72
f 1821/1821 72/72 1587/1587
f 632/632 726/726 963/963
f 632/632 963/963 64/64
f 870/870 1226/1226 619/619
f 870/870 619/619 1973/1973
f 1178/1178 1812/1812 1412/1412
f 1178/1178 1412/1412 1974/1974
f 520/520 1913/1913 1237/1237
f 520/520 1237/1237 972/972
f 1961/1961 1179/1179 1973/1973
f 1961/1961 1973/1973 619/619
f 2133/2133 609/609 2141/2141
f 2133/2133 2141/2141 448/448
f 1458/1458 86/86 1459/1459
f 1458/1458 1459/1459 908/908
f 448/448 2141/2141 982/982
f 448/448 982/982 1456/1456
f 949/949 2174/2174 609/609
f 949/949 609/609 2133/2133
f 1760/1760 1898/1898 2174/2174
f 1760/1760 2174/2174 949/949
f 1312/1312 2042/2042 1898/1898
f 1312/1312 1898/1898 1760/1760
f 196/196 1741/1741 2042/2042
f 196/196 2042/2042 1312/1312
f 196/196 686/686 1603/1603
f 196/196 1603/1603 1741/1741
f 686/686 1913/1913 1678/1678
f 686/686 1678/1678 1603/1603
f 520/520 2166/2166 548/548
f 520/520 548/548 558/558
f 72/72 279/279 2077/2077
f 72/72 2077/2077 1587/1587
f 726/726 1066/1066 10/10
f 726/726 10/10 963/963
f 1226/1226 993/993 523/523
f 1226/1226 523/523 619/619
f 558/558 1678/1678 1913/1913
f 558/558 1913/1913 520/520
f 84/84 1961/1961 619/619
f 84/84 619/619 523/523
f 609/609 1732/1732 434/434
f 609/609 434/434 2141/2141
f 1459/1459 1081/1081 1475/1475
f 1459/1459 1475/1475 908/908
f 2141/2141 434/434 1503/1503
f 2141/2141 1503/1503 982/982
f 2174/2174 1799/1799 1732/1732
f 2174/2174 1732/1732 609/609
f 1898/1898 2027/2027 1799/1799
f 1898/1898 1799/1799 2174/2174
f 2042/2042 1367/1367 2027/2027
f 2042/2042 2027/2027 1898/1898
f 1741/1741 1618/1618 1367/1367
f 1741/1741 1367/1367 2042/2042
f 1741/1741 1603/1603 2123/2123
f 1741/1741 2123/2123 1618/1618
f 1603/1603 1678/1678 2199/2199
f 1603/1603 2199/2199 2123/2123
f 558/558 548/548 339/339
f 558/558 339/339 760/760
f 279/279 97/97 1606/1606
f 279/279 1606/1606 2077/2077
f 1066/1066 1686/1686 1636/1636
f 1066/1066 1636/1636 10/10
f 993/993 387/387 913/913
f 993/993 913/913 523/523
f 1539/1539 370/370 387/387
f 1539/1539 387/387 993/993
f 1538/1538 319/319 584/584
f 1538/1538 584/584 369/369
f 1081/1081 1690/1690 1612/1612
f 1081/1081 1612/1612 1475/1475
f 1690/1690 1536/1536 230/230
f 1690/1690 230/230 1612/1612
f 1536/1536 276/276 1220/1220
f 1536/1536 1220/1220 230/230
f 276/276 625/625 592/592
f 276/276 592/592 1220/1220
f 625/625 1946/1946 595/595
f 625/625 595/595 592/592
f 1946/1946 290/290 310/310
f 1946/1946 310/310 595/595
f 290/290 1848/1848 2173/2173
f 290/290 2173/2173 310/310
f 1848/1848 1187/1187 611/611
f 1848/1848 611/611 2173/2173
f 552/552 1722/1722 2018/2018
f 552/552 2018/2018 2151/2151
f 760/760 1258/1258 1806/1806
f 760/760 1806/1806 2199/2199
f 1187/1187 552/552 2151/2151
f 1187/1187 2151/2151 611/611
f 1142/1142 1416/1416 2214/2214
f 1142/1142 2214/2214 2258/2258
f 1403/1403 1042/1042 1278/1278
f 1403/1403 1278/1278 1972/1972
f 1732/1732 371/371 895/895
f 1732/1732 895/895 434/434
f 1799/1799 947/947 371/371
f 1799/1799 371/371 1732/1732
f 2027/2027 1094/1094 947/947
f 2027/2027 947/947 1799/1799
f 1367/1367 2062/2062 1094/1094
f 1367/1367 1094/1094 2027/2027
f 1618/1618 1336/1336 2062/2062
f 1618/1618 2062/2062 1367/1367
f 2123/2123 54/54 1336/1336
f 2123/2123 1336/1336 1618/1618
f 2199/2199 1806/1806 54/54
f 2199/2199 54/54 2123/2123
f 1606/1606 79/79 1386/1386
f 1606/1606 1386/1386 339/339
f 1636/1636 1167/1167 801/801
f 1636/1636 801/801 97/97
f 603/603 193/193 471/471
f 603/603 471/471 2204/2204
f 2148/2148 1923/1923 783/783
f 2148/2148 783/783 1402/1402
f 1402/1402 916/916 1019/1019
f 1402/1402 1019/1019 2148/2148
f 370/370 605/605 1999/1999
f 370/370 1999/1999 387/387
f 1212/1212 710/710 193/193
f 1212/1212 193/193 603/603
f 387/387 1999/1999 414/414
f 387/387 414/414 913/913
f 710/710 887/887 1521/1521
f 710/710 1521/1521 193/193
f 468/468 1523/1523 319/319
f 468/468 319/319 1538/1538
f 1226/1226 467/467 1539/1539
f 1226/1226 1539/1539 993/993
f 874/874 914/914 1991/1991
f 874/874 1991/1991 99/99
f 467/467 1226/1226 870/870
f 467/467 870/870 2079/2079
f 126/126 2/2 571/571
f 126/126 571/571 1106/1106
f 403/403 650/650 958/958
f 403/403 958/958 2253/2253
f 981/981 1958/1958 697/697
f 981/981 697/697 2000/2000
f 2253/2253 958/958 1617/1617
f 2253/2253 1617/1617 873/873
f 873/873 1617/1617 2/2
f 873/873 2/2 126/126
f 1106/1106 571/571 1341/1341
f 1106/1106 1341/1341 44/44
f 1341/1341 1919/1919 587/587
f 1341/1341 587/587 44/44
f 2008/2008 285/285 588/588
f 2008/2008 588/588 980/980
f 1868/1868 2008/2008 980/980
f 1868/1868 980/980 2001/2001
f 873/873 100/100 2111/2111
f 873/873 2111/2111 2253/2253
f 735/735 1417/1417 1992/1992
f 735/735 1992/1992 547/547
f 1578/1578 158/158 2139/2139
f 1578/1578 2139/2139 213/213
f 2205/2205 63/63 776/776
f 2205/2205 776/776 1553/1553
f 1347/1347 263/263 920/920
f 1347/1347 920/920 1553/1553
f 437/437 914/914 263/263
f 437/437 263/263 1347/1347
f 437/437 660/660 1743/1743
f 437/437 1743/1743 546/546
f 2205/2205 505/505 672/672
f 2205/2205 672/672 63/63
f 2066/2066 1248/1248 470/470
f 2066/2066 470/470 422/422
f 1154/1154 1104/1104 1742/1742
f 1154/1154 1742/1742 1136/1136
f 1366/1366 824/824 1079/1079
f 1366/1366 1079/1079 1091/1091
f 319/319 1541/1541 776/776
f 319/319 776/776 584/584
f 1523/1523 660/660 1541/1541
f 1523/1523 1541/1541 319/319
f 51/51 606/606 369/369
f 51/51 369/369 584/584
f 1523/1523 468/468 2080/2080
f 1523/1523 2080/2080 1135/1135
f 51/51 515/515 917/917
f 51/51 917/917 606/606
f 1782/1782 640/640 1000/1000
f 1782/1782 1000/1000 1018/1018
f 184/184 362/362 317/317
f 184/184 317/317 30/30
f 1/1 5/5 529/529
f 1/1 529/529 570/570
f 648/648 1982/1982 1983/1983
f 648/648 1983/1983 957/957
f 1957/1957 1956/1956 699/699
f 1957/1957 699/699 695/695
f 957/957 1983/1983 683/683
f 957/957 683/683 1616/1616
f 1616/1616 683/683 5/5
f 1616/1616 5/5 1/1
f 570/570 529/529 1414/1414
f 570/570 1414/1414 1340/1340
f 1340/1340 1414/1414 1896/1896
f 1340/1340 1896/1896 1918/1918
f 1886/1886 1634/1634 1311/1311
f 1886/1886 1311/1311 7/7
f 332/332 349/349 1325/1325
f 332/332 1325/1325 2210/2210
f 1419/1419 296/296 1145/1145
f 1419/1419 1145/1145 2270/2270
f 2229/2229 1885/1885 8/8
f 2229/2229 8/8 88/88
f 1438/1438 2229/2229 88/88
f 1438/1438 88/88 336/336
f 91/91 1438/1438 336/336
f 91/91 336/336 2204/2204
f 1419/1419 1640/1640 1253/1253
f 1419/1419 1253/1253 296/296
f 91/91 1970/1970 1554/1554
f 91/91 1554/1554 1686/1686
f 1786/1786 836/836 65/65
f 1786/1786 65/65 724/724
f 1551/1551 1250/1250 2241/2241
f 1551/1551 2241/2241 292/292
f 2214/2214 1403/1403 939/939
f 2214/2214 939/939 1665/1665
f 723/723 64/64 963/963
f 723/723 963/963 72/72
f 72/72 963/963 10/10
f 72/72 10/10 279/279
f 97/97 279/279 10/10
f 97/97 10/10 1636/1636
f 2214/2214 1416/1416 1042/1042
f 2214/2214 1042/1042 1403/1403
f 97/97 801/801 79/79
f 97/97 79/79 1606/1606
f 935/935 835/835 1820/1820
f 935/935 1820/1820 1975/1975
f 1764/1764 1770/1770 1359/1359
f 1764/1764 1359/1359 1766/1766
f 2018/2018 2258/2258 1769/1769
f 2018/2018 1769/1769 2168/2168
f 1976/1976 1821/1821 1587/1587
f 1976/1976 1587/1587 2166/2166
f 2166/2166 1587/1587 2077/2077
f 2166/2166 2077/2077 548/548
f 548/548 2077/2077 1606/1606
f 548/548 1606/1606 339/339
f 1722/1722 1142/1142 2258/2258
f 1722/1722 2258/2258 2018/2018
f 1386/1386 1258/1258 760/760
f 1386/1386 760/760 339/339
f 1212/1212 84/84 523/523
f 1212/1212 523/523 913/913
f 669/669 1487/1487 202/202
f 669/669 202/202 1627/1627
f 1759/1759 1701/1701 1923/1923
f 1759/1759 1923/1923 1153/1153
f 1626/1626 1812/1812 137/137
f 1626/1626 137/137 1823/1823
f 1179/1179 1961/1961 1407/1407
f 1179/1179 1407/1407 155/155
f 1961/1961 84/84 1132/1132
f 1961/1961 1132/1132 1407/1407
f 710/710 1212/1212 913/913
f 710/710 913/913 414/414
f 1701/1701 887/887 783/783
f 1701/1701 783/783 1923/1923
f 1710/1710 1861/1861 148/148
f 1710/1710 148/148 469/469
f 29/29 1724/1724 1456/1456
f 29/29 1456/1456 86/86
f 86/86 1456/1456 982/982
f 86/86 982/982 1459/1459
f 1459/1459 982/982 1503/1503
f 1459/1459 1503/1503 1081/1081
f 1690/1690 1081/1081 1503/1503
f 1690/1690 1503/1503 895/895
f 1536/1536 1690/1690 895/895
f 1536/1536 895/895 371/371
f 276/276 1536/1536 371/371
f 276/276 371/371 947/947
f 276/276 947/947 1094/1094
f 276/276 1094/1094 625/625
f 625/625 1094/1094 2062/2062
f 625/625 2062/2062 1946/1946
f 1946/1946 2062/2062 1336/1336
f 1946/1946 1336/1336 290/290
f 290/290 1336/1336 54/54
f 290/290 54/54 1848/1848
f 1187/1187 1848/1848 54/54
f 1187/1187 54/54 1806/1806
f 1722/1722 552/552 1258/1258
f 1722/1722 1258/1258 1386/1386
f 1187/1187 1806/1806 1258/1258
f 1187/1187 1258/1258 552/552
f 1142/1142 79/79 801/801
f 1142/1142 801/801 1416/1416
f 1278/1278 1554/1554 1970/1970
f 1278/1278 1970/1970 1640/1640
f 1402/1402 783/783 414/414
f 1402/1402 414/414 1999/1999
f 916/916 1402/1402 1999/1999
f 916/916 1999/1999 605/605
f 887/887 1701/1701 900/900
f 887/887 900/900 1521/1521
f 1919/1919 1958/1958 981/981
f 1919/1919 981/981 587/587
f 588/588 285/285 1564/1564
f 588/588 1564/1564 45/45
f 672/672 422/422 1782/1782
f 672/672 1782/1782 515/515
f 515/515 1782/1782 1018/1018
f 515/515 1018/1018 917/917
f 1918/1918 1896/1896 1956/1956
f 1918/1918 1956/1956 1957/1957
f 1253/1253 471/471 193/193
f 1253/1253 193/193 1521/1521
f 1416/1416 801/801 1167/1167
f 1416/1416 1167/1167 1042/1042
f 1722/1722 1386/1386 79/79
f 1722/1722 79/79 1142/1142
f 887/887 710/710 414/414
f 887/887 414/414 783/783
f 317/317 394/394 1725/1725
f 317/317 1725/1725 30/30
f 1479/1479 1443/1443 2147/2147
f 1479/1479 2147/2147 2052/2052
f 59/59 1622/1622 148/148
f 59/59 148/148 1861/1861
f 63/63 51/51 584/584
f 63/63 584/584 776/776
f 660/660 1523/1523 1135/1135
f 660/660 1135/1135 1743/1743
f 63/63 672/672 515/515
f 63/63 515/515 51/51
f 422/422 470/470 640/640
f 422/422 640/640 1782/1782
f 1104/1104 735/735 547/547
f 1104/1104 547/547 1742/1742
f 824/824 1578/1578 213/213
f 824/824 213/213 1079/1079
f 1541/1541 1347/1347 1553/1553
f 1541/1541 1553/1553 776/776
f 660/660 437/437 1347/1347
f 660/660 1347/1347 1541/1541
f 422/422 672/672 505/505
f 422/422 505/505 2066/2066
f 1564/1564 2205/2205 1553/1553
f 1564/1564 1553/1553 920/920
f 914/914 437/437 546/546
f 914/914 546/546 1991/1991
f 285/285 2008/2008 2066/2066
f 285/285 2066/2066 505/505
f 1868/1868 1248/1248 2066/2066
f 1868/1868 2066/2066 2008/2008
f 1417/1417 2110/2110 98/98
f 1417/1417 98/98 1992/1992
f 158/158 401/401 2251/2251
f 158/158 2251/2251 2139/2139
f 263/263 127/127 1105/1105
f 263/263 1105/1105 920/920
f 914/914 874/874 127/127
f 914/914 127/127 263/263
f 1564/1564 285/285 505/505
f 1564/1564 505/505 2205/2205
f 2204/2204 471/471 1970/1970
f 2204/2204 1970/1970 91/91
f 7/7 1311/1311 137/137
f 7/7 137/137 154/154
f 349/349 828/828 1824/1824
f 349/349 1824/1824 1325/1325
f 296/296 900/900 965/965
f 296/296 965/965 1145/1145
f 88/88 8/8 155/155
f 88/88 155/155 1407/1407
f 336/336 88/88 1407/1407
f 336/336 1407/1407 1132/1132
f 2204/2204 336/336 1132/1132
f 2204/2204 1132/1132 603/603
f 296/296 1253/1253 1521/1521
f 296/296 1521/1521 900/900
f 471/471 1253/1253 1640/1640
f 471/471 1640/1640 1970/1970
f 633/633 2047/2047 1634/1634
f 633/633 1634/1634 1886/1886
f 890/890 332/332 2210/2210
f 890/890 2210/2210 1877/1877
f 1972/1972 1419/1419 2270/2270
f 1972/1972 2270/2270 1748/1748
f 726/726 632/632 1885/1885
f 726/726 1885/1885 2229/2229
f 1066/1066 726/726 2229/2229
f 1066/1066 2229/2229 1438/1438
f 1686/1686 1066/1066 1438/1438
f 1686/1686 1438/1438 91/91
f 1972/1972 1278/1278 1640/1640
f 1972/1972 1640/1640 1419/1419
f 1686/1686 1554/1554 1167/1167
f 1686/1686 1167/1167 1636/1636
f 1554/1554 1278/1278 1042/1042
f 1554/1554 1042/1042 1167/1167
f 394/394 1479/1479 2052/2052
f 394/394 2052/2052 1725/1725
f 1443/1443 740/740 199/199
f 1443/1443 199/199 2147/2147
f 827/827 2043/2043 199/199
f 827/827 199/199 740/740
f 1113/1113 1319/1319 2043/2043
f 1113/1113 2043/2043 827/827
f 1283/1283 1995/1995 1319/1319
f 1283/1283 1319/1319 1113/1113
f 1283/1283 1883/1883 1756/1756
f 1283/1283 1756/1756 1995/1995
f 1883/1883 221/221 1238/1238
f 1883/1883 1238/1238 1756/1756
f 1568/1568 935/935 1975/1975
f 1568/1568 1975/1975 973/973
f 835/835 1786/1786 724/724
f 835/835 724/724 1820/1820
f 2047/2047 633/633 65/65
f 2047/2047 65/65 836/836
f 739/739 869/869 1974/1974
f 739/739 1974/1974 1412/1412
f 1656/1656 2081/2081 869/869
f 1656/1656 869/869 739/739
f 1656/1656 1154/1154 1136/1136
f 1656/1656 1136/1136 2081/2081
f 1568/1568 221/221 1353/1353
f 1568/1568 1353/1353 566/566
f 1812/1812 1626/1626 203/203
f 1812/1812 203/203 1412/1412
f 735/735 212/212 2138/2138
f 735/735 2138/2138 1417/1417
f 1154/1154 1090/1090 1078/1078
f 1154/1154 1078/1078 1104/1104
f 1634/1634 2209/2209 1324/1324
f 1634/1634 1324/1324 1311/1311
f 836/836 1786/1786 293/293
f 836/836 293/293 2240/2240
f 835/835 935/935 1765/1765
f 835/835 1765/1765 1358/1358
f 1812/1812 1178/1178 154/154
f 1812/1812 154/154 137/137
f 394/394 317/317 362/362
f 394/394 362/362 60/60
f 1443/1443 1479/1479 1862/1862
f 1443/1443 1862/1862 1709/1709
f 1104/1104 1078/1078 212/212
f 1104/1104 212/212 735/735
f 2110/2110 1417/1417 2138/2138
f 2110/2110 2138/2138 2252/2252
f 1311/1311 1324/1324 1823/1823
f 1311/1311 1823/1823 137/137
f 2047/2047 1876/1876 2209/2209
f 2047/2047 2209/2209 1634/1634
f 58/58 393/393 1480/1480
f 58/58 1480/1480 1864/1864
f 1625/1625 229/229 1611/1611
f 1625/1625 1611/1611 787/787
f 1711/1711 1442/1442 741/741
f 1711/1711 741/741 168/168
f 1712/1712 167/167 2277/2277
f 1712/1712 2277/2277 469/469
f 229/229 1625/1625 868/868
f 229/229 868/868 1221/1221
f 741/741 826/826 192/192
f 741/741 192/192 168/168
f 2277/2277 167/167 191/191
f 2277/2277 191/191 105/105
f 1221/1221 868/868 335/335
f 1221/1221 335/335 591/591
f 826/826 1112/1112 151/151
f 826/826 151/151 192/192
f 105/105 191/191 150/150
f 105/105 150/150 392/392
f 591/591 335/335 121/121
f 591/591 121/121 594/594
f 1112/1112 1284/1284 313/313
f 1112/1112 313/313 151/151
f 392/392 150/150 314/314
f 392/392 314/314 747/747
f 121/121 1088/1088 309/309
f 121/121 309/309 594/594
f 313/313 1284/1284 1882/1882
f 313/313 1882/1882 1036/1036
f 747/747 314/314 1035/1035
f 747/747 1035/1035 734/734
f 1088/1088 991/991 2172/2172
f 1088/1088 2172/2172 309/309
f 1036/1036 1882/1882 222/222
f 1036/1036 222/222 1351/1351
f 1035/1035 1350/1350 1354/1354
f 1035/1035 1354/1354 734/734
f 991/991 799/799 610/610
f 991/991 610/610 2172/2172
f 568/568 1569/1569 934/934
f 568/568 934/934 1767/1767
f 567/567 1768/1768 1764/1764
f 567/567 1764/1764 569/569
f 800/800 2168/2168 2019/2019
f 800/800 2019/2019 2152/2152
f 759/759 559/559 1677/1677
f 759/759 1677/1677 2200/2200
f 567/567 569/569 1354/1354
f 567/567 1354/1354 1350/1350
f 799/799 800/800 2152/2152
f 799/799 2152/2152 610/610
f 768/768 1122/1122 2048/2048
f 768/768 2048/2048 600/600
f 769/769 599/599 1551/1551
f 769/769 1551/1551 1770/1770
f 2257/2257 1769/1769 1665/1665
f 2257/2257 1665/1665 2213/2213
f 287/287 242/242 39/39
f 287/287 39/39 2160/2160
f 288/288 2161/2161 890/890
f 288/288 890/890 1250/1250
f 1404/1404 939/939 1748/1748
f 1404/1404 1748/1748 1971/1971
f 812/812 118/118 239/239
f 812/812 239/239 1879/1879
f 1487/1487 1878/1878 240/240
f 1487/1487 240/240 352/352
f 1153/1153 1344/1344 2149/2149
f 1153/1153 2149/2149 1922/1922
f 604/604 1213/1213 85/85
f 604/604 85/85 1133/1133
f 1072/1072 669/669 828/828
f 1072/1072 828/828 1200/1200
f 1759/1759 1702/1702 901/901
f 1759/1759 901/901 965/965
f 118/118 1086/1086 1395/1395
f 118/118 1395/1395 239/239
f 352/352 240/240 1396/1396
f 352/352 1396/1396 104/104
f 1344/1344 999/999 1016/1016
f 1344/1344 1016/1016 2149/2149
f 1086/1086 593/593 494/494
f 1086/1086 494/494 1395/1395
f 1396/1396 495/495 1366/1366
f 1396/1396 1366/1366 104/104
f 43/43 1107/1107 919/919
f 43/43 919/919 1565/1565
f 447/447 2134/2134 2144/2144
f 447/447 2144/2144 2055/2055
f 188/188 1458/1458 87/87
f 188/188 87/87 31/31
f 1457/1457 447/447 2055/2055
f 1457/1457 2055/2055 1726/1726
f 2134/2134 948/948 200/200
f 2134/2134 200/200 2144/2144
f 948/948 1761/1761 2046/2046
f 948/948 2046/2046 200/200
f 1761/1761 1313/1313 1321/1321
f 1761/1761 1321/1321 2046/2046
f 1313/1313 195/195 1997/1997
f 1313/1313 1997/1997 1321/1321
f 1997/1997 195/195 685/685
f 1997/1997 685/685 1757/1757
f 1757/1757 685/685 1912/1912
f 1757/1757 1912/1912 1239/1239
f 975/975 519/519 2167/2167
f 975/975 2167/2167 1977/1977
f 974/974 1569/1569 222/222
f 974/974 222/222 1240/1240
f 1819/1819 1588/1588 73/73
f 1819/1819 73/73 1021/1021
f 964/964 725/725 893/893
f 964/964 893/893 1772/1772
f 284/284 922/922 1138/1138
f 284/284 1138/1138 1374/1374
f 812/812 2092/2092 82/82
f 812/812 82/82 1375/1375
f 519/519 975/975 1239/1239
f 519/519 1239/1239 1912/1912
f 1374/1374 83/83 1962/1962
f 1374/1374 1962/1962 284/284
f 2140/2140 608/608 2134/2134
f 2140/2140 2134/2134 447/447
f 1458/1458 908/908 1460/1460
f 1458/1458 1460/1460 87/87
f 983/983 2140/2140 447/447
f 983/983 447/447 1457/1457
f 608/608 2175/2175 948/948
f 608/608 948/948 2134/2134
f 2175/2175 1899/1899 1761/1761
f 2175/2175 1761/1761 948/948
f 1899/1899 2041/2041 1313/1313
f 1899/1899 1313/1313 1761/1761
f 2041/2041 1740/1740 195/195
f 2041/2041 195/195 1313/1313
f 195/195 1740/1740 1604/1604
f 195/195 1604/1604 685/685
f 685/685 1604/1604 1677/1677
f 685/685 1677/1677 1912/1912
f 519/519 559/559 549/549
f 519/519 549/549 2167/2167
f 2078/2078 280/280 73/73
f 2078/2078 73/73 1588/1588
f 9/9 1065/1065 725/725
f 9/9 725/725 964/964
f 522/522 662/662 922/922
f 522/522 922/922 284/284
f 559/559 519/519 1912/1912
f 559/559 1912/1912 1677/1677
f 284/284 1962/1962 85/85
f 284/284 85/85 522/522
f 433/433 1733/1733 608/608
f 433/433 608/608 2140/2140
f 1475/1475 1080/1080 1460/1460
f 1475/1475 1460/1460 908/908
f 1502/1502 433/433 2140/2140
f 1502/1502 2140/2140 983/983
f 1733/1733 1800/1800 2175/2175
f 1733/1733 2175/2175 608/608
f 1800/1800 2028/2028 1899/1899
f 1800/1800 1899/1899 2175/2175
f 2028/2028 1368/1368 2041/2041
f 2028/2028 2041/2041 1899/1899
f 1368/1368 1619/1619 1740/1740
f 1368/1368 1740/1740 2041/2041
f 1740/1740 1619/1619 2122/2122
f 1740/1740 2122/2122 1604/1604
f 1604/1604 2122/2122 2200/2200
f 1604/1604 2200/2200 1677/1677
f 559/559 759/759 340/340
f 559/559 340/340 549/549
f 1605/1605 96/96 280/280
f 1605/1605 280/280 2078/2078
f 1635/1635 1685/1685 1065/1065
f 1635/1635 1065/1065 9/9
f 912/912 27/27 662/662
f 912/912 662/662 522/522
f 27/27 12/12 1214/1214
f 27/27 1214/1214 662/662
f 1215/1215 11/11 231/231
f 1215/1215 231/231 2243/2243
f 1611/1611 1689/1689 1080/1080
f 1611/1611 1080/1080 1475/1475
f 229/229 1535/1535 1689/1689
f 229/229 1689/1689 1611/1611
f 1221/1221 275/275 1535/1535
f 1221/1221 1535/1535 229/229
f 591/591 624/624 275/275
f 591/591 275/275 1221/1221
f 594/594 1947/1947 624/624
f 594/594 624/624 591/591
f 309/309 289/289 1947/1947
f 309/309 1947/1947 594/594
f 2172/2172 1847/1847 289/289
f 2172/2172 289/289 309/309
f 610/610 1188/1188 1847/1847
f 610/610 1847/1847 2172/2172
f 2019/2019 1723/1723 553/553
f 2019/2019 553/553 2152/2152
f 759/759 2200/2200 1805/1805
f 759/759 1805/1805 1259/1259
f 2152/2152 553/553 1188/1188
f 2152/2152 1188/1188 610/610
f 2213/2213 1415/1415 1141/1141
f 2213/2213 1141/1141 2257/2257
f 1404/1404 1971/1971 1279/1279
f 1404/1404 1279/1279 1041/1041
f 1733/1733 433/433 894/894
f 1733/1733 894/894 372/372
f 1800/1800 1733/1733 372/372
f 1800/1800 372/372 946/946
f 2028/2028 1800/1800 946/946
f 2028/2028 946/946 1093/1093
f 1368/1368 2028/2028 1093/1093
f 1368/1368 1093/1093 2061/2061
f 1619/1619 1368/1368 2061/2061
f 1619/1619 2061/2061 1335/1335
f 2122/2122 1619/1619 1335/1335
f 2122/2122 1335/1335 55/55
f 2200/2200 2122/2122 55/55
f 2200/2200 55/55 1805/1805
f 1605/1605 340/340 1387/1387
f 1605/1605 1387/1387 78/78
f 1635/1635 96/96 802/802
f 1635/1635 802/802 1168/1168
f 604/604 2203/2203 472/472
f 604/604 472/472 194/194
f 2149/2149 1095/1095 784/784
f 2149/2149 784/784 1922/1922
f 1016/1016 1492/1492 1095/1095
f 1016/1016 1095/1095 2149/2149
f 12/12 27/27 1676/1676
f 12/12 1676/1676 261/261
f 194/194 709/709 1213/1213
f 194/194 1213/1213 604/604
f 415/415 1676/1676 27/27
f 415/415 27/27 912/912
f 1520/1520 888/888 709/709
f 1520/1520 709/709 194/194
f 2125/2125 1215/1215 2243/2243
f 2125/2125 2243/2243 1822/1822
f 922/922 662/662 1214/1214
f 922/922 1214/1214 2124/2124
f 1147/1147 1792/1792 1398/1398
f 1147/1147 1398/1398 1186/1186
f 2124/2124 69/69 1138/1138
f 2124/2124 1138/1138 922/922
f 129/129 1108/1108 573/573
f 129/129 573/573 4/4
f 402/402 1655/1655 956/956
f 402/402 956/956 649/649
f 979/979 2002/2002 696/696
f 979/979 696/696 1959/1959
f 1655/1655 1148/1148 1615/1615
f 1655/1655 1615/1615 956/956
f 1148/1148 129/129 4/4
f 1148/1148 4/4 1615/1615
f 1108/1108 42/42 1339/1339
f 1108/1108 1339/1339 573/573
f 589/589 1920/1920 1339/1339
f 589/589 1339/1339 42/42
f 590/590 286/286 2007/2007
f 590/590 2007/2007 978/978
f 978/978 2007/2007 1868/1868
f 978/978 1868/1868 2001/2001
f 1148/1148 1655/1655 659/659
f 1148/1148 659/659 1793/1793
f 1397/1397 829/829 110/110
f 1397/1397 110/110 1293/1293
f 144/144 158/158 1578/1578
f 144/144 1578/1578 1890/1890
f 777/777 62/62 2206/2206
f 777/777 2206/2206 1552/1552
f 919/919 262/262 1348/1348
f 919/919 1348/1348 1552/1552
f 262/262 1186/1186 706/706
f 262/262 706/706 1348/1348
f 234/234 907/907 706/706
f 234/234 706/706 1292/1292
f 2206/2206 62/62 673/673
f 2206/2206 673/673 506/506
f 2065/2065 423/423 470/470
f 2065/2065 470/470 1248/1248
f 235/235 2265/2265 593/593
f 235/235 593/593 563/563
f 1323/1323 824/824 1366/1366
f 1323/1323 1366/1366 495/495
f 777/777 1540/1540 2243/2243
f 777/777 2243/2243 231/231
f 1540/1540 907/907 1822/1822
f 1540/1540 1822/1822 2243/2243
f 11/11 260/260 50/50
f 11/11 50/50 231/231
f 68/68 2125/2125 1822/1822
f 68/68 1822/1822 564/564
f 50/50 260/260 1491/1491
f 50/50 1491/1491 514/514
f 1783/1783 1017/1017 1000/1000
f 1783/1783 1000/1000 640/640
f 185/185 32/32 318/318
f 185/185 318/318 364/364
f 3/3 572/572 530/530
f 3/3 530/530 6/6
f 647/647 955/955 1980/1980
f 647/647 1980/1980 1981/1981
f 1960/1960 694/694 698/698
f 1960/1960 698/698 1955/1955
f 955/955 1614/1614 682/682
f 955/955 682/682 1980/1980
f 1614/1614 3/3 6/6
f 1614/1614 6/6 682/682
f 572/572 1338/1338 1413/1413
f 572/572 1413/1413 530/530
f 1338/1338 1921/1921 1897/1897
f 1338/1338 1897/1897 1413/1413
f 1276/1276 1718/1718 1594/1594
f 1276/1276 1594/1594 1074/1074
f 1602/1602 349/349 332/332
f 1602/1602 332/332 1596/1596
f 1145/1145 297/297 1418/1418
f 1145/1145 1418/1418 2270/2270
f 2230/2230 89/89 1719/1719
f 2230/2230 1719/1719 1277/1277
f 1437/1437 337/337 89/89
f 1437/1437 89/89 2230/2230
f 90/90 2203/2203 337/337
f 90/90 337/337 1437/1437
f 1418/1418 297/297 1252/1252
f 1418/1418 1252/1252 1639/1639
f 90/90 1685/1685 1555/1555
f 90/90 1555/1555 1969/1969
f 1771/1771 242/242 2048/2048
f 1771/1771 2048/2048 1022/1022
f 288/288 1250/1250 1551/1551
f 288/288 1551/1551 599/599
f 939/939 1404/1404 2213/2213
f 939/939 2213/2213 1665/1665
f 964/964 1772/1772 1021/1021
f 964/964 1021/1021 73/73
f 9/9 964/964 73/73
f 9/9 73/73 280/280
f 96/96 1635/1635 9/9
f 96/96 9/9 280/280
f 2213/2213 1404/1404 1041/1041
f 2213/2213 1041/1041 1415/1415
f 96/96 1605/1605 78/78
f 96/96 78/78 802/802
f 1818/1818 1122/1122 934/934
f 1818/1818 934/934 1978/1978
f 769/769 1770/1770 1764/1764
f 769/769 1764/1764 1768/1768
f 1769/1769 2257/2257 2019/2019
f 1769/1769 2019/2019 2168/2168
f 1588/1588 1819/1819 1977/1977
f 1588/1588 1977/1977 2167/2167
f 2078/2078 1588/1588 2167/2167
f 2078/2078 2167/2167 549/549
f 1605/1605 2078/2078 549/549
f 1605/1605 549/549 340/340
f 2257/2257 1141/1141 1723/1723
f 2257/2257 1723/1723 2019/2019
f 759/759 1259/1259 1387/1387
f 759/759 1387/1387 340/340
f 1213/1213 912/912 522/522
f 1213/1213 522/522 85/85
f 1878/1878 1487/1487 669/669
f 1878/1878 669/669 1072/1072
f 1759/1759 1153/1153 1922/1922
f 1759/1759 1922/1922 1702/1702
f 1071/1071 1199/1199 438/438
f 1071/1071 438/438 2092/2092
f 83/83 459/459 1406/1406
f 83/83 1406/1406 1962/1962
f 1962/1962 1406/1406 1133/1133
f 1962/1962 1133/1133 85/85
f 709/709 415/415 912/912
f 709/709 912/912 1213/1213
f 1702/1702 1922/1922 784/784
f 1702/1702 784/784 888/888
f 1712/1712 469/469 148/148
f 1712/1712 148/148 1863/1863
f 1457/1457 1726/1726 31/31
f 1457/1457 31/31 87/87
f 983/983 1457/1457 87/87
f 983/983 87/87 1460/1460
f 1502/1502 983/983 1460/1460
f 1502/1502 1460/1460 1080/1080
f 1689/1689 894/894 1502/1502
f 1689/1689 1502/1502 1080/1080
f 1535/1535 372/372 894/894
f 1535/1535 894/894 1689/1689
f 275/275 946/946 372/372
f 275/275 372/372 1535/1535
f 1093/1093 946/946 275/275
f 1093/1093 275/275 624/624
f 2061/2061 1093/1093 624/624
f 2061/2061 624/624 1947/1947
f 1335/1335 2061/2061 1947/1947
f 1335/1335 1947/1947 289/289
f 55/55 1335/1335 289/289
f 55/55 289/289 1847/1847
f 1188/1188 1805/1805 55/55
f 1188/1188 55/55 1847/1847
f 1723/1723 1387/1387 1259/1259
f 1723/1723 1259/1259 553/553
f 1259/1259 1805/1805 1188/1188
f 1259/1259 1188/1188 553/553
f 802/802 78/78 1141/1141
f 802/802 1141/1141 1415/1415
f 1969/1969 1555/1555 1279/1279
f 1969/1969 1279/1279 1639/1639
f 1095/1095 1676/1676 415/415
f 1095/1095 415/415 784/784
f 1492/1492 261/261 1676/1676
f 1492/1492 1676/1676 1095/1095
f 901/901 1702/1702 888/888
f 901/901 888/888 1520/1520
f 979/979 1959/1959 1920/1920
f 979/979 1920/1920 589/589
f 590/590 43/43 1565/1565
f 590/590 1565/1565 286/286
f 1783/1783 423/423 673/673
f 1783/1783 673/673 514/514
f 1017/1017 1783/1783 514/514
f 1017/1017 514/514 1491/1491
f 1921/1921 1960/1960 1955/1955
f 1921/1921 1955/1955 1897/1897
f 194/194 472/472 1252/1252
f 194/194 1252/1252 1520/1520
f 1168/1168 802/802 1415/1415
f 1168/1168 1415/1415 1041/1041
f 78/78 1387/1387 1723/1723
f 78/78 1723/1723 1141/1141
f 415/415 709/709 888/888
f 415/415 888/888 784/784
f 1727/1727 393/393 318/318
f 1727/1727 318/318 32/32
f 2145/2145 1442/1442 1480/1480
f 2145/2145 1480/1480 2054/2054
f 57/57 1863/1863 148/148
f 57/57 148/148 1622/1622
f 231/231 50/50 62/62
f 231/231 62/62 777/777
f 564/564 1822/1822 907/907
f 564/564 907/907 234/234
f 62/62 50/50 514/514
f 62/62 514/514 673/673
f 423/423 1783/1783 640/640
f 423/423 640/640 470/470
f 1293/1293 110/110 2265/2265
f 1293/1293 2265/2265 235/235
f 1890/1890 1578/1578 824/824
f 1890/1890 824/824 1323/1323
f 1552/1552 1348/1348 1540/1540
f 1552/1552 1540/1540 777/777
f 1348/1348 706/706 907/907
f 1348/1348 907/907 1540/1540
f 423/423 2065/2065 506/506
f 423/423 506/506 673/673
f 1552/1552 2206/2206 1565/1565
f 1552/1552 1565/1565 919/919
f 1292/1292 706/706 1186/1186
f 1292/1292 1186/1186 1398/1398
f 286/286 506/506 2065/2065
f 286/286 2065/2065 2007/2007
f 2065/2065 1248/1248 1868/1868
f 2065/2065 1868/1868 2007/2007
f 1791/1791 658/658 829/829
f 1791/1791 829/829 1397/1397
f 1653/1653 401/401 158/158
f 1653/1653 158/158 144/144
f 1107/1107 128/128 262/262
f 1107/1107 262/262 919/919
f 128/128 1147/1147 1186/1186
f 128/128 1186/1186 262/262
f 1565/1565 2206/2206 506/506
f 1565/1565 506/506 286/286
f 2203/2203 90/90 1969/1969
f 2203/2203 1969/1969 472/472
f 1718/1718 458/458 438/438
f 1718/1718 438/438 1594/1594
f 1200/1200 828/828 349/349
f 1200/1200 349/349 1602/1602
f 965/965 901/901 297/297
f 965/965 297/297 1145/1145
f 89/89 1406/1406 459/459
f 89/89 459/459 1719/1719
f 337/337 1133/1133 1406/1406
f 337/337 1406/1406 89/89
f 2203/2203 604/604 1133/1133
f 2203/2203 1133/1133 337/337
f 297/297 901/901 1520/1520
f 297/297 1520/1520 1252/1252
f 472/472 1969/1969 1639/1639
f 472/472 1639/1639 1252/1252
f 892/892 1276/1276 1074/1074
f 892/892 1074/1074 39/39
f 1596/1596 332/332 890/890
f 1596/1596 890/890 2161/2161
f 2270/2270 1418/1418 1971/1971
f 2270/2270 1971/1971 1748/1748
f 725/725 2230/2230 1277/1277
f 725/725 1277/1277 893/893
f 1065/1065 1437/1437 2230/2230
f 1065/1065 2230/2230 725/725
f 1685/1685 90/90 1437/1437
f 1685/1685 1437/1437 1065/1065
f 1971/1971 1418/1418 1639/1639
f 1971/1971 1639/1639 1279/1279
f 1685/1685 1635/1635 1168/1168
f 1685/1685 1168/1168 1555/1555
f 1555/1555 1168/1168 1041/1041
f 1555/1555 1041/1041 1279/1279
f 393/393 1727/1727 2054/2054
f 393/393 2054/2054 1480/1480
f 1442/1442 2145/2145 201/201
f 1442/1442 201/201 741/741
f 201/201 2045/2045 826/826
f 201/201 826/826 741/741
f 2045/2045 1320/1320 1112/1112
f 2045/2045 1112/1112 826/826
f 1320/1320 1998/1998 1284/1284
f 1320/1320 1284/1284 1112/1112
f 1284/1284 1998/1998 1758/1758
f 1284/1284 1758/1758 1882/1882
f 1882/1882 1758/1758 1240/1240
f 1882/1882 1240/1240 222/222
f 1569/1569 974/974 1978/1978
f 1569/1569 1978/1978 934/934
f 1122/1122 1818/1818 1022/1022
f 1122/1122 1022/1022 2048/2048
f 1771/1771 892/892 39/39
f 1771/1771 39/39 242/242
f 1375/1375 1137/1137 118/118
f 1375/1375 118/118 812/812
f 1137/1137 70/70 1086/1086
f 1137/1137 1086/1086 118/118
f 1086/1086 70/70 563/563
f 1086/1086 563/563 593/593
f 1569/1569 568/568 1351/1351
f 1569/1569 1351/1351 222/222
f 1879/1879 1071/1071 2092/2092
f 1879/1879 2092/2092 812/812
f 143/143 1889/1889 110/110
f 143/143 110/110 829/829
f 1322/1322 494/494 593/593
f 1322/1322 593/593 2265/2265
f 1601/1601 1595/1595 1074/1074
f 1601/1601 1074/1074 1594/1594
f 242/242 287/287 600/600
f 242/242 600/600 2048/2048
f 1122/1122 768/768 1767/1767
f 1122/1122 1767/1767 934/934
f 458/458 82/82 2092/2092
f 458/458 2092/2092 438/438
f 393/393 58/58 364/364
f 393/393 364/364 318/318
f 1442/1442 1711/1711 1864/1864
f 1442/1442 1864/1864 1480/1480
f 1889/1889 1322/1322 2265/2265
f 1889/1889 2265/2265 110/110
f 658/658 1654/1654 143/143
f 658/658 143/143 829/829
f 1199/1199 1601/1601 1594/1594
f 1199/1199 1594/1594 438/438
f 1595/1595 2160/2160 39/39
f 1595/1595 39/39 1074/1074
f 1342/1342 1377/1377 2085/2085
f 1342/1342 2085/2085 1422/1422
f 2087/2087 2091/2091 348/348
f 2087/2087 348/348 1424/1424
f 1426/1426 2088/2088 2086/2086
f 1426/1426 2086/2086 1425/1425
f 1118/1118 860/860 862/862
f 1118/1118 862/862 1120/1120
f 1261/1261 23/23 1446/1446
f 1261/1261 1446/1446 1448/1448
f 1170/1170 1787/1787 845/845
f 1170/1170 845/845 842/842
f 2128/2128 2130/2130 1989/1989
f 2128/2128 1989/1989 1987/1987
f 2184/2184 2186/2186 2130/2130
f 2184/2184 2130/2130 2128/2128
f 218/218 219/219 252/252
f 218/218 252/252 249/249
f 778/778 690/690 321/321
f 778/778 321/321 2286/2286
f 174/174 170/170 1669/1669
f 174/174 1669/1669 1671/1671
f 440/440 442/442 1234/1234
f 440/440 1234/1234 2226/2226
f 831/831 2108/2108 113/113
f 831/831 113/113 2010/2010
f 474/474 561/561 20/20
f 474/474 20/20 872/872
f 2170/2170 1663/1663 20/20
f 2170/2170 20/20 561/561
f 1009/1009 1007/1007 2220/2220
f 1009/1009 2220/2220 2223/2223
f 791/791 120/120 1597/1597
f 791/791 1597/1597 1859/1859
f 1859/1859 1597/1597 705/705
f 1859/1859 705/705 1307/1307
f 1668/1668 171/171 277/277
f 1668/1668 277/277 357/357
f 322/322 691/691 2040/2040
f 322/322 2040/2040 496/496
f 251/251 220/220 1687/1687
f 251/251 1687/1687 245/245
f 2131/2131 2187/2187 1055/1055
f 2131/2131 1055/1055 247/247
f 1990/1990 2131/2131 247/247
f 1990/1990 247/247 1904/1904
f 1988/1988 1902/1902 246/246
f 1988/1988 246/246 2129/2129
f 2185/2185 1054/1054 244/244
f 2185/2185 244/244 248/248
f 1181/1181 2005/2005 497/497
f 1181/1181 497/497 2287/2287
f 779/779 1210/1210 358/358
f 779/779 358/358 1670/1670
f 1909/1909 175/175 278/278
f 1909/1909 278/278 1308/1308
f 48/48 1909/1909 1308/1308
f 48/48 1308/1308 728/728
f 2227/2227 1451/1451 1290/1290
f 2227/2227 1290/1290 439/439
f 858/858 1098/1098 1048/1048
f 858/858 1048/1048 1462/1462
f 348/348 2285/2285 490/490
f 348/348 490/490 1424/1424
f 860/860 1465/1465 1468/1468
f 860/860 1468/1468 862/862
f 1522/1522 1119/1119 861/861
f 1522/1522 861/861 767/767
f 861/861 1467/1467 1047/1047
f 861/861 1047/1047 767/767
f 692/692 1192/1192 348/348
f 692/692 348/348 2091/2091
f 1192/1192 2116/2116 2285/2285
f 1192/1192 2285/2285 348/348
f 1180/1180 1494/1494 219/219
f 1180/1180 219/219 218/218
f 220/220 1493/1493 1484/1484
f 220/220 1484/1484 1687/1687
f 248/248 244/244 1688/1688
f 248/248 1688/1688 217/217
f 1466/1466 1464/1464 840/840
f 1466/1466 840/840 844/844
f 858/858 1115/1115 545/545
f 858/858 545/545 1098/1098
f 1098/1098 108/108 2112/2112
f 1098/1098 2112/2112 1048/1048
f 108/108 1570/1570 1377/1377
f 108/108 1377/1377 1342/1342
f 1342/1342 1422/1422 485/485
f 1342/1342 485/485 2282/2282
f 489/489 1426/1426 1425/1425
f 489/489 1425/1425 492/492
f 2223/2223 2220/2220 1663/1663
f 2223/2223 1663/1663 2170/2170
f 1307/1307 705/705 277/277
f 1307/1307 277/277 171/171
f 1670/1670 358/358 278/278
f 1670/1670 278/278 175/175
f 2226/2226 1234/1234 790/790
f 2226/2226 790/790 1449/1449
f 474/474 872/872 2108/2108
f 474/474 2108/2108 831/831
f 1235/1235 441/441 120/120
f 1235/1235 120/120 791/791
f 1451/1451 48/48 728/728
f 1451/1451 728/728 1290/1290
f 2194/2194 1471/1471 775/775
f 2194/2194 775/775 909/909
f 2067/2067 303/303 1012/1012
f 2067/2067 1012/1012 1471/1471
f 1452/1452 2191/2191 911/911
f 1452/1452 911/911 1942/1942
f 1039/1039 1015/1015 807/807
f 1039/1039 807/807 273/273
f 274/274 806/806 1011/1011
f 274/274 1011/1011 304/304
f 1040/1040 1393/1393 172/172
f 1040/1040 172/172 1014/1014
f 940/940 2192/2192 1566/1566
f 940/940 1566/1566 1518/1518
f 1774/1774 1808/1808 1810/1810
f 1774/1774 1810/1810 1775/1775
f 1808/1808 942/942 944/944
f 1808/1808 944/944 1810/1810
f 988/988 135/135 132/132
f 988/988 132/132 986/986
f 2067/2067 1660/1660 1223/1223
f 2067/2067 1223/1223 255/255
f 1682/1682 1680/1680 1774/1774
f 1682/1682 1774/1774 1775/1775
f 1859/1859 1307/1307 1184/1184
f 1859/1859 1184/1184 2189/2189
f 1183/1183 2193/2193 910/910
f 1183/1183 910/910 2190/2190
f 621/621 1894/1894 1519/1519
f 621/621 1519/1519 1567/1567
f 2068/2068 1307/1307 171/171
f 2068/2068 171/171 1392/1392
f 1894/1894 1270/1270 1265/1265
f 1894/1894 1265/1265 1519/1519
f 942/942 988/988 986/986
f 942/942 986/986 944/944
f 135/135 1658/1658 1659/1659
f 135/135 1659/1659 132/132
f 1658/1658 1707/1707 1705/1705
f 1658/1658 1705/1705 1659/1659
f 1707/1707 1224/1224 1222/1222
f 1707/1707 1222/1222 1705/1705
f 1224/1224 2059/2059 2058/2058
f 1224/1224 2058/2058 1222/1222
f 2059/2059 257/257 256/256
f 2059/2059 256/256 2058/2058
f 1267/1267 1681/1681 1683/1683
f 1267/1267 1683/1683 1263/1263
f 1393/1393 1040/1040 256/256
f 1393/1393 256/256 257/257
f 1225/1225 1657/1657 2068/2068
f 1225/1225 2068/2068 258/258
f 2068/2068 2202/2202 1184/1184
f 2068/2068 1184/1184 1307/1307
f 1182/1182 2201/2201 1893/1893
f 1182/1182 1893/1893 620/620
f 1183/1183 621/621 1567/1567
f 1183/1183 1567/1567 2193/2193
f 1471/1471 2194/2194 941/941
f 1471/1471 941/941 2067/2067
f 1378/1378 2089/2089 2084/2084
f 1378/1378 2084/2084 1376/1376
f 2088/2088 1426/1426 1423/1423
f 2088/2088 1423/1423 2083/2083
f 1426/1426 489/489 484/484
f 1426/1426 484/484 1423/1423
f 487/487 2284/2284 2281/2281
f 487/487 2281/2281 483/483
f 2114/2114 2113/2113 2281/2281
f 2114/2114 2281/2281 2284/2284
f 1046/1046 841/841 838/838
f 1046/1046 838/838 1049/1049
f 840/840 1464/1464 1461/1461
f 840/840 1461/1461 837/837
f 1465/1465 860/860 859/859
f 1465/1465 859/859 1463/1463
f 860/860 1118/1118 1116/1116
f 860/860 1116/1116 859/859
f 1117/1117 543/543 544/544
f 1117/1117 544/544 1114/1114
f 1572/1572 1571/1571 544/544
f 1572/1572 544/544 543/543
f 353/353 173/173 1910/1910
f 353/353 1910/1910 1472/1472
f 1472/1472 1910/1910 49/49
f 1472/1472 49/49 774/774
f 774/774 49/49 1450/1450
f 774/774 1450/1450 1940/1940
f 250/250 253/253 2186/2186
f 250/250 2186/2186 2184/2184
f 2187/2187 251/251 245/245
f 2187/2187 245/245 1055/1055
f 2129/2129 246/246 1054/1054
f 2129/2129 1054/1054 2185/2185
f 1522/1522 767/767 1192/1192
f 1522/1522 1192/1192 692/692
f 767/767 1047/1047 2116/2116
f 767/767 2116/2116 1192/1192
f 108/108 1342/1342 2282/2282
f 108/108 2282/2282 2112/2112
f 1098/1098 545/545 1570/1570
f 1098/1098 1570/1570 108/108
f 1046/1046 1049/1049 2113/2113
f 1046/1046 2113/2113 2114/2114
f 1378/1378 1376/1376 1571/1571
f 1378/1378 1571/1571 1572/1572
f 1987/1987 1989/1989 1905/1905
f 1987/1987 1905/1905 1903/1903
f 2126/2126 1130/1130 442/442
f 2126/2126 442/442 440/440
f 661/661 1717/1717 1597/1597
f 661/661 1597/1597 120/120
f 1597/1597 1717/1717 1255/1255
f 1597/1597 1255/1255 705/705
f 575/575 1507/1507 357/357
f 575/575 357/357 277/277
f 1507/1507 525/525 2040/2040
f 1507/1507 2040/2040 357/357
f 307/307 2037/2037 245/245
f 307/307 245/245 1687/1687
f 1055/1055 628/628 743/743
f 1055/1055 743/743 247/247
f 743/743 1788/1788 1904/1904
f 743/743 1904/1904 247/247
f 1902/1902 1171/1171 742/742
f 1902/1902 742/742 246/246
f 627/627 2036/2036 244/244
f 627/627 244/244 1054/1054
f 1688/1688 306/306 254/254
f 1688/1688 254/254 2005/2005
f 497/497 1780/1780 582/582
f 497/497 582/582 1210/1210
f 574/574 2259/2259 1308/1308
f 574/574 1308/1308 278/278
f 2259/2259 2196/2196 728/728
f 2259/2259 728/728 1308/1308
f 56/56 2127/2127 439/439
f 56/56 439/439 1290/1290
f 1781/1781 891/891 1484/1484
f 1781/1781 1484/1484 496/496
f 244/244 2036/2036 306/306
f 244/244 306/306 1688/1688
f 705/705 1255/1255 575/575
f 705/705 575/575 277/277
f 358/358 1508/1508 574/574
f 358/358 574/574 278/278
f 441/441 1131/1131 661/661
f 441/441 661/661 120/120
f 728/728 2196/2196 56/56
f 728/728 56/56 1290/1290
f 2037/2037 628/628 1055/1055
f 2037/2037 1055/1055 245/245
f 742/742 627/627 1054/1054
f 742/742 1054/1054 246/246
f 1903/1903 1905/1905 1787/1787
f 1903/1903 1787/1787 1170/1170
f 2010/2010 113/113 1130/1130
f 2010/2010 1130/1130 2126/2126
f 2107/2107 871/871 1717/1717
f 2107/2107 1717/1717 661/661
f 871/871 21/21 1255/1255
f 871/871 1255/1255 1717/1717
f 1664/1664 2221/2221 1507/1507
f 1664/1664 1507/1507 575/575
f 2221/2221 1006/1006 525/525
f 2221/2221 525/525 1507/1507
f 307/307 490/490 2285/2285
f 307/307 2285/2285 2037/2037
f 628/628 2116/2116 1047/1047
f 628/628 1047/1047 743/743
f 743/743 1047/1047 846/846
f 743/743 846/846 1788/1788
f 843/843 1045/1045 742/742
f 843/843 742/742 1171/1171
f 2115/2115 2283/2283 2036/2036
f 2115/2115 2036/2036 627/627
f 486/486 1260/1260 254/254
f 486/486 254/254 306/306
f 1780/1780 1447/1447 1008/1008
f 1780/1780 1008/1008 582/582
f 574/574 2171/2171 562/562
f 574/574 562/562 2259/2259
f 2259/2259 562/562 473/473
f 2259/2259 473/473 2196/2196
f 56/56 830/830 2009/2009
f 56/56 2009/2009 2127/2127
f 1781/1781 1445/1445 22/22
f 1781/1781 22/22 891/891
f 2283/2283 486/486 306/306
f 2283/2283 306/306 2036/2036
f 21/21 1664/1664 575/575
f 21/21 575/575 1255/1255
f 1508/1508 2222/2222 2171/2171
f 1508/1508 2171/2171 574/574
f 112/112 2107/2107 661/661
f 112/112 661/661 1131/1131
f 2196/2196 473/473 830/830
f 2196/2196 830/830 56/56
f 2037/2037 2285/2285 2116/2116
f 2037/2037 2116/2116 628/628
f 1045/1045 2115/2115 627/627
f 1045/1045 627/627 742/742
f 1671/1671 1669/1669 690/690
f 1671/1671 690/690 778/778
f 1448/1448 1446/1446 1007/1007
f 1448/1448 1007/1007 1009/1009
f 691/691 1668/1668 357/357
f 691/691 357/357 2040/2040
f 2287/2287 497/497 1210/1210
f 2287/2287 1210/1210 779/779
f 525/525 1781/1781 496/496
f 525/525 496/496 2040/2040
f 1508/1508 358/358 1210/1210
f 1508/1508 1210/1210 582/582
f 1006/1006 1445/1445 1781/1781
f 1006/1006 1781/1781 525/525
f 2222/2222 1508/1508 582/582
f 2222/2222 582/582 1008/1008
f 488/488 491/491 23/23
f 488/488 23/23 1261/1261
f 217/217 1688/1688 2005/2005
f 217/217 2005/2005 1181/1181
f 2286/2286 321/321 1494/1494
f 2286/2286 1494/1494 1180/1180
f 1493/1493 322/322 496/496
f 1493/1493 496/496 1484/1484
f 1780/1780 497/497 2005/2005
f 1780/1780 2005/2005 254/254
f 891/891 307/307 1687/1687
f 891/891 1687/1687 1484/1484
f 1260/1260 1447/1447 1780/1780
f 1260/1260 1780/1780 254/254
f 490/490 307/307 891/891
f 490/490 891/891 22/22
f 502/502 1394/1394 266/266
f 502/502 266/266 1202/1202
f 267/267 1043/1043 1097/1097
f 267/267 1097/1097 1204/1204
f 1205/1205 270/270 268/268
f 1205/1205 268/268 1203/1203
f 209/209 1560/1560 1558/1558
f 209/209 1558/1558 2101/2101
f 2039/2039 1866/1866 1716/1716
f 2039/2039 1716/1716 1714/1714
f 1346/1346 40/40 1833/1833
f 1346/1346 1833/1833 1836/1836
f 1101/1101 2096/2096 146/146
f 1101/1101 146/146 1429/1429
f 531/531 1031/1031 2029/2029
f 531/531 2029/2029 667/667
f 463/463 937/937 1140/1140
f 463/463 1140/1140 675/675
f 1025/1025 966/966 115/115
f 1025/1025 115/115 542/542
f 431/431 294/294 1729/1729
f 431/431 1729/1729 1432/1432
f 1512/1512 1510/1510 1591/1591
f 1512/1512 1591/1591 1592/1592
f 183/183 180/180 2074/2074
f 183/183 2074/2074 2072/2072
f 930/930 932/932 763/763
f 930/930 763/763 762/762
f 597/597 984/984 1828/1828
f 597/597 1828/1828 1826/1826
f 197/197 1813/1813 1217/1217
f 197/197 1217/1217 1197/1197
f 961/961 159/159 1216/1216
f 961/961 1216/1216 535/535
f 1005/1005 717/717 1482/1482
f 1005/1005 1482/1482 857/857
f 116/116 967/967 729/729
f 116/116 729/729 2217/2217
f 1139/1139 938/938 1556/1556
f 1139/1139 1556/1556 2150/2150
f 2030/2030 1032/1032 47/47
f 2030/2030 47/47 1176/1176
f 147/147 2095/2095 918/918
f 147/147 918/918 1874/1874
f 1100/1100 990/990 700/700
f 1100/1100 700/700 668/668
f 766/766 2117/2117 1642/1642
f 766/766 1642/1642 674/674
f 504/504 623/623 2216/2216
f 504/504 2216/2216 541/541
f 1026/1026 636/636 856/856
f 1026/1026 856/856 1002/1002
f 798/798 2105/2105 466/466
f 798/798 466/466 243/243
f 1193/1193 1505/1505 328/328
f 1193/1193 328/328 1218/1218
f 1431/1431 653/653 381/381
f 1431/1431 381/381 432/432
f 1945/1945 360/360 2263/2263
f 1945/1945 2263/2263 2098/2098
f 1097/1097 1245/1245 1302/1302
f 1097/1097 1302/1302 1204/1204
f 1560/1560 823/823 821/821
f 1560/1560 821/821 1558/1558
f 264/264 2100/2100 1559/1559
f 264/264 1559/1559 2104/2104
f 1559/1559 819/819 1884/1884
f 1559/1559 1884/1884 2104/2104
f 1440/1440 998/998 1097/1097
f 1440/1440 1097/1097 1043/1043
f 998/998 1343/1343 1245/1245
f 998/998 1245/1245 1097/1097
f 503/503 67/67 937/937
f 503/503 937/937 463/463
f 938/938 66/66 1075/1075
f 938/938 1075/1075 1556/1556
f 674/674 1642/1642 1087/1087
f 674/674 1087/1087 462/462
f 820/820 822/822 1837/1837
f 820/820 1837/1837 1834/1834
f 1945/1945 210/210 809/809
f 1945/1945 809/809 360/360
f 360/360 1697/1697 1060/1060
f 360/360 1060/1060 2263/2263
f 226/226 140/140 1394/1394
f 226/226 1394/1394 502/502
f 502/502 1202/1202 1300/1300
f 502/502 1300/1300 1243/1243
f 1294/1294 1205/1205 1203/1203
f 1294/1294 1203/1203 1301/1301
f 1826/1826 1828/1828 1272/1272
f 1826/1826 1272/1272 1273/1273
f 1646/1646 1242/1242 1482/1482
f 1646/1646 1482/1482 717/717
f 1002/1002 856/856 1481/1481
f 1002/1002 1481/1481 719/719
f 1432/1432 1729/1729 655/655
f 1432/1432 655/655 651/651
f 1949/1949 1951/1951 1510/1510
f 1949/1949 1510/1510 1512/1512
f 1728/1728 295/295 373/373
f 1728/1728 373/373 657/657
f 653/653 960/960 560/560
f 653/653 560/560 381/381
f 2022/2022 1197/1197 961/961
f 2022/2022 961/961 375/375
f 2021/2021 2025/2025 652/652
f 2021/2021 652/652 656/656
f 749/749 1855/1855 2070/2070
f 749/749 2070/2070 1281/1281
f 1852/1852 748/748 1280/1280
f 1852/1852 1280/1280 2279/2279
f 720/720 1691/1691 2069/2069
f 720/720 2069/2069 1856/1856
f 1673/1673 377/377 1489/1489
f 1673/1673 1489/1489 435/435
f 925/925 923/923 341/341
f 925/925 341/341 344/344
f 445/445 444/444 923/923
f 445/445 923/923 925/925
f 1329/1329 1326/1326 752/752
f 1329/1329 752/752 754/754
f 1158/1158 954/954 805/805
f 1158/1158 805/805 1577/1577
f 479/479 344/344 341/341
f 479/479 341/341 475/475
f 379/379 534/534 1196/1196
f 379/379 1196/1196 2024/2024
f 2023/2023 376/376 378/378
f 2023/2023 378/378 2026/2026
f 436/436 1372/1372 1674/1674
f 436/436 1674/1674 1672/1672
f 804/804 1965/1965 1500/1500
f 804/804 1500/1500 534/534
f 1575/1575 1692/1692 1965/1965
f 1575/1575 1965/1965 804/804
f 1372/1372 436/436 1548/1548
f 1372/1372 1548/1548 1543/1543
f 444/444 445/445 754/754
f 444/444 754/754 752/752
f 1326/1326 1329/1329 953/953
f 1326/1326 953/953 951/951
f 951/951 953/953 19/19
f 951/951 19/19 17/17
f 17/17 19/19 1157/1157
f 17/17 1157/1157 1156/1156
f 1156/1156 1157/1157 879/879
f 1156/1156 879/879 881/881
f 881/881 879/879 1576/1576
f 881/881 1576/1576 1574/1574
f 480/480 476/476 1542/1542
f 480/480 1542/1542 1547/1547
f 1576/1576 2069/2069 1691/1691
f 1576/1576 1691/1691 1574/1574
f 804/804 952/952 1155/1155
f 804/804 1155/1155 1575/1575
f 1698/1698 959/959 654/654
f 1698/1698 654/654 2256/2256
f 1501/1501 2106/2106 797/797
f 1501/1501 797/797 533/533
f 804/804 534/534 379/379
f 804/804 379/379 550/550
f 380/380 1675/1675 1371/1371
f 380/380 1371/1371 551/551
f 1672/1672 1674/1674 378/378
f 1672/1672 378/378 376/376
f 535/535 805/805 1490/1490
f 535/535 1490/1490 375/375
f 1560/1560 209/209 211/211
f 1560/1560 211/211 1944/1944
f 269/269 1206/1206 1201/1201
f 269/269 1201/1201 265/265
f 1206/1206 1297/1297 1299/1299
f 1206/1206 1299/1299 1201/1201
f 1296/1296 1247/1247 1244/1244
f 1296/1296 1244/1244 1298/1298
f 849/849 366/366 1244/1244
f 849/849 1244/1244 1247/1247
f 527/527 1839/1839 1842/1842
f 527/527 1842/1842 2264/2264
f 1837/1837 822/822 2097/2097
f 1837/1837 2097/2097 1841/1841
f 823/823 1560/1560 1944/1944
f 823/823 1944/1944 2099/2099
f 1004/1004 1003/1003 721/721
f 1004/1004 721/721 712/712
f 675/675 1140/1140 2135/2135
f 675/675 2135/2135 765/765
f 2136/2136 1139/1139 2150/2150
f 2136/2136 2150/2150 346/346
f 532/532 109/109 2117/2117
f 532/532 2117/2117 766/766
f 1530/1530 232/232 998/998
f 1530/1530 998/998 1440/1440
f 232/232 117/117 1343/1343
f 232/232 1343/1343 998/998
f 226/226 502/502 1243/1243
f 226/226 1243/1243 365/365
f 1697/1697 2109/2109 140/140
f 1697/1697 140/140 226/226
f 138/138 1059/1059 366/366
f 138/138 366/366 849/849
f 765/765 2135/2135 1031/1031
f 765/765 1031/1031 531/531
f 1032/1032 2136/2136 346/346
f 1032/1032 346/346 47/47
f 1697/1697 226/226 365/365
f 1697/1697 365/365 1060/1060
f 668/668 700/700 109/109
f 668/668 109/109 532/532
f 264/264 2104/2104 232/232
f 264/264 232/232 1530/1530
f 2104/2104 1884/1884 117/117
f 2104/2104 117/117 232/232
f 360/360 809/809 2109/2109
f 360/360 2109/2109 1697/1697
f 527/527 2264/2264 1059/1059
f 527/527 1059/1059 138/138
f 1294/1294 1301/1301 1866/1866
f 1294/1294 1866/1866 2039/2039
f 462/462 1087/1087 623/623
f 462/462 623/623 504/504
f 542/542 115/115 67/67
f 542/542 67/67 503/503
f 66/66 116/116 2217/2217
f 66/66 2217/2217 1075/1075
f 1003/1003 1004/1004 966/966
f 1003/1003 966/966 1025/1025
f 1714/1714 1716/1716 984/984
f 1714/1714 984/984 597/597
f 967/967 1005/1005 857/857
f 967/967 857/857 729/729
f 541/541 2216/2216 636/636
f 541/541 636/636 1026/1026
f 1273/1273 1272/1272 932/932
f 1273/1273 932/932 930/930
f 2105/2105 719/719 1481/1481
f 2105/2105 1481/1481 466/466
f 535/535 1216/1216 1242/1242
f 535/535 1242/1242 1646/1646
f 1965/1965 1692/1692 713/713
f 1965/1965 713/713 1500/1500
f 715/715 722/722 2106/2106
f 715/715 2106/2106 1501/1501
f 1854/1854 2280/2280 805/805
f 1854/1854 805/805 1646/1646
f 762/762 763/763 180/180
f 762/762 180/180 183/183
f 1197/1197 1217/1217 159/159
f 1197/1197 159/159 961/961
f 1505/1505 798/798 243/243
f 1505/1505 243/243 328/328
f 657/657 373/373 1813/1813
f 657/657 1813/1813 197/197
f 2072/2072 2074/2074 1951/1951
f 2072/2072 1951/1951 1949/1949
f 960/960 1193/1193 1218/1218
f 960/960 1218/1218 560/560
f 1195/1195 1194/1194 959/959
f 1195/1195 959/959 1698/1698
f 667/667 2029/2029 2096/2096
f 667/667 2096/2096 1101/1101
f 2095/2095 2030/2030 1176/1176
f 2095/2095 1176/1176 918/918
f 1430/1430 2246/2246 990/990
f 1430/1430 990/990 1100/1100
f 1429/1429 146/146 1875/1875
f 1429/1429 1875/1875 2247/2247
f 1305/1305 1963/1963 294/294
f 1305/1305 294/294 431/431
f 2169/2169 576/576 1217/1217
f 2169/2169 1217/1217 1813/1813
f 159/159 1532/1532 786/786
f 159/159 786/786 1216/1216
f 1228/1228 1933/1933 857/857
f 1228/1228 857/857 1482/1482
f 679/679 899/899 2217/2217
f 679/679 2217/2217 729/729
f 1152/1152 744/744 2150/2150
f 1152/1152 2150/2150 1556/1556
f 47/47 350/350 521/521
f 47/47 521/521 1176/1176
f 95/95 41/41 1874/1874
f 95/95 1874/1874 918/918
f 962/962 2250/2250 700/700
f 962/962 700/700 990/990
f 2102/2102 241/241 1642/1642
f 2102/2102 1642/1642 2117/2117
f 623/623 2132/2132 898/898
f 623/623 898/898 2216/2216
f 636/636 74/74 1934/1934
f 636/636 1934/1934 856/856
f 1911/1911 785/785 243/243
f 1911/1911 243/243 466/466
f 1700/1700 577/577 1218/1218
f 1700/1700 1218/1218 328/328
f 825/825 1306/1306 432/432
f 825/825 432/432 381/381
f 1211/1211 1152/1152 1556/1556
f 1211/1211 1556/1556 1075/1075
f 1642/1642 241/241 1151/1151
f 1642/1642 1151/1151 1087/1087
f 1242/1242 149/149 1228/1228
f 1242/1242 1228/1228 1482/1482
f 856/856 1934/1934 1227/1227
f 856/856 1227/1227 1481/1481
f 295/295 1964/1964 556/556
f 295/295 556/556 373/373
f 233/233 825/825 381/381
f 233/233 381/381 560/560
f 2150/2150 744/744 331/331
f 2150/2150 331/331 346/346
f 626/626 2102/2102 2117/2117
f 626/626 2117/2117 109/109
f 346/346 331/331 350/350
f 346/346 350/350 47/47
f 2250/2250 626/626 109/109
f 2250/2250 109/109 700/700
f 1087/1087 1151/1151 2132/2132
f 1087/1087 2132/2132 623/623
f 2217/2217 899/899 1211/1211
f 2217/2217 1211/1211 1075/1075
f 1933/1933 679/679 729/729
f 1933/1933 729/729 857/857
f 2216/2216 898/898 74/74
f 2216/2216 74/74 636/636
f 1227/1227 1911/1911 466/466
f 1227/1227 466/466 1481/1481
f 1216/1216 786/786 149/149
f 1216/1216 149/149 1242/1242
f 576/576 1532/1532 159/159
f 576/576 159/159 1217/1217
f 785/785 1700/1700 328/328
f 785/785 328/328 243/243
f 373/373 556/556 2169/2169
f 373/373 2169/2169 1813/1813
f 1218/1218 577/577 233/233
f 1218/1218 233/233 560/560
f 1176/1176 521/521 95/95
f 1176/1176 95/95 918/918
f 2246/2246 1345/1345 962/962
f 2246/2246 962/962 990/990
f 2247/2247 1875/1875 40/40
f 2247/2247 40/40 1346/1346
f 1592/1592 1591/1591 1963/1963
f 1592/1592 1963/1963 1305/1305
f 1952/1952 2075/2075 576/576
f 1952/1952 576/576 2169/2169
f 181/181 764/764 786/786
f 181/181 786/786 1532/1532
f 1271/1271 1827/1827 1933/1933
f 1271/1271 1933/1933 1228/1228
f 679/679 985/985 1715/1715
f 679/679 1715/1715 899/899
f 1152/1152 1302/1302 1245/1245
f 1152/1152 1245/1245 744/744
f 350/350 117/117 1884/1884
f 350/350 1884/1884 521/521
f 95/95 796/796 1835/1835
f 95/95 1835/1835 41/41
f 1455/1455 526/526 2250/2250
f 1455/1455 2250/2250 962/962
f 850/850 1246/1246 241/241
f 850/850 241/241 2102/2102
f 2038/2038 1713/1713 898/898
f 2038/2038 898/898 2132/2132
f 74/74 598/598 1825/1825
f 74/74 1825/1825 1934/1934
f 1911/1911 929/929 761/761
f 1911/1911 761/761 785/785
f 1700/1700 182/182 2073/2073
f 1700/1700 2073/2073 577/577
f 825/825 1513/1513 1593/1593
f 825/825 1593/1593 1306/1306
f 1211/1211 1865/1865 1302/1302
f 1211/1211 1302/1302 1152/1152
f 1246/1246 1295/1295 1151/1151
f 1246/1246 1151/1151 241/241
f 931/931 1271/1271 1228/1228
f 931/931 1228/1228 149/149
f 1934/1934 1825/1825 1274/1274
f 1934/1934 1274/1274 1227/1227
f 1590/1590 1511/1511 556/556
f 1590/1590 556/556 1964/1964
f 233/233 1950/1950 1513/1513
f 233/233 1513/1513 825/825
f 744/744 1245/1245 1343/1343
f 744/744 1343/1343 331/331
f 139/139 850/850 2102/2102
f 139/139 2102/2102 626/626
f 331/331 1343/1343 117/117
f 331/331 117/117 350/350
f 526/526 139/139 626/626
f 526/526 626/626 2250/2250
f 1295/1295 2038/2038 2132/2132
f 1295/1295 2132/2132 1151/1151
f 899/899 1715/1715 1865/1865
f 899/899 1865/1865 1211/1211
f 1827/1827 985/985 679/679
f 1827/1827 679/679 1933/1933
f 1713/1713 598/598 74/74
f 1713/1713 74/74 898/898
f 1227/1227 1274/1274 929/929
f 1227/1227 929/929 1911/1911
f 764/764 931/931 149/149
f 764/764 149/149 786/786
f 2075/2075 181/181 1532/1532
f 2075/2075 1532/1532 576/576
f 785/785 761/761 182/182
f 785/785 182/182 1700/1700
f 1511/1511 1952/1952 2169/2169
f 1511/1511 2169/2169 556/556
f 577/577 2073/2073 1950/1950
f 577/577 1950/1950 233/233
f 521/521 1884/1884 796/796
f 521/521 796/796 95/95
f 1838/1838 1455/1455 962/962
f 1838/1838 962/962 1345/1345
f 533/533 1194/1194 1195/1195
f 1194/1194 533/533 1506/1506
f 1506/1506 533/533 797/797